timestamp,sensor,resolution,label,d0,d1,d2,d3,d4,d5,d6,d7,d8,d9,d10,d11,d12,d13,d14,d15,t0,t1,t2,t3,t4,t5,t6,t7,t8,t9,t10,t11,t12,t13,t14,t15
2026-07-03T19:52:14.065,tof2,4x4,empty,3055,3273,-1,3321,2060,-1,-1,3568,-1,-1,-1,-1,-1,1088,1106,1046,1,1,0,1,1,1,1,1,1,1,1,1,1,1,1,1
2026-07-03T19:52:14.089,tof1,4x4,empty,-1,-1,-1,-1,-1,-1,-1,-1,-1,1983,1995,1941,1213,-1,1068,1031,0,0,0,0,0,0,0,0,0,1,1,1,1,1,1,1
2026-07-03T19:52:14.545,tof1,4x4,empty,-1,-1,-1,-1,-1,-1,-1,-1,-1,1988,1977,-1,-1,1156,1099,-1,0,0,0,0,0,0,0,0,0,1,1,1,0,1,1,1
2026-07-03T19:52:14.735,tof1,4x4,empty,3332,-1,-1,-1,-1,-1,-1,-1,-1,-1,1979,1976,-1,-1,1088,-1,1,1,0,0,0,0,0,0,0,0,1,1,0,1,1,1
2026-07-03T19:52:14.900,tof1,4x4,empty,-1,-1,-1,-1,-1,-1,-1,-1,-1,-1,1987,2011,1154,-1,1102,1050,0,0,0,0,0,0,0,0,0,1,1,1,1,1,1,1
2026-07-03T19:52:15.092,tof1,4x4,empty,-1,-1,-1,-1,-1,-1,-1,-1,-1,-1,1979,2026,1096,-1,1113,1031,0,0,0,1,0,0,0,0,0,0,1,1,1,1,1,1
2026-07-03T19:52:15.276,tof1,4x4,empty,-1,-1,-1,-1,-1,-1,-1,-1,-1,-1,1979,2011,-1,1186,1117,1037,1,0,1,0,0,0,0,0,0,1,1,1,0,1,1,1
2026-07-03T19:52:15.439,tof1,4x4,empty,-1,-1,-1,-1,-1,-1,-1,-1,-1,-1,1979,2011,1106,-1,1113,-1,0,0,0,0,0,0,0,0,0,0,1,1,1,1,1,1
2026-07-03T19:52:15.719,tof1,4x4,empty,-1,-1,-1,-1,-1,-1,-1,-1,-1,1983,1998,-1,-1,1156,1113,-1,0,0,0,1,0,0,0,0,0,1,1,0,0,1,1,1
2026-07-03T19:52:15.889,tof1,4x4,empty,-1,-1,-1,-1,-1,-1,-1,-1,-1,1982,1981,1951,-1,-1,1113,1031,0,0,0,1,0,0,0,0,0,1,1,1,0,1,1,1
2026-07-03T19:52:16.068,tof1,4x4,empty,-1,-1,-1,-1,-1,-1,-1,-1,-1,-1,1993,-1,-1,-1,1116,1043,0,0,0,0,0,0,0,0,0,0,1,1,1,1,1,1
2026-07-03T19:52:16.227,tof1,4x4,empty,-1,-1,-1,-1,-1,-1,-1,-1,-1,-1,1981,-1,-1,1160,1102,-1,0,0,0,0,0,0,0,0,0,0,1,0,0,1,1,1
2026-07-03T19:52:16.401,tof1,4x4,empty,-1,-1,-1,-1,-1,-1,-1,-1,-1,-1,1987,-1,1096,-1,1106,1043,0,0,0,0,0,0,0,0,0,0,1,0,1,1,1,1
2026-07-03T19:52:16.567,tof1,4x4,empty,-1,-1,-1,-1,-1,-1,-1,-1,-1,-1,1981,-1,-1,1163,1106,1046,0,0,0,0,0,0,0,0,0,1,1,0,1,1,1,1
2026-07-03T19:52:16.732,tof1,4x4,empty,-1,-1,-1,-1,-1,-1,-1,-1,-1,-1,1987,1946,-1,1163,1106,1047,0,0,0,1,0,0,0,0,0,0,1,1,0,1,1,1
2026-07-03T19:52:16.855,tof2,4x4,empty,2993,3264,-1,3326,2080,2078,2161,3520,1482,1783,1556,-1,1081,1087,1102,1044,1,1,1,1,1,1,1,1,1,1,1,0,1,1,1,1
2026-07-03T19:52:16.923,tof1,4x4,empty,-1,-1,-1,-1,-1,-1,-1,-1,-1,-1,1987,-1,-1,-1,1100,1047,1,0,0,0,0,0,0,0,0,0,1,0,0,1,1,1
2026-07-03T19:52:17.013,tof2,4x4,empty,-1,3255,-1,3321,2091,-1,-1,-1,-1,1802,-1,-1,-1,1088,1100,1046,1,1,0,1,1,0,1,1,1,1,1,0,1,1,1,1
2026-07-03T19:52:17.079,tof1,4x4,empty,-1,-1,-1,-1,-1,-1,-1,-1,-1,-1,1987,1946,-1,-1,1100,1050,0,0,0,0,0,0,0,0,0,0,1,1,0,1,1,1
2026-07-03T19:52:17.181,tof2,4x4,empty,3055,3264,-1,3326,2096,-1,2170,3472,1486,1783,-1,-1,1082,1092,1099,1045,1,1,0,1,1,1,1,1,1,1,1,0,1,1,1,1
2026-07-03T19:52:17.249,tof1,4x4,empty,-1,-1,-1,-1,-1,-1,-1,-1,-1,-1,1981,-1,-1,-1,1097,1047,0,0,0,0,0,0,0,0,0,0,1,0,1,1,1,1
2026-07-03T19:52:17.344,tof2,4x4,empty,-1,3273,-1,3330,-1,-1,2180,3466,1482,1714,1494,-1,1081,1095,1098,1044,1,1,0,1,1,0,1,1,1,1,1,0,1,1,1,1
2026-07-03T19:52:17.670,tof1,4x4,empty,-1,-1,-1,-1,-1,-1,-1,-1,-1,-1,1979,-1,-1,1163,-1,1047,0,0,0,0,0,0,0,0,0,0,1,0,0,1,1,1
2026-07-03T19:52:17.783,tof2,4x4,empty,3021,3266,-1,3330,-1,-1,-1,3461,-1,1645,1523,-1,1082,1095,1098,1044,1,1,0,1,1,1,0,1,1,1,1,0,1,1,1,1
2026-07-03T19:52:17.966,tof2,4x4,empty,3002,3268,-1,3313,2091,2098,-1,-1,1486,-1,1490,-1,1083,1095,1100,1044,1,1,0,1,1,1,1,1,1,1,1,0,1,1,1,1
2026-07-03T19:52:18.025,tof1,4x4,empty,-1,-1,-1,-1,-1,-1,-1,-1,-1,1982,1972,-1,1083,1163,1099,-1,0,0,0,0,0,0,0,0,0,1,1,1,1,1,1,1
2026-07-03T19:52:18.130,tof2,4x4,empty,-1,3268,-1,3339,2101,-1,2172,3446,1490,1645,1523,-1,1083,1094,1099,1044,0,1,0,1,1,0,1,1,1,1,1,1,1,1,1,1
2026-07-03T19:52:18.231,tof1,4x4,empty,-1,-1,-1,-1,-1,-1,-1,-1,-1,-1,1972,1946,-1,1169,-1,1043,0,0,0,0,0,0,0,0,0,0,1,1,0,1,1,1
2026-07-03T19:52:18.294,tof2,4x4,empty,3002,3267,-1,3313,2112,2078,2163,3446,1490,1645,1490,-1,1083,-1,-1,1051,1,1,0,1,1,1,1,1,1,1,1,0,1,1,1,1
2026-07-03T19:52:18.391,tof1,4x4,empty,-1,-1,-1,-1,-1,-1,-1,-1,-1,-1,1979,-1,1083,1165,1099,-1,0,0,0,0,0,0,0,0,0,0,1,0,1,1,1,1
2026-07-03T19:52:18.466,tof2,4x4,empty,3002,3266,-1,3313,2120,2091,2163,3461,1523,-1,1490,-1,-1,1091,-1,1051,1,1,0,1,1,1,1,1,1,1,1,0,1,1,1,1
2026-07-03T19:52:18.566,tof1,4x4,empty,-1,-1,-1,-1,-1,-1,-1,-1,-1,-1,1978,-1,-1,1165,1099,1043,0,0,0,0,0,0,0,0,0,0,1,1,0,1,1,1
2026-07-03T19:52:18.645,tof2,4x4,empty,-1,3261,-1,3313,2134,2104,-1,3481,1523,1645,1484,-1,1083,1091,1099,1051,1,1,0,1,1,1,0,1,1,1,1,0,1,1,1,1
2026-07-03T19:52:18.778,tof1,4x4,empty,-1,-1,-1,-1,-1,-1,-1,-1,-1,-1,1978,-1,1117,1164,1140,1043,0,0,0,0,0,0,0,0,0,0,1,0,1,1,1,1
2026-07-03T19:52:18.838,tof2,4x4,empty,2987,3261,-1,3313,2134,-1,2163,3481,1523,1566,1484,-1,1081,1092,1101,1051,1,1,0,1,1,1,1,1,1,1,1,0,1,1,1,1
2026-07-03T19:52:18.946,tof1,4x4,empty,-1,-1,-1,-1,-1,-1,-1,-1,-1,-1,1978,-1,-1,1165,1147,1041,0,0,0,0,0,0,0,0,0,1,1,1,0,1,1,1
2026-07-03T19:52:18.998,tof2,4x4,empty,3002,3261,-1,3313,-1,2117,2163,3481,-1,1566,1484,-1,1081,1092,1099,1051,1,1,0,1,1,1,1,1,1,1,1,0,1,1,1,1
2026-07-03T19:52:19.118,tof1,4x4,empty,-1,-1,-1,-1,-1,-1,-1,-1,-1,-1,1975,-1,-1,1165,1147,-1,0,0,0,0,0,0,0,0,0,1,1,1,0,1,1,1
2026-07-03T19:52:19.181,tof2,4x4,empty,-1,3268,-1,3313,2120,2104,2174,3481,1472,1527,1481,-1,1081,1092,1099,1046,1,1,0,1,1,1,1,1,1,1,1,0,1,1,1,1
2026-07-03T19:52:19.276,tof1,4x4,empty,-1,-1,-1,-1,-1,-1,-1,-1,-1,1972,1975,-1,-1,-1,-1,1041,0,0,0,0,0,0,0,0,0,1,1,0,0,1,1,1
2026-07-03T19:52:19.352,tof2,4x4,empty,2955,3268,-1,3312,2092,2119,-1,3450,1472,1527,1463,-1,-1,1094,-1,1056,1,1,0,1,1,1,1,1,1,1,1,0,1,1,1,1
2026-07-03T19:52:19.448,tof1,4x4,empty,-1,-1,-1,-1,-1,-1,-1,-1,-1,-1,1973,-1,1120,1171,1140,-1,0,0,0,0,0,0,0,0,0,0,1,0,1,1,1,1
2026-07-03T19:52:19.510,tof2,4x4,empty,-1,3268,-1,3312,2092,2119,2174,3450,1472,1512,1455,-1,1085,1094,1101,1053,0,1,0,1,1,1,1,1,1,1,1,0,1,1,1,1
2026-07-03T19:52:19.608,tof1,4x4,empty,-1,-1,-1,-1,-1,-1,-1,-1,-1,-1,1973,1946,-1,1176,1120,1041,1,0,0,0,0,0,0,0,0,1,1,1,0,1,1,1
2026-07-03T19:52:19.668,tof2,4x4,empty,2955,3257,-1,3313,2092,2125,2174,3473,1527,1527,1463,-1,1085,1097,1103,1053,1,1,0,1,1,1,1,1,1,1,1,1,1,1,1,1
2026-07-03T19:52:19.770,tof1,4x4,empty,-1,-1,-1,-1,-1,-1,-1,-1,-1,1972,1978,1963,-1,1176,1120,1041,0,0,0,0,0,0,0,0,0,1,1,1,1,1,1,1
2026-07-03T19:52:19.837,tof2,4x4,empty,2993,3254,3301,3313,2113,2054,2138,3503,1507,1490,-1,-1,1086,1100,1103,1053,1,1,1,1,1,1,1,1,1,1,1,0,1,1,1,1
2026-07-03T19:52:19.934,tof1,4x4,empty,-1,-1,-1,-1,-1,-1,-1,-1,-1,-1,1983,-1,-1,-1,1120,1041,0,0,0,0,0,0,0,0,0,1,1,0,1,1,1,1
2026-07-03T19:52:20.001,tof2,4x4,empty,-1,3249,-1,3319,2113,2090,2138,3503,1507,1582,-1,-1,1086,1098,1103,1055,1,1,0,1,1,1,1,1,1,1,1,0,1,1,1,1
2026-07-03T19:52:20.099,tof1,4x4,empty,-1,-1,-1,-1,-1,-1,-1,-1,-1,1982,1983,-1,-1,1171,1135,1077,0,0,0,0,0,0,0,0,0,1,1,0,0,1,1,1
2026-07-03T19:52:20.176,tof2,4x4,empty,2993,3254,-1,3332,2118,2060,-1,3503,1527,1582,1455,-1,1086,1098,-1,1053,1,1,0,1,1,1,1,1,1,1,1,0,1,1,1,1
2026-07-03T19:52:20.347,tof1,4x4,empty,-1,-1,-1,-1,-1,-1,-1,-1,-1,-1,1983,-1,-1,1159,1135,1046,0,0,0,0,0,0,0,0,0,0,1,1,0,1,1,1
2026-07-03T19:52:20.349,tof2,4x4,empty,2993,3245,-1,3319,2118,2069,-1,3485,1527,-1,1455,-1,1078,1102,-1,1050,1,1,0,1,1,1,1,1,1,1,1,0,1,1,1,1
2026-07-03T19:52:20.522,tof1,4x4,empty,-1,-1,-1,-1,-1,-1,-1,-1,-1,1989,1983,-1,-1,1154,1135,1046,1,0,0,0,0,0,0,0,0,1,1,0,0,1,1,1
2026-07-03T19:52:20.530,tof2,4x4,empty,2993,3245,-1,3319,2134,2060,2127,3485,1507,1582,1540,-1,1076,1098,1103,1055,1,1,0,1,1,1,1,1,1,1,1,0,1,1,1,1
2026-07-03T19:52:20.715,tof1,4x4,empty,-1,-1,-1,-1,-1,-1,-1,-1,-1,1989,1983,-1,-1,-1,1135,1046,0,0,0,0,0,0,0,0,0,1,1,0,0,1,1,1
2026-07-03T19:52:20.717,tof2,4x4,empty,2988,3247,3295,3311,2118,2069,2127,3460,1484,1767,1540,-1,1076,1098,1103,1044,1,1,1,1,1,1,1,1,1,1,1,0,1,1,1,1
2026-07-03T19:52:20.912,tof2,4x4,empty,2979,3263,-1,3311,2130,-1,2127,3460,-1,-1,-1,-1,1080,1097,1105,1044,1,1,0,1,1,1,1,1,1,1,1,0,1,1,1,1
2026-07-03T19:52:20.913,tof1,4x4,empty,-1,-1,-1,-1,-1,-1,-1,-1,-1,-1,1977,1963,-1,1151,-1,-1,1,0,0,0,0,0,0,0,0,1,1,1,1,1,1,1
2026-07-03T19:52:21.092,tof2,4x4,empty,2988,3249,-1,3311,2130,-1,2127,3460,-1,1767,-1,-1,1080,1097,1105,1045,1,1,0,1,1,1,1,1,1,1,1,0,1,1,1,1
2026-07-03T19:52:21.214,tof1,4x4,empty,-1,-1,-1,-1,-1,-1,-1,-1,-1,-1,1977,1996,1144,1154,-1,1046,0,0,0,0,0,0,0,0,0,1,1,1,1,1,1,1
2026-07-03T19:52:21.276,tof2,4x4,empty,2988,3272,-1,3316,2130,-1,2121,3450,1484,1544,1509,-1,1083,1097,1106,1048,1,1,0,1,1,1,1,1,1,1,1,0,1,1,1,1
2026-07-03T19:52:21.395,tof1,4x4,empty,-1,-1,-1,-1,-1,-1,-1,-1,-1,-1,1977,-1,1144,-1,1135,-1,0,0,0,0,0,0,0,0,0,0,1,1,1,1,1,1
2026-07-03T19:52:21.437,tof2,4x4,empty,3019,3272,-1,3318,2118,-1,2067,3450,1478,1544,1509,-1,1083,1099,1106,1046,1,1,0,1,1,1,1,1,1,1,1,0,1,1,1,1
2026-07-03T19:52:21.552,tof1,4x4,empty,-1,-1,-1,-1,-1,-1,-1,-1,-1,-1,1976,1997,-1,1154,1123,1046,0,0,0,0,0,0,0,0,0,0,1,1,0,1,1,1
2026-07-03T19:52:21.647,tof2,4x4,empty,3019,3262,-1,3318,2109,2069,2067,3450,1478,1544,1504,-1,1083,1099,1102,1048,1,1,0,1,1,1,1,1,1,1,1,0,1,1,1,1
2026-07-03T19:52:21.781,tof1,4x4,empty,-1,-1,-1,-1,-1,-1,-1,-1,-1,1995,1976,1996,-1,1154,1139,-1,0,0,0,0,0,0,0,0,0,1,1,1,0,1,1,1
2026-07-03T19:52:21.924,tof2,4x4,empty,3019,3254,-1,3316,2109,2133,2153,3450,-1,1544,1504,-1,1083,1099,1101,1046,1,1,0,1,1,1,1,1,1,1,1,1,1,1,1,1
2026-07-03T19:52:22.019,tof1,4x4,empty,-1,-1,-1,-1,-1,-1,-1,-1,-1,2012,1976,-1,1120,-1,-1,1048,0,0,0,0,0,0,0,0,0,1,1,1,1,1,1,1
2026-07-03T19:52:22.095,tof2,4x4,empty,2996,3262,3301,3315,2109,-1,2153,3466,1484,1556,1503,-1,1080,1099,1102,1048,1,1,1,1,1,1,1,1,1,1,1,0,1,1,1,1
2026-07-03T19:52:22.216,tof1,4x4,empty,-1,-1,-1,-1,-1,-1,-1,-1,-1,-1,1975,-1,-1,1172,1139,-1,0,0,0,0,0,0,0,0,0,1,1,1,1,1,1,1
2026-07-03T19:52:22.259,tof2,4x4,empty,2996,3262,-1,3310,2105,2133,2163,3466,1513,1569,1503,-1,1080,1099,1102,1052,1,1,0,1,1,1,1,1,1,1,1,0,1,1,1,1
2026-07-03T19:52:22.389,tof1,4x4,empty,-1,-1,-1,-1,-1,-1,-1,-1,-1,-1,1962,2002,1120,-1,-1,1048,0,0,0,0,0,0,0,0,0,0,1,1,1,1,1,1
2026-07-03T19:52:22.440,tof2,4x4,empty,2992,3263,-1,3302,2098,2133,2163,3469,1520,1556,1483,-1,1080,1098,1104,1054,1,1,1,1,1,1,1,1,1,1,1,0,1,1,1,1
2026-07-03T19:52:22.546,tof1,4x4,empty,-1,-1,-1,-1,-1,-1,-1,-1,-1,-1,1962,-1,-1,1172,1137,-1,0,0,0,0,0,0,0,0,0,1,1,1,0,1,1,1
2026-07-03T19:52:22.610,tof2,4x4,empty,2996,3265,-1,3310,2098,-1,2154,3466,-1,1757,1503,-1,1080,1097,1104,1054,1,1,0,1,1,1,1,1,1,1,1,0,1,1,1,1
2026-07-03T19:52:22.710,tof1,4x4,empty,-1,-1,-1,-1,-1,-1,-1,-1,-1,-1,1962,-1,-1,-1,-1,1048,0,0,0,0,0,0,0,0,0,0,1,1,1,1,1,1
2026-07-03T19:52:22.806,tof2,4x4,empty,3024,3265,-1,3311,2095,-1,2154,3448,1520,1556,1483,-1,1080,1097,1104,1054,1,1,0,1,1,1,1,1,1,1,1,0,1,1,1,1
2026-07-03T19:52:22.864,tof1,4x4,empty,-1,-1,-1,-1,-1,-1,-1,-1,-1,2012,1962,2002,-1,1180,1127,1045,1,0,0,0,0,0,0,0,0,1,1,1,0,1,1,1
2026-07-03T19:52:22.971,tof2,4x4,empty,3024,3265,-1,3311,2098,2110,2142,3448,1530,-1,1469,-1,1080,1093,1097,1054,1,1,0,1,1,1,1,1,1,1,1,0,1,1,1,1
2026-07-03T19:52:23.062,tof1,4x4,empty,-1,-1,-1,-1,-1,-1,-1,-1,-1,1976,1972,1961,-1,1180,-1,-1,0,0,0,0,0,0,0,0,0,1,1,1,1,1,1,1
2026-07-03T19:52:23.131,tof2,4x4,empty,2986,3265,-1,3316,-1,2110,2136,3433,1530,1770,-1,-1,1076,1093,-1,1054,1,1,0,1,1,1,1,1,1,1,1,0,1,1,1,1
2026-07-03T19:52:23.244,tof1,4x4,empty,-1,-1,-1,-1,-1,-1,-1,-1,-1,-1,1973,-1,-1,-1,-1,1041,0,0,0,0,0,0,0,0,0,1,1,1,0,1,1,1
2026-07-03T19:52:23.284,tof2,4x4,empty,3005,3256,3305,3316,2090,2013,2136,3433,-1,1503,-1,-1,1076,1093,1096,1056,1,1,1,1,1,1,1,1,1,1,1,0,1,1,1,1
2026-07-03T19:52:23.401,tof1,4x4,empty,-1,-1,-1,-1,-1,-1,-1,-1,-1,-1,1973,1961,-1,1164,1127,1025,0,0,0,0,0,0,0,0,0,0,1,1,0,1,1,1
2026-07-03T19:52:23.469,tof2,4x4,empty,-1,3256,-1,3311,2129,2013,2142,3460,1529,1770,1483,-1,1076,1093,1096,1054,1,1,0,1,1,1,1,1,1,1,1,0,1,1,1,1
2026-07-03T19:52:23.574,tof1,4x4,empty,-1,-1,-1,-1,-1,-1,-1,-1,-1,2012,1972,-1,-1,1154,-1,-1,1,0,0,0,0,0,0,0,0,1,1,1,0,1,1,1
2026-07-03T19:52:23.644,tof2,4x4,empty,3005,3261,-1,3310,2151,-1,2156,3473,1529,1539,1469,-1,1077,-1,1094,1050,1,1,0,1,1,1,1,1,1,1,1,0,1,1,1,1
2026-07-03T19:52:23.730,tof1,4x4,empty,-1,-1,-1,-1,-1,-1,-1,-1,-1,-1,1972,-1,-1,-1,1088,1032,0,0,0,0,0,0,0,0,1,0,1,1,1,1,1,1
2026-07-03T19:52:23.811,tof2,4x4,empty,3005,3250,-1,3310,2151,-1,2156,3473,1529,1769,1469,-1,1078,1096,1094,1054,1,1,0,1,1,1,1,1,1,1,1,0,1,1,1,1
2026-07-03T19:52:23.896,tof1,4x4,empty,-1,-1,-1,-1,-1,-1,-1,-1,-1,-1,1986,1914,-1,-1,1088,-1,1,0,0,0,0,0,0,0,0,1,1,1,1,1,1,1
2026-07-03T19:52:23.970,tof2,4x4,empty,3005,3261,3301,3310,2151,2110,2171,3486,-1,1539,1498,-1,1083,-1,1094,1053,1,1,1,1,1,1,1,1,1,1,1,0,1,1,1,1
2026-07-03T19:52:24.073,tof1,4x4,empty,-1,-1,-1,-1,-1,-1,-1,-1,-1,-1,1986,1914,-1,1136,1088,1028,0,0,0,0,0,0,0,0,0,0,1,1,0,1,1,1
2026-07-03T19:52:24.125,tof2,4x4,empty,-1,3262,-1,3316,2151,-1,2171,3482,1524,-1,1498,-1,1088,-1,1102,1052,1,1,0,1,1,1,1,1,1,1,1,0,1,1,1,1
2026-07-03T19:52:24.237,tof1,4x4,empty,-1,-1,-1,-1,-1,-1,-1,-1,-1,-1,1986,-1,1114,1133,1110,1028,0,0,0,0,0,0,0,0,0,0,1,0,1,1,1,1
2026-07-03T19:52:24.316,tof2,4x4,empty,3005,3262,-1,3320,2151,-1,2171,3482,1506,-1,-1,-1,1088,1098,-1,1052,1,1,0,1,1,1,1,1,1,1,1,0,1,1,1,1
2026-07-03T19:52:24.405,tof1,4x4,empty,-1,-1,-1,-1,-1,-1,-1,-1,-1,-1,1986,-1,-1,1133,1114,1028,0,0,0,0,0,0,0,0,0,0,1,0,0,1,1,1
2026-07-03T19:52:24.478,tof2,4x4,empty,2944,3251,3309,3320,2141,2090,2165,3482,1500,1539,-1,-1,1088,1098,1102,1052,1,1,1,1,1,1,1,1,1,1,1,0,1,1,1,1
2026-07-03T19:52:24.581,tof1,4x4,empty,-1,-1,-1,-1,-1,-1,-1,-1,-1,-1,1986,1954,-1,1136,1114,1032,0,0,0,0,0,0,0,0,0,0,1,1,1,1,1,1
2026-07-03T19:52:24.636,tof2,4x4,empty,2944,3251,-1,3334,2134,-1,-1,3482,1500,1510,-1,-1,1078,1098,1102,1051,1,1,0,1,1,1,0,1,1,1,1,0,1,1,1,1
2026-07-03T19:52:24.943,tof2,4x4,empty,2929,3251,3312,3330,2129,-1,2165,3482,1500,-1,1495,-1,1072,1098,-1,1046,1,1,1,1,1,1,1,1,1,1,1,0,1,1,1,1
2026-07-03T19:52:25.068,tof1,4x4,empty,-1,-1,-1,-1,-1,-1,-1,-1,-1,-1,1981,1959,-1,1145,-1,1037,0,0,0,0,0,0,0,0,0,0,1,1,0,1,1,1
2026-07-03T19:52:25.122,tof2,4x4,empty,2929,3251,-1,3334,2110,2068,2162,3483,1488,-1,1495,-1,1072,1103,-1,1046,1,1,0,1,1,1,1,1,1,1,1,0,1,1,1,1
2026-07-03T19:52:25.221,tof1,4x4,empty,-1,-1,-1,-1,-1,-1,-1,-1,-1,-1,1981,-1,-1,1167,1138,1038,0,0,0,0,0,0,0,0,0,0,1,0,0,1,1,1
2026-07-03T19:52:25.291,tof2,4x4,empty,-1,3252,-1,3330,2107,-1,2165,3486,-1,1507,1479,-1,1078,1098,1102,1044,1,1,0,1,1,1,1,1,1,1,1,0,1,1,1,1
2026-07-03T19:52:25.384,tof1,4x4,empty,-1,-1,-1,-1,-1,-1,-1,-1,-1,-1,1981,-1,1114,-1,1117,1054,0,0,0,0,0,0,0,0,0,0,1,0,1,1,1,1
2026-07-03T19:52:25.460,tof2,4x4,empty,2976,3260,-1,3330,2110,2090,2162,3483,1482,1507,1477,-1,1089,1098,1100,1046,1,1,0,1,1,1,1,1,1,1,1,0,1,1,1,1
2026-07-03T19:52:25.535,tof1,4x4,empty,-1,-1,-1,-1,-1,-1,-1,-1,-1,-1,1981,1954,1114,1175,-1,1044,0,0,0,0,0,0,0,0,0,1,1,1,1,1,1,1
2026-07-03T19:52:25.628,tof2,4x4,empty,2995,3260,-1,3329,2118,-1,-1,3498,-1,1510,1477,-1,-1,1098,1098,1044,1,1,0,1,1,1,0,1,1,1,1,0,1,1,1,1
2026-07-03T19:52:25.711,tof1,4x4,empty,-1,-1,-1,-1,-1,-1,-1,-1,-1,-1,1970,1959,1096,1189,1117,1044,1,0,0,0,0,0,0,0,0,0,1,1,1,1,1,1
2026-07-03T19:52:25.793,tof2,4x4,empty,2976,3261,-1,3329,2111,-1,-1,3498,-1,1516,1479,-1,1089,1097,1098,1046,1,1,0,1,1,1,1,1,1,1,1,0,1,1,1,1
2026-07-03T19:52:25.908,tof1,4x4,empty,-1,-1,-1,-1,-1,-1,-1,-1,-1,-1,1996,1998,-1,-1,1127,1064,0,0,0,1,0,0,0,0,0,1,1,1,0,1,1,1
2026-07-03T19:52:25.960,tof2,4x4,empty,2995,3265,-1,3329,2118,2090,2146,3460,1488,1517,1495,-1,1089,1097,1100,1046,1,1,0,1,1,1,1,1,1,1,1,1,1,1,1,1
2026-07-03T19:52:26.076,tof1,4x4,empty,-1,-1,-1,-1,-1,-1,-1,-1,-1,-1,1996,-1,-1,1189,1127,1064,0,0,0,0,0,0,0,0,0,0,1,0,0,1,1,1
2026-07-03T19:52:26.121,tof2,4x4,empty,-1,3261,-1,3329,2121,2088,2162,3446,1488,1795,1524,-1,-1,1097,1097,1047,1,1,1,1,1,1,1,1,1,1,1,0,1,1,1,1
2026-07-03T19:52:26.288,tof1,4x4,empty,-1,-1,-1,-1,-1,-1,-1,-1,-1,-1,1973,1998,-1,-1,-1,1044,0,0,0,0,0,0,0,0,0,0,1,1,1,1,1,1
2026-07-03T19:52:26.289,tof2,4x4,empty,3028,3261,-1,3329,-1,2068,2178,3445,-1,1566,1524,-1,1089,1097,1097,1046,1,1,0,1,0,1,1,1,1,1,1,0,1,1,1,1
2026-07-03T19:52:26.498,tof2,4x4,empty,3028,3267,-1,3329,2144,-1,2146,3445,1490,1743,1495,-1,1089,1095,1102,1047,1,1,0,1,1,1,1,1,1,1,1,1,1,1,1,1
2026-07-03T19:52:26.562,tof1,4x4,empty,-1,-1,-1,-1,-1,-1,-1,-1,-1,-1,1973,-1,-1,1189,1117,1068,0,0,0,0,0,0,0,0,0,0,1,1,0,1,1,1
2026-07-03T19:52:26.697,tof2,4x4,empty,3012,3261,-1,3320,2144,-1,2146,3445,1547,1743,-1,-1,-1,1097,1104,1047,1,1,0,1,1,0,1,1,1,1,1,0,1,1,1,1
2026-07-03T19:52:26.731,tof1,4x4,empty,-1,-1,-1,-1,-1,-1,-1,-1,-1,2026,1973,-1,1082,-1,-1,1072,1,0,0,0,0,0,0,0,0,1,1,0,1,1,1,1
2026-07-03T19:52:26.865,tof2,4x4,empty,3012,3261,-1,3320,-1,-1,2178,3445,-1,1566,-1,-1,1086,1097,1104,1047,1,1,0,1,0,0,1,1,1,1,1,0,1,1,1,1
2026-07-03T19:52:26.910,tof1,4x4,empty,-1,-1,-1,-1,-1,-1,-1,-1,-1,-1,1973,-1,1082,-1,1127,1072,0,1,0,0,0,0,0,0,0,0,1,1,1,1,1,1
2026-07-03T19:52:27.028,tof2,4x4,empty,3010,3261,-1,3309,2144,-1,2178,3504,-1,-1,-1,1264,1085,1095,1105,1046,1,1,1,1,1,1,1,1,1,1,1,1,1,1,1,1
2026-07-03T19:52:27.099,tof1,4x4,empty,-1,-1,-1,-1,-1,-1,-1,-1,-1,-1,1973,-1,-1,1167,-1,1039,0,0,0,0,0,0,1,0,0,1,1,0,1,1,1,1
2026-07-03T19:52:27.194,tof2,4x4,empty,3007,3249,-1,3314,2131,-1,2141,3507,1548,-1,-1,-1,1085,1096,1105,1051,1,1,0,1,1,0,1,1,1,1,1,0,1,1,1,1
2026-07-03T19:52:27.256,tof1,4x4,empty,-1,-1,-1,-1,-1,-1,-1,-1,-1,-1,1970,-1,-1,1167,-1,1025,0,0,0,0,0,0,0,0,0,0,1,0,0,1,1,1
2026-07-03T19:52:27.346,tof2,4x4,empty,3010,3249,-1,3320,2122,-1,-1,3507,1547,-1,1468,-1,1079,1104,1104,1046,1,1,0,1,1,0,1,1,1,1,1,0,1,1,1,1
2026-07-03T19:52:27.432,tof1,4x4,empty,-1,-1,-1,2189,-1,-1,-1,-1,-1,-1,1979,-1,-1,1151,1135,1025,1,0,0,1,0,0,1,0,0,0,1,0,0,1,1,1
2026-07-03T19:52:27.500,tof2,4x4,empty,-1,3260,3312,3314,2111,-1,2141,3535,1547,1539,1468,-1,1079,1096,1101,1051,0,1,1,1,1,0,1,1,1,1,1,0,1,1,1,1
2026-07-03T19:52:27.581,tof1,4x4,empty,-1,-1,-1,-1,-1,-1,-1,-1,-1,-1,1979,-1,-1,-1,1135,1025,0,1,0,0,0,0,0,0,0,1,1,0,1,1,1,1
2026-07-03T19:52:27.672,tof2,4x4,empty,3002,3249,-1,3309,2122,-1,2186,3535,1471,1539,-1,-1,1077,1096,-1,1051,1,1,0,1,1,0,1,1,1,1,1,0,1,1,1,1
2026-07-03T19:52:27.750,tof1,4x4,empty,-1,-1,-1,-1,-1,-1,-1,-1,-1,-1,1980,-1,1072,1154,1135,-1,0,0,0,0,0,0,1,0,0,0,1,0,1,1,1,1
2026-07-03T19:52:27.843,tof2,4x4,empty,3002,3260,-1,3313,2122,2047,2141,3535,1471,-1,1468,-1,-1,1096,1099,1051,1,1,0,1,1,1,1,1,1,1,1,1,1,1,1,1
2026-07-03T19:52:27.906,tof1,4x4,empty,-1,-1,-1,-1,-1,-1,-1,-1,-1,-1,1977,-1,-1,1154,1146,1041,0,0,0,0,0,0,0,0,0,0,1,0,0,1,1,1
2026-07-03T19:52:28.000,tof2,4x4,empty,2981,3260,-1,3313,-1,-1,2141,3464,-1,-1,-1,-1,1079,1097,1099,1042,1,1,0,1,0,0,1,1,1,1,1,0,1,1,1,1
2026-07-03T19:52:28.065,tof1,4x4,empty,-1,-1,-1,-1,-1,-1,-1,-1,-1,-1,1979,-1,-1,1154,1146,1041,0,0,0,0,0,0,0,0,0,0,1,0,0,1,1,1
2026-07-03T19:52:28.157,tof2,4x4,empty,2981,3252,-1,3306,2122,-1,-1,3464,1470,1539,-1,-1,1077,1096,1101,1049,1,1,1,1,1,0,1,1,1,1,1,0,1,1,1,1
2026-07-03T19:52:28.263,tof1,4x4,empty,-1,-1,-1,-1,-1,-1,-1,-1,-1,-1,1979,1987,-1,-1,1149,1041,1,0,1,0,0,0,1,0,0,0,1,1,0,1,1,1
2026-07-03T19:52:28.330,tof2,4x4,empty,2981,3252,-1,3313,-1,2047,-1,3464,1471,1539,1466,-1,1070,-1,1099,1046,1,1,0,1,0,1,1,1,1,1,1,0,1,1,1,1
2026-07-03T19:52:28.426,tof1,4x4,empty,-1,-1,-1,-1,-1,-1,-1,-1,-1,2023,1979,-1,1082,-1,1124,1026,0,0,0,1,0,0,1,0,0,1,1,1,1,1,1,1
2026-07-03T19:52:28.494,tof2,4x4,empty,3016,3259,-1,3313,2125,-1,2151,3466,1517,1537,1481,-1,1070,1095,1100,1046,1,1,0,1,1,0,1,1,1,1,1,1,1,1,1,1
2026-07-03T19:52:28.604,tof1,4x4,empty,-1,-1,-1,-1,-1,-1,-1,-1,-1,-1,1976,-1,-1,1151,1149,-1,0,0,0,1,0,0,1,0,0,1,1,1,0,1,1,1
2026-07-03T19:52:28.681,tof2,4x4,empty,3016,3259,-1,3329,2125,-1,2151,3466,1517,1595,-1,-1,1073,1095,1102,1046,1,1,0,1,1,0,1,1,1,1,1,0,1,1,1,1
2026-07-03T19:52:28.781,tof1,4x4,empty,-1,-1,-1,-1,-1,-1,-1,-1,-1,-1,1979,2018,-1,1154,1124,-1,0,0,0,0,0,0,0,0,0,0,1,1,0,1,1,1
2026-07-03T19:52:28.849,tof2,4x4,empty,3016,3259,3312,3311,-1,-1,2114,3486,-1,1595,1492,-1,1073,1095,1100,1046,1,1,1,1,0,0,1,1,1,1,1,0,1,1,1,1
2026-07-03T19:52:28.938,tof1,4x4,empty,-1,-1,-1,-1,-1,-1,-1,-1,-1,-1,1976,-1,-1,1168,1102,-1,0,0,0,0,0,0,0,0,0,1,1,0,1,1,1,1
2026-07-03T19:52:29.038,tof2,4x4,empty,-1,3259,-1,3321,-1,-1,2151,3486,1505,-1,1492,-1,1074,1095,1100,1046,0,1,0,1,0,1,1,1,1,1,1,0,1,1,1,1
2026-07-03T19:52:29.098,tof1,4x4,empty,-1,-1,-1,-1,-1,-1,-1,-1,-1,-1,1976,2001,-1,1131,-1,-1,0,0,0,0,0,0,0,0,0,0,1,1,0,1,1,1
2026-07-03T19:52:29.246,tof2,4x4,empty,3016,3259,-1,3321,2134,-1,2151,3486,1505,1595,1484,-1,1074,1097,1100,1049,1,1,0,1,1,1,1,1,1,1,1,0,1,1,1,1
2026-07-03T19:52:29.262,tof1,4x4,empty,-1,-1,-1,-1,-1,-1,-1,-1,-1,-1,1977,1987,1092,1168,1102,1026,0,0,0,0,0,0,0,0,0,0,1,1,1,1,1,1
2026-07-03T19:52:29.501,tof2,4x4,empty,2980,3254,-1,3321,2139,-1,2151,3486,1505,1772,1492,-1,1080,1098,1099,1049,1,1,0,1,1,1,1,1,1,1,1,0,1,1,1,1
2026-07-03T19:52:29.522,tof1,4x4,empty,-1,-1,-1,-1,-1,-1,-1,-1,-1,-1,1977,-1,-1,1168,1106,1026,0,0,0,0,0,0,0,0,0,0,1,0,0,1,1,1
2026-07-03T19:52:29.663,tof2,4x4,empty,2980,3254,-1,3321,2139,2047,2164,3486,1503,1772,1484,-1,1080,1099,1096,1049,1,1,0,1,1,1,1,1,1,1,1,0,1,1,1,1
2026-07-03T19:52:29.698,tof1,4x4,empty,-1,-1,-1,-1,-1,-1,-1,-1,-1,-1,1977,-1,1093,1153,1106,-1,1,0,0,0,0,0,0,0,0,0,1,1,1,1,1,1
2026-07-03T19:52:29.825,tof2,4x4,empty,2963,3254,-1,3321,2134,2088,2173,3483,1505,1776,1484,-1,1080,1098,1099,1052,1,1,1,1,1,1,1,1,1,1,1,0,1,1,1,1
2026-07-03T19:52:29.862,tof1,4x4,empty,-1,-1,-1,-1,-1,-1,-1,-1,-1,2023,1977,-1,1092,1153,1106,1031,0,0,0,0,0,0,0,0,0,1,1,1,1,1,1,1
2026-07-03T19:52:30.329,tof1,4x4,empty,-1,-1,-1,-1,-1,-1,-1,-1,-1,2023,1977,-1,1093,1153,1106,-1,0,0,0,0,0,0,0,0,0,1,1,0,1,1,1,1
2026-07-03T19:52:30.348,tof2,4x4,empty,2980,3254,-1,3322,2108,2104,2173,3483,1514,1776,1505,-1,1080,-1,1099,1049,1,1,0,1,1,1,1,1,1,1,1,0,1,1,1,1
2026-07-03T19:52:30.495,tof1,4x4,empty,-1,-1,-1,-1,-1,-1,-1,-1,-1,-1,1983,-1,1097,-1,1126,1056,0,0,0,0,0,0,0,0,0,0,1,0,1,1,1,1
2026-07-03T19:52:30.536,tof2,4x4,empty,2980,3247,3320,3317,2108,2130,2164,3483,-1,1537,-1,-1,-1,1098,-1,1044,1,1,1,1,1,1,1,1,1,1,1,0,1,1,1,1
2026-07-03T19:52:30.652,tof1,4x4,empty,-1,-1,-1,-1,-1,-1,-1,-1,-1,-1,1984,-1,-1,1150,-1,1056,0,0,0,0,0,0,0,0,0,0,1,1,0,1,1,1
2026-07-03T19:52:30.710,tof2,4x4,empty,2980,3247,-1,3322,2108,2113,2200,3489,-1,1509,1505,-1,1080,1099,1099,1044,1,1,0,1,1,1,1,1,1,1,1,0,1,1,1,1
2026-07-03T19:52:30.827,tof1,4x4,empty,-1,-1,-1,-1,-1,-1,-1,-1,-1,-1,1984,-1,-1,1150,1104,1040,0,0,0,0,0,0,0,0,0,0,1,0,0,1,1,1
2026-07-03T19:52:30.872,tof2,4x4,empty,2980,3245,-1,-1,2108,2113,2153,3489,1514,1509,1471,-1,1080,1099,1099,1047,1,1,1,1,1,1,1,1,1,1,1,0,1,1,1,1
2026-07-03T19:52:31.001,tof1,4x4,empty,3378,-1,-1,-1,-1,-1,-1,-1,-1,-1,1984,-1,-1,1150,1104,-1,1,0,1,0,0,0,0,0,0,0,1,1,1,1,1,1
2026-07-03T19:52:31.054,tof2,4x4,empty,3004,3247,-1,3313,2127,2130,2138,3489,-1,1496,-1,-1,1086,1099,1100,1047,1,1,0,1,1,1,1,1,1,1,1,0,1,1,1,1
2026-07-03T19:52:31.171,tof1,4x4,empty,-1,-1,-1,-1,-1,-1,-1,-1,-1,-1,1984,-1,-1,-1,1121,-1,1,0,0,0,0,0,0,0,0,0,1,0,0,1,1,1
2026-07-03T19:52:31.231,tof2,4x4,empty,3004,3262,-1,-1,2127,-1,2138,3486,1505,1509,1506,-1,1080,1099,1099,1047,1,1,0,1,1,1,1,1,1,1,1,0,1,1,1,1
2026-07-03T19:52:31.334,tof1,4x4,empty,-1,-1,-1,-1,-1,-1,-1,-1,-1,-1,1980,2001,-1,1150,1121,-1,0,0,0,0,0,0,0,0,0,0,1,1,0,1,1,1
2026-07-03T19:52:31.380,tof2,4x4,empty,3004,3262,-1,3313,2108,2113,2138,3486,1514,-1,1506,-1,-1,1099,1099,1047,1,1,0,1,1,1,1,1,1,1,1,0,1,1,1,1
2026-07-03T19:52:31.494,tof1,4x4,empty,-1,-1,-1,-1,-1,-1,-1,-1,-1,-1,1980,-1,-1,1161,-1,-1,0,0,0,1,0,0,0,0,0,0,1,0,0,1,1,1
2026-07-03T19:52:31.558,tof2,4x4,empty,-1,3257,-1,3313,2108,2113,2138,3485,1514,-1,1471,-1,1079,1099,1100,1047,1,1,0,1,1,1,1,1,1,1,1,0,1,1,1,1
2026-07-03T19:52:31.686,tof1,4x4,empty,-1,-1,-1,-1,-1,-1,-1,-1,-1,-1,1980,-1,1097,-1,1121,1031,0,0,0,0,0,0,0,0,0,1,1,0,1,1,1,1
2026-07-03T19:52:31.748,tof2,4x4,empty,3018,3262,-1,3333,2127,-1,2164,3482,1505,1546,1485,-1,1080,1099,1101,1042,1,1,0,1,1,1,1,1,1,1,1,1,1,1,1,1
2026-07-03T19:52:31.883,tof1,4x4,empty,-1,-1,-1,-1,-1,-1,-1,-1,-1,2018,1988,-1,-1,1178,1121,1017,0,0,0,0,0,0,0,0,0,1,1,1,1,1,1,1
2026-07-03T19:52:31.928,tof2,4x4,empty,3004,3262,-1,3325,2107,2111,2164,3475,1482,-1,1485,-1,1080,1098,1101,1042,1,1,1,1,1,1,1,1,1,1,1,0,1,1,1,1
2026-07-03T19:52:32.059,tof1,4x4,empty,-1,-1,-1,-1,-1,-1,-1,-1,-1,-1,1988,2001,1095,1178,1126,-1,0,0,0,0,0,0,0,0,0,1,1,1,1,1,1,1
2026-07-03T19:52:32.091,tof2,4x4,empty,3018,3257,-1,3325,2107,2128,2153,3475,-1,1546,1485,-1,-1,1098,1105,1043,1,1,0,1,1,1,1,1,1,1,1,0,1,1,1,1
2026-07-03T19:52:32.228,tof1,4x4,empty,-1,-1,-1,-1,-1,-1,-1,-1,-1,-1,1988,-1,-1,1161,1126,1017,0,0,0,0,0,0,0,0,0,0,1,1,0,1,1,1
2026-07-03T19:52:32.262,tof2,4x4,empty,3001,3257,-1,3325,2116,2128,2153,3469,-1,1541,1458,-1,1080,1098,1105,1044,1,1,1,1,1,1,1,1,1,1,1,0,1,1,1,1
2026-07-03T19:52:32.387,tof1,4x4,empty,-1,-1,-1,-1,-1,-1,-1,-1,-1,-1,1988,-1,-1,1179,1126,1020,0,0,0,0,0,0,0,0,0,1,1,0,0,1,1,1
2026-07-03T19:52:32.420,tof2,4x4,empty,3001,3263,-1,3316,2116,2128,2129,3469,1511,1541,1485,-1,1079,1098,1104,1044,1,1,0,1,1,1,1,1,1,1,1,0,1,1,1,1
2026-07-03T19:52:32.543,tof1,4x4,empty,-1,-1,-1,-1,-1,-1,-1,-1,-1,-1,1986,-1,-1,-1,1117,-1,0,0,0,0,0,0,0,0,0,0,1,0,0,1,1,1
2026-07-03T19:52:32.585,tof2,4x4,empty,3001,3260,-1,3316,2116,2128,-1,3469,1511,-1,1537,-1,-1,1098,-1,1048,1,1,0,1,1,1,1,1,1,1,1,0,1,1,1,1
2026-07-03T19:52:32.699,tof1,4x4,empty,-1,-1,-1,-1,-1,-1,-1,-1,-1,-1,1983,-1,-1,-1,1114,1020,0,0,0,0,0,0,0,0,0,1,1,1,1,1,1,1
2026-07-03T19:52:32.768,tof2,4x4,empty,3001,3256,-1,3316,2128,2128,2129,3476,-1,1541,1537,-1,1084,1098,1104,1052,1,1,0,1,1,1,1,1,1,1,1,0,1,1,1,1
2026-07-03T19:52:32.873,tof1,4x4,empty,-1,-1,-1,-1,-1,-1,-1,-1,-1,-1,1983,-1,-1,1152,1104,1020,0,0,0,0,0,0,0,0,0,0,1,1,1,1,1,1
2026-07-03T19:52:32.928,tof2,4x4,empty,2950,3256,-1,3325,2128,2116,-1,3476,1482,1541,1490,-1,1076,1098,1104,1050,1,1,0,1,1,1,1,1,1,1,1,0,1,1,1,1
2026-07-03T19:52:33.040,tof1,4x4,empty,-1,-1,-1,-1,-1,-1,-1,-1,-1,2018,1983,1950,1095,1149,1104,1023,0,0,0,0,0,0,0,0,0,1,1,1,1,1,1,1
2026-07-03T19:52:33.178,tof2,4x4,empty,2950,3256,-1,3326,2128,2068,-1,3492,1463,-1,1490,-1,1084,1098,-1,1052,1,1,0,1,1,1,0,1,1,1,1,0,1,1,1,1
2026-07-03T19:52:33.249,tof1,4x4,empty,-1,-1,-1,-1,-1,-1,-1,-1,-1,-1,1989,-1,-1,1149,-1,1052,0,0,0,0,0,0,0,0,0,1,1,1,1,1,1,1
2026-07-03T19:52:33.372,tof2,4x4,empty,2988,3256,-1,3328,-1,-1,2136,3476,1511,1541,1490,-1,1084,1097,1099,1052,1,1,1,1,0,1,1,1,1,1,1,0,1,1,1,1
2026-07-03T19:52:33.422,tof1,4x4,empty,-1,-1,-1,-1,-1,-1,-1,-1,-1,2008,1993,1945,-1,1147,1114,-1,0,0,0,0,0,0,0,0,0,1,1,1,1,1,1,1
2026-07-03T19:52:33.545,tof2,4x4,empty,2988,3252,-1,3328,2119,-1,-1,3476,1463,1541,1490,-1,1084,-1,1096,1052,1,1,1,1,1,1,1,1,1,1,1,0,1,1,1,1
2026-07-03T19:52:33.597,tof1,4x4,empty,-1,-1,-1,-1,-1,-1,-1,-1,-1,2008,1993,1945,-1,1147,1869,1052,0,0,0,0,0,0,0,0,0,1,1,1,0,1,1,1
2026-07-03T19:52:33.715,tof2,4x4,empty,3018,3256,-1,3328,2090,2068,2136,3473,-1,1541,1502,-1,-1,1097,1096,1052,1,1,0,1,1,1,1,1,1,1,1,0,1,1,1,1
2026-07-03T19:52:33.782,tof1,4x4,empty,-1,-1,-1,-1,-1,-1,-1,-1,-1,-1,1989,-1,-1,1149,1869,1075,0,0,0,0,0,0,0,0,0,1,1,0,0,1,1,1
2026-07-03T19:52:33.892,tof2,4x4,empty,3018,3256,-1,3329,2090,2068,2153,3473,1463,1532,1515,-1,1078,1097,1096,1058,1,1,1,1,1,1,1,1,1,1,1,0,1,1,1,1
2026-07-03T19:52:33.945,tof1,4x4,empty,-1,-1,-1,-1,-1,-1,-1,-1,-1,-1,1986,-1,-1,-1,-1,1075,0,0,0,1,0,0,0,0,0,1,1,0,0,1,1,1
2026-07-03T19:52:34.055,tof2,4x4,empty,3018,3258,-1,3329,-1,2068,2153,3469,1527,1532,1515,-1,1078,1096,1099,1058,1,1,0,1,1,1,1,1,1,1,1,0,1,1,1,1
2026-07-03T19:52:34.117,tof1,4x4,empty,-1,-1,-1,-1,-1,-1,-1,-1,-1,-1,1978,-1,-1,1174,1869,1070,0,0,0,0,0,0,0,0,0,0,1,0,1,1,1,1
2026-07-03T19:52:34.229,tof2,4x4,empty,3021,3261,-1,3322,2119,-1,-1,3460,1527,1532,-1,-1,1078,1095,1100,1053,1,1,1,1,1,1,1,1,1,1,1,0,1,1,1,1
2026-07-03T19:52:34.308,tof1,4x4,empty,-1,-1,-1,-1,-1,-1,-1,-1,-1,-1,1975,-1,-1,1184,1121,-1,0,0,0,0,0,0,0,0,0,0,1,0,0,1,1,1
2026-07-03T19:52:34.439,tof2,4x4,empty,2992,3261,-1,3340,-1,-1,2153,3460,1527,1532,1515,-1,1075,1094,1100,1053,1,1,0,1,1,1,1,1,1,1,1,0,1,1,1,1
2026-07-03T19:52:34.465,tof1,4x4,empty,-1,-1,-1,-1,-1,-1,-1,-1,-1,-1,1968,1945,-1,1184,1121,1053,0,0,0,0,0,0,0,0,0,0,1,1,0,1,1,1
2026-07-03T19:52:34.626,tof2,4x4,empty,2992,3262,-1,3322,2121,2059,2153,3469,-1,1532,-1,-1,-1,1094,1100,1053,1,1,0,1,1,1,1,1,1,1,1,0,1,1,1,1
2026-07-03T19:52:34.635,tof1,4x4,empty,-1,-1,-1,-1,-1,-1,-1,-1,-1,-1,1967,1977,-1,1174,1121,1070,1,0,0,0,0,0,0,0,0,0,1,1,1,1,1,1
2026-07-03T19:52:34.789,tof2,4x4,empty,2992,3264,-1,3322,2138,2087,2166,3469,-1,-1,1454,-1,1075,1094,1102,1051,1,1,0,1,1,1,1,1,1,1,1,0,1,1,1,1
2026-07-03T19:52:34.840,tof1,4x4,empty,-1,-1,-1,-1,-1,-1,-1,-1,-1,1998,1968,-1,-1,1143,-1,1053,0,0,0,0,0,0,0,0,0,1,1,1,0,1,1,1
2026-07-03T19:52:34.965,tof2,4x4,empty,2992,3267,-1,3330,2138,2087,-1,3469,1527,1500,1454,-1,1076,1094,1102,1051,1,1,0,1,1,1,0,1,1,1,1,0,1,1,1,1
2026-07-03T19:52:35.028,tof1,4x4,empty,-1,-1,-1,-1,-1,-1,-1,-1,-1,-1,1967,1999,-1,1143,1105,-1,0,0,0,0,0,0,0,0,0,0,1,1,0,1,1,1
2026-07-03T19:52:35.124,tof2,4x4,empty,2991,3270,-1,3330,2142,2087,-1,3501,-1,1500,1454,-1,1076,-1,-1,1051,1,1,0,1,1,1,1,1,1,1,1,0,1,1,1,1
2026-07-03T19:52:35.188,tof1,4x4,empty,-1,-1,-1,-1,-1,-1,-1,-1,-1,1992,1967,-1,-1,1143,1105,-1,0,0,0,0,0,0,0,0,0,1,1,1,0,1,1,1
2026-07-03T19:52:35.288,tof2,4x4,empty,2979,3270,-1,3316,2138,2087,2142,3501,-1,-1,1454,-1,1076,1101,1102,1050,1,1,1,1,1,1,1,1,1,1,1,0,1,1,1,1
2026-07-03T19:52:35.363,tof1,4x4,empty,-1,-1,-1,-1,-1,-1,-1,-1,-1,-1,1968,-1,1077,1152,-1,1070,0,0,0,0,0,0,0,0,0,0,1,1,1,1,1,1
2026-07-03T19:52:35.456,tof2,4x4,empty,2979,3267,-1,3311,2132,-1,2142,3485,-1,1500,1480,-1,1076,1101,1102,1051,1,1,1,1,1,1,1,1,1,1,1,0,1,1,1,1
2026-07-03T19:52:35.530,tof1,4x4,empty,-1,-1,-1,-1,-1,-1,-1,-1,-1,-1,1981,-1,-1,-1,1139,1053,1,0,0,0,0,0,0,0,0,1,1,0,0,1,1,1
2026-07-03T19:52:35.650,tof2,4x4,empty,-1,3262,-1,3311,2130,2087,2166,3457,-1,1573,1524,-1,1076,1101,1102,1049,1,1,1,1,1,1,1,1,1,1,1,0,1,1,1,1
2026-07-03T19:52:35.707,tof1,4x4,empty,-1,-1,-1,-1,-1,-1,-1,-1,-1,-1,1981,-1,-1,1152,1139,1046,0,0,0,0,0,0,0,0,0,1,1,0,0,1,1,1
2026-07-03T19:52:35.835,tof2,4x4,empty,2991,3257,-1,3311,2119,2048,2142,3485,1576,-1,1480,-1,1079,-1,1099,1049,1,1,0,1,1,1,1,1,1,1,1,1,1,1,1,1
2026-07-03T19:52:35.873,tof1,4x4,empty,-1,-1,-1,-1,-1,-1,-1,-1,-1,1992,1981,-1,-1,1160,1116,1046,0,0,0,0,0,0,0,0,0,1,1,1,1,1,1,1
2026-07-03T19:52:35.992,tof2,4x4,empty,3027,3257,-1,3328,2114,-1,-1,3485,1520,1573,-1,-1,1079,1101,1100,1049,1,1,0,1,1,1,1,1,1,1,1,0,1,1,1,1
2026-07-03T19:52:36.058,tof1,4x4,empty,-1,-1,-1,-1,-1,-1,-1,-1,-1,-1,1986,-1,1077,-1,1116,1055,0,0,0,0,0,0,0,0,0,0,1,0,1,1,1,1
2026-07-03T19:52:36.150,tof2,4x4,empty,3027,3257,-1,3328,2104,2048,2142,3491,1478,1661,1524,-1,1079,1096,1100,1048,1,1,0,1,1,1,1,1,1,1,1,0,1,1,1,1
2026-07-03T19:52:36.223,tof1,4x4,empty,-1,-1,-1,-1,-1,-1,-1,-1,-1,-1,1986,-1,-1,1152,1139,1055,0,0,0,0,0,0,0,0,0,0,1,1,0,1,1,1
2026-07-03T19:52:36.310,tof2,4x4,empty,3027,3257,3320,3328,2114,-1,2129,3491,-1,1661,-1,-1,1084,1096,1099,1048,1,1,1,1,1,1,1,1,1,1,1,1,1,1,1,1
2026-07-03T19:52:36.377,tof1,4x4,empty,-1,-1,-1,-1,-1,-1,-1,-1,-1,-1,1991,-1,-1,1152,1116,1055,0,0,0,0,0,0,0,0,0,1,1,0,0,1,1,1
2026-07-03T19:52:36.493,tof2,4x4,empty,-1,3257,-1,3331,2119,2048,-1,3491,1473,1661,1524,-1,1084,-1,1099,1054,0,1,0,1,1,1,0,1,1,1,1,0,1,1,1,1
2026-07-03T19:52:36.554,tof1,4x4,empty,-1,-1,-1,-1,-1,-1,-1,-1,-1,1992,1973,-1,-1,1164,1116,1055,0,0,0,0,0,0,0,0,0,1,1,1,1,1,1,1
2026-07-03T19:52:36.655,tof2,4x4,empty,3012,3247,3297,3323,-1,-1,2119,3485,-1,1558,1524,-1,1084,1100,1100,1054,1,1,1,1,1,1,1,1,1,1,1,0,1,1,1,1
2026-07-03T19:52:36.762,tof1,4x4,empty,-1,-1,-1,-1,-1,-1,-1,-1,-1,1992,1989,1999,-1,1168,1124,1055,0,0,0,0,0,0,0,0,0,1,1,1,1,1,1,1
2026-07-03T19:52:36.832,tof2,4x4,empty,3001,3246,-1,3323,-1,2066,-1,3485,1471,1786,1524,-1,1084,1100,1099,1054,1,1,0,1,1,1,0,1,1,1,1,0,1,1,1,1
2026-07-03T19:52:36.929,tof1,4x4,empty,-1,-1,-1,-1,-1,-1,-1,-1,-1,1992,1989,1977,1077,1174,1124,1055,0,0,0,0,0,0,0,0,0,1,1,1,1,1,1,1
2026-07-03T19:52:37.000,tof2,4x4,empty,3001,3246,-1,3309,2114,2086,-1,3485,1471,-1,1524,-1,1085,1100,1098,1054,1,1,0,1,1,1,1,1,1,1,1,0,1,1,1,1
2026-07-03T19:52:37.101,tof1,4x4,empty,-1,-1,-1,-1,-1,-1,-1,-1,-1,-1,1993,-1,-1,1174,1104,1046,0,0,0,0,0,0,0,0,0,1,1,1,1,1,1,1
2026-07-03T19:52:37.172,tof2,4x4,empty,3001,3246,-1,3308,2104,-1,-1,3477,-1,1606,1513,-1,1080,1100,1098,1054,1,1,1,1,1,1,1,1,1,1,1,0,1,1,1,1
2026-07-03T19:52:37.277,tof1,4x4,empty,-1,-1,-1,-1,-1,-1,-1,-1,-1,1997,1989,-1,-1,1168,1124,-1,1,0,0,0,0,0,0,0,0,1,1,1,0,1,1,1
2026-07-03T19:52:37.338,tof2,4x4,empty,3001,3249,-1,3308,2106,-1,2119,3510,-1,1505,-1,-1,1080,1099,1102,1056,1,1,1,1,1,1,1,1,1,1,1,0,1,1,1,1
2026-07-03T19:52:37.427,tof1,4x4,empty,-1,-1,-1,-1,-1,-1,-1,-1,-1,-1,1989,1969,-1,1162,-1,1045,0,0,0,1,0,0,0,0,0,1,1,1,1,1,1,1
2026-07-03T19:52:37.487,tof2,4x4,empty,3016,3249,3297,3303,2100,-1,2119,3510,-1,1606,1495,-1,1079,1098,1104,1058,1,1,1,1,1,0,1,1,1,1,1,0,1,1,1,1
2026-07-03T19:52:37.602,tof1,4x4,empty,-1,-1,-1,-1,-1,-1,-1,-1,-1,-1,1989,-1,-1,-1,1104,1043,0,0,0,0,0,0,0,0,0,0,1,0,0,1,1,1
2026-07-03T19:52:37.633,tof2,4x4,empty,3016,3249,-1,3307,2098,-1,-1,3486,-1,-1,1489,-1,1076,1093,1104,1058,1,1,0,1,1,0,0,1,1,1,1,0,1,1,1,1
2026-07-03T19:52:37.897,tof1,4x4,empty,-1,-1,-1,-1,-1,-1,-1,-1,-1,1997,1989,-1,-1,1141,1104,-1,0,0,0,0,0,0,0,0,0,1,1,0,0,1,1,1
2026-07-03T19:52:37.914,tof2,4x4,empty,2992,3249,-1,3307,2088,-1,2141,-1,1473,-1,-1,-1,1076,1092,1105,1058,1,1,1,1,1,0,1,1,1,1,1,0,1,1,1,1
2026-07-03T19:52:38.133,tof2,4x4,empty,3002,3250,-1,3307,2088,-1,2154,3486,1532,1606,1489,-1,1076,1086,1104,1056,1,1,0,1,1,0,1,1,1,1,1,0,1,1,1,1
2026-07-03T19:52:38.262,tof1,4x4,empty,-1,-1,-1,-1,-1,-1,-1,-1,-1,-1,1988,-1,-1,-1,-1,1031,0,0,0,0,0,0,0,0,0,0,1,1,1,1,1,1
2026-07-03T19:52:38.323,tof2,4x4,empty,-1,3250,-1,3291,2088,-1,-1,3486,-1,1531,1488,-1,1079,1086,1101,1056,0,1,0,1,1,0,1,1,1,1,1,0,1,1,1,1
2026-07-03T19:52:38.435,tof1,4x4,empty,-1,-1,-1,-1,-1,-1,-1,-1,-1,-1,1989,-1,-1,1133,1130,1043,0,0,0,0,0,0,0,0,0,0,1,0,0,1,1,1
2026-07-03T19:52:38.506,tof2,4x4,empty,3002,3262,3297,3307,2117,-1,2154,3486,1541,1525,-1,-1,1077,1092,1097,1053,1,1,1,1,1,0,1,1,1,1,1,0,1,1,1,1
2026-07-03T19:52:38.602,tof1,4x4,empty,-1,-1,-1,-1,-1,-1,-1,-1,-1,1998,1988,-1,-1,1133,1135,-1,0,0,0,0,0,0,0,0,0,1,1,0,0,1,1,1
2026-07-03T19:52:38.684,tof2,4x4,empty,3002,3262,-1,3320,2122,-1,2203,3490,-1,-1,1464,-1,1077,1089,1101,1053,1,1,0,1,1,0,1,1,1,1,1,0,1,1,1,1
2026-07-03T19:52:38.774,tof1,4x4,empty,-1,-1,-1,-1,-1,-1,-1,-1,-1,-1,1988,-1,-1,-1,1130,1042,0,0,0,0,0,0,0,0,0,0,1,1,0,1,1,1
2026-07-03T19:52:38.842,tof2,4x4,empty,3002,3265,-1,3293,2122,-1,2141,3511,1541,1531,1464,-1,1077,1093,1101,1053,1,1,0,1,1,0,1,1,1,1,1,0,1,1,1,1
2026-07-03T19:52:38.942,tof1,4x4,empty,-1,-1,-1,-1,-1,-1,-1,-1,-1,1998,1988,-1,-1,1133,-1,1042,0,0,0,0,0,0,0,0,0,1,1,1,0,1,1,1
2026-07-03T19:52:39.012,tof2,4x4,empty,-1,3265,-1,3320,2120,-1,-1,3511,-1,1525,1485,-1,1077,1094,-1,1053,0,1,1,1,1,0,1,1,1,1,1,0,1,1,1,1
2026-07-03T19:52:39.113,tof1,4x4,empty,-1,-1,-1,-1,-1,-1,-1,-1,-1,-1,1992,-1,-1,1135,1130,1035,0,0,0,1,0,0,0,0,0,0,1,1,1,1,1,1
2026-07-03T19:52:39.174,tof2,4x4,empty,-1,3259,-1,3320,2120,2089,-1,3511,-1,1525,1464,-1,1077,1099,1102,1051,1,1,0,1,1,1,1,1,1,1,1,0,1,1,1,1
2026-07-03T19:52:39.271,tof1,4x4,empty,-1,-1,-1,-1,-1,-1,-1,-1,-1,-1,1987,-1,1077,1154,-1,1038,0,0,0,0,0,0,0,0,0,0,1,1,1,1,1,1
2026-07-03T19:52:39.340,tof2,4x4,empty,3022,3248,-1,3300,2139,2098,-1,3472,-1,1542,-1,-1,1078,1094,1104,1047,1,1,0,1,1,1,0,1,1,1,1,0,1,1,1,1
2026-07-03T19:52:39.567,tof1,4x4,empty,-1,-1,-1,-1,-1,-1,-1,-1,-1,-1,1986,-1,-1,1154,1131,1035,0,0,0,0,0,0,0,0,0,1,1,0,1,1,1,1
2026-07-03T19:52:39.594,tof2,4x4,empty,3022,3248,3289,3300,2120,2098,2123,3425,-1,1542,1480,-1,1078,1094,1104,1050,1,1,1,1,1,1,1,1,1,1,1,0,1,1,1,1
2026-07-03T19:52:39.753,tof1,4x4,empty,-1,-1,-1,-1,-1,-1,-1,-1,-1,1998,1976,1966,-1,1169,1124,1035,0,0,0,0,0,0,0,0,0,1,1,1,0,1,1,1
2026-07-03T19:52:39.774,tof2,4x4,empty,2995,3248,-1,3323,2130,2109,2123,3425,1541,1542,1485,-1,1077,1099,1102,1047,1,1,0,1,1,1,1,1,1,1,1,0,1,1,1,1
2026-07-03T19:52:39.915,tof1,4x4,empty,-1,-1,-1,-1,-1,-1,-1,-1,-1,-1,1976,-1,1077,1204,1124,1038,0,0,0,0,0,0,0,0,1,1,1,0,1,1,1,1
2026-07-03T19:52:39.935,tof2,4x4,empty,2995,3252,-1,-1,2130,2098,2192,3425,1510,-1,1485,-1,1078,1099,1104,1047,1,1,0,1,1,1,1,1,1,1,1,0,1,1,1,1
2026-07-03T19:52:40.098,tof1,4x4,empty,-1,-1,-1,-1,-1,-1,-1,-1,-1,-1,1974,-1,1090,1208,1125,1038,0,0,0,0,0,0,0,0,1,1,1,0,1,1,1,1
2026-07-03T19:52:40.238,tof2,4x4,empty,2995,3252,-1,3300,2126,2082,2192,3425,1510,1770,-1,-1,1077,1100,1107,1050,1,1,1,1,1,1,1,1,1,1,1,0,1,1,1,1
2026-07-03T19:52:40.280,tof1,4x4,empty,-1,-1,-1,-1,-1,-1,-1,-1,2306,-1,1976,1964,1090,1204,1125,1032,1,0,0,0,0,0,0,0,1,0,1,1,1,1,1,1
2026-07-03T19:52:40.391,tof2,4x4,empty,2995,3252,-1,3299,2126,2082,2197,3430,1497,-1,-1,-1,1077,1100,1101,1051,1,1,0,1,1,1,1,1,1,1,1,0,1,1,1,1
2026-07-03T19:52:40.448,tof1,4x4,empty,-1,-1,-1,2223,-1,-1,-1,-1,-1,-1,1972,-1,2183,1204,-1,-1,0,0,0,1,0,0,0,0,1,0,1,0,1,1,1,1
2026-07-03T19:52:40.567,tof2,4x4,empty,2995,3248,-1,3323,2126,2040,2202,3430,1497,1770,-1,-1,1075,1100,1101,1052,1,1,0,1,1,1,1,1,1,1,1,0,1,1,1,1
2026-07-03T19:52:40.617,tof1,4x4,empty,-1,-1,-1,-1,-1,-1,-1,-1,-1,-1,1994,1964,2189,-1,1099,-1,1,0,0,0,0,0,0,0,1,0,1,1,1,1,1,1
2026-07-03T19:52:40.770,tof2,4x4,empty,3011,3248,-1,3314,2118,2040,2202,3465,-1,1770,1510,-1,-1,1100,-1,1052,1,1,0,1,1,1,1,1,1,1,1,0,1,1,1,1
2026-07-03T19:52:40.813,tof1,4x4,empty,-1,-1,-1,-1,-1,-1,-1,-1,2308,-1,1979,-1,-1,1159,1125,-1,0,0,0,0,0,0,0,0,1,0,1,0,0,1,1,1
2026-07-03T19:52:40.938,tof2,4x4,empty,2988,3245,-1,3306,2118,2109,2202,3500,-1,-1,-1,-1,1078,1100,1102,1051,1,1,1,1,1,1,1,1,1,1,1,0,1,1,1,1
2026-07-03T19:52:40.983,tof1,4x4,empty,-1,-1,-1,-1,-1,-1,-1,-1,-1,-1,1994,1964,2189,1145,-1,1061,0,0,0,0,1,0,0,0,0,1,1,1,1,1,1,1
2026-07-03T19:52:41.111,tof2,4x4,empty,3003,3248,-1,3306,2118,2109,2191,3465,1510,1803,1510,-1,1078,1100,1102,1051,1,1,0,1,1,1,1,1,1,1,1,0,1,1,1,1
2026-07-03T19:52:41.167,tof1,4x4,empty,-1,-1,-1,-1,-1,-1,-1,-1,-1,-1,1979,1973,-1,1145,1099,1051,0,0,0,0,0,0,0,0,0,0,1,1,1,1,1,1
2026-07-03T19:52:41.335,tof2,4x4,empty,3003,3252,-1,3314,2118,2109,2166,3465,1513,1770,1510,-1,1081,1100,1102,1050,1,1,0,1,1,1,1,1,1,1,1,0,1,1,1,1
2026-07-03T19:52:41.347,tof1,4x4,empty,-1,-1,-1,-1,-1,-1,-1,-1,-1,-1,1983,-1,2189,1159,-1,1032,0,0,0,1,1,0,0,0,0,1,1,0,1,1,1,1
2026-07-03T19:52:41.574,tof2,4x4,empty,3011,3258,-1,3306,2118,2109,2150,3465,1499,1720,1462,-1,1081,1099,1102,1050,1,1,0,1,1,1,1,1,1,1,1,0,1,1,1,1
2026-07-03T19:52:41.833,tof1,4x4,empty,-1,-1,-1,-1,-1,-1,-1,-1,-1,-1,1979,1973,-1,1159,1099,1051,0,0,0,0,0,0,0,0,0,0,1,1,0,1,1,1
2026-07-03T19:52:41.885,tof2,4x4,empty,3026,3252,-1,3306,-1,-1,2150,3464,-1,1785,-1,-1,1085,-1,1102,1051,1,1,0,1,0,1,1,1,1,1,1,0,1,1,1,1
2026-07-03T19:52:41.994,tof1,4x4,empty,-1,-1,-1,-1,-1,-1,-1,-1,-1,-1,1975,1973,-1,1145,1116,-1,0,0,0,0,0,0,0,0,0,0,1,1,0,1,1,1
2026-07-03T19:52:42.048,tof2,4x4,empty,3037,3258,-1,3306,2070,2120,2150,3447,1499,1720,1462,-1,-1,1099,1102,1050,1,1,0,1,1,1,1,1,1,1,1,0,1,1,1,1
2026-07-03T19:52:42.168,tof1,4x4,empty,-1,-1,-1,-1,-1,-1,-1,-1,-1,-1,1962,1973,-1,1138,1154,-1,0,0,0,0,0,0,0,0,0,1,1,1,1,1,1,1
2026-07-03T19:52:42.224,tof2,4x4,empty,3037,3258,-1,3305,2133,2088,2150,3437,-1,-1,1462,-1,1086,1099,1097,1051,1,1,1,1,1,1,1,1,1,1,1,0,1,1,1,1
2026-07-03T19:52:42.333,tof1,4x4,empty,-1,-1,-1,-1,-1,-1,-1,-1,-1,-1,1962,1973,-1,1137,1116,-1,0,0,0,0,0,0,0,0,0,0,1,1,1,1,1,1
2026-07-03T19:52:42.433,tof2,4x4,empty,3037,3258,-1,3305,2112,2123,2151,3437,1513,-1,1466,-1,-1,1099,1097,1051,1,1,0,1,1,1,1,1,1,1,1,1,1,1,1,1
2026-07-03T19:52:42.607,tof1,4x4,empty,-1,-1,-1,-1,-1,-1,-1,-1,-1,-1,1962,-1,2189,-1,-1,1051,0,0,0,0,0,0,0,0,0,1,1,1,1,1,1,1
2026-07-03T19:52:42.615,tof2,4x4,empty,3037,3248,-1,3319,2112,2088,2151,3437,-1,-1,-1,-1,1087,-1,1093,1052,1,1,0,1,1,1,1,1,1,1,1,0,1,1,1,1
2026-07-03T19:52:42.800,tof1,4x4,empty,-1,-1,-1,-1,-1,-1,-1,-1,-1,-1,1962,-1,-1,1137,1119,1045,0,0,0,0,0,0,0,0,0,0,1,0,0,1,1,1
2026-07-03T19:52:42.826,tof2,4x4,empty,3013,3248,-1,3319,2129,-1,2151,3459,1502,1580,-1,-1,1087,1098,1097,1046,1,1,1,1,1,1,1,1,1,1,1,1,1,1,1,1
2026-07-03T19:52:42.962,tof1,4x4,empty,-1,-1,-1,-1,-1,-1,-1,-1,-1,-1,1977,-1,-1,-1,1116,1045,0,0,0,0,0,0,0,0,0,0,1,0,1,1,1,1
2026-07-03T19:52:43.016,tof2,4x4,empty,3013,3248,-1,3300,2129,2125,2151,3460,1502,1580,1482,-1,-1,1097,1100,1052,1,1,0,1,1,1,1,1,1,1,1,0,1,1,1,1
2026-07-03T19:52:43.134,tof1,4x4,empty,-1,-1,-1,-1,-1,-1,-1,-1,-1,-1,1981,-1,-1,-1,1108,1045,0,0,0,0,0,0,0,0,0,0,1,0,1,1,1,1
2026-07-03T19:52:43.187,tof2,4x4,empty,3021,3248,3297,3319,2129,-1,2129,3508,-1,1580,1492,-1,1087,1096,1100,1052,1,1,1,1,1,1,1,1,1,1,1,0,1,1,1,1
2026-07-03T19:52:43.286,tof1,4x4,empty,-1,-1,-1,-1,-1,-1,-1,-1,-1,-1,1981,-1,-1,-1,1108,1021,0,0,0,0,0,0,0,0,0,0,1,1,1,1,1,1
2026-07-03T19:52:43.351,tof2,4x4,empty,3021,3248,-1,3300,2132,-1,2126,3508,-1,-1,-1,-1,1085,1096,1100,1052,1,1,0,1,1,1,1,1,1,1,1,0,1,1,1,1
2026-07-03T19:52:43.445,tof1,4x4,empty,-1,-1,-1,-1,-1,-1,-1,-1,-1,1973,1988,-1,-1,1138,1116,1021,0,0,0,0,0,0,0,0,0,1,1,0,0,1,1,1
2026-07-03T19:52:43.513,tof2,4x4,empty,3021,3253,3341,3299,2132,2092,2109,-1,1524,1539,-1,-1,1082,1096,-1,1052,1,1,1,1,1,1,1,0,1,1,1,0,1,1,1,1
2026-07-03T19:52:43.620,tof1,4x4,empty,-1,-1,-1,-1,-1,-1,-1,-1,-1,-1,1981,1973,-1,1148,1110,1040,0,0,0,0,0,0,0,0,0,0,1,1,1,1,1,1
2026-07-03T19:52:43.726,tof2,4x4,empty,3021,3256,-1,3300,2120,2092,2123,3510,-1,1539,-1,-1,1082,1096,1100,1055,1,1,0,1,1,1,1,1,1,1,1,1,1,1,1,1
2026-07-03T19:52:43.775,tof1,4x4,empty,-1,-1,-1,-1,-1,-1,-1,-1,-1,-1,1981,-1,-1,1148,1110,1021,0,0,0,0,0,0,0,0,0,0,1,1,0,1,1,1
2026-07-03T19:52:43.884,tof2,4x4,empty,3021,3259,-1,3305,2126,2092,2109,3510,1532,-1,1482,-1,1083,1092,-1,1052,1,1,0,1,1,1,1,1,1,1,1,1,1,1,1,1
2026-07-03T19:52:43.951,tof1,4x4,empty,-1,-1,-1,-1,-1,-1,-1,-1,-1,1964,1988,1981,-1,-1,1113,1040,0,0,0,0,0,0,0,0,0,1,1,1,0,1,1,1
2026-07-03T19:52:44.047,tof2,4x4,empty,3004,3259,-1,3305,2110,2092,2123,3492,-1,1775,-1,-1,1085,1095,1100,1052,1,1,0,1,1,1,1,1,1,1,1,1,1,1,1,1
2026-07-03T19:52:44.128,tof1,4x4,empty,-1,-1,-1,-1,-1,-1,-1,-1,-1,1964,2012,1994,-1,1150,1113,-1,0,0,0,0,0,0,0,0,0,1,1,1,0,1,1,1
2026-07-03T19:52:44.198,tof2,4x4,empty,3004,3259,-1,3324,2077,-1,2120,3492,-1,1539,1502,-1,1083,1095,1100,1053,1,1,1,1,1,1,1,1,1,1,1,0,1,1,1,1
2026-07-03T19:52:44.289,tof1,4x4,empty,-1,-1,-1,-1,-1,-1,-1,-1,-1,1964,2012,-1,-1,-1,1113,-1,0,0,0,0,0,0,0,0,0,1,1,1,0,1,1,1
2026-07-03T19:52:44.373,tof2,4x4,empty,-1,3251,-1,3324,2110,2087,2123,3492,1524,-1,1502,-1,1085,1097,1100,1054,1,1,1,1,1,1,1,1,1,1,1,1,1,1,1,1
2026-07-03T19:52:44.560,tof2,4x4,empty,2982,3251,-1,3320,2086,2087,2120,3462,1524,1720,1466,-1,1083,1097,1100,1053,1,1,0,1,1,1,1,1,1,1,1,0,1,1,1,1
2026-07-03T19:52:44.778,tof1,4x4,empty,-1,-1,-1,-1,-1,-1,-1,-1,-1,1968,2012,-1,1091,-1,1113,1048,0,0,0,0,0,0,0,0,0,1,1,0,1,1,1,1
2026-07-03T19:52:44.780,tof2,4x4,empty,-1,3247,-1,3324,2086,-1,2129,3456,1506,1775,-1,-1,1080,1099,1102,1053,1,1,0,1,1,1,1,1,1,1,1,0,1,1,1,1
2026-07-03T19:52:45.131,tof1,4x4,empty,-1,-1,-1,-1,-1,-1,-1,-1,-1,-1,2006,-1,-1,1150,1116,1048,0,0,0,0,0,0,0,0,0,0,1,0,0,1,1,1
2026-07-03T19:52:45.137,tof2,4x4,empty,2982,3251,3341,3320,2121,2099,2129,3456,1503,-1,1466,-1,1080,-1,1100,1047,1,1,1,1,1,1,1,1,1,1,1,0,1,1,1,1
2026-07-03T19:52:45.328,tof1,4x4,empty,-1,-1,-1,-1,-1,-1,-1,-1,-1,-1,1986,1994,1091,-1,1116,-1,0,0,0,0,0,0,0,0,0,1,1,1,1,1,1,1
2026-07-03T19:52:45.333,tof2,4x4,empty,2969,3254,-1,3320,2128,-1,2169,3455,1487,1720,1466,-1,-1,1099,1101,1047,1,1,0,1,1,1,1,1,1,1,1,0,1,1,1,1
2026-07-03T19:52:45.655,tof1,4x4,empty,-1,-1,-1,-1,-1,-1,-1,-1,-1,-1,1982,-1,-1,-1,1116,1047,0,0,0,0,0,0,0,0,0,1,1,0,0,1,1,1
2026-07-03T19:52:45.717,tof2,4x4,empty,2969,3257,-1,3343,2129,2087,-1,3456,1487,-1,1466,-1,1080,1097,1101,1047,1,1,0,1,1,1,0,1,1,1,1,0,1,1,1,1
2026-07-03T19:52:45.895,tof2,4x4,empty,-1,3262,-1,3343,-1,2102,2134,3456,-1,-1,1466,-1,1080,1101,-1,1049,1,1,0,1,0,1,1,1,1,1,1,0,1,1,1,1
2026-07-03T19:52:46.069,tof2,4x4,empty,2983,3264,-1,3301,2129,2130,2134,3455,-1,1720,1456,-1,-1,1104,1101,1049,1,1,0,1,1,1,1,1,1,1,1,0,1,1,1,1
2026-07-03T19:52:46.190,tof1,4x4,empty,-1,-1,-1,-1,-1,-1,-1,-1,-1,2009,1978,1994,1091,1150,1107,1047,0,0,0,0,0,0,0,0,0,1,1,1,1,1,1,1
2026-07-03T19:52:46.237,tof2,4x4,empty,-1,3262,-1,3343,2129,2130,2134,-1,1472,-1,1456,-1,1080,1100,1099,1052,1,1,0,1,1,1,1,1,1,1,1,0,1,1,1,1
2026-07-03T19:52:46.348,tof1,4x4,empty,-1,-1,-1,-1,-1,-1,-1,-1,-1,2009,1978,-1,-1,1150,1116,-1,0,0,0,0,0,0,0,0,1,1,1,0,0,1,1,1
2026-07-03T19:52:46.417,tof2,4x4,empty,2983,3264,-1,3325,2129,2128,2133,3455,-1,1720,1506,-1,1083,-1,1094,1049,1,1,0,1,1,1,1,1,1,1,1,0,1,1,1,1
2026-07-03T19:52:46.530,tof1,4x4,empty,-1,-1,-1,-1,-1,-1,-1,-1,-1,-1,1978,-1,-1,-1,1107,1047,0,0,0,0,0,0,0,0,0,0,1,1,0,1,1,1
2026-07-03T19:52:46.573,tof2,4x4,empty,2953,3264,-1,3325,2116,2128,2133,-1,1472,-1,-1,-1,1083,-1,-1,1049,1,1,1,1,1,1,1,1,1,1,1,0,1,1,1,1
2026-07-03T19:52:46.716,tof1,4x4,empty,-1,-1,-1,-1,-1,-1,-1,-1,-1,-1,1978,1994,-1,-1,1104,1044,0,0,0,0,0,0,0,0,0,1,1,1,0,1,1,1
2026-07-03T19:52:46.752,tof2,4x4,empty,2983,3262,3332,3325,2116,2092,2103,3443,-1,1722,-1,-1,1083,1100,1094,1046,1,1,1,1,1,1,1,1,1,1,1,0,1,1,1,1
2026-07-03T19:52:46.881,tof1,4x4,empty,-1,-1,-1,-1,-1,-1,-1,-1,-1,-1,1978,1971,1067,1150,1104,-1,0,0,0,0,0,0,0,0,0,0,1,1,1,1,1,1
2026-07-03T19:52:46.928,tof2,4x4,empty,2983,3257,-1,3325,2143,2092,-1,3442,1450,1722,1506,-1,1083,1100,1094,1049,1,1,0,1,1,1,0,1,1,1,1,0,1,1,1,1
2026-07-03T19:52:47.053,tof1,4x4,empty,-1,-1,-1,-1,-1,-1,-1,-1,-1,2016,1977,1971,-1,1150,1098,-1,0,0,0,0,0,0,0,0,0,1,1,1,0,1,1,1
2026-07-03T19:52:47.156,tof2,4x4,empty,-1,3252,-1,3313,2143,2092,2119,3443,1450,1768,1515,-1,1082,1096,1092,1049,1,1,0,1,1,1,1,1,1,1,1,0,1,1,1,1
2026-07-03T19:52:47.246,tof1,4x4,empty,-1,-1,-1,-1,-1,-1,-1,-1,-1,2016,1977,-1,-1,-1,1098,-1,0,0,0,0,0,0,0,0,0,1,1,0,1,1,1,1
2026-07-03T19:52:47.313,tof2,4x4,empty,3009,3252,-1,3313,2145,2092,2119,3486,-1,1768,1515,-1,1080,-1,1092,1049,1,1,0,1,1,1,1,1,1,1,1,1,1,1,1,1
2026-07-03T19:52:47.435,tof1,4x4,empty,-1,-1,-1,-1,-1,-1,-1,-1,-1,-1,1977,-1,1091,-1,1127,-1,0,0,0,0,0,0,0,0,0,1,1,1,1,1,1,1
2026-07-03T19:52:47.515,tof2,4x4,empty,3009,3252,-1,3313,2145,2103,2119,3486,-1,1773,1506,-1,1078,1095,1096,1051,1,1,0,1,1,1,1,1,1,1,1,0,1,1,1,1
2026-07-03T19:52:47.643,tof1,4x4,empty,-1,-1,-1,-1,-1,-1,-1,-1,-1,-1,1972,1971,-1,1144,-1,1024,0,0,0,0,0,0,0,0,0,1,1,1,1,1,1,1
2026-07-03T19:52:47.695,tof2,4x4,empty,3009,3252,-1,3335,2121,2111,2119,3508,1491,-1,1515,-1,1078,1095,1099,1051,1,1,1,1,1,1,1,1,1,1,1,0,1,1,1,1
2026-07-03T19:52:47.850,tof1,4x4,empty,-1,-1,-1,-1,-1,-1,-1,-1,-1,-1,1962,-1,-1,1150,1127,1024,0,0,0,0,0,0,0,0,0,1,1,0,0,1,1,1
2026-07-03T19:52:47.863,tof2,4x4,empty,3014,3264,-1,-1,2121,2111,2119,3508,1502,-1,-1,-1,1078,1095,1101,1048,1,1,1,1,1,1,1,1,1,1,1,0,1,1,1,1
2026-07-03T19:52:48.034,tof1,4x4,empty,-1,-1,-1,-1,-1,-1,-1,-1,-1,-1,1962,-1,1103,1160,1129,1053,1,0,0,0,0,0,0,0,0,1,1,0,1,1,1,1
2026-07-03T19:52:48.100,tof2,4x4,empty,2993,3264,-1,3335,2130,-1,2116,3508,-1,1768,-1,-1,1078,1096,-1,1048,1,1,0,1,1,1,1,1,1,1,1,0,1,1,1,1
2026-07-03T19:52:48.238,tof1,4x4,empty,-1,-1,-1,-1,-1,-1,-1,-1,-1,-1,1978,-1,-1,1168,-1,-1,0,0,0,0,0,0,0,0,0,0,1,0,0,1,1,1
2026-07-03T19:52:48.289,tof2,4x4,empty,-1,3254,-1,3335,-1,-1,2116,3470,-1,1799,-1,-1,1078,1096,1101,1051,1,1,1,1,1,1,1,1,1,1,1,0,1,1,1,1
2026-07-03T19:52:48.416,tof1,4x4,empty,-1,-1,-1,-1,-1,-1,-1,-1,-1,-1,1962,-1,1113,1160,-1,1031,0,0,0,0,0,0,0,0,0,1,1,0,1,1,1,1
2026-07-03T19:52:48.450,tof2,4x4,empty,2989,3254,-1,3335,2124,-1,2133,3470,1502,-1,-1,-1,-1,1096,1101,1051,1,1,0,1,1,0,1,1,1,1,1,0,1,1,1,1
2026-07-03T19:52:48.586,tof1,4x4,empty,-1,-1,-1,-1,-1,-1,-1,-1,-1,-1,1978,-1,-1,1160,-1,1053,0,0,0,1,0,1,1,0,0,0,1,0,0,1,1,1
2026-07-03T19:52:48.604,tof2,4x4,empty,2993,3254,-1,3328,2130,-1,-1,3470,1502,1792,1554,-1,-1,1096,-1,1052,1,1,0,1,1,1,0,1,1,1,1,0,1,1,1,1
2026-07-03T19:52:48.764,tof1,4x4,empty,-1,-1,-1,-1,-1,-1,-1,-1,-1,-1,1978,-1,1113,1169,1134,1053,0,0,0,0,0,0,0,0,0,0,1,0,1,1,1,1
2026-07-03T19:52:48.774,tof2,4x4,empty,-1,3254,-1,3326,-1,-1,-1,3470,-1,1792,-1,-1,1078,1096,1104,1052,1,1,0,1,0,1,0,1,1,1,1,0,1,1,1,1
2026-07-03T19:52:48.924,tof1,4x4,empty,-1,-1,-1,-1,-1,-1,-1,-1,-1,-1,1978,-1,-1,1159,1129,1048,0,0,0,0,0,0,1,0,0,0,1,0,1,1,1,1
2026-07-03T19:52:48.955,tof2,4x4,empty,3004,3250,-1,-1,2130,-1,2113,3496,-1,1792,1479,-1,1074,1093,1101,1052,1,1,0,1,1,1,1,1,1,1,1,0,1,1,1,1
2026-07-03T19:52:49.167,tof1,4x4,empty,-1,-1,-1,-1,-1,-1,3038,-1,-1,-1,1971,-1,-1,1159,1129,1048,0,0,0,0,0,0,1,0,0,1,1,0,0,1,1,1
2026-07-03T19:52:49.204,tof2,4x4,empty,3004,3257,-1,-1,2124,-1,2126,3496,1523,1792,1479,-1,1074,1085,1106,1052,1,1,0,1,1,0,1,1,1,1,1,0,1,1,1,1
2026-07-03T19:52:49.403,tof1,4x4,empty,-1,-1,-1,-1,-1,-1,-1,-1,-1,-1,1998,1971,1113,1159,1129,1048,0,0,0,0,0,0,0,0,0,1,1,1,1,1,1,1
2026-07-03T19:52:49.404,tof2,4x4,empty,3004,3257,-1,3325,2104,-1,2126,3486,-1,1776,1478,-1,1075,1085,-1,1052,1,1,1,1,1,0,1,1,1,1,1,0,1,1,1,1
2026-07-03T19:52:49.567,tof1,4x4,empty,-1,-1,-1,-1,-1,-1,-1,-1,-1,1991,1977,-1,-1,1164,1135,1032,0,0,0,0,0,0,0,0,0,1,1,0,1,1,1,1
2026-07-03T19:52:49.591,tof2,4x4,empty,-1,3257,3341,3323,2104,-1,-1,-1,1523,-1,1478,-1,1075,-1,1107,1051,1,1,1,1,1,0,1,0,1,1,1,0,1,1,1,1
2026-07-03T19:52:49.727,tof1,4x4,empty,-1,-1,-1,-1,-1,-1,-1,-1,-1,1989,1983,-1,-1,1164,1121,1044,0,0,0,1,0,0,0,0,0,1,1,0,0,1,1,1
2026-07-03T19:52:49.767,tof2,4x4,empty,3004,3255,-1,3323,2104,-1,2125,3471,-1,1732,-1,-1,1076,1090,1107,1051,1,1,1,1,1,0,1,1,1,1,1,0,1,1,1,1
2026-07-03T19:52:49.899,tof1,4x4,empty,-1,-1,-1,-1,-1,-1,-1,-1,-1,1983,1983,1976,1113,1164,-1,1027,0,0,0,0,0,0,0,0,0,1,1,1,1,1,1,1
2026-07-03T19:52:49.963,tof2,4x4,empty,-1,3258,-1,3313,2104,-1,2125,3486,-1,1776,1478,-1,1081,-1,1106,1052,0,1,0,1,1,0,1,1,1,1,1,0,1,1,1,1
2026-07-03T19:52:50.077,tof1,4x4,empty,-1,-1,-1,-1,-1,-1,2609,-1,-1,-1,1983,-1,1113,-1,1120,1027,0,0,0,0,0,0,1,0,0,1,1,0,1,1,1,1
2026-07-03T19:52:50.135,tof2,4x4,empty,3033,3260,-1,3313,2129,2103,2126,3471,1520,1575,1505,-1,1081,1090,1106,1050,1,1,0,1,1,1,1,1,1,1,1,0,1,1,1,1
2026-07-03T19:52:50.247,tof1,4x4,empty,-1,-1,-1,-1,-1,-1,-1,-1,-1,-1,1983,-1,-1,-1,1095,1027,0,0,0,0,0,0,0,0,0,0,1,0,1,1,1,1
2026-07-03T19:52:50.309,tof2,4x4,empty,2987,3260,3332,3311,2129,-1,2155,3486,-1,1604,1505,-1,1081,1090,1106,1042,1,1,1,1,1,0,1,1,1,1,1,0,1,1,1,1
2026-07-03T19:52:50.416,tof1,4x4,empty,-1,-1,-1,-1,-1,-1,-1,-1,-1,1980,1989,1986,-1,-1,-1,1041,0,0,0,1,0,0,0,0,0,1,1,1,0,1,1,1
2026-07-03T19:52:50.484,tof2,4x4,empty,2977,3258,-1,3314,2129,-1,2185,3495,1492,1575,1505,-1,-1,1095,1105,1042,1,1,0,1,1,0,1,1,1,1,1,0,1,1,1,1
2026-07-03T19:52:50.587,tof1,4x4,empty,-1,-1,-1,-1,-1,-1,-1,-1,-1,-1,1995,1986,-1,1150,1101,1037,0,0,0,0,0,0,0,0,0,0,1,1,0,1,1,1
2026-07-03T19:52:50.646,tof2,4x4,empty,2987,3259,-1,3311,-1,2111,2185,3507,1520,1570,1473,-1,1084,1090,1105,1042,1,1,0,1,1,1,1,1,1,1,1,0,1,1,1,1
2026-07-03T19:52:50.748,tof1,4x4,empty,-1,-1,-1,-1,-1,-1,-1,-1,-1,1980,1989,1993,1109,-1,1101,1037,0,0,0,0,0,0,0,0,0,1,1,1,1,1,1,1
2026-07-03T19:52:50.800,tof2,4x4,empty,2992,3258,3319,3311,2125,2113,2155,3495,1492,1570,1473,-1,1085,1095,-1,1040,1,1,1,1,1,1,1,1,1,1,1,1,1,1,1,1
2026-07-03T19:52:50.902,tof1,4x4,empty,-1,-1,-1,-1,-1,-1,-1,-1,-1,-1,1995,1999,-1,1168,-1,1027,0,0,0,0,0,0,0,0,0,0,1,1,0,1,1,1
2026-07-03T19:52:50.951,tof2,4x4,empty,2987,3258,-1,3311,2125,2113,2151,3495,1492,-1,1473,-1,-1,1099,1105,1042,1,1,0,1,1,1,1,1,1,1,1,0,1,1,1,1
2026-07-03T19:52:51.066,tof1,4x4,empty,-1,-1,-1,-1,-1,-1,-1,-1,-1,-1,1997,1999,-1,1150,1101,1037,0,0,0,0,0,0,0,0,0,1,1,1,0,1,1,1
2026-07-03T19:52:51.117,tof2,4x4,empty,2992,3253,-1,-1,2125,2091,2143,3481,1492,-1,1482,-1,1085,1101,1105,1047,1,1,0,1,1,1,1,1,1,1,1,0,1,1,1,1
2026-07-03T19:52:51.233,tof1,4x4,empty,-1,-1,-1,-1,-1,-1,-1,-1,-1,-1,1997,1999,-1,1135,1101,1037,0,0,0,0,0,0,0,0,0,0,1,1,0,1,1,1
2026-07-03T19:52:51.266,tof2,4x4,empty,3000,3250,-1,3321,-1,-1,-1,3481,1533,1570,1482,-1,-1,1100,1105,1051,1,1,0,1,1,1,0,1,1,1,1,0,1,1,1,1
2026-07-03T19:52:51.406,tof1,4x4,empty,-1,-1,-1,-1,-1,-1,-1,-1,-1,1980,1985,-1,-1,1135,1116,1031,0,0,0,0,0,0,0,0,0,1,1,0,1,1,1,1
2026-07-03T19:52:51.426,tof2,4x4,empty,2992,3248,3319,3321,2122,2091,2104,3479,1552,1522,1489,-1,1085,1100,1105,1047,1,1,1,1,1,1,1,1,1,1,1,0,1,1,1,1
2026-07-03T19:52:51.562,tof1,4x4,empty,-1,-1,-1,-1,-1,-1,-1,-1,-1,1980,1985,-1,-1,1135,1116,1046,0,0,0,0,0,0,0,0,0,1,1,1,1,1,1,1
2026-07-03T19:52:51.588,tof2,4x4,empty,3000,3248,-1,3323,2118,-1,2104,3481,1552,1522,1489,-1,1085,1100,1105,1053,1,1,0,1,1,1,1,1,1,1,1,0,1,1,1,1
2026-07-03T19:52:51.731,tof1,4x4,empty,-1,-1,-1,-1,-1,-1,-1,-1,-1,-1,1982,-1,-1,1135,-1,1051,1,0,0,0,0,0,0,0,0,0,1,0,1,1,1,1
2026-07-03T19:52:51.744,tof2,4x4,empty,3000,3248,-1,3323,2121,-1,-1,3481,-1,-1,-1,-1,1082,1096,1104,1053,1,1,0,1,1,1,0,1,1,1,1,0,1,1,1,1
2026-07-03T19:52:51.881,tof1,4x4,empty,-1,-1,-1,-1,-1,-1,-1,-1,-1,-1,1968,-1,1092,1158,1116,-1,0,0,0,0,0,0,0,0,0,0,1,1,1,1,1,1
2026-07-03T19:52:51.924,tof2,4x4,empty,-1,3266,-1,3323,2121,-1,2104,-1,-1,-1,1608,-1,1078,1096,1106,1053,1,1,1,1,1,1,1,1,1,1,1,0,1,1,1,1
2026-07-03T19:52:52.043,tof1,4x4,empty,-1,-1,-1,-1,-1,-1,-1,-1,-1,1980,1968,1999,1098,1166,1116,-1,0,0,0,0,0,0,0,0,0,1,1,1,1,1,1,1
2026-07-03T19:52:52.090,tof2,4x4,empty,3012,3266,-1,3323,2114,2091,-1,3478,-1,1742,1454,-1,1078,1096,1106,1046,1,1,0,1,1,1,1,1,1,1,1,0,1,1,1,1
2026-07-03T19:52:52.221,tof1,4x4,empty,-1,-1,-1,-1,-1,-1,-1,-1,-1,-1,1978,-1,-1,1166,1100,1058,0,0,0,0,0,0,0,0,0,1,1,0,0,1,1,1
2026-07-03T19:52:52.252,tof2,4x4,empty,2967,3266,-1,3316,2121,2091,-1,3468,-1,1566,1454,-1,1082,1100,1104,1048,1,1,0,1,1,1,1,1,1,1,1,0,1,1,1,1
2026-07-03T19:52:52.380,tof1,4x4,empty,-1,-1,-1,-1,-1,-1,-1,-1,-1,-1,1978,1979,1092,1193,-1,1051,0,0,1,0,0,0,0,0,0,1,1,1,1,1,1,1
2026-07-03T19:52:52.433,tof2,4x4,empty,3002,3261,-1,3316,2124,-1,-1,-1,-1,1566,-1,-1,1082,1100,1104,1048,1,1,1,1,1,1,1,0,1,1,1,0,1,1,1,1
2026-07-03T19:52:52.536,tof1,4x4,empty,-1,-1,-1,-1,-1,-1,-1,-1,-1,-1,1978,1964,-1,1193,1100,1051,0,0,0,0,0,0,0,0,0,0,1,1,0,1,1,1
2026-07-03T19:52:52.580,tof2,4x4,empty,3002,3261,-1,3300,-1,-1,2092,3468,1552,1566,1449,-1,1085,1100,1103,1048,1,1,0,1,1,1,1,1,1,1,1,0,1,1,1,1
2026-07-03T19:52:52.738,tof2,4x4,empty,3037,3255,3319,3318,2126,2091,-1,3456,-1,1531,1454,-1,1085,1100,1102,1049,1,1,1,1,1,1,1,1,1,1,1,0,1,1,1,1
2026-07-03T19:52:52.739,tof1,4x4,empty,-1,-1,-1,-1,-1,-1,-1,-1,-1,-1,1983,-1,-1,-1,1125,1033,0,0,0,0,0,0,0,0,0,1,1,1,1,1,1,1
2026-07-03T19:52:52.891,tof2,4x4,empty,3011,3261,-1,3308,2126,2134,2092,3456,1440,1531,1447,-1,1082,1100,1099,1049,1,1,0,1,1,1,1,1,1,1,1,0,1,1,1,1
2026-07-03T19:52:52.912,tof1,4x4,empty,-1,-1,-1,-1,-1,-1,-1,-1,-1,-1,1983,-1,-1,1189,1125,1021,0,0,0,0,0,0,0,0,0,0,1,0,1,1,1,1
2026-07-03T19:52:53.048,tof2,4x4,empty,3023,3247,-1,3318,2127,-1,2117,3456,1440,1531,-1,-1,1085,1096,-1,1051,1,1,1,1,1,1,1,1,1,1,1,0,1,1,1,1
2026-07-03T19:52:53.088,tof1,4x4,empty,-1,-1,-1,-1,-1,-1,-1,-1,-1,-1,1995,1964,1087,1147,1125,1021,0,0,0,0,0,0,0,0,0,0,1,1,1,1,1,1
2026-07-03T19:52:53.208,tof2,4x4,empty,3023,3256,-1,3322,2127,2134,2075,3455,-1,1611,1447,-1,1085,1100,1097,1054,1,1,0,1,1,1,1,1,1,1,1,0,1,1,1,1
2026-07-03T19:52:53.252,tof1,4x4,empty,-1,-1,-1,-1,-1,-1,-1,-1,-1,-1,1996,-1,1087,1147,1125,1021,0,0,0,0,0,0,0,0,0,1,1,0,1,1,1,1
2026-07-03T19:52:53.377,tof2,4x4,empty,3011,3247,-1,3322,2126,-1,2075,3455,1440,1611,1469,-1,1084,1096,1097,1054,1,1,1,1,1,1,1,1,1,1,1,0,1,1,1,1
2026-07-03T19:52:53.413,tof1,4x4,empty,-1,-1,-1,-1,-1,-1,-1,-1,-1,-1,1995,1964,1087,1147,1114,1025,0,0,0,1,0,0,0,0,0,0,1,1,1,1,1,1
2026-07-03T19:52:53.535,tof2,4x4,empty,2986,3247,-1,3315,2127,2080,2134,3455,-1,1704,1479,-1,1084,1101,1099,1054,1,1,0,1,1,1,1,1,1,1,1,0,1,1,1,1
2026-07-03T19:52:53.578,tof1,4x4,empty,-1,-1,-1,-1,-1,-1,-1,-1,-1,-1,1995,-1,-1,1147,1113,1032,0,0,0,0,0,0,0,0,0,0,1,0,0,1,1,1
2026-07-03T19:52:53.687,tof2,4x4,empty,2986,3247,3296,3315,2140,-1,2134,3460,-1,1611,1479,-1,-1,1096,1097,1054,1,1,1,1,1,1,1,1,1,1,1,0,1,1,1,1
2026-07-03T19:52:53.741,tof1,4x4,empty,-1,-1,-1,-1,-1,-1,-1,-1,-1,1966,1969,1964,-1,1163,-1,-1,0,0,0,0,0,0,0,0,0,1,1,1,0,1,1,1
2026-07-03T19:52:53.836,tof2,4x4,empty,2981,3251,-1,3315,2115,2080,-1,3453,-1,1498,1479,-1,1084,1098,-1,1054,1,1,0,1,1,1,1,1,1,1,1,0,1,1,1,1
2026-07-03T19:52:53.894,tof1,4x4,empty,-1,-1,-1,-1,-1,-1,-1,-1,-1,-1,1969,-1,1087,1163,-1,-1,0,0,0,0,0,0,0,0,0,0,1,0,1,1,1,1
2026-07-03T19:52:53.994,tof2,4x4,empty,2975,3251,-1,3315,2115,2060,2122,3492,1454,1498,1479,-1,1081,1098,1100,1049,1,1,1,1,1,1,1,1,1,1,1,0,1,1,1,1
2026-07-03T19:52:54.072,tof1,4x4,empty,-1,-1,-1,-1,-1,-1,-1,-1,-1,1966,1969,-1,-1,1163,-1,1032,0,0,0,0,0,0,0,0,0,1,1,0,0,1,1,1
2026-07-03T19:52:54.164,tof2,4x4,empty,2966,3254,-1,-1,2131,2060,-1,3487,1474,1704,-1,-1,1081,1098,1100,1049,1,1,0,1,1,1,1,1,1,1,1,0,1,1,1,1
2026-07-03T19:52:54.271,tof1,4x4,empty,-1,-1,-1,-1,-1,-1,-1,-1,-1,1956,1970,-1,-1,1163,1088,1053,0,0,0,0,0,0,0,0,0,1,1,1,0,1,1,1
2026-07-03T19:52:54.330,tof2,4x4,empty,2966,3255,-1,3318,2131,-1,2132,3501,-1,1738,1511,-1,1076,1098,-1,1049,1,1,0,1,1,1,1,1,1,1,1,0,1,1,1,1
2026-07-03T19:52:54.455,tof1,4x4,empty,-1,-1,-1,-1,-1,-1,-1,-1,-1,-1,1970,1964,-1,1163,1087,-1,0,0,0,0,0,0,0,0,0,0,1,1,0,1,1,1
2026-07-03T19:52:54.497,tof2,4x4,empty,2966,3255,-1,3331,2095,-1,2122,3487,-1,1738,1511,-1,1076,1098,1098,1049,1,1,0,1,1,1,1,1,1,1,1,0,1,1,1,1
2026-07-03T19:52:54.611,tof1,4x4,empty,-1,-1,-1,-1,-1,-1,-1,-1,-1,-1,1972,1966,-1,1169,1087,1032,0,0,0,0,0,0,0,0,0,0,1,1,1,1,1,1
2026-07-03T19:52:54.672,tof2,4x4,empty,-1,3255,-1,3331,2131,-1,-1,-1,-1,-1,-1,-1,1081,1098,1098,1049,1,1,0,1,1,1,0,1,1,1,1,0,1,1,1,1
2026-07-03T19:52:54.785,tof1,4x4,empty,-1,-1,-1,-1,-1,-1,-1,-1,-1,-1,1974,-1,-1,-1,1085,1032,0,0,0,0,0,0,0,0,0,0,1,1,0,1,1,1
2026-07-03T19:52:54.832,tof2,4x4,empty,3014,3255,-1,3331,2144,2099,2122,3487,-1,1738,1517,-1,1083,1097,1098,1052,1,1,1,1,1,1,1,1,1,1,1,0,1,1,1,1
2026-07-03T19:52:54.947,tof1,4x4,empty,3332,-1,-1,-1,-1,-1,-1,-1,-1,-1,1977,1981,-1,1175,1087,-1,1,0,0,0,0,0,0,0,0,1,1,1,0,1,1,1
2026-07-03T19:52:54.991,tof2,4x4,empty,3017,3254,-1,3331,-1,-1,2132,3487,1474,-1,-1,-1,-1,1097,1098,1052,1,1,0,1,0,1,1,1,1,1,1,1,1,1,1,1
2026-07-03T19:52:55.419,tof1,4x4,empty,-1,-1,-1,-1,-1,-1,-1,-1,-1,-1,1977,-1,-1,1175,1121,-1,0,0,0,0,0,0,0,0,0,0,1,1,1,1,1,1
2026-07-03T19:52:56.355,tof2,4x4,empty,3017,3254,-1,3315,2151,2099,2132,3455,-1,1733,-1,-1,1078,1097,1098,1052,1,1,0,1,1,1,1,1,1,1,1,0,1,1,1,1
2026-07-03T19:52:56.836,tof1,4x4,empty,-1,-1,-1,-1,-1,-1,-1,-1,-1,-1,1980,-1,1087,1169,1125,-1,0,0,0,0,0,0,0,0,0,0,1,1,1,1,1,1
2026-07-03T19:52:56.968,tof2,4x4,empty,-1,3254,-1,3315,2154,2060,2141,3446,1487,1733,1517,-1,1081,1097,1099,1053,1,1,0,1,1,1,1,1,1,1,1,0,1,1,1,1
2026-07-03T19:52:57.031,tof1,4x4,empty,-1,-1,-1,-1,-1,-1,-1,-1,-1,-1,1983,2012,-1,-1,1126,1035,0,0,0,0,0,0,0,0,0,0,1,1,0,1,1,1
2026-07-03T19:52:57.143,tof2,4x4,empty,-1,3254,-1,3319,2154,2099,2161,3455,1487,1634,1517,-1,1081,1097,1102,1052,1,1,1,1,1,1,1,1,1,1,1,0,1,1,1,1
2026-07-03T19:52:57.186,tof1,4x4,empty,-1,-1,-1,-1,-1,-1,-1,-1,-1,-1,1983,2012,1097,1169,1126,1035,1,0,0,0,0,0,0,0,0,1,1,1,1,1,1,1
2026-07-03T19:52:57.296,tof2,4x4,empty,3017,3254,-1,3321,2154,2099,2183,3444,1487,1634,1495,-1,1081,1097,1102,1051,1,1,0,1,1,1,1,1,1,1,1,0,1,1,1,1
2026-07-03T19:52:57.358,tof1,4x4,empty,-1,-1,-1,-1,-1,-1,-1,-1,-1,-1,1983,2032,-1,1172,1126,-1,1,0,0,0,0,0,0,0,0,1,1,1,0,1,1,1
2026-07-03T19:52:57.467,tof2,4x4,empty,3012,3245,-1,3319,2146,2084,2183,3444,1487,1521,1471,-1,1081,1097,1102,1047,1,1,0,1,1,1,1,1,1,1,1,0,1,1,1,1
2026-07-03T19:52:57.611,tof1,4x4,empty,-1,-1,-1,-1,-1,-1,-1,-1,-1,-1,1983,-1,-1,1172,1126,1035,0,0,0,0,0,0,0,0,0,0,1,0,1,1,1,1
2026-07-03T19:52:57.645,tof2,4x4,empty,3012,3245,-1,3319,2128,-1,2183,3485,-1,1521,-1,-1,1081,1097,1102,1047,1,1,0,1,1,1,1,1,1,1,1,0,1,1,1,1
2026-07-03T19:52:58.067,tof1,4x4,empty,-1,-1,-1,-1,-1,-1,-1,-1,-1,1966,1981,-1,-1,1178,-1,1035,1,0,0,0,0,0,0,0,0,1,1,0,0,1,1,1
2026-07-03T19:52:58.084,tof2,4x4,empty,3012,3266,-1,3316,2116,-1,2141,3485,1501,-1,1471,-1,1077,-1,1102,1044,1,1,0,1,1,1,1,1,1,1,1,1,1,1,1,1
2026-07-03T19:52:58.268,tof1,4x4,empty,-1,-1,-1,-1,-1,-1,-1,-1,-1,-1,1981,-1,-1,1178,-1,1035,0,0,0,0,0,0,0,0,0,1,1,1,0,1,1,1
2026-07-03T19:52:58.286,tof2,4x4,empty,3012,3249,-1,3309,2111,-1,2140,3461,-1,1521,1463,-1,1077,1097,1101,1043,1,1,0,1,1,1,1,1,1,1,1,0,1,1,1,1
2026-07-03T19:52:58.433,tof1,4x4,empty,-1,-1,-1,-1,-1,-1,-1,-1,-1,-1,1981,-1,1118,1172,1126,-1,0,0,0,1,0,0,1,0,0,1,1,0,1,1,1,1
2026-07-03T19:52:58.453,tof2,4x4,empty,3012,3251,-1,3309,2111,2116,2140,3487,-1,-1,1463,-1,1077,-1,1100,1043,1,1,0,1,1,1,1,1,1,1,1,0,1,1,1,1
2026-07-03T19:52:58.601,tof1,4x4,empty,-1,-1,-1,-1,-1,-1,-1,-1,-1,-1,1986,-1,-1,1180,1126,1046,0,0,0,0,0,0,0,0,0,1,1,1,1,1,1,1
2026-07-03T19:52:58.622,tof2,4x4,empty,2984,3266,-1,3307,2111,2116,2140,3461,-1,1521,-1,-1,1083,1097,1100,1043,1,1,1,1,1,1,1,1,1,1,1,0,1,1,1,1
2026-07-03T19:52:58.797,tof1,4x4,empty,-1,-1,-1,-1,-1,-1,-1,-1,-1,-1,1986,-1,-1,1142,1127,1054,0,0,0,0,0,0,0,0,0,1,1,1,1,1,1,1
2026-07-03T19:52:58.804,tof2,4x4,empty,2964,3266,3296,3309,2111,-1,2140,3461,1501,1597,1477,-1,1085,1097,1100,1044,1,1,1,1,1,1,1,1,1,1,1,0,1,1,1,1
2026-07-03T19:52:58.956,tof1,4x4,empty,-1,-1,-1,-1,-1,-1,-1,-1,-1,-1,1991,2032,-1,1142,1127,1046,1,0,0,0,0,0,0,0,0,1,1,1,0,1,1,1
2026-07-03T19:52:59.011,tof2,4x4,empty,2953,3265,-1,3309,2111,2122,2152,3450,-1,1597,1477,-1,1085,1099,1100,1051,1,1,0,1,1,1,1,1,1,1,1,1,1,1,1,1
2026-07-03T19:52:59.116,tof1,4x4,empty,-1,-1,-1,-1,-1,-1,-1,-1,-1,1966,1991,2032,1118,-1,-1,1054,0,0,0,0,0,0,0,0,0,1,1,1,1,1,1,1
2026-07-03T19:52:59.168,tof2,4x4,empty,2953,3268,-1,3325,2117,2084,-1,3465,-1,1726,1473,-1,-1,1097,1100,1052,1,1,0,1,1,1,1,1,1,1,1,0,1,1,1,1
2026-07-03T19:52:59.294,tof1,4x4,empty,-1,-1,-1,-1,-1,-1,-1,-1,-1,-1,1991,-1,-1,1160,1127,1057,0,0,0,0,0,0,0,0,0,1,1,0,0,1,1,1
2026-07-03T19:52:59.340,tof2,4x4,empty,2953,3268,-1,3329,2125,-1,-1,3465,-1,1726,-1,-1,1085,1094,-1,1053,1,1,0,1,1,1,1,1,1,1,1,0,1,1,1,1
2026-07-03T19:52:59.442,tof1,4x4,empty,-1,-1,-1,-1,-1,-1,-1,-1,-1,-1,1991,-1,1112,-1,1127,1057,0,0,0,0,0,0,0,0,0,0,1,1,1,1,1,1
2026-07-03T19:52:59.502,tof2,4x4,empty,-1,3265,-1,3330,-1,-1,2152,3472,1501,-1,-1,-1,-1,1099,1100,1053,0,1,0,1,1,1,1,1,1,1,1,0,1,1,1,1
2026-07-03T19:52:59.594,tof1,4x4,empty,-1,-1,-1,-1,-1,-1,-1,-1,-1,1967,1998,1971,-1,1160,1124,1057,0,0,0,0,0,0,0,0,0,1,1,1,1,1,1,1
2026-07-03T19:52:59.662,tof2,4x4,empty,-1,3265,3296,3329,2118,-1,-1,3465,1501,-1,1477,-1,1085,1097,1100,1052,0,1,1,1,1,0,1,1,1,1,1,0,1,1,1,1
2026-07-03T19:52:59.753,tof1,4x4,empty,-1,-1,-1,-1,-1,-1,-1,-1,-1,1966,1998,-1,-1,-1,1124,1057,0,0,0,0,0,0,0,0,0,1,1,1,0,1,1,1
2026-07-03T19:52:59.834,tof2,4x4,empty,2953,3270,-1,3330,2118,2122,-1,3470,1509,1758,1478,-1,1084,1094,1103,1052,1,1,0,1,1,1,0,1,1,1,1,0,1,1,1,1
2026-07-03T19:52:59.911,tof1,4x4,empty,-1,-1,-1,-1,-1,-1,-1,-1,-1,-1,2001,-1,-1,1140,1124,-1,0,0,0,0,0,0,0,0,0,0,1,1,0,1,1,1
2026-07-03T19:52:59.988,tof2,4x4,empty,2997,3255,-1,3330,2125,-1,2141,3472,-1,1758,1473,-1,1081,-1,-1,1060,1,1,0,1,1,0,1,1,1,1,1,0,1,1,1,1
2026-07-03T19:53:00.111,tof1,4x4,empty,-1,-1,-1,-1,-1,-1,-1,-1,-1,1967,1990,-1,-1,1160,1123,1046,0,0,0,0,0,0,0,0,0,1,1,0,1,1,1,1
2026-07-03T19:53:00.174,tof2,4x4,empty,3004,3269,-1,3326,-1,-1,-1,3492,1513,1758,-1,-1,1080,1090,1103,1046,1,1,0,1,0,0,0,1,1,1,1,0,1,1,1,1
2026-07-03T19:53:00.273,tof1,4x4,empty,-1,-1,-1,-1,-1,-1,-1,-1,-1,-1,1988,1938,-1,1160,1126,-1,0,0,0,0,0,0,0,0,0,0,1,1,0,1,1,1
2026-07-03T19:53:00.337,tof2,4x4,empty,2997,3269,-1,3313,2119,-1,2141,3492,-1,1771,1478,-1,1081,1097,1101,1046,1,1,0,1,1,0,1,1,1,1,1,0,1,1,1,1
2026-07-03T19:53:00.424,tof1,4x4,empty,-1,-1,-1,-1,-1,-1,-1,-1,-1,1979,1987,-1,1118,1140,1126,1046,0,0,0,0,0,0,0,0,0,1,1,0,1,1,1,1
2026-07-03T19:53:00.515,tof2,4x4,empty,2998,3265,3282,3313,-1,-1,2141,3492,1513,1778,1482,-1,1080,1092,1101,1060,1,1,1,1,0,0,1,1,1,1,1,0,1,1,1,1
2026-07-03T19:53:00.584,tof1,4x4,empty,-1,-1,-1,-1,-1,-1,-1,-1,-1,-1,1981,-1,1126,-1,1150,1041,0,0,0,0,0,0,0,0,0,1,1,0,1,1,1,1
2026-07-03T19:53:00.671,tof2,4x4,empty,2998,3261,-1,3313,2119,-1,2124,3492,1513,1778,1482,-1,1080,1092,1101,1055,1,1,0,1,1,0,1,1,1,1,1,0,1,1,1,1
2026-07-03T19:53:00.752,tof1,4x4,empty,-1,-1,-1,-1,-1,-1,-1,-1,-1,-1,1981,-1,1126,1159,1123,1041,0,0,0,1,0,0,0,0,0,0,1,1,1,1,1,1
2026-07-03T19:53:00.828,tof2,4x4,empty,3021,3261,-1,3345,-1,-1,2124,3495,1513,-1,-1,-1,1078,1095,1101,1047,1,1,1,1,1,0,1,1,1,1,1,0,1,1,1,1
2026-07-03T19:53:00.908,tof1,4x4,empty,-1,-1,-1,-1,-1,-1,-1,-1,-1,1979,1985,-1,1126,1159,1102,-1,0,1,0,0,0,0,0,0,0,1,1,0,1,1,1,1
2026-07-03T19:53:00.977,tof2,4x4,empty,2998,3254,-1,3345,2128,-1,2156,3483,-1,-1,1510,-1,1078,1099,-1,1047,1,1,0,1,1,0,1,1,1,1,1,0,1,1,1,1
2026-07-03T19:53:01.064,tof1,4x4,empty,-1,-1,-1,-1,-1,-1,-1,-1,-1,-1,1985,-1,-1,1149,-1,1046,0,0,0,0,0,0,0,0,0,0,1,1,1,1,1,1
2026-07-03T19:53:01.134,tof2,4x4,empty,-1,3254,-1,3345,2128,2130,2129,3482,1533,1716,1510,-1,1078,1095,1101,1047,0,1,1,1,1,1,1,1,1,1,1,0,1,1,1,1
2026-07-03T19:53:01.233,tof1,4x4,empty,-1,-1,-1,-1,-1,-1,-1,-1,-1,-1,1981,-1,-1,1149,-1,1049,0,0,0,0,0,0,0,0,0,0,1,1,0,1,1,1
2026-07-03T19:53:01.294,tof2,4x4,empty,3026,3253,-1,3337,2124,-1,2135,3482,1471,1716,-1,-1,1084,1099,1101,1047,1,1,1,1,1,1,1,1,1,1,1,0,1,1,1,1
2026-07-03T19:53:01.390,tof1,4x4,empty,-1,-1,-1,-1,-1,-1,-1,-1,-1,1979,1985,1938,1126,1153,-1,-1,0,0,0,0,0,0,0,0,0,1,1,1,1,1,1,1
2026-07-03T19:53:01.445,tof2,4x4,empty,-1,3253,-1,3337,2124,-1,2135,3481,1533,1716,1482,-1,1084,1099,1102,1047,1,1,0,1,1,1,1,1,1,1,1,0,1,1,1,1
2026-07-03T19:53:01.550,tof1,4x4,empty,-1,-1,-1,-1,-1,-1,-1,-1,-1,-1,1985,-1,-1,1149,1102,1049,0,1,0,0,0,0,0,0,0,1,1,1,0,1,1,1
2026-07-03T19:53:01.606,tof2,4x4,empty,3026,3253,-1,3310,2124,2130,2135,3477,1446,-1,1499,-1,1085,1099,1101,1058,1,1,1,1,1,1,1,1,1,1,1,0,1,1,1,1
2026-07-03T19:53:01.705,tof1,4x4,empty,-1,-1,-1,-1,-1,-1,-1,-1,-1,-1,1985,-1,1127,-1,1102,-1,0,0,0,0,0,0,0,0,0,0,1,0,1,1,1,1
2026-07-03T19:53:01.774,tof2,4x4,empty,3026,3253,-1,3310,2120,2070,2129,3477,1533,-1,1499,-1,1084,-1,1101,1058,1,1,0,1,1,1,1,1,1,1,1,0,1,1,1,1
2026-07-03T19:53:01.883,tof1,4x4,empty,-1,-1,-1,-1,-1,-1,-1,-1,-1,-1,1995,1938,-1,1153,-1,-1,0,0,0,0,0,0,0,0,0,1,1,1,0,1,1,1
2026-07-03T19:53:01.945,tof2,4x4,empty,3026,3252,-1,3310,2113,-1,2083,-1,1546,-1,1486,-1,1082,1092,1103,1058,1,1,0,1,1,1,1,0,1,1,1,0,1,1,1,1
2026-07-03T19:53:02.064,tof1,4x4,empty,-1,-1,-1,-1,-1,-1,-1,-1,-1,1979,1998,1940,-1,1153,-1,1051,1,0,0,0,0,0,0,0,0,1,1,1,0,1,1,1
2026-07-03T19:53:02.112,tof2,4x4,empty,3026,3252,-1,3334,2120,2070,2062,3477,1546,1586,-1,-1,1082,-1,-1,1051,1,1,1,1,1,1,1,1,1,1,1,0,1,1,1,1
2026-07-03T19:53:02.230,tof1,4x4,empty,-1,-1,-1,-1,-1,-1,-1,-1,-1,-1,1998,-1,-1,-1,1102,-1,0,0,0,0,0,0,0,0,0,1,1,0,0,1,1,1
2026-07-03T19:53:02.296,tof2,4x4,empty,3004,3252,-1,3325,2120,-1,2062,3478,-1,1716,1499,-1,1082,1099,-1,1051,1,1,0,1,1,1,1,1,1,1,1,1,1,1,1,1
2026-07-03T19:53:02.389,tof1,4x4,empty,-1,-1,-1,-1,-1,-1,-1,-1,-1,-1,2005,-1,1069,1133,1106,-1,0,0,0,0,0,0,0,0,0,0,1,0,1,1,1,1
2026-07-03T19:53:02.466,tof2,4x4,empty,3004,3245,-1,3334,2113,2069,2062,3477,-1,1754,1499,-1,1081,1099,1103,1049,1,1,0,1,1,1,1,1,1,1,1,0,1,1,1,1
2026-07-03T19:53:02.562,tof1,4x4,empty,-1,-1,-1,-1,-1,-1,-1,-1,-1,1962,2005,-1,-1,1133,1106,1049,0,0,0,0,0,0,0,0,0,1,1,0,1,1,1,1
2026-07-03T19:53:02.648,tof2,4x4,empty,-1,3245,-1,-1,2113,-1,-1,3463,-1,1754,1511,-1,1082,1093,1101,1051,1,1,0,1,1,1,1,1,1,1,1,0,1,1,1,1
2026-07-03T19:53:02.719,tof1,4x4,empty,-1,-1,-1,-1,-1,-1,-1,-1,-1,-1,1978,-1,-1,-1,1096,1051,0,0,0,0,0,0,0,0,0,1,1,1,0,1,1,1
2026-07-03T19:53:02.807,tof2,4x4,empty,3004,3245,-1,3325,-1,2063,2122,3459,1546,1586,1486,-1,1083,1098,-1,1051,1,1,0,1,1,1,1,1,1,1,1,0,1,1,1,1
2026-07-03T19:53:02.888,tof1,4x4,empty,-1,-1,-1,-1,-1,-1,-1,-1,-1,1962,1978,-1,1069,1175,1106,1046,0,0,0,0,0,0,0,0,0,1,1,1,1,1,1,1
2026-07-03T19:53:02.975,tof2,4x4,empty,3004,3245,-1,3325,2111,2069,-1,-1,-1,1759,1511,-1,1083,1099,-1,1051,1,1,0,1,1,1,1,1,1,1,1,0,1,1,1,1
2026-07-03T19:53:03.073,tof1,4x4,empty,-1,-1,-1,-1,-1,-1,-1,-1,-1,1984,1978,1940,-1,1175,1112,1046,0,0,0,0,0,0,1,0,0,1,1,1,1,1,1,1
2026-07-03T19:53:03.152,tof2,4x4,empty,3004,3245,3282,3315,2107,2069,-1,3463,1562,-1,-1,-1,1083,1099,1103,1050,1,1,1,1,1,1,1,1,1,1,1,0,1,1,1,1
2026-07-03T19:53:03.235,tof1,4x4,empty,3374,-1,-1,-1,-1,-1,-1,-1,-1,-1,1978,-1,1069,-1,1103,1029,1,1,0,0,0,0,0,0,0,0,1,0,1,1,1,1
2026-07-03T19:53:03.308,tof2,4x4,empty,3012,3259,-1,-1,2107,2069,2122,3459,1546,1756,1462,-1,1084,1098,-1,1050,1,1,0,1,1,1,1,1,1,1,1,0,1,1,1,1
2026-07-03T19:53:03.395,tof1,4x4,empty,-1,-1,-1,-1,-1,-1,-1,-1,-1,-1,1981,-1,-1,1175,1109,1029,0,0,0,0,0,0,0,0,0,0,1,0,0,1,1,1
2026-07-03T19:53:03.477,tof2,4x4,empty,3012,3263,3298,3315,2124,2137,-1,3463,1538,1756,-1,-1,-1,1099,1095,1050,1,1,1,1,1,1,0,1,1,1,1,0,1,1,1,1
2026-07-03T19:53:03.556,tof1,4x4,empty,-1,-1,-1,-1,-1,-1,-1,-1,-1,1989,1981,-1,-1,1180,1109,1029,1,0,0,0,0,0,0,0,0,1,1,1,0,1,1,1
2026-07-03T19:53:03.639,tof2,4x4,empty,2997,3263,-1,3315,-1,2137,2124,3469,1538,-1,-1,-1,1083,1099,1095,1044,1,1,0,1,0,1,1,1,1,1,1,0,1,1,1,1
2026-07-03T19:53:03.714,tof1,4x4,empty,-1,-1,-1,-1,-1,-1,-1,-1,-1,1993,1978,-1,-1,-1,1109,1030,0,0,0,0,0,0,0,0,0,1,1,0,1,1,1,1
2026-07-03T19:53:03.800,tof2,4x4,empty,2994,3259,-1,3315,2124,2099,2124,3469,1534,1756,1484,-1,1081,1099,1103,1043,1,1,0,1,1,1,1,1,1,1,1,0,1,1,1,1
2026-07-03T19:53:03.878,tof1,4x4,empty,-1,-1,-1,-1,-1,-1,-1,-1,-1,-1,1977,-1,-1,-1,1103,1041,0,0,0,0,0,0,0,0,0,0,1,1,0,1,1,1
2026-07-03T19:53:03.959,tof2,4x4,empty,-1,3259,-1,3333,2138,-1,2125,3469,-1,1774,-1,-1,1081,1098,1105,1044,1,1,0,1,1,1,1,1,1,1,1,0,1,1,1,1
2026-07-03T19:53:04.041,tof1,4x4,empty,-1,-1,-1,-1,-1,-1,-1,-1,-1,1993,1977,-1,-1,-1,1103,1061,0,0,0,0,0,0,0,0,0,1,1,0,1,1,1,1
2026-07-03T19:53:04.128,tof2,4x4,empty,-1,3258,-1,3340,2138,2098,2125,3469,-1,1774,1441,-1,1082,1098,1105,1045,1,1,0,1,1,1,1,1,1,1,1,1,1,1,1,1
2026-07-03T19:53:04.208,tof1,4x4,empty,-1,-1,-1,-1,-1,-1,-1,-1,-1,-1,1971,-1,-1,-1,1103,1061,1,0,0,0,0,0,0,0,0,0,1,0,0,1,1,1
2026-07-03T19:53:04.302,tof2,4x4,empty,2994,3258,-1,3338,2138,-1,2125,3459,1534,1774,1484,-1,1081,-1,-1,1045,1,1,0,1,1,1,1,1,1,1,1,0,1,1,1,1
2026-07-03T19:53:04.369,tof1,4x4,empty,-1,-1,-1,-1,-1,-1,-1,-1,-1,-1,1977,-1,-1,1175,1096,1061,0,0,0,0,0,0,0,0,0,0,1,1,1,1,1,1
2026-07-03T19:53:04.459,tof2,4x4,empty,2986,3258,-1,3338,-1,2098,-1,3459,-1,-1,1484,-1,1082,1098,1105,1046,1,1,0,1,1,1,1,1,1,1,1,0,1,1,1,1
2026-07-03T19:53:04.534,tof1,4x4,empty,-1,-1,-1,-1,-1,-1,-1,-1,-1,-1,1977,-1,1069,-1,-1,1058,0,0,0,0,0,0,0,0,0,0,1,0,1,1,1,1
2026-07-03T19:53:04.615,tof2,4x4,empty,2994,3258,-1,3338,-1,2098,2125,3504,1534,1770,1484,-1,1082,1101,1103,1050,1,1,0,1,0,1,1,1,1,1,1,0,1,1,1,1
2026-07-03T19:53:04.723,tof1,4x4,empty,-1,-1,-1,-1,-1,-1,-1,-1,-1,-1,1981,-1,1061,1197,1096,1058,0,0,1,0,0,0,0,0,0,1,1,0,1,1,1,1
2026-07-03T19:53:04.777,tof2,4x4,empty,2998,3260,-1,3333,2120,2099,2120,3460,-1,1788,1453,-1,1079,1101,1105,1054,1,1,0,1,1,1,1,1,1,1,1,0,1,1,1,1
2026-07-03T19:53:04.890,tof1,4x4,empty,-1,-1,-1,-1,-1,-1,-1,-1,-1,1995,1981,1950,-1,1159,-1,1053,0,0,0,0,0,0,0,0,0,1,1,1,0,1,1,1
2026-07-03T19:53:04.936,tof2,4x4,empty,3031,3260,3298,3333,2120,2098,2120,3514,-1,-1,1498,-1,1079,1101,1103,1054,1,1,1,1,1,1,1,1,1,1,1,0,1,1,1,1
2026-07-03T19:53:05.064,tof1,4x4,empty,-1,-1,-1,-1,-1,-1,-1,-1,-1,1995,1989,1950,1052,1174,1081,-1,0,0,0,0,0,0,0,0,0,1,1,1,1,1,1,1
2026-07-03T19:53:05.093,tof2,4x4,empty,2998,3260,3298,3324,2117,2115,2144,3514,-1,1788,-1,-1,1079,1101,1100,1055,1,1,1,1,1,1,1,1,1,1,1,0,1,1,1,1
2026-07-03T19:53:05.229,tof1,4x4,empty,-1,-1,-1,-1,-1,-1,-1,-1,-1,-1,1998,-1,-1,-1,1108,1033,0,0,0,0,0,0,0,0,0,0,1,1,1,1,1,1
2026-07-03T19:53:05.272,tof2,4x4,empty,2998,3261,-1,3333,2117,2129,2161,3504,-1,1788,-1,-1,1074,-1,-1,1055,1,1,1,1,1,1,1,1,1,1,1,0,1,1,1,1
2026-07-03T19:53:05.382,tof1,4x4,empty,-1,-1,-1,-1,-1,-1,-1,-1,-1,-1,1998,-1,-1,-1,-1,1057,0,0,0,0,0,0,0,0,0,0,1,0,1,1,1,1
2026-07-03T19:53:05.442,tof2,4x4,empty,2998,3261,-1,3319,2117,-1,2144,3489,-1,1788,1453,-1,1079,1094,1100,1054,1,1,0,1,1,1,1,1,1,1,1,0,1,1,1,1
2026-07-03T19:53:05.539,tof1,4x4,empty,-1,-1,-1,-1,-1,-1,-1,-1,-1,1995,1989,1950,-1,1159,1124,-1,1,1,0,0,0,0,0,0,0,1,1,1,0,1,1,1
2026-07-03T19:53:05.597,tof2,4x4,empty,3020,3261,-1,3313,2122,-1,2144,3489,-1,1788,1453,-1,1074,1094,1100,1053,1,1,1,1,1,1,1,1,1,1,1,0,1,1,1,1
2026-07-03T19:53:05.740,tof1,4x4,empty,-1,-1,-1,-1,-1,-1,-1,-1,-1,-1,1998,-1,-1,1159,-1,1041,0,0,0,0,0,0,0,0,0,0,1,0,0,1,1,1
2026-07-03T19:53:05.838,tof2,4x4,empty,2986,3261,3321,3313,2122,2136,2142,3405,-1,1777,1522,-1,1071,-1,1100,1053,1,1,1,1,1,1,1,1,1,1,1,0,1,1,1,1
2026-07-03T19:53:05.998,tof2,4x4,empty,3020,3261,-1,3313,2122,-1,2140,3405,1534,1777,1522,-1,1074,-1,1100,1053,1,1,1,1,1,1,1,1,1,1,1,0,1,1,1,1
2026-07-03T19:53:06.156,tof2,4x4,empty,3044,3252,-1,3313,2122,2136,-1,3424,1534,1571,1451,-1,-1,1094,-1,1053,1,1,0,1,1,1,0,1,1,1,1,0,1,1,1,1
2026-07-03T19:53:06.314,tof2,4x4,empty,3020,3258,-1,3313,2113,2136,2140,3405,-1,-1,-1,-1,1080,1094,1100,1053,1,1,1,1,1,1,1,1,1,1,1,0,1,1,1,1
2026-07-03T19:53:06.461,tof2,4x4,empty,-1,3258,-1,3313,2100,2136,2142,3424,1570,1640,1522,-1,1080,1094,1101,1053,1,1,0,1,1,1,1,1,1,1,1,0,1,1,1,1
2026-07-03T19:53:06.617,tof2,4x4,empty,3028,3258,-1,3313,2100,2140,2181,3440,1536,1640,-1,-1,1080,1094,1100,1053,1,1,0,1,1,1,1,1,1,1,1,0,1,1,1,1
2026-07-03T19:53:06.794,tof2,4x4,empty,3028,3258,-1,3320,2100,2113,2181,3424,1536,1640,-1,-1,1080,1094,-1,1053,1,1,0,1,1,1,1,1,1,1,1,0,1,1,1,1
2026-07-03T19:53:06.895,tof1,4x4,empty,-1,-1,-1,-1,-1,-1,-1,-1,-1,-1,1974,1950,-1,1137,1125,1041,0,0,0,0,0,0,0,0,0,0,1,1,1,1,1,1
2026-07-03T19:53:06.970,tof2,4x4,empty,-1,3258,-1,-1,2114,-1,2181,3439,1536,1640,-1,-1,-1,1094,1100,1049,1,1,0,1,1,1,1,1,1,1,1,0,1,1,1,1
2026-07-03T19:53:07.054,tof1,4x4,empty,-1,-1,-1,-1,-1,-1,-1,-1,-1,-1,1973,-1,-1,1137,1125,1056,0,0,0,0,0,0,0,0,0,0,1,0,1,1,1,1
2026-07-03T19:53:07.131,tof2,4x4,empty,3017,3255,-1,3320,2144,2082,2161,3439,-1,1763,1483,-1,1081,1094,1099,1047,1,1,0,1,1,1,1,1,1,1,1,0,1,1,1,1
2026-07-03T19:53:07.221,tof1,4x4,empty,-1,-1,-1,-1,-1,-1,-1,-1,-1,1998,1974,-1,1052,1133,1142,1057,0,0,0,0,0,0,0,0,0,1,1,0,1,1,1,1
2026-07-03T19:53:07.298,tof2,4x4,empty,3003,3255,-1,3320,2144,2131,2146,3439,1593,1763,-1,-1,1082,1095,1099,1047,1,1,1,1,1,1,1,1,1,1,1,0,1,1,1,1
2026-07-03T19:53:07.377,tof1,4x4,empty,-1,-1,-1,-1,-1,-1,-1,-1,-1,-1,1987,2004,-1,1137,1142,1056,0,0,0,0,0,0,0,0,0,1,1,1,0,1,1,1
2026-07-03T19:53:07.454,tof2,4x4,empty,3003,3252,-1,3319,2152,2082,2146,3439,1536,1781,1447,-1,-1,1095,1098,1043,1,1,0,1,1,1,1,1,1,1,1,0,1,1,1,1
2026-07-03T19:53:07.525,tof1,4x4,empty,-1,-1,-1,-1,-1,-1,-1,-1,-1,1998,1977,-1,-1,-1,1125,-1,0,0,0,0,0,0,0,0,0,1,1,0,0,1,1,1
2026-07-03T19:53:07.611,tof2,4x4,empty,2987,3248,-1,3319,2144,-1,-1,3462,1508,-1,-1,-1,1082,1097,1098,1043,1,1,0,1,1,1,0,1,1,1,1,0,1,1,1,1
2026-07-03T19:53:07.692,tof1,4x4,empty,-1,-1,-1,-1,-1,-1,-1,-1,-1,-1,1980,-1,1052,-1,1106,1056,0,0,0,0,0,0,0,0,0,0,1,0,1,1,1,1
2026-07-03T19:53:07.886,tof1,4x4,empty,-1,-1,-1,-1,-1,-1,-1,-1,-1,1994,1980,-1,-1,-1,-1,1046,0,0,0,0,0,0,0,0,0,1,1,1,0,1,1,1
2026-07-03T19:53:08.981,tof2,4x4,empty,2973,3252,3327,3319,2108,2082,2146,3462,1496,1763,1466,-1,-1,1097,1098,1041,1,1,1,1,1,1,1,1,1,1,1,0,1,1,1,1
2026-07-03T19:53:09.013,tof1,4x4,empty,-1,-1,-1,-1,-1,-1,-1,-1,-1,-1,1980,-1,-1,1146,1106,1046,0,0,0,0,0,0,1,0,0,0,1,0,1,1,1,1
2026-07-03T19:53:09.149,tof2,4x4,empty,2987,3252,-1,3319,-1,-1,-1,-1,-1,1779,1483,-1,1082,1098,1097,1041,1,1,1,1,0,1,1,1,1,1,1,0,1,1,1,1
2026-07-03T19:53:09.193,tof1,4x4,empty,-1,-1,-1,-1,-1,-1,-1,-1,-1,-1,1980,-1,-1,-1,-1,-1,0,0,0,0,0,0,0,0,0,0,1,0,0,1,1,1
2026-07-03T19:53:09.321,tof2,4x4,empty,2987,3252,-1,3317,-1,-1,2161,3502,1496,1719,1483,-1,1077,1095,1100,1052,1,1,0,1,1,0,1,1,1,1,1,0,1,1,1,1
2026-07-03T19:53:09.432,tof1,4x4,empty,-1,-1,-1,-1,-1,-1,-1,-1,-1,-1,1980,-1,-1,-1,1095,1046,0,0,0,1,0,0,0,0,0,1,1,1,0,1,1,1
2026-07-03T19:53:09.482,tof2,4x4,empty,3003,3249,3353,3317,2108,-1,-1,3502,-1,1520,-1,-1,1077,1098,1104,1052,1,1,1,1,1,0,1,1,1,1,1,0,1,1,1,1
2026-07-03T19:53:09.589,tof1,4x4,empty,-1,-1,-1,-1,-1,-1,-1,-1,-1,-1,1980,-1,-1,1148,1080,-1,0,0,0,0,0,0,0,0,0,0,1,0,0,1,1,1
2026-07-03T19:53:09.639,tof2,4x4,empty,-1,3252,-1,3317,-1,-1,-1,3471,-1,1520,-1,-1,1071,1093,1105,1051,1,1,1,1,0,1,0,1,1,1,1,1,1,1,1,1
2026-07-03T19:53:09.745,tof1,4x4,empty,-1,-1,-1,-1,-1,-1,-1,-1,-1,1998,1984,-1,1080,1174,-1,1050,0,0,0,0,0,0,1,0,0,1,1,0,1,1,1,1
2026-07-03T19:53:09.978,tof1,4x4,empty,-1,-1,-1,-1,-1,-1,-1,-1,-1,-1,1987,2018,-1,1174,1095,1066,0,0,0,0,0,0,0,0,0,0,1,1,0,1,1,1
2026-07-03T19:53:10.002,tof2,4x4,empty,3025,3252,-1,3291,-1,2102,2151,3451,-1,1520,1512,-1,-1,1100,1104,1056,1,1,0,1,0,1,1,1,1,1,1,0,1,1,1,1
2026-07-03T19:53:10.166,tof1,4x4,empty,-1,-1,-1,-1,-1,-1,-1,-1,-1,1999,1984,-1,1086,1167,-1,1066,0,0,0,0,0,0,1,0,0,1,1,0,1,1,1,1
2026-07-03T19:53:10.181,tof2,4x4,empty,-1,3252,-1,3291,2143,-1,2151,-1,1496,1520,1512,-1,1077,1091,1104,1053,1,1,0,1,1,1,1,0,1,1,1,0,1,1,1,1
2026-07-03T19:53:10.330,tof1,4x4,empty,-1,-1,-1,-1,-1,-1,-1,-1,-1,-1,1965,-1,-1,1148,1135,-1,0,0,0,0,0,0,0,0,0,0,1,1,1,1,1,1
2026-07-03T19:53:10.403,tof2,4x4,empty,-1,3252,-1,3301,-1,-1,2073,3471,1504,1791,-1,-1,1077,1093,1096,1051,1,1,1,1,0,0,1,1,1,1,1,0,1,1,1,1
2026-07-03T19:53:10.492,tof1,4x4,empty,-1,-1,-1,-1,-1,-1,-1,-1,-1,-1,1970,2018,-1,1165,1076,1050,0,0,0,0,0,0,0,0,0,1,1,1,0,1,1,1
2026-07-03T19:53:10.576,tof2,4x4,empty,-1,3256,-1,3313,2103,-1,2062,3471,-1,1791,1516,-1,1077,1093,1095,1051,0,1,0,1,1,0,1,1,1,1,1,0,1,1,1,1
2026-07-03T19:53:10.660,tof1,4x4,empty,-1,-1,-1,-1,-1,-1,-1,-1,-1,-1,1970,-1,-1,1150,1076,1035,0,0,0,0,0,0,1,0,0,1,1,0,0,1,1,1
2026-07-03T19:53:10.729,tof2,4x4,empty,3025,3256,-1,3311,2143,-1,2062,3476,-1,1791,-1,-1,1077,1100,1095,1053,1,1,0,1,1,0,1,1,1,1,1,0,1,1,1,1
2026-07-03T19:53:10.822,tof1,4x4,empty,-1,-1,-1,-1,-1,-1,-1,-1,-1,-1,1970,-1,1086,1137,1124,1035,0,0,0,0,0,0,0,0,0,0,1,0,1,1,1,1
2026-07-03T19:53:10.891,tof2,4x4,empty,3003,3248,-1,3313,2168,-1,2062,3476,-1,-1,1531,-1,1077,1093,1096,1049,1,1,0,1,1,0,1,1,1,1,1,0,1,1,1,1
2026-07-03T19:53:10.970,tof1,4x4,empty,-1,-1,-1,-1,-1,-1,-1,-1,-1,-1,1970,-1,-1,-1,-1,-1,0,0,0,0,0,0,0,0,0,0,1,1,0,1,1,1
2026-07-03T19:53:11.072,tof2,4x4,empty,2976,3248,-1,3323,2170,-1,-1,3486,1496,1803,1531,-1,-1,1093,1096,1049,1,1,0,1,1,1,1,1,1,1,1,0,1,1,1,1
2026-07-03T19:53:11.131,tof1,4x4,empty,-1,-1,-1,-1,-1,-1,-1,-1,-1,-1,1970,-1,-1,1144,1124,-1,0,0,0,0,0,0,0,0,0,0,1,0,0,1,1,1
2026-07-03T19:53:11.233,tof2,4x4,empty,2976,3239,-1,3323,2170,-1,2127,3488,1504,1803,-1,-1,1085,1097,1097,1048,1,1,0,1,1,1,1,1,1,1,1,0,1,1,1,1
2026-07-03T19:53:11.297,tof1,4x4,empty,-1,-1,-1,-1,-1,-1,-1,-1,-1,-1,1966,-1,1100,-1,-1,1032,0,0,0,0,0,0,0,0,0,0,1,0,1,1,1,1
2026-07-03T19:53:11.390,tof2,4x4,empty,2976,3239,-1,3311,2170,-1,2131,3488,1504,1789,-1,-1,1085,1095,1098,1049,1,1,1,1,1,0,1,1,1,1,1,0,1,1,1,1
2026-07-03T19:53:11.480,tof1,4x4,empty,-1,-1,-1,-1,-1,-1,-1,-1,-1,-1,1966,-1,-1,-1,1099,1035,0,0,0,0,0,0,0,0,0,1,1,0,1,1,1,1
2026-07-03T19:53:11.542,tof2,4x4,empty,3008,3248,-1,3307,2103,-1,2148,3486,1556,-1,-1,-1,-1,1095,1099,1049,1,1,0,1,1,0,1,1,1,1,1,0,1,1,1,1
2026-07-03T19:53:11.922,tof2,4x4,empty,3025,3252,-1,3307,-1,2102,2163,3486,-1,-1,1505,-1,1086,1095,1099,1056,1,1,0,1,1,1,1,1,1,1,1,0,1,1,1,1
2026-07-03T19:53:11.923,tof1,4x4,empty,-1,-1,-1,-1,-1,-1,-1,-1,-1,-1,1966,-1,-1,1150,1103,1042,1,0,0,0,0,0,0,0,0,0,1,0,1,1,1,1
2026-07-03T19:53:12.092,tof2,4x4,empty,3025,3261,-1,3296,2103,2100,2163,3486,-1,-1,1505,-1,-1,1097,-1,1056,1,1,1,1,1,1,1,1,1,1,1,0,1,1,1,1
2026-07-03T19:53:12.113,tof1,4x4,empty,-1,-1,-1,-1,-1,-1,-1,-1,-1,1994,1979,-1,-1,1144,1110,1042,0,0,0,0,0,0,0,0,0,1,1,0,0,1,1,1
2026-07-03T19:53:12.246,tof2,4x4,empty,3008,3261,-1,3307,2103,-1,2163,3477,1501,1789,1499,-1,1087,-1,1097,1056,1,1,0,1,1,1,1,1,1,1,1,0,1,1,1,1
2026-07-03T19:53:12.290,tof1,4x4,empty,-1,-1,-1,-1,-1,-1,-1,-1,-1,-1,1993,2004,-1,1144,1103,1056,1,0,0,0,0,0,0,0,0,1,1,1,0,1,1,1
2026-07-03T19:53:12.415,tof2,4x4,empty,3002,3261,-1,-1,2110,-1,2163,3474,1550,-1,1493,-1,1087,-1,1095,1048,1,1,0,1,1,1,1,1,1,1,1,0,1,1,1,1
2026-07-03T19:53:12.462,tof1,4x4,empty,-1,-1,-1,-1,-1,-1,-1,-1,-1,-1,1993,-1,-1,-1,1103,1065,0,0,0,0,0,0,0,0,0,0,1,1,0,1,1,1
2026-07-03T19:53:12.574,tof2,4x4,empty,2982,3257,-1,3302,2110,2100,2131,3477,-1,1789,1453,-1,1086,1096,1095,1048,1,1,1,1,1,1,1,1,1,1,1,0,1,1,1,1
2026-07-03T19:53:12.631,tof1,4x4,empty,-1,-1,-1,-1,-1,-1,-1,-1,-1,1994,2001,-1,-1,1161,-1,1065,0,0,0,0,0,0,0,0,0,1,1,1,1,1,1,1
2026-07-03T19:53:12.731,tof2,4x4,empty,2982,3257,-1,3318,-1,-1,2131,3477,1501,1789,-1,-1,1081,1097,1095,1048,1,1,1,1,1,1,1,1,1,1,1,0,1,1,1,1
2026-07-03T19:53:12.804,tof1,4x4,empty,-1,-1,-1,-1,-1,-1,-1,-1,-1,1983,2001,-1,1086,-1,1107,1042,0,0,0,0,0,0,0,0,0,1,1,0,1,1,1,1
2026-07-03T19:53:12.881,tof2,4x4,empty,3000,3256,-1,3302,2125,2097,-1,3477,-1,1789,-1,-1,1079,1096,1095,1048,1,1,0,1,1,1,0,1,1,1,1,0,1,1,1,1
2026-07-03T19:53:12.962,tof1,4x4,empty,-1,-1,-1,-1,-1,-1,-1,-1,-1,1957,1988,1996,-1,-1,1107,-1,0,0,0,0,0,0,0,0,0,1,1,1,0,1,1,1
2026-07-03T19:53:13.055,tof2,4x4,empty,3001,3257,-1,3302,2138,-1,2084,3474,-1,1786,1453,-1,1079,1097,1095,1048,1,1,0,1,1,1,1,1,1,1,1,0,1,1,1,1
2026-07-03T19:53:13.148,tof1,4x4,empty,-1,-1,-1,-1,-1,-1,-1,-1,-1,-1,1981,1971,-1,1161,1097,-1,0,0,0,0,0,0,0,0,0,0,1,1,0,1,1,1
2026-07-03T19:53:13.237,tof2,4x4,empty,3000,3257,-1,3302,2125,-1,2084,3470,-1,1566,1491,-1,1079,1096,1101,1046,1,1,0,1,1,1,1,1,1,1,1,0,1,1,1,1
2026-07-03T19:53:13.324,tof1,4x4,empty,-1,-1,-1,-1,-1,-1,-1,-1,-1,-1,1981,1960,-1,-1,1097,1043,0,0,0,0,0,0,0,0,0,1,1,1,0,1,1,1
2026-07-03T19:53:13.429,tof2,4x4,empty,3001,3264,3353,3303,-1,2097,2153,3405,-1,1483,1452,-1,1079,1097,1101,1046,1,1,1,1,0,1,1,1,1,1,1,0,1,1,1,1
2026-07-03T19:53:13.488,tof1,4x4,empty,-1,-1,-1,-1,-1,-1,-1,-1,-1,-1,1974,1960,1100,1143,1091,1043,0,0,0,0,0,0,0,0,0,0,1,1,1,1,1,1
2026-07-03T19:53:13.656,tof2,4x4,empty,3008,3257,-1,3303,2091,-1,2153,3405,1536,-1,1491,-1,1078,1096,-1,1046,1,1,1,1,1,1,1,1,1,1,1,0,1,1,1,1
2026-07-03T19:53:13.679,tof1,4x4,empty,-1,-1,-1,-1,-1,-1,-1,-1,-1,-1,1970,-1,-1,1161,1078,1024,0,0,0,0,1,0,0,0,0,0,1,1,0,1,1,1
2026-07-03T19:53:13.828,tof2,4x4,empty,3023,3269,-1,3303,2124,-1,2122,3465,1500,1483,1491,-1,1078,1097,1099,1043,1,1,1,1,1,1,1,1,1,1,1,0,1,1,1,1
2026-07-03T19:53:13.857,tof1,4x4,empty,-1,-1,-1,-1,-1,-1,-1,-1,-1,-1,1974,-1,-1,-1,-1,1043,0,0,0,0,1,0,0,0,0,1,1,0,1,1,1,1
2026-07-03T19:53:13.992,tof2,4x4,empty,3023,3257,-1,3322,2103,2100,-1,3465,1536,1547,1489,-1,1076,1097,1101,1046,1,1,0,1,1,1,0,1,1,1,1,0,1,1,1,1
2026-07-03T19:53:14.037,tof1,4x4,empty,-1,-1,-1,-1,-1,-1,-1,-1,-1,-1,1974,1960,-1,1138,1078,-1,1,0,0,0,0,0,0,0,0,1,1,1,1,1,1,1
2026-07-03T19:53:14.146,tof2,4x4,empty,3023,3255,-1,3303,2103,2108,-1,3465,1478,1547,1489,-1,1076,1099,1099,1048,1,1,0,1,1,1,1,1,1,1,1,0,1,1,1,1
2026-07-03T19:53:14.210,tof1,4x4,empty,-1,-1,-1,-1,-1,-1,-1,-1,-1,-1,1970,-1,-1,-1,1078,1043,0,0,0,0,0,0,0,0,0,0,1,0,0,1,1,1
2026-07-03T19:53:14.311,tof2,4x4,empty,3004,3253,-1,3322,-1,2132,2122,3465,1487,1565,1510,-1,1076,1097,1098,1048,1,1,0,1,1,1,1,1,1,1,1,0,1,1,1,1
2026-07-03T19:53:14.443,tof1,4x4,empty,-1,-1,-1,-1,-1,-1,-1,-1,-1,-1,1990,-1,1086,1138,1087,1041,0,0,0,0,0,0,0,0,0,0,1,1,1,1,1,1
2026-07-03T19:53:14.474,tof2,4x4,empty,3004,3255,-1,3298,2124,2132,2122,3463,-1,1787,-1,-1,1076,-1,1097,1049,1,1,0,1,1,1,1,1,1,1,1,0,1,1,1,1
2026-07-03T19:53:14.652,tof1,4x4,empty,-1,-1,-1,-1,-1,-1,-1,-1,-1,-1,1990,-1,1100,-1,1087,-1,0,0,0,0,0,0,0,0,0,1,1,0,1,1,1,1
2026-07-03T19:53:14.755,tof2,4x4,empty,3004,3255,-1,3326,2124,2108,2116,3463,-1,1787,-1,-1,1084,1101,1097,1049,1,1,0,1,1,1,1,1,1,1,1,0,1,1,1,1
2026-07-03T19:53:14.807,tof1,4x4,empty,-1,-1,-1,-1,-1,-1,-1,-1,-1,1957,1973,1956,1075,1140,-1,1041,0,0,0,0,0,0,0,0,0,1,1,1,1,1,1,1
2026-07-03T19:53:14.929,tof2,4x4,empty,3049,3255,-1,3303,2116,2051,2122,3463,1478,1787,1492,-1,1086,1101,1097,1049,1,1,0,1,1,1,1,1,1,1,1,0,1,1,1,1
2026-07-03T19:53:15.005,tof1,4x4,empty,-1,-1,-1,-1,-1,-1,-1,-1,-1,-1,1973,1956,-1,1162,1087,-1,0,0,0,0,0,0,0,0,0,1,1,1,1,1,1,1
2026-07-03T19:53:15.124,tof2,4x4,empty,3049,3255,-1,3303,2127,2029,2109,3463,1487,1739,-1,-1,1086,1101,1092,1049,1,1,0,1,1,1,1,1,1,1,1,0,1,1,1,1
2026-07-03T19:53:15.180,tof1,4x4,empty,-1,-1,-1,-1,-1,-1,-1,-1,-1,-1,1999,-1,-1,1162,1087,1041,0,0,0,0,0,0,0,0,0,0,1,0,1,1,1,1
2026-07-03T19:53:15.288,tof2,4x4,empty,3049,3263,3353,3303,2127,-1,-1,3472,-1,1739,1514,-1,1084,1099,1101,1049,1,1,1,1,1,1,1,1,1,1,1,0,1,1,1,1
2026-07-03T19:53:15.345,tof1,4x4,empty,-1,-1,-1,-1,-1,-1,-1,-1,-1,1957,1991,-1,-1,1171,1087,1041,0,1,0,0,0,0,0,0,0,1,1,1,1,1,1,1
2026-07-03T19:53:15.469,tof2,4x4,empty,3012,3263,-1,3312,2135,-1,2131,3472,-1,1731,-1,-1,1084,1099,1104,1051,1,1,0,1,1,1,1,1,1,1,1,0,1,1,1,1
2026-07-03T19:53:15.573,tof1,4x4,empty,-1,-1,-1,-1,-1,-1,-1,-1,-1,-1,1991,1956,-1,-1,1104,-1,0,0,0,0,0,0,0,0,0,0,1,1,0,1,1,1
2026-07-03T19:53:15.646,tof2,4x4,empty,2998,3249,-1,3312,2136,2029,2131,3458,1487,1739,1522,-1,1086,1099,1101,1049,1,1,0,1,1,1,1,1,1,1,1,0,1,1,1,1
2026-07-03T19:53:15.738,tof1,4x4,empty,-1,-1,-1,-1,-1,-1,-1,-1,-1,-1,1991,1959,-1,1162,1105,-1,1,0,0,0,0,0,0,0,0,0,1,1,0,1,1,1
2026-07-03T19:53:15.828,tof2,4x4,empty,2998,3249,-1,3323,2143,2029,2131,3456,1496,1739,1514,-1,1079,1099,1096,1049,1,1,1,1,1,1,1,1,1,1,1,0,1,1,1,1
2026-07-03T19:53:15.911,tof1,4x4,empty,-1,-1,-1,-1,-1,-1,-1,-1,-1,-1,1978,1979,-1,1177,1109,-1,0,0,0,0,0,0,0,0,0,1,1,1,1,1,1,1
2026-07-03T19:53:16.205,tof1,4x4,empty,-1,-1,-1,-1,-1,-1,-1,-1,-1,1957,1978,-1,-1,1177,1105,1041,0,0,0,0,0,0,0,0,0,1,1,0,0,1,1,1
2026-07-03T19:53:16.364,tof1,4x4,empty,-1,-1,-1,-1,-1,-1,-1,-1,-1,-1,1978,2030,1075,1161,1109,1035,0,0,0,0,0,0,0,0,0,0,1,1,1,1,1,1
2026-07-03T19:53:16.521,tof1,4x4,empty,-1,-1,-1,-1,-1,-1,-1,-1,-1,-1,1992,-1,1075,-1,1136,1035,0,0,0,0,0,0,0,0,0,1,1,0,1,1,1,1
2026-07-03T19:53:16.696,tof1,4x4,empty,-1,-1,-1,-1,-1,-1,-1,-1,-1,1967,1993,-1,-1,1161,1145,1035,0,0,0,0,0,0,0,0,0,1,1,1,0,1,1,1
2026-07-03T19:53:16.862,tof1,4x4,empty,-1,-1,-1,-1,-1,-1,-1,-1,-1,-1,1995,2030,-1,1161,1178,1035,0,0,0,0,0,0,0,0,0,0,1,1,0,1,1,1
2026-07-03T19:53:17.115,tof1,4x4,empty,-1,-1,-1,-1,-1,-1,-1,-1,-1,-1,1995,-1,-1,1144,1178,1043,0,0,0,0,0,0,0,0,0,0,1,1,0,1,1,1
2026-07-03T19:53:17.275,tof1,4x4,empty,-1,-1,-1,-1,-1,-1,-1,-1,-1,-1,1995,2030,-1,1144,-1,1047,1,0,0,0,0,0,0,0,0,1,1,1,0,1,1,1
2026-07-03T19:53:17.438,tof1,4x4,empty,-1,-1,-1,-1,-1,-1,-1,-1,-1,-1,1998,-1,-1,-1,1145,1055,0,0,0,0,0,0,0,0,0,0,1,1,0,1,1,1
2026-07-03T19:53:17.597,tof1,4x4,empty,-1,-1,-1,-1,-1,-1,-1,-1,-1,-1,1990,1999,-1,1159,-1,-1,0,0,0,0,0,0,0,0,0,1,1,1,0,1,1,1
2026-07-03T19:53:17.755,tof1,4x4,empty,-1,-1,-1,-1,-1,-1,-1,-1,-1,-1,1990,1979,-1,-1,1140,1055,0,0,0,0,0,0,0,0,0,0,1,1,0,1,1,1
2026-07-03T19:53:17.932,tof1,4x4,empty,-1,-1,-1,-1,-1,-1,-1,-1,-1,-1,1990,1915,1144,1159,1121,-1,0,0,0,0,0,0,0,0,0,1,1,1,1,1,1,1
2026-07-03T19:53:18.096,tof1,4x4,empty,-1,-1,-1,-1,-1,-1,-1,-1,-1,-1,1990,-1,-1,1159,-1,1047,1,0,0,0,1,0,0,0,0,0,1,0,0,1,1,1
2026-07-03T19:53:18.286,tof1,4x4,empty,-1,-1,-1,-1,-1,-1,-1,-1,-1,-1,1990,-1,-1,-1,1121,1041,1,0,0,0,0,0,0,0,0,0,1,0,1,1,1,1
2026-07-03T19:53:18.442,tof1,4x4,empty,-1,-1,-1,-1,-1,-1,-1,-1,-1,-1,1990,1915,-1,-1,-1,-1,0,1,0,0,0,0,0,0,0,1,1,1,0,1,1,1
2026-07-03T19:53:18.602,tof1,4x4,empty,-1,-1,-1,-1,-1,-1,-1,-1,-1,-1,1990,-1,-1,-1,1121,1022,0,0,0,0,0,0,0,0,0,0,1,0,1,1,1,1
2026-07-03T19:53:18.771,tof1,4x4,empty,-1,-1,-1,-1,-1,-1,-1,-1,-1,-1,1990,1979,-1,1160,-1,1022,0,0,0,0,0,0,0,0,0,0,1,1,1,1,1,1
2026-07-03T19:53:18.850,tof2,4x4,empty,2998,3254,-1,3331,2143,-1,2117,3458,1496,-1,-1,-1,1079,1099,1096,1048,1,1,0,1,1,1,1,1,1,1,1,0,1,1,1,1
2026-07-03T19:53:18.929,tof1,4x4,empty,-1,-1,-1,-1,-1,-1,-1,-1,-1,1967,1995,-1,-1,1160,1113,1041,0,0,0,0,0,0,0,0,0,1,1,0,0,1,1,1
2026-07-03T19:53:19.008,tof2,4x4,empty,2998,3254,-1,3331,2135,-1,2131,3458,1511,1709,1522,-1,1083,1099,1093,1042,1,1,0,1,1,1,1,1,1,1,1,0,1,1,1,1
2026-07-03T19:53:19.087,tof1,4x4,empty,-1,-1,-1,-1,-1,-1,-1,-1,-1,-1,1987,1991,-1,1160,1113,1041,0,0,0,0,0,0,0,0,0,0,1,1,0,1,1,1
2026-07-03T19:53:19.174,tof2,4x4,empty,-1,3256,-1,3331,2143,2117,2117,3471,1536,1606,1522,-1,1080,1099,1093,1042,1,1,0,1,1,1,1,1,1,1,1,1,1,1,1,1
2026-07-03T19:53:19.253,tof1,4x4,empty,-1,-1,-1,-1,-1,-1,-1,-1,-1,-1,1992,2014,-1,1158,1089,1041,0,0,0,0,0,0,0,0,0,0,1,1,0,1,1,1
2026-07-03T19:53:19.354,tof2,4x4,empty,-1,3259,-1,3331,-1,2117,2099,3471,1511,1704,-1,-1,-1,1096,1095,1042,1,1,1,1,1,1,1,1,1,1,1,0,1,1,1,1
2026-07-03T19:53:19.414,tof1,4x4,empty,-1,-1,-1,-1,-1,-1,-1,-1,-1,-1,1992,2014,-1,1171,1089,-1,0,0,0,0,0,0,0,0,0,1,1,1,1,1,1,1
2026-07-03T19:53:19.513,tof2,4x4,empty,-1,3256,-1,3331,2123,2120,2099,3471,-1,1704,1522,-1,1079,1096,1091,1046,1,1,0,1,1,1,1,1,1,1,1,0,1,1,1,1
2026-07-03T19:53:19.570,tof1,4x4,empty,-1,-1,-1,-1,-1,-1,-1,-1,-1,1963,1974,-1,-1,-1,1129,1041,0,0,0,1,0,0,0,0,0,1,1,0,1,1,1,1
2026-07-03T19:53:19.669,tof2,4x4,empty,-1,3256,-1,3319,2123,2135,2099,3468,1486,1704,1532,-1,1076,1096,1095,1051,1,1,0,1,1,1,1,1,1,1,1,1,1,1,1,1
2026-07-03T19:53:19.730,tof1,4x4,empty,-1,-1,-1,-1,-1,-1,-1,-1,-1,1963,1974,-1,-1,1158,-1,1044,1,0,0,0,0,0,0,0,0,1,1,0,0,1,1,1
2026-07-03T19:53:19.828,tof2,4x4,empty,2998,3256,-1,3333,2129,2135,2099,3468,1486,-1,1532,-1,1080,1096,1101,1051,1,1,1,1,1,1,1,1,1,1,1,0,1,1,1,1
2026-07-03T19:53:19.891,tof1,4x4,empty,-1,-1,-1,-1,-1,-1,-1,-1,-1,-1,1974,2014,1079,-1,-1,1044,0,0,0,0,0,0,0,0,0,0,1,1,1,1,1,1
2026-07-03T19:53:19.980,tof2,4x4,empty,2998,3253,-1,3319,2143,-1,2099,3468,-1,-1,1509,-1,1078,1097,1102,1051,1,1,0,1,1,0,1,1,1,1,1,0,1,1,1,1
2026-07-03T19:53:20.049,tof1,4x4,empty,-1,-1,-1,-1,-1,-1,-1,-1,-1,-1,1968,-1,-1,1171,1129,-1,0,0,0,1,0,0,0,0,0,1,1,0,0,1,1,1
2026-07-03T19:53:20.143,tof2,4x4,empty,2994,3253,-1,3320,2154,-1,-1,3480,-1,1743,1519,-1,1074,1097,1102,1051,1,1,1,1,1,0,1,1,1,1,1,0,1,1,1,1
2026-07-03T19:53:20.209,tof1,4x4,empty,-1,-1,-1,-1,-1,-1,-1,-1,-1,1963,1974,-1,-1,-1,1131,1044,1,0,0,1,0,0,0,0,0,1,1,0,1,1,1,1
2026-07-03T19:53:20.305,tof2,4x4,empty,2994,3255,-1,3315,2154,-1,-1,3483,-1,1743,1453,-1,1074,1097,1104,1052,1,1,0,1,1,1,1,1,1,1,1,0,1,1,1,1
2026-07-03T19:53:20.469,tof2,4x4,empty,2986,3255,-1,3320,-1,-1,2117,3483,1468,1761,-1,-1,1078,-1,1105,1052,1,1,1,1,1,0,1,1,1,1,1,0,1,1,1,1
2026-07-03T19:53:20.622,tof2,4x4,empty,2990,3255,-1,3315,2154,-1,2134,3483,1468,1761,1453,-1,1074,1095,1105,1052,1,1,0,1,1,0,1,1,1,1,1,0,1,1,1,1
2026-07-03T19:53:20.758,tof1,4x4,empty,-1,-1,-1,-1,-1,-1,-1,-1,-1,-1,1957,-1,-1,1171,1137,1044,0,0,0,1,0,0,0,0,0,1,1,1,0,1,1,1
2026-07-03T19:53:20.799,tof2,4x4,empty,2990,3255,-1,3320,2135,-1,2142,-1,1468,-1,1519,-1,1074,1097,1105,1049,1,1,0,1,1,0,1,1,1,1,1,0,1,1,1,1
2026-07-03T19:53:20.924,tof1,4x4,empty,-1,-1,-1,2231,-1,-1,-1,-1,-1,-1,1957,-1,-1,1171,1131,-1,0,0,0,1,0,0,0,0,0,0,1,0,0,1,1,1
2026-07-03T19:53:20.977,tof2,4x4,empty,2990,3255,-1,3317,2125,-1,2134,3476,-1,1743,1519,-1,1079,1097,1103,1049,1,1,0,1,1,1,1,1,1,1,1,0,1,1,1,1
2026-07-03T19:53:21.097,tof1,4x4,empty,-1,-1,-1,-1,-1,-1,-1,-1,-1,-1,1986,-1,-1,1146,1121,1053,0,0,0,0,0,0,0,0,0,0,1,0,0,1,1,1
2026-07-03T19:53:21.156,tof2,4x4,empty,2986,3255,-1,3324,2124,-1,2142,3447,1486,1473,1453,-1,1083,1097,-1,1044,1,1,1,1,1,0,1,1,1,1,1,0,1,1,1,1
2026-07-03T19:53:21.254,tof1,4x4,empty,-1,-1,-1,-1,-1,-1,-1,-1,-1,-1,1986,-1,-1,-1,1121,1053,0,0,0,0,0,0,0,0,0,0,1,0,0,1,1,1
2026-07-03T19:53:21.312,tof2,4x4,empty,-1,3255,-1,3317,2124,-1,-1,3446,1491,1783,-1,-1,-1,1099,1102,1049,0,1,0,1,1,0,1,1,1,1,1,0,1,1,1,1
2026-07-03T19:53:21.416,tof1,4x4,empty,-1,-1,-1,-1,-1,-1,-1,-1,-1,-1,1976,-1,-1,1171,-1,1050,0,0,0,0,0,0,0,0,0,1,1,0,0,1,1,1
2026-07-03T19:53:21.471,tof2,4x4,empty,2990,3255,-1,3317,2124,-1,2144,2796,1519,1523,1484,-1,1081,1099,1102,1044,1,1,0,1,1,1,1,1,1,1,1,0,1,1,1,1
2026-07-03T19:53:21.574,tof1,4x4,empty,-1,-1,-1,-1,-1,-1,-1,-1,-1,-1,1986,-1,-1,1156,1121,1028,0,0,0,0,0,0,0,0,0,1,1,1,0,1,1,1
2026-07-03T19:53:21.632,tof2,4x4,empty,3036,3251,-1,3317,2125,-1,2145,2767,1515,-1,1473,-1,1083,1099,1100,1044,1,1,0,1,1,0,1,1,1,1,1,0,1,1,1,1
2026-07-03T19:53:21.738,tof1,4x4,empty,-1,-1,-1,-1,-1,-1,-1,-1,-1,-1,1979,-1,1129,-1,1121,-1,0,0,0,1,0,0,0,0,0,0,1,1,1,1,1,1
2026-07-03T19:53:21.789,tof2,4x4,empty,2993,3251,-1,3314,-1,-1,2145,2736,1519,1523,1473,-1,1085,1099,1092,1049,1,1,0,1,1,0,1,1,1,1,1,0,1,1,1,1
2026-07-03T19:53:21.894,tof1,4x4,empty,-1,-1,-1,-1,-1,-1,-1,-1,-1,-1,1979,-1,-1,1143,1090,1050,0,0,0,0,0,0,0,0,0,0,1,0,0,1,1,1
2026-07-03T19:53:21.969,tof2,4x4,empty,2993,3254,-1,3301,2124,-1,-1,2703,1519,1699,1484,-1,1085,-1,1092,1052,1,1,1,1,1,0,1,1,1,1,1,0,1,1,1,1
2026-07-03T19:53:22.053,tof1,4x4,empty,-1,-1,-1,-1,-1,-1,-1,-1,-1,1963,1979,1991,-1,-1,1129,1037,0,0,0,0,0,0,0,0,0,1,1,1,0,1,1,1
2026-07-03T19:53:22.156,tof2,4x4,empty,3009,3254,-1,3301,2122,2105,2145,2687,-1,-1,1484,-1,1081,1099,1095,1049,1,1,0,1,1,1,1,1,1,1,1,0,1,1,1,1
2026-07-03T19:53:22.225,tof1,4x4,empty,-1,-1,-1,-1,-1,-1,-1,-1,-1,-1,1979,-1,1129,1156,1139,1028,0,0,0,0,0,0,0,0,0,1,1,1,1,1,1,1
2026-07-03T19:53:22.310,tof2,4x4,empty,3009,3254,-1,3301,2122,2135,2145,2687,-1,1699,1501,-1,1085,1096,1095,1049,1,1,1,1,1,1,1,1,1,1,1,0,1,1,1,1
2026-07-03T19:53:22.471,tof2,4x4,empty,2993,3254,-1,3301,-1,-1,2144,2687,1519,1552,1501,-1,1082,1096,1101,1052,1,1,1,1,0,1,1,1,1,1,1,0,1,1,1,1
2026-07-03T19:53:22.530,tof1,4x4,empty,-1,-1,-1,-1,-1,-1,-1,-1,-1,-1,1979,-1,-1,1172,1139,-1,0,0,0,0,0,0,0,0,0,0,1,0,0,1,1,1
2026-07-03T19:53:22.630,tof2,4x4,empty,3009,3254,-1,3300,2129,2134,2135,2731,-1,1552,-1,-1,1082,-1,-1,1048,1,1,1,1,1,1,1,1,1,1,1,0,1,1,1,1
2026-07-03T19:53:22.744,tof1,4x4,empty,-1,-1,-1,-1,-1,-1,-1,-1,-1,-1,1970,1984,1105,1170,1129,-1,0,0,0,0,0,0,0,0,0,0,1,1,1,1,1,1
2026-07-03T19:53:22.801,tof2,4x4,empty,-1,3257,-1,3300,2129,2134,2135,3410,1515,1552,-1,-1,1082,1094,1101,1048,1,1,0,1,1,1,1,1,1,1,1,0,1,1,1,1
2026-07-03T19:53:22.905,tof1,4x4,empty,-1,-1,-1,-1,-1,-1,-1,-1,-1,-1,1970,1970,-1,-1,-1,1037,0,0,0,1,0,0,0,0,0,1,1,1,0,1,1,1
2026-07-03T19:53:22.960,tof2,4x4,empty,3009,3248,-1,3294,2129,2134,2135,3434,-1,1552,-1,-1,1082,1094,1098,1048,1,1,0,1,1,1,1,1,1,1,1,0,1,1,1,1
2026-07-03T19:53:23.054,tof1,4x4,empty,-1,-1,-1,-1,-1,-1,-1,-1,-1,-1,1979,-1,-1,1170,1129,1037,0,0,0,0,0,0,0,1,0,1,1,1,0,1,1,1
2026-07-03T19:53:23.144,tof2,4x4,empty,2983,3248,-1,3286,-1,2134,2133,3434,1494,1597,1528,-1,1082,1095,1102,1052,1,1,0,1,0,1,1,1,1,1,1,0,1,1,1,1
2026-07-03T19:53:23.241,tof1,4x4,empty,-1,-1,-1,-1,-1,-1,-1,-1,-1,-1,1970,-1,-1,1174,1117,1028,0,0,0,0,0,0,0,0,0,0,1,1,0,1,1,1
2026-07-03T19:53:23.317,tof2,4x4,empty,2983,3257,-1,3274,2129,2107,2135,3434,1470,1597,1528,-1,-1,1096,1099,1048,1,1,1,1,1,1,1,1,1,1,1,0,1,1,1,1
2026-07-03T19:53:23.407,tof1,4x4,empty,-1,-1,-1,-1,-1,-1,-1,-1,-1,1974,1979,1955,1079,1174,1117,1028,0,0,0,0,0,0,0,0,0,1,1,1,1,1,1,1
2026-07-03T19:53:23.495,tof2,4x4,empty,3012,3248,3329,3271,2129,2107,2167,2345,1494,1787,1566,-1,1078,-1,1098,1048,1,1,1,1,1,1,1,1,1,1,1,0,1,1,1,1
2026-07-03T19:53:23.591,tof1,4x4,empty,-1,-1,-1,-1,-1,-1,-1,-1,-1,-1,1982,1948,1105,1170,1107,-1,0,0,0,0,0,0,0,0,0,0,1,1,1,1,1,1
2026-07-03T19:53:23.657,tof2,4x4,empty,3012,3237,-1,1997,2125,2104,2167,2195,-1,1597,1566,-1,1078,1096,1099,1052,1,1,0,1,1,1,1,1,1,1,1,0,1,1,1,1
2026-07-03T19:53:23.744,tof1,4x4,empty,-1,-1,-1,-1,-1,-1,-1,-1,-1,-1,1989,1940,-1,-1,1107,1044,0,0,0,0,0,0,0,0,0,0,1,1,1,1,1,1
2026-07-03T19:53:23.822,tof2,4x4,empty,3014,3237,-1,1920,2118,-1,2122,2026,-1,1570,-1,1506,1082,1096,1102,1047,1,1,0,1,1,1,1,1,1,1,1,1,1,1,1,1
2026-07-03T19:53:23.903,tof1,4x4,empty,-1,-1,-1,-1,-1,-1,-1,-1,-1,2000,1991,-1,-1,1165,1107,1044,0,0,0,0,0,0,0,0,0,1,1,1,1,1,1,1
2026-07-03T19:53:23.998,tof2,4x4,empty,3014,3244,-1,1774,2118,2101,2169,1873,1494,1570,-1,1678,1082,1099,1099,1043,1,1,1,1,1,1,1,1,1,1,1,1,1,1,1,1
2026-07-03T19:53:24.074,tof1,4x4,empty,-1,-1,-1,-1,-1,-1,-1,-1,-1,-1,1994,1948,1105,1174,1128,1044,0,0,0,0,0,0,0,0,0,0,1,1,1,1,1,1
2026-07-03T19:53:24.216,tof2,4x4,empty,3014,3244,-1,1674,2125,2103,2165,1762,-1,1764,1566,1646,1077,-1,1102,1042,1,1,1,1,1,1,1,1,1,1,1,1,1,1,1,1
2026-07-03T19:53:24.450,tof2,4x4,empty,3045,3244,-1,1501,2125,-1,2161,1614,1527,-1,-1,1617,1077,1099,1103,1042,1,1,0,1,1,1,1,1,1,1,1,1,1,1,1,1
2026-07-03T19:53:24.551,tof1,4x4,empty,-1,-1,-1,-1,-1,-1,-1,-1,2306,-1,1994,-1,1073,1165,-1,1044,1,0,0,0,0,0,0,0,1,0,1,0,1,1,1,1
2026-07-03T19:53:24.618,tof2,4x4,empty,3048,3244,-1,1501,2125,2101,2161,1457,-1,1493,1451,-1,1077,1099,-1,1042,1,1,0,1,1,1,1,1,1,1,1,1,1,1,1,1
2026-07-03T19:53:24.717,tof1,4x4,empty,-1,-1,-1,-1,-1,-1,-1,-1,1640,-1,1998,-1,1073,1157,1116,-1,0,0,0,0,0,0,0,0,1,0,1,0,1,1,1,1
2026-07-03T19:53:24.791,tof2,4x4,empty,3048,3252,3307,1501,2125,2101,2165,1289,-1,1762,-1,1617,-1,1099,-1,1042,1,1,1,1,1,1,1,1,1,1,1,1,1,1,1,1
2026-07-03T19:53:24.872,tof1,4x4,empty,-1,-1,-1,-1,-1,-1,-1,-1,973,-1,1991,-1,987,1070,1116,1044,1,0,0,0,0,0,0,0,1,1,1,0,1,1,1,1
2026-07-03T19:53:24.947,tof2,4x4,empty,3048,3263,-1,3290,2131,2041,2165,1229,-1,-1,1449,1615,1077,1099,-1,1042,1,1,0,1,1,1,1,1,1,1,1,1,1,1,1,1
2026-07-03T19:53:25.029,tof1,4x4,empty,-1,-1,-1,-1,-1,-1,-1,-1,966,-1,1991,-1,946,1023,1107,1046,0,0,0,1,0,0,0,0,1,0,1,1,1,1,1,1
2026-07-03T19:53:25.108,tof2,4x4,empty,3009,3263,-1,3305,2131,2083,2184,1221,1604,1764,-1,1606,1075,-1,1103,1048,1,1,1,1,1,1,1,1,1,1,1,1,1,1,1,1
2026-07-03T19:53:25.190,tof1,4x4,empty,-1,-1,-1,-1,-1,-1,-1,-1,966,-1,1983,-1,946,1023,1116,1042,0,0,0,0,0,0,0,0,1,0,1,0,1,1,1,1
2026-07-03T19:53:25.340,tof1,4x4,empty,-1,-1,-1,-1,-1,-1,-1,-1,973,-1,1983,-1,946,1039,1116,1042,1,0,0,0,0,0,0,0,1,0,1,0,1,1,1,1
2026-07-03T19:53:25.505,tof1,4x4,empty,-1,-1,-1,-1,-1,-1,-1,-1,966,2004,1983,-1,946,1039,-1,1042,0,0,0,0,0,0,0,0,1,1,1,1,1,1,1,1
2026-07-03T19:53:25.665,tof1,4x4,empty,-1,-1,-1,-1,-1,-1,-1,-1,966,-1,1989,1955,946,1028,1116,-1,0,0,0,0,0,0,0,0,1,0,1,1,1,1,1,1
2026-07-03T19:53:25.843,tof1,4x4,empty,-1,-1,-1,-1,-1,-1,-1,-1,-1,-1,1987,-1,946,1028,-1,1034,0,0,0,0,0,0,0,0,0,0,1,1,1,1,1,1
2026-07-03T19:53:25.916,tof2,4x4,empty,3009,3265,3296,3306,2132,2082,-1,1221,1621,-1,-1,1431,-1,1099,1107,1052,1,1,1,1,1,1,1,1,1,1,1,1,1,1,1,1
2026-07-03T19:53:26.010,tof1,4x4,empty,-1,-1,-1,-1,-1,-1,-1,-1,-1,-1,1987,1948,952,1000,1116,1026,0,0,0,0,0,0,0,0,0,1,1,1,1,1,1,1
2026-07-03T19:53:26.077,tof2,4x4,empty,3009,3268,-1,3305,2132,-1,2184,1221,1604,1762,-1,1317,1076,1100,1107,1052,1,1,1,1,1,1,1,1,1,1,1,1,1,1,1,1
2026-07-03T19:53:26.176,tof1,4x4,empty,-1,-1,-1,-1,-1,-1,-1,-1,-1,-1,1987,-1,952,995,1116,-1,0,0,0,0,0,0,0,0,0,0,1,1,1,1,1,1
2026-07-03T19:53:26.241,tof2,4x4,empty,3009,3269,-1,3313,2132,2083,2186,3453,-1,-1,1449,1311,1077,1100,1107,1052,1,1,0,1,1,1,1,1,1,1,1,1,1,1,1,1
2026-07-03T19:53:26.349,tof1,4x4,empty,-1,-1,-1,-1,-1,-1,-1,-1,-1,-1,1987,1961,952,994,1115,1020,0,0,0,0,0,0,0,0,0,0,1,1,1,1,1,1
2026-07-03T19:53:26.399,tof2,4x4,empty,3012,3268,-1,3305,2130,2083,2189,3472,-1,1594,-1,1311,1077,1104,1105,1052,1,1,1,1,1,1,1,1,1,1,1,1,1,1,1,1
2026-07-03T19:53:26.509,tof1,4x4,empty,-1,-1,-1,-1,-1,-1,-1,-1,-1,-1,1987,1961,952,994,1103,1020,0,0,0,0,0,0,0,0,0,0,1,1,1,1,1,1
2026-07-03T19:53:26.555,tof2,4x4,empty,3027,3268,-1,3304,-1,2087,2189,3474,-1,1762,-1,1308,1080,1106,1103,1052,1,1,0,1,1,1,1,1,1,1,1,1,1,1,1,1
2026-07-03T19:53:26.660,tof1,4x4,empty,-1,-1,-1,-1,-1,-1,-1,-1,-1,-1,1972,-1,952,994,-1,-1,0,0,0,0,0,0,0,0,0,0,1,1,1,1,1,1
2026-07-03T19:53:26.737,tof2,4x4,empty,-1,3260,3296,3303,2129,-1,2156,3472,-1,1756,1449,1308,1080,1106,1103,1053,1,1,1,1,1,1,1,1,1,1,1,1,1,1,1,1
2026-07-03T19:53:26.833,tof1,4x4,empty,-1,-1,-1,-1,-1,-1,-1,-1,-1,-1,1972,-1,953,996,-1,-1,0,0,0,0,0,0,0,0,0,1,1,0,1,1,1,1
2026-07-03T19:53:26.902,tof2,4x4,empty,-1,3258,-1,3304,2101,2099,2190,3513,-1,1597,-1,1311,1083,1105,1103,1053,1,1,0,1,1,1,1,1,1,1,1,1,1,1,1,1
2026-07-03T19:53:26.993,tof1,4x4,empty,-1,-1,-1,-1,-1,-1,-1,-1,-1,-1,2005,-1,956,1008,1103,1020,0,0,0,0,0,0,0,0,0,1,1,1,1,1,1,1
2026-07-03T19:53:27.067,tof2,4x4,empty,3012,3252,-1,3304,2101,2099,-1,3513,1527,1597,1449,1319,1086,1105,1103,-1,1,1,0,1,1,1,1,1,1,1,1,1,1,1,1,1
2026-07-03T19:53:27.145,tof1,4x4,empty,-1,-1,-1,-1,-1,-1,-1,-1,-1,-1,1972,1977,951,1044,1103,-1,0,0,0,0,0,0,0,0,0,0,1,1,1,1,1,1
2026-07-03T19:53:27.214,tof2,4x4,empty,2982,3256,-1,3323,2101,-1,2156,3486,1502,1597,-1,1328,1086,1097,1103,-1,1,1,0,1,1,1,1,1,1,1,1,1,1,1,1,1
2026-07-03T19:53:27.305,tof1,4x4,empty,-1,-1,-1,-1,-1,-1,-1,-1,-1,-1,1970,-1,956,1055,1103,1020,0,0,0,0,0,0,0,0,0,0,1,0,1,1,1,1
2026-07-03T19:53:27.379,tof2,4x4,empty,-1,3252,3296,3323,2101,2090,-1,3481,-1,-1,1619,1328,1083,-1,1101,1053,1,1,1,1,1,1,1,1,1,1,1,1,1,1,1,1
2026-07-03T19:53:27.468,tof1,4x4,empty,-1,-1,-1,-1,-1,-1,-1,-1,-1,-1,1970,-1,961,1073,1103,-1,1,0,0,0,0,0,0,0,0,0,1,0,1,1,1,1
2026-07-03T19:53:27.525,tof2,4x4,empty,2982,3252,3296,3339,2117,2087,-1,3481,1502,1597,1675,1328,-1,1097,1101,1057,1,1,1,1,1,1,1,1,1,1,1,1,1,1,1,1
2026-07-03T19:53:27.869,tof1,4x4,empty,-1,-1,-1,-1,-1,-1,-1,-1,-1,2035,1974,-1,956,1073,1113,-1,0,0,0,0,0,0,0,0,0,1,1,0,1,1,1,1
2026-07-03T19:53:27.889,tof2,4x4,empty,2982,3254,-1,3339,2119,2090,2151,3480,1491,1597,1619,1328,1086,1095,1101,1057,1,1,0,1,1,1,1,1,1,1,1,1,1,1,1,1
2026-07-03T19:53:28.033,tof1,4x4,empty,-1,-1,-1,-1,-1,-1,-1,-1,-1,-1,1974,-1,952,1055,-1,1036,0,0,0,0,0,0,0,0,0,0,1,1,1,1,1,1
2026-07-03T19:53:28.067,tof2,4x4,empty,2982,3254,-1,3321,2119,2090,-1,3480,1491,1782,-1,1329,1086,1095,-1,1069,1,1,0,1,1,1,1,1,1,1,1,1,1,1,1,1
2026-07-03T19:53:28.204,tof1,4x4,empty,-1,-1,-1,-1,-1,-1,-1,-1,-1,2004,1980,1977,973,1055,1113,1050,0,0,0,0,0,0,0,0,0,1,1,1,1,1,1,1
2026-07-03T19:53:28.268,tof2,4x4,empty,3007,3253,-1,3316,2119,2096,2130,3480,1512,1782,-1,1329,1086,1095,1101,1057,1,1,0,1,1,1,1,1,1,1,1,1,1,1,1,1
2026-07-03T19:53:28.490,tof2,4x4,empty,3023,3253,-1,3316,2119,2096,2151,3481,1512,1782,-1,1329,1086,1095,1101,1055,1,1,1,1,1,1,1,1,1,1,1,1,1,1,1,1
2026-07-03T19:53:28.500,tof1,4x4,empty,-1,-1,-1,-1,-1,-1,-1,-1,-1,-1,1980,-1,973,1070,1113,1050,0,1,0,0,0,0,0,0,0,1,1,0,1,1,1,1
2026-07-03T19:53:28.660,tof2,4x4,empty,3026,3251,-1,3316,2119,-1,-1,3481,1491,1775,1713,1311,1086,1095,1103,1055,1,1,0,1,1,1,0,1,1,1,1,1,1,1,1,1
2026-07-03T19:53:28.704,tof1,4x4,empty,-1,-1,-1,-1,-1,-1,-1,-1,-1,-1,2001,1977,973,1070,-1,1050,0,0,0,0,0,0,0,0,0,1,1,1,1,1,1,1
2026-07-03T19:53:28.834,tof2,4x4,empty,3023,3251,-1,3316,2148,-1,2136,3502,1456,1775,-1,1259,-1,1099,1100,-1,1,1,0,1,1,1,1,1,1,1,1,1,1,1,1,1
2026-07-03T19:53:28.883,tof1,4x4,empty,-1,-1,-1,-1,-1,-1,-1,-1,-1,-1,1987,-1,1007,1071,-1,1051,0,0,0,1,0,0,0,0,0,0,1,0,1,1,1,1
2026-07-03T19:53:28.989,tof2,4x4,empty,3007,3247,-1,3333,2148,-1,2130,3530,1456,1703,1619,1238,1084,1095,1102,-1,1,1,1,1,1,1,1,1,1,1,1,1,1,1,1,1
2026-07-03T19:53:29.053,tof1,4x4,empty,-1,-1,-1,-1,-1,-1,-1,-1,-1,-1,1985,1973,1009,1080,-1,1050,0,0,0,0,0,0,0,0,0,1,1,1,1,1,1,1
2026-07-03T19:53:29.208,tof2,4x4,empty,3001,3247,-1,3333,2131,2096,2136,3530,1456,1775,1648,1211,1084,1095,-1,-1,1,1,1,1,1,1,1,1,1,1,1,1,1,1,1,1
2026-07-03T19:53:29.294,tof1,4x4,empty,-1,-1,-1,-1,-1,-1,-1,-1,-1,-1,1985,1973,1014,1092,1113,1050,0,0,0,0,0,0,0,0,0,0,1,1,1,1,1,1
2026-07-03T19:53:29.411,tof2,4x4,empty,2984,3255,-1,3333,2131,2084,2152,3473,-1,1774,1648,1211,-1,1095,1100,1069,1,1,0,1,1,1,1,1,1,1,1,1,1,1,1,1
2026-07-03T19:53:29.455,tof1,4x4,empty,-1,-1,-1,-1,-1,-1,-1,-1,-1,-1,1985,-1,1019,1081,1122,1050,0,0,0,0,0,0,0,0,0,0,1,1,1,1,1,1
2026-07-03T19:53:29.566,tof2,4x4,empty,2957,3260,-1,3321,2131,2084,2136,3470,1482,1789,1648,1211,1082,-1,1097,-1,1,1,0,1,1,1,1,1,1,1,1,1,1,1,1,1
2026-07-03T19:53:29.628,tof1,4x4,empty,-1,-1,-1,-1,-1,-1,-1,-1,-1,-1,1985,-1,1021,1081,1122,1050,1,0,0,0,0,0,0,0,0,0,1,0,1,1,1,1
2026-07-03T19:53:29.728,tof2,4x4,empty,2960,3261,-1,3321,2122,2084,-1,3470,1482,1774,1617,1209,1082,1095,1083,-1,1,1,0,1,1,1,1,1,1,1,1,1,1,1,1,1
2026-07-03T19:53:29.785,tof1,4x4,empty,-1,-1,-1,-1,-1,-1,-1,-1,-1,-1,1975,1950,1021,1092,-1,1040,0,0,0,0,0,0,0,0,0,0,1,1,1,1,1,1
2026-07-03T19:53:29.900,tof2,4x4,empty,2957,3261,-1,3321,2122,2089,2145,3470,-1,1774,-1,1208,1082,1095,1083,-1,1,1,0,1,1,1,1,1,1,1,1,1,1,1,1,1
2026-07-03T19:53:29.945,tof1,4x4,empty,-1,-1,-1,-1,-1,-1,-1,-1,-1,-1,1975,-1,1021,1087,1136,1040,0,0,0,0,0,0,0,0,0,1,1,1,1,1,1,1
2026-07-03T19:53:30.085,tof2,4x4,empty,2960,3255,-1,3320,2122,2099,2152,3487,1500,1693,-1,1208,1082,1095,1083,1072,1,1,0,1,1,1,1,1,1,1,1,1,1,1,1,1
2026-07-03T19:53:30.112,tof1,4x4,empty,-1,-1,-1,-1,-1,-1,-1,-1,-1,-1,1975,1950,1021,1081,1152,1039,0,0,0,0,0,0,0,0,0,1,1,1,1,1,1,1
2026-07-03T19:53:30.249,tof2,4x4,empty,-1,3253,-1,3312,2118,2099,2154,3530,1510,1693,1648,1208,1086,1095,-1,-1,0,1,1,1,1,1,1,1,1,1,1,1,1,1,1,1
2026-07-03T19:53:30.278,tof1,4x4,empty,-1,-1,-1,-1,-1,-1,-1,-1,-1,-1,1969,-1,1016,1077,1139,1039,0,0,0,0,0,0,0,0,0,1,1,1,1,1,1,1
2026-07-03T19:53:30.413,tof2,4x4,empty,-1,3253,-1,3320,2109,-1,2145,3532,-1,1600,1593,1208,1086,1095,-1,-1,1,1,0,1,1,1,1,1,1,1,1,1,1,1,1,1
2026-07-03T19:53:30.443,tof1,4x4,empty,-1,-1,-1,-1,-1,-1,-1,-1,-1,-1,1969,-1,1011,1071,1139,1039,0,0,0,0,0,0,0,0,0,1,1,1,1,1,1,1
2026-07-03T19:53:30.626,tof1,4x4,empty,-1,-1,-1,-1,-1,-1,-1,-1,-1,-1,1969,-1,997,1070,1139,-1,0,0,0,0,0,0,0,0,0,0,1,0,1,1,1,1
2026-07-03T19:53:30.626,tof2,4x4,empty,2960,3249,-1,3329,2117,2099,2145,3532,1523,1600,1481,1212,1086,1092,-1,-1,1,1,0,1,1,1,1,1,1,1,1,1,1,1,1,1
2026-07-03T19:53:30.781,tof1,4x4,empty,-1,-1,-1,-1,-1,-1,-1,-1,-1,-1,1969,-1,943,1007,1139,1038,0,0,0,0,0,0,0,0,0,1,1,0,1,1,1,1
2026-07-03T19:53:30.801,tof2,4x4,empty,3004,3248,-1,3320,2117,-1,2144,3532,-1,1600,1462,1248,1089,-1,1088,1072,1,1,0,1,1,0,1,1,1,1,1,1,1,1,1,1
2026-07-03T19:53:30.970,tof1,4x4,empty,-1,-1,-1,-1,-1,-1,-1,-1,-1,-1,1980,-1,849,892,1116,1032,0,0,0,1,0,0,0,0,0,1,1,0,1,1,1,1
2026-07-03T19:53:30.974,tof2,4x4,empty,-1,3246,-1,3320,2117,-1,2144,3481,1523,1577,1462,1280,1086,1088,1088,1072,1,1,1,1,1,0,1,1,1,1,1,1,1,1,1,1
2026-07-03T19:53:31.135,tof1,4x4,empty,-1,-1,-1,-1,-1,-1,3038,-1,-1,-1,1980,-1,810,892,-1,1032,0,0,0,0,0,0,1,0,0,0,1,0,1,1,1,1
2026-07-03T19:53:31.156,tof2,4x4,empty,3004,3246,-1,3320,2123,2100,-1,-1,1523,1493,-1,-1,1086,1088,1089,1060,1,1,1,1,1,1,1,0,1,1,1,1,1,1,1,1
2026-07-03T19:53:31.301,tof1,4x4,empty,-1,-1,-1,-1,-1,-1,-1,-1,-1,-1,1980,-1,761,892,-1,1032,0,0,0,0,0,0,0,0,0,0,1,0,1,1,1,1
2026-07-03T19:53:31.341,tof2,4x4,empty,3047,3248,-1,3318,-1,-1,-1,3459,1524,1482,1462,1304,1086,1088,1088,1060,1,1,1,1,0,1,1,1,1,1,1,1,1,1,1,1
2026-07-03T19:53:31.456,tof1,4x4,empty,-1,-1,-1,-1,-1,-1,-1,-1,-1,-1,1980,1950,761,1052,1116,1032,0,0,0,0,0,0,0,0,0,1,1,1,1,1,1,1
2026-07-03T19:53:31.498,tof2,4x4,empty,3004,3253,-1,3318,-1,-1,2140,3455,-1,1493,1479,1304,1083,1091,1095,1060,1,1,0,1,1,0,1,1,1,1,1,1,1,1,1,1
2026-07-03T19:53:31.612,tof1,4x4,empty,-1,-1,-1,-1,-1,-1,2609,-1,-1,-1,1983,-1,759,1122,1130,1041,0,1,0,0,0,0,1,0,0,1,1,0,1,1,1,1
2026-07-03T19:53:31.658,tof2,4x4,empty,2999,3253,3309,3318,2123,-1,2140,1257,1524,1482,1493,1313,1083,-1,1096,1075,1,1,1,1,1,0,1,1,1,1,1,1,1,1,1,1
2026-07-03T19:53:31.774,tof1,4x4,empty,-1,-1,-1,-1,-1,-1,-1,-1,-1,-1,1983,-1,751,1140,1130,-1,1,0,0,0,0,0,1,0,0,1,1,1,1,1,1,1
2026-07-03T19:53:31.858,tof2,4x4,empty,-1,3253,-1,3318,-1,-1,-1,1257,-1,1485,1493,-1,1082,1091,1096,1076,0,1,0,1,0,1,0,1,1,1,1,1,1,1,1,1
2026-07-03T19:53:31.960,tof1,4x4,empty,-1,-1,-1,-1,-1,-1,-1,-1,-1,-1,1980,-1,751,1140,1126,-1,0,0,0,0,0,0,0,0,0,0,1,0,1,1,1,1
2026-07-03T19:53:32.021,tof2,4x4,empty,2929,3247,-1,3318,-1,-1,-1,-1,1524,1485,1493,-1,1083,1091,1096,-1,1,1,0,1,0,1,0,1,1,1,1,1,1,1,1,1
2026-07-03T19:53:32.137,tof1,4x4,empty,-1,-1,-1,-1,-1,-1,-1,-1,-1,-1,1980,-1,735,1140,-1,1045,0,0,0,0,0,0,1,0,0,0,1,0,1,1,1,1
2026-07-03T19:53:32.196,tof2,4x4,empty,2999,3247,-1,3315,-1,-1,2084,1253,1462,1513,1493,-1,1083,1091,-1,1076,1,1,0,1,0,1,1,1,1,1,1,1,1,1,1,1
2026-07-03T19:53:32.309,tof1,4x4,empty,-1,-1,-1,-1,-1,-1,-1,-1,-1,-1,1980,-1,735,1125,-1,1046,0,0,0,0,0,0,0,0,0,0,1,1,1,1,1,1
2026-07-03T19:53:32.361,tof2,4x4,empty,-1,3247,-1,3315,2134,-1,2084,1253,1462,1485,1493,1313,1082,1091,1097,1076,1,1,1,1,1,1,1,1,1,1,1,1,1,1,1,1
2026-07-03T19:53:32.487,tof1,4x4,empty,-1,-1,-1,-1,-1,-1,-1,-1,-1,-1,1980,-1,735,1115,-1,1046,1,0,0,0,0,0,0,0,0,1,1,0,1,1,1,1
2026-07-03T19:53:32.530,tof2,4x4,empty,2987,3250,3316,3315,-1,-1,-1,1257,-1,1485,1501,-1,1085,1087,-1,-1,1,1,1,1,0,1,1,1,1,1,1,1,1,1,1,1
2026-07-03T19:53:32.645,tof1,4x4,empty,-1,-1,-1,-1,-1,-1,-1,-1,-1,-1,1988,-1,771,-1,-1,1041,0,0,0,0,0,0,0,0,0,0,1,1,1,1,1,1
2026-07-03T19:53:32.710,tof2,4x4,empty,2987,3250,-1,3311,2159,-1,-1,1258,-1,1485,1506,1311,1086,1087,-1,1079,1,1,0,1,1,0,0,1,1,1,1,1,1,1,1,1
2026-07-03T19:53:32.818,tof1,4x4,empty,-1,-1,-1,-1,-1,-1,-1,-1,-1,2004,1988,-1,771,-1,1126,1039,0,0,0,1,0,0,0,0,1,1,1,1,1,1,1,1
2026-07-03T19:53:32.887,tof2,4x4,empty,3002,3250,-1,3311,-1,-1,-1,1253,1462,1467,1507,1314,-1,1087,1098,1079,1,1,1,1,0,0,1,1,1,1,1,1,1,1,1,1
2026-07-03T19:53:32.993,tof1,4x4,empty,-1,-1,-1,-1,-1,-1,-1,-1,-1,2004,1988,1961,771,1115,-1,1027,0,0,0,0,0,0,1,0,1,1,1,1,1,1,1,1
2026-07-03T19:53:33.041,tof2,4x4,empty,3002,3250,-1,3320,-1,2107,-1,1258,-1,-1,1513,1314,1086,-1,1098,1079,1,1,1,1,0,1,0,1,1,1,1,1,1,1,1,1
2026-07-03T19:53:33.157,tof1,4x4,empty,-1,-1,-1,-1,-1,-1,-1,-1,962,-1,1988,1959,768,-1,-1,1024,0,0,0,0,0,0,0,0,1,0,1,1,1,1,1,1
2026-07-03T19:53:33.215,tof2,4x4,empty,3012,3250,3317,3311,2165,2100,2084,1265,1453,-1,1518,1311,-1,1087,1098,1079,1,1,1,1,1,1,1,1,1,1,1,1,1,1,1,1
2026-07-03T19:53:33.317,tof1,4x4,empty,-1,-1,-1,-1,-1,-1,-1,-1,951,-1,1986,1959,768,-1,1123,1022,0,0,0,1,0,0,0,0,1,1,1,1,1,1,1,1
2026-07-03T19:53:33.397,tof2,4x4,empty,3043,3259,-1,3320,2165,2100,-1,1265,1453,1467,1528,1309,1089,-1,1098,1074,1,1,0,1,1,1,1,1,1,1,1,1,1,1,1,1
2026-07-03T19:53:33.463,tof1,4x4,empty,-1,-1,-1,-1,-1,-1,-1,-1,887,-1,-1,-1,768,-1,1104,1024,0,0,0,0,0,0,0,0,1,1,1,0,1,1,1,1
2026-07-03T19:53:33.559,tof2,4x4,empty,3012,3259,-1,3320,2165,2100,2119,-1,-1,-1,1518,1308,1089,1089,-1,-1,1,1,1,1,1,1,1,0,1,1,1,1,1,1,1,1
2026-07-03T19:53:33.627,tof1,4x4,empty,-1,-1,-1,-1,-1,-1,-1,-1,887,-1,1986,1959,1030,-1,1104,1024,0,0,0,0,0,0,0,0,1,0,1,1,1,1,1,1
2026-07-03T19:53:33.731,tof2,4x4,empty,2988,3261,-1,3307,2121,2107,2165,1274,-1,1485,1518,1302,1086,1093,1086,-1,1,1,1,1,1,1,1,1,1,1,1,1,1,1,1,1
2026-07-03T19:53:33.800,tof1,4x4,empty,-1,-1,-1,-1,-1,-1,-1,-1,886,-1,1986,-1,1048,1125,1104,1048,0,0,0,0,0,0,0,0,1,0,1,0,1,1,1,1
2026-07-03T19:53:33.883,tof2,4x4,empty,3006,3259,-1,3307,2082,-1,2165,1278,-1,1529,-1,1295,1078,1093,1086,1074,1,1,0,1,1,1,1,1,1,1,1,1,1,1,1,1
2026-07-03T19:53:33.950,tof1,4x4,empty,-1,-1,-1,-1,-1,-1,-1,-1,886,1990,1986,-1,1053,1137,1117,1048,0,0,0,0,0,0,0,0,1,1,1,0,1,1,1,1
2026-07-03T19:53:34.039,tof2,4x4,empty,2988,3259,3317,3317,2082,2121,2165,3413,-1,1626,-1,1295,1078,-1,1083,-1,1,1,1,1,1,1,1,1,1,1,1,1,1,1,1,1
2026-07-03T19:53:34.135,tof1,4x4,empty,-1,-1,-1,-1,-1,-1,-1,-1,878,1990,1986,-1,1064,1157,1117,1048,1,0,0,0,0,0,0,0,1,1,1,1,1,1,1,1
2026-07-03T19:53:34.205,tof2,4x4,empty,-1,3259,3317,3297,2121,-1,2121,3480,1462,1640,-1,1295,1077,1093,1083,1074,1,1,1,1,1,1,1,1,1,1,1,1,1,1,1,1
2026-07-03T19:53:34.306,tof1,4x4,empty,-1,-1,-1,-1,-1,-1,-1,-1,877,-1,1992,1967,1065,1157,-1,1043,1,0,0,0,0,0,0,0,1,0,1,1,1,1,1,1
2026-07-03T19:53:34.375,tof2,4x4,empty,2988,3259,3319,3307,2136,-1,2121,3483,-1,1656,-1,1295,-1,1081,-1,1083,1,1,1,1,1,1,1,1,1,1,1,1,1,1,1,1
2026-07-03T19:53:34.465,tof1,4x4,empty,-1,-1,-1,-1,-1,-1,-1,-1,872,-1,1986,-1,1065,1140,-1,-1,0,0,0,0,0,0,0,0,1,0,1,0,1,1,1,1
2026-07-03T19:53:34.538,tof2,4x4,empty,-1,3259,-1,3317,2145,2124,2121,3483,1494,-1,1518,1288,-1,1080,1092,1083,1,1,0,1,1,1,1,1,1,1,1,1,1,1,1,1
2026-07-03T19:53:34.623,tof1,4x4,empty,-1,-1,-1,-1,-1,-1,-1,-1,870,-1,1983,-1,1073,1140,-1,1043,0,0,0,0,0,0,0,0,1,0,1,0,1,1,1,1
2026-07-03T19:53:34.719,tof2,4x4,empty,3006,3265,3319,3317,2145,2133,2121,3502,-1,1666,-1,1285,1077,1080,-1,1083,1,1,1,1,1,1,1,1,1,1,1,1,1,1,1,1
2026-07-03T19:53:34.840,tof1,4x4,empty,-1,-1,-1,-1,-1,-1,-1,-1,870,-1,1983,1959,1081,1140,-1,-1,0,0,0,0,0,0,0,0,1,1,1,1,1,1,1,1
2026-07-03T19:53:34.929,tof2,4x4,empty,3006,3265,3314,3318,2145,-1,-1,3522,1501,1675,1515,1284,1078,-1,1092,-1,1,1,1,1,1,1,0,1,1,1,1,1,1,1,1,1
2026-07-03T19:53:35.036,tof1,4x4,empty,-1,-1,-1,-1,-1,-1,-1,-1,872,-1,1964,-1,1081,1130,-1,1043,0,0,0,0,0,0,0,0,1,0,1,0,1,1,1,1
2026-07-03T19:53:35.103,tof2,4x4,empty,3018,3265,-1,3318,-1,-1,-1,3522,-1,1666,-1,1284,1078,1080,1087,1083,1,1,1,1,0,1,1,1,1,1,1,1,1,1,1,1
2026-07-03T19:53:35.194,tof1,4x4,empty,-1,-1,-1,-1,-1,-1,-1,-1,873,-1,1964,-1,-1,1130,1123,1047,0,0,0,0,0,0,0,0,1,0,1,1,1,1,1,1
2026-07-03T19:53:35.279,tof2,4x4,empty,3037,3265,-1,3318,2145,2130,2137,3522,1501,-1,1515,1284,1078,1088,1092,1083,1,1,0,1,1,1,1,1,1,1,1,1,1,1,1,1
2026-07-03T19:53:35.354,tof1,4x4,empty,-1,-1,-1,-1,-1,-1,-1,-1,874,1990,1964,1932,1067,1128,1123,1047,1,0,0,0,0,0,0,0,1,1,1,1,1,1,1,1
2026-07-03T19:53:35.456,tof2,4x4,empty,3018,3264,-1,3316,-1,-1,2153,3502,1501,-1,1529,1284,1078,1088,1092,1088,1,1,0,1,1,1,1,1,1,1,1,1,1,1,1,1
2026-07-03T19:53:35.529,tof1,4x4,empty,-1,-1,-1,-1,-1,-1,-1,-1,874,1990,1962,1932,1067,1128,1117,1047,0,0,0,0,0,0,0,0,1,1,1,1,1,1,1,1
2026-07-03T19:53:35.635,tof2,4x4,empty,2979,3259,-1,3316,2122,2130,-1,3493,1494,1656,1529,-1,1078,1089,1103,-1,1,1,0,1,1,1,1,1,1,1,1,1,1,1,1,1
2026-07-03T19:53:35.687,tof1,4x4,empty,-1,-1,-1,-1,-1,-1,2180,584,-1,604,603,553,908,630,1123,1047,0,0,0,0,0,0,1,1,0,1,1,1,1,1,1,1
2026-07-03T19:53:35.806,tof2,4x4,empty,2988,3259,-1,3316,2120,2135,2158,3467,1388,1633,1516,1287,1078,-1,1103,1100,1,1,1,1,1,1,1,1,1,1,1,1,1,1,1,1
2026-07-03T19:53:35.865,tof1,4x4,empty,-1,-1,-1,-1,-1,-1,-1,-1,-1,-1,-1,553,799,630,720,705,1,0,0,0,0,0,0,0,0,0,1,1,1,1,1,1
2026-07-03T19:53:35.969,tof2,4x4,empty,2988,3259,-1,3316,2122,2135,2169,3467,1385,1312,1516,1304,1078,1089,-1,1100,1,1,0,1,1,1,1,1,1,1,1,1,1,1,1,1
2026-07-03T19:53:36.029,tof1,4x4,empty,-1,-1,-1,-1,-1,-1,-1,-1,-1,-1,603,-1,799,630,720,705,1,0,0,0,0,0,0,0,0,1,1,0,1,1,1,1
2026-07-03T19:53:36.152,tof2,4x4,empty,2988,3256,-1,3316,2109,2172,2182,3467,1173,-1,-1,1310,1069,1080,1103,1088,1,1,1,1,1,1,1,1,1,1,1,1,1,1,1,1
2026-07-03T19:53:36.201,tof1,4x4,empty,-1,-1,-1,-1,-1,-1,-1,-1,-1,-1,603,-1,799,857,815,740,0,0,0,0,0,0,0,0,0,0,1,1,1,1,1,1
2026-07-03T19:53:36.308,tof2,4x4,empty,2992,3256,-1,-1,2122,2172,2183,3467,1173,1308,1431,1310,1054,1073,-1,-1,1,1,0,1,1,1,1,1,1,1,1,1,1,1,1,1
2026-07-03T19:53:36.383,tof1,4x4,empty,-1,-1,-1,-1,-1,-1,-1,-1,-1,-1,1948,-1,820,881,815,741,1,0,0,0,0,0,0,0,0,0,1,1,1,1,1,1
2026-07-03T19:53:36.478,tof2,4x4,empty,3005,3256,-1,3322,2109,2178,2183,3430,1173,1308,-1,-1,1053,1072,1106,-1,1,1,0,1,1,1,1,1,1,1,1,1,1,1,1,1
2026-07-03T19:53:36.542,tof1,4x4,empty,-1,-1,-1,-1,-1,-1,-1,-1,-1,-1,1954,553,825,881,815,741,0,0,0,0,0,0,0,0,0,0,1,1,1,1,1,1
2026-07-03T19:53:36.632,tof2,4x4,empty,3005,3256,-1,3322,2129,2178,2182,3430,1176,-1,1431,1311,1051,1072,1103,-1,1,1,0,1,1,1,1,1,1,1,1,1,1,1,1,1
2026-07-03T19:53:36.741,tof1,4x4,empty,-1,-1,-1,-1,-1,-1,-1,-1,-1,-1,1974,-1,831,882,-1,741,0,0,0,0,0,0,0,0,0,1,1,1,1,1,1,1
2026-07-03T19:53:36.808,tof2,4x4,empty,3005,3253,-1,3329,2129,2172,2175,3472,1181,-1,1431,-1,1053,1072,1102,1108,1,1,0,1,1,1,1,1,1,1,1,1,1,1,1,1
2026-07-03T19:53:36.917,tof1,4x4,empty,-1,-1,-1,-1,-1,-1,-1,-1,-1,-1,1961,-1,832,881,815,741,0,0,0,0,0,0,0,0,0,0,1,0,1,1,1,1
2026-07-03T19:53:37.007,tof2,4x4,empty,-1,3263,-1,3329,2129,2175,2172,3443,1181,1308,1424,1310,1051,1072,-1,-1,1,1,0,1,1,1,1,1,1,1,1,1,1,1,1,1
2026-07-03T19:53:37.117,tof1,4x4,empty,-1,-1,-1,-1,-1,-1,-1,-1,-1,-1,1974,-1,832,880,815,741,0,0,0,0,0,0,0,0,0,1,1,1,1,1,1,1
2026-07-03T19:53:37.179,tof2,4x4,empty,3021,3263,-1,3329,2101,2182,2159,-1,1191,1308,1421,1306,1051,1071,1102,1101,1,1,0,1,1,1,1,0,1,1,1,1,1,1,1,1
2026-07-03T19:53:37.307,tof1,4x4,empty,-1,-1,-1,-1,-1,-1,-1,-1,-1,-1,1974,-1,833,879,812,741,0,0,0,0,0,0,0,0,0,0,1,0,1,1,1,1
2026-07-03T19:53:37.334,tof2,4x4,empty,3021,3263,-1,3320,2140,2182,2159,3443,1191,1308,-1,1306,1052,1074,-1,1077,1,1,1,1,1,1,1,1,1,1,1,1,1,1,1,1
2026-07-03T19:53:37.477,tof1,4x4,empty,-1,-1,-1,-1,-1,-1,-1,-1,-1,-1,1974,-1,832,880,816,742,0,0,0,0,0,0,0,0,0,0,1,0,1,1,1,1
2026-07-03T19:53:37.522,tof2,4x4,empty,2972,3261,-1,3314,2109,2175,2173,3460,1186,-1,1424,1309,1053,1074,1102,1077,1,1,1,1,1,1,1,1,1,1,1,1,1,1,1,1
2026-07-03T19:53:37.651,tof1,4x4,empty,-1,-1,-1,-1,-1,-1,-1,-1,-1,-1,1974,-1,832,879,816,744,0,0,0,0,0,0,0,0,0,0,1,0,1,1,1,1
2026-07-03T19:53:37.707,tof2,4x4,empty,-1,3263,-1,3311,2109,2175,2159,3443,1186,1327,-1,1309,1053,1074,1102,-1,0,1,0,1,1,1,1,1,1,1,1,1,1,1,1,1
2026-07-03T19:53:37.901,tof1,4x4,empty,-1,-1,-1,-1,-1,-1,-1,-1,-1,-1,1975,778,830,878,820,741,0,0,0,0,0,0,0,0,0,0,1,1,1,1,1,1
2026-07-03T19:53:37.940,tof2,4x4,empty,2972,3261,3335,3314,2117,2174,2173,3432,1186,1327,-1,1309,1054,-1,1097,1101,1,1,1,1,1,1,1,1,1,1,1,1,1,1,1,1
2026-07-03T19:53:38.153,tof2,4x4,empty,2972,3261,-1,3320,2117,2174,2173,3432,1180,1327,1424,1311,1055,1074,1097,-1,1,1,0,1,1,1,1,1,1,1,1,1,1,1,1,1
2026-07-03T19:53:38.172,tof1,4x4,empty,-1,-1,-1,-1,-1,-1,-1,-1,-1,-1,1974,-1,825,878,822,741,0,0,0,0,0,0,0,0,0,0,1,1,1,1,1,1
2026-07-03T19:53:38.332,tof2,4x4,empty,2972,3258,-1,-1,2117,2162,2173,3452,1180,1329,1421,1311,1056,1074,1097,-1,1,1,0,1,1,1,1,1,1,1,1,1,1,1,1,1
2026-07-03T19:53:38.346,tof1,4x4,empty,-1,-1,-1,-1,-1,-1,-1,-1,-1,-1,1972,-1,825,876,822,741,0,0,0,0,0,0,0,0,0,0,1,0,1,1,1,1
2026-07-03T19:53:38.519,tof2,4x4,empty,2981,3253,-1,3314,2120,2173,2181,3452,1176,-1,1418,1310,1055,1075,-1,-1,1,1,1,1,1,1,1,1,1,1,1,1,1,1,1,1
2026-07-03T19:53:38.532,tof1,4x4,empty,-1,-1,-1,-1,-1,-1,-1,-1,-1,-1,1965,-1,827,876,820,738,0,0,0,0,0,0,0,0,0,1,1,0,1,1,1,1
2026-07-03T19:53:38.736,tof2,4x4,empty,2988,3253,3314,3312,2120,2173,2206,3452,1167,1327,1418,1310,1055,1078,1100,1090,1,1,1,1,1,1,1,1,1,1,1,1,1,1,1,1
2026-07-03T19:53:38.744,tof1,4x4,empty,-1,-1,-1,-1,-1,-1,-1,-1,-1,-1,1972,-1,827,885,819,738,0,0,0,0,0,0,0,0,0,0,1,0,1,1,1,1
2026-07-03T19:53:38.941,tof2,4x4,empty,3021,3256,-1,3312,2154,2173,2206,3452,1176,-1,1404,1314,1056,1079,1100,1077,1,1,0,1,1,1,1,1,1,1,1,1,1,1,1,1
2026-07-03T19:53:38.943,tof1,4x4,empty,-1,-1,-1,-1,-1,-1,-1,-1,-1,-1,1972,1940,827,885,813,738,0,1,0,0,0,0,0,0,0,0,1,1,1,1,1,1
2026-07-03T19:53:39.131,tof2,4x4,empty,3021,3256,-1,3300,2154,2173,-1,3440,1176,1329,1418,1314,1056,1081,1100,1086,1,1,0,1,1,1,1,1,1,1,1,1,1,1,1,1
2026-07-03T19:53:39.262,tof1,4x4,empty,-1,-1,-1,-1,-1,-1,-1,-1,-1,604,1986,-1,827,876,800,733,0,0,0,0,0,0,0,0,0,1,1,0,1,1,1,1
2026-07-03T19:53:39.302,tof2,4x4,empty,3029,3250,-1,3300,2154,2173,2212,3407,1212,1329,1425,1321,-1,1087,-1,1090,1,1,0,1,1,1,1,1,1,1,1,1,1,1,1,1
2026-07-03T19:53:39.432,tof1,4x4,empty,-1,-1,-1,-1,-1,-1,-1,-1,-1,486,1986,-1,812,836,800,738,1,0,0,0,0,0,0,0,0,1,1,0,1,1,1,1
2026-07-03T19:53:39.478,tof2,4x4,empty,3029,3256,-1,3300,2145,2176,2212,1230,1327,-1,-1,1327,1068,1088,1100,1090,1,1,0,1,1,1,1,1,1,1,1,1,1,1,1,1
2026-07-03T19:53:39.609,tof1,4x4,empty,-1,-1,-1,-1,-1,-1,-1,-1,898,-1,1992,1960,812,-1,819,743,0,0,0,0,0,0,0,0,1,1,1,1,1,1,1,1
2026-07-03T19:53:39.643,tof2,4x4,empty,3021,3256,-1,3302,-1,2176,-1,1230,1408,1404,1462,1327,1088,1090,1098,1086,1,1,0,1,0,1,1,1,1,1,1,1,1,1,1,1
2026-07-03T19:53:39.810,tof1,4x4,empty,-1,-1,-1,-1,-1,-1,-1,-1,898,-1,1992,2011,812,836,1082,1042,0,0,0,0,0,0,0,0,1,0,1,1,1,1,1,1
2026-07-03T19:53:39.845,tof2,4x4,empty,-1,3258,3314,3312,-1,2173,-1,1226,-1,1529,1543,1327,1088,1096,1097,-1,0,1,1,1,0,1,0,1,1,1,1,1,1,1,1,1
2026-07-03T19:53:39.995,tof1,4x4,empty,-1,-1,-1,-1,-1,-1,-1,-1,942,-1,1992,2057,1105,836,1101,-1,0,0,0,0,0,0,0,0,1,1,1,1,1,1,1,1
2026-07-03T19:53:40.016,tof2,4x4,empty,3029,3258,-1,3312,2145,2014,-1,1230,1437,1543,1565,1316,1090,1096,1097,1089,1,1,1,1,1,1,0,1,1,1,1,1,1,1,1,1
2026-07-03T19:53:40.154,tof1,4x4,empty,-1,-1,-1,-1,-1,-1,-1,-1,942,-1,1992,-1,1105,1087,1168,-1,1,0,0,0,0,0,0,0,1,0,1,0,1,1,1,1
2026-07-03T19:53:40.200,tof2,4x4,empty,3035,3258,-1,-1,2120,2014,2212,1250,1465,1550,-1,1303,1088,1098,1095,1094,1,1,0,1,1,1,1,1,1,1,1,1,1,1,1,1
2026-07-03T19:53:40.351,tof1,4x4,empty,-1,-1,-1,-1,-1,-1,-1,-1,-1,604,1995,-1,1107,1116,1101,1042,1,0,0,0,0,0,0,0,0,1,1,1,1,1,1,1
2026-07-03T19:53:40.393,tof2,4x4,empty,3035,3261,-1,3312,2120,2014,2164,1250,-1,1653,1565,1303,1087,1098,1095,1089,1,1,0,1,1,1,1,1,1,1,1,1,1,1,1,1
2026-07-03T19:53:40.517,tof1,4x4,empty,-1,-1,-1,-1,-1,-1,-1,-1,-1,1954,1995,-1,1107,1123,1101,1070,0,0,0,0,0,0,0,0,1,1,1,0,1,1,1,1
2026-07-03T19:53:40.581,tof2,4x4,empty,3017,3258,-1,3312,2115,2058,2148,1218,1465,1653,-1,1303,1083,1098,1099,-1,1,1,0,1,1,1,1,1,1,1,1,1,1,1,1,1
2026-07-03T19:53:40.702,tof1,4x4,empty,-1,-1,-1,-1,-1,-1,-1,-1,-1,1968,1994,-1,1105,1219,-1,1053,0,0,0,0,0,0,0,0,0,1,1,0,1,1,1,1
2026-07-03T19:53:40.765,tof2,4x4,empty,3036,3257,-1,3319,2115,-1,2148,-1,1514,1653,1560,1329,1083,-1,1102,1083,1,1,0,1,1,1,1,1,1,1,1,1,1,1,1,1
2026-07-03T19:53:40.868,tof1,4x4,empty,-1,-1,-1,-1,-1,-1,-1,-1,-1,-1,1994,-1,1089,1219,1101,1053,0,0,0,0,0,0,0,0,0,0,1,0,1,1,1,1
2026-07-03T19:53:40.931,tof2,4x4,empty,3006,3258,-1,3301,2105,-1,2164,-1,1514,1606,-1,1354,1078,1095,1103,1083,1,1,0,1,1,0,1,0,1,1,1,1,1,1,1,1
2026-07-03T19:53:41.034,tof1,4x4,empty,-1,-1,-1,-1,-1,-1,-1,-1,-1,-1,1994,2012,-1,1184,1099,1053,0,0,0,0,0,0,0,0,0,0,1,1,1,1,1,1
2026-07-03T19:53:41.111,tof2,4x4,empty,3006,3258,-1,3301,-1,-1,2159,1262,1551,1606,-1,1354,-1,1094,-1,1071,1,1,0,1,1,0,1,1,1,1,1,1,1,1,1,1
2026-07-03T19:53:41.206,tof1,4x4,empty,-1,-1,-1,-1,-1,-1,-1,-1,-1,-1,1994,-1,1107,-1,-1,1055,0,0,0,0,0,0,0,0,0,1,1,0,1,1,1,1
2026-07-03T19:53:41.282,tof2,4x4,empty,3006,3255,-1,3310,2115,-1,2175,1262,-1,1606,1566,1361,1077,1089,1103,-1,1,1,0,1,1,0,1,1,1,1,1,1,1,1,1,1
2026-07-03T19:53:41.378,tof1,4x4,empty,-1,-1,-1,-1,-1,-1,-1,-1,-1,-1,1994,-1,1115,1184,1099,1055,0,0,0,0,0,0,0,0,0,0,1,0,1,1,1,1
2026-07-03T19:53:41.452,tof2,4x4,empty,3006,3255,3331,3310,-1,-1,2205,3496,1517,1711,1560,1376,-1,1088,-1,1067,1,1,1,1,1,0,1,1,1,1,1,1,1,1,1,1
2026-07-03T19:53:41.539,tof1,4x4,empty,-1,-1,-1,-1,-1,-1,-1,-1,-1,-1,1986,2012,1341,1194,-1,1055,0,0,0,0,0,0,0,0,0,0,1,1,1,1,1,1
2026-07-03T19:53:41.604,tof2,4x4,empty,-1,3255,-1,3301,-1,-1,2175,3529,1517,1711,1544,1385,1078,1088,1101,1067,1,1,0,1,0,0,1,1,1,1,1,1,1,1,1,1
2026-07-03T19:53:41.704,tof1,4x4,empty,-1,-1,-1,-1,-1,-1,-1,-1,-1,-1,1976,2012,1359,-1,-1,-1,1,0,0,0,0,0,0,0,0,0,1,1,1,1,1,1
2026-07-03T19:53:41.764,tof2,4x4,empty,2961,3255,-1,3306,2115,-1,2175,3529,1515,1750,-1,1386,1078,1088,1103,1067,1,1,0,1,1,0,1,1,1,1,1,1,1,1,1,1
2026-07-03T19:53:41.882,tof1,4x4,empty,-1,-1,-1,-1,-1,-1,-1,-1,-1,-1,1976,-1,1359,1194,1113,1063,0,0,0,0,0,0,0,0,0,0,1,0,1,1,1,1
2026-07-03T19:53:41.920,tof2,4x4,empty,2946,3255,-1,3310,2124,-1,-1,3496,1517,-1,-1,1404,1077,1089,1101,1062,1,1,0,1,1,0,0,1,1,1,1,1,1,1,1,1
2026-07-03T19:53:42.050,tof1,4x4,empty,-1,-1,-1,-1,-1,-1,-1,-1,-1,-1,1969,-1,1367,1194,1142,1055,0,0,0,0,0,0,0,0,0,0,1,1,1,1,1,1
2026-07-03T19:53:42.074,tof2,4x4,empty,-1,3255,-1,3335,-1,-1,2175,3497,1517,1749,-1,1404,1083,1089,-1,1062,1,1,1,1,0,0,1,1,1,1,1,1,1,1,1,1
2026-07-03T19:53:42.234,tof1,4x4,empty,-1,-1,-1,-1,-1,-1,-1,-1,-1,-1,1968,-1,1367,1197,1142,1031,0,0,0,0,0,0,0,0,0,0,1,1,1,1,1,1
2026-07-03T19:53:42.237,tof2,4x4,empty,2946,3261,-1,3306,2124,-1,2150,3497,-1,1711,1528,1404,1083,1092,1099,1051,1,1,0,1,1,0,1,1,1,1,1,1,1,1,1,1
2026-07-03T19:53:42.407,tof1,4x4,empty,-1,-1,-1,-1,-1,-1,-1,-1,-1,-1,1966,-1,1367,1197,-1,1031,0,0,0,0,0,0,0,0,0,1,1,0,1,1,1,1
2026-07-03T19:53:42.531,tof2,4x4,empty,2961,3256,-1,3306,2145,-1,-1,3497,-1,1749,1528,1404,1078,1089,1094,1051,1,1,1,1,1,1,0,1,1,1,1,1,1,1,1,1
2026-07-03T19:53:42.709,tof2,4x4,empty,2980,3256,-1,3314,2136,2122,2137,3497,1515,1749,1481,1403,-1,1092,1099,1053,1,1,0,1,1,1,1,1,1,1,1,1,1,1,1,1
2026-07-03T19:53:42.858,tof2,4x4,empty,3013,3256,-1,-1,2136,-1,2137,3540,1515,1736,1462,1397,1078,1089,-1,1058,1,1,1,1,1,1,1,1,1,1,1,1,1,1,1,1
2026-07-03T19:53:42.922,tof1,4x4,empty,-1,-1,-1,-1,-1,-1,-1,-1,-1,-1,1968,-1,1367,1153,1142,1064,0,0,0,0,0,0,0,0,0,0,1,0,1,1,1,1
2026-07-03T19:53:43.037,tof2,4x4,empty,-1,3258,3331,3310,2136,2155,2137,3540,-1,1733,-1,1372,1078,1089,-1,1058,0,1,1,1,1,1,1,1,1,1,1,1,1,1,1,1
2026-07-03T19:53:43.085,tof1,4x4,empty,-1,-1,-1,-1,-1,-1,-1,-1,-1,-1,1966,-1,1025,1128,1122,1031,0,0,0,0,0,0,0,0,0,1,1,1,1,1,1,1
2026-07-03T19:53:43.257,tof2,4x4,empty,3013,3258,-1,3310,2141,-1,2143,3528,1541,1733,1462,1320,-1,1088,-1,1062,1,1,0,1,1,1,1,1,1,1,1,1,1,1,1,1
2026-07-03T19:53:43.278,tof1,4x4,empty,-1,-1,-1,-1,-1,-1,-1,-1,-1,-1,1966,-1,1025,1128,1122,-1,0,0,0,0,0,0,0,0,0,0,1,0,1,1,1,1
2026-07-03T19:53:43.449,tof2,4x4,empty,3027,3262,-1,3314,2136,2155,2168,3528,1501,1720,1533,1262,1078,1089,-1,1062,1,1,0,1,1,1,1,1,1,1,1,1,1,1,1,1
2026-07-03T19:53:43.463,tof1,4x4,empty,-1,-1,-1,-1,-1,-1,-1,-1,-1,-1,1986,1992,1084,1128,1122,1031,0,0,0,0,0,0,0,0,1,0,1,1,1,1,1,1
2026-07-03T19:53:43.622,tof2,4x4,empty,3027,3262,-1,3314,2132,2155,2168,3528,1491,1717,1508,1198,1078,1089,-1,1072,1,1,0,1,1,1,1,1,1,1,1,1,1,1,1,1
2026-07-03T19:53:43.634,tof1,4x4,empty,-1,-1,-1,-1,-1,-1,-1,-1,-1,-1,1986,-1,1084,1191,1122,1064,0,0,0,0,0,0,0,0,0,0,1,0,1,1,1,1
2026-07-03T19:53:43.798,tof2,4x4,empty,3003,3266,-1,3327,-1,-1,2180,3528,1482,1717,1533,1159,-1,-1,1094,1062,1,1,0,1,0,1,1,1,1,1,1,1,1,1,1,1
2026-07-03T19:53:43.807,tof1,4x4,empty,-1,-1,-1,-1,-1,-1,-1,-1,-1,-1,1986,-1,1085,1191,1106,1055,0,0,0,0,0,0,0,0,0,0,1,0,1,1,1,1
2026-07-03T19:53:43.956,tof2,4x4,empty,2998,3262,-1,3327,2119,2155,2143,3528,1482,1717,1622,1152,1078,1092,1092,-1,1,1,1,1,1,1,1,1,1,1,1,1,1,1,1,1
2026-07-03T19:53:43.974,tof1,4x4,empty,-1,-1,-1,-1,-1,-1,-1,-1,-1,-1,1986,-1,1094,1195,1128,1024,0,0,0,0,0,0,0,0,0,0,1,0,1,1,1,1
2026-07-03T19:53:44.118,tof2,4x4,empty,3003,3258,3331,3324,2119,2167,2180,3510,1482,1738,-1,1144,1078,1096,941,-1,1,1,1,1,1,1,1,1,1,1,1,1,1,1,1,1
2026-07-03T19:53:44.280,tof2,4x4,empty,-1,3257,3331,3310,2112,2143,2171,3486,1476,-1,1533,1143,-1,1096,-1,-1,1,1,1,1,1,1,1,1,1,1,1,1,1,1,1,1
2026-07-03T19:53:44.447,tof2,4x4,empty,2998,3257,-1,3308,-1,2136,2171,3499,1476,-1,-1,1140,1078,1092,-1,-1,1,1,1,1,1,1,1,1,1,1,1,1,1,1,1,1
2026-07-03T19:53:44.626,tof2,4x4,empty,2998,3257,-1,3308,2112,2136,2171,3486,1501,1738,-1,-1,1078,1092,941,-1,1,1,0,1,1,1,1,1,1,1,1,1,1,1,1,1
2026-07-03T19:53:44.725,tof1,4x4,empty,-1,-1,-1,-1,-1,-1,-1,-1,-1,-1,1986,1991,1095,-1,1110,1055,0,0,0,0,0,0,0,0,0,0,1,1,1,1,1,1
2026-07-03T19:53:44.801,tof2,4x4,empty,2989,3257,-1,3308,2116,2136,2179,3486,1475,-1,1530,1140,1078,1094,-1,1058,1,1,0,1,1,1,1,1,1,1,1,1,1,1,1,1
2026-07-03T19:53:44.933,tof1,4x4,empty,-1,-1,-1,-1,-1,-1,-1,-1,-1,1968,1978,-1,1105,1195,1106,-1,0,0,0,0,0,0,0,0,0,1,1,0,1,1,1,1
2026-07-03T19:53:45.002,tof2,4x4,empty,2989,3257,-1,3326,2122,-1,2179,3486,1466,1738,1622,1140,1080,1094,941,-1,1,1,0,1,1,1,1,1,1,1,1,1,1,1,1,1
2026-07-03T19:53:45.103,tof1,4x4,empty,-1,-1,-1,-1,-1,-1,-1,-1,-1,-1,1992,1991,1105,-1,-1,1075,0,0,0,0,0,0,0,0,0,1,1,1,1,1,1,1
2026-07-03T19:53:45.189,tof2,4x4,empty,2989,3268,-1,3326,2122,2136,2179,3453,1466,1738,1542,1141,1080,1094,1024,-1,1,1,0,1,1,1,1,1,1,1,1,1,1,1,1,1
2026-07-03T19:53:45.291,tof1,4x4,empty,-1,-1,-1,-1,-1,-1,-1,-1,-1,-1,1980,1973,1105,1191,1110,1055,0,0,0,0,1,0,0,0,0,0,1,1,1,1,1,1
2026-07-03T19:53:45.374,tof2,4x4,empty,2989,3268,-1,3330,-1,2136,2188,3453,1523,1715,1542,1169,1082,1094,1084,1058,1,1,0,1,1,1,1,1,1,1,1,1,1,1,1,1
2026-07-03T19:53:45.502,tof1,4x4,empty,-1,-1,-1,-1,-1,-1,-1,-1,-1,-1,1980,1973,1105,1183,1110,1055,0,0,0,0,0,0,0,0,0,0,1,1,1,1,1,1
2026-07-03T19:53:45.617,tof2,4x4,empty,2993,3256,-1,3326,2133,2175,2179,3497,-1,1715,1542,1195,1087,-1,-1,1062,1,1,1,1,1,1,1,1,1,1,1,1,1,1,1,1
2026-07-03T19:53:45.657,tof1,4x4,empty,-1,-1,-1,-1,-1,-1,-1,-1,-1,-1,1980,-1,1025,1136,1091,1055,0,0,0,0,0,0,0,0,0,1,1,0,1,1,1,1
2026-07-03T19:53:45.805,tof2,4x4,empty,3000,3255,-1,3320,2122,2115,2181,3497,-1,1722,1542,1264,1087,-1,1100,1055,1,1,0,1,1,1,1,1,1,1,1,1,1,1,1,1
2026-07-03T19:53:45.817,tof1,4x4,empty,-1,-1,-1,-1,-1,-1,-1,-1,-1,-1,1993,1973,964,1053,-1,-1,0,0,0,0,0,0,0,0,0,0,1,1,1,1,1,1
2026-07-03T19:53:45.975,tof2,4x4,empty,3000,3255,-1,3317,2122,2170,2181,3497,-1,1757,1414,1300,-1,1094,1100,1055,1,1,0,1,1,1,1,1,1,1,1,1,1,1,1,1
2026-07-03T19:53:46.088,tof1,4x4,empty,-1,-1,-1,-1,-1,-1,-1,-1,-1,-1,1980,1973,884,949,1088,1055,0,0,0,0,0,0,0,0,0,0,1,1,1,1,1,1
2026-07-03T19:53:46.137,tof2,4x4,empty,3012,3253,3329,3320,2108,2170,2191,3497,-1,1741,1414,1316,1087,1104,1100,1057,1,1,1,1,1,1,1,1,1,1,1,1,1,1,1,1
2026-07-03T19:53:46.262,tof1,4x4,empty,-1,-1,-1,-1,-1,-1,-1,-1,-1,-1,1955,-1,863,940,1048,-1,1,0,0,0,0,0,0,0,0,0,1,1,1,1,1,1
2026-07-03T19:53:46.300,tof2,4x4,empty,3012,3251,-1,3317,2105,2156,-1,3501,1514,1757,1414,1317,1090,1093,1104,1057,1,1,0,1,1,1,0,1,1,1,1,1,1,1,1,1
2026-07-03T19:53:46.425,tof1,4x4,empty,-1,-1,-1,-1,-1,-1,-1,-1,-1,-1,1984,-1,800,825,897,1055,0,0,0,0,0,0,0,0,0,0,1,1,1,1,1,1
2026-07-03T19:53:46.489,tof2,4x4,empty,3023,3248,-1,3320,2105,2156,-1,3493,-1,1741,1449,1343,1087,1093,-1,-1,1,1,1,1,1,1,0,1,1,1,1,1,1,1,1,1
2026-07-03T19:53:46.579,tof1,4x4,empty,-1,-1,-1,-1,-1,-1,-1,-1,-1,-1,1970,-1,784,814,-1,1046,0,0,0,0,0,0,0,0,0,0,1,0,1,1,1,1
2026-07-03T19:53:46.644,tof2,4x4,empty,3023,3248,-1,3337,2105,-1,2181,3493,1514,-1,1469,1343,1083,1093,1104,1057,1,1,0,1,1,1,1,1,1,1,1,1,1,1,1,1
2026-07-03T19:53:46.742,tof1,4x4,empty,-1,-1,-1,-1,-1,-1,-1,-1,-1,-1,1954,-1,784,814,897,-1,0,1,0,0,0,0,0,0,0,1,1,1,1,1,1,1
2026-07-03T19:53:46.805,tof2,4x4,empty,3008,3244,-1,3337,2115,2156,2203,3493,-1,1741,1479,1351,1086,1090,-1,1057,1,1,1,1,1,1,1,1,1,1,1,1,1,1,1,1
2026-07-03T19:53:46.909,tof1,4x4,empty,-1,-1,-1,-1,-1,-1,-1,-1,-1,-1,1970,1973,784,814,897,1165,0,0,0,0,0,0,0,0,0,0,1,1,1,1,1,1
2026-07-03T19:53:47.236,tof2,4x4,empty,3007,3244,-1,3337,2115,2150,-1,3493,1523,1717,1516,1351,-1,-1,1104,1064,1,1,1,1,1,1,0,1,1,1,1,1,1,1,1,1
2026-07-03T19:53:47.257,tof1,4x4,empty,-1,-1,-1,-1,-1,-1,-1,-1,-1,-1,1970,1971,1323,1082,1118,-1,0,0,0,0,0,0,0,0,0,1,1,1,1,1,1,1
2026-07-03T19:53:47.399,tof2,4x4,empty,3007,3244,-1,3337,2125,2139,2203,3493,-1,1685,1541,1356,-1,1090,-1,1064,1,1,0,1,1,1,1,1,1,1,1,1,1,1,1,1
2026-07-03T19:53:47.433,tof1,4x4,empty,-1,-1,-1,-1,-1,-1,-1,-1,-1,-1,1967,1971,1364,1149,-1,1165,0,0,0,0,0,0,0,0,0,0,1,1,1,1,1,1
2026-07-03T19:53:47.574,tof2,4x4,empty,3007,3249,-1,3327,2126,-1,2172,3477,1514,1680,1547,-1,1086,-1,1095,1066,1,1,1,1,1,1,1,1,1,1,1,1,1,1,1,1
2026-07-03T19:53:47.604,tof1,4x4,empty,-1,-1,-1,-1,-1,-1,-1,-1,-1,-1,1964,1965,1364,1149,1118,-1,0,0,0,0,0,0,0,0,0,0,1,1,1,1,1,1
2026-07-03T19:53:47.747,tof2,4x4,empty,2992,3249,-1,3311,2126,-1,-1,3477,1514,1685,1547,1360,1082,1090,1095,1063,1,1,0,1,1,1,1,1,1,1,1,1,1,1,1,1
2026-07-03T19:53:47.773,tof1,4x4,empty,-1,-1,-1,-1,-1,-1,-1,-1,-1,-1,1964,1985,1359,-1,1118,1072,0,0,0,0,0,0,0,0,0,0,1,1,1,1,1,1
2026-07-03T19:53:47.910,tof2,4x4,empty,2988,3249,-1,3311,2113,2139,2151,3465,1499,1680,-1,-1,1086,1090,1095,1073,1,1,0,1,1,1,1,1,1,1,1,1,1,1,1,1
2026-07-03T19:53:47.952,tof1,4x4,empty,-1,-1,-1,-1,-1,-1,-1,-1,945,-1,1964,-1,1323,1149,1118,1060,0,0,0,0,0,0,0,0,1,0,1,1,1,1,1,1
2026-07-03T19:53:48.070,tof2,4x4,empty,2992,3250,3314,3318,2113,2032,-1,3481,1499,-1,1547,1360,1086,1090,1104,1074,1,1,1,1,1,1,1,1,1,1,1,1,1,1,1,1
2026-07-03T19:53:48.132,tof1,4x4,empty,-1,-1,-1,-1,-1,-1,-1,-1,-1,-1,1967,-1,1304,1178,1119,1060,0,0,0,0,0,0,0,0,0,0,1,0,1,1,1,1
2026-07-03T19:53:48.238,tof2,4x4,empty,2994,3255,-1,3312,2113,2032,2172,3481,-1,1685,1547,1347,1083,1091,1104,1074,1,1,0,1,1,1,1,1,1,1,1,1,1,1,1,1
2026-07-03T19:53:48.287,tof1,4x4,empty,-1,-1,-1,-1,-1,-1,-1,-1,-1,1973,1968,-1,-1,1178,1129,1060,0,0,0,0,0,0,0,0,0,1,1,0,1,1,1,1
2026-07-03T19:53:48.398,tof2,4x4,empty,2994,3257,-1,3312,2113,2032,2151,3493,-1,1569,1547,1169,1081,1090,1104,1067,1,1,1,1,1,1,1,1,1,1,1,1,1,1,1,1
2026-07-03T19:53:48.473,tof1,4x4,empty,-1,-1,-1,-1,-1,-1,-1,-1,-1,-1,1972,1965,1130,1127,-1,1060,0,0,0,0,0,0,0,0,0,0,1,1,1,1,1,1
2026-07-03T19:53:48.560,tof2,4x4,empty,2994,3255,-1,3318,2123,2037,2150,3493,1490,1726,1480,1111,1083,-1,1093,1067,1,1,0,1,1,1,1,1,1,1,1,1,1,1,1,1
2026-07-03T19:53:48.637,tof1,4x4,empty,-1,-1,-1,-1,-1,-1,-1,-1,-1,-1,1986,1985,1034,1104,1129,1056,0,0,0,0,0,0,0,0,0,0,1,1,1,1,1,1
2026-07-03T19:53:48.722,tof2,4x4,empty,-1,3257,3314,3313,2123,2157,2144,3507,-1,1726,1480,1100,1083,1087,1080,1030,1,1,1,1,1,1,1,1,1,1,1,1,1,1,1,1
2026-07-03T19:53:48.791,tof1,4x4,empty,-1,-1,-1,-1,-1,-1,-1,-1,945,-1,1986,1965,893,1079,1105,1054,0,0,0,0,0,0,0,0,1,0,1,1,1,1,1,1
2026-07-03T19:53:48.880,tof2,4x4,empty,2994,3260,-1,3313,2123,2157,-1,3510,-1,1728,1133,1068,1081,1086,-1,980,1,1,1,1,1,1,1,1,1,1,1,1,1,1,1,1
2026-07-03T19:53:48.954,tof1,4x4,empty,-1,-1,-1,-1,-1,-1,-1,-1,1020,-1,1986,1985,873,1030,1102,1054,0,0,0,0,0,0,0,0,1,0,1,1,1,1,1,1
2026-07-03T19:53:49.050,tof2,4x4,empty,3004,3257,-1,3331,2123,2157,2150,3510,-1,1756,1079,1034,1081,1083,1077,980,1,1,0,1,1,1,1,1,1,1,1,1,1,1,1,1
2026-07-03T19:53:49.163,tof1,4x4,empty,-1,-1,-1,-1,-1,-1,-1,-1,1020,-1,1980,-1,870,1022,1053,-1,0,0,0,0,0,0,0,0,1,0,1,1,1,1,1,1
2026-07-03T19:53:49.227,tof2,4x4,empty,2991,3255,-1,3331,2129,2127,2150,3507,1490,1756,1072,1034,-1,1053,1068,980,1,1,0,1,1,1,1,1,1,1,1,1,1,1,1,1
2026-07-03T19:53:49.338,tof1,4x4,empty,-1,-1,-1,-1,-1,-1,-1,-1,1020,-1,1980,-1,870,974,1030,-1,1,0,0,0,0,0,0,0,1,0,1,0,1,1,1,1
2026-07-03T19:53:49.398,tof2,4x4,empty,2990,3257,3297,3329,2111,2157,2144,3518,1490,1763,1052,1034,1083,1047,930,1002,1,1,1,1,1,1,1,1,1,1,1,1,1,1,1,1
2026-07-03T19:53:49.498,tof1,4x4,empty,-1,-1,-1,-1,-1,-1,-1,-1,1013,-1,-1,-1,870,952,1024,1054,0,0,0,0,0,0,0,0,1,0,0,1,1,1,1,1
2026-07-03T19:53:49.566,tof2,4x4,empty,-1,3259,-1,3329,2111,2150,-1,3511,1487,1763,1041,1034,1086,1041,925,1002,1,1,0,1,1,1,1,1,1,1,1,1,1,1,1,1
2026-07-03T19:53:49.664,tof1,4x4,empty,-1,-1,-1,-1,-1,-1,-1,-1,993,-1,-1,-1,921,905,853,1041,0,0,0,0,0,0,0,0,1,0,1,0,1,1,1,1
2026-07-03T19:53:49.719,tof2,4x4,empty,2973,3255,-1,3310,-1,2150,2153,3511,1539,1754,1041,1034,1086,1024,924,1003,1,1,0,1,0,1,1,1,1,1,1,1,1,1,1,1
2026-07-03T19:53:49.824,tof1,4x4,empty,-1,-1,-1,-1,-1,-1,-1,-1,975,-1,-1,2029,921,905,853,987,0,0,0,0,0,0,0,0,1,0,0,1,1,1,1,1
2026-07-03T19:53:49.896,tof2,4x4,empty,2973,3255,-1,3310,2140,2027,2153,3511,1539,1754,1030,1035,-1,1005,912,1013,1,1,0,1,1,1,1,1,1,1,1,1,1,1,1,1
2026-07-03T19:53:49.976,tof1,4x4,empty,-1,-1,-1,-1,-1,-1,-1,-1,956,-1,-1,-1,921,905,853,987,0,0,0,0,0,0,0,0,1,0,1,1,1,1,1,1
2026-07-03T19:53:50.063,tof2,4x4,empty,2973,3255,-1,3310,2103,2090,2153,3511,1539,1016,1017,1035,1086,995,900,1029,1,1,1,1,1,1,1,1,1,1,1,1,1,1,1,1
2026-07-03T19:53:50.139,tof1,4x4,empty,-1,-1,-1,-1,-1,-1,-1,-1,-1,-1,1980,-1,891,916,883,987,0,0,0,0,0,0,0,0,0,0,1,1,1,1,1,1
2026-07-03T19:53:50.213,tof2,4x4,empty,2964,3245,-1,3310,2103,2042,-1,3504,1494,1016,1017,1074,1086,935,900,1050,1,1,0,1,1,1,0,1,1,1,1,1,1,1,1,1
2026-07-03T19:53:50.294,tof1,4x4,empty,-1,-1,-1,-1,-1,-1,-1,-1,-1,-1,1973,-1,864,916,883,-1,0,0,0,0,0,0,0,0,0,0,1,0,1,1,1,1
2026-07-03T19:53:50.369,tof2,4x4,empty,-1,3245,-1,3291,-1,2042,2179,3504,1513,1016,1017,1099,1069,925,900,1066,1,1,0,1,1,1,1,1,1,1,1,1,1,1,1,1
2026-07-03T19:53:50.449,tof1,4x4,empty,-1,-1,-1,-1,-1,-1,-1,-1,-1,-1,1982,2066,864,916,897,990,0,0,0,0,0,0,0,0,0,0,1,1,1,1,1,1
2026-07-03T19:53:50.538,tof2,4x4,empty,2964,3245,-1,3291,2134,2042,2187,3504,1513,1038,1026,1109,-1,922,904,1067,1,1,0,1,1,1,1,1,1,1,1,1,1,1,1,1
2026-07-03T19:53:50.636,tof1,4x4,empty,-1,-1,-1,-1,-1,-1,-1,-1,-1,-1,1982,-1,861,916,897,1057,0,0,0,0,0,0,0,0,0,0,1,0,1,1,1,1
2026-07-03T19:53:50.745,tof2,4x4,empty,2964,3239,-1,3291,2134,-1,2179,3504,1513,1038,1031,1114,-1,920,907,1071,1,1,0,1,1,1,1,1,1,1,1,1,1,1,1,1
2026-07-03T19:53:50.812,tof1,4x4,empty,-1,-1,-1,-1,-1,-1,-1,-1,-1,-1,1979,2066,861,916,894,-1,1,0,0,0,0,0,0,0,0,0,1,1,1,1,1,0
2026-07-03T19:53:50.908,tof2,4x4,empty,3007,3250,-1,3313,2134,2090,2179,3504,-1,1038,1033,1116,-1,920,907,1077,1,1,0,1,1,1,1,1,1,1,1,1,1,1,1,1
2026-07-03T19:53:50.973,tof1,4x4,empty,-1,-1,-1,-1,-1,-1,-1,-1,-1,-1,1977,-1,864,918,894,-1,0,0,0,0,0,0,1,0,0,0,1,0,1,1,1,1
2026-07-03T19:53:51.102,tof2,4x4,empty,3025,3250,-1,3315,-1,2158,2187,-1,-1,1032,1035,1119,1069,919,907,-1,1,1,0,1,0,1,1,0,1,1,1,1,1,1,1,1
2026-07-03T19:53:51.136,tof1,4x4,empty,-1,-1,-1,-1,-1,-1,-1,-1,-1,-1,1977,-1,864,919,894,-1,1,1,0,0,0,0,0,0,0,0,1,0,1,1,1,0
2026-07-03T19:53:51.273,tof2,4x4,empty,3035,3242,-1,3315,2138,-1,2187,3504,1513,1032,1035,1119,1064,918,904,1071,1,1,0,1,1,1,1,1,1,1,1,1,1,1,1,1
2026-07-03T19:53:51.299,tof1,4x4,empty,-1,-1,-1,-1,-1,-1,-1,-1,-1,-1,1976,-1,864,919,894,1057,1,0,0,0,0,0,1,0,0,0,1,0,1,1,1,1
2026-07-03T19:53:51.430,tof2,4x4,empty,3035,3242,-1,3315,2138,-1,-1,3502,1524,1031,1036,1126,1069,918,904,1071,1,1,1,1,1,0,1,1,1,1,1,1,1,1,1,1
2026-07-03T19:53:51.458,tof1,4x4,empty,-1,-1,-1,-1,-1,-1,-1,-1,-1,-1,-1,-1,865,918,900,-1,0,0,0,0,0,0,0,0,0,0,0,0,1,1,1,1
2026-07-03T19:53:51.590,tof2,4x4,empty,-1,3256,-1,3313,2128,-1,-1,3502,1564,1031,1037,-1,1069,919,904,1071,0,1,0,1,1,0,0,1,1,1,1,1,1,1,1,1
2026-07-03T19:53:51.620,tof1,4x4,empty,-1,-1,-1,-1,-1,-1,-1,-1,-1,-1,1976,-1,864,919,900,1246,1,0,0,1,0,0,0,0,0,0,1,1,1,1,1,1
2026-07-03T19:53:51.757,tof2,4x4,empty,3038,3242,-1,3313,-1,2158,-1,-1,-1,1038,1037,1119,-1,924,902,1072,1,1,0,1,0,1,0,0,1,1,1,1,1,1,1,1
2026-07-03T19:53:51.802,tof1,4x4,empty,-1,-1,-1,2244,-1,-1,-1,-1,-1,-1,-1,-1,865,917,898,1246,0,0,0,1,0,0,1,0,0,0,1,0,1,1,1,1
2026-07-03T19:53:51.942,tof2,4x4,empty,3035,3257,-1,3309,-1,-1,2176,3490,1531,1038,1038,1119,1070,926,904,1068,1,1,0,1,0,1,1,1,1,1,1,1,1,1,1,1
2026-07-03T19:53:52.158,tof1,4x4,empty,-1,-1,-1,-1,-1,-1,-1,-1,-1,-1,-1,-1,866,917,898,1247,1,0,0,0,0,0,1,0,0,0,0,0,1,1,1,1
2026-07-03T19:53:52.263,tof2,4x4,empty,3032,3259,-1,3309,-1,-1,-1,3502,-1,1038,1038,1125,-1,926,907,-1,1,1,0,1,0,1,0,1,1,1,1,1,1,1,1,1
2026-07-03T19:53:52.377,tof1,4x4,empty,-1,-1,-1,-1,-1,-1,-1,-1,-1,-1,-1,-1,866,921,894,1247,0,0,0,0,0,0,0,0,0,0,0,0,1,1,1,1
2026-07-03T19:53:52.429,tof2,4x4,empty,2986,3257,-1,3313,2128,-1,2162,3503,-1,1038,1038,1117,1070,926,910,1068,1,1,0,1,1,0,1,1,1,1,1,1,1,1,1,1
2026-07-03T19:53:52.539,tof1,4x4,empty,-1,-1,-1,-1,-1,-1,-1,-1,-1,-1,-1,-1,869,921,889,1259,0,0,0,0,0,0,0,0,0,0,0,0,1,1,1,1
2026-07-03T19:53:52.591,tof2,4x4,empty,-1,3242,-1,3308,2100,-1,2162,3503,1564,1039,1039,-1,-1,930,905,1068,1,1,0,1,1,0,1,1,1,1,1,1,1,1,1,1
2026-07-03T19:53:52.741,tof1,4x4,empty,-1,-1,-1,-1,-1,-1,-1,-1,-1,-1,-1,-1,869,921,889,-1,0,0,0,0,0,0,0,0,0,0,1,0,1,1,1,0
2026-07-03T19:53:52.778,tof2,4x4,empty,2986,3247,-1,3308,-1,-1,2162,3465,-1,1039,1038,-1,1071,929,912,1069,1,1,0,1,1,0,1,1,1,1,1,1,1,1,1,1
2026-07-03T19:53:52.912,tof1,4x4,empty,-1,-1,-1,-1,-1,-1,-1,-1,-1,-1,-1,-1,869,923,889,1259,0,0,0,0,0,0,0,0,0,0,0,0,1,1,1,1
2026-07-03T19:53:52.949,tof2,4x4,empty,2986,3247,3297,3318,-1,-1,-1,3487,1573,1039,1037,1117,-1,932,912,-1,1,1,1,1,0,0,1,1,1,1,1,1,1,1,1,1
2026-07-03T19:53:53.079,tof1,4x4,empty,-1,-1,-1,-1,-1,-1,-1,-1,-1,-1,-1,-1,867,923,889,-1,0,0,0,1,0,0,0,0,0,0,1,0,1,1,1,0
2026-07-03T19:53:53.104,tof2,4x4,empty,2992,3247,-1,3326,-1,-1,2162,3467,1564,1039,1037,1123,1071,932,912,1068,1,1,1,1,1,0,1,1,1,1,1,1,1,1,1,1
2026-07-03T19:53:53.244,tof1,4x4,empty,-1,-1,-1,-1,-1,-1,-1,-1,-1,-1,-1,-1,867,926,890,-1,0,0,0,1,0,0,0,0,0,0,0,0,1,1,1,1
2026-07-03T19:53:53.279,tof2,4x4,empty,3042,3253,-1,3326,-1,-1,2179,3467,1573,1041,1035,1125,1071,932,909,1069,1,1,0,1,1,0,1,1,1,1,1,1,1,1,1,1
2026-07-03T19:53:53.416,tof1,4x4,empty,-1,-1,-1,-1,-1,-1,-1,-1,-1,-1,-1,-1,867,926,890,1259,0,0,0,0,0,0,0,0,0,0,0,0,1,1,1,1
2026-07-03T19:53:53.434,tof2,4x4,empty,3042,3253,-1,3333,2100,-1,2179,3487,1573,-1,1035,1123,1068,933,909,1069,1,1,1,1,1,0,1,1,1,1,1,1,1,1,1,1
2026-07-03T19:53:53.571,tof1,4x4,empty,-1,-1,-1,-1,-1,-1,-1,-1,-1,-1,-1,-1,871,924,890,-1,0,0,0,0,0,0,0,0,0,1,0,0,1,1,1,1
2026-07-03T19:53:53.604,tof2,4x4,empty,3042,3254,-1,3326,-1,-1,2179,3495,1557,1063,1037,1123,1068,934,909,1068,1,1,0,1,1,0,1,1,1,1,1,1,1,1,1,1
2026-07-03T19:53:53.730,tof1,4x4,empty,-1,-1,-1,-1,-1,-1,-1,-1,-1,-1,1976,-1,871,920,887,-1,0,0,0,0,0,0,0,0,0,0,1,0,1,1,1,1
2026-07-03T19:53:53.779,tof2,4x4,empty,3042,3253,-1,3324,2110,-1,2174,3495,1544,1063,1037,1122,1066,934,909,-1,1,1,1,1,1,0,1,1,1,1,1,1,1,1,1,1
2026-07-03T19:53:53.906,tof1,4x4,empty,-1,-1,-1,-1,-1,-1,-1,-1,-1,-1,-1,-1,871,921,887,-1,0,0,0,0,0,0,0,0,0,0,1,0,1,1,1,0
2026-07-03T19:53:53.934,tof2,4x4,empty,2989,3265,-1,3324,2110,-1,2174,3495,1544,1063,1037,1122,1066,935,909,1068,1,1,0,1,1,1,1,1,1,1,1,1,1,1,1,1
2026-07-03T19:53:54.076,tof1,4x4,empty,-1,-1,-1,-1,-1,-1,-1,-1,-1,-1,-1,-1,871,921,886,1259,0,0,0,0,0,0,0,0,0,0,0,1,1,1,1,1
2026-07-03T19:53:54.094,tof2,4x4,empty,2989,3265,3310,3324,-1,-1,2174,3495,-1,1041,1037,1120,1066,944,909,1067,1,1,1,1,0,1,1,1,1,1,1,1,1,1,1,1
2026-07-03T19:53:54.251,tof1,4x4,empty,-1,-1,-1,-1,-1,-1,-1,-1,-1,-1,-1,-1,871,921,886,1259,0,0,0,0,0,0,0,0,0,0,0,0,1,1,1,1
2026-07-03T19:53:54.275,tof2,4x4,empty,3011,3265,-1,3321,2110,2099,2185,3483,1544,1041,1039,1117,1064,945,909,1065,1,1,0,1,1,1,1,1,1,1,1,1,1,1,1,1
2026-07-03T19:53:54.409,tof1,4x4,empty,-1,-1,-1,-1,-1,-1,-1,-1,-1,-1,-1,-1,871,921,887,1259,0,0,0,0,0,0,0,0,0,0,0,0,1,1,1,1
2026-07-03T19:53:54.432,tof2,4x4,empty,2989,3265,-1,3324,2142,2099,-1,3483,1619,1031,1039,1122,1064,965,911,1064,1,1,1,1,1,1,1,1,1,1,1,1,1,1,1,1
2026-07-03T19:53:54.582,tof1,4x4,empty,-1,-1,-1,-1,-1,-1,-1,-1,-1,-1,-1,-1,874,925,888,1003,0,0,0,0,0,0,0,0,0,0,0,0,1,1,1,1
2026-07-03T19:53:54.591,tof2,4x4,empty,2996,3265,-1,-1,2142,2099,2185,3488,1619,1019,1042,1126,1070,966,909,-1,1,1,1,1,1,1,1,1,1,1,1,1,1,1,1,1
2026-07-03T19:53:54.734,tof1,4x4,empty,-1,-1,-1,-1,-1,-1,-1,-1,-1,-1,-1,-1,874,-1,888,1003,0,0,0,0,0,0,0,0,0,0,0,1,1,1,1,1
2026-07-03T19:53:54.782,tof2,4x4,empty,-1,3271,3310,3306,2142,2099,-1,3488,1619,1019,1043,1117,-1,967,909,1064,1,1,1,1,1,1,1,1,1,1,1,1,1,1,1,1
2026-07-03T19:53:54.923,tof1,4x4,empty,-1,-1,-1,-1,-1,-1,-1,-1,-1,-1,-1,-1,876,925,-1,-1,1,0,0,0,0,0,0,0,0,0,0,0,1,1,1,1
2026-07-03T19:53:54.952,tof2,4x4,empty,2996,3257,3290,3306,2093,2136,-1,3460,1548,1019,1043,-1,1070,972,911,1066,1,1,1,1,1,1,0,1,1,1,1,1,1,1,1,1
2026-07-03T19:53:55.079,tof1,4x4,empty,-1,-1,-1,-1,-1,-1,-1,-1,-1,-1,-1,-1,876,921,895,1003,0,0,0,0,0,0,0,0,0,0,0,0,1,1,1,1
2026-07-03T19:53:55.139,tof2,4x4,empty,2980,3257,-1,3323,2084,2149,2185,3468,1548,1042,1043,-1,1076,972,914,1066,1,1,0,1,1,1,1,1,1,1,1,1,1,1,1,1
2026-07-03T19:53:55.233,tof1,4x4,empty,-1,-1,-1,-1,-1,-1,-1,-1,948,1973,1965,-1,876,847,895,1003,0,0,0,1,0,0,0,0,1,1,1,0,1,1,1,1
2026-07-03T19:53:55.306,tof2,4x4,empty,2980,3247,3310,3323,-1,2156,2142,3468,1536,1048,1043,1126,1076,975,-1,1069,1,1,1,1,1,1,1,1,1,1,1,1,1,1,1,1
2026-07-03T19:53:55.410,tof1,4x4,empty,-1,-1,-1,-1,-1,-1,-1,-1,922,1973,1951,-1,876,812,888,1003,0,0,0,0,0,0,0,0,1,1,1,0,1,1,1,1
2026-07-03T19:53:55.467,tof2,4x4,empty,2980,3257,-1,3323,2084,-1,2136,3468,-1,1049,-1,1129,1076,989,934,1087,1,1,0,1,1,0,1,1,1,1,1,1,1,1,1,1
2026-07-03T19:53:55.567,tof1,4x4,empty,-1,-1,-1,-1,-1,-1,-1,-1,863,849,871,-1,827,737,839,1002,0,0,0,0,0,0,0,0,1,1,1,0,1,1,1,1
2026-07-03T19:53:55.629,tof2,4x4,empty,2980,3257,-1,3323,-1,2156,1321,3491,-1,1058,1043,1187,-1,989,-1,1087,1,1,0,1,1,1,1,1,1,1,1,1,1,1,1,1
2026-07-03T19:53:55.721,tof1,4x4,empty,-1,-1,-1,-1,-1,-1,-1,-1,-1,686,-1,-1,673,633,685,892,0,0,0,0,0,0,0,0,0,1,0,0,1,1,1,1
2026-07-03T19:53:55.793,tof2,4x4,empty,2980,3257,-1,3298,2078,-1,1321,3504,1536,1102,1093,1237,-1,-1,945,1087,1,1,1,1,1,1,1,1,1,1,1,1,1,1,1,1
2026-07-03T19:53:55.889,tof1,4x4,empty,-1,-1,-1,-1,-1,-1,-1,-1,-1,-1,-1,-1,562,555,588,560,0,0,0,0,0,0,0,0,0,0,0,0,1,1,1,1
2026-07-03T19:53:55.945,tof2,4x4,empty,-1,3257,-1,3298,2084,2156,1321,3514,1509,1342,1308,1299,1078,1064,1085,1087,0,1,0,1,1,1,1,1,1,1,1,1,1,1,1,1
2026-07-03T19:53:56.049,tof1,4x4,empty,-1,-1,-1,-1,-1,-1,-1,-1,719,-1,-1,-1,450,448,498,479,1,0,0,0,0,0,0,0,1,0,0,0,1,1,1,1
2026-07-03T19:53:56.329,tof1,4x4,empty,-1,-1,-1,-1,-1,-1,-1,-1,601,596,712,-1,419,412,462,466,0,0,0,0,0,0,0,0,1,1,1,0,1,1,1,1
2026-07-03T19:53:56.348,tof2,4x4,empty,3039,3257,-1,3305,-1,2131,1366,-1,1528,1391,1380,1349,-1,1096,1101,1071,1,1,0,1,0,1,1,0,1,1,1,1,1,1,1,1
2026-07-03T19:53:56.492,tof1,4x4,empty,-1,-1,-1,-1,-1,-1,-1,-1,488,513,625,-1,404,390,428,457,0,0,0,0,0,0,0,0,1,1,1,0,1,1,1,1
2026-07-03T19:53:56.511,tof2,4x4,empty,2992,3257,-1,3305,2094,1496,1465,3514,-1,1433,1449,1419,1073,-1,1107,1062,1,1,1,1,1,1,1,1,1,1,1,1,1,1,1,1
2026-07-03T19:53:56.707,tof2,4x4,empty,3006,3257,3332,3308,2126,1483,1488,3514,1505,1493,1511,1457,1073,1096,1107,1054,1,1,1,1,1,1,1,1,1,1,1,1,1,1,1,1
2026-07-03T19:53:56.708,tof1,4x4,empty,-1,-1,-1,-1,-1,-1,-1,-1,465,469,481,-1,389,379,397,429,1,0,0,0,0,0,0,0,1,1,1,0,1,1,1,1
2026-07-03T19:53:56.874,tof2,4x4,empty,3006,3264,-1,3328,2107,1483,1511,3493,1479,1508,1514,1474,1076,1096,1107,1054,1,1,0,1,1,1,1,1,1,1,1,1,1,1,1,1
2026-07-03T19:53:56.900,tof1,4x4,empty,-1,-1,-1,-1,-1,-1,-1,-1,457,469,481,-1,389,379,397,429,0,0,0,0,0,0,0,0,1,1,1,0,1,1,1,1
2026-07-03T19:53:57.040,tof2,4x4,empty,3006,3264,-1,3333,2126,1491,1511,3493,1479,1508,1514,1477,1077,1092,-1,1052,1,1,0,1,1,1,1,1,1,1,1,1,1,1,1,1
2026-07-03T19:53:57.053,tof1,4x4,empty,-1,-1,-1,-1,-1,-1,-1,-1,457,469,481,-1,389,379,397,429,0,0,0,0,0,0,0,0,1,1,1,1,1,1,1,1
2026-07-03T19:53:57.198,tof2,4x4,empty,3006,3264,-1,3328,2126,1483,1512,3469,-1,1508,1514,1482,1077,-1,1101,1052,1,1,0,1,1,1,1,1,1,1,1,1,1,1,1,1
2026-07-03T19:53:57.211,tof1,4x4,empty,-1,-1,-1,-1,-1,-1,-1,-1,457,474,-1,-1,391,381,402,437,1,0,0,1,0,0,0,0,1,1,0,0,1,1,1,1
2026-07-03T19:53:57.378,tof2,4x4,empty,3006,3264,-1,3328,2110,1475,1512,3471,-1,1505,1511,1485,1077,1092,1092,1048,1,1,0,1,1,1,1,1,1,1,1,1,1,1,1,1
2026-07-03T19:53:57.447,tof1,4x4,empty,-1,-1,-1,-1,-1,-1,-1,-1,463,475,-1,-1,394,388,410,438,1,0,0,0,0,0,0,0,1,1,0,1,1,1,1,1
2026-07-03T19:53:57.553,tof2,4x4,empty,3014,3264,-1,3321,-1,1475,1512,3471,-1,1504,1510,1489,1080,1092,-1,1043,1,1,0,1,1,1,1,1,1,1,1,1,1,1,1,1
2026-07-03T19:53:57.605,tof1,4x4,empty,-1,-1,-1,-1,-1,-1,-1,-1,469,489,-1,-1,399,394,417,442,1,0,0,0,0,0,0,0,1,1,0,1,1,1,1,1
2026-07-03T19:53:57.716,tof2,4x4,empty,3025,3261,-1,3321,2107,1462,1500,3471,-1,1494,1510,1489,1080,1094,1092,1043,1,1,0,1,1,1,1,1,1,1,1,1,1,1,1,1
2026-07-03T19:53:57.784,tof1,4x4,empty,-1,-1,-1,-1,-1,-1,-1,-1,474,490,484,-1,407,400,424,457,0,0,0,0,0,0,0,0,1,1,1,0,1,1,1,1
2026-07-03T19:53:57.872,tof2,4x4,empty,3025,3261,-1,3321,2106,1462,1511,3471,1479,1493,1510,1489,1080,1094,1092,1043,1,1,0,1,1,1,1,1,1,1,1,1,1,1,1,1
2026-07-03T19:53:57.963,tof1,4x4,empty,-1,-1,-1,-1,-1,-1,-1,-1,475,490,491,-1,407,400,425,459,0,0,0,0,0,0,0,0,1,1,1,0,1,1,1,1
2026-07-03T19:53:58.030,tof2,4x4,empty,-1,3258,-1,3316,-1,1462,1497,3521,1479,1487,1506,1489,1071,1097,1104,1043,1,1,0,1,1,1,1,1,1,1,1,1,1,1,1,1
2026-07-03T19:53:58.126,tof1,4x4,empty,-1,-1,-1,-1,-1,-1,-1,-1,477,490,507,-1,407,400,425,-1,0,0,0,0,0,0,0,0,1,1,1,0,1,1,1,0
2026-07-03T19:53:58.203,tof2,4x4,empty,3019,3253,-1,3316,2106,1473,1491,3521,1485,1487,1504,1489,1077,1097,1104,1043,1,1,0,1,1,1,1,1,1,1,1,1,1,1,1,1
2026-07-03T19:53:58.302,tof1,4x4,empty,-1,-1,-1,-1,-1,-1,-1,-1,479,489,-1,-1,405,397,425,-1,0,0,0,0,0,0,0,0,1,1,0,0,1,1,1,0
2026-07-03T19:53:58.371,tof2,4x4,empty,3021,3253,-1,3316,-1,1473,1485,-1,-1,1493,-1,1489,1077,-1,1110,1057,1,1,0,1,0,1,1,0,1,1,1,1,1,1,1,1
2026-07-03T19:53:58.458,tof1,4x4,empty,-1,-1,-1,-1,-1,-1,-1,-1,486,489,-1,-1,405,397,427,463,0,0,0,0,0,0,0,0,1,1,0,0,1,1,1,1
2026-07-03T19:53:58.534,tof2,4x4,empty,3019,3258,3332,3311,2106,1478,1476,3521,-1,1493,1502,1489,1077,1097,1110,1057,1,1,1,1,1,1,1,1,1,1,1,1,1,1,1,1
2026-07-03T19:53:58.622,tof1,4x4,empty,-1,-1,-1,-1,-1,-1,-1,-1,488,489,-1,-1,405,397,428,465,0,0,0,0,0,0,0,0,1,1,0,0,1,1,1,1
2026-07-03T19:53:58.765,tof2,4x4,empty,2989,3258,-1,3308,2118,1479,1402,3508,1487,1468,1478,1489,1077,1098,1109,1055,1,1,0,1,1,1,1,1,1,1,1,1,1,1,1,1
2026-07-03T19:53:58.813,tof1,4x4,empty,-1,-1,-1,-1,-1,-1,-1,-1,511,492,-1,-1,408,406,-1,933,1,0,0,0,0,0,0,0,1,1,0,0,1,1,1,1
2026-07-03T19:53:58.931,tof2,4x4,empty,2987,3259,-1,3308,2147,2155,1387,-1,1507,1468,1459,1477,1077,1101,1097,1048,1,1,1,1,1,1,1,0,1,1,1,1,1,1,1,1
2026-07-03T19:53:58.980,tof1,4x4,empty,-1,-1,-1,-1,-1,-1,-1,-1,518,501,508,-1,428,431,453,-1,0,0,0,0,0,0,0,0,1,1,1,0,1,1,1,1
2026-07-03T19:53:59.108,tof2,4x4,empty,2987,3259,-1,3307,2155,2155,1380,-1,1535,1495,1437,1461,-1,1101,1098,1054,1,1,1,1,1,1,1,1,1,1,1,1,1,1,1,1
2026-07-03T19:53:59.157,tof1,4x4,empty,-1,-1,-1,-1,-1,-1,-1,-1,521,-1,510,-1,485,504,481,1022,0,0,0,0,0,0,0,0,1,0,1,0,1,1,1,1
2026-07-03T19:53:59.269,tof2,4x4,empty,2972,3258,-1,3307,2155,2155,-1,3499,1552,-1,1397,1415,1073,-1,1098,1048,1,1,0,1,1,1,1,1,1,1,1,1,1,1,1,1
2026-07-03T19:53:59.327,tof1,4x4,empty,-1,-1,-1,-1,-1,-1,-1,-1,-1,-1,1964,2066,553,585,-1,1030,1,0,0,0,0,0,0,0,0,0,1,1,1,1,1,1
2026-07-03T19:53:59.429,tof2,4x4,empty,2972,3257,-1,3307,2155,2157,-1,3437,1535,1495,1397,1413,-1,1099,1100,1045,1,1,1,1,1,1,1,1,1,1,1,1,1,1,1,1
2026-07-03T19:53:59.479,tof1,4x4,empty,-1,-1,-1,-1,-1,-1,-1,-1,-1,-1,1990,1994,590,633,805,1066,0,0,0,0,1,0,0,0,0,0,1,1,1,1,1,1
2026-07-03T19:53:59.596,tof2,4x4,empty,2972,3257,-1,3313,2156,2155,1380,3437,1537,-1,1397,1413,1073,-1,-1,1042,1,1,0,1,1,1,1,1,1,1,1,1,1,1,1,1
2026-07-03T19:53:59.647,tof1,4x4,empty,-1,-1,-1,-1,-1,-1,-1,-1,-1,-1,1996,1987,645,783,1142,-1,0,0,1,0,0,0,0,0,0,0,1,1,1,1,1,1
2026-07-03T19:53:59.745,tof2,4x4,empty,3015,3256,-1,3305,-1,2164,-1,1605,-1,1741,-1,1413,1073,1099,1100,1042,1,1,0,1,1,1,1,1,1,1,1,1,1,1,1,1
2026-07-03T19:53:59.811,tof1,4x4,empty,-1,-1,-1,-1,-1,-1,-1,-1,-1,-1,1996,1987,672,-1,-1,-1,0,0,0,0,0,0,0,0,0,0,1,1,1,1,1,1
2026-07-03T19:53:59.912,tof2,4x4,empty,-1,3257,-1,3323,2156,2164,1380,1605,1552,1741,-1,1455,1073,1098,1100,1042,1,1,0,1,1,1,1,1,1,1,1,1,1,1,1,1
2026-07-03T19:53:59.982,tof1,4x4,empty,-1,-1,-1,-1,-1,-1,-1,-1,-1,-1,1998,-1,-1,1130,1149,-1,0,0,0,0,0,0,0,0,0,1,1,0,1,1,1,1
2026-07-03T19:54:00.106,tof2,4x4,empty,3029,3257,-1,3328,2156,-1,2138,1706,1552,1741,-1,1558,1079,-1,1100,1037,1,1,0,1,1,1,1,1,1,1,1,1,1,1,1,1
2026-07-03T19:54:00.180,tof1,4x4,empty,-1,-1,-1,-1,-1,-1,-1,-1,-1,543,1996,-1,-1,1160,-1,1071,0,0,0,0,0,0,0,0,0,1,1,1,0,1,1,1
2026-07-03T19:54:00.277,tof2,4x4,empty,3029,3256,-1,3328,2156,2118,2138,1706,-1,1694,1492,-1,1079,1093,1100,1044,1,1,1,1,1,1,1,1,1,1,1,1,1,1,1,1
2026-07-03T19:54:00.352,tof1,4x4,empty,-1,-1,-1,-1,-1,-1,-1,-1,-1,613,1986,-1,-1,-1,1142,-1,0,0,0,0,0,0,0,0,0,1,1,1,1,1,1,1
2026-07-03T19:54:00.444,tof2,4x4,empty,3015,3256,-1,3337,2154,2118,2163,-1,1596,1694,1492,-1,1077,1098,1100,1048,1,1,0,1,1,1,1,1,1,1,1,1,1,1,1,1
2026-07-03T19:54:00.526,tof1,4x4,empty,-1,-1,-1,-1,-1,-1,-1,-1,-1,1970,1978,-1,685,1160,-1,1085,1,0,0,0,0,0,0,0,0,1,1,0,1,1,1,1
2026-07-03T19:54:00.605,tof2,4x4,empty,3029,3249,-1,3337,2121,2148,2168,1741,-1,1694,1504,-1,1077,1098,1102,1044,1,1,1,1,1,1,1,1,1,1,1,1,1,1,1,1
2026-07-03T19:54:00.736,tof1,4x4,empty,-1,-1,-1,-1,-1,-1,-1,-1,-1,-1,1986,-1,698,-1,1142,1085,0,0,0,0,0,0,0,0,0,0,1,0,1,1,1,1
2026-07-03T19:54:00.786,tof2,4x4,empty,3021,3245,-1,3338,2120,2148,2175,1845,1596,1694,1511,-1,1077,1093,1103,1048,1,1,0,1,1,1,1,1,1,1,1,1,1,1,1,1
2026-07-03T19:54:00.903,tof1,4x4,empty,-1,-1,-1,-1,-1,-1,-1,-1,-1,-1,1986,-1,-1,1130,1117,1085,0,0,0,0,0,0,0,0,0,0,1,0,1,1,1,1
2026-07-03T19:54:00.935,tof2,4x4,empty,2987,3245,-1,3302,2120,2165,2187,1929,1603,-1,1514,1613,1077,1093,1103,1048,1,1,0,1,1,1,1,1,1,1,1,1,1,1,1,1
2026-07-03T19:54:01.068,tof1,4x4,empty,-1,-1,-1,-1,-1,-1,-1,-1,-1,-1,1976,-1,1008,1146,1111,1049,1,0,0,0,0,0,0,0,0,0,1,1,1,1,1,1
2026-07-03T19:54:01.130,tof2,4x4,empty,3021,3253,-1,3302,2127,2165,2203,1995,1596,1756,1514,-1,1077,1093,-1,1050,1,1,0,1,1,1,1,1,1,1,1,0,1,1,1,1
2026-07-03T19:54:01.242,tof1,4x4,empty,-1,-1,-1,-1,-1,-1,-1,-1,-1,-1,1974,-1,-1,1146,-1,-1,0,0,0,0,0,0,0,0,0,0,1,1,0,1,1,1
2026-07-03T19:54:01.288,tof2,4x4,empty,3021,3253,3323,3284,2120,2165,2203,-1,-1,1756,-1,-1,1077,1092,-1,1048,1,1,1,1,1,1,1,1,1,1,1,0,1,1,1,1
2026-07-03T19:54:01.405,tof1,4x4,empty,-1,-1,-1,-1,-1,-1,-1,-1,-1,-1,1974,-1,-1,1146,-1,1048,0,0,0,0,0,0,0,0,0,0,1,0,1,1,1,1
2026-07-03T19:54:01.452,tof2,4x4,empty,-1,3253,-1,2158,2127,-1,2224,2019,1490,1755,1514,-1,1075,1080,-1,1048,1,1,1,1,1,1,1,1,1,1,1,0,1,1,1,1
2026-07-03T19:54:01.632,tof2,4x4,empty,3000,3254,3323,2158,2127,-1,2216,2178,1490,1729,1514,-1,1075,1080,1107,1047,1,1,1,1,1,1,1,1,1,1,1,0,1,1,1,1
2026-07-03T19:54:01.656,tof1,4x4,empty,-1,-1,-1,-1,-1,-1,-1,-1,-1,-1,1968,-1,-1,-1,1094,1048,0,0,0,0,0,0,0,0,0,1,1,0,0,1,1,1
2026-07-03T19:54:01.797,tof2,4x4,empty,3000,3253,-1,2158,2117,2166,-1,2317,1560,1729,1514,-1,1075,1080,-1,1046,1,1,0,1,1,1,0,1,1,1,1,0,1,1,1,1
2026-07-03T19:54:01.812,tof1,4x4,empty,-1,-1,-1,-1,-1,-1,-1,-1,-1,-1,1965,-1,-1,-1,1094,1049,0,0,0,0,0,0,0,0,0,0,1,0,0,1,1,1
2026-07-03T19:54:01.966,tof2,4x4,empty,3068,3254,-1,2158,2101,-1,2203,2341,1506,1729,1514,-1,-1,1088,1103,1045,1,1,0,1,1,0,1,1,1,1,1,0,1,1,1,1
2026-07-03T19:54:01.991,tof1,4x4,empty,-1,-1,-1,-1,-1,-1,-1,-1,-1,-1,1957,-1,-1,1153,1094,-1,0,0,0,0,0,0,0,0,0,0,1,0,1,1,1,1
2026-07-03T19:54:02.121,tof2,4x4,empty,3048,3253,-1,2158,-1,-1,2186,2341,1506,1714,1524,-1,1075,1088,1098,1046,1,1,0,1,0,1,1,1,1,1,1,0,1,1,1,1
2026-07-03T19:54:02.168,tof1,4x4,empty,-1,-1,-1,-1,-1,-1,-1,-1,-1,-1,1957,1987,-1,1159,1101,1057,0,0,0,0,0,0,0,0,0,1,1,1,1,1,1,1
2026-07-03T19:54:02.297,tof2,4x4,empty,3048,3254,-1,2139,2101,-1,2179,2341,1528,1714,1524,-1,1074,1088,1098,1047,1,1,0,1,1,1,1,1,1,1,1,0,1,1,1,1
2026-07-03T19:54:02.339,tof1,4x4,empty,-1,-1,-1,-1,-1,-1,-1,-1,-1,1970,1957,-1,-1,-1,1109,-1,0,0,0,0,0,0,0,0,0,1,1,0,1,1,1,1
2026-07-03T19:54:02.445,tof2,4x4,empty,3048,3254,-1,2132,2099,-1,-1,2341,-1,1731,1524,-1,1075,1088,1098,1051,1,1,0,1,1,0,0,1,1,1,1,0,1,1,1,1
2026-07-03T19:54:02.497,tof1,4x4,empty,-1,-1,-1,-1,-1,-1,-1,-1,-1,-1,1965,-1,1010,1159,1109,-1,0,0,0,0,0,0,0,0,0,1,1,0,1,1,1,1
2026-07-03T19:54:02.598,tof2,4x4,empty,2973,3254,3323,2132,2099,-1,2179,2327,-1,1741,1524,-1,1079,1088,1098,1051,1,1,1,1,1,0,1,1,1,1,1,0,1,1,1,1
2026-07-03T19:54:02.671,tof1,4x4,empty,-1,-1,-1,-1,-1,-1,-1,-1,-1,-1,1989,-1,-1,-1,1109,1057,0,0,0,0,0,0,0,0,0,0,1,0,0,1,1,1
2026-07-03T19:54:02.755,tof2,4x4,empty,2973,3255,3304,2132,2101,-1,2179,2323,1528,1741,1562,-1,-1,1087,1098,1053,1,1,1,1,1,0,1,1,1,1,1,0,1,1,1,1
2026-07-03T19:54:02.843,tof1,4x4,empty,-1,-1,-1,-1,-1,-1,-1,-1,-1,-1,1989,-1,1058,1166,1109,1077,1,0,0,0,0,0,0,0,0,0,1,0,1,1,1,1
2026-07-03T19:54:02.913,tof2,4x4,empty,2973,3255,-1,2135,2135,-1,2200,-1,-1,1741,1500,-1,1083,1088,1098,1053,1,1,0,1,1,0,1,1,1,1,1,0,1,1,1,1
2026-07-03T19:54:03.005,tof1,4x4,empty,-1,-1,-1,-1,-1,-1,-1,-1,-1,-1,2007,-1,-1,1166,1105,1080,0,0,0,0,0,0,0,0,0,0,1,0,1,1,1,1
2026-07-03T19:54:03.082,tof2,4x4,empty,2995,3248,-1,2143,-1,-1,2200,2327,1528,1746,-1,-1,1083,1087,1100,1053,1,1,0,1,1,0,1,1,1,1,1,0,1,1,1,1
2026-07-03T19:54:03.163,tof1,4x4,empty,-1,-1,-1,-1,-1,-1,-1,-1,-1,-1,2000,-1,-1,1150,1102,1057,0,0,0,0,0,0,0,0,0,0,1,0,1,1,1,1
2026-07-03T19:54:03.247,tof2,4x4,empty,2998,3248,-1,2153,2126,-1,2200,2337,1528,-1,1572,-1,1083,1078,1101,1051,1,1,0,1,1,0,1,1,1,1,1,0,1,1,1,1
2026-07-03T19:54:03.318,tof1,4x4,empty,-1,-1,-1,-1,-1,-1,-1,-1,-1,1973,2000,2026,-1,1150,-1,-1,0,0,0,0,0,0,0,0,0,1,1,1,0,1,1,1
2026-07-03T19:54:03.410,tof2,4x4,empty,3008,3259,-1,2155,2126,-1,2200,2330,1549,1746,1579,-1,1083,1078,1106,1051,1,1,0,1,1,0,1,1,1,1,1,0,1,1,1,1
2026-07-03T19:54:03.476,tof1,4x4,empty,-1,-1,-1,-1,-1,-1,-1,-1,-1,-1,1983,-1,1084,-1,1105,1065,0,0,0,0,0,0,0,0,0,0,1,0,1,1,1,1
2026-07-03T19:54:03.570,tof2,4x4,empty,2998,3248,-1,2156,2138,-1,2187,2337,1577,1696,1572,-1,1083,1078,1106,1045,1,1,0,1,1,1,1,1,1,1,1,1,1,1,1,1
2026-07-03T19:54:03.628,tof1,4x4,empty,-1,-1,-1,-1,-1,-1,-1,-1,-1,-1,1983,2026,-1,1141,1115,-1,0,0,0,0,0,0,0,0,0,1,1,1,1,1,1,1
2026-07-03T19:54:03.738,tof2,4x4,empty,2995,3257,-1,2156,2126,-1,2166,2337,1577,1706,1496,-1,1083,1076,1106,1045,1,1,0,1,1,0,1,1,1,1,1,1,1,1,1,1
2026-07-03T19:54:03.777,tof1,4x4,empty,-1,-1,-1,-1,-1,-1,-1,-1,-1,1973,1983,-1,-1,-1,-1,1080,0,0,0,0,0,0,0,0,0,1,1,0,0,1,1,1
2026-07-03T19:54:03.901,tof2,4x4,empty,2998,3259,-1,2160,2126,-1,2166,2337,-1,1706,-1,-1,1085,1078,1106,1048,1,1,0,1,1,0,1,1,1,1,1,0,1,1,1,1
2026-07-03T19:54:03.935,tof1,4x4,empty,-1,-1,-1,-1,-1,-1,-1,-1,-1,-1,1983,2030,-1,1141,1141,1080,0,0,0,0,0,0,0,0,0,0,1,1,1,1,1,1
2026-07-03T19:54:04.064,tof2,4x4,empty,3016,3257,-1,2168,-1,-1,2186,2344,-1,-1,1572,-1,1085,1082,1104,1045,1,1,0,1,1,0,1,1,1,1,1,0,1,1,1,1
2026-07-03T19:54:04.116,tof1,4x4,empty,-1,-1,-1,-1,-1,-1,-1,-1,-1,-1,1983,-1,-1,-1,1141,1065,0,0,0,0,0,0,0,0,0,0,1,1,0,1,1,1
2026-07-03T19:54:04.220,tof2,4x4,empty,-1,3257,-1,2173,-1,2164,2168,-1,1501,1696,1547,-1,1085,1087,1099,1048,1,1,0,1,1,1,1,1,1,1,1,0,1,1,1,1
2026-07-03T19:54:04.275,tof1,4x4,empty,-1,-1,-1,-1,-1,-1,-1,-1,-1,-1,1982,2030,-1,1141,-1,-1,0,0,0,0,0,0,0,0,0,0,1,1,1,1,1,1
2026-07-03T19:54:04.376,tof2,4x4,empty,2981,3257,-1,2173,2121,2158,2186,2354,1577,1706,1547,-1,1083,1090,1099,1048,1,1,0,1,1,1,1,1,1,1,1,1,1,1,1,1
2026-07-03T19:54:04.448,tof1,4x4,empty,-1,-1,-1,-1,-1,-1,-1,-1,-1,1973,1983,-1,-1,1155,1141,1078,1,0,0,0,0,0,0,0,0,1,1,0,1,1,1,1
2026-07-03T19:54:04.535,tof2,4x4,empty,2983,3258,-1,2173,2132,-1,2196,2357,1494,1706,1547,-1,1083,1090,1099,1048,1,1,0,1,1,1,1,1,1,1,1,0,1,1,1,1
2026-07-03T19:54:04.610,tof1,4x4,empty,-1,-1,-1,-1,-1,-1,-1,-1,-1,1973,1998,-1,-1,1141,1133,1078,0,0,0,0,0,0,0,0,0,1,1,0,1,1,1,1
2026-07-03T19:54:04.718,tof2,4x4,empty,3016,3254,-1,2178,2121,2152,2196,2374,-1,1613,-1,-1,1082,-1,1100,1048,1,1,1,1,1,1,1,1,1,1,1,0,1,1,1,1
2026-07-03T19:54:04.760,tof1,4x4,empty,-1,-1,-1,-1,-1,-1,-1,-1,-1,-1,1998,-1,1096,1155,-1,-1,0,0,0,0,0,0,0,0,0,0,1,0,1,1,1,1
2026-07-03T19:54:04.871,tof2,4x4,empty,3006,3258,-1,2207,2121,2151,2196,2379,-1,1613,1547,-1,1082,1090,1101,1048,1,1,0,1,1,1,1,1,1,1,1,0,1,1,1,1
2026-07-03T19:54:04.953,tof1,4x4,empty,-1,-1,-1,-1,-1,-1,-1,-1,-1,-1,1998,-1,-1,1148,1133,1058,0,0,0,0,0,0,0,0,0,1,1,0,1,1,1,1
2026-07-03T19:54:05.038,tof2,4x4,empty,2983,3249,-1,2223,2121,-1,2210,2383,1484,1714,1506,1661,-1,1092,1101,1048,1,1,1,1,1,1,1,1,1,1,1,1,1,1,1,1
2026-07-03T19:54:05.107,tof1,4x4,empty,-1,-1,-1,-1,-1,-1,-1,-1,-1,1977,1998,1985,-1,1152,-1,1058,0,0,0,0,0,0,0,0,0,1,1,1,0,1,1,1
2026-07-03T19:54:05.195,tof2,4x4,empty,2983,3249,-1,2237,2114,2137,2210,2418,1484,1714,1506,-1,1079,1092,1100,1048,1,1,1,1,1,1,1,1,1,1,1,0,1,1,1,1
2026-07-03T19:54:05.272,tof1,4x4,empty,-1,-1,-1,-1,-1,-1,-1,-1,-1,-1,1998,1985,-1,-1,1133,1058,1,0,0,0,0,0,0,0,0,0,1,1,1,1,1,1
2026-07-03T19:54:05.390,tof2,4x4,empty,2957,3249,-1,2261,2114,2137,-1,2418,1484,1749,-1,-1,1079,1090,-1,1051,1,1,0,1,1,1,1,1,1,1,1,0,1,1,1,1
2026-07-03T19:54:05.438,tof1,4x4,empty,-1,-1,-1,-1,-1,-1,-1,-1,-1,-1,1980,-1,1096,1152,1133,-1,0,0,0,0,0,0,0,0,0,0,1,0,1,1,1,1
2026-07-03T19:54:05.547,tof2,4x4,empty,2957,3249,-1,2273,2109,2132,2203,2416,-1,1751,1494,-1,1075,1088,1100,1051,1,1,0,1,1,1,1,1,1,1,1,1,1,1,1,1
2026-07-03T19:54:05.598,tof1,4x4,empty,-1,-1,-1,-1,-1,-1,-1,-1,-1,-1,1980,-1,1084,1152,1133,1057,0,0,0,0,0,0,0,0,0,0,1,1,1,1,1,1
2026-07-03T19:54:05.708,tof2,4x4,empty,2949,3248,3304,2273,2123,2103,2203,2416,1479,1749,-1,-1,1074,-1,1103,1051,1,1,1,1,1,1,1,1,1,1,1,0,1,1,1,1
2026-07-03T19:54:05.769,tof1,4x4,empty,-1,-1,-1,-1,-1,-1,-1,-1,-1,-1,1980,2002,1084,-1,-1,-1,1,0,0,0,0,0,0,0,0,0,1,1,1,1,1,1
2026-07-03T19:54:05.866,tof2,4x4,empty,2957,3248,-1,2273,2145,2103,2200,2379,1484,1749,1481,-1,1074,-1,1100,1053,1,1,0,1,1,1,1,1,1,1,1,0,1,1,1,1
2026-07-03T19:54:05.934,tof1,4x4,empty,-1,-1,-1,-1,-1,-1,-1,-1,-1,-1,1976,-1,-1,1148,1122,-1,0,0,0,0,0,0,0,0,0,1,1,1,1,1,1,1
2026-07-03T19:54:06.020,tof2,4x4,empty,2959,3248,-1,2284,2145,2132,2200,2344,1506,1749,1481,-1,1074,-1,1100,1047,1,1,0,1,1,1,1,1,1,1,1,0,1,1,1,1
2026-07-03T19:54:06.098,tof1,4x4,empty,-1,-1,-1,-1,-1,-1,-1,-1,-1,-1,1971,-1,-1,-1,-1,1057,0,0,0,0,0,0,0,0,0,0,1,0,0,1,1,1
2026-07-03T19:54:06.193,tof2,4x4,empty,2971,3248,-1,2252,2143,2143,2195,2336,-1,-1,1432,2434,-1,1091,1100,1047,1,1,0,1,1,1,1,1,1,1,1,1,1,1,1,1
2026-07-03T19:54:06.266,tof1,4x4,empty,3386,-1,-1,-1,-1,-1,-1,-1,-1,-1,1976,-1,-1,-1,1122,1059,1,0,0,0,0,0,1,0,0,0,1,0,1,1,1,1
2026-07-03T19:54:06.360,tof2,4x4,empty,2959,3257,-1,2226,-1,-1,2200,2328,1525,1748,1432,-1,1074,1085,1100,1048,1,1,0,1,1,1,1,1,1,1,1,0,1,1,1,1
2026-07-03T19:54:06.412,tof1,4x4,empty,-1,-1,-1,-1,-1,-1,-1,-1,-1,-1,1976,-1,1111,1152,-1,-1,0,0,0,0,0,0,0,0,0,0,1,0,1,1,1,1
2026-07-03T19:54:06.544,tof2,4x4,empty,2971,3257,-1,2221,2143,2143,2200,2316,-1,-1,1483,-1,1074,1085,1096,1050,1,1,1,1,1,1,1,1,1,1,1,0,1,1,1,1
2026-07-03T19:54:06.651,tof1,4x4,empty,-1,-1,-1,-1,-1,-1,-1,-1,-1,1978,1976,1985,-1,-1,1113,-1,1,0,0,0,0,0,0,0,0,1,1,1,0,1,1,1
2026-07-03T19:54:06.754,tof2,4x4,empty,2971,3252,3304,2181,2143,2143,2176,2293,1506,1727,1483,-1,-1,1086,1095,1048,1,1,1,1,1,1,1,1,1,1,1,0,1,1,1,1
2026-07-03T19:54:06.843,tof1,4x4,empty,-1,-1,-1,-1,-1,-1,-1,-1,-1,-1,1975,-1,1113,1155,1113,1059,1,0,0,0,0,0,0,0,0,0,1,0,1,1,1,1
2026-07-03T19:54:06.919,tof2,4x4,empty,2977,3252,-1,2151,2133,2122,2176,2268,-1,1727,1533,-1,1075,1090,1094,1050,1,1,0,1,1,1,1,1,1,1,1,0,1,1,1,1
2026-07-03T19:54:07.006,tof1,4x4,empty,-1,-1,-1,-1,-1,-1,-1,-1,-1,1978,1975,-1,-1,-1,-1,-1,0,0,0,1,0,0,0,0,0,1,1,0,0,1,1,1
2026-07-03T19:54:07.073,tof2,4x4,empty,2974,3252,-1,2019,-1,2122,2195,2171,1506,1727,1546,-1,1081,1090,1094,1048,1,1,0,1,0,1,1,1,1,1,1,0,1,1,1,1
2026-07-03T19:54:07.163,tof1,4x4,empty,-1,-1,-1,-1,-1,-1,-1,-1,-1,-1,1975,-1,-1,1156,1117,-1,0,0,0,0,0,0,0,0,0,0,1,0,1,1,1,1
2026-07-03T19:54:07.231,tof2,4x4,empty,-1,3252,-1,1936,2128,2122,2195,2079,1494,1727,-1,-1,1081,1094,1094,1048,1,1,0,1,1,1,1,1,1,1,1,0,1,1,1,1
2026-07-03T19:54:07.322,tof1,4x4,empty,-1,-1,-1,-1,-1,-1,-1,-1,-1,-1,1975,1985,-1,-1,1140,-1,0,0,0,0,0,0,0,0,0,1,1,1,0,1,1,1
2026-07-03T19:54:07.393,tof2,4x4,empty,-1,3256,-1,1907,2133,2133,2195,2021,1494,1749,1554,-1,-1,1090,1097,1048,1,1,0,1,1,1,1,1,1,1,1,0,1,1,1,1
2026-07-03T19:54:07.490,tof1,4x4,empty,-1,-1,-1,-1,-1,-1,-1,-1,-1,-1,1975,-1,-1,-1,-1,-1,0,0,0,0,0,0,0,0,0,1,1,0,0,1,1,1
2026-07-03T19:54:07.564,tof2,4x4,empty,3025,3267,-1,1839,2128,2133,2202,1988,1494,1749,-1,-1,1081,1092,1097,1044,1,1,0,1,1,1,1,1,1,1,1,0,1,1,1,1
2026-07-03T19:54:07.661,tof1,4x4,empty,-1,-1,-1,-1,-1,-1,-1,-1,-1,-1,1975,2002,1113,-1,1117,1071,1,0,0,0,0,0,0,0,0,0,1,1,1,1,1,1
2026-07-03T19:54:07.742,tof2,4x4,empty,3030,3267,3302,1839,2116,2133,2195,1961,-1,1749,1554,-1,1081,1092,1102,1044,1,1,1,1,1,1,1,1,1,1,1,0,1,1,1,1
2026-07-03T19:54:07.919,tof1,4x4,empty,-1,-1,-1,-1,-1,-1,-1,-1,-1,-1,1984,-1,1115,1156,-1,1071,0,0,0,0,0,0,0,0,0,0,1,1,1,1,1,1
2026-07-03T19:54:07.923,tof2,4x4,empty,3030,3267,-1,1839,2116,2147,2154,1961,1491,1746,1571,-1,-1,-1,-1,1044,1,1,0,1,1,1,1,1,1,1,1,0,1,1,1,1
2026-07-03T19:54:08.166,tof2,4x4,empty,3021,3256,3295,3306,2116,2147,2154,1961,1491,1742,1571,-1,1080,1090,1102,1044,1,1,1,1,1,1,1,1,1,1,1,0,1,1,1,1
2026-07-03T19:54:08.179,tof1,4x4,empty,-1,-1,-1,-1,-1,-1,-1,-1,-1,1978,1972,-1,-1,-1,1136,1071,0,0,0,0,0,0,0,0,0,1,1,0,1,1,1,1
2026-07-03T19:54:08.336,tof2,4x4,empty,3030,3259,-1,3306,2116,2147,2184,3466,-1,1742,-1,-1,-1,1088,1097,1044,1,1,0,1,1,1,1,1,1,1,1,0,1,1,1,1
2026-07-03T19:54:08.348,tof1,4x4,empty,-1,-1,-1,-1,-1,-1,-1,-1,-1,-1,1984,1961,-1,-1,1136,1071,0,0,0,0,0,0,0,0,0,1,1,1,1,1,1,1
2026-07-03T19:54:08.514,tof2,4x4,empty,3021,3259,-1,3306,2116,2147,2184,3477,1495,1742,-1,-1,1080,1090,1097,1043,1,1,1,1,1,1,1,1,1,1,1,0,1,1,1,1
2026-07-03T19:54:08.518,tof1,4x4,empty,3386,-1,-1,-1,-1,-1,-1,-1,-1,-1,1968,-1,1113,1156,-1,1073,1,0,0,0,0,0,0,0,0,1,1,0,1,1,1,1
2026-07-03T19:54:08.668,tof2,4x4,empty,-1,3256,-1,3306,2131,2147,2194,3502,-1,-1,1571,-1,1078,1088,-1,1042,1,1,1,1,1,1,1,1,1,1,1,0,1,1,1,1
2026-07-03T19:54:08.724,tof1,4x4,empty,-1,-1,-1,-1,-1,-1,-1,-1,-1,-1,1963,-1,1113,1145,1110,1073,0,0,0,0,0,0,0,0,0,0,1,1,1,1,1,1
2026-07-03T19:54:08.827,tof2,4x4,empty,-1,3256,-1,3304,2120,2167,2194,3501,1491,1744,1579,-1,1077,1088,-1,1043,1,1,0,1,1,1,1,1,1,1,1,0,1,1,1,1
2026-07-03T19:54:08.871,tof1,4x4,empty,-1,-1,-1,-1,-1,-1,-1,-1,-1,-1,1963,1931,-1,-1,1110,1074,0,0,0,0,0,0,0,0,0,0,1,1,1,1,1,1
2026-07-03T19:54:08.985,tof2,4x4,empty,3021,3256,-1,3304,2131,2095,2196,3501,1491,1755,1579,-1,1077,1088,1097,1042,1,1,0,1,1,1,1,1,1,1,1,0,1,1,1,1
2026-07-03T19:54:09.049,tof1,4x4,empty,-1,-1,-1,-1,-1,-1,-1,-1,-1,-1,1970,1931,1114,1145,1119,1074,0,0,0,0,0,0,0,0,0,0,1,1,1,1,1,1
2026-07-03T19:54:09.153,tof2,4x4,empty,3038,3256,-1,3334,2120,2085,2194,3501,-1,1755,-1,-1,1077,1091,-1,1037,1,1,1,1,1,1,1,1,1,1,1,0,1,1,1,1
2026-07-03T19:54:09.234,tof1,4x4,empty,-1,-1,-1,-1,-1,-1,-1,-1,-1,-1,1970,-1,-1,-1,-1,-1,0,0,0,0,0,0,0,0,0,1,1,1,0,1,1,1
2026-07-03T19:54:09.306,tof2,4x4,empty,3047,3247,-1,3334,2131,2085,2183,3450,-1,1755,1521,-1,1077,1088,1097,1037,1,1,0,1,1,1,1,1,1,1,1,0,1,1,1,1
2026-07-03T19:54:09.424,tof1,4x4,empty,-1,-1,-1,-1,-1,-1,-1,-1,-1,-1,1980,-1,-1,1137,-1,-1,0,0,0,0,0,0,0,0,0,0,1,0,1,1,1,1
2026-07-03T19:54:09.467,tof2,4x4,empty,3038,3247,-1,3326,-1,2132,2177,3440,1513,1746,1522,-1,1077,1091,1097,1044,1,1,1,1,1,1,1,1,1,1,1,1,1,1,1,1
2026-07-03T19:54:09.579,tof1,4x4,empty,-1,-1,-1,-1,-1,-1,-1,-1,-1,-1,1981,-1,-1,1137,1110,1089,0,0,0,0,0,0,0,0,0,0,1,1,1,1,1,1
2026-07-03T19:54:09.645,tof2,4x4,empty,3038,3250,-1,3326,2120,2119,-1,3440,1513,1734,1522,-1,1077,1091,1099,1044,1,1,0,1,1,1,1,1,1,1,1,0,1,1,1,1
2026-07-03T19:54:09.743,tof1,4x4,empty,-1,-1,-1,-1,-1,-1,-1,-1,-1,-1,1993,-1,1114,1137,1119,1089,0,0,1,0,0,0,0,0,0,0,1,1,1,1,1,1
2026-07-03T19:54:09.825,tof2,4x4,empty,3038,3253,-1,3322,2146,2132,2183,3440,1489,1734,1502,-1,1078,1095,1099,1044,1,1,0,1,1,1,1,1,1,1,1,0,1,1,1,1
2026-07-03T19:54:09.925,tof1,4x4,empty,-1,-1,-1,-1,-1,-1,-1,-1,-1,-1,1993,1951,-1,1137,1144,-1,0,0,0,0,0,0,0,0,0,1,1,1,1,1,1,1
2026-07-03T19:54:09.984,tof2,4x4,empty,3038,3250,3295,3321,2119,-1,2177,3470,1513,-1,1492,-1,-1,1095,1099,1044,1,1,1,1,1,1,1,1,1,1,1,0,1,1,1,1
2026-07-03T19:54:10.093,tof1,4x4,empty,-1,-1,-1,-1,-1,-1,-1,-1,-1,-1,1981,1951,1076,1137,1144,1074,1,0,0,0,0,0,0,0,0,1,1,1,1,1,1,1
2026-07-03T19:54:10.175,tof2,4x4,empty,3026,3253,3295,3321,2131,2132,2177,3470,1513,1736,1502,-1,1077,1095,1097,1044,1,1,1,1,1,1,1,1,1,1,1,0,1,1,1,1
2026-07-03T19:54:10.257,tof1,4x4,empty,-1,-1,-1,-1,2336,-1,-1,-1,589,-1,1993,1965,-1,1135,-1,1074,0,0,0,0,1,0,0,0,1,0,1,1,0,1,1,1
2026-07-03T19:54:10.349,tof2,4x4,empty,3018,3250,-1,3321,2119,-1,-1,3481,1489,1734,-1,-1,-1,1095,1097,1044,1,1,1,1,1,1,1,1,1,1,1,0,1,1,1,1
2026-07-03T19:54:11.099,tof1,4x4,empty,-1,-1,-1,-1,-1,-1,-1,-1,633,1977,1983,-1,1072,1152,1122,-1,0,0,0,0,0,0,0,0,1,1,1,0,1,1,1,1
2026-07-03T19:54:11.991,tof2,4x4,empty,-1,3245,-1,3315,2119,2128,2174,3483,1489,1734,1502,-1,1077,1095,1097,1038,0,1,0,1,1,1,1,1,1,1,1,0,1,1,1,1
2026-07-03T19:54:12.527,tof1,4x4,empty,-1,-1,-1,-1,-1,-1,-1,-1,-1,-1,1981,2000,1072,1152,1162,1070,0,0,0,0,0,0,0,0,0,0,1,1,1,1,1,1
2026-07-03T19:54:12.529,tof2,4x4,empty,3018,3245,-1,3321,-1,2119,2174,3505,-1,1736,-1,-1,-1,-1,1097,1038,1,1,1,1,1,1,1,1,1,1,1,0,1,1,1,1
2026-07-03T19:54:12.734,tof1,4x4,empty,-1,-1,-1,-1,-1,-1,-1,-1,-1,-1,1983,2009,1072,1163,-1,1070,0,0,0,0,0,0,1,0,0,0,1,1,1,1,1,1
2026-07-03T19:54:12.807,tof2,4x4,empty,3018,3256,-1,3333,2119,-1,2129,3505,1482,-1,-1,-1,-1,1092,1097,1038,1,1,0,1,1,0,1,1,1,1,1,0,1,1,1,1
2026-07-03T19:54:12.884,tof1,4x4,empty,-1,-1,-1,-1,-1,-1,-1,-1,-1,-1,1989,-1,1045,-1,-1,-1,0,0,0,0,0,0,0,0,0,0,1,0,1,1,1,1
2026-07-03T19:54:12.973,tof2,4x4,empty,3009,3244,-1,3333,2117,-1,2142,3505,1462,-1,-1,-1,1078,1095,1101,1038,1,1,0,1,1,0,1,1,1,1,1,1,1,1,1,1
2026-07-03T19:54:13.058,tof1,4x4,empty,-1,-1,-1,-1,-1,-1,-1,-1,-1,-1,1989,-1,1045,1163,1160,-1,0,0,0,0,0,0,0,0,0,1,1,1,1,1,1,1
2026-07-03T19:54:13.124,tof2,4x4,empty,3008,3250,-1,3333,-1,-1,2142,3505,1462,1727,1522,-1,1080,1095,-1,1037,1,1,0,1,0,1,1,1,1,1,1,0,1,1,1,1
2026-07-03T19:54:13.220,tof1,4x4,empty,-1,-1,-1,-1,-1,-1,-1,-1,-1,-1,1994,-1,1045,1163,-1,-1,0,0,0,0,0,0,0,0,0,0,1,0,1,1,1,1
2026-07-03T19:54:13.284,tof2,4x4,empty,3001,3257,-1,3333,2117,-1,-1,3479,1460,1681,1643,-1,1080,1095,1102,1047,1,1,0,1,1,0,1,1,1,1,1,0,1,1,1,1
2026-07-03T19:54:13.389,tof1,4x4,empty,-1,-1,-1,-1,-1,-1,-1,-1,-1,-1,1994,2009,1044,-1,1160,1074,1,0,0,0,0,0,1,0,0,0,1,1,1,1,1,1
2026-07-03T19:54:13.455,tof2,4x4,empty,3001,3257,-1,3326,-1,-1,2150,3474,1462,1727,-1,-1,1080,1095,1101,1047,1,1,0,1,0,0,1,1,1,1,1,0,1,1,1,1
2026-07-03T19:54:13.561,tof1,4x4,empty,-1,-1,-1,-1,-1,-1,-1,-1,-1,-1,1991,1965,1044,-1,-1,1077,0,0,0,1,0,0,0,0,0,0,1,1,1,1,1,1
2026-07-03T19:54:13.660,tof2,4x4,empty,2996,3250,-1,3326,-1,-1,2150,3464,-1,1681,1643,-1,1077,1095,1103,1044,1,1,0,1,0,1,1,1,1,1,1,0,1,1,1,1
2026-07-03T19:54:13.744,tof1,4x4,empty,-1,-1,-1,-1,-1,-1,-1,-1,-1,-1,1991,-1,-1,1163,1162,1099,0,0,0,0,0,0,0,0,0,1,1,0,1,1,1,1
2026-07-03T19:54:13.831,tof2,4x4,empty,2982,3258,-1,3309,-1,2128,2172,3464,1506,1681,1643,-1,1072,1094,1106,1044,1,1,0,1,0,1,1,1,1,1,1,0,1,1,1,1
2026-07-03T19:54:13.908,tof1,4x4,empty,-1,-1,-1,-1,-1,-1,-1,-1,-1,-1,1973,-1,-1,-1,1162,-1,0,0,0,0,0,0,0,0,1,0,1,0,0,1,1,1
2026-07-03T19:54:13.974,tof2,4x4,empty,2967,3258,-1,3326,2104,-1,2172,-1,1643,-1,1511,-1,1072,1094,1103,1044,1,1,0,1,1,1,1,1,1,1,1,0,1,1,1,1
2026-07-03T19:54:14.072,tof1,4x4,empty,-1,-1,-1,-1,-1,-1,-1,-1,-1,-1,1973,2009,-1,1147,-1,1099,0,0,0,0,0,0,0,0,0,1,1,1,1,1,1,1
2026-07-03T19:54:14.139,tof2,4x4,empty,2982,3258,-1,3326,2110,-1,2183,-1,-1,1719,1511,-1,1072,1093,1095,1044,1,1,0,1,1,0,1,1,1,1,1,0,1,1,1,1
2026-07-03T19:54:14.228,tof1,4x4,empty,-1,-1,-1,-1,-1,-1,-1,-1,-1,-1,1983,-1,-1,1129,-1,1099,0,0,0,0,0,0,0,0,1,0,1,0,1,1,1,1
2026-07-03T19:54:14.287,tof2,4x4,empty,-1,3247,-1,3315,2104,-1,2183,3474,1506,1719,1496,-1,-1,1092,1103,1042,1,1,1,1,1,0,1,1,1,1,1,0,1,1,1,1
2026-07-03T19:54:14.387,tof1,4x4,empty,-1,-1,-1,-1,-1,-1,-1,-1,-1,-1,1973,-1,-1,1129,1160,-1,0,0,0,0,0,0,0,0,1,1,1,1,1,1,1,1
2026-07-03T19:54:14.449,tof2,4x4,empty,2967,3247,-1,3313,2110,-1,2194,3464,1506,1719,1496,-1,1072,1094,1098,1052,1,1,1,1,1,0,1,1,1,1,1,0,1,1,1,1
2026-07-03T19:54:14.557,tof1,4x4,empty,-1,-1,-1,-1,-1,-1,-1,-1,-1,-1,1982,1949,-1,1151,1149,1099,0,0,0,0,0,0,0,0,1,0,1,1,1,1,1,1
2026-07-03T19:54:14.607,tof2,4x4,empty,2982,3247,-1,3315,-1,-1,2174,3469,-1,1742,1496,-1,1068,1094,1098,1052,1,1,0,1,1,0,1,1,1,1,1,0,1,1,1,1
2026-07-03T19:54:14.719,tof1,4x4,empty,-1,-1,-1,-1,-1,-1,-1,-1,-1,-1,1982,-1,1044,1151,1149,1097,0,0,0,0,0,0,0,0,0,1,1,0,1,1,1,1
2026-07-03T19:54:14.762,tof2,4x4,empty,2992,3252,-1,3315,2110,-1,2196,3487,1659,1742,-1,-1,1073,1092,-1,1054,1,1,1,1,1,0,1,1,1,1,1,0,1,1,1,1
2026-07-03T19:54:14.881,tof1,4x4,empty,-1,-1,-1,-1,-1,-1,-1,-1,-1,-1,1982,-1,-1,-1,1129,1080,0,0,0,0,0,0,0,0,0,0,1,0,0,1,1,1
2026-07-03T19:54:14.923,tof2,4x4,empty,-1,3247,-1,3315,2116,-1,2190,3469,1515,1732,1557,-1,1073,1092,1098,1054,0,1,0,1,1,0,1,1,1,1,1,0,1,1,1,1
2026-07-03T19:54:15.034,tof1,4x4,empty,-1,-1,-1,-1,-1,-1,-1,-1,-1,-1,1982,-1,-1,-1,1130,1081,0,0,0,0,0,0,0,0,0,0,1,1,0,1,1,1
2026-07-03T19:54:15.075,tof2,4x4,empty,2994,3252,-1,3311,2122,2128,-1,3469,1515,1732,1496,-1,1073,1092,1099,1054,1,1,1,1,1,1,1,1,1,1,1,0,1,1,1,1
2026-07-03T19:54:15.201,tof1,4x4,empty,-1,-1,-1,-1,-1,-1,-1,-1,-1,-1,1982,-1,-1,1158,-1,1081,0,0,0,0,0,0,0,0,0,0,1,0,0,1,1,1
2026-07-03T19:54:15.234,tof2,4x4,empty,-1,3252,-1,3310,2122,2128,2190,-1,1564,1732,1606,-1,1085,1092,1099,1054,1,1,1,1,1,1,1,0,1,1,1,0,1,1,1,1
2026-07-03T19:54:15.364,tof1,4x4,empty,-1,-1,-1,-1,-1,-1,-1,-1,-1,1978,1982,-1,-1,1158,-1,-1,0,0,0,1,0,0,0,0,0,1,1,0,0,1,1,1
2026-07-03T19:54:15.403,tof2,4x4,empty,3003,3252,-1,3309,2126,2099,2189,3469,1564,1732,1564,-1,1085,1091,1099,1049,1,1,0,1,1,1,1,1,1,1,1,0,1,1,1,1
2026-07-03T19:54:15.519,tof1,4x4,empty,-1,-1,-1,-1,-1,-1,-1,-1,-1,-1,1995,-1,1028,1158,1129,-1,0,0,0,0,0,1,0,0,1,0,1,1,1,1,1,1
2026-07-03T19:54:15.555,tof2,4x4,empty,3024,3252,-1,3309,2121,2175,2189,3482,-1,1732,-1,-1,1085,1091,1098,1049,1,1,0,1,1,1,1,1,1,1,1,0,1,1,1,1
2026-07-03T19:54:15.684,tof1,4x4,empty,-1,-1,-1,-1,-1,-1,-1,-1,-1,-1,1987,-1,-1,-1,1129,1073,0,0,0,0,0,0,0,0,1,0,1,1,0,1,1,1
2026-07-03T19:54:15.727,tof2,4x4,empty,3024,3252,-1,3310,2126,2175,-1,3472,-1,1732,1564,-1,1080,1089,1099,1048,1,1,0,1,1,1,0,1,1,1,1,0,1,1,1,1
2026-07-03T19:54:15.844,tof1,4x4,empty,-1,-1,-1,-1,-1,-1,-1,-1,-1,2020,1987,-1,-1,-1,1127,1070,0,0,0,0,0,0,0,0,1,1,1,1,0,1,1,1
2026-07-03T19:54:15.889,tof2,4x4,empty,-1,3252,-1,3328,2129,-1,-1,3482,-1,1738,-1,-1,1080,1092,1098,1049,0,1,0,1,1,1,0,1,1,1,1,0,1,1,1,1
2026-07-03T19:54:16.007,tof1,4x4,empty,-1,-1,-1,-1,-1,-1,-1,-1,-1,-1,1987,1946,1066,1158,1127,1067,0,0,0,0,0,0,0,0,0,0,1,1,1,1,1,1
2026-07-03T19:54:16.046,tof2,4x4,empty,3024,3259,-1,3337,2129,2127,2189,3476,1520,1738,1523,-1,1080,1089,-1,1047,1,1,0,1,1,1,1,1,1,1,1,0,1,1,1,1
2026-07-03T19:54:16.159,tof1,4x4,empty,-1,-1,-1,-1,-1,-1,-1,-1,-1,-1,1987,-1,1076,-1,-1,1066,0,0,0,0,0,0,0,0,0,0,1,1,1,1,1,1
2026-07-03T19:54:16.208,tof2,4x4,empty,3054,3259,-1,3337,-1,2146,2165,3476,1520,1732,1523,-1,1080,-1,1098,1049,1,1,1,1,1,1,1,1,1,1,1,0,1,1,1,1
2026-07-03T19:54:16.328,tof1,4x4,empty,-1,-1,-1,-1,-1,-1,-1,-1,-1,-1,1975,-1,-1,1158,1127,-1,0,0,0,0,0,0,0,0,0,0,1,0,0,1,1,1
2026-07-03T19:54:16.403,tof2,4x4,empty,3054,3259,-1,3328,2124,2146,2189,3476,1520,1565,-1,-1,1080,1087,1098,1047,1,1,0,1,1,1,1,1,1,1,1,1,1,1,1,1
2026-07-03T19:54:16.480,tof1,4x4,empty,-1,-1,-1,-1,-1,-1,-1,-1,-1,2020,1975,1949,-1,1152,-1,-1,0,0,0,0,0,0,0,0,0,1,1,1,0,1,1,1
2026-07-03T19:54:16.562,tof2,4x4,empty,2997,3259,-1,3324,2129,2127,-1,3489,1496,1738,-1,-1,1080,1087,1099,1045,1,1,1,1,1,1,0,1,1,1,1,0,1,1,1,1
2026-07-03T19:54:16.635,tof1,4x4,empty,-1,-1,-1,-1,-1,-1,-1,-1,-1,-1,1975,-1,-1,1171,-1,1067,0,0,0,0,0,0,0,0,0,0,1,0,0,1,1,1
2026-07-03T19:54:16.726,tof2,4x4,empty,2984,3259,-1,3314,2129,2127,2191,3489,1520,1565,-1,-1,1083,1093,1099,1045,1,1,1,1,1,1,1,1,1,1,1,0,1,1,1,1
2026-07-03T19:54:16.785,tof1,4x4,empty,-1,-1,-1,-1,-1,-1,-1,-1,-1,-1,1975,-1,1076,-1,1151,1051,0,0,0,0,0,0,0,0,0,0,1,1,1,1,1,1
2026-07-03T19:54:16.877,tof2,4x4,empty,2997,3254,3332,3314,2124,2082,2191,3489,1526,1565,1523,-1,1087,1087,1099,1045,1,1,1,1,1,1,1,1,1,1,1,0,1,1,1,1
2026-07-03T19:54:16.938,tof1,4x4,empty,-1,-1,-1,-1,-1,-1,-1,-1,-1,-1,1975,2031,-1,-1,1159,1051,0,1,0,0,0,0,0,0,0,0,1,1,1,1,1,1
2026-07-03T19:54:17.043,tof2,4x4,empty,2979,3250,-1,3308,2127,2072,2165,3489,1526,1736,1523,-1,-1,1093,1099,1042,1,1,0,1,1,1,1,1,1,1,1,0,1,1,1,1
2026-07-03T19:54:17.095,tof1,4x4,empty,-1,-1,-1,-1,-1,-1,-1,-1,-1,-1,1982,-1,1076,1148,1165,1031,0,0,0,0,0,0,0,0,0,0,1,0,1,1,1,1
2026-07-03T19:54:17.212,tof2,4x4,empty,2979,3254,-1,3308,2141,2072,2154,3500,-1,1744,1589,-1,1083,1093,1099,1042,1,1,0,1,1,1,1,1,1,1,1,0,1,1,1,1
2026-07-03T19:54:17.250,tof1,4x4,empty,-1,-1,-1,-1,-1,-1,-1,-1,-1,1993,1992,-1,-1,1176,-1,1051,0,0,0,0,0,0,0,0,1,1,1,0,0,1,1,1
2026-07-03T19:54:17.370,tof2,4x4,empty,2979,3250,-1,3311,2127,2135,2154,3472,1495,1736,-1,-1,1079,1092,1095,1044,1,1,1,1,1,1,1,1,1,1,1,0,1,1,1,1
2026-07-03T19:54:17.430,tof1,4x4,empty,-1,-1,-1,-1,-1,-1,-1,-1,-1,-1,1982,-1,1082,-1,-1,-1,0,0,0,0,0,0,0,0,0,0,1,1,1,1,1,1
2026-07-03T19:54:17.529,tof2,4x4,empty,3017,3247,-1,3325,2127,2135,2154,3472,1495,-1,1623,-1,-1,-1,-1,1042,1,1,0,1,1,1,1,1,1,1,1,0,1,1,1,1
2026-07-03T19:54:17.597,tof1,4x4,empty,-1,-1,-1,-1,-1,-1,-1,-1,-1,-1,1982,-1,-1,-1,1167,-1,0,0,0,0,0,0,0,0,0,0,1,0,0,1,1,1
2026-07-03T19:54:17.693,tof2,4x4,empty,3017,3247,-1,3331,2127,2135,2154,3500,1495,1744,1623,-1,1079,1092,1095,1042,1,1,1,1,1,1,1,1,1,1,1,0,1,1,1,1
2026-07-03T19:54:17.763,tof1,4x4,empty,-1,-1,-1,-1,-1,-1,-1,-1,-1,-1,1982,2030,-1,1176,1165,1049,0,0,0,0,0,0,0,0,0,0,1,1,1,1,1,1
2026-07-03T19:54:17.854,tof2,4x4,empty,3040,3254,-1,3331,2138,-1,2163,3500,1495,1744,1589,-1,-1,1093,1104,1044,1,1,0,1,1,1,1,1,1,1,1,0,1,1,1,1
2026-07-03T19:54:17.952,tof1,4x4,empty,-1,-1,-1,-1,-1,-1,-1,-1,-1,-1,1992,-1,-1,-1,1165,1050,0,0,0,0,0,0,0,0,1,0,1,0,1,1,1,1
2026-07-03T19:54:18.028,tof2,4x4,empty,3040,3259,3332,3331,2111,2135,-1,3501,1490,-1,1561,-1,1079,1093,-1,1047,1,1,1,1,1,1,1,1,1,1,1,0,1,1,1,1
2026-07-03T19:54:18.103,tof1,4x4,empty,-1,-1,-1,-1,-1,-1,-1,-1,-1,-1,1985,-1,1098,1176,1153,-1,0,0,0,0,0,0,0,0,0,0,1,1,1,1,1,1
2026-07-03T19:54:18.186,tof2,4x4,empty,3017,3259,-1,3329,2111,2133,2173,3501,-1,1551,1536,-1,1078,1093,-1,1049,1,1,0,1,1,1,1,1,1,1,1,0,1,1,1,1
2026-07-03T19:54:18.268,tof1,4x4,empty,-1,-1,-1,-1,-1,-1,-1,-1,-1,-1,1985,2030,1098,-1,1142,1050,0,0,0,0,0,0,0,0,1,0,1,1,1,1,1,1
2026-07-03T19:54:18.345,tof2,4x4,empty,3006,3259,-1,3293,2109,2127,2163,3501,-1,1551,-1,-1,1078,-1,1104,1049,1,1,1,1,1,1,1,1,1,1,1,0,1,1,1,1
2026-07-03T19:54:18.436,tof1,4x4,empty,-1,-1,-1,-1,-1,-1,-1,-1,-1,1999,1985,2030,-1,-1,-1,1072,0,0,0,0,0,0,0,0,0,1,1,1,1,1,1,1
2026-07-03T19:54:18.505,tof2,4x4,empty,3006,3259,-1,3293,2109,2127,2164,3491,1490,1556,1532,-1,1083,1097,-1,1049,1,1,0,1,1,1,1,1,1,1,1,0,1,1,1,1
2026-07-03T19:54:18.600,tof1,4x4,empty,-1,-1,-1,-1,-1,-1,-1,-1,-1,-1,1992,-1,1098,1179,1142,1050,1,0,0,0,0,0,0,0,0,1,1,0,1,1,1,1
2026-07-03T19:54:18.670,tof2,4x4,empty,2966,3259,-1,3310,2109,-1,2173,3491,1515,1556,-1,-1,1083,-1,-1,1049,1,1,0,1,1,1,1,1,1,1,1,0,1,1,1,1
2026-07-03T19:54:18.774,tof1,4x4,empty,-1,-1,-1,-1,-1,-1,-1,-1,-1,1998,1985,2015,-1,1179,1142,-1,0,0,1,0,0,0,0,0,1,1,1,1,0,1,1,1
2026-07-03T19:54:18.828,tof2,4x4,empty,3006,3264,-1,3319,2109,2133,-1,3491,-1,1719,1532,-1,-1,1097,1104,1049,1,1,1,1,1,1,0,1,1,1,1,0,1,1,1,1
2026-07-03T19:54:18.929,tof1,4x4,empty,-1,-1,-1,-1,-1,-1,-1,-1,-1,-1,1979,2013,-1,1179,1108,1050,0,0,0,0,0,0,0,0,0,1,1,1,0,1,1,1
2026-07-03T19:54:18.993,tof2,4x4,empty,2973,3264,-1,3319,2109,-1,2173,3500,1506,1719,1532,-1,1080,-1,-1,1052,1,1,0,1,1,1,1,1,1,1,1,0,1,1,1,1
2026-07-03T19:54:19.084,tof1,4x4,empty,-1,-1,-1,-1,-1,-1,-1,-1,-1,1993,1997,-1,-1,1179,1102,1057,0,0,0,0,0,0,0,0,1,1,1,1,1,1,1,1
2026-07-03T19:54:19.170,tof2,4x4,empty,3021,3264,-1,3321,2122,2134,2178,3500,1506,1731,-1,-1,1083,1097,1104,1052,1,1,0,1,1,1,1,1,1,1,1,0,1,1,1,1
2026-07-03T19:54:19.255,tof1,4x4,empty,-1,-1,-1,-1,-1,-1,-1,-1,-1,-1,1981,1974,-1,-1,-1,1041,0,0,0,0,0,0,0,0,0,1,1,1,0,1,1,1
2026-07-03T19:54:19.326,tof2,4x4,empty,2993,3264,-1,3322,2122,2152,2189,3500,-1,1731,1532,-1,1080,1087,1100,1047,1,1,1,1,1,1,1,1,1,1,1,0,1,1,1,1
2026-07-03T19:54:19.410,tof1,4x4,empty,-1,-1,-1,-1,-1,-1,-1,-1,-1,-1,1974,2013,-1,1164,-1,-1,0,0,0,0,0,0,0,0,1,0,1,1,1,1,1,1
2026-07-03T19:54:19.474,tof2,4x4,empty,3013,3260,-1,3321,2119,2160,2198,3500,1517,1715,1525,-1,-1,1087,1098,1048,1,1,0,1,1,1,1,1,1,1,1,0,1,1,1,1
2026-07-03T19:54:19.578,tof1,4x4,empty,-1,-1,-1,-1,-1,-1,-1,-1,-1,-1,1981,2013,-1,1145,1102,-1,0,0,0,0,0,0,0,0,0,0,1,1,0,1,1,1
2026-07-03T19:54:19.643,tof2,4x4,empty,3013,3258,-1,3321,2119,2159,2193,3482,1522,1715,1528,-1,1079,1087,-1,1048,1,1,0,1,1,1,1,1,1,1,1,0,1,1,1,1
2026-07-03T19:54:19.756,tof1,4x4,empty,-1,-1,-1,-1,-1,-1,-1,-1,-1,-1,1981,-1,-1,1143,-1,-1,0,0,0,0,0,0,0,0,1,0,1,1,1,1,1,1
2026-07-03T19:54:19.810,tof2,4x4,empty,3013,3252,-1,3317,2122,2159,-1,3472,1522,-1,1599,-1,1074,1087,1098,1048,1,1,1,1,1,1,1,1,1,1,1,0,1,1,1,1
2026-07-03T19:54:19.930,tof1,4x4,empty,-1,-1,-1,-1,-1,-1,-1,-1,2336,1998,1974,-1,-1,1143,1122,1041,1,0,0,0,0,0,0,0,1,1,1,0,1,1,1,1
2026-07-03T19:54:19.960,tof2,4x4,empty,3013,3258,3332,3317,2126,2160,2193,3453,-1,1734,-1,-1,1073,1090,1098,1048,1,1,1,1,1,1,1,1,1,1,1,0,1,1,1,1
2026-07-03T19:54:20.086,tof1,4x4,empty,-1,-1,-1,-1,-1,-1,-1,-1,-1,1998,1955,-1,1096,1143,1102,1057,0,0,0,0,0,0,0,0,0,1,1,0,1,1,1,1
2026-07-03T19:54:20.113,tof2,4x4,empty,3013,3258,-1,3314,2139,2159,-1,3450,-1,1715,1587,-1,1073,1090,1092,1049,1,1,0,1,1,1,0,1,1,1,1,0,1,1,1,1
2026-07-03T19:54:20.246,tof1,4x4,empty,-1,-1,-1,-1,-1,-1,-1,-1,-1,1989,1955,-1,-1,1138,1122,1060,0,0,0,0,0,0,0,0,0,1,1,0,0,1,1,1
2026-07-03T19:54:20.269,tof2,4x4,empty,3013,3254,-1,3314,2139,2159,2193,3450,1595,-1,-1,-1,1074,1090,1102,1050,1,1,0,1,1,1,1,1,1,1,1,0,1,1,1,1
2026-07-03T19:54:20.406,tof1,4x4,empty,-1,-1,-1,-1,-1,-1,-1,-1,-1,-1,1955,-1,-1,1138,1122,-1,0,0,0,0,0,0,0,0,0,1,1,0,0,1,1,1
2026-07-03T19:54:20.431,tof2,4x4,empty,3013,3255,-1,3312,2139,2148,2193,3450,-1,1715,1528,-1,1075,1090,1102,1049,1,1,0,1,1,1,1,1,1,1,1,0,1,1,1,1
2026-07-03T19:54:20.568,tof1,4x4,empty,-1,-1,-1,-1,-1,-1,-1,-1,-1,1989,1964,-1,-1,-1,-1,-1,1,0,0,0,0,0,0,0,1,1,1,0,0,1,1,1
2026-07-03T19:54:20.602,tof2,4x4,empty,3013,3255,-1,3312,2139,2148,2184,3500,1595,-1,1528,-1,1075,1090,1101,1049,1,1,0,1,1,1,1,1,1,1,1,0,1,1,1,1
2026-07-03T19:54:20.724,tof1,4x4,empty,-1,-1,-1,-1,-1,-1,-1,-1,2511,-1,1984,-1,-1,-1,-1,-1,0,0,0,0,0,0,0,0,1,1,1,0,0,1,1,1
2026-07-03T19:54:20.773,tof2,4x4,empty,3013,3255,3315,3312,2121,2119,2184,3500,1529,1734,1568,-1,1075,1094,-1,1046,1,1,1,1,1,1,1,1,1,1,1,0,1,1,1,1
2026-07-03T19:54:20.935,tof1,4x4,empty,-1,-1,-1,-1,-1,-1,-1,-1,-1,-1,1984,1974,-1,-1,1108,1065,0,0,0,0,0,0,0,0,0,1,1,1,0,1,1,1
2026-07-03T19:54:21.129,tof1,4x4,empty,-1,-1,-1,-1,2422,-1,-1,-1,2511,-1,1987,-1,-1,-1,1108,-1,0,0,0,0,1,0,0,0,1,0,1,1,0,1,1,1
2026-07-03T19:54:21.132,tof2,4x4,empty,3013,3254,3306,3318,2121,2115,2154,3500,-1,1574,1568,-1,1072,1094,1101,1046,1,1,1,1,1,1,1,1,1,1,1,0,1,1,1,1
2026-07-03T19:54:21.286,tof1,4x4,empty,-1,-1,-1,-1,-1,-1,-1,-1,2511,-1,1987,-1,-1,1162,1108,1065,0,0,0,0,0,0,0,0,1,0,1,0,0,1,1,1
2026-07-03T19:54:21.318,tof2,4x4,empty,2986,3254,-1,3318,2130,2115,2196,3492,1529,1574,1522,-1,-1,1094,1101,1046,1,1,0,1,1,1,1,1,1,1,1,1,1,1,1,1
2026-07-03T19:54:21.473,tof1,4x4,empty,-1,-1,-1,-1,-1,-1,-1,-1,2454,1989,1988,-1,-1,1138,1091,1060,0,0,0,0,1,0,0,0,1,1,1,0,1,1,1,1
2026-07-03T19:54:21.496,tof2,4x4,empty,2986,3248,-1,3318,2130,2115,2196,3492,1518,1735,1522,-1,1072,1095,1101,1050,1,1,1,1,1,1,1,1,1,1,1,0,1,1,1,1
2026-07-03T19:54:21.634,tof1,4x4,empty,-1,-1,-1,-1,2336,-1,-1,-1,2378,-1,1988,-1,1090,-1,1108,1060,0,0,0,0,1,0,0,0,1,1,1,1,1,1,1,1
2026-07-03T19:54:21.665,tof2,4x4,empty,-1,3254,-1,3325,2134,2161,-1,3474,-1,-1,1522,-1,1072,1095,1105,1050,1,1,0,1,1,1,1,1,1,1,1,0,1,1,1,1
2026-07-03T19:54:21.816,tof1,4x4,empty,-1,-1,-1,-1,-1,-1,-1,-1,2327,-1,1991,-1,-1,1136,-1,-1,0,0,0,0,0,0,0,0,1,0,1,0,1,1,1,1
2026-07-03T19:54:21.869,tof2,4x4,empty,2999,3254,-1,3308,2141,2161,-1,3492,1518,1746,-1,-1,1077,1095,1105,1050,1,1,0,1,1,1,1,1,1,1,1,0,1,1,1,1
2026-07-03T19:54:21.988,tof1,4x4,empty,-1,-1,-1,-1,-1,-1,-1,-1,2327,-1,1991,-1,1060,1139,1123,1056,0,0,0,0,1,0,0,0,1,0,1,0,1,1,1,1
2026-07-03T19:54:22.033,tof2,4x4,empty,2999,3253,-1,3308,2134,2161,2198,3505,1529,1746,1511,-1,1077,1095,1103,1049,1,1,0,1,1,1,1,1,1,1,1,0,1,1,1,1
2026-07-03T19:54:22.163,tof1,4x4,empty,-1,-1,-1,-1,-1,-1,-1,-1,2327,-1,1988,-1,-1,-1,1091,1056,0,0,0,0,1,0,0,0,1,0,1,0,0,1,1,1
2026-07-03T19:54:22.213,tof2,4x4,empty,3004,3258,-1,3308,2134,2167,2198,3507,1518,1746,-1,-1,1079,1090,1105,1049,1,1,1,1,1,1,1,1,1,1,1,0,1,1,1,1
2026-07-03T19:54:22.326,tof1,4x4,empty,-1,-1,-1,-1,-1,-1,-1,-1,2341,-1,1991,-1,-1,-1,1123,-1,0,0,0,0,1,0,0,0,1,1,1,0,1,1,1,1
2026-07-03T19:54:22.377,tof2,4x4,empty,3004,3258,3306,3303,2128,2098,-1,3505,1534,1714,1511,-1,1077,1090,1103,1049,1,1,1,1,1,1,0,1,1,1,1,0,1,1,1,1
2026-07-03T19:54:22.493,tof1,4x4,empty,-1,-1,-1,-1,-1,-1,-1,-1,-1,-1,1991,-1,-1,1139,1123,1056,0,0,0,0,1,0,0,0,1,0,1,1,1,1,1,1
2026-07-03T19:54:22.544,tof2,4x4,empty,3004,3262,-1,3300,2128,2098,2198,3507,1549,1695,1511,-1,1075,1092,-1,1049,1,1,0,1,1,1,1,1,1,1,1,0,1,1,1,1
2026-07-03T19:54:22.647,tof1,4x4,empty,-1,-1,-1,-1,-1,-1,-1,-1,-1,-1,1985,-1,-1,1139,1117,-1,0,0,0,0,1,0,0,0,0,0,1,1,1,1,1,1
2026-07-03T19:54:22.755,tof2,4x4,empty,-1,3256,-1,3303,2128,2098,2192,3513,1572,-1,1511,-1,1075,-1,-1,1051,1,1,0,1,1,1,1,1,1,1,1,0,1,1,1,1
2026-07-03T19:54:22.804,tof1,4x4,empty,-1,-1,-1,-1,-1,-1,-1,-1,-1,-1,1982,-1,-1,1139,1117,-1,0,0,0,0,0,0,0,0,0,0,1,0,0,1,1,1
2026-07-03T19:54:22.912,tof2,4x4,empty,3004,3256,-1,3303,2113,-1,2183,3513,1572,1695,1619,-1,1075,1090,1103,1051,1,1,1,1,1,1,1,1,1,1,1,0,1,1,1,1
2026-07-03T19:54:22.961,tof1,4x4,empty,-1,-1,-1,-1,-1,-1,-1,-1,-1,-1,1982,1964,-1,1141,1117,1056,0,0,0,0,0,0,0,0,0,1,1,1,1,1,1,1
2026-07-03T19:54:23.073,tof2,4x4,empty,-1,3255,-1,3309,2117,2099,2183,3505,-1,1701,1624,-1,1075,1090,1100,1049,0,1,0,1,1,1,1,1,1,1,1,0,1,1,1,1
2026-07-03T19:54:23.116,tof1,4x4,empty,-1,-1,-1,-1,-1,-1,-1,-1,-1,-1,1982,-1,1060,1141,-1,1056,0,0,0,0,0,0,0,0,0,0,1,0,1,1,1,1
2026-07-03T19:54:23.231,tof2,4x4,empty,3018,3255,-1,3319,-1,-1,-1,3513,-1,1695,-1,-1,1076,1089,1100,1049,1,1,1,1,1,0,1,1,1,1,1,0,1,1,1,1
2026-07-03T19:54:23.276,tof1,4x4,empty,-1,-1,-1,-1,-1,-1,-1,-1,-1,-1,1982,-1,1059,1144,1117,1051,0,0,0,1,0,0,0,0,0,0,1,0,1,1,1,1
2026-07-03T19:54:23.389,tof2,4x4,empty,2990,3255,3306,3329,-1,-1,2161,3505,-1,1701,-1,-1,1076,1087,1100,1049,1,1,1,1,1,1,1,1,1,1,1,0,1,1,1,1
2026-07-03T19:54:23.437,tof1,4x4,empty,-1,-1,-1,-1,-1,-1,-1,-1,-1,-1,1986,-1,-1,1131,-1,1032,1,0,0,0,0,0,0,0,0,1,1,1,1,1,1,1
2026-07-03T19:54:23.547,tof2,4x4,empty,-1,3257,-1,3319,2129,-1,2169,3505,1572,1703,1619,-1,1076,1087,1101,1049,1,1,0,1,1,0,1,1,1,1,1,0,1,1,1,1
2026-07-03T19:54:23.624,tof1,4x4,empty,-1,-1,-1,-1,-1,-1,-1,-1,-1,-1,1986,1959,-1,-1,1128,1032,1,0,0,0,0,0,0,0,0,1,1,1,0,1,1,1
2026-07-03T19:54:23.712,tof2,4x4,empty,-1,3258,-1,3310,2117,-1,2169,3503,1496,1703,1624,-1,1076,1087,1101,1050,1,1,0,1,1,0,1,1,1,1,1,0,1,1,1,1
2026-07-03T19:54:23.787,tof1,4x4,empty,-1,-1,-1,-1,-1,-1,-1,-1,-1,1989,1983,-1,-1,-1,-1,1039,0,0,0,0,0,0,0,0,0,1,1,0,0,1,1,1
2026-07-03T19:54:23.871,tof2,4x4,empty,-1,3262,-1,3310,2117,-1,-1,3503,1488,1703,-1,-1,1070,1088,1102,1050,1,1,1,1,1,0,0,1,1,1,1,0,1,1,1,1
2026-07-03T19:54:23.948,tof1,4x4,empty,-1,-1,-1,-1,-1,-1,-1,-1,-1,-1,1976,-1,1059,-1,-1,-1,0,0,0,0,0,0,0,0,0,0,1,0,1,1,1,1
2026-07-03T19:54:24.052,tof2,4x4,empty,3018,3262,-1,3310,2134,-1,-1,3494,-1,1703,1624,-1,1070,1089,1102,1049,1,1,0,1,1,0,1,1,1,1,1,0,1,1,1,1
2026-07-03T19:54:24.105,tof1,4x4,empty,-1,-1,-1,-1,-1,-1,-1,-1,-1,-1,1976,-1,-1,1131,1128,1032,0,0,0,0,0,0,0,0,0,0,1,1,0,1,1,1
2026-07-03T19:54:24.223,tof2,4x4,empty,2990,3262,-1,3310,2134,-1,2190,3494,-1,1726,1630,-1,1074,1090,1102,1043,1,1,1,1,1,0,1,1,1,1,1,0,1,1,1,1
2026-07-03T19:54:24.323,tof1,4x4,empty,-1,-1,-1,-1,-1,-1,-1,-1,-1,-1,1976,-1,-1,1131,-1,-1,0,0,0,0,0,0,0,0,1,1,1,0,1,1,1,1
2026-07-03T19:54:24.402,tof2,4x4,empty,2969,3246,-1,3310,2134,-1,-1,3494,-1,1726,1514,-1,-1,-1,1102,1043,1,1,0,1,1,1,0,1,1,1,1,0,1,1,1,1
2026-07-03T19:54:24.510,tof1,4x4,empty,-1,-1,-1,-1,-1,-1,-1,-1,2362,-1,1983,-1,1092,1146,1126,1039,0,0,0,0,1,0,0,0,1,0,1,1,1,1,1,1
2026-07-03T19:54:24.588,tof2,4x4,empty,2947,3246,-1,3313,2134,-1,-1,3494,1484,1572,1590,-1,1074,1090,1101,1043,1,1,1,1,1,0,1,1,1,1,1,0,1,1,1,1
2026-07-03T19:54:24.905,tof1,4x4,empty,-1,-1,-1,-1,2332,-1,-1,-1,2362,-1,1992,1959,1092,1131,1126,1068,0,0,0,0,1,0,0,0,1,1,1,1,1,1,1,1
2026-07-03T19:54:24.916,tof2,4x4,empty,2969,3246,-1,3313,2134,-1,-1,3497,1488,1729,1590,-1,1074,1092,-1,1043,1,1,0,1,1,1,0,1,1,1,1,0,1,1,1,1
2026-07-03T19:54:25.076,tof1,4x4,empty,-1,-1,-1,-1,2329,-1,-1,-1,2362,1998,1993,-1,1092,1131,-1,-1,0,0,0,0,1,0,0,0,1,1,1,0,1,1,1,1
2026-07-03T19:54:25.117,tof2,4x4,empty,2969,3253,-1,3315,2085,-1,2187,3497,1470,1745,1590,-1,1075,1092,1098,1043,1,1,0,1,1,0,1,1,1,1,1,0,1,1,1,1
2026-07-03T19:54:25.246,tof1,4x4,empty,-1,-1,-1,-1,2323,-1,-1,-1,2276,-1,1993,-1,-1,1131,-1,1068,0,0,0,0,1,0,0,0,1,1,1,0,1,1,1,1
2026-07-03T19:54:25.304,tof2,4x4,empty,2974,3253,-1,3315,2107,-1,2187,3497,1488,-1,1545,-1,1080,1092,1101,1044,1,1,0,1,1,0,1,1,1,1,1,0,1,1,1,1
2026-07-03T19:54:25.407,tof1,4x4,empty,-1,-1,-1,-1,-1,-1,-1,-1,2242,-1,1992,-1,1098,1122,1126,1068,0,0,0,0,0,0,0,0,1,0,1,1,1,1,1,1
2026-07-03T19:54:25.469,tof2,4x4,empty,2995,3255,-1,3315,-1,2099,-1,3497,-1,1745,1545,-1,1080,1091,1102,1047,1,1,1,1,1,1,1,1,1,1,1,0,1,1,1,1
2026-07-03T19:54:25.565,tof1,4x4,empty,-1,-1,-1,-1,2277,-1,-1,-1,2239,1998,1992,-1,1141,-1,1121,-1,0,0,0,0,1,0,0,0,1,1,1,1,1,1,1,1
2026-07-03T19:54:25.645,tof2,4x4,empty,3010,3255,-1,3315,2088,2099,-1,3482,1488,1689,1545,-1,1077,1091,-1,1051,1,1,0,1,1,1,1,1,1,1,1,0,1,1,1,1
2026-07-03T19:54:25.744,tof1,4x4,empty,-1,-1,-1,-1,2248,-1,-1,-1,2242,-1,1993,-1,-1,1114,1121,1068,0,0,0,0,1,0,0,0,1,1,1,1,0,1,1,1
2026-07-03T19:54:25.825,tof2,4x4,empty,3028,3255,-1,3317,2107,2099,2187,3482,1635,1715,1545,-1,-1,1091,1098,1052,1,1,0,1,1,1,1,1,1,1,1,0,1,1,1,1
2026-07-03T19:54:25.898,tof1,4x4,empty,-1,-1,-1,-1,2248,-1,-1,-1,2242,-1,1989,-1,1141,1114,1138,1065,0,0,0,0,1,0,0,1,1,0,1,0,1,1,1,1
2026-07-03T19:54:25.972,tof2,4x4,empty,3010,3256,-1,3321,2107,2099,2182,3498,-1,1689,1498,-1,1084,1091,1098,1052,1,1,0,1,1,1,1,1,1,1,1,0,1,1,1,1
2026-07-03T19:54:26.070,tof1,4x4,empty,-1,-1,-1,-1,2269,-1,-1,-1,2253,-1,1991,1964,-1,1122,1138,-1,0,0,0,0,1,0,0,0,1,0,1,1,0,1,1,1
2026-07-03T19:54:26.133,tof2,4x4,empty,2995,3256,3315,3317,2109,2099,2165,3504,1635,1689,-1,-1,-1,1090,-1,1052,1,1,1,1,1,1,1,1,1,1,1,0,1,1,1,1
2026-07-03T19:54:26.242,tof1,4x4,empty,-1,-1,-1,-1,2269,-1,-1,-1,2265,-1,1991,1984,-1,1129,1126,-1,0,0,0,0,1,0,0,0,1,1,1,1,0,1,1,1
2026-07-03T19:54:26.304,tof2,4x4,empty,2967,3260,-1,3317,2113,2116,2155,3504,-1,1679,1572,-1,1082,-1,1102,1048,1,1,1,1,1,1,1,1,1,1,1,0,1,1,1,1
2026-07-03T19:54:26.405,tof1,4x4,empty,-1,-1,-1,-1,2297,-1,-1,-1,2268,-1,1991,1984,1141,1140,1142,1065,0,0,0,1,1,1,0,0,1,0,1,1,1,1,1,1
2026-07-03T19:54:26.477,tof2,4x4,empty,2967,3255,-1,3311,2114,2135,2155,3528,1635,1715,1572,-1,1077,1091,1104,1047,1,1,0,1,1,1,1,1,1,1,1,0,1,1,1,1
2026-07-03T19:54:26.577,tof1,4x4,empty,-1,-1,-1,-1,2304,-1,-1,-1,2273,-1,1989,1994,1134,1153,1126,-1,0,0,0,0,1,0,0,0,1,0,1,1,1,1,1,1
2026-07-03T19:54:26.639,tof2,4x4,empty,2967,3260,-1,3311,2114,2137,2165,3504,1638,1728,-1,-1,1074,-1,1098,1046,1,1,1,1,1,1,1,1,1,1,1,0,1,1,1,1
2026-07-03T19:54:26.746,tof1,4x4,empty,-1,-1,-1,-1,-1,-1,-1,-1,2284,1989,1989,-1,-1,-1,1124,1065,0,0,0,0,0,0,0,0,1,1,1,1,0,1,1,1
2026-07-03T19:54:26.793,tof2,4x4,empty,2980,3257,-1,3309,2114,2158,2165,3471,1635,1728,-1,-1,1079,1088,-1,1044,1,1,1,1,1,1,1,1,1,1,1,0,1,1,1,1
2026-07-03T19:54:26.903,tof1,4x4,empty,-1,-1,-1,-1,-1,-1,-1,-1,2288,-1,1981,1984,-1,-1,1124,1065,0,0,0,0,0,0,0,0,1,0,1,1,1,1,1,1
2026-07-03T19:54:26.964,tof2,4x4,empty,2980,3257,-1,3309,2125,2167,2192,3471,-1,-1,1572,-1,1079,1088,1099,1044,1,1,1,1,1,1,1,1,1,1,1,0,1,1,1,1
2026-07-03T19:54:27.071,tof1,4x4,empty,-1,-1,-1,-1,-1,-1,-1,-1,2294,-1,1980,-1,1125,1148,-1,1080,1,0,0,0,0,0,0,0,1,0,1,0,1,1,1,1
2026-07-03T19:54:27.118,tof2,4x4,empty,2986,3245,-1,3311,2128,2158,2204,3478,-1,1669,1529,-1,1074,-1,1104,1046,1,1,0,1,1,1,1,1,1,1,1,0,1,1,1,1
2026-07-03T19:54:27.224,tof1,4x4,empty,-1,-1,-1,-1,-1,-1,-1,-1,-1,-1,1980,-1,-1,1140,-1,1080,0,0,0,0,0,0,0,0,0,0,1,0,0,1,1,1
2026-07-03T19:54:27.284,tof2,4x4,empty,2980,3249,3316,3317,2133,-1,2192,3471,1605,1728,1564,-1,1079,1095,1105,1046,1,1,1,1,1,1,1,1,1,1,1,0,1,1,1,1
2026-07-03T19:54:27.464,tof2,4x4,empty,2980,3249,-1,3317,2138,2158,2204,3469,1589,1728,1564,-1,1085,-1,1099,1048,1,1,0,1,1,1,1,1,1,1,1,0,1,1,1,1
2026-07-03T19:54:27.486,tof1,4x4,empty,-1,-1,-1,-1,-1,-1,-1,-1,-1,1989,1989,-1,-1,-1,1099,-1,0,1,0,1,0,0,0,0,0,1,1,0,0,1,1,1
2026-07-03T19:54:27.652,tof2,4x4,empty,2969,3249,-1,3326,2133,2158,2204,3463,1571,1748,1564,-1,1085,-1,-1,1048,1,1,0,1,1,1,1,1,1,1,1,0,1,1,1,1
2026-07-03T19:54:27.763,tof1,4x4,empty,-1,-1,-1,-1,-1,-1,-1,-1,-1,1984,1984,1977,-1,-1,-1,-1,0,0,0,0,0,0,0,0,1,1,1,1,1,1,1,1
2026-07-03T19:54:27.826,tof2,4x4,empty,2969,3249,-1,3326,2128,2161,2189,3463,1516,1748,-1,-1,1076,1095,1105,1047,1,1,1,1,1,1,1,1,1,1,1,0,1,1,1,1
2026-07-03T19:54:27.921,tof1,4x4,empty,-1,-1,-1,-1,-1,-1,-1,-1,2294,-1,1984,-1,1102,1148,-1,1088,0,0,0,0,0,0,0,0,1,0,1,0,1,1,1,1
2026-07-03T19:54:27.995,tof2,4x4,empty,2963,3255,-1,3339,2114,-1,2186,3463,1524,1756,1571,-1,1078,1095,1105,1047,1,1,0,1,1,1,1,1,1,1,1,0,1,1,1,1
2026-07-03T19:54:28.081,tof1,4x4,empty,-1,-1,-1,-1,2304,-1,-1,-1,2294,-1,1989,-1,-1,1153,-1,-1,0,0,0,0,1,0,0,0,1,0,1,1,1,1,1,1
2026-07-03T19:54:28.151,tof2,4x4,empty,2969,3257,-1,-1,2114,2161,2178,3466,1571,1748,-1,-1,1078,-1,1104,1048,1,1,0,1,1,1,1,1,1,1,1,0,1,1,1,1
2026-07-03T19:54:28.240,tof1,4x4,empty,-1,-1,-1,-1,2297,-1,-1,-1,2247,-1,1984,-1,1087,-1,1099,1089,0,0,0,0,1,0,0,0,1,0,1,1,1,1,1,1
2026-07-03T19:54:28.327,tof2,4x4,empty,-1,3255,-1,3326,2114,2175,2158,3474,1524,1744,-1,-1,-1,-1,1104,1047,0,1,0,1,1,1,1,1,1,1,1,0,1,1,1,1
2026-07-03T19:54:28.410,tof1,4x4,empty,-1,-1,-1,-1,2279,-1,-1,-1,2226,-1,1982,-1,1087,1155,1099,1089,0,0,0,0,1,0,0,0,1,0,1,0,1,1,1,1
2026-07-03T19:54:28.508,tof2,4x4,empty,3022,3258,3316,3326,2136,2175,2158,3488,-1,1739,1571,-1,-1,1095,-1,1046,1,1,1,1,1,1,1,1,1,1,1,0,1,1,1,1
2026-07-03T19:54:28.558,tof1,4x4,empty,-1,-1,-1,-1,2242,-1,-1,-1,2226,-1,1977,1977,-1,1155,1099,-1,0,0,0,0,1,0,0,0,1,0,1,1,0,1,1,1
2026-07-03T19:54:28.682,tof2,4x4,empty,3034,3258,-1,3322,2142,2175,2158,3494,1490,1744,1576,-1,1076,-1,1104,1051,1,1,0,1,1,1,1,1,1,1,1,0,1,1,1,1
2026-07-03T19:54:28.761,tof1,4x4,empty,-1,-1,-1,-1,2239,-1,-1,-1,2219,-1,1977,1977,1087,-1,-1,1063,0,0,0,0,1,0,0,0,1,0,1,1,1,1,1,1
2026-07-03T19:54:28.888,tof2,4x4,empty,3022,3268,-1,3328,2142,2162,2158,3488,1524,-1,-1,-1,1073,1093,1104,1044,1,1,0,1,1,1,1,1,1,1,1,0,1,1,1,1
2026-07-03T19:54:28.926,tof1,4x4,empty,-1,-1,-1,-1,2227,-1,-1,-1,2212,-1,1977,1977,-1,1155,1099,1081,0,0,0,0,1,0,0,0,1,0,1,1,0,1,1,1
2026-07-03T19:54:29.042,tof2,4x4,empty,3034,3265,-1,3328,2142,2130,-1,-1,1519,1744,-1,-1,-1,1092,1104,1044,1,1,0,1,1,1,1,0,1,1,1,0,1,1,1,1
2026-07-03T19:54:29.091,tof1,4x4,empty,-1,-1,-1,-1,2199,-1,-1,-1,2197,-1,1971,-1,1078,1163,1122,1063,0,0,0,0,1,0,0,0,1,0,1,1,1,1,1,1
2026-07-03T19:54:29.204,tof2,4x4,empty,3034,3265,-1,3329,2142,2127,-1,3524,1510,-1,1582,-1,1073,1093,1104,1046,1,1,0,1,1,1,1,1,1,1,1,0,1,1,1,1
2026-07-03T19:54:29.250,tof1,4x4,empty,-1,-1,-1,-1,2199,-1,-1,-1,2180,-1,1971,-1,1078,1150,1122,1052,0,0,0,0,1,0,0,0,1,0,1,0,1,1,1,1
2026-07-03T19:54:29.361,tof2,4x4,empty,3034,3265,-1,3328,2113,2127,2158,3524,1510,-1,1576,-1,1073,1092,1104,1046,1,1,0,1,1,1,1,1,1,1,1,0,1,1,1,1
2026-07-03T19:54:29.407,tof1,4x4,empty,-1,-1,-1,-1,2199,-1,-1,-1,2178,-1,1984,1977,-1,1143,-1,1063,0,0,0,0,1,0,0,0,1,0,1,1,0,1,1,1
2026-07-03T19:54:29.540,tof2,4x4,empty,3034,3265,-1,-1,2112,2081,2188,3474,1510,1744,1539,-1,1073,-1,1098,1046,1,1,1,1,1,1,1,1,1,1,1,0,1,1,1,1
2026-07-03T19:54:29.656,tof1,4x4,empty,-1,-1,-1,-1,2207,-1,-1,-1,2180,-1,1990,-1,1078,1120,1122,-1,0,0,0,0,1,0,0,0,1,0,1,1,1,1,1,1
2026-07-03T19:54:29.814,tof2,4x4,empty,3034,3256,-1,3328,2113,2127,2191,3474,-1,1739,1582,-1,-1,1093,1100,1046,1,1,1,1,1,1,1,1,1,1,1,0,1,1,1,1
2026-07-03T19:54:29.831,tof1,4x4,empty,-1,-1,-1,-1,2207,-1,-1,-1,2178,1984,1990,-1,1061,1120,1156,1037,0,0,0,0,1,0,0,0,1,1,1,0,1,1,1,1
2026-07-03T19:54:29.975,tof2,4x4,empty,3020,3256,-1,3324,-1,2153,2188,3524,-1,-1,1539,-1,1078,1094,-1,1047,1,1,0,1,0,1,1,1,1,1,1,0,1,1,1,1
2026-07-03T19:54:29.989,tof1,4x4,empty,-1,-1,-1,-1,2207,-1,-1,-1,2175,-1,1990,1990,1078,-1,-1,1037,0,0,0,0,1,0,0,0,1,1,1,1,1,1,1,1
2026-07-03T19:54:30.146,tof2,4x4,empty,3006,3254,-1,3324,2113,2166,2181,3525,1510,-1,1539,-1,1078,1094,-1,1044,1,1,0,1,1,1,1,1,1,1,1,0,1,1,1,1
2026-07-03T19:54:30.153,tof1,4x4,empty,-1,-1,-1,-1,2183,-1,-1,-1,2163,-1,1989,-1,1087,1115,-1,1069,1,0,0,0,1,0,0,0,1,0,1,0,1,1,1,1
2026-07-03T19:54:30.325,tof2,4x4,empty,3010,3244,3306,3324,2113,-1,2181,3525,-1,1736,-1,-1,1078,1094,1100,1049,1,1,1,1,1,1,1,1,1,1,1,0,1,1,1,1
2026-07-03T19:54:30.328,tof1,4x4,empty,-1,-1,-1,-1,2183,-1,-1,-1,2157,-1,1982,-1,1061,1120,1156,1069,1,0,0,0,1,0,0,0,1,0,1,1,1,1,1,1
2026-07-03T19:54:30.476,tof2,4x4,empty,3010,3254,-1,3327,2112,2170,2181,3525,1510,1736,1539,-1,1075,1094,-1,1049,1,1,1,1,1,1,1,1,1,1,1,0,1,1,1,1
2026-07-03T19:54:30.501,tof1,4x4,empty,-1,-1,-1,-1,2178,-1,-1,-1,2152,1989,1982,-1,1073,1141,1156,1035,0,0,0,0,1,0,0,0,1,1,1,1,1,1,1,1
2026-07-03T19:54:30.647,tof2,4x4,empty,2999,3254,3298,3327,2109,2170,-1,3511,-1,1720,1443,-1,1073,1094,1098,1050,1,1,1,1,1,1,1,1,1,1,1,0,1,1,1,1
2026-07-03T19:54:30.662,tof1,4x4,empty,-1,-1,-1,-1,2178,-1,-1,-1,2152,-1,1982,1975,-1,1146,1126,1069,0,0,0,0,1,0,0,0,1,0,1,1,1,1,1,1
2026-07-03T19:54:30.805,tof2,4x4,empty,3010,3254,-1,3327,2109,2167,2180,3511,1557,1560,-1,-1,1071,1094,1098,1056,1,1,1,1,1,1,1,1,1,1,1,0,1,1,1,1
2026-07-03T19:54:30.826,tof1,4x4,empty,-1,-1,-1,-1,2183,-1,-1,-1,2152,-1,1982,1990,1101,-1,1120,-1,0,0,0,0,1,0,0,0,1,1,1,1,1,1,1,1
2026-07-03T19:54:30.968,tof2,4x4,empty,3021,3261,3297,-1,2114,2167,2181,3511,1557,1549,-1,-1,1073,1090,1098,1056,1,1,1,1,1,1,1,1,1,1,1,0,1,1,1,1
2026-07-03T19:54:31.005,tof1,4x4,empty,-1,-1,-1,-1,2178,-1,-1,-1,2155,-1,1985,-1,-1,-1,1120,-1,0,0,0,0,1,0,0,0,1,0,1,1,1,1,1,1
2026-07-03T19:54:31.116,tof2,4x4,empty,3021,3261,-1,3320,-1,2165,2194,3511,-1,-1,-1,-1,1073,1076,1098,1054,1,1,1,1,1,1,1,1,1,1,1,0,1,1,1,1
2026-07-03T19:54:31.174,tof1,4x4,empty,-1,-1,-1,-1,2178,-1,-1,-1,2155,-1,1985,-1,-1,-1,1109,1066,0,0,0,0,1,0,0,0,1,0,1,0,1,1,1,1
2026-07-03T19:54:31.281,tof2,4x4,empty,2996,3253,-1,3320,2109,2165,2194,3511,-1,1720,-1,-1,-1,1090,-1,1054,1,1,0,1,1,1,1,1,1,1,1,0,1,1,1,1
2026-07-03T19:54:31.321,tof1,4x4,empty,-1,-1,-1,-1,2186,-1,-1,-1,2156,2000,1985,1975,-1,1151,1120,1057,0,0,0,0,1,0,0,0,1,1,1,1,0,1,1,1
2026-07-03T19:54:31.431,tof2,4x4,empty,3021,3257,-1,3315,2109,2167,2179,3528,1557,1555,1443,-1,1079,-1,1105,1047,1,1,0,1,1,1,1,1,1,1,1,0,1,1,1,1
2026-07-03T19:54:31.475,tof1,4x4,empty,-1,-1,-1,-1,2197,-1,-1,-1,2155,2014,1985,1997,1101,1153,1126,-1,0,0,0,0,1,0,0,0,1,1,1,1,1,1,1,1
2026-07-03T19:54:31.587,tof2,4x4,empty,2996,3253,-1,3315,2114,2159,2162,3511,1509,1555,-1,-1,1079,-1,1105,1047,1,1,0,1,1,1,1,1,1,1,1,0,1,1,1,1
2026-07-03T19:54:31.635,tof1,4x4,empty,-1,-1,-1,-1,2197,-1,-1,-1,2152,-1,1982,1997,-1,-1,-1,1066,0,0,0,0,1,0,0,0,1,0,1,1,1,1,1,1
2026-07-03T19:54:31.737,tof2,4x4,empty,2966,3253,3262,3320,2109,2004,2162,3493,1509,1699,1522,-1,1079,1090,1105,1050,1,1,1,1,1,1,1,1,1,1,1,0,1,1,1,1
2026-07-03T19:54:31.785,tof1,4x4,empty,-1,-1,-1,-1,2197,-1,-1,-1,2141,-1,1975,1997,1102,1151,1126,1066,0,0,0,0,1,0,0,0,1,0,1,1,1,1,1,1
2026-07-03T19:54:31.897,tof2,4x4,empty,-1,3253,-1,3315,2093,2117,2162,-1,1509,1724,1419,-1,-1,1093,1105,1050,0,1,0,1,1,1,1,1,1,1,1,0,1,1,1,1
2026-07-03T19:54:31.944,tof1,4x4,empty,3364,-1,-1,-1,-1,-1,-1,-1,2140,-1,1970,-1,1102,1146,1125,-1,1,0,0,0,1,0,0,0,1,0,1,1,1,1,1,1
2026-07-03T19:54:32.062,tof2,4x4,empty,2966,3253,-1,3315,2109,2054,2183,3481,-1,-1,1474,-1,1079,1093,-1,1050,1,1,1,1,1,1,1,1,1,1,1,1,1,1,1,1
2026-07-03T19:54:32.097,tof1,4x4,empty,-1,-1,-1,-1,2197,-1,-1,-1,2140,-1,1975,-1,-1,1149,1134,1060,1,0,0,0,1,0,0,0,1,1,1,1,1,1,1,1
2026-07-03T19:54:32.221,tof2,4x4,empty,-1,3253,-1,3313,2112,2054,2206,3481,1567,1724,-1,-1,1075,-1,1105,1050,1,1,0,1,1,1,1,1,1,1,1,0,1,1,1,1
2026-07-03T19:54:32.273,tof1,4x4,empty,-1,-1,-1,-1,2205,-1,-1,-1,2141,-1,1975,-1,1112,1149,1125,1057,1,0,0,0,1,0,0,0,1,0,1,1,1,1,1,1
2026-07-03T19:54:32.380,tof2,4x4,empty,3004,3253,-1,3313,2112,2057,-1,3481,-1,-1,1493,-1,1075,-1,1102,1040,1,1,0,1,1,1,0,1,1,1,1,1,1,1,1,1
2026-07-03T19:54:32.433,tof1,4x4,empty,-1,-1,-1,-1,2218,-1,-1,-1,2162,-1,1976,-1,1112,1149,-1,-1,0,0,0,0,1,0,0,0,1,0,1,0,1,1,1,1
2026-07-03T19:54:32.539,tof2,4x4,empty,3004,3254,3262,3313,2112,2117,2206,3485,1568,1750,1493,-1,1074,1093,1102,1040,1,1,1,1,1,1,1,1,1,1,1,0,1,1,1,1
2026-07-03T19:54:32.598,tof1,4x4,empty,-1,-1,-1,-1,2218,-1,-1,-1,2172,-1,1976,-1,-1,1151,1125,1054,0,1,0,0,1,0,0,0,1,1,1,1,1,1,1,1
2026-07-03T19:54:32.699,tof2,4x4,empty,3005,3257,3262,3321,2125,2148,2206,3485,-1,-1,1484,-1,1072,-1,1102,1040,1,1,1,1,1,1,1,1,1,1,1,0,1,1,1,1
2026-07-03T19:54:32.751,tof1,4x4,empty,-1,-1,-1,-1,2222,-1,-1,-1,2205,-1,1976,-1,-1,1151,1125,1054,0,0,0,0,1,0,0,0,1,1,1,1,0,1,1,1
2026-07-03T19:54:32.854,tof2,4x4,empty,3009,3255,-1,3311,2125,2158,2206,3496,1568,-1,1493,-1,1074,1093,1098,1047,1,1,0,1,1,1,1,1,1,1,1,0,1,1,1,1
2026-07-03T19:54:32.951,tof1,4x4,empty,-1,-1,-1,-1,-1,-1,-1,-1,2239,-1,1976,-1,-1,1151,-1,-1,0,0,0,0,0,0,0,0,1,1,1,0,0,1,1,1
2026-07-03T19:54:33.020,tof2,4x4,empty,3009,3255,3297,3311,2127,2148,2205,3507,1567,-1,1542,-1,1074,1093,1097,1047,1,1,1,1,1,1,1,1,1,1,1,0,1,1,1,1
2026-07-03T19:54:33.120,tof1,4x4,empty,-1,-1,-1,-1,-1,-1,-1,-1,-1,-1,2002,-1,-1,1151,1101,-1,0,0,0,0,0,0,0,0,0,0,1,1,1,1,1,1
2026-07-03T19:54:33.164,tof2,4x4,empty,-1,3259,-1,3311,2127,-1,2176,3505,1555,1750,1542,-1,-1,1090,1098,1052,0,1,0,1,1,0,1,1,1,1,1,0,1,1,1,1
2026-07-03T19:54:33.289,tof1,4x4,empty,-1,-1,-1,-1,-1,-1,-1,-1,-1,2014,1977,1997,-1,1143,1101,-1,0,0,0,0,0,0,0,0,0,1,1,1,0,1,1,1
2026-07-03T19:54:33.326,tof2,4x4,empty,3030,3265,-1,3311,-1,-1,2176,-1,-1,1758,1515,-1,1074,1088,-1,1052,1,1,0,1,1,1,1,1,1,1,1,0,1,1,1,1
2026-07-03T19:54:33.439,tof1,4x4,empty,-1,-1,-1,-1,-1,-1,-1,-1,-1,-1,1984,-1,-1,1143,-1,-1,0,0,0,1,0,0,0,0,0,0,1,1,0,1,1,1
2026-07-03T19:54:33.490,tof2,4x4,empty,3030,3255,-1,3311,2127,-1,2176,3496,1525,1766,1567,-1,1077,1088,1103,1047,1,1,0,1,1,1,1,1,1,1,1,0,1,1,1,1
2026-07-03T19:54:33.605,tof1,4x4,empty,-1,-1,-1,-1,-1,-1,-1,-1,-1,2014,2002,1997,1125,1143,1141,1054,0,0,0,0,0,0,1,0,0,1,1,1,1,1,1,1
2026-07-03T19:54:33.638,tof2,4x4,empty,3009,3265,3296,3313,2129,-1,2189,3496,1513,1766,1515,-1,-1,1088,1098,1041,1,1,1,1,1,0,1,1,1,1,1,0,1,1,1,1
2026-07-03T19:54:33.763,tof1,4x4,empty,-1,-1,-1,-1,-1,-1,-1,-1,-1,-1,1999,-1,-1,-1,1151,1051,0,0,0,0,0,0,0,0,0,0,1,0,0,1,1,1
2026-07-03T19:54:33.809,tof2,4x4,empty,-1,3265,-1,3326,-1,-1,2189,3482,-1,1573,-1,-1,1077,1090,1098,1052,0,1,0,1,1,0,1,1,1,1,1,0,1,1,1,1
2026-07-03T19:54:33.917,tof1,4x4,empty,-1,-1,-1,-1,-1,-1,-1,-1,-1,2013,1984,-1,-1,1172,-1,1054,0,0,1,0,0,0,1,0,0,1,1,1,1,1,1,1
2026-07-03T19:54:33.967,tof2,4x4,empty,3017,3252,-1,3329,2129,-1,-1,3482,1525,1643,1515,-1,1077,1087,1098,1048,1,1,0,1,1,0,1,1,1,1,1,1,1,1,1,1
2026-07-03T19:54:34.069,tof1,4x4,empty,-1,-1,-1,-1,-1,-1,-1,-1,-1,-1,1984,-1,1125,1172,1151,1059,0,0,0,0,0,0,0,0,0,0,1,1,1,1,1,1
2026-07-03T19:54:34.137,tof2,4x4,empty,-1,3252,-1,3326,2113,-1,2189,3482,1525,1643,1567,-1,1068,1092,1098,1041,0,1,1,1,1,0,1,1,1,1,1,0,1,1,1,1
2026-07-03T19:54:34.237,tof1,4x4,empty,-1,-1,-1,-1,-1,-1,-1,-1,-1,-1,1999,1999,1125,1172,1151,1059,0,0,0,0,0,0,1,0,0,0,1,1,1,1,1,1
2026-07-03T19:54:34.291,tof2,4x4,empty,-1,3254,3305,3326,2126,-1,2190,3499,1517,1573,-1,-1,1068,-1,1098,1048,0,1,1,1,1,1,1,1,1,1,1,0,1,1,1,1
2026-07-03T19:54:34.387,tof1,4x4,empty,-1,-1,-1,-1,-1,-1,-1,-1,-1,-1,1984,-1,-1,1135,1117,-1,0,0,0,0,0,0,0,0,0,0,1,1,1,1,1,1
2026-07-03T19:54:34.472,tof2,4x4,empty,3032,3254,-1,3326,2127,-1,2174,3499,1517,1643,1614,-1,1068,1092,1102,1048,1,1,1,1,1,0,1,1,1,1,1,0,1,1,1,1
2026-07-03T19:54:34.550,tof1,4x4,empty,-1,-1,-1,-1,-1,-1,-1,-1,-1,-1,1984,-1,1125,1135,1117,1059,0,0,0,1,0,0,1,0,1,1,1,0,1,1,1,1
2026-07-03T19:54:34.632,tof2,4x4,empty,-1,3257,-1,3342,2127,-1,2174,3499,-1,-1,1614,-1,-1,1092,-1,1047,0,1,1,1,1,0,1,1,1,1,1,0,1,1,1,1
2026-07-03T19:54:34.735,tof1,4x4,empty,-1,-1,-1,-1,-1,-1,2180,-1,2240,2013,1984,-1,1088,1135,1117,-1,0,0,0,0,0,0,1,0,1,1,1,0,1,1,1,1
2026-07-03T19:54:34.905,tof1,4x4,empty,-1,-1,-1,2257,2257,-1,-1,-1,2339,-1,1966,-1,-1,1133,1117,1059,0,0,0,1,1,0,0,0,1,0,1,0,1,1,1,1
2026-07-03T19:54:34.940,tof2,4x4,empty,3017,3261,-1,3303,2126,-1,2174,3497,-1,1643,1614,-1,1075,1091,1102,1047,1,1,1,1,1,0,1,1,1,1,1,0,1,1,1,1
2026-07-03T19:54:35.064,tof1,4x4,empty,-1,-1,-1,-1,-1,-1,-1,-1,2339,-1,1966,-1,-1,1123,1131,1052,0,0,0,0,0,0,1,0,1,0,1,0,1,1,1,1
2026-07-03T19:54:35.093,tof2,4x4,empty,3017,3261,3296,3309,2127,-1,-1,3466,1536,1688,1566,-1,1075,-1,-1,1049,1,1,1,1,1,1,0,1,1,1,1,0,1,1,1,1
2026-07-03T19:54:35.233,tof1,4x4,empty,-1,-1,-1,-1,2273,-1,-1,-1,2339,-1,1997,1999,-1,-1,1131,1052,0,0,0,0,1,0,0,0,1,0,1,1,0,1,1,1
2026-07-03T19:54:35.261,tof2,4x4,empty,3017,3261,3304,3309,2127,-1,-1,3466,1536,1688,-1,-1,1075,1091,1102,1049,1,1,1,1,1,0,1,1,1,1,1,0,1,1,1,1
2026-07-03T19:54:35.399,tof1,4x4,empty,-1,-1,-1,-1,2381,-1,-1,-1,2344,-1,1966,1999,-1,1123,1107,-1,0,0,0,0,1,0,0,0,1,1,1,1,1,1,1,1
2026-07-03T19:54:35.414,tof2,4x4,empty,2979,3255,-1,3316,2110,-1,2174,3497,-1,1728,1566,-1,1080,1091,1102,1053,1,1,1,1,1,0,1,1,1,1,1,0,1,1,1,1
2026-07-03T19:54:35.567,tof1,4x4,empty,-1,-1,-1,-1,2381,-1,-1,-1,2339,2007,1997,-1,-1,1144,-1,1052,0,0,0,0,1,0,0,0,1,1,1,0,1,1,1,1
2026-07-03T19:54:35.574,tof2,4x4,empty,2979,3255,3304,3316,2108,-1,2174,3515,-1,1728,1540,-1,1084,1091,1103,1055,1,1,1,1,1,1,1,1,1,1,1,0,1,1,1,1
2026-07-03T19:54:35.722,tof1,4x4,empty,-1,-1,-1,-1,2381,-1,-1,-1,2335,-1,1997,1988,-1,1132,1107,1037,0,1,0,0,1,0,0,0,1,1,1,1,1,1,1,1
2026-07-03T19:54:35.771,tof2,4x4,empty,3025,3248,-1,3321,2110,2148,2173,3515,-1,1740,1481,-1,1078,1094,1101,1055,1,1,0,1,1,1,1,1,1,1,1,0,1,1,1,1
2026-07-03T19:54:35.891,tof1,4x4,empty,-1,-1,-1,-1,2381,-1,-1,-1,2335,1977,1992,-1,-1,1146,1091,1071,0,0,0,0,1,0,0,0,1,1,1,1,1,1,1,1
2026-07-03T19:54:35.948,tof2,4x4,empty,2979,3248,-1,3325,2108,2115,2173,3515,1558,1744,-1,-1,1082,1094,1101,1053,1,1,0,1,1,1,1,1,1,1,1,0,1,1,1,1
2026-07-03T19:54:36.055,tof1,4x4,empty,-1,-1,-1,-1,2350,-1,-1,-1,2328,-1,1970,-1,1088,1146,1091,1071,1,0,0,0,1,0,0,0,1,0,1,0,1,1,1,1
2026-07-03T19:54:36.104,tof2,4x4,empty,2979,3248,3304,3326,2108,1983,2173,3519,1558,1747,1481,-1,1084,1095,-1,1052,1,1,1,1,1,1,1,1,1,1,1,0,1,1,1,1
2026-07-03T19:54:36.222,tof1,4x4,empty,-1,-1,-1,-1,2345,-1,-1,-1,2324,-1,1970,-1,-1,1146,1109,1093,0,0,0,0,1,0,0,0,1,0,1,1,1,1,1,1
2026-07-03T19:54:36.269,tof2,4x4,empty,2985,3250,-1,3326,2108,1983,2177,3507,1561,1744,-1,-1,1082,1094,1101,1044,1,1,0,1,1,1,1,1,1,1,1,0,1,1,1,1
2026-07-03T19:54:36.389,tof1,4x4,empty,-1,-1,-1,-1,2331,-1,-1,-1,2317,-1,1965,-1,1097,1146,1130,1073,0,0,0,0,1,0,0,0,1,0,1,0,1,1,1,1
2026-07-03T19:54:36.426,tof2,4x4,empty,2961,3250,-1,3325,2103,1983,2173,3494,1561,1742,1569,-1,1082,-1,1098,1044,1,1,1,1,1,1,1,1,1,1,1,0,1,1,1,1
2026-07-03T19:54:36.543,tof1,4x4,empty,-1,-1,-1,-1,2345,-1,-1,-1,2307,-1,1970,1990,1097,1146,1130,1073,0,0,0,0,1,0,0,1,1,0,1,1,1,1,1,1
2026-07-03T19:54:36.603,tof2,4x4,empty,-1,3252,-1,3319,2103,2110,2160,3507,1561,1742,1569,-1,1082,1091,1097,1046,1,1,0,1,1,1,1,1,1,1,1,0,1,1,1,1
2026-07-03T19:54:36.722,tof1,4x4,empty,-1,-1,-1,-1,2309,-1,-1,-1,2302,1977,1965,-1,-1,1154,1139,1067,0,0,0,0,1,0,0,0,1,1,1,0,1,1,1,1
2026-07-03T19:54:36.782,tof2,4x4,empty,2961,3252,-1,3310,-1,2132,2156,3507,-1,-1,-1,-1,1077,1091,1097,1051,1,1,1,1,1,1,1,1,1,1,1,0,1,1,1,1
2026-07-03T19:54:36.891,tof1,4x4,empty,-1,-1,-1,-1,2309,-1,-1,-1,2286,-1,1965,-1,-1,1154,-1,1073,0,0,0,0,1,0,0,0,1,0,1,1,1,1,1,1
2026-07-03T19:54:36.942,tof2,4x4,empty,2963,3261,-1,3310,2099,2156,2154,3494,-1,1713,1569,-1,1077,1092,1098,1049,1,1,1,1,1,1,1,1,1,1,1,0,1,1,1,1
2026-07-03T19:54:37.046,tof1,4x4,empty,-1,-1,-1,-1,2309,-1,-1,-1,2274,-1,1975,-1,1097,-1,1139,-1,1,0,0,0,1,0,0,0,1,0,1,0,1,1,1,1
2026-07-03T19:54:37.104,tof2,4x4,empty,2977,3261,-1,3310,2099,2132,2154,3493,1463,1711,-1,-1,1074,1091,-1,1049,1,1,0,1,1,1,1,1,1,1,1,0,1,1,1,1
2026-07-03T19:54:37.206,tof1,4x4,empty,-1,-1,-1,-1,2309,-1,-1,-1,2253,-1,1985,1988,-1,-1,1141,1067,0,0,0,0,1,0,0,0,1,1,1,1,0,1,1,1
2026-07-03T19:54:37.307,tof2,4x4,empty,2977,3261,3304,3319,2108,2132,2160,3486,1459,1711,-1,-1,1074,1089,-1,1048,1,1,1,1,1,1,1,1,1,1,1,0,1,1,1,1
2026-07-03T19:54:37.366,tof1,4x4,empty,-1,-1,-1,-1,2236,-1,-1,-1,2205,-1,1982,1975,-1,1133,1146,-1,0,0,0,0,1,0,0,0,1,0,1,1,1,1,1,1
2026-07-03T19:54:37.474,tof2,4x4,empty,3015,3265,-1,3310,2126,2047,2166,3486,1459,1711,1634,-1,1074,1092,-1,1048,1,1,0,1,1,1,1,1,1,1,1,0,1,1,1,1
2026-07-03T19:54:37.528,tof1,4x4,empty,-1,-1,-1,-1,2226,-1,-1,-1,2171,-1,1989,-1,1139,1133,1154,1040,1,0,0,0,1,0,0,0,1,1,1,1,1,1,1,1
2026-07-03T19:54:37.638,tof2,4x4,empty,2977,3261,-1,3322,2150,2030,-1,3486,-1,1713,1569,-1,1072,1097,1102,1048,1,1,1,1,1,1,0,1,1,1,1,0,1,1,1,1
2026-07-03T19:54:37.938,tof1,4x4,empty,-1,-1,-1,-1,2165,-1,-1,-1,2136,-1,1989,1975,1139,1133,-1,1067,0,0,0,0,1,0,0,0,1,1,1,1,1,1,1,1
2026-07-03T19:54:37.943,tof2,4x4,empty,2977,3258,-1,3320,2150,2030,2184,3486,1528,1553,1538,-1,-1,1101,1103,1048,1,1,1,1,1,1,1,1,1,1,1,0,1,1,1,1
2026-07-03T19:54:38.181,tof1,4x4,empty,-1,-1,-1,-1,2165,-1,-1,-1,2127,1977,1989,-1,2063,-1,-1,1074,0,0,0,0,1,0,0,0,1,1,1,0,1,1,1,1
2026-07-03T19:54:38.230,tof2,4x4,empty,3005,3250,3304,3320,-1,2030,2184,3486,-1,1717,1488,-1,1072,1101,-1,1048,1,1,1,1,1,1,1,1,1,1,1,0,1,1,1,1
2026-07-03T19:54:38.342,tof1,4x4,empty,-1,-1,-1,-1,2150,-1,-1,-1,2107,-1,1982,1990,-1,1133,1146,1074,1,0,0,0,1,0,0,0,1,0,1,1,1,1,1,1
2026-07-03T19:54:38.394,tof2,4x4,empty,2991,3248,-1,3320,2153,-1,2166,3486,1469,-1,1538,-1,1076,1101,1103,1049,1,1,1,1,1,1,1,1,1,1,1,0,1,1,1,1
2026-07-03T19:54:38.505,tof1,4x4,empty,-1,-1,-1,-1,2143,-1,-1,-1,2107,1977,1989,-1,-1,1133,-1,1091,1,0,0,0,1,0,0,0,1,1,1,1,0,1,1,1
2026-07-03T19:54:38.575,tof2,4x4,empty,2991,3248,3304,3320,2153,2030,2166,3486,-1,1565,1488,-1,1085,-1,-1,1049,1,1,1,1,1,1,1,1,1,1,1,0,1,1,1,1
2026-07-03T19:54:38.663,tof1,4x4,empty,-1,-1,-1,-1,2143,-1,-1,-1,2084,-1,1989,2006,2063,1133,1146,1091,0,0,0,0,1,0,0,0,1,0,1,1,1,1,1,1
2026-07-03T19:54:38.739,tof2,4x4,empty,2991,3250,3293,3319,2158,2111,2178,3486,1482,1724,1488,-1,1085,1092,-1,1049,1,1,1,1,1,1,1,1,1,1,1,0,1,1,1,1
2026-07-03T19:54:38.816,tof1,4x4,empty,-1,-1,-1,-1,2143,-1,-1,-1,2101,-1,1982,-1,2063,-1,-1,1091,0,0,0,0,1,0,0,0,1,1,1,0,1,1,1,1
2026-07-03T19:54:38.898,tof2,4x4,empty,2991,3263,-1,3317,2135,-1,2178,3495,1482,1698,1546,-1,1085,1090,1103,1049,1,1,0,1,1,1,1,1,1,1,1,0,1,1,1,1
2026-07-03T19:54:38.966,tof1,4x4,empty,-1,-1,-1,-1,2143,-1,-1,-1,2085,1987,1989,-1,2040,1132,1146,1051,0,0,0,0,1,0,0,0,1,1,1,0,1,1,1,1
2026-07-03T19:54:39.052,tof2,4x4,empty,2991,3265,-1,3317,2131,-1,2179,3506,1482,1724,1546,-1,1084,1087,1103,1049,1,1,0,1,1,1,1,1,1,1,1,0,1,1,1,1
2026-07-03T19:54:39.134,tof1,4x4,empty,-1,-1,-1,-1,2147,-1,-1,-1,2101,-1,1989,-1,1076,-1,1154,1051,0,0,0,0,1,0,0,0,1,0,1,0,1,1,1,1
2026-07-03T19:54:39.214,tof2,4x4,empty,2978,3265,-1,3317,2121,2149,2179,3518,-1,1706,1546,-1,1075,1087,1103,1049,1,1,0,1,1,1,1,1,1,1,1,1,1,1,1,1
2026-07-03T19:54:39.282,tof1,4x4,empty,-1,-1,-1,-1,2147,-1,-1,-1,2085,-1,1982,-1,1076,1119,1173,1051,0,0,0,0,1,0,0,0,1,0,1,0,1,1,1,1
2026-07-03T19:54:39.366,tof2,4x4,empty,-1,3263,3293,3318,2121,-1,2179,3518,-1,1706,1546,-1,1075,1082,1100,1049,1,1,1,1,1,1,1,1,1,1,1,0,1,1,1,1
2026-07-03T19:54:39.441,tof1,4x4,empty,-1,-1,-1,-1,2147,-1,-1,-1,2094,-1,1982,-1,1064,-1,1173,1051,0,0,0,0,1,0,0,0,1,0,1,0,1,1,1,1
2026-07-03T19:54:39.511,tof2,4x4,empty,2978,3261,-1,3318,2121,-1,2179,3518,1482,1706,1532,-1,1075,1087,1101,1048,1,1,1,1,1,1,1,1,1,1,1,0,1,1,1,1
2026-07-03T19:54:39.604,tof1,4x4,empty,3364,-1,-1,-1,2138,-1,-1,-1,2094,-1,1986,-1,1076,1132,1173,1054,1,0,0,0,1,0,0,0,1,1,1,0,1,1,1,1
2026-07-03T19:54:39.672,tof2,4x4,empty,2978,3261,-1,3323,-1,2111,2169,3480,1583,1737,-1,-1,1075,-1,1100,1047,1,1,0,1,0,1,1,1,1,1,1,1,1,1,1,1
2026-07-03T19:54:39.774,tof1,4x4,empty,-1,-1,-1,-1,2129,-1,-1,-1,2095,-1,1975,-1,-1,-1,1146,-1,0,0,0,0,1,0,0,0,1,1,1,1,1,1,1,1
2026-07-03T19:54:39.845,tof2,4x4,empty,2978,3247,-1,3325,2124,-1,2169,3472,-1,-1,1532,-1,1075,1087,1099,1047,1,1,1,1,1,1,1,1,1,1,1,0,1,1,1,1
2026-07-03T19:54:39.923,tof1,4x4,empty,-1,-1,-1,-1,2129,-1,-1,-1,2095,-1,1986,-1,1146,1132,-1,1067,0,0,0,0,1,0,0,0,1,0,1,0,1,1,1,1
2026-07-03T19:54:40.002,tof2,4x4,empty,2987,3247,-1,3328,2124,2146,2176,3457,-1,1706,1587,-1,1075,1096,1099,1047,1,1,0,1,1,1,1,1,1,1,1,1,1,1,1,1
2026-07-03T19:54:40.079,tof1,4x4,empty,-1,-1,-1,-1,2129,-1,-1,-1,2098,1987,1986,2010,1146,1129,-1,1067,0,0,0,0,1,0,0,0,1,1,1,1,1,1,1,1
2026-07-03T19:54:40.171,tof2,4x4,empty,2987,3253,-1,3328,2124,2146,2191,3458,-1,1722,1506,-1,1075,1098,1099,1050,1,1,0,1,1,1,1,1,1,1,1,0,1,1,1,1
2026-07-03T19:54:40.227,tof1,4x4,empty,-1,-1,-1,-1,2120,-1,-1,-1,2106,-1,1986,-1,1064,1127,-1,1067,0,0,0,0,1,0,0,0,1,0,1,0,1,1,1,1
2026-07-03T19:54:40.319,tof2,4x4,empty,-1,3253,3293,3343,2124,-1,2191,3458,1583,1722,1505,-1,-1,1098,1097,1052,0,1,1,1,1,1,1,1,1,1,1,0,1,1,1,1
2026-07-03T19:54:40.418,tof1,4x4,empty,3263,-1,-1,-1,2120,-1,-1,-1,2098,1987,1981,-1,1095,1129,1146,1071,1,0,0,0,1,0,0,0,1,1,1,0,1,1,1,1
2026-07-03T19:54:40.487,tof2,4x4,empty,2987,3251,3304,3328,2121,2146,2191,3458,-1,1722,1587,-1,1075,1096,1097,1052,1,1,1,1,1,1,1,1,1,1,1,1,1,1,1,1
2026-07-03T19:54:40.598,tof1,4x4,empty,-1,-1,-1,-1,2129,-1,-1,-1,2105,-1,1981,-1,1052,1129,1109,-1,0,0,0,0,1,0,0,0,1,0,1,0,1,1,1,1
2026-07-03T19:54:40.675,tof2,4x4,empty,2996,3251,-1,3328,2109,2145,2197,3501,1583,1704,-1,-1,1071,1096,1098,1050,1,1,1,1,1,1,1,1,1,1,1,0,1,1,1,1
2026-07-03T19:54:40.751,tof1,4x4,empty,-1,-1,-1,-1,2120,-1,-1,-1,2105,-1,1981,2010,1052,1154,1136,1076,0,0,0,0,1,0,0,0,1,0,1,1,1,1,1,1
2026-07-03T19:54:40.823,tof2,4x4,empty,-1,3251,3309,3321,2109,2145,2197,3501,-1,1722,1605,-1,-1,1098,1098,1048,1,1,1,1,1,1,1,1,1,1,1,0,1,1,1,1
2026-07-03T19:54:40.903,tof1,4x4,empty,-1,-1,-1,-1,2120,-1,-1,-1,2105,-1,1998,2006,1081,1154,1136,1076,0,1,0,0,1,0,0,0,1,0,1,1,1,1,1,1
2026-07-03T19:54:40.982,tof2,4x4,empty,2996,3251,3312,3321,2120,2104,2197,3516,-1,1704,-1,-1,1074,1091,1100,1045,1,1,1,1,1,1,1,1,1,1,1,0,1,1,1,1
2026-07-03T19:54:41.057,tof1,4x4,empty,-1,-1,-1,-1,2129,-1,-1,-1,2105,-1,1981,1998,1081,1154,-1,1071,1,0,0,0,1,0,1,0,1,0,1,1,1,1,1,1
2026-07-03T19:54:41.137,tof2,4x4,empty,2996,3264,-1,3321,2120,2104,2179,3516,-1,1694,-1,-1,1074,1091,1100,1045,1,1,1,1,1,1,1,1,1,1,1,0,1,1,1,1
2026-07-03T19:54:41.204,tof1,4x4,empty,-1,-1,-1,-1,2108,-1,-1,-1,2105,-1,1997,1982,-1,-1,1109,-1,0,0,0,0,1,0,0,0,1,1,1,1,1,1,1,1
2026-07-03T19:54:41.305,tof2,4x4,empty,-1,3264,-1,3318,-1,2127,2179,3516,-1,1694,1537,-1,1076,1095,1103,1046,1,1,1,1,1,1,1,1,1,1,1,1,1,1,1,1
2026-07-03T19:54:41.380,tof1,4x4,empty,-1,-1,-1,-1,2108,-1,-1,-1,2088,1987,1998,-1,1081,1147,-1,1056,0,0,0,0,1,0,0,0,1,1,1,1,1,1,1,1
2026-07-03T19:54:41.452,tof2,4x4,empty,2996,3264,3312,3310,-1,2127,-1,3507,1504,1723,-1,-1,1076,1094,-1,1046,1,1,1,1,1,1,0,1,1,1,1,0,1,1,1,1
2026-07-03T19:54:41.547,tof1,4x4,empty,-1,-1,-1,-1,2108,-1,-1,-1,2095,-1,1997,-1,2025,1120,1107,-1,0,1,0,0,1,0,0,0,1,0,1,1,1,1,1,1
2026-07-03T19:54:41.619,tof2,4x4,empty,-1,3262,-1,3310,2136,2127,2172,3507,-1,1723,-1,-1,1080,1091,-1,1046,1,1,0,1,1,1,1,1,1,1,1,0,1,1,1,1
2026-07-03T19:54:41.714,tof1,4x4,empty,-1,-1,-1,-1,2119,-1,-1,-1,2095,2032,1986,-1,2034,-1,1107,-1,0,0,0,0,1,0,0,0,1,1,1,0,1,1,1,1
2026-07-03T19:54:41.783,tof2,4x4,empty,2992,3255,-1,3307,2136,2127,2172,3507,1504,1745,1605,-1,1080,1094,-1,1046,1,1,1,1,1,1,1,1,1,1,1,0,1,1,1,1
2026-07-03T19:54:41.895,tof1,4x4,empty,-1,-1,-1,-1,2119,-1,-1,-1,2095,-1,1990,-1,2034,1120,1092,-1,0,0,0,0,1,0,0,0,1,1,1,1,1,1,1,1
2026-07-03T19:54:41.929,tof2,4x4,empty,2992,3255,-1,3303,2129,2127,2172,3497,-1,1745,1605,-1,1081,1094,1103,1042,1,1,0,1,1,1,1,1,1,1,1,0,1,1,1,1
2026-07-03T19:54:42.047,tof1,4x4,empty,-1,-1,-1,-1,2153,-1,-1,-1,2095,-1,1986,-1,2034,-1,1092,1056,0,0,0,1,1,0,0,0,1,1,1,1,1,1,1,1
2026-07-03T19:54:42.080,tof2,4x4,empty,3049,3255,-1,3303,2136,2127,-1,3496,1504,1732,-1,-1,1082,1094,1103,1042,1,1,1,1,1,1,1,1,1,1,1,0,1,1,1,1
2026-07-03T19:54:42.211,tof1,4x4,empty,-1,-1,-1,-1,2171,-1,-1,-1,2103,-1,1985,1982,1172,1120,1107,-1,0,0,0,0,1,0,0,0,1,0,1,1,1,1,1,1
2026-07-03T19:54:42.244,tof2,4x4,empty,3001,3251,3316,3307,2139,2131,2166,3475,1504,1732,1598,-1,1082,1092,1108,1042,1,1,1,1,1,1,1,1,1,1,1,0,1,1,1,1
2026-07-03T19:54:42.364,tof1,4x4,empty,-1,-1,-1,-1,2171,-1,-1,-1,2105,2032,1986,1959,1172,1135,1117,1054,0,0,0,0,1,0,0,0,1,1,1,1,1,1,1,1
2026-07-03T19:54:42.415,tof2,4x4,empty,3001,3251,3319,3316,2132,2142,2147,3497,1504,1731,1546,-1,1082,1094,1108,1042,1,1,1,1,1,1,1,1,1,1,1,0,1,1,1,1
2026-07-03T19:54:42.544,tof1,4x4,empty,-1,-1,-1,-1,2227,-1,-1,-1,-1,-1,1978,1913,-1,1141,1118,-1,0,0,0,0,1,0,0,0,1,0,1,1,1,1,1,1
2026-07-03T19:54:42.593,tof2,4x4,empty,3040,3253,3316,3337,2143,2131,-1,3497,-1,1696,-1,-1,1085,1092,1100,1042,1,1,1,1,1,1,0,1,1,1,1,0,1,1,1,1
2026-07-03T19:54:42.696,tof1,4x4,empty,-1,-1,-1,-1,2254,-1,-1,-1,-1,-1,1978,-1,1172,1153,1125,1056,0,0,0,0,1,0,0,0,1,1,1,0,1,1,1,1
2026-07-03T19:54:42.797,tof2,4x4,empty,3007,3251,-1,3337,-1,2131,2147,3475,1497,1731,1598,-1,1085,1092,1100,1043,1,1,1,1,0,1,1,1,1,1,1,0,1,1,1,1
2026-07-03T19:54:42.868,tof1,4x4,empty,-1,-1,-1,-1,-1,-1,-1,-1,2179,-1,1989,-1,2179,1153,-1,1062,0,0,0,0,0,0,0,0,1,0,1,1,1,1,1,1
2026-07-03T19:54:42.959,tof2,4x4,empty,3006,3249,-1,3337,2143,-1,2134,3500,1477,1696,1598,-1,1074,1092,1100,1043,1,1,0,1,1,0,1,1,1,1,1,0,1,1,1,1
2026-07-03T19:54:43.029,tof1,4x4,empty,-1,-1,-1,-1,-1,-1,-1,-1,2186,2032,1989,1913,-1,1153,1125,-1,0,0,0,0,0,0,0,0,1,1,1,1,0,1,1,1
2026-07-03T19:54:43.127,tof2,4x4,empty,3007,3249,-1,3332,2132,-1,2147,3500,-1,1672,-1,-1,-1,-1,1100,1041,1,1,0,1,1,1,1,1,1,1,1,0,1,1,1,1
2026-07-03T19:54:43.216,tof1,4x4,empty,-1,-1,-1,-1,2282,-1,-1,-1,2287,-1,1980,-1,2288,1149,1135,1070,1,0,0,0,1,0,0,0,1,0,1,0,1,1,1,1
2026-07-03T19:54:43.275,tof2,4x4,empty,3031,3249,3319,3324,2113,-1,2182,3498,1466,1696,1598,-1,1074,1092,1099,1045,1,1,1,1,1,0,1,1,1,1,1,1,1,1,1,1
2026-07-03T19:54:43.368,tof1,4x4,empty,-1,-1,-1,-1,-1,-1,-1,-1,2318,-1,1985,-1,2289,1143,1135,1070,1,0,0,0,0,0,0,0,1,0,1,1,1,1,1,1
2026-07-03T19:54:43.435,tof2,4x4,empty,3007,3249,-1,3324,2113,-1,2188,-1,-1,-1,1546,-1,1074,1092,1103,1045,1,1,0,1,1,0,1,1,1,1,1,0,1,1,1,1
2026-07-03T19:54:43.523,tof1,4x4,empty,-1,-1,-1,-1,-1,-1,-1,-1,2324,-1,1985,-1,-1,1143,1135,1070,0,0,0,0,0,0,0,0,1,0,1,0,1,1,1,1
2026-07-03T19:54:43.586,tof2,4x4,empty,3023,3252,-1,3326,2113,-1,-1,3489,1475,1731,-1,-1,-1,1092,1103,1045,1,1,0,1,1,0,0,1,1,1,1,0,1,1,1,1
2026-07-03T19:54:43.673,tof1,4x4,empty,-1,-1,-1,-1,2326,-1,-1,-1,2334,-1,1985,-1,2374,1143,1125,1070,0,0,0,0,1,0,0,0,1,0,1,0,1,1,1,1
2026-07-03T19:54:43.776,tof2,4x4,empty,-1,3253,-1,3324,2109,-1,-1,3493,1462,1706,1514,-1,1073,1092,1100,1045,1,1,0,1,1,0,0,1,1,1,1,0,1,1,1,1
2026-07-03T19:54:43.837,tof1,4x4,empty,-1,-1,-1,-1,-1,-1,-1,-1,2334,-1,1985,1930,-1,-1,1107,1059,0,0,0,0,0,0,0,0,1,0,1,1,0,1,1,1
2026-07-03T19:54:43.938,tof2,4x4,empty,3031,3258,3320,3317,2110,-1,2188,3493,1462,1706,1513,-1,1074,-1,1094,1045,1,1,1,1,1,0,1,1,1,1,1,0,1,1,1,1
2026-07-03T19:54:44.036,tof1,4x4,empty,-1,-1,-1,-1,2382,-1,-1,-1,2344,-1,1985,-1,2298,-1,-1,1059,0,0,0,0,1,0,0,0,1,1,1,0,1,1,1,1
2026-07-03T19:54:44.103,tof2,4x4,empty,3023,3258,-1,3317,2125,-1,2188,3498,-1,1706,1513,-1,1074,1092,1098,1043,1,1,0,1,1,0,1,1,1,1,1,0,1,1,1,1
2026-07-03T19:54:44.182,tof1,4x4,empty,-1,-1,-1,-1,-1,-1,-1,-1,2344,-1,1981,-1,-1,1130,1101,1070,0,0,0,1,0,0,0,0,1,1,1,0,1,1,1,1
2026-07-03T19:54:44.257,tof2,4x4,empty,-1,3253,-1,3317,2138,-1,2188,3493,1469,1706,1513,-1,1073,1095,1098,1052,0,1,0,1,1,0,1,1,1,1,1,0,1,1,1,1
2026-07-03T19:54:44.331,tof1,4x4,empty,-1,-1,-1,-1,-1,-1,-1,-1,2334,-1,1981,-1,2361,1116,-1,1059,0,0,1,0,1,0,0,0,1,0,1,1,1,1,1,1
2026-07-03T19:54:44.447,tof2,4x4,empty,2991,3253,-1,3317,2152,-1,-1,3500,-1,1706,-1,-1,1074,1095,1098,1047,1,1,0,1,1,0,0,1,1,1,1,0,1,1,1,1
2026-07-03T19:54:44.493,tof1,4x4,empty,-1,-1,-1,-1,2382,-1,-1,-1,2319,2032,1981,-1,-1,1130,-1,1077,0,0,0,0,1,0,0,0,1,1,1,0,1,1,1,1
2026-07-03T19:54:44.609,tof2,4x4,empty,2990,3257,-1,3316,2155,-1,2191,3500,1475,1683,1514,-1,1074,1083,1094,1047,1,1,0,1,1,0,1,1,1,1,1,0,1,1,1,1
2026-07-03T19:54:44.663,tof1,4x4,empty,-1,-1,-1,-1,2382,-1,-1,-1,2317,-1,1981,-1,2361,1130,1101,1088,0,0,0,0,1,0,0,0,1,1,1,1,1,1,1,1
2026-07-03T19:54:44.776,tof2,4x4,empty,2989,3255,-1,3332,2155,-1,2120,3493,1481,1722,1529,-1,1077,1095,-1,1050,1,1,1,1,1,0,1,1,1,1,1,0,1,1,1,1
2026-07-03T19:54:44.826,tof1,4x4,empty,-1,-1,-1,-1,2382,-1,-1,-1,2310,-1,1976,-1,2298,1139,1101,-1,0,0,0,0,1,0,0,0,1,0,1,1,1,1,1,1
2026-07-03T19:54:44.947,tof2,4x4,empty,2989,3257,-1,3355,2153,2131,2191,3488,1481,1722,1561,-1,1073,1091,1098,1051,1,1,0,1,1,1,1,1,1,1,1,0,1,1,1,1
2026-07-03T19:54:45.000,tof1,4x4,empty,-1,-1,-1,-1,2382,-1,-1,-1,2309,2032,1989,1930,1131,-1,1101,-1,0,0,0,0,1,0,0,0,1,1,1,1,1,1,1,1
2026-07-03T19:54:45.101,tof2,4x4,empty,2989,3258,-1,3332,2153,-1,-1,3488,-1,1712,1550,-1,1072,1087,-1,1050,1,1,0,1,1,0,1,1,1,1,1,0,1,1,1,1
2026-07-03T19:54:45.173,tof1,4x4,empty,-1,-1,-1,-1,2344,-1,-1,-1,2303,2006,1976,1943,1131,1139,1119,-1,0,0,0,0,1,0,0,0,1,1,1,1,1,1,1,1
2026-07-03T19:54:45.276,tof2,4x4,empty,-1,3258,-1,3316,2117,2116,2191,3488,1481,1706,1585,-1,1072,-1,1103,1050,1,1,0,1,1,1,1,1,1,1,1,0,1,1,1,1
2026-07-03T19:54:45.339,tof1,4x4,empty,3263,-1,-1,-1,-1,-1,-1,-1,2302,2006,1976,-1,1131,1141,1119,1089,1,0,0,0,1,0,0,0,1,1,1,0,1,1,1,1
2026-07-03T19:54:45.439,tof2,4x4,empty,2996,3258,-1,3332,2116,-1,2199,3488,-1,1706,1550,-1,1073,1091,1103,1048,1,1,1,1,1,1,1,1,1,1,1,0,1,1,1,1
2026-07-03T19:54:45.498,tof1,4x4,empty,-1,-1,-1,-1,-1,-1,-1,-1,2303,2029,1986,-1,1131,1152,1087,1077,0,0,0,0,0,0,0,0,1,1,1,0,1,1,1,1
2026-07-03T19:54:45.590,tof2,4x4,empty,2999,3263,-1,3316,2101,2116,2212,3462,-1,1706,1550,-1,1073,1091,1103,1047,1,1,0,1,1,1,1,1,1,1,1,0,1,1,1,1
2026-07-03T19:54:45.648,tof1,4x4,empty,-1,-1,-1,-1,2345,-1,-1,-1,2309,-1,1989,-1,1192,-1,1087,1082,0,0,0,0,1,0,0,0,1,1,1,0,1,1,1,1
2026-07-03T19:54:45.747,tof2,4x4,empty,3017,3270,3324,3315,2101,2116,2212,3456,-1,1712,1550,-1,1075,1091,1104,1047,1,1,1,1,1,1,1,1,1,1,1,0,1,1,1,1
2026-07-03T19:54:45.809,tof1,4x4,empty,-1,-1,-1,-1,2345,-1,-1,-1,2310,-1,1986,1993,-1,1143,1107,1089,0,0,0,0,1,0,0,0,1,0,1,1,1,1,1,1
2026-07-03T19:54:45.912,tof2,4x4,empty,3027,3270,-1,3308,2101,2135,2194,3488,-1,1712,-1,-1,1077,1092,1104,1047,1,1,1,1,1,1,1,1,1,1,1,0,1,1,1,1
2026-07-03T19:54:45.963,tof1,4x4,empty,-1,-1,-1,-1,-1,-1,-1,-1,2312,-1,1986,-1,2293,1143,1107,1082,0,0,0,0,0,0,0,0,1,0,1,0,1,1,1,1
2026-07-03T19:54:46.071,tof2,4x4,empty,3034,3263,-1,3304,2101,2116,2194,3488,-1,1712,1513,-1,1075,-1,-1,1048,1,1,1,1,1,1,1,1,1,1,1,0,1,1,1,1
2026-07-03T19:54:46.119,tof1,4x4,empty,-1,-1,-1,-1,2345,-1,-1,-1,2312,-1,1986,-1,-1,1152,-1,1077,1,0,0,0,1,0,0,0,1,0,1,0,0,1,1,1
2026-07-03T19:54:46.230,tof2,4x4,empty,3041,3263,-1,3304,2099,2135,2194,3456,1481,1712,-1,-1,1077,-1,1102,1050,1,1,0,1,1,1,1,1,1,1,1,0,1,1,1,1
2026-07-03T19:54:46.276,tof1,4x4,empty,-1,-1,-1,-1,-1,-1,-1,-1,2310,-1,1995,1993,2293,1152,1112,1076,0,0,0,1,0,0,0,0,1,1,1,1,1,1,1,1
2026-07-03T19:54:46.382,tof2,4x4,empty,3041,3263,-1,3298,2099,2062,2176,3456,-1,1712,1513,-1,1076,1094,1102,1052,1,1,1,1,1,1,1,1,1,1,1,0,1,1,1,1
2026-07-03T19:54:46.430,tof1,4x4,empty,-1,-1,-1,-1,2344,-1,-1,-1,2290,-1,1986,1993,1102,-1,1112,1076,0,0,0,0,1,0,0,0,1,0,1,1,1,1,1,1
2026-07-03T19:54:46.541,tof2,4x4,empty,3034,3257,-1,3306,2099,1983,2176,3500,1482,1712,1513,-1,1076,-1,1097,1052,1,1,0,1,1,1,1,1,1,1,1,0,1,1,1,1
2026-07-03T19:54:46.611,tof1,4x4,empty,-1,-1,-1,-1,2345,-1,-1,-1,2278,2018,1983,-1,2309,1143,1108,1063,0,0,0,0,1,0,0,0,1,1,1,1,1,1,1,1
2026-07-03T19:54:46.729,tof2,4x4,empty,3018,3263,-1,3291,2100,1983,2176,3500,1482,1731,1514,-1,1076,1094,-1,1052,1,1,0,1,1,1,1,1,1,1,1,0,1,1,1,1
2026-07-03T19:54:46.784,tof1,4x4,empty,-1,-1,-1,-1,2351,-1,-1,-1,2275,-1,1992,-1,2309,1136,1134,1076,0,0,0,0,1,0,0,0,1,0,1,0,1,1,1,1
2026-07-03T19:54:46.892,tof2,4x4,empty,3018,3257,-1,3306,2099,2139,2173,3476,-1,1731,-1,-1,1076,1094,-1,1052,1,1,0,1,1,1,1,1,1,1,1,0,1,1,1,1
2026-07-03T19:54:46.946,tof1,4x4,empty,-1,-1,-1,-1,2351,-1,-1,-1,2275,-1,1987,-1,-1,-1,1120,1063,0,0,0,1,1,0,0,0,1,0,1,0,0,1,1,1
2026-07-03T19:54:47.051,tof2,4x4,empty,2987,3260,-1,3306,2100,-1,2173,3476,-1,-1,-1,-1,1076,1094,1097,1049,1,1,0,1,1,1,1,1,1,1,1,0,1,1,1,1
2026-07-03T19:54:47.114,tof1,4x4,empty,-1,-1,-1,-1,2351,-1,-1,-1,2275,2018,1987,1986,-1,1136,-1,1059,1,0,0,0,1,0,0,0,1,1,1,1,0,1,1,1
2026-07-03T19:54:47.215,tof2,4x4,empty,2987,3260,3320,3310,2100,-1,2173,3514,-1,1731,-1,-1,1079,1094,1097,1046,1,1,1,1,1,1,1,1,1,1,1,1,1,1,1,1
2026-07-03T19:54:47.269,tof1,4x4,empty,-1,-1,-1,-1,-1,-1,-1,-1,2281,-1,1987,-1,1102,1136,1120,1052,0,0,0,0,1,0,0,0,1,0,1,1,1,1,1,1
2026-07-03T19:54:47.365,tof2,4x4,empty,-1,3260,-1,3322,2129,2132,2192,3511,1482,-1,1514,-1,1083,1094,1095,1045,0,1,0,1,1,1,1,1,1,1,1,0,1,1,1,1
2026-07-03T19:54:47.426,tof1,4x4,empty,-1,-1,-1,-1,-1,-1,-1,-1,2285,2018,1987,-1,1137,-1,1120,1052,0,0,0,0,1,0,0,0,1,1,1,1,1,1,1,1
2026-07-03T19:54:47.517,tof2,4x4,empty,2991,3260,-1,3322,2129,2132,2192,3511,1500,1736,1544,-1,1083,1092,1095,1045,1,1,1,1,1,1,1,1,1,1,1,0,1,1,1,1
2026-07-03T19:54:47.589,tof1,4x4,empty,-1,-1,-1,-1,2351,-1,-1,-1,2285,-1,1970,-1,2315,-1,-1,1046,0,0,0,0,1,0,0,0,1,0,1,1,1,1,1,1
2026-07-03T19:54:47.669,tof2,4x4,empty,2991,3260,-1,3325,2129,2132,-1,3511,-1,1727,1514,-1,1083,1095,-1,1045,1,1,1,1,1,1,1,1,1,1,1,0,1,1,1,1
2026-07-03T19:54:47.752,tof1,4x4,empty,-1,-1,-1,-1,2320,-1,-1,-1,2281,2018,1970,-1,1137,1136,-1,1046,0,0,0,0,1,0,0,0,1,1,1,0,1,1,1,1
2026-07-03T19:54:47.830,tof2,4x4,empty,2991,3258,3320,3322,2129,2118,2192,3525,1500,-1,-1,-1,1083,1095,1097,1045,1,1,1,1,1,1,1,1,1,1,1,0,1,1,1,1
2026-07-03T19:54:47.899,tof1,4x4,empty,-1,-1,-1,-1,2313,-1,-1,-1,2279,2004,1970,-1,1137,-1,1120,1046,0,0,0,0,1,0,0,0,1,1,1,1,1,1,1,1
2026-07-03T19:54:47.990,tof2,4x4,empty,2999,3258,-1,3314,2133,2081,2176,3511,-1,1727,1544,-1,1083,1090,1098,1054,1,1,1,1,1,1,1,1,1,1,1,0,1,1,1,1
2026-07-03T19:54:48.062,tof1,4x4,empty,-1,-1,-1,-1,2320,-1,-1,-1,2279,-1,1970,-1,2323,1173,1120,-1,0,0,0,0,1,0,0,0,1,0,1,1,1,1,1,1
2026-07-03T19:54:48.144,tof2,4x4,empty,3012,3261,-1,3314,2150,2057,2189,3525,1528,1717,-1,-1,1080,1089,1098,1054,1,1,0,1,1,1,1,1,1,1,1,1,1,1,1,1
2026-07-03T19:54:48.208,tof1,4x4,empty,-1,-1,-1,-1,2320,-1,-1,-1,2279,-1,1980,-1,-1,1173,1156,1046,0,0,0,0,1,0,0,0,1,0,1,0,1,1,1,1
2026-07-03T19:54:48.307,tof2,4x4,empty,2999,3261,3324,3319,-1,2081,2189,3503,1538,1717,1597,-1,1080,1089,-1,1050,1,1,1,1,0,1,1,1,1,1,1,0,1,1,1,1
2026-07-03T19:54:48.381,tof1,4x4,empty,-1,-1,-1,-1,2313,-1,-1,-1,2281,-1,1980,-1,2358,-1,1128,1046,0,0,0,0,1,0,0,0,1,0,1,0,1,1,1,1
2026-07-03T19:54:48.456,tof2,4x4,empty,3011,3261,-1,3314,-1,2118,-1,3503,1538,1717,1544,-1,1079,1089,1099,1050,1,1,1,1,1,1,1,1,1,1,1,0,1,1,1,1
2026-07-03T19:54:48.548,tof1,4x4,empty,-1,-1,-1,-1,2330,-1,-1,-1,2290,-1,1996,1971,-1,1173,-1,1046,0,0,0,0,1,0,0,0,1,0,1,1,1,1,1,1
2026-07-03T19:54:48.616,tof2,4x4,empty,-1,3261,3311,3318,2133,2153,2187,3503,-1,1760,1540,-1,1079,1090,1099,1046,1,1,1,1,1,1,1,1,1,1,1,0,1,1,1,1
2026-07-03T19:54:48.704,tof1,4x4,empty,-1,-1,-1,-1,2330,-1,-1,-1,2290,-1,1969,-1,-1,1153,-1,1082,0,0,0,0,1,0,0,0,1,0,1,0,0,1,1,1
2026-07-03T19:54:48.785,tof2,4x4,empty,2999,3260,-1,3319,2133,2153,2189,-1,1538,1717,-1,-1,-1,1090,1099,1043,1,1,1,1,1,1,1,1,1,1,1,1,1,1,1,1
2026-07-03T19:54:48.863,tof1,4x4,empty,-1,-1,-1,-1,2324,-1,-1,-1,2293,-1,1987,-1,2323,1146,-1,1082,0,0,0,0,1,0,0,0,1,0,1,0,1,1,1,1
2026-07-03T19:54:48.968,tof2,4x4,empty,3011,3260,-1,3318,2129,2153,-1,3484,1496,1678,1540,-1,1079,1091,1099,1043,1,1,0,1,1,1,0,1,1,1,1,0,1,1,1,1
2026-07-03T19:54:49.025,tof1,4x4,empty,-1,-1,-1,-1,2324,-1,-1,-1,2293,1987,1970,-1,-1,1145,1128,1053,0,0,0,0,1,0,0,0,1,1,1,1,1,1,1,1
2026-07-03T19:54:49.128,tof2,4x4,empty,-1,3255,-1,3317,2122,-1,2198,3484,-1,1743,1540,-1,1079,-1,1100,1043,1,1,0,1,1,1,1,1,1,1,1,0,1,1,1,1
2026-07-03T19:54:49.193,tof1,4x4,empty,-1,-1,-1,-1,2324,-1,-1,-1,2290,-1,1987,-1,-1,1145,-1,1053,1,0,0,0,1,0,0,0,1,0,1,0,0,1,1,1
2026-07-03T19:54:49.293,tof2,4x4,empty,3011,3255,-1,3318,2098,-1,2204,3484,1476,1703,-1,-1,1079,1091,1100,1046,1,1,1,1,1,1,1,1,1,1,1,0,1,1,1,1
2026-07-03T19:54:49.346,tof1,4x4,empty,-1,-1,-1,-1,2324,-1,-1,-1,2280,-1,1987,-1,2323,1145,1151,1053,0,0,0,0,1,0,0,0,1,0,1,0,1,1,1,1
2026-07-03T19:54:49.455,tof2,4x4,empty,3025,3265,-1,3317,2122,2153,2204,3489,1476,1703,1521,-1,1078,1091,1101,1046,1,1,1,1,1,1,1,1,1,1,1,0,1,1,1,1
2026-07-03T19:54:49.501,tof1,4x4,empty,-1,-1,-1,-1,-1,-1,-1,-1,2307,-1,1993,-1,1145,1157,1140,1053,0,0,0,0,1,0,0,0,1,0,1,1,1,1,1,1
2026-07-03T19:54:49.608,tof2,4x4,empty,3025,3265,-1,3307,2122,2150,-1,3489,-1,1717,1521,-1,1078,1091,1103,1046,1,1,0,1,1,1,0,1,1,1,1,0,1,1,1,1
2026-07-03T19:54:49.651,tof1,4x4,empty,-1,-1,-1,-1,-1,-1,-1,-1,2288,1987,1994,-1,-1,1157,1128,1063,0,0,1,0,1,0,0,0,1,1,1,0,0,1,1,1
2026-07-03T19:54:49.776,tof2,4x4,empty,3025,3255,-1,3307,2117,2150,2211,3489,-1,1717,1558,-1,1078,1091,1103,1046,1,1,0,1,1,1,1,1,1,1,1,0,1,1,1,1
2026-07-03T19:54:49.816,tof1,4x4,empty,-1,-1,-1,-1,2321,-1,-1,-1,2288,-1,1994,1961,-1,1157,1084,-1,0,0,0,0,1,0,0,0,1,0,1,1,0,1,1,1
2026-07-03T19:54:49.934,tof2,4x4,empty,3025,3248,-1,3318,2109,-1,2211,3497,-1,1703,-1,-1,1073,1090,1101,1046,1,1,1,1,1,1,1,1,1,1,1,1,1,1,1,1
2026-07-03T19:54:49.979,tof1,4x4,empty,-1,-1,-1,-1,2321,-1,-1,-1,2288,1987,1993,1971,1145,-1,-1,1080,0,0,0,0,1,0,0,0,1,1,1,1,1,1,1,1
2026-07-03T19:54:50.096,tof2,4x4,empty,3011,3238,-1,3306,2117,2150,2204,3497,1496,1717,-1,-1,1073,1090,1103,1038,1,1,0,1,1,1,1,1,1,1,1,0,1,1,1,1
2026-07-03T19:54:50.141,tof1,4x4,empty,-1,-1,-1,-1,-1,-1,-1,-1,2293,-1,1993,-1,1057,1125,-1,-1,0,0,0,0,1,0,0,0,1,0,1,0,1,1,1,1
2026-07-03T19:54:50.251,tof2,4x4,empty,2991,3238,-1,3318,2117,2150,2173,3489,-1,1735,1595,-1,-1,1090,1103,1038,1,1,0,1,1,1,1,1,1,1,1,0,1,1,1,1
2026-07-03T19:54:50.308,tof1,4x4,empty,-1,-1,-1,-1,-1,-1,-1,-1,2289,-1,1993,-1,1078,1125,1115,1063,0,0,0,0,0,0,0,0,1,0,1,1,1,1,1,1
2026-07-03T19:54:50.416,tof2,4x4,empty,2991,3238,3307,3318,2125,2149,2169,3489,1496,1557,1595,-1,1073,1090,1101,1044,1,1,1,1,1,1,1,1,1,1,1,0,1,1,1,1
2026-07-03T19:54:50.477,tof1,4x4,empty,-1,-1,-1,-1,2321,-1,-1,-1,2289,-1,1980,1971,-1,1125,1113,1063,0,0,0,0,1,0,0,0,1,0,1,1,1,1,1,1
2026-07-03T19:54:50.573,tof2,4x4,empty,-1,3253,3311,3308,2125,2149,2169,3489,-1,1722,1595,-1,1073,1087,1101,1044,1,1,1,1,1,1,1,1,1,1,1,0,1,1,1,1
2026-07-03T19:54:50.637,tof1,4x4,empty,-1,-1,-1,-1,2321,-1,-1,-1,2289,-1,1975,-1,1078,1129,-1,1040,0,0,0,0,1,0,0,0,1,0,1,1,1,1,1,1
2026-07-03T19:54:50.738,tof2,4x4,empty,2991,3253,-1,3308,2125,2149,2173,3489,-1,1735,1595,-1,-1,1092,1098,1044,1,1,0,1,1,1,1,1,1,1,1,0,1,1,1,1
2026-07-03T19:54:50.808,tof1,4x4,empty,-1,-1,-1,-1,2292,-1,-1,-1,2289,-1,1989,1971,-1,1165,1085,-1,1,0,0,0,1,0,0,0,1,0,1,1,1,1,1,1
2026-07-03T19:54:50.896,tof2,4x4,empty,2991,3253,3307,3315,-1,-1,2181,3482,1490,1722,1519,-1,1073,1092,1098,1049,1,1,1,1,0,1,1,1,1,1,1,0,1,1,1,1
2026-07-03T19:54:50.961,tof1,4x4,empty,-1,-1,-1,2262,2326,-1,-1,-1,-1,1980,1977,-1,1078,1165,1098,1040,1,0,0,1,1,0,0,0,1,1,1,0,1,1,1,1
2026-07-03T19:54:51.053,tof2,4x4,empty,-1,3253,-1,3315,2115,2149,2181,3482,1490,1525,1444,-1,1078,-1,1098,1052,1,1,0,1,1,1,1,1,1,1,1,0,1,1,1,1
2026-07-03T19:54:51.117,tof1,4x4,empty,-1,-1,-1,-1,2303,-1,-1,-1,2289,-1,1975,1961,1078,1162,-1,1040,0,1,0,0,1,0,0,0,1,0,1,1,1,1,1,1
2026-07-03T19:54:51.250,tof2,4x4,empty,3018,3253,-1,3321,2100,-1,2187,3482,1474,1722,1444,-1,1079,1093,1098,1052,1,1,0,1,1,1,1,1,1,1,1,0,1,1,1,1
2026-07-03T19:54:51.272,tof1,4x4,empty,-1,-1,-1,-1,2303,-1,-1,-1,2309,1987,1977,-1,1095,1165,1113,1041,0,0,0,0,1,0,0,0,1,1,1,0,1,1,1,1
2026-07-03T19:54:51.456,tof1,4x4,empty,-1,-1,-1,-1,2307,-1,-1,-1,2309,-1,1977,1966,1095,1162,1113,-1,0,0,0,0,1,0,0,0,1,0,1,1,1,1,1,1
2026-07-03T19:54:51.625,tof1,4x4,empty,-1,-1,-1,-1,2326,-1,-1,-1,2309,-1,1977,-1,-1,-1,-1,1041,0,0,0,0,1,0,0,0,1,0,1,1,1,1,1,1
2026-07-03T19:54:51.802,tof1,4x4,empty,-1,-1,-1,-1,2326,-1,-1,-1,2314,-1,1963,1935,2323,1151,1124,1041,0,0,0,0,1,0,0,0,1,0,1,1,1,1,1,1
2026-07-03T19:54:51.934,tof2,4x4,empty,-1,3251,3307,3328,2100,2153,2181,3504,-1,-1,1444,-1,1078,1097,1099,1049,1,1,1,1,1,1,1,1,1,1,1,0,1,1,1,1
2026-07-03T19:54:51.971,tof1,4x4,empty,-1,-1,-1,-1,2356,-1,-1,-1,2314,-1,1989,-1,-1,1151,1124,1045,0,0,0,0,1,0,0,0,1,1,1,1,1,1,1,1
2026-07-03T19:54:52.082,tof2,4x4,empty,3032,3253,-1,-1,2115,2153,-1,3482,-1,1741,1444,-1,1073,1097,1099,1049,1,1,0,1,1,1,1,1,1,1,1,0,1,1,1,1
2026-07-03T19:54:52.138,tof1,4x4,empty,-1,-1,-1,-1,2360,-1,-1,-1,2323,2002,1989,-1,-1,1145,1124,-1,1,1,0,0,1,0,0,0,1,1,1,1,1,1,1,1
2026-07-03T19:54:52.234,tof2,4x4,empty,3024,3254,-1,3328,2135,2153,-1,3486,1474,1741,1444,-1,1073,1097,-1,1046,1,1,1,1,1,1,1,1,1,1,1,0,1,1,1,1
2026-07-03T19:54:52.297,tof1,4x4,empty,-1,-1,-1,-1,2360,-1,-1,-1,2341,2002,1989,1943,2323,1110,1135,1071,0,1,0,0,1,0,0,0,1,1,1,1,1,1,1,1
2026-07-03T19:54:52.404,tof2,4x4,empty,3024,3255,-1,3341,2135,2140,2181,3504,1474,1741,-1,-1,1073,1095,1099,1046,1,1,0,1,1,1,1,1,1,1,1,0,1,1,1,1
2026-07-03T19:54:52.464,tof1,4x4,empty,-1,-1,-1,-1,2378,-1,-1,-1,2361,-1,1988,1933,2330,1110,1122,-1,0,0,0,0,1,0,0,0,1,1,1,1,1,1,1,1
2026-07-03T19:54:52.564,tof2,4x4,empty,3024,3255,-1,3341,2144,2149,2175,3486,-1,1768,1463,-1,1071,1097,1099,1053,1,1,0,1,1,1,1,1,1,1,1,0,1,1,1,1
2026-07-03T19:54:52.620,tof1,4x4,empty,-1,-1,-1,-1,2356,-1,-1,-1,2361,-1,1988,-1,2403,1109,-1,-1,0,0,0,0,1,0,0,0,1,1,1,0,1,1,1,1
2026-07-03T19:54:52.777,tof1,4x4,empty,-1,-1,-1,-1,2357,-1,-1,-1,2337,2002,1981,-1,2403,-1,1113,1071,0,0,0,0,1,0,0,0,1,1,1,0,1,1,1,1
2026-07-03T19:54:52.779,tof2,4x4,empty,3024,3255,-1,3341,2144,2149,2189,3481,1483,-1,-1,-1,1073,1095,1104,1053,1,1,0,1,1,1,1,1,1,1,1,0,1,1,1,1
2026-07-03T19:54:52.931,tof1,4x4,empty,-1,-1,-1,-1,2352,-1,-1,-1,2337,2002,1976,-1,-1,-1,1122,-1,0,0,0,0,1,0,0,0,1,1,1,1,1,1,1,1
2026-07-03T19:54:52.970,tof2,4x4,empty,3024,3259,-1,3320,2129,2154,2189,3479,1563,1748,1638,-1,1071,-1,1104,1053,1,1,0,1,1,1,1,1,1,1,1,0,1,1,1,1
2026-07-03T19:54:53.096,tof1,4x4,empty,-1,-1,-1,-1,-1,-1,-1,-1,2337,-1,1981,-1,2403,1110,1113,1088,0,0,0,0,1,0,0,0,1,1,1,0,1,1,1,1
2026-07-03T19:54:53.129,tof2,4x4,empty,-1,3255,-1,3339,2122,-1,2189,3479,1563,1753,1638,-1,1073,-1,1104,1053,1,1,0,1,1,0,1,1,1,1,1,0,1,1,1,1
2026-07-03T19:54:53.314,tof2,4x4,empty,2990,3255,-1,3320,2129,-1,2183,3479,-1,1753,-1,-1,1073,1094,1101,1054,1,1,0,1,1,0,1,1,1,1,1,0,1,1,1,1
2026-07-03T19:54:53.379,tof1,4x4,empty,-1,-1,-1,-1,2350,-1,-1,-1,-1,-1,1981,1943,2377,1132,1113,1071,0,0,0,0,1,0,0,0,0,0,1,1,1,1,1,1
2026-07-03T19:54:53.508,tof2,4x4,empty,2990,3255,3307,3320,2122,-1,-1,3499,-1,1753,1638,-1,-1,1089,1102,1052,1,1,1,1,1,0,0,1,1,1,1,0,1,1,1,1
2026-07-03T19:54:53.567,tof1,4x4,empty,-1,-1,-1,-1,2322,-1,-1,-1,2329,-1,1982,1933,2337,-1,1122,1071,0,0,0,0,1,0,0,0,1,0,1,1,1,1,1,1
2026-07-03T19:54:53.679,tof2,4x4,empty,2982,3255,-1,3339,-1,-1,-1,3499,1530,1748,1590,-1,1073,1089,-1,1052,1,1,0,1,0,1,1,1,1,1,1,0,1,1,1,1
2026-07-03T19:54:53.776,tof1,4x4,empty,-1,-1,-1,-1,-1,-1,2396,-1,-1,-1,1982,-1,1138,1135,1122,-1,0,0,0,0,0,0,1,0,0,0,1,0,1,1,1,1
2026-07-03T19:54:53.847,tof2,4x4,empty,2982,3255,3317,3339,2129,-1,2183,3502,1530,1749,1590,-1,1073,1088,-1,1040,1,1,1,1,1,0,1,1,1,1,1,0,1,1,1,1
2026-07-03T19:54:53.941,tof1,4x4,empty,-1,-1,-1,-1,-1,-1,-1,-1,-1,-1,1988,1914,-1,1135,-1,1100,0,0,0,0,0,0,0,0,1,0,1,1,0,1,1,1
2026-07-03T19:54:54.015,tof2,4x4,empty,-1,3260,-1,3309,2158,-1,-1,3499,1526,1728,-1,-1,1073,1087,1102,1039,1,1,1,1,1,0,0,1,1,1,1,0,1,1,1,1
2026-07-03T19:54:54.101,tof1,4x4,empty,-1,-1,-1,-1,-1,-1,-1,-1,2303,-1,1989,-1,1138,1135,1122,1100,0,0,0,0,0,0,0,0,1,0,1,0,1,1,1,1
2026-07-03T19:54:54.205,tof2,4x4,empty,2982,3262,3316,3334,2161,-1,2183,3499,-1,1702,1590,-1,1077,1087,-1,1039,1,1,1,1,1,1,1,1,1,1,1,0,1,1,1,1
2026-07-03T19:54:54.267,tof1,4x4,empty,-1,-1,-1,-1,-1,-1,-1,-1,-1,-1,1988,-1,1065,1135,-1,-1,0,0,0,0,0,1,1,0,0,1,1,1,1,1,1,1
2026-07-03T19:54:54.359,tof2,4x4,empty,-1,3262,-1,3324,2158,-1,2168,3480,-1,1726,1629,-1,1076,1087,1101,1039,1,1,0,1,1,0,1,1,1,1,1,0,1,1,1,1
2026-07-03T19:54:54.428,tof1,4x4,empty,-1,-1,-1,-1,-1,-1,-1,-1,2294,-1,1971,-1,-1,-1,1122,1100,0,0,0,0,0,0,1,0,1,0,1,0,0,1,1,1
2026-07-03T19:54:54.525,tof2,4x4,empty,2982,3262,-1,3320,-1,2149,-1,3502,1514,1728,1629,-1,-1,1087,1102,1049,1,1,0,1,1,1,0,1,1,1,1,0,1,1,1,1
2026-07-03T19:54:54.596,tof1,4x4,empty,-1,-1,-1,-1,-1,-1,-1,-1,-1,2005,1971,-1,-1,-1,1121,1100,0,0,0,0,0,0,0,0,1,1,1,0,0,1,1,1
2026-07-03T19:54:54.776,tof2,4x4,empty,2982,3255,3316,3320,2158,-1,2168,3494,1502,1728,-1,-1,1076,1087,1103,-1,1,1,1,1,1,0,1,1,1,1,1,0,1,1,1,1
2026-07-03T19:54:54.798,tof1,4x4,empty,-1,-1,-1,-1,-1,-1,-1,-1,2294,-1,1971,-1,-1,1137,1111,-1,0,0,0,0,1,0,0,0,1,1,1,0,0,1,1,1
2026-07-03T19:54:54.935,tof2,4x4,empty,2997,3246,-1,3324,2161,-1,2168,3494,1502,1737,-1,-1,1076,1088,1103,1049,1,1,0,1,1,0,1,1,1,1,1,0,1,1,1,1
2026-07-03T19:54:54.974,tof1,4x4,empty,-1,-1,-1,-1,2312,-1,-1,-1,2294,-1,1971,-1,-1,1147,-1,1068,0,0,0,0,1,0,0,0,1,0,1,0,0,1,1,1
2026-07-03T19:54:55.119,tof2,4x4,empty,2997,3246,-1,3320,2121,-1,2177,3486,1482,-1,-1,-1,1076,1088,1093,1054,1,1,0,1,1,1,1,1,1,1,1,0,1,1,1,1
2026-07-03T19:54:55.208,tof1,4x4,empty,-1,-1,-1,-1,-1,-1,-1,-1,-1,1992,1965,1914,1085,1174,1111,1068,0,0,0,0,1,0,0,0,1,1,1,1,1,1,1,1
2026-07-03T19:54:55.308,tof2,4x4,empty,2968,3246,-1,3299,2116,2149,2177,3486,-1,1737,1672,-1,1076,1088,1097,1054,1,1,1,1,1,1,1,1,1,1,1,0,1,1,1,1
2026-07-03T19:54:55.359,tof1,4x4,empty,-1,-1,-1,-1,-1,-1,-1,-1,2296,-1,1994,-1,-1,-1,1101,1114,0,0,0,0,0,0,1,0,1,0,1,0,0,1,1,1
2026-07-03T19:54:55.477,tof2,4x4,empty,3012,3249,3292,3299,2114,-1,2177,3486,1454,-1,-1,-1,1075,1084,1094,1051,1,1,1,1,1,0,1,1,1,1,1,0,1,1,1,1
2026-07-03T19:54:55.553,tof1,4x4,empty,-1,-1,-1,-1,-1,-1,-1,-1,-1,1981,1994,-1,1085,1174,-1,1093,1,0,0,0,0,0,0,0,0,1,1,0,1,1,1,1
2026-07-03T19:54:55.640,tof2,4x4,empty,3012,3249,-1,3309,2112,-1,-1,3486,1420,1738,1672,-1,1076,1088,-1,1046,1,1,0,1,1,0,0,1,1,1,1,0,1,1,1,1
2026-07-03T19:54:55.753,tof1,4x4,empty,-1,-1,-1,-1,-1,-1,-1,-1,-1,-1,1986,-1,-1,-1,1090,1093,1,0,0,0,0,0,0,0,0,0,1,0,0,1,1,1
2026-07-03T19:54:55.798,tof2,4x4,empty,3012,3252,-1,3309,2102,2154,2177,3486,-1,-1,1629,-1,1076,1090,1094,1051,1,1,0,1,1,1,1,1,1,1,1,0,1,1,1,1
2026-07-03T19:54:55.920,tof1,4x4,empty,-1,-1,-1,-1,2306,-1,-1,-1,2300,1963,1981,-1,1085,1174,-1,1093,1,0,0,0,1,0,0,0,1,1,1,1,1,1,1,1
2026-07-03T19:54:55.960,tof2,4x4,empty,3011,3254,-1,3324,2112,2164,-1,3482,1454,1737,1626,-1,1080,1090,1096,1051,1,1,0,1,1,1,1,1,1,1,1,0,1,1,1,1
2026-07-03T19:54:56.081,tof1,4x4,empty,-1,-1,-1,-1,-1,-1,-1,-1,-1,-1,1986,1937,1085,1162,1090,1082,0,0,0,0,0,0,0,0,0,0,1,1,1,1,1,1
2026-07-03T19:54:56.150,tof2,4x4,empty,3012,3254,-1,3332,2113,2064,-1,3486,-1,-1,1626,-1,1080,1090,1097,1051,1,1,0,1,1,1,1,1,1,1,1,0,1,1,1,1
2026-07-03T19:54:56.234,tof1,4x4,empty,-1,-1,-1,-1,-1,-1,-1,-1,2300,-1,1981,-1,-1,-1,1083,1082,0,0,0,0,1,0,0,0,1,1,1,0,0,1,1,1
2026-07-03T19:54:56.302,tof2,4x4,empty,-1,3256,-1,3328,-1,2140,2179,3486,1482,-1,-1,-1,1080,1090,1098,1052,0,1,0,1,1,1,1,1,1,1,1,0,1,1,1,1
2026-07-03T19:54:56.393,tof1,4x4,empty,-1,-1,-1,-1,-1,-1,-1,-1,-1,-1,1986,1937,-1,-1,1083,1059,0,0,0,0,1,0,0,0,1,0,1,1,0,1,1,1
2026-07-03T19:54:56.474,tof2,4x4,empty,-1,3256,3280,3332,2112,2140,2179,3488,1488,1722,1626,-1,1078,1087,1098,1052,1,1,1,1,1,1,1,1,1,1,1,0,1,1,1,1
2026-07-03T19:54:56.570,tof1,4x4,empty,-1,-1,-1,-1,-1,-1,-1,-1,-1,1958,2001,-1,1085,1154,-1,-1,0,0,0,0,1,0,0,0,0,1,1,0,1,1,1,1
2026-07-03T19:54:56.640,tof2,4x4,empty,3011,3255,-1,3332,2113,2140,-1,3517,1498,1663,1501,-1,1076,1087,1098,1055,1,1,0,1,1,1,0,1,1,1,1,0,1,1,1,1
2026-07-03T19:54:56.745,tof1,4x4,empty,-1,-1,-1,-1,-1,-1,-1,-1,-1,-1,2001,-1,-1,1153,1120,1059,0,0,0,0,0,0,0,0,0,1,1,0,0,1,1,1
2026-07-03T19:54:56.797,tof2,4x4,empty,3004,3255,-1,3328,2113,2136,2179,3517,1498,1663,1501,-1,-1,1087,-1,1055,1,1,0,1,1,1,1,1,1,1,1,0,1,1,1,1
2026-07-03T19:54:56.905,tof1,4x4,empty,-1,-1,-1,-1,-1,-1,-1,-1,2303,1958,1993,-1,-1,1153,-1,1069,1,0,0,0,0,0,0,0,1,1,1,0,1,1,1,1
2026-07-03T19:54:56.970,tof2,4x4,empty,-1,3259,-1,3315,2113,2136,2179,3493,1498,1663,1501,-1,1076,1093,-1,1055,1,1,0,1,1,1,1,1,1,1,1,0,1,1,1,1
2026-07-03T19:54:57.070,tof1,4x4,empty,-1,-1,-1,-1,-1,-1,-1,-1,2296,-1,1993,1937,-1,1153,1138,-1,0,0,0,0,0,0,0,0,1,0,1,1,0,1,1,1
2026-07-03T19:54:57.123,tof2,4x4,empty,3004,3261,3280,3297,-1,2136,2179,3521,1498,1686,1501,-1,1078,1093,1103,1050,1,1,1,1,1,1,1,1,1,1,1,0,1,1,1,1
2026-07-03T19:54:57.228,tof1,4x4,empty,-1,-1,-1,-1,-1,-1,-1,-1,-1,1958,1992,-1,1077,1162,1120,1070,0,1,0,0,1,0,0,0,0,1,1,0,1,1,1,1
2026-07-03T19:54:57.289,tof2,4x4,empty,3007,3261,3280,3297,-1,2157,2169,3493,-1,1730,-1,-1,1079,1093,1103,1046,1,1,1,1,1,1,1,1,1,1,1,0,1,1,1,1
2026-07-03T19:54:57.396,tof1,4x4,empty,-1,-1,-1,-1,-1,-1,-1,-1,-1,-1,1992,1947,1114,1162,-1,-1,1,0,0,0,0,0,0,0,1,0,1,1,1,1,1,1
2026-07-03T19:54:57.450,tof2,4x4,empty,2995,3261,-1,3297,2127,2163,2198,3457,1482,1730,1501,-1,-1,1095,-1,1046,1,1,1,1,1,1,1,1,1,1,1,0,1,1,1,1
2026-07-03T19:54:57.563,tof1,4x4,empty,-1,-1,-1,-1,-1,-1,-1,-1,-1,-1,1983,-1,-1,1167,-1,1069,0,0,0,0,0,0,0,0,0,0,1,0,0,1,1,1
2026-07-03T19:54:57.595,tof2,4x4,empty,2995,3261,3327,3318,2127,2165,2191,3457,-1,-1,1505,-1,1079,1090,1097,1048,1,1,1,1,1,1,1,1,1,1,1,0,1,1,1,1
2026-07-03T19:54:57.725,tof1,4x4,empty,-1,-1,-1,-1,-1,-1,-1,-1,2293,1958,1992,-1,1088,-1,1158,1070,0,0,0,0,0,0,0,0,1,1,1,0,1,1,1,1
2026-07-03T19:54:57.767,tof2,4x4,empty,3007,3258,-1,3320,2124,2166,-1,3480,-1,1730,-1,-1,1079,1090,1103,1050,1,1,1,1,1,1,0,1,1,1,1,0,1,1,1,1
2026-07-03T19:54:57.879,tof1,4x4,empty,-1,-1,-1,-1,2269,-1,-1,-1,-1,-1,1992,-1,-1,1167,1158,1069,0,0,0,0,1,0,0,0,0,0,1,1,0,1,1,1
2026-07-03T19:54:57.922,tof2,4x4,empty,3030,3258,-1,3320,2124,2166,-1,3480,1482,1740,1625,-1,-1,1095,1104,1048,1,1,0,1,1,1,0,1,1,1,1,0,1,1,1,1
2026-07-03T19:54:58.279,tof1,4x4,empty,-1,-1,-1,-1,-1,-1,-1,-1,-1,-1,1976,1971,-1,1162,1159,1076,0,0,0,0,0,0,0,0,0,1,1,1,1,1,1,1
2026-07-03T19:54:58.383,tof2,4x4,empty,3033,3259,3327,3327,2124,-1,2198,3512,1504,1745,1625,-1,1079,1095,1104,1049,1,1,1,1,1,1,1,1,1,1,1,0,1,1,1,1
2026-07-03T19:54:58.433,tof1,4x4,empty,-1,-1,-1,-1,-1,-1,-1,-1,-1,-1,1974,-1,-1,-1,-1,-1,0,0,0,0,1,0,0,0,0,0,1,0,0,1,1,1
2026-07-03T19:54:58.546,tof2,4x4,empty,3033,3258,-1,3326,2124,2166,2191,3512,1514,1745,1625,-1,1079,1094,1104,1049,1,1,0,1,1,1,1,1,1,1,1,0,1,1,1,1
2026-07-03T19:54:58.618,tof1,4x4,empty,-1,-1,-1,-1,-1,-1,-1,-1,-1,-1,1976,-1,-1,1145,1128,-1,0,0,0,0,0,0,0,0,1,1,1,1,0,1,1,1
2026-07-03T19:54:58.793,tof2,4x4,empty,3034,3258,3331,3320,2125,2112,2197,3500,1514,1745,1625,-1,1079,1096,1105,1049,1,1,1,1,1,1,1,1,1,1,1,1,1,1,1,1
2026-07-03T19:54:58.996,tof2,4x4,empty,3033,3259,3331,3305,-1,2012,2191,3500,1514,1725,1615,-1,1079,-1,1104,1049,1,1,1,1,1,1,1,1,1,1,1,0,1,1,1,1
2026-07-03T19:54:59.062,tof1,4x4,empty,-1,-1,-1,-1,-1,-1,-1,-1,2240,1963,1974,-1,1059,1145,1159,1064,0,0,0,0,0,0,0,0,1,1,1,1,1,1,1,1
2026-07-03T19:54:59.178,tof2,4x4,empty,3029,3258,-1,3326,2125,-1,2192,3499,-1,-1,1599,-1,1079,1095,1103,1049,1,1,0,1,1,1,1,1,1,1,1,0,1,1,1,1
2026-07-03T19:54:59.230,tof1,4x4,empty,-1,-1,-1,-1,-1,-1,-1,-1,2240,1974,1974,-1,-1,1145,-1,1064,0,0,0,0,0,0,0,0,1,1,1,0,1,1,1,1
2026-07-03T19:54:59.343,tof2,4x4,empty,3029,3253,-1,3326,2125,2012,2188,3499,1514,1725,-1,-1,1078,1095,-1,1045,1,1,0,1,1,1,1,1,1,1,1,0,1,1,1,1
2026-07-03T19:54:59.408,tof1,4x4,empty,-1,-1,-1,-1,-1,-1,-1,-1,2177,-1,1990,2011,1088,1134,-1,1064,0,0,0,0,0,0,0,0,1,1,1,1,1,1,1,1
2026-07-03T19:54:59.510,tof2,4x4,empty,-1,3253,3317,3327,2128,1996,-1,3499,1494,1725,1516,-1,1076,1095,1103,1049,0,1,1,1,1,1,0,1,1,1,1,0,1,1,1,1
2026-07-03T19:54:59.575,tof1,4x4,empty,-1,-1,-1,-1,-1,-1,-1,-1,2177,-1,1990,-1,-1,1134,-1,1064,0,0,0,0,0,0,0,0,1,0,1,1,0,1,1,1
2026-07-03T19:54:59.661,tof2,4x4,empty,3021,3258,-1,-1,-1,1996,2188,3462,-1,1733,-1,-1,1070,1095,1099,1049,1,1,1,1,1,1,1,1,1,1,1,0,1,1,1,1
2026-07-03T19:54:59.753,tof1,4x4,empty,-1,-1,-1,-1,-1,-1,-1,-1,2163,-1,2009,-1,1088,1130,1128,-1,0,0,0,0,0,0,0,0,1,0,1,1,1,1,1,1
2026-07-03T19:54:59.842,tof2,4x4,empty,3011,3258,-1,3331,2128,2155,2185,3501,1494,1733,1599,-1,1070,1094,1097,1045,1,1,0,1,1,1,1,1,1,1,1,0,1,1,1,1
2026-07-03T19:54:59.940,tof1,4x4,empty,-1,-1,-1,-1,-1,-1,-1,-1,2163,-1,2009,-1,-1,1130,1108,1064,0,0,0,0,0,0,0,0,1,0,1,0,1,1,1,1
2026-07-03T19:55:00.038,tof2,4x4,empty,-1,3259,-1,3331,2117,2155,2185,-1,1467,1733,-1,-1,-1,1093,1097,1049,0,1,1,1,1,1,1,1,1,1,1,0,1,1,1,1
2026-07-03T19:55:00.104,tof1,4x4,empty,-1,-1,-1,-1,-1,-1,-1,-1,2163,-1,2009,-1,-1,1130,1100,1050,1,0,0,0,0,0,0,0,1,1,1,0,1,1,1,1
2026-07-03T19:55:00.192,tof2,4x4,empty,-1,3259,-1,-1,2117,2140,-1,3501,-1,1731,-1,-1,1070,1090,1097,1049,1,1,0,1,1,1,1,1,1,1,1,0,1,1,1,1
2026-07-03T19:55:00.267,tof1,4x4,empty,-1,-1,-1,-1,-1,-1,-1,-1,2161,-1,2000,2011,1088,1132,-1,1050,0,0,0,0,0,0,0,0,1,0,1,1,1,1,1,1
2026-07-03T19:55:00.342,tof2,4x4,empty,3011,3260,-1,3327,2117,2140,2185,3514,1467,1731,-1,-1,-1,1090,1097,1047,1,1,0,1,1,1,1,1,1,1,1,0,1,1,1,1
2026-07-03T19:55:00.425,tof1,4x4,empty,-1,-1,-1,-1,-1,-1,-1,-1,2161,-1,1988,-1,1118,-1,1108,-1,0,0,0,0,0,0,0,0,1,1,1,1,1,1,1,1
2026-07-03T19:55:00.507,tof2,4x4,empty,3011,3260,-1,-1,2117,2130,2185,3522,1505,1731,-1,-1,1070,1089,1097,1047,1,1,1,1,1,1,1,1,1,1,1,0,1,1,1,1
2026-07-03T19:55:00.575,tof1,4x4,empty,-1,-1,-1,-1,-1,-1,-1,-1,2168,-1,1959,-1,2119,1135,-1,1050,0,0,0,1,0,0,0,0,1,1,1,0,1,1,1,1
2026-07-03T19:55:00.676,tof2,4x4,empty,3006,3250,-1,3316,2117,2130,2185,3522,1507,1737,1516,-1,1070,1093,1098,1049,1,1,0,1,1,1,1,1,1,1,1,0,1,1,1,1
2026-07-03T19:55:00.742,tof1,4x4,empty,-1,-1,-1,-1,-1,-1,-1,-1,2170,-1,1959,2011,-1,1136,1108,-1,0,0,0,0,0,0,0,0,1,0,1,1,1,1,1,1
2026-07-03T19:55:00.843,tof2,4x4,empty,3006,3250,-1,3313,2122,2090,2177,3497,-1,1737,1488,-1,1071,-1,1098,1049,1,1,0,1,1,1,1,1,1,1,1,0,1,1,1,1
2026-07-03T19:55:00.900,tof1,4x4,empty,-1,-1,-1,-1,-1,-1,-1,-1,2170,-1,1976,2011,1129,1142,1133,1057,0,1,0,0,0,0,0,0,1,0,1,1,1,1,1,1
2026-07-03T19:55:01.006,tof2,4x4,empty,2995,3251,3303,3313,2122,2120,-1,3522,-1,1741,1457,-1,1072,1093,1098,1049,1,1,1,1,1,1,1,1,1,1,1,0,1,1,1,1
2026-07-03T19:55:01.082,tof1,4x4,empty,-1,-1,-1,-1,-1,-1,-1,-1,2170,-1,1976,1969,-1,1146,1133,-1,0,0,0,0,0,0,0,0,1,0,1,1,0,1,1,1
2026-07-03T19:55:01.176,tof2,4x4,empty,2995,3251,-1,3313,2123,2120,2189,3529,1507,1741,-1,-1,1072,1093,1099,1049,1,1,0,1,1,1,1,1,1,1,1,0,1,1,1,1
2026-07-03T19:55:01.248,tof1,4x4,empty,-1,-1,-1,-1,-1,-1,-1,-1,2170,1971,1976,1969,1129,1152,1133,1057,1,0,0,0,0,0,0,0,1,1,1,1,1,1,1,1
2026-07-03T19:55:01.326,tof2,4x4,empty,3006,3251,-1,3318,2127,2120,2189,3502,1507,1637,1457,-1,1074,1090,1098,1046,1,1,0,1,1,1,1,1,1,1,1,0,1,1,1,1
2026-07-03T19:55:01.414,tof1,4x4,empty,-1,-1,-1,-1,-1,-1,-1,-1,-1,-1,1976,1969,1129,1161,1136,-1,0,0,0,0,0,0,0,0,1,0,1,1,1,1,1,1
2026-07-03T19:55:01.482,tof2,4x4,empty,2995,3256,-1,3318,-1,2120,2174,3502,-1,1637,-1,-1,1074,1092,1098,1046,1,1,0,1,1,1,1,1,1,1,1,0,1,1,1,1
2026-07-03T19:55:01.566,tof1,4x4,empty,-1,-1,-1,-1,-1,-1,-1,-1,2170,1971,1976,-1,1086,1152,1129,1057,1,0,0,0,0,0,0,0,1,1,1,0,1,1,1,1
2026-07-03T19:55:01.640,tof2,4x4,empty,2995,3251,-1,3318,2127,2120,2168,3502,1507,1735,1457,-1,1074,1090,1098,1045,1,1,0,1,1,1,1,1,1,1,1,0,1,1,1,1
2026-07-03T19:55:01.726,tof1,4x4,empty,-1,-1,-1,-1,-1,-1,-1,-1,2181,1973,1976,1977,1048,-1,-1,1057,0,0,0,0,0,0,0,0,1,1,1,1,1,1,1,1
2026-07-03T19:55:01.796,tof2,4x4,empty,-1,3250,-1,3318,2132,2158,2191,-1,-1,1637,1467,-1,1071,1090,1098,1045,1,1,0,1,1,1,1,1,1,1,1,0,1,1,1,1
2026-07-03T19:55:01.889,tof1,4x4,empty,-1,-1,-1,-1,-1,-1,-1,-1,2183,1999,1974,1977,1048,-1,1118,1076,0,0,0,0,0,0,0,0,1,1,1,1,1,1,1,1
2026-07-03T19:55:01.959,tof2,4x4,empty,2987,3250,-1,-1,2132,2158,2168,3491,-1,1735,1498,-1,-1,1090,1098,1050,1,1,0,1,1,1,1,1,1,1,1,0,1,1,1,1
2026-07-03T19:55:02.041,tof1,4x4,empty,-1,-1,-1,-1,-1,-1,-1,-1,2183,-1,1974,-1,1084,-1,1118,1059,0,0,0,1,0,0,0,0,1,0,1,0,1,1,1,1
2026-07-03T19:55:02.117,tof2,4x4,empty,2987,3258,-1,3324,2123,2158,2168,-1,1509,1735,1499,-1,1071,1090,1100,1050,1,1,1,1,1,1,1,1,1,1,1,0,1,1,1,1
2026-07-03T19:55:02.202,tof1,4x4,empty,-1,-1,-1,-1,-1,-1,-1,-1,2181,-1,1974,-1,1084,1156,-1,-1,0,0,0,0,0,0,0,0,1,0,1,0,1,1,1,1
2026-07-03T19:55:02.280,tof2,4x4,empty,2972,3258,-1,3301,2117,2159,2168,3491,-1,1698,1517,-1,1071,1087,1103,1047,1,1,0,1,1,1,1,1,1,1,1,0,1,1,1,1
2026-07-03T19:55:02.348,tof1,4x4,empty,-1,-1,-1,-1,-1,-1,-1,-1,2214,1973,1974,-1,-1,1156,1128,-1,0,0,0,0,0,0,0,0,1,1,1,0,1,1,1,1
2026-07-03T19:55:02.447,tof2,4x4,empty,2987,3258,3317,3308,2117,2158,2193,3491,1513,1698,-1,-1,1075,1088,1103,1048,1,1,1,1,1,1,1,1,1,1,1,0,1,1,1,1
2026-07-03T19:55:02.511,tof1,4x4,empty,-1,-1,-1,-1,-1,-1,-1,-1,2168,-1,1974,-1,-1,1156,-1,-1,0,0,0,0,0,0,0,0,1,0,1,0,1,1,1,1
2026-07-03T19:55:02.607,tof2,4x4,empty,-1,3258,-1,3323,2117,2167,2188,3489,-1,1698,1539,-1,-1,-1,-1,1048,1,1,0,1,1,1,1,1,1,1,1,0,1,1,1,1
2026-07-03T19:55:02.676,tof1,4x4,empty,-1,-1,-1,-1,-1,-1,-1,-1,2168,-1,1962,1977,-1,1156,-1,1059,0,0,0,0,0,0,0,0,1,0,1,1,1,1,1,1
2026-07-03T19:55:02.766,tof2,4x4,empty,2987,3258,-1,3323,2138,2167,2188,3497,1509,1698,1517,-1,1079,-1,1103,1048,1,1,1,1,1,1,1,1,1,1,1,0,1,1,1,1
2026-07-03T19:55:02.834,tof1,4x4,empty,-1,-1,-1,-1,-1,-1,-1,-1,2185,-1,1971,-1,2130,1156,1118,1076,0,0,0,0,0,0,0,0,1,0,1,1,1,1,1,1
2026-07-03T19:55:03.047,tof1,4x4,empty,-1,-1,-1,-1,-1,-1,-1,-1,2198,-1,1971,1970,-1,1129,1128,1059,0,0,0,0,0,0,0,0,1,0,1,1,0,1,1,1
2026-07-03T19:55:03.051,tof2,4x4,empty,2970,3251,-1,3310,2138,2121,2186,3523,1509,1740,1539,-1,1079,1088,1103,1049,1,1,1,1,1,1,1,1,1,1,1,0,1,1,1,1
2026-07-03T19:55:03.227,tof1,4x4,empty,-1,-1,-1,-1,-1,-1,-1,-1,2185,-1,1974,1944,-1,-1,1178,1059,1,0,0,0,0,0,0,0,1,1,1,1,0,1,1,1
2026-07-03T19:55:03.244,tof2,4x4,empty,2970,3251,-1,3323,-1,-1,2188,3497,-1,1740,-1,-1,-1,1088,1099,1051,1,1,0,1,1,1,1,1,1,1,1,0,1,1,1,1
2026-07-03T19:55:03.401,tof1,4x4,empty,-1,-1,-1,-1,-1,-1,-1,-1,2198,-1,1971,1944,2130,-1,1128,1057,0,0,0,1,0,0,0,0,1,1,1,1,1,1,1,1
2026-07-03T19:55:03.413,tof2,4x4,empty,2975,3254,3311,3323,2138,-1,2188,3508,1509,1745,1539,-1,1080,1088,1099,1051,1,1,1,1,1,0,1,1,1,1,1,0,1,1,1,1
2026-07-03T19:55:03.566,tof1,4x4,empty,-1,-1,-1,-1,-1,-1,-1,-1,2185,1973,1978,-1,2130,-1,1088,-1,0,0,0,0,0,0,0,0,1,1,1,0,1,1,1,1
2026-07-03T19:55:03.577,tof2,4x4,empty,2970,3254,-1,3329,2138,-1,-1,3508,1518,1745,-1,-1,1079,1088,1099,1049,1,1,0,1,1,0,0,1,1,1,1,0,1,1,1,1
2026-07-03T19:55:03.729,tof1,4x4,empty,-1,-1,-1,-1,-1,-1,-1,-1,2169,-1,1978,1938,1087,1147,-1,-1,0,0,0,0,0,0,0,0,1,0,1,1,1,1,1,1
2026-07-03T19:55:03.781,tof2,4x4,empty,2975,3252,3311,3323,2125,-1,2186,3508,1530,1760,1488,-1,1080,1088,1099,1049,1,1,1,1,1,0,1,1,1,1,1,0,1,1,1,1
2026-07-03T19:55:03.918,tof1,4x4,empty,-1,-1,-1,-1,-1,-1,-1,-1,2169,-1,1986,-1,1087,1147,1125,1074,1,0,0,0,0,0,0,0,1,0,1,0,1,1,1,1
2026-07-03T19:55:03.951,tof2,4x4,empty,2990,3252,-1,3323,-1,-1,2186,3491,1530,-1,1488,-1,1073,1094,1099,1049,1,1,0,1,1,0,1,1,1,1,1,0,1,1,1,1
2026-07-03T19:55:04.080,tof1,4x4,empty,-1,-1,-1,-1,-1,-1,-1,-1,2165,-1,1986,-1,1085,1129,1125,1054,0,0,0,0,0,0,0,0,1,0,1,0,1,1,1,1
2026-07-03T19:55:04.120,tof2,4x4,empty,2990,3252,-1,-1,2119,-1,2211,3491,1530,1731,1528,-1,1078,1091,1104,1044,1,1,0,1,1,0,1,1,1,1,1,0,1,1,1,1
2026-07-03T19:55:04.243,tof1,4x4,empty,-1,-1,-1,-1,-1,-1,-1,-1,2165,-1,1986,-1,-1,1147,-1,1054,0,0,0,1,0,0,0,0,1,1,1,0,1,1,1,1
2026-07-03T19:55:04.284,tof2,4x4,empty,2999,3252,-1,3323,2103,-1,2170,3491,1520,1760,1528,-1,1078,1094,1090,1041,1,1,0,1,1,0,1,1,1,1,1,0,1,1,1,1
2026-07-03T19:55:04.398,tof1,4x4,empty,-1,-1,-1,-1,-1,-1,-1,-1,2170,-1,1986,-1,1061,1147,-1,-1,0,0,0,0,0,0,0,0,1,0,1,0,1,1,1,1
2026-07-03T19:55:04.453,tof2,4x4,empty,3038,3249,-1,-1,2103,-1,-1,3504,1516,-1,1642,-1,1078,1094,-1,1041,1,1,0,1,1,0,1,1,1,1,1,0,1,1,1,1
2026-07-03T19:55:04.558,tof1,4x4,empty,-1,-1,-1,-1,-1,-1,-1,-1,2179,-1,1986,-1,-1,-1,1125,-1,0,0,0,1,0,0,0,0,1,0,1,1,0,1,1,1
2026-07-03T19:55:04.626,tof2,4x4,empty,3018,3249,-1,3332,2103,-1,-1,3492,-1,1731,1642,-1,1078,1096,1090,1038,1,1,1,1,1,0,1,1,1,1,1,0,1,1,1,1
2026-07-03T19:55:04.725,tof1,4x4,empty,-1,-1,-1,-1,-1,-1,-1,-1,2172,-1,1985,-1,1087,-1,1125,1054,0,0,0,0,0,0,0,0,1,0,1,1,1,1,1,1
2026-07-03T19:55:04.793,tof2,4x4,empty,3018,3255,-1,3313,2103,-1,2170,3492,1494,1728,-1,-1,1078,1094,1099,1041,1,1,0,1,1,0,1,1,1,1,1,0,1,1,1,1
2026-07-03T19:55:04.893,tof1,4x4,empty,-1,-1,-1,-1,-1,-1,-1,-1,-1,-1,1985,-1,1097,1155,1130,1054,0,0,0,0,0,0,0,0,0,0,1,0,1,1,1,1
2026-07-03T19:55:05.547,tof2,4x4,empty,3027,3249,-1,3323,-1,-1,2198,3492,1516,1728,1665,-1,1076,1094,1102,1041,1,1,0,1,0,1,1,1,1,1,1,0,1,1,1,1
2026-07-03T19:55:06.068,tof2,4x4,empty,3018,3257,-1,-1,2094,2121,2213,3488,1494,1728,1642,-1,1074,1092,1102,1041,1,1,1,1,1,1,1,1,1,1,1,0,1,1,1,1
2026-07-03T19:55:06.071,tof1,4x4,empty,-1,-1,-1,-1,-1,-1,-1,-1,-1,-1,1982,-1,1097,1148,1130,-1,0,0,0,0,0,0,0,0,0,0,1,0,1,1,1,1
2026-07-03T19:55:06.233,tof2,4x4,empty,3003,3257,-1,-1,2116,-1,2198,3488,-1,1728,1602,-1,1073,1091,1102,1041,1,1,0,1,1,1,1,1,1,1,1,0,1,1,1,1
2026-07-03T19:55:06.248,tof1,4x4,empty,-1,-1,-1,-1,-1,-1,-1,-1,-1,1997,1981,1938,1097,1148,1130,-1,0,0,0,0,0,0,0,0,0,1,1,1,1,1,1,1
2026-07-03T19:55:06.390,tof2,4x4,empty,2967,3257,3327,3323,2116,2167,2198,3482,1494,1711,1602,-1,1073,1091,-1,1046,1,1,1,1,1,1,1,1,1,1,1,0,1,1,1,1
2026-07-03T19:55:06.423,tof1,4x4,empty,-1,-1,-1,-1,-1,-1,-1,-1,-1,-1,1972,-1,-1,-1,1130,1054,0,0,0,0,0,0,0,0,0,1,1,1,1,1,1,1
2026-07-03T19:55:06.542,tof2,4x4,empty,3003,3244,3327,3306,2121,2142,-1,3488,-1,1752,-1,-1,1069,1091,1102,1045,1,1,1,1,1,1,1,1,1,1,1,0,1,1,1,1
2026-07-03T19:55:06.581,tof1,4x4,empty,-1,-1,-1,-1,-1,-1,-1,-1,-1,-1,1972,-1,1105,1148,1134,1062,0,0,0,0,0,0,0,0,0,0,1,0,1,1,1,1
2026-07-03T19:55:06.708,tof2,4x4,empty,2967,3258,3311,3306,2121,2142,2198,3488,-1,1752,1602,-1,1073,1092,1102,1045,1,1,1,1,1,1,1,1,1,1,1,0,1,1,1,1
2026-07-03T19:55:06.784,tof1,4x4,empty,-1,-1,-1,-1,-1,-1,-1,-1,-1,-1,1972,1944,-1,1148,1131,-1,0,0,0,0,0,0,0,0,0,0,1,1,0,1,1,1
2026-07-03T19:55:06.890,tof2,4x4,empty,2967,3252,-1,3317,-1,-1,-1,3505,-1,1755,-1,-1,1073,1091,1102,1045,1,1,1,1,1,1,1,1,1,1,1,0,1,1,1,1
2026-07-03T19:55:06.945,tof1,4x4,empty,-1,-1,-1,-1,-1,-1,-1,-1,-1,-1,1981,-1,1105,1143,-1,1062,0,0,0,0,0,0,0,0,0,1,1,0,1,1,1,1
2026-07-03T19:55:07.048,tof2,4x4,empty,-1,3259,-1,3315,2138,2151,2168,3505,1525,1763,1591,-1,1078,1091,-1,1045,0,1,0,1,1,1,1,1,1,1,1,0,1,1,1,1
2026-07-03T19:55:07.111,tof1,4x4,empty,-1,-1,-1,-1,-1,-1,-1,-1,-1,1997,1973,2000,1105,-1,1131,1062,1,1,0,0,0,0,0,0,1,1,1,1,1,1,1,1
2026-07-03T19:55:07.208,tof2,4x4,empty,3068,3259,-1,3317,2145,-1,2168,3511,1539,1763,-1,-1,1081,1091,-1,1045,1,1,0,1,1,1,1,1,1,1,1,0,1,1,1,1
2026-07-03T19:55:07.288,tof1,4x4,empty,-1,-1,-1,-1,-1,-1,-1,-1,-1,-1,1988,2007,1071,1143,-1,1062,1,0,0,0,0,0,0,0,0,1,1,1,1,1,1,1
2026-07-03T19:55:07.386,tof2,4x4,empty,3068,3259,3327,3331,2145,2151,2182,3514,-1,-1,-1,-1,-1,1092,1100,1045,1,1,1,1,1,1,1,1,1,1,1,0,1,1,1,1
2026-07-03T19:55:07.448,tof1,4x4,empty,-1,-1,-1,-1,-1,-1,-1,-1,2179,1997,1995,2007,-1,1154,1131,1062,1,0,0,0,0,0,0,0,1,1,1,1,0,1,1,1
2026-07-03T19:55:07.536,tof2,4x4,empty,2939,3259,-1,3331,2136,2142,2182,3514,1539,1763,-1,-1,1081,1092,1096,1046,1,1,0,1,1,1,1,1,1,1,1,0,1,1,1,1
2026-07-03T19:55:07.632,tof1,4x4,empty,-1,-1,-1,-1,-1,-1,-1,-1,-1,-1,1995,2007,1071,1143,-1,1061,0,0,0,0,0,0,0,0,0,0,1,1,1,1,1,1
2026-07-03T19:55:07.736,tof2,4x4,empty,3031,3260,-1,3327,2151,2132,-1,3514,1539,1749,1591,-1,1081,1092,1094,1046,1,1,0,1,1,1,1,1,1,1,1,0,1,1,1,1
2026-07-03T19:55:07.783,tof1,4x4,empty,-1,-1,-1,-1,-1,-1,-1,-1,-1,-1,1978,2007,1051,1154,1131,1063,0,0,0,0,0,0,0,0,1,1,1,1,1,1,1,1
2026-07-03T19:55:08.194,tof2,4x4,empty,2947,3261,3299,3327,2136,2132,-1,3514,1513,1749,1494,-1,1074,1092,1094,1049,1,1,1,1,1,1,1,1,1,1,1,0,1,1,1,1
2026-07-03T19:55:08.205,tof1,4x4,empty,-1,-1,-1,-1,-1,-1,-1,-1,-1,2003,1995,-1,1051,1154,1114,1061,0,0,0,0,0,0,0,0,0,1,1,1,1,1,1,1
2026-07-03T19:55:08.364,tof2,4x4,empty,2947,3260,3299,3327,2121,2132,2179,3505,-1,-1,1494,-1,1073,1092,-1,1049,1,1,1,1,1,1,1,1,1,1,1,0,1,1,1,1
2026-07-03T19:55:08.377,tof1,4x4,empty,-1,-1,-1,-1,-1,-1,-1,-1,-1,-1,1982,-1,-1,1154,1100,-1,1,0,0,0,0,0,0,0,0,1,1,0,0,1,1,1
2026-07-03T19:55:08.522,tof2,4x4,empty,-1,3260,-1,3325,2136,2131,2182,3485,1513,1749,1494,-1,1073,1092,1096,1050,1,1,0,1,1,1,1,1,1,1,1,0,1,1,1,1
2026-07-03T19:55:08.544,tof1,4x4,empty,-1,-1,-1,-1,-1,-1,-1,-1,-1,-1,1978,-1,-1,1168,-1,-1,0,0,0,0,0,0,0,0,1,0,1,0,0,1,1,1
2026-07-03T19:55:08.684,tof2,4x4,empty,3003,3257,-1,3311,2130,2131,2182,3485,1513,1749,1532,-1,1073,1089,1100,1049,1,1,0,1,1,1,1,1,1,1,1,0,1,1,1,1
2026-07-03T19:55:08.729,tof1,4x4,empty,-1,-1,-1,-1,-1,-1,-1,-1,-1,2006,1982,-1,1059,1172,-1,1063,0,0,0,0,0,0,0,0,0,1,1,1,1,1,1,1
2026-07-03T19:55:08.840,tof2,4x4,empty,3007,3257,-1,3311,2130,2131,2189,-1,-1,1750,-1,-1,1072,1088,-1,1046,1,1,0,1,1,1,1,1,1,1,1,0,1,1,1,1
2026-07-03T19:55:08.892,tof1,4x4,empty,-1,-1,-1,-1,-1,-1,-1,-1,-1,-1,1990,-1,-1,1168,-1,-1,0,1,0,0,0,0,0,0,0,1,1,0,1,1,1,1
2026-07-03T19:55:08.998,tof2,4x4,empty,3003,3257,-1,3325,2130,2131,2200,3505,-1,1750,1532,-1,-1,1088,1100,1045,1,1,1,1,1,1,1,1,1,1,1,1,1,1,1,1
2026-07-03T19:55:09.058,tof1,4x4,empty,-1,-1,-1,-1,-1,-1,-1,-1,-1,-1,1990,1999,-1,1171,1095,-1,0,0,0,0,0,0,0,0,0,1,1,1,1,1,1,1
2026-07-03T19:55:09.165,tof2,4x4,empty,3003,3257,-1,3325,-1,2130,2202,3473,1513,1763,-1,-1,1073,1088,1101,1043,1,1,1,1,1,1,1,1,1,1,1,1,1,1,1,1
2026-07-03T19:55:09.239,tof1,4x4,empty,-1,-1,-1,-1,-1,-1,-1,-1,-1,-1,1990,1984,1059,1171,1095,1072,0,0,0,0,0,0,0,0,0,0,1,1,1,1,1,1
2026-07-03T19:55:09.328,tof2,4x4,empty,2994,3259,-1,3330,2130,2130,2202,3473,-1,1751,-1,-1,1081,-1,1101,1043,1,1,0,1,1,1,1,1,1,1,1,0,1,1,1,1
2026-07-03T19:55:09.436,tof1,4x4,empty,-1,-1,-1,-1,-1,-1,-1,-1,-1,-1,1990,-1,-1,1171,1100,1084,0,0,0,0,0,0,0,0,1,0,1,0,1,1,1,1
2026-07-03T19:55:09.495,tof2,4x4,empty,-1,3259,-1,3330,2130,2130,-1,-1,1497,1751,1532,-1,1072,-1,1100,1043,0,1,0,1,1,1,0,1,1,1,1,0,1,1,1,1
2026-07-03T19:55:09.603,tof1,4x4,empty,-1,-1,-1,-1,-1,-1,-1,-1,-1,-1,1985,1959,1060,1171,1127,1094,0,0,0,0,0,0,0,0,1,1,1,1,1,1,1,1
2026-07-03T19:55:09.667,tof2,4x4,empty,2994,3256,-1,3325,-1,2130,2202,3481,1521,1746,-1,-1,1076,1085,1100,1043,1,1,1,1,1,1,1,1,1,1,1,0,1,1,1,1
2026-07-03T19:55:09.768,tof1,4x4,empty,-1,-1,-1,-1,-1,-1,-1,-1,-1,-1,1982,-1,-1,1171,-1,1094,0,0,0,1,0,0,0,0,0,0,1,0,0,1,1,1
2026-07-03T19:55:09.824,tof2,4x4,empty,2994,3252,3302,3316,2136,2130,2202,3502,1529,1751,1532,-1,-1,-1,1100,1041,1,1,1,1,1,1,1,1,1,1,1,0,1,1,1,1
2026-07-03T19:55:09.921,tof1,4x4,empty,-1,-1,-1,-1,-1,-1,-1,-1,-1,-1,1978,-1,1096,-1,-1,1094,0,0,0,0,0,0,0,0,0,0,1,1,1,1,1,1
2026-07-03T19:55:09.983,tof2,4x4,empty,3004,3256,-1,3313,2124,2068,-1,3502,-1,1693,1471,-1,1076,1087,1100,1043,1,1,1,1,1,1,1,1,1,1,1,0,1,1,1,1
2026-07-03T19:55:10.089,tof1,4x4,empty,-1,-1,-1,-1,-1,-1,-1,-1,-1,-1,1982,-1,1113,1140,1127,1067,1,0,0,0,0,0,0,0,0,0,1,0,1,1,1,1
2026-07-03T19:55:10.159,tof2,4x4,empty,3004,3256,3320,3308,2124,2011,2202,3502,1522,1693,-1,-1,1076,1087,1099,1046,1,1,1,1,1,1,1,1,1,1,1,0,1,1,1,1
2026-07-03T19:55:10.363,tof1,4x4,empty,-1,-1,-1,-1,-1,-1,-1,-1,-1,-1,1982,-1,-1,1140,-1,1067,0,0,0,0,0,0,0,0,1,0,1,0,1,1,1,1
2026-07-03T19:55:10.393,tof2,4x4,empty,-1,3259,-1,3308,2124,2040,2198,3506,1522,1710,1471,-1,1075,1087,1099,1046,1,1,1,1,1,1,1,1,1,1,1,0,1,1,1,1
2026-07-03T19:55:10.581,tof1,4x4,empty,-1,-1,-1,-1,-1,-1,-1,-1,-1,-1,1982,-1,1121,1140,1134,1061,0,0,0,0,0,0,0,0,0,0,1,0,1,1,1,1
2026-07-03T19:55:10.598,tof2,4x4,empty,3020,3260,3318,3310,2120,2011,-1,3506,1556,1710,1471,-1,1076,1090,-1,1046,1,1,1,1,1,1,0,1,1,1,1,0,1,1,1,1
2026-07-03T19:55:10.771,tof1,4x4,empty,-1,-1,-1,-1,-1,-1,-1,-1,-1,2006,1987,-1,-1,1140,-1,-1,0,0,0,0,1,0,0,0,1,1,1,1,1,1,1,1
2026-07-03T19:55:10.814,tof2,4x4,empty,3004,3265,-1,3310,2120,2040,-1,3503,1556,1708,1489,-1,1077,1090,-1,1047,1,1,0,1,1,1,1,1,1,1,1,0,1,1,1,1
2026-07-03T19:55:10.973,tof1,4x4,empty,-1,-1,-1,-1,-1,-1,-1,-1,-1,-1,1987,1999,-1,-1,-1,1061,0,0,0,0,0,0,0,0,1,0,1,1,0,1,1,1
2026-07-03T19:55:10.996,tof2,4x4,empty,2974,3265,-1,3310,2120,2040,-1,3503,-1,1708,1471,-1,1083,1094,-1,1048,1,1,0,1,1,1,0,1,1,1,1,0,1,1,1,1
2026-07-03T19:55:11.125,tof1,4x4,empty,-1,-1,-1,-1,-1,-1,-1,-1,-1,-1,1986,1976,-1,-1,1134,1068,0,0,0,0,0,0,0,0,0,0,1,1,1,1,1,1
2026-07-03T19:55:11.175,tof2,4x4,empty,-1,3260,-1,3310,2145,2106,2177,3508,1522,1708,-1,-1,1077,1090,1099,1048,1,1,0,1,1,1,1,1,1,1,1,1,1,1,1,1
2026-07-03T19:55:11.284,tof1,4x4,empty,-1,-1,-1,-1,-1,-1,-1,-1,-1,-1,1986,-1,1121,1142,-1,1068,0,0,0,0,0,0,0,0,1,1,1,0,1,1,1,1
2026-07-03T19:55:11.339,tof2,4x4,empty,2974,3252,3318,3310,2145,-1,2177,3503,1458,1696,1471,-1,-1,1090,1099,1048,1,1,1,1,1,1,1,1,1,1,1,0,1,1,1,1
2026-07-03T19:55:11.439,tof1,4x4,empty,-1,-1,-1,-1,-1,-1,-1,-1,-1,-1,1986,1976,-1,-1,1134,1061,1,0,0,0,0,0,0,0,0,1,1,1,1,1,1,1
2026-07-03T19:55:11.521,tof2,4x4,empty,2974,3252,-1,3312,2145,2106,2177,3503,1523,1708,-1,-1,1081,1090,1099,1049,1,1,0,1,1,1,1,1,1,1,1,0,1,1,1,1
2026-07-03T19:55:11.627,tof1,4x4,empty,-1,-1,-1,-1,-1,-1,-1,-1,-1,-1,1983,-1,1121,1142,-1,-1,0,0,0,0,0,0,0,0,0,0,1,0,1,1,1,1
2026-07-03T19:55:11.684,tof2,4x4,empty,2974,3252,-1,3312,2114,2134,-1,3483,-1,1609,1489,-1,-1,1090,1099,1049,1,1,0,1,1,1,1,1,1,1,1,0,1,1,1,1
2026-07-03T19:55:11.828,tof1,4x4,empty,-1,-1,-1,-1,-1,-1,-1,-1,-1,-1,1986,-1,1131,1142,-1,1050,0,0,0,0,0,0,0,0,0,0,1,0,1,1,1,1
2026-07-03T19:55:11.835,tof2,4x4,empty,2990,3252,3307,3317,2113,-1,2169,3483,1458,1743,1531,-1,1077,1090,1099,1048,1,1,1,1,1,1,1,1,1,1,1,0,1,1,1,1
2026-07-03T19:55:11.982,tof1,4x4,empty,-1,-1,-1,-1,-1,-1,-1,-1,-1,-1,1983,-1,-1,1150,1123,-1,0,1,0,0,0,0,0,0,0,0,1,1,1,1,1,1
2026-07-03T19:55:12.009,tof2,4x4,empty,-1,3252,-1,3317,2081,2134,2154,3483,-1,1738,-1,-1,1072,1091,1097,1046,0,1,0,1,1,1,1,1,1,1,1,0,1,1,1,1
2026-07-03T19:55:12.135,tof1,4x4,empty,-1,-1,-1,-1,-1,-1,-1,-1,-1,2006,1983,-1,-1,-1,1123,1046,0,0,0,0,0,0,0,0,0,1,1,1,0,1,1,1
2026-07-03T19:55:12.166,tof2,4x4,empty,3009,3252,-1,3336,2113,2109,2154,3483,1458,1748,1531,-1,-1,1091,1097,1046,1,1,0,1,1,1,1,1,1,1,1,0,1,1,1,1
2026-07-03T19:55:12.286,tof1,4x4,empty,-1,-1,-1,-1,-1,-1,-1,-1,-1,2006,1974,-1,-1,1150,1099,-1,1,0,0,0,0,0,0,0,0,1,1,0,0,1,1,1
2026-07-03T19:55:12.342,tof2,4x4,empty,3009,3255,-1,3329,2114,2134,2203,3495,1462,1738,1583,-1,1072,1093,1099,1044,1,1,0,1,1,1,1,1,1,1,1,0,1,1,1,1
2026-07-03T19:55:12.444,tof1,4x4,empty,-1,-1,-1,-1,-1,-1,-1,-1,-1,1998,1974,-1,1164,1124,-1,-1,0,0,1,0,0,0,0,0,0,1,1,0,1,1,1,1
2026-07-03T19:55:12.514,tof2,4x4,empty,3009,3252,-1,3329,2147,2153,2220,3495,1523,1738,1583,-1,1074,-1,1097,1043,1,1,0,1,1,1,1,1,1,1,1,0,1,1,1,1
2026-07-03T19:55:12.606,tof1,4x4,empty,-1,-1,-1,-1,-1,-1,-1,-1,-1,-1,1974,-1,1164,-1,1099,1046,0,0,0,0,0,0,0,0,0,1,1,0,1,1,1,1
2026-07-03T19:55:12.676,tof2,4x4,empty,3009,3246,-1,3329,-1,2153,2220,3495,1560,1736,-1,-1,1074,1093,1099,1046,1,1,0,1,0,1,1,1,1,1,1,1,1,1,1,1
2026-07-03T19:55:12.769,tof1,4x4,empty,-1,-1,-1,-1,-1,-1,-1,-1,-1,-1,1974,1976,-1,1143,1099,1046,0,0,0,0,0,0,0,0,0,1,1,1,1,1,1,1
2026-07-03T19:55:12.843,tof2,4x4,empty,3009,3255,-1,-1,2147,-1,2220,3480,1560,1705,-1,-1,1074,-1,1099,1039,1,1,0,1,1,1,1,1,1,1,1,0,1,1,1,1
2026-07-03T19:55:12.937,tof1,4x4,empty,-1,-1,-1,-1,-1,-1,-1,-1,-1,-1,1976,-1,1040,-1,1104,-1,0,0,0,1,0,0,0,0,1,0,1,0,1,1,1,1
2026-07-03T19:55:13.236,tof1,4x4,empty,-1,-1,-1,-1,-1,-1,-1,-1,-1,-1,1976,-1,1040,1143,1104,1045,0,0,0,0,0,0,0,0,0,0,1,0,1,1,1,1
2026-07-03T19:55:13.280,tof2,4x4,empty,2980,3246,-1,3329,2147,2143,2220,3480,-1,1676,-1,-1,1077,-1,1102,1039,1,1,1,1,1,1,1,1,1,1,1,0,1,1,1,1
2026-07-03T19:55:13.408,tof1,4x4,empty,-1,-1,-1,-1,-1,-1,-1,-1,-1,-1,1976,1976,1040,-1,1109,-1,0,0,0,0,0,0,0,0,0,0,1,1,1,1,1,1
2026-07-03T19:55:13.466,tof2,4x4,empty,-1,3246,-1,3326,2142,2143,2189,3480,-1,1705,1583,-1,1074,1094,1094,1039,1,1,0,1,1,1,1,1,1,1,1,0,1,1,1,1
2026-07-03T19:55:13.567,tof1,4x4,empty,-1,-1,-1,-1,-1,-1,-1,-1,-1,-1,1976,-1,-1,-1,1109,1046,0,0,0,0,0,0,0,0,0,1,1,1,0,1,1,1
2026-07-03T19:55:13.646,tof2,4x4,empty,3012,3257,-1,3313,2098,2142,-1,3488,1462,-1,1583,-1,1076,1094,1094,1040,1,1,0,1,1,1,1,1,1,1,1,0,1,1,1,1
2026-07-03T19:55:13.761,tof1,4x4,empty,-1,-1,-1,-1,-1,-1,-1,-1,-1,-1,1983,1976,-1,1142,1109,1060,0,0,0,0,0,0,0,0,0,0,1,1,1,1,1,1
2026-07-03T19:55:13.817,tof2,4x4,empty,3012,3257,-1,3312,2096,-1,2181,3488,1572,1705,1639,-1,1080,1094,1091,1040,1,1,0,1,1,0,1,1,1,1,1,1,1,1,1,1
2026-07-03T19:55:13.951,tof1,4x4,empty,-1,-1,-1,-1,-1,-1,-1,-1,-1,-1,1983,-1,-1,1143,1105,1060,0,0,0,0,0,0,1,0,1,0,1,0,0,1,1,1
2026-07-03T19:55:13.983,tof2,4x4,empty,3012,3249,-1,3312,2098,2098,-1,3488,1463,1676,1639,-1,-1,1095,1094,1052,1,1,1,1,1,1,1,1,1,1,1,0,1,1,1,1
2026-07-03T19:55:14.114,tof1,4x4,empty,-1,-1,-1,-1,-1,-1,2396,-1,-1,1979,1983,1970,1040,1145,-1,-1,0,0,0,0,0,0,1,0,1,1,1,1,1,1,1,1
2026-07-03T19:55:14.151,tof2,4x4,empty,2970,3252,-1,3312,2119,2098,2181,3495,1463,1647,1639,-1,1076,1095,1094,1052,1,1,0,1,1,1,1,1,1,1,1,0,1,1,1,1
2026-07-03T19:55:14.283,tof1,4x4,empty,-1,-1,-1,-1,-1,-1,2396,-1,-1,-1,1983,1941,-1,1161,1105,-1,0,0,0,0,0,0,1,0,1,1,1,1,0,1,1,1
2026-07-03T19:55:14.325,tof2,4x4,empty,2979,3252,-1,3318,2119,2098,2167,3495,-1,1668,1614,-1,1069,1093,1099,1052,1,1,0,1,1,1,1,1,1,1,1,0,1,1,1,1
2026-07-03T19:55:14.430,tof1,4x4,empty,-1,-1,-1,-1,-1,-1,-1,-1,-1,-1,1983,-1,1053,1145,1105,-1,0,0,0,0,0,0,0,0,0,1,1,0,1,1,1,1
2026-07-03T19:55:14.494,tof2,4x4,empty,2979,3252,-1,3318,2119,-1,-1,3486,1494,1668,1454,-1,1076,1093,1100,1044,1,1,0,1,1,0,0,1,1,1,1,0,1,1,1,1
2026-07-03T19:55:14.588,tof1,4x4,empty,-1,-1,-1,-1,-1,-1,-1,-1,-1,-1,1968,1970,1063,1145,-1,1038,0,0,0,0,0,0,0,0,0,0,1,1,1,1,1,1
2026-07-03T19:55:14.662,tof2,4x4,empty,3003,3252,-1,3318,2119,-1,-1,-1,1494,1647,1454,-1,1075,1086,1100,1044,1,1,1,1,1,1,0,0,1,1,1,0,1,1,1,1
2026-07-03T19:55:14.768,tof1,4x4,empty,-1,-1,-1,-1,-1,-1,-1,-1,-1,1998,1968,1977,-1,1145,1146,1045,0,0,0,0,0,0,0,0,0,1,1,1,0,1,1,1
2026-07-03T19:55:14.824,tof2,4x4,empty,-1,3265,-1,3318,2109,-1,-1,3486,1488,1647,-1,-1,1075,1086,1102,1044,1,1,0,1,1,0,0,1,1,1,1,0,1,1,1,1
2026-07-03T19:55:14.927,tof1,4x4,empty,-1,-1,-1,-1,-1,-1,-1,-1,-1,-1,1968,-1,-1,1161,1120,1045,0,0,0,0,0,0,0,0,0,0,1,1,0,1,1,1
2026-07-03T19:55:14.998,tof2,4x4,empty,3003,3265,3307,3318,2109,-1,-1,3503,1494,1643,1507,-1,1080,1081,1100,1040,1,1,1,1,1,0,0,1,1,1,1,0,1,1,1,1
2026-07-03T19:55:15.083,tof1,4x4,empty,-1,-1,-1,-1,-1,-1,-1,-1,-1,-1,1968,-1,-1,-1,1120,-1,0,0,0,0,0,0,0,0,0,0,1,0,0,1,1,1
2026-07-03T19:55:15.157,tof2,4x4,empty,3003,3252,-1,3322,2109,-1,2164,-1,-1,1643,1454,-1,1080,1083,1100,1048,1,1,0,1,1,1,1,1,1,1,1,0,1,1,1,1
2026-07-03T19:55:15.237,tof1,4x4,empty,-1,-1,-1,-1,-1,-1,-1,-1,-1,-1,1965,-1,-1,-1,1120,1045,0,0,1,0,0,0,0,0,0,0,1,0,0,1,1,1
2026-07-03T19:55:15.313,tof2,4x4,empty,3011,3265,-1,3328,2118,-1,2164,3486,1494,1641,1507,-1,1075,1084,1098,1048,1,1,0,1,1,0,1,1,1,1,1,0,1,1,1,1
2026-07-03T19:55:15.400,tof1,4x4,empty,-1,-1,-1,-1,-1,-1,-1,-1,-1,-1,1965,-1,-1,1135,-1,-1,0,0,0,0,0,0,0,0,0,0,1,1,0,1,1,1
2026-07-03T19:55:15.479,tof2,4x4,empty,3003,3253,-1,3328,-1,-1,-1,3486,1537,1641,1510,-1,1076,-1,1100,1046,1,1,1,1,0,1,1,1,1,1,1,0,1,1,1,1
2026-07-03T19:55:15.559,tof1,4x4,empty,-1,-1,-1,-1,-1,-1,-1,-1,-1,-1,1965,-1,1078,1131,-1,1049,0,0,0,0,0,0,0,0,0,1,1,1,1,1,1,1
2026-07-03T19:55:15.639,tof2,4x4,empty,-1,3253,-1,3322,-1,-1,2167,-1,1537,1679,1568,-1,-1,1084,1100,1038,1,1,0,1,0,0,1,1,1,1,1,0,1,1,1,1
2026-07-03T19:55:15.717,tof1,4x4,empty,-1,-1,-1,-1,-1,-1,-1,-1,-1,-1,1963,-1,1078,-1,1120,1049,0,0,0,1,0,0,0,0,1,0,1,0,1,1,1,1
2026-07-03T19:55:15.798,tof2,4x4,empty,2972,3264,-1,3304,2118,-1,-1,3475,1537,1701,1596,-1,1072,1084,1100,1046,1,1,1,1,1,0,1,1,1,1,1,0,1,1,1,1
2026-07-03T19:55:15.882,tof1,4x4,empty,-1,-1,-1,-1,-1,-1,-1,-1,-1,1979,1963,-1,1078,1161,-1,-1,1,0,0,0,0,0,1,0,1,1,1,1,1,1,1,1
2026-07-03T19:55:15.966,tof2,4x4,empty,-1,3264,-1,3301,2122,-1,2179,-1,1535,-1,1596,-1,1072,1084,1100,1046,1,1,0,1,1,0,1,1,1,1,1,0,1,1,1,1
2026-07-03T19:55:16.032,tof1,4x4,empty,-1,-1,-1,-1,-1,-1,-1,-1,-1,-1,1983,-1,1100,1168,-1,-1,0,0,0,0,0,0,1,0,0,1,1,1,1,1,1,1
2026-07-03T19:55:16.138,tof2,4x4,empty,2972,3260,-1,3301,2118,-1,2179,3521,1466,1679,1596,-1,1075,-1,-1,1038,1,1,0,1,1,1,1,1,1,1,1,0,1,1,1,1
2026-07-03T19:55:16.196,tof1,4x4,empty,-1,-1,-1,-1,-1,-1,-1,-1,-1,-1,1991,-1,1100,-1,1120,-1,0,0,0,0,0,0,0,0,1,1,1,0,1,1,1,1
2026-07-03T19:55:16.295,tof2,4x4,empty,-1,3260,-1,3301,2100,2165,2179,3521,-1,1679,1490,-1,1075,1087,1104,1046,1,1,0,1,1,1,1,1,1,1,1,0,1,1,1,1
2026-07-03T19:55:16.363,tof1,4x4,empty,-1,-1,-1,-1,-1,-1,-1,-1,-1,-1,1991,-1,-1,1153,1120,-1,0,0,0,0,0,0,0,0,0,1,1,0,1,1,1,1
2026-07-03T19:55:16.454,tof2,4x4,empty,2976,3260,-1,3311,2100,2169,-1,3522,1438,1679,1487,-1,1075,1090,1104,1047,1,1,0,1,1,1,0,1,1,1,1,0,1,1,1,1
2026-07-03T19:55:16.541,tof1,4x4,empty,-1,-1,-1,-1,-1,-1,-1,-1,-1,-1,1993,1977,-1,1168,1133,1049,0,0,0,0,0,0,0,0,0,0,1,1,0,1,1,1
2026-07-03T19:55:16.614,tof2,4x4,empty,2976,3254,-1,3326,2122,2169,2179,3521,1438,1719,-1,-1,1075,1090,1104,1048,1,1,0,1,1,1,1,1,1,1,1,0,1,1,1,1
2026-07-03T19:55:16.726,tof1,4x4,empty,-1,-1,-1,-1,-1,-1,-1,-1,-1,-1,1994,2017,-1,-1,1135,-1,0,0,0,0,0,0,0,0,0,1,1,1,0,1,1,1
2026-07-03T19:55:16.796,tof2,4x4,empty,2984,3253,-1,3326,2125,2165,2180,3522,1441,-1,-1,-1,1084,1087,1101,1048,1,1,1,1,1,1,1,1,1,1,1,1,1,1,1,1
2026-07-03T19:55:16.893,tof1,4x4,empty,-1,-1,-1,-1,-1,-1,-1,-1,-1,-1,1991,-1,-1,1168,-1,-1,0,0,0,0,0,0,0,0,0,0,1,1,0,1,1,1
2026-07-03T19:55:16.955,tof2,4x4,empty,2985,3250,3302,3325,2130,2154,2180,3522,-1,1666,-1,-1,1070,-1,1104,1048,1,1,1,1,1,1,1,1,1,1,1,0,1,1,1,1
2026-07-03T19:55:17.054,tof1,4x4,empty,-1,-1,-1,-1,-1,-1,-1,-1,-1,-1,1991,-1,1100,1173,1150,1040,0,1,0,0,0,0,0,0,0,1,1,0,1,1,1,1
2026-07-03T19:55:17.145,tof2,4x4,empty,-1,3250,-1,3325,2186,-1,2188,3500,1441,1719,1487,-1,1076,1087,1101,1045,1,1,0,1,1,1,1,1,1,1,1,0,1,1,1,1
2026-07-03T19:55:17.221,tof1,4x4,empty,-1,-1,-1,-1,-1,-1,-1,-1,-1,-1,1973,-1,1122,1153,1135,1040,1,0,0,0,0,0,0,0,0,1,1,0,1,1,1,1
2026-07-03T19:55:17.304,tof2,4x4,empty,3019,3250,-1,3335,2192,2154,2196,3500,-1,1745,-1,-1,1070,1090,1101,1045,1,1,0,1,1,1,1,1,1,1,1,0,1,1,1,1
2026-07-03T19:55:17.391,tof1,4x4,empty,-1,-1,-1,-1,-1,-1,-1,-1,-1,-1,1973,2017,-1,1173,-1,1040,0,0,0,0,0,0,0,0,0,1,1,1,1,1,1,1
2026-07-03T19:55:17.462,tof2,4x4,empty,-1,3253,-1,3325,2192,2133,2206,3488,-1,1745,-1,-1,1070,1093,1101,1042,1,1,0,1,1,1,1,1,1,1,1,0,1,1,1,1
2026-07-03T19:55:17.548,tof1,4x4,empty,-1,-1,-1,-1,-1,-1,-1,-1,-1,-1,1973,-1,1100,-1,1135,1040,0,0,0,0,0,0,0,0,0,1,1,0,1,1,1,1
2026-07-03T19:55:17.638,tof2,4x4,empty,3019,3256,-1,3335,2186,2003,2196,3473,-1,1709,-1,-1,1070,-1,1099,1040,1,1,1,1,1,1,1,1,1,1,1,0,1,1,1,1
2026-07-03T19:55:17.711,tof1,4x4,empty,-1,-1,-1,-1,-1,-1,-1,-1,-1,1979,1989,-1,-1,1150,1104,1051,0,0,0,0,0,0,0,0,1,1,1,1,1,1,1,1
2026-07-03T19:55:17.798,tof2,4x4,empty,-1,3256,-1,3335,2152,2051,2196,-1,1515,-1,-1,-1,1076,1093,1099,1042,1,1,0,1,1,1,1,1,1,1,1,0,1,1,1,1
2026-07-03T19:55:17.868,tof1,4x4,empty,-1,-1,-1,-1,-1,-1,-1,-1,-1,1979,1990,-1,-1,1148,1104,1051,0,0,0,0,0,0,0,0,0,1,1,0,0,1,1,1
2026-07-03T19:55:17.950,tof2,4x4,empty,3021,3258,-1,-1,2127,2027,2132,3488,1515,1728,-1,-1,1071,-1,1098,1042,1,1,0,1,1,1,1,1,1,1,1,0,1,1,1,1
2026-07-03T19:55:18.024,tof1,4x4,empty,-1,-1,-1,-1,-1,-1,-1,-1,-1,-1,1990,-1,1090,1134,1104,1075,0,0,0,0,0,0,0,0,0,0,1,0,1,1,1,1
2026-07-03T19:55:18.115,tof2,4x4,empty,3035,3258,-1,3316,2118,2027,2132,3488,1520,1709,1487,-1,1076,1093,1097,1042,1,1,1,1,1,1,1,1,1,1,1,0,1,1,1,1
2026-07-03T19:55:18.184,tof1,4x4,empty,-1,-1,-1,-1,-1,-1,-1,-1,-1,-1,1989,-1,1090,1134,-1,1055,0,0,0,0,0,0,0,0,0,0,1,1,1,1,1,1
2026-07-03T19:55:18.280,tof2,4x4,empty,3035,3249,3300,3313,2118,2051,2132,3488,1527,1709,1487,-1,1076,1091,1097,1044,1,1,1,1,1,1,1,1,1,1,1,0,1,1,1,1
2026-07-03T19:55:18.349,tof1,4x4,empty,-1,-1,-1,-1,-1,-1,-1,-1,-1,1997,1981,-1,1051,1130,1146,1075,0,0,0,0,0,0,0,0,0,1,1,1,1,1,1,1
2026-07-03T19:55:18.442,tof2,4x4,empty,2988,3249,-1,-1,2138,2051,-1,3488,1584,-1,1496,-1,1077,-1,1098,1048,1,1,0,1,1,1,1,1,1,1,1,0,1,1,1,1
2026-07-03T19:55:18.524,tof1,4x4,empty,-1,-1,-1,-1,-1,-1,-1,-1,-1,1968,1981,-1,1051,1134,-1,1058,0,0,0,0,0,0,0,0,1,1,1,0,1,1,1,1
2026-07-03T19:55:18.593,tof2,4x4,empty,2988,3252,-1,3316,2133,2027,-1,3488,1584,1713,1577,-1,1075,-1,1101,1044,1,1,0,1,1,1,0,1,1,1,1,0,1,1,1,1
2026-07-03T19:55:18.687,tof1,4x4,empty,-1,-1,-1,-1,-1,-1,-1,-1,-1,-1,1976,2017,-1,1171,-1,1061,0,0,0,0,0,0,0,0,0,0,1,1,1,1,1,1
2026-07-03T19:55:18.767,tof2,4x4,empty,2988,3252,-1,3314,-1,2093,2161,3488,1584,1713,-1,-1,1075,1089,1102,1046,1,1,1,1,1,1,1,1,1,1,1,0,1,1,1,1
2026-07-03T19:55:18.844,tof1,4x4,empty,-1,-1,-1,-1,-1,-1,-1,-1,-1,-1,1980,-1,1090,-1,1146,1058,0,0,0,0,0,0,0,0,0,0,1,0,1,1,1,1
2026-07-03T19:55:18.927,tof2,4x4,empty,-1,3258,-1,3314,2138,2085,2185,3488,-1,1713,-1,-1,1075,1088,1102,1044,1,1,0,1,1,1,1,1,1,1,1,0,1,1,1,1
2026-07-03T19:55:19.005,tof1,4x4,empty,-1,-1,-1,-1,-1,-1,-1,-1,-1,-1,1976,-1,-1,1171,-1,1061,0,1,0,0,0,0,0,0,0,1,1,0,1,1,1,1
2026-07-03T19:55:19.098,tof2,4x4,empty,2988,3259,3293,3315,2138,2085,2194,3488,1584,1729,-1,-1,-1,1088,1102,1042,1,1,1,1,1,1,1,1,1,1,1,0,1,1,1,1
2026-07-03T19:55:19.190,tof1,4x4,empty,-1,-1,-1,-1,-1,-1,-1,-1,-1,-1,1976,-1,1058,1133,1146,1058,0,0,0,0,0,0,0,0,0,1,1,0,1,1,1,1
2026-07-03T19:55:19.273,tof2,4x4,empty,2996,3262,-1,3317,-1,2093,-1,-1,1518,1729,1614,-1,-1,1088,1102,1042,1,1,1,1,1,1,0,0,1,1,1,0,1,1,1,1
2026-07-03T19:55:19.377,tof1,4x4,empty,-1,-1,-1,-1,-1,-1,-1,-1,-1,-1,1976,-1,1058,-1,-1,1061,0,0,0,0,0,0,0,0,0,0,1,0,1,1,1,1
2026-07-03T19:55:19.429,tof2,4x4,empty,2996,3262,3293,-1,-1,2124,2186,3488,1474,1749,-1,-1,1075,1082,1102,1043,1,1,1,1,1,1,1,1,1,1,1,0,1,1,1,1
2026-07-03T19:55:19.543,tof1,4x4,empty,-1,-1,-1,-1,-1,-1,-1,-1,-1,-1,1976,-1,-1,1133,1146,1089,0,0,0,0,0,0,0,0,1,1,1,0,1,1,1,1
2026-07-03T19:55:19.612,tof2,4x4,empty,2999,3261,-1,3319,2133,2162,2186,3493,1474,1754,1614,-1,1075,1082,1101,1039,1,1,0,1,1,1,1,1,1,1,1,0,1,1,1,1
2026-07-03T19:55:19.708,tof1,4x4,empty,-1,-1,-1,-1,-1,-1,-1,-1,-1,-1,1976,-1,-1,-1,1098,1089,0,0,0,0,0,0,0,0,0,1,1,0,0,1,1,1
2026-07-03T19:55:19.779,tof2,4x4,empty,-1,3261,3300,3320,2126,2163,2186,3488,-1,1767,1612,-1,1076,1082,1102,1043,0,1,1,1,1,1,1,1,1,1,1,0,1,1,1,1
2026-07-03T19:55:19.868,tof1,4x4,empty,-1,-1,-1,-1,-1,-1,-1,-1,-1,-1,1990,1998,1058,1133,1098,1087,0,0,0,0,0,0,0,0,0,0,1,1,1,1,1,1
2026-07-03T19:55:19.936,tof2,4x4,empty,2996,3261,-1,3320,2126,2162,2186,3521,1474,1767,1614,-1,1079,1082,-1,1043,1,1,0,1,1,1,1,1,1,1,1,0,1,1,1,1
2026-07-03T19:55:20.023,tof1,4x4,empty,-1,-1,-1,-1,-1,-1,-1,-1,-1,1997,1990,-1,1058,-1,1102,-1,0,0,0,0,0,0,0,0,0,1,1,0,1,1,1,1
2026-07-03T19:55:20.105,tof2,4x4,empty,2986,3257,-1,3320,2107,2151,2186,3488,1474,1768,1612,-1,1079,1076,1102,1044,1,1,1,1,1,1,1,1,1,1,1,0,1,1,1,1
2026-07-03T19:55:20.189,tof1,4x4,empty,-1,-1,-1,-1,-1,-1,-1,-1,-1,-1,1963,1990,-1,1133,-1,1090,0,0,0,0,0,0,0,0,1,0,1,1,0,1,1,1
2026-07-03T19:55:20.259,tof2,4x4,empty,2986,3251,3300,3325,2126,2151,2179,3499,1447,-1,1568,-1,1083,1085,1102,1044,1,1,1,1,1,1,1,1,1,1,1,0,1,1,1,1
2026-07-03T19:55:20.354,tof1,4x4,empty,-1,-1,-1,-1,-1,-1,-1,-1,2191,-1,1963,-1,-1,1162,-1,1087,1,0,0,1,0,0,0,0,1,0,1,0,1,1,1,1
2026-07-03T19:55:20.426,tof2,4x4,empty,3028,3257,-1,3320,2126,2145,2179,3476,-1,1768,1568,-1,1082,1087,1101,1050,1,1,0,1,1,1,1,1,1,1,1,0,1,1,1,1
2026-07-03T19:55:20.526,tof1,4x4,empty,-1,-1,-1,-1,-1,-1,-1,-1,-1,1997,1963,-1,1058,1162,1102,1087,1,0,0,0,0,0,0,0,0,1,1,0,1,1,1,1
2026-07-03T19:55:20.586,tof2,4x4,empty,3006,3257,-1,3319,2126,2145,2186,3499,1428,1738,1568,-1,1082,1088,1101,1045,1,1,0,1,1,1,1,1,1,1,1,1,1,1,1,1
2026-07-03T19:55:20.702,tof1,4x4,empty,-1,-1,-1,-1,-1,-1,-1,-1,-1,1972,1963,-1,-1,1162,1136,1093,0,0,0,0,0,0,0,0,0,1,1,0,1,1,1,1
2026-07-03T19:55:20.790,tof2,4x4,empty,3006,3257,-1,3325,2107,2145,2192,3497,1428,1724,-1,-1,1072,1088,1101,1051,1,1,0,1,1,1,1,1,1,1,1,0,1,1,1,1
2026-07-03T19:55:20.860,tof1,4x4,empty,-1,-1,-1,-1,-1,-1,-1,-1,-1,-1,1966,-1,1089,-1,-1,1093,0,0,0,0,0,0,0,0,0,0,1,0,1,1,1,1
2026-07-03T19:55:21.018,tof1,4x4,empty,-1,-1,-1,-1,-1,-1,-1,-1,-1,-1,1966,-1,-1,1134,1138,-1,0,0,0,0,0,0,0,0,0,1,1,0,1,1,1,1
2026-07-03T19:55:21.176,tof1,4x4,empty,-1,-1,-1,-1,-1,-1,-1,-1,-1,-1,1969,-1,-1,1134,-1,-1,0,0,0,0,0,0,0,0,0,0,1,0,1,1,1,1
2026-07-03T19:55:21.334,tof1,4x4,empty,-1,-1,-1,-1,-1,-1,-1,-1,-1,-1,1980,-1,1097,1134,1138,1049,0,0,0,0,0,0,0,0,0,0,1,0,1,1,1,1
2026-07-03T19:55:21.495,tof1,4x4,empty,-1,-1,-1,-1,-1,-1,-1,-1,-1,-1,1980,-1,1105,-1,1138,1049,0,0,0,0,0,0,0,0,0,1,1,1,1,1,1,1
2026-07-03T19:55:21.651,tof1,4x4,empty,-1,-1,-1,-1,-1,-1,-1,-1,-1,-1,1994,1965,-1,1146,1139,1042,0,0,0,1,0,0,0,0,0,0,1,1,0,1,1,1
2026-07-03T19:55:21.806,tof2,4x4,empty,3006,3259,-1,3325,2126,2145,2179,3497,-1,1738,1488,-1,1075,1089,1093,1051,1,1,0,1,1,1,1,1,1,1,1,0,1,1,1,1
2026-07-03T19:55:21.839,tof1,4x4,empty,-1,-1,-1,-1,-1,-1,-1,-1,-1,-1,1994,-1,-1,1150,1139,1039,1,1,0,0,0,0,0,0,0,1,1,0,1,1,1,1
2026-07-03T19:55:21.965,tof2,4x4,empty,3006,3263,-1,3319,2132,2128,-1,3477,1428,1738,1568,-1,1075,1091,1093,1050,1,1,0,1,1,1,1,1,1,1,1,0,1,1,1,1
2026-07-03T19:55:22.000,tof1,4x4,empty,-1,-1,-1,-1,-1,-1,-1,-1,-1,1972,1994,1965,-1,1157,1157,-1,0,0,0,0,0,0,0,0,0,1,1,1,0,1,1,1
2026-07-03T19:55:22.145,tof2,4x4,empty,3003,3263,-1,3323,2118,2123,2196,3497,1464,1724,1472,-1,1070,1094,1089,1048,1,1,0,1,1,1,1,1,1,1,1,0,1,1,1,1
2026-07-03T19:55:22.178,tof1,4x4,empty,-1,-1,-1,-1,-1,-1,-1,-1,-1,-1,1994,-1,-1,1150,-1,-1,0,0,0,1,0,0,0,0,0,1,1,1,1,1,1,1
2026-07-03T19:55:22.309,tof2,4x4,empty,3002,3263,3293,3323,2126,2123,2196,-1,-1,1724,1586,-1,1075,1091,1089,1048,1,1,1,1,1,1,1,1,1,1,1,0,1,1,1,1
2026-07-03T19:55:22.353,tof1,4x4,empty,-1,-1,-1,-1,-1,-1,-1,-1,-1,-1,1993,-1,1105,1150,1139,-1,0,0,0,0,0,0,0,0,0,0,1,0,1,1,1,1
2026-07-03T19:55:22.470,tof2,4x4,empty,3000,3260,-1,3323,2128,2123,2182,3477,-1,1741,1473,-1,1075,1091,1089,1046,1,1,1,1,1,1,1,1,1,1,1,0,1,1,1,1
2026-07-03T19:55:22.512,tof1,4x4,empty,-1,-1,-1,-1,-1,-1,-1,-1,-1,2006,1975,-1,-1,1150,-1,-1,0,0,0,0,0,0,0,0,0,1,1,1,0,1,1,1
2026-07-03T19:55:22.629,tof2,4x4,empty,-1,3258,3317,3301,2126,2123,2178,3477,1486,1648,1574,-1,-1,1088,1093,1046,1,1,1,1,1,1,1,1,1,1,1,0,1,1,1,1
2026-07-03T19:55:22.681,tof1,4x4,empty,-1,-1,-1,-1,-1,-1,-1,-1,-1,-1,1989,-1,-1,1150,1157,1039,0,0,0,0,0,0,0,0,0,1,1,0,1,1,1,1
2026-07-03T19:55:23.466,tof2,4x4,empty,2971,3257,-1,3323,2118,2123,-1,3503,1486,1648,1568,-1,-1,1086,1093,-1,1,1,0,1,1,1,1,1,1,1,1,0,1,1,1,1
2026-07-03T19:55:24.100,tof2,4x4,empty,2971,3258,-1,3301,2126,2128,2182,3503,-1,-1,1574,-1,1080,1086,1095,1046,1,1,0,1,1,1,1,1,1,1,1,0,1,1,1,1
2026-07-03T19:55:24.115,tof1,4x4,empty,-1,-1,-1,-1,-1,-1,-1,-1,-1,-1,1974,-1,-1,1150,1136,1042,0,0,0,0,0,0,0,0,0,0,1,0,0,1,1,1
2026-07-03T19:55:24.252,tof2,4x4,empty,2985,3260,-1,3298,2116,2141,2181,3515,-1,1706,1568,-1,-1,1086,1100,1046,1,1,0,1,1,1,1,1,1,1,1,0,1,1,1,1
2026-07-03T19:55:24.267,tof1,4x4,empty,-1,-1,-1,-1,-1,-1,-1,-1,-1,-1,1974,-1,1105,1149,1166,1057,0,0,0,0,0,0,0,0,0,0,1,0,1,1,1,1
2026-07-03T19:55:24.415,tof2,4x4,empty,2971,3258,-1,3298,2090,2163,-1,3515,-1,1706,-1,-1,1075,1088,-1,1046,1,1,0,1,1,1,1,1,1,1,1,0,1,1,1,1
2026-07-03T19:55:24.425,tof1,4x4,empty,-1,-1,-1,-1,-1,-1,-1,-1,-1,1972,1974,-1,-1,1149,1136,-1,1,0,0,0,0,0,0,0,0,1,1,1,1,1,1,1
2026-07-03T19:55:24.567,tof2,4x4,empty,2971,3258,-1,3298,2116,2163,2178,3503,-1,1706,-1,-1,1075,1088,1107,1047,1,1,0,1,1,1,1,1,1,1,1,0,1,1,1,1
2026-07-03T19:55:24.624,tof1,4x4,empty,-1,-1,-1,-1,-1,-1,-1,-1,-1,-1,1989,1965,-1,1149,-1,1057,0,0,0,1,0,0,0,0,0,0,1,1,0,1,1,1
2026-07-03T19:55:24.741,tof2,4x4,empty,2953,3258,-1,3298,2125,2163,2181,3510,-1,1714,-1,-1,1075,-1,1107,1046,1,1,0,1,1,1,1,1,1,1,1,0,1,1,1,1
2026-07-03T19:55:24.807,tof1,4x4,empty,-1,-1,-1,-1,-1,-1,-1,-1,-1,-1,1983,2013,-1,1158,-1,-1,0,0,0,0,0,0,0,0,0,0,1,1,0,1,1,1
2026-07-03T19:55:24.947,tof2,4x4,empty,2953,3258,-1,3325,2116,-1,2204,3480,-1,1723,-1,-1,1077,1088,1107,1042,1,1,0,1,1,1,1,1,1,1,1,0,1,1,1,1
2026-07-03T19:55:24.972,tof1,4x4,empty,-1,-1,-1,-1,-1,-1,-1,-1,-1,-1,1997,-1,1105,1149,1136,-1,0,0,0,0,0,0,0,0,0,0,1,1,1,1,1,1
2026-07-03T19:55:25.134,tof2,4x4,empty,2923,3258,3317,3332,-1,-1,2194,3480,-1,1723,1568,-1,-1,1088,1105,1051,1,1,1,1,0,0,1,1,1,1,1,0,1,1,1,1
2026-07-03T19:55:25.142,tof1,4x4,empty,-1,-1,-1,-1,-1,-1,-1,-1,-1,-1,1997,-1,-1,-1,1125,1066,0,0,0,0,0,0,0,0,0,0,1,1,0,1,1,1
2026-07-03T19:55:25.316,tof2,4x4,empty,2953,3258,-1,3325,2125,-1,2194,3507,1486,1723,-1,-1,1075,1087,-1,1046,1,1,0,1,1,0,1,1,1,1,1,0,1,1,1,1
2026-07-03T19:55:25.328,tof1,4x4,empty,-1,-1,-1,-1,-1,-1,-1,-1,-1,-1,1983,-1,-1,1158,1125,-1,0,0,0,0,0,0,0,0,0,0,1,1,0,1,1,1
2026-07-03T19:55:25.486,tof2,4x4,empty,3003,3256,-1,3325,2146,-1,2204,3507,1457,1723,-1,-1,1077,1087,-1,1046,1,1,1,1,1,0,1,1,1,1,1,1,1,1,1,1
2026-07-03T19:55:25.526,tof1,4x4,empty,-1,-1,-1,-1,-1,-1,-1,-1,-1,-1,1983,2013,-1,1170,-1,-1,0,0,0,0,0,0,0,0,0,0,1,1,1,1,1,1
2026-07-03T19:55:25.656,tof2,4x4,empty,3003,3258,-1,3325,2125,-1,-1,3507,1457,1723,-1,-1,1077,1090,1098,1054,1,1,0,1,1,0,0,1,1,1,1,0,1,1,1,1
2026-07-03T19:55:25.695,tof1,4x4,empty,-1,-1,-1,-1,-1,-1,-1,-1,-1,-1,1983,2036,-1,1170,-1,1066,0,0,0,0,0,0,0,0,0,0,1,1,0,1,1,1
2026-07-03T19:55:25.832,tof2,4x4,empty,2984,3258,-1,3325,2146,-1,-1,3517,-1,1709,-1,-1,1069,1090,1094,1054,1,1,1,1,1,0,1,1,1,1,1,0,1,1,1,1
2026-07-03T19:55:25.850,tof1,4x4,empty,-1,-1,-1,-1,-1,-1,-1,-1,-1,-1,1977,-1,-1,1129,1125,1066,0,0,0,1,0,0,0,0,0,1,1,1,1,1,1,1
2026-07-03T19:55:25.995,tof2,4x4,empty,-1,3256,-1,3304,2149,-1,-1,3507,1457,1709,1490,-1,1068,1087,1088,1046,1,1,0,1,1,0,1,1,1,1,1,0,1,1,1,1
2026-07-03T19:55:26.023,tof1,4x4,empty,-1,-1,-1,-1,-1,-1,-1,-1,-1,2003,1965,-1,-1,1164,-1,1066,0,0,0,0,0,0,0,0,0,1,1,1,0,1,1,1
2026-07-03T19:55:26.159,tof2,4x4,empty,2986,3258,-1,3304,2146,-1,2194,3504,-1,1583,-1,-1,1069,1090,1098,1046,1,1,0,1,1,0,1,1,1,1,1,0,1,1,1,1
2026-07-03T19:55:26.175,tof1,4x4,empty,-1,-1,-1,-1,-1,-1,-1,-1,-1,2006,1977,-1,1112,-1,-1,1066,0,0,0,0,0,0,0,0,0,1,1,1,1,1,1,1
2026-07-03T19:55:26.314,tof2,4x4,empty,2984,3258,-1,3296,2140,-1,2168,3504,1508,1583,1490,-1,1069,1092,1092,1045,1,1,0,1,1,0,1,1,1,1,1,0,1,1,1,1
2026-07-03T19:55:26.342,tof1,4x4,empty,-1,-1,-1,-1,-1,-1,-1,-1,-1,-1,1977,-1,-1,1164,-1,1060,0,0,0,0,0,0,0,0,0,0,1,0,0,1,1,1
2026-07-03T19:55:26.469,tof2,4x4,empty,2984,3256,-1,3317,2140,-1,2168,3461,1508,1583,1490,-1,1071,1084,1092,1040,1,1,0,1,1,0,1,1,1,1,1,0,1,1,1,1
2026-07-03T19:55:26.512,tof1,4x4,empty,-1,-1,-1,2262,-1,-1,-1,-1,-1,-1,1981,2013,-1,-1,-1,-1,0,0,0,1,0,0,0,0,0,0,1,1,0,1,1,1
2026-07-03T19:55:26.617,tof2,4x4,empty,-1,3256,-1,3308,-1,-1,-1,3461,1539,1724,1490,-1,1074,-1,1098,1040,1,1,0,1,0,1,1,1,1,1,1,0,1,1,1,1
2026-07-03T19:55:26.674,tof1,4x4,empty,-1,-1,-1,-1,-1,-1,-1,-1,-1,-1,1985,-1,-1,1158,1125,1060,0,0,0,0,0,0,0,0,0,1,1,1,0,1,1,1
2026-07-03T19:55:26.780,tof2,4x4,empty,2986,3256,-1,3317,2140,-1,2201,3483,1564,1583,1491,-1,1074,1084,1098,1040,1,1,0,1,1,0,1,1,1,1,1,0,1,1,1,1
2026-07-03T19:55:26.839,tof1,4x4,empty,-1,-1,-1,-1,-1,-1,-1,-1,-1,-1,1996,1993,1112,-1,1110,1056,0,0,0,0,0,0,0,0,0,1,1,1,1,1,1,1
2026-07-03T19:55:26.952,tof2,4x4,empty,2986,3255,-1,3308,2138,-1,2196,3483,-1,1715,-1,-1,1074,1090,1100,1042,1,1,1,1,1,1,1,1,1,1,1,0,1,1,1,1
2026-07-03T19:55:27.004,tof1,4x4,empty,-1,-1,-1,-1,-1,-1,-1,-1,-1,2003,2001,-1,1089,1164,1131,1056,0,0,0,0,0,0,0,0,0,1,1,1,1,1,1,1
2026-07-03T19:55:27.103,tof2,4x4,empty,-1,3255,-1,3317,2140,2146,2196,3486,1508,1715,1491,-1,1073,1090,1100,1044,1,1,1,1,1,1,1,1,1,1,1,0,1,1,1,1
2026-07-03T19:55:27.166,tof1,4x4,empty,-1,-1,-1,-1,-1,-1,-1,-1,-1,-1,1996,-1,-1,1167,1142,-1,0,0,0,0,0,0,0,0,0,1,1,0,0,1,1,1
2026-07-03T19:55:27.265,tof2,4x4,empty,2987,3255,-1,3333,2140,2126,2196,3486,1585,1715,-1,-1,-1,1090,1100,1048,1,1,0,1,1,1,1,1,1,1,1,0,1,1,1,1
2026-07-03T19:55:27.341,tof1,4x4,empty,-1,-1,-1,-1,-1,-1,-1,-1,-1,-1,1996,-1,1123,-1,-1,1056,0,0,0,0,0,0,0,0,0,1,1,1,1,1,1,1
2026-07-03T19:55:27.439,tof2,4x4,empty,3001,3255,-1,3333,2162,2126,2196,3500,1585,-1,-1,-1,1073,1090,1100,1050,1,1,1,1,1,1,1,1,1,1,1,0,1,1,1,1
2026-07-03T19:55:27.499,tof1,4x4,empty,-1,-1,-1,-1,-1,-1,-1,-1,-1,-1,1986,-1,1107,-1,-1,1070,0,0,0,0,0,0,0,0,0,1,1,1,1,1,1,1
2026-07-03T19:55:27.598,tof2,4x4,empty,2987,3255,-1,3321,2140,2061,2165,3504,-1,1715,1501,-1,1070,1090,1097,1051,1,1,0,1,1,1,1,1,1,1,1,0,1,1,1,1
2026-07-03T19:55:27.667,tof1,4x4,empty,-1,-1,-1,-1,-1,-1,-1,-1,-1,2003,1980,-1,1089,-1,1114,1056,0,0,0,0,0,0,0,0,0,1,1,0,1,1,1,1
2026-07-03T19:55:27.762,tof2,4x4,empty,2987,3255,-1,3321,-1,2061,2165,3504,1504,-1,1491,-1,1069,1091,1097,1051,1,1,0,1,1,1,1,1,1,1,1,0,1,1,1,1
2026-07-03T19:55:27.996,tof1,4x4,empty,-1,-1,-1,-1,-1,-1,-1,-1,-1,-1,1979,-1,1089,-1,1114,1053,0,0,0,1,0,0,0,0,0,0,1,0,1,1,1,1
2026-07-03T19:55:28.081,tof2,4x4,empty,3027,3255,-1,3321,2166,1999,2174,3486,-1,-1,1631,-1,1068,1090,1104,1051,1,1,0,1,1,1,1,1,1,1,1,0,1,1,1,1
2026-07-03T19:55:28.152,tof1,4x4,empty,-1,-1,-1,-1,-1,-1,-1,-1,-1,-1,1980,-1,1107,1167,1142,1056,0,0,0,0,0,0,0,0,0,0,1,0,1,1,1,1
2026-07-03T19:55:28.240,tof2,4x4,empty,-1,3255,3311,3314,2165,1997,2192,3477,1504,1715,-1,-1,1068,1090,1097,1047,1,1,1,1,1,1,1,1,1,1,1,0,1,1,1,1
2026-07-03T19:55:28.312,tof1,4x4,empty,-1,-1,-1,-1,-1,-1,-1,-1,-1,-1,1979,-1,-1,1167,-1,-1,1,0,0,0,0,0,0,0,0,0,1,1,1,1,1,1
2026-07-03T19:55:28.408,tof2,4x4,empty,3027,3252,-1,3311,2165,-1,2186,3470,1504,1717,1654,-1,-1,1090,1104,1047,1,1,1,1,1,1,1,1,1,1,1,0,1,1,1,1
2026-07-03T19:55:28.459,tof1,4x4,empty,-1,-1,-1,-1,-1,-1,-1,-1,-1,2003,1979,-1,-1,-1,-1,-1,0,0,0,0,0,0,0,0,0,1,1,1,0,1,1,1
2026-07-03T19:55:28.555,tof2,4x4,empty,2987,3251,3311,3311,2143,1997,-1,3470,-1,1717,-1,-1,1069,1090,1104,1046,1,1,1,1,1,1,0,1,1,1,1,0,1,1,1,1
2026-07-03T19:55:28.620,tof1,4x4,empty,-1,-1,-1,-1,-1,-1,-1,-1,-1,-1,1979,1984,1107,1167,1142,1056,1,0,0,0,0,0,0,0,0,0,1,1,1,1,1,1
2026-07-03T19:55:28.729,tof2,4x4,empty,-1,3251,-1,3315,2143,1997,2186,3470,1504,1717,-1,-1,1069,1090,1098,1047,0,1,0,1,1,1,1,1,1,1,1,0,1,1,1,1
2026-07-03T19:55:28.806,tof1,4x4,empty,-1,-1,-1,-1,-1,-1,-1,-1,-1,-1,1986,-1,-1,1167,1140,-1,0,0,0,0,0,0,0,0,0,0,1,0,0,1,1,1
2026-07-03T19:55:28.923,tof2,4x4,empty,2996,3248,-1,3315,2123,2092,2174,3455,1504,1749,1654,-1,1074,1091,1098,1047,1,1,0,1,1,1,1,1,1,1,1,0,1,1,1,1
2026-07-03T19:55:28.961,tof1,4x4,empty,-1,-1,-1,-1,-1,-1,-1,-1,-1,-1,1986,-1,-1,1151,-1,-1,0,0,0,0,0,0,0,0,0,0,1,0,1,1,1,1
2026-07-03T19:55:29.077,tof2,4x4,empty,2996,3251,-1,3316,2123,-1,-1,3486,1504,1749,-1,-1,1077,1091,1103,1047,1,1,0,1,1,1,1,1,1,1,1,0,1,1,1,1
2026-07-03T19:55:29.137,tof1,4x4,empty,-1,-1,-1,-1,-1,-1,-1,-1,-1,-1,1995,-1,1058,1150,1147,1056,0,0,0,0,0,0,0,0,0,0,1,0,1,1,1,1
2026-07-03T19:55:29.232,tof2,4x4,empty,2996,3257,3324,3340,2137,-1,2186,3516,1499,1733,1499,-1,1077,1089,1098,1046,1,1,1,1,1,1,1,1,1,1,1,0,1,1,1,1
2026-07-03T19:55:29.288,tof1,4x4,empty,-1,-1,-1,-1,-1,-1,-1,-1,-1,1992,1995,-1,-1,1150,1152,-1,0,0,0,0,0,0,0,0,0,1,1,0,1,1,1,1
2026-07-03T19:55:29.400,tof2,4x4,empty,2997,3257,-1,3340,2137,2092,2186,3516,1499,1733,-1,-1,-1,1089,1098,1047,1,1,0,1,1,1,1,1,1,1,1,0,1,1,1,1
2026-07-03T19:55:29.447,tof1,4x4,empty,-1,-1,-1,-1,-1,-1,-1,-1,-1,-1,1995,-1,-1,1150,-1,1056,0,0,0,0,0,0,0,0,0,1,1,1,0,1,1,1
2026-07-03T19:55:29.559,tof2,4x4,empty,2998,3256,-1,3344,2139,2138,2184,3515,-1,1733,1504,-1,1074,1088,1103,1048,1,1,0,1,1,1,1,1,1,1,1,0,1,1,1,1
2026-07-03T19:55:29.620,tof1,4x4,empty,-1,-1,-1,-1,-1,-1,-1,-1,-1,1990,1995,1993,1071,1150,1147,1056,0,0,0,0,0,0,0,0,0,1,1,1,1,1,1,1
2026-07-03T19:55:29.721,tof2,4x4,empty,2998,3256,-1,3340,2139,2138,-1,3515,1562,1733,-1,-1,1069,1088,1100,1048,1,1,0,1,1,1,0,1,1,1,1,0,1,1,1,1
2026-07-03T19:55:29.780,tof1,4x4,empty,-1,-1,-1,-1,-1,-1,-1,-1,-1,-1,1993,-1,1071,1150,-1,1070,0,0,0,0,0,0,0,0,0,0,1,0,1,1,1,1
2026-07-03T19:55:29.878,tof2,4x4,empty,3007,3253,-1,3310,2156,2092,2184,3490,1562,1741,-1,-1,1069,1088,1100,1048,1,1,0,1,1,1,1,1,1,1,1,0,1,1,1,1
2026-07-03T19:55:29.953,tof1,4x4,empty,-1,-1,-1,-1,-1,-1,-1,-1,-1,1990,1993,1984,1058,1157,1140,-1,0,0,0,0,0,0,0,0,0,1,1,1,1,1,1,1
2026-07-03T19:55:30.062,tof2,4x4,empty,2998,3250,3311,-1,2156,2051,2184,3490,-1,1748,-1,-1,1069,1092,1100,1048,1,1,1,1,1,1,1,1,1,1,1,0,1,1,1,1
2026-07-03T19:55:30.132,tof1,4x4,empty,-1,-1,-1,-1,-1,-1,-1,-1,-1,-1,2001,1962,-1,1171,1134,1056,0,0,0,0,0,0,0,0,0,0,1,1,1,1,1,1
2026-07-03T19:55:30.233,tof2,4x4,empty,-1,3253,-1,3307,2156,2138,-1,3474,1472,1748,-1,-1,1080,1097,1104,1048,1,1,0,1,1,1,1,1,1,1,1,0,1,1,1,1
2026-07-03T19:55:30.282,tof1,4x4,empty,-1,-1,-1,-1,-1,-1,-1,-1,-1,-1,1996,1962,1058,1171,-1,-1,1,0,0,0,0,0,0,0,0,0,1,1,1,1,1,1
2026-07-03T19:55:30.386,tof2,4x4,empty,3007,3253,3303,3301,-1,2051,2166,-1,1467,1745,1499,-1,1080,1097,-1,1048,1,1,1,1,0,1,1,1,1,1,1,0,1,1,1,1
2026-07-03T19:55:30.437,tof1,4x4,empty,-1,-1,-1,-1,-1,-1,-1,-1,-1,-1,2001,-1,-1,1198,1134,-1,0,0,0,0,0,0,0,0,0,0,1,1,1,1,1,1
2026-07-03T19:55:30.538,tof2,4x4,empty,2983,3257,-1,3301,2137,2051,2146,3490,1467,1745,1474,-1,1083,1092,1104,1048,1,1,1,1,1,1,1,1,1,1,1,0,1,1,1,1
2026-07-03T19:55:30.595,tof1,4x4,empty,-1,-1,-1,-1,-1,-1,-1,-1,-1,1988,2004,-1,1054,1198,1134,-1,0,0,0,0,0,0,0,0,0,1,1,1,1,1,1,1
2026-07-03T19:55:30.712,tof2,4x4,empty,-1,3257,-1,3301,2156,2057,-1,3490,1467,1745,1467,-1,1080,1092,-1,1047,0,1,0,1,1,1,0,1,1,1,1,0,1,1,1,1
2026-07-03T19:55:30.765,tof1,4x4,empty,-1,-1,-1,-1,-1,-1,-1,-1,-1,-1,2004,1962,-1,1167,1119,1042,0,0,0,0,0,0,0,0,0,1,1,1,1,1,1,1
2026-07-03T19:55:30.874,tof2,4x4,empty,2994,3257,-1,3301,2121,2098,2146,3540,-1,1745,-1,-1,1078,1093,1104,1048,1,1,0,1,1,1,1,1,1,1,1,0,1,1,1,1
2026-07-03T19:55:30.919,tof1,4x4,empty,-1,-1,-1,-1,-1,-1,-1,-1,-1,1979,2005,1962,1054,1157,1119,1027,1,0,0,0,0,0,0,0,0,1,1,1,1,1,1,1
2026-07-03T19:55:31.041,tof2,4x4,empty,2994,3255,-1,3309,2121,2057,2146,3538,1504,1745,1467,-1,1075,1093,-1,1046,1,1,0,1,1,1,1,1,1,1,1,0,1,1,1,1
2026-07-03T19:55:31.088,tof1,4x4,empty,-1,-1,-1,-1,-1,-1,-1,-1,-1,-1,2005,-1,-1,1157,1130,-1,0,0,0,0,0,0,0,0,0,1,1,1,1,1,1,1
2026-07-03T19:55:31.199,tof2,4x4,empty,-1,3255,-1,3309,2121,2098,2157,3538,-1,1745,1467,-1,1078,1094,1097,1046,1,1,0,1,1,1,1,1,1,1,1,0,1,1,1,1
2026-07-03T19:55:31.253,tof1,4x4,empty,-1,-1,-1,-1,-1,-1,-1,-1,-1,1976,2004,1964,-1,-1,1109,1042,0,0,0,0,0,0,0,0,0,1,1,1,0,1,1,1
2026-07-03T19:55:31.362,tof2,4x4,empty,2994,3252,-1,3309,2122,2098,2164,3538,-1,1736,-1,-1,1075,1095,1104,1046,1,1,0,1,1,1,1,1,1,1,1,0,1,1,1,1
2026-07-03T19:55:31.409,tof1,4x4,empty,-1,-1,-1,-1,-1,-1,-1,-1,-1,-1,1974,-1,-1,-1,1108,1042,0,0,0,0,0,0,0,0,0,0,1,1,0,1,1,1
2026-07-03T19:55:31.515,tof2,4x4,empty,-1,3252,-1,-1,2122,2132,2176,3532,1510,1733,1543,-1,1075,-1,-1,1046,1,1,0,1,1,1,1,1,1,1,1,1,1,1,1,1
2026-07-03T19:55:31.583,tof1,4x4,empty,-1,-1,-1,-1,-1,-1,-1,-1,-1,1976,1974,-1,1057,1157,1108,1045,0,0,0,0,0,0,0,0,0,1,1,1,1,1,1,1
2026-07-03T19:55:31.667,tof2,4x4,empty,2966,3256,-1,3309,-1,2132,2185,3527,1510,1733,-1,-1,1071,1095,-1,1042,1,1,0,1,1,1,1,1,1,1,1,1,1,1,1,1
2026-07-03T19:55:31.733,tof1,4x4,empty,-1,-1,-1,-1,-1,-1,-1,-1,-1,-1,1974,1964,-1,-1,1130,1059,0,0,0,0,0,0,0,0,0,1,1,1,0,1,1,1
2026-07-03T19:55:31.827,tof2,4x4,empty,2994,3256,-1,3313,2122,2160,2176,3497,1504,1733,1543,-1,1074,1095,1103,1035,1,1,1,1,1,1,1,1,1,1,1,0,1,1,1,1
2026-07-03T19:55:31.895,tof1,4x4,empty,-1,-1,-1,-1,-1,-1,-1,-1,-1,1988,1974,1961,-1,1157,-1,1059,0,0,0,0,0,0,0,0,0,1,1,1,1,1,1,1
2026-07-03T19:55:32.006,tof2,4x4,empty,-1,3247,-1,3336,2126,2146,-1,3479,1470,-1,-1,-1,1074,1095,1098,1046,1,1,0,1,1,1,1,1,1,1,1,0,1,1,1,1
2026-07-03T19:55:32.048,tof1,4x4,empty,-1,-1,-1,-1,-1,-1,-1,-1,-1,2003,1978,-1,-1,1157,-1,-1,0,0,0,0,0,0,0,0,0,1,1,0,0,1,1,1
2026-07-03T19:55:32.168,tof2,4x4,empty,-1,3252,-1,3336,2145,2146,2189,3479,-1,1715,-1,-1,-1,1094,1098,1046,0,1,0,1,1,1,1,1,1,1,1,0,1,1,1,1
2026-07-03T19:55:32.326,tof2,4x4,empty,2996,3247,-1,3336,2145,2149,2189,3472,-1,1715,-1,-1,1074,1093,1098,1052,1,1,0,1,1,1,1,1,1,1,1,0,1,1,1,1
2026-07-03T19:55:32.512,tof2,4x4,empty,2996,3247,-1,3324,2114,-1,2189,-1,1457,1715,1580,-1,1072,1093,1098,1052,1,1,0,1,1,1,1,1,1,1,1,0,1,1,1,1
2026-07-03T19:55:32.667,tof2,4x4,empty,3001,3252,-1,3309,2148,2158,2138,3472,-1,1715,1580,-1,1074,1093,1098,1052,1,1,0,1,1,1,1,1,1,1,1,0,1,1,1,1
2026-07-03T19:55:32.829,tof2,4x4,empty,3001,3252,-1,3309,2114,2149,2169,3479,-1,1716,-1,-1,1075,1091,1100,1047,1,1,1,1,1,1,1,1,1,1,1,0,1,1,1,1
2026-07-03T19:55:32.862,tof1,4x4,empty,-1,-1,-1,-1,-1,-1,-1,-1,-1,-1,1983,-1,1065,1161,1128,-1,0,0,0,0,0,0,0,0,0,1,1,1,1,1,1,1
2026-07-03T19:55:32.990,tof2,4x4,empty,3001,3244,-1,3320,2114,2149,2156,3526,1457,1736,-1,-1,1075,1091,-1,1047,1,1,0,1,1,1,1,1,1,1,1,0,1,1,1,1
2026-07-03T19:55:33.023,tof1,4x4,empty,-1,-1,-1,-1,-1,-1,-1,-1,-1,-1,1986,1981,-1,-1,-1,1059,0,0,0,0,0,0,0,0,0,0,1,1,0,1,1,1
2026-07-03T19:55:33.172,tof2,4x4,empty,3002,3252,-1,3324,2132,2148,2156,3526,-1,1716,1580,-1,1077,1091,-1,1047,1,1,0,1,1,1,1,1,1,1,1,0,1,1,1,1
2026-07-03T19:55:33.181,tof1,4x4,empty,-1,-1,-1,-1,-1,-1,-1,-1,-1,-1,1983,1961,1057,1161,-1,-1,0,0,0,0,0,0,0,0,0,1,1,1,1,1,1,1
2026-07-03T19:55:33.339,tof2,4x4,empty,3002,3252,3324,3324,2135,2132,2156,3526,-1,1743,1568,-1,1081,-1,1100,1051,1,1,1,1,1,1,1,1,1,1,1,0,1,1,1,1
2026-07-03T19:55:33.373,tof1,4x4,empty,-1,-1,-1,-1,-1,-1,-1,-1,-1,-1,1983,-1,-1,1135,-1,-1,0,0,0,0,0,0,0,0,0,0,1,0,0,1,1,1
2026-07-03T19:55:33.502,tof2,4x4,empty,2999,3245,-1,3327,2135,2109,-1,3482,1470,1743,-1,-1,1081,-1,1102,1051,1,1,0,1,1,1,1,1,1,1,1,0,1,1,1,1
2026-07-03T19:55:33.549,tof1,4x4,empty,-1,-1,-1,-1,-1,-1,-1,-1,-1,2003,1983,-1,1065,-1,-1,-1,0,0,0,0,0,0,0,0,0,1,1,0,1,1,1,1
2026-07-03T19:55:33.666,tof2,4x4,empty,3013,3252,3317,3328,2135,2132,2169,3480,1536,-1,1568,-1,1084,1085,1102,1051,1,1,1,1,1,1,1,1,1,1,1,0,1,1,1,1
2026-07-03T19:55:33.745,tof1,4x4,empty,-1,-1,-1,-1,-1,-1,-1,-1,-1,-1,1984,1956,-1,1166,1128,1059,0,0,0,0,0,0,0,0,0,1,1,1,1,1,1,1
2026-07-03T19:55:33.824,tof2,4x4,empty,-1,3252,-1,3328,2136,2109,2185,3480,1536,1730,-1,-1,1081,1085,1102,1051,1,1,0,1,1,1,1,1,1,1,1,0,1,1,1,1
2026-07-03T19:55:33.937,tof1,4x4,empty,-1,-1,-1,-1,-1,-1,-1,-1,-1,-1,1980,-1,1065,1166,1128,1056,1,0,0,0,0,0,0,0,0,0,1,0,1,1,1,1
2026-07-03T19:55:33.979,tof2,4x4,empty,3018,3257,-1,3328,2136,2109,2191,3482,1536,1697,1552,-1,1079,1091,1099,1043,1,1,1,1,1,1,1,1,1,1,1,0,1,1,1,1
2026-07-03T19:55:34.092,tof1,4x4,empty,-1,-1,-1,-1,-1,-1,-1,-1,-1,-1,1980,-1,1065,1166,1128,1056,0,0,0,0,0,0,0,0,0,1,1,0,1,1,1,1
2026-07-03T19:55:34.165,tof2,4x4,empty,3013,3261,-1,3328,-1,2118,2191,3463,-1,1730,1519,-1,1075,1092,1098,1043,1,1,0,1,0,1,1,1,1,1,1,0,1,1,1,1
2026-07-03T19:55:34.257,tof1,4x4,empty,-1,-1,-1,-1,-1,-1,-1,-1,-1,2003,1968,-1,-1,1166,1128,1075,0,0,0,0,0,0,0,0,0,1,1,1,1,1,1,1
2026-07-03T19:55:34.345,tof2,4x4,empty,2999,3261,3287,3325,2137,2118,-1,3462,1536,1728,1519,-1,1079,1092,-1,1043,1,1,1,1,1,1,1,1,1,1,1,0,1,1,1,1
2026-07-03T19:55:34.423,tof1,4x4,empty,-1,-1,-1,-1,-1,-1,-1,-1,-1,-1,1968,1961,1075,-1,1118,-1,0,0,0,0,0,0,0,0,0,1,1,1,1,1,1,1
2026-07-03T19:55:34.500,tof2,4x4,empty,3013,3261,-1,3315,2136,2114,2191,3497,-1,1728,1498,-1,1075,1093,-1,1046,1,1,1,1,1,1,1,1,1,1,1,0,1,1,1,1
2026-07-03T19:55:34.589,tof1,4x4,empty,-1,-1,-1,-1,-1,-1,-1,-1,-1,2003,1968,1985,1075,1166,1147,1064,0,0,0,0,0,0,0,0,0,1,1,1,1,1,1,1
2026-07-03T19:55:34.662,tof2,4x4,empty,3013,3261,-1,3315,2136,2118,2187,3488,1530,1728,-1,-1,1075,1097,-1,1046,1,1,0,1,1,1,1,1,1,1,1,0,1,1,1,1
2026-07-03T19:55:34.765,tof1,4x4,empty,-1,-1,-1,-1,-1,-1,-1,-1,-1,-1,1968,1956,-1,1169,1147,1064,0,0,0,0,0,0,0,0,0,0,1,1,0,1,1,1
2026-07-03T19:55:34.821,tof2,4x4,empty,-1,3252,-1,3315,2126,2114,2187,3462,-1,-1,-1,-1,-1,1097,1098,1052,1,1,0,1,1,1,1,1,1,1,1,0,1,1,1,1
2026-07-03T19:55:34.938,tof1,4x4,empty,-1,-1,-1,-1,-1,-1,-1,-1,-1,2003,1982,-1,-1,-1,-1,1075,0,0,0,0,0,0,0,0,0,1,1,0,1,1,1,1
2026-07-03T19:55:34.976,tof2,4x4,empty,2992,3252,-1,3316,2120,2114,2181,3488,1530,1728,1498,-1,1075,1097,-1,1051,1,1,0,1,1,1,1,1,1,1,1,0,1,1,1,1
2026-07-03T19:55:35.140,tof1,4x4,empty,-1,-1,-1,-1,-1,-1,-1,-1,-1,-1,1982,-1,1075,1169,-1,-1,0,0,0,0,0,0,0,0,0,0,1,0,1,1,1,1
2026-07-03T19:55:35.162,tof2,4x4,empty,2996,3252,-1,3331,2120,-1,2185,3510,-1,1728,1601,-1,-1,1097,1096,1048,1,1,1,1,1,1,1,1,1,1,1,0,1,1,1,1
2026-07-03T19:55:35.345,tof1,4x4,empty,-1,-1,-1,-1,-1,-1,-1,-1,-1,-1,1970,-1,1110,-1,-1,1081,0,0,0,0,0,0,0,0,0,1,1,0,1,1,1,1
2026-07-03T19:55:35.351,tof2,4x4,empty,2996,3252,-1,3331,2126,-1,2181,3488,-1,1728,1601,-1,1073,1095,1098,1048,1,1,1,1,1,0,1,1,1,1,1,0,1,1,1,1
2026-07-03T19:55:35.500,tof1,4x4,empty,-1,-1,-1,-1,-1,-1,-1,-1,-1,-1,1970,-1,-1,-1,-1,-1,0,0,0,0,0,0,0,0,0,0,1,0,1,1,1,1
2026-07-03T19:55:35.511,tof2,4x4,empty,2996,3252,3287,3331,2126,-1,2181,3485,1478,1728,1601,-1,1073,1095,1096,1048,1,1,1,1,1,0,1,1,1,1,1,0,1,1,1,1
2026-07-03T19:55:35.662,tof1,4x4,empty,-1,-1,-1,-1,-1,-1,-1,-1,-1,-1,1980,-1,-1,1178,-1,1078,0,0,0,0,0,0,0,0,0,0,1,0,1,1,1,1
2026-07-03T19:55:35.686,tof2,4x4,empty,-1,3255,-1,3329,2130,-1,2181,3490,1518,1728,1601,-1,1071,1094,1101,1048,1,1,1,1,1,0,1,1,1,1,1,0,1,1,1,1
2026-07-03T19:55:35.820,tof1,4x4,empty,-1,-1,-1,-1,-1,-1,-1,-1,-1,-1,1980,1961,1110,1178,1149,1078,0,0,0,0,0,0,0,0,0,0,1,1,1,1,1,1
2026-07-03T19:55:35.834,tof2,4x4,empty,2996,3260,-1,3329,2138,-1,-1,3485,1518,1738,1616,-1,1073,1094,1096,1048,1,1,0,1,1,0,0,1,1,1,1,0,1,1,1,1
2026-07-03T19:55:35.999,tof1,4x4,empty,-1,-1,-1,-1,-1,-1,-1,-1,-1,-1,1985,1961,-1,1178,1097,1081,0,0,0,0,0,0,0,0,0,0,1,1,1,1,1,1
2026-07-03T19:55:36.008,tof2,4x4,empty,2996,3263,-1,3319,2130,-1,2185,3485,1518,1728,1616,-1,1073,1087,1096,1046,1,1,0,1,1,0,1,1,1,1,1,0,1,1,1,1
2026-07-03T19:55:36.188,tof1,4x4,empty,-1,-1,-1,-1,-1,-1,-1,-1,-1,-1,1989,-1,-1,-1,1140,1078,0,0,0,0,0,0,1,0,0,1,1,0,1,1,1,1
2026-07-03T19:55:36.198,tof2,4x4,empty,2996,3264,-1,3329,2113,-1,2181,3485,1511,1772,1616,-1,1079,1087,1096,1051,1,1,0,1,1,1,1,1,1,1,1,0,1,1,1,1
2026-07-03T19:55:36.342,tof1,4x4,empty,-1,-1,-1,-1,-1,-1,-1,-1,-1,1970,1989,-1,-1,-1,1140,1067,0,0,0,0,0,0,0,0,0,1,1,0,0,1,1,1
2026-07-03T19:55:36.365,tof2,4x4,empty,2996,3264,-1,3311,-1,-1,-1,3479,-1,1742,1614,-1,1079,-1,1099,1051,1,1,0,1,0,1,1,1,1,1,1,0,1,1,1,1
2026-07-03T19:55:36.504,tof1,4x4,empty,-1,-1,-1,-1,-1,-1,-1,-1,-1,-1,1989,-1,-1,1178,-1,1058,0,1,0,0,0,0,0,0,0,1,1,1,0,1,1,1
2026-07-03T19:55:36.529,tof2,4x4,empty,3011,3263,-1,3332,2130,-1,2181,3479,-1,1742,-1,-1,-1,1087,1099,1048,1,1,0,1,1,0,1,1,1,1,1,0,1,1,1,1
2026-07-03T19:55:36.671,tof1,4x4,empty,-1,-1,-1,-1,-1,519,-1,-1,-1,2001,1989,-1,-1,1171,1140,1050,0,0,0,0,0,1,1,0,0,1,1,0,0,1,1,1
2026-07-03T19:55:36.707,tof2,4x4,empty,3026,3255,-1,3332,2118,-1,2181,3505,-1,1720,1614,-1,1079,1093,-1,1046,1,1,1,1,1,0,1,1,1,1,1,0,1,1,1,1
2026-07-03T19:55:36.847,tof1,4x4,empty,-1,-1,-1,-1,-1,-1,-1,-1,-1,-1,1993,-1,-1,-1,-1,1050,0,0,0,0,0,0,1,0,0,1,1,0,0,1,1,1
2026-07-03T19:55:36.883,tof2,4x4,empty,2986,3255,-1,3332,2118,-1,2163,3505,1511,1720,-1,-1,1076,1087,1100,1048,1,1,0,1,1,0,1,1,1,1,1,0,1,1,1,1
2026-07-03T19:55:37.016,tof1,4x4,empty,-1,-1,-1,-1,-1,-1,-1,-1,-1,-1,1988,-1,-1,-1,1104,1050,0,0,0,0,0,0,1,0,0,0,1,0,0,1,1,1
2026-07-03T19:55:37.039,tof2,4x4,empty,2986,3252,3317,3327,2118,-1,-1,-1,1511,1704,1556,-1,1076,1092,1102,1043,1,1,1,1,1,1,1,1,1,1,1,1,1,1,1,1
2026-07-03T19:55:37.184,tof1,4x4,empty,-1,-1,-1,-1,-1,-1,-1,-1,-1,-1,1980,-1,-1,-1,1104,-1,0,0,0,1,0,0,1,0,0,1,1,1,1,1,1,1
2026-07-03T19:55:37.220,tof2,4x4,empty,3026,3253,-1,3331,-1,-1,2163,3505,-1,1704,1517,-1,1076,1087,1102,1044,1,1,0,1,1,1,1,1,1,1,1,0,1,1,1,1
2026-07-03T19:55:37.343,tof1,4x4,empty,-1,-1,-1,-1,-1,-1,2396,-1,-1,-1,1980,-1,-1,1152,-1,-1,0,0,0,0,0,0,1,0,0,0,1,0,0,1,1,1
2026-07-03T19:55:37.397,tof2,4x4,empty,2986,3253,-1,3327,-1,2137,-1,3505,-1,1720,1495,-1,1076,1092,1102,1043,1,1,0,1,0,1,0,1,1,1,1,0,1,1,1,1
2026-07-03T19:55:37.512,tof1,4x4,empty,-1,-1,-1,-1,-1,-1,-1,-1,-1,-1,1980,-1,1110,1152,-1,-1,0,0,0,0,0,0,0,0,0,0,1,1,1,1,1,1
2026-07-03T19:55:37.559,tof2,4x4,empty,2977,3268,-1,3317,-1,-1,-1,3505,1495,1704,1472,-1,1072,1092,1102,1044,1,1,0,1,1,0,1,1,1,1,1,0,1,1,1,1
2026-07-03T19:55:37.674,tof1,4x4,empty,-1,-1,-1,-1,-1,-1,-1,-1,-1,-1,1980,-1,-1,-1,-1,1054,0,0,0,0,0,0,0,0,0,0,1,0,0,1,1,1
2026-07-03T19:55:37.758,tof2,4x4,empty,2977,3255,-1,3310,2134,-1,2163,3490,1495,1703,1472,-1,1072,1092,1097,1044,1,1,0,1,1,0,1,1,1,1,1,0,1,1,1,1
2026-07-03T19:55:37.837,tof1,4x4,empty,-1,-1,-1,-1,-1,-1,-1,-1,-1,-1,1977,1961,1110,1152,-1,1054,0,0,0,0,0,0,0,0,0,0,1,1,1,1,1,1
2026-07-03T19:55:37.969,tof2,4x4,empty,-1,3256,-1,3317,2134,-1,-1,3478,1484,-1,1472,-1,1072,1092,1097,1046,1,1,0,1,1,0,0,1,1,1,1,0,1,1,1,1
2026-07-03T19:55:38.244,tof1,4x4,empty,-1,-1,-1,-1,-1,-1,-1,-1,-1,2001,1977,-1,1084,-1,1104,1063,0,0,0,0,0,0,0,0,0,1,1,1,1,1,1,1
2026-07-03T19:55:38.287,tof2,4x4,empty,2977,3256,-1,3317,2136,2143,-1,3486,1532,1703,1588,-1,1069,1096,1094,1046,1,1,0,1,1,1,1,1,1,1,1,0,1,1,1,1
2026-07-03T19:55:38.414,tof1,4x4,empty,-1,-1,-1,-1,-1,-1,-1,-1,-1,-1,1980,-1,1082,-1,1104,1063,0,0,0,0,0,0,0,0,0,1,1,0,1,1,1,1
2026-07-03T19:55:38.470,tof2,4x4,empty,2973,3255,-1,3325,-1,-1,2183,-1,-1,-1,1598,-1,1072,1092,1094,1046,1,1,0,1,0,1,1,1,1,1,1,0,1,1,1,1
2026-07-03T19:55:38.585,tof1,4x4,empty,-1,-1,-1,-1,-1,-1,-1,-1,-1,-1,1980,1961,-1,1152,1117,1080,0,0,0,0,0,0,0,0,0,0,1,1,0,1,1,1
2026-07-03T19:55:38.632,tof2,4x4,empty,2973,3255,-1,3326,2134,2141,-1,3488,-1,1688,1598,-1,1073,-1,1100,1046,1,1,1,1,1,1,0,1,1,1,1,0,1,1,1,1
2026-07-03T19:55:38.755,tof1,4x4,empty,-1,-1,-1,-1,-1,-1,-1,-1,-1,-1,1984,-1,1084,1158,1117,1056,0,0,0,0,1,0,0,0,0,0,1,0,1,1,1,1
2026-07-03T19:55:38.795,tof2,4x4,empty,2992,3254,-1,3326,2134,2141,2183,-1,1532,1666,1588,-1,1079,1094,1106,1050,1,1,0,1,1,1,1,1,1,1,1,1,1,1,1,1
2026-07-03T19:55:38.910,tof1,4x4,empty,-1,-1,-1,-1,-1,-1,-1,-1,-1,-1,1987,1975,-1,1158,1122,-1,1,0,0,0,0,0,0,0,0,0,1,1,1,1,1,1
2026-07-03T19:55:38.957,tof2,4x4,empty,2973,3252,-1,3326,2127,2141,2219,3488,1532,1548,1588,-1,1075,1086,1102,1050,1,1,0,1,1,1,1,1,1,1,1,0,1,1,1,1
2026-07-03T19:55:39.067,tof1,4x4,empty,-1,-1,-1,-1,-1,-1,-1,-1,-1,-1,1987,-1,1082,1163,1117,1086,0,0,0,0,0,0,0,0,0,0,1,0,1,1,1,1
2026-07-03T19:55:39.116,tof2,4x4,empty,2992,3252,-1,3326,2125,2141,2219,3486,1511,1548,1617,-1,1084,1094,1102,1050,1,1,0,1,1,1,1,1,1,1,1,0,1,1,1,1
2026-07-03T19:55:39.230,tof1,4x4,empty,-1,-1,-1,-1,-1,-1,-1,-1,-1,-1,1984,-1,1076,1163,-1,1060,0,0,0,0,0,0,0,0,0,1,1,0,1,1,1,1
2026-07-03T19:55:39.287,tof2,4x4,empty,2992,3253,-1,3309,2120,2141,2189,3486,1570,1548,1617,-1,-1,1086,1102,1051,1,1,0,1,1,1,1,1,1,1,1,0,1,1,1,1
2026-07-03T19:55:39.379,tof1,4x4,empty,-1,-1,-1,-1,-1,-1,-1,-1,-1,2001,1987,-1,1076,1170,1117,1060,0,0,0,0,0,0,0,0,0,1,1,0,1,1,1,1
2026-07-03T19:55:39.446,tof2,4x4,empty,3001,3252,3317,3306,2113,2151,-1,3485,1514,1706,1617,-1,1075,1091,1099,1051,1,1,1,1,1,1,1,1,1,1,1,0,1,1,1,1
2026-07-03T19:55:39.555,tof1,4x4,empty,-1,-1,-1,-1,-1,-1,-1,-1,-1,-1,1983,-1,1091,-1,-1,-1,0,0,0,0,0,0,0,0,0,1,1,0,1,1,1,1
2026-07-03T19:55:39.609,tof2,4x4,empty,2984,3253,-1,3309,2113,2156,-1,3485,1514,1706,-1,-1,1084,-1,1099,1051,1,1,0,1,1,1,0,1,1,1,1,0,1,1,1,1
2026-07-03T19:55:39.742,tof1,4x4,empty,-1,-1,-1,-1,-1,-1,-1,-1,-1,-1,1980,-1,1076,-1,1122,1056,0,0,0,0,0,0,0,0,0,1,1,1,1,1,1,1
2026-07-03T19:55:39.763,tof2,4x4,empty,2984,3254,-1,3309,2113,2163,2189,3485,1528,1723,-1,-1,1075,1091,1097,1051,1,1,0,1,1,1,1,1,1,1,1,0,1,1,1,1
2026-07-03T19:55:39.906,tof1,4x4,empty,-1,-1,-1,-1,-1,-1,-1,-1,-1,1989,1980,-1,1091,-1,-1,-1,0,0,0,0,0,0,0,0,0,1,1,0,1,1,1,1
2026-07-03T19:55:39.936,tof2,4x4,empty,-1,3253,3293,3306,2113,2163,2191,3505,1532,1723,1617,-1,1074,1091,-1,1051,1,1,1,1,1,1,1,1,1,1,1,0,1,1,1,1
2026-07-03T19:55:40.073,tof1,4x4,empty,-1,-1,-1,-1,-1,-1,-1,-1,-1,-1,1968,-1,1095,1171,1122,1049,1,0,0,1,0,0,0,0,0,0,1,0,1,1,1,1
2026-07-03T19:55:40.111,tof2,4x4,empty,2974,3254,-1,3318,2118,2156,2189,3505,1528,1706,-1,-1,1074,1091,-1,1046,1,1,1,1,1,1,1,1,1,1,1,0,1,1,1,1
2026-07-03T19:55:40.216,tof1,4x4,empty,-1,-1,-1,-1,-1,-1,-1,-1,-1,-1,1968,-1,-1,-1,1111,1049,0,0,0,0,1,0,0,0,0,0,1,0,1,1,1,1
2026-07-03T19:55:40.281,tof2,4x4,empty,2960,3261,-1,3321,2133,2151,2189,3505,-1,-1,1603,-1,1075,1091,1097,1048,1,1,0,1,1,1,1,1,1,1,1,0,1,1,1,1
2026-07-03T19:55:40.391,tof1,4x4,empty,-1,-1,-1,-1,-1,-1,-1,-1,-1,-1,1968,1987,-1,-1,1127,1049,0,0,0,0,0,0,0,0,0,0,1,1,1,1,1,1
2026-07-03T19:55:40.436,tof2,4x4,empty,2960,3261,-1,3323,2127,2130,2187,3482,-1,1729,1602,-1,1073,1091,1097,1048,1,1,0,1,1,1,1,1,1,1,1,0,1,1,1,1
2026-07-03T19:55:40.545,tof1,4x4,empty,-1,-1,-1,-1,-1,-1,-1,-1,-1,2001,1968,-1,1095,-1,1125,1049,0,0,0,0,0,0,0,0,0,1,1,0,1,1,1,1
2026-07-03T19:55:40.716,tof1,4x4,empty,-1,-1,-1,-1,-1,-1,-1,-1,-1,-1,1976,-1,-1,1171,-1,1053,0,0,0,0,0,0,0,0,0,0,1,0,0,1,1,1
2026-07-03T19:55:40.781,tof2,4x4,empty,-1,3261,-1,3323,2133,2130,2170,3482,-1,1729,1557,-1,1070,1091,-1,1048,1,1,0,1,1,1,1,1,1,1,1,0,1,1,1,1
2026-07-03T19:55:40.882,tof1,4x4,empty,-1,-1,-1,-1,-1,-1,-1,-1,-1,2013,1991,-1,1075,1170,-1,1053,0,0,0,0,0,0,0,0,0,1,1,0,1,1,1,1
2026-07-03T19:55:40.939,tof2,4x4,empty,2960,3261,3293,3325,2133,2111,2170,3482,1528,1729,1557,-1,1070,1091,1097,1048,1,1,1,1,1,1,1,1,1,1,1,0,1,1,1,1
2026-07-03T19:55:41.047,tof1,4x4,empty,-1,-1,-1,-1,-1,-1,-1,-1,-1,2013,1991,-1,-1,1159,1111,-1,1,0,0,0,0,0,0,0,0,1,1,0,1,1,1,1
2026-07-03T19:55:41.106,tof2,4x4,empty,-1,3258,-1,3325,2127,2111,2187,3482,-1,1702,1566,-1,1070,1091,1101,1048,1,1,0,1,1,1,1,1,1,1,1,0,1,1,1,1
2026-07-03T19:55:41.211,tof1,4x4,empty,-1,-1,-1,-1,-1,-1,-1,-1,-1,-1,1991,-1,1095,1159,1111,-1,1,0,0,0,0,0,0,0,0,0,1,0,1,1,1,1
2026-07-03T19:55:41.267,tof2,4x4,empty,2991,3253,-1,3323,2116,2130,2174,3482,-1,1735,1566,-1,1070,1089,1101,1051,1,1,0,1,1,1,1,1,1,1,1,0,1,1,1,1
2026-07-03T19:55:41.392,tof1,4x4,empty,-1,-1,-1,-1,-1,-1,-1,-1,-1,-1,1993,1988,-1,1159,1120,-1,1,0,0,0,0,0,0,0,0,1,1,1,0,1,1,1
2026-07-03T19:55:41.433,tof2,4x4,empty,2991,3253,3293,3322,2113,2088,2176,3481,-1,1702,1566,-1,1076,1087,1101,1049,1,1,1,1,1,1,1,1,1,1,1,0,1,1,1,1
2026-07-03T19:55:41.543,tof1,4x4,empty,-1,-1,-1,-1,-1,-1,-1,-1,-1,1989,1993,-1,-1,1159,1120,1062,0,0,0,0,0,0,0,0,0,1,1,1,0,1,1,1
2026-07-03T19:55:41.615,tof2,4x4,empty,3002,3253,3293,3322,2113,2088,-1,3467,1473,1750,1566,-1,1076,1087,-1,1049,1,1,1,1,1,1,1,1,1,1,1,0,1,1,1,1
2026-07-03T19:55:41.700,tof1,4x4,empty,-1,-1,-1,-1,-1,-1,-1,-1,-1,-1,1976,-1,1088,1125,1120,-1,0,0,0,1,0,0,0,0,0,1,1,1,1,1,1,1
2026-07-03T19:55:41.834,tof2,4x4,empty,3003,3245,-1,-1,2115,2132,-1,3481,1473,1702,1490,-1,1080,1091,1098,1049,1,1,0,1,1,1,0,1,1,1,1,1,1,1,1,1
2026-07-03T19:55:41.867,tof1,4x4,empty,-1,-1,-1,-1,-1,-1,-1,-1,-1,-1,1975,1988,1088,-1,1125,1076,0,0,0,0,0,0,0,0,0,0,1,1,1,1,1,1
2026-07-03T19:55:41.999,tof2,4x4,empty,3003,3255,-1,3314,2116,2153,2184,3481,1473,-1,-1,-1,1080,1091,1098,1049,1,1,1,1,1,1,1,1,1,1,1,1,1,1,1,1
2026-07-03T19:55:42.025,tof1,4x4,empty,-1,-1,-1,-1,-1,-1,-1,-1,-1,-1,1975,1987,-1,1125,-1,1062,0,0,0,0,0,0,0,0,0,0,1,1,1,1,1,1
2026-07-03T19:55:42.163,tof2,4x4,empty,3003,3255,-1,3314,2115,2149,2176,3492,1473,1747,-1,-1,1080,1091,-1,1049,1,1,0,1,1,1,1,1,1,1,1,0,1,1,1,1
2026-07-03T19:55:42.176,tof1,4x4,empty,-1,-1,-1,-1,-1,-1,-1,-1,-1,-1,1971,-1,-1,1125,1126,1062,0,1,0,0,0,0,0,0,0,0,1,1,0,1,1,1
2026-07-03T19:55:42.397,tof1,4x4,empty,-1,-1,-1,-1,-1,-1,-1,-1,-1,-1,1975,1988,1088,-1,1126,-1,0,0,0,0,0,0,0,0,0,0,1,1,1,1,1,1
2026-07-03T19:55:42.405,tof2,4x4,empty,3003,3254,3293,3314,2132,2149,-1,3492,1473,1743,1490,-1,1080,1091,-1,1048,1,1,1,1,1,1,1,1,1,1,1,0,1,1,1,1
2026-07-03T19:55:42.562,tof1,4x4,empty,-1,-1,-1,-1,-1,-1,-1,-1,-1,-1,1975,-1,-1,1125,-1,-1,1,0,0,0,0,0,0,0,0,0,1,0,1,1,1,1
2026-07-03T19:55:42.569,tof2,4x4,empty,3059,3254,-1,3314,2141,2153,2174,3492,-1,1743,1490,-1,1080,1091,1098,1047,1,1,0,1,1,1,1,1,1,1,1,0,1,1,1,1
2026-07-03T19:55:42.762,tof1,4x4,empty,-1,-1,-1,-1,-1,-1,-1,-1,-1,2025,1979,1990,1088,1158,1126,-1,0,0,0,0,0,0,0,0,0,1,1,1,1,1,1,1
2026-07-03T19:55:42.827,tof2,4x4,empty,3059,3254,-1,3314,2171,2153,2166,3479,1481,1743,1480,-1,1074,1088,1096,1048,1,1,0,1,1,1,1,1,1,1,1,0,1,1,1,1
2026-07-03T19:55:42.929,tof1,4x4,empty,-1,-1,-1,-1,-1,-1,-1,-1,-1,1985,1983,1962,-1,1158,1155,1062,1,0,0,0,0,0,0,0,0,1,1,1,0,1,1,1
2026-07-03T19:55:43.090,tof1,4x4,empty,-1,-1,-1,-1,-1,-1,-1,-1,-1,-1,1983,-1,-1,-1,1105,1065,0,0,0,0,0,0,0,0,0,1,1,0,0,1,1,1
2026-07-03T19:55:43.239,tof1,4x4,empty,-1,-1,-1,-1,-1,-1,-1,-1,-1,-1,1979,1990,1081,-1,1105,1065,0,0,0,0,0,0,0,0,0,0,1,1,1,1,1,1
2026-07-03T19:55:43.395,tof1,4x4,empty,-1,-1,-1,-1,-1,-1,-1,-1,-1,1984,1974,-1,1081,-1,1142,-1,0,0,0,0,0,0,0,0,0,1,1,0,1,1,1,1
2026-07-03T19:55:43.548,tof1,4x4,empty,-1,-1,-1,-1,2269,-1,-1,-1,-1,-1,1974,1990,-1,1158,1142,1071,0,0,0,0,1,0,0,0,0,0,1,1,0,1,1,1
2026-07-03T19:55:43.709,tof1,4x4,empty,-1,-1,-1,-1,-1,-1,-1,-1,2204,1985,1968,1946,-1,1158,1101,1071,0,0,0,0,0,0,0,0,1,1,1,1,0,1,1,1
2026-07-03T19:55:43.825,tof2,4x4,empty,2990,3252,-1,3316,2171,2149,2166,3475,-1,-1,1500,-1,1069,1087,-1,1046,1,1,1,1,1,1,1,1,1,1,1,0,1,1,1,1
2026-07-03T19:55:43.882,tof1,4x4,empty,-1,-1,-1,-1,-1,-1,-1,-1,2218,1984,1965,-1,-1,-1,1142,1071,0,0,0,0,0,0,0,0,1,1,1,0,0,1,1,1
2026-07-03T19:55:43.998,tof2,4x4,empty,2989,3254,-1,3314,2171,2131,2166,3475,1446,1744,1509,-1,-1,1087,1101,1046,1,1,0,1,1,1,1,1,1,1,1,0,1,1,1,1
2026-07-03T19:55:44.042,tof1,4x4,empty,-1,-1,-1,-1,2269,-1,-1,-1,2218,-1,1965,-1,-1,-1,1133,1071,0,0,0,0,1,0,0,0,1,1,1,0,1,1,1,1
2026-07-03T19:55:44.215,tof1,4x4,empty,-1,-1,-1,-1,2260,-1,-1,-1,2218,1984,-1,1938,1081,-1,-1,-1,0,0,0,1,1,0,0,0,1,1,1,1,1,1,1,1
2026-07-03T19:55:44.257,tof2,4x4,empty,2989,3250,-1,3316,2134,2118,2180,3475,1446,-1,1610,-1,1069,-1,1102,1047,1,1,0,1,1,1,1,1,1,1,1,0,1,1,1,1
2026-07-03T19:55:44.456,tof2,4x4,empty,-1,3249,-1,3316,2134,2118,2180,3475,1452,1743,1509,-1,1067,1087,1101,1047,1,1,0,1,1,1,1,1,1,1,1,0,1,1,1,1
2026-07-03T19:55:44.472,tof1,4x4,empty,-1,-1,-1,-1,-1,-1,-1,-1,2197,-1,1987,-1,-1,1120,-1,1069,0,0,0,0,1,0,0,0,1,1,1,0,0,1,1,1
2026-07-03T19:55:44.626,tof2,4x4,empty,-1,3249,-1,3322,2134,2118,2180,3513,-1,1720,1582,-1,1069,1087,-1,1047,1,1,0,1,1,1,1,1,1,1,1,0,1,1,1,1
2026-07-03T19:55:44.675,tof1,4x4,empty,-1,-1,-1,-1,-1,-1,-1,-1,-1,-1,1956,-1,1105,-1,1114,1069,0,0,0,0,0,0,0,0,0,0,1,1,1,1,1,1
2026-07-03T19:55:44.789,tof2,4x4,empty,-1,3252,3302,3301,2158,2118,2178,3516,-1,1707,-1,-1,1070,1094,-1,1047,1,1,1,1,1,1,1,1,1,1,1,0,1,1,1,1
2026-07-03T19:55:44.865,tof1,4x4,empty,-1,-1,-1,-1,-1,-1,-1,-1,-1,-1,1987,-1,-1,-1,-1,1069,0,0,0,0,0,0,0,0,0,0,1,0,0,1,1,1
2026-07-03T19:55:44.990,tof2,4x4,empty,2989,3252,-1,3322,2158,2054,2178,-1,1481,1707,-1,-1,1075,-1,1088,1041,1,1,0,1,1,1,1,1,1,1,1,0,1,1,1,1
2026-07-03T19:55:45.071,tof1,4x4,empty,-1,-1,-1,-1,-1,-1,-1,-1,-1,-1,1987,1946,-1,1120,1115,1069,0,0,0,0,0,0,0,0,0,0,1,1,0,1,1,1
2026-07-03T19:55:45.152,tof2,4x4,empty,2984,3252,-1,3318,2158,2161,2178,3513,1488,-1,1509,-1,1076,1094,1101,1041,1,1,1,1,1,1,1,1,1,1,1,0,1,1,1,1
2026-07-03T19:55:45.242,tof1,4x4,empty,-1,-1,-1,-1,-1,-1,-1,-1,-1,-1,1986,-1,-1,1156,1115,-1,0,0,0,0,0,0,0,0,0,1,1,0,1,1,1,1
2026-07-03T19:55:45.317,tof2,4x4,empty,2971,3253,3302,3322,2149,2144,-1,3486,1492,1706,1522,-1,1078,1093,1101,1041,1,1,1,1,1,1,1,1,1,1,1,0,1,1,1,1
2026-07-03T19:55:45.437,tof1,4x4,empty,-1,-1,-1,-1,-1,-1,-1,-1,-1,1984,1985,1946,1132,1156,-1,1069,0,0,0,0,0,0,1,0,0,1,1,1,1,1,1,1
2026-07-03T19:55:45.495,tof2,4x4,empty,2992,3253,-1,3318,2146,2144,2170,3491,1526,-1,-1,-1,1076,1094,1101,1041,1,1,0,1,1,1,1,1,1,1,1,0,1,1,1,1
2026-07-03T19:55:45.595,tof1,4x4,empty,-1,-1,-1,-1,-1,-1,-1,-1,-1,1991,1985,1949,-1,1150,1114,1062,0,0,0,0,0,0,0,0,0,1,1,1,0,1,1,1
2026-07-03T19:55:45.655,tof2,4x4,empty,2992,3253,-1,3320,2127,2144,2194,3491,1580,1707,1506,-1,1076,1093,1101,1047,1,1,0,1,1,1,1,1,1,1,1,0,1,1,1,1
2026-07-03T19:55:45.753,tof1,4x4,empty,-1,-1,-1,-1,-1,-1,-1,-1,-1,-1,1981,-1,-1,1150,1114,1062,0,0,0,0,1,0,0,0,0,0,1,1,1,1,1,1
2026-07-03T19:55:45.827,tof2,4x4,empty,3005,3253,3305,3320,2127,2144,2194,3491,1534,1686,-1,-1,1076,-1,1101,1047,1,1,1,1,1,1,1,1,1,1,1,0,1,1,1,1
2026-07-03T19:55:45.916,tof1,4x4,empty,-1,-1,-1,-1,-1,-1,-1,-1,-1,1995,1981,-1,-1,1150,-1,1052,0,0,0,0,0,0,0,0,0,1,1,0,0,1,1,1
2026-07-03T19:55:45.988,tof2,4x4,empty,-1,3253,3305,3329,2135,2139,2190,3491,1580,1734,1522,-1,1078,-1,1098,1051,1,1,1,1,1,1,1,1,1,1,1,0,1,1,1,1
2026-07-03T19:55:46.072,tof1,4x4,empty,-1,-1,-1,-1,-1,-1,-1,-1,-1,2005,1980,-1,-1,-1,1111,1062,0,0,0,0,0,0,0,0,0,1,1,0,1,1,1,1
2026-07-03T19:55:46.138,tof2,4x4,empty,3005,3255,-1,3320,2135,2112,-1,3491,-1,-1,-1,-1,1076,1090,1098,1054,1,1,0,1,1,1,1,1,1,1,1,0,1,1,1,1
2026-07-03T19:55:46.254,tof1,4x4,empty,-1,-1,-1,-1,-1,-1,-1,-1,-1,1995,1977,-1,-1,1150,1086,1062,0,0,0,0,0,0,0,0,0,1,1,0,0,1,1,1
2026-07-03T19:55:46.329,tof2,4x4,empty,3005,3255,-1,3320,2135,-1,2170,3489,1580,1734,-1,-1,1082,1093,-1,1051,1,1,0,1,1,0,1,1,1,1,1,0,1,1,1,1
2026-07-03T19:55:46.475,tof1,4x4,empty,3314,-1,-1,-1,-1,-1,-1,-1,-1,1995,1981,-1,-1,1156,1086,1078,1,0,0,1,0,0,0,0,0,1,1,1,0,1,1,1
2026-07-03T19:55:46.485,tof2,4x4,empty,2959,3254,-1,3318,-1,-1,2170,3486,1534,-1,1506,2434,1083,1090,1098,1046,1,1,0,1,0,1,1,1,1,1,1,1,1,1,1,1
2026-07-03T19:55:46.645,tof1,4x4,empty,-1,-1,-1,-1,-1,-1,-1,-1,-1,-1,1993,-1,-1,1156,1115,-1,0,0,0,0,0,0,0,0,0,0,1,0,0,1,1,1
2026-07-03T19:55:46.652,tof2,4x4,empty,2959,3252,-1,3284,2135,-1,2170,3480,1489,1734,-1,-1,1083,1088,1099,1051,1,1,0,1,1,0,1,1,1,1,1,0,1,1,1,1
2026-07-03T19:55:46.847,tof1,4x4,empty,-1,-1,-1,2262,-1,-1,-1,-1,-1,1995,1988,-1,1132,1160,-1,1056,0,0,0,1,0,0,0,0,0,1,1,0,1,1,1,1
2026-07-03T19:55:46.925,tof2,4x4,empty,2959,3254,-1,3284,2132,-1,2170,2144,-1,1686,1522,-1,1079,1088,1099,1043,1,1,0,1,1,0,1,1,1,1,1,0,1,1,1,1
2026-07-03T19:55:47.265,tof2,4x4,empty,-1,3254,-1,3284,2132,-1,2171,2144,-1,1724,1537,-1,1079,1087,1100,1043,0,1,0,1,1,0,1,1,1,1,1,0,1,1,1,1
2026-07-03T19:55:47.271,tof1,4x4,empty,-1,-1,-1,-1,-1,-1,-1,-1,-1,-1,1994,-1,-1,1160,-1,-1,0,0,0,1,0,0,0,0,0,1,1,0,1,1,1,1
2026-07-03T19:55:47.433,tof2,4x4,empty,2983,3260,-1,3284,2132,-1,2173,-1,1489,1583,1546,-1,-1,1087,1099,1043,1,1,0,1,1,0,1,1,1,1,1,0,1,1,1,1
2026-07-03T19:55:47.478,tof1,4x4,empty,-1,-1,-1,-1,-1,-1,-1,-1,-1,-1,1994,-1,-1,1173,1115,1088,0,0,0,0,0,0,0,0,0,0,1,0,1,1,1,1
2026-07-03T19:55:47.609,tof2,4x4,empty,2983,3260,-1,3304,2132,-1,-1,2144,1484,1583,-1,-1,-1,1087,-1,1048,1,1,0,1,1,0,1,1,1,1,1,0,1,1,1,1
2026-07-03T19:55:47.663,tof1,4x4,empty,-1,-1,-1,-1,-1,-1,-1,-1,-1,-1,1989,-1,-1,1160,1119,1056,0,0,0,0,0,0,0,0,0,1,1,1,0,1,1,1
2026-07-03T19:55:47.779,tof2,4x4,empty,2997,3263,-1,3305,2130,-1,2183,3484,1489,1724,1537,-1,1077,1084,1099,1042,1,1,0,1,1,1,1,1,1,1,1,0,1,1,1,1
2026-07-03T19:55:47.815,tof1,4x4,empty,-1,-1,-1,-1,-1,-1,-1,-1,-1,-1,1988,-1,1108,1163,1119,1056,0,0,0,0,0,0,0,0,0,0,1,0,1,1,1,1
2026-07-03T19:55:47.940,tof2,4x4,empty,3048,3263,3308,3308,2130,-1,-1,3484,-1,-1,-1,-1,1077,1084,1105,1048,1,1,1,1,1,0,1,1,1,1,1,0,1,1,1,1
2026-07-03T19:55:47.974,tof1,4x4,empty,-1,-1,-1,-1,-1,-1,-1,-1,-1,-1,1984,1966,-1,1173,-1,1056,0,0,0,0,0,0,0,0,0,0,1,1,0,1,1,1
2026-07-03T19:55:48.114,tof2,4x4,empty,3013,3263,-1,3312,2130,-1,2186,3484,-1,1729,-1,-1,1077,1084,1105,1042,1,1,0,1,1,0,1,1,1,1,1,0,1,1,1,1
2026-07-03T19:55:48.255,tof1,4x4,empty,-1,-1,-1,-1,-1,-1,-1,-1,-1,-1,1984,1966,1108,1182,1119,1088,0,0,0,0,0,0,0,0,0,0,1,1,1,1,1,1
2026-07-03T19:55:48.393,tof2,4x4,empty,3053,3258,-1,3323,2130,2112,2186,3468,1551,-1,1546,-1,1069,1084,1098,1048,1,1,0,1,1,1,1,1,1,1,1,1,1,1,1,1
2026-07-03T19:55:48.447,tof1,4x4,empty,-1,-1,-1,-1,-1,-1,-1,-1,-1,-1,1986,1977,-1,-1,-1,1054,1,0,0,0,0,0,0,0,0,1,1,1,0,1,1,1
2026-07-03T19:55:48.557,tof2,4x4,empty,3053,3263,3308,3323,2135,-1,2186,3465,1551,1734,-1,-1,1069,-1,1098,1049,1,1,1,1,1,1,1,1,1,1,1,0,1,1,1,1
2026-07-03T19:55:48.714,tof2,4x4,empty,3048,3258,-1,3316,2140,2112,2186,3454,-1,1734,-1,-1,1070,-1,1098,1049,1,1,0,1,1,1,1,1,1,1,1,0,1,1,1,1
2026-07-03T19:55:48.837,tof1,4x4,empty,-1,-1,-1,-1,-1,-1,-1,-1,-1,-1,1956,-1,1068,-1,1119,1062,0,0,0,0,0,0,0,0,0,0,1,0,1,1,1,1
2026-07-03T19:55:48.898,tof2,4x4,empty,3018,3258,3336,3316,2142,2152,2186,3454,-1,1733,-1,-1,1070,1090,1098,1047,1,1,1,1,1,1,1,1,1,1,1,0,1,1,1,1
2026-07-03T19:55:49.005,tof1,4x4,empty,-1,-1,-1,-1,-1,-1,-1,-1,-1,2007,1974,-1,1068,1163,1119,1085,0,0,0,0,0,0,0,0,0,1,1,1,1,1,1,1
2026-07-03T19:55:49.075,tof2,4x4,empty,3018,3257,-1,3316,2140,2152,-1,3379,-1,1733,1537,-1,1074,1092,1101,1047,1,1,1,1,1,1,1,1,1,1,1,1,1,1,1,1
2026-07-03T19:55:49.168,tof1,4x4,empty,-1,-1,-1,-1,-1,-1,-1,-1,-1,-1,1974,-1,-1,1163,-1,1062,0,0,0,0,0,0,0,0,0,1,1,1,1,1,1,1
2026-07-03T19:55:49.235,tof2,4x4,empty,3002,3252,-1,3316,2140,2154,-1,2974,-1,1733,1497,-1,1074,-1,1101,1045,1,1,0,1,1,1,0,1,1,1,1,0,1,1,1,1
2026-07-03T19:55:49.349,tof1,4x4,empty,-1,-1,-1,-1,-1,-1,-1,-1,-1,-1,1973,1966,-1,1182,-1,1053,0,0,0,0,0,0,0,0,0,1,1,1,1,1,1,1
2026-07-03T19:55:49.398,tof2,4x4,empty,3002,3252,-1,3316,2140,2152,2193,2920,-1,-1,-1,-1,1075,1092,1101,1045,1,1,1,1,1,1,1,1,1,1,1,0,1,1,1,1
2026-07-03T19:55:49.509,tof1,4x4,empty,-1,-1,-1,-1,-1,-1,-1,-1,-1,-1,1973,1966,1108,-1,-1,1049,0,0,0,0,0,0,0,0,0,0,1,1,1,1,1,1
2026-07-03T19:55:49.554,tof2,4x4,empty,3005,3252,-1,3316,2142,2154,2193,2889,1500,1733,1497,-1,1075,1093,1101,1046,1,1,0,1,1,1,1,1,1,1,1,0,1,1,1,1
2026-07-03T19:55:49.662,tof1,4x4,empty,-1,-1,-1,-1,-1,-1,-1,-1,-1,-1,1974,-1,1100,1143,1136,1048,0,0,0,0,0,0,0,0,0,0,1,0,1,1,1,1
2026-07-03T19:55:49.713,tof2,4x4,empty,2991,3257,-1,3317,2130,2146,2214,2882,1534,1733,1497,-1,-1,1092,-1,1045,1,1,0,1,1,1,1,1,1,1,1,1,1,1,1,1
2026-07-03T19:55:49.815,tof1,4x4,empty,-1,-1,-1,-1,-1,-1,-1,-1,-1,2007,1976,-1,-1,1141,1136,1048,0,0,0,0,0,0,0,0,0,1,1,0,0,1,1,1
2026-07-03T19:55:49.882,tof2,4x4,empty,3002,3257,-1,3311,2130,2154,2214,2882,-1,1731,-1,-1,1079,-1,1099,1046,1,1,0,1,1,1,1,1,1,1,1,0,1,1,1,1
2026-07-03T19:55:49.989,tof1,4x4,empty,-1,-1,-1,-1,-1,-1,-1,-1,-1,-1,1985,1966,-1,1143,1128,1048,0,0,0,0,0,0,0,0,0,1,1,1,0,1,1,1
2026-07-03T19:55:50.063,tof2,4x4,empty,3002,3257,-1,3311,2115,2146,2178,2871,-1,1728,-1,-1,1075,1090,1099,1057,1,1,0,1,1,1,1,1,1,1,1,0,1,1,1,1
2026-07-03T19:55:50.167,tof1,4x4,empty,-1,-1,-1,-1,-1,-1,-1,-1,-1,-1,1985,1977,-1,1143,1128,1060,0,0,0,0,0,0,0,0,0,0,1,1,0,1,1,1
2026-07-03T19:55:50.225,tof2,4x4,empty,3002,3260,-1,3311,2115,2154,2178,2871,1500,1728,1482,-1,-1,1090,1099,1057,1,1,0,1,1,1,1,1,1,1,1,1,1,1,1,1
2026-07-03T19:55:50.333,tof1,4x4,empty,-1,-1,-1,-1,-1,-1,-1,-1,-1,-1,1988,-1,1100,1132,1128,-1,0,0,0,0,0,0,0,0,0,1,1,0,1,1,1,1
2026-07-03T19:55:50.375,tof2,4x4,empty,3002,3258,-1,3311,2115,2146,2202,2871,-1,1720,1466,-1,1075,1090,-1,1057,1,1,0,1,1,1,1,1,1,1,1,0,1,1,1,1
2026-07-03T19:55:50.505,tof1,4x4,empty,-1,-1,-1,-1,-1,-1,-1,-1,-1,-1,1988,1950,-1,1132,1128,1060,0,0,0,0,0,0,0,0,0,0,1,1,1,1,1,1
2026-07-03T19:55:50.547,tof2,4x4,empty,3002,3253,3339,3311,2085,2150,2178,2871,1477,1717,1466,-1,1075,1090,1099,1057,1,1,1,1,1,1,1,1,1,1,1,0,1,1,1,1
2026-07-03T19:55:50.677,tof1,4x4,empty,-1,-1,-1,-1,-1,-1,-1,-1,-1,2007,1988,1977,-1,-1,-1,1060,0,0,0,0,0,0,0,0,0,1,1,1,1,1,1,1
2026-07-03T19:55:50.759,tof2,4x4,empty,3002,3254,-1,3311,2121,2146,2192,2871,1472,-1,-1,-1,-1,1094,1099,1052,1,1,1,1,1,1,1,1,1,1,1,0,1,1,1,1
2026-07-03T19:55:50.861,tof1,4x4,empty,-1,-1,-1,-1,-1,-1,-1,-1,-1,2021,1978,1998,-1,-1,1128,1056,0,0,0,0,0,0,0,0,0,1,1,1,0,1,1,1
2026-07-03T19:55:50.947,tof2,4x4,empty,-1,3258,-1,3311,2121,2150,2202,2859,1472,1717,1466,-1,1072,1094,1099,1050,0,1,0,1,1,1,1,1,1,1,1,0,1,1,1,1
2026-07-03T19:55:51.047,tof1,4x4,empty,-1,-1,-1,-1,-1,-1,-1,-1,-1,-1,1978,-1,-1,1132,1117,1056,0,0,0,0,0,0,0,0,0,0,1,0,1,1,1,1
2026-07-03T19:55:51.125,tof2,4x4,empty,3006,3254,-1,3311,2121,2120,2192,2856,-1,1717,1466,-1,1072,1094,1099,1050,1,1,1,1,1,1,1,1,1,1,1,0,1,1,1,1
2026-07-03T19:55:51.223,tof1,4x4,empty,-1,-1,-1,-1,-1,-1,-1,-1,-1,2032,1975,1977,-1,1132,1107,1056,0,0,0,0,0,0,0,0,0,1,1,1,0,1,1,1
2026-07-03T19:55:51.282,tof2,4x4,empty,3002,3254,3340,3314,2111,-1,2192,2858,1472,1652,-1,-1,1072,-1,1096,1050,1,1,1,1,1,1,1,1,1,1,1,0,1,1,1,1
2026-07-03T19:55:51.383,tof1,4x4,empty,-1,-1,-1,-1,-1,-1,-1,-1,-1,-1,1975,-1,-1,1154,-1,1056,0,0,0,0,0,0,0,0,0,1,1,1,0,1,1,1
2026-07-03T19:55:51.463,tof2,4x4,empty,3006,3254,-1,3304,2119,-1,2192,2858,-1,1725,1545,-1,1081,1094,1096,1050,1,1,1,1,1,1,1,1,1,1,1,0,1,1,1,1
2026-07-03T19:55:51.552,tof1,4x4,empty,-1,-1,-1,-1,-1,-1,-1,-1,-1,2034,1973,-1,-1,1167,1107,1066,0,0,0,0,0,0,0,0,0,1,1,1,0,1,1,1
2026-07-03T19:55:51.634,tof2,4x4,empty,2993,3260,-1,3310,2119,2150,2212,2838,1472,1733,-1,-1,1081,1090,-1,1046,1,1,1,1,1,1,1,1,1,1,1,0,1,1,1,1
2026-07-03T19:55:51.776,tof1,4x4,empty,-1,-1,-1,-1,-1,-1,-1,-1,-1,-1,1974,1972,-1,1169,-1,1066,0,0,0,0,0,0,0,0,0,0,1,1,0,1,1,1
2026-07-03T19:55:51.807,tof2,4x4,empty,3000,3253,-1,3310,2121,2145,2175,2858,-1,1733,1545,-1,1081,1090,1100,1046,1,1,1,1,1,1,1,1,1,1,1,0,1,1,1,1
2026-07-03T19:55:51.968,tof1,4x4,empty,-1,-1,-1,-1,-1,-1,-1,-1,-1,-1,1972,-1,-1,1169,-1,-1,0,0,0,0,0,0,0,0,0,1,1,1,1,1,1,1
2026-07-03T19:55:51.976,tof2,4x4,empty,3000,3253,3339,3310,2124,2145,2175,2882,-1,1579,1567,-1,-1,1090,1100,1046,1,1,1,1,1,1,1,1,1,1,1,0,1,1,1,1
2026-07-03T19:55:52.144,tof1,4x4,empty,-1,-1,-1,-1,-1,-1,-1,-1,-1,-1,1974,-1,-1,1169,-1,-1,1,0,0,1,0,0,0,0,0,0,1,1,1,1,1,1
2026-07-03T19:55:52.146,tof2,4x4,empty,3021,3253,-1,-1,2132,2141,2175,-1,-1,1732,1567,-1,-1,1096,1100,1048,1,1,0,1,1,1,1,1,1,1,1,0,1,1,1,1
2026-07-03T19:55:52.336,tof1,4x4,empty,-1,-1,-1,-1,-1,-1,-1,-1,-1,-1,1974,1972,-1,-1,1107,1079,0,0,0,0,0,0,0,0,0,0,1,1,1,1,1,1
2026-07-03T19:55:52.356,tof2,4x4,empty,3023,3253,-1,3310,2150,2145,-1,2882,-1,-1,1486,2481,1081,1096,1102,1046,1,1,0,1,1,1,0,1,1,1,1,1,1,1,1,1
2026-07-03T19:55:52.513,tof1,4x4,empty,-1,-1,-1,-1,-1,-1,-1,-1,-1,2032,1974,1972,-1,1163,-1,1082,0,0,0,0,0,0,0,0,0,1,1,1,1,1,1,1
2026-07-03T19:55:52.533,tof2,4x4,empty,3023,3249,-1,3310,2132,2141,2175,2863,1472,1726,-1,-1,1072,1096,1102,1045,1,1,0,1,1,1,1,1,1,1,1,0,1,1,1,1
2026-07-03T19:55:52.685,tof1,4x4,empty,-1,-1,-1,-1,-1,-1,-1,-1,-1,-1,1973,-1,1100,1157,1114,-1,0,0,0,0,0,0,0,0,0,0,1,0,1,1,1,1
2026-07-03T19:55:52.761,tof2,4x4,empty,3023,3249,3339,3309,2132,2128,2165,2863,-1,1726,-1,-1,1071,1095,1102,1048,1,1,1,1,1,1,1,1,1,1,1,0,1,1,1,1
2026-07-03T19:55:52.885,tof1,4x4,empty,-1,-1,-1,-1,-1,-1,-1,-1,-1,-1,1979,1969,1100,1157,1114,-1,1,0,0,0,0,0,0,0,0,0,1,1,1,1,1,1
2026-07-03T19:55:52.922,tof2,4x4,empty,-1,3249,-1,3304,2103,2128,2165,2835,1465,1732,1486,-1,1071,1087,1102,1052,1,1,1,1,1,1,1,1,1,1,1,0,1,1,1,1
2026-07-03T19:55:53.068,tof1,4x4,empty,-1,-1,-1,-1,-1,-1,-1,-1,-1,-1,1979,-1,-1,1150,-1,1079,0,0,0,0,0,0,0,0,0,0,1,0,0,1,1,1
2026-07-03T19:55:53.135,tof2,4x4,empty,-1,3249,3319,3306,2103,2090,2182,2820,1514,-1,1607,-1,1073,1087,1096,1051,0,1,1,1,1,1,1,1,1,1,1,0,1,1,1,1
2026-07-03T19:55:53.251,tof1,4x4,empty,-1,-1,-1,-1,-1,-1,-1,-1,-1,-1,1979,-1,1044,-1,1123,1079,0,0,0,0,0,0,0,0,0,0,1,0,1,1,1,1
2026-07-03T19:55:53.315,tof2,4x4,empty,-1,3248,-1,3304,2102,2090,2183,2820,1514,1732,1607,-1,1073,1087,1096,1051,0,1,0,1,1,1,1,1,1,1,1,0,1,1,1,1
2026-07-03T19:55:53.405,tof1,4x4,empty,-1,-1,-1,-1,-1,-1,-1,-1,-1,-1,1979,-1,1044,1147,1123,1066,0,0,0,0,0,0,0,0,0,1,1,0,1,1,1,1
2026-07-03T19:55:53.477,tof2,4x4,empty,3015,3247,-1,3306,-1,2090,2183,2820,1514,1729,1607,-1,-1,-1,1105,1051,1,1,0,1,1,1,1,1,1,1,1,1,1,1,1,1
2026-07-03T19:55:53.579,tof1,4x4,empty,-1,-1,-1,-1,-1,-1,-1,-1,-1,-1,1987,-1,-1,1146,1123,-1,0,0,0,0,0,0,0,0,0,0,1,0,0,1,1,1
2026-07-03T19:55:53.628,tof2,4x4,empty,3000,3247,-1,3302,2102,2090,2203,2820,1514,1729,1615,-1,1075,1087,1102,1047,1,1,1,1,1,1,1,1,1,1,1,0,1,1,1,1
2026-07-03T19:55:53.744,tof1,4x4,empty,-1,-1,-1,-1,-1,-1,-1,-1,-1,2032,1987,1972,-1,-1,1123,1064,1,0,0,0,0,0,0,0,0,1,1,1,1,1,1,1
2026-07-03T19:55:53.797,tof2,4x4,empty,3000,3247,-1,3301,2103,2044,-1,2820,-1,1729,1607,-1,1078,1094,1102,1047,1,1,0,1,1,1,1,1,1,1,1,0,1,1,1,1
2026-07-03T19:55:53.911,tof1,4x4,empty,-1,-1,-1,-1,-1,-1,-1,-1,-1,2014,1967,-1,-1,1137,1123,1047,0,0,0,0,0,0,0,0,0,1,1,0,1,1,1,1
2026-07-03T19:55:53.979,tof2,4x4,empty,3001,3247,-1,3287,2114,2157,2183,2874,-1,1729,-1,-1,-1,1094,1102,1044,1,1,0,1,1,1,1,1,1,1,1,1,1,1,1,1
2026-07-03T19:55:54.089,tof1,4x4,empty,-1,-1,-1,-1,-1,-1,-1,-1,-1,-1,1967,-1,-1,1127,1116,1064,0,0,0,0,0,0,0,0,0,0,1,1,0,1,1,1
2026-07-03T19:55:54.147,tof2,4x4,empty,3006,3255,3311,3293,2129,2044,-1,2836,1514,1730,1615,-1,1078,1091,1102,1047,1,1,1,1,1,1,1,1,1,1,1,0,1,1,1,1
2026-07-03T19:55:54.272,tof1,4x4,empty,-1,-1,-1,-1,-1,-1,-1,-1,-1,-1,1981,-1,-1,1137,1116,-1,0,0,0,0,0,0,0,0,0,1,1,0,1,1,1,1
2026-07-03T19:55:54.316,tof2,4x4,empty,3001,3255,-1,3293,2129,2044,-1,2834,1535,1730,-1,-1,1075,1091,1102,1049,1,1,0,1,1,1,1,1,1,1,1,0,1,1,1,1
2026-07-03T19:55:54.440,tof1,4x4,empty,-1,-1,-1,-1,-1,-1,-1,-1,-1,-1,1971,-1,-1,1146,1116,-1,0,0,0,0,0,0,0,0,0,1,1,0,1,1,1,1
2026-07-03T19:55:54.480,tof2,4x4,empty,3001,3255,-1,3293,2127,-1,2159,2836,-1,1730,-1,-1,-1,-1,1097,1049,1,1,0,1,1,1,1,1,1,1,1,0,1,1,1,1
2026-07-03T19:55:54.610,tof1,4x4,empty,-1,-1,-1,-1,-1,-1,-1,-1,-1,-1,1972,-1,-1,1127,1116,1064,0,0,0,0,0,0,0,0,0,0,1,0,0,1,1,1
2026-07-03T19:55:54.638,tof2,4x4,empty,3001,3258,3311,3301,2127,2041,2137,2836,-1,1703,1606,-1,1075,1090,-1,1045,1,1,1,1,1,1,1,1,1,1,1,1,1,1,1,1
2026-07-03T19:55:54.777,tof1,4x4,empty,-1,-1,-1,-1,-1,-1,-1,-1,-1,-1,1981,-1,-1,1127,1122,1064,0,0,0,0,0,0,0,0,0,1,1,0,1,1,1,1
2026-07-03T19:55:54.846,tof2,4x4,empty,3001,3255,-1,3303,2127,2041,2159,2834,1535,1692,-1,-1,1075,1085,1103,1045,1,1,0,1,1,1,1,1,1,1,1,0,1,1,1,1
2026-07-03T19:55:54.946,tof1,4x4,empty,-1,-1,-1,-1,-1,-1,-1,-1,-1,-1,1972,1969,-1,1155,1122,1086,1,0,0,0,0,0,0,0,0,1,1,1,1,1,1,1
2026-07-03T19:55:55.011,tof2,4x4,empty,3001,3249,-1,3303,2127,1969,2142,2834,-1,1692,1606,-1,1075,1083,-1,1045,1,1,0,1,1,1,1,1,1,1,1,0,1,1,1,1
2026-07-03T19:55:55.116,tof1,4x4,empty,-1,-1,-1,-1,-1,-1,-1,-1,-1,-1,1972,-1,-1,1136,-1,1090,0,0,0,0,0,0,0,0,0,0,1,0,0,1,1,1
2026-07-03T19:55:55.184,tof2,4x4,empty,3034,3248,3302,3301,2127,2041,2142,2844,-1,1703,1539,-1,1075,1085,1103,1045,1,1,1,1,1,1,1,1,1,1,1,0,1,1,1,1
2026-07-03T19:55:55.286,tof1,4x4,empty,-1,-1,-1,-1,-1,-1,-1,-1,-1,1999,1983,-1,1067,1122,1122,-1,0,0,0,0,0,0,0,0,0,1,1,1,1,1,1,1
2026-07-03T19:55:55.352,tof2,4x4,empty,3034,3241,-1,3312,2113,2041,2169,2846,1535,1709,1606,2650,1075,1085,1099,1045,1,1,0,1,1,1,1,1,1,1,1,1,1,1,1,1
2026-07-03T19:55:55.449,tof1,4x4,empty,-1,-1,-1,-1,-1,-1,-1,-1,-1,-1,1983,-1,-1,1136,1104,1086,0,0,0,0,0,0,0,0,0,0,1,0,0,1,1,1
2026-07-03T19:55:55.742,tof2,4x4,empty,3034,3241,3302,3301,2113,2121,2200,2846,1492,1725,-1,-1,1073,1085,1099,1045,1,1,1,1,1,1,1,1,1,1,1,0,1,1,1,1
2026-07-03T19:55:55.757,tof1,4x4,empty,-1,-1,-1,-1,-1,-1,-1,-1,-1,1998,1983,-1,1102,-1,1090,1077,0,0,0,0,0,0,0,0,0,1,1,0,1,1,1,1
2026-07-03T19:55:55.925,tof2,4x4,empty,-1,3239,-1,-1,2137,2133,2187,2846,1492,1735,1447,-1,1073,1085,1099,1045,1,1,0,1,1,1,1,1,1,1,1,0,1,1,1,1
2026-07-03T19:55:55.959,tof1,4x4,empty,-1,-1,-1,-1,-1,-1,-1,-1,-1,-1,1991,1974,1102,1155,1090,1077,0,0,0,0,0,0,0,0,0,1,1,1,1,1,1,1
2026-07-03T19:55:56.092,tof2,4x4,empty,-1,3241,-1,3301,2133,-1,2191,2846,1492,1738,1447,-1,1073,1088,1099,1045,1,1,1,1,1,0,1,1,1,1,1,0,1,1,1,1
2026-07-03T19:55:56.136,tof1,4x4,empty,-1,-1,-1,-1,-1,-1,-1,-1,-1,-1,1983,1969,-1,1136,-1,-1,0,0,0,0,0,0,0,0,0,0,1,1,1,1,1,1
2026-07-03T19:55:56.239,tof2,4x4,empty,3034,3255,-1,3303,2114,-1,2191,2844,1489,1742,-1,-1,-1,-1,1099,1047,1,1,0,1,1,1,1,1,1,1,1,0,1,1,1,1
2026-07-03T19:55:56.301,tof1,4x4,empty,-1,-1,-1,-1,-1,-1,-1,-1,-1,-1,1978,1980,-1,1131,1116,-1,0,0,0,0,0,0,0,0,0,1,1,1,0,1,1,1
2026-07-03T19:55:56.395,tof2,4x4,empty,-1,3255,-1,3303,2133,-1,2191,2834,1492,1738,-1,-1,1073,1088,1100,1047,1,1,0,1,1,0,1,1,1,1,1,0,1,1,1,1
2026-07-03T19:55:56.472,tof1,4x4,empty,-1,-1,-1,-1,-1,-1,-1,-1,-1,1976,1978,-1,-1,-1,-1,1075,0,0,0,0,0,0,0,0,0,1,1,0,0,1,1,1
2026-07-03T19:55:56.548,tof2,4x4,empty,3014,3252,3300,3303,-1,-1,2187,2844,-1,-1,1581,-1,1079,1089,1100,1047,1,1,1,1,0,0,1,1,1,1,1,0,1,1,1,1
2026-07-03T19:55:56.626,tof1,4x4,empty,-1,-1,-1,-1,-1,-1,-1,-1,-1,-1,1976,-1,1102,-1,-1,1075,0,0,0,1,0,0,0,0,0,0,1,1,1,1,1,1
2026-07-03T19:55:56.712,tof2,4x4,empty,-1,3255,-1,3313,2137,-1,2166,2852,1498,1738,-1,-1,1084,1089,1100,1047,1,1,1,1,1,0,1,1,1,1,1,0,1,1,1,1
2026-07-03T19:55:56.802,tof1,4x4,empty,-1,-1,-1,-1,-1,-1,-1,-1,-1,-1,1973,-1,1102,1131,-1,1060,0,0,0,0,0,0,1,0,1,0,1,1,1,1,1,1
2026-07-03T19:55:56.882,tof2,4x4,empty,2994,3252,-1,3306,2133,-1,2166,2816,1498,1688,1581,-1,1079,1088,-1,1046,1,1,0,1,1,0,1,1,1,1,1,0,1,1,1,1
2026-07-03T19:55:56.956,tof1,4x4,empty,-1,-1,-1,-1,-1,-1,-1,-1,-1,1969,1973,-1,-1,1106,1116,1046,0,0,0,0,0,0,0,0,0,1,1,0,1,1,1,1
2026-07-03T19:55:57.038,tof2,4x4,empty,2985,3252,-1,3320,2141,-1,2199,2823,-1,-1,1485,-1,1079,1089,-1,1046,1,1,0,1,1,0,1,1,1,1,1,0,1,1,1,1
2026-07-03T19:55:57.117,tof1,4x4,empty,-1,-1,-1,-1,-1,-1,-1,-1,-1,1969,1968,1980,-1,1106,-1,1046,0,0,0,0,0,0,1,0,0,1,1,1,0,1,1,1
2026-07-03T19:55:57.200,tof2,4x4,empty,2985,3258,-1,3320,-1,2161,-1,2860,-1,1661,1485,-1,1080,1089,1100,1050,1,1,0,1,1,1,0,1,1,1,1,0,1,1,1,1
2026-07-03T19:55:57.311,tof1,4x4,empty,-1,-1,-1,-1,-1,-1,-1,-1,-1,-1,1967,-1,-1,1106,-1,-1,0,0,0,0,1,0,0,0,0,0,1,0,0,1,1,1
2026-07-03T19:55:57.368,tof2,4x4,empty,2985,3258,-1,3312,2150,-1,-1,2827,1498,1661,1485,-1,-1,1091,1101,1050,1,1,0,1,1,0,1,1,1,1,1,0,1,1,1,1
2026-07-03T19:55:57.491,tof1,4x4,empty,-1,-1,-1,-1,-1,-1,-1,-1,-1,-1,1967,-1,-1,1149,1151,1030,0,0,0,0,0,0,1,0,0,0,1,1,1,1,1,1
2026-07-03T19:55:57.541,tof2,4x4,empty,2985,3257,-1,3312,2150,-1,2166,2827,-1,1688,1485,-1,1080,1091,-1,1050,1,1,0,1,1,0,1,1,1,1,1,0,1,1,1,1
2026-07-03T19:55:57.650,tof1,4x4,empty,-1,-1,-1,-1,-1,-1,-1,-1,-1,-1,1967,-1,-1,1149,-1,1030,0,0,0,1,0,0,0,0,0,0,1,0,0,1,1,1
2026-07-03T19:55:57.714,tof2,4x4,empty,2971,3265,-1,3316,2126,-1,2174,2829,1498,1690,-1,-1,1072,1092,1098,1052,1,1,0,1,1,0,1,1,1,1,1,0,1,1,1,1
2026-07-03T19:55:57.803,tof1,4x4,empty,-1,-1,-1,-1,-1,-1,-1,-1,-1,-1,1967,-1,1102,1149,1151,-1,1,0,0,0,0,0,0,0,0,0,1,0,1,1,1,1
2026-07-03T19:55:57.873,tof2,4x4,empty,2971,3265,-1,3312,2125,-1,-1,-1,1489,1721,1645,-1,-1,1092,-1,1051,1,1,0,1,1,1,0,1,1,1,1,0,1,1,1,1
2026-07-03T19:55:57.987,tof1,4x4,empty,-1,-1,-1,-1,-1,-1,1705,-1,-1,-1,1969,-1,1072,1149,1151,1030,0,0,0,0,0,0,1,0,0,0,1,1,1,1,1,1
2026-07-03T19:55:58.033,tof2,4x4,empty,2971,3259,-1,3307,2122,-1,2183,2829,1489,1730,1645,-1,1080,1092,1104,1050,1,1,0,1,1,0,1,1,1,1,1,0,1,1,1,1
2026-07-03T19:55:58.141,tof1,4x4,empty,-1,-1,-1,-1,-1,-1,-1,-1,-1,-1,1969,-1,1072,1149,1151,1032,1,0,0,1,0,0,0,0,0,1,1,1,1,1,1,1
2026-07-03T19:55:58.307,tof2,4x4,empty,2999,3259,-1,3307,2122,-1,2183,2829,1489,1730,1645,-1,1074,1091,1104,1049,1,1,1,1,1,0,1,1,1,1,1,0,1,1,1,1
2026-07-03T19:55:58.318,tof1,4x4,empty,-1,-1,-1,-1,-1,-1,-1,-1,-1,-1,1973,-1,-1,1165,1145,1036,0,0,0,0,0,0,0,0,0,1,1,0,0,1,1,1
2026-07-03T19:55:58.456,tof2,4x4,empty,3025,3261,-1,3287,2109,-1,2183,2842,-1,1730,-1,-1,1072,1092,1107,1051,1,1,0,1,1,0,1,1,1,1,1,0,1,1,1,1
2026-07-03T19:55:58.489,tof1,4x4,empty,-1,-1,-1,-1,-1,-1,-1,-1,-1,-1,1969,-1,-1,1165,-1,-1,1,0,0,0,0,0,0,0,0,0,1,0,0,1,1,1
2026-07-03T19:55:58.602,tof2,4x4,empty,3050,3259,-1,3287,2123,-1,2189,2878,-1,1721,1494,-1,1074,1091,1106,1049,1,1,0,1,1,0,1,1,1,1,1,0,1,1,1,1
2026-07-03T19:55:58.667,tof1,4x4,empty,-1,-1,-1,-1,-1,-1,-1,-1,-1,-1,1967,-1,-1,1165,-1,1076,0,1,0,0,0,0,1,0,0,0,1,0,0,1,1,1
2026-07-03T19:55:58.794,tof2,4x4,empty,-1,3259,-1,3287,2123,-1,2195,-1,-1,-1,1479,-1,1080,1091,-1,1049,1,1,1,1,1,1,1,1,1,1,1,0,1,1,1,1
2026-07-03T19:55:58.853,tof1,4x4,empty,-1,-1,-1,-1,-1,-1,-1,-1,-1,-1,1967,-1,1105,-1,1145,1076,0,0,0,0,0,0,0,0,0,0,1,1,1,1,1,1
2026-07-03T19:55:58.965,tof2,4x4,empty,3050,3254,3285,3303,-1,2171,-1,2878,1471,1721,1479,-1,1078,1091,1106,1050,1,1,1,1,0,1,1,1,1,1,1,0,1,1,1,1
2026-07-03T19:55:59.026,tof1,4x4,empty,-1,-1,-1,-1,-1,-1,-1,-1,-1,1976,1970,-1,-1,1142,1110,-1,0,0,0,0,0,0,0,0,0,1,1,0,1,1,1,1
2026-07-03T19:55:59.130,tof2,4x4,empty,3051,3254,-1,3305,2123,2171,2211,2878,-1,-1,1479,-1,1078,1090,1102,1050,1,1,1,1,1,1,1,1,1,1,1,0,1,1,1,1
2026-07-03T19:55:59.203,tof1,4x4,empty,-1,-1,-1,-1,-1,-1,-1,-1,-1,-1,1970,-1,1105,1137,1110,-1,1,0,0,0,1,0,0,0,0,1,1,0,1,1,1,1
2026-07-03T19:55:59.284,tof2,4x4,empty,3050,3254,-1,3305,2137,2177,2195,2796,1471,1686,1467,-1,1080,1090,1100,1050,1,1,0,1,1,1,1,1,1,1,1,0,1,1,1,1
2026-07-03T19:55:59.362,tof1,4x4,empty,-1,-1,-1,-1,-1,-1,-1,-1,-1,-1,1971,-1,-1,1137,-1,-1,0,0,0,0,0,0,0,0,0,0,1,0,0,1,1,1
2026-07-03T19:55:59.442,tof2,4x4,empty,3025,3254,3285,-1,2137,2171,2195,2796,1471,1686,1479,-1,1078,1091,1100,1050,1,1,1,1,1,1,1,1,1,1,1,0,1,1,1,1
2026-07-03T19:55:59.522,tof1,4x4,empty,-1,-1,-1,-1,-1,-1,-1,-1,-1,1969,1990,1980,-1,1137,-1,1080,0,0,0,0,0,0,0,0,0,1,1,1,1,1,1,1
2026-07-03T19:55:59.635,tof2,4x4,empty,3001,3254,3285,3308,2134,2168,2180,2796,-1,1704,1589,-1,-1,1092,1099,1046,1,1,1,1,1,1,1,1,1,1,1,0,1,1,1,1
2026-07-03T19:55:59.678,tof1,4x4,empty,-1,-1,-1,-1,-1,-1,-1,-1,-1,-1,1990,1980,1105,1137,1126,-1,0,0,0,0,0,0,0,0,0,0,1,1,1,1,1,1
2026-07-03T19:55:59.792,tof2,4x4,empty,3021,3256,-1,3305,2134,2165,2180,2796,-1,1704,1467,-1,1075,-1,1099,1046,1,1,1,1,1,1,1,1,1,1,1,0,1,1,1,1
2026-07-03T19:55:59.859,tof1,4x4,empty,-1,-1,-1,-1,-1,-1,-1,-1,-1,1983,1990,-1,-1,-1,-1,1080,0,0,0,0,0,0,0,0,0,1,1,1,0,1,1,1
2026-07-03T19:55:59.994,tof2,4x4,empty,3001,3260,-1,3290,2139,2148,2180,2809,1471,1737,1465,-1,1075,1092,1101,1050,1,1,0,1,1,1,1,1,1,1,1,0,1,1,1,1
2026-07-03T19:56:00.050,tof1,4x4,empty,3263,-1,-1,-1,-1,-1,-1,-1,-1,1996,1993,-1,-1,-1,-1,1071,1,0,0,0,0,0,0,0,0,1,1,0,0,1,1,1
2026-07-03T19:56:00.191,tof2,4x4,empty,2991,3256,-1,3290,2139,2120,2194,2819,1445,1740,1589,-1,1068,1092,1101,1046,1,1,0,1,1,1,1,1,1,1,1,0,1,1,1,1
2026-07-03T19:56:00.207,tof1,4x4,empty,-1,-1,-1,-1,-1,-1,-1,-1,-1,2007,1990,1981,1105,-1,-1,1043,0,0,0,0,0,0,0,0,0,1,1,1,1,1,1,1
2026-07-03T19:56:00.350,tof2,4x4,empty,2966,3260,-1,3312,2139,2120,2198,2845,1514,1740,1475,-1,1068,1092,1101,1054,1,1,0,1,1,1,1,1,1,1,1,0,1,1,1,1
2026-07-03T19:56:00.369,tof1,4x4,empty,-1,-1,-1,-1,-1,-1,-1,-1,-1,-1,1990,-1,-1,1137,-1,1071,0,0,0,0,0,0,0,0,0,1,1,0,1,1,1,1
2026-07-03T19:56:00.509,tof2,4x4,empty,2991,3260,-1,3312,2139,-1,-1,2868,1445,1737,-1,-1,1071,1092,1101,1056,1,1,0,1,1,1,1,1,1,1,1,0,1,1,1,1
2026-07-03T19:56:00.605,tof1,4x4,empty,-1,-1,-1,-1,-1,-1,-1,-1,-1,-1,1987,-1,1060,-1,1126,1071,0,0,0,0,0,0,0,0,0,1,1,0,1,1,1,1
2026-07-03T19:56:00.693,tof2,4x4,empty,2991,3258,-1,3315,2107,2121,2208,2895,-1,1737,1475,-1,1077,1090,1103,1054,1,1,0,1,1,1,1,1,1,1,1,0,1,1,1,1
2026-07-03T19:56:00.773,tof1,4x4,empty,-1,-1,-1,-1,-1,-1,-1,-1,-1,-1,1972,-1,-1,1137,1118,-1,0,0,0,1,0,0,0,0,0,0,1,0,1,1,1,1
2026-07-03T19:56:00.867,tof2,4x4,empty,2978,3257,-1,3315,2107,2120,2198,3450,1513,1705,1475,-1,1077,1088,1101,1043,1,1,1,1,1,1,1,1,1,1,1,0,1,1,1,1
2026-07-03T19:56:00.930,tof1,4x4,empty,-1,-1,-1,-1,-1,-1,-1,-1,-1,1996,1972,-1,-1,1155,1126,1071,0,0,0,0,0,0,0,0,0,1,1,0,1,1,1,1
2026-07-03T19:56:01.026,tof2,4x4,empty,2999,3258,3285,3315,2107,2117,2198,3474,1513,1705,1475,-1,1078,1088,-1,1051,1,1,1,1,1,1,1,1,1,1,1,0,1,1,1,1
2026-07-03T19:56:01.105,tof1,4x4,empty,-1,-1,-1,-1,-1,-1,-1,-1,-1,-1,1987,1981,1060,-1,1118,1055,0,0,0,0,0,0,0,0,0,0,1,1,1,1,1,1
2026-07-03T19:56:01.190,tof2,4x4,empty,2999,3257,3302,3315,2111,2121,2188,3474,1583,1705,-1,-1,1077,1090,1103,1046,1,1,1,1,1,1,1,1,1,1,1,0,1,1,1,1
2026-07-03T19:56:01.269,tof1,4x4,empty,-1,-1,-1,-1,-1,-1,-1,-1,-1,-1,1979,1980,-1,-1,-1,1055,0,0,0,0,0,0,0,0,0,0,1,1,1,1,1,1
2026-07-03T19:56:01.467,tof2,4x4,empty,-1,3257,-1,3315,2121,2121,2188,3482,1513,1741,-1,-1,1082,1090,1105,1046,1,1,0,1,1,1,1,1,1,1,1,0,1,1,1,1
2026-07-03T19:56:01.500,tof1,4x4,empty,-1,-1,-1,-1,-1,-1,-1,-1,-1,2005,1979,-1,-1,-1,1118,1055,0,0,0,0,0,0,0,0,0,1,1,1,1,1,1,1
2026-07-03T19:56:01.643,tof2,4x4,empty,2978,3244,-1,3304,2135,2123,2188,3482,-1,1657,1471,-1,1084,1092,1103,1051,1,1,0,1,1,1,1,1,1,1,1,0,1,1,1,1
2026-07-03T19:56:01.688,tof1,4x4,empty,-1,-1,-1,-1,-1,-1,-1,-1,-1,1996,1980,-1,1059,-1,1106,1049,0,0,0,0,0,0,0,0,0,1,1,1,1,1,1,1
2026-07-03T19:56:01.803,tof2,4x4,empty,2978,3244,-1,3318,2135,2124,2191,3436,-1,1749,-1,-1,-1,1092,1105,1051,1,1,1,1,1,1,1,1,1,1,1,0,1,1,1,1
2026-07-03T19:56:01.856,tof1,4x4,empty,-1,-1,-1,-1,-1,-1,-1,-1,-1,1987,1980,1980,1060,1136,-1,1055,0,0,0,0,0,0,0,0,0,1,1,1,1,1,1,1
2026-07-03T19:56:01.981,tof2,4x4,empty,2947,3244,-1,3332,2143,2124,2191,3429,-1,1679,1471,-1,1086,1092,-1,1052,1,1,0,1,1,1,1,1,1,1,1,0,1,1,1,1
2026-07-03T19:56:02.036,tof1,4x4,empty,-1,-1,-1,-1,-1,-1,-1,-1,-1,-1,1980,1980,1104,1155,-1,1044,0,0,0,0,0,0,0,0,0,0,1,1,1,1,1,1
2026-07-03T19:56:02.142,tof2,4x4,empty,2947,3250,-1,3318,2143,-1,2191,3429,-1,1679,1471,-1,1088,1092,-1,1052,1,1,1,1,1,1,1,1,1,1,1,0,1,1,1,1
2026-07-03T19:56:02.185,tof1,4x4,empty,-1,-1,-1,-1,-1,-1,-1,-1,-1,1987,1983,1954,1104,-1,-1,1051,1,0,0,1,0,0,0,0,0,1,1,1,1,1,1,1
2026-07-03T19:56:02.305,tof2,4x4,empty,2980,3250,-1,3308,2143,2146,2188,3429,1513,1657,-1,-1,1088,1092,1105,1052,1,1,1,1,1,1,1,1,1,1,1,0,1,1,1,1
2026-07-03T19:56:02.333,tof1,4x4,empty,-1,-1,-1,-1,-1,-1,-1,-1,-1,-1,1995,-1,-1,1155,-1,1051,1,0,0,0,0,0,0,0,0,0,1,1,0,1,1,1
2026-07-03T19:56:02.481,tof2,4x4,empty,-1,3256,-1,3308,2142,2123,2188,3429,-1,1602,1509,-1,1088,1088,1100,1048,0,1,1,1,1,1,1,1,1,1,1,0,1,1,1,1
2026-07-03T19:56:02.488,tof1,4x4,empty,-1,-1,-1,-1,-1,-1,-1,-1,-1,-1,1995,-1,-1,-1,-1,1057,0,0,0,0,0,0,0,0,0,0,1,1,0,1,1,1
2026-07-03T19:56:02.645,tof2,4x4,empty,-1,3256,-1,3308,2133,2146,2178,3429,1490,1577,1552,-1,1087,1092,1100,1048,1,1,0,1,1,1,1,1,1,1,1,0,1,1,1,1
2026-07-03T19:56:02.665,tof1,4x4,empty,-1,-1,-1,-1,-1,-1,-1,-1,-1,-1,1999,-1,1076,-1,1118,1051,0,0,0,0,1,0,0,0,0,0,1,1,1,1,1,1
2026-07-03T19:56:03.317,tof2,4x4,empty,3016,3250,-1,3308,2133,2151,2174,3468,1488,1577,1575,-1,-1,-1,1100,1046,1,1,1,1,1,1,1,1,1,1,1,1,1,1,1,1
2026-07-03T19:56:03.413,tof1,4x4,empty,-1,-1,-1,-1,-1,-1,-1,-1,-1,-1,1999,-1,-1,-1,1106,1051,0,0,0,0,0,0,0,0,0,0,1,0,1,1,1,1
2026-07-03T19:56:03.485,tof2,4x4,empty,-1,3256,-1,3310,2133,2151,2155,3468,1488,1602,-1,-1,1079,1088,1100,1046,1,1,1,1,1,1,1,1,1,1,1,0,1,1,1,1
2026-07-03T19:56:03.583,tof1,4x4,empty,-1,-1,-1,-1,-1,-1,-1,-1,-1,-1,1999,-1,1076,1159,1118,-1,0,0,0,0,0,0,0,0,0,0,1,0,1,1,1,1
2026-07-03T19:56:03.646,tof2,4x4,empty,2980,3256,-1,3311,2129,2151,2170,3446,1488,1602,1586,-1,1079,1088,-1,1043,1,1,0,1,1,1,1,1,1,1,1,0,1,1,1,1
2026-07-03T19:56:03.743,tof1,4x4,empty,-1,-1,-1,-1,-1,-1,-1,-1,-1,-1,1973,1937,-1,1159,1106,-1,0,0,0,0,0,0,0,0,0,0,1,1,1,1,1,1
2026-07-03T19:56:03.946,tof2,4x4,empty,3016,3254,3313,3320,2129,2159,-1,2939,1490,1571,-1,-1,1079,1086,1100,1046,1,1,1,1,1,1,0,1,1,1,1,0,1,1,1,1
2026-07-03T19:56:03.949,tof1,4x4,empty,-1,-1,-1,-1,-1,-1,-1,-1,-1,-1,2007,-1,1076,1159,1119,1048,0,0,0,0,0,0,0,0,0,0,1,0,1,1,1,1
2026-07-03T19:56:04.100,tof2,4x4,empty,3016,3245,-1,3330,2140,2159,2155,3446,1505,1697,1586,-1,1079,1082,1101,1049,1,1,1,1,1,1,1,1,1,1,1,0,1,1,1,1
2026-07-03T19:56:04.154,tof1,4x4,empty,-1,-1,-1,-1,-1,-1,-1,-1,-1,-1,2004,-1,-1,1137,1125,1048,0,0,0,0,0,0,0,0,0,0,1,0,0,1,1,1
2026-07-03T19:56:04.265,tof2,4x4,empty,-1,3254,-1,3330,2160,2159,2155,3405,1505,1751,-1,-1,1076,1082,1099,1049,0,1,0,1,1,1,1,1,1,1,1,0,1,1,1,1
2026-07-03T19:56:04.329,tof1,4x4,empty,-1,-1,-1,-1,-1,-1,-1,-1,-1,-1,2003,-1,1070,1112,1125,1048,0,0,0,0,0,0,0,0,0,0,1,1,1,1,1,1
2026-07-03T19:56:04.455,tof2,4x4,empty,3016,3254,-1,3330,2129,2161,2170,3437,1498,-1,1586,-1,1079,1087,1099,1048,1,1,0,1,1,1,1,1,1,1,1,0,1,1,1,1
2026-07-03T19:56:04.505,tof1,4x4,empty,-1,-1,-1,-1,-1,-1,-1,-1,-1,1986,2003,1937,-1,1112,1157,-1,0,0,1,0,0,0,0,0,0,1,1,1,0,1,1,1
2026-07-03T19:56:04.662,tof2,4x4,empty,3006,3254,-1,3330,2141,-1,2170,3437,1505,1754,1502,-1,1076,1087,1097,1048,1,1,0,1,1,1,1,1,1,1,1,0,1,1,1,1
2026-07-03T19:56:04.678,tof1,4x4,empty,-1,-1,-1,-1,-1,-1,-1,-1,-1,-1,2003,-1,-1,1130,-1,1065,1,0,0,0,0,0,0,0,0,0,1,0,1,1,1,1
2026-07-03T19:56:04.862,tof2,4x4,empty,3006,3253,-1,3321,2141,2161,-1,3458,1498,1754,1477,-1,1076,1092,1099,1048,1,1,0,1,1,1,0,1,1,1,1,0,1,1,1,1
2026-07-03T19:56:04.869,tof1,4x4,empty,-1,-1,-1,-1,-1,-1,-1,-1,-1,-1,2003,-1,1047,1130,1157,-1,0,0,0,0,0,0,0,0,0,0,1,0,1,1,1,1
2026-07-03T19:56:05.018,tof2,4x4,empty,2989,3253,-1,3321,2141,2141,2186,3453,1498,1754,1477,-1,1082,-1,1099,1048,1,1,0,1,1,1,1,1,1,1,1,0,1,1,1,1
2026-07-03T19:56:05.043,tof1,4x4,empty,-1,-1,-1,-1,-1,-1,-1,-1,-1,-1,2001,1937,1070,1130,1128,1073,0,0,0,0,0,0,0,0,0,1,1,1,1,1,1,1
2026-07-03T19:56:05.200,tof2,4x4,empty,2989,3253,-1,3321,2139,2159,-1,3453,-1,1740,1502,-1,1082,-1,1095,1052,1,1,0,1,1,1,1,1,1,1,1,0,1,1,1,1
2026-07-03T19:56:05.390,tof2,4x4,empty,2989,3253,-1,3324,2139,2154,2186,3458,1498,1740,1507,-1,1081,1092,1094,1052,1,1,1,1,1,1,1,1,1,1,1,0,1,1,1,1
2026-07-03T19:56:05.414,tof1,4x4,empty,-1,-1,-1,-1,-1,-1,-1,-1,-1,-1,1993,-1,1094,1141,-1,1073,0,0,0,0,0,0,0,0,0,0,1,0,1,1,1,1
2026-07-03T19:56:05.557,tof2,4x4,empty,2989,3253,-1,3324,2124,2154,2186,3458,1482,1736,1535,-1,1082,1095,1094,1052,1,1,1,1,1,1,1,1,1,1,1,0,1,1,1,1
2026-07-03T19:56:05.591,tof1,4x4,empty,-1,-1,-1,-1,-1,-1,-1,-1,-1,1969,2001,-1,1072,-1,1128,1073,0,0,0,0,0,0,0,0,0,1,1,1,1,1,1,1
2026-07-03T19:56:05.730,tof2,4x4,empty,-1,3254,-1,3335,2123,2159,2168,3453,-1,1721,-1,-1,1081,1095,1093,-1,0,1,1,1,1,1,1,1,1,1,1,0,1,1,1,1
2026-07-03T19:56:05.770,tof1,4x4,empty,-1,-1,-1,-1,-1,-1,-1,-1,-1,1961,2008,-1,-1,1143,1128,1059,1,0,0,0,0,0,0,0,0,1,1,0,1,1,1,1
2026-07-03T19:56:05.899,tof2,4x4,empty,3004,3254,-1,3335,2115,2163,2186,3434,1475,1719,1535,-1,-1,1095,1093,1052,1,1,1,1,1,1,1,1,1,1,1,0,1,1,1,1
2026-07-03T19:56:05.919,tof1,4x4,empty,-1,-1,-1,-1,-1,-1,-1,-1,-1,1963,1993,2055,-1,1143,1112,1052,0,0,1,0,0,0,0,0,0,1,1,1,1,1,1,1
2026-07-03T19:56:06.095,tof1,4x4,empty,-1,-1,-1,-1,-1,-1,-1,-1,-1,-1,1993,2055,-1,1141,1128,-1,0,0,0,0,0,0,0,0,0,0,1,1,0,1,1,1
2026-07-03T19:56:06.097,tof2,4x4,empty,3004,3254,3311,3335,2115,2163,-1,3481,-1,1719,1507,-1,1081,1091,1091,1052,1,1,1,1,1,1,0,1,1,1,1,0,1,1,1,1
2026-07-03T19:56:06.295,tof1,4x4,empty,-1,-1,-1,-1,-1,-1,-1,-1,-1,-1,1991,2055,-1,-1,1112,1052,0,0,0,0,0,0,0,0,0,1,1,1,1,1,1,1
2026-07-03T19:56:06.299,tof2,4x4,empty,3004,3252,-1,3321,2123,-1,2168,3434,1473,1719,-1,-1,1082,1091,1091,1052,1,1,0,1,1,0,1,1,1,1,1,0,1,1,1,1
2026-07-03T19:56:06.446,tof1,4x4,empty,-1,-1,-1,-1,-1,-1,-1,-1,-1,1963,1991,-1,-1,1143,-1,1052,0,0,0,0,0,0,0,0,0,1,1,0,0,1,1,1
2026-07-03T19:56:06.508,tof2,4x4,empty,2991,3262,-1,3319,2133,2163,2188,3434,1473,-1,1550,-1,1087,1088,1093,1052,1,1,1,1,1,1,1,1,1,1,1,0,1,1,1,1
2026-07-03T19:56:06.621,tof1,4x4,empty,-1,-1,-1,-1,-1,-1,-1,-1,-1,-1,1991,-1,-1,-1,1108,-1,0,0,0,0,0,0,0,0,0,0,1,0,1,1,1,1
2026-07-03T19:56:06.679,tof2,4x4,empty,2991,3250,-1,3319,2133,-1,-1,3434,1462,1733,1550,-1,1087,1088,-1,1052,1,1,1,1,1,0,1,1,1,1,1,0,1,1,1,1
2026-07-03T19:56:06.789,tof1,4x4,empty,-1,-1,-1,-1,-1,-1,-1,-1,-1,-1,1992,2055,-1,1143,-1,-1,0,0,0,0,0,0,0,0,0,0,1,1,0,1,1,1
2026-07-03T19:56:06.834,tof2,4x4,empty,2991,3250,-1,3319,2138,-1,2168,3435,1473,1733,1499,-1,1087,1079,1094,1041,1,1,1,1,1,0,1,1,1,1,1,0,1,1,1,1
2026-07-03T19:56:06.943,tof1,4x4,empty,-1,-1,-1,-1,-1,-1,-1,-1,-1,-1,1997,-1,1077,-1,-1,1078,0,0,0,0,0,0,0,0,0,1,1,1,1,1,1,1
2026-07-03T19:56:07.008,tof2,4x4,empty,2981,3250,-1,3319,2138,-1,2142,3435,-1,1733,-1,-1,1086,-1,1094,1041,1,1,0,1,1,0,1,1,1,1,1,0,1,1,1,1
2026-07-03T19:56:07.100,tof1,4x4,empty,-1,-1,-1,-1,-1,-1,-1,-1,-1,-1,2000,-1,-1,1148,-1,1084,0,0,0,0,0,0,0,0,0,1,1,1,1,1,1,1
2026-07-03T19:56:07.168,tof2,4x4,empty,2981,3252,-1,3322,-1,-1,2141,3451,-1,1711,1550,-1,-1,1088,1094,1041,1,1,0,1,1,0,1,1,1,1,1,0,1,1,1,1
2026-07-03T19:56:07.266,tof1,4x4,empty,-1,-1,-1,-1,-1,-1,-1,-1,-1,-1,2005,-1,-1,1148,-1,1084,1,0,0,0,0,0,0,0,0,0,1,0,1,1,1,1
2026-07-03T19:56:07.327,tof2,4x4,empty,2983,3252,-1,3325,2138,-1,-1,3467,-1,1667,1558,-1,1086,1089,1100,1042,1,1,0,1,1,0,0,1,1,1,1,0,1,1,1,1
2026-07-03T19:56:07.429,tof1,4x4,empty,-1,-1,-1,-1,-1,-1,-1,-1,-1,-1,2005,1973,-1,-1,-1,-1,0,0,0,0,0,0,0,0,0,1,1,1,1,1,1,1
2026-07-03T19:56:07.485,tof2,4x4,empty,2981,3256,-1,3325,2139,-1,-1,3467,-1,1667,1608,-1,1082,1089,1100,1043,1,1,0,1,1,0,1,1,1,1,1,0,1,1,1,1
2026-07-03T19:56:07.589,tof1,4x4,empty,-1,-1,-1,-1,-1,-1,-1,-1,-1,-1,2005,-1,1079,1155,1102,1084,0,0,0,0,0,0,0,0,0,1,1,0,1,1,1,1
2026-07-03T19:56:07.641,tof2,4x4,empty,2981,3256,-1,3325,2139,-1,2141,-1,1489,1711,-1,-1,1072,1090,-1,1045,1,1,0,1,1,0,1,0,1,1,1,0,1,1,1,1
2026-07-03T19:56:07.744,tof1,4x4,empty,-1,-1,-1,-1,-1,-1,-1,-1,-1,-1,2000,-1,-1,1155,1108,1099,0,0,0,0,0,0,0,0,0,1,1,1,0,1,1,1
2026-07-03T19:56:07.824,tof2,4x4,empty,-1,3256,-1,-1,2129,-1,-1,3480,1498,1711,1558,-1,1070,-1,-1,1045,1,1,0,1,1,0,0,1,1,1,1,0,1,1,1,1
2026-07-03T19:56:08.010,tof2,4x4,empty,2983,3257,-1,3334,-1,-1,2141,3511,1489,1693,1561,-1,1067,1090,1100,1043,1,1,0,1,0,0,1,1,1,1,1,0,1,1,1,1
2026-07-03T19:56:08.081,tof1,4x4,empty,-1,-1,-1,-1,-1,-1,-1,-1,-1,-1,1997,-1,-1,1155,1108,1099,0,0,0,0,0,0,0,0,0,0,1,0,0,1,1,1
2026-07-03T19:56:08.250,tof1,4x4,empty,-1,-1,-1,-1,-1,-1,-1,-1,-1,-1,1976,-1,-1,1155,-1,1070,0,0,0,0,0,0,0,0,0,0,1,1,0,1,1,1
2026-07-03T19:56:08.301,tof2,4x4,empty,2983,3257,-1,3325,2148,-1,2157,3480,1498,1693,1558,-1,1067,1090,1104,1045,1,1,1,1,1,0,1,1,1,1,1,0,1,1,1,1
2026-07-03T19:56:08.418,tof1,4x4,empty,-1,-1,-1,-1,-1,-1,-1,-1,-1,-1,1976,-1,-1,1148,-1,1070,0,0,0,0,0,0,0,0,0,0,1,1,0,1,1,1
2026-07-03T19:56:08.465,tof2,4x4,empty,2945,3257,-1,3334,2154,-1,2201,3470,1570,-1,1475,-1,1066,1088,1104,1043,1,1,0,1,1,1,1,1,1,1,1,0,1,1,1,1
2026-07-03T19:56:08.578,tof1,4x4,empty,-1,-1,-1,-1,-1,-1,-1,-1,-1,-1,1976,-1,1077,-1,-1,-1,1,0,0,0,0,0,0,0,0,0,1,1,1,1,1,1
2026-07-03T19:56:08.638,tof2,4x4,empty,-1,3257,-1,3318,2132,2162,-1,3470,1498,1612,1475,-1,1067,1088,1104,1043,1,1,0,1,1,1,1,1,1,1,1,1,1,1,1,1
2026-07-03T19:56:08.762,tof1,4x4,empty,-1,-1,-1,-1,-1,-1,-1,-1,-1,-1,1976,1959,1077,1148,1116,-1,0,0,0,0,0,0,0,0,0,0,1,1,1,1,1,1
2026-07-03T19:56:08.802,tof2,4x4,empty,2997,3259,-1,3327,2132,2129,-1,3470,-1,1612,-1,-1,1069,1086,1099,1037,1,1,1,1,1,1,0,1,1,1,1,0,1,1,1,1
2026-07-03T19:56:08.914,tof1,4x4,empty,-1,-1,-1,-1,-1,-1,-1,-1,-1,-1,1966,-1,-1,-1,1116,1069,1,0,0,0,0,0,0,0,0,1,1,1,1,1,1,1
2026-07-03T19:56:08.997,tof2,4x4,empty,3006,3259,3311,3318,2132,2122,2201,-1,-1,1666,-1,-1,1069,1088,1105,1046,1,1,1,1,1,1,1,0,1,1,1,0,1,1,1,1
2026-07-03T19:56:09.082,tof1,4x4,empty,-1,-1,-1,-1,-1,-1,-1,-1,-1,1963,1966,-1,-1,-1,-1,-1,0,0,0,0,0,0,0,0,0,1,1,1,0,1,1,1
2026-07-03T19:56:09.177,tof2,4x4,empty,3006,3258,-1,3326,2128,2122,2201,3453,1567,1666,1475,-1,1076,-1,1105,1045,1,1,1,1,1,1,1,1,1,1,1,0,1,1,1,1
2026-07-03T19:56:09.251,tof1,4x4,empty,-1,-1,-1,-1,-1,-1,-1,-1,-1,1963,1969,1949,1077,1156,-1,1069,0,0,0,0,0,0,0,0,0,1,1,1,1,1,1,1
2026-07-03T19:56:09.357,tof2,4x4,empty,3006,3258,-1,3324,2128,2122,2218,3453,1567,1760,1475,-1,1076,-1,1103,1046,1,1,1,1,1,1,1,1,1,1,1,0,1,1,1,1
2026-07-03T19:56:09.420,tof1,4x4,empty,-1,-1,-1,-1,-1,-1,-1,-1,-1,-1,1969,-1,-1,1156,-1,1058,0,0,0,1,0,0,0,0,0,0,1,1,1,1,1,1
2026-07-03T19:56:09.526,tof2,4x4,empty,-1,3258,3311,3324,2127,2033,-1,2966,1494,1760,1476,-1,1076,1088,1104,1047,1,1,1,1,1,1,1,1,1,1,1,0,1,1,1,1
2026-07-03T19:56:09.590,tof1,4x4,empty,-1,-1,-1,-1,-1,-1,-1,-1,-1,-1,1969,1948,-1,-1,1121,1058,0,0,0,0,0,0,0,0,0,1,1,1,0,1,1,1
2026-07-03T19:56:09.688,tof2,4x4,empty,3006,3258,-1,3324,2128,-1,2173,3466,-1,1737,1492,-1,1067,1087,1104,1047,1,1,0,1,1,1,1,1,1,1,1,0,1,1,1,1
2026-07-03T19:56:09.783,tof1,4x4,empty,-1,-1,-1,-1,-1,-1,-1,-1,-1,-1,1969,1948,-1,1156,1130,-1,0,0,0,0,0,0,0,0,0,1,1,1,0,1,1,1
2026-07-03T19:56:09.896,tof2,4x4,empty,2948,3257,-1,3326,2128,2138,2173,3466,-1,1737,1492,-1,-1,-1,1104,1047,1,1,0,1,1,1,1,1,1,1,1,0,1,1,1,1
2026-07-03T19:56:09.985,tof1,4x4,empty,-1,-1,-1,-1,-1,-1,-1,-1,-1,1976,1972,1948,-1,1156,-1,1061,0,0,0,0,0,0,0,0,0,1,1,1,0,1,1,1
2026-07-03T19:56:10.059,tof2,4x4,empty,2948,3257,-1,3324,2127,2138,2165,3474,-1,1729,1476,-1,1076,1087,-1,1047,1,1,0,1,1,1,1,1,1,1,1,1,1,1,1,1
2026-07-03T19:56:10.143,tof1,4x4,empty,-1,-1,-1,-1,-1,-1,-1,-1,-1,-1,1981,-1,-1,1127,1130,-1,0,0,0,0,0,0,0,0,0,1,1,0,0,1,1,1
2026-07-03T19:56:10.225,tof2,4x4,empty,2948,3247,-1,3306,2127,2138,2163,3494,-1,1729,-1,-1,1080,1088,-1,1047,1,1,0,1,1,1,1,1,1,1,1,0,1,1,1,1
2026-07-03T19:56:10.304,tof1,4x4,empty,-1,-1,-1,-1,-1,-1,-1,-1,-1,-1,1981,-1,-1,1127,1132,-1,0,1,0,0,0,0,0,0,0,1,1,0,1,1,1,1
2026-07-03T19:56:10.390,tof2,4x4,empty,2992,3257,-1,3306,2120,2150,2163,3503,-1,1729,1476,-1,1080,1089,1104,1052,1,1,0,1,1,1,1,1,1,1,1,0,1,1,1,1
2026-07-03T19:56:10.478,tof1,4x4,empty,-1,-1,-1,-1,-1,-1,-1,-1,-1,-1,1981,-1,1073,1127,1132,1061,0,0,0,0,0,0,0,0,0,0,1,0,1,1,1,1
2026-07-03T19:56:10.568,tof2,4x4,empty,2992,3244,-1,3306,2120,-1,2163,3503,-1,1657,1502,-1,-1,1089,1104,1051,1,1,0,1,1,1,1,1,1,1,1,0,1,1,1,1
2026-07-03T19:56:10.638,tof1,4x4,empty,-1,-1,-1,-1,-1,-1,-1,-1,-1,-1,1986,1948,1066,1127,1114,-1,0,0,0,0,0,0,0,0,0,0,1,1,1,1,1,1
2026-07-03T19:56:10.722,tof2,4x4,empty,-1,3244,-1,3306,2123,2150,2163,3503,1494,1657,1502,-1,-1,1090,-1,1051,0,1,1,1,1,1,1,1,1,1,1,0,1,1,1,1
2026-07-03T19:56:10.806,tof1,4x4,empty,-1,-1,-1,-1,-1,-1,-1,-1,-1,-1,1986,-1,1063,-1,1108,1061,0,0,0,0,0,0,0,0,0,0,1,0,1,1,1,1
2026-07-03T19:56:10.885,tof2,4x4,empty,3024,3248,-1,3306,-1,2127,2170,3501,-1,-1,1502,-1,1073,1090,-1,1051,1,1,1,1,1,1,1,1,1,1,1,0,1,1,1,1
2026-07-03T19:56:10.988,tof1,4x4,empty,-1,-1,-1,-1,-1,-1,-1,-1,-1,-1,1986,1948,-1,1130,1108,-1,0,0,0,0,0,0,0,0,0,0,1,1,0,1,1,1
2026-07-03T19:56:11.047,tof2,4x4,empty,-1,3248,3311,3318,2138,2147,2173,3463,-1,1657,1588,-1,1074,1090,-1,1053,0,1,1,1,1,1,1,1,1,1,1,0,1,1,1,1
2026-07-03T19:56:11.151,tof1,4x4,empty,-1,-1,-1,-1,-1,-1,-1,-1,-1,1992,1986,-1,1063,1132,1108,1071,0,0,0,0,0,0,0,0,0,1,1,0,1,1,1,1
2026-07-03T19:56:11.216,tof2,4x4,empty,3024,3248,3311,3318,2138,2147,2192,3463,-1,1735,1588,-1,1073,-1,1100,1051,1,1,1,1,1,1,1,1,1,1,1,0,1,1,1,1
2026-07-03T19:56:11.318,tof1,4x4,empty,-1,-1,-1,-1,-1,-1,-1,-1,-1,1992,1974,-1,-1,1153,-1,1071,0,0,0,0,0,0,0,0,0,1,1,0,0,1,1,1
2026-07-03T19:56:11.396,tof2,4x4,empty,3024,3254,-1,3313,2138,2147,2205,3453,-1,1741,1586,-1,1072,1090,1100,1050,1,1,0,1,1,1,1,1,1,1,1,0,1,1,1,1
2026-07-03T19:56:11.486,tof1,4x4,empty,-1,-1,-1,-1,-1,-1,-1,-1,-1,-1,1974,-1,1066,-1,1124,1071,0,0,0,0,0,0,0,0,0,0,1,0,1,1,1,1
2026-07-03T19:56:11.560,tof2,4x4,empty,3038,3254,3313,3309,2138,2147,2205,3462,1494,1741,1586,-1,1070,1090,1098,1050,1,1,1,1,1,1,1,1,1,1,1,0,1,1,1,1
2026-07-03T19:56:11.651,tof1,4x4,empty,-1,-1,-1,-1,-1,-1,-1,-1,-1,-1,1992,1945,-1,1153,-1,-1,0,1,0,0,0,0,0,0,0,1,1,1,0,1,1,1
2026-07-03T19:56:11.729,tof2,4x4,empty,3038,3259,-1,3313,2138,2147,2205,3453,1490,1696,1622,-1,1070,1092,1098,1047,1,1,0,1,1,1,1,1,1,1,1,0,1,1,1,1
2026-07-03T19:56:11.821,tof1,4x4,empty,-1,-1,-1,-1,-1,-1,-1,-1,-1,-1,1992,-1,1067,1153,-1,1071,0,0,0,0,0,0,0,0,0,1,1,0,1,1,1,1
2026-07-03T19:56:11.941,tof2,4x4,empty,2989,3260,-1,3309,2117,2137,2205,3447,1490,-1,-1,-1,1070,1095,1100,1042,1,1,1,1,1,1,1,1,1,1,1,0,1,1,1,1
2026-07-03T19:56:12.009,tof1,4x4,empty,-1,-1,-1,-1,-1,-1,-1,-1,-1,-1,1971,1945,1074,1153,1126,-1,0,0,0,0,0,0,0,0,0,0,1,1,1,1,1,1
2026-07-03T19:56:12.107,tof2,4x4,empty,3005,3262,-1,3309,2101,-1,2174,3447,1488,1696,1586,-1,1070,-1,1104,1042,1,1,0,1,1,1,1,1,1,1,1,0,1,1,1,1
2026-07-03T19:56:12.544,tof1,4x4,empty,-1,-1,-1,-1,-1,-1,-1,-1,-1,-1,1985,-1,1084,1128,-1,-1,0,0,0,0,0,0,0,0,0,0,1,1,1,1,1,1
2026-07-03T19:56:12.548,tof2,4x4,empty,2989,3262,-1,3309,2117,2114,2174,3453,1488,1696,1562,-1,1073,1095,1104,1042,1,1,1,1,1,1,1,1,1,1,1,0,1,1,1,1
2026-07-03T19:56:12.719,tof1,4x4,empty,-1,-1,-1,-1,-1,-1,-1,-1,-1,-1,1971,1986,-1,1128,1133,1077,0,0,0,0,0,0,0,0,0,0,1,1,0,1,1,1
2026-07-03T19:56:12.767,tof2,4x4,empty,2988,3260,-1,-1,2131,2111,2188,3453,-1,-1,-1,-1,1076,1095,1109,1047,1,1,0,1,1,1,1,1,1,1,1,0,1,1,1,1
2026-07-03T19:56:12.892,tof1,4x4,empty,-1,-1,-1,-1,-1,-1,-1,-1,-1,1992,1971,1953,-1,1147,-1,1065,0,0,0,0,0,0,0,0,0,1,1,1,0,1,1,1
2026-07-03T19:56:12.934,tof2,4x4,empty,2989,3256,3313,3326,2131,2113,2174,3472,1498,1696,1577,-1,1076,1094,1104,1052,1,1,1,1,1,1,1,1,1,1,1,0,1,1,1,1
2026-07-03T19:56:13.062,tof1,4x4,empty,-1,-1,-1,-1,-1,-1,-1,-1,-1,-1,1970,-1,-1,1147,-1,1065,0,1,0,0,0,0,0,0,0,1,1,0,0,1,1,1
2026-07-03T19:56:13.090,tof2,4x4,empty,2988,3247,-1,3323,2131,2113,2174,3472,-1,1696,-1,-1,1085,1093,1103,1052,1,1,0,1,1,1,1,1,1,1,1,0,1,1,1,1
2026-07-03T19:56:13.258,tof1,4x4,empty,-1,-1,-1,-1,-1,-1,-1,-1,-1,-1,1985,-1,1084,-1,1134,1051,0,0,0,0,0,0,0,0,0,1,1,0,1,1,1,1
2026-07-03T19:56:13.274,tof2,4x4,empty,2988,3247,3322,3323,2131,2113,2167,3509,1499,1733,-1,-1,-1,1092,-1,1053,1,1,1,1,1,1,1,1,1,1,1,0,1,1,1,1
2026-07-03T19:56:13.413,tof1,4x4,empty,-1,-1,-1,-1,-1,-1,-1,-1,-1,-1,1970,1953,-1,-1,-1,1051,0,0,0,0,0,0,0,0,0,0,1,1,0,1,1,1
2026-07-03T19:56:13.463,tof2,4x4,empty,2988,3248,-1,3330,-1,2139,2165,3509,1498,1733,-1,-1,1085,1088,1100,1053,1,1,0,1,0,1,1,1,1,1,1,0,1,1,1,1
2026-07-03T19:56:13.572,tof1,4x4,empty,-1,-1,-1,-1,-1,-1,-1,-1,-1,-1,1987,1953,-1,-1,1134,-1,0,0,0,0,0,0,0,0,0,0,1,1,0,1,1,1
2026-07-03T19:56:13.644,tof2,4x4,empty,3002,3249,-1,3325,2139,2149,2163,3499,1499,1733,1577,-1,1085,-1,1100,1049,1,1,0,1,1,1,1,1,1,1,1,0,1,1,1,1
2026-07-03T19:56:13.730,tof1,4x4,empty,-1,-1,-1,-1,-1,-1,-1,-1,-1,-1,1987,1953,1091,-1,-1,-1,0,0,0,0,0,0,0,0,0,0,1,1,1,1,1,1
2026-07-03T19:56:13.804,tof2,4x4,empty,2982,3249,-1,3325,-1,2149,2163,3441,-1,1641,-1,-1,-1,1087,1100,1049,1,1,0,1,0,1,1,1,1,1,1,0,1,1,1,1
2026-07-03T19:56:13.883,tof1,4x4,empty,-1,-1,-1,-1,-1,-1,-1,-1,-1,-1,1987,1953,-1,-1,1136,1049,0,0,0,0,0,0,0,0,0,0,1,1,0,1,1,1
2026-07-03T19:56:13.987,tof2,4x4,empty,-1,3257,-1,3329,-1,2149,2163,3498,-1,1641,1523,-1,1084,1087,1099,1049,1,1,1,1,1,1,1,1,1,1,1,0,1,1,1,1
2026-07-03T19:56:14.029,tof1,4x4,empty,-1,-1,-1,-1,-1,-1,-1,-1,-1,-1,1967,1926,-1,1147,1136,1049,0,0,0,0,0,0,0,0,0,0,1,1,0,1,1,1
2026-07-03T19:56:14.158,tof2,4x4,empty,3002,3257,-1,3330,2105,2129,2163,3487,1499,1641,-1,-1,1084,1087,1099,1046,1,1,0,1,1,1,1,1,1,1,1,0,1,1,1,1
2026-07-03T19:56:14.196,tof1,4x4,empty,-1,-1,-1,-1,-1,-1,-1,-1,-1,-1,1993,-1,-1,1152,1134,1031,0,0,0,0,0,0,0,0,0,0,1,0,0,1,1,1
2026-07-03T19:56:14.323,tof2,4x4,empty,3016,3257,-1,3329,-1,2115,2163,3487,-1,-1,1523,-1,1084,1087,-1,1046,1,1,0,1,0,1,1,1,1,1,1,0,1,1,1,1
2026-07-03T19:56:14.380,tof1,4x4,empty,-1,-1,-1,-1,-1,-1,-1,-1,-1,2001,1974,-1,-1,-1,1114,1031,0,0,0,0,0,0,0,0,0,1,1,0,0,1,1,1
2026-07-03T19:56:14.490,tof2,4x4,empty,3031,3269,-1,3329,2105,2041,2236,3449,-1,1733,1556,-1,1084,1090,-1,1051,1,1,0,1,1,1,1,1,1,1,1,0,1,1,1,1
2026-07-03T19:56:14.534,tof1,4x4,empty,-1,-1,-1,-1,-1,-1,-1,-1,-1,2001,1974,-1,-1,1163,1111,1061,0,0,0,0,0,0,0,0,0,1,1,0,1,1,1,1
2026-07-03T19:56:14.653,tof2,4x4,empty,3031,3257,-1,3333,2149,2041,2236,3486,-1,1700,-1,-1,1085,-1,-1,1042,1,1,1,1,1,1,1,1,1,1,1,0,1,1,1,1
2026-07-03T19:56:14.686,tof1,4x4,empty,-1,-1,-1,-1,-1,-1,-1,-1,-1,2001,1979,1969,-1,1152,-1,-1,0,0,0,0,0,0,0,0,0,1,1,1,0,1,1,1
2026-07-03T19:56:14.817,tof2,4x4,empty,3031,3261,-1,3312,2149,2083,2236,3449,1501,-1,-1,-1,1085,1090,1100,1051,1,1,0,1,1,1,1,1,1,1,1,0,1,1,1,1
2026-07-03T19:56:14.856,tof1,4x4,empty,-1,-1,-1,-1,-1,-1,-1,-1,-1,2001,1979,-1,1100,-1,1111,-1,1,0,0,0,0,0,0,0,0,1,1,1,1,1,1,1
2026-07-03T19:56:14.983,tof2,4x4,empty,3031,3250,3328,3307,2146,2008,2231,3442,1477,1741,1556,-1,1081,-1,1100,1051,1,1,1,1,1,1,1,1,1,1,1,0,1,1,1,1
2026-07-03T19:56:15.016,tof1,4x4,empty,-1,-1,-1,-1,-1,-1,-1,-1,-1,-1,1977,1991,1100,1152,-1,1061,0,0,0,0,0,0,0,0,0,0,1,1,1,1,1,1
2026-07-03T19:56:15.157,tof2,4x4,empty,2990,3255,3328,3306,2146,2008,-1,3442,-1,1741,1523,-1,1079,-1,1097,1051,1,1,1,1,1,1,1,1,1,1,1,0,1,1,1,1
2026-07-03T19:56:15.187,tof1,4x4,empty,-1,-1,-1,-1,-1,-1,-1,-1,-1,-1,1979,-1,1070,1152,1111,1061,0,0,0,0,0,0,0,0,0,1,1,0,1,1,1,1
2026-07-03T19:56:15.315,tof2,4x4,empty,2990,3255,-1,3307,2106,2083,2202,3442,1504,1749,1522,-1,1080,1090,-1,1043,1,1,0,1,1,1,1,1,1,1,1,0,1,1,1,1
2026-07-03T19:56:15.370,tof1,4x4,empty,-1,-1,-1,-1,-1,-1,-1,-1,-1,-1,1979,-1,1100,1151,1116,1066,0,0,0,0,0,0,0,0,0,1,1,1,1,1,1,1
2026-07-03T19:56:15.497,tof2,4x4,empty,2990,3256,-1,3307,2105,2143,-1,3442,1504,1741,-1,-1,1080,1090,1097,1050,1,1,1,1,1,1,1,1,1,1,1,0,1,1,1,1
2026-07-03T19:56:15.556,tof1,4x4,empty,-1,-1,-1,-1,-1,-1,-1,-1,-1,-1,1977,1991,1070,1125,-1,1066,0,0,0,0,0,0,0,0,0,0,1,1,1,1,1,1
2026-07-03T19:56:15.651,tof2,4x4,empty,2987,3256,-1,3321,2106,-1,2185,3442,-1,1741,1513,-1,1081,1088,1094,1046,1,1,1,1,1,1,1,1,1,1,1,0,1,1,1,1
2026-07-03T19:56:15.734,tof1,4x4,empty,-1,-1,-1,-1,-1,-1,-1,-1,-1,-1,1977,-1,1042,1118,-1,1066,0,0,0,0,0,0,0,0,0,1,1,1,1,1,1,1
2026-07-03T19:56:15.817,tof2,4x4,empty,2989,3257,-1,3326,2105,2148,2185,3467,1504,1741,1513,-1,1081,1088,1094,1046,1,1,1,1,1,1,1,1,1,1,1,0,1,1,1,1
2026-07-03T19:56:15.931,tof1,4x4,empty,-1,-1,-1,-1,-1,-1,-1,-1,-1,-1,1969,-1,1070,-1,1131,1066,0,0,0,0,0,0,0,0,0,1,1,0,1,1,1,1
2026-07-03T19:56:16.021,tof2,4x4,empty,2991,3257,-1,3326,2105,2148,-1,3467,1504,1730,1513,-1,1081,1088,1097,1046,1,1,0,1,1,1,1,1,1,1,1,0,1,1,1,1
2026-07-03T19:56:16.098,tof1,4x4,empty,-1,-1,-1,-1,-1,-1,-1,-1,-1,-1,1969,-1,1083,-1,-1,1051,0,0,0,0,0,0,0,0,0,0,1,0,1,1,1,1
2026-07-03T19:56:16.184,tof2,4x4,empty,2989,3257,-1,3321,2117,2147,2182,3455,1509,1730,-1,-1,1081,1095,1102,1046,1,1,0,1,1,1,1,1,1,1,1,0,1,1,1,1
2026-07-03T19:56:16.265,tof1,4x4,empty,-1,-1,-1,-1,-1,-1,-1,-1,-1,-1,1969,-1,1075,-1,1131,-1,0,0,0,0,0,0,0,0,0,0,1,1,1,1,1,1
2026-07-03T19:56:16.343,tof2,4x4,empty,2987,3257,-1,3316,2124,2147,2160,2930,1509,1730,-1,-1,1077,1088,1102,1046,1,1,1,1,1,1,1,1,1,1,1,0,1,1,1,1
2026-07-03T19:56:16.426,tof1,4x4,empty,-1,-1,-1,-1,-1,-1,-1,-1,-1,-1,1975,2013,1075,1118,-1,-1,0,0,0,0,0,0,0,0,0,0,1,1,1,1,1,1
2026-07-03T19:56:16.512,tof2,4x4,empty,2989,3251,-1,3316,2124,2147,2160,3455,1509,1667,1536,-1,1077,1091,1102,1044,1,1,0,1,1,1,1,1,1,1,1,0,1,1,1,1
2026-07-03T19:56:16.590,tof1,4x4,empty,-1,-1,-1,-1,-1,-1,-1,-1,-1,1987,1990,2013,1077,-1,1116,1051,0,0,0,0,0,0,0,0,0,1,1,1,1,1,1,1
2026-07-03T19:56:16.666,tof2,4x4,empty,3019,3248,-1,-1,-1,-1,2182,3455,-1,1667,-1,-1,1071,1091,1102,1044,1,1,0,1,1,0,1,1,1,1,1,0,1,1,1,1
2026-07-03T19:56:16.763,tof1,4x4,empty,-1,-1,-1,-1,-1,-1,-1,-1,-1,-1,1992,1996,1075,-1,-1,-1,0,0,0,0,0,0,1,0,0,1,1,1,1,1,1,1
2026-07-03T19:56:16.828,tof2,4x4,empty,3019,3251,-1,3316,2124,-1,2187,3455,-1,1667,1536,-1,-1,1095,1101,1047,1,1,1,1,1,0,1,1,1,1,1,0,1,1,1,1
2026-07-03T19:56:16.928,tof1,4x4,empty,-1,-1,-1,-1,-1,-1,-1,-1,-1,-1,1990,-1,1075,1125,1131,-1,0,0,0,0,0,0,0,0,0,0,1,0,1,1,1,1
2026-07-03T19:56:16.989,tof2,4x4,empty,3019,3251,-1,3325,-1,-1,2212,3462,1504,1667,1536,-1,1071,1091,1101,1048,1,1,0,1,0,0,1,1,1,1,1,0,1,1,1,1
2026-07-03T19:56:17.090,tof1,4x4,empty,-1,-1,-1,-1,-1,-1,-1,-1,-1,-1,1975,-1,1052,1125,-1,1051,0,0,0,0,0,0,0,0,0,1,1,1,1,1,1,1
2026-07-03T19:56:17.163,tof2,4x4,empty,-1,3248,3332,3325,2124,-1,-1,3462,1504,1717,-1,-1,1074,1091,-1,1049,1,1,1,1,1,0,1,1,1,1,1,1,1,1,1,1
2026-07-03T19:56:17.296,tof1,4x4,empty,-1,-1,-1,-1,-1,-1,-1,-1,-1,1987,1971,1996,1073,1118,1131,1051,0,0,0,0,0,0,1,0,0,1,1,1,1,1,1,1
2026-07-03T19:56:17.429,tof2,4x4,empty,3019,3246,3328,3325,2124,-1,2212,3464,1458,1738,1536,-1,-1,1095,1101,1051,1,1,1,1,1,0,1,1,1,1,1,0,1,1,1,1
2026-07-03T19:56:17.724,tof2,4x4,empty,3019,3246,-1,3327,2128,-1,2212,3457,1475,1717,-1,-1,1079,1095,1101,1052,1,1,1,1,1,0,1,1,1,1,1,0,1,1,1,1
2026-07-03T19:56:17.729,tof1,4x4,empty,-1,-1,-1,-1,-1,-1,-1,-1,-1,-1,1971,-1,1073,1154,1131,1077,0,0,0,0,0,0,0,0,0,0,1,0,1,1,1,1
2026-07-03T19:56:17.941,tof1,4x4,empty,-1,-1,-1,-1,-1,-1,-1,-1,-1,-1,1970,-1,-1,1148,1131,1078,0,0,0,0,0,0,0,0,0,1,1,0,0,1,1,1
2026-07-03T19:56:18.109,tof1,4x4,empty,-1,-1,-1,-1,-1,-1,-1,-1,-1,-1,1971,-1,-1,1148,-1,-1,0,0,0,0,0,0,0,0,0,0,1,1,0,1,1,1
2026-07-03T19:56:18.282,tof1,4x4,empty,-1,-1,-1,-1,-1,-1,-1,-1,-1,-1,1984,1996,1073,1148,1137,1077,0,0,0,0,0,0,0,0,0,0,1,1,1,1,1,1
2026-07-03T19:56:18.452,tof1,4x4,empty,-1,-1,-1,-1,-1,-1,-1,-1,-1,-1,1986,-1,-1,1154,-1,1073,0,0,0,0,0,0,0,0,0,0,1,0,0,1,1,1
2026-07-03T19:56:18.616,tof1,4x4,empty,-1,-1,-1,-1,-1,-1,-1,-1,-1,-1,1984,-1,1073,1156,-1,1082,0,0,0,0,0,0,0,0,0,0,1,0,1,1,1,1
2026-07-03T19:56:18.776,tof1,4x4,empty,-1,-1,-1,-1,-1,-1,-1,-1,-1,-1,1986,1932,-1,1156,1144,1084,0,0,0,0,0,0,0,0,0,0,1,1,0,1,1,1
2026-07-03T19:56:18.838,tof2,4x4,empty,2965,3246,-1,3330,2128,-1,-1,-1,1458,1740,1491,-1,1074,1088,1101,1052,1,1,0,1,1,0,0,1,1,1,1,0,1,1,1,1
2026-07-03T19:56:18.935,tof1,4x4,empty,-1,-1,-1,-1,-1,-1,-1,-1,-1,-1,1986,-1,-1,1156,1137,-1,0,0,0,0,0,0,0,0,0,0,1,1,0,1,1,1
2026-07-03T19:56:19.005,tof2,4x4,empty,2965,3252,-1,3311,2128,-1,-1,3457,1475,1740,-1,-1,1074,1088,-1,1055,1,1,1,1,1,1,1,1,1,1,1,0,1,1,1,1
2026-07-03T19:56:19.094,tof1,4x4,empty,-1,-1,-1,-1,-1,-1,-1,-1,-1,-1,1990,-1,1107,1156,1091,1099,0,0,0,1,0,0,0,0,0,0,1,1,1,1,1,1
2026-07-03T19:56:19.177,tof2,4x4,empty,3022,3255,-1,3322,2127,-1,-1,3457,1475,1704,-1,-1,-1,1093,1101,1052,1,1,0,1,1,1,0,1,1,1,1,0,1,1,1,1
2026-07-03T19:56:19.249,tof1,4x4,empty,-1,-1,-1,-1,-1,-1,-1,-1,-1,1974,1974,-1,-1,1146,1090,-1,0,0,0,0,0,0,0,0,0,1,1,0,0,1,1,1
2026-07-03T19:56:19.325,tof2,4x4,empty,3022,3257,-1,3325,2119,-1,2195,3457,1523,-1,1491,-1,1081,1093,1107,1048,1,1,0,1,1,0,1,1,1,1,1,0,1,1,1,1
2026-07-03T19:56:19.412,tof1,4x4,empty,-1,-1,-1,-1,-1,-1,-1,-1,-1,-1,1990,1932,-1,-1,1084,-1,0,0,0,0,0,0,0,0,0,0,1,1,1,1,1,1
2026-07-03T19:56:19.481,tof2,4x4,empty,2989,3257,-1,3322,2109,-1,2195,3457,1523,1704,1509,-1,-1,1090,1101,1048,1,1,0,1,1,0,1,1,1,1,1,0,1,1,1,1
2026-07-03T19:56:19.582,tof1,4x4,empty,-1,-1,-1,-1,-1,-1,-1,-1,-1,-1,1992,-1,1107,1146,-1,-1,0,0,0,0,0,0,0,0,0,1,1,0,1,1,1,1
2026-07-03T19:56:19.671,tof2,4x4,empty,2989,3257,-1,3321,2119,-1,2194,3463,-1,1732,-1,-1,-1,1090,1099,1048,1,1,0,1,1,1,1,1,1,1,1,0,1,1,1,1
2026-07-03T19:56:19.752,tof1,4x4,empty,-1,-1,-1,-1,-1,-1,-1,-1,-1,-1,1992,-1,-1,1137,1084,1099,0,0,0,0,0,0,0,0,0,0,1,0,0,1,1,1
2026-07-03T19:56:19.856,tof2,4x4,empty,2989,3255,-1,3322,2105,2147,2194,3463,-1,-1,1509,-1,1073,1090,1099,1048,1,1,1,1,1,1,1,1,1,1,1,0,1,1,1,1
2026-07-03T19:56:19.927,tof1,4x4,empty,-1,-1,-1,-1,-1,-1,-1,-1,-1,1974,1978,-1,-1,1137,-1,1099,0,0,0,0,0,0,0,0,0,1,1,1,1,1,1,1
2026-07-03T19:56:20.037,tof2,4x4,empty,-1,3257,-1,3321,2101,2135,2195,3463,-1,1658,1509,-1,1073,1087,1099,1058,1,1,1,1,1,1,1,1,1,1,1,0,1,1,1,1
2026-07-03T19:56:20.086,tof1,4x4,empty,-1,-1,-1,-1,-1,-1,-1,-1,-1,-1,1978,-1,1118,1153,1084,1064,0,0,0,0,0,0,0,0,0,0,1,0,1,1,1,1
2026-07-03T19:56:20.221,tof2,4x4,empty,2952,3253,3327,3321,2101,2135,-1,3482,-1,1732,1513,-1,1082,-1,1099,1058,1,1,1,1,1,1,1,1,1,1,1,0,1,1,1,1
2026-07-03T19:56:20.236,tof1,4x4,empty,-1,-1,-1,-1,-1,-1,-1,-1,-1,1974,1973,-1,-1,-1,-1,-1,0,0,0,0,0,0,0,0,0,1,1,1,0,1,1,1
2026-07-03T19:56:20.382,tof2,4x4,empty,-1,3251,-1,3321,2107,2156,-1,3463,1523,1732,-1,-1,1082,1087,1102,1058,1,1,0,1,1,1,0,1,1,1,1,0,1,1,1,1
2026-07-03T19:56:20.429,tof1,4x4,empty,-1,-1,-1,-1,-1,-1,-1,-1,-1,-1,1973,-1,1122,1157,-1,1064,0,0,0,0,0,0,0,0,0,0,1,0,1,1,1,1
2026-07-03T19:56:20.545,tof2,4x4,empty,-1,3253,-1,3319,2107,2024,2194,3482,1523,1732,1513,-1,-1,1087,1102,1052,1,1,0,1,1,1,1,1,1,1,1,0,1,1,1,1
2026-07-03T19:56:20.608,tof1,4x4,empty,-1,-1,-1,-1,-1,-1,-1,-1,-1,-1,1973,-1,1122,1157,-1,1064,0,0,0,0,0,0,0,0,0,0,1,0,1,1,1,1
2026-07-03T19:56:20.712,tof2,4x4,empty,-1,3251,-1,3317,2109,2024,2194,3494,-1,1675,1501,-1,1082,1089,1097,1052,1,1,0,1,1,1,1,1,1,1,1,0,1,1,1,1
2026-07-03T19:56:20.789,tof1,4x4,empty,-1,-1,-1,-1,-1,-1,-1,-1,-1,-1,1981,-1,-1,-1,1084,-1,0,0,0,0,0,0,0,0,0,1,1,0,0,1,1,1
2026-07-03T19:56:20.917,tof2,4x4,empty,-1,3249,-1,3317,-1,-1,2224,3494,1471,1675,1513,-1,1082,-1,-1,1045,1,1,0,1,0,1,1,1,1,1,1,0,1,1,1,1
2026-07-03T19:56:20.978,tof1,4x4,empty,-1,-1,-1,-1,-1,-1,-1,-1,-1,-1,1990,-1,1105,1174,1087,1064,0,0,0,0,1,0,0,0,0,0,1,1,1,1,1,1
2026-07-03T19:56:21.129,tof2,4x4,empty,2952,3251,3327,3313,2130,2123,-1,3465,-1,1675,-1,-1,1081,1092,-1,1043,1,1,1,1,1,1,0,1,1,1,1,0,1,1,1,1
2026-07-03T19:56:21.157,tof1,4x4,empty,-1,-1,-1,-1,-1,-1,-1,-1,-1,1989,1990,1932,1104,1167,-1,-1,0,0,0,0,0,0,0,0,0,1,1,1,1,1,1,1
2026-07-03T19:56:21.306,tof2,4x4,empty,2964,3257,-1,3317,2130,2123,2228,3465,1457,1732,1560,-1,-1,1092,1099,1052,1,1,1,1,1,1,1,1,1,1,1,1,1,1,1,1
2026-07-03T19:56:21.401,tof1,4x4,empty,-1,-1,-1,-1,-1,-1,-1,-1,-1,-1,1998,-1,-1,1167,-1,-1,0,0,0,0,0,0,0,0,0,1,1,0,1,1,1,1
2026-07-03T19:56:21.541,tof2,4x4,empty,2988,3245,-1,3322,2130,2123,2224,3455,-1,1740,1560,-1,1078,1092,1099,1047,1,1,0,1,1,1,1,1,1,1,1,0,1,1,1,1
2026-07-03T19:56:21.601,tof1,4x4,empty,-1,-1,-1,-1,-1,-1,-1,-1,-1,-1,1990,-1,1104,-1,1112,1066,0,0,0,0,0,0,0,0,0,0,1,0,1,1,1,1
2026-07-03T19:56:21.738,tof2,4x4,empty,-1,3257,-1,3322,2140,2130,2230,3439,-1,-1,-1,-1,-1,1092,1099,1043,1,1,0,1,1,1,1,1,1,1,1,0,1,1,1,1
2026-07-03T19:56:21.780,tof1,4x4,empty,-1,-1,-1,-1,-1,-1,-1,-1,-1,-1,1990,-1,-1,1131,1112,1066,0,0,0,0,0,0,0,0,0,1,1,1,0,1,1,1
2026-07-03T19:56:21.910,tof2,4x4,empty,2988,3257,-1,3313,2140,2148,2224,3439,1471,1740,1560,-1,1078,1092,1101,1042,1,1,0,1,1,1,1,1,1,1,1,0,1,1,1,1
2026-07-03T19:56:21.965,tof1,4x4,empty,-1,-1,-1,-1,-1,-1,-1,-1,-1,-1,1983,-1,-1,1131,1119,1066,0,0,0,0,0,0,0,0,0,0,1,0,0,1,1,1
2026-07-03T19:56:22.077,tof2,4x4,empty,2988,3257,-1,3322,-1,2148,2203,3439,-1,1740,1658,-1,1078,-1,1101,1047,1,1,0,1,1,1,1,1,1,1,1,0,1,1,1,1
2026-07-03T19:56:22.128,tof1,4x4,empty,-1,-1,-1,-1,-1,-1,-1,-1,-1,-1,1983,1932,-1,-1,1138,-1,0,0,0,0,0,0,0,0,0,0,1,1,1,1,1,1
2026-07-03T19:56:22.271,tof2,4x4,empty,2988,3257,-1,3311,2130,2149,2190,3455,1527,1743,-1,-1,1078,1092,1101,1046,1,1,0,1,1,1,1,1,1,1,1,0,1,1,1,1
2026-07-03T19:56:22.288,tof1,4x4,empty,3314,-1,-1,-1,-1,-1,-1,-1,-1,-1,1983,-1,1102,1131,-1,-1,1,0,0,0,0,0,0,0,0,0,1,0,1,1,1,1
2026-07-03T19:56:22.457,tof2,4x4,empty,2988,3257,-1,3310,2130,2149,2178,3464,-1,1743,1591,-1,1070,1088,1102,1046,1,1,0,1,1,1,1,1,1,1,1,1,1,1,1,1
2026-07-03T19:56:22.480,tof1,4x4,empty,-1,-1,-1,-1,-1,-1,-1,-1,-1,1974,1989,1945,-1,1131,1122,1075,0,0,0,0,0,0,0,0,0,1,1,1,0,1,1,1
2026-07-03T19:56:22.631,tof2,4x4,empty,3017,3257,-1,3310,2114,2153,-1,3464,-1,1744,-1,-1,1078,1088,1099,1047,1,1,0,1,1,1,1,1,1,1,1,0,1,1,1,1
2026-07-03T19:56:22.786,tof1,4x4,empty,-1,-1,-1,-1,-1,-1,-1,-1,-1,-1,1983,1945,1099,1169,1122,1075,0,0,0,0,0,0,0,0,0,0,1,1,1,1,1,1
2026-07-03T19:56:22.813,tof2,4x4,empty,3017,3257,-1,3311,2114,2153,2178,3468,-1,1744,1591,-1,-1,1090,1099,1047,1,1,1,1,1,1,1,1,1,1,1,0,1,1,1,1
2026-07-03T19:56:22.943,tof1,4x4,empty,-1,-1,-1,-1,-1,-1,-1,-1,-1,-1,1984,-1,1093,1169,-1,1058,0,0,1,0,0,0,0,0,0,0,1,1,1,1,1,1
2026-07-03T19:56:22.993,tof2,4x4,empty,-1,3257,-1,3311,2147,2153,2190,3464,1527,1744,-1,-1,1078,1091,-1,1047,0,1,0,1,1,1,1,1,1,1,1,0,1,1,1,1
2026-07-03T19:56:23.103,tof1,4x4,empty,-1,-1,-1,-1,-1,-1,-1,-1,-1,-1,1984,1955,1093,1179,-1,1043,0,0,1,0,0,0,0,0,0,1,1,1,1,1,1,1
2026-07-03T19:56:23.148,tof2,4x4,empty,3017,3250,-1,3307,2147,2153,2190,3478,1613,1745,1576,-1,1078,1090,1099,1048,1,1,0,1,1,1,1,1,1,1,1,0,1,1,1,1
2026-07-03T19:56:23.272,tof1,4x4,empty,-1,-1,-1,-1,-1,-1,-1,-1,-1,-1,1984,-1,-1,1179,1122,1043,1,0,0,0,0,0,0,0,0,0,1,0,1,1,1,1
2026-07-03T19:56:23.320,tof2,4x4,empty,-1,3250,3327,3329,2147,2165,2158,3473,1613,1761,-1,-1,1072,1090,-1,1047,1,1,1,1,1,1,1,1,1,1,1,0,1,1,1,1
2026-07-03T19:56:23.433,tof1,4x4,empty,-1,-1,-1,-1,-1,-1,-1,-1,-1,1965,1983,-1,-1,1179,-1,1042,0,0,0,0,0,0,0,0,0,1,1,1,0,1,1,1
2026-07-03T19:56:23.498,tof2,4x4,empty,3017,3250,-1,3342,2147,2153,2158,3473,-1,1706,1576,-1,-1,1088,1099,1047,1,1,0,1,1,1,1,1,1,1,1,0,1,1,1,1
2026-07-03T19:56:23.590,tof1,4x4,empty,-1,-1,-1,-1,-1,-1,-1,-1,-1,-1,1983,1945,-1,1183,1122,-1,0,0,0,0,0,0,0,0,0,0,1,1,0,1,1,1
2026-07-03T19:56:23.660,tof2,4x4,empty,3017,3250,-1,3329,-1,2132,2158,3455,1613,1775,-1,-1,1078,1088,1098,1047,1,1,0,1,1,1,1,1,1,1,1,0,1,1,1,1
2026-07-03T19:56:23.742,tof1,4x4,empty,-1,-1,-1,-1,-1,-1,-1,-1,-1,-1,1983,1955,-1,1183,-1,-1,0,0,0,0,0,0,0,0,0,0,1,1,0,1,1,1
2026-07-03T19:56:23.815,tof2,4x4,empty,-1,3250,3327,3321,2147,2150,2132,3473,-1,1775,1576,-1,1077,-1,1099,1047,0,1,1,1,1,1,1,1,1,1,1,0,1,1,1,1
2026-07-03T19:56:23.915,tof1,4x4,empty,-1,-1,-1,-1,-1,-1,-1,-1,-1,-1,1966,-1,-1,-1,1115,1041,0,0,0,0,0,0,0,0,0,0,1,0,1,1,1,1
2026-07-03T19:56:23.999,tof2,4x4,empty,3042,3256,-1,3329,2131,2132,2132,3473,1597,1746,1491,-1,-1,1087,1102,1046,1,1,0,1,1,1,1,1,1,1,1,0,1,1,1,1
2026-07-03T19:56:24.071,tof1,4x4,empty,-1,-1,-1,-1,-1,-1,-1,-1,-1,-1,1966,-1,1093,1168,1115,-1,0,0,0,0,0,0,0,0,0,1,1,1,1,1,1,1
2026-07-03T19:56:24.157,tof2,4x4,empty,2976,3256,-1,3321,-1,2130,2154,3461,1569,1739,1505,-1,1077,-1,1107,1044,1,1,1,1,1,1,1,1,1,1,1,0,1,1,1,1
2026-07-03T19:56:24.227,tof1,4x4,empty,-1,-1,-1,-1,-1,-1,-1,-1,-1,-1,1990,1975,-1,1115,1115,1040,0,0,0,0,0,0,0,0,0,0,1,1,1,1,1,1
2026-07-03T19:56:24.325,tof2,4x4,empty,2973,3258,-1,3321,2107,2125,2181,3461,1527,1746,1505,-1,1082,1088,1107,1044,1,1,0,1,1,1,1,1,1,1,1,0,1,1,1,1
2026-07-03T19:56:24.400,tof1,4x4,empty,-1,-1,-1,-1,-1,-1,-1,-1,-1,-1,1990,1982,1093,1161,-1,1040,0,0,0,0,1,0,0,0,0,0,1,1,1,1,1,1
2026-07-03T19:56:24.474,tof2,4x4,empty,3042,3258,-1,3299,2105,2130,2154,3461,-1,1746,1505,-1,1082,1094,1107,1047,1,1,0,1,1,1,1,1,1,1,1,1,1,1,1,1
2026-07-03T19:56:24.555,tof1,4x4,empty,-1,-1,-1,-1,-1,-1,-1,-1,-1,-1,1983,-1,1093,1115,1115,1040,0,0,0,0,0,0,0,0,0,0,1,1,1,1,1,1
2026-07-03T19:56:24.645,tof2,4x4,empty,2996,3256,-1,3316,2105,2130,2181,3461,1512,1739,-1,-1,1077,-1,1106,1042,1,1,1,1,1,1,1,1,1,1,1,0,1,1,1,1
2026-07-03T19:56:24.714,tof1,4x4,empty,-1,-1,-1,-1,-1,-1,-1,-1,-1,-1,1984,-1,-1,-1,1115,1047,1,0,0,0,0,0,0,0,0,0,1,0,0,1,1,1
2026-07-03T19:56:24.825,tof2,4x4,empty,2980,3252,-1,3298,2105,2126,2181,3461,1512,-1,1505,-1,1070,-1,1098,1047,1,1,1,1,1,1,1,1,1,1,1,0,1,1,1,1
2026-07-03T19:56:24.878,tof1,4x4,empty,-1,-1,-1,-1,-1,-1,-1,-1,-1,-1,1984,-1,-1,-1,1115,1057,1,0,0,0,0,0,0,0,0,0,1,1,0,1,1,1
2026-07-03T19:56:24.978,tof2,4x4,empty,2996,3252,-1,3316,2108,2136,2152,3404,1512,1745,1505,-1,-1,1094,1090,1054,1,1,0,1,1,1,1,1,1,1,1,0,1,1,1,1
2026-07-03T19:56:25.038,tof1,4x4,empty,-1,-1,-1,-1,-1,-1,-1,-1,-1,-1,1983,1982,-1,1144,-1,1063,0,0,0,0,0,0,0,0,0,0,1,1,0,1,1,1
2026-07-03T19:56:25.145,tof2,4x4,empty,2996,3252,3327,3313,2129,2158,-1,3404,-1,1745,1499,-1,1070,1094,1090,1047,1,1,1,1,1,1,0,1,1,1,1,0,1,1,1,1
2026-07-03T19:56:25.422,tof2,4x4,empty,2996,3251,-1,3313,2129,2158,2152,3465,1554,1745,1499,-1,1070,1094,1090,1054,1,1,0,1,1,1,1,1,1,1,1,0,1,1,1,1
2026-07-03T19:56:25.458,tof1,4x4,empty,-1,-1,-1,-1,-1,-1,-1,-1,-1,1987,1984,-1,1116,1115,1104,1067,1,0,0,0,0,0,0,0,0,1,1,0,1,1,1,1
2026-07-03T19:56:25.585,tof2,4x4,empty,3003,3253,-1,3313,2136,2137,2198,3404,1554,1734,1544,-1,1073,1091,1090,1054,1,1,1,1,1,1,1,1,1,1,1,0,1,1,1,1
2026-07-03T19:56:25.658,tof1,4x4,empty,-1,-1,-1,-1,-1,-1,-1,-1,-1,-1,1986,-1,-1,1128,1097,-1,0,0,0,0,0,0,0,0,1,0,1,1,1,1,1,1
2026-07-03T19:56:25.756,tof2,4x4,empty,-1,3254,-1,3323,2119,2137,-1,2892,-1,1734,-1,-1,1074,1091,1098,1054,1,1,1,1,1,1,1,1,1,1,1,0,1,1,1,1
2026-07-03T19:56:25.834,tof1,4x4,empty,-1,-1,-1,-1,-1,-1,-1,-1,2197,-1,1986,2054,-1,-1,-1,1063,0,0,0,0,0,0,0,0,1,1,1,1,0,1,1,1
2026-07-03T19:56:25.930,tof2,4x4,empty,3027,3254,-1,3321,2119,2136,2198,2892,1554,-1,1544,-1,-1,1091,1101,1046,1,1,0,1,1,1,1,1,1,1,1,0,1,1,1,1
2026-07-03T19:56:25.979,tof1,4x4,empty,-1,-1,-1,-1,-1,-1,-1,-1,2197,1987,1983,1982,1116,1128,-1,1063,0,0,0,0,0,0,0,0,1,1,1,1,1,1,1,1
2026-07-03T19:56:26.086,tof2,4x4,empty,-1,3254,-1,3321,2119,2134,2198,2892,-1,1731,-1,-1,-1,1089,1098,1046,1,1,0,1,1,1,1,1,1,1,1,0,1,1,1,1
2026-07-03T19:56:26.143,tof1,4x4,empty,-1,-1,-1,-1,-1,-1,-1,-1,2719,-1,1988,1977,1088,1128,-1,-1,0,0,0,0,1,0,0,0,1,0,1,1,1,1,1,1
2026-07-03T19:56:26.245,tof2,4x4,empty,3003,3255,-1,3321,2119,2136,-1,2892,-1,1731,1544,-1,1074,1089,1101,1046,1,1,0,1,1,1,1,1,1,1,1,0,1,1,1,1
2026-07-03T19:56:26.304,tof1,4x4,empty,-1,-1,-1,-1,2260,-1,-1,-1,2739,1967,1983,-1,-1,1128,1097,1060,0,0,0,0,1,0,0,0,1,1,1,0,0,1,1,1
2026-07-03T19:56:26.405,tof2,4x4,empty,3047,3255,-1,3317,2109,2136,-1,2959,1529,1586,1544,-1,1074,1091,1102,1042,1,1,0,1,1,1,0,1,1,1,1,0,1,1,1,1
2026-07-03T19:56:26.474,tof1,4x4,empty,-1,-1,-1,-1,-1,-1,-1,-1,2747,1987,1979,-1,-1,1139,-1,1060,0,0,0,1,1,0,0,0,1,1,1,0,0,1,1,1
2026-07-03T19:56:26.628,tof1,4x4,empty,-1,-1,-1,-1,-1,-1,-1,-1,-1,-1,1983,1973,1080,1178,-1,-1,0,0,0,0,0,0,0,0,1,0,1,1,1,1,1,1
2026-07-03T19:56:26.656,tof2,4x4,empty,-1,3255,-1,-1,2109,2135,2198,2959,1509,1586,-1,-1,1074,1091,1101,1038,1,1,0,1,1,1,1,1,1,1,1,0,1,1,1,1
2026-07-03T19:56:26.784,tof1,4x4,empty,-1,-1,-1,-1,-1,-1,-1,-1,2739,-1,1987,1977,1063,-1,1097,1060,1,0,0,0,0,0,0,0,1,0,1,1,1,1,1,1
2026-07-03T19:56:26.832,tof2,4x4,empty,3047,3255,-1,3317,2121,-1,2193,2885,1486,1586,-1,-1,1069,1096,1099,1042,1,1,1,1,1,1,1,1,1,1,1,0,1,1,1,1
2026-07-03T19:56:26.934,tof1,4x4,empty,-1,-1,-1,-1,-1,-1,-1,-1,-1,-1,1987,-1,-1,1158,1100,1064,0,0,0,0,1,0,0,0,1,1,1,0,0,1,1,1
2026-07-03T19:56:26.996,tof2,4x4,empty,-1,3258,3320,3317,2121,2135,2172,2885,1475,1719,1521,-1,1067,1096,1099,1050,1,1,1,1,1,1,1,1,1,1,1,0,1,1,1,1
2026-07-03T19:56:27.094,tof1,4x4,empty,-1,-1,-1,-1,-1,-1,-1,-1,-1,-1,1990,1944,-1,1158,1100,1067,1,1,0,0,0,0,0,0,0,1,1,1,0,1,1,1
2026-07-03T19:56:27.159,tof2,4x4,empty,3047,3258,-1,3317,2121,2141,2171,2882,1458,1730,-1,-1,1067,1096,1099,1050,1,1,0,1,1,1,1,1,1,1,1,0,1,1,1,1
2026-07-03T19:56:27.267,tof1,4x4,empty,-1,-1,-1,-1,-1,-1,-1,-1,-1,-1,1990,1944,-1,-1,-1,-1,0,0,0,0,0,0,0,0,0,1,1,1,1,1,1,1
2026-07-03T19:56:27.326,tof2,4x4,empty,3003,3258,-1,3319,2122,-1,2140,2868,-1,1730,-1,-1,1069,1095,1099,1050,1,1,0,1,1,1,1,1,1,1,1,0,1,1,1,1
2026-07-03T19:56:27.428,tof1,4x4,empty,-1,-1,-1,-1,2351,-1,-1,-1,-1,-1,2000,-1,1063,1158,1118,1067,0,0,0,0,1,0,0,0,1,1,1,1,1,1,1,1
2026-07-03T19:56:27.495,tof2,4x4,empty,3003,3258,-1,3319,2121,2141,-1,2868,-1,1730,-1,-1,1069,1086,1098,1050,1,1,0,1,1,1,0,1,1,1,1,0,1,1,1,1
2026-07-03T19:56:27.588,tof1,4x4,empty,-1,-1,-1,-1,-1,-1,-1,-1,-1,-1,2000,-1,1063,1191,-1,1064,0,0,0,0,0,0,0,0,0,0,1,0,1,1,1,1
2026-07-03T19:56:27.681,tof2,4x4,empty,2988,3256,-1,-1,2122,-1,-1,2867,1458,1731,1514,-1,1074,1083,-1,1049,1,1,0,1,1,0,1,1,1,1,1,0,1,1,1,1
2026-07-03T19:56:27.741,tof1,4x4,empty,-1,-1,-1,-1,2413,-1,-1,-1,2739,1987,2000,-1,-1,1162,-1,1064,0,0,0,0,1,0,0,0,1,1,1,1,0,1,1,1
2026-07-03T19:56:27.848,tof2,4x4,empty,2988,3256,3320,-1,2132,-1,-1,2868,1458,1717,-1,-1,1076,1086,1100,1047,1,1,1,1,1,0,1,1,1,1,1,0,1,1,1,1
2026-07-03T19:56:27.918,tof1,4x4,empty,-1,-1,-1,-1,2435,-1,-1,-1,2727,-1,1986,1942,-1,1165,1118,1052,0,0,0,0,1,0,0,0,1,0,1,1,1,1,1,1
2026-07-03T19:56:28.015,tof2,4x4,empty,2988,3256,-1,3319,2132,-1,2171,2881,1473,-1,1514,-1,1076,1086,1105,1047,1,1,1,1,1,1,1,1,1,1,1,0,1,1,1,1
2026-07-03T19:56:28.112,tof1,4x4,empty,-1,-1,-1,-1,-1,-1,-1,-1,-1,1987,1987,-1,-1,-1,1124,-1,0,0,0,0,1,0,0,0,0,1,1,1,1,1,1,1
2026-07-03T19:56:28.290,tof1,4x4,empty,-1,-1,-1,-1,2435,-1,-1,-1,-1,1975,1980,-1,-1,1165,-1,1052,1,0,0,0,1,0,0,0,0,1,1,1,1,1,1,1
2026-07-03T19:56:28.298,tof2,4x4,empty,2988,3254,-1,3319,2123,-1,2172,3404,1491,1588,-1,-1,1078,-1,1102,1049,1,1,0,1,1,0,1,1,1,1,1,0,1,1,1,1
2026-07-03T19:56:28.437,tof1,4x4,empty,-1,-1,-1,-1,-1,-1,-1,-1,-1,-1,1977,-1,1063,1162,-1,1055,0,0,0,0,1,0,0,0,0,0,1,0,1,1,1,1
2026-07-03T19:56:28.466,tof2,4x4,empty,2988,3253,-1,3319,-1,-1,2150,3425,1492,1717,1521,-1,1076,1086,1105,1049,1,1,0,1,1,0,1,1,1,1,1,0,1,1,1,1
2026-07-03T19:56:28.703,tof1,4x4,empty,-1,-1,-1,-1,-1,-1,-1,-1,-1,-1,1977,1937,-1,-1,1126,1078,0,0,0,0,0,0,0,0,0,0,1,1,1,1,1,1
2026-07-03T19:56:28.751,tof2,4x4,empty,3006,3253,-1,3316,2155,-1,2182,3454,1492,1588,1562,-1,1076,1088,-1,1050,1,1,1,1,1,0,1,1,1,1,1,0,1,1,1,1
2026-07-03T19:56:28.912,tof1,4x4,empty,-1,-1,-1,-1,-1,-1,-1,-1,-1,-1,1978,-1,1036,-1,1143,1055,0,0,0,0,0,0,0,0,0,1,1,0,1,1,1,1
2026-07-03T19:56:28.912,tof2,4x4,empty,3006,3250,-1,3321,2123,-1,2188,3465,1512,1588,-1,-1,-1,1088,-1,1050,1,1,1,1,1,0,1,1,1,1,1,0,1,1,1,1
2026-07-03T19:56:29.066,tof2,4x4,empty,3006,3253,-1,3321,2123,-1,-1,3454,-1,1731,1562,-1,1078,1087,-1,1048,1,1,0,1,1,0,0,1,1,1,1,0,1,1,1,1
2026-07-03T19:56:29.217,tof1,4x4,empty,-1,-1,-1,-1,-1,-1,-1,-1,-1,-1,1975,-1,-1,1129,1143,1071,0,0,0,1,0,0,0,0,0,0,1,0,1,1,1,1
2026-07-03T19:56:29.264,tof2,4x4,empty,2993,3253,-1,3323,2127,-1,-1,3464,1512,1740,1562,-1,1072,1087,1105,1043,1,1,0,1,1,0,0,1,1,1,1,0,1,1,1,1
2026-07-03T19:56:29.375,tof1,4x4,empty,-1,-1,-1,-1,-1,-1,-1,-1,-1,-1,1978,-1,1065,-1,1126,-1,0,0,0,0,0,0,0,0,0,1,1,0,1,1,1,1
2026-07-03T19:56:29.447,tof2,4x4,empty,2993,3254,-1,3323,-1,-1,2198,-1,1543,1731,-1,-1,1072,-1,1105,1046,1,1,0,1,0,0,1,0,1,1,1,0,1,1,1,1
2026-07-03T19:56:29.544,tof1,4x4,empty,-1,-1,-1,-1,-1,-1,-1,-1,-1,-1,1980,-1,-1,1119,1126,1058,0,0,0,1,1,0,0,0,0,1,1,1,1,1,1,1
2026-07-03T19:56:29.614,tof2,4x4,empty,2993,3254,-1,3323,-1,-1,2198,3464,1543,1740,1510,-1,1072,1086,-1,1044,1,1,0,1,1,1,1,1,1,1,1,0,1,1,1,1
2026-07-03T19:56:29.769,tof2,4x4,empty,3000,3257,-1,3323,2127,-1,2198,3464,-1,1744,1510,-1,1072,1080,1102,1044,1,1,0,1,1,1,1,1,1,1,1,0,1,1,1,1
2026-07-03T19:56:29.948,tof1,4x4,empty,-1,-1,-1,-1,-1,-1,-1,-1,-1,-1,1982,-1,-1,1119,-1,1071,0,0,0,0,0,0,0,0,0,0,1,0,1,1,1,1
2026-07-03T19:56:29.955,tof2,4x4,empty,3000,3262,-1,3323,2121,-1,2199,3450,-1,1744,1510,-1,-1,-1,1099,1044,1,1,0,1,1,0,1,1,1,1,1,0,1,1,1,1
2026-07-03T19:56:30.101,tof1,4x4,empty,-1,-1,-1,-1,-1,-1,-1,-1,-1,1987,1982,-1,1069,1129,1135,-1,1,0,0,0,0,0,0,1,0,1,1,0,1,1,1,1
2026-07-03T19:56:30.112,tof2,4x4,empty,3000,3262,-1,3323,2121,-1,2199,3450,1543,1579,-1,-1,-1,1086,-1,1044,1,1,1,1,1,1,1,1,1,1,1,0,1,1,1,1
2026-07-03T19:56:30.264,tof1,4x4,empty,-1,-1,-1,-1,-1,-1,-1,-1,2410,-1,1993,1937,-1,-1,1110,1071,0,0,0,0,0,0,0,0,1,0,1,1,1,1,1,1
2026-07-03T19:56:30.335,tof2,4x4,empty,-1,3262,3328,3323,2121,2135,2183,2923,1490,1665,1589,-1,1072,1086,1099,1044,0,1,1,1,1,1,1,1,1,1,1,0,1,1,1,1
2026-07-03T19:56:30.423,tof1,4x4,empty,-1,-1,-1,-1,-1,-1,-1,-1,2399,1987,1996,2016,1069,1143,1135,1071,0,0,0,0,0,0,0,0,1,1,1,1,1,1,1,1
2026-07-03T19:56:30.493,tof2,4x4,empty,2995,3257,-1,3323,2118,2146,2180,2892,-1,-1,-1,-1,1071,1092,1102,1047,1,1,1,1,1,1,1,1,1,1,1,0,1,1,1,1
2026-07-03T19:56:30.578,tof1,4x4,empty,-1,-1,-1,-1,2413,-1,-1,-1,2044,-1,1996,-1,-1,1143,1135,1087,0,0,0,0,1,0,0,0,1,0,1,0,1,1,1,1
2026-07-03T19:56:30.650,tof2,4x4,empty,2993,3254,-1,3314,2105,2146,2155,2892,1475,1665,1662,-1,1071,1092,1100,1047,1,1,0,1,1,1,1,1,1,1,1,0,1,1,1,1
2026-07-03T19:56:30.796,tof2,4x4,empty,-1,3248,3320,3327,2105,2146,2155,-1,1475,1665,1662,-1,1081,1092,1100,1047,0,1,1,1,1,1,1,1,1,1,1,0,1,1,1,1
2026-07-03T19:56:30.882,tof1,4x4,empty,-1,-1,-1,-1,-1,-1,-1,-1,2044,-1,1996,1988,1069,1143,-1,1087,0,0,0,0,0,0,0,0,1,1,1,1,1,1,1,1
2026-07-03T19:56:30.962,tof2,4x4,empty,2993,3248,-1,3319,2125,2145,2170,2892,-1,1665,1662,-1,-1,1091,1102,1048,1,1,1,1,1,1,1,1,1,1,1,1,1,1,1,1
2026-07-03T19:56:31.053,tof1,4x4,empty,-1,-1,-1,-1,-1,-1,-1,-1,2044,-1,1999,-1,-1,1122,1128,1069,1,0,0,0,1,0,0,0,1,0,1,0,1,1,1,1
2026-07-03T19:56:31.122,tof2,4x4,empty,2995,3246,-1,3312,2117,2152,-1,2900,1475,-1,1589,-1,1081,1090,1100,1047,1,1,0,1,1,1,1,1,1,1,1,0,1,1,1,1
2026-07-03T19:56:31.231,tof1,4x4,empty,-1,-1,-1,-1,-1,-1,-1,-1,-1,2006,1999,-1,-1,-1,-1,1066,0,0,0,0,0,0,0,0,0,1,1,0,1,1,1,1
2026-07-03T19:56:31.284,tof2,4x4,empty,3000,3248,-1,3319,2117,2145,2155,2900,1519,1752,-1,-1,1069,-1,1099,1048,1,1,1,1,1,1,1,1,1,1,1,0,1,1,1,1
2026-07-03T19:56:31.389,tof1,4x4,empty,-1,-1,-1,-1,-1,-1,-1,-1,-1,-1,1993,-1,-1,-1,1128,1069,0,0,0,0,0,0,0,0,0,1,1,0,0,1,1,1
2026-07-03T19:56:31.440,tof2,4x4,empty,-1,3254,-1,3319,2118,2145,2139,3424,1519,1752,-1,-1,1071,1081,-1,1048,0,1,0,1,1,1,1,1,1,1,1,0,1,1,1,1
2026-07-03T19:56:31.536,tof1,4x4,empty,-1,-1,-1,-1,2413,-1,-1,-1,-1,2011,1993,-1,1079,1122,1128,-1,0,0,0,0,1,0,0,0,1,1,1,1,1,1,1,1
2026-07-03T19:56:31.598,tof2,4x4,empty,3015,3257,3297,3319,2117,2145,2170,3424,-1,1735,1540,-1,-1,1081,-1,1047,1,1,1,1,1,1,1,1,1,1,1,0,1,1,1,1
2026-07-03T19:56:31.708,tof1,4x4,empty,-1,-1,-1,-1,-1,-1,-1,-1,2086,2011,1980,-1,-1,-1,1128,-1,0,0,0,0,0,0,0,0,1,1,1,0,0,1,1,1
2026-07-03T19:56:31.778,tof2,4x4,empty,-1,3260,3297,3313,2117,2152,2152,3424,-1,1691,-1,-1,1067,1081,1097,1047,1,1,1,1,1,1,1,1,1,1,1,0,1,1,1,1
2026-07-03T19:56:31.879,tof1,4x4,empty,-1,-1,-1,-1,-1,-1,-1,-1,-1,-1,1962,-1,-1,1122,-1,1047,0,0,0,0,0,0,0,0,1,0,1,0,1,1,1,1
2026-07-03T19:56:31.933,tof2,4x4,empty,3023,3260,-1,3321,2118,2133,2152,2898,1519,1691,-1,-1,-1,1082,1097,1049,1,1,0,1,1,1,1,1,1,1,1,1,1,1,1,1
2026-07-03T19:56:32.036,tof1,4x4,empty,-1,-1,-1,-1,2435,-1,-1,-1,-1,2006,1962,2016,-1,1153,-1,1049,1,0,0,0,1,0,0,0,0,1,1,1,0,1,1,1
2026-07-03T19:56:32.104,tof2,4x4,empty,3023,3262,-1,3313,2118,2152,2166,2898,1519,1691,1540,-1,1067,1082,1097,1050,1,1,0,1,1,1,1,1,1,1,1,0,1,1,1,1
2026-07-03T19:56:32.208,tof1,4x4,empty,-1,-1,-1,-1,-1,-1,-1,-1,-1,-1,1980,-1,1079,-1,-1,1049,0,0,0,0,0,0,0,0,1,0,1,0,1,1,1,1
2026-07-03T19:56:32.262,tof2,4x4,empty,3023,3262,-1,3316,2111,2152,2166,2898,1510,1727,1577,-1,1071,1090,1099,1050,1,1,1,1,1,1,1,1,1,1,1,0,1,1,1,1
2026-07-03T19:56:32.362,tof1,4x4,empty,-1,-1,-1,-1,-1,-1,-1,-1,2231,-1,1978,2016,1099,-1,1130,-1,0,0,0,0,0,0,0,0,1,1,1,1,1,1,1,1
2026-07-03T19:56:32.416,tof2,4x4,empty,3023,3262,-1,3313,2111,-1,2166,2882,-1,1691,1565,-1,1072,-1,1101,1051,1,1,0,1,1,1,1,1,1,1,1,0,1,1,1,1
2026-07-03T19:56:32.518,tof1,4x4,empty,-1,-1,-1,-1,-1,-1,-1,-1,2482,-1,1980,-1,1110,-1,-1,1061,0,0,0,0,0,0,0,0,1,0,1,1,1,1,1,1
2026-07-03T19:56:32.569,tof2,4x4,empty,3023,3261,-1,3316,2109,2152,2179,2918,1472,1727,1565,-1,1076,1086,1101,1050,1,1,1,1,1,1,1,1,1,1,1,1,1,1,1,1
2026-07-03T19:56:32.666,tof1,4x4,empty,-1,-1,-1,-1,-1,-1,-1,-1,2626,-1,1984,-1,-1,-1,1130,-1,0,0,0,0,0,0,0,0,1,0,1,0,1,1,1,1
2026-07-03T19:56:32.727,tof2,4x4,empty,2962,3260,-1,3304,2109,-1,2179,2918,1510,1727,-1,-1,-1,1086,1102,1041,1,1,0,1,1,1,1,1,1,1,1,0,1,1,1,1
2026-07-03T19:56:32.827,tof1,4x4,empty,-1,-1,-1,-1,-1,-1,-1,-1,-1,-1,1980,-1,1110,1153,1127,-1,0,0,0,0,0,0,0,0,1,0,1,0,1,1,1,1
2026-07-03T19:56:32.891,tof2,4x4,empty,2962,3260,-1,3316,2087,2154,2178,3428,1510,1719,1577,-1,1076,-1,1101,1041,1,1,1,1,1,1,1,1,1,1,1,0,1,1,1,1
2026-07-03T19:56:32.996,tof1,4x4,empty,-1,-1,-1,-1,-1,-1,-1,-1,-1,2006,1982,-1,-1,1153,1130,-1,0,0,0,0,0,0,0,0,0,1,1,0,1,1,1,1
2026-07-03T19:56:33.039,tof2,4x4,empty,2962,3260,3311,3335,2109,2154,2191,2879,1504,1577,1617,-1,1076,1091,1101,1042,1,1,1,1,1,1,1,1,1,1,1,0,1,1,1,1
2026-07-03T19:56:33.204,tof2,4x4,empty,-1,3257,-1,3335,2111,-1,2178,3454,-1,1719,-1,-1,1072,1091,1101,1037,1,1,1,1,1,1,1,1,1,1,1,0,1,1,1,1
2026-07-03T19:56:33.359,tof2,4x4,empty,2981,3257,-1,3335,2121,2167,2177,2879,1478,1719,1565,-1,1071,1091,1099,1041,1,1,1,1,1,1,1,1,1,1,1,0,1,1,1,1
2026-07-03T19:56:33.516,tof2,4x4,empty,2981,3257,-1,3335,2125,2167,2177,2884,-1,1727,1608,-1,1071,1091,-1,1041,1,1,0,1,1,1,1,1,1,1,1,0,1,1,1,1
2026-07-03T19:56:33.679,tof2,4x4,empty,2981,3250,-1,3340,2156,2163,2156,2878,1504,1727,1608,-1,1076,1091,-1,1039,1,1,0,1,1,1,1,1,1,1,1,0,1,1,1,1
2026-07-03T19:56:33.831,tof2,4x4,empty,2981,3250,-1,3322,2156,2133,2156,2878,1496,-1,-1,-1,1076,1090,1099,1039,1,1,0,1,1,1,1,1,1,1,1,0,1,1,1,1
2026-07-03T19:56:33.921,tof1,4x4,empty,-1,-1,-1,-1,-1,-1,-1,-1,-1,-1,1993,-1,-1,1152,-1,-1,0,0,0,0,0,0,0,0,0,0,1,0,0,1,1,1
2026-07-03T19:56:34.001,tof2,4x4,empty,-1,3250,-1,3340,2156,2141,2165,2878,1496,1727,1608,-1,1076,1093,1099,1041,0,1,0,1,1,1,1,1,1,1,1,0,1,1,1,1
2026-07-03T19:56:34.079,tof1,4x4,empty,-1,-1,-1,-1,-1,-1,-1,-1,-1,-1,1982,-1,-1,1144,1148,1061,0,0,0,0,0,0,0,0,1,1,1,0,1,1,1,1
2026-07-03T19:56:34.171,tof2,4x4,empty,2981,3251,3297,3324,2144,2133,2165,2880,-1,1704,-1,-1,1076,1091,-1,1051,1,1,1,1,1,1,1,1,1,1,1,0,1,1,1,1
2026-07-03T19:56:34.236,tof1,4x4,empty,-1,-1,-1,-1,-1,-1,-1,-1,2660,-1,1978,1989,1099,1123,1127,1070,0,0,0,0,0,0,0,0,1,0,1,1,1,1,1,1
2026-07-03T19:56:34.333,tof2,4x4,empty,2977,3252,-1,3324,2144,2123,2165,2880,-1,-1,-1,-1,-1,1090,1103,1051,1,1,0,1,1,1,1,1,1,1,1,0,1,1,1,1
2026-07-03T19:56:34.392,tof1,4x4,empty,-1,-1,-1,-1,-1,-1,-1,-1,-1,2011,1982,1989,1097,1122,1127,1070,0,0,0,0,0,0,0,0,0,1,1,1,1,1,1,1
2026-07-03T19:56:34.497,tof2,4x4,empty,2977,3252,-1,3324,2144,2075,-1,2880,1496,-1,1596,-1,1076,1091,1106,1052,1,1,0,1,1,1,1,1,1,1,1,0,1,1,1,1
2026-07-03T19:56:34.562,tof1,4x4,empty,-1,-1,-1,-1,-1,-1,-1,-1,-1,-1,1999,-1,-1,1122,-1,1062,0,0,0,0,0,0,0,0,0,1,1,0,0,1,1,1
2026-07-03T19:56:34.665,tof2,4x4,empty,2977,3257,-1,3324,2144,2075,2190,2880,-1,-1,-1,-1,1076,1091,1106,1051,1,1,1,1,1,1,1,1,1,1,1,0,1,1,1,1
2026-07-03T19:56:34.714,tof1,4x4,empty,3360,-1,-1,-1,-1,-1,-1,-1,-1,-1,1979,-1,-1,1123,1126,1062,1,0,0,0,0,0,0,0,0,0,1,0,1,1,1,1
2026-07-03T19:56:34.844,tof2,4x4,empty,2977,3254,-1,3323,2144,2075,2174,3434,-1,1704,-1,-1,1076,1091,1102,1051,1,1,0,1,1,1,1,1,1,1,1,0,1,1,1,1
2026-07-03T19:56:34.888,tof1,4x4,empty,-1,-1,-1,-1,-1,-1,-1,-1,-1,-1,1981,-1,1097,1132,1126,-1,0,0,0,0,0,0,0,0,0,0,1,0,1,1,1,1
2026-07-03T19:56:34.998,tof2,4x4,empty,2977,3254,3311,3322,2143,-1,-1,3434,1496,-1,1596,-1,1076,1091,1102,1045,1,1,1,1,1,1,1,1,1,1,1,0,1,1,1,1
2026-07-03T19:56:35.055,tof1,4x4,empty,-1,-1,-1,-1,-1,-1,-1,-1,-1,-1,1993,-1,1097,-1,1126,1053,0,0,0,0,0,0,0,0,0,0,1,1,1,1,1,1
2026-07-03T19:56:35.233,tof1,4x4,empty,-1,-1,-1,-1,-1,-1,-1,-1,-1,-1,1981,-1,1103,-1,1126,1053,0,0,0,0,0,0,0,0,0,1,1,1,1,1,1,1
2026-07-03T19:56:35.252,tof2,4x4,empty,2980,3256,-1,3322,2138,2147,2190,3420,1496,1704,1596,-1,1076,1101,-1,1046,1,1,0,1,1,1,1,1,1,1,1,0,1,1,1,1
2026-07-03T19:56:35.423,tof1,4x4,empty,-1,-1,-1,-1,-1,-1,-1,-1,-1,-1,1979,-1,-1,1138,1132,1053,0,0,0,0,0,0,0,0,0,1,1,0,0,1,1,1
2026-07-03T19:56:35.431,tof2,4x4,empty,-1,3257,-1,3322,2117,2147,2202,3434,-1,1704,1540,-1,1076,1101,1102,1045,0,1,1,1,1,1,1,1,1,1,1,1,1,1,1,1
2026-07-03T19:56:35.603,tof2,4x4,empty,2980,3256,3331,3320,2138,2147,2213,3455,1506,1725,1540,-1,1073,1091,-1,1044,1,1,1,1,1,1,1,1,1,1,1,0,1,1,1,1
2026-07-03T19:56:35.614,tof1,4x4,empty,-1,-1,-1,-1,-1,-1,-1,-1,-1,-1,1981,-1,-1,1141,1136,1053,0,0,0,0,0,0,0,0,1,1,1,1,1,1,1,1
2026-07-03T19:56:35.779,tof2,4x4,empty,2989,3256,-1,3301,-1,2143,2213,3471,1506,1725,1634,-1,1073,1091,1102,1044,1,1,0,1,1,1,1,1,1,1,1,0,1,1,1,1
2026-07-03T19:56:35.789,tof1,4x4,empty,-1,-1,-1,-1,-1,-1,-1,-1,-1,-1,1976,1994,1103,-1,1132,1055,0,0,0,0,0,0,0,0,0,0,1,1,1,1,1,1
2026-07-03T19:56:35.933,tof2,4x4,empty,-1,3261,3331,3301,2131,2143,2213,3487,1511,1719,-1,-1,1073,1091,1095,1044,1,1,1,1,1,1,1,1,1,1,1,0,1,1,1,1
2026-07-03T19:56:35.948,tof1,4x4,empty,-1,-1,-1,-1,-1,-1,-1,-1,-1,-1,1974,-1,-1,1141,1132,1055,0,0,0,0,0,0,0,0,0,0,1,1,1,1,1,1
2026-07-03T19:56:36.088,tof2,4x4,empty,-1,3251,3331,3303,-1,2143,2210,3487,-1,1719,1670,-1,1073,1091,1100,1044,1,1,1,1,0,1,1,1,1,1,1,0,1,1,1,1
2026-07-03T19:56:36.106,tof1,4x4,empty,-1,-1,-1,-1,-1,-1,-1,-1,-1,1995,1974,1989,-1,1141,-1,1043,0,0,0,0,0,0,0,0,0,1,1,1,0,1,1,1
2026-07-03T19:56:36.251,tof2,4x4,empty,2989,3251,-1,3303,2138,2143,-1,3488,1511,1719,-1,-1,1073,1091,1100,1050,1,1,0,1,1,1,0,1,1,1,1,0,1,1,1,1
2026-07-03T19:56:36.272,tof1,4x4,empty,-1,-1,-1,-1,-1,-1,-1,-1,-1,-1,1974,-1,-1,1158,-1,1049,0,0,0,0,0,0,0,0,0,0,1,0,1,1,1,1
2026-07-03T19:56:36.410,tof2,4x4,empty,3002,3252,-1,3303,2131,2167,-1,3487,1506,1719,-1,-1,1071,1091,1100,1050,1,1,0,1,1,1,1,1,1,1,1,0,1,1,1,1
2026-07-03T19:56:36.429,tof1,4x4,empty,-1,-1,-1,-1,-1,-1,-1,-1,-1,-1,1974,1989,-1,1141,1132,1049,0,0,0,0,0,0,0,0,0,1,1,1,0,1,1,1
2026-07-03T19:56:36.577,tof2,4x4,empty,3008,3252,-1,3309,2139,2171,2198,3489,1506,1739,1634,-1,1071,1093,-1,1053,1,1,0,1,1,1,1,1,1,1,1,0,1,1,1,1
2026-07-03T19:56:36.589,tof1,4x4,empty,-1,-1,-1,-1,-1,-1,-1,-1,-1,-1,1974,-1,-1,1138,1105,1049,0,0,0,0,0,0,0,0,1,0,1,0,1,1,1,1
2026-07-03T19:56:36.732,tof2,4x4,empty,3017,3252,-1,3309,-1,2176,2193,3487,1486,1739,1634,-1,1071,1093,1100,1053,1,1,0,1,1,1,1,1,1,1,1,0,1,1,1,1
2026-07-03T19:56:36.796,tof1,4x4,empty,-1,-1,-1,-1,-1,-1,-1,-1,-1,-1,1969,1994,1103,1138,1105,1050,1,0,0,0,0,0,0,0,0,0,1,1,1,1,1,1
2026-07-03T19:56:36.917,tof2,4x4,empty,3017,3255,3331,3320,2131,2171,2189,3491,1481,1546,1537,-1,1071,1093,1105,1053,1,1,1,1,1,1,1,1,1,1,1,0,1,1,1,1
2026-07-03T19:56:36.951,tof1,4x4,empty,-1,-1,-1,-1,-1,-1,-1,-1,-1,-1,1969,-1,1103,1141,1091,1055,0,0,0,0,0,0,0,0,1,1,1,0,1,1,1,1
2026-07-03T19:56:37.323,tof2,4x4,empty,3017,3265,3331,-1,-1,2171,2189,3496,1481,1510,1482,-1,1075,1090,1105,1053,1,1,1,1,0,1,1,1,1,1,1,0,1,1,1,1
2026-07-03T19:56:38.307,tof1,4x4,empty,-1,-1,-1,-1,-1,-1,-1,-1,-1,-1,1976,-1,-1,1125,1089,-1,0,0,0,0,0,0,0,0,0,0,1,0,1,1,1,1
2026-07-03T19:56:38.449,tof2,4x4,empty,2994,3255,-1,3320,2113,-1,2189,3501,1486,1510,1482,-1,-1,1090,1108,1055,1,1,0,1,1,0,1,1,1,1,1,0,1,1,1,1
2026-07-03T19:56:38.506,tof1,4x4,empty,-1,-1,-1,-1,-1,-1,-1,-1,-1,-1,1963,1985,1045,1141,1091,1077,0,0,0,0,0,0,0,0,0,0,1,1,1,1,1,1
2026-07-03T19:56:38.631,tof2,4x4,empty,2994,3260,-1,3320,-1,-1,-1,3501,1486,1510,1475,-1,-1,1090,-1,1055,1,1,1,1,0,1,1,1,1,1,1,0,1,1,1,1
2026-07-03T19:56:38.666,tof1,4x4,empty,-1,-1,-1,-1,-1,-1,-1,-1,-1,1983,1963,-1,1045,-1,1118,1088,0,0,0,0,0,0,0,0,0,1,1,0,1,1,1,1
2026-07-03T19:56:38.793,tof2,4x4,empty,-1,3256,-1,3294,2113,-1,2193,3501,1504,-1,1475,-1,1075,1090,1108,1049,0,1,1,1,1,0,1,1,1,1,1,0,1,1,1,1
2026-07-03T19:56:38.845,tof1,4x4,empty,-1,-1,-1,-1,-1,-1,-1,-1,-1,-1,1983,1985,-1,1149,-1,-1,0,0,0,0,0,0,0,0,0,0,1,1,0,1,1,1
2026-07-03T19:56:38.947,tof2,4x4,empty,2989,3256,-1,3294,-1,-1,2199,3501,-1,1552,1537,-1,-1,1092,-1,1047,1,1,0,1,0,0,1,1,1,1,1,0,1,1,1,1
2026-07-03T19:56:39.517,tof1,4x4,empty,-1,-1,-1,-1,-1,-1,-1,-1,-1,-1,1983,-1,-1,1141,1094,-1,0,0,0,0,0,0,0,0,0,0,1,0,1,1,1,1
2026-07-03T19:56:39.579,tof2,4x4,empty,2981,3256,-1,3294,2113,-1,2199,3507,1504,1695,-1,-1,1074,-1,1100,1049,1,1,0,1,1,0,1,1,1,1,1,0,1,1,1,1
2026-07-03T19:56:39.789,tof2,4x4,empty,2981,3260,-1,3324,2113,-1,-1,3508,1504,1695,-1,-1,1075,1092,1100,1047,1,1,0,1,1,1,1,1,1,1,1,0,1,1,1,1
2026-07-03T19:56:39.994,tof1,4x4,empty,-1,-1,-1,-1,-1,-1,-1,-1,-1,1972,1983,-1,-1,1149,-1,1088,0,0,0,0,0,0,0,0,0,1,1,0,1,1,1,1
2026-07-03T19:56:40.014,tof2,4x4,empty,2981,3256,-1,3334,2113,-1,2199,3508,1504,1552,1557,-1,1076,-1,1101,1047,1,1,0,1,1,1,1,1,1,1,1,0,1,1,1,1
2026-07-03T19:56:40.191,tof1,4x4,empty,-1,-1,-1,-1,-1,-1,-1,-1,-1,-1,1983,-1,-1,-1,1117,-1,0,0,0,0,0,0,1,0,0,1,1,0,1,1,1,1
2026-07-03T19:56:40.195,tof2,4x4,empty,2981,3256,-1,3334,2129,2171,2189,3508,-1,1552,1557,-1,1078,1092,1100,1047,1,1,0,1,1,1,1,1,1,1,1,0,1,1,1,1
2026-07-03T19:56:40.350,tof1,4x4,empty,-1,-1,-1,-1,-1,-1,-1,-1,-1,-1,1989,-1,-1,1159,1117,1092,0,0,0,0,0,0,0,0,0,0,1,0,0,1,1,1
2026-07-03T19:56:40.407,tof2,4x4,empty,3006,3267,-1,3340,2129,-1,2169,3508,-1,1538,1562,-1,1078,1092,1101,1051,1,1,1,1,1,0,1,1,1,1,1,0,1,1,1,1
2026-07-03T19:56:40.516,tof1,4x4,empty,-1,-1,-1,-1,-1,-1,-1,-1,-1,1972,1979,2005,1049,1149,1094,-1,1,0,0,0,0,0,0,0,0,1,1,1,1,1,1,1
2026-07-03T19:56:40.577,tof2,4x4,empty,3013,3266,-1,3340,-1,-1,-1,3499,-1,1538,1562,-1,-1,1092,1104,1051,1,1,1,1,0,1,0,1,1,1,1,0,1,1,1,1
2026-07-03T19:56:40.683,tof1,4x4,empty,-1,-1,-1,-1,-1,-1,-1,-1,-1,-1,1989,2005,1049,1159,1094,1104,0,0,0,0,0,0,0,0,0,0,1,1,1,1,1,1
2026-07-03T19:56:40.733,tof2,4x4,empty,3026,3266,-1,3331,2122,-1,-1,3499,1502,1676,1562,-1,1078,1092,1104,1051,1,1,0,1,1,0,1,1,1,1,1,0,1,1,1,1
2026-07-03T19:56:40.846,tof1,4x4,empty,-1,-1,-1,-1,-1,-1,-1,-1,-1,-1,1989,2005,-1,1169,1117,1104,0,0,0,0,0,0,0,0,0,0,1,1,0,1,1,1
2026-07-03T19:56:40.891,tof2,4x4,empty,3029,3266,-1,3331,2117,-1,2169,3499,1502,1676,-1,-1,1070,1092,1100,1051,1,1,0,1,1,0,1,1,1,1,1,0,1,1,1,1
2026-07-03T19:56:41.202,tof1,4x4,empty,-1,-1,-1,-1,-1,-1,-1,-1,-1,-1,1989,-1,1049,1169,-1,-1,0,0,0,0,0,0,0,0,0,1,1,1,1,1,1,1
2026-07-03T19:56:41.298,tof2,4x4,empty,3029,3266,-1,3331,-1,-1,2166,3415,1508,1676,1656,-1,1070,1092,1104,1047,1,1,0,1,0,0,1,1,1,1,1,0,1,1,1,1
2026-07-03T19:56:41.359,tof1,4x4,empty,-1,-1,-1,-1,-1,-1,-1,-1,-1,-1,1989,-1,-1,1158,1129,1045,0,0,0,1,0,0,0,0,0,0,1,0,1,1,1,1
2026-07-03T19:56:41.477,tof2,4x4,empty,-1,3265,-1,3318,2122,-1,2164,2938,1517,1676,1656,-1,-1,1094,1104,1047,0,1,0,1,1,0,1,1,1,1,1,0,1,1,1,1
2026-07-03T19:56:41.530,tof1,4x4,empty,-1,-1,-1,-1,-1,-1,-1,-1,-1,-1,1989,2005,-1,1158,1138,1069,0,0,0,0,0,0,0,0,1,1,1,1,0,1,1,1
2026-07-03T19:56:41.641,tof2,4x4,empty,3029,3261,-1,3313,2117,2145,2162,2938,1518,1676,1548,-1,1070,-1,1104,1047,1,1,0,1,1,1,1,1,1,1,1,0,1,1,1,1
2026-07-03T19:56:41.698,tof1,4x4,empty,-1,-1,-1,-1,-1,-1,-1,-1,-1,-1,1986,-1,1093,1157,1138,1043,0,0,0,0,0,0,0,0,0,0,1,0,1,1,1,1
2026-07-03T19:56:41.838,tof2,4x4,empty,3000,3255,-1,3313,2106,-1,2158,2938,1518,1755,-1,-1,1070,1097,1104,1049,1,1,0,1,1,1,1,1,1,1,1,0,1,1,1,1
2026-07-03T19:56:41.886,tof1,4x4,empty,-1,-1,-1,-1,-1,-1,-1,-1,-1,-1,1985,2005,1054,1156,1138,1043,0,0,0,0,0,0,0,0,0,0,1,1,1,1,1,1
2026-07-03T19:56:41.990,tof2,4x4,empty,3000,3250,3325,3310,2106,2145,-1,3443,1517,1755,1573,-1,1070,1094,1104,1050,1,1,1,1,1,1,1,1,1,1,1,0,1,1,1,1
2026-07-03T19:56:42.058,tof1,4x4,empty,-1,-1,-1,-1,-1,-1,-1,-1,-1,-1,1985,2008,1054,1130,1139,1069,0,0,0,0,0,0,0,0,0,1,1,1,1,1,1,1
2026-07-03T19:56:42.165,tof2,4x4,empty,-1,3242,-1,3313,2122,2156,2158,3450,1484,1755,1573,-1,-1,1097,1101,1050,1,1,0,1,1,1,1,1,1,1,1,0,1,1,1,1
2026-07-03T19:56:42.227,tof1,4x4,empty,-1,-1,-1,-1,-1,-1,-1,-1,-1,-1,1977,2048,1054,1130,1139,1074,0,0,0,0,0,0,0,0,0,0,1,1,1,1,1,1
2026-07-03T19:56:42.321,tof2,4x4,empty,3000,3242,-1,3310,-1,2156,2162,3455,1484,1755,1548,-1,1076,1099,1101,1049,1,1,0,1,0,1,1,1,1,1,1,0,1,1,1,1
2026-07-03T19:56:42.380,tof1,4x4,empty,-1,-1,-1,-1,-1,-1,-1,-1,-1,-1,1977,-1,1041,1130,1139,1074,0,0,0,1,0,0,0,0,0,1,1,0,1,1,1,1
2026-07-03T19:56:42.475,tof2,4x4,empty,3027,3250,-1,3307,2122,2156,2169,3475,-1,1751,1573,-1,-1,1097,1100,1045,1,1,0,1,1,1,1,1,1,1,1,0,1,1,1,1
2026-07-03T19:56:42.552,tof1,4x4,empty,-1,-1,-1,-1,-1,-1,-1,-1,-1,1972,1986,-1,1041,1117,-1,-1,0,0,0,0,0,0,0,0,0,1,1,0,1,1,1,1
2026-07-03T19:56:42.636,tof2,4x4,empty,3040,3250,-1,3307,2126,2156,2169,3459,-1,1751,1573,-1,1073,1096,1100,1045,1,1,0,1,1,1,1,1,1,1,1,0,1,1,1,1
2026-07-03T19:56:42.703,tof1,4x4,empty,-1,-1,-1,-1,-1,-1,-1,-1,-1,-1,1994,2008,1041,1117,1139,1078,0,0,0,0,0,0,0,0,0,0,1,1,1,1,1,1
2026-07-03T19:56:42.805,tof2,4x4,empty,-1,3250,-1,3317,2126,2156,2185,3475,1484,1753,-1,-1,1073,1096,1100,1045,1,1,0,1,1,1,1,1,1,1,1,0,1,1,1,1
2026-07-03T19:56:42.864,tof1,4x4,empty,-1,-1,-1,-1,-1,-1,-1,-1,-1,-1,1986,-1,1074,-1,-1,-1,0,0,0,0,0,0,0,0,0,0,1,0,1,1,1,1
2026-07-03T19:56:42.979,tof2,4x4,empty,3040,3254,-1,3312,2129,2142,2169,3501,1489,1751,1519,-1,1073,-1,1100,1045,1,1,0,1,1,1,1,1,1,1,1,0,1,1,1,1
2026-07-03T19:56:43.042,tof1,4x4,empty,-1,-1,-1,-1,-1,-1,-1,-1,-1,-1,1986,2008,1093,1150,1139,-1,0,0,0,0,0,0,0,0,0,1,1,1,1,1,1,1
2026-07-03T19:56:43.485,tof1,4x4,empty,-1,-1,-1,-1,-1,-1,-1,-1,-1,1972,1986,1947,1106,-1,1144,1074,0,0,0,1,0,0,0,0,1,1,1,1,1,1,1,1
2026-07-03T19:56:43.494,tof2,4x4,empty,3027,3254,-1,3317,2149,2142,2183,3501,-1,1751,1519,-1,1073,1096,1100,1048,1,1,0,1,1,1,1,1,1,1,1,0,1,1,1,1
2026-07-03T19:56:43.648,tof1,4x4,empty,-1,-1,-1,-1,-1,-1,-1,-1,-1,-1,2003,-1,1106,1159,-1,1058,0,0,0,0,0,0,0,0,0,0,1,1,1,1,1,1
2026-07-03T19:56:43.685,tof2,4x4,empty,2992,3254,-1,3317,2149,2111,2183,3501,1489,1751,1519,-1,1073,1096,1100,1048,1,1,1,1,1,1,1,1,1,1,1,0,1,1,1,1
2026-07-03T19:56:43.811,tof1,4x4,empty,-1,-1,-1,-1,-1,-1,-1,-1,-1,1992,1981,-1,-1,1159,1144,-1,0,0,0,0,0,0,0,0,0,1,1,1,1,1,1,1
2026-07-03T19:56:43.875,tof2,4x4,empty,-1,3258,-1,3320,2115,2142,2186,3501,1489,1736,1463,-1,1077,1096,1100,1038,1,1,0,1,1,1,1,1,1,1,1,0,1,1,1,1
2026-07-03T19:56:43.993,tof1,4x4,empty,-1,-1,-1,-1,-1,-1,-1,-1,-1,1992,1981,-1,1106,1159,1144,1058,1,0,0,0,1,0,0,0,0,1,1,0,1,1,1,1
2026-07-03T19:56:44.052,tof2,4x4,empty,2992,3258,-1,3312,2115,2141,2183,3483,1489,-1,1519,-1,-1,1093,1096,1037,1,1,0,1,1,1,1,1,1,1,1,0,1,1,1,1
2026-07-03T19:56:44.179,tof1,4x4,empty,-1,-1,-1,-1,-1,-1,-1,-1,-1,1992,1981,-1,-1,1159,1144,1074,0,0,0,0,0,0,0,0,0,1,1,0,1,1,1,1
2026-07-03T19:56:44.254,tof2,4x4,empty,2965,3248,3320,3301,2115,2112,-1,3483,1489,-1,1456,-1,1077,1093,1096,1038,1,1,1,1,1,1,0,1,1,1,1,0,1,1,1,1
2026-07-03T19:56:44.341,tof1,4x4,empty,-1,-1,-1,-1,-1,-1,-1,-1,-1,-1,1981,-1,-1,1137,1146,-1,0,0,0,0,0,0,0,0,0,0,1,0,0,1,1,1
2026-07-03T19:56:44.424,tof2,4x4,empty,2965,3248,-1,3301,-1,2112,2186,3500,1489,-1,1456,-1,1080,1088,1095,1038,1,1,1,1,1,1,1,1,1,1,1,0,1,1,1,1
2026-07-03T19:56:44.520,tof1,4x4,empty,-1,-1,-1,-1,-1,-1,-1,-1,-1,-1,1981,-1,1106,1137,1146,-1,0,0,0,0,0,0,0,0,0,1,1,0,1,1,1,1
2026-07-03T19:56:44.577,tof2,4x4,empty,-1,3247,-1,3317,2112,2141,2186,3487,1494,1726,-1,-1,1080,1088,1095,1046,1,1,0,1,1,1,1,1,1,1,1,0,1,1,1,1
2026-07-03T19:56:44.682,tof1,4x4,empty,-1,-1,-1,-1,-1,-1,-1,-1,-1,-1,1989,-1,1061,-1,1169,-1,0,0,0,0,0,0,0,0,0,0,1,0,1,1,1,1
2026-07-03T19:56:44.781,tof2,4x4,empty,3005,3247,-1,3316,2112,2112,2193,3487,-1,1726,-1,-1,-1,1088,1095,1046,1,1,1,1,1,1,1,1,1,1,1,0,1,1,1,1
2026-07-03T19:56:44.840,tof1,4x4,empty,-1,-1,-1,-1,-1,-1,-1,-1,-1,-1,1989,-1,1061,1137,1136,-1,1,0,0,0,0,0,0,0,0,0,1,0,1,1,1,1
2026-07-03T19:56:44.941,tof2,4x4,empty,3005,3248,-1,-1,2130,2112,2178,3500,-1,1742,1464,-1,-1,1088,1097,1046,1,1,0,1,1,1,1,1,1,1,1,0,1,1,1,1
2026-07-03T19:56:45.008,tof1,4x4,empty,-1,-1,-1,-1,-1,-1,-1,-1,-1,-1,1992,1941,1061,1163,1169,1074,0,0,0,0,0,0,0,0,0,0,1,1,1,1,1,1
2026-07-03T19:56:45.115,tof2,4x4,empty,2965,3250,-1,3316,-1,2080,2193,3500,-1,1726,1493,-1,1074,1092,1099,1046,1,1,1,1,1,1,1,1,1,1,1,0,1,1,1,1
2026-07-03T19:56:45.190,tof1,4x4,empty,-1,-1,-1,-1,-1,-1,-1,-1,-1,-1,1990,1926,-1,1137,1136,-1,0,0,0,0,0,0,0,0,0,0,1,1,1,1,1,1
2026-07-03T19:56:45.283,tof2,4x4,empty,2965,3254,3320,3316,2130,2148,2174,3487,1498,1726,-1,-1,1074,1092,1099,1038,1,1,1,1,1,1,1,1,1,1,1,1,1,1,1,1
2026-07-03T19:56:45.369,tof1,4x4,empty,-1,-1,-1,-1,-1,-1,-1,-1,-1,-1,1989,-1,-1,-1,-1,1074,0,0,0,0,0,0,0,0,0,0,1,0,0,1,1,1
2026-07-03T19:56:45.465,tof2,4x4,empty,2965,3254,-1,3316,-1,2148,-1,3466,1494,1742,-1,-1,-1,-1,1099,1038,1,1,0,1,1,1,0,1,1,1,1,0,1,1,1,1
2026-07-03T19:56:45.540,tof1,4x4,empty,-1,-1,-1,-1,-1,-1,-1,-1,-1,-1,1990,-1,-1,-1,-1,1074,0,0,0,0,0,0,0,0,0,0,1,0,1,1,1,1
2026-07-03T19:56:45.629,tof2,4x4,empty,2965,3260,-1,3316,-1,2148,2212,3508,1469,1726,1493,-1,1075,1085,1098,1038,1,1,0,1,1,1,1,1,1,1,1,1,1,1,1,1
2026-07-03T19:56:45.799,tof2,4x4,empty,-1,3261,-1,3323,2130,2068,2168,3466,1459,1721,1534,-1,1075,-1,1098,1047,0,1,0,1,1,1,1,1,1,1,1,0,1,1,1,1
2026-07-03T19:56:45.832,tof1,4x4,empty,-1,-1,-1,-1,-1,-1,-1,-1,-1,-1,1990,1924,1060,1137,-1,-1,0,0,0,0,0,0,0,0,0,0,1,1,1,1,1,1
2026-07-03T19:56:45.963,tof2,4x4,empty,2986,3260,3325,3323,2130,-1,2182,3415,1459,-1,1534,-1,1076,1086,1098,1041,1,1,1,1,1,1,1,1,1,1,1,0,1,1,1,1
2026-07-03T19:56:45.984,tof1,4x4,empty,-1,-1,-1,-1,-1,-1,-1,-1,-1,-1,1983,1924,-1,1137,1177,-1,0,0,0,0,0,0,0,0,0,0,1,1,1,1,1,1
2026-07-03T19:56:46.129,tof2,4x4,empty,2986,3260,-1,3323,2126,2138,2182,3415,-1,1726,1534,-1,1079,1086,1098,1042,1,1,1,1,1,1,1,1,1,1,1,1,1,1,1,1
2026-07-03T19:56:46.166,tof1,4x4,empty,-1,-1,-1,-1,-1,-1,-1,-1,-1,-1,1976,1926,1081,1165,-1,1074,0,0,0,0,0,0,0,0,0,0,1,1,1,1,1,1
2026-07-03T19:56:46.280,tof2,4x4,empty,2988,3260,-1,3325,2108,-1,2182,-1,1454,1734,1473,-1,-1,1086,1099,1042,1,1,1,1,1,1,1,1,1,1,1,0,1,1,1,1
2026-07-03T19:56:46.334,tof1,4x4,empty,-1,-1,-1,-1,-1,-1,-1,-1,-1,-1,1976,-1,-1,1135,1136,1074,0,0,0,0,0,0,0,0,0,1,1,1,0,1,1,1
2026-07-03T19:56:46.446,tof2,4x4,empty,3007,3252,-1,3327,-1,2138,-1,3483,1459,1721,-1,-1,1079,1086,1099,1047,1,1,0,1,1,1,0,1,1,1,1,0,1,1,1,1
2026-07-03T19:56:46.490,tof1,4x4,empty,-1,-1,-1,-1,-1,-1,-1,-1,-1,-1,1975,1968,-1,1158,1142,1050,0,0,0,0,0,0,0,0,0,0,1,1,0,1,1,1
2026-07-03T19:56:46.617,tof2,4x4,empty,3007,3252,-1,3321,2126,2138,-1,3452,1461,-1,-1,-1,1083,1091,1104,1042,1,1,0,1,1,1,0,1,1,1,1,0,1,1,1,1
2026-07-03T19:56:46.670,tof1,4x4,empty,-1,-1,-1,-1,-1,-1,-1,-1,-1,-1,1975,2003,-1,1158,1134,-1,0,0,0,0,0,0,0,0,0,0,1,1,0,1,1,1
2026-07-03T19:56:46.771,tof2,4x4,empty,3003,3254,3325,3321,2126,2145,2182,3452,-1,1707,1473,-1,-1,1091,-1,1044,1,1,1,1,1,1,1,1,1,1,1,1,1,1,1,1
2026-07-03T19:56:46.830,tof1,4x4,empty,-1,-1,-1,-1,-1,-1,-1,-1,-1,1972,1975,2035,-1,-1,1134,1061,0,0,0,0,0,0,0,0,0,1,1,1,0,1,1,1
2026-07-03T19:56:46.931,tof2,4x4,empty,3003,3254,-1,3327,2142,-1,2193,3452,1468,1734,1473,-1,1079,1091,1099,1053,1,1,1,1,1,1,1,1,1,1,1,0,1,1,1,1
2026-07-03T19:56:46.991,tof1,4x4,empty,-1,-1,-1,-1,-1,-1,-1,-1,-1,1976,1975,2035,-1,1158,-1,1074,0,0,0,0,0,0,0,0,0,1,1,1,0,1,1,1
2026-07-03T19:56:47.100,tof2,4x4,empty,-1,3259,3336,3310,2142,2145,2204,3437,1468,-1,1479,-1,1070,1091,1099,1055,1,1,1,1,1,1,1,1,1,1,1,0,1,1,1,1
2026-07-03T19:56:47.156,tof1,4x4,empty,-1,-1,-1,-1,-1,-1,-1,-1,-1,-1,1992,2039,-1,-1,-1,1061,0,0,0,0,0,0,0,0,0,1,1,1,0,1,1,1
2026-07-03T19:56:47.260,tof2,4x4,empty,2995,3259,-1,3310,2142,-1,2193,3437,-1,1734,1529,-1,1070,1091,1099,1059,1,1,0,1,1,1,1,1,1,1,1,0,1,1,1,1
2026-07-03T19:56:47.309,tof1,4x4,empty,3376,-1,-1,-1,-1,-1,-1,-1,-1,1976,2001,2039,-1,1142,-1,-1,1,1,0,0,0,0,0,0,0,1,1,1,1,1,1,1
2026-07-03T19:56:47.435,tof2,4x4,empty,2986,3263,-1,3298,2142,2148,2193,3437,-1,1707,1529,-1,1083,1089,1103,1059,1,1,0,1,1,1,1,1,1,1,1,0,1,1,1,1
2026-07-03T19:56:47.475,tof1,4x4,empty,-1,-1,-1,-1,-1,-1,-1,-1,-1,-1,2001,2051,1095,-1,1134,-1,0,0,0,0,0,0,0,0,0,0,1,1,1,1,1,1
2026-07-03T19:56:47.593,tof2,4x4,empty,2983,3259,-1,3323,2111,2145,2191,3444,1512,-1,1529,-1,1082,1089,1099,1059,1,1,0,1,1,1,1,1,1,1,1,0,1,1,1,1
2026-07-03T19:56:47.704,tof1,4x4,empty,-1,-1,-1,-1,-1,-1,-1,-1,-1,2003,2001,-1,1097,1142,1139,-1,0,0,0,0,0,0,0,0,1,1,1,0,1,1,1,1
2026-07-03T19:56:47.916,tof2,4x4,empty,2958,3257,-1,3292,2111,2137,2191,3457,1468,1742,1529,-1,1082,1086,1103,1051,1,1,0,1,1,1,1,1,1,1,1,0,1,1,1,1
2026-07-03T19:56:48.003,tof1,4x4,empty,-1,-1,-1,-1,-1,-1,-1,-1,-1,2017,2001,-1,-1,-1,1120,1055,0,0,0,0,0,0,0,0,0,1,1,0,1,1,1,1
2026-07-03T19:56:48.114,tof2,4x4,empty,2958,3257,-1,3292,2122,2128,2191,3457,1468,1779,1529,-1,-1,1086,1103,1051,1,1,0,1,1,1,1,1,1,1,1,0,1,1,1,1
2026-07-03T19:56:48.177,tof1,4x4,empty,-1,-1,-1,-1,-1,-1,-1,-1,-1,-1,1999,-1,1081,-1,1139,-1,0,0,0,0,0,0,0,0,0,0,1,0,1,1,1,1
2026-07-03T19:56:48.289,tof2,4x4,empty,2983,3257,-1,3292,2122,2127,2191,3453,1512,1779,1507,-1,1083,1087,1103,1048,1,1,0,1,1,1,1,1,1,1,1,0,1,1,1,1
2026-07-03T19:56:48.363,tof1,4x4,empty,-1,-1,-1,-1,-1,-1,-1,-1,-1,-1,1992,2039,1108,1138,-1,1061,0,0,0,0,0,0,0,0,0,0,1,1,1,1,1,1
2026-07-03T19:56:48.460,tof2,4x4,empty,2988,3251,3342,3319,2111,2124,2145,3457,-1,1740,1529,-1,1084,1086,1098,1048,1,1,1,1,1,1,1,1,1,1,1,0,1,1,1,1
2026-07-03T19:56:48.514,tof1,4x4,empty,-1,-1,-1,-1,-1,-1,-1,-1,-1,-1,1986,-1,-1,-1,1139,1055,0,1,0,0,0,0,0,0,0,0,1,1,1,1,1,1
2026-07-03T19:56:48.626,tof2,4x4,empty,3002,3257,-1,3319,2122,2123,2145,3453,-1,1744,1507,-1,-1,1087,1097,1051,1,1,0,1,1,1,1,1,1,1,1,0,1,1,1,1
2026-07-03T19:56:48.686,tof1,4x4,empty,-1,-1,-1,-1,-1,-1,-1,-1,-1,-1,1986,-1,1108,1142,-1,1055,1,0,0,0,0,0,0,0,0,0,1,1,1,1,1,1
2026-07-03T19:56:48.797,tof2,4x4,empty,3002,3257,-1,3319,2138,2123,2145,3450,1478,1744,-1,-1,1082,-1,1097,1042,1,1,0,1,1,1,1,1,1,1,1,0,1,1,1,1
2026-07-03T19:56:48.841,tof1,4x4,empty,-1,-1,-1,-1,-1,-1,-1,-1,-1,2017,1986,-1,-1,1138,-1,1084,0,0,0,0,0,0,0,0,0,1,1,0,1,1,1,1
2026-07-03T19:56:48.956,tof2,4x4,empty,3038,3251,-1,3319,2132,2127,-1,3453,1468,-1,1506,-1,1084,-1,1097,1042,1,1,0,1,1,1,0,1,1,1,1,0,1,1,1,1
2026-07-03T19:56:49.014,tof1,4x4,empty,-1,-1,-1,-1,-1,-1,-1,-1,-1,2017,1974,-1,-1,1136,1118,1084,0,0,0,0,0,0,0,0,0,1,1,1,0,1,1,1
2026-07-03T19:56:49.110,tof2,4x4,empty,2988,3251,-1,3317,2132,2164,2145,3475,1478,1740,1507,-1,1084,1087,1099,1051,1,1,1,1,1,1,1,1,1,1,1,0,1,1,1,1
2026-07-03T19:56:49.195,tof1,4x4,empty,-1,-1,-1,-1,-1,-1,-1,-1,-1,2017,1979,-1,-1,1136,1116,-1,0,0,0,0,0,0,0,0,0,1,1,0,0,1,1,1
2026-07-03T19:56:49.287,tof2,4x4,empty,3027,3251,-1,3317,2132,2164,2178,3475,1485,1744,1566,-1,-1,1087,1099,1051,1,1,0,1,1,1,1,1,1,1,1,0,1,1,1,1
2026-07-03T19:56:49.363,tof1,4x4,empty,-1,-1,-1,-1,-1,-1,-1,-1,-1,1982,1979,-1,-1,-1,1118,1063,0,0,0,0,0,0,0,0,0,1,1,0,0,1,1,1
2026-07-03T19:56:49.446,tof2,4x4,empty,2977,3248,3342,3316,2132,-1,2178,3481,1485,1746,-1,-1,1075,1087,1102,1045,1,1,1,1,1,1,1,1,1,1,1,0,1,1,1,1
2026-07-03T19:56:49.526,tof1,4x4,empty,-1,-1,-1,-1,-1,-1,-1,-1,-1,-1,1979,-1,1110,-1,1116,1063,0,0,0,0,0,1,0,0,0,0,1,0,1,1,1,1
2026-07-03T19:56:49.603,tof2,4x4,empty,-1,3248,-1,3317,2126,-1,2178,3481,1487,1746,1517,-1,1074,1092,1099,1045,1,1,0,1,1,1,1,1,1,1,1,0,1,1,1,1
2026-07-03T19:56:49.695,tof1,4x4,empty,-1,-1,-1,-1,-1,-1,-1,-1,-1,-1,1990,2039,-1,1135,1114,1051,1,0,0,0,0,0,0,0,0,0,1,1,1,1,1,1
2026-07-03T19:56:49.790,tof2,4x4,empty,3007,3248,3336,3325,-1,-1,2178,3481,1487,-1,1517,-1,-1,1097,1099,1045,1,1,1,1,1,0,1,1,1,1,1,0,1,1,1,1
2026-07-03T19:56:49.845,tof1,4x4,empty,-1,-1,-1,-1,-1,-1,-1,-1,-1,-1,1995,-1,-1,1135,1114,1050,0,0,0,1,0,0,0,0,0,1,1,0,1,1,1,1
2026-07-03T19:56:49.959,tof2,4x4,empty,2977,3248,-1,3325,2126,-1,2178,3451,-1,1746,1517,-1,1073,1097,1099,1045,1,1,0,1,1,0,1,1,1,1,1,0,1,1,1,1
2026-07-03T19:56:50.003,tof1,4x4,empty,-1,-1,-1,-1,-1,-1,-1,-1,-1,-1,1997,-1,-1,1137,-1,1050,0,1,0,0,0,0,0,0,0,1,1,0,1,1,1,1
2026-07-03T19:56:50.118,tof2,4x4,empty,2974,3259,-1,3320,2127,-1,2177,3451,1487,1746,1517,-1,1073,-1,1102,1045,1,1,0,1,1,0,1,1,1,1,1,0,1,1,1,1
2026-07-03T19:56:50.163,tof1,4x4,empty,-1,-1,-1,-1,-1,-1,-1,-1,-1,1982,1997,-1,1063,-1,-1,1051,0,0,0,0,0,0,0,0,0,1,1,0,1,1,1,1
2026-07-03T19:56:50.274,tof2,4x4,empty,-1,3259,-1,3320,2127,-1,2177,3411,-1,1745,1517,-1,1073,1097,1103,1045,0,1,0,1,1,1,1,1,1,1,1,0,1,1,1,1
2026-07-03T19:56:50.331,tof1,4x4,empty,-1,-1,-1,-1,-1,-1,-1,-1,-1,-1,1997,-1,-1,-1,-1,1051,0,0,0,0,0,0,0,0,0,1,1,0,1,1,1,1
2026-07-03T19:56:50.439,tof2,4x4,empty,2974,3244,-1,3320,2127,-1,2182,3411,1489,1726,1524,-1,1075,1092,1103,1047,1,1,0,1,1,0,1,1,1,1,1,0,1,1,1,1
2026-07-03T19:56:50.489,tof1,4x4,empty,-1,-1,-1,-1,-1,-1,-1,-1,-1,-1,1997,-1,-1,-1,1114,-1,0,1,0,1,0,0,0,0,0,1,1,1,0,1,1,1
2026-07-03T19:56:50.612,tof2,4x4,empty,3007,3259,-1,3311,-1,-1,2161,-1,-1,1722,1524,-1,1079,1089,1103,1047,1,1,0,1,1,0,1,0,1,1,1,0,1,1,1,1
2026-07-03T19:56:50.647,tof1,4x4,empty,-1,-1,-1,-1,-1,-1,-1,-1,-1,-1,1982,1962,-1,1154,1095,1054,0,0,0,0,0,0,0,0,0,0,1,1,0,1,1,1
2026-07-03T19:56:50.801,tof2,4x4,empty,3016,3259,3304,3319,-1,-1,2138,3399,1489,1722,-1,-1,1079,1089,1103,1048,1,1,1,1,0,0,1,1,1,1,1,0,1,1,1,1
2026-07-03T19:56:50.821,tof1,4x4,empty,-1,-1,-1,-1,-1,-1,-1,-1,-1,-1,1977,-1,-1,-1,-1,-1,0,0,0,0,0,0,0,0,0,1,1,1,0,1,1,1
2026-07-03T19:56:50.956,tof2,4x4,empty,3045,3244,-1,3311,2127,-1,2161,3399,1486,1745,1597,-1,1084,1091,1102,1053,1,1,0,1,1,0,1,1,1,1,1,0,1,1,1,1
2026-07-03T19:56:50.983,tof1,4x4,empty,-1,-1,-1,-1,-1,-1,-1,-1,-1,-1,1973,1962,-1,1137,1114,1059,1,0,0,0,0,0,0,0,0,0,1,1,0,1,1,1
2026-07-03T19:56:51.125,tof2,4x4,empty,3045,3260,-1,3313,2094,-1,2161,3399,1505,1722,-1,-1,1084,1091,1097,1053,1,1,1,1,1,0,1,1,1,1,1,0,1,1,1,1
2026-07-03T19:56:51.167,tof1,4x4,empty,-1,-1,-1,-1,-1,-1,-1,-1,-1,-1,1973,-1,1116,-1,-1,1059,0,0,0,0,0,0,0,0,0,1,1,1,1,1,1,1
2026-07-03T19:56:51.296,tof2,4x4,empty,-1,3260,3304,3313,2094,-1,2161,3486,1486,1720,1524,-1,-1,1091,1097,1048,1,1,1,1,1,1,1,1,1,1,1,0,1,1,1,1
2026-07-03T19:56:51.337,tof1,4x4,empty,-1,-1,-1,-1,-1,-1,-1,-1,-1,-1,1977,-1,-1,1149,1131,1056,0,0,0,0,0,0,0,0,0,1,1,0,1,1,1,1
2026-07-03T19:56:51.454,tof2,4x4,empty,3041,3260,-1,3319,-1,-1,-1,-1,1479,1736,-1,-1,1080,1096,-1,1053,1,1,0,1,1,0,0,1,1,1,1,0,1,1,1,1
2026-07-03T19:56:51.495,tof1,4x4,empty,-1,-1,-1,-1,-1,-1,-1,-1,-1,-1,1985,-1,-1,1147,-1,1056,0,0,0,0,0,0,0,0,0,1,1,0,1,1,1,1
2026-07-03T19:56:51.617,tof2,4x4,empty,3023,3258,-1,3329,2103,2164,2184,3486,1478,1736,1524,-1,1080,1096,1097,1053,1,1,0,1,1,1,1,1,1,1,1,0,1,1,1,1
2026-07-03T19:56:51.667,tof1,4x4,empty,-1,-1,-1,-1,-1,-1,-1,-1,-1,-1,1994,1962,1063,1147,1126,-1,0,0,0,1,0,0,0,0,0,1,1,1,1,1,1,1
2026-07-03T19:56:51.773,tof2,4x4,empty,3041,3258,3304,3329,2103,2164,-1,3486,1478,1692,1449,-1,1080,1097,1097,1053,1,1,1,1,1,1,0,1,1,1,1,0,1,1,1,1
2026-07-03T19:56:51.844,tof1,4x4,empty,-1,-1,-1,-1,-1,-1,-1,-1,-1,-1,1994,-1,1116,1125,1131,1055,0,0,0,0,0,0,0,0,0,0,1,0,1,1,1,1
2026-07-03T19:56:51.943,tof2,4x4,empty,3032,3254,3308,3329,2103,2158,2184,3442,-1,1731,-1,-1,1079,1097,1101,1055,1,1,1,1,1,1,1,1,1,1,1,0,1,1,1,1
2026-07-03T19:56:52.003,tof1,4x4,empty,-1,-1,-1,-1,-1,-1,-1,-1,-1,-1,1985,-1,-1,-1,1131,1052,0,0,0,0,0,0,0,0,0,0,1,0,0,1,1,1
2026-07-03T19:56:52.093,tof2,4x4,empty,3032,3254,3308,3328,2122,2137,2184,3442,-1,1731,1526,-1,1075,1094,1101,1055,1,1,1,1,1,1,1,1,1,1,1,0,1,1,1,1
2026-07-03T19:56:52.177,tof1,4x4,empty,-1,-1,-1,-1,-1,-1,-1,-1,-1,-1,1983,-1,-1,-1,-1,1052,0,0,0,0,0,0,0,0,0,0,1,1,0,1,1,1
2026-07-03T19:56:52.256,tof2,4x4,empty,3023,3252,-1,3326,2125,2137,2184,3439,1478,-1,1526,-1,-1,-1,1101,1055,1,1,1,1,1,1,1,1,1,1,1,0,1,1,1,1
2026-07-03T19:56:52.325,tof1,4x4,empty,-1,-1,-1,-1,-1,-1,-1,-1,-1,2013,1982,1962,1124,1125,1126,1044,0,0,0,0,0,0,0,0,0,1,1,1,1,1,1,1
2026-07-03T19:56:52.415,tof2,4x4,empty,3019,3244,-1,3326,2139,2143,2189,3439,1505,1692,-1,-1,1072,1094,1101,1049,1,1,0,1,1,1,1,1,1,1,1,0,1,1,1,1
2026-07-03T19:56:52.481,tof1,4x4,empty,-1,-1,-1,-1,-1,-1,-1,-1,-1,-1,1977,1968,-1,1125,1126,-1,0,0,0,0,0,0,0,0,0,0,1,1,1,1,1,1
2026-07-03T19:56:52.585,tof2,4x4,empty,3019,3244,-1,3322,2142,2143,2168,3442,-1,1692,-1,-1,1072,1089,1099,1045,1,1,0,1,1,1,1,1,1,1,1,0,1,1,1,1
2026-07-03T19:56:52.674,tof1,4x4,empty,-1,-1,-1,-1,-1,-1,-1,-1,-1,2013,1977,1968,1124,-1,-1,1044,0,0,0,0,0,0,0,0,0,1,1,1,1,1,1,1
2026-07-03T19:56:52.795,tof2,4x4,empty,3009,3244,-1,3323,2142,2153,2189,3435,-1,1731,1564,-1,1075,1089,1099,1045,1,1,1,1,1,1,1,1,1,1,1,0,1,1,1,1
2026-07-03T19:56:52.836,tof1,4x4,empty,-1,-1,-1,-1,-1,-1,-1,-1,-1,-1,1973,1960,1088,1125,1109,1052,0,0,0,0,0,0,0,0,0,1,1,1,1,1,1,1
2026-07-03T19:56:52.963,tof2,4x4,empty,3009,3253,-1,3323,2142,2153,2189,3435,1534,1699,1564,-1,1075,1090,1099,1049,1,1,0,1,1,1,1,1,1,1,1,0,1,1,1,1
2026-07-03T19:56:53.007,tof1,4x4,empty,-1,-1,-1,-1,-1,-1,-1,-1,-1,1999,1973,-1,1088,1126,1109,1044,0,0,0,0,0,0,0,0,0,1,1,1,1,1,1,1
2026-07-03T19:56:53.124,tof2,4x4,empty,-1,3255,-1,3323,2141,2153,2200,3436,-1,1699,-1,-1,1075,-1,1097,1049,0,1,0,1,1,1,1,1,1,1,1,0,1,1,1,1
2026-07-03T19:56:53.173,tof1,4x4,empty,-1,-1,-1,-1,-1,-1,-1,-1,-1,-1,1979,-1,1072,-1,-1,1063,0,0,0,0,0,0,0,0,0,0,1,0,1,1,1,1
2026-07-03T19:56:53.284,tof2,4x4,empty,2987,3256,-1,3321,2143,2153,2200,3476,1534,1736,1591,-1,1076,-1,1097,1045,1,1,0,1,1,1,1,1,1,1,1,0,1,1,1,1
2026-07-03T19:56:53.356,tof1,4x4,empty,-1,-1,-1,-1,-1,-1,-1,-1,-1,-1,1979,-1,1059,-1,1109,1063,0,0,0,0,0,0,0,0,0,0,1,1,1,1,1,1
2026-07-03T19:56:53.441,tof2,4x4,empty,2972,3255,-1,3313,2143,2153,2200,3436,1552,1736,1615,-1,1076,1093,1100,1052,1,1,0,1,1,1,1,1,1,1,1,0,1,1,1,1
2026-07-03T19:56:53.515,tof1,4x4,empty,-1,-1,-1,-1,-1,-1,-1,-1,-1,-1,1979,1951,-1,1126,1146,-1,0,0,0,0,0,0,0,0,0,0,1,1,1,1,1,1
2026-07-03T19:56:53.602,tof2,4x4,empty,2972,3255,-1,3313,2143,2153,2166,3446,1552,1699,1626,-1,1075,1091,1100,1047,1,1,0,1,1,1,1,1,1,1,1,0,1,1,1,1
2026-07-03T19:56:53.685,tof1,4x4,empty,-1,-1,-1,-1,-1,-1,-1,-1,-1,1999,1979,-1,1059,1126,-1,1044,0,0,0,0,0,0,0,0,0,1,1,1,1,1,1,1
2026-07-03T19:56:53.785,tof2,4x4,empty,2987,3255,-1,3313,2141,2121,2166,3446,-1,1736,1665,-1,1076,1091,1100,1047,1,1,1,1,1,1,1,1,1,1,1,0,1,1,1,1
2026-07-03T19:56:53.843,tof1,4x4,empty,-1,-1,-1,-1,-1,-1,-1,-1,-1,-1,1968,1960,-1,1126,1146,-1,0,0,0,0,0,0,0,0,0,1,1,1,0,1,1,1
2026-07-03T19:56:53.942,tof2,4x4,empty,2969,3256,-1,3313,2129,2153,2166,3476,1475,1736,-1,-1,1076,1091,1100,1047,1,1,0,1,1,1,1,1,1,1,1,0,1,1,1,1
2026-07-03T19:56:54.001,tof1,4x4,empty,-1,-1,-1,-1,-1,-1,-1,-1,-1,1994,1968,-1,-1,-1,-1,1044,1,0,0,0,0,0,0,0,0,1,1,0,0,1,1,1
2026-07-03T19:56:54.119,tof2,4x4,empty,2966,3257,-1,3318,2129,2153,2172,3469,1475,1681,1626,-1,1076,1091,-1,1049,1,1,1,1,1,1,1,1,1,1,1,0,1,1,1,1
2026-07-03T19:56:54.179,tof1,4x4,empty,-1,-1,-1,-1,-1,-1,-1,-1,-1,-1,1965,-1,-1,1120,1146,1044,0,0,0,0,0,0,0,0,0,0,1,0,0,1,1,1
2026-07-03T19:56:54.269,tof2,4x4,empty,2966,3257,-1,3318,2107,2121,2181,3479,1495,1681,1626,-1,1073,1091,-1,1047,1,1,1,1,1,1,1,1,1,1,1,1,1,1,1,1
2026-07-03T19:56:54.333,tof1,4x4,empty,-1,-1,-1,-1,-1,-1,-1,-1,-1,-1,1965,1951,-1,1120,-1,-1,0,0,0,0,0,0,0,0,0,0,1,1,1,1,1,1
2026-07-03T19:56:54.438,tof2,4x4,empty,2966,3253,-1,3326,2129,2124,2181,3500,1475,1681,1480,-1,1073,1089,1100,1046,1,1,1,1,1,1,1,1,1,1,1,0,1,1,1,1
2026-07-03T19:56:54.486,tof1,4x4,empty,-1,-1,-1,-1,-1,-1,-1,-1,-1,-1,1980,-1,-1,-1,1137,1044,0,0,0,0,0,0,0,0,0,0,1,1,0,1,1,1
2026-07-03T19:56:54.602,tof2,4x4,empty,-1,3257,-1,3326,2134,2153,2181,3500,1495,1681,1480,-1,1072,1089,-1,1046,1,1,0,1,1,1,1,1,1,1,1,0,1,1,1,1
2026-07-03T19:56:54.657,tof1,4x4,empty,-1,-1,-1,-1,-1,-1,-1,-1,-1,-1,1986,-1,1063,1120,1137,-1,0,0,0,0,0,0,0,0,0,0,1,1,1,1,1,1
