timestamp,sensor,resolution,label,d0,d1,d2,d3,d4,d5,d6,d7,d8,d9,d10,d11,d12,d13,d14,d15,t0,t1,t2,t3,t4,t5,t6,t7,t8,t9,t10,t11,t12,t13,t14,t15
2026-07-03T19:37:07.830,tof1,4x4,lying,-1,-1,-1,-1,-1,-1,-1,-1,206,219,-1,1907,191,194,203,212,1,0,0,1,0,0,0,0,1,1,0,1,1,1,1,1
2026-07-03T19:37:08.156,tof2,4x4,lying,2980,3255,-1,3310,2152,2201,1264,2774,1598,1438,951,863,1098,-1,-1,921,1,1,0,1,1,1,1,1,1,1,1,1,1,1,1,1
2026-07-03T19:37:08.332,tof2,4x4,lying,2992,3252,-1,3316,2110,2188,-1,2748,1535,1486,968,860,-1,928,1040,920,1,1,0,1,1,1,0,1,1,1,1,1,1,1,1,1
2026-07-03T19:37:08.540,tof2,4x4,lying,-1,3255,-1,3310,2145,2174,-1,2750,-1,1489,951,856,1086,936,1038,921,0,1,1,1,1,1,0,1,1,1,1,1,1,1,1,1
2026-07-03T19:37:08.716,tof2,4x4,lying,3004,3252,-1,3310,2136,-1,1300,2762,1478,1489,960,856,-1,939,1040,923,1,1,1,1,1,1,1,1,1,1,1,1,1,1,1,1
2026-07-03T19:37:08.911,tof2,4x4,lying,3005,3255,-1,3311,2127,2138,-1,2750,1492,1489,951,856,-1,941,1040,921,1,1,0,1,1,1,0,1,1,1,1,1,1,1,1,1
2026-07-03T19:37:09.120,tof2,4x4,lying,3006,3261,3346,3321,2127,-1,-1,2750,-1,1489,969,853,1095,943,1039,925,1,1,1,1,1,1,0,1,1,1,1,1,1,1,1,1
2026-07-03T19:37:09.317,tof2,4x4,lying,3006,3261,-1,3313,2141,-1,-1,2750,-1,-1,969,853,1096,951,1037,925,1,1,1,1,1,1,0,1,1,1,1,1,1,1,1,1
2026-07-03T19:37:09.553,tof2,4x4,lying,3006,3257,3300,3323,2141,-1,-1,2750,1507,1489,969,853,1095,951,1039,925,1,1,1,1,1,1,1,1,1,1,1,1,1,1,1,1
2026-07-03T19:37:09.783,tof2,4x4,lying,2993,3257,-1,3323,2141,2102,1315,2750,1478,1489,940,851,1085,951,1038,921,1,1,1,1,1,1,1,1,1,1,1,1,1,1,1,1
2026-07-03T19:37:09.972,tof2,4x4,lying,2969,3255,-1,3316,2141,2078,1290,2750,1478,1490,974,853,1085,952,1037,928,1,1,0,1,1,1,1,1,1,1,1,1,1,1,1,1
2026-07-03T19:37:10.181,tof2,4x4,lying,2969,3255,-1,3313,2133,2069,-1,2747,1444,1533,971,858,1085,-1,1038,921,1,1,1,1,1,1,0,1,1,1,1,1,1,1,1,1
2026-07-03T19:37:10.377,tof2,4x4,lying,2969,3255,-1,3316,-1,2067,-1,2730,1433,1549,940,858,1085,930,1038,921,1,1,0,1,0,1,0,1,1,1,1,1,1,1,1,1
2026-07-03T19:37:10.570,tof2,4x4,lying,2993,3258,3267,3311,2133,1998,-1,2730,-1,1552,971,855,-1,930,1038,921,1,1,1,1,1,1,0,1,1,1,1,1,1,1,1,1
2026-07-03T19:37:10.748,tof2,4x4,lying,2997,3258,-1,3311,2122,-1,-1,2720,-1,1552,971,855,-1,930,1038,920,1,1,0,1,1,1,1,1,1,1,1,1,1,1,1,1
2026-07-03T19:37:10.902,tof2,4x4,lying,2997,3258,-1,3320,2122,-1,1315,2730,1433,-1,937,854,-1,930,1038,920,1,1,0,1,1,1,1,1,1,1,1,1,1,1,1,1
2026-07-03T19:37:10.964,tof1,4x4,lying,-1,-1,-1,-1,-1,-1,-1,-1,206,218,2039,-1,190,194,204,212,0,0,0,0,0,0,0,0,1,1,1,1,1,1,1,1
2026-07-03T19:37:11.089,tof2,4x4,lying,-1,3258,-1,3320,2122,-1,-1,2730,1433,1533,937,854,1089,-1,1038,920,0,1,0,1,1,1,0,1,1,1,1,1,1,1,1,1
2026-07-03T19:37:11.183,tof1,4x4,lying,-1,-1,-1,-1,-1,-1,-1,-1,206,219,1996,-1,191,194,205,211,0,0,0,0,0,0,0,0,1,1,1,0,1,1,1,1
2026-07-03T19:37:11.374,tof2,4x4,lying,2977,3258,-1,3310,2145,2067,-1,2742,-1,1552,950,848,1089,927,1038,-1,1,1,1,1,1,1,1,1,1,1,1,1,1,1,1,1
2026-07-03T19:37:11.975,tof1,4x4,lying,-1,-1,-1,-1,-1,-1,306,-1,206,218,-1,1948,190,194,204,212,0,0,0,0,0,0,1,0,1,1,0,1,1,1,1,1
2026-07-03T19:37:12.848,tof2,4x4,lying,2997,3258,3260,3310,-1,-1,-1,2742,-1,1523,950,846,1090,-1,1036,920,1,1,1,1,1,1,1,1,1,1,1,1,1,1,1,1
2026-07-03T19:37:13.358,tof1,4x4,lying,-1,-1,-1,-1,-1,-1,-1,-1,206,219,-1,-1,190,195,205,212,0,0,0,0,0,0,0,0,1,1,0,1,1,1,1,1
2026-07-03T19:37:13.362,tof2,4x4,lying,-1,3252,-1,3310,-1,-1,1315,2765,1444,1514,1007,844,1090,927,-1,915,0,1,1,1,0,0,1,1,1,1,1,1,1,1,1,1
2026-07-03T19:37:13.562,tof1,4x4,lying,-1,-1,-1,-1,-1,-1,-1,-1,206,220,-1,-1,190,195,205,212,0,0,0,0,0,0,0,0,1,1,1,1,1,1,1,1
2026-07-03T19:37:13.622,tof2,4x4,lying,2997,3258,-1,3310,-1,-1,-1,2765,1476,1514,-1,846,1090,927,1036,834,1,1,0,1,0,1,1,1,1,1,0,1,1,1,1,1
2026-07-03T19:37:13.799,tof1,4x4,lying,-1,-1,-1,-1,-1,-1,-1,-1,207,221,-1,-1,191,195,205,213,0,0,0,0,0,0,1,0,1,1,0,0,1,1,1,1
2026-07-03T19:37:13.847,tof2,4x4,lying,2983,3261,-1,3305,-1,-1,-1,2765,1493,1504,1147,848,1089,927,1024,834,1,1,0,1,0,0,0,1,1,1,1,1,1,1,1,1
2026-07-03T19:37:14.026,tof1,4x4,lying,-1,301,-1,-1,-1,-1,-1,-1,207,220,-1,-1,191,195,205,215,0,1,0,0,0,0,1,0,1,1,0,1,1,1,1,1
2026-07-03T19:37:14.055,tof2,4x4,lying,-1,3258,-1,3311,2125,-1,-1,2775,1516,1504,-1,875,-1,942,-1,827,0,1,1,1,1,0,1,1,1,1,0,1,1,1,1,1
2026-07-03T19:37:14.233,tof1,4x4,lying,-1,-1,-1,-1,-1,-1,-1,-1,207,221,-1,-1,192,195,205,215,0,0,0,0,0,0,1,0,1,1,0,1,1,1,1,1
2026-07-03T19:37:14.254,tof2,4x4,lying,2999,3261,-1,3311,-1,-1,-1,2749,1516,-1,1229,876,1088,959,-1,818,1,1,0,1,0,0,1,1,1,1,1,1,1,1,1,1
2026-07-03T19:37:14.414,tof1,4x4,lying,-1,-1,-1,-1,-1,-1,-1,-1,207,220,-1,-1,192,195,205,215,0,0,0,0,0,0,0,0,1,1,0,0,1,1,1,1
2026-07-03T19:37:14.477,tof2,4x4,lying,3002,3261,-1,3314,2125,-1,-1,2749,1476,1504,1230,-1,1088,-1,-1,827,1,1,0,1,1,0,0,1,1,1,1,0,1,1,1,1
2026-07-03T19:37:14.701,tof1,4x4,lying,-1,-1,-1,-1,-1,-1,-1,-1,207,220,-1,1990,192,195,205,215,0,0,0,0,0,0,0,0,1,1,0,1,1,1,1,1
2026-07-03T19:37:14.754,tof2,4x4,lying,2999,3261,-1,3314,2125,-1,-1,2741,1473,-1,-1,-1,1088,959,1016,827,1,1,0,1,1,0,0,1,1,1,0,0,1,1,1,1
2026-07-03T19:37:14.881,tof1,4x4,lying,-1,-1,-1,-1,-1,-1,-1,-1,207,220,1952,-1,192,195,205,216,0,0,0,0,0,0,0,0,1,1,1,0,1,1,1,1
2026-07-03T19:37:14.978,tof2,4x4,lying,2983,3255,3267,3315,2120,-1,-1,2750,1448,1526,-1,-1,-1,-1,1006,827,1,1,1,1,1,0,0,1,1,1,0,0,1,1,1,1
2026-07-03T19:37:15.058,tof1,4x4,lying,-1,-1,-1,-1,-1,-1,-1,-1,207,221,-1,2032,192,195,205,217,0,0,0,0,0,0,0,0,1,1,0,1,1,1,1,1
2026-07-03T19:37:15.157,tof2,4x4,lying,3002,3261,-1,3314,2120,-1,1315,2750,1448,-1,1236,-1,1087,-1,1004,884,1,1,0,1,1,0,1,1,1,1,1,0,1,1,1,1
2026-07-03T19:37:15.254,tof1,4x4,lying,-1,-1,-1,-1,-1,-1,-1,-1,208,223,-1,-1,193,199,209,220,0,0,0,0,0,0,0,0,1,1,0,0,1,1,1,1
2026-07-03T19:37:15.321,tof2,4x4,lying,2977,3261,3267,3314,2120,-1,-1,2750,1432,1526,1245,-1,1087,959,1002,884,1,1,1,1,1,1,1,1,1,1,1,0,1,1,1,1
2026-07-03T19:37:15.415,tof1,4x4,lying,-1,-1,-1,-1,-1,-1,-1,-1,209,223,-1,-1,193,199,210,220,0,0,0,0,0,0,0,0,1,1,1,0,1,1,1,1
2026-07-03T19:37:15.495,tof2,4x4,lying,2977,3261,-1,3296,2112,1998,1372,2757,1432,1526,1245,-1,1090,954,1002,896,1,1,0,1,1,1,1,1,1,1,1,0,1,1,1,1
2026-07-03T19:37:15.585,tof1,4x4,lying,-1,-1,-1,-1,-1,-1,-1,-1,210,224,-1,-1,194,200,211,220,0,0,0,0,0,0,0,0,1,1,1,1,1,1,1,1
2026-07-03T19:37:15.667,tof2,4x4,lying,2977,3258,-1,3295,2112,-1,1372,2780,-1,1526,-1,-1,1085,930,1006,896,1,1,0,1,1,0,1,1,1,1,0,0,1,1,1,1
2026-07-03T19:37:15.744,tof1,4x4,lying,-1,-1,-1,-1,-1,-1,-1,-1,210,224,-1,-1,194,200,210,220,1,0,0,0,0,0,0,0,1,1,0,1,1,1,1,1
2026-07-03T19:37:15.816,tof2,4x4,lying,3001,3258,3275,3295,2120,-1,1345,2763,1454,1520,-1,-1,-1,923,1008,898,1,1,1,1,1,1,1,1,1,1,0,0,1,1,1,1
2026-07-03T19:37:15.900,tof1,4x4,lying,-1,-1,-1,-1,-1,-1,-1,-1,211,225,1960,-1,194,200,211,220,0,0,0,0,0,0,0,0,1,1,1,1,1,1,1,1
2026-07-03T19:37:15.976,tof2,4x4,lying,3001,3257,-1,3295,2113,-1,1345,2765,-1,-1,1266,-1,1079,923,1010,896,1,1,0,1,1,0,1,1,1,1,1,0,1,1,1,1
2026-07-03T19:37:16.069,tof1,4x4,lying,-1,-1,-1,-1,-1,-1,-1,-1,212,225,-1,-1,196,201,211,220,0,0,0,0,0,0,0,0,1,1,0,0,1,1,1,1
2026-07-03T19:37:16.154,tof2,4x4,lying,3001,3253,-1,3295,2113,-1,-1,2765,1469,1520,-1,-1,-1,923,1013,898,1,1,1,1,1,1,1,1,1,1,0,0,1,1,1,1
2026-07-03T19:37:16.243,tof1,4x4,lying,-1,-1,-1,-1,-1,-1,-1,-1,213,226,-1,-1,197,202,211,222,1,0,0,0,0,0,0,0,1,1,0,0,1,1,1,1
2026-07-03T19:37:16.320,tof2,4x4,lying,3009,3250,-1,3295,2113,1915,-1,2763,1454,1520,-1,-1,-1,971,1016,895,1,1,0,1,1,1,0,1,1,1,0,0,1,1,1,1
2026-07-03T19:37:16.407,tof1,4x4,lying,-1,-1,-1,-1,-1,-1,-1,-1,213,226,1967,-1,197,202,211,222,0,0,0,0,0,0,0,0,1,1,1,0,1,1,1,1
2026-07-03T19:37:16.489,tof2,4x4,lying,-1,3250,-1,3295,2116,1998,-1,2760,1469,-1,-1,-1,1079,986,1016,899,1,1,0,1,1,1,1,1,1,1,0,0,1,1,1,1
2026-07-03T19:37:16.594,tof1,4x4,lying,-1,-1,-1,-1,-1,-1,-1,-1,213,226,-1,-1,197,202,211,222,0,0,0,0,0,0,0,0,1,1,1,1,1,1,1,1
2026-07-03T19:37:16.651,tof2,4x4,lying,3009,3250,-1,3295,2116,2075,-1,2753,1503,-1,-1,-1,1037,986,1016,897,1,1,0,1,1,1,1,1,1,1,0,0,1,1,1,1
2026-07-03T19:37:16.790,tof1,4x4,lying,-1,-1,-1,-1,-1,-1,-1,-1,213,226,-1,-1,196,202,211,220,0,0,0,0,0,0,0,0,1,1,0,1,1,1,1,1
2026-07-03T19:37:16.826,tof2,4x4,lying,-1,3259,-1,3286,2134,2085,-1,2753,1619,-1,-1,-1,-1,986,1000,897,1,1,0,1,1,1,0,1,1,1,0,0,1,1,1,1
2026-07-03T19:37:16.956,tof1,4x4,lying,-1,-1,-1,-1,-1,-1,-1,-1,213,226,-1,-1,194,200,208,220,0,0,0,0,0,0,0,0,1,1,0,0,1,1,1,1
2026-07-03T19:37:17.000,tof2,4x4,lying,3009,3261,-1,3286,2116,2085,1345,2731,1651,1520,-1,-1,-1,980,1000,897,1,1,1,1,1,1,1,1,1,1,0,1,1,1,1,1
2026-07-03T19:37:17.129,tof1,4x4,lying,-1,-1,-1,-1,-1,-1,-1,-1,208,223,1953,-1,193,198,208,217,0,0,0,0,0,0,0,0,1,1,1,0,1,1,1,1
2026-07-03T19:37:17.170,tof2,4x4,lying,3003,3261,-1,3302,2134,2085,1318,-1,-1,1520,-1,-1,-1,957,1000,897,1,1,0,1,1,1,1,1,1,1,0,1,1,1,1,1
2026-07-03T19:37:17.295,tof1,4x4,lying,-1,-1,-1,-1,-1,-1,-1,-1,208,223,-1,-1,193,198,207,216,0,0,0,0,0,0,0,0,1,1,1,0,1,1,1,1
2026-07-03T19:37:17.345,tof2,4x4,lying,-1,3261,-1,3306,2138,-1,1315,2731,1651,1504,-1,-1,1037,922,1008,897,1,1,0,1,1,1,1,1,1,1,0,0,1,1,1,1
2026-07-03T19:37:17.447,tof1,4x4,lying,-1,-1,-1,-1,-1,-1,-1,-1,208,223,-1,-1,193,198,207,216,0,0,0,0,0,0,0,0,1,1,0,0,1,1,1,1
2026-07-03T19:37:17.522,tof2,4x4,lying,3005,3258,-1,3307,2134,-1,-1,2731,-1,1504,-1,-1,-1,896,1008,899,1,1,1,1,1,1,1,1,1,1,0,0,1,1,1,1
2026-07-03T19:37:17.639,tof1,4x4,lying,3383,-1,-1,-1,-1,-1,-1,-1,208,223,-1,-1,193,197,207,216,1,0,0,1,0,0,0,0,1,1,1,0,1,1,1,1
2026-07-03T19:37:17.701,tof2,4x4,lying,3005,3258,-1,3307,2138,2062,-1,2752,1619,1504,-1,-1,1037,880,1008,899,1,1,0,1,1,1,1,1,1,1,0,0,1,1,1,1
2026-07-03T19:37:17.824,tof1,4x4,lying,3356,-1,-1,-1,-1,-1,-1,-1,208,223,-1,-1,193,197,208,217,1,0,0,0,0,0,0,0,1,1,1,0,1,1,1,1
2026-07-03T19:37:17.861,tof2,4x4,lying,3005,3258,-1,3307,2138,2018,1315,2748,1545,1486,-1,-1,1076,880,1008,899,1,1,0,1,1,1,1,1,1,1,0,0,1,1,1,1
2026-07-03T19:37:18.020,tof1,4x4,lying,-1,-1,-1,-1,-1,-1,-1,-1,209,223,-1,-1,193,198,208,217,0,0,0,0,0,0,0,0,1,1,1,0,1,1,1,1
2026-07-03T19:37:18.024,tof2,4x4,lying,3003,3248,3311,3307,2129,-1,1344,2752,1545,1486,-1,-1,1080,880,1004,899,1,1,1,1,1,1,1,1,1,1,0,0,1,1,1,1
2026-07-03T19:37:18.179,tof1,4x4,lying,-1,-1,-1,-1,-1,-1,-1,-1,209,223,1967,-1,193,197,208,218,0,0,0,0,0,0,0,0,1,1,1,1,1,1,1,1
2026-07-03T19:37:18.213,tof2,4x4,lying,2994,3258,-1,3306,2129,1989,-1,2754,1545,-1,-1,-1,1081,-1,999,899,1,1,0,1,1,1,0,1,1,1,0,0,1,1,1,1
2026-07-03T19:37:18.369,tof1,4x4,lying,-1,-1,-1,-1,-1,-1,-1,-1,209,222,1980,-1,193,197,208,218,0,0,0,0,0,0,0,0,1,1,1,1,1,1,1,1
2026-07-03T19:37:18.370,tof2,4x4,lying,2994,3258,-1,3306,-1,2018,1333,2754,-1,1486,1288,-1,1085,905,-1,895,1,1,0,1,1,1,1,1,1,1,1,0,1,1,1,1
2026-07-03T19:37:18.551,tof1,4x4,lying,-1,-1,-1,-1,-1,-1,-1,-1,209,222,1990,-1,193,198,208,218,0,0,0,0,0,0,0,0,1,1,1,0,1,1,1,1
2026-07-03T19:37:18.557,tof2,4x4,lying,2993,3259,-1,3306,2141,2018,1333,2754,-1,-1,1288,-1,-1,-1,980,893,1,1,0,1,1,1,1,1,1,1,1,0,1,1,1,1
2026-07-03T19:37:18.715,tof1,4x4,lying,-1,-1,-1,-1,-1,-1,-1,-1,209,223,1990,-1,193,198,208,219,0,0,0,0,0,0,0,0,1,1,1,0,1,1,1,1
2026-07-03T19:37:18.748,tof2,4x4,lying,2994,3262,-1,3296,2129,2099,-1,2755,-1,1502,-1,-1,1085,924,-1,893,1,1,0,1,1,1,1,1,1,1,0,0,1,1,1,1
2026-07-03T19:37:18.886,tof1,4x4,lying,-1,-1,-1,-1,-1,-1,-1,-1,209,223,-1,-1,194,199,208,220,0,0,0,0,0,0,1,0,1,1,0,0,1,1,1,1
2026-07-03T19:37:18.900,tof2,4x4,lying,2993,3262,-1,3296,2126,2099,1343,2758,1490,1502,-1,-1,-1,924,980,893,1,1,1,1,1,1,1,1,1,1,0,0,1,1,1,1
2026-07-03T19:37:19.057,tof1,4x4,lying,-1,-1,-1,-1,-1,-1,-1,-1,210,223,-1,-1,195,200,209,220,0,0,0,0,0,0,0,0,1,1,0,0,1,1,1,1
2026-07-03T19:37:19.066,tof2,4x4,lying,2993,3266,-1,3296,2126,2103,1333,2755,1465,1502,-1,-1,1085,924,971,896,1,1,1,1,1,1,1,1,1,1,0,0,1,1,1,1
2026-07-03T19:37:19.227,tof1,4x4,lying,-1,-1,-1,-1,-1,-1,-1,-1,211,224,-1,-1,195,200,209,220,1,0,0,0,0,0,0,0,1,1,1,0,1,1,1,1
2026-07-03T19:37:19.228,tof2,4x4,lying,2993,3266,-1,3296,2126,-1,-1,2755,1453,1498,-1,-1,1085,920,-1,896,1,1,0,1,1,1,0,1,1,1,0,0,1,1,1,1
2026-07-03T19:37:19.401,tof1,4x4,lying,-1,-1,-1,-1,-1,-1,-1,-1,211,224,1992,-1,195,200,209,220,0,0,0,0,0,0,0,0,1,1,1,0,1,1,1,1
2026-07-03T19:37:19.447,tof2,4x4,lying,-1,3265,3323,3289,2099,2099,-1,2740,-1,-1,1266,-1,1085,922,980,901,0,1,1,1,1,1,0,1,1,1,1,0,1,1,1,1
2026-07-03T19:37:19.555,tof1,4x4,lying,-1,-1,-1,-1,-1,-1,-1,-1,212,225,-1,2021,195,200,209,220,0,0,0,0,0,0,0,0,1,1,1,1,1,1,1,1
2026-07-03T19:37:19.595,tof2,4x4,lying,3035,3262,-1,3297,2126,-1,1331,2737,1453,-1,1266,-1,1085,922,-1,901,1,1,1,1,1,1,1,1,1,1,1,0,1,1,1,1
2026-07-03T19:37:19.725,tof1,4x4,lying,-1,-1,-1,-1,-1,-1,-1,-1,212,224,-1,-1,195,201,210,220,0,0,0,1,0,0,0,0,1,1,1,0,1,1,1,1
2026-07-03T19:37:19.773,tof2,4x4,lying,2939,3262,-1,3296,2126,2096,-1,2737,1427,1498,-1,-1,1083,933,988,901,1,1,1,1,1,1,0,1,1,1,0,0,1,1,1,1
2026-07-03T19:37:19.913,tof1,4x4,lying,-1,-1,-1,-1,-1,-1,-1,-1,212,225,1992,-1,196,201,210,220,0,0,0,0,0,0,0,0,1,1,1,0,1,1,1,1
2026-07-03T19:37:19.932,tof2,4x4,lying,3035,3249,-1,3314,2124,-1,1331,2740,1453,-1,1288,-1,1085,933,988,896,1,1,0,1,1,0,1,1,1,1,1,0,1,1,1,1
2026-07-03T19:37:20.078,tof1,4x4,lying,-1,-1,-1,-1,-1,-1,-1,-1,212,225,-1,-1,196,201,210,220,0,0,0,0,0,0,0,0,1,1,1,1,1,1,1,1
2026-07-03T19:37:20.106,tof2,4x4,lying,3035,3249,-1,3300,2162,2096,1334,2746,1436,-1,-1,-1,-1,933,985,894,1,1,0,1,1,1,1,1,1,1,0,0,1,1,1,1
2026-07-03T19:37:20.226,tof1,4x4,lying,-1,-1,-1,-1,-1,-1,-1,-1,212,225,-1,-1,196,201,210,220,1,0,0,0,0,0,0,0,1,1,1,0,1,1,1,1
2026-07-03T19:37:20.301,tof2,4x4,lying,3016,3249,-1,3310,2162,-1,-1,2746,1436,-1,1293,-1,-1,933,985,894,1,1,0,1,1,1,1,1,1,1,1,0,1,1,1,1
2026-07-03T19:37:20.389,tof1,4x4,lying,-1,-1,-1,-1,-1,-1,-1,-1,210,225,-1,-1,195,200,210,222,0,0,0,0,0,0,0,0,1,1,0,1,1,1,1,1
2026-07-03T19:37:20.469,tof2,4x4,lying,3016,3255,-1,3310,-1,2096,1331,2746,1423,1497,1293,-1,1086,-1,985,893,1,1,0,1,1,1,1,1,1,1,1,0,1,1,1,1
2026-07-03T19:37:20.545,tof1,4x4,lying,-1,-1,-1,-1,-1,-1,-1,-1,210,225,1987,2021,196,200,210,221,1,0,0,0,0,0,0,0,1,1,1,1,1,1,1,1
2026-07-03T19:37:20.625,tof2,4x4,lying,-1,3255,-1,3310,2134,2096,1334,2744,1436,-1,-1,-1,1086,926,-1,893,0,1,0,1,1,1,1,1,1,1,1,0,1,1,1,1
2026-07-03T19:37:20.712,tof1,4x4,lying,-1,-1,-1,-1,-1,-1,-1,-1,211,223,1986,-1,196,201,210,221,0,0,0,0,0,0,0,0,1,1,1,0,1,1,1,1
2026-07-03T19:37:20.783,tof2,4x4,lying,3016,3255,-1,3310,2130,-1,1362,2744,-1,1497,-1,-1,1086,923,985,896,1,1,1,1,1,1,1,1,1,1,0,0,1,1,1,1
2026-07-03T19:37:20.880,tof1,4x4,lying,-1,-1,-1,-1,-1,-1,-1,-1,211,223,-1,-1,196,201,210,221,0,0,0,0,0,0,0,0,1,1,0,0,1,1,1,1
2026-07-03T19:37:20.944,tof2,4x4,lying,3016,3262,-1,-1,2130,2102,1389,2742,1436,1497,-1,-1,1087,915,-1,898,1,1,0,1,1,1,1,1,1,1,1,0,1,1,1,1
2026-07-03T19:37:21.054,tof1,4x4,lying,-1,-1,-1,-1,-1,-1,-1,-1,211,225,-1,-1,196,201,210,221,0,0,0,0,0,0,0,0,1,1,1,0,1,1,1,1
2026-07-03T19:37:21.117,tof2,4x4,lying,3021,3255,3324,3310,-1,-1,-1,2744,-1,-1,1293,-1,1087,917,985,896,1,1,1,1,1,1,1,1,1,1,1,0,1,1,1,1
2026-07-03T19:37:21.220,tof1,4x4,lying,-1,-1,-1,-1,-1,-1,-1,-1,211,225,-1,-1,196,201,210,221,0,0,0,0,0,0,0,0,1,1,0,0,1,1,1,1
2026-07-03T19:37:21.275,tof2,4x4,lying,3036,3255,-1,3302,2130,-1,1362,2743,1433,1497,-1,-1,1087,917,985,902,1,1,0,1,1,1,1,1,1,1,0,0,1,1,1,1
2026-07-03T19:37:21.394,tof1,4x4,lying,-1,-1,-1,-1,-1,-1,-1,-1,211,226,1986,-1,195,201,210,221,0,0,0,0,0,0,0,0,1,1,1,1,1,1,1,1
2026-07-03T19:37:21.431,tof2,4x4,lying,3036,3255,-1,3302,-1,2102,1362,2747,1433,-1,-1,-1,1087,-1,985,902,1,1,0,1,1,1,1,1,1,1,0,0,1,1,1,1
2026-07-03T19:37:21.602,tof1,4x4,lying,-1,-1,-1,-1,-1,-1,-1,-1,211,226,1976,-1,195,201,210,221,0,0,0,0,0,0,0,0,1,1,1,0,1,1,1,1
2026-07-03T19:37:21.611,tof2,4x4,lying,3037,3255,-1,3302,2130,2072,-1,2747,1458,1491,1269,-1,1087,922,-1,896,1,1,1,1,1,1,0,1,1,1,1,0,1,1,1,1
2026-07-03T19:37:21.756,tof1,4x4,lying,-1,-1,-1,-1,-1,-1,-1,-1,211,226,-1,2021,195,201,210,221,0,0,0,0,0,0,0,0,1,1,1,1,1,1,1,1
2026-07-03T19:37:21.777,tof2,4x4,lying,3037,3255,-1,3302,2130,2072,-1,2747,1433,1491,-1,-1,1087,917,982,896,1,1,0,1,1,1,1,1,1,1,0,0,1,1,1,1
2026-07-03T19:37:21.918,tof1,4x4,lying,-1,-1,-1,-1,-1,-1,-1,-1,211,226,-1,1986,195,201,209,221,0,0,0,0,0,0,0,0,1,1,1,1,1,1,1,1
2026-07-03T19:37:21.945,tof2,4x4,lying,3021,3255,-1,3309,2130,2072,-1,2753,1433,1491,-1,-1,1084,-1,982,896,1,1,1,1,1,1,0,1,1,1,0,0,1,1,1,1
2026-07-03T19:37:22.105,tof1,4x4,lying,-1,-1,-1,-1,-1,-1,-1,-1,211,225,-1,-1,195,200,209,220,1,0,0,0,0,0,0,0,1,1,0,0,1,1,1,1
2026-07-03T19:37:22.132,tof2,4x4,lying,3021,3268,-1,3309,2135,2052,1320,2753,-1,-1,1268,-1,-1,922,-1,895,1,1,0,1,1,1,1,1,1,1,1,0,1,1,1,1
2026-07-03T19:37:22.269,tof1,4x4,lying,-1,-1,-1,-1,-1,-1,-1,-1,211,223,-1,1971,195,199,209,217,0,0,0,0,0,0,0,0,1,1,1,1,1,1,1,1
2026-07-03T19:37:22.332,tof2,4x4,lying,3021,3268,-1,3300,2130,2052,-1,2733,1451,-1,-1,-1,1084,922,981,896,1,1,0,1,1,1,0,1,1,1,0,0,1,1,1,1
2026-07-03T19:37:22.557,tof2,4x4,lying,3019,3268,-1,3307,2130,2030,1320,2727,1452,-1,-1,-1,1086,921,980,896,1,1,0,1,1,1,1,1,1,1,0,0,1,1,1,1
2026-07-03T19:37:22.615,tof1,4x4,lying,-1,-1,-1,-1,-1,-1,-1,-1,207,219,-1,-1,194,197,206,214,0,0,0,0,0,0,0,0,1,1,0,0,1,1,1,1
2026-07-03T19:37:22.765,tof2,4x4,lying,3021,3261,-1,3307,2148,-1,-1,2727,-1,1527,-1,-1,1086,921,980,895,1,1,0,1,1,0,1,1,1,1,1,0,1,1,1,1
2026-07-03T19:37:22.772,tof1,4x4,lying,-1,-1,-1,-1,-1,-1,302,-1,205,217,-1,-1,193,196,201,206,0,0,0,0,0,0,1,0,1,1,0,0,1,1,1,1
2026-07-03T19:37:22.938,tof2,4x4,lying,3019,3261,-1,3307,2148,-1,1297,2727,1451,1527,1265,876,1088,926,974,892,1,1,0,1,1,0,1,1,1,1,1,1,1,1,1,1
2026-07-03T19:37:22.963,tof1,4x4,lying,-1,-1,-1,-1,-1,-1,306,-1,205,216,-1,-1,193,196,201,205,0,1,0,0,0,0,1,0,1,1,0,0,1,1,1,1
2026-07-03T19:37:23.144,tof2,4x4,lying,3019,3260,-1,3315,2129,-1,-1,2731,1452,1539,1143,875,-1,943,947,798,1,1,0,1,1,0,1,1,1,1,1,1,1,1,1,1
2026-07-03T19:37:23.435,tof2,4x4,lying,3019,3261,-1,3320,2134,-1,1294,2731,1452,-1,915,837,1088,949,936,798,1,1,0,1,1,0,1,1,1,1,1,1,1,1,1,1
2026-07-03T19:37:23.440,tof1,4x4,lying,-1,-1,-1,-1,-1,-1,-1,-1,205,216,-1,1971,193,196,201,205,0,0,0,0,0,0,0,0,1,1,0,1,1,1,1,1
2026-07-03T19:37:23.589,tof2,4x4,lying,-1,3263,-1,3320,2134,-1,1289,2744,1444,1547,902,832,-1,957,936,-1,0,1,0,1,1,0,1,1,1,1,1,1,1,1,1,1
2026-07-03T19:37:23.618,tof1,4x4,lying,-1,-1,-1,-1,-1,-1,-1,-1,207,217,-1,-1,194,198,201,206,0,0,0,0,0,0,0,0,1,1,0,0,1,1,1,1
2026-07-03T19:37:23.782,tof2,4x4,lying,3015,3263,-1,3315,2121,-1,879,2731,1444,1547,876,-1,1087,957,936,798,1,1,0,1,1,0,1,1,1,1,1,0,1,1,1,1
2026-07-03T19:37:23.794,tof1,4x4,lying,-1,-1,-1,-1,-1,-1,307,-1,210,220,-1,-1,196,199,204,210,0,0,0,0,0,0,1,0,1,1,0,0,1,1,1,1
2026-07-03T19:37:23.950,tof2,4x4,lying,3015,3254,-1,3297,2134,-1,-1,2744,1444,1539,862,-1,1087,949,933,919,1,1,0,1,1,0,0,1,1,1,1,0,1,1,1,1
2026-07-03T19:37:23.966,tof1,4x4,lying,-1,-1,-1,-1,-1,-1,308,-1,210,220,-1,-1,196,199,204,210,0,0,0,0,0,0,1,0,1,1,0,1,1,1,1,1
2026-07-03T19:37:24.155,tof2,4x4,lying,2989,3265,-1,3297,-1,-1,-1,2743,-1,1522,843,-1,1085,928,917,929,1,1,0,1,1,0,0,1,1,1,1,0,1,1,1,1
2026-07-03T19:37:24.208,tof1,4x4,lying,-1,-1,-1,-1,-1,-1,308,-1,210,220,-1,-1,196,199,204,210,0,0,0,1,0,0,1,0,1,1,1,0,1,1,1,1
2026-07-03T19:37:24.404,tof2,4x4,lying,2989,3254,-1,3297,2134,-1,-1,2743,1434,1516,812,-1,-1,925,908,964,1,1,0,1,1,0,0,1,1,1,1,0,1,1,1,1
2026-07-03T19:37:24.484,tof1,4x4,lying,-1,-1,-1,-1,-1,-1,309,-1,206,217,-1,-1,191,195,200,206,0,0,0,0,0,0,1,0,1,1,0,0,1,1,1,1
2026-07-03T19:37:24.575,tof2,4x4,lying,3009,3254,-1,3300,-1,-1,-1,2743,1444,824,812,832,-1,914,863,1041,1,1,0,1,1,0,0,1,1,1,1,1,1,1,1,1
2026-07-03T19:37:24.682,tof1,4x4,lying,-1,-1,-1,-1,195,-1,309,-1,202,215,1961,1965,190,192,198,203,0,0,0,0,1,0,1,0,1,1,1,1,1,1,1,1
2026-07-03T19:37:24.769,tof2,4x4,lying,3035,3256,-1,3306,2128,-1,-1,2744,1533,821,812,-1,-1,910,829,-1,1,1,0,1,1,0,0,1,1,1,1,0,1,1,1,1
2026-07-03T19:37:24.841,tof1,4x4,lying,-1,-1,-1,-1,-1,177,305,-1,200,206,1952,1954,190,186,194,203,0,0,0,0,0,1,1,1,1,1,1,1,1,1,1,1
2026-07-03T19:37:24.921,tof2,4x4,lying,-1,3261,-1,3314,-1,2030,-1,2743,1411,819,1465,837,-1,844,805,1041,1,1,1,1,0,1,1,1,1,1,1,1,1,1,1,1
2026-07-03T19:37:25.006,tof1,4x4,lying,-1,-1,-1,-1,-1,194,270,169,200,206,198,762,190,186,191,192,0,0,0,0,0,1,1,1,1,1,1,1,1,1,1,1
2026-07-03T19:37:25.087,tof2,4x4,lying,-1,3261,-1,3314,-1,-1,-1,2744,1533,814,1528,-1,-1,835,805,1041,0,1,0,1,0,1,0,1,1,1,1,1,1,1,1,1
2026-07-03T19:37:25.167,tof1,4x4,lying,-1,-1,-1,-1,-1,212,203,174,200,206,198,183,203,186,191,183,0,0,0,0,0,1,1,1,1,1,1,1,1,1,1,1
2026-07-03T19:37:25.326,tof1,4x4,lying,-1,-1,-1,-1,-1,222,203,178,246,211,198,183,258,211,191,183,0,0,0,0,0,1,1,1,1,1,1,1,1,1,1,1
2026-07-03T19:37:25.596,tof2,4x4,lying,3009,3261,-1,3314,2128,1800,-1,2750,1636,819,1528,-1,1085,826,805,1035,1,1,1,1,1,1,0,1,1,1,1,0,1,1,1,1
2026-07-03T19:37:25.757,tof2,4x4,lying,-1,3266,-1,3326,-1,1524,-1,2744,1564,819,1528,-1,1087,824,803,1035,1,1,1,1,0,1,1,1,1,1,1,0,1,1,1,1
2026-07-03T19:37:25.798,tof1,4x4,lying,-1,-1,-1,-1,-1,232,203,186,269,236,206,183,278,240,206,183,0,0,0,0,0,1,1,1,1,1,1,1,1,1,1,1
2026-07-03T19:37:25.960,tof1,4x4,lying,-1,-1,-1,-1,-1,250,223,194,283,259,230,196,294,256,212,202,0,0,0,0,0,1,1,1,1,1,1,1,1,1,1,1
2026-07-03T19:37:26.153,tof1,4x4,lying,-1,-1,-1,-1,-1,372,380,388,360,357,375,372,325,267,213,260,1,0,0,0,0,1,1,1,1,1,1,1,1,1,1,1
2026-07-03T19:37:26.337,tof1,4x4,lying,-1,-1,-1,-1,-1,388,401,-1,361,366,388,372,331,267,215,260,1,0,0,0,0,1,1,0,1,1,1,1,1,1,1,1
2026-07-03T19:37:26.476,tof2,4x4,lying,3009,3266,3311,3311,-1,-1,-1,2756,1564,823,1515,1323,1083,824,803,1035,1,1,1,1,0,1,1,1,1,1,1,1,1,1,1,1
2026-07-03T19:37:26.522,tof1,4x4,lying,-1,-1,-1,-1,-1,403,401,-1,368,366,388,-1,331,267,213,260,0,0,0,0,0,1,1,0,1,1,1,0,1,1,1,1
2026-07-03T19:37:26.644,tof2,4x4,lying,2980,3266,-1,3311,2142,1492,879,2756,1564,-1,1515,-1,1079,824,808,1043,1,1,0,1,1,1,1,1,1,0,1,0,1,1,1,1
2026-07-03T19:37:26.687,tof1,4x4,lying,-1,-1,-1,-1,-1,405,401,-1,368,366,388,-1,331,238,213,222,0,0,0,0,0,1,1,0,1,1,1,1,1,1,1,1
2026-07-03T19:37:26.813,tof2,4x4,lying,2980,3257,3311,3317,-1,1485,-1,2756,982,-1,-1,-1,864,824,1083,1043,1,1,1,1,1,1,0,1,1,0,1,0,1,1,1,1
2026-07-03T19:37:26.896,tof1,4x4,lying,-1,-1,-1,-1,-1,407,388,-1,368,362,309,-1,318,222,202,222,0,0,0,0,0,1,1,0,1,1,1,0,1,1,1,1
2026-07-03T19:37:26.971,tof2,4x4,lying,-1,3257,-1,3317,-1,1485,879,2756,975,-1,-1,-1,852,966,1083,1043,1,1,0,1,1,1,1,1,1,0,1,0,1,1,1,1
2026-07-03T19:37:27.067,tof1,4x4,lying,-1,-1,-1,-1,-1,408,388,-1,371,362,309,-1,316,220,202,222,0,0,0,0,0,1,1,0,1,1,1,0,1,1,1,1
2026-07-03T19:37:27.145,tof2,4x4,lying,2980,3257,3311,3317,2142,1492,-1,2757,975,-1,1515,-1,852,970,1084,1043,1,1,1,1,1,1,0,1,1,0,1,0,1,1,1,1
2026-07-03T19:37:27.444,tof2,4x4,lying,2980,3257,-1,3317,2146,1485,-1,2757,982,-1,1541,-1,852,979,1084,1052,1,1,0,1,1,1,1,1,1,0,1,0,1,1,1,1
2026-07-03T19:37:27.451,tof1,4x4,lying,-1,-1,-1,-1,-1,408,361,-1,374,330,284,372,316,213,200,222,1,1,0,0,0,1,1,0,1,1,1,1,1,1,1,1
2026-07-03T19:37:27.601,tof2,4x4,lying,2996,3257,-1,3301,2150,1485,-1,2757,994,-1,1551,-1,854,979,-1,1052,1,1,0,1,1,1,0,1,1,0,1,0,1,1,1,1
2026-07-03T19:37:27.616,tof1,4x4,lying,-1,-1,-1,-1,-1,408,361,388,377,362,309,235,316,220,200,222,0,0,0,0,0,1,1,1,1,1,1,1,1,1,1,1
2026-07-03T19:37:27.768,tof2,4x4,lying,3002,3257,-1,3299,-1,1487,-1,2757,997,-1,1551,-1,888,982,1084,1052,1,1,0,1,0,1,1,1,1,0,1,0,1,1,1,1
2026-07-03T19:37:27.921,tof2,4x4,lying,2996,3258,-1,3294,-1,1494,1433,2757,1001,-1,1541,-1,902,982,1090,1052,1,1,0,1,0,1,1,1,1,0,1,0,1,1,1,1
2026-07-03T19:37:28.082,tof2,4x4,lying,2988,3256,-1,3294,2180,1515,-1,2760,1001,-1,-1,-1,903,982,1091,1060,1,1,0,1,1,1,1,1,1,0,1,0,1,1,1,1
2026-07-03T19:37:28.241,tof2,4x4,lying,2996,3256,-1,3298,2180,1515,1505,2769,1017,-1,1525,-1,908,984,1093,1056,1,1,0,1,1,1,1,1,1,0,1,0,1,1,1,1
2026-07-03T19:37:28.402,tof2,4x4,lying,2988,3256,3311,3296,2180,1512,2009,2770,-1,-1,1525,-1,910,984,1094,1056,1,1,1,1,1,1,1,1,0,0,1,1,1,1,1,1
2026-07-03T19:37:28.571,tof2,4x4,lying,2988,3256,-1,3298,-1,1528,2129,2774,-1,-1,-1,1335,910,989,1094,1056,1,1,1,1,0,1,1,1,0,0,1,1,1,1,1,1
2026-07-03T19:37:28.727,tof2,4x4,lying,2994,3254,-1,3298,2180,-1,-1,2784,1026,876,-1,-1,923,997,-1,1056,1,1,0,1,1,1,1,1,1,1,1,1,1,1,1,1
2026-07-03T19:37:28.844,tof1,4x4,lying,-1,-1,-1,-1,-1,407,388,388,377,376,324,235,329,222,202,206,0,0,0,0,0,1,1,1,1,1,1,1,1,1,1,1
2026-07-03T19:37:28.899,tof2,4x4,lying,3035,3254,-1,3298,-1,1528,2157,2786,-1,896,1523,-1,931,1002,1094,1051,1,1,1,1,0,1,1,1,0,1,1,0,1,1,1,1
2026-07-03T19:37:29.049,tof2,4x4,lying,3034,3254,-1,3296,2156,1512,-1,2786,-1,1436,1523,-1,931,1002,1094,1051,1,1,1,1,1,1,0,1,1,1,1,0,1,1,1,1
2026-07-03T19:37:29.220,tof2,4x4,lying,3034,3254,-1,3295,2111,1511,-1,2786,-1,-1,1492,1335,931,1002,1094,1051,1,1,0,1,1,1,1,1,0,1,1,1,1,1,1,1
2026-07-03T19:37:29.289,tof1,4x4,lying,-1,-1,-1,-1,302,403,330,-1,377,376,324,235,345,245,208,206,0,0,0,0,1,1,1,0,1,1,1,1,1,1,1,1
2026-07-03T19:37:29.387,tof2,4x4,lying,3034,3254,-1,3295,-1,-1,2129,2786,1001,-1,1523,-1,930,1002,1094,1051,1,1,1,1,1,1,1,1,1,0,1,1,1,1,1,1
2026-07-03T19:37:29.489,tof1,4x4,lying,-1,-1,-1,-1,410,402,-1,-1,377,371,269,256,347,296,223,206,0,0,0,0,1,1,0,0,1,1,1,1,1,1,1,1
2026-07-03T19:37:29.651,tof1,4x4,lying,-1,-1,-1,-1,392,-1,-1,-1,377,371,269,-1,347,296,223,220,0,0,0,0,1,0,0,0,1,1,1,0,1,1,1,1
2026-07-03T19:37:29.823,tof1,4x4,lying,-1,-1,-1,-1,373,-1,-1,-1,377,306,-1,-1,345,296,223,224,0,0,0,0,1,0,0,0,1,1,0,0,1,1,1,1
2026-07-03T19:37:30.006,tof1,4x4,lying,-1,-1,-1,-1,373,-1,-1,-1,377,-1,269,-1,343,233,222,225,0,0,0,0,1,0,0,0,1,0,1,0,1,1,1,1
2026-07-03T19:37:30.606,tof2,4x4,lying,3034,3261,-1,3295,2111,1561,-1,2779,1630,1436,-1,-1,930,1001,1086,1051,1,1,1,1,1,1,0,1,1,1,1,0,1,1,1,1
2026-07-03T19:37:30.755,tof2,4x4,lying,3026,3269,3311,3295,-1,1612,2129,2771,-1,1436,1492,-1,930,991,1085,1051,1,1,1,1,0,1,1,1,1,1,1,0,1,1,1,1
2026-07-03T19:37:30.925,tof2,4x4,lying,3024,3269,-1,3299,2111,1739,-1,2771,1630,901,-1,-1,1091,818,1074,1057,1,1,0,1,1,1,0,1,1,1,0,0,1,1,1,1
2026-07-03T19:37:31.107,tof2,4x4,lying,3026,3269,-1,3299,2111,1739,-1,2774,1623,887,1461,-1,-1,800,1073,1057,1,1,0,1,1,1,1,1,1,1,1,1,1,1,1,1
2026-07-03T19:37:31.259,tof2,4x4,lying,3024,3265,-1,3299,2111,1756,-1,2774,1516,866,-1,1329,-1,789,1065,1057,1,1,0,1,1,1,0,1,1,1,0,1,1,1,1,1
2026-07-03T19:37:31.427,tof2,4x4,lying,3023,3263,-1,3299,2106,-1,1571,2774,-1,866,-1,-1,-1,774,1053,1050,1,1,0,1,1,1,1,1,1,1,0,0,1,1,1,1
2026-07-03T19:37:31.580,tof2,4x4,lying,3023,3260,-1,3305,-1,1788,-1,2788,1613,866,1380,-1,-1,770,1047,1055,1,1,0,1,1,1,1,1,1,1,1,0,1,1,1,1
2026-07-03T19:37:31.740,tof2,4x4,lying,3000,3260,3311,3307,-1,-1,-1,2788,1522,866,1300,-1,-1,768,-1,1050,1,1,1,1,1,1,0,1,1,1,1,0,1,1,1,1
2026-07-03T19:37:31.895,tof2,4x4,lying,2997,3257,-1,3307,2121,1789,-1,2771,1522,877,976,-1,-1,768,-1,1048,1,1,1,1,1,1,1,1,1,1,1,1,1,1,1,1
2026-07-03T19:37:32.047,tof2,4x4,lying,2997,3250,3301,3305,2121,1792,-1,2771,1516,885,976,-1,-1,770,-1,1048,1,1,1,1,1,1,1,1,1,1,1,0,1,1,1,1
2026-07-03T19:37:32.201,tof2,4x4,lying,2974,3250,-1,3294,2125,1812,1571,2771,-1,-1,976,-1,-1,786,1045,1051,1,1,1,1,1,1,1,1,1,0,1,1,1,1,1,1
2026-07-03T19:37:32.366,tof2,4x4,lying,2974,3252,-1,3294,2134,-1,1457,2755,1493,-1,-1,-1,-1,804,1042,1050,1,1,0,1,1,1,1,1,1,0,0,0,1,1,1,1
2026-07-03T19:37:32.521,tof2,4x4,lying,2974,3252,-1,3294,2134,1824,-1,2755,1478,929,-1,-1,-1,842,1038,1050,1,1,1,1,1,1,0,1,1,1,0,0,1,1,1,1
2026-07-03T19:37:32.682,tof2,4x4,lying,3005,3260,-1,3297,2134,1824,1417,2771,1478,1287,-1,-1,-1,883,922,1050,1,1,0,1,1,1,1,1,1,1,0,0,1,1,1,1
2026-07-03T19:37:32.919,tof1,4x4,lying,-1,-1,-1,-1,-1,-1,-1,-1,345,306,269,-1,297,223,222,232,0,0,0,0,0,0,0,0,1,1,1,0,1,1,1,1
2026-07-03T19:37:32.978,tof2,4x4,lying,-1,3262,-1,3297,2134,1824,1417,2771,-1,1480,-1,-1,-1,914,907,1048,1,1,0,1,1,1,1,1,1,1,0,0,1,1,1,1
2026-07-03T19:37:33.081,tof1,4x4,lying,-1,-1,-1,-1,-1,-1,-1,-1,324,275,269,256,256,223,222,237,0,0,0,0,0,0,0,0,1,1,1,1,1,1,1,1
2026-07-03T19:37:33.143,tof2,4x4,lying,3005,3264,3316,3297,2124,1819,1417,2771,1478,-1,-1,-1,-1,919,907,1047,1,1,1,1,1,1,1,1,1,1,0,0,1,1,1,1
2026-07-03T19:37:33.269,tof1,4x4,lying,-1,-1,-1,-1,-1,362,305,327,306,267,254,256,256,223,228,242,0,0,0,0,0,1,1,1,1,1,1,1,1,1,1,1
2026-07-03T19:37:33.313,tof2,4x4,lying,-1,3264,-1,3293,2112,1818,1345,2777,1478,1480,-1,-1,-1,926,907,1039,1,1,1,1,1,1,1,1,1,1,0,0,1,1,1,1
2026-07-03T19:37:33.435,tof1,4x4,lying,-1,-1,-1,-1,367,353,305,-1,256,265,278,-1,256,269,246,262,0,0,0,0,1,1,1,0,1,1,1,0,1,1,1,1
2026-07-03T19:37:33.493,tof2,4x4,lying,3005,3264,-1,3292,2112,1806,1339,2777,1475,1453,-1,-1,-1,921,906,1036,1,1,1,1,1,1,1,1,1,1,0,0,1,1,1,1
2026-07-03T19:37:33.604,tof1,4x4,lying,-1,-1,-1,-1,365,283,-1,-1,256,265,278,256,282,303,270,299,0,0,0,0,1,1,0,0,1,1,1,1,1,1,1,1
2026-07-03T19:37:33.689,tof2,4x4,lying,2986,3264,-1,3292,2083,-1,1339,2777,1475,1415,-1,-1,1091,919,907,-1,1,1,1,1,1,1,1,1,1,1,0,0,1,1,1,1
2026-07-03T19:37:33.781,tof1,4x4,lying,-1,-1,-1,-1,286,283,-1,-1,256,265,-1,-1,303,303,287,1043,0,0,0,0,1,1,0,0,1,1,0,1,1,1,1,1
2026-07-03T19:37:33.874,tof2,4x4,lying,-1,3262,-1,3292,2083,-1,1339,2754,1475,1453,977,-1,-1,919,906,1031,1,1,0,1,1,0,1,1,1,1,1,0,1,1,1,1
2026-07-03T19:37:33.931,tof1,4x4,lying,-1,-1,-1,-1,283,283,-1,-1,265,286,-1,-1,306,306,306,1049,0,0,0,0,1,1,0,0,1,1,0,1,1,1,1,1
2026-07-03T19:37:34.028,tof2,4x4,lying,2986,3253,-1,3293,-1,-1,-1,2764,1476,1453,-1,-1,-1,915,906,1032,1,1,0,1,0,0,1,1,1,1,0,0,1,1,1,1
2026-07-03T19:37:34.095,tof1,4x4,lying,-1,-1,-1,-1,283,308,-1,-1,275,303,-1,259,310,306,330,1056,0,0,0,0,1,1,0,0,1,1,0,1,1,1,1,1
2026-07-03T19:37:34.192,tof2,4x4,lying,2986,3253,-1,3292,2083,-1,-1,2764,-1,-1,1172,-1,1091,915,909,1034,1,1,0,1,1,1,0,1,1,1,1,0,1,1,1,1
2026-07-03T19:37:34.264,tof1,4x4,lying,-1,-1,-1,-1,283,308,-1,-1,275,304,278,-1,310,306,331,1056,0,0,0,0,1,1,0,0,1,1,1,0,1,1,1,1
2026-07-03T19:37:34.348,tof2,4x4,lying,2982,3253,-1,3300,2104,-1,-1,2746,1486,1499,-1,-1,1082,915,913,1032,1,1,0,1,1,0,0,1,1,1,0,0,1,1,1,1
2026-07-03T19:37:34.436,tof1,4x4,lying,-1,-1,-1,-1,283,308,-1,-1,275,304,301,-1,310,313,331,1049,1,0,0,0,1,1,0,0,1,1,1,0,1,1,1,1
2026-07-03T19:37:34.533,tof2,4x4,lying,3000,3258,-1,3300,2080,-1,-1,2764,1486,1556,-1,-1,-1,917,912,1031,1,1,1,1,1,1,0,1,1,1,0,0,1,1,1,1
2026-07-03T19:37:34.607,tof1,4x4,lying,-1,-1,-1,-1,283,306,-1,-1,273,304,304,-1,309,313,331,1043,0,0,0,1,1,1,1,0,1,1,1,0,1,1,1,1
2026-07-03T19:37:34.700,tof2,4x4,lying,-1,3258,3316,3306,2082,-1,1335,2768,-1,-1,-1,-1,1082,919,913,1031,0,1,1,1,1,0,1,1,1,1,0,1,1,1,1,1
2026-07-03T19:37:34.763,tof1,4x4,lying,-1,-1,-1,-1,274,293,-1,-1,267,293,304,-1,293,313,323,1042,0,0,0,0,1,1,0,0,1,1,1,0,1,1,1,1
2026-07-03T19:37:34.850,tof2,4x4,lying,3020,3269,-1,3314,-1,-1,1344,2769,1616,1583,-1,-1,1082,919,917,1031,1,1,0,1,0,0,1,1,1,1,0,0,1,1,1,1
2026-07-03T19:37:34.941,tof1,4x4,lying,-1,-1,-1,-1,268,284,-1,-1,261,286,304,-1,292,312,317,1028,0,0,0,1,1,1,0,0,1,1,1,0,1,1,1,1
2026-07-03T19:37:35.016,tof2,4x4,lying,3013,3269,-1,3314,-1,1806,1350,2769,-1,1583,-1,-1,1075,919,917,1029,1,1,0,1,0,1,1,1,1,1,0,0,1,1,1,1
2026-07-03T19:37:35.110,tof1,4x4,lying,-1,-1,-1,-1,266,272,285,-1,249,271,291,1914,276,294,303,1028,1,0,0,0,1,1,1,0,1,1,1,1,1,1,1,1
2026-07-03T19:37:35.185,tof2,4x4,lying,3020,3265,-1,3314,2082,-1,-1,2775,1539,-1,-1,-1,-1,918,917,1029,1,1,0,1,1,1,0,1,1,1,0,1,1,1,1,1
2026-07-03T19:37:35.267,tof1,4x4,lying,-1,-1,-1,-1,266,272,285,-1,249,265,291,-1,273,294,297,1028,0,0,0,0,1,1,1,0,1,1,1,0,1,1,1,1
2026-07-03T19:37:35.360,tof2,4x4,lying,3030,3261,-1,3335,2126,1779,1404,2775,1539,1583,1202,-1,1079,918,917,1029,1,1,1,1,1,1,1,1,1,1,1,0,1,1,1,1
2026-07-03T19:37:35.430,tof1,4x4,lying,-1,-1,-1,-1,-1,272,285,-1,249,265,291,1914,263,294,297,1024,0,0,0,0,0,1,1,0,1,1,1,1,1,1,1,1
2026-07-03T19:37:35.525,tof2,4x4,lying,-1,3261,-1,3323,2115,1756,1404,2775,-1,1583,-1,-1,-1,917,923,1029,1,1,0,1,1,1,1,1,1,1,0,0,1,1,1,1
2026-07-03T19:37:35.591,tof1,4x4,lying,-1,-1,-1,-1,-1,272,285,-1,247,263,290,1914,263,298,297,1022,0,0,0,0,0,1,1,0,1,1,1,1,1,1,1,1
2026-07-03T19:37:35.690,tof2,4x4,lying,3030,3254,-1,3323,2118,-1,-1,2783,-1,1557,-1,-1,1080,917,923,1028,1,1,0,1,1,0,1,1,1,1,0,0,1,1,1,1
2026-07-03T19:37:35.767,tof1,4x4,lying,-1,-1,-1,-1,-1,-1,285,-1,247,261,284,366,257,298,297,348,0,0,0,0,0,0,1,0,1,1,1,1,1,1,1,1
2026-07-03T19:37:35.882,tof2,4x4,lying,3027,3254,-1,3323,-1,-1,-1,-1,1561,1557,-1,-1,1079,915,923,1029,1,1,0,1,0,1,0,1,1,1,0,0,1,1,1,1
2026-07-03T19:37:35.945,tof1,4x4,lying,-1,-1,-1,-1,-1,-1,-1,-1,247,255,271,298,248,298,297,329,0,0,0,0,0,0,1,0,1,1,1,1,1,1,1,1
2026-07-03T19:37:36.065,tof2,4x4,lying,3027,3254,-1,3323,-1,-1,-1,2787,1561,-1,-1,-1,1076,915,923,1030,1,1,0,1,1,0,0,1,1,1,1,0,1,1,1,1
2026-07-03T19:37:36.125,tof1,4x4,lying,-1,-1,-1,-1,-1,-1,-1,-1,241,237,238,248,232,252,253,259,0,0,0,0,0,0,0,0,1,1,1,1,1,1,1,1
2026-07-03T19:37:36.227,tof2,4x4,lying,3008,3254,-1,3316,2118,-1,-1,2787,-1,1571,-1,-1,-1,918,923,1030,1,1,1,1,1,0,0,1,1,1,0,0,1,1,1,1
2026-07-03T19:37:36.409,tof2,4x4,lying,3007,3252,-1,3316,2118,-1,-1,2787,-1,1613,-1,-1,-1,918,916,1029,1,1,1,1,1,0,1,1,1,1,1,0,1,1,1,1
2026-07-03T19:37:36.414,tof1,4x4,lying,-1,-1,-1,-1,-1,-1,279,-1,239,235,236,248,232,252,252,259,1,0,0,1,0,0,1,0,1,1,1,1,1,1,1,1
2026-07-03T19:37:36.569,tof2,4x4,lying,3007,3252,-1,3316,-1,1749,-1,2773,1539,1613,-1,-1,-1,916,918,1029,1,1,0,1,1,1,1,1,1,1,0,0,1,1,1,1
2026-07-03T19:37:36.678,tof1,4x4,lying,-1,-1,-1,-1,-1,274,279,-1,239,235,236,-1,232,252,252,259,0,0,0,0,0,1,1,0,1,1,1,1,1,1,1,1
2026-07-03T19:37:36.754,tof2,4x4,lying,2993,3252,-1,3316,2118,1736,1404,2773,1513,1640,-1,-1,1076,916,918,1029,1,1,0,1,1,1,1,1,1,1,1,0,1,1,1,1
2026-07-03T19:37:36.864,tof1,4x4,lying,-1,-1,-1,-1,-1,274,279,-1,239,235,236,-1,233,255,252,259,0,0,0,0,0,1,1,0,1,1,1,0,1,1,1,1
2026-07-03T19:37:37.024,tof2,4x4,lying,2993,3252,-1,3316,2118,1734,1316,2766,1513,1613,-1,-1,-1,914,918,1028,1,1,0,1,1,1,1,1,1,1,0,0,1,1,1,1
2026-07-03T19:37:37.075,tof1,4x4,lying,-1,-1,-1,-1,-1,279,281,-1,253,264,275,-1,255,318,300,1005,0,1,0,0,0,1,1,0,1,1,1,1,1,1,1,1
2026-07-03T19:37:37.386,tof2,4x4,lying,-1,3249,-1,3297,2117,1734,1316,2773,-1,1613,-1,-1,-1,914,918,1028,1,1,1,1,1,1,1,1,1,1,0,0,1,1,1,1
2026-07-03T19:37:37.586,tof1,4x4,lying,-1,-1,-1,-1,-1,292,309,-1,258,281,305,-1,261,356,329,1018,0,0,0,0,0,1,1,0,1,1,1,0,1,1,1,1
2026-07-03T19:37:37.600,tof2,4x4,lying,2976,3249,-1,3297,2117,1711,1316,2773,1513,1640,-1,-1,1076,910,918,1028,1,1,0,1,1,1,1,1,1,1,0,0,1,1,1,1
2026-07-03T19:37:38.513,tof2,4x4,lying,2999,3253,-1,3286,2117,1728,1316,2780,-1,1472,1202,-1,-1,903,918,1031,1,1,0,1,1,1,1,1,1,1,1,0,1,1,1,1
2026-07-03T19:37:38.692,tof1,4x4,lying,-1,-1,-1,-1,-1,294,309,-1,266,286,305,248,262,356,331,1018,1,0,0,0,0,1,1,0,1,1,1,1,1,1,1,1
2026-07-03T19:37:38.812,tof2,4x4,lying,-1,3263,-1,3285,-1,1734,-1,2780,1507,1472,-1,-1,1076,910,918,1031,1,1,0,1,1,1,1,1,1,1,0,1,1,1,1,1
2026-07-03T19:37:38.870,tof1,4x4,lying,-1,-1,-1,-1,-1,294,309,-1,266,286,305,249,262,356,331,1018,0,0,0,0,0,1,1,0,1,1,1,1,1,1,1,1
2026-07-03T19:37:38.971,tof2,4x4,lying,2972,3263,-1,3286,2117,1737,-1,2780,1480,1430,-1,-1,-1,916,917,1031,1,1,0,1,1,1,1,1,1,1,0,0,1,1,1,1
2026-07-03T19:37:39.044,tof1,4x4,lying,-1,-1,-1,-1,-1,293,306,-1,264,281,305,307,261,352,329,322,1,0,0,0,0,1,1,0,1,1,1,1,1,1,1,1
2026-07-03T19:37:39.126,tof2,4x4,lying,-1,3263,-1,3315,2118,1736,-1,2731,1487,1538,-1,-1,-1,916,917,1031,1,1,0,1,1,1,1,1,1,1,0,0,1,1,1,1
2026-07-03T19:37:39.218,tof1,4x4,lying,-1,-1,-1,-1,-1,292,301,-1,260,277,294,307,259,344,324,315,1,0,0,0,0,1,1,0,1,1,1,1,1,1,1,1
2026-07-03T19:37:39.282,tof2,4x4,lying,2999,3263,-1,3312,-1,1736,-1,2757,1487,1459,-1,-1,1090,916,916,1031,1,1,0,1,0,1,0,1,1,1,0,0,1,1,1,1
2026-07-03T19:37:39.376,tof1,4x4,lying,-1,-1,-1,-1,-1,285,297,-1,261,272,290,307,257,339,322,311,0,0,0,0,0,1,1,0,1,1,1,1,1,1,1,1
2026-07-03T19:37:39.457,tof2,4x4,lying,2995,3263,-1,3315,2161,1737,1631,2734,-1,1538,-1,-1,1090,916,916,1030,1,1,0,1,1,1,1,1,1,1,0,0,1,1,1,1
2026-07-03T19:37:39.557,tof1,4x4,lying,-1,-1,-1,-1,-1,285,297,-1,261,272,289,305,257,339,320,311,0,0,0,0,0,1,1,0,1,1,1,1,1,1,1,1
2026-07-03T19:37:39.653,tof2,4x4,lying,2995,3260,-1,3315,2172,1736,1631,2734,1487,-1,1202,-1,1090,914,916,1026,1,1,1,1,1,1,1,1,1,1,1,0,1,1,1,1
2026-07-03T19:37:39.844,tof2,4x4,lying,2993,3260,-1,3315,2161,1735,-1,2738,1487,1555,-1,-1,-1,914,916,1025,1,1,1,1,1,1,0,1,1,1,1,0,1,1,1,1
2026-07-03T19:37:39.872,tof1,4x4,lying,3328,-1,-1,-1,266,285,297,-1,261,272,289,305,257,339,320,311,1,0,0,0,1,1,1,0,1,1,1,1,1,1,1,1
2026-07-03T19:37:40.040,tof2,4x4,lying,2993,3257,-1,3312,-1,1692,-1,2757,1487,-1,-1,-1,1087,914,915,1025,1,1,0,1,0,1,0,1,1,1,0,0,1,1,1,1
2026-07-03T19:37:40.171,tof1,4x4,lying,-1,-1,-1,-1,275,-1,297,-1,263,273,290,305,259,339,320,311,0,0,0,0,1,0,1,0,1,1,1,1,1,1,1,1
2026-07-03T19:37:40.262,tof2,4x4,lying,2993,3257,-1,3308,-1,1692,-1,2760,-1,1563,-1,-1,-1,914,916,1026,1,1,1,1,0,1,0,1,1,1,0,0,1,1,1,1
2026-07-03T19:37:40.339,tof1,4x4,lying,-1,-1,-1,-1,-1,-1,-1,-1,263,273,288,305,259,339,320,311,0,0,0,0,0,0,0,0,1,1,1,1,1,1,1,1
2026-07-03T19:37:40.436,tof2,4x4,lying,2991,3256,3304,3308,2161,1686,1319,2760,-1,1555,-1,-1,1087,917,920,1032,1,1,1,1,1,1,1,1,1,1,0,0,1,1,1,1
2026-07-03T19:37:40.529,tof1,4x4,lying,3300,-1,-1,-1,-1,-1,-1,-1,263,273,-1,-1,259,339,320,311,1,0,0,0,0,0,0,0,1,1,0,0,1,1,1,1
2026-07-03T19:37:40.611,tof2,4x4,lying,2984,3256,3316,3307,-1,1633,1319,2766,1495,1555,-1,-1,-1,917,922,1032,1,1,1,1,1,1,1,1,1,1,0,1,1,1,1,1
2026-07-03T19:37:40.696,tof1,4x4,lying,-1,-1,-1,-1,-1,-1,-1,-1,253,262,-1,331,234,259,281,272,0,0,0,0,0,0,0,0,1,1,0,1,1,1,1,1
2026-07-03T19:37:40.797,tof2,4x4,lying,2991,3256,-1,3298,2133,1624,1321,2769,-1,1543,-1,-1,-1,917,920,1032,1,1,0,1,1,1,1,1,1,1,0,1,1,1,1,1
2026-07-03T19:37:41.076,tof1,4x4,lying,-1,-1,-1,-1,301,-1,-1,-1,245,262,337,-1,234,246,254,256,0,0,0,0,1,0,0,0,1,1,1,0,1,1,1,1
2026-07-03T19:37:41.087,tof2,4x4,lying,2984,3256,-1,3296,2133,1536,-1,2778,1495,1528,-1,-1,1086,917,920,1039,1,1,0,1,1,1,0,1,1,1,0,0,1,1,1,1
2026-07-03T19:37:41.245,tof1,4x4,lying,-1,-1,-1,-1,-1,-1,-1,-1,245,261,351,-1,232,242,251,256,0,0,0,0,0,0,0,0,1,1,1,0,1,1,1,1
2026-07-03T19:37:41.284,tof2,4x4,lying,2984,3256,-1,3296,2112,1536,-1,2773,1458,1528,-1,-1,-1,917,920,1039,1,1,0,1,1,1,0,1,1,1,0,0,1,1,1,1
2026-07-03T19:37:41.412,tof1,4x4,lying,-1,-1,-1,-1,-1,-1,-1,-1,245,261,1894,-1,230,241,248,256,0,0,0,0,0,0,0,0,1,1,1,0,1,1,1,1
2026-07-03T19:37:41.468,tof2,4x4,lying,3017,3257,-1,3289,2133,1536,1319,2778,1486,-1,-1,-1,1085,917,918,1032,1,1,0,1,1,1,1,1,1,1,0,0,1,1,1,1
2026-07-03T19:37:41.575,tof1,4x4,lying,-1,-1,-1,-1,-1,-1,-1,-1,246,261,-1,-1,230,241,248,256,0,0,0,0,0,0,0,0,1,1,1,0,1,1,1,1
2026-07-03T19:37:41.623,tof2,4x4,lying,3029,3255,-1,3289,2112,-1,1321,2778,1495,1530,-1,-1,-1,918,918,1032,1,1,1,1,1,1,1,1,1,1,1,0,1,1,1,1
2026-07-03T19:37:41.732,tof1,4x4,lying,-1,-1,-1,-1,-1,-1,-1,-1,246,261,1899,-1,230,241,247,253,0,0,0,0,0,0,0,0,1,1,1,0,1,1,1,1
2026-07-03T19:37:41.781,tof2,4x4,lying,3029,3259,-1,3285,2112,2104,-1,2778,1503,1533,-1,-1,1085,918,918,1026,1,1,0,1,1,1,1,1,1,1,0,0,1,1,1,1
2026-07-03T19:37:41.904,tof1,4x4,lying,-1,-1,-1,-1,-1,-1,-1,-1,246,261,-1,-1,230,241,247,253,0,0,0,0,0,0,0,0,1,1,0,1,1,1,1,1
2026-07-03T19:37:41.940,tof2,4x4,lying,-1,3259,3316,3289,2112,2104,1326,2778,1486,1533,-1,-1,1085,915,919,1026,0,1,1,1,1,1,1,1,1,1,0,0,1,1,1,1
2026-07-03T19:37:42.062,tof1,4x4,lying,-1,-1,-1,-1,-1,-1,-1,-1,246,262,-1,-1,229,241,247,252,0,0,0,0,0,0,0,0,1,1,0,1,1,1,1,1
2026-07-03T19:37:42.104,tof2,4x4,lying,-1,3267,-1,3284,2112,2104,1326,2778,1486,1533,-1,-1,1081,914,919,1026,1,1,0,1,1,1,1,1,1,1,0,0,1,1,1,1
2026-07-03T19:37:42.212,tof1,4x4,lying,-1,-1,-1,-1,-1,-1,-1,-1,248,262,-1,-1,229,241,247,252,0,0,0,0,0,0,0,0,1,1,0,0,1,1,1,1
2026-07-03T19:37:42.279,tof2,4x4,lying,3029,3262,3316,3308,2110,2084,-1,2778,1515,1530,-1,-1,-1,915,920,1033,1,1,1,1,1,1,1,1,1,1,0,0,1,1,1,1
2026-07-03T19:37:42.380,tof1,4x4,lying,-1,-1,-1,-1,-1,-1,-1,-1,249,264,1968,-1,229,242,247,252,0,0,0,0,0,0,0,0,1,1,1,0,1,1,1,1
2026-07-03T19:37:42.434,tof2,4x4,lying,3029,3262,-1,3308,2110,2076,1326,2764,-1,1547,-1,-1,-1,914,919,1033,1,1,0,1,1,1,1,1,1,1,0,0,1,1,1,1
2026-07-03T19:37:42.533,tof1,4x4,lying,-1,-1,-1,-1,-1,-1,-1,-1,251,264,1968,350,232,241,250,253,0,0,0,0,0,0,0,0,1,1,1,1,1,1,1,1
2026-07-03T19:37:42.605,tof2,4x4,lying,-1,3260,-1,3320,2108,2066,-1,2782,-1,1520,1190,-1,1081,910,917,1036,1,1,0,1,1,1,0,1,1,1,1,0,1,1,1,1
2026-07-03T19:37:42.708,tof1,4x4,lying,-1,-1,-1,-1,-1,-1,-1,-1,251,267,-1,-1,232,242,250,254,0,0,0,0,0,0,0,0,1,1,0,1,1,1,1,1
2026-07-03T19:37:42.762,tof2,4x4,lying,3028,3262,-1,3308,2115,2030,-1,2780,-1,1520,-1,-1,-1,914,917,1038,1,1,0,1,1,1,0,1,1,1,0,0,1,1,1,1
2026-07-03T19:37:42.882,tof1,4x4,lying,-1,-1,-1,-1,-1,-1,-1,-1,252,267,-1,1928,232,242,250,256,0,0,0,0,0,0,0,0,1,1,0,1,1,1,1,1
2026-07-03T19:37:42.935,tof2,4x4,lying,3006,3260,-1,3308,2115,2030,-1,2780,1515,1522,1190,-1,1081,916,917,1036,1,1,0,1,1,1,0,1,1,1,1,0,1,1,1,1
2026-07-03T19:37:43.038,tof1,4x4,lying,-1,-1,-1,-1,-1,-1,-1,-1,252,269,1968,1930,232,243,250,256,0,0,0,0,0,0,0,0,1,1,1,1,1,1,1,1
2026-07-03T19:37:43.102,tof2,4x4,lying,2957,3260,-1,3296,2127,1744,-1,2758,-1,1529,-1,-1,1081,908,917,1036,1,1,0,1,1,1,1,1,1,1,0,0,1,1,1,1
2026-07-03T19:37:43.225,tof1,4x4,lying,-1,-1,-1,-1,-1,-1,-1,-1,252,269,1968,-1,233,243,251,257,0,0,0,0,0,0,0,0,1,1,1,0,1,1,1,1
2026-07-03T19:37:43.259,tof2,4x4,lying,2991,3260,3321,3296,-1,-1,-1,2775,1508,1522,-1,-1,-1,916,917,1036,1,1,1,1,0,1,0,1,1,1,0,0,1,1,1,1
2026-07-03T19:37:44.341,tof1,4x4,lying,-1,-1,-1,-1,-1,-1,-1,-1,252,269,1965,-1,233,243,250,257,0,0,0,0,0,0,0,0,1,1,1,0,1,1,1,1
2026-07-03T19:37:44.497,tof1,4x4,lying,-1,-1,-1,-1,-1,-1,-1,-1,251,267,1943,1930,233,242,250,256,0,0,0,0,0,0,0,0,1,1,1,1,1,1,1,1
2026-07-03T19:37:44.711,tof2,4x4,lying,2991,3262,3336,3296,2115,1744,-1,2757,1508,1522,-1,-1,1089,916,917,1032,1,1,1,1,1,1,0,1,1,1,0,0,1,1,1,1
2026-07-03T19:37:44.852,tof1,4x4,lying,-1,-1,-1,-1,301,-1,-1,-1,251,263,265,-1,233,243,250,250,0,0,0,0,1,0,0,0,1,1,1,0,1,1,1,1
2026-07-03T19:37:44.871,tof2,4x4,lying,2997,3260,-1,3303,2115,-1,1335,2752,1508,1529,-1,-1,-1,916,917,1029,1,1,1,1,1,0,1,1,1,1,0,0,1,1,1,1
2026-07-03T19:37:45.007,tof1,4x4,lying,-1,-1,-1,-1,-1,286,-1,-1,251,263,265,1928,234,244,250,250,0,0,0,0,0,1,0,0,1,1,1,1,1,1,1,1
2026-07-03T19:37:45.025,tof2,4x4,lying,2991,3259,-1,3303,2127,-1,1335,2757,1486,-1,-1,-1,1089,916,915,1029,1,1,0,1,1,0,1,1,1,1,1,0,1,1,1,1
2026-07-03T19:37:45.174,tof1,4x4,lying,-1,-1,-1,-1,-1,321,334,-1,269,263,265,822,256,249,250,250,0,0,0,0,0,1,1,0,1,1,1,1,1,1,1,1
2026-07-03T19:37:45.193,tof2,4x4,lying,2997,3251,-1,3308,2107,1762,1340,2759,1464,-1,1190,-1,-1,919,908,1029,1,1,0,1,1,1,1,1,1,1,1,0,1,1,1,1
2026-07-03T19:37:45.369,tof1,4x4,lying,-1,-1,-1,-1,-1,-1,-1,-1,337,313,300,421,295,271,271,284,0,0,0,0,0,0,0,0,1,1,1,1,1,1,1,1
2026-07-03T19:37:45.386,tof2,4x4,lying,-1,3244,-1,3308,-1,-1,1386,2759,1464,1539,-1,-1,1091,936,900,1036,1,1,0,1,0,0,1,1,1,1,1,1,1,1,1,1
2026-07-03T19:37:45.524,tof1,4x4,lying,-1,-1,-1,-1,-1,-1,-1,-1,397,416,397,421,349,280,276,346,0,0,0,0,0,0,0,0,1,1,1,1,1,1,1,1
2026-07-03T19:37:45.584,tof2,4x4,lying,2997,3244,3336,3308,-1,-1,1386,2782,1464,-1,-1,-1,1089,937,899,1047,1,1,1,1,0,0,1,1,1,1,0,0,1,1,1,1
2026-07-03T19:37:45.680,tof1,4x4,lying,-1,-1,-1,-1,-1,-1,-1,-1,397,435,454,421,352,289,283,346,0,0,0,0,0,0,0,0,1,1,1,1,1,1,1,1
2026-07-03T19:37:45.749,tof2,4x4,lying,3006,3244,-1,3308,2105,-1,1386,2782,1517,1513,-1,-1,1091,946,897,1047,1,1,0,1,1,0,1,1,1,1,0,0,1,1,1,1
2026-07-03T19:37:45.839,tof1,4x4,lying,-1,-1,-1,-1,-1,-1,399,-1,397,435,478,476,365,309,283,346,0,0,0,0,0,0,1,0,1,1,1,1,1,1,1,1
2026-07-03T19:37:45.915,tof2,4x4,lying,3006,3252,-1,3308,2091,-1,1386,2782,1517,1477,1190,-1,1071,937,895,1053,1,1,0,1,1,0,1,1,1,1,1,0,1,1,1,1
2026-07-03T19:37:46.071,tof1,4x4,lying,-1,-1,-1,-1,-1,323,-1,-1,394,435,478,501,368,323,276,298,0,0,0,0,0,1,0,0,1,1,1,1,1,1,1,1
2026-07-03T19:37:46.081,tof2,4x4,lying,3006,3262,-1,3283,-1,-1,1412,2765,1525,1292,-1,-1,1071,937,895,1050,1,1,0,1,0,0,1,1,1,1,1,0,1,1,1,1
2026-07-03T19:37:46.222,tof1,4x4,lying,-1,-1,-1,-1,-1,412,433,-1,389,427,478,501,368,347,276,279,0,0,0,0,0,1,1,0,1,1,1,1,1,1,1,1
2026-07-03T19:37:46.259,tof2,4x4,lying,3006,3262,-1,3282,-1,1762,1412,2751,-1,1229,1259,-1,957,924,897,1056,1,1,0,1,0,1,1,1,1,1,1,0,1,1,1,1
2026-07-03T19:37:46.388,tof1,4x4,lying,-1,-1,-1,-1,-1,412,433,-1,-1,406,457,501,368,357,283,244,0,0,0,0,0,1,1,0,0,1,1,1,1,1,1,1
2026-07-03T19:37:46.416,tof2,4x4,lying,3048,3262,-1,3282,-1,1461,-1,2751,1534,1173,1279,-1,-1,885,1024,1050,1,1,0,1,0,1,1,1,1,1,1,0,1,1,1,1
2026-07-03T19:37:46.570,tof1,4x4,lying,-1,-1,-1,-1,-1,-1,419,-1,-1,394,416,481,-1,358,287,242,0,0,0,0,0,0,1,0,0,1,1,1,1,1,1,1
2026-07-03T19:37:46.589,tof2,4x4,lying,-1,3258,-1,3282,-1,1431,1419,2751,1534,933,1319,-1,-1,814,1082,1050,1,1,0,1,0,1,1,1,1,1,1,1,1,1,1,1
2026-07-03T19:37:46.729,tof1,4x4,lying,-1,-1,-1,-1,-1,-1,419,327,-1,394,404,465,-1,362,317,242,0,0,0,0,0,0,1,1,0,1,1,1,1,1,1,1
2026-07-03T19:37:46.742,tof2,4x4,lying,3048,3260,-1,3282,-1,1407,-1,2751,1534,-1,-1,-1,898,814,1085,1050,1,1,0,1,0,1,1,1,1,0,1,1,1,1,1,1
2026-07-03T19:37:46.918,tof1,4x4,lying,-1,-1,-1,-1,-1,-1,-1,327,-1,-1,394,394,-1,370,349,242,0,0,0,0,0,0,0,1,0,0,1,1,0,1,1,1
2026-07-03T19:37:46.943,tof2,4x4,lying,3020,3260,-1,3289,-1,1406,1448,2751,1534,-1,1502,-1,885,-1,1085,1051,1,1,0,1,0,1,1,1,1,0,1,0,1,1,1,1
2026-07-03T19:37:47.186,tof1,4x4,lying,-1,-1,-1,-1,-1,-1,-1,406,-1,-1,394,392,-1,377,350,270,0,0,0,0,0,0,0,1,0,0,1,1,1,1,1,1
2026-07-03T19:37:47.193,tof2,4x4,lying,3020,3260,-1,3290,1547,1402,-1,2774,1534,-1,1532,-1,810,814,1096,1049,1,1,0,1,1,1,1,1,1,0,1,0,1,1,1,1
2026-07-03T19:37:47.357,tof1,4x4,lying,-1,-1,-1,-1,-1,-1,-1,-1,-1,-1,394,392,368,-1,354,329,0,0,0,0,0,0,0,0,0,0,1,1,1,1,1,1
2026-07-03T19:37:47.402,tof2,4x4,lying,3011,3258,-1,3293,1536,1402,2092,2774,923,-1,1539,-1,810,816,1098,1042,1,1,1,1,1,1,1,1,1,0,1,0,1,1,1,1
2026-07-03T19:37:47.519,tof1,4x4,lying,-1,-1,-1,-1,-1,-1,-1,-1,-1,-1,401,388,-1,-1,361,336,0,0,0,0,0,0,0,0,0,0,1,1,0,1,1,1
2026-07-03T19:37:47.558,tof2,4x4,lying,3011,3260,3338,3306,1523,1396,2120,2773,923,-1,1532,-1,809,-1,1096,1051,1,1,1,1,1,1,1,1,1,0,1,1,1,1,1,1
2026-07-03T19:37:47.676,tof1,4x4,lying,-1,-1,-1,-1,-1,-1,-1,-1,-1,-1,418,377,368,419,365,336,0,0,0,0,0,0,0,0,0,0,1,1,1,1,1,1
2026-07-03T19:37:47.736,tof2,4x4,lying,2983,3259,-1,3317,1521,1380,-1,2773,923,-1,1510,-1,809,868,1098,1051,1,1,0,1,1,1,1,1,1,0,1,0,1,1,1,1
2026-07-03T19:37:47.846,tof1,4x4,lying,-1,-1,-1,-1,-1,-1,-1,-1,-1,-1,426,374,1099,458,369,336,0,0,0,0,0,0,0,0,0,0,1,1,1,1,1,1
2026-07-03T19:37:47.900,tof2,4x4,lying,-1,3259,-1,-1,-1,1396,2178,2773,932,-1,1510,-1,809,991,1099,1055,1,1,1,1,1,1,1,1,1,0,1,0,1,1,1,1
2026-07-03T19:37:48.017,tof1,4x4,lying,-1,-1,-1,-1,-1,-1,-1,-1,-1,394,429,366,1105,1061,370,334,1,0,0,0,0,0,0,0,0,1,1,1,1,1,1,1
2026-07-03T19:37:48.063,tof2,4x4,lying,3011,3262,-1,3317,-1,-1,2124,2765,937,-1,1491,-1,811,1023,1098,1055,1,1,0,1,1,1,1,1,1,0,1,1,1,1,1,1
2026-07-03T19:37:48.184,tof1,4x4,lying,-1,-1,-1,-1,-1,-1,-1,-1,-1,-1,431,364,-1,-1,370,330,0,0,0,0,0,0,0,0,0,0,1,1,0,1,1,1
2026-07-03T19:37:48.239,tof2,4x4,lying,3023,3262,-1,3317,1513,1389,2156,2765,948,-1,1491,1329,811,1026,1096,1055,1,1,0,1,1,1,1,1,1,0,1,1,1,1,1,1
2026-07-03T19:37:48.353,tof1,4x4,lying,-1,-1,-1,-1,-1,-1,-1,-1,-1,-1,431,364,-1,-1,370,329,0,0,0,0,0,0,0,0,0,0,1,1,1,1,1,1
2026-07-03T19:37:48.432,tof2,4x4,lying,3023,3262,-1,3313,1493,1389,2156,2765,1615,-1,1491,-1,828,1029,1099,1056,1,1,0,1,1,1,1,1,1,0,1,0,1,1,1,1
2026-07-03T19:37:48.537,tof1,4x4,lying,-1,-1,-1,-1,-1,-1,-1,-1,-1,-1,431,361,-1,1090,369,327,0,0,0,0,0,0,0,0,0,0,1,1,0,1,1,1
2026-07-03T19:37:48.688,tof1,4x4,lying,-1,-1,-1,-1,-1,-1,-1,-1,-1,-1,431,361,1123,1122,369,325,0,0,0,0,0,0,0,0,0,0,1,1,1,1,1,1
2026-07-03T19:37:48.743,tof2,4x4,lying,3016,3262,-1,3313,1476,-1,2155,2795,1630,-1,1491,-1,830,1029,1102,1056,1,1,0,1,1,1,1,1,1,0,1,1,1,1,1,1
2026-07-03T19:37:48.851,tof1,4x4,lying,-1,-1,-1,-1,-1,-1,-1,-1,-1,-1,-1,360,-1,1133,368,325,0,0,0,0,0,0,0,0,0,0,0,1,1,1,1,1
2026-07-03T19:37:48.922,tof2,4x4,lying,3016,3263,-1,3307,1493,1389,2124,2765,1633,-1,-1,-1,830,1032,1096,1057,1,1,0,1,1,1,1,1,1,0,1,0,1,1,1,1
2026-07-03T19:37:49.046,tof1,4x4,lying,-1,-1,-1,-1,-1,-1,-1,-1,-1,-1,-1,357,1123,1133,368,325,0,0,0,0,0,0,0,0,0,0,0,1,1,1,1,1
2026-07-03T19:37:49.095,tof2,4x4,lying,-1,3262,-1,3307,-1,1389,2086,2765,-1,-1,1486,-1,828,1032,1096,1058,0,1,0,1,0,1,1,1,0,0,1,0,1,1,1,1
2026-07-03T19:37:49.225,tof1,4x4,lying,-1,-1,-1,-1,-1,-1,-1,-1,-1,-1,-1,357,-1,1181,368,324,0,1,0,0,0,0,0,0,0,0,0,1,0,1,1,1
2026-07-03T19:37:49.276,tof2,4x4,lying,3016,3251,-1,3305,1493,1358,-1,2777,1633,-1,-1,1329,827,1032,1096,1058,1,1,1,1,1,1,1,1,1,0,1,1,1,1,1,1
2026-07-03T19:37:49.396,tof1,4x4,lying,-1,-1,-1,-1,-1,-1,-1,-1,-1,-1,-1,357,-1,1133,369,324,0,0,0,0,0,0,0,0,0,0,0,1,1,1,1,1
2026-07-03T19:37:49.432,tof2,4x4,lying,3016,3251,-1,3306,1510,1358,2086,2765,1633,-1,1505,-1,816,1030,1096,1057,1,1,0,1,1,1,1,1,1,0,1,1,1,1,1,1
2026-07-03T19:37:49.584,tof1,4x4,lying,-1,-1,-1,-1,-1,-1,-1,-1,-1,-1,-1,358,1099,1181,370,324,1,0,0,0,0,0,0,0,0,1,0,1,1,1,1,1
2026-07-03T19:37:49.598,tof2,4x4,lying,-1,3253,-1,3306,1525,1355,-1,-1,1633,-1,1503,1329,813,1030,1094,1056,1,1,0,1,1,1,1,1,1,1,1,1,1,1,1,1
2026-07-03T19:37:49.767,tof1,4x4,lying,-1,-1,-1,-1,-1,-1,-1,-1,-1,-1,431,358,1085,1116,370,325,0,0,0,0,0,0,0,0,0,0,1,1,1,1,1,1
2026-07-03T19:37:49.786,tof2,4x4,lying,3016,3253,3338,3306,-1,1358,-1,2765,1677,-1,1503,-1,-1,1022,1089,1050,1,1,1,1,1,1,1,1,1,0,1,0,1,1,1,1
2026-07-03T19:37:49.961,tof1,4x4,lying,-1,-1,-1,-1,-1,-1,-1,-1,-1,-1,432,360,1085,1072,370,326,0,0,0,0,0,0,0,0,0,0,1,1,1,1,1,1
2026-07-03T19:37:49.980,tof2,4x4,lying,3014,3256,-1,3306,1532,1358,-1,2765,1677,-1,1544,-1,799,1008,1096,1050,1,1,0,1,1,1,1,1,1,0,1,0,1,1,1,1
2026-07-03T19:37:50.566,tof1,4x4,lying,-1,-1,-1,-1,-1,-1,-1,-1,-1,404,438,363,-1,529,370,328,0,0,0,0,0,0,0,0,0,1,1,1,0,1,1,1
2026-07-03T19:37:50.584,tof2,4x4,lying,3006,3262,-1,3306,-1,-1,-1,2777,1677,-1,-1,1371,789,1005,1098,1051,1,1,0,1,1,0,1,1,1,0,1,1,1,1,1,1
2026-07-03T19:37:50.723,tof1,4x4,lying,-1,-1,-1,-1,-1,-1,-1,-1,-1,-1,438,364,-1,529,370,330,0,0,0,0,0,0,0,0,0,1,1,1,1,1,1,1
2026-07-03T19:37:50.736,tof2,4x4,lying,3006,3262,-1,3310,1532,1431,2136,2765,1677,-1,1544,-1,789,1004,1098,1051,1,1,0,1,1,1,1,1,1,0,1,0,1,1,1,1
2026-07-03T19:37:50.892,tof1,4x4,lying,-1,-1,-1,-1,-1,-1,-1,-1,-1,-1,439,365,-1,529,373,330,0,0,0,0,0,0,0,0,0,0,1,1,1,1,1,1
2026-07-03T19:37:51.002,tof2,4x4,lying,2972,3261,-1,3313,1532,1349,2136,2767,1629,-1,-1,-1,789,998,-1,1051,1,1,0,1,1,1,1,1,1,1,1,0,1,1,1,1
2026-07-03T19:37:51.054,tof1,4x4,lying,-1,-1,-1,-1,-1,-1,-1,-1,-1,-1,441,367,1075,529,374,335,0,0,0,0,0,0,0,0,0,1,1,1,1,1,1,1
2026-07-03T19:37:51.176,tof2,4x4,lying,3006,3261,-1,3319,1546,1367,2154,2781,-1,-1,1503,-1,904,-1,-1,1056,1,1,0,1,1,1,1,1,1,0,1,1,1,1,1,1
2026-07-03T19:37:51.240,tof1,4x4,lying,-1,-1,-1,-1,-1,-1,-1,-1,-1,-1,-1,368,1074,-1,375,335,1,0,0,0,0,0,0,0,0,1,0,1,1,1,1,1
2026-07-03T19:37:51.368,tof2,4x4,lying,3006,3266,-1,3313,1546,-1,2154,2770,1585,-1,1497,1386,1097,-1,1098,1056,1,1,0,1,1,0,1,1,1,0,1,1,1,1,1,1
2026-07-03T19:37:51.437,tof1,4x4,lying,-1,-1,-1,-1,-1,-1,-1,-1,-1,-1,-1,368,1075,-1,377,335,0,0,0,0,0,0,0,0,0,0,0,1,1,1,1,1
2026-07-03T19:37:51.543,tof2,4x4,lying,3002,3261,3332,3322,1489,-1,2158,2767,1581,-1,-1,-1,1097,925,-1,1053,1,1,1,1,1,1,1,1,1,0,1,0,1,1,1,1
2026-07-03T19:37:51.627,tof1,4x4,lying,-1,-1,-1,-1,-1,-1,-1,-1,-1,-1,-1,369,-1,-1,377,335,0,0,0,0,0,0,0,0,0,0,0,1,0,1,1,1
2026-07-03T19:37:51.733,tof2,4x4,lying,-1,3266,-1,3322,1518,1367,-1,2767,1581,-1,1497,1386,1097,-1,1098,1052,0,1,0,1,1,1,0,1,1,0,1,1,1,1,1,1
2026-07-03T19:37:51.811,tof1,4x4,lying,-1,-1,-1,-1,-1,-1,-1,-1,-1,-1,441,370,1089,529,378,335,1,0,0,0,0,0,0,0,0,1,1,1,1,1,1,1
2026-07-03T19:37:51.916,tof2,4x4,lying,3002,3266,-1,3322,1489,1431,2158,2768,1585,-1,1497,-1,1097,-1,1098,1053,1,1,0,1,1,1,1,1,1,0,1,1,1,1,1,1
2026-07-03T19:37:51.998,tof1,4x4,lying,-1,-1,-1,-1,-1,-1,-1,-1,-1,-1,441,371,-1,-1,379,335,0,0,0,0,0,0,0,0,0,0,1,1,1,1,1,1
2026-07-03T19:37:52.069,tof2,4x4,lying,3002,3266,-1,3321,1489,-1,2153,2768,1581,-1,1509,-1,1076,-1,1098,1053,1,1,1,1,1,0,1,1,1,0,1,1,1,1,1,1
2026-07-03T19:37:52.241,tof2,4x4,lying,3002,3267,-1,3321,1486,1428,2153,2767,1621,-1,-1,-1,873,-1,1097,1052,1,1,0,1,1,1,1,1,1,0,1,0,1,1,1,1
2026-07-03T19:37:52.419,tof2,4x4,lying,3006,3267,-1,3318,1493,1428,2170,2759,1621,-1,1509,-1,1076,-1,1097,1051,1,1,1,1,1,1,1,1,1,0,1,0,1,1,1,1
2026-07-03T19:37:52.579,tof2,4x4,lying,-1,3265,3332,3285,1493,1428,2177,2768,1621,-1,1532,-1,1086,-1,1096,1051,1,1,1,1,1,1,1,1,1,0,1,0,1,1,1,1
2026-07-03T19:37:52.678,tof1,4x4,lying,-1,-1,-1,-1,-1,-1,-1,-1,-1,-1,-1,370,1089,-1,379,335,1,0,0,0,0,0,0,0,0,0,0,1,1,1,1,1
2026-07-03T19:37:52.793,tof2,4x4,lying,3006,3268,-1,3278,1516,1415,2177,2788,1619,-1,1509,-1,1086,-1,1094,1051,1,1,0,1,1,1,1,1,1,1,1,0,1,1,1,1
2026-07-03T19:37:52.853,tof1,4x4,lying,-1,-1,-1,-1,-1,-1,-1,-1,-1,585,442,370,1109,-1,379,335,0,0,0,0,0,0,0,0,0,1,1,1,1,1,1,1
2026-07-03T19:37:52.970,tof2,4x4,lying,-1,3265,3332,3285,1516,-1,-1,2772,1619,-1,1509,-1,1086,-1,1094,1051,0,1,1,1,1,1,1,1,1,0,1,0,1,1,1,1
2026-07-03T19:37:53.046,tof1,4x4,lying,-1,-1,-1,-1,-1,-1,-1,-1,-1,669,-1,370,-1,529,379,335,0,0,0,0,0,0,0,0,0,1,0,1,0,1,1,1
2026-07-03T19:37:53.147,tof2,4x4,lying,3006,3263,-1,3286,1516,1409,2177,2772,1619,-1,-1,-1,1086,-1,1096,1051,1,1,0,1,1,1,1,1,1,0,1,0,1,1,1,1
2026-07-03T19:37:53.265,tof1,4x4,lying,-1,-1,-1,-1,-1,-1,-1,-1,-1,669,-1,370,1109,529,379,335,0,0,0,0,0,0,0,0,0,1,0,1,1,1,1,1
2026-07-03T19:37:53.470,tof2,4x4,lying,3006,3263,-1,3286,1518,1400,2177,2775,1621,-1,1517,-1,1086,925,1096,1051,1,1,0,1,1,1,1,1,1,1,1,0,1,1,1,1
2026-07-03T19:37:53.688,tof2,4x4,lying,2987,3250,-1,3307,-1,1409,2143,2772,1617,-1,1534,-1,1098,-1,1091,1052,1,1,1,1,1,1,1,1,1,0,1,0,1,1,1,1
2026-07-03T19:37:53.837,tof1,4x4,lying,-1,-1,-1,-1,-1,-1,-1,-1,-1,669,-1,370,1122,527,379,336,0,0,0,0,0,0,0,0,0,1,0,1,1,1,1,1
2026-07-03T19:37:53.971,tof2,4x4,lying,2987,3250,-1,3309,1523,1415,-1,2772,-1,-1,-1,-1,1098,925,1100,1051,1,1,0,1,1,1,0,1,1,0,1,0,1,1,1,1
2026-07-03T19:37:54.110,tof1,4x4,lying,-1,-1,-1,-1,-1,-1,-1,-1,-1,-1,-1,371,-1,-1,379,336,0,0,0,0,0,0,0,0,0,0,0,1,0,1,1,1
2026-07-03T19:37:54.227,tof2,4x4,lying,-1,3249,3332,3310,1502,1409,2143,2768,1617,-1,1534,-1,1098,-1,1099,1056,1,1,1,1,1,1,1,1,1,0,1,0,1,1,1,1
2026-07-03T19:37:54.709,tof1,4x4,lying,-1,-1,-1,-1,-1,-1,-1,-1,-1,667,-1,371,1122,-1,378,336,0,0,0,0,0,0,0,0,0,1,0,1,1,1,1,1
2026-07-03T19:37:54.861,tof2,4x4,lying,2976,3247,-1,3309,1523,1427,2145,2768,1621,-1,1534,-1,1098,-1,1099,1056,1,1,0,1,1,1,1,1,1,0,1,1,1,1,1,1
2026-07-03T19:37:55.026,tof1,4x4,lying,-1,-1,-1,-1,-1,-1,-1,-1,-1,667,-1,371,-1,-1,378,336,0,0,0,0,0,0,1,0,0,1,0,1,0,1,1,1
2026-07-03T19:37:55.251,tof1,4x4,lying,-1,-1,-1,-1,-1,-1,-1,-1,-1,-1,-1,372,1092,-1,378,337,0,0,0,0,0,0,0,0,0,0,0,1,1,1,1,1
2026-07-03T19:37:55.258,tof2,4x4,lying,-1,3247,-1,3309,1523,-1,-1,2768,1617,-1,-1,-1,1097,-1,-1,1052,1,1,0,1,1,0,1,1,1,1,1,0,1,1,1,1
2026-07-03T19:37:55.495,tof1,4x4,lying,-1,-1,-1,-1,-1,-1,-1,-1,-1,658,-1,372,1087,-1,379,336,0,0,0,0,0,0,0,0,0,1,0,1,1,1,1,1
2026-07-03T19:37:55.606,tof2,4x4,lying,2976,3250,-1,3308,-1,-1,2145,2771,1598,-1,1534,-1,1097,925,1101,1052,1,1,1,1,0,0,1,1,1,0,1,1,1,1,1,1
2026-07-03T19:37:55.815,tof1,4x4,lying,-1,-1,-1,-1,-1,-1,-1,-1,-1,-1,-1,372,-1,-1,379,337,0,0,0,0,0,0,0,0,0,1,0,1,0,1,1,1
2026-07-03T19:37:55.838,tof2,4x4,lying,2976,3250,-1,3308,1523,-1,2136,2771,1581,-1,-1,-1,1071,-1,1101,1052,1,1,0,1,1,1,1,1,1,1,1,0,1,1,1,1
2026-07-03T19:37:56.051,tof1,4x4,lying,-1,-1,-1,-1,-1,-1,-1,-1,-1,-1,-1,372,-1,-1,380,337,0,0,0,0,0,0,0,0,0,0,0,1,1,1,1,1
2026-07-03T19:37:56.105,tof2,4x4,lying,3003,3262,-1,3294,-1,-1,-1,2777,-1,-1,-1,-1,-1,-1,1099,1052,1,1,0,1,0,0,1,1,1,0,1,1,1,1,1,1
2026-07-03T19:37:56.216,tof1,4x4,lying,-1,-1,-1,-1,-1,-1,-1,-1,-1,658,-1,372,-1,-1,381,337,0,0,0,0,0,0,0,0,0,1,0,1,0,1,1,1
2026-07-03T19:37:56.273,tof2,4x4,lying,3003,3262,-1,3294,-1,-1,-1,2780,1598,-1,-1,-1,858,930,1099,1055,1,1,0,1,1,1,0,1,1,0,1,1,1,1,1,1
2026-07-03T19:37:56.375,tof1,4x4,lying,-1,-1,-1,-1,-1,-1,-1,-1,-1,-1,-1,372,1087,-1,381,336,0,0,0,0,0,0,0,0,0,0,0,1,1,1,1,1
2026-07-03T19:37:56.439,tof2,4x4,lying,3025,3270,-1,3294,1496,-1,2145,2780,-1,-1,1538,-1,-1,930,1096,1055,1,1,1,1,1,0,1,1,1,0,1,1,1,1,1,1
2026-07-03T19:37:56.541,tof1,4x4,lying,-1,-1,-1,-1,-1,-1,-1,-1,-1,-1,-1,372,1073,529,381,336,0,0,0,0,0,0,0,0,0,1,0,1,1,1,1,1
2026-07-03T19:37:56.742,tof1,4x4,lying,-1,-1,-1,-1,-1,-1,-1,-1,-1,-1,-1,371,-1,540,381,336,0,0,0,0,0,0,1,0,0,0,0,1,1,1,1,1
2026-07-03T19:37:56.746,tof2,4x4,lying,3025,3270,-1,3296,1496,-1,2145,2796,1598,-1,1599,-1,1089,-1,1094,1053,1,1,0,1,1,1,1,1,1,0,1,0,1,1,1,1
2026-07-03T19:37:56.903,tof1,4x4,lying,-1,-1,-1,-1,-1,-1,-1,-1,-1,-1,-1,370,-1,-1,381,336,0,0,0,0,0,0,0,0,0,0,0,1,0,1,1,1
2026-07-03T19:37:56.984,tof2,4x4,lying,3025,3261,-1,3296,1496,-1,2136,2803,1598,-1,1538,-1,1089,930,1087,1053,1,1,0,1,1,0,1,1,1,0,1,0,1,1,1,1
2026-07-03T19:37:57.064,tof1,4x4,lying,-1,-1,-1,-1,-1,-1,-1,-1,-1,-1,-1,370,-1,540,381,336,0,0,0,0,0,0,0,0,0,0,0,1,0,1,1,1
2026-07-03T19:37:57.149,tof2,4x4,lying,3025,3260,-1,3300,-1,-1,-1,2803,1598,-1,-1,-1,1089,928,1087,1051,1,1,0,1,1,0,0,1,1,0,1,0,1,1,1,1
2026-07-03T19:37:57.248,tof1,4x4,lying,-1,-1,-1,-1,-1,-1,-1,-1,-1,-1,-1,370,-1,-1,381,337,0,0,0,0,0,0,0,0,0,0,0,1,1,1,1,1
2026-07-03T19:37:57.308,tof2,4x4,lying,3025,3261,3306,3296,-1,1427,-1,2796,1618,-1,-1,-1,1089,930,1092,1050,1,1,1,1,0,1,1,1,1,0,1,0,1,1,1,1
2026-07-03T19:37:57.408,tof1,4x4,lying,-1,-1,-1,-1,-1,-1,-1,-1,-1,-1,445,370,1073,-1,380,337,0,0,0,0,0,0,1,0,0,0,1,1,1,1,1,1
2026-07-03T19:37:57.515,tof2,4x4,lying,3027,3261,-1,3301,1537,-1,2136,2794,-1,-1,1538,-1,1089,-1,1087,1050,1,1,0,1,1,0,1,1,1,0,1,0,1,1,1,1
2026-07-03T19:37:57.578,tof1,4x4,lying,-1,-1,-1,-1,-1,-1,-1,-1,-1,658,-1,370,-1,537,380,338,0,0,0,0,0,0,1,0,0,1,0,1,1,1,1,1
2026-07-03T19:37:57.679,tof2,4x4,lying,3027,3262,-1,3301,-1,-1,2091,2780,1618,-1,-1,1386,819,-1,1092,1051,1,1,0,1,1,0,1,1,1,0,1,1,1,1,1,1
2026-07-03T19:37:57.753,tof1,4x4,lying,-1,-1,-1,-1,-1,-1,-1,-1,-1,-1,-1,370,1057,-1,378,338,0,0,0,0,0,0,0,0,0,0,0,1,1,1,1,1
2026-07-03T19:37:57.855,tof2,4x4,lying,3006,3262,-1,3305,1496,-1,-1,2771,1613,-1,1538,-1,799,939,1096,1051,1,1,0,1,1,1,0,1,1,0,1,0,1,1,1,1
2026-07-03T19:37:57.912,tof1,4x4,lying,-1,-1,-1,-1,-1,-1,-1,-1,-1,-1,-1,370,-1,-1,376,338,0,0,0,0,0,0,0,0,0,1,0,1,1,1,1,1
2026-07-03T19:37:58.013,tof2,4x4,lying,2914,3262,-1,3308,1508,-1,2091,2757,1613,-1,1555,-1,798,-1,-1,1056,1,1,0,1,1,0,1,1,1,0,1,0,1,1,1,1
2026-07-03T19:37:58.108,tof1,4x4,lying,-1,-1,-1,-1,-1,-1,-1,-1,-1,627,-1,370,-1,-1,376,338,0,0,0,0,0,0,0,0,0,1,0,1,0,1,1,1
2026-07-03T19:37:58.196,tof2,4x4,lying,2965,3258,-1,3308,1537,1394,2091,2771,1620,-1,1555,-1,798,955,1096,1058,1,1,0,1,1,1,1,1,1,1,1,1,1,1,1,1
2026-07-03T19:37:58.293,tof1,4x4,lying,-1,-1,-1,-1,-1,-1,-1,-1,-1,627,-1,371,-1,537,376,338,0,0,0,0,0,0,0,0,0,1,0,1,0,1,1,1
2026-07-03T19:37:58.358,tof2,4x4,lying,2924,3258,3308,3308,1537,1384,2069,2757,1624,-1,1555,-1,796,971,1096,1058,1,1,1,1,1,1,1,1,1,0,1,0,1,1,1,1
2026-07-03T19:37:58.490,tof1,4x4,lying,-1,-1,-1,-1,-1,-1,-1,-1,-1,627,-1,372,-1,-1,376,338,0,0,0,0,0,0,0,0,0,1,0,1,0,1,1,1
2026-07-03T19:37:58.559,tof2,4x4,lying,-1,3258,-1,3308,1527,1384,2125,2747,1624,-1,1555,1335,787,-1,1098,1051,0,1,0,1,1,1,1,1,1,0,1,1,1,1,1,1
2026-07-03T19:37:58.674,tof1,4x4,lying,-1,-1,-1,-1,-1,-1,-1,-1,-1,-1,-1,372,1057,-1,376,338,0,0,0,0,0,0,0,0,0,0,0,1,1,1,1,1
2026-07-03T19:37:58.721,tof2,4x4,lying,2924,3258,-1,3305,-1,1384,2125,2757,1624,-1,1491,-1,787,971,1098,1053,1,1,0,1,1,1,1,1,1,0,1,1,1,1,1,1
2026-07-03T19:37:58.891,tof1,4x4,lying,-1,-1,-1,-1,-1,-1,-1,-1,-1,-1,-1,372,1057,537,377,338,0,0,0,0,0,0,0,0,0,0,0,1,1,1,1,1
2026-07-03T19:37:58.898,tof2,4x4,lying,2957,3258,-1,3301,1527,1384,-1,2762,1610,-1,-1,-1,790,971,1098,1052,1,1,1,1,1,1,0,1,1,0,1,0,1,1,1,1
2026-07-03T19:37:59.119,tof1,4x4,lying,-1,-1,-1,-1,-1,-1,-1,-1,-1,-1,-1,371,1057,-1,380,338,0,0,0,0,0,0,0,0,0,1,0,1,1,1,1,1
2026-07-03T19:37:59.219,tof2,4x4,lying,2965,3258,3308,3301,1527,1386,2125,2762,1610,-1,1491,-1,796,-1,-1,1047,1,1,1,1,1,1,1,1,1,0,1,1,1,1,1,1
2026-07-03T19:37:59.345,tof1,4x4,lying,-1,-1,-1,-1,-1,-1,-1,-1,-1,-1,448,371,-1,-1,382,338,0,0,0,0,0,0,0,0,0,1,1,1,0,1,1,1
2026-07-03T19:37:59.437,tof2,4x4,lying,2957,3258,-1,3301,1527,1386,2125,2762,1610,-1,-1,-1,801,965,1098,1047,1,1,1,1,1,1,1,1,1,0,1,0,1,1,1,1
2026-07-03T19:37:59.523,tof1,4x4,lying,-1,-1,-1,-1,-1,-1,-1,-1,-1,616,-1,371,-1,534,382,338,0,0,0,0,0,0,0,0,0,1,0,1,0,1,1,1
2026-07-03T19:37:59.598,tof2,4x4,lying,2977,3258,-1,3301,-1,1386,2125,2771,1624,-1,1474,-1,805,954,1098,1052,1,1,0,1,0,1,1,1,1,0,1,0,1,1,1,1
2026-07-03T19:37:59.692,tof1,4x4,lying,-1,-1,-1,-1,-1,-1,-1,-1,-1,-1,-1,371,1080,536,382,338,0,0,0,0,0,0,0,0,0,1,0,1,1,1,1,1
2026-07-03T19:37:59.759,tof2,4x4,lying,2980,3258,-1,3302,1518,1407,2125,2772,1624,-1,-1,-1,819,853,1096,1052,1,1,0,1,1,1,1,1,1,0,1,1,1,1,1,1
2026-07-03T19:37:59.848,tof1,4x4,lying,-1,-1,-1,-1,-1,-1,-1,-1,-1,-1,-1,371,1080,-1,382,336,0,0,0,0,0,0,0,0,0,0,0,1,1,1,1,1
2026-07-03T19:37:59.944,tof2,4x4,lying,-1,3266,3308,3307,1504,1386,2135,2772,-1,-1,1463,-1,819,845,1100,1047,1,1,1,1,1,1,1,1,1,1,1,1,1,1,1,1
2026-07-03T19:38:00.041,tof1,4x4,lying,-1,-1,-1,-1,-1,-1,-1,-1,-1,-1,-1,371,1120,536,382,336,0,0,0,0,0,0,0,0,0,0,0,1,1,1,1,1
2026-07-03T19:38:00.130,tof2,4x4,lying,3015,3254,-1,3307,1504,1446,-1,2770,1624,-1,1491,-1,827,844,1094,1052,1,1,1,1,1,1,0,1,1,0,1,1,1,1,1,1
2026-07-03T19:38:00.251,tof1,4x4,lying,-1,-1,-1,-1,-1,-1,-1,-1,-1,-1,-1,372,1081,546,382,336,1,0,0,0,0,0,0,0,0,1,0,1,1,1,1,1
2026-07-03T19:38:00.334,tof2,4x4,lying,-1,3252,3306,3310,1537,1454,2135,2772,1635,-1,1491,-1,859,845,1094,1053,1,1,1,1,1,1,1,1,1,0,1,1,1,1,1,1
2026-07-03T19:38:00.442,tof1,4x4,lying,-1,-1,-1,-1,-1,-1,-1,-1,-1,653,-1,372,-1,-1,382,338,0,0,0,0,0,0,0,0,0,1,0,1,0,1,1,1
2026-07-03T19:38:00.518,tof2,4x4,lying,2980,3252,-1,3313,1524,1454,-1,2772,1598,-1,1463,-1,1106,844,1094,1052,1,1,0,1,1,1,0,1,1,0,1,0,1,1,1,1
2026-07-03T19:38:00.611,tof1,4x4,lying,-1,-1,-1,-1,-1,-1,-1,-1,-1,653,-1,372,-1,-1,382,338,0,0,0,0,0,0,0,0,0,1,0,1,0,1,1,1
2026-07-03T19:38:00.714,tof2,4x4,lying,2980,3252,-1,3315,1524,1359,2135,2774,-1,-1,1478,-1,1106,840,1097,1049,1,1,1,1,1,1,1,1,1,0,1,0,1,1,1,1
2026-07-03T19:38:00.771,tof1,4x4,lying,-1,-1,-1,-1,-1,-1,-1,-1,-1,-1,-1,372,-1,-1,382,338,0,0,0,0,0,0,0,0,0,1,0,1,0,1,1,1
2026-07-03T19:38:00.862,tof2,4x4,lying,2981,3252,-1,3313,1524,1414,2135,2781,1598,-1,1505,-1,880,840,1094,1052,1,1,1,1,1,1,1,1,1,0,1,1,1,1,1,1
2026-07-03T19:38:00.933,tof1,4x4,lying,-1,-1,-1,-1,-1,-1,-1,-1,-1,653,-1,372,1080,-1,382,338,0,0,0,0,0,0,0,0,0,1,0,1,1,1,1,1
2026-07-03T19:38:01.099,tof1,4x4,lying,-1,-1,-1,-1,-1,-1,-1,-1,-1,523,450,370,-1,-1,380,338,0,0,0,0,0,0,0,0,0,1,1,1,0,1,1,1
2026-07-03T19:38:01.267,tof1,4x4,lying,-1,-1,-1,-1,-1,-1,-1,-1,-1,-1,-1,370,-1,-1,380,338,0,0,0,0,0,0,0,0,0,0,0,1,1,1,1,1
2026-07-03T19:38:01.450,tof1,4x4,lying,-1,-1,-1,-1,-1,-1,-1,-1,-1,-1,-1,370,-1,546,380,338,0,0,0,0,0,0,0,0,0,0,0,1,0,1,1,1
2026-07-03T19:38:01.610,tof1,4x4,lying,-1,-1,-1,-1,-1,-1,-1,-1,-1,-1,-1,370,1081,546,380,337,0,0,0,0,0,0,0,0,0,1,0,1,1,1,1,1
2026-07-03T19:38:01.654,tof2,4x4,lying,2981,3265,-1,3315,1485,1376,2134,2781,1598,933,1505,-1,880,849,1092,1052,1,1,0,1,1,1,1,1,1,1,1,0,1,1,1,1
2026-07-03T19:38:01.781,tof1,4x4,lying,-1,-1,-1,-1,-1,-1,-1,-1,-1,667,-1,370,-1,546,380,337,0,0,0,0,0,0,0,0,0,1,0,1,1,1,1,1
2026-07-03T19:38:01.827,tof2,4x4,lying,-1,3268,-1,3317,1485,1376,-1,2778,1633,-1,-1,-1,881,849,1095,1052,1,1,1,1,1,1,0,1,1,0,1,1,1,1,1,1
2026-07-03T19:38:02.007,tof2,4x4,lying,2981,3268,-1,3315,1485,-1,2129,2778,-1,-1,-1,-1,880,849,1095,1052,1,1,0,1,1,1,1,1,1,0,1,0,1,1,1,1
2026-07-03T19:38:02.053,tof1,4x4,lying,-1,-1,-1,-1,-1,-1,-1,-1,-1,-1,-1,370,-1,545,381,338,0,0,0,0,0,0,0,0,0,0,0,1,0,1,1,1
2026-07-03T19:38:02.168,tof2,4x4,lying,3004,3268,3299,3299,1493,-1,2123,2778,1610,-1,-1,-1,881,853,1095,1052,1,1,1,1,1,1,1,1,1,0,1,0,1,1,1,1
2026-07-03T19:38:02.217,tof1,4x4,lying,-1,-1,-1,-1,-1,-1,-1,-1,-1,-1,-1,370,-1,545,381,338,0,0,0,0,0,0,0,0,0,0,0,1,0,1,1,1
2026-07-03T19:38:02.338,tof2,4x4,lying,3004,3268,-1,3295,1549,1414,2123,2773,1633,-1,1478,-1,881,849,1095,1048,1,1,0,1,1,1,1,1,1,0,1,1,1,1,1,1
2026-07-03T19:38:02.402,tof1,4x4,lying,-1,-1,-1,-1,-1,-1,-1,-1,-1,620,-1,370,-1,545,381,338,1,0,0,0,0,0,0,0,0,1,0,1,0,1,1,1
2026-07-03T19:38:02.500,tof2,4x4,lying,3004,3262,-1,3295,1549,1414,2123,2778,1610,-1,1478,-1,869,849,1096,1048,1,1,0,1,1,1,1,1,1,1,1,1,1,1,1,1
2026-07-03T19:38:02.570,tof1,4x4,lying,-1,-1,-1,-1,-1,-1,-1,-1,-1,-1,-1,371,-1,-1,382,338,0,0,0,0,0,0,0,0,0,0,0,1,1,1,1,1
2026-07-03T19:38:02.674,tof2,4x4,lying,3002,3258,-1,3295,1535,1398,2123,2805,1622,-1,1579,-1,859,849,1096,1048,1,1,0,1,1,1,1,1,1,0,1,1,1,1,1,1
2026-07-03T19:38:02.738,tof1,4x4,lying,-1,-1,-1,-1,-1,-1,-1,-1,-1,620,-1,371,-1,545,382,338,0,0,0,0,0,0,0,0,0,1,0,1,1,1,1,1
2026-07-03T19:38:02.866,tof2,4x4,lying,-1,3258,-1,3294,1535,1398,2134,2786,1610,-1,1585,1320,859,849,1096,-1,1,1,0,1,1,1,1,1,1,0,1,1,1,1,1,1
2026-07-03T19:38:02.896,tof1,4x4,lying,-1,-1,-1,-1,-1,-1,-1,-1,-1,-1,-1,372,1087,-1,383,338,0,0,0,0,0,0,0,0,0,0,0,1,1,1,1,1
2026-07-03T19:38:03.023,tof2,4x4,lying,2990,3258,3295,3313,1514,1398,2134,2786,1598,-1,-1,-1,857,849,1097,1047,1,1,1,1,1,1,1,1,1,1,1,1,1,1,1,1
2026-07-03T19:38:03.064,tof1,4x4,lying,-1,-1,-1,-1,-1,-1,-1,-1,-1,620,-1,372,1081,545,382,338,0,0,0,0,0,0,0,0,0,1,0,1,1,1,1,1
2026-07-03T19:38:03.182,tof2,4x4,lying,2990,3255,-1,3313,1511,1398,-1,2786,1598,-1,1585,-1,857,850,1097,1050,1,1,0,1,1,1,1,1,1,0,1,0,1,1,1,1
2026-07-03T19:38:03.216,tof1,4x4,lying,-1,-1,-1,-1,-1,-1,-1,-1,-1,620,-1,372,1053,-1,382,338,0,0,0,0,0,0,0,0,0,1,0,1,1,1,1,1
2026-07-03T19:38:03.395,tof2,4x4,lying,2990,3258,3295,3301,1511,-1,2119,2785,1617,-1,1585,-1,857,850,1095,1056,1,1,1,1,1,1,1,1,1,0,1,0,1,1,1,1
2026-07-03T19:38:03.408,tof1,4x4,lying,-1,-1,-1,-1,-1,-1,-1,-1,-1,-1,-1,372,-1,548,382,338,0,0,0,0,0,0,0,0,0,0,0,1,0,1,1,1
2026-07-03T19:38:03.591,tof2,4x4,lying,2990,3255,-1,3301,-1,1396,2119,2777,1598,-1,1585,1320,857,850,1092,1050,1,1,0,1,0,1,1,1,1,0,1,1,1,1,1,1
2026-07-03T19:38:03.606,tof1,4x4,lying,-1,-1,-1,-1,-1,-1,-1,-1,-1,620,-1,372,-1,549,382,338,0,0,0,0,0,0,0,0,0,1,0,1,0,1,1,1
2026-07-03T19:38:03.757,tof2,4x4,lying,2994,3255,-1,3301,1514,1412,2119,2777,1612,-1,-1,-1,886,850,1092,1050,1,1,0,1,1,1,1,1,1,0,1,0,1,1,1,1
2026-07-03T19:38:03.800,tof1,4x4,lying,-1,-1,-1,-1,-1,-1,-1,-1,-1,-1,-1,372,-1,551,382,337,0,0,0,0,0,0,0,0,0,0,0,1,0,1,1,1
2026-07-03T19:38:03.928,tof2,4x4,lying,-1,3255,3278,3297,1511,1412,2114,2775,1612,-1,1497,-1,886,850,1091,1050,1,1,1,1,1,1,1,1,1,0,1,0,1,1,1,1
2026-07-03T19:38:03.954,tof1,4x4,lying,-1,-1,-1,-1,-1,-1,-1,-1,-1,-1,-1,372,1087,-1,382,338,0,0,0,0,0,0,0,0,0,0,0,1,1,1,1,1
2026-07-03T19:38:04.094,tof2,4x4,lying,2997,3258,-1,3297,-1,1412,2119,2775,-1,-1,1487,-1,886,845,1090,1048,1,1,0,1,1,1,1,1,1,0,1,0,1,1,1,1
2026-07-03T19:38:04.124,tof1,4x4,lying,-1,-1,-1,-1,-1,-1,-1,-1,-1,636,-1,371,-1,551,382,337,0,0,0,0,0,0,0,0,0,1,0,1,0,1,1,1
2026-07-03T19:38:04.266,tof2,4x4,lying,2997,3254,-1,3297,-1,1396,2141,2782,1612,-1,1487,-1,894,853,1092,1048,1,1,1,1,0,1,1,1,1,0,1,1,1,1,1,1
2026-07-03T19:38:04.305,tof1,4x4,lying,-1,-1,-1,-1,-1,-1,-1,-1,-1,637,-1,371,-1,-1,382,338,0,0,0,0,0,0,0,0,0,1,0,1,0,1,1,1
2026-07-03T19:38:04.437,tof2,4x4,lying,2997,3258,-1,3297,1516,1408,-1,2782,1612,-1,1477,-1,894,850,1092,1056,1,1,0,1,1,1,1,1,1,0,1,0,1,1,1,1
2026-07-03T19:38:04.489,tof1,4x4,lying,-1,-1,-1,-1,-1,-1,-1,-1,-1,-1,-1,371,1084,553,382,338,0,0,0,0,0,0,0,0,0,0,0,1,1,1,1,1
2026-07-03T19:38:04.617,tof2,4x4,lying,2997,3254,-1,3308,1516,1402,-1,2777,1612,-1,1463,-1,850,850,1090,1052,1,1,0,1,1,1,0,1,1,1,1,1,1,1,1,1
2026-07-03T19:38:04.677,tof1,4x4,lying,-1,-1,-1,-1,-1,-1,-1,-1,-1,-1,-1,371,-1,553,383,338,0,0,0,0,0,0,0,0,0,0,0,1,0,1,1,1
2026-07-03T19:38:04.797,tof2,4x4,lying,-1,3256,-1,3308,1503,1408,2141,2778,1609,-1,1463,-1,894,850,1095,1052,1,1,0,1,1,1,1,1,1,0,1,0,1,1,1,1
2026-07-03T19:38:04.852,tof1,4x4,lying,-1,-1,-1,-1,-1,-1,-1,-1,-1,-1,-1,371,-1,-1,383,337,0,0,1,0,0,0,0,0,0,0,0,1,0,1,1,1
2026-07-03T19:38:04.977,tof2,4x4,lying,3016,3251,-1,3280,1503,1402,2199,2777,1618,-1,1525,1318,850,856,1100,1056,1,1,0,1,1,1,1,1,1,0,1,1,1,1,1,1
2026-07-03T19:38:05.023,tof1,4x4,lying,-1,-1,-1,-1,-1,-1,-1,-1,-1,-1,-1,371,1067,553,383,337,0,0,0,0,0,0,0,0,0,0,0,1,1,1,1,1
2026-07-03T19:38:05.148,tof2,4x4,lying,2990,3256,-1,3288,1516,1408,2199,2773,-1,-1,1482,-1,850,850,1095,1052,1,1,0,1,1,1,1,1,1,0,1,0,1,1,1,1
2026-07-03T19:38:05.220,tof1,4x4,lying,-1,-1,-1,-1,-1,-1,-1,-1,-1,637,-1,371,-1,-1,383,337,0,0,0,0,0,0,0,0,0,1,0,1,1,1,1,1
2026-07-03T19:38:05.337,tof2,4x4,lying,2987,3247,-1,3288,1503,-1,2199,2768,1609,-1,1482,-1,870,850,1092,1051,1,1,0,1,1,0,1,1,1,0,1,0,1,1,1,1
2026-07-03T19:38:05.385,tof1,4x4,lying,-1,-1,-1,-1,-1,-1,-1,-1,-1,637,-1,371,1067,553,383,337,0,0,0,0,0,0,0,0,0,1,0,1,1,1,1,1
2026-07-03T19:38:05.493,tof2,4x4,lying,2987,3249,3278,3281,1532,-1,-1,2764,1588,-1,1482,-1,-1,850,1092,1051,1,1,1,1,1,0,1,1,1,0,1,1,1,1,1,1
2026-07-03T19:38:05.556,tof1,4x4,lying,-1,-1,-1,-1,-1,-1,-1,-1,-1,637,-1,370,1084,554,382,338,0,0,0,0,0,0,0,0,0,1,0,1,1,1,1,1
2026-07-03T19:38:05.660,tof2,4x4,lying,2991,3249,-1,3288,1532,-1,2144,2760,1530,-1,1482,-1,870,847,-1,1048,1,1,0,1,1,0,1,1,1,0,1,0,1,1,1,1
2026-07-03T19:38:05.741,tof1,4x4,lying,-1,-1,-1,-1,-1,-1,-1,-1,-1,691,-1,370,-1,554,382,338,0,0,0,0,0,0,0,0,0,1,0,1,0,1,1,1
2026-07-03T19:38:05.830,tof2,4x4,lying,2987,3260,-1,3288,1517,-1,-1,2764,1530,-1,-1,-1,856,847,1092,1048,1,1,0,1,1,0,0,1,1,0,1,1,1,1,1,1
2026-07-03T19:38:05.891,tof1,4x4,lying,-1,-1,-1,-1,-1,-1,-1,-1,-1,708,-1,370,1084,554,382,338,0,0,0,0,0,0,0,0,0,1,0,1,1,1,1,1
2026-07-03T19:38:05.980,tof2,4x4,lying,2991,3257,-1,3297,-1,-1,2133,2764,-1,-1,1482,-1,870,847,1092,1048,1,1,0,1,0,0,1,1,1,0,1,0,1,1,1,1
2026-07-03T19:38:06.067,tof1,4x4,lying,-1,-1,-1,-1,-1,-1,-1,-1,-1,708,450,370,1067,554,382,338,0,0,0,0,0,0,0,0,0,1,1,1,1,1,1,1
2026-07-03T19:38:06.168,tof2,4x4,lying,2992,3260,-1,3281,1517,-1,2116,2767,-1,-1,1510,-1,-1,847,1092,1051,1,1,0,1,1,0,1,1,1,0,1,0,1,1,1,1
2026-07-03T19:38:06.243,tof1,4x4,lying,-1,-1,-1,-1,-1,-1,-1,-1,-1,708,-1,370,1092,549,383,338,0,0,0,0,0,0,0,0,0,1,0,1,1,1,1,1
2026-07-03T19:38:06.322,tof2,4x4,lying,3003,3262,-1,3279,1517,-1,-1,2781,-1,-1,1555,-1,856,840,1091,1051,1,1,1,1,1,0,1,1,1,0,1,1,1,1,1,1
2026-07-03T19:38:06.417,tof1,4x4,lying,-1,-1,-1,-1,-1,-1,-1,-1,-1,701,-1,372,-1,549,383,338,0,0,0,0,0,0,0,0,0,1,0,1,0,1,1,1
2026-07-03T19:38:06.503,tof2,4x4,lying,3003,3262,-1,3279,-1,-1,2116,2781,1530,-1,1555,1318,856,851,1091,1051,1,1,0,1,1,0,1,1,1,0,1,1,1,1,1,1
2026-07-03T19:38:06.612,tof1,4x4,lying,-1,-1,-1,-1,-1,-1,-1,-1,-1,-1,-1,372,-1,554,384,338,0,0,0,0,0,0,0,0,0,0,0,1,0,1,1,1
2026-07-03T19:38:06.681,tof2,4x4,lying,-1,3266,3336,3283,1517,-1,2116,2781,-1,-1,1555,1282,825,839,1091,1051,1,1,1,1,1,0,1,1,1,1,1,1,1,1,1,1
2026-07-03T19:38:06.793,tof1,4x4,lying,-1,-1,-1,-1,-1,-1,-1,-1,-1,-1,-1,372,1092,-1,383,339,0,0,0,1,0,0,0,0,0,1,0,1,1,1,1,1
2026-07-03T19:38:06.852,tof2,4x4,lying,3003,3266,-1,3283,1530,-1,2131,2801,1587,-1,-1,-1,845,846,1086,1053,1,1,0,1,1,0,1,1,1,0,1,0,1,1,1,1
2026-07-03T19:38:06.961,tof1,4x4,lying,-1,-1,-1,-1,-1,-1,-1,-1,-1,-1,-1,372,-1,549,382,339,0,0,0,0,0,0,0,0,0,0,0,1,1,1,1,1
2026-07-03T19:38:07.031,tof2,4x4,lying,-1,3266,-1,3283,1530,-1,2131,2801,1587,-1,-1,-1,845,846,1086,1053,0,1,0,1,1,0,1,1,1,0,1,0,1,1,1,1
2026-07-03T19:38:07.128,tof1,4x4,lying,-1,-1,-1,-1,-1,-1,-1,-1,-1,-1,-1,372,-1,549,382,339,0,0,0,0,0,0,0,0,0,1,0,1,0,1,1,1
2026-07-03T19:38:07.202,tof2,4x4,lying,3003,3256,-1,3288,-1,-1,2159,2768,1593,-1,1554,-1,845,851,1086,1053,1,1,0,1,0,0,1,1,1,0,1,0,1,1,1,1
2026-07-03T19:38:07.305,tof1,4x4,lying,-1,-1,-1,-1,-1,-1,-1,-1,-1,649,-1,373,-1,-1,383,339,0,0,0,0,0,0,0,0,0,1,0,1,0,1,1,1
2026-07-03T19:38:07.370,tof2,4x4,lying,-1,3253,-1,3288,1530,-1,2147,2765,-1,-1,1510,-1,845,851,-1,1053,1,1,0,1,1,0,1,1,1,0,1,0,1,1,1,1
2026-07-03T19:38:07.593,tof1,4x4,lying,-1,-1,-1,-1,-1,-1,-1,-1,-1,649,-1,372,-1,562,383,339,0,0,0,0,0,0,0,0,0,1,0,1,0,1,1,1
2026-07-03T19:38:07.603,tof2,4x4,lying,3001,3253,-1,3303,1531,-1,2160,2765,1621,-1,1499,-1,845,852,1095,1053,1,1,0,1,1,0,1,1,1,1,1,1,1,1,1,1
2026-07-03T19:38:07.849,tof1,4x4,lying,-1,-1,-1,-1,-1,-1,-1,-1,-1,-1,-1,372,-1,542,383,340,0,0,0,0,0,0,0,0,0,0,0,1,0,1,1,1
2026-07-03T19:38:08.053,tof1,4x4,lying,-1,-1,-1,-1,-1,-1,-1,-1,-1,649,-1,372,1084,541,383,340,0,0,0,0,0,0,0,0,0,1,0,1,1,1,1,1
2026-07-03T19:38:08.127,tof2,4x4,lying,2996,3256,3336,3305,1530,-1,2147,2765,1614,-1,1510,-1,866,852,-1,1052,1,1,1,1,1,0,1,1,1,0,1,0,1,1,1,1
2026-07-03T19:38:08.365,tof1,4x4,lying,-1,-1,-1,-1,-1,-1,-1,-1,-1,619,-1,372,-1,542,381,340,0,0,0,1,0,0,0,0,0,1,0,1,1,1,1,1
2026-07-03T19:38:08.380,tof2,4x4,lying,2996,3256,-1,3305,1531,1402,2147,2763,1608,-1,-1,-1,866,851,1093,1051,1,1,1,1,1,1,1,1,1,0,1,0,1,1,1,1
2026-07-03T19:38:08.544,tof1,4x4,lying,-1,-1,-1,-1,-1,-1,-1,-1,-1,-1,450,372,-1,542,380,340,1,0,1,0,0,0,0,0,0,0,1,1,1,1,1,1
2026-07-03T19:38:08.545,tof2,4x4,lying,2974,3257,-1,3303,1531,1380,2147,2767,1608,-1,1511,-1,958,839,-1,1052,1,1,1,1,1,1,1,1,1,1,1,1,1,1,1,1
2026-07-03T19:38:08.710,tof1,4x4,lying,-1,-1,-1,-1,-1,-1,-1,-1,-1,650,450,372,-1,542,378,339,0,0,0,0,0,0,0,0,0,1,1,1,0,1,1,1
2026-07-03T19:38:08.841,tof2,4x4,lying,2966,3259,-1,3305,1531,1373,2160,2767,1608,-1,1511,-1,976,839,1096,1049,1,1,0,1,1,1,1,1,1,0,1,0,1,1,1,1
2026-07-03T19:38:08.901,tof1,4x4,lying,-1,-1,-1,-1,-1,-1,-1,-1,-1,650,440,370,1084,542,378,337,0,0,0,0,0,0,0,0,0,1,1,1,1,1,1,1
2026-07-03T19:38:09.014,tof2,4x4,lying,2976,3259,-1,3316,1554,-1,2128,2764,1580,-1,1511,-1,-1,839,1093,1049,1,1,0,1,1,1,1,1,1,0,1,1,1,1,1,1
2026-07-03T19:38:09.075,tof1,4x4,lying,-1,-1,-1,-1,-1,-1,-1,-1,-1,619,433,367,-1,542,377,337,0,0,0,0,0,0,0,0,0,1,1,1,1,1,1,1
2026-07-03T19:38:09.171,tof2,4x4,lying,2976,3259,-1,3318,1554,1355,-1,2764,1579,-1,1511,-1,-1,912,1093,1050,1,1,0,1,1,1,1,1,1,0,1,1,1,1,1,1
2026-07-03T19:38:09.242,tof1,4x4,lying,-1,-1,-1,-1,-1,-1,-1,-1,-1,-1,427,361,-1,527,375,334,0,0,0,0,0,0,0,0,0,0,1,1,1,1,1,1
2026-07-03T19:38:09.331,tof2,4x4,lying,2976,3262,3292,3318,1548,1355,-1,2764,1577,933,1513,-1,976,957,932,1056,1,1,1,1,1,1,0,1,1,1,1,0,1,1,1,1
2026-07-03T19:38:09.392,tof1,4x4,lying,-1,-1,-1,-1,-1,-1,-1,406,-1,-1,419,360,-1,521,372,334,0,0,0,0,0,0,0,1,0,0,1,1,0,1,1,1
2026-07-03T19:38:09.507,tof2,4x4,lying,2978,3266,-1,3318,1548,-1,-1,2764,-1,-1,1503,-1,968,965,928,1054,1,1,0,1,1,1,0,1,1,1,1,0,1,1,1,1
2026-07-03T19:38:09.558,tof1,4x4,lying,-1,-1,-1,-1,-1,-1,-1,406,-1,-1,398,357,-1,500,357,332,0,0,0,0,0,0,0,1,0,0,1,1,0,1,1,1
2026-07-03T19:38:09.663,tof2,4x4,lying,2994,3266,-1,3318,1539,1380,2181,2782,1579,995,1465,-1,968,969,925,1054,1,1,0,1,1,1,1,1,1,1,1,0,1,1,1,1
2026-07-03T19:38:09.737,tof1,4x4,lying,-1,-1,-1,-1,-1,-1,410,370,-1,-1,378,353,1092,470,346,328,0,0,0,0,0,0,1,1,0,0,1,1,1,1,1,1
2026-07-03T19:38:09.836,tof2,4x4,lying,2994,3266,-1,3298,1537,1393,-1,2788,-1,1208,-1,-1,-1,980,925,1054,1,1,1,1,1,1,1,1,1,1,1,0,1,1,1,1
2026-07-03T19:38:09.895,tof1,4x4,lying,-1,-1,-1,-1,-1,-1,407,-1,-1,533,359,353,-1,404,335,328,0,0,0,0,0,0,1,0,0,1,1,1,1,1,1,1
2026-07-03T19:38:10.030,tof2,4x4,lying,-1,3264,3292,3298,-1,1395,-1,2788,-1,1212,-1,1282,968,983,925,1050,1,1,1,1,0,1,0,1,1,1,0,1,1,1,1,1
2026-07-03T19:38:10.061,tof1,4x4,lying,-1,-1,-1,-1,-1,-1,372,-1,-1,509,352,353,-1,373,333,328,0,0,0,0,0,0,1,0,0,1,1,1,1,1,1,1
2026-07-03T19:38:10.180,tof2,4x4,lying,2980,3261,-1,3298,-1,-1,-1,2788,1579,1250,-1,-1,968,983,922,1046,1,1,0,1,0,1,1,1,1,1,0,0,1,1,1,1
2026-07-03T19:38:10.267,tof1,4x4,lying,-1,-1,-1,-1,-1,-1,371,-1,-1,368,348,354,-1,348,333,328,0,0,0,0,0,0,1,0,0,1,1,1,1,1,1,1
2026-07-03T19:38:10.345,tof2,4x4,lying,-1,3261,-1,3301,-1,-1,2181,2794,1577,1250,-1,-1,973,989,925,1045,1,1,0,1,0,1,1,1,1,1,1,0,1,1,1,1
2026-07-03T19:38:10.452,tof1,4x4,lying,-1,-1,-1,-1,-1,-1,371,-1,-1,361,348,363,1084,339,333,328,1,0,0,0,0,0,1,0,0,1,1,1,1,1,1,1
2026-07-03T19:38:10.513,tof2,4x4,lying,2980,3260,-1,3301,-1,1428,-1,2794,-1,-1,-1,-1,-1,991,925,1045,1,1,0,1,0,1,1,1,1,1,0,0,1,1,1,1
2026-07-03T19:38:10.613,tof1,4x4,lying,-1,-1,-1,-1,-1,-1,372,370,385,351,348,379,1084,333,333,328,0,0,0,0,0,0,1,1,1,1,1,1,1,1,1,1
2026-07-03T19:38:10.685,tof2,4x4,lying,-1,3260,-1,3301,-1,1430,-1,2794,-1,1250,-1,-1,-1,997,929,1046,1,1,1,1,1,1,0,1,1,1,0,0,1,1,1,1
2026-07-03T19:38:10.770,tof1,4x4,lying,-1,-1,-1,-1,-1,412,372,370,381,351,354,379,336,332,331,293,0,0,0,0,0,1,1,1,1,1,1,1,1,1,1,1
2026-07-03T19:38:10.873,tof2,4x4,lying,2982,3261,-1,3291,-1,1431,-1,2814,1577,1259,-1,-1,-1,997,928,1046,1,1,0,1,1,1,0,1,1,1,0,0,1,1,1,1
2026-07-03T19:38:10.942,tof1,4x4,lying,-1,-1,-1,-1,-1,406,372,362,347,351,367,379,328,332,325,279,0,0,0,0,1,1,1,1,1,1,1,1,1,1,1,1
2026-07-03T19:38:11.022,tof2,4x4,lying,2982,3256,-1,3291,1537,1463,-1,2814,1612,1259,-1,-1,-1,997,929,1041,1,1,1,1,1,1,0,1,1,1,0,0,1,1,1,1
2026-07-03T19:38:11.109,tof1,4x4,lying,-1,-1,-1,-1,301,384,372,-1,347,351,367,368,328,332,309,271,0,0,0,0,1,1,1,0,1,1,1,1,1,1,1,1
2026-07-03T19:38:11.176,tof2,4x4,lying,2998,3254,-1,3291,1537,-1,2137,2814,1583,1259,-1,-1,-1,994,931,-1,1,1,0,1,1,1,1,1,1,1,0,0,1,1,1,1
2026-07-03T19:38:11.285,tof1,4x4,lying,-1,-1,-1,-1,301,-1,366,-1,341,351,367,277,328,327,300,-1,0,0,0,0,1,0,1,0,1,1,1,1,1,1,1,0
2026-07-03T19:38:11.374,tof2,4x4,lying,3003,3256,-1,3301,2138,-1,-1,2788,-1,-1,-1,-1,977,974,946,1045,1,1,1,1,1,1,0,1,1,1,0,0,1,1,1,1
2026-07-03T19:38:11.451,tof1,4x4,lying,-1,-1,-1,-1,297,-1,-1,-1,339,351,280,-1,322,327,259,271,0,0,0,0,1,0,0,0,1,1,1,0,1,1,1,1
2026-07-03T19:38:11.578,tof2,4x4,lying,3003,3254,-1,3301,-1,-1,-1,2788,1583,1277,1460,-1,-1,970,949,-1,1,1,0,1,1,1,0,1,1,1,1,0,1,1,1,1
2026-07-03T19:38:11.632,tof1,4x4,lying,-1,-1,-1,-1,-1,-1,295,-1,-1,238,250,247,318,228,219,271,0,0,0,0,0,0,1,0,0,1,1,1,1,1,1,1
2026-07-03T19:38:11.738,tof2,4x4,lying,3003,3254,-1,3301,2139,1532,-1,2782,1612,1289,-1,-1,985,967,953,-1,1,1,0,1,1,1,1,1,1,1,0,0,1,1,1,1
2026-07-03T19:38:11.793,tof1,4x4,lying,-1,-1,-1,-1,-1,378,-1,-1,289,236,250,247,221,228,219,344,0,0,0,0,0,1,0,0,1,1,1,1,1,1,1,1
2026-07-03T19:38:11.909,tof2,4x4,lying,2988,3255,-1,3299,2159,1538,2120,2780,1583,-1,-1,-1,1062,958,958,1038,1,1,1,1,1,1,1,1,1,1,0,0,1,1,1,1
2026-07-03T19:38:11.981,tof1,4x4,lying,3272,-1,-1,-1,-1,358,-1,-1,241,236,250,247,218,228,219,372,1,0,0,0,0,1,0,0,1,1,1,1,1,1,1,1
2026-07-03T19:38:12.096,tof2,4x4,lying,2971,3255,-1,3299,2159,1663,-1,2782,-1,1592,-1,-1,1083,930,958,1032,1,1,1,1,1,1,0,1,1,1,0,0,1,1,1,1
2026-07-03T19:38:12.144,tof1,4x4,lying,-1,-1,-1,-1,-1,287,-1,-1,241,236,254,325,215,239,380,394,0,0,0,0,0,1,0,0,1,1,1,1,1,1,1,1
2026-07-03T19:38:12.250,tof2,4x4,lying,2971,3254,-1,3298,2159,1663,-1,2780,1566,1592,-1,-1,1083,930,958,995,1,1,0,1,1,1,0,1,1,1,0,0,1,1,1,1
2026-07-03T19:38:12.321,tof1,4x4,lying,-1,-1,-1,-1,-1,287,-1,-1,241,240,284,340,210,289,408,399,0,0,0,0,0,1,0,0,1,1,1,1,1,1,1,1
2026-07-03T19:38:12.419,tof2,4x4,lying,2987,3255,-1,3298,2147,1663,-1,2780,1566,1592,-1,-1,1083,930,958,987,1,1,0,1,1,1,0,1,1,1,1,0,1,1,1,1
2026-07-03T19:38:12.518,tof1,4x4,lying,-1,-1,-1,-1,297,287,295,-1,268,270,325,388,210,311,417,413,1,0,0,0,1,1,1,0,1,1,1,1,1,1,1,1
2026-07-03T19:38:12.588,tof2,4x4,lying,2987,3257,-1,3298,-1,1632,1406,2766,1617,1546,1381,-1,-1,952,-1,-1,1,1,1,1,1,1,1,1,1,1,1,0,1,1,1,1
2026-07-03T19:38:12.708,tof1,4x4,lying,-1,-1,-1,-1,302,299,-1,-1,274,276,354,-1,215,321,417,416,0,0,0,0,1,1,0,0,1,1,1,0,1,1,1,1
2026-07-03T19:38:12.816,tof2,4x4,lying,2987,3257,-1,3320,2147,-1,1406,2777,-1,1538,-1,-1,1083,952,958,976,1,1,0,1,1,1,1,1,1,1,0,0,1,1,1,1
2026-07-03T19:38:12.908,tof1,4x4,lying,-1,-1,-1,-1,302,-1,-1,-1,285,343,439,413,215,393,417,419,0,0,0,0,1,0,0,0,1,1,1,1,1,1,1,1
2026-07-03T19:38:13.018,tof2,4x4,lying,2996,3258,-1,3312,2136,-1,1341,2768,-1,1538,-1,-1,1083,952,958,970,1,1,1,1,1,1,1,1,1,1,0,0,1,1,1,1
2026-07-03T19:38:13.088,tof1,4x4,lying,-1,-1,-1,-1,-1,330,295,-1,287,384,439,459,335,393,407,429,0,0,0,1,0,1,1,0,1,1,1,1,1,1,1,1
2026-07-03T19:38:13.182,tof2,4x4,lying,2996,3258,-1,3312,2125,-1,-1,2776,1595,1538,-1,-1,1086,952,958,969,1,1,1,1,1,1,0,1,1,1,0,0,1,1,1,1
2026-07-03T19:38:13.284,tof1,4x4,lying,-1,-1,-1,-1,-1,330,333,-1,287,384,439,-1,335,393,396,1018,0,0,0,0,0,1,1,0,1,1,1,0,1,1,1,1
2026-07-03T19:38:13.521,tof1,4x4,lying,-1,-1,-1,-1,-1,330,-1,-1,285,384,402,-1,335,369,377,1020,0,0,0,0,0,1,0,0,1,1,1,0,1,1,1,1
2026-07-03T19:38:13.532,tof2,4x4,lying,3008,3262,-1,3312,2125,1632,-1,2768,1622,1637,-1,-1,-1,948,960,957,1,1,0,1,1,1,0,1,1,1,1,0,1,1,1,1
2026-07-03T19:38:13.762,tof1,4x4,lying,-1,-1,-1,-1,302,309,333,-1,261,303,347,-1,335,344,346,1022,0,0,0,0,1,1,1,0,1,1,1,0,1,1,1,1
2026-07-03T19:38:13.767,tof2,4x4,lying,3013,3262,-1,3303,2136,1632,1341,2776,1622,1637,-1,-1,1086,948,968,957,1,1,0,1,1,1,1,1,1,1,0,0,1,1,1,1
2026-07-03T19:38:13.966,tof1,4x4,lying,-1,-1,-1,-1,302,309,-1,-1,261,303,347,-1,335,337,343,1057,0,0,0,0,1,1,0,0,1,1,1,0,1,1,1,1
2026-07-03T19:38:13.968,tof2,4x4,lying,3008,3262,-1,3303,2125,1701,-1,2768,1595,-1,1190,-1,1087,949,970,-1,1,1,0,1,1,1,0,1,1,1,1,0,1,1,1,1
2026-07-03T19:38:14.259,tof2,4x4,lying,3050,3263,-1,3303,2136,1707,-1,2769,1565,1637,-1,-1,1087,949,970,957,1,1,0,1,1,1,1,1,1,1,0,0,1,1,1,1
2026-07-03T19:38:14.295,tof1,4x4,lying,-1,-1,-1,-1,274,309,-1,-1,261,303,347,-1,355,327,337,1057,0,0,0,0,1,1,0,0,1,1,1,1,1,1,1,1
2026-07-03T19:38:14.483,tof2,4x4,lying,3050,3263,-1,3303,2136,2114,-1,2769,-1,1600,-1,-1,1088,949,970,957,1,1,1,1,1,1,0,1,1,1,0,1,1,1,1,1
2026-07-03T19:38:14.557,tof1,4x4,lying,-1,-1,-1,-1,273,316,-1,-1,280,319,1960,1934,358,320,337,1057,0,0,0,0,1,1,0,0,1,1,1,1,1,1,1,1
2026-07-03T19:38:14.694,tof2,4x4,lying,3035,3261,-1,3303,2113,-1,1341,2775,1565,1600,-1,-1,1088,949,971,957,1,1,1,1,1,1,1,1,1,1,0,0,1,1,1,1
2026-07-03T19:38:14.753,tof1,4x4,lying,-1,-1,-1,-1,265,316,-1,-1,280,320,1962,-1,364,315,336,1058,1,0,0,0,1,1,0,0,1,1,1,0,1,1,1,1
2026-07-03T19:38:14.857,tof2,4x4,lying,3001,3263,-1,3303,-1,2130,1341,2769,-1,-1,-1,-1,1088,950,971,953,1,1,1,1,1,1,1,1,1,1,0,0,1,1,1,1
2026-07-03T19:38:14.930,tof1,4x4,lying,-1,-1,-1,-1,265,316,-1,-1,280,320,1975,2037,364,313,337,1034,1,0,0,1,1,1,0,0,1,1,1,1,1,1,1,1
2026-07-03T19:38:15.017,tof2,4x4,lying,-1,3265,-1,3303,2113,2133,-1,2775,1565,1542,-1,-1,1092,923,969,953,1,1,0,1,1,1,0,1,1,1,0,0,1,1,1,1
2026-07-03T19:38:15.106,tof1,4x4,lying,-1,-1,-1,-1,264,316,-1,-1,280,319,1989,-1,366,313,337,1034,0,0,0,0,1,1,0,0,1,1,1,0,1,1,1,1
2026-07-03T19:38:15.185,tof2,4x4,lying,2981,3261,-1,3276,2113,2133,-1,2775,-1,1600,-1,-1,1092,923,971,953,1,1,0,1,1,1,1,1,1,1,0,0,1,1,1,1
2026-07-03T19:38:15.297,tof1,4x4,lying,-1,-1,-1,-1,264,316,-1,-1,277,319,-1,2037,368,313,338,1034,1,0,0,0,1,1,0,0,1,1,0,1,1,1,1,1
2026-07-03T19:38:15.369,tof2,4x4,lying,-1,3258,-1,3276,2113,2130,1341,2760,1503,1630,-1,-1,1092,923,968,953,0,1,0,1,1,1,1,1,1,1,0,0,1,1,1,1
2026-07-03T19:38:15.482,tof1,4x4,lying,-1,-1,-1,-1,264,316,-1,-1,276,319,1989,-1,369,313,339,1040,0,0,0,0,1,1,0,0,1,1,1,1,1,1,1,1
2026-07-03T19:38:15.539,tof2,4x4,lying,2981,3264,-1,3303,2113,2035,1326,2760,1503,-1,-1,-1,1092,922,968,952,1,1,1,1,1,1,1,1,1,1,0,0,1,1,1,1
2026-07-03T19:38:15.895,tof1,4x4,lying,-1,-1,-1,-1,264,316,-1,-1,276,319,-1,-1,370,313,339,1039,0,0,0,0,1,1,0,0,1,1,0,0,1,1,1,1
2026-07-03T19:38:15.905,tof2,4x4,lying,2981,3258,-1,3292,2117,-1,1326,2757,-1,1669,-1,-1,1092,922,968,953,1,1,0,1,1,0,1,1,1,1,0,0,1,1,1,1
2026-07-03T19:38:16.087,tof1,4x4,lying,-1,-1,-1,-1,264,316,-1,-1,276,320,-1,1989,375,314,338,1040,0,0,0,0,1,1,0,0,1,1,1,1,1,1,1,1
2026-07-03T19:38:16.108,tof2,4x4,lying,2981,3258,-1,3303,2089,-1,1326,2757,-1,1669,-1,-1,1091,950,968,-1,1,1,0,1,1,0,1,1,1,1,0,0,1,1,1,1
2026-07-03T19:38:16.394,tof2,4x4,lying,2981,3258,-1,3303,-1,-1,-1,2762,1566,1669,-1,-1,1082,955,967,952,1,1,0,1,0,0,0,1,1,1,0,0,1,1,1,1
2026-07-03T19:38:16.411,tof1,4x4,lying,-1,-1,-1,-1,264,316,-1,-1,275,320,-1,-1,375,314,336,1040,0,0,0,0,1,1,0,0,1,1,0,0,1,1,1,1
2026-07-03T19:38:16.587,tof1,4x4,lying,-1,-1,-1,-1,264,315,400,-1,275,320,-1,-1,375,314,336,1044,0,0,0,0,1,1,1,0,1,1,0,0,1,1,1,1
2026-07-03T19:38:16.588,tof2,4x4,lying,2982,3259,-1,3305,2117,-1,1349,2775,1514,1537,-1,-1,1082,952,968,952,1,1,0,1,1,0,1,1,1,1,0,0,1,1,1,1
2026-07-03T19:38:16.776,tof1,4x4,lying,-1,-1,-1,-1,264,314,-1,-1,275,320,-1,-1,373,315,336,1044,0,0,0,1,1,1,0,0,1,1,1,0,1,1,1,1
2026-07-03T19:38:16.802,tof2,4x4,lying,-1,3259,-1,-1,-1,-1,1349,2778,1514,1511,-1,-1,1082,953,968,-1,1,1,0,1,0,0,1,1,1,1,0,0,1,1,1,1
2026-07-03T19:38:16.966,tof1,4x4,lying,-1,-1,-1,-1,264,314,-1,-1,275,319,-1,1969,373,315,336,1044,0,0,0,0,1,1,0,0,1,1,0,1,1,1,1,1
2026-07-03T19:38:16.995,tof2,4x4,lying,2982,3261,-1,3305,2121,-1,1349,2778,1514,-1,-1,-1,-1,953,971,952,1,1,0,1,1,1,1,1,1,1,0,0,1,1,1,1
2026-07-03T19:38:17.141,tof1,4x4,lying,-1,-1,-1,-1,264,315,-1,-1,275,319,-1,-1,373,315,338,1036,0,0,0,0,1,1,0,0,1,1,0,0,1,1,1,1
2026-07-03T19:38:17.157,tof2,4x4,lying,2981,3261,-1,3315,2121,-1,-1,2778,-1,1511,-1,-1,1086,953,972,951,1,1,1,1,1,0,0,1,1,1,0,0,1,1,1,1
2026-07-03T19:38:17.321,tof1,4x4,lying,-1,-1,-1,-1,264,315,400,-1,275,319,1989,-1,375,315,338,1047,0,0,0,0,1,1,1,0,1,1,1,1,1,1,1,1
2026-07-03T19:38:17.336,tof2,4x4,lying,2971,3261,-1,3305,2121,-1,-1,2771,1566,1511,-1,-1,1086,952,973,951,1,1,0,1,1,1,1,1,1,1,0,0,1,1,1,1
2026-07-03T19:38:17.514,tof1,4x4,lying,-1,-1,-1,-1,264,314,-1,-1,274,319,1964,1989,375,315,338,1036,0,0,0,1,1,1,1,0,1,1,1,1,1,1,1,1
2026-07-03T19:38:17.531,tof2,4x4,lying,2981,3260,-1,3305,2121,2035,1344,2771,-1,1515,-1,-1,1086,953,973,951,1,1,0,1,1,1,1,1,1,1,0,1,1,1,1,1
2026-07-03T19:38:17.679,tof1,4x4,lying,-1,-1,-1,-1,264,314,-1,-1,273,318,-1,-1,375,314,338,1035,0,0,0,0,1,1,1,0,1,1,1,1,1,1,1,1
2026-07-03T19:38:17.732,tof2,4x4,lying,-1,3260,-1,3320,2121,-1,-1,2771,1574,1591,-1,-1,1086,947,973,-1,1,1,0,1,1,0,0,1,1,1,0,0,1,1,1,1
2026-07-03T19:38:17.840,tof1,4x4,lying,-1,-1,-1,-1,264,314,-1,-1,273,318,-1,1989,375,314,335,1034,1,0,0,0,1,1,0,0,1,1,0,1,1,1,1,1
2026-07-03T19:38:17.903,tof2,4x4,lying,2971,3260,3292,3302,2109,-1,-1,2771,1574,1591,-1,-1,1083,945,977,952,1,1,1,1,1,0,1,1,1,1,0,0,1,1,1,1
2026-07-03T19:38:17.994,tof1,4x4,lying,-1,-1,-1,-1,264,314,-1,-1,274,317,-1,-1,375,314,334,1034,1,0,0,1,1,1,1,0,1,1,0,1,1,1,1,1
2026-07-03T19:38:18.060,tof2,4x4,lying,2971,3260,-1,3302,2117,-1,1344,2778,1539,1668,-1,-1,1081,945,973,954,1,1,0,1,1,0,1,1,1,1,0,0,1,1,1,1
2026-07-03T19:38:18.173,tof1,4x4,lying,-1,-1,-1,-1,264,314,-1,-1,273,316,-1,1990,375,314,334,1034,0,0,0,0,1,1,0,0,1,1,0,1,1,1,1,1
2026-07-03T19:38:18.234,tof2,4x4,lying,2981,3257,-1,3301,-1,-1,1344,2782,1563,1664,-1,-1,1081,945,976,955,1,1,0,1,1,1,1,1,1,1,0,0,1,1,1,1
2026-07-03T19:38:18.335,tof1,4x4,lying,-1,-1,-1,-1,263,314,-1,-1,272,316,-1,-1,375,314,335,1034,0,0,0,0,1,1,0,0,1,1,0,0,1,1,1,1
2026-07-03T19:38:18.391,tof2,4x4,lying,2981,3257,-1,3320,-1,-1,1336,2778,1539,1664,-1,-1,1076,938,976,965,1,1,0,1,1,0,1,1,1,1,0,0,1,1,1,1
2026-07-03T19:38:18.492,tof1,4x4,lying,-1,-1,-1,-1,265,314,-1,-1,272,316,-1,-1,375,314,335,1034,0,0,0,0,1,1,0,0,1,1,0,0,1,1,1,1
2026-07-03T19:38:18.560,tof2,4x4,lying,2979,3257,-1,3320,-1,-1,-1,2771,1484,-1,1190,-1,1075,945,970,965,1,1,0,1,1,0,0,1,1,1,1,0,1,1,1,1
2026-07-03T19:38:18.673,tof1,4x4,lying,-1,-1,-1,-1,263,314,-1,-1,272,316,1964,1990,376,314,334,1020,0,0,0,0,1,1,0,0,1,1,1,1,1,1,1,1
2026-07-03T19:38:18.739,tof2,4x4,lying,2986,3257,-1,3320,2109,1932,1344,2773,-1,-1,-1,-1,-1,947,970,-1,1,1,0,1,1,1,1,1,1,1,0,0,1,1,1,1
2026-07-03T19:38:18.852,tof1,4x4,lying,-1,-1,-1,-1,263,314,-1,-1,271,316,-1,1990,377,314,334,1020,1,0,0,0,1,1,0,0,1,1,1,1,1,1,1,1
2026-07-03T19:38:18.903,tof2,4x4,lying,2986,3258,-1,3320,-1,1932,1351,2771,1477,1664,-1,-1,1075,948,970,955,1,1,0,1,0,1,1,1,1,1,0,0,1,1,1,1
2026-07-03T19:38:19.011,tof1,4x4,lying,-1,-1,-1,-1,262,314,-1,-1,270,314,-1,-1,377,315,334,1020,0,0,0,0,1,1,0,0,1,1,0,1,1,1,1,1
2026-07-03T19:38:19.081,tof2,4x4,lying,2979,3258,-1,3320,2117,2035,1375,2771,1484,1664,-1,-1,1075,948,970,955,1,1,0,1,1,1,1,1,1,1,0,0,1,1,1,1
2026-07-03T19:38:19.168,tof1,4x4,lying,-1,-1,-1,-1,262,310,-1,-1,267,314,-1,1994,379,315,334,1019,0,0,0,0,1,1,0,0,1,1,0,1,1,1,1,1
2026-07-03T19:38:19.250,tof2,4x4,lying,-1,3266,3292,3328,2109,2062,1351,2764,1484,1664,1190,-1,1075,952,970,955,1,1,1,1,1,1,1,1,1,1,1,1,1,1,1,1
2026-07-03T19:38:19.325,tof1,4x4,lying,-1,-1,-1,-1,260,310,-1,-1,267,313,-1,-1,380,315,334,1028,0,0,0,0,1,1,0,0,1,1,0,1,1,1,1,1
2026-07-03T19:38:19.402,tof2,4x4,lying,2986,3258,-1,3328,2117,-1,-1,2761,-1,1653,-1,-1,1085,953,970,953,1,1,0,1,1,1,0,1,1,1,0,0,1,1,1,1
2026-07-03T19:38:19.493,tof1,4x4,lying,-1,-1,-1,-1,260,309,-1,-1,266,313,-1,-1,380,315,332,1039,0,0,0,0,1,1,0,0,1,1,1,0,1,1,1,1
2026-07-03T19:38:19.585,tof2,4x4,lying,3025,3253,3292,3330,2137,1932,1375,2755,1479,-1,-1,-1,1088,-1,970,950,1,1,1,1,1,1,1,1,1,1,1,0,1,1,1,1
2026-07-03T19:38:19.666,tof1,4x4,lying,-1,-1,-1,-1,259,310,-1,-1,266,310,-1,-1,380,314,332,1039,0,0,0,0,1,1,0,0,1,1,1,0,1,1,1,1
2026-07-03T19:38:19.734,tof2,4x4,lying,3025,3253,-1,3328,-1,-1,-1,2761,1501,1653,-1,-1,-1,953,970,949,1,1,0,1,1,1,0,1,1,1,0,0,1,1,1,1
2026-07-03T19:38:19.818,tof1,4x4,lying,-1,-1,-1,-1,260,309,-1,-1,266,310,-1,-1,380,313,332,1046,0,0,0,0,1,1,0,0,1,1,1,0,1,1,1,1
2026-07-03T19:38:19.902,tof2,4x4,lying,2990,3253,-1,3328,2137,-1,-1,2755,1550,1625,-1,-1,1088,953,970,949,1,1,0,1,1,1,0,1,1,1,1,0,1,1,1,1
2026-07-03T19:38:19.984,tof1,4x4,lying,-1,-1,-1,-1,259,309,-1,-1,265,310,-1,1973,380,313,332,1050,0,0,0,0,1,1,0,0,1,1,1,1,1,1,1,1
2026-07-03T19:38:20.076,tof2,4x4,lying,3010,3253,3321,3330,2137,1807,1375,-1,-1,-1,-1,-1,1086,953,972,948,1,1,1,1,1,1,1,1,1,1,0,0,1,1,1,1
2026-07-03T19:38:20.143,tof1,4x4,lying,-1,-1,-1,-1,260,307,-1,-1,264,313,-1,-1,380,313,332,1046,0,0,0,0,1,1,0,0,1,1,1,0,1,1,1,1
2026-07-03T19:38:20.234,tof2,4x4,lying,2990,3253,-1,3324,2137,2022,-1,2750,1550,1625,-1,-1,1085,953,972,-1,1,1,0,1,1,1,0,1,1,1,0,0,1,1,1,1
2026-07-03T19:38:20.303,tof1,4x4,lying,-1,-1,-1,-1,259,307,-1,-1,263,309,-1,-1,380,313,333,1036,0,0,0,0,1,1,0,0,1,1,1,1,1,1,1,1
2026-07-03T19:38:20.417,tof2,4x4,lying,2990,3252,-1,3319,2137,1782,-1,2730,1501,1625,-1,-1,-1,952,972,949,1,1,1,1,1,1,0,1,1,1,0,1,1,1,1,1
2026-07-03T19:38:20.484,tof1,4x4,lying,-1,-1,-1,-1,259,307,-1,-1,263,309,-1,-1,382,313,333,1050,0,0,0,0,1,1,0,0,1,1,1,1,1,1,1,1
2026-07-03T19:38:20.590,tof2,4x4,lying,2990,3249,-1,3315,2126,1756,1348,2730,1550,-1,-1,-1,1084,949,972,956,1,1,1,1,1,1,1,1,1,1,0,0,1,1,1,1
2026-07-03T19:38:20.635,tof1,4x4,lying,-1,-1,-1,-1,259,307,-1,-1,263,309,-1,-1,382,314,333,1054,0,0,0,0,1,1,0,0,1,1,0,1,1,1,1,1
2026-07-03T19:38:20.753,tof2,4x4,lying,2999,3252,-1,3319,2125,1764,1348,2730,1550,-1,1194,-1,-1,947,971,957,1,1,0,1,1,1,1,1,1,1,1,0,1,1,1,1
2026-07-03T19:38:20.796,tof1,4x4,lying,-1,-1,-1,-1,259,307,-1,-1,263,312,-1,-1,382,313,331,1026,1,0,0,0,1,1,0,0,1,1,0,0,1,1,1,1
2026-07-03T19:38:20.915,tof2,4x4,lying,2999,3252,-1,3315,2115,1782,-1,2730,1629,1647,-1,-1,1084,949,971,956,1,1,0,1,1,1,0,1,1,1,0,0,1,1,1,1
2026-07-03T19:38:20.950,tof1,4x4,lying,-1,-1,-1,-1,259,307,-1,-1,263,309,-1,1973,382,314,331,1037,0,0,0,0,1,1,0,0,1,1,1,1,1,1,1,1
2026-07-03T19:38:21.076,tof2,4x4,lying,3003,3252,-1,3315,2115,-1,1348,2721,-1,1647,-1,-1,-1,943,972,956,1,1,0,1,1,1,1,1,1,1,0,0,1,1,1,1
2026-07-03T19:38:21.127,tof1,4x4,lying,-1,-1,-1,-1,258,306,-1,-1,262,309,-1,1973,380,313,330,1037,0,0,0,1,1,1,0,0,1,1,1,1,1,1,1,1
2026-07-03T19:38:21.232,tof2,4x4,lying,3003,3253,-1,3315,2115,1782,1346,2737,1485,1647,-1,-1,1084,943,977,955,1,1,0,1,1,1,1,1,1,1,0,0,1,1,1,1
2026-07-03T19:38:21.296,tof1,4x4,lying,-1,-1,-1,-1,258,306,-1,-1,262,307,-1,1975,380,313,331,1037,0,0,0,0,1,1,0,0,1,1,0,1,1,1,1,1
2026-07-03T19:38:21.396,tof2,4x4,lying,-1,3254,-1,3318,2115,2121,-1,2737,-1,1617,1194,-1,1084,943,977,955,1,1,0,1,1,1,0,1,1,1,1,0,1,1,1,1
2026-07-03T19:38:21.449,tof1,4x4,lying,-1,-1,-1,-1,258,306,-1,-1,262,307,-1,1975,385,313,330,1037,0,0,0,0,1,1,0,0,1,1,1,1,1,1,1,1
2026-07-03T19:38:21.551,tof2,4x4,lying,3003,3259,-1,3318,2136,2121,1345,2737,1641,1589,-1,-1,-1,925,977,953,1,1,0,1,1,1,1,1,1,1,0,0,1,1,1,1
2026-07-03T19:38:21.639,tof1,4x4,lying,-1,-1,-1,-1,258,306,-1,-1,259,307,-1,-1,381,313,331,1037,1,0,0,0,1,1,0,0,1,1,1,1,1,1,1,1
2026-07-03T19:38:21.748,tof2,4x4,lying,3003,3259,-1,3318,2137,-1,1346,2762,-1,1581,-1,-1,1091,925,970,955,1,1,0,1,1,1,1,1,1,1,0,0,1,1,1,1
2026-07-03T19:38:21.829,tof1,4x4,lying,-1,-1,-1,-1,258,305,-1,-1,259,307,-1,-1,381,313,332,1018,0,1,0,0,1,1,0,0,1,1,0,0,1,1,1,1
2026-07-03T19:38:21.939,tof2,4x4,lying,3004,3259,-1,3323,-1,2121,-1,2762,1485,1581,-1,-1,1092,950,970,945,1,1,0,1,1,1,0,1,1,1,0,0,1,1,1,1
2026-07-03T19:38:21.988,tof1,4x4,lying,-1,-1,-1,-1,258,305,-1,-1,261,307,-1,-1,381,313,333,1024,0,0,0,0,1,1,0,0,1,1,1,0,1,1,1,1
2026-07-03T19:38:22.117,tof2,4x4,lying,2997,3255,-1,3323,2136,2102,1346,2743,1584,1561,-1,-1,1092,954,967,943,1,1,1,1,1,1,1,1,1,1,0,0,1,1,1,1
2026-07-03T19:38:22.160,tof1,4x4,lying,-1,-1,-1,-1,257,305,-1,-1,262,307,-1,-1,381,313,333,1024,0,0,0,0,1,1,0,0,1,1,0,0,1,1,1,1
2026-07-03T19:38:22.286,tof2,4x4,lying,3004,3255,3321,3316,2137,-1,1361,2754,-1,1581,-1,-1,1091,950,963,-1,1,1,1,1,1,1,1,1,1,1,0,0,1,1,1,1
2026-07-03T19:38:22.375,tof1,4x4,lying,-1,-1,-1,-1,257,305,-1,-1,262,309,-1,1979,381,313,333,1020,0,0,0,0,1,1,0,0,1,1,1,1,1,1,1,1
2026-07-03T19:38:22.476,tof2,4x4,lying,3026,3251,-1,3307,2145,2102,-1,2752,-1,1581,-1,-1,1091,954,963,943,1,1,0,1,1,1,0,1,1,1,0,0,1,1,1,1
2026-07-03T19:38:22.564,tof1,4x4,lying,-1,-1,-1,-1,258,305,-1,-1,262,309,-1,-1,380,314,333,1024,0,0,0,0,1,1,0,0,1,1,1,1,1,1,1,1
2026-07-03T19:38:22.696,tof2,4x4,lying,3026,3251,-1,3296,2145,2080,-1,2752,-1,-1,-1,-1,1086,950,963,951,1,1,0,1,1,1,0,1,1,1,0,0,1,1,1,1
2026-07-03T19:38:22.766,tof1,4x4,lying,3272,-1,-1,-1,258,305,-1,-1,262,309,-1,-1,380,314,333,1048,1,0,0,0,1,1,0,0,1,1,0,1,1,1,1,1
2026-07-03T19:38:22.865,tof2,4x4,lying,2996,3256,-1,3296,2145,2080,-1,2754,1482,1594,-1,-1,1084,951,963,-1,1,1,1,1,1,1,0,1,1,1,0,0,1,1,1,1
2026-07-03T19:38:22.940,tof1,4x4,lying,-1,-1,-1,-1,258,305,-1,-1,262,309,-1,1979,380,314,332,1083,0,0,0,0,1,1,0,0,1,1,1,1,1,1,1,1
2026-07-03T19:38:23.052,tof2,4x4,lying,2996,3260,-1,3307,2145,-1,1374,2754,1539,1512,-1,-1,1084,951,968,951,1,1,0,1,1,1,1,1,1,1,0,0,1,1,1,1
2026-07-03T19:38:23.113,tof1,4x4,lying,-1,-1,-1,-1,259,305,-1,-1,262,309,-1,1980,380,314,332,1083,0,0,0,0,1,1,0,0,1,1,1,1,1,1,1,1
2026-07-03T19:38:23.228,tof2,4x4,lying,2996,3256,-1,3308,2145,2074,-1,2762,-1,1520,1225,-1,1084,951,968,953,1,1,0,1,1,1,0,1,1,1,1,0,1,1,1,1
2026-07-03T19:38:23.286,tof1,4x4,lying,-1,-1,-1,-1,259,305,-1,-1,262,309,-1,-1,380,314,332,1083,0,0,0,0,1,1,0,0,1,1,0,0,1,1,1,1
2026-07-03T19:38:23.384,tof2,4x4,lying,2996,3256,-1,3308,2151,2127,1374,2762,1539,1512,-1,-1,1085,949,972,-1,1,1,1,1,1,1,1,1,1,1,0,0,1,1,1,1
2026-07-03T19:38:23.465,tof1,4x4,lying,-1,-1,-1,-1,258,305,-1,-1,261,308,-1,-1,380,314,332,1056,0,0,0,0,1,1,0,0,1,1,0,0,1,1,1,1
2026-07-03T19:38:23.549,tof2,4x4,lying,3008,3256,-1,3308,2151,-1,1365,2747,-1,1520,-1,-1,1081,949,972,953,1,1,0,1,1,1,1,1,1,1,0,0,1,1,1,1
2026-07-03T19:38:23.653,tof1,4x4,lying,-1,-1,-1,-1,258,305,-1,-1,260,306,-1,1980,380,314,332,1056,0,0,0,0,1,1,0,0,1,1,0,1,1,1,1,1
2026-07-03T19:38:23.715,tof2,4x4,lying,3008,3263,-1,3308,-1,2074,1371,2710,1539,1520,-1,-1,1082,929,968,951,1,1,1,1,0,1,1,1,1,1,0,0,1,1,1,1
2026-07-03T19:38:23.856,tof1,4x4,lying,-1,-1,-1,-1,256,304,-1,-1,260,306,1942,-1,380,312,332,1056,0,0,0,0,1,1,0,0,1,1,1,0,1,1,1,1
2026-07-03T19:38:23.906,tof2,4x4,lying,3008,3266,-1,3297,2151,2074,-1,2726,1539,1650,-1,-1,1085,928,970,-1,1,1,0,1,1,1,0,1,1,1,0,0,1,1,1,1
2026-07-03T19:38:24.016,tof1,4x4,lying,-1,-1,-1,-1,255,302,-1,-1,260,306,1939,-1,380,312,331,1048,0,0,0,0,1,1,0,0,1,1,1,0,1,1,1,1
2026-07-03T19:38:24.073,tof2,4x4,lying,3008,3266,-1,3297,2151,1801,1365,2716,1560,1650,-1,-1,1085,928,970,-1,1,1,1,1,1,1,1,1,1,1,0,0,1,1,1,1
2026-07-03T19:38:24.175,tof1,4x4,lying,-1,-1,-1,-1,255,299,-1,-1,258,305,328,-1,380,312,331,1028,0,0,0,0,1,1,0,0,1,1,1,0,1,1,1,1
2026-07-03T19:38:24.227,tof2,4x4,lying,3003,3266,-1,3327,2151,1799,-1,2716,1560,1688,-1,-1,1089,928,970,-1,1,1,0,1,1,1,0,1,1,1,0,0,1,1,1,1
2026-07-03T19:38:24.329,tof1,4x4,lying,-1,-1,-1,-1,254,298,-1,-1,256,304,328,-1,381,312,331,1048,0,0,0,0,1,1,0,0,1,1,1,1,1,1,1,1
2026-07-03T19:38:24.388,tof2,4x4,lying,2988,3256,-1,3327,2149,-1,1355,2716,1517,1650,-1,-1,1089,929,970,953,1,1,0,1,1,1,1,1,1,1,0,0,1,1,1,1
2026-07-03T19:38:24.507,tof1,4x4,lying,-1,-1,-1,-1,254,296,-1,-1,256,304,327,1979,380,312,330,1048,0,0,0,0,1,1,0,0,1,1,1,1,1,1,1,1
2026-07-03T19:38:24.559,tof2,4x4,lying,-1,3256,-1,-1,2143,1799,1351,2726,-1,-1,-1,-1,1089,928,970,950,1,1,0,1,1,1,1,1,1,1,0,0,1,1,1,1
2026-07-03T19:38:24.733,tof1,4x4,lying,3272,-1,-1,-1,253,296,-1,-1,255,304,327,-1,380,313,330,1037,1,0,0,0,1,1,1,0,1,1,1,0,1,1,1,1
2026-07-03T19:38:24.764,tof2,4x4,lying,2963,3256,3322,3311,2143,1792,1355,2716,1505,1650,-1,-1,1092,940,970,947,1,1,1,1,1,1,1,1,1,1,0,0,1,1,1,1
2026-07-03T19:38:24.923,tof1,4x4,lying,-1,-1,-1,-1,254,296,-1,-1,255,306,-1,-1,381,313,331,1048,0,0,0,0,1,1,0,0,1,1,0,1,1,1,1,1
2026-07-03T19:38:25.084,tof2,4x4,lying,2963,3265,-1,3311,2143,1801,1351,2735,1471,-1,-1,-1,1087,940,971,947,1,1,1,1,1,1,1,1,1,1,0,0,1,1,1,1
2026-07-03T19:38:25.104,tof1,4x4,lying,-1,-1,-1,-1,254,296,-1,-1,255,306,328,-1,382,313,331,1048,1,0,0,0,1,1,0,0,1,1,1,0,1,1,1,1
2026-07-03T19:38:25.241,tof2,4x4,lying,2963,3265,-1,3310,2132,1792,-1,2735,-1,1595,-1,-1,1087,946,972,-1,1,1,0,1,1,1,0,1,1,1,0,1,1,1,1,1
2026-07-03T19:38:25.399,tof1,4x4,lying,-1,-1,-1,-1,253,298,-1,-1,257,306,-1,-1,388,314,332,1037,1,0,0,0,1,1,0,0,1,1,0,0,1,1,1,1
2026-07-03T19:38:25.404,tof2,4x4,lying,2987,3272,3290,3310,-1,1816,1344,2735,1471,1667,-1,-1,1087,946,970,-1,1,1,1,1,0,1,1,1,1,1,0,1,1,1,1,1
2026-07-03T19:38:25.553,tof1,4x4,lying,-1,-1,-1,-1,253,299,-1,-1,257,306,328,-1,388,314,332,1037,0,0,0,0,1,1,0,0,1,1,1,0,1,1,1,1
2026-07-03T19:38:25.592,tof2,4x4,lying,2987,3272,-1,3303,2132,1924,1344,2727,1471,1595,-1,-1,1085,946,972,950,1,1,0,1,1,1,1,1,1,1,0,1,1,1,1,1
2026-07-03T19:38:25.741,tof1,4x4,lying,-1,-1,-1,-1,256,299,-1,-1,257,305,328,-1,388,314,331,1055,1,0,0,0,1,1,0,0,1,1,1,0,1,1,1,1
2026-07-03T19:38:25.754,tof2,4x4,lying,2987,3272,-1,3303,2132,-1,-1,2735,1518,1667,-1,-1,-1,951,972,950,1,1,1,1,1,0,0,1,1,1,1,0,1,1,1,1
2026-07-03T19:38:25.906,tof1,4x4,lying,-1,-1,-1,-1,255,299,-1,-1,257,305,328,-1,388,314,331,1044,0,0,0,1,1,1,0,0,1,1,1,1,1,1,1,1
2026-07-03T19:38:25.908,tof2,4x4,lying,-1,3265,-1,3306,2129,-1,-1,2727,-1,1667,-1,-1,1085,952,970,-1,1,1,0,1,1,0,0,1,1,1,0,1,1,1,1,1
2026-07-03T19:38:26.070,tof1,4x4,lying,-1,-1,-1,-1,255,299,-1,-1,256,304,328,-1,388,313,329,1053,0,0,0,0,1,1,0,0,1,1,1,0,1,1,1,1
2026-07-03T19:38:26.092,tof2,4x4,lying,2947,3258,3319,3303,2129,-1,-1,2727,1524,1667,-1,-1,1087,951,968,948,1,1,1,1,1,0,0,1,1,1,0,0,1,1,1,1
2026-07-03T19:38:26.254,tof1,4x4,lying,-1,-1,-1,-1,255,299,-1,-1,256,304,325,-1,388,313,329,1053,0,0,0,0,1,1,0,0,1,1,1,0,1,1,1,1
2026-07-03T19:38:26.261,tof2,4x4,lying,2938,3258,-1,3303,2148,-1,1344,2735,1627,-1,1291,-1,1089,950,968,948,1,1,0,1,1,0,1,1,1,1,1,0,1,1,1,1
2026-07-03T19:38:26.448,tof1,4x4,lying,-1,-1,-1,-1,255,299,-1,-1,255,305,-1,1967,388,313,329,1044,0,0,0,0,1,1,0,0,1,1,1,1,1,1,1,1
2026-07-03T19:38:26.475,tof2,4x4,lying,2938,3261,-1,3306,2129,-1,-1,2742,1524,1561,-1,-1,1089,950,967,-1,1,1,1,1,1,0,0,1,1,1,0,0,1,1,1,1
2026-07-03T19:38:26.636,tof1,4x4,lying,-1,-1,-1,-1,254,300,414,-1,255,304,328,1967,388,313,329,1044,0,0,0,0,1,1,1,0,1,1,1,1,1,1,1,1
2026-07-03T19:38:26.665,tof2,4x4,lying,-1,3258,-1,-1,2109,-1,1344,2742,1553,1565,-1,-1,1091,944,968,953,1,1,0,1,1,0,1,1,1,1,0,0,1,1,1,1
2026-07-03T19:38:26.874,tof2,4x4,lying,-1,3258,-1,3306,2119,-1,-1,2742,1553,1561,1291,-1,-1,944,968,-1,0,1,0,1,1,0,0,1,1,1,1,0,1,1,1,1
2026-07-03T19:38:26.885,tof1,4x4,lying,-1,-1,-1,-1,254,298,414,-1,255,303,325,-1,387,313,329,1037,0,0,0,0,1,1,1,0,1,1,1,0,1,1,1,1
2026-07-03T19:38:27.060,tof2,4x4,lying,-1,3261,-1,3308,2109,-1,-1,2733,-1,1538,-1,-1,1089,944,970,953,1,1,0,1,1,0,0,1,1,1,0,1,1,1,1,1
2026-07-03T19:38:27.070,tof1,4x4,lying,-1,-1,-1,-1,253,297,-1,-1,254,303,325,-1,387,314,329,1037,1,0,0,0,1,1,0,0,1,1,1,1,1,1,1,1
2026-07-03T19:38:27.253,tof2,4x4,lying,2947,3258,-1,3308,2102,-1,-1,2724,1527,-1,-1,-1,1089,944,970,962,1,1,1,1,1,1,0,1,1,1,0,0,1,1,1,1
2026-07-03T19:38:27.257,tof1,4x4,lying,-1,-1,-1,-1,252,297,-1,-1,252,302,325,-1,387,314,328,1037,1,0,0,0,1,1,0,0,1,1,1,0,1,1,1,1
2026-07-03T19:38:27.415,tof2,4x4,lying,-1,3258,-1,3325,-1,1924,1359,2724,-1,1538,-1,-1,1092,946,975,962,1,1,1,1,1,1,1,1,1,1,0,0,1,1,1,1
2026-07-03T19:38:27.449,tof1,4x4,lying,-1,-1,-1,-1,-1,287,414,-1,247,297,324,-1,384,315,329,1032,0,1,0,0,0,1,1,0,1,1,1,0,1,1,1,1
2026-07-03T19:38:27.572,tof2,4x4,lying,2991,3258,-1,3325,2109,1755,-1,2724,-1,1538,1220,-1,1092,956,975,963,1,1,0,1,1,1,0,1,1,1,1,0,1,1,1,1
2026-07-03T19:38:27.640,tof1,4x4,lying,-1,-1,-1,-1,-1,-1,412,-1,227,278,320,-1,377,315,329,1040,0,0,0,0,0,0,1,0,1,1,1,0,1,1,1,1
2026-07-03T19:38:27.734,tof2,4x4,lying,2991,3262,-1,3325,-1,-1,1359,2724,1491,1538,-1,-1,1092,946,976,962,1,1,0,1,1,0,1,1,1,1,0,0,1,1,1,1
2026-07-03T19:38:27.801,tof1,4x4,lying,-1,-1,-1,-1,-1,-1,-1,-1,200,243,305,1946,217,315,327,1040,0,0,0,0,0,0,0,0,1,1,1,1,1,1,1,1
2026-07-03T19:38:27.906,tof2,4x4,lying,3013,3267,-1,3299,2119,-1,-1,2726,-1,1594,-1,-1,1092,941,976,-1,1,1,1,1,1,0,0,1,1,1,0,0,1,1,1,1
2026-07-03T19:38:27.976,tof1,4x4,lying,-1,-1,-1,-1,-1,271,292,-1,198,220,276,1905,164,242,322,1005,0,0,0,0,0,1,1,0,1,1,1,1,1,1,1,1
2026-07-03T19:38:28.072,tof2,4x4,lying,2998,3268,3290,3299,2144,1685,1359,2735,1527,1594,1319,-1,1092,941,976,-1,1,1,1,1,1,1,1,1,1,1,1,1,1,1,1,1
2026-07-03T19:38:28.134,tof1,4x4,lying,3272,261,252,-1,246,258,289,359,-1,220,276,443,164,186,303,416,1,1,1,0,1,1,1,1,0,1,1,1,1,1,1,1
2026-07-03T19:38:28.246,tof2,4x4,lying,2997,3270,-1,3299,2144,-1,-1,2726,1491,1594,-1,-1,1090,941,976,962,1,1,1,1,1,0,1,1,1,1,1,0,1,1,1,1
2026-07-03T19:38:28.313,tof1,4x4,lying,-1,301,312,385,246,-1,-1,378,198,-1,259,319,164,186,303,365,0,1,1,1,1,0,0,1,1,0,1,1,1,1,1,1
2026-07-03T19:38:28.401,tof2,4x4,lying,2997,3270,-1,3299,-1,-1,1396,2726,1491,1289,-1,-1,1089,941,970,963,1,1,1,1,0,1,1,1,1,1,0,0,1,1,1,1
2026-07-03T19:38:28.495,tof1,4x4,lying,-1,358,372,416,246,258,289,378,200,220,259,-1,182,186,246,347,0,1,1,1,1,1,1,1,1,1,1,1,1,1,1,1
2026-07-03T19:38:28.562,tof2,4x4,lying,-1,3267,-1,3331,-1,1674,1396,2726,1032,-1,-1,-1,993,1037,957,992,1,1,1,1,1,1,1,1,1,1,0,0,1,1,1,1
2026-07-03T19:38:28.684,tof1,4x4,lying,-1,414,426,448,402,258,289,476,358,222,300,319,343,225,230,226,0,1,1,1,1,1,1,1,1,1,1,1,1,1,1,1
2026-07-03T19:38:28.746,tof2,4x4,lying,2997,3266,-1,3331,2144,1637,1378,2719,1032,-1,-1,-1,993,1061,957,997,1,1,1,1,1,1,1,1,1,1,0,0,1,1,1,1
2026-07-03T19:38:28.850,tof1,4x4,lying,-1,501,480,-1,402,401,-1,-1,358,350,310,443,356,322,230,226,0,1,1,1,1,1,0,0,1,1,1,1,1,1,1,1
2026-07-03T19:38:28.909,tof2,4x4,lying,2997,3265,3319,3336,-1,1492,1466,2719,1032,1236,-1,-1,993,-1,952,997,1,1,1,1,0,1,1,1,1,1,0,0,1,1,1,1
2026-07-03T19:38:29.019,tof1,4x4,lying,-1,-1,-1,-1,477,457,-1,-1,396,382,373,443,359,341,246,219,0,0,0,0,1,1,0,0,1,1,1,1,1,1,1,1
2026-07-03T19:38:29.092,tof2,4x4,lying,2997,3265,-1,3348,-1,1464,1467,2746,1515,1173,1319,-1,993,1061,952,1042,1,1,0,1,0,1,1,1,1,1,1,0,1,1,1,1
2026-07-03T19:38:29.188,tof1,4x4,lying,-1,-1,-1,-1,-1,-1,-1,-1,396,-1,394,360,359,342,246,215,0,0,0,0,0,0,0,0,1,0,1,1,1,1,1,1
2026-07-03T19:38:29.248,tof2,4x4,lying,3001,3257,-1,3336,2127,-1,-1,2736,1537,1134,1220,-1,993,-1,935,1042,1,1,1,1,1,1,1,1,1,1,1,0,1,1,1,1
2026-07-03T19:38:29.370,tof1,4x4,lying,-1,-1,-1,-1,-1,-1,-1,-1,-1,414,394,360,359,350,232,208,0,0,0,0,0,0,0,0,0,1,1,1,1,1,1,1
2026-07-03T19:38:29.444,tof2,4x4,lying,-1,3256,-1,3323,2121,1355,-1,2736,1568,1134,1220,-1,997,1061,935,1047,0,1,1,1,1,1,0,1,1,1,1,0,1,1,1,1
2026-07-03T19:38:29.600,tof1,4x4,lying,-1,-1,-1,-1,-1,-1,-1,-1,-1,414,394,-1,405,350,232,191,0,0,0,0,0,0,0,0,0,1,1,0,1,1,1,1
2026-07-03T19:38:29.635,tof2,4x4,lying,3003,3256,-1,-1,-1,-1,1378,2736,1599,1130,941,-1,966,1055,1014,1049,1,1,0,1,1,0,1,1,1,1,1,0,1,1,1,1
2026-07-03T19:38:29.756,tof1,4x4,lying,-1,-1,-1,-1,-1,-1,-1,-1,-1,423,-1,-1,415,350,196,184,1,0,0,0,0,0,0,0,0,1,0,0,1,1,1,1
2026-07-03T19:38:29.807,tof2,4x4,lying,-1,3257,-1,3323,2121,-1,1367,2731,1599,1071,935,-1,964,-1,1024,-1,1,1,0,1,1,0,1,1,1,1,1,1,1,1,1,1
2026-07-03T19:38:29.913,tof1,4x4,lying,-1,-1,-1,-1,-1,-1,-1,-1,414,471,-1,-1,415,378,196,184,1,0,0,0,0,0,0,0,1,1,1,0,1,1,1,1
2026-07-03T19:38:29.966,tof2,4x4,lying,3008,3252,-1,3298,2115,1355,890,2730,1537,951,934,1280,966,1054,1024,1050,1,1,0,1,1,1,1,1,1,1,1,1,1,1,1,1
2026-07-03T19:38:30.098,tof1,4x4,lying,-1,-1,-1,-1,-1,-1,-1,-1,-1,488,426,-1,415,378,196,184,0,0,0,0,0,0,0,0,0,1,1,0,1,1,1,1
2026-07-03T19:38:30.134,tof2,4x4,lying,3008,3251,3319,3298,-1,-1,889,2726,1635,951,934,1280,997,832,-1,1050,1,1,1,1,0,0,1,1,1,1,1,1,1,1,1,1
2026-07-03T19:38:30.290,tof1,4x4,lying,-1,-1,-1,-1,-1,-1,-1,-1,-1,490,429,360,405,372,208,194,0,0,0,0,0,0,0,0,0,1,1,1,1,1,1,1
2026-07-03T19:38:30.310,tof2,4x4,lying,3011,3252,-1,3308,2127,-1,889,2726,900,871,934,913,1084,785,1034,1050,1,1,0,1,1,1,1,1,1,1,1,1,1,1,1,1
2026-07-03T19:38:30.445,tof1,4x4,lying,-1,-1,-1,-1,-1,-1,-1,-1,-1,491,-1,275,413,378,211,194,0,0,0,0,0,0,0,0,0,1,0,1,1,1,1,1
2026-07-03T19:38:30.508,tof2,4x4,lying,3008,3252,-1,3298,-1,-1,890,2730,814,871,934,-1,1084,785,1034,1038,1,1,0,1,0,1,1,1,1,1,1,1,1,1,1,1
2026-07-03T19:38:30.659,tof2,4x4,lying,-1,3252,-1,3289,2115,-1,884,2732,814,871,927,-1,1084,785,1034,1038,1,1,0,1,1,0,1,1,1,1,1,0,1,1,1,1
2026-07-03T19:38:30.771,tof1,4x4,lying,-1,-1,-1,-1,-1,-1,-1,-1,-1,-1,-1,-1,413,382,272,214,0,0,0,0,0,0,0,0,0,0,0,0,1,1,1,1
2026-07-03T19:38:30.928,tof2,4x4,lying,3008,3256,-1,3305,2103,1337,884,2735,854,889,916,-1,825,935,1034,1038,1,1,0,1,1,1,1,1,1,1,1,0,1,1,1,1
2026-07-03T19:38:31.036,tof1,4x4,lying,-1,-1,-1,-1,-1,-1,-1,-1,-1,-1,-1,-1,401,382,280,227,0,0,0,0,0,0,0,0,0,0,0,0,1,1,1,1
2026-07-03T19:38:31.135,tof2,4x4,lying,-1,3256,-1,3291,2102,906,-1,2741,854,889,916,-1,825,1043,-1,1041,1,1,0,1,1,1,1,1,1,1,1,0,1,1,1,1
2026-07-03T19:38:31.205,tof1,4x4,lying,-1,-1,-1,-1,-1,-1,-1,-1,428,491,-1,-1,399,378,328,227,1,0,0,0,0,0,0,0,1,1,0,0,1,1,1,1
2026-07-03T19:38:31.297,tof2,4x4,lying,3003,3252,-1,3291,2102,844,-1,2741,932,889,861,-1,825,1044,1028,1041,1,1,1,1,1,1,0,1,1,1,1,0,1,1,1,1
2026-07-03T19:38:31.376,tof1,4x4,lying,-1,-1,-1,-1,-1,-1,-1,-1,-1,491,-1,-1,413,403,351,227,0,0,0,0,0,0,0,0,0,1,1,0,1,1,1,1
2026-07-03T19:38:31.479,tof2,4x4,lying,3003,3256,-1,3291,2097,825,927,2796,948,889,861,-1,839,1054,1028,1042,1,1,1,1,1,1,1,1,1,1,1,0,1,1,1,1
2026-07-03T19:38:31.552,tof1,4x4,lying,-1,-1,-1,-1,-1,-1,-1,-1,-1,-1,-1,-1,-1,406,356,227,0,0,0,0,0,0,0,0,0,0,1,1,0,1,1,1
2026-07-03T19:38:31.646,tof2,4x4,lying,3003,3252,-1,3305,-1,825,-1,2801,959,884,861,-1,839,-1,1022,-1,1,1,1,1,1,1,0,1,1,1,1,0,1,1,1,1
2026-07-03T19:38:31.755,tof1,4x4,lying,-1,-1,-1,-1,-1,-1,-1,-1,-1,-1,-1,261,416,406,356,227,0,0,0,0,0,0,0,0,0,0,0,1,1,1,1,1
2026-07-03T19:38:31.807,tof2,4x4,lying,3015,3252,-1,3291,-1,825,-1,2815,1236,884,868,-1,841,1054,1022,1047,1,1,0,1,1,1,1,1,1,1,1,0,1,1,1,1
2026-07-03T19:38:34.819,tof2,4x4,lying,3003,3252,-1,3311,2101,834,927,2819,1408,894,871,-1,855,-1,1012,1042,1,1,0,1,1,1,1,1,1,1,1,0,1,1,1,1
2026-07-03T19:38:34.922,tof1,4x4,lying,-1,-1,-1,-1,-1,-1,-1,-1,-1,496,485,-1,-1,424,356,202,0,0,0,0,0,0,0,0,0,1,1,0,0,1,1,1
2026-07-03T19:38:35.222,tof2,4x4,lying,3003,3255,-1,3304,-1,850,2147,2841,1440,907,871,-1,-1,1044,1012,1042,1,1,0,1,0,1,1,1,1,1,1,1,1,1,1,1
2026-07-03T19:38:35.269,tof1,4x4,lying,-1,-1,-1,-1,-1,-1,-1,-1,-1,-1,-1,-1,-1,432,390,202,0,1,0,0,0,0,0,0,0,0,0,0,0,1,1,1
2026-07-03T19:38:35.381,tof2,4x4,lying,3003,3255,-1,3311,-1,868,2175,3434,1440,912,871,-1,-1,-1,1005,1032,1,1,0,1,0,1,1,1,1,1,1,0,1,1,1,1
2026-07-03T19:38:35.455,tof1,4x4,lying,-1,-1,-1,-1,-1,-1,-1,-1,-1,-1,-1,-1,-1,432,394,202,1,0,0,0,1,0,0,0,0,0,0,0,0,1,1,1
2026-07-03T19:38:35.541,tof2,4x4,lying,3003,3255,-1,3304,-1,1236,-1,3443,1440,1227,871,-1,855,1040,844,1032,1,1,0,1,0,1,0,1,1,1,1,0,1,1,1,1
2026-07-03T19:38:35.668,tof1,4x4,lying,-1,-1,-1,-1,-1,-1,-1,-1,-1,-1,-1,-1,-1,432,407,222,0,0,0,0,0,0,0,0,0,0,0,0,0,1,1,1
2026-07-03T19:38:35.689,tof2,4x4,lying,-1,3255,-1,3304,2101,1293,2194,3482,-1,1227,871,-1,-1,948,780,1032,1,1,0,1,1,1,1,1,1,1,1,0,1,1,1,1
2026-07-03T19:38:35.850,tof1,4x4,lying,-1,-1,-1,-1,-1,-1,-1,-1,-1,-1,-1,-1,-1,433,410,224,0,0,0,0,0,0,0,0,0,0,0,0,0,1,1,1
2026-07-03T19:38:35.867,tof2,4x4,lying,2968,3255,-1,3304,2101,1302,2194,3482,-1,1230,871,-1,861,941,780,1047,1,1,1,1,1,1,1,1,1,1,1,0,1,1,1,1
2026-07-03T19:38:36.003,tof1,4x4,lying,-1,-1,-1,-1,-1,-1,-1,-1,-1,-1,-1,-1,-1,435,411,224,0,0,0,0,0,0,0,0,0,0,0,0,0,1,1,1
2026-07-03T19:38:36.684,tof2,4x4,lying,-1,3248,-1,3313,2101,1351,2175,3482,1438,1230,899,913,884,941,-1,1053,0,1,0,1,1,1,1,1,1,1,1,1,1,1,1,1
2026-07-03T19:38:37.620,tof1,4x4,lying,-1,-1,-1,-1,-1,-1,-1,-1,-1,-1,-1,261,-1,438,411,225,1,0,0,0,0,0,0,0,1,0,0,1,0,1,1,1
2026-07-03T19:38:38.099,tof1,4x4,lying,-1,-1,-1,-1,-1,-1,-1,-1,-1,-1,-1,456,-1,438,419,225,1,0,0,0,0,0,1,0,0,0,0,1,0,1,1,1
2026-07-03T19:38:38.110,tof2,4x4,lying,2968,3248,-1,3313,2101,-1,-1,3482,1406,1227,1409,-1,927,941,-1,1053,1,1,0,1,1,1,0,1,1,1,1,0,1,1,1,1
2026-07-03T19:38:38.258,tof1,4x4,lying,-1,-1,-1,-1,-1,-1,-1,-1,-1,-1,-1,1033,-1,441,419,228,0,0,0,0,0,0,0,0,0,0,0,1,0,1,1,1
2026-07-03T19:38:38.293,tof2,4x4,lying,2966,3257,-1,3313,2081,-1,-1,3474,954,1213,1409,-1,1002,986,-1,1056,1,1,0,1,1,0,0,1,1,1,1,0,1,1,1,1
2026-07-03T19:38:38.520,tof1,4x4,lying,-1,-1,-1,-1,-1,-1,-1,-1,-1,-1,-1,1041,-1,441,419,228,0,0,0,1,0,0,1,0,0,0,0,1,0,1,1,1
2026-07-03T19:38:38.602,tof2,4x4,lying,2970,3254,-1,3316,952,-1,2155,3474,952,-1,1409,-1,1002,1010,-1,1051,1,1,1,1,1,1,1,1,1,1,1,0,1,1,1,1
2026-07-03T19:38:38.731,tof1,4x4,lying,-1,-1,-1,-1,-1,-1,-1,-1,-1,-1,-1,1041,-1,441,422,228,0,0,0,0,0,0,0,0,0,0,0,1,0,1,1,1
2026-07-03T19:38:38.789,tof2,4x4,lying,2970,3254,-1,3313,939,-1,-1,3470,952,1213,1384,-1,1002,1019,780,1054,1,1,0,1,1,1,0,1,1,1,1,0,1,1,1,1
2026-07-03T19:38:38.905,tof1,4x4,lying,-1,-1,-1,-1,-1,-1,467,-1,-1,-1,-1,1042,-1,440,421,228,0,1,0,0,0,1,1,0,0,0,0,1,0,1,1,1
2026-07-03T19:38:38.975,tof2,4x4,lying,2990,3257,-1,3322,936,-1,-1,3470,953,1201,-1,-1,1003,1020,810,1051,1,1,0,1,1,0,0,1,1,1,1,0,1,1,1,1
2026-07-03T19:38:39.057,tof1,4x4,lying,-1,-1,-1,-1,-1,-1,-1,-1,-1,-1,-1,1042,-1,439,419,228,0,0,0,0,0,0,1,0,0,0,0,1,1,1,1,1
2026-07-03T19:38:39.146,tof2,4x4,lying,3026,3254,-1,3329,921,-1,2155,3470,952,1181,1380,-1,1004,1020,938,1047,1,1,0,1,1,1,1,1,1,1,1,0,1,1,1,1
2026-07-03T19:38:39.235,tof1,4x4,lying,-1,-1,-1,-1,-1,-1,-1,-1,-1,-1,-1,1054,-1,439,421,228,0,0,0,0,0,0,1,0,0,0,0,1,0,1,1,1
2026-07-03T19:38:39.385,tof1,4x4,lying,-1,-1,-1,-1,-1,-1,-1,-1,-1,-1,-1,1054,-1,439,421,228,0,0,0,0,0,0,0,1,0,0,0,1,0,1,1,1
2026-07-03T19:38:39.576,tof2,4x4,lying,3026,3253,-1,3322,919,-1,-1,3470,953,-1,-1,-1,-1,1020,980,1043,1,1,0,1,1,0,1,1,1,1,1,0,1,1,1,1
2026-07-03T19:38:39.656,tof1,4x4,lying,-1,-1,-1,-1,-1,-1,-1,-1,-1,-1,-1,1054,-1,439,418,228,0,0,0,0,0,0,0,0,0,0,0,1,0,1,1,1
2026-07-03T19:38:39.769,tof2,4x4,lying,3027,3253,-1,3333,919,-1,-1,3470,953,1180,-1,-1,1005,1020,980,1047,1,1,1,1,1,1,0,1,1,1,1,0,1,1,1,1
2026-07-03T19:38:39.840,tof1,4x4,lying,-1,-1,-1,-1,-1,-1,-1,-1,-1,-1,-1,1054,-1,439,418,228,0,0,0,0,0,0,0,1,0,0,0,1,0,1,1,1
2026-07-03T19:38:39.943,tof2,4x4,lying,-1,3254,-1,3333,919,-1,-1,3454,951,-1,1380,-1,1004,1019,998,1047,1,1,0,1,1,1,1,1,1,1,1,0,1,1,1,1
2026-07-03T19:38:40.021,tof1,4x4,lying,-1,-1,-1,-1,-1,-1,-1,-1,-1,-1,-1,1055,-1,439,417,229,0,0,0,0,0,0,0,0,0,0,0,1,0,1,1,1
2026-07-03T19:38:40.104,tof2,4x4,lying,3035,3246,-1,3313,921,-1,2145,3454,951,-1,-1,-1,1005,1019,999,1047,1,1,1,1,1,0,1,1,1,0,1,0,1,1,1,1
2026-07-03T19:38:40.182,tof1,4x4,lying,-1,-1,-1,-1,-1,-1,-1,-1,-1,-1,-1,1042,-1,440,417,229,0,0,0,0,0,1,1,0,0,0,0,1,0,1,1,1
2026-07-03T19:38:40.266,tof2,4x4,lying,3035,3254,-1,3313,919,-1,2155,3457,951,-1,1357,-1,1004,1019,-1,1047,1,1,0,1,1,0,1,1,1,1,1,0,1,1,1,1
2026-07-03T19:38:40.362,tof1,4x4,lying,-1,-1,-1,-1,-1,-1,-1,-1,-1,-1,-1,1042,-1,440,417,229,0,0,0,0,0,0,1,0,0,0,0,1,0,1,1,1
2026-07-03T19:38:40.424,tof2,4x4,lying,3027,3255,-1,3333,927,-1,2195,3488,951,-1,1357,-1,1005,1019,999,1047,1,1,1,1,1,0,1,1,1,1,1,0,1,1,1,1
2026-07-03T19:38:40.521,tof1,4x4,lying,-1,-1,-1,-1,-1,-1,-1,-1,-1,-1,-1,1042,-1,441,417,229,0,0,0,0,0,0,0,0,0,0,0,1,0,1,1,1
2026-07-03T19:38:40.595,tof2,4x4,lying,-1,3256,-1,3313,927,-1,2195,3461,952,1201,1380,-1,1004,1019,-1,1050,1,1,1,1,1,0,1,1,1,1,1,0,1,1,1,1
2026-07-03T19:38:40.685,tof1,4x4,lying,-1,-1,-1,-1,-1,-1,-1,-1,-1,-1,-1,1062,-1,441,417,229,0,0,0,0,0,0,0,1,0,0,0,1,0,1,1,1
2026-07-03T19:38:40.787,tof2,4x4,lying,3027,3257,-1,3313,924,-1,2195,3469,952,-1,1409,-1,1009,1019,-1,1047,1,1,0,1,1,0,1,1,1,1,1,0,1,1,1,1
2026-07-03T19:38:40.892,tof1,4x4,lying,-1,-1,-1,-1,-1,-1,-1,-1,-1,-1,-1,1062,-1,441,418,228,0,0,1,0,0,0,0,0,0,0,0,1,0,1,1,1
2026-07-03T19:38:41.070,tof2,4x4,lying,-1,3257,-1,3304,924,1351,2195,3469,953,1201,1409,-1,1007,-1,-1,1047,0,1,1,1,1,1,1,1,1,1,1,0,1,1,1,1
2026-07-03T19:38:41.072,tof1,4x4,lying,-1,-1,-1,-1,-1,-1,-1,-1,-1,-1,-1,1062,-1,442,420,228,0,0,0,0,0,0,0,1,0,0,0,1,0,1,1,1
2026-07-03T19:38:41.262,tof2,4x4,lying,3034,3257,-1,3304,924,2137,2182,3461,954,-1,1409,-1,1009,1014,-1,1047,1,1,0,1,1,1,1,1,1,1,1,1,1,1,1,1
2026-07-03T19:38:41.393,tof1,4x4,lying,-1,-1,-1,-1,-1,-1,-1,-1,-1,-1,-1,1062,-1,445,423,228,0,0,0,0,0,0,0,0,0,0,0,1,0,1,1,1
2026-07-03T19:38:41.432,tof2,4x4,lying,3011,3247,-1,3304,924,2137,2175,3461,955,-1,1453,-1,1009,1014,971,1048,1,1,1,1,1,1,1,1,1,0,1,0,1,1,1,1
2026-07-03T19:38:41.568,tof1,4x4,lying,-1,-1,-1,-1,-1,-1,-1,-1,-1,-1,-1,1068,-1,445,423,228,0,0,0,0,0,0,0,0,0,0,0,1,0,1,1,1
2026-07-03T19:38:41.623,tof2,4x4,lying,2980,3247,-1,3304,921,2140,2175,3469,955,1201,1453,-1,1014,1014,971,1047,1,1,1,1,1,1,1,1,1,1,1,0,1,1,1,1
2026-07-03T19:38:41.726,tof1,4x4,lying,-1,-1,-1,-1,-1,-1,-1,-1,-1,-1,-1,1068,-1,445,424,228,0,0,0,0,0,0,0,0,0,0,0,1,0,1,1,1
2026-07-03T19:38:41.823,tof2,4x4,lying,-1,3247,-1,3299,924,2140,2182,3483,955,-1,1428,-1,1014,1023,971,1044,1,1,0,1,1,1,1,1,1,1,1,0,1,1,1,1
2026-07-03T19:38:42.389,tof1,4x4,lying,-1,-1,-1,-1,-1,-1,-1,-1,-1,-1,-1,1048,-1,445,424,229,0,0,0,0,0,0,0,0,0,0,0,1,0,1,1,1
2026-07-03T19:38:42.391,tof2,4x4,lying,2972,3247,-1,-1,924,2140,2175,3493,955,-1,1428,-1,1014,1023,-1,1044,1,1,0,1,1,1,1,1,1,1,1,0,1,1,1,1
2026-07-03T19:38:42.549,tof1,4x4,lying,-1,-1,-1,-1,-1,-1,-1,-1,-1,-1,-1,1046,-1,443,424,229,0,0,0,1,0,0,0,0,0,0,0,1,0,1,1,1
2026-07-03T19:38:42.571,tof2,4x4,lying,2972,3251,-1,3309,931,2111,-1,3498,955,-1,-1,-1,-1,1023,971,1044,1,1,1,1,1,1,0,1,1,1,1,0,1,1,1,1
2026-07-03T19:38:42.732,tof1,4x4,lying,-1,-1,-1,-1,-1,-1,-1,-1,-1,-1,-1,1041,-1,443,424,230,0,0,0,0,0,0,0,0,0,0,0,1,0,1,1,1
2026-07-03T19:38:42.801,tof2,4x4,lying,2972,3258,3319,3301,924,-1,2179,3493,955,-1,-1,-1,1013,1023,971,1044,1,1,1,1,1,1,1,1,1,1,0,0,1,1,1,1
2026-07-03T19:38:42.926,tof1,4x4,lying,-1,-1,-1,-1,-1,-1,-1,-1,-1,-1,-1,1038,-1,442,423,229,0,0,0,0,0,0,0,0,0,0,0,1,0,1,1,1
2026-07-03T19:38:42.963,tof2,4x4,lying,2996,3251,-1,3301,925,2140,2179,3498,953,1214,1500,-1,1013,1017,-1,1044,1,1,1,1,1,1,1,1,1,1,1,1,1,1,1,1
2026-07-03T19:38:43.102,tof1,4x4,lying,-1,-1,-1,-1,-1,-1,-1,-1,-1,-1,-1,1032,-1,442,422,229,0,0,0,0,0,0,0,0,0,0,0,1,0,1,1,1
2026-07-03T19:38:43.160,tof2,4x4,lying,-1,3247,-1,3305,925,-1,-1,3493,952,-1,1500,-1,1013,1017,-1,1046,1,1,0,1,1,1,1,1,1,0,1,0,1,1,1,1
2026-07-03T19:38:43.273,tof1,4x4,lying,-1,-1,-1,-1,-1,-1,-1,-1,-1,-1,-1,1038,-1,442,422,229,0,0,0,0,0,0,0,0,0,0,0,1,0,1,1,1
2026-07-03T19:38:43.344,tof2,4x4,lying,2996,3253,-1,3309,925,2123,2145,3484,952,-1,-1,-1,-1,1017,-1,1046,1,1,1,1,1,1,1,1,1,1,1,0,1,1,1,1
2026-07-03T19:38:43.459,tof1,4x4,lying,-1,-1,-1,-1,-1,-1,-1,-1,-1,-1,-1,1041,-1,442,423,228,1,0,0,0,0,0,0,0,0,0,0,1,0,1,1,1
2026-07-03T19:38:43.866,tof2,4x4,lying,2996,3253,-1,3318,920,2111,2145,3484,951,-1,1508,-1,1015,1016,-1,1047,1,1,0,1,1,1,1,1,1,0,1,0,1,1,1,1
2026-07-03T19:38:43.935,tof1,4x4,lying,-1,-1,-1,-1,-1,-1,-1,-1,-1,-1,-1,1063,-1,444,423,227,0,0,0,0,0,0,0,0,0,0,0,1,0,1,1,1
2026-07-03T19:38:44.057,tof2,4x4,lying,2996,3251,-1,3337,920,2123,2179,3511,949,-1,1508,-1,-1,1016,978,1051,1,1,0,1,1,1,1,1,1,0,1,0,1,1,1,1
2026-07-03T19:38:44.130,tof1,4x4,lying,-1,-1,-1,-1,-1,-1,-1,-1,-1,-1,-1,1063,-1,446,424,228,0,0,0,0,0,0,0,0,0,0,0,1,0,1,1,1
2026-07-03T19:38:44.288,tof2,4x4,lying,3001,3253,-1,3318,907,2123,-1,3484,946,1214,1508,-1,1015,-1,978,-1,1,1,0,1,1,1,1,1,1,1,1,0,1,1,1,1
2026-07-03T19:38:44.311,tof1,4x4,lying,-1,-1,-1,-1,-1,-1,-1,-1,-1,-1,-1,1069,-1,446,424,228,1,0,0,0,0,0,0,0,0,0,0,1,0,1,1,1
2026-07-03T19:38:44.491,tof2,4x4,lying,3005,3253,3315,3318,907,-1,2127,3480,922,-1,-1,-1,-1,-1,-1,1051,1,1,1,1,1,1,1,1,1,1,1,0,1,1,1,1
2026-07-03T19:38:44.528,tof1,4x4,lying,-1,-1,-1,-1,-1,-1,-1,-1,-1,-1,-1,1088,-1,446,424,228,0,0,0,0,0,0,0,0,0,0,0,1,0,1,1,1
2026-07-03T19:38:44.653,tof2,4x4,lying,3011,3253,-1,3341,905,1345,-1,3496,910,1214,-1,-1,1015,1016,-1,1051,1,1,0,1,1,1,1,1,1,1,1,0,1,1,1,1
2026-07-03T19:38:44.679,tof1,4x4,lying,-1,-1,-1,-1,-1,-1,-1,-1,-1,-1,-1,1073,-1,443,424,228,1,0,0,0,0,0,0,0,0,0,0,1,0,1,1,1
2026-07-03T19:38:44.812,tof2,4x4,lying,-1,3253,3323,3310,880,1327,-1,3480,910,1195,1474,-1,1015,1010,978,1051,0,1,1,1,1,1,0,1,1,1,1,0,1,1,1,1
2026-07-03T19:38:44.833,tof1,4x4,lying,-1,-1,-1,-1,-1,-1,-1,-1,-1,-1,-1,-1,-1,443,423,229,0,0,0,0,0,0,0,0,0,0,0,0,0,1,1,1
2026-07-03T19:38:44.968,tof2,4x4,lying,3011,3253,-1,3310,880,1320,2168,3453,889,-1,1430,-1,992,1016,-1,1051,1,1,0,1,1,1,1,1,1,1,1,0,1,1,1,1
2026-07-03T19:38:44.992,tof1,4x4,lying,-1,-1,-1,-1,-1,-1,-1,-1,-1,-1,-1,1073,-1,443,423,230,0,0,0,0,0,0,0,0,0,0,0,1,0,1,1,1
2026-07-03T19:38:45.140,tof2,4x4,lying,3005,3253,-1,-1,880,1320,2168,3453,889,-1,-1,-1,951,1008,978,1051,1,1,1,1,1,1,1,1,1,0,1,0,1,1,1,1
2026-07-03T19:38:45.171,tof1,4x4,lying,-1,-1,-1,-1,-1,-1,-1,-1,-1,-1,-1,1073,-1,447,424,230,0,0,0,0,0,0,0,0,0,0,0,1,1,1,1,1
2026-07-03T19:38:45.300,tof2,4x4,lying,2998,3258,-1,3310,876,1345,2168,3479,886,-1,1389,-1,940,1006,-1,1051,1,1,0,1,1,1,1,1,1,1,1,0,1,1,1,1
2026-07-03T19:38:45.367,tof1,4x4,lying,-1,-1,-1,-1,-1,-1,-1,-1,-1,-1,-1,-1,-1,447,425,231,0,0,0,0,0,0,0,0,0,0,0,0,0,1,1,1
2026-07-03T19:38:45.465,tof2,4x4,lying,2998,3253,-1,3310,876,2121,-1,3456,877,-1,1430,913,925,-1,978,1051,1,1,0,1,1,1,1,1,1,0,1,1,1,1,1,1
2026-07-03T19:38:45.533,tof1,4x4,lying,-1,-1,-1,-1,-1,-1,-1,-1,-1,-1,-1,1071,-1,447,429,232,0,0,0,0,0,0,0,0,0,0,0,1,0,1,1,1
2026-07-03T19:38:45.624,tof2,4x4,lying,-1,3253,-1,3306,874,-1,2168,3479,877,-1,-1,-1,925,1006,-1,1048,1,1,0,1,1,0,1,1,1,1,1,0,1,1,1,1
2026-07-03T19:38:45.697,tof1,4x4,lying,-1,-1,-1,-1,-1,-1,-1,-1,-1,-1,-1,-1,-1,444,429,232,0,0,0,0,0,0,0,0,0,0,0,0,0,1,1,1
2026-07-03T19:38:45.783,tof2,4x4,lying,2973,3265,-1,3306,874,2121,-1,3489,877,1195,-1,-1,925,1006,-1,1048,1,1,0,1,1,1,1,1,1,1,1,0,1,1,1,1
2026-07-03T19:38:45.885,tof1,4x4,lying,-1,-1,-1,-1,-1,-1,-1,-1,-1,-1,-1,-1,-1,444,429,232,0,0,0,0,0,0,0,0,0,0,0,0,0,1,1,1
2026-07-03T19:38:45.947,tof2,4x4,lying,2973,3253,-1,3306,874,2130,2174,3492,877,1140,1443,-1,925,1006,974,1048,1,1,0,1,1,1,1,1,1,1,1,0,1,1,1,1
2026-07-03T19:38:46.048,tof1,4x4,lying,-1,-1,-1,-1,-1,-1,-1,-1,-1,-1,-1,1058,-1,443,429,234,0,0,0,0,0,0,0,0,0,0,0,1,0,1,1,1
2026-07-03T19:38:46.113,tof2,4x4,lying,2998,3253,-1,3306,883,2142,2174,3492,877,1137,-1,-1,932,1008,997,1048,1,1,0,1,1,1,1,1,1,1,1,0,1,1,1,1
2026-07-03T19:38:46.209,tof1,4x4,lying,-1,-1,-1,-1,-1,-1,-1,-1,-1,-1,-1,1049,-1,443,426,232,0,0,0,0,0,0,0,0,0,1,0,1,0,1,1,1
2026-07-03T19:38:46.279,tof2,4x4,lying,2973,3254,-1,3319,883,2130,2193,3492,878,-1,1427,-1,932,1011,997,1054,1,1,0,1,1,1,1,1,1,1,1,0,1,1,1,1
2026-07-03T19:38:46.386,tof1,4x4,lying,-1,-1,-1,-1,-1,-1,-1,-1,-1,-1,-1,1049,-1,443,426,232,0,0,0,0,0,0,0,0,0,0,0,1,0,1,1,1
2026-07-03T19:38:46.454,tof2,4x4,lying,-1,3267,-1,3319,883,2081,2193,3492,878,-1,1427,-1,932,1009,-1,1054,1,1,1,1,1,1,1,1,1,1,1,1,1,1,1,1
2026-07-03T19:38:46.568,tof1,4x4,lying,-1,-1,-1,-1,-1,-1,-1,-1,-1,-1,-1,1049,-1,445,427,232,0,0,0,1,0,0,0,0,0,0,0,1,0,1,1,1
2026-07-03T19:38:46.631,tof2,4x4,lying,2973,3256,-1,3319,878,2110,2193,3492,878,-1,1443,-1,923,1012,1002,1048,1,1,0,1,1,1,1,1,1,1,1,0,1,1,1,1
2026-07-03T19:38:46.731,tof1,4x4,lying,-1,-1,-1,-1,-1,-1,-1,-1,-1,-1,-1,1042,-1,445,427,232,0,0,0,0,0,0,0,0,0,0,0,1,0,1,1,1
2026-07-03T19:38:46.805,tof2,4x4,lying,2999,3264,-1,3319,880,2110,2162,3495,877,-1,1427,-1,923,1012,1002,1048,1,1,0,1,1,1,1,1,1,1,1,0,1,1,1,1
2026-07-03T19:38:46.899,tof1,4x4,lying,-1,-1,-1,-1,-1,-1,-1,-1,-1,-1,-1,1042,-1,447,427,232,0,0,0,0,0,0,0,0,0,0,1,1,0,1,1,1
2026-07-03T19:38:46.990,tof2,4x4,lying,3011,3256,-1,3309,-1,-1,2139,3495,878,1140,1418,-1,923,1009,-1,1053,1,1,0,1,0,1,1,1,1,1,1,0,1,1,1,1
2026-07-03T19:38:47.079,tof1,4x4,lying,-1,-1,-1,-1,-1,-1,-1,-1,-1,-1,-1,1052,-1,447,427,233,0,0,0,0,0,0,0,0,0,0,0,1,0,1,1,1
2026-07-03T19:38:47.163,tof2,4x4,lying,-1,3263,-1,3309,880,-1,2139,3542,878,1192,1418,-1,927,1009,-1,1046,1,1,1,1,1,1,1,1,1,1,1,0,1,1,1,1
2026-07-03T19:38:47.247,tof1,4x4,lying,-1,-1,-1,-1,-1,-1,-1,-1,-1,-1,-1,1048,416,447,427,233,1,0,0,0,0,0,0,0,0,0,0,1,1,1,1,1
2026-07-03T19:38:47.336,tof2,4x4,lying,3011,3263,-1,3312,878,2110,2139,3495,878,-1,1418,1304,927,1012,1006,1053,1,1,0,1,1,1,1,1,1,1,1,1,1,1,1,1
2026-07-03T19:38:47.419,tof1,4x4,lying,-1,-1,-1,-1,-1,-1,-1,-1,-1,-1,-1,1048,-1,444,425,232,1,0,0,0,0,0,0,0,0,0,0,1,0,1,1,1
2026-07-03T19:38:47.497,tof2,4x4,lying,3056,3263,-1,3312,880,2110,2139,3495,879,-1,-1,-1,933,1007,-1,1053,1,1,0,1,1,1,1,1,1,0,1,0,1,1,1,1
2026-07-03T19:38:47.576,tof1,4x4,lying,-1,-1,-1,-1,-1,-1,-1,-1,-1,-1,-1,-1,424,441,424,233,0,0,0,0,0,0,0,0,0,0,0,0,1,1,1,1
2026-07-03T19:38:47.666,tof2,4x4,lying,3011,3263,-1,3312,880,2137,-1,3471,879,-1,1418,-1,933,1006,1002,1043,1,1,0,1,1,1,1,1,1,1,1,0,1,1,1,1
2026-07-03T19:38:47.746,tof1,4x4,lying,-1,-1,-1,-1,-1,-1,-1,-1,-1,-1,-1,-1,-1,441,419,232,0,0,0,0,0,0,0,0,0,0,0,0,0,1,1,1
2026-07-03T19:38:47.831,tof2,4x4,lying,3006,3263,-1,3312,-1,2137,2163,3450,879,1173,-1,-1,927,1013,994,1043,1,1,0,1,0,1,1,1,1,1,1,0,1,1,1,1
2026-07-03T19:38:47.930,tof1,4x4,lying,-1,-1,-1,-1,-1,-1,-1,-1,-1,-1,-1,1060,438,440,419,232,0,0,0,0,0,0,0,0,0,0,0,1,1,1,1,1
2026-07-03T19:38:47.999,tof2,4x4,lying,2988,3265,-1,3312,884,2137,2163,3450,879,-1,1418,-1,933,-1,-1,1052,1,1,0,1,1,1,1,1,1,1,1,0,1,1,1,1
2026-07-03T19:38:48.100,tof1,4x4,lying,-1,-1,-1,-1,-1,-1,-1,-1,-1,-1,-1,1048,447,439,418,232,0,0,0,0,0,0,0,0,0,0,0,1,1,1,1,1
2026-07-03T19:38:48.167,tof2,4x4,lying,2984,3267,-1,3313,884,-1,2163,2916,879,-1,1391,-1,929,-1,-1,1043,1,1,1,1,1,1,1,1,1,0,1,1,1,1,1,1
2026-07-03T19:38:48.266,tof1,4x4,lying,-1,-1,-1,-1,-1,-1,-1,-1,-1,-1,-1,-1,-1,437,416,232,0,0,0,0,0,0,0,0,0,0,1,1,0,1,1,1
2026-07-03T19:38:48.362,tof2,4x4,lying,2984,3267,-1,3321,884,1384,2178,2916,878,1192,1391,-1,926,1013,994,1052,1,1,1,1,1,1,1,1,1,1,1,0,1,1,1,1
2026-07-03T19:38:48.446,tof1,4x4,lying,-1,-1,-1,-1,-1,-1,-1,-1,-1,-1,-1,1048,447,436,415,230,0,0,0,0,0,0,0,0,0,0,0,1,1,1,1,1
2026-07-03T19:38:48.595,tof2,4x4,lying,2984,3267,-1,3325,871,1384,-1,2916,880,-1,-1,1304,926,1015,998,1052,1,1,0,1,1,1,1,1,1,1,1,1,1,1,1,1
2026-07-03T19:38:48.755,tof1,4x4,lying,-1,-1,-1,-1,-1,-1,-1,-1,-1,-1,-1,-1,454,436,413,229,0,0,0,0,0,0,0,0,0,0,0,0,1,1,1,1
2026-07-03T19:38:48.840,tof2,4x4,lying,-1,3258,-1,3325,865,-1,-1,3463,878,1192,1407,-1,928,1015,994,1049,1,1,0,1,1,0,0,1,1,1,1,0,1,1,1,1
2026-07-03T19:38:48.909,tof1,4x4,lying,-1,-1,-1,-1,-1,-1,-1,-1,-1,-1,-1,-1,446,432,412,228,0,0,0,0,0,0,0,0,0,0,1,0,1,1,1,1
2026-07-03T19:38:49.009,tof2,4x4,lying,2981,3254,3351,3325,859,-1,2183,3470,875,1173,1407,-1,923,-1,994,1048,1,1,1,1,1,0,1,1,1,1,1,1,1,1,1,1
2026-07-03T19:38:49.091,tof1,4x4,lying,-1,-1,-1,-1,-1,-1,-1,-1,-1,-1,-1,-1,446,432,412,228,0,0,0,0,0,0,0,0,0,0,0,1,1,1,1,1
2026-07-03T19:38:49.196,tof2,4x4,lying,2986,3251,-1,3322,859,-1,-1,3470,870,1173,1407,-1,915,1015,-1,1049,1,1,0,1,1,0,1,1,1,1,1,0,1,1,1,1
2026-07-03T19:38:49.367,tof2,4x4,lying,-1,3254,-1,3322,854,-1,-1,3472,870,1095,-1,-1,915,1022,-1,1049,1,1,0,1,1,0,0,1,1,1,1,0,1,1,1,1
2026-07-03T19:38:49.554,tof2,4x4,lying,3031,3254,3315,3317,-1,-1,2183,3470,870,-1,1407,-1,925,-1,994,1049,1,1,1,1,0,0,1,1,1,1,1,1,1,1,1,1
2026-07-03T19:38:49.721,tof2,4x4,lying,3034,3259,-1,3322,854,-1,2183,3466,870,1089,1422,-1,905,1015,947,1048,1,1,0,1,1,0,1,1,1,1,1,1,1,1,1,1
2026-07-03T19:38:50.240,tof2,4x4,lying,3043,3259,-1,3325,852,-1,-1,3466,870,1080,1422,-1,905,1026,947,1046,1,1,0,1,1,0,1,1,1,1,1,0,1,1,1,1
2026-07-03T19:38:50.437,tof2,4x4,lying,3043,3264,-1,3330,-1,-1,2178,3538,786,996,1526,-1,-1,-1,982,1046,1,1,0,1,0,0,1,1,1,1,1,0,1,1,1,1
2026-07-03T19:38:51.736,tof2,4x4,lying,3043,3264,-1,3325,852,1281,2121,3466,786,985,-1,-1,925,-1,903,1046,1,1,0,1,1,1,1,1,1,1,1,1,1,1,1,1
2026-07-03T19:38:51.913,tof2,4x4,lying,3008,3264,-1,3325,852,1281,2117,3543,786,985,-1,-1,939,-1,903,1046,1,1,0,1,1,1,1,1,1,1,1,0,1,1,1,1
2026-07-03T19:38:51.945,tof1,4x4,lying,-1,-1,-1,-1,-1,-1,-1,-1,-1,-1,-1,-1,446,435,412,228,0,0,0,0,0,0,0,0,0,0,0,0,1,1,1,1
2026-07-03T19:38:52.071,tof2,4x4,lying,3007,3264,-1,3331,2053,1193,1304,3543,1538,-1,1527,-1,1070,1026,790,1048,1,1,0,1,1,1,1,1,1,1,1,0,1,1,1,1
2026-07-03T19:38:52.139,tof1,4x4,lying,3199,-1,-1,-1,411,493,472,-1,483,527,485,1033,452,436,412,228,1,0,0,1,1,1,1,0,1,1,1,1,1,1,1,1
2026-07-03T19:38:52.239,tof2,4x4,lying,3000,3264,-1,3335,-1,1193,1304,3527,1585,-1,1542,-1,1070,1015,781,1049,1,1,0,1,0,1,1,1,1,1,1,0,1,1,1,1
2026-07-03T19:38:52.296,tof1,4x4,lying,397,501,-1,-1,402,457,472,476,483,496,485,1031,452,437,416,228,1,1,0,0,1,1,1,1,1,1,1,1,1,1,1,1
2026-07-03T19:38:52.392,tof2,4x4,lying,3006,3264,-1,3316,-1,1193,1304,3495,1606,964,1581,-1,1075,799,781,1049,1,1,0,1,1,1,1,1,1,1,1,0,1,1,1,1
2026-07-03T19:38:52.465,tof1,4x4,lying,-1,501,480,-1,-1,401,467,476,483,496,483,462,616,-1,445,422,0,1,1,0,0,1,1,1,1,1,1,1,1,1,1,1
2026-07-03T19:38:52.549,tof2,4x4,lying,3006,3262,-1,3298,-1,1267,1374,3495,1606,-1,1622,-1,1075,799,781,1050,1,1,0,1,1,1,1,1,1,0,1,0,1,1,1,1
2026-07-03T19:38:52.676,tof1,4x4,lying,-1,-1,-1,-1,-1,308,354,444,441,345,422,442,-1,437,445,422,0,0,0,0,0,1,1,1,1,1,1,1,1,1,1,1
2026-07-03T19:38:52.731,tof2,4x4,lying,-1,3256,-1,3302,-1,-1,-1,3485,-1,964,1622,-1,1077,783,809,1048,1,1,0,1,0,1,1,1,1,1,1,1,1,1,1,1
2026-07-03T19:38:52.842,tof1,4x4,lying,296,293,480,-1,402,269,254,281,441,314,290,379,616,435,445,422,1,1,1,0,1,1,1,1,1,1,1,1,1,1,1,1
2026-07-03T19:38:52.906,tof2,4x4,lying,3006,3258,-1,3302,2121,1318,1456,3480,-1,964,1622,-1,1091,783,846,1049,1,1,0,1,1,1,1,1,1,1,1,0,1,1,1,1
2026-07-03T19:38:53.004,tof1,4x4,lying,259,260,247,-1,-1,-1,-1,244,232,191,-1,-1,616,206,196,261,1,1,1,0,0,0,0,1,1,1,0,0,1,1,1,1
2026-07-03T19:38:53.084,tof2,4x4,lying,-1,3262,-1,3297,2128,1405,1458,3480,-1,964,935,-1,1091,783,850,-1,1,1,1,1,1,1,1,1,1,1,1,0,1,1,1,1
2026-07-03T19:38:53.170,tof1,4x4,lying,259,-1,246,-1,-1,197,-1,-1,139,142,182,-1,117,119,133,-1,1,0,1,0,0,1,0,0,1,1,1,0,1,1,1,0
2026-07-03T19:38:53.244,tof2,4x4,lying,2991,3258,-1,3302,2140,1494,1559,3473,1606,-1,935,-1,1091,-1,893,1047,1,1,1,1,1,1,1,1,1,0,1,0,1,1,1,1
2026-07-03T19:38:53.322,tof1,4x4,lying,186,243,-1,-1,313,183,191,196,109,106,146,-1,95,102,121,235,1,1,0,0,1,1,1,1,1,1,1,0,1,1,1,1
2026-07-03T19:38:53.391,tof2,4x4,lying,3006,3258,-1,3302,2128,1506,-1,3473,-1,-1,-1,-1,1084,-1,902,1049,1,1,1,1,1,1,0,1,1,0,0,0,1,1,1,1
2026-07-03T19:38:53.488,tof1,4x4,lying,-1,187,194,-1,180,-1,-1,-1,109,106,97,190,89,86,94,233,0,1,1,0,1,0,0,0,1,1,1,1,1,1,1,1
2026-07-03T19:38:53.580,tof2,4x4,lying,-1,3258,-1,-1,2128,1553,-1,3470,1564,-1,-1,-1,1084,-1,968,1047,0,1,0,1,1,1,0,1,1,0,1,0,1,1,1,1
2026-07-03T19:38:53.672,tof1,4x4,lying,-1,-1,-1,-1,-1,-1,-1,-1,109,106,97,-1,89,86,94,233,0,0,0,0,0,0,0,0,1,1,1,0,1,1,1,1
2026-07-03T19:38:53.743,tof2,4x4,lying,3006,3255,-1,3289,-1,1565,-1,3470,1558,964,-1,-1,-1,783,989,1049,1,1,0,1,1,1,0,1,1,1,0,0,1,1,1,1
2026-07-03T19:38:53.828,tof1,4x4,lying,-1,-1,-1,-1,169,145,187,-1,109,98,97,173,87,82,88,-1,0,1,1,0,1,1,1,0,1,1,1,1,1,1,1,0
2026-07-03T19:38:53.908,tof2,4x4,lying,3006,3255,-1,3289,2128,1565,-1,3470,1502,-1,935,-1,1082,783,989,1051,1,1,0,1,1,1,0,1,1,0,1,0,1,1,1,1
2026-07-03T19:38:54.039,tof1,4x4,lying,-1,-1,-1,-1,169,145,-1,-1,110,109,107,-1,87,82,88,206,0,0,0,0,1,1,0,0,1,1,1,0,1,1,1,1
2026-07-03T19:38:54.097,tof2,4x4,lying,-1,3258,-1,3317,2138,1565,-1,3492,1524,-1,1004,-1,1081,968,-1,1051,1,1,0,1,1,1,0,1,1,1,1,0,1,1,1,1
2026-07-03T19:38:54.203,tof1,4x4,lying,-1,-1,-1,-1,169,145,-1,-1,117,111,110,-1,89,86,95,206,0,0,0,0,1,1,0,0,1,1,1,1,1,1,1,1
2026-07-03T19:38:54.265,tof2,4x4,lying,3006,3258,-1,3319,2138,-1,1595,3453,1531,-1,1516,-1,-1,968,989,1048,1,1,0,1,1,0,1,1,1,0,1,0,1,1,1,1
2026-07-03T19:38:54.374,tof1,4x4,lying,-1,-1,-1,-1,-1,-1,-1,-1,120,-1,277,173,102,96,115,310,0,0,0,0,0,0,0,0,1,0,1,1,1,1,1,1
2026-07-03T19:38:54.440,tof2,4x4,lying,3006,3258,-1,3319,2138,1565,-1,3475,-1,-1,-1,-1,1070,968,-1,1049,1,1,0,1,1,1,0,1,1,1,0,0,1,1,1,1
2026-07-03T19:38:54.537,tof1,4x4,lying,-1,-1,-1,-1,-1,-1,-1,-1,154,-1,277,-1,112,109,118,311,1,0,0,0,0,0,0,0,1,0,1,0,1,1,1,1
2026-07-03T19:38:54.606,tof2,4x4,lying,3001,3259,-1,3319,2138,1571,-1,3475,1531,-1,-1,-1,1078,972,989,1049,1,1,0,1,1,1,0,1,1,0,0,0,1,1,1,1
2026-07-03T19:38:54.712,tof1,4x4,lying,-1,-1,-1,-1,-1,-1,-1,-1,162,-1,-1,-1,117,110,219,311,0,0,0,0,0,0,0,0,1,0,0,0,1,1,1,1
2026-07-03T19:38:54.776,tof2,4x4,lying,2992,3259,-1,3314,2139,1562,-1,3452,-1,-1,-1,-1,1078,972,976,1048,1,1,0,1,1,1,0,1,1,1,1,0,1,1,1,1
2026-07-03T19:38:54.883,tof1,4x4,lying,-1,-1,-1,-1,-1,-1,-1,-1,165,-1,402,-1,117,110,220,311,0,0,0,0,0,0,0,0,1,0,1,0,1,1,1,1
2026-07-03T19:38:54.932,tof2,4x4,lying,2992,3264,-1,3313,2122,1560,1595,3452,1531,-1,1516,-1,1075,965,-1,1049,1,1,0,1,1,1,1,1,1,0,1,0,1,1,1,1
2026-07-03T19:38:55.034,tof1,4x4,lying,-1,-1,-1,-1,-1,159,-1,-1,170,-1,407,173,120,111,220,311,0,0,0,1,0,1,0,0,1,0,1,1,1,1,1,1
2026-07-03T19:38:55.120,tof2,4x4,lying,-1,3264,-1,3313,2117,1571,-1,3475,1541,-1,1517,1336,1075,964,976,1053,1,1,0,1,1,1,0,1,1,0,1,1,1,1,1,1
2026-07-03T19:38:55.200,tof1,4x4,lying,-1,-1,-1,-1,-1,-1,-1,-1,170,144,-1,-1,120,112,219,311,0,0,0,1,0,0,0,0,1,1,0,0,1,1,1,1
2026-07-03T19:38:55.280,tof2,4x4,lying,-1,3265,-1,3314,2117,1584,-1,3453,1541,-1,-1,-1,1075,962,976,1054,1,1,0,1,1,1,0,1,1,1,0,0,1,1,1,1
2026-07-03T19:38:55.367,tof1,4x4,lying,-1,-1,-1,-1,-1,-1,-1,-1,172,-1,-1,-1,121,113,220,312,0,0,0,0,0,0,0,0,1,0,0,0,1,1,1,1
2026-07-03T19:38:55.441,tof2,4x4,lying,2992,3264,-1,3321,2117,1584,-1,3453,1541,-1,1516,-1,1067,962,973,1053,1,1,0,1,1,1,0,1,1,1,1,0,1,1,1,1
2026-07-03T19:38:55.533,tof1,4x4,lying,-1,-1,-1,-1,-1,-1,-1,-1,171,-1,409,-1,120,113,220,312,0,0,0,0,0,0,0,0,1,0,1,0,1,1,1,1
2026-07-03T19:38:55.600,tof2,4x4,lying,2992,3265,-1,3321,2107,1584,1625,3463,-1,-1,1517,-1,1067,962,976,1053,1,1,1,1,1,1,1,1,1,0,1,0,1,1,1,1
2026-07-03T19:38:55.703,tof1,4x4,lying,-1,-1,-1,-1,193,-1,-1,-1,171,144,-1,-1,120,113,219,310,0,0,0,0,1,1,0,0,1,1,1,0,1,1,1,1
2026-07-03T19:38:55.774,tof2,4x4,lying,2996,3265,-1,3321,2105,1584,-1,3463,1541,-1,-1,-1,1067,966,974,1054,1,1,1,1,1,1,0,1,1,0,0,0,1,1,1,1
2026-07-03T19:38:55.863,tof1,4x4,lying,-1,187,-1,-1,193,-1,-1,196,169,144,409,172,119,113,219,308,0,1,0,0,1,0,0,1,1,1,1,1,1,1,1,1
2026-07-03T19:38:55.945,tof2,4x4,lying,2996,3269,-1,3321,-1,1562,1635,3463,1569,-1,1506,-1,-1,967,979,1053,1,1,0,1,0,1,1,1,1,1,1,0,1,1,1,1
2026-07-03T19:38:56.031,tof1,4x4,lying,-1,-1,-1,416,193,159,-1,-1,162,144,409,-1,115,112,116,304,0,0,0,1,1,1,0,0,1,1,1,0,1,1,1,1
2026-07-03T19:38:56.121,tof2,4x4,lying,3006,3269,-1,3312,2102,1540,1625,3463,-1,-1,1551,-1,-1,967,-1,1050,1,1,1,1,1,1,1,1,1,0,1,0,1,1,1,1
2026-07-03T19:38:56.194,tof1,4x4,lying,184,180,194,385,161,-1,-1,-1,114,112,120,172,109,107,116,138,1,1,1,1,1,0,0,1,1,1,1,1,1,1,1,1
2026-07-03T19:38:56.279,tof2,4x4,lying,3006,3269,-1,3312,2102,-1,-1,3463,-1,-1,1551,-1,1074,967,974,1053,1,1,0,1,1,0,0,1,1,0,1,0,1,1,1,1
2026-07-03T19:38:56.345,tof1,4x4,lying,-1,187,194,-1,161,159,-1,172,114,112,118,123,108,107,111,117,0,1,1,0,1,1,0,1,1,1,1,1,1,1,1,1
2026-07-03T19:38:56.458,tof2,4x4,lying,-1,3270,3315,3312,2107,1510,1628,3460,1563,-1,1558,-1,1077,958,-1,1052,1,1,1,1,1,1,1,1,1,0,1,0,1,1,1,1
2026-07-03T19:38:56.508,tof1,4x4,lying,-1,194,178,-1,161,-1,-1,-1,114,112,118,119,108,101,98,110,0,1,1,0,1,0,0,0,1,1,1,1,1,1,1,1
2026-07-03T19:38:56.622,tof2,4x4,lying,-1,3270,-1,3312,2102,1524,1636,2891,-1,-1,1564,-1,-1,958,979,1052,1,1,0,1,1,1,1,1,1,0,1,0,1,1,1,1
2026-07-03T19:38:56.701,tof1,4x4,lying,184,-1,-1,193,-1,156,-1,-1,123,115,118,118,109,106,106,110,1,0,0,1,0,1,0,0,1,1,1,1,1,1,1,1
2026-07-03T19:38:56.772,tof2,4x4,lying,2993,3249,-1,3312,-1,1524,-1,2891,-1,-1,1571,-1,1077,952,976,1053,1,1,0,1,1,1,0,1,1,0,1,0,1,1,1,1
2026-07-03T19:38:56.873,tof1,4x4,lying,184,-1,-1,187,-1,-1,-1,-1,123,116,113,-1,109,104,106,110,1,0,0,1,0,0,0,0,1,1,1,1,1,1,1,1
2026-07-03T19:38:56.969,tof2,4x4,lying,2993,3249,-1,3328,2118,1499,-1,2891,-1,983,1587,-1,-1,-1,980,1055,1,1,0,1,1,1,0,1,1,1,1,0,1,1,1,1
2026-07-03T19:38:57.077,tof1,4x4,lying,188,194,-1,187,-1,-1,-1,-1,124,117,113,-1,112,104,106,109,1,1,0,1,0,0,0,0,1,1,1,0,1,1,1,1
2026-07-03T19:38:57.151,tof2,4x4,lying,2974,3251,-1,3328,-1,1524,-1,3436,1572,-1,1618,-1,1076,958,987,1055,1,1,0,1,1,1,1,1,1,1,1,1,1,1,1,1
2026-07-03T19:38:57.269,tof1,4x4,lying,191,-1,-1,187,-1,-1,-1,-1,128,117,113,119,113,105,106,110,1,0,0,1,0,0,0,0,1,1,1,1,1,1,1,1
2026-07-03T19:38:57.318,tof2,4x4,lying,2974,3249,-1,3328,2121,1524,-1,3512,-1,-1,1618,-1,1076,960,987,1055,1,1,0,1,1,1,1,1,1,0,1,0,1,1,1,1
2026-07-03T19:38:57.430,tof1,4x4,lying,-1,-1,-1,-1,149,156,-1,-1,128,117,115,-1,113,106,106,113,0,0,0,0,1,1,0,0,1,1,1,0,1,1,1,1
2026-07-03T19:38:57.491,tof2,4x4,lying,3001,3249,-1,3328,2121,1530,1628,3512,1593,-1,1618,-1,-1,960,977,1054,1,1,0,1,1,1,1,1,1,0,1,0,1,1,1,1
2026-07-03T19:38:57.598,tof1,4x4,lying,192,-1,-1,-1,161,156,-1,-1,128,117,117,120,114,106,108,115,1,0,0,0,1,1,0,0,1,1,1,1,1,1,1,1
2026-07-03T19:38:57.655,tof2,4x4,lying,3001,3251,-1,3333,2118,1499,1571,3512,-1,-1,1617,-1,-1,961,977,1051,1,1,0,1,1,1,1,1,1,0,1,0,1,1,1,1
2026-07-03T19:38:57.780,tof1,4x4,lying,-1,-1,-1,-1,170,158,-1,-1,143,155,209,-1,146,163,247,313,0,0,0,0,1,1,0,0,1,1,1,0,1,1,1,1
2026-07-03T19:38:57.828,tof2,4x4,lying,3001,3254,-1,3324,2118,1497,1548,3497,1593,-1,1575,-1,1077,961,-1,1044,1,1,1,1,1,1,1,1,1,0,1,0,1,1,1,1
2026-07-03T19:38:57.929,tof1,4x4,lying,-1,-1,-1,-1,-1,-1,-1,-1,259,345,-1,120,362,361,347,335,0,0,0,0,0,0,0,0,1,1,0,1,1,1,1,1
2026-07-03T19:38:57.993,tof2,4x4,lying,3011,3260,-1,3306,2121,1406,1495,3497,-1,-1,1538,-1,1076,952,977,1044,1,1,0,1,1,1,1,1,1,0,1,0,1,1,1,1
2026-07-03T19:38:58.101,tof1,4x4,lying,-1,-1,-1,-1,-1,-1,-1,-1,389,378,347,-1,362,366,352,358,0,0,0,0,0,0,0,0,1,1,1,0,1,1,1,1
2026-07-03T19:38:58.161,tof2,4x4,lying,3001,3261,-1,3306,2102,1406,1447,3477,-1,-1,1467,1336,1074,951,963,1044,1,1,1,1,1,1,1,1,1,0,1,1,1,1,1,1
2026-07-03T19:38:58.265,tof1,4x4,lying,-1,-1,-1,-1,-1,-1,-1,-1,401,439,367,-1,362,366,401,533,1,0,0,0,0,0,0,0,1,1,1,1,1,1,1,1
2026-07-03T19:38:58.320,tof2,4x4,lying,3015,3261,3313,3306,2090,1406,1447,-1,1563,-1,-1,1384,1074,-1,963,1045,1,1,1,1,1,1,1,1,1,0,1,1,1,1,1,1
2026-07-03T19:38:58.433,tof1,4x4,lying,-1,-1,-1,-1,-1,-1,-1,-1,401,439,492,-1,358,361,401,533,0,0,0,0,0,0,0,0,1,1,1,1,1,1,1,1
2026-07-03T19:38:58.493,tof2,4x4,lying,3015,3261,-1,3306,-1,1408,1447,3477,1593,1007,1467,-1,1067,931,986,1050,1,1,0,1,0,1,1,1,1,1,1,0,1,1,1,1
2026-07-03T19:38:58.598,tof1,4x4,lying,-1,-1,-1,-1,253,-1,-1,-1,401,439,492,357,345,353,401,533,0,0,0,0,1,0,0,0,1,1,1,1,1,1,1,1
2026-07-03T19:38:58.676,tof2,4x4,lying,2999,3273,-1,3323,-1,1408,1482,3450,-1,1011,1482,-1,1054,924,1008,1051,1,1,0,1,1,1,1,1,0,1,1,0,1,1,1,1
2026-07-03T19:38:58.748,tof1,4x4,lying,-1,-1,-1,-1,253,-1,-1,-1,340,437,492,492,310,352,377,482,0,0,0,0,1,0,0,0,1,1,1,1,1,1,1,1
2026-07-03T19:38:58.834,tof2,4x4,lying,2999,3261,-1,3323,2090,1408,-1,3450,-1,1392,1477,-1,-1,878,1098,1051,1,1,0,1,1,1,0,1,0,1,1,0,1,1,1,1
2026-07-03T19:38:58.916,tof1,4x4,lying,195,194,195,187,-1,-1,187,172,250,417,468,492,242,352,367,445,1,1,1,1,0,0,1,1,1,1,1,1,1,1,1,1
2026-07-03T19:38:59.082,tof2,4x4,lying,2972,3260,-1,3323,-1,1408,-1,3450,-1,1387,1482,-1,1050,878,1098,1051,1,1,1,1,1,1,0,1,0,1,1,0,1,1,1,1
2026-07-03T19:38:59.251,tof1,4x4,lying,-1,-1,-1,-1,-1,308,191,172,-1,229,418,492,201,215,353,414,0,0,0,0,0,1,1,1,0,1,1,1,1,1,1,1
2026-07-03T19:38:59.413,tof2,4x4,lying,2972,3261,-1,3339,-1,1408,-1,3450,-1,1376,-1,-1,1046,-1,-1,1050,1,1,0,1,0,1,1,1,0,1,1,0,1,1,1,1
2026-07-03T19:38:59.422,tof1,4x4,lying,-1,-1,-1,-1,-1,-1,299,362,-1,229,364,463,201,215,209,405,0,0,0,0,0,0,1,1,0,1,1,1,1,1,1,1
2026-07-03T19:38:59.580,tof2,4x4,lying,3021,3265,-1,3299,-1,-1,1488,3474,-1,1376,1512,-1,1022,-1,1104,1050,1,1,1,1,1,0,1,1,0,1,1,1,1,1,1,1
2026-07-03T19:38:59.608,tof1,4x4,lying,-1,-1,-1,-1,-1,-1,385,362,-1,-1,364,384,-1,215,209,241,0,0,0,1,0,0,1,1,0,0,1,1,0,1,1,1
2026-07-03T19:38:59.770,tof2,4x4,lying,3035,3260,-1,3299,-1,-1,1515,3474,1533,1387,1512,1384,780,-1,1104,1050,1,1,0,1,0,1,1,1,1,1,1,1,1,1,1,1
2026-07-03T19:38:59.800,tof1,4x4,lying,-1,-1,-1,-1,-1,391,386,362,-1,229,359,336,-1,-1,209,241,0,0,0,0,0,1,1,1,0,1,1,1,0,0,1,1
2026-07-03T19:38:59.946,tof2,4x4,lying,3035,3260,-1,3304,-1,1429,2148,3474,1453,1387,1517,-1,769,-1,1104,1051,1,1,0,1,0,1,1,1,1,1,1,1,1,1,1,1
2026-07-03T19:38:59.958,tof1,4x4,lying,-1,-1,-1,-1,-1,-1,386,360,-1,423,359,336,-1,-1,230,241,0,0,0,0,0,0,1,1,0,1,1,1,0,0,1,1
2026-07-03T19:39:00.112,tof2,4x4,lying,3035,3265,-1,3304,-1,-1,2148,3456,930,1382,1517,-1,758,-1,1104,1051,1,1,0,1,0,0,1,1,1,1,1,0,1,1,1,1
2026-07-03T19:39:00.145,tof1,4x4,lying,-1,-1,-1,-1,-1,-1,385,348,-1,-1,359,334,-1,-1,257,282,1,1,0,1,0,0,1,1,0,0,1,1,0,0,1,1
2026-07-03T19:39:00.271,tof2,4x4,lying,3035,3265,-1,3288,-1,-1,2148,3423,922,1385,1517,-1,763,878,1104,1051,1,1,0,1,0,0,1,1,1,1,1,0,1,1,1,1
2026-07-03T19:39:00.321,tof1,4x4,lying,-1,-1,-1,-1,-1,-1,380,348,-1,-1,356,332,-1,-1,279,283,0,0,0,0,0,0,1,1,0,0,1,1,0,0,1,1
2026-07-03T19:39:00.446,tof2,4x4,lying,3026,3261,-1,-1,-1,1444,-1,2882,922,1388,1502,-1,763,885,1109,1051,1,1,0,1,0,1,1,1,1,1,1,0,1,1,1,1
2026-07-03T19:39:00.557,tof1,4x4,lying,-1,-1,-1,-1,-1,-1,378,348,-1,-1,356,332,-1,-1,287,292,1,0,0,0,0,0,1,1,0,0,1,1,0,0,1,1
2026-07-03T19:39:00.735,tof1,4x4,lying,-1,-1,-1,-1,-1,-1,378,349,-1,-1,356,332,-1,-1,295,293,0,0,0,0,0,0,1,1,0,0,1,1,0,0,1,1
2026-07-03T19:39:00.743,tof2,4x4,lying,3026,3261,3308,3295,-1,-1,-1,2869,922,1388,-1,-1,758,-1,1109,1048,1,1,1,1,0,0,1,1,1,1,1,0,1,1,1,1
2026-07-03T19:39:00.909,tof1,4x4,lying,-1,-1,-1,-1,-1,-1,380,350,-1,-1,357,332,-1,-1,295,293,0,0,0,0,0,0,1,1,0,0,1,1,0,0,1,1
2026-07-03T19:39:00.923,tof2,4x4,lying,3029,3261,-1,-1,-1,1444,2117,2869,914,1388,-1,-1,763,-1,1109,1048,1,1,0,1,1,1,1,1,1,1,1,0,1,1,1,1
2026-07-03T19:39:01.070,tof1,4x4,lying,-1,-1,-1,-1,-1,-1,378,350,-1,-1,357,332,-1,215,297,293,0,0,0,0,0,0,1,1,0,0,1,1,0,1,1,1
2026-07-03T19:39:01.117,tof2,4x4,lying,3029,3261,3308,-1,2090,1444,2117,2869,928,1388,-1,-1,763,-1,-1,1048,1,1,1,1,1,1,1,1,1,1,1,0,1,1,1,1
2026-07-03T19:39:01.242,tof1,4x4,lying,-1,-1,-1,-1,-1,-1,377,350,-1,-1,357,332,-1,221,297,292,0,0,0,0,0,0,1,1,0,0,1,1,0,1,1,1
2026-07-03T19:39:01.280,tof2,4x4,lying,-1,3261,-1,-1,-1,1444,2117,2876,-1,1388,1502,-1,763,912,1109,1048,1,1,1,1,0,1,1,1,0,1,1,0,1,1,1,1
2026-07-03T19:39:01.401,tof1,4x4,lying,-1,-1,-1,-1,-1,-1,377,350,-1,423,353,330,-1,460,298,294,0,0,0,0,0,0,1,1,0,1,1,1,0,1,1,1
2026-07-03T19:39:01.442,tof2,4x4,lying,3020,3263,-1,3295,-1,1444,2117,2957,-1,1384,-1,1384,763,934,1109,1058,1,1,1,1,1,1,1,1,0,1,1,1,1,1,1,1
2026-07-03T19:39:01.582,tof1,4x4,lying,-1,-1,-1,-1,-1,-1,376,350,-1,-1,352,330,-1,460,301,293,0,0,0,0,0,0,1,1,0,0,1,1,0,1,1,1
2026-07-03T19:39:01.640,tof2,4x4,lying,-1,3265,-1,3295,-1,1444,2137,3479,-1,1384,1501,-1,763,-1,1109,1058,1,1,0,1,0,1,1,1,0,1,1,0,1,1,1,1
2026-07-03T19:39:01.754,tof1,4x4,lying,-1,-1,-1,-1,-1,-1,375,349,-1,-1,352,330,-1,-1,301,293,0,0,0,0,0,0,1,1,0,0,1,1,0,0,1,1
2026-07-03T19:39:01.801,tof2,4x4,lying,3029,3271,-1,3310,-1,1444,2137,3482,938,1384,-1,-1,756,-1,1103,1055,1,1,0,1,0,1,1,1,1,1,1,0,1,1,1,1
2026-07-03T19:39:01.916,tof1,4x4,lying,-1,-1,-1,-1,-1,-1,374,349,-1,-1,352,330,-1,470,304,293,0,0,0,0,0,0,1,1,0,0,1,1,0,1,1,1
2026-07-03T19:39:02.007,tof2,4x4,lying,-1,3271,-1,3328,-1,1444,2137,3479,938,1400,1502,-1,756,-1,1103,1049,0,1,1,1,0,1,1,1,1,1,1,0,1,1,1,1
2026-07-03T19:39:02.090,tof1,4x4,lying,-1,-1,-1,-1,-1,-1,374,348,-1,423,352,330,-1,-1,304,293,0,0,0,0,1,0,1,1,0,1,1,1,0,0,1,1
2026-07-03T19:39:02.166,tof2,4x4,lying,3020,3265,-1,3328,-1,1449,2144,3479,924,1400,1511,-1,754,934,1103,1055,1,1,1,1,0,1,1,1,1,1,1,0,1,1,1,1
2026-07-03T19:39:02.263,tof1,4x4,lying,-1,-1,-1,-1,-1,-1,374,347,-1,419,351,330,-1,-1,303,293,0,0,0,0,0,0,1,1,0,1,1,1,0,0,1,1
2026-07-03T19:39:02.323,tof2,4x4,lying,3009,3271,-1,3328,-1,1456,2160,3504,943,1400,1511,-1,751,924,1103,1049,1,1,1,1,1,1,1,1,1,1,1,0,1,1,1,1
2026-07-03T19:39:02.427,tof1,4x4,lying,-1,-1,-1,-1,-1,-1,371,347,-1,415,350,329,-1,460,301,293,0,0,0,0,0,0,1,1,0,1,1,1,0,1,1,1
2026-07-03T19:39:02.507,tof2,4x4,lying,3009,3259,-1,3328,-1,1456,2160,3504,-1,1400,1512,-1,751,924,-1,1055,1,1,0,1,0,1,1,1,0,1,1,0,1,1,1,1
2026-07-03T19:39:02.601,tof1,4x4,lying,-1,-1,-1,-1,-1,-1,369,342,-1,403,346,328,-1,457,301,289,1,0,0,0,0,0,1,1,0,1,1,1,0,1,1,1
2026-07-03T19:39:02.680,tof2,4x4,lying,3009,3259,-1,3329,-1,1456,2177,3471,943,1393,1512,-1,743,-1,1103,1055,1,1,0,1,0,1,1,1,1,1,1,0,1,1,1,1
2026-07-03T19:39:02.770,tof1,4x4,lying,-1,-1,-1,-1,-1,-1,366,342,-1,403,346,327,-1,-1,300,289,0,0,0,1,0,0,1,1,0,1,1,1,1,0,1,1
2026-07-03T19:39:02.837,tof2,4x4,lying,2993,3259,-1,3317,-1,1456,-1,3471,932,1388,1512,-1,743,-1,1100,1055,1,1,0,1,0,1,0,1,1,1,1,0,1,1,1,1
2026-07-03T19:39:02.926,tof1,4x4,lying,-1,-1,-1,-1,-1,-1,365,342,-1,402,345,327,-1,-1,299,289,0,0,0,0,0,0,1,1,0,1,1,1,0,0,1,1
2026-07-03T19:39:03.011,tof2,4x4,lying,-1,3259,-1,3317,-1,1458,-1,3463,943,1393,1505,-1,755,924,-1,1050,1,1,0,1,1,1,1,1,1,1,1,0,1,1,1,1
2026-07-03T19:39:03.103,tof1,4x4,lying,-1,-1,-1,-1,-1,-1,364,342,-1,402,344,326,-1,452,298,289,0,0,0,0,0,0,1,1,0,1,1,1,0,1,1,1
2026-07-03T19:39:03.176,tof2,4x4,lying,-1,3259,-1,3317,-1,1456,2177,2869,943,1380,1523,1349,757,924,-1,1051,1,1,0,1,0,1,1,1,1,1,1,1,1,1,1,1
2026-07-03T19:39:03.280,tof1,4x4,lying,-1,-1,-1,-1,-1,-1,364,343,-1,403,344,326,-1,-1,296,289,0,0,0,0,0,0,1,1,0,1,1,1,0,0,1,1
2026-07-03T19:39:03.346,tof2,4x4,lying,-1,3263,-1,3306,-1,1468,2160,2869,944,1393,1523,-1,757,926,1105,1051,1,1,0,1,1,1,1,1,1,1,1,0,1,1,1,1
2026-07-03T19:39:03.438,tof1,4x4,lying,-1,-1,-1,-1,-1,-1,365,344,-1,402,344,326,-1,-1,296,289,0,0,0,0,1,0,1,1,0,1,1,1,0,0,1,1
2026-07-03T19:39:03.542,tof2,4x4,lying,2983,3259,-1,3294,-1,1456,-1,2869,932,1380,1523,-1,757,932,1106,1050,1,1,0,1,0,1,0,1,1,1,1,0,1,1,1,1
2026-07-03T19:39:03.630,tof1,4x4,lying,-1,-1,-1,-1,-1,-1,366,344,-1,402,345,326,-1,-1,296,289,0,0,0,0,1,0,1,1,0,1,1,1,0,0,1,1
2026-07-03T19:39:03.729,tof2,4x4,lying,-1,3256,-1,3294,-1,1467,-1,3439,937,1394,1523,-1,761,-1,1105,1051,1,1,1,1,0,1,1,1,1,1,1,1,1,1,1,1
2026-07-03T19:39:03.823,tof1,4x4,lying,-1,-1,-1,-1,-1,-1,366,344,-1,402,345,326,-1,-1,298,290,0,0,0,0,0,0,1,1,0,1,1,1,0,0,1,1
2026-07-03T19:39:03.902,tof2,4x4,lying,2981,3255,-1,3306,-1,1459,2173,3439,937,1380,-1,-1,766,932,-1,1052,1,1,0,1,1,1,1,1,1,1,1,0,1,1,1,1
2026-07-03T19:39:04.005,tof1,4x4,lying,-1,-1,-1,-1,-1,-1,366,345,-1,402,345,327,-1,452,298,290,0,0,0,0,0,0,1,1,0,1,1,1,0,1,1,1
2026-07-03T19:39:04.062,tof2,4x4,lying,-1,3255,-1,3308,-1,1459,-1,3445,937,1374,1523,-1,766,-1,-1,1053,0,1,0,1,0,1,0,1,1,1,1,1,1,1,1,1
2026-07-03T19:39:04.175,tof1,4x4,lying,-1,-1,-1,-1,-1,-1,366,344,-1,400,345,326,-1,-1,298,290,0,0,0,0,0,0,1,1,0,1,1,1,0,0,1,1
2026-07-03T19:39:04.349,tof1,4x4,lying,-1,-1,-1,-1,-1,-1,366,344,-1,400,344,326,-1,-1,298,289,1,0,0,0,0,0,1,1,0,1,1,1,0,0,1,1
2026-07-03T19:39:04.418,tof2,4x4,lying,2981,3255,-1,3308,-1,1446,-1,3470,937,1374,-1,-1,766,960,-1,1052,1,1,1,1,0,1,0,1,1,1,1,0,1,1,1,1
2026-07-03T19:39:04.521,tof1,4x4,lying,-1,-1,-1,-1,-1,-1,365,343,-1,400,344,327,-1,-1,299,290,1,0,0,0,0,0,1,1,0,1,1,1,0,0,1,1
2026-07-03T19:39:04.579,tof2,4x4,lying,2981,3255,-1,3313,2090,1454,-1,3445,946,1373,1531,-1,766,-1,1105,1053,1,1,0,1,1,1,0,1,1,1,1,0,1,1,1,1
2026-07-03T19:39:04.685,tof1,4x4,lying,-1,-1,-1,-1,-1,-1,368,344,-1,400,346,327,-1,-1,298,290,0,0,0,0,0,0,1,1,0,1,1,1,0,0,1,1
2026-07-03T19:39:04.743,tof2,4x4,lying,-1,3256,-1,3313,-1,1449,2173,3436,946,1373,1522,-1,766,960,-1,1053,1,1,1,1,0,1,1,1,1,1,1,1,1,1,1,1
2026-07-03T19:39:04.858,tof1,4x4,lying,-1,-1,-1,-1,-1,-1,368,344,-1,404,346,327,-1,447,299,290,1,0,0,0,0,0,1,1,0,1,1,1,0,1,1,1
2026-07-03T19:39:04.927,tof2,4x4,lying,-1,3256,-1,3313,-1,1449,-1,2803,-1,1380,1522,1332,764,934,-1,1054,1,1,0,1,0,1,0,1,0,1,1,1,1,1,1,1
2026-07-03T19:39:05.022,tof1,4x4,lying,-1,-1,-1,-1,-1,-1,369,345,-1,404,347,328,-1,-1,299,290,0,0,0,0,0,0,1,1,0,1,1,1,0,0,1,1
2026-07-03T19:39:05.089,tof2,4x4,lying,2983,3255,-1,3308,-1,1454,-1,2762,-1,1389,1522,1291,763,934,-1,1053,1,1,0,1,0,1,1,1,0,1,1,1,1,1,1,1
2026-07-03T19:39:05.180,tof1,4x4,lying,-1,-1,-1,-1,-1,-1,371,346,-1,407,350,329,-1,-1,299,292,0,0,0,0,0,0,1,1,0,1,1,1,0,0,1,1
2026-07-03T19:39:05.253,tof2,4x4,lying,-1,3250,-1,3317,-1,1454,-1,2762,936,1389,1514,-1,753,918,1106,1053,1,1,0,1,0,1,1,1,1,1,1,0,1,1,1,1
2026-07-03T19:39:05.547,tof1,4x4,lying,-1,-1,-1,-1,-1,-1,371,347,-1,407,350,329,-1,-1,299,292,0,0,0,0,0,0,1,1,0,1,1,1,0,0,1,1
2026-07-03T19:39:05.648,tof2,4x4,lying,3002,3255,3308,3308,-1,1460,-1,2762,929,1389,1514,1291,753,918,-1,1049,1,1,1,1,0,1,1,1,1,1,1,1,1,1,1,1
2026-07-03T19:39:05.738,tof1,4x4,lying,-1,-1,-1,-1,-1,-1,371,348,-1,407,350,330,-1,-1,300,292,0,0,0,0,0,0,1,1,0,1,1,1,0,0,1,1
2026-07-03T19:39:05.810,tof2,4x4,lying,3006,3253,-1,3286,-1,1472,-1,2810,929,1380,1514,-1,753,918,1110,1053,1,1,0,1,1,1,0,1,1,1,1,0,1,1,1,1
2026-07-03T19:39:05.911,tof1,4x4,lying,248,-1,-1,-1,-1,-1,372,348,-1,407,350,330,-1,-1,300,292,1,0,0,0,0,0,1,1,0,1,1,1,0,0,1,1
2026-07-03T19:39:05.978,tof2,4x4,lying,3006,3253,-1,3308,2132,1463,-1,2818,920,1378,1503,-1,753,918,-1,1052,1,1,1,1,1,1,0,1,1,1,1,0,1,1,1,1
2026-07-03T19:39:06.092,tof1,4x4,lying,-1,-1,-1,-1,-1,-1,372,348,-1,408,350,330,-1,-1,302,292,0,0,0,0,0,0,1,1,0,1,1,1,0,0,1,1
2026-07-03T19:39:06.160,tof2,4x4,lying,3002,3258,-1,3290,2173,1463,2109,2818,920,1378,1492,-1,753,923,-1,1052,1,1,0,1,1,1,1,1,1,1,1,1,1,1,1,1
2026-07-03T19:39:06.264,tof1,4x4,lying,-1,-1,-1,-1,-1,-1,372,348,-1,408,350,329,-1,-1,302,291,0,0,0,0,0,0,1,1,0,1,1,1,0,0,1,1
2026-07-03T19:39:06.374,tof2,4x4,lying,2970,3261,-1,3290,2173,1463,2171,2810,931,1378,1503,-1,753,928,1110,1052,1,1,0,1,1,1,1,1,1,1,1,0,1,1,1,1
2026-07-03T19:39:06.522,tof1,4x4,lying,-1,-1,-1,-1,-1,-1,372,348,-1,407,350,330,-1,-1,302,291,0,0,0,0,0,0,1,1,0,1,1,1,0,0,1,1
2026-07-03T19:39:06.566,tof2,4x4,lying,2970,3261,3251,3313,-1,-1,2171,2791,931,1393,1499,-1,753,923,-1,1057,1,1,1,1,0,1,1,1,1,1,1,0,1,1,1,1
2026-07-03T19:39:06.808,tof1,4x4,lying,-1,-1,-1,-1,-1,-1,372,348,-1,407,351,329,-1,447,302,291,0,0,0,0,0,0,1,1,0,1,1,1,0,1,1,1
2026-07-03T19:39:06.811,tof2,4x4,lying,2955,3261,-1,3313,-1,1463,2171,2785,931,1393,1499,-1,753,-1,-1,1052,1,1,0,1,0,1,1,1,1,1,1,0,1,1,1,1
2026-07-03T19:39:07.019,tof1,4x4,lying,-1,-1,-1,-1,-1,-1,371,347,-1,403,351,328,-1,-1,300,291,0,0,0,0,0,0,1,1,0,1,1,1,0,0,1,1
2026-07-03T19:39:07.117,tof2,4x4,lying,-1,3261,-1,3310,2175,1456,-1,2774,931,1393,1499,-1,744,923,1110,1052,1,1,0,1,1,1,1,1,1,1,1,0,1,1,1,1
2026-07-03T19:39:07.215,tof1,4x4,lying,-1,-1,-1,-1,-1,-1,366,347,-1,402,348,328,-1,-1,300,291,1,0,0,0,0,0,1,1,0,1,1,1,0,0,1,1
2026-07-03T19:39:07.328,tof2,4x4,lying,2970,3261,3251,3311,2173,1456,2149,2772,-1,1393,1507,-1,753,926,-1,1050,1,1,1,1,1,1,1,1,0,1,1,0,1,1,1,1
2026-07-03T19:39:07.412,tof1,4x4,lying,-1,-1,-1,-1,-1,-1,365,347,-1,394,349,328,-1,447,300,290,0,0,0,0,0,0,1,1,1,1,1,1,0,1,1,1
2026-07-03T19:39:07.668,tof2,4x4,lying,2955,3261,-1,3310,-1,1448,2171,2762,934,1392,-1,-1,755,-1,1106,1050,1,1,0,1,0,1,1,1,1,1,1,0,1,1,1,1
2026-07-03T19:39:07.679,tof1,4x4,lying,-1,-1,-1,-1,-1,-1,364,346,-1,394,348,328,-1,447,300,290,0,0,0,0,0,0,1,1,0,1,1,1,0,1,1,1
2026-07-03T19:39:08.181,tof2,4x4,lying,2973,3261,-1,3310,-1,-1,-1,2744,943,1378,-1,-1,755,-1,1106,1050,1,1,0,1,0,1,0,1,1,1,1,0,1,1,1,1
2026-07-03T19:39:08.195,tof1,4x4,lying,-1,-1,-1,-1,-1,-1,364,346,-1,394,348,328,-1,-1,301,290,0,0,0,0,0,0,1,1,0,1,1,1,0,0,1,1
2026-07-03T19:39:08.454,tof1,4x4,lying,-1,-1,-1,-1,-1,-1,365,348,-1,403,349,329,-1,447,301,289,0,0,0,0,0,0,1,1,0,1,1,1,0,1,1,1
2026-07-03T19:39:08.469,tof2,4x4,lying,2973,3261,-1,3311,-1,1456,-1,2738,943,1353,1521,-1,755,926,1106,1050,1,1,1,1,0,1,0,1,1,1,1,0,1,1,1,1
2026-07-03T19:39:08.774,tof1,4x4,lying,-1,-1,-1,-1,-1,-1,365,346,215,403,349,329,177,295,300,289,1,0,0,0,0,0,1,1,1,1,1,1,1,1,1,1
2026-07-03T19:39:08.800,tof2,4x4,lying,2979,3265,-1,3316,-1,1459,2174,2738,949,1383,1521,-1,755,-1,-1,1051,1,1,0,1,1,1,1,1,1,1,1,0,1,1,1,1
2026-07-03T19:39:08.929,tof1,4x4,lying,-1,-1,-1,-1,-1,-1,364,344,-1,403,348,329,167,294,293,289,0,1,0,0,0,0,1,1,0,1,1,1,1,1,1,1
2026-07-03T19:39:08.978,tof2,4x4,lying,2979,3265,-1,3316,-1,1477,2174,2738,949,1383,1527,-1,753,926,-1,1051,1,1,0,1,1,1,1,1,1,1,1,0,1,1,1,1
2026-07-03T19:39:09.137,tof1,4x4,lying,269,-1,-1,-1,-1,391,358,335,213,-1,156,159,-1,125,126,129,1,0,0,0,0,1,1,1,1,0,1,1,0,1,1,1
2026-07-03T19:39:09.223,tof2,4x4,lying,3018,3265,-1,3316,-1,-1,2161,2723,945,1383,1530,1321,753,-1,1106,1051,1,1,0,1,1,1,1,1,1,1,1,1,1,1,1,1
2026-07-03T19:39:09.323,tof1,4x4,lying,-1,-1,-1,-1,-1,-1,358,335,-1,365,156,159,167,125,124,119,1,0,0,0,0,0,1,1,0,1,1,1,1,1,1,1
2026-07-03T19:39:09.445,tof2,4x4,lying,-1,3265,-1,3299,-1,1487,-1,2723,945,1393,1555,-1,753,-1,1102,1052,0,1,0,1,0,1,0,1,1,1,1,0,1,1,1,1
2026-07-03T19:39:09.502,tof1,4x4,lying,-1,-1,-1,-1,-1,-1,358,335,-1,365,156,159,203,125,124,119,0,0,0,0,0,0,1,1,0,1,1,1,1,1,1,1
2026-07-03T19:39:09.625,tof2,4x4,lying,3018,3258,-1,3299,2142,1487,2161,2747,960,1394,1555,-1,754,-1,1102,1052,1,1,1,1,1,1,1,1,1,1,1,1,1,1,1,1
2026-07-03T19:39:09.678,tof1,4x4,lying,-1,-1,-1,-1,-1,-1,391,334,-1,365,299,177,203,143,124,119,0,0,0,0,0,0,1,1,0,1,1,1,1,1,1,1
2026-07-03T19:39:09.781,tof2,4x4,lying,3018,3258,3320,3299,-1,1487,-1,2765,945,1394,1563,-1,757,-1,1101,1052,1,1,1,1,1,1,1,1,1,1,1,0,1,1,1,1
2026-07-03T19:39:09.841,tof1,4x4,lying,-1,-1,-1,-1,-1,-1,393,335,-1,487,357,316,243,202,141,132,0,0,0,0,0,0,1,1,0,1,1,1,1,1,1,1
2026-07-03T19:39:09.947,tof2,4x4,lying,3017,3258,-1,3325,-1,1487,2161,2765,941,1393,1555,-1,760,928,1101,1052,1,1,0,1,0,1,1,1,1,1,1,0,1,1,1,1
2026-07-03T19:39:10.001,tof1,4x4,lying,-1,-1,-1,-1,-1,-1,393,336,-1,487,357,318,243,209,141,133,0,0,0,0,0,0,1,1,0,1,1,1,1,1,1,1
2026-07-03T19:39:10.102,tof2,4x4,lying,3017,3260,-1,3325,-1,1487,-1,2774,941,1393,-1,-1,757,-1,1099,1048,1,1,0,1,0,1,0,1,1,1,1,0,1,1,1,1
2026-07-03T19:39:10.161,tof1,4x4,lying,-1,-1,-1,-1,-1,-1,394,336,-1,487,359,318,243,209,142,134,0,0,0,0,0,0,1,1,0,1,1,1,1,1,1,1
2026-07-03T19:39:10.264,tof2,4x4,lying,3012,3260,-1,-1,-1,1485,-1,2792,945,1419,1553,1293,757,928,1099,1048,1,1,0,1,0,1,0,1,1,1,1,1,1,1,1,1
2026-07-03T19:39:10.316,tof1,4x4,lying,-1,-1,-1,-1,-1,-1,398,336,-1,487,359,318,225,209,142,138,0,0,0,0,0,0,1,1,0,1,1,1,1,1,1,1
2026-07-03T19:39:10.444,tof2,4x4,lying,2974,3260,-1,3335,-1,1484,-1,2843,945,1375,1521,-1,757,-1,1098,1054,1,1,0,1,0,1,0,1,1,1,1,0,1,1,1,1
2026-07-03T19:39:10.467,tof1,4x4,lying,-1,-1,-1,-1,-1,-1,398,337,-1,487,357,318,225,216,142,138,0,0,0,0,0,0,1,1,0,1,1,1,1,1,1,1
2026-07-03T19:39:10.602,tof2,4x4,lying,-1,3260,-1,3335,-1,-1,-1,3499,950,1375,1553,-1,757,929,1099,1048,1,1,1,1,1,0,0,1,1,1,1,0,1,1,1,1
2026-07-03T19:39:10.622,tof1,4x4,lying,-1,-1,-1,-1,-1,-1,396,337,-1,487,357,318,-1,216,142,140,0,0,0,0,0,0,1,1,0,1,1,1,0,1,1,1
2026-07-03T19:39:10.808,tof2,4x4,lying,-1,3256,-1,3316,-1,-1,2153,3499,950,1375,-1,-1,757,929,1099,1052,0,1,0,1,0,1,1,1,1,1,1,1,1,1,1,1
2026-07-03T19:39:10.828,tof1,4x4,lying,-1,-1,-1,-1,-1,-1,396,336,-1,-1,357,318,203,216,142,140,0,0,0,0,0,0,1,1,0,0,1,1,1,1,1,1
2026-07-03T19:39:11.132,tof2,4x4,lying,2961,3255,-1,3316,-1,-1,-1,3499,950,1375,1521,-1,786,969,-1,1054,1,1,0,1,0,0,0,1,1,1,1,1,1,1,1,1
2026-07-03T19:39:11.148,tof1,4x4,lying,-1,-1,-1,-1,-1,-1,393,336,-1,487,356,317,202,160,137,140,1,0,0,1,0,0,1,1,0,1,1,1,1,1,1,1
2026-07-03T19:39:11.335,tof2,4x4,lying,2961,3255,-1,3334,-1,-1,-1,3491,942,1375,1553,-1,798,969,1102,1052,1,1,0,1,1,1,1,1,1,1,1,1,1,1,1,1
2026-07-03T19:39:11.345,tof1,4x4,lying,-1,-1,-1,-1,-1,-1,391,337,-1,466,355,317,202,160,137,143,0,0,0,1,0,0,1,1,0,1,1,1,1,1,1,1
2026-07-03T19:39:11.531,tof2,4x4,lying,2961,3255,-1,3316,-1,1484,2149,3481,931,-1,1554,-1,798,-1,1108,1045,1,1,1,1,0,1,1,1,1,1,1,0,1,1,1,1
2026-07-03T19:39:12.100,tof1,4x4,lying,-1,-1,-1,-1,-1,-1,389,336,-1,465,344,317,-1,-1,137,144,0,0,0,0,0,0,1,1,0,1,1,1,0,0,1,1
2026-07-03T19:39:12.206,tof2,4x4,lying,2991,3257,-1,3316,-1,1484,-1,3477,931,1405,1558,-1,798,-1,1109,1052,1,1,0,1,0,1,1,1,1,1,1,1,1,1,1,1
2026-07-03T19:39:12.270,tof1,4x4,lying,-1,-1,-1,-1,-1,-1,386,336,-1,449,344,320,-1,-1,248,300,0,0,0,0,0,0,1,1,0,1,1,1,0,0,1,1
2026-07-03T19:39:12.409,tof2,4x4,lying,2998,3257,-1,3333,-1,1483,-1,3478,931,1405,1554,-1,791,976,1110,1045,1,1,0,1,0,1,0,1,1,1,1,0,1,1,1,1
2026-07-03T19:39:12.455,tof1,4x4,lying,-1,-1,-1,-1,-1,-1,-1,336,-1,449,346,321,-1,-1,310,301,0,0,0,0,0,0,0,1,0,1,1,1,0,0,1,1
2026-07-03T19:39:12.606,tof2,4x4,lying,2998,3257,-1,3315,-1,1483,2144,3450,931,-1,-1,-1,785,989,1110,1045,1,1,1,1,0,1,1,1,1,1,1,0,1,1,1,1
2026-07-03T19:39:12.731,tof1,4x4,lying,-1,-1,-1,-1,-1,-1,386,336,-1,449,346,321,-1,-1,311,303,0,0,0,0,0,0,1,1,0,1,1,1,0,0,1,1
2026-07-03T19:39:12.775,tof2,4x4,lying,3012,3257,-1,3315,-1,1483,2143,3417,932,1405,1554,-1,777,989,1111,1052,1,1,1,1,0,1,1,1,1,1,1,0,1,1,1,1
2026-07-03T19:39:12.883,tof1,4x4,lying,-1,-1,-1,-1,-1,-1,384,336,-1,448,346,322,-1,-1,311,303,0,0,0,0,0,0,1,1,0,1,1,1,0,0,1,1
2026-07-03T19:39:12.948,tof2,4x4,lying,-1,3258,3261,3318,-1,1483,2137,2878,935,1405,-1,-1,776,-1,1111,1052,1,1,1,1,0,1,1,1,1,1,1,0,1,1,1,1
2026-07-03T19:39:13.065,tof1,4x4,lying,-1,-1,-1,-1,-1,-1,381,336,-1,447,346,323,-1,160,312,304,0,0,0,0,0,0,1,1,0,1,1,1,0,1,1,1
2026-07-03T19:39:13.139,tof2,4x4,lying,2998,3257,-1,-1,2113,1486,2143,3450,932,1378,1523,-1,776,-1,-1,1047,1,1,0,1,1,1,1,1,1,1,1,0,1,1,1,1
2026-07-03T19:39:13.227,tof1,4x4,lying,-1,-1,-1,-1,-1,-1,381,339,-1,442,346,323,-1,-1,315,304,0,0,0,0,0,0,1,1,0,1,1,1,0,0,1,1
2026-07-03T19:39:13.297,tof2,4x4,lying,2997,3259,-1,3318,-1,1488,-1,3450,935,1378,1523,-1,776,984,1105,1051,1,1,1,1,1,1,1,1,1,1,1,1,1,1,1,1
2026-07-03T19:39:13.384,tof1,4x4,lying,-1,-1,-1,-1,-1,-1,381,339,-1,442,346,323,-1,-1,315,303,0,0,0,0,0,0,1,1,0,1,1,1,0,0,1,1
2026-07-03T19:39:13.476,tof2,4x4,lying,2991,3260,-1,3318,-1,1489,2144,2878,935,1397,1523,-1,773,989,-1,1047,1,1,0,1,0,1,1,1,1,1,1,1,1,1,1,1
2026-07-03T19:39:13.556,tof1,4x4,lying,-1,-1,-1,-1,-1,-1,-1,339,-1,444,347,323,-1,-1,315,304,0,0,0,0,0,0,0,1,0,1,1,1,0,0,1,1
2026-07-03T19:39:13.665,tof2,4x4,lying,2997,3260,-1,3318,-1,1488,2160,2878,938,1372,-1,-1,773,-1,1105,1047,1,1,1,1,0,1,1,1,1,1,1,1,1,1,1,1
2026-07-03T19:39:13.758,tof1,4x4,lying,-1,-1,-1,-1,-1,-1,381,340,-1,444,346,323,-1,-1,315,304,0,1,0,0,0,0,1,1,0,1,1,1,0,0,1,1
2026-07-03T19:39:13.858,tof2,4x4,lying,2997,3260,-1,3314,2142,1486,-1,2877,930,1372,-1,-1,773,989,-1,1042,1,1,0,1,1,1,1,1,1,1,1,0,1,1,1,1
2026-07-03T19:39:13.938,tof1,4x4,lying,-1,-1,-1,-1,-1,-1,381,340,-1,444,346,323,-1,199,316,303,0,0,0,0,0,0,1,1,0,1,1,1,0,1,1,1
2026-07-03T19:39:14.040,tof2,4x4,lying,3004,3270,-1,3314,-1,1492,-1,2877,938,1372,-1,-1,773,984,1105,1042,1,1,0,1,0,1,1,1,1,1,1,0,1,1,1,1
2026-07-03T19:39:14.130,tof1,4x4,lying,-1,-1,-1,-1,-1,-1,380,336,-1,444,346,323,-1,-1,314,303,0,0,0,0,0,0,1,1,0,1,1,1,0,0,1,1
2026-07-03T19:39:14.200,tof2,4x4,lying,3004,3270,-1,3314,-1,1485,2160,2877,938,1372,-1,-1,773,-1,1102,1042,1,1,1,1,0,1,1,1,1,1,1,0,1,1,1,1
2026-07-03T19:39:14.313,tof1,4x4,lying,-1,-1,-1,-1,-1,-1,379,338,-1,440,345,323,-1,-1,315,303,0,0,0,0,0,0,1,1,0,1,1,1,0,0,1,1
2026-07-03T19:39:14.398,tof2,4x4,lying,3006,3265,-1,3314,-1,1468,-1,2877,939,1366,1544,-1,775,984,1103,1055,1,1,1,1,1,1,1,1,1,1,1,0,1,1,1,1
2026-07-03T19:39:14.486,tof1,4x4,lying,-1,-1,-1,-1,-1,-1,378,337,-1,436,344,323,-1,-1,315,303,0,0,0,0,0,0,1,1,0,1,1,1,0,0,1,1
2026-07-03T19:39:14.587,tof2,4x4,lying,3004,3265,-1,3318,-1,1485,2160,3458,939,1366,-1,-1,773,-1,1103,1053,1,1,0,1,1,1,1,1,1,1,1,0,1,1,1,1
2026-07-03T19:39:14.687,tof1,4x4,lying,-1,-1,-1,-1,-1,-1,376,336,-1,433,344,321,-1,-1,316,303,0,0,0,0,0,0,1,1,0,1,1,1,0,0,1,1
2026-07-03T19:39:14.805,tof2,4x4,lying,3006,3265,-1,3318,-1,1485,-1,3458,939,1362,-1,-1,775,-1,1102,1053,1,1,1,1,0,1,0,1,1,1,1,1,1,1,1,1
2026-07-03T19:39:14.900,tof1,4x4,lying,-1,-1,-1,-1,-1,-1,375,337,-1,433,344,321,-1,-1,316,303,0,0,0,0,0,0,1,1,0,1,1,1,0,0,1,1
2026-07-03T19:39:14.967,tof2,4x4,lying,2968,3259,3304,3316,-1,1485,2148,2876,937,1359,1544,-1,775,989,1103,1055,1,1,1,1,0,1,1,1,1,1,1,0,1,1,1,1
2026-07-03T19:39:15.091,tof1,4x4,lying,-1,-1,-1,-1,-1,391,375,338,-1,434,343,323,-1,-1,317,303,1,0,0,0,0,1,1,1,0,1,1,1,0,0,1,1
2026-07-03T19:39:15.173,tof2,4x4,lying,2968,3259,-1,3335,-1,1472,-1,2876,929,1356,-1,-1,776,-1,-1,1053,1,1,0,1,0,1,0,1,1,1,1,1,1,1,1,1
2026-07-03T19:39:15.325,tof1,4x4,lying,-1,-1,-1,-1,-1,-1,375,340,-1,434,342,323,-1,473,318,303,0,0,0,0,0,0,1,1,0,1,1,1,0,1,1,1
2026-07-03T19:39:15.340,tof2,4x4,lying,2968,3259,-1,3316,-1,1482,-1,3458,929,1356,1558,-1,768,983,-1,1047,1,1,0,1,0,1,0,1,1,1,1,0,1,1,1,1
2026-07-03T19:39:15.518,tof2,4x4,lying,2968,3259,-1,3316,-1,1472,-1,2876,929,1354,1558,-1,767,973,1103,1047,1,1,0,1,1,1,1,1,1,1,1,0,1,1,1,1
2026-07-03T19:39:15.519,tof1,4x4,lying,-1,-1,-1,-1,-1,-1,375,340,-1,433,343,322,-1,-1,318,303,0,0,0,1,0,0,1,1,0,1,1,1,0,0,1,1
2026-07-03T19:39:15.694,tof2,4x4,lying,2968,3259,3304,3322,-1,1479,-1,3472,929,1352,1558,-1,767,973,1103,1056,1,1,1,1,1,1,0,1,1,1,1,1,1,1,1,1
2026-07-03T19:39:15.705,tof1,4x4,lying,-1,-1,-1,-1,-1,-1,375,340,-1,434,342,322,-1,-1,318,303,0,0,0,0,0,0,1,1,0,1,1,1,0,0,1,1
2026-07-03T19:39:15.845,tof2,4x4,lying,-1,3259,-1,3326,-1,1465,2142,3473,933,1352,1564,-1,778,977,1100,1053,1,1,0,1,0,1,1,1,1,1,1,0,1,1,1,1
2026-07-03T19:39:15.904,tof1,4x4,lying,-1,-1,-1,-1,-1,-1,375,337,-1,432,342,322,-1,473,318,303,1,1,0,0,0,0,1,1,0,1,1,1,0,1,1,1
2026-07-03T19:39:16.028,tof2,4x4,lying,2967,3259,-1,3322,-1,1479,-1,3473,933,1354,1572,-1,776,973,1099,1054,1,1,0,1,1,1,0,1,1,1,1,0,1,1,1,1
2026-07-03T19:39:16.069,tof1,4x4,lying,-1,-1,-1,-1,-1,-1,375,337,-1,429,343,322,-1,-1,319,303,0,0,0,0,0,0,1,1,0,1,1,1,0,0,1,1
2026-07-03T19:39:16.183,tof2,4x4,lying,2983,3261,-1,3323,-1,1479,2142,3472,924,1366,1564,-1,778,973,1099,1054,1,1,0,1,0,1,1,1,1,1,1,0,1,1,1,1
2026-07-03T19:39:16.227,tof1,4x4,lying,-1,-1,-1,-1,-1,-1,375,337,-1,429,343,322,-1,-1,319,303,0,0,0,0,0,0,1,1,0,1,1,1,0,0,1,1
2026-07-03T19:39:16.343,tof2,4x4,lying,2967,3259,-1,3322,-1,1487,2142,3473,924,1367,1536,-1,779,-1,1104,1054,1,1,0,1,1,1,1,1,1,1,1,1,1,1,1,1
2026-07-03T19:39:16.400,tof1,4x4,lying,-1,-1,-1,-1,-1,-1,375,339,-1,430,343,322,-1,-1,319,303,0,0,0,0,0,0,1,1,0,1,1,1,0,0,1,1
2026-07-03T19:39:16.528,tof2,4x4,lying,2967,3261,3290,3323,-1,1487,2142,3473,932,1392,1515,-1,-1,977,1100,1054,1,1,1,1,0,1,1,1,1,1,1,0,1,1,1,1
2026-07-03T19:39:16.602,tof1,4x4,lying,-1,-1,-1,-1,-1,-1,375,340,-1,429,343,323,-1,-1,320,303,0,0,0,0,0,0,1,1,0,1,1,1,0,0,1,1
2026-07-03T19:39:16.711,tof2,4x4,lying,2967,3259,-1,3322,2113,1487,2141,3473,932,1392,-1,-1,778,973,-1,1059,1,1,1,1,1,1,1,1,1,1,1,1,1,1,1,1
2026-07-03T19:39:16.770,tof1,4x4,lying,-1,-1,-1,-1,-1,-1,-1,341,-1,430,344,323,-1,-1,319,303,0,0,0,0,0,0,0,1,0,1,1,1,0,0,1,1
2026-07-03T19:39:16.887,tof2,4x4,lying,2948,3259,3290,3322,-1,1481,-1,3501,938,1392,-1,-1,776,973,1100,1059,1,1,1,1,0,1,1,1,1,1,1,0,1,1,1,1
2026-07-03T19:39:16.946,tof1,4x4,lying,-1,-1,-1,-1,-1,-1,375,341,-1,431,344,323,-1,473,319,303,0,0,0,0,0,0,1,1,0,1,1,1,0,1,1,1
2026-07-03T19:39:17.049,tof2,4x4,lying,-1,3255,-1,3309,-1,1481,-1,3501,945,1383,1515,-1,778,983,1100,1059,1,1,0,1,1,1,0,1,1,1,1,0,1,1,1,1
2026-07-03T19:39:17.117,tof1,4x4,lying,-1,-1,-1,-1,-1,-1,375,341,-1,433,344,323,-1,-1,319,303,0,0,0,0,0,0,1,1,0,1,1,1,0,0,1,1
2026-07-03T19:39:17.238,tof2,4x4,lying,2941,3255,-1,3322,-1,1481,-1,3455,945,1383,1507,-1,778,987,1099,1052,1,1,0,1,0,1,0,1,1,1,1,0,1,1,1,1
2026-07-03T19:39:17.276,tof1,4x4,lying,-1,-1,-1,-1,-1,-1,375,341,-1,431,345,323,-1,-1,319,303,0,0,0,0,0,0,1,1,0,1,1,1,0,0,1,1
2026-07-03T19:39:17.411,tof2,4x4,lying,2941,3255,-1,3306,-1,1481,2189,3426,945,1379,-1,1321,773,-1,1098,1052,1,1,0,1,0,1,1,1,1,1,1,1,1,1,1,1
2026-07-03T19:39:17.460,tof1,4x4,lying,-1,-1,-1,-1,-1,-1,381,342,-1,433,345,323,-1,-1,319,303,0,0,0,0,0,0,1,1,0,1,1,1,0,0,1,1
2026-07-03T19:39:17.571,tof2,4x4,lying,2941,3247,3304,3299,-1,1485,2189,3426,937,1379,1515,-1,778,-1,1098,1051,1,1,1,1,0,1,1,1,1,1,1,0,1,1,1,1
2026-07-03T19:39:17.629,tof1,4x4,lying,-1,-1,-1,-1,-1,-1,381,342,-1,431,345,323,-1,-1,322,303,0,0,0,0,0,0,1,1,0,1,1,1,0,0,1,1
2026-07-03T19:39:17.732,tof2,4x4,lying,2941,3267,-1,3306,-1,1485,-1,3426,937,1379,1555,-1,778,987,-1,1046,1,1,0,1,0,1,0,1,1,1,1,0,1,1,1,1
2026-07-03T19:39:17.822,tof1,4x4,lying,-1,-1,-1,-1,-1,-1,381,340,-1,431,343,323,-1,-1,322,303,0,0,0,0,0,0,1,1,0,1,1,1,0,0,1,1
2026-07-03T19:39:17.882,tof2,4x4,lying,2972,3267,-1,3298,-1,1485,2176,2853,931,1391,1555,-1,773,987,1099,1050,1,1,0,1,0,1,1,1,1,1,1,0,1,1,1,1
2026-07-03T19:39:17.982,tof1,4x4,lying,-1,-1,-1,-1,-1,-1,375,340,-1,430,343,323,-1,-1,323,303,0,0,0,0,0,0,1,1,0,1,1,1,0,0,1,1
2026-07-03T19:39:18.065,tof2,4x4,lying,-1,3260,-1,3298,-1,1490,2176,3459,934,1391,-1,1321,773,-1,1102,1050,1,1,0,1,0,1,1,1,1,1,1,1,1,1,1,1
2026-07-03T19:39:18.165,tof1,4x4,lying,-1,-1,-1,-1,-1,-1,374,340,-1,430,342,323,-1,-1,323,303,0,0,0,0,0,0,1,1,0,1,1,1,0,0,1,1
2026-07-03T19:39:18.239,tof2,4x4,lying,-1,3254,-1,3308,-1,1490,2176,3462,934,1391,-1,-1,771,983,1102,1046,1,1,1,1,0,1,1,1,1,1,1,0,1,1,1,1
2026-07-03T19:39:18.344,tof1,4x4,lying,-1,-1,-1,-1,-1,-1,374,339,-1,429,341,323,-1,-1,321,303,0,0,0,0,0,0,1,1,0,1,1,1,0,0,1,1
2026-07-03T19:39:18.403,tof2,4x4,lying,-1,3254,3293,3314,-1,1490,-1,3459,934,1387,-1,-1,771,977,1102,1046,0,1,1,1,1,1,0,1,1,1,1,0,1,1,1,1
2026-07-03T19:39:18.551,tof1,4x4,lying,-1,-1,-1,-1,-1,-1,372,340,-1,429,341,323,-1,-1,320,303,0,0,0,0,0,0,1,1,0,1,1,1,0,0,1,1
2026-07-03T19:39:18.573,tof2,4x4,lying,3019,3254,-1,3323,-1,1490,-1,3444,939,1384,-1,-1,771,977,1106,1050,1,1,0,1,1,1,0,1,1,1,1,1,1,1,1,1
2026-07-03T19:39:18.708,tof1,4x4,lying,-1,-1,-1,-1,-1,-1,371,340,-1,426,341,323,-1,-1,321,303,0,0,0,0,0,0,1,1,0,1,1,1,0,0,1,1
2026-07-03T19:39:18.753,tof2,4x4,lying,2972,3258,-1,3323,2106,1478,-1,3444,939,1384,-1,-1,775,977,1106,1051,1,1,0,1,1,1,0,1,1,1,1,0,1,1,1,1
2026-07-03T19:39:18.884,tof1,4x4,lying,-1,-1,-1,-1,-1,-1,371,339,-1,426,341,323,-1,-1,320,303,0,0,0,0,0,0,1,1,0,1,1,1,0,0,1,1
2026-07-03T19:39:18.904,tof2,4x4,lying,2972,3258,-1,3336,-1,1478,2146,3437,939,1387,1549,-1,775,977,1106,1049,1,1,1,1,0,1,1,1,1,1,1,1,1,1,1,1
2026-07-03T19:39:19.058,tof1,4x4,lying,-1,-1,-1,-1,-1,-1,371,339,-1,429,342,324,-1,472,320,303,0,0,0,0,0,0,1,1,0,1,1,1,0,1,1,1
2026-07-03T19:39:19.065,tof2,4x4,lying,2996,3258,-1,3336,-1,1480,-1,3437,940,1384,-1,-1,778,-1,1106,1056,1,1,0,1,0,1,1,1,1,1,1,1,1,1,1,1
2026-07-03T19:39:19.230,tof1,4x4,lying,-1,-1,-1,-1,-1,-1,373,339,-1,430,344,324,-1,-1,323,304,0,0,0,0,0,0,1,1,0,1,1,1,0,0,1,1
2026-07-03T19:39:19.253,tof2,4x4,lying,2996,3259,3293,3322,-1,1480,2146,2847,939,1365,-1,-1,782,982,-1,1056,1,1,1,1,0,1,1,1,1,1,1,0,1,1,1,1
2026-07-03T19:39:19.465,tof1,4x4,lying,-1,-1,-1,-1,-1,-1,374,339,-1,427,344,325,-1,-1,323,304,1,0,0,0,0,0,1,1,0,1,1,1,0,0,1,1
2026-07-03T19:39:19.465,tof2,4x4,lying,2996,3259,-1,3322,-1,1482,-1,2842,940,1391,1555,-1,782,-1,-1,1049,1,1,0,1,0,1,1,1,1,1,1,0,1,1,1,1
2026-07-03T19:39:19.617,tof2,4x4,lying,3011,3260,-1,3339,-1,1490,-1,2846,934,1391,-1,-1,782,990,1106,1049,1,1,0,1,0,1,0,1,1,1,1,0,1,1,1,1
2026-07-03T19:39:19.674,tof1,4x4,lying,-1,-1,-1,-1,-1,-1,376,341,-1,433,344,325,-1,-1,323,304,0,0,0,0,0,0,1,1,0,1,1,1,0,0,1,1
2026-07-03T19:39:19.793,tof2,4x4,lying,3033,3260,-1,3322,-1,1482,2146,2847,940,1387,1549,-1,762,-1,1106,1052,1,1,0,1,0,1,1,1,1,1,1,1,1,1,1,1
2026-07-03T19:39:19.841,tof1,4x4,lying,-1,-1,-1,-1,-1,-1,376,342,-1,433,344,325,-1,-1,323,304,0,0,0,0,0,0,1,1,0,1,1,1,0,0,1,1
2026-07-03T19:39:19.974,tof2,4x4,lying,3033,3260,-1,3322,-1,1490,2163,2847,940,1387,1549,-1,762,-1,1106,1052,1,1,0,1,0,1,1,1,1,1,1,1,1,1,1,1
2026-07-03T19:39:20.005,tof1,4x4,lying,-1,-1,-1,-1,-1,-1,-1,342,-1,433,346,326,-1,-1,324,305,0,0,0,1,0,0,0,1,0,1,1,1,0,0,1,1
2026-07-03T19:39:20.144,tof2,4x4,lying,3011,3260,-1,3311,-1,-1,2176,3433,940,1387,1561,1321,762,982,1107,1052,1,1,0,1,0,0,1,1,1,1,1,1,1,1,1,1
2026-07-03T19:39:20.184,tof1,4x4,lying,-1,-1,-1,-1,-1,-1,-1,341,-1,433,346,327,-1,-1,324,305,0,0,0,0,0,0,0,1,0,1,1,1,0,0,1,1
2026-07-03T19:39:20.306,tof2,4x4,lying,-1,3260,-1,3311,-1,-1,-1,-1,940,1385,-1,-1,766,982,-1,1052,0,1,0,1,0,0,1,0,1,1,1,0,1,1,1,1
2026-07-03T19:39:20.369,tof1,4x4,lying,-1,-1,-1,-1,-1,-1,-1,342,-1,434,346,327,-1,-1,325,305,0,0,0,0,0,0,0,1,0,1,1,1,0,0,1,1
2026-07-03T19:39:20.471,tof2,4x4,lying,3001,3260,-1,3311,-1,1482,2176,3462,943,1385,-1,-1,783,-1,-1,1054,1,1,0,1,1,1,1,1,1,1,1,0,1,1,1,1
2026-07-03T19:39:20.525,tof1,4x4,lying,-1,-1,-1,-1,-1,-1,376,341,-1,437,347,327,-1,-1,325,305,0,1,0,0,0,0,1,1,0,1,1,1,0,0,1,1
2026-07-03T19:39:20.626,tof2,4x4,lying,2986,3259,3311,3311,-1,-1,2163,3462,943,1385,1562,-1,783,988,-1,1052,1,1,1,1,0,0,1,1,1,1,1,1,1,1,1,1
2026-07-03T19:39:20.695,tof1,4x4,lying,-1,-1,-1,-1,-1,-1,-1,341,-1,437,347,327,-1,-1,325,305,0,0,0,1,0,0,0,1,0,1,1,1,0,0,1,1
2026-07-03T19:39:20.828,tof2,4x4,lying,-1,3268,-1,3315,-1,-1,-1,3483,940,1385,1562,-1,783,994,1106,1049,0,1,0,1,0,0,0,1,1,1,1,0,1,1,1,1
2026-07-03T19:39:21.025,tof2,4x4,lying,-1,3268,3299,3316,-1,-1,-1,3462,943,1385,-1,-1,780,990,1106,1051,0,1,1,1,0,0,0,1,1,1,1,0,1,1,1,1
2026-07-03T19:39:21.035,tof1,4x4,lying,-1,-1,-1,-1,-1,-1,-1,341,-1,437,347,327,-1,-1,327,304,0,0,0,0,0,0,0,1,0,1,1,1,0,0,1,1
2026-07-03T19:39:21.236,tof2,4x4,lying,2977,3268,-1,3324,-1,-1,2159,3448,940,1385,1562,-1,767,990,1106,1051,1,1,0,1,0,0,1,1,1,1,1,0,1,1,1,1
2026-07-03T19:39:21.237,tof1,4x4,lying,-1,-1,-1,-1,-1,-1,-1,341,-1,437,347,327,-1,-1,327,304,0,0,0,0,0,0,0,1,0,1,1,1,0,0,1,1
2026-07-03T19:39:21.513,tof2,4x4,lying,2977,3255,-1,3324,-1,1479,-1,3427,940,1394,1582,-1,763,-1,1109,1043,1,1,0,1,0,1,0,1,1,1,1,0,1,1,1,1
2026-07-03T19:39:21.620,tof1,4x4,lying,-1,-1,-1,-1,-1,-1,-1,341,-1,437,347,327,-1,-1,326,304,0,0,0,0,0,0,0,1,0,1,1,1,0,0,1,1
2026-07-03T19:39:21.674,tof2,4x4,lying,2983,3257,-1,3324,-1,-1,2124,3427,940,1399,1601,-1,763,988,1108,1043,1,1,1,1,0,1,1,1,1,1,1,0,1,1,1,1
2026-07-03T19:39:21.799,tof1,4x4,lying,-1,-1,-1,-1,-1,-1,-1,341,-1,437,347,327,-1,-1,326,304,1,0,0,0,0,0,0,1,0,1,1,1,0,0,1,1
2026-07-03T19:39:21.846,tof2,4x4,lying,2983,3255,-1,3324,-1,-1,2124,3427,949,-1,1529,1316,763,969,1109,1051,1,1,0,1,0,0,1,1,1,1,1,1,1,1,1,1
2026-07-03T19:39:21.967,tof1,4x4,lying,-1,-1,-1,-1,-1,-1,-1,341,-1,-1,346,327,-1,-1,325,304,0,0,0,0,0,0,0,1,0,0,1,1,0,0,1,1
2026-07-03T19:39:22.043,tof2,4x4,lying,-1,3255,-1,3324,-1,-1,-1,3457,949,1399,1528,-1,766,968,1109,1043,0,1,0,1,0,0,0,1,1,1,1,1,1,1,1,1
2026-07-03T19:39:22.148,tof1,4x4,lying,-1,-1,-1,-1,-1,-1,-1,343,-1,434,346,327,-1,-1,325,305,0,0,0,0,0,0,0,1,0,1,1,1,0,0,1,1
2026-07-03T19:39:22.226,tof2,4x4,lying,2983,3255,-1,3324,-1,-1,-1,3463,952,1401,1576,-1,775,-1,1108,1047,1,1,1,1,0,0,0,1,1,1,1,0,1,1,1,1
2026-07-03T19:39:22.359,tof1,4x4,lying,-1,-1,-1,-1,-1,-1,-1,343,-1,433,346,327,-1,-1,325,305,0,0,0,1,0,0,0,1,0,1,1,1,0,0,1,1
2026-07-03T19:39:22.404,tof2,4x4,lying,3018,3255,-1,3312,-1,1466,-1,3463,952,1399,1528,-1,775,-1,1108,1052,1,1,0,1,0,1,0,1,1,1,1,1,1,1,1,1
2026-07-03T19:39:22.546,tof1,4x4,lying,-1,-1,-1,-1,-1,-1,-1,342,-1,433,346,327,-1,-1,325,305,0,0,0,0,0,0,0,1,0,1,1,1,0,0,1,1
2026-07-03T19:39:22.579,tof2,4x4,lying,2983,3255,-1,3310,-1,-1,2143,3476,952,1399,1528,-1,768,968,1106,1049,1,1,0,1,0,1,1,1,1,1,1,0,1,1,1,1
2026-07-03T19:39:22.735,tof1,4x4,lying,-1,-1,-1,-1,-1,-1,-1,343,-1,433,346,327,-1,-1,325,305,0,0,0,0,0,0,0,1,0,1,1,1,0,0,1,1
2026-07-03T19:39:22.769,tof2,4x4,lying,3040,3255,-1,3307,-1,1466,-1,3476,943,1393,-1,-1,768,-1,-1,1047,1,1,0,1,0,1,1,1,1,1,1,0,1,1,1,1
2026-07-03T19:39:22.929,tof1,4x4,lying,-1,-1,-1,-1,-1,-1,378,344,-1,-1,346,327,-1,471,325,305,1,0,0,0,0,0,1,1,0,0,1,1,0,1,1,1
2026-07-03T19:39:22.954,tof2,4x4,lying,3040,3251,-1,3304,-1,1466,2143,3476,942,1393,1532,-1,768,-1,1105,1049,1,1,0,1,0,1,1,1,1,1,1,1,1,1,1,1
2026-07-03T19:39:23.129,tof1,4x4,lying,-1,-1,-1,-1,-1,-1,-1,344,-1,433,346,327,-1,-1,325,305,0,0,0,0,0,0,0,1,0,1,1,1,0,0,1,1
2026-07-03T19:39:23.129,tof2,4x4,lying,3048,3251,-1,3304,2106,1450,2162,2849,942,1378,-1,-1,764,969,1105,1050,1,1,0,1,1,1,1,1,1,1,1,0,1,1,1,1
2026-07-03T19:39:23.287,tof2,4x4,lying,3048,3256,-1,3307,-1,1467,-1,2849,942,1393,-1,-1,764,972,1106,1049,1,1,0,1,1,1,0,1,1,1,1,1,1,1,1,1
2026-07-03T19:39:23.341,tof1,4x4,lying,-1,-1,-1,-1,-1,-1,379,344,-1,433,346,327,-1,471,326,305,0,0,0,0,0,0,1,1,0,1,1,1,0,1,1,1
2026-07-03T19:39:23.453,tof2,4x4,lying,3052,3256,-1,3313,-1,1487,2173,2849,942,-1,-1,-1,779,972,-1,1049,1,1,1,1,0,1,1,1,1,1,1,0,1,1,1,1
2026-07-03T19:39:23.508,tof1,4x4,lying,-1,-1,-1,-1,-1,-1,-1,344,-1,438,348,327,-1,-1,327,305,0,0,0,0,0,0,0,1,0,1,1,1,0,0,1,1
2026-07-03T19:39:23.621,tof2,4x4,lying,3054,3249,-1,3313,-1,1487,2173,-1,942,1393,1532,-1,779,974,1103,1049,1,1,0,1,0,1,1,1,1,1,1,0,1,1,1,1
2026-07-03T19:39:23.692,tof1,4x4,lying,-1,-1,-1,-1,-1,-1,-1,344,-1,438,348,327,-1,-1,327,305,0,0,0,0,0,0,0,1,0,1,1,1,0,0,1,1
2026-07-03T19:39:23.800,tof2,4x4,lying,3054,3258,-1,3313,-1,1487,-1,2830,935,1378,-1,-1,781,-1,1103,1048,1,1,0,1,0,1,0,1,1,1,1,0,1,1,1,1
2026-07-03T19:39:23.858,tof1,4x4,lying,-1,-1,-1,-1,-1,-1,-1,342,-1,440,348,327,-1,471,327,305,0,0,0,0,0,0,0,1,0,1,1,1,0,1,1,1
2026-07-03T19:39:23.976,tof2,4x4,lying,3026,3248,-1,-1,-1,1487,-1,2830,934,1380,1520,-1,781,972,1102,1048,1,1,0,1,0,1,0,1,1,1,1,0,1,1,1,1
2026-07-03T19:39:24.019,tof1,4x4,lying,-1,-1,-1,-1,-1,-1,-1,341,-1,440,348,327,-1,-1,328,305,0,0,0,0,0,0,0,1,0,1,1,1,0,0,1,1
2026-07-03T19:39:24.154,tof2,4x4,lying,3026,3248,-1,-1,-1,1475,2173,2897,935,1400,1520,-1,784,971,1102,1045,1,1,0,1,0,1,1,1,1,1,1,0,1,1,1,1
2026-07-03T19:39:24.180,tof1,4x4,lying,-1,-1,-1,-1,-1,-1,-1,-1,-1,438,348,327,-1,469,326,305,0,0,0,0,0,0,0,0,0,1,1,1,0,1,1,1
2026-07-03T19:39:24.311,tof2,4x4,lying,-1,3263,-1,3311,-1,1475,2173,3483,939,1400,1520,-1,784,964,1102,1045,1,1,0,1,0,1,1,1,1,1,1,0,1,1,1,1
2026-07-03T19:39:24.341,tof1,4x4,lying,-1,-1,-1,-1,-1,-1,-1,-1,-1,438,347,327,-1,-1,326,305,0,0,0,0,0,0,0,0,0,1,1,1,0,0,1,1
2026-07-03T19:39:24.544,tof2,4x4,lying,3022,3263,-1,3311,-1,1475,-1,3483,935,1388,-1,-1,783,-1,1102,1045,1,1,0,1,0,1,0,1,1,1,1,0,1,1,1,1
2026-07-03T19:39:24.545,tof1,4x4,lying,-1,-1,-1,-1,-1,-1,-1,-1,-1,435,347,327,-1,-1,327,305,0,0,0,0,0,0,0,0,0,1,1,1,0,0,1,1
2026-07-03T19:39:24.722,tof2,4x4,lying,3022,3255,-1,3311,-1,1480,-1,3483,932,1400,1520,-1,771,971,-1,1045,1,1,0,1,0,1,0,1,1,1,1,0,1,1,1,1
2026-07-03T19:39:24.729,tof1,4x4,lying,-1,-1,-1,-1,-1,-1,-1,-1,-1,434,347,327,-1,-1,327,305,0,0,0,1,0,0,0,0,0,1,1,1,0,0,1,1
2026-07-03T19:39:24.887,tof2,4x4,lying,3025,3261,3299,3311,-1,1480,-1,3456,938,1400,1559,-1,783,971,1102,1047,1,1,1,1,1,1,1,1,1,1,1,0,1,1,1,1
2026-07-03T19:39:24.938,tof1,4x4,lying,-1,-1,-1,-1,-1,-1,379,342,-1,435,347,327,-1,-1,327,305,0,0,0,0,0,0,1,1,0,1,1,1,0,0,1,1
2026-07-03T19:39:25.034,tof2,4x4,lying,3022,3261,-1,3311,-1,1480,-1,2914,932,1396,-1,-1,783,-1,1102,1049,1,1,0,1,1,1,0,1,1,1,1,0,1,1,1,1
2026-07-03T19:39:25.110,tof1,4x4,lying,-1,-1,-1,-1,-1,-1,378,342,-1,434,347,327,-1,-1,327,305,0,0,1,0,0,0,1,1,0,1,1,1,0,0,1,1
2026-07-03T19:39:25.202,tof2,4x4,lying,-1,3258,-1,-1,-1,1480,-1,2887,932,1388,-1,-1,771,976,-1,1052,0,1,0,1,1,1,0,1,1,1,1,0,1,1,1,1
2026-07-03T19:39:25.273,tof1,4x4,lying,-1,-1,-1,-1,-1,-1,376,341,-1,432,345,327,-1,-1,327,305,0,0,0,0,0,0,1,1,0,1,1,1,0,0,1,1
2026-07-03T19:39:25.353,tof2,4x4,lying,3014,3258,-1,3327,-1,1480,2173,2887,935,1384,-1,-1,778,976,1102,1052,1,1,0,1,0,1,1,1,1,1,1,1,1,1,1,1
2026-07-03T19:39:25.433,tof1,4x4,lying,-1,-1,-1,-1,-1,-1,374,341,-1,432,343,326,-1,-1,325,304,0,0,0,0,0,0,1,1,0,1,1,1,0,0,1,1
2026-07-03T19:39:25.517,tof2,4x4,lying,3025,3261,3315,3300,-1,1468,2169,2887,935,1368,-1,-1,783,976,-1,1049,1,1,1,1,0,1,1,1,1,1,1,0,1,1,1,1
2026-07-03T19:39:25.605,tof1,4x4,lying,-1,-1,-1,-1,-1,-1,372,342,-1,432,342,325,-1,-1,325,304,0,0,0,0,0,0,1,1,0,1,1,1,0,0,1,1
2026-07-03T19:39:25.694,tof2,4x4,lying,2978,3258,3315,3300,-1,1468,-1,2887,935,1384,1576,-1,783,975,1102,1049,1,1,1,1,0,1,1,1,1,1,1,0,1,1,1,1
2026-07-03T19:39:25.754,tof1,4x4,lying,-1,-1,-1,-1,-1,-1,372,-1,-1,430,342,325,-1,468,324,304,1,0,0,0,0,0,1,0,0,1,1,1,0,1,1,1
2026-07-03T19:39:25.853,tof2,4x4,lying,2978,3258,-1,3324,-1,1468,-1,3458,940,1384,1577,-1,785,970,-1,1044,1,1,0,1,0,1,1,1,1,1,1,1,1,1,1,1
2026-07-03T19:39:25.943,tof1,4x4,lying,-1,-1,-1,-1,-1,-1,372,-1,-1,429,342,325,-1,-1,323,304,0,0,0,0,0,0,1,0,0,1,1,1,0,0,1,1
2026-07-03T19:39:26.042,tof2,4x4,lying,-1,3259,-1,3327,-1,1468,-1,3458,946,1385,1577,-1,786,968,1107,1044,1,1,0,1,0,1,0,1,1,1,1,0,1,1,1,1
2026-07-03T19:39:26.113,tof1,4x4,lying,-1,-1,-1,-1,-1,-1,372,-1,-1,-1,342,324,-1,-1,323,304,0,0,0,0,0,0,1,0,0,0,1,1,0,0,1,1
2026-07-03T19:39:26.217,tof2,4x4,lying,2983,3259,-1,3327,-1,1470,-1,3475,945,1385,1577,-1,788,963,1107,1044,1,1,0,1,0,1,0,1,1,1,1,1,1,1,1,1
2026-07-03T19:39:26.271,tof1,4x4,lying,-1,-1,-1,-1,-1,-1,371,-1,-1,427,343,324,-1,-1,323,304,0,0,0,0,0,0,1,0,0,1,1,1,0,0,1,1
2026-07-03T19:39:26.389,tof2,4x4,lying,-1,3255,-1,3327,-1,1484,-1,3475,945,1400,1579,1328,786,963,1107,1046,1,1,0,1,0,1,0,1,1,1,1,1,1,1,1,1
2026-07-03T19:39:26.632,tof1,4x4,lying,-1,-1,-1,-1,-1,-1,371,-1,-1,427,344,324,-1,-1,324,304,0,0,0,0,0,0,1,0,0,1,1,1,0,0,1,1
2026-07-03T19:39:26.740,tof2,4x4,lying,2983,3259,-1,3324,-1,1484,2169,3485,940,1401,-1,1316,786,963,1107,1046,1,1,1,1,0,1,1,1,1,1,1,1,1,1,1,1
2026-07-03T19:39:26.791,tof1,4x4,lying,-1,-1,-1,-1,-1,-1,373,-1,-1,-1,343,324,-1,-1,324,304,0,0,0,0,0,0,1,0,0,0,1,1,0,0,1,1
2026-07-03T19:39:26.896,tof2,4x4,lying,2983,3263,-1,3316,-1,1487,-1,2876,943,1400,1579,-1,783,-1,1107,1053,1,1,0,1,0,1,0,1,1,1,1,0,1,1,1,1
2026-07-03T19:39:26.964,tof1,4x4,lying,-1,-1,-1,-1,-1,-1,371,-1,-1,427,343,324,-1,-1,325,304,0,0,0,0,0,0,1,0,0,1,1,1,0,0,1,1
2026-07-03T19:39:27.079,tof2,4x4,lying,2991,3262,-1,3316,-1,1488,2157,3485,942,1394,1559,-1,783,963,1107,1053,1,1,0,1,0,1,1,1,1,1,1,0,1,1,1,1
2026-07-03T19:39:27.115,tof1,4x4,lying,-1,-1,-1,-1,-1,-1,374,-1,-1,427,343,325,-1,-1,326,305,0,0,0,0,0,0,1,0,0,1,1,1,0,0,1,1
2026-07-03T19:39:27.276,tof2,4x4,lying,3013,3262,-1,3316,-1,1488,-1,2876,938,1395,-1,-1,775,961,1107,1056,1,1,0,1,0,1,0,1,1,1,1,0,1,1,1,1
2026-07-03T19:39:27.279,tof1,4x4,lying,-1,-1,-1,-1,-1,-1,375,-1,-1,427,345,327,-1,-1,326,305,0,0,0,0,0,0,1,0,0,1,1,1,0,0,1,1
2026-07-03T19:39:27.456,tof1,4x4,lying,-1,-1,-1,-1,-1,-1,-1,342,-1,427,345,327,-1,466,326,305,0,0,0,0,0,0,0,1,0,1,1,1,0,1,1,1
2026-07-03T19:39:27.613,tof1,4x4,lying,-1,-1,-1,-1,-1,-1,-1,-1,-1,428,346,327,-1,-1,326,304,0,0,0,0,0,0,0,0,0,1,1,1,0,0,1,1
2026-07-03T19:39:27.691,tof2,4x4,lying,3013,3262,-1,3316,-1,1487,-1,3497,942,1394,-1,-1,783,961,1107,1058,1,1,0,1,0,1,1,1,1,1,1,1,1,1,1,1
2026-07-03T19:39:27.789,tof1,4x4,lying,-1,-1,-1,-1,-1,-1,-1,-1,-1,430,346,327,-1,466,326,304,0,0,0,0,0,0,0,0,0,1,1,1,0,1,1,1
2026-07-03T19:39:27.874,tof2,4x4,lying,3013,3260,-1,3316,-1,1488,2157,2869,943,1376,1559,-1,775,962,1107,1056,1,1,0,1,0,1,1,1,1,1,1,1,1,1,1,1
2026-07-03T19:39:27.956,tof1,4x4,lying,-1,-1,-1,-1,-1,-1,375,-1,-1,430,345,327,-1,-1,326,304,0,0,0,0,0,0,1,0,0,1,1,1,0,0,1,1
2026-07-03T19:39:28.060,tof2,4x4,lying,3013,3255,3301,3311,-1,1488,2127,2869,942,1394,-1,-1,778,986,-1,1048,1,1,1,1,0,1,1,1,1,1,1,1,1,1,1,1
2026-07-03T19:39:28.118,tof1,4x4,lying,-1,-1,-1,-1,-1,-1,-1,-1,-1,-1,346,328,-1,-1,326,304,0,0,0,0,0,0,0,0,0,0,1,1,0,0,1,1
2026-07-03T19:39:28.220,tof2,4x4,lying,3007,3255,-1,3295,-1,-1,2127,2850,939,1395,1559,-1,775,992,1104,1056,1,1,0,1,0,1,1,1,1,1,1,0,1,1,1,1
2026-07-03T19:39:28.295,tof1,4x4,lying,-1,-1,-1,-1,-1,-1,-1,-1,-1,428,345,328,-1,465,326,304,0,0,0,0,0,0,0,0,0,1,1,1,0,1,1,1
2026-07-03T19:39:28.395,tof2,4x4,lying,-1,3259,-1,3295,-1,1488,-1,2850,939,1425,1516,-1,773,992,-1,1051,1,1,0,1,0,1,0,1,1,1,1,0,1,1,1,1
2026-07-03T19:39:28.469,tof1,4x4,lying,-1,-1,-1,-1,-1,-1,-1,-1,-1,428,345,328,-1,465,326,304,0,0,0,0,0,0,0,0,0,1,1,1,0,1,1,1
2026-07-03T19:39:28.545,tof2,4x4,lying,3006,3260,-1,3295,-1,1483,2127,2850,939,-1,-1,-1,773,976,-1,1051,1,1,1,1,0,1,1,1,1,1,1,0,1,1,1,1
2026-07-03T19:39:28.619,tof1,4x4,lying,-1,-1,-1,-1,-1,-1,-1,-1,-1,427,345,328,-1,469,327,304,0,0,0,0,0,0,0,0,0,1,1,1,0,1,1,1
2026-07-03T19:39:28.723,tof2,4x4,lying,2956,3260,-1,3323,2109,1483,-1,3437,939,1425,1484,-1,778,-1,-1,1051,1,1,0,1,1,1,0,1,1,1,1,0,1,1,1,1
2026-07-03T19:39:28.814,tof1,4x4,lying,-1,-1,-1,-1,-1,-1,-1,-1,-1,427,345,329,-1,-1,327,304,0,0,0,0,0,0,0,0,0,1,1,1,0,0,1,1
2026-07-03T19:39:28.893,tof2,4x4,lying,2956,3260,-1,3323,-1,1483,-1,3437,946,1425,-1,-1,777,981,1107,1051,1,1,0,1,1,1,1,1,1,1,1,1,1,1,1,1
2026-07-03T19:39:28.993,tof1,4x4,lying,-1,-1,-1,-1,-1,-1,375,341,-1,-1,345,328,-1,-1,327,305,1,0,0,0,0,0,1,1,0,0,1,1,0,0,1,1
2026-07-03T19:39:29.055,tof2,4x4,lying,2956,3259,-1,3323,-1,1483,-1,3447,946,1401,-1,-1,777,-1,1106,1051,1,1,0,1,0,1,1,1,1,1,1,0,1,1,1,1
2026-07-03T19:39:29.156,tof1,4x4,lying,-1,-1,-1,-1,-1,-1,-1,-1,-1,427,345,328,-1,-1,327,304,0,0,1,0,0,0,0,0,0,1,1,1,0,0,1,1
2026-07-03T19:39:29.224,tof2,4x4,lying,-1,3260,-1,3327,-1,1489,-1,3449,947,1393,-1,-1,777,976,1106,1052,0,1,1,1,1,1,0,1,1,1,1,1,1,1,1,1
2026-07-03T19:39:29.336,tof1,4x4,lying,-1,-1,-1,-1,-1,-1,376,-1,-1,427,345,327,-1,-1,325,304,0,0,0,0,0,0,1,0,0,1,1,1,0,0,1,1
2026-07-03T19:39:29.423,tof2,4x4,lying,2953,3254,-1,3324,-1,1489,-1,3449,947,1393,-1,-1,777,-1,1106,1049,1,1,0,1,0,1,0,1,1,1,1,0,1,1,1,1
2026-07-03T19:39:29.493,tof1,4x4,lying,-1,-1,-1,-1,-1,-1,376,342,-1,-1,344,327,-1,-1,325,304,0,0,0,0,0,0,1,1,0,0,1,1,0,0,1,1
2026-07-03T19:39:29.596,tof2,4x4,lying,2994,3253,-1,3324,-1,1489,-1,3449,948,1391,1484,-1,776,966,-1,1039,1,1,1,1,0,1,0,1,1,1,1,0,1,1,1,1
2026-07-03T19:39:29.662,tof1,4x4,lying,-1,-1,-1,-1,-1,-1,376,-1,-1,-1,344,327,-1,-1,325,304,1,0,0,0,0,0,1,1,0,0,1,1,0,0,1,1
2026-07-03T19:39:29.749,tof2,4x4,lying,2994,3254,-1,3324,-1,1463,-1,3449,-1,1386,1521,1325,776,-1,1112,1052,1,1,0,1,0,1,0,1,0,1,1,1,1,1,1,1
2026-07-03T19:39:29.828,tof1,4x4,lying,-1,-1,-1,-1,-1,-1,374,-1,-1,426,344,325,-1,-1,325,304,0,0,0,0,0,0,1,0,0,1,1,1,0,0,1,1
2026-07-03T19:39:29.934,tof2,4x4,lying,2992,3254,3315,3324,-1,1463,-1,3449,948,1389,-1,-1,777,966,1110,1047,1,1,1,1,0,1,0,1,1,1,1,1,1,1,1,1
2026-07-03T19:39:29.992,tof1,4x4,lying,-1,-1,-1,-1,-1,-1,373,-1,-1,-1,343,325,-1,-1,324,304,0,0,0,0,0,0,1,0,0,0,1,1,0,0,1,1
2026-07-03T19:39:30.097,tof2,4x4,lying,-1,3254,-1,3313,-1,1463,-1,2872,954,1386,1519,-1,776,966,1110,1045,1,1,0,1,1,1,1,1,1,1,1,1,1,1,1,1
2026-07-03T19:39:30.151,tof1,4x4,lying,-1,-1,-1,-1,-1,-1,371,-1,-1,-1,342,325,-1,-1,325,304,0,0,0,0,0,0,1,0,0,0,1,1,0,0,1,1
2026-07-03T19:39:30.253,tof2,4x4,lying,2992,3264,-1,3313,-1,1463,2191,2850,948,1386,-1,1325,783,964,1112,1047,1,1,1,1,0,1,1,1,1,1,1,1,1,1,1,1
2026-07-03T19:39:30.345,tof1,4x4,lying,-1,-1,-1,-1,-1,-1,371,-1,-1,426,342,325,-1,-1,325,304,0,0,0,0,0,0,1,0,0,1,1,1,0,0,1,1
2026-07-03T19:39:30.414,tof2,4x4,lying,2992,3265,-1,3313,-1,1467,2191,2872,954,1389,1521,-1,783,-1,1110,1053,1,1,0,1,0,1,1,1,1,1,1,1,1,1,1,1
2026-07-03T19:39:30.523,tof1,4x4,lying,-1,-1,-1,-1,-1,-1,371,-1,-1,-1,342,325,-1,-1,325,304,0,0,0,0,0,0,1,0,0,0,1,1,0,0,1,1
2026-07-03T19:39:30.583,tof2,4x4,lying,2979,3265,-1,3313,-1,1472,-1,2850,954,1398,1521,-1,787,966,1106,1053,1,1,0,1,0,1,0,1,1,1,1,0,1,1,1,1
2026-07-03T19:39:30.686,tof1,4x4,lying,3215,-1,-1,-1,-1,-1,372,-1,-1,-1,343,327,-1,-1,325,304,1,0,0,0,0,0,1,0,0,0,1,1,0,0,1,1
2026-07-03T19:39:30.763,tof2,4x4,lying,2979,3265,-1,3325,-1,1472,-1,2850,955,1406,-1,1325,778,-1,1106,1055,1,1,0,1,0,1,0,1,1,1,1,1,1,1,1,1
2026-07-03T19:39:30.856,tof1,4x4,lying,-1,-1,-1,-1,-1,-1,-1,-1,-1,426,343,327,-1,-1,325,304,1,0,0,0,0,0,0,0,0,1,1,1,0,0,1,1
2026-07-03T19:39:30.928,tof2,4x4,lying,2993,3265,-1,3339,-1,1477,-1,2858,949,1406,1519,-1,778,-1,1106,1055,1,1,0,1,0,1,1,1,1,1,1,1,1,1,1,1
2026-07-03T19:39:31.041,tof1,4x4,lying,-1,-1,-1,-1,-1,-1,375,344,-1,426,344,327,-1,-1,325,305,0,0,0,0,0,0,1,1,0,1,1,1,0,0,1,1
2026-07-03T19:39:31.086,tof2,4x4,lying,2979,3265,-1,3339,-1,1495,2208,3419,955,1406,1519,-1,778,-1,1106,1053,1,1,0,1,0,1,1,1,1,1,1,0,1,1,1,1
2026-07-03T19:39:31.187,tof1,4x4,lying,-1,-1,-1,-1,-1,-1,380,-1,-1,432,345,327,-1,-1,325,305,1,0,0,0,0,0,1,0,0,1,1,1,0,0,1,1
2026-07-03T19:39:31.292,tof2,4x4,lying,2970,3266,-1,3347,2109,-1,2208,2858,949,1378,1509,-1,778,-1,-1,1047,1,1,0,1,1,0,1,1,1,1,1,0,1,1,1,1
2026-07-03T19:39:31.350,tof1,4x4,lying,-1,-1,-1,-1,-1,-1,380,-1,-1,433,346,327,-1,-1,326,305,1,0,0,0,0,0,1,0,0,1,1,1,0,0,1,1
2026-07-03T19:39:31.462,tof2,4x4,lying,-1,3259,-1,3339,-1,1506,2183,3419,943,1377,-1,-1,778,-1,1107,1047,1,1,0,1,0,1,1,1,1,1,1,0,1,1,1,1
2026-07-03T19:39:31.521,tof1,4x4,lying,-1,-1,-1,-1,-1,-1,-1,344,-1,433,346,327,-1,-1,326,305,0,0,0,0,0,0,0,1,0,1,1,1,0,0,1,1
2026-07-03T19:39:31.711,tof2,4x4,lying,2970,3259,-1,3329,-1,-1,2183,3485,943,1376,-1,-1,779,972,1107,1046,1,1,1,1,1,1,1,1,1,1,1,0,1,1,1,1
2026-07-03T19:39:31.730,tof1,4x4,lying,-1,-1,-1,-1,-1,-1,-1,-1,-1,433,347,328,-1,469,326,305,0,0,0,0,0,0,0,0,0,1,1,1,0,1,1,1
2026-07-03T19:39:31.873,tof2,4x4,lying,-1,3266,-1,3316,-1,-1,-1,3419,937,1369,1509,-1,779,964,1109,1047,1,1,0,1,0,0,0,1,1,1,1,0,1,1,1,1
2026-07-03T19:39:31.889,tof1,4x4,lying,-1,-1,-1,-1,-1,-1,-1,-1,-1,430,347,328,-1,-1,326,305,0,0,0,1,0,0,0,0,0,1,1,1,0,0,1,1
2026-07-03T19:39:32.024,tof2,4x4,lying,2970,3268,-1,3316,-1,-1,2190,3488,936,1367,-1,-1,776,961,1109,1046,1,1,1,1,0,0,1,1,1,1,1,0,1,1,1,1
2026-07-03T19:39:32.070,tof1,4x4,lying,-1,-1,-1,-1,-1,-1,-1,-1,-1,430,347,329,-1,-1,326,305,0,0,0,0,0,0,0,0,0,1,1,1,0,0,1,1
2026-07-03T19:39:32.194,tof2,4x4,lying,2970,3256,-1,-1,-1,1506,-1,3488,937,1367,1512,-1,783,972,-1,1047,1,1,0,1,1,1,0,1,1,1,1,0,1,1,1,1
2026-07-03T19:39:32.243,tof1,4x4,lying,-1,-1,-1,-1,-1,-1,-1,-1,-1,430,347,329,-1,-1,326,306,0,0,0,0,0,0,0,0,0,1,1,1,0,0,1,1
2026-07-03T19:39:32.384,tof2,4x4,lying,-1,3255,-1,3309,-1,1496,2183,3493,939,1366,-1,-1,778,961,1106,1046,0,1,0,1,1,1,1,1,1,1,1,1,1,1,1,1
2026-07-03T19:39:32.406,tof1,4x4,lying,-1,-1,-1,-1,-1,-1,-1,-1,-1,430,347,329,-1,-1,326,306,0,0,0,0,0,0,0,0,0,1,1,1,0,0,1,1
2026-07-03T19:39:32.576,tof2,4x4,lying,3013,3260,-1,3304,-1,1506,-1,3448,939,1366,1546,-1,770,961,1106,1047,1,1,0,1,0,1,0,1,1,1,1,0,1,1,1,1
2026-07-03T19:39:32.592,tof1,4x4,lying,-1,-1,-1,-1,-1,-1,-1,-1,-1,-1,347,329,-1,-1,327,306,0,0,0,0,0,0,0,0,0,0,1,1,0,0,1,1
2026-07-03T19:39:32.736,tof2,4x4,lying,3015,3260,-1,3304,-1,-1,2183,3493,939,1366,1561,-1,778,961,1106,1047,1,1,0,1,0,0,1,1,1,1,1,1,1,1,1,1
2026-07-03T19:39:32.775,tof1,4x4,lying,-1,-1,-1,-1,-1,-1,-1,-1,-1,431,347,329,-1,-1,326,306,0,0,0,0,0,0,0,0,0,1,1,1,0,0,1,1
2026-07-03T19:39:32.914,tof2,4x4,lying,-1,3255,-1,3304,-1,-1,2139,3493,-1,1383,1561,-1,778,962,-1,1048,1,1,0,1,1,0,1,1,0,1,1,1,1,1,1,1
2026-07-03T19:39:32.930,tof1,4x4,lying,-1,-1,-1,-1,-1,-1,-1,-1,-1,-1,347,328,-1,469,326,304,0,0,0,0,0,0,0,0,0,0,1,1,0,1,1,1
2026-07-03T19:39:33.113,tof2,4x4,lying,3024,3255,-1,3311,-1,-1,2139,3493,939,1365,1561,-1,774,952,1105,1047,1,1,0,1,0,0,1,1,1,1,1,1,1,1,1,1
2026-07-03T19:39:33.114,tof1,4x4,lying,-1,-1,-1,188,-1,-1,-1,-1,-1,431,347,328,-1,471,327,304,1,0,0,1,0,0,0,0,0,1,1,1,0,1,1,1
2026-07-03T19:39:33.312,tof1,4x4,lying,-1,-1,-1,-1,-1,-1,-1,-1,-1,433,347,328,-1,471,326,304,0,0,0,1,0,0,0,0,0,1,1,1,0,1,1,1
2026-07-03T19:39:33.314,tof2,4x4,lying,3024,3255,-1,3313,-1,1496,2139,3493,939,1363,1541,-1,-1,962,1104,1048,1,1,0,1,0,1,1,1,1,1,1,0,1,1,1,1
2026-07-03T19:39:33.463,tof1,4x4,lying,-1,-1,-1,-1,-1,-1,-1,-1,-1,431,346,327,-1,-1,326,304,0,0,0,0,0,0,0,0,0,1,1,1,0,0,1,1
2026-07-03T19:39:33.519,tof2,4x4,lying,3015,3255,-1,-1,-1,1482,2132,3493,924,1400,-1,-1,772,962,-1,1050,1,1,0,1,0,1,1,1,1,1,1,0,1,1,1,1
2026-07-03T19:39:33.633,tof1,4x4,lying,-1,-1,-1,-1,-1,-1,375,-1,-1,-1,346,328,-1,469,326,304,1,1,0,0,0,0,1,0,0,0,1,1,0,1,1,1
2026-07-03T19:39:34.319,tof2,4x4,lying,3013,3255,3309,-1,-1,1492,-1,2887,924,1393,-1,-1,772,970,1106,1048,1,1,1,1,0,1,0,1,1,1,1,0,1,1,1,1
2026-07-03T19:39:34.421,tof1,4x4,lying,-1,-1,-1,-1,-1,-1,374,-1,-1,429,346,327,-1,-1,326,304,0,0,0,0,0,0,1,0,0,1,1,1,0,0,1,1
2026-07-03T19:39:34.517,tof2,4x4,lying,3006,3255,-1,3323,2109,1490,2157,2887,924,1376,1541,-1,772,-1,1104,1046,1,1,0,1,1,1,1,1,1,1,1,0,1,1,1,1
2026-07-03T19:39:34.584,tof1,4x4,lying,-1,-1,-1,-1,-1,-1,374,-1,-1,429,344,327,-1,-1,326,304,1,0,0,0,0,0,1,0,0,1,1,1,0,0,1,1
2026-07-03T19:39:34.678,tof2,4x4,lying,3005,3258,3309,3324,-1,1482,-1,3432,945,1393,-1,-1,772,970,-1,1053,1,1,1,1,0,1,0,1,1,1,1,0,1,1,1,1
2026-07-03T19:39:34.760,tof1,4x4,lying,-1,-1,-1,-1,-1,-1,374,-1,-1,-1,344,327,-1,-1,326,304,0,0,0,0,0,0,1,0,0,0,1,1,0,0,1,1
2026-07-03T19:39:34.864,tof2,4x4,lying,3005,3260,-1,3324,-1,1490,2157,3432,945,1393,-1,1325,782,-1,1100,1044,1,1,0,1,0,1,1,1,1,1,1,1,1,1,1,1
2026-07-03T19:39:34.946,tof1,4x4,lying,-1,-1,-1,-1,-1,-1,374,-1,-1,-1,344,327,-1,-1,326,304,0,0,0,0,0,0,1,0,0,0,1,1,0,0,1,1
2026-07-03T19:39:35.049,tof2,4x4,lying,3008,3260,-1,3324,-1,1490,2157,3432,945,1393,1541,-1,782,970,1100,1044,1,1,1,1,1,1,1,1,1,1,1,0,1,1,1,1
2026-07-03T19:39:35.113,tof1,4x4,lying,-1,-1,-1,-1,-1,-1,-1,-1,-1,-1,345,327,-1,466,326,304,0,0,0,0,0,0,0,0,0,0,1,1,0,1,1,1
2026-07-03T19:39:35.205,tof2,4x4,lying,3005,3260,-1,3327,-1,1482,2203,3432,946,1391,1507,-1,782,970,1100,1049,1,1,1,1,0,1,1,1,1,1,1,1,1,1,1,1
2026-07-03T19:39:35.274,tof1,4x4,lying,-1,-1,-1,-1,-1,-1,-1,-1,-1,430,345,327,-1,-1,326,304,0,0,0,0,0,0,0,0,0,1,1,1,0,0,1,1
2026-07-03T19:39:35.386,tof2,4x4,lying,2993,3261,-1,3327,-1,1482,2203,2823,946,1391,-1,1325,778,965,1100,1049,1,1,1,1,0,1,1,1,1,1,1,1,1,1,1,1
2026-07-03T19:39:35.503,tof1,4x4,lying,-1,-1,-1,-1,-1,-1,-1,-1,-1,429,345,327,-1,-1,326,305,0,1,0,0,0,0,0,0,0,1,1,1,0,0,1,1
2026-07-03T19:39:35.585,tof2,4x4,lying,3008,3261,-1,-1,-1,-1,2177,2823,936,1391,1559,-1,777,-1,-1,1049,1,1,1,1,0,1,1,1,1,1,1,0,1,1,1,1
2026-07-03T19:39:35.685,tof1,4x4,lying,-1,-1,-1,-1,-1,-1,374,-1,-1,430,345,327,-1,469,326,305,0,0,0,0,0,0,1,0,0,1,1,1,0,1,1,1
2026-07-03T19:39:35.752,tof2,4x4,lying,3008,3260,-1,3327,-1,1475,2208,2823,936,1395,-1,-1,774,965,1098,1049,1,1,0,1,0,1,1,1,1,1,1,0,1,1,1,1
2026-07-03T19:39:35.860,tof1,4x4,lying,-1,-1,-1,-1,-1,-1,-1,-1,-1,-1,346,327,-1,-1,326,305,0,0,0,0,0,0,0,0,0,0,1,1,0,0,1,1
2026-07-03T19:39:35.911,tof2,4x4,lying,3023,3260,-1,-1,-1,1475,-1,2826,939,1389,1575,-1,774,965,-1,1049,1,1,0,1,0,1,0,1,1,1,1,0,1,1,1,1
2026-07-03T19:39:36.081,tof1,4x4,lying,-1,-1,-1,-1,-1,-1,-1,-1,-1,-1,346,327,-1,-1,326,305,0,0,0,0,0,0,0,0,0,0,1,1,0,0,1,1
2026-07-03T19:39:36.091,tof2,4x4,lying,3029,3260,-1,3313,-1,1478,-1,2826,936,1383,1559,1340,767,973,-1,1054,1,1,1,1,0,1,0,1,1,1,1,1,1,1,1,1
2026-07-03T19:39:36.255,tof1,4x4,lying,-1,-1,-1,-1,-1,-1,-1,-1,-1,433,346,328,-1,-1,327,305,0,0,0,0,0,0,0,0,0,1,1,1,0,0,1,1
2026-07-03T19:39:36.282,tof2,4x4,lying,-1,3260,-1,3313,-1,1480,2177,2833,932,1395,1560,-1,769,957,1098,1054,1,1,1,1,0,1,1,1,1,1,1,0,1,1,1,1
2026-07-03T19:39:36.434,tof1,4x4,lying,-1,-1,-1,-1,-1,-1,-1,-1,-1,433,345,328,-1,469,326,304,0,0,0,0,0,0,0,0,0,1,1,1,0,1,1,1
2026-07-03T19:39:36.500,tof2,4x4,lying,3029,3257,-1,3306,-1,1480,2177,2826,935,1403,-1,-1,774,-1,-1,1051,1,1,0,1,0,1,1,1,1,1,1,0,1,1,1,1
2026-07-03T19:39:36.603,tof1,4x4,lying,-1,-1,-1,-1,-1,-1,-1,-1,-1,-1,346,329,-1,-1,326,305,0,0,0,0,0,0,0,0,0,0,1,1,0,0,1,1
2026-07-03T19:39:36.673,tof2,4x4,lying,3031,3257,-1,3306,-1,1480,2161,2791,935,1403,1560,-1,778,975,1098,1053,1,1,0,1,0,1,1,1,1,1,1,0,1,1,1,1
2026-07-03T19:39:36.775,tof1,4x4,lying,-1,-1,-1,-1,-1,-1,-1,-1,-1,-1,346,329,-1,-1,327,304,0,0,0,1,0,0,0,0,0,0,1,1,0,0,1,1
2026-07-03T19:39:36.843,tof2,4x4,lying,3031,3257,3309,3288,-1,1480,-1,-1,935,1403,1560,-1,778,957,1098,1053,1,1,1,1,0,1,0,1,1,1,1,1,1,1,1,1
2026-07-03T19:39:36.942,tof1,4x4,lying,-1,-1,-1,-1,-1,-1,375,-1,-1,433,347,329,-1,-1,327,305,0,0,0,0,1,0,1,0,0,1,1,1,0,0,1,1
2026-07-03T19:39:37.017,tof2,4x4,lying,3031,3257,-1,3288,2113,1480,-1,2791,947,1403,1560,-1,778,957,-1,1051,1,1,0,1,1,1,0,1,1,1,1,0,1,1,1,1
2026-07-03T19:39:37.125,tof1,4x4,lying,-1,-1,-1,-1,-1,-1,-1,-1,-1,433,347,328,-1,-1,325,304,0,0,0,0,0,0,0,0,0,1,1,1,0,0,1,1
2026-07-03T19:39:37.221,tof2,4x4,lying,-1,3256,-1,3306,-1,1485,-1,2779,947,1385,-1,-1,780,957,-1,1051,0,1,0,1,1,1,1,1,1,1,1,0,1,1,1,1
2026-07-03T19:39:37.328,tof1,4x4,lying,-1,-1,-1,-1,-1,-1,-1,-1,-1,430,347,327,-1,-1,325,304,0,0,0,0,0,0,0,0,0,1,1,1,0,0,1,1
2026-07-03T19:39:37.451,tof2,4x4,lying,-1,3257,-1,3288,-1,1477,2179,2779,954,1385,-1,-1,780,-1,-1,1053,0,1,0,1,0,1,1,1,1,1,1,0,1,1,1,1
2026-07-03T19:39:37.689,tof1,4x4,lying,-1,-1,-1,-1,-1,-1,375,-1,-1,430,346,327,-1,-1,325,304,0,0,0,0,0,0,1,0,0,1,1,1,0,0,1,1
2026-07-03T19:39:37.890,tof1,4x4,lying,-1,-1,-1,-1,-1,-1,375,-1,-1,428,344,327,-1,-1,325,305,0,0,0,0,0,0,1,0,0,1,1,1,0,0,1,1
2026-07-03T19:39:38.064,tof1,4x4,lying,-1,-1,-1,-1,-1,-1,375,-1,-1,-1,344,327,-1,-1,324,303,0,0,0,0,0,0,1,0,0,0,1,1,0,0,1,1
2026-07-03T19:39:38.232,tof1,4x4,lying,-1,-1,-1,-1,-1,-1,374,-1,-1,428,343,327,-1,-1,324,305,0,0,0,0,0,0,1,0,0,1,1,1,0,0,1,1
2026-07-03T19:39:38.399,tof1,4x4,lying,-1,-1,-1,-1,-1,-1,373,-1,-1,426,343,328,-1,470,324,305,0,0,0,0,0,0,1,0,0,1,1,1,0,1,1,1
2026-07-03T19:39:38.571,tof1,4x4,lying,-1,-1,-1,-1,-1,-1,-1,-1,-1,-1,343,327,-1,-1,325,304,0,0,0,0,0,0,0,0,0,0,1,1,0,0,1,1
2026-07-03T19:39:38.595,tof2,4x4,lying,3016,3256,-1,3307,-1,1484,2161,2773,947,1385,-1,-1,785,975,-1,1049,1,1,0,1,0,1,1,1,1,1,1,0,1,1,1,1
2026-07-03T19:39:38.762,tof1,4x4,lying,-1,-1,-1,-1,-1,-1,373,-1,-1,-1,343,327,-1,-1,325,303,0,0,0,0,0,0,1,0,0,0,1,1,0,0,1,1
2026-07-03T19:39:38.776,tof2,4x4,lying,3031,3256,-1,3327,-1,1484,2179,2785,946,1385,1560,-1,785,-1,1098,1046,1,1,0,1,0,1,1,1,1,1,1,1,1,1,1,1
2026-07-03T19:39:38.931,tof1,4x4,lying,-1,-1,-1,-1,-1,-1,373,-1,-1,-1,344,327,-1,-1,325,304,0,0,0,0,0,0,1,0,0,0,1,1,0,0,1,1
2026-07-03T19:39:38.944,tof2,4x4,lying,3016,3256,-1,3336,-1,1484,-1,2776,946,1385,-1,-1,787,-1,1098,1043,1,1,0,1,0,1,0,1,1,1,1,0,1,1,1,1
2026-07-03T19:39:39.094,tof1,4x4,lying,-1,-1,-1,-1,-1,-1,-1,-1,-1,-1,344,326,-1,-1,325,303,0,0,0,0,0,0,0,0,0,0,1,1,0,0,1,1
2026-07-03T19:39:39.118,tof2,4x4,lying,3016,3256,-1,3336,-1,1474,-1,2776,943,1381,-1,-1,789,-1,1102,1042,1,1,0,1,1,1,1,1,1,1,1,0,1,1,1,1
2026-07-03T19:39:39.289,tof1,4x4,lying,-1,-1,-1,-1,-1,-1,-1,-1,-1,426,344,326,-1,-1,325,303,0,0,0,0,0,0,0,0,0,1,1,1,0,0,1,1
2026-07-03T19:39:39.357,tof2,4x4,lying,2981,3252,-1,3336,-1,1484,2163,2768,936,1381,1578,-1,789,-1,1098,1042,1,1,1,1,1,1,1,1,1,1,1,0,1,1,1,1
2026-07-03T19:39:39.463,tof1,4x4,lying,-1,-1,-1,-1,-1,-1,-1,-1,-1,-1,344,326,-1,-1,325,305,0,0,0,0,0,0,0,0,0,0,1,1,0,0,1,1
2026-07-03T19:39:39.565,tof2,4x4,lying,2981,3256,-1,3335,-1,1474,-1,2776,935,1393,1595,-1,784,976,1102,1043,1,1,0,1,0,1,0,1,1,1,1,0,1,1,1,1
2026-07-03T19:39:39.674,tof1,4x4,lying,-1,-1,-1,-1,-1,-1,-1,-1,-1,426,345,326,-1,-1,326,305,0,0,0,0,0,0,0,0,0,1,1,1,0,0,1,1
2026-07-03T19:39:39.789,tof2,4x4,lying,2981,3261,-1,3329,-1,1474,-1,2776,935,1405,1578,1309,788,976,1105,1043,1,1,0,1,0,1,1,1,1,1,1,1,1,1,1,1
2026-07-03T19:39:39.877,tof1,4x4,lying,-1,-1,-1,-1,-1,-1,-1,-1,-1,428,345,327,-1,470,326,304,0,0,0,0,0,0,0,0,0,1,1,1,0,1,1,1
2026-07-03T19:39:39.964,tof2,4x4,lying,2981,3261,-1,3325,-1,1500,2163,2777,932,1393,1584,-1,785,-1,1106,1048,1,1,0,1,1,1,1,1,1,1,1,0,1,1,1,1
2026-07-03T19:39:40.085,tof1,4x4,lying,-1,-1,-1,-1,-1,-1,-1,-1,-1,428,346,328,-1,-1,326,305,0,0,0,0,0,0,0,0,0,1,1,1,0,0,1,1
2026-07-03T19:39:40.173,tof2,4x4,lying,3017,3261,-1,3325,2133,1500,2163,2778,932,1393,-1,-1,785,976,1108,1050,1,1,1,1,1,1,1,1,1,1,1,0,1,1,1,1
2026-07-03T19:39:40.276,tof1,4x4,lying,-1,-1,-1,-1,-1,-1,-1,-1,-1,430,346,328,-1,-1,326,305,0,0,0,0,0,0,0,0,0,1,1,1,0,0,1,1
2026-07-03T19:39:40.401,tof2,4x4,lying,3017,3265,-1,3325,-1,-1,2179,3478,932,1393,1584,-1,785,968,1108,1048,1,1,0,1,1,1,1,1,1,1,1,0,1,1,1,1
2026-07-03T19:39:40.437,tof1,4x4,lying,-1,-1,-1,-1,-1,-1,374,-1,-1,-1,346,328,-1,-1,326,305,0,0,0,0,0,0,1,0,0,0,1,1,0,0,1,1
2026-07-03T19:39:40.566,tof2,4x4,lying,3001,3265,-1,3329,-1,1499,-1,3478,932,1357,-1,-1,785,-1,1113,1050,1,1,0,1,0,1,1,1,1,1,1,1,1,1,1,1
2026-07-03T19:39:40.620,tof1,4x4,lying,-1,-1,-1,-1,-1,-1,377,-1,-1,430,345,328,-1,-1,327,305,0,0,0,0,0,0,1,0,0,1,1,1,0,0,1,1
2026-07-03T19:39:40.720,tof2,4x4,lying,3001,3260,-1,3328,-1,1499,2163,3478,932,1357,-1,-1,778,957,1108,1050,1,1,0,1,0,1,1,1,1,1,1,0,1,1,1,1
2026-07-03T19:39:40.899,tof2,4x4,lying,3001,3260,-1,3328,-1,1481,2136,3469,938,1357,-1,-1,778,-1,1105,1050,1,1,0,1,0,1,1,1,1,1,1,0,1,1,1,1
2026-07-03T19:39:40.951,tof1,4x4,lying,-1,-1,-1,-1,-1,-1,-1,-1,-1,-1,345,328,-1,-1,326,305,0,0,0,0,0,0,0,0,0,0,1,1,0,0,1,1
2026-07-03T19:39:41.154,tof2,4x4,lying,-1,3260,-1,3338,-1,1478,2172,3466,938,1377,1582,-1,777,957,-1,1046,1,1,1,1,0,1,1,1,1,1,1,1,1,1,1,1
2026-07-03T19:39:41.202,tof1,4x4,lying,-1,-1,-1,-1,-1,-1,377,-1,-1,428,345,327,-1,-1,325,305,0,0,0,0,0,0,1,0,0,1,1,1,0,0,1,1
2026-07-03T19:39:41.358,tof2,4x4,lying,3001,3252,-1,3328,-1,1462,2158,3466,932,1377,1578,1309,778,951,1103,1058,1,1,1,1,0,1,1,1,1,1,1,1,1,1,1,1
2026-07-03T19:39:41.403,tof1,4x4,lying,-1,-1,-1,-1,-1,-1,375,-1,-1,-1,344,328,-1,-1,327,305,0,0,0,0,0,0,1,0,0,0,1,1,0,0,1,1
2026-07-03T19:39:41.511,tof2,4x4,lying,2993,3252,3309,3328,-1,1478,2158,3456,938,1379,-1,-1,778,951,1105,1058,1,1,1,1,1,1,1,1,1,1,1,0,1,1,1,1
2026-07-03T19:39:41.575,tof1,4x4,lying,-1,-1,-1,-1,-1,-1,375,-1,-1,-1,344,327,-1,-1,325,305,0,0,0,0,0,0,1,0,0,0,1,1,0,0,1,1
2026-07-03T19:39:41.704,tof2,4x4,lying,3035,3260,-1,3328,-1,1463,-1,3456,932,1379,1578,-1,777,951,1105,1048,1,1,1,1,0,1,0,1,1,1,1,1,1,1,1,1
2026-07-03T19:39:41.865,tof1,4x4,lying,-1,-1,-1,-1,-1,-1,373,-1,-1,-1,345,327,-1,-1,325,304,0,0,0,0,0,0,1,0,0,0,1,1,0,0,1,1
2026-07-03T19:39:42.080,tof2,4x4,lying,2993,3262,-1,3327,-1,-1,-1,2753,929,1379,1565,-1,772,-1,1105,1052,1,1,0,1,0,0,1,1,1,1,1,0,1,1,1,1
2026-07-03T19:39:42.123,tof1,4x4,lying,-1,-1,-1,-1,-1,-1,-1,-1,-1,-1,344,327,-1,-1,327,304,0,0,0,0,0,0,0,0,0,0,1,1,0,0,1,1
2026-07-03T19:39:42.308,tof1,4x4,lying,-1,-1,-1,-1,-1,401,-1,-1,-1,427,344,327,-1,-1,327,304,0,0,0,0,0,1,0,0,0,1,1,1,0,0,1,1
2026-07-03T19:39:42.334,tof2,4x4,lying,3035,3262,-1,3307,-1,-1,-1,3462,922,1382,-1,-1,772,951,-1,1052,1,1,0,1,0,0,0,1,1,1,1,0,1,1,1,1
2026-07-03T19:39:42.539,tof1,4x4,lying,-1,-1,-1,-1,-1,-1,-1,-1,-1,-1,345,327,-1,-1,327,305,0,0,0,0,0,0,0,0,0,0,1,1,0,0,1,1
2026-07-03T19:39:42.544,tof2,4x4,lying,-1,3265,-1,3307,-1,-1,-1,2761,922,1379,-1,-1,772,-1,1105,1048,0,1,0,1,0,0,1,1,1,1,1,0,1,1,1,1
2026-07-03T19:39:42.745,tof1,4x4,lying,-1,-1,-1,-1,-1,-1,-1,-1,-1,-1,345,327,-1,-1,328,305,0,0,0,0,0,0,0,0,0,0,1,1,0,0,1,1
2026-07-03T19:39:42.749,tof2,4x4,lying,-1,3262,3309,3307,2133,-1,-1,2761,922,1377,-1,1309,773,-1,1108,1046,0,1,1,1,1,0,0,1,1,1,1,1,1,1,1,1
2026-07-03T19:39:42.952,tof1,4x4,lying,-1,-1,-1,-1,-1,-1,373,-1,-1,427,345,327,-1,-1,327,305,0,0,0,1,0,0,1,0,0,1,1,1,0,0,1,1
2026-07-03T19:39:43.011,tof2,4x4,lying,-1,3265,-1,3291,-1,-1,-1,2733,922,1377,-1,-1,785,951,1108,1046,0,1,0,1,0,0,0,1,1,1,1,1,1,1,1,1
2026-07-03T19:39:43.144,tof1,4x4,lying,-1,-1,-1,-1,-1,-1,-1,-1,-1,-1,347,328,-1,-1,327,305,0,0,0,0,0,0,0,0,0,0,1,1,0,0,1,1
2026-07-03T19:39:43.184,tof2,4x4,lying,2976,3265,-1,3291,-1,-1,-1,2761,926,1377,1564,-1,785,-1,1108,1046,1,1,1,1,0,0,1,1,1,1,1,0,1,1,1,1
2026-07-03T19:39:43.332,tof1,4x4,lying,-1,-1,-1,-1,-1,-1,-1,-1,-1,-1,346,329,-1,-1,327,305,0,0,0,0,0,0,0,0,0,0,1,1,0,0,1,1
2026-07-03T19:39:43.352,tof2,4x4,lying,2976,3273,3320,3302,-1,-1,-1,2733,930,1377,-1,-1,773,-1,1109,1046,1,1,1,1,0,1,0,1,1,1,1,0,1,1,1,1
2026-07-03T19:39:43.486,tof1,4x4,lying,-1,-1,-1,-1,-1,-1,-1,-1,-1,425,346,328,-1,-1,327,305,0,0,0,0,0,0,0,0,0,1,1,1,0,0,1,1
2026-07-03T19:39:44.076,tof1,4x4,lying,-1,-1,-1,-1,-1,-1,-1,-1,-1,427,346,328,-1,470,327,306,0,0,0,0,0,0,0,0,0,1,1,1,0,1,1,1
2026-07-03T19:39:44.276,tof1,4x4,lying,-1,-1,-1,-1,-1,-1,-1,-1,-1,-1,347,328,-1,-1,326,306,0,0,0,0,0,0,0,0,0,0,1,1,0,0,1,1
2026-07-03T19:39:44.492,tof1,4x4,lying,-1,-1,-1,-1,-1,-1,-1,-1,-1,-1,346,328,-1,-1,326,305,0,0,0,0,0,0,0,0,0,0,1,1,0,0,1,1
2026-07-03T19:39:44.626,tof2,4x4,lying,2976,3273,-1,3291,-1,-1,-1,2733,934,1375,1561,-1,763,960,1109,1045,1,1,0,1,0,0,0,1,1,1,1,0,1,1,1,1
2026-07-03T19:39:44.690,tof1,4x4,lying,-1,-1,-1,-1,-1,-1,-1,-1,-1,-1,346,327,-1,470,326,305,0,0,0,0,0,0,0,0,0,0,1,1,0,1,1,1
2026-07-03T19:39:44.797,tof2,4x4,lying,3021,3273,-1,3302,-1,1478,-1,2756,934,1377,1561,-1,763,960,1109,1043,1,1,0,1,1,1,0,1,1,1,1,0,1,1,1,1
2026-07-03T19:39:44.888,tof1,4x4,lying,-1,-1,-1,-1,-1,-1,-1,-1,-1,-1,347,327,-1,470,326,305,0,0,0,0,0,0,0,0,0,0,1,1,0,1,1,1
2026-07-03T19:39:44.972,tof2,4x4,lying,2976,3273,-1,3305,-1,1469,-1,2756,-1,1377,1561,-1,762,960,1109,1043,1,1,0,1,1,1,0,1,0,1,1,0,1,1,1,1
2026-07-03T19:39:45.075,tof1,4x4,lying,-1,-1,-1,-1,-1,-1,375,-1,-1,-1,345,327,-1,-1,326,305,0,0,0,0,0,0,1,0,0,0,1,1,0,0,1,1
2026-07-03T19:39:45.140,tof2,4x4,lying,2941,3250,3316,3305,-1,1479,-1,2745,935,1377,-1,-1,763,975,1109,1043,1,1,1,1,0,1,1,1,1,1,1,0,1,1,1,1
2026-07-03T19:39:45.264,tof1,4x4,lying,-1,-1,-1,-1,-1,-1,375,-1,-1,-1,345,327,-1,-1,326,305,0,0,0,0,0,0,1,0,0,0,1,1,0,0,1,1
2026-07-03T19:39:45.306,tof2,4x4,lying,-1,3250,3320,3305,-1,1479,-1,2746,935,1406,-1,-1,762,-1,1103,1052,1,1,1,1,1,1,1,1,1,1,1,0,1,1,1,1
2026-07-03T19:39:45.437,tof1,4x4,lying,-1,-1,-1,-1,-1,-1,-1,-1,-1,-1,345,327,-1,-1,326,305,0,0,0,0,0,0,0,0,0,0,1,1,0,0,1,1
2026-07-03T19:39:45.506,tof2,4x4,lying,-1,3255,-1,3305,-1,1483,-1,2746,934,1406,1561,-1,777,968,-1,1052,1,1,0,1,0,1,1,1,1,1,1,1,1,1,1,1
2026-07-03T19:39:45.618,tof1,4x4,lying,-1,-1,-1,-1,-1,-1,375,-1,-1,429,345,327,-1,-1,326,305,1,0,0,0,0,0,1,0,0,1,1,1,0,0,1,1
2026-07-03T19:39:45.694,tof2,4x4,lying,3016,3250,-1,3289,-1,1487,2158,2746,935,1358,-1,-1,782,975,1103,1052,1,1,0,1,0,1,1,1,1,1,1,0,1,1,1,1
2026-07-03T19:39:45.803,tof1,4x4,lying,-1,-1,-1,-1,-1,-1,-1,-1,-1,-1,345,327,-1,469,327,305,0,0,0,0,0,0,0,0,0,0,1,1,0,1,1,1
2026-07-03T19:39:45.890,tof2,4x4,lying,3016,3255,-1,3289,-1,1489,2172,2749,939,1388,1561,-1,782,968,1103,1056,1,1,1,1,1,1,1,1,1,1,1,1,1,1,1,1
2026-07-03T19:39:46.007,tof1,4x4,lying,-1,-1,-1,-1,-1,-1,-1,-1,-1,-1,345,327,-1,468,327,305,0,0,0,0,0,0,0,0,0,0,1,1,0,1,1,1
2026-07-03T19:39:46.058,tof2,4x4,lying,3016,3255,-1,3289,-1,1489,2169,2771,941,1388,1561,1309,780,-1,-1,1056,1,1,0,1,0,1,1,1,1,1,1,1,1,1,1,1
2026-07-03T19:39:46.202,tof1,4x4,lying,-1,-1,-1,-1,-1,-1,-1,-1,-1,-1,345,327,-1,-1,327,305,0,0,0,0,0,0,0,0,0,0,1,1,0,0,1,1
2026-07-03T19:39:46.229,tof2,4x4,lying,-1,3265,-1,3291,-1,1489,-1,2777,939,1368,1529,-1,780,968,1103,1052,1,1,0,1,0,1,1,1,1,1,1,0,1,1,1,1
2026-07-03T19:39:46.362,tof1,4x4,lying,-1,-1,-1,-1,-1,-1,-1,-1,-1,432,346,327,-1,-1,327,306,0,0,0,0,0,0,0,0,0,1,1,1,0,0,1,1
2026-07-03T19:39:46.393,tof2,4x4,lying,3016,3265,-1,3319,-1,1489,2169,2777,939,1388,1523,-1,775,952,1103,1054,1,1,1,1,0,1,1,1,1,1,1,0,1,1,1,1
2026-07-03T19:39:46.536,tof1,4x4,lying,-1,-1,-1,-1,-1,-1,-1,-1,-1,-1,347,327,-1,467,327,305,0,0,0,0,0,0,0,0,0,0,1,1,0,1,1,1
2026-07-03T19:39:46.565,tof2,4x4,lying,3016,3265,-1,3319,-1,1483,2141,2771,939,1388,-1,-1,772,952,1104,1054,1,1,1,1,1,1,1,1,1,1,1,0,1,1,1,1
2026-07-03T19:39:46.710,tof1,4x4,lying,-1,-1,-1,-1,-1,-1,-1,-1,-1,432,347,327,-1,-1,327,306,0,0,0,1,0,0,0,0,0,1,1,1,0,0,1,1
2026-07-03T19:39:46.750,tof2,4x4,lying,2974,3261,3323,3302,-1,1483,2169,2777,941,1401,1505,-1,767,952,-1,1054,1,1,1,1,0,1,1,1,1,1,1,0,1,1,1,1
2026-07-03T19:39:46.866,tof1,4x4,lying,-1,-1,-1,-1,-1,-1,-1,-1,-1,432,348,327,-1,-1,327,306,0,0,0,0,0,0,0,0,0,1,1,1,0,0,1,1
2026-07-03T19:39:47.037,tof2,4x4,lying,-1,3254,-1,3306,-1,1477,-1,3450,941,1387,1523,-1,765,952,1104,1052,0,1,0,1,0,1,0,1,1,1,1,0,1,1,1,1
2026-07-03T19:39:47.043,tof1,4x4,lying,-1,-1,-1,-1,-1,-1,-1,-1,-1,431,348,327,-1,-1,327,306,0,0,0,0,0,0,0,0,0,1,1,1,0,0,1,1
2026-07-03T19:39:47.325,tof2,4x4,lying,2972,3254,-1,3306,-1,1467,-1,2793,941,1404,1523,-1,765,952,1104,1050,1,1,1,1,0,1,0,1,1,1,1,1,1,1,1,1
2026-07-03T19:39:47.343,tof1,4x4,lying,-1,-1,-1,-1,-1,-1,-1,-1,-1,432,348,327,-1,-1,327,306,0,0,0,0,0,0,0,0,0,1,1,1,0,0,1,1
2026-07-03T19:39:47.495,tof2,4x4,lying,2968,3254,-1,3306,-1,1467,-1,3425,942,1387,-1,-1,767,961,-1,1046,1,1,0,1,1,1,0,1,1,1,1,0,1,1,1,1
2026-07-03T19:39:47.525,tof1,4x4,lying,-1,-1,-1,-1,-1,-1,-1,-1,-1,431,348,327,-1,467,327,306,0,0,0,0,0,0,0,0,0,1,1,1,0,1,1,1
2026-07-03T19:39:47.665,tof2,4x4,lying,2968,3251,-1,3307,-1,1476,2169,3425,-1,1404,-1,-1,765,989,1105,1046,1,1,0,1,0,1,1,1,0,1,1,0,1,1,1,1
2026-07-03T19:39:47.728,tof1,4x4,lying,-1,-1,-1,-1,-1,-1,-1,-1,-1,-1,346,328,-1,-1,327,306,1,0,0,0,0,0,0,0,0,0,1,1,0,0,1,1
2026-07-03T19:39:47.883,tof1,4x4,lying,-1,-1,-1,-1,-1,-1,-1,-1,-1,-1,346,329,-1,-1,327,306,0,0,0,0,0,0,0,0,0,0,1,1,0,0,1,1
2026-07-03T19:39:47.938,tof2,4x4,lying,2972,3251,-1,3314,-1,1476,2183,3425,942,1399,-1,1309,772,974,1105,1046,1,1,0,1,1,1,1,1,1,1,1,1,1,1,1,1
2026-07-03T19:39:48.747,tof1,4x4,lying,-1,-1,-1,-1,-1,-1,376,-1,-1,-1,346,329,-1,-1,327,306,0,0,0,0,0,0,1,0,0,0,1,1,0,0,1,1
2026-07-03T19:39:49.592,tof2,4x4,lying,2972,3256,-1,3323,-1,1476,-1,3425,934,1403,1560,-1,772,-1,-1,1046,1,1,1,1,0,1,0,1,1,1,1,0,1,1,1,1
2026-07-03T19:39:49.689,tof1,4x4,lying,-1,-1,-1,-1,-1,-1,-1,-1,-1,430,346,329,-1,468,327,306,0,0,0,0,0,0,0,0,0,1,1,1,0,1,1,1
2026-07-03T19:39:49.753,tof2,4x4,lying,3016,3251,-1,3323,-1,1479,-1,3483,934,1403,1560,1309,772,974,1105,1048,1,1,0,1,0,1,0,1,1,1,1,1,1,1,1,1
2026-07-03T19:39:49.845,tof1,4x4,lying,-1,-1,-1,-1,-1,-1,-1,-1,-1,428,346,329,-1,-1,326,306,0,0,0,0,0,0,0,0,0,1,1,1,0,0,1,1
2026-07-03T19:39:49.912,tof2,4x4,lying,3016,3256,-1,3314,-1,1486,2183,3494,942,1403,1560,-1,772,974,1105,1051,1,1,0,1,0,1,1,1,1,1,1,0,1,1,1,1
2026-07-03T19:39:50.026,tof1,4x4,lying,-1,-1,-1,-1,-1,-1,-1,-1,-1,430,346,329,-1,468,327,305,0,0,0,0,0,0,0,0,0,1,1,1,0,1,1,1
2026-07-03T19:39:50.109,tof2,4x4,lying,3015,3259,-1,3323,-1,1489,-1,3494,936,1403,1560,-1,772,965,1105,1053,1,1,1,1,0,1,0,1,1,1,1,0,1,1,1,1
2026-07-03T19:39:50.190,tof1,4x4,lying,-1,-1,-1,-1,-1,-1,-1,-1,-1,-1,346,329,-1,471,327,305,0,0,0,0,0,0,0,0,0,0,1,1,0,1,1,1
2026-07-03T19:39:50.282,tof2,4x4,lying,3015,3259,-1,3325,-1,1489,-1,3494,936,1403,-1,-1,771,960,1104,-1,1,1,0,1,1,1,0,1,1,1,1,0,1,1,1,1
2026-07-03T19:39:50.346,tof1,4x4,lying,-1,-1,-1,-1,-1,-1,-1,-1,-1,-1,346,329,-1,-1,327,305,1,0,0,0,0,0,0,0,0,0,1,1,0,0,1,1
2026-07-03T19:39:50.433,tof2,4x4,lying,3015,3247,-1,3308,-1,1489,-1,3464,938,1403,-1,-1,779,-1,1104,1051,1,1,0,1,1,1,0,1,1,1,1,0,1,1,1,1
2026-07-03T19:39:50.517,tof1,4x4,lying,-1,-1,-1,-1,-1,-1,-1,-1,-1,428,346,329,-1,-1,327,305,1,0,0,0,0,0,0,0,0,1,1,1,0,0,1,1
2026-07-03T19:39:50.597,tof2,4x4,lying,3015,3252,-1,3325,-1,1489,-1,3463,938,1387,1564,-1,771,960,1104,1051,1,1,0,1,0,1,0,1,1,1,1,0,1,1,1,1
2026-07-03T19:39:50.664,tof1,4x4,lying,-1,-1,-1,-1,-1,-1,-1,-1,-1,430,346,329,-1,-1,327,305,0,0,0,0,0,0,0,0,0,1,1,1,0,0,1,1
2026-07-03T19:39:50.757,tof2,4x4,lying,3015,3252,3323,3327,-1,1488,-1,3463,938,1403,-1,1325,771,965,1104,1046,1,1,1,1,0,1,1,1,1,1,1,1,1,1,1,1
2026-07-03T19:39:50.844,tof1,4x4,lying,-1,-1,-1,-1,-1,-1,-1,-1,-1,428,346,329,-1,-1,329,305,0,0,0,0,0,0,0,0,0,1,1,1,0,0,1,1
2026-07-03T19:39:50.927,tof2,4x4,lying,2980,3252,-1,3325,-1,1488,2190,3454,938,1404,-1,-1,771,965,1104,1046,1,1,0,1,1,1,1,1,1,1,1,0,1,1,1,1
2026-07-03T19:39:51.017,tof1,4x4,lying,-1,-1,-1,-1,-1,-1,-1,-1,-1,430,346,328,-1,471,328,305,0,0,0,0,0,0,0,0,0,1,1,1,0,1,1,1
2026-07-03T19:39:51.108,tof2,4x4,lying,2980,3252,-1,3327,-1,1488,-1,3454,938,1396,-1,-1,766,956,1105,1046,1,1,0,1,0,1,0,1,1,1,1,0,1,1,1,1
2026-07-03T19:39:51.187,tof1,4x4,lying,-1,-1,-1,-1,-1,-1,-1,-1,-1,428,346,328,-1,-1,327,305,0,0,0,0,0,0,0,0,0,1,1,1,0,0,1,1
2026-07-03T19:39:51.257,tof2,4x4,lying,3009,3259,-1,3327,-1,1488,-1,3471,936,1396,1573,-1,766,-1,-1,1046,1,1,0,1,0,1,1,1,1,1,1,1,1,1,1,1
2026-07-03T19:39:51.338,tof1,4x4,lying,-1,-1,-1,-1,-1,-1,-1,-1,-1,427,347,328,-1,-1,327,305,0,0,0,0,0,0,0,0,0,1,1,1,0,0,1,1
2026-07-03T19:39:51.436,tof2,4x4,lying,-1,3259,-1,3327,-1,1477,2190,3481,932,1396,-1,-1,769,-1,1105,1045,1,1,1,1,1,1,1,1,1,1,1,0,1,1,1,1
2026-07-03T19:39:51.525,tof1,4x4,lying,-1,-1,-1,-1,-1,-1,-1,-1,-1,-1,347,328,-1,-1,327,305,0,0,0,0,0,0,0,0,0,0,1,1,0,0,1,1
2026-07-03T19:39:51.637,tof2,4x4,lying,2973,3261,-1,3312,-1,1475,-1,3471,932,1380,-1,-1,769,957,1108,1048,1,1,0,1,0,1,1,1,1,1,1,1,1,1,1,1
2026-07-03T19:39:51.688,tof1,4x4,lying,-1,-1,-1,-1,-1,-1,376,-1,-1,427,346,328,-1,-1,327,305,0,0,0,0,0,0,1,0,0,1,1,1,0,0,1,1
2026-07-03T19:39:51.804,tof2,4x4,lying,2993,3261,-1,3312,-1,1474,-1,3481,932,1380,1573,-1,779,-1,-1,1050,1,1,0,1,0,1,0,1,1,1,1,0,1,1,1,1
2026-07-03T19:39:51.855,tof1,4x4,lying,-1,-1,-1,-1,-1,-1,376,-1,-1,427,346,327,-1,471,327,305,1,0,0,0,0,0,1,0,0,1,1,1,0,1,1,1
2026-07-03T19:39:52.002,tof2,4x4,lying,2993,3257,-1,3311,-1,1472,2190,3502,939,1380,-1,-1,779,956,1108,1050,1,1,0,1,0,1,1,1,1,1,1,1,1,1,1,1
2026-07-03T19:39:52.054,tof1,4x4,lying,-1,-1,-1,-1,-1,-1,-1,-1,-1,-1,347,327,-1,-1,327,305,0,0,0,0,0,0,0,0,0,0,1,1,0,0,1,1
2026-07-03T19:39:52.174,tof2,4x4,lying,2993,3257,-1,3311,-1,1472,-1,3502,939,1380,1573,-1,779,956,1108,1050,1,1,0,1,0,1,0,1,1,1,1,0,1,1,1,1
2026-07-03T19:39:52.240,tof1,4x4,lying,-1,-1,-1,-1,-1,-1,-1,-1,-1,-1,346,327,-1,-1,327,305,0,0,0,0,0,0,0,0,0,0,1,1,0,0,1,1
2026-07-03T19:39:52.338,tof2,4x4,lying,2989,3257,-1,3311,-1,1472,2146,3433,939,1392,-1,-1,775,957,1108,1050,1,1,1,1,0,1,1,1,1,1,1,1,1,1,1,1
2026-07-03T19:39:52.404,tof1,4x4,lying,-1,-1,-1,-1,-1,-1,-1,-1,-1,-1,346,327,-1,-1,327,305,0,0,0,0,0,0,0,0,0,0,1,1,0,0,1,1
2026-07-03T19:39:52.481,tof2,4x4,lying,2989,3257,-1,3311,-1,1467,2146,3480,937,1392,1573,-1,775,982,-1,1054,1,1,1,1,0,1,1,1,1,1,1,0,1,1,1,1
2026-07-03T19:39:52.574,tof1,4x4,lying,-1,-1,-1,-1,-1,-1,-1,-1,-1,-1,346,327,-1,464,327,305,1,0,0,0,0,0,0,0,0,0,1,1,0,1,1,1
2026-07-03T19:39:52.684,tof2,4x4,lying,2989,3251,-1,3318,-1,1467,-1,3480,936,1386,-1,-1,775,982,-1,1050,1,1,0,1,0,1,0,1,1,1,1,0,1,1,1,1
2026-07-03T19:39:52.752,tof1,4x4,lying,-1,-1,-1,-1,-1,-1,377,-1,-1,-1,346,328,-1,-1,327,305,0,0,0,0,0,0,1,0,0,0,1,1,0,1,1,1
2026-07-03T19:39:52.855,tof2,4x4,lying,2966,3251,-1,-1,-1,1466,-1,3480,936,1386,-1,-1,775,982,1108,1049,1,1,0,1,0,1,0,1,1,1,1,0,1,1,1,1
2026-07-03T19:39:52.932,tof1,4x4,lying,-1,-1,-1,-1,-1,-1,-1,-1,-1,-1,346,328,-1,-1,327,305,0,0,0,0,0,0,0,0,0,0,1,1,0,0,1,1
2026-07-03T19:39:53.009,tof2,4x4,lying,-1,3257,-1,3324,-1,1466,-1,3480,937,1386,1610,-1,777,971,1104,1054,1,1,0,1,0,1,1,1,1,1,1,1,1,1,1,1
2026-07-03T19:39:53.097,tof1,4x4,lying,-1,-1,-1,-1,-1,-1,-1,-1,-1,427,345,329,-1,-1,327,305,0,0,0,0,0,0,0,0,0,1,1,1,0,0,1,1
2026-07-03T19:39:53.177,tof2,4x4,lying,2966,3267,3323,3324,-1,1466,-1,3493,939,1373,-1,-1,777,971,1102,1050,1,1,1,1,1,1,0,1,1,1,1,1,1,1,1,1
2026-07-03T19:39:53.290,tof1,4x4,lying,-1,-1,-1,-1,-1,-1,-1,-1,-1,-1,346,329,-1,-1,327,305,0,0,0,0,0,0,0,0,0,0,1,1,0,0,1,1
2026-07-03T19:39:53.351,tof2,4x4,lying,2966,3257,-1,3324,-1,-1,-1,3493,939,1386,-1,-1,773,953,1102,1049,1,1,0,1,1,1,1,1,1,1,1,0,1,1,1,1
2026-07-03T19:39:53.444,tof1,4x4,lying,-1,-1,-1,-1,-1,-1,-1,-1,-1,427,346,330,-1,-1,327,305,1,0,0,0,0,0,0,0,0,1,1,1,0,0,1,1
2026-07-03T19:39:53.523,tof2,4x4,lying,3018,3257,-1,3324,-1,-1,-1,3463,945,1385,1565,-1,773,954,1102,1050,1,1,0,1,0,0,1,1,1,1,1,0,1,1,1,1
2026-07-03T19:39:53.615,tof1,4x4,lying,-1,-1,-1,-1,-1,-1,-1,-1,-1,429,345,330,-1,-1,327,305,0,0,0,0,0,0,0,0,0,1,1,1,0,0,1,1
2026-07-03T19:39:53.694,tof2,4x4,lying,2966,3250,-1,3319,-1,1468,-1,3463,939,1385,1609,-1,773,954,1102,1050,1,1,1,1,0,1,0,1,1,1,1,0,1,1,1,1
2026-07-03T19:39:53.782,tof1,4x4,lying,-1,-1,-1,-1,-1,-1,-1,-1,-1,-1,345,329,-1,-1,328,305,0,0,0,0,0,0,0,0,0,0,1,1,0,0,1,1
2026-07-03T19:39:53.878,tof2,4x4,lying,2996,3250,-1,3313,-1,-1,-1,3463,924,1385,1609,-1,773,953,1102,1050,1,1,0,1,0,1,1,1,1,1,1,0,1,1,1,1
2026-07-03T19:39:53.938,tof1,4x4,lying,-1,-1,-1,-1,-1,-1,-1,-1,-1,427,345,328,-1,464,328,305,0,0,0,1,0,0,0,0,0,1,1,1,0,1,1,1
2026-07-03T19:39:54.038,tof2,4x4,lying,2996,3250,-1,3319,-1,-1,-1,3452,924,1385,1554,-1,774,953,1099,1051,1,1,0,1,0,0,1,1,1,1,1,0,1,1,1,1
2026-07-03T19:39:54.098,tof1,4x4,lying,-1,-1,-1,-1,-1,-1,-1,-1,-1,-1,345,328,-1,-1,328,306,0,0,0,0,0,0,0,0,0,0,1,1,0,0,1,1
2026-07-03T19:39:54.205,tof2,4x4,lying,-1,3251,-1,3313,-1,-1,-1,3452,943,1385,1508,-1,774,954,-1,1051,0,1,1,1,0,1,0,1,1,1,1,0,1,1,1,1
2026-07-03T19:39:54.276,tof1,4x4,lying,-1,-1,-1,-1,-1,-1,-1,-1,-1,429,346,328,-1,-1,328,306,0,0,0,0,0,0,0,0,0,1,1,1,0,0,1,1
2026-07-03T19:39:54.371,tof2,4x4,lying,2996,3255,-1,-1,-1,-1,-1,3452,943,1385,-1,-1,774,971,1099,1053,1,1,1,1,0,0,0,1,1,1,1,0,1,1,1,1
2026-07-03T19:39:54.427,tof1,4x4,lying,-1,-1,-1,-1,-1,-1,-1,-1,-1,429,346,328,-1,-1,328,306,0,0,0,0,0,0,0,0,0,1,1,1,0,0,1,1
2026-07-03T19:39:54.526,tof2,4x4,lying,2996,3255,3323,3313,-1,-1,-1,2847,947,1387,1508,-1,779,971,-1,1053,1,1,1,1,0,0,1,1,1,1,1,0,1,1,1,1
2026-07-03T19:39:54.605,tof1,4x4,lying,-1,-1,-1,-1,-1,-1,-1,-1,-1,429,345,328,-1,-1,328,306,0,0,0,0,0,0,0,0,0,1,1,1,0,0,1,1
2026-07-03T19:39:54.694,tof2,4x4,lying,3020,3251,-1,3316,-1,-1,-1,2847,947,1387,1508,-1,779,-1,-1,1051,1,1,1,1,0,0,1,1,1,1,1,0,1,1,1,1
2026-07-03T19:39:54.789,tof1,4x4,lying,-1,-1,-1,-1,-1,-1,-1,-1,-1,-1,346,329,-1,-1,328,306,0,0,0,0,0,0,0,0,0,0,1,1,0,0,1,1
2026-07-03T19:39:54.853,tof2,4x4,lying,3025,3256,-1,3316,-1,1466,-1,2873,947,1387,-1,-1,777,971,1097,1048,1,1,0,1,0,1,0,1,1,1,1,0,1,1,1,1
2026-07-03T19:39:54.940,tof1,4x4,lying,-1,-1,-1,-1,-1,-1,-1,-1,-1,-1,346,328,-1,464,327,305,0,0,0,0,0,0,0,0,0,0,1,1,0,1,1,1
2026-07-03T19:39:55.024,tof2,4x4,lying,3025,3256,-1,3316,-1,-1,-1,3416,947,1379,1520,-1,777,971,-1,1048,1,1,0,1,0,0,1,1,1,1,1,0,1,1,1,1
2026-07-03T19:39:55.125,tof1,4x4,lying,-1,-1,-1,-1,-1,-1,-1,-1,-1,-1,346,328,-1,-1,327,305,0,0,0,0,0,0,0,0,0,0,1,1,0,0,1,1
2026-07-03T19:39:55.244,tof2,4x4,lying,3020,3255,-1,3318,-1,-1,-1,3416,932,1387,-1,-1,777,-1,1097,1048,1,1,0,1,0,0,0,1,1,1,1,0,1,1,1,1
2026-07-03T19:39:55.471,tof1,4x4,lying,-1,-1,-1,-1,-1,-1,-1,-1,-1,-1,346,328,-1,464,327,305,0,0,0,0,0,0,0,0,0,0,1,1,0,1,1,1
2026-07-03T19:39:55.590,tof2,4x4,lying,3011,3255,-1,3327,-1,1468,-1,3475,930,1379,-1,-1,777,952,1101,1048,1,1,0,1,0,1,0,1,1,1,1,0,1,1,1,1
2026-07-03T19:39:55.655,tof1,4x4,lying,-1,-1,-1,-1,-1,-1,377,-1,-1,-1,346,328,-1,-1,327,305,0,0,0,0,0,0,1,0,0,0,1,1,0,0,1,1
2026-07-03T19:39:55.747,tof2,4x4,lying,3003,3257,-1,3336,-1,1468,-1,3484,930,1366,-1,-1,777,951,1105,1046,1,1,0,1,1,1,0,1,1,1,1,0,1,1,1,1
2026-07-03T19:39:55.813,tof1,4x4,lying,-1,-1,-1,-1,-1,-1,377,-1,-1,428,345,328,-1,-1,327,305,1,0,0,0,0,0,1,0,0,1,1,1,0,0,1,1
2026-07-03T19:39:55.918,tof2,4x4,lying,3003,3256,-1,3336,-1,1473,2131,3484,930,1366,-1,-1,777,951,1104,1046,1,1,1,1,0,1,1,1,1,1,1,0,1,1,1,1
2026-07-03T19:39:55.979,tof1,4x4,lying,-1,-1,-1,-1,-1,-1,375,-1,-1,-1,345,327,-1,-1,327,305,0,0,0,0,0,0,1,0,0,0,1,1,0,0,1,1
2026-07-03T19:39:56.091,tof2,4x4,lying,3003,3256,-1,3336,-1,1467,2146,3475,930,1367,-1,1325,780,959,1105,1046,1,1,0,1,1,1,1,1,1,1,1,1,1,1,1,1
2026-07-03T19:39:56.152,tof1,4x4,lying,-1,-1,-1,-1,-1,-1,373,-1,-1,-1,344,327,-1,-1,327,304,0,0,0,1,0,0,1,0,0,0,1,1,0,0,1,1
2026-07-03T19:39:56.332,tof1,4x4,lying,-1,-1,-1,-1,-1,-1,372,-1,-1,-1,344,327,-1,-1,327,304,0,0,0,0,0,0,1,0,0,0,1,1,0,0,1,1
2026-07-03T19:39:56.534,tof1,4x4,lying,-1,-1,-1,-1,-1,-1,-1,-1,-1,-1,345,327,-1,464,327,305,0,0,0,0,0,0,0,0,0,0,1,1,0,1,1,1
2026-07-03T19:39:56.614,tof2,4x4,lying,2992,3256,-1,3327,-1,1467,-1,3475,930,1367,-1,1325,780,959,1105,1046,1,1,0,1,0,1,1,1,1,1,1,1,1,1,1,1
2026-07-03T19:39:56.690,tof1,4x4,lying,-1,-1,-1,-1,-1,-1,-1,-1,-1,428,345,327,-1,464,327,304,0,0,0,0,0,0,0,0,0,1,1,1,0,1,1,1
2026-07-03T19:39:56.771,tof2,4x4,lying,2992,3257,-1,3327,-1,1467,-1,3475,945,1367,1520,-1,780,-1,1104,1051,1,1,1,1,0,1,0,1,1,1,1,0,1,1,1,1
2026-07-03T19:39:56.867,tof1,4x4,lying,-1,-1,-1,-1,-1,-1,-1,-1,-1,-1,345,327,-1,468,327,304,0,0,0,1,0,0,0,0,0,0,1,1,0,1,1,1
2026-07-03T19:39:56.943,tof2,4x4,lying,3008,3256,-1,3327,-1,1468,2146,3464,947,1368,-1,1324,783,990,1104,1051,1,1,0,1,0,1,1,1,1,1,1,1,1,1,1,1
2026-07-03T19:39:57.043,tof1,4x4,lying,-1,-1,-1,-1,-1,-1,-1,-1,-1,-1,345,328,-1,-1,327,305,0,0,0,0,0,0,0,0,0,0,1,1,0,0,1,1
2026-07-03T19:39:57.112,tof2,4x4,lying,-1,3257,-1,3318,-1,1467,2162,3464,947,1367,-1,-1,783,990,-1,1053,0,1,0,1,0,1,1,1,1,1,1,0,1,1,1,1
2026-07-03T19:39:57.200,tof1,4x4,lying,-1,-1,-1,-1,-1,-1,-1,-1,-1,-1,346,328,-1,-1,328,305,0,0,0,0,0,0,0,0,0,0,1,1,0,0,1,1
2026-07-03T19:39:57.311,tof2,4x4,lying,3012,3257,-1,3311,-1,1464,2170,3477,954,1370,-1,-1,783,-1,1104,1053,1,1,0,1,0,1,1,1,1,1,1,0,1,1,1,1
2026-07-03T19:39:57.362,tof1,4x4,lying,-1,-1,-1,-1,-1,-1,-1,-1,-1,428,346,328,-1,-1,326,305,1,0,0,0,0,0,0,0,0,1,1,1,0,0,1,1
2026-07-03T19:39:57.482,tof2,4x4,lying,3012,3261,-1,3328,-1,1461,-1,3489,954,1370,1547,-1,782,985,1104,1053,1,1,0,1,0,1,1,1,1,1,1,1,1,1,1,1
2026-07-03T19:39:57.528,tof1,4x4,lying,-1,-1,-1,-1,-1,-1,-1,-1,-1,-1,346,328,-1,-1,327,305,0,0,0,0,0,0,0,0,0,0,1,1,0,0,1,1
2026-07-03T19:39:57.641,tof2,4x4,lying,3016,3269,-1,3328,-1,1461,2170,3477,954,1377,1547,-1,782,985,1104,1045,1,1,0,1,1,1,1,1,1,1,1,1,1,1,1,1
2026-07-03T19:39:57.707,tof1,4x4,lying,-1,-1,-1,-1,-1,-1,-1,-1,-1,-1,346,329,-1,468,328,306,0,0,0,0,0,0,0,0,0,0,1,1,0,1,1,1
2026-07-03T19:39:57.797,tof2,4x4,lying,3025,3270,-1,3317,-1,1461,2175,3498,949,1377,1547,1324,775,985,-1,1050,1,1,0,1,0,1,1,1,1,1,1,1,1,1,1,1
2026-07-03T19:39:57.899,tof1,4x4,lying,-1,-1,-1,-1,-1,-1,-1,-1,-1,428,346,329,-1,-1,327,306,0,0,0,0,0,0,0,0,0,1,1,1,0,0,1,1
2026-07-03T19:39:57.982,tof2,4x4,lying,3047,3270,-1,3317,-1,1486,2170,3504,942,1381,-1,-1,774,-1,1108,1050,1,1,0,1,1,1,1,1,1,1,1,1,1,1,1,1
2026-07-03T19:39:58.066,tof1,4x4,lying,-1,-1,-1,-1,-1,-1,-1,-1,-1,426,346,329,-1,-1,327,306,1,0,0,0,0,0,0,0,0,1,1,1,0,0,1,1
2026-07-03T19:39:58.142,tof2,4x4,lying,3025,3270,-1,3326,-1,1488,-1,3504,940,1381,1560,1324,774,983,1107,1050,1,1,0,1,0,1,1,1,1,1,1,1,1,1,1,1
2026-07-03T19:39:58.216,tof1,4x4,lying,-1,-1,-1,-1,-1,404,-1,-1,-1,428,346,330,-1,468,328,306,0,0,0,0,0,1,0,0,0,1,1,1,0,1,1,1
2026-07-03T19:39:58.304,tof2,4x4,lying,3025,3266,-1,3317,-1,1488,2170,3488,940,1377,-1,-1,775,983,1107,1053,1,1,0,1,0,1,1,1,1,1,1,0,1,1,1,1
2026-07-03T19:39:58.393,tof1,4x4,lying,-1,-1,-1,-1,-1,-1,-1,-1,-1,-1,346,329,-1,-1,328,306,0,0,0,0,0,0,0,0,0,0,1,1,0,0,1,1
2026-07-03T19:39:58.474,tof2,4x4,lying,2963,3256,-1,3317,-1,1488,2151,3488,942,1380,-1,-1,-1,-1,1104,1056,1,1,0,1,1,1,1,1,1,1,1,0,1,1,1,1
2026-07-03T19:39:58.551,tof1,4x4,lying,-1,-1,-1,-1,-1,-1,-1,-1,-1,-1,346,329,-1,-1,328,305,0,0,0,0,0,0,0,0,0,0,1,1,0,0,1,1
2026-07-03T19:39:58.891,tof2,4x4,lying,2960,3256,-1,3319,-1,1477,2152,3488,942,1380,1560,-1,775,984,1107,1056,1,1,1,1,0,1,1,1,1,1,1,1,1,1,1,1
2026-07-03T19:39:58.896,tof1,4x4,lying,-1,-1,-1,-1,-1,-1,373,-1,-1,428,346,328,-1,-1,328,305,0,0,0,0,0,0,1,0,0,1,1,1,0,0,1,1
2026-07-03T19:39:59.056,tof2,4x4,lying,2960,3260,-1,3319,-1,1476,-1,3488,940,1380,1542,-1,775,-1,1107,1056,1,1,0,1,0,1,0,1,1,1,1,0,1,1,1,1
2026-07-03T19:39:59.102,tof1,4x4,lying,-1,-1,-1,-1,-1,-1,372,-1,-1,-1,346,328,-1,-1,327,305,0,0,0,0,0,0,1,0,0,0,1,1,0,0,1,1
2026-07-03T19:39:59.218,tof2,4x4,lying,2960,3260,-1,3319,-1,1476,-1,3488,945,1380,-1,1324,776,984,1104,1056,1,1,1,1,0,1,1,1,1,1,1,1,1,1,1,1
2026-07-03T19:39:59.263,tof1,4x4,lying,-1,-1,-1,-1,-1,-1,372,-1,-1,-1,345,328,-1,468,327,305,0,0,0,0,0,0,1,0,0,0,1,1,0,1,1,1
2026-07-03T19:39:59.366,tof2,4x4,lying,2963,3260,-1,3329,-1,1469,-1,3489,940,1397,1542,1276,776,983,-1,1051,1,1,0,1,1,1,0,1,1,1,1,1,1,1,1,1
2026-07-03T19:39:59.426,tof1,4x4,lying,-1,-1,-1,-1,-1,-1,372,-1,-1,-1,344,328,-1,-1,327,304,0,0,0,0,0,0,1,0,0,0,1,1,0,0,1,1
2026-07-03T19:39:59.530,tof2,4x4,lying,3017,3261,-1,3329,-1,1459,-1,3489,940,1397,1490,-1,779,984,1107,1051,1,1,0,1,0,1,0,1,1,1,1,0,1,1,1,1
2026-07-03T19:39:59.605,tof1,4x4,lying,-1,-1,-1,-1,-1,-1,372,-1,-1,426,344,328,-1,-1,327,304,0,0,0,0,0,0,1,0,0,1,1,1,0,0,1,1
2026-07-03T19:39:59.699,tof2,4x4,lying,3017,3261,-1,3319,-1,1459,-1,3506,941,1397,-1,1266,784,965,-1,1051,1,1,1,1,0,1,1,1,1,1,1,1,1,1,1,1
2026-07-03T19:39:59.761,tof1,4x4,lying,-1,-1,-1,-1,-1,-1,372,-1,-1,-1,343,327,-1,-1,327,304,0,0,0,0,0,0,1,0,0,0,1,1,0,0,1,1
2026-07-03T19:39:59.852,tof2,4x4,lying,3017,3261,-1,3319,-1,1459,-1,3469,947,1376,-1,-1,784,965,1107,1045,1,1,0,1,0,1,0,1,1,1,1,1,1,1,1,1
2026-07-03T19:39:59.940,tof1,4x4,lying,-1,-1,-1,-1,-1,-1,372,-1,-1,421,344,328,-1,468,327,305,0,0,0,0,0,0,1,0,0,1,1,1,0,1,1,1
2026-07-03T19:40:00.030,tof2,4x4,lying,3038,3261,-1,3310,-1,1473,2151,3506,945,1376,1490,-1,784,-1,1107,1045,1,1,0,1,0,1,1,1,1,1,1,0,1,1,1,1
2026-07-03T19:40:00.125,tof1,4x4,lying,-1,-1,-1,-1,-1,-1,372,-1,-1,-1,345,328,-1,-1,328,305,0,0,0,0,0,0,1,0,0,0,1,1,0,0,1,1
2026-07-03T19:40:00.218,tof2,4x4,lying,3038,3261,-1,3301,-1,1473,2152,3504,945,1376,-1,1276,776,-1,1098,1048,1,1,0,1,0,1,1,1,1,1,1,1,1,1,1,1
2026-07-03T19:40:00.326,tof1,4x4,lying,-1,-1,-1,-1,-1,-1,-1,-1,-1,-1,345,328,-1,-1,327,305,0,0,0,0,0,0,0,0,0,0,1,1,0,0,1,1
2026-07-03T19:40:00.427,tof2,4x4,lying,3036,3261,-1,3300,-1,1476,-1,3535,941,1377,-1,-1,776,965,1101,1048,1,1,1,1,0,1,0,1,1,1,1,0,1,1,1,1
2026-07-03T19:40:00.542,tof1,4x4,lying,-1,-1,-1,-1,-1,-1,-1,-1,-1,421,346,328,-1,-1,328,305,0,0,0,0,0,0,0,0,0,1,1,1,0,0,1,1
2026-07-03T19:40:00.664,tof2,4x4,lying,2970,3254,-1,3300,-1,1473,-1,3504,934,1377,1539,-1,773,-1,1101,1047,1,1,0,1,0,1,0,1,1,1,1,0,1,1,1,1
2026-07-03T19:40:00.877,tof1,4x4,lying,-1,-1,-1,-1,-1,-1,-1,-1,-1,-1,346,328,-1,-1,328,305,0,0,0,0,0,0,0,0,0,0,1,1,0,0,1,1
2026-07-03T19:40:00.971,tof2,4x4,lying,2983,3250,3337,3300,-1,1472,2152,3504,934,1380,1490,-1,773,-1,-1,1048,1,1,1,1,0,1,1,1,1,1,1,0,1,1,1,1
2026-07-03T19:40:01.105,tof1,4x4,lying,-1,-1,-1,-1,-1,-1,-1,-1,-1,-1,346,328,-1,-1,329,305,0,0,0,0,0,0,0,0,0,0,1,1,0,0,1,1
2026-07-03T19:40:01.206,tof2,4x4,lying,2978,3254,-1,3309,-1,1470,2152,3489,931,1377,-1,-1,771,956,1101,1048,1,1,0,1,1,1,1,1,1,1,1,0,1,1,1,1
2026-07-03T19:40:01.294,tof1,4x4,lying,-1,-1,-1,-1,-1,-1,-1,-1,-1,421,346,329,-1,-1,328,305,0,0,0,0,0,0,0,0,0,1,1,1,0,0,1,1
2026-07-03T19:40:01.384,tof2,4x4,lying,2983,3254,-1,3311,-1,1472,-1,-1,934,1377,1524,-1,771,956,1101,1047,1,1,0,1,0,1,0,0,1,1,1,0,1,1,1,1
2026-07-03T19:40:01.474,tof1,4x4,lying,-1,-1,-1,-1,-1,-1,-1,-1,-1,-1,347,328,-1,-1,328,305,0,0,0,0,0,0,0,0,0,0,1,1,0,0,1,1
2026-07-03T19:40:01.555,tof2,4x4,lying,2978,3257,-1,3313,-1,-1,2180,3486,933,1387,1539,-1,771,-1,-1,1047,1,1,1,1,0,1,1,1,1,1,1,1,1,1,1,1
2026-07-03T19:40:01.654,tof1,4x4,lying,-1,-1,-1,-1,-1,-1,-1,-1,-1,-1,347,328,-1,-1,328,305,0,0,0,0,0,0,0,0,0,0,1,1,0,0,1,1
2026-07-03T19:40:01.727,tof2,4x4,lying,2983,3257,-1,3313,-1,1472,2180,3450,940,1387,-1,-1,771,-1,1101,1047,1,1,0,1,0,1,1,1,1,1,1,0,1,1,1,1
2026-07-03T19:40:01.817,tof1,4x4,lying,-1,-1,-1,-1,-1,-1,-1,-1,-1,421,346,329,-1,-1,328,305,0,0,0,0,0,0,0,0,0,1,1,1,0,0,1,1
2026-07-03T19:40:01.909,tof2,4x4,lying,-1,3262,-1,3311,-1,1475,-1,3486,940,1351,1536,1276,771,975,1103,1047,0,1,0,1,1,1,0,1,1,1,1,1,1,1,1,1
2026-07-03T19:40:01.975,tof1,4x4,lying,-1,-1,-1,-1,-1,-1,-1,-1,-1,-1,346,328,-1,-1,328,305,0,0,0,0,0,0,0,0,0,0,1,1,0,0,1,1
2026-07-03T19:40:02.088,tof2,4x4,lying,3027,3257,-1,3313,-1,1477,-1,3474,940,1397,1524,-1,776,956,-1,1047,1,1,0,1,0,1,0,1,1,1,1,0,1,1,1,1
2026-07-03T19:40:02.189,tof1,4x4,lying,-1,-1,-1,-1,-1,-1,-1,-1,-1,-1,345,328,-1,-1,327,305,0,0,0,0,0,0,0,0,0,0,1,1,0,0,1,1
2026-07-03T19:40:02.277,tof2,4x4,lying,3030,3259,-1,3317,-1,1477,-1,3484,940,1353,1536,-1,783,966,-1,1050,1,1,0,1,1,1,1,1,1,1,1,1,1,1,1,1
2026-07-03T19:40:02.349,tof1,4x4,lying,-1,-1,-1,-1,-1,-1,-1,-1,-1,-1,344,328,-1,-1,327,305,0,0,0,0,0,0,0,0,0,0,1,1,0,0,1,1
2026-07-03T19:40:02.503,tof1,4x4,lying,-1,-1,-1,-1,-1,-1,372,-1,-1,-1,344,328,-1,-1,327,305,0,0,0,0,0,0,1,0,0,0,1,1,0,0,1,1
2026-07-03T19:40:02.506,tof2,4x4,lying,-1,3259,-1,3317,-1,1478,-1,3484,940,1353,1536,-1,783,966,1105,1051,0,1,0,1,0,1,1,1,1,1,1,1,1,1,1,1
2026-07-03T19:40:02.686,tof1,4x4,lying,-1,-1,-1,-1,-1,-1,372,-1,-1,425,343,328,-1,-1,328,305,0,0,0,0,0,0,1,0,0,1,1,1,0,0,1,1
2026-07-03T19:40:02.716,tof2,4x4,lying,-1,3261,-1,3312,-1,1478,-1,3491,942,1392,1533,-1,776,-1,1105,1051,0,1,0,1,0,1,1,1,1,1,1,1,1,1,1,1
2026-07-03T19:40:02.847,tof1,4x4,lying,-1,-1,-1,-1,-1,-1,372,-1,-1,-1,343,327,-1,-1,328,305,0,0,0,0,0,0,1,0,0,0,1,1,0,0,1,1
2026-07-03T19:40:02.910,tof2,4x4,lying,3030,3259,-1,3317,-1,1469,2169,3484,942,-1,-1,-1,776,-1,1104,1053,1,1,0,1,0,1,1,1,1,1,1,0,1,1,1,1
2026-07-03T19:40:03.014,tof1,4x4,lying,-1,-1,-1,-1,-1,-1,374,-1,-1,-1,344,328,-1,468,328,305,0,0,0,0,0,0,1,0,0,0,1,1,0,1,1,1
2026-07-03T19:40:03.083,tof2,4x4,lying,3030,3259,-1,3317,-1,1469,-1,3497,942,1392,-1,-1,775,966,1105,1053,1,1,0,1,1,1,0,1,1,1,1,0,1,1,1,1
2026-07-03T19:40:03.212,tof1,4x4,lying,-1,-1,-1,-1,-1,-1,-1,-1,-1,-1,344,327,-1,-1,328,305,1,0,0,0,0,0,0,0,0,0,1,1,0,0,1,1
2026-07-03T19:40:03.266,tof2,4x4,lying,3007,3261,-1,3314,-1,1478,-1,3497,939,1389,-1,-1,775,961,1104,1048,1,1,0,1,0,1,0,1,1,1,1,0,1,1,1,1
2026-07-03T19:40:03.378,tof1,4x4,lying,-1,-1,-1,-1,-1,-1,374,-1,-1,-1,344,329,-1,-1,327,305,0,0,0,0,0,0,1,0,0,0,1,1,0,0,1,1
2026-07-03T19:40:03.438,tof2,4x4,lying,3007,3259,-1,3322,-1,1488,2169,3454,942,1389,1480,-1,775,-1,-1,1043,1,1,0,1,0,1,1,1,1,1,1,1,1,1,1,1
2026-07-03T19:40:03.541,tof1,4x4,lying,-1,-1,-1,-1,-1,-1,-1,-1,-1,425,345,329,-1,467,327,305,0,0,0,0,0,0,0,0,0,1,1,1,0,1,1,1
2026-07-03T19:40:03.639,tof2,4x4,lying,3007,3255,3325,3322,-1,1488,-1,3446,939,1382,-1,1287,768,961,-1,1036,1,1,1,1,1,1,0,1,1,1,1,1,1,1,1,1
2026-07-03T19:40:03.710,tof1,4x4,lying,-1,-1,-1,-1,-1,-1,-1,-1,-1,-1,345,329,-1,-1,327,305,0,0,0,0,0,0,0,0,0,0,1,1,0,0,1,1
2026-07-03T19:40:03.855,tof2,4x4,lying,3007,3251,-1,3322,-1,-1,-1,3446,935,1382,1533,-1,767,961,1104,1036,1,1,0,1,0,1,0,1,1,1,1,0,1,1,1,1
2026-07-03T19:40:03.865,tof1,4x4,lying,-1,-1,-1,-1,-1,-1,-1,-1,-1,-1,346,329,-1,-1,326,305,0,0,0,0,0,0,0,0,0,0,1,1,0,0,1,1
2026-07-03T19:40:04.027,tof2,4x4,lying,2996,3256,-1,3314,-1,-1,2169,3446,939,1376,-1,-1,767,964,-1,1043,1,1,0,1,0,0,1,1,1,1,1,0,1,1,1,1
2026-07-03T19:40:04.050,tof1,4x4,lying,-1,-1,-1,-1,-1,-1,-1,-1,-1,424,346,329,-1,472,327,305,0,0,0,1,0,0,0,0,0,1,1,1,0,1,1,1
2026-07-03T19:40:04.185,tof2,4x4,lying,2968,3253,-1,3322,-1,-1,2169,3450,952,1375,1533,-1,767,961,1104,1047,1,1,0,1,0,0,1,1,1,1,1,1,1,1,1,1
2026-07-03T19:40:04.218,tof1,4x4,lying,-1,-1,-1,-1,-1,-1,-1,-1,-1,-1,346,329,-1,-1,328,305,0,0,0,0,0,0,0,0,0,0,1,1,0,0,1,1
2026-07-03T19:40:04.369,tof2,4x4,lying,2968,3253,-1,3311,-1,-1,-1,3450,952,1375,1538,-1,767,-1,-1,1047,1,1,1,1,0,1,1,1,1,1,1,0,1,1,1,1
2026-07-03T19:40:04.380,tof1,4x4,lying,-1,-1,-1,-1,-1,-1,374,-1,-1,-1,346,328,-1,-1,327,306,0,0,0,0,0,0,1,0,0,0,1,1,0,0,1,1
2026-07-03T19:40:04.564,tof1,4x4,lying,-1,-1,-1,-1,-1,-1,-1,-1,-1,425,346,328,-1,-1,328,306,0,0,0,0,0,0,0,0,0,1,1,1,0,0,1,1
2026-07-03T19:40:04.606,tof2,4x4,lying,2956,3256,-1,3311,-1,-1,-1,3451,952,1380,1538,-1,767,964,1104,1047,1,1,1,1,1,0,0,1,1,1,1,0,1,1,1,1
2026-07-03T19:40:04.742,tof1,4x4,lying,-1,-1,-1,-1,-1,-1,376,-1,-1,-1,347,328,-1,-1,328,306,0,0,0,1,0,0,1,0,0,0,1,1,0,0,1,1
2026-07-03T19:40:04.807,tof2,4x4,lying,2968,3256,-1,3311,-1,-1,-1,3464,952,1380,1553,-1,772,-1,1104,1049,1,1,0,1,0,0,1,1,1,1,1,0,1,1,1,1
2026-07-03T19:40:04.911,tof1,4x4,lying,-1,-1,-1,-1,-1,-1,-1,-1,-1,-1,346,328,-1,-1,328,305,0,0,0,0,0,0,0,0,0,0,1,1,0,0,1,1
2026-07-03T19:40:05.001,tof2,4x4,lying,2968,3258,-1,3316,-1,-1,2174,3516,949,1387,1553,-1,788,970,1101,1045,1,1,0,1,0,0,1,1,1,1,1,0,1,1,1,1
2026-07-03T19:40:05.079,tof1,4x4,lying,-1,-1,-1,-1,-1,-1,380,-1,-1,-1,346,328,-1,-1,328,306,0,0,0,0,0,0,1,0,0,0,1,1,0,0,1,1
2026-07-03T19:40:05.173,tof2,4x4,lying,2989,3258,-1,3316,-1,-1,-1,-1,941,1396,-1,-1,790,982,-1,1045,1,1,0,1,0,0,0,0,1,1,1,0,1,1,1,1
2026-07-03T19:40:05.262,tof1,4x4,lying,-1,-1,-1,-1,-1,-1,-1,-1,-1,-1,346,328,-1,-1,328,305,0,0,0,0,0,0,0,0,0,0,1,1,0,0,1,1
2026-07-03T19:40:05.369,tof2,4x4,lying,2989,3244,-1,3316,-1,-1,2174,3522,941,1387,1538,-1,790,-1,1101,1052,1,1,0,1,1,0,1,1,1,1,1,0,1,1,1,1
2026-07-03T19:40:05.438,tof1,4x4,lying,-1,-1,-1,-1,-1,-1,-1,-1,-1,-1,346,328,-1,468,327,305,0,0,0,0,0,0,0,0,0,0,1,1,0,1,1,1
2026-07-03T19:40:05.542,tof2,4x4,lying,3004,3244,-1,3330,-1,-1,-1,3522,945,1387,-1,-1,789,982,1101,1052,1,1,1,1,0,0,1,1,1,1,1,0,1,1,1,1
2026-07-03T19:40:05.599,tof1,4x4,lying,-1,-1,-1,-1,-1,-1,-1,-1,-1,-1,346,329,-1,-1,326,305,0,0,0,0,0,0,0,0,0,0,1,1,0,0,1,1
2026-07-03T19:40:05.699,tof2,4x4,lying,3004,3249,-1,3330,-1,-1,-1,3516,945,1379,-1,1345,789,985,-1,1052,1,1,1,1,0,0,0,1,1,1,1,1,1,1,1,1
2026-07-03T19:40:05.778,tof1,4x4,lying,-1,-1,-1,-1,-1,-1,381,-1,-1,-1,346,328,-1,-1,326,305,0,0,0,0,0,0,1,0,0,0,1,1,0,0,1,1
2026-07-03T19:40:05.887,tof2,4x4,lying,2979,3249,-1,3316,-1,-1,-1,3506,945,1374,1533,-1,778,-1,1103,1052,1,1,0,1,0,0,0,1,1,1,1,0,1,1,1,1
2026-07-03T19:40:05.949,tof1,4x4,lying,-1,-1,-1,-1,-1,-1,-1,-1,-1,-1,345,328,-1,472,327,305,0,0,0,0,0,0,0,0,0,0,1,1,0,1,1,1
2026-07-03T19:40:06.058,tof2,4x4,lying,2979,3257,3321,3315,-1,-1,-1,3501,948,1374,1553,-1,776,982,1110,1055,1,1,1,1,0,1,0,1,1,1,1,0,1,1,1,1
2026-07-03T19:40:06.109,tof1,4x4,lying,-1,-1,-1,-1,-1,-1,381,-1,-1,-1,344,328,-1,-1,326,305,0,0,0,0,0,0,1,0,0,0,1,1,0,0,1,1
2026-07-03T19:40:06.285,tof2,4x4,lying,2979,3265,-1,3315,2138,1493,2178,3493,948,1372,1533,-1,776,982,1110,1049,1,1,1,1,1,1,1,1,1,1,1,0,1,1,1,1
2026-07-03T19:40:06.369,tof1,4x4,lying,-1,-1,-1,-1,-1,-1,380,-1,-1,424,344,328,-1,-1,326,305,0,0,0,1,0,0,1,0,0,1,1,1,0,0,1,1
2026-07-03T19:40:06.462,tof2,4x4,lying,2979,3257,-1,3304,-1,1488,2188,3501,945,1368,1533,-1,777,-1,-1,1054,1,1,0,1,0,1,1,1,1,1,1,0,1,1,1,1
2026-07-03T19:40:06.538,tof1,4x4,lying,-1,-1,-1,-1,-1,-1,371,-1,-1,421,344,328,-1,-1,326,305,0,0,0,0,0,0,1,0,0,1,1,1,0,0,1,1
2026-07-03T19:40:06.654,tof2,4x4,lying,-1,3259,3325,3304,-1,1481,-1,3501,948,1360,1545,-1,776,976,1107,1054,1,1,1,1,1,1,0,1,1,1,1,0,1,1,1,1
2026-07-03T19:40:06.706,tof1,4x4,lying,-1,-1,-1,-1,-1,-1,371,-1,-1,416,344,327,-1,-1,326,304,1,0,0,0,0,0,1,0,0,1,1,1,0,0,1,1
2026-07-03T19:40:06.817,tof2,4x4,lying,2979,3259,-1,3311,-1,1475,2188,3491,948,1360,1557,-1,777,976,-1,1054,1,1,1,1,0,1,1,1,1,1,1,0,1,1,1,1
2026-07-03T19:40:06.897,tof1,4x4,lying,-1,-1,-1,-1,-1,-1,370,-1,-1,-1,344,327,-1,-1,325,304,0,0,0,0,0,0,1,0,0,0,1,1,0,0,1,1
2026-07-03T19:40:07.004,tof2,4x4,lying,3007,3259,-1,3317,-1,1475,2188,3485,948,1354,1557,-1,777,-1,1105,1050,1,1,1,1,0,1,1,1,1,1,1,0,1,1,1,1
2026-07-03T19:40:07.073,tof1,4x4,lying,-1,-1,-1,-1,-1,-1,370,-1,-1,416,343,327,-1,-1,325,305,0,0,0,0,0,0,1,0,0,1,1,1,0,0,1,1
2026-07-03T19:40:07.154,tof2,4x4,lying,-1,3259,-1,3317,-1,1471,2186,3491,948,1360,-1,1349,776,973,1107,1050,1,1,1,1,0,1,1,1,1,1,1,1,1,1,1,1
2026-07-03T19:40:07.249,tof1,4x4,lying,-1,-1,-1,-1,-1,-1,-1,-1,-1,416,343,327,-1,-1,326,304,1,0,0,0,0,0,0,0,0,1,1,1,0,0,1,1
2026-07-03T19:40:07.325,tof2,4x4,lying,3007,3259,-1,3317,-1,1475,-1,3485,948,1372,1557,-1,769,-1,-1,1050,1,1,1,1,1,1,1,1,1,1,1,0,1,1,1,1
2026-07-03T19:40:07.417,tof1,4x4,lying,-1,-1,-1,-1,-1,-1,-1,-1,-1,-1,343,327,-1,-1,326,305,0,0,0,0,0,0,0,0,0,0,1,1,0,0,1,1
2026-07-03T19:40:07.488,tof2,4x4,lying,3007,3264,-1,3311,-1,1475,2176,3449,937,1383,1545,-1,776,-1,1105,1050,1,1,1,1,0,1,1,1,1,1,1,0,1,1,1,1
2026-07-03T19:40:07.689,tof1,4x4,lying,-1,-1,-1,-1,-1,-1,370,-1,-1,-1,343,327,-1,468,326,305,0,0,0,0,0,0,1,0,0,0,1,1,0,1,1,1
2026-07-03T19:40:07.704,tof2,4x4,lying,2979,3259,-1,3297,-1,1492,-1,3449,937,1403,-1,-1,776,-1,1107,1050,1,1,0,1,0,1,1,1,1,1,1,0,1,1,1,1
2026-07-03T19:40:07.908,tof1,4x4,lying,-1,-1,-1,-1,-1,-1,-1,-1,-1,-1,343,327,-1,469,327,305,0,0,0,0,0,0,0,0,0,0,1,1,0,1,1,1
2026-07-03T19:40:07.923,tof2,4x4,lying,3007,3259,-1,3293,-1,1492,-1,3460,931,1403,1546,-1,769,973,1109,1049,1,1,1,1,0,1,1,1,1,1,1,0,1,1,1,1
2026-07-03T19:40:08.058,tof1,4x4,lying,-1,-1,-1,-1,-1,-1,-1,-1,-1,419,344,328,-1,468,327,305,0,0,0,0,0,0,0,0,0,1,1,1,0,1,1,1
2026-07-03T19:40:08.112,tof2,4x4,lying,2979,3259,3325,3293,-1,1492,-1,3460,931,1383,1546,-1,769,966,1109,1050,1,1,1,1,0,1,1,1,1,1,1,0,1,1,1,1
2026-07-03T19:40:08.226,tof1,4x4,lying,-1,-1,-1,-1,-1,-1,-1,-1,-1,-1,345,328,-1,-1,328,305,0,0,0,0,0,0,0,0,0,0,1,1,0,0,1,1
2026-07-03T19:40:08.300,tof2,4x4,lying,2979,3256,-1,3297,-1,1487,-1,3460,941,1380,-1,1349,776,-1,-1,1052,1,1,1,1,0,1,0,1,1,1,1,1,1,1,1,1
2026-07-03T19:40:08.379,tof1,4x4,lying,-1,-1,-1,-1,-1,-1,-1,-1,-1,-1,345,327,-1,-1,327,305,0,0,0,0,0,0,0,0,0,0,1,1,0,0,1,1
2026-07-03T19:40:08.462,tof2,4x4,lying,2995,3255,-1,3297,-1,1487,-1,3489,-1,1380,1546,-1,776,973,1109,1053,1,1,0,1,0,1,0,1,0,1,1,0,1,1,1,1
2026-07-03T19:40:08.545,tof1,4x4,lying,-1,-1,-1,-1,-1,-1,-1,-1,-1,-1,346,328,-1,-1,328,305,0,0,0,0,0,0,0,0,0,0,1,1,0,0,1,1
2026-07-03T19:40:08.625,tof2,4x4,lying,3016,3255,-1,3303,-1,1486,2174,3460,942,1379,-1,-1,772,966,1109,1055,1,1,1,1,0,1,1,1,1,1,1,1,1,1,1,1
2026-07-03T19:40:08.725,tof1,4x4,lying,-1,-1,-1,-1,-1,-1,-1,-1,-1,-1,346,328,-1,-1,328,305,0,0,0,0,0,0,0,0,0,0,1,1,0,0,1,1
2026-07-03T19:40:08.786,tof2,4x4,lying,3042,3255,-1,3323,-1,1486,2176,3444,942,1377,1553,-1,782,966,1109,1055,1,1,1,1,0,1,1,1,1,1,1,0,1,1,1,1
2026-07-03T19:40:08.876,tof1,4x4,lying,-1,-1,-1,-1,-1,-1,-1,-1,-1,-1,346,328,-1,464,328,305,0,1,0,0,0,0,0,0,0,0,1,1,0,1,1,1
2026-07-03T19:40:08.954,tof2,4x4,lying,3042,3255,-1,3323,-1,1473,2176,3444,942,1377,-1,-1,782,975,1105,1055,1,1,0,1,1,1,1,1,1,1,1,1,1,1,1,1
2026-07-03T19:40:09.053,tof1,4x4,lying,-1,-1,-1,-1,-1,-1,-1,-1,-1,-1,346,328,-1,-1,329,305,0,1,0,0,0,0,0,0,0,0,1,1,0,0,1,1
2026-07-03T19:40:09.124,tof2,4x4,lying,3042,3256,-1,3323,2138,1484,2176,3469,932,1377,1553,-1,789,-1,-1,1053,1,1,0,1,1,1,1,1,1,1,1,0,1,1,1,1
2026-07-03T19:40:09.228,tof1,4x4,lying,-1,-1,-1,-1,-1,-1,373,-1,-1,-1,345,330,-1,460,329,305,0,0,0,0,0,0,1,0,0,0,1,1,0,1,1,1
2026-07-03T19:40:09.276,tof2,4x4,lying,2982,3259,-1,3323,-1,1475,-1,3469,932,1377,1560,-1,788,-1,1105,1053,1,1,1,1,0,1,1,1,1,1,1,0,1,1,1,1
2026-07-03T19:40:09.382,tof1,4x4,lying,-1,-1,-1,-1,-1,-1,-1,-1,-1,-1,345,330,-1,462,328,305,1,0,0,0,0,0,0,0,0,0,1,1,0,1,1,1
2026-07-03T19:40:09.442,tof2,4x4,lying,2982,3259,-1,3319,-1,1481,-1,3475,932,1370,-1,-1,788,984,1105,1047,1,1,1,1,0,1,1,1,1,1,1,0,1,1,1,1
2026-07-03T19:40:09.543,tof1,4x4,lying,-1,-1,-1,-1,-1,-1,370,-1,-1,-1,345,328,-1,-1,327,304,0,0,0,0,0,0,1,0,0,0,1,1,0,0,1,1
2026-07-03T19:40:09.590,tof2,4x4,lying,2952,3259,-1,3310,-1,1481,-1,3483,936,1376,1553,-1,785,975,-1,1053,1,1,0,1,1,1,0,1,1,1,1,1,1,1,1,1
2026-07-03T19:40:09.694,tof1,4x4,lying,-1,-1,-1,-1,-1,-1,-1,-1,-1,421,345,327,-1,-1,327,305,0,0,0,0,0,0,0,0,0,1,1,1,0,0,1,1
2026-07-03T19:40:09.768,tof2,4x4,lying,2952,3259,3321,3309,-1,1483,2146,3494,937,1370,1560,-1,788,-1,1110,1053,1,1,1,1,1,1,1,1,1,1,1,0,1,1,1,1
2026-07-03T19:40:09.869,tof1,4x4,lying,-1,-1,-1,-1,-1,-1,372,-1,-1,425,345,327,-1,-1,327,305,0,0,0,0,0,0,1,0,0,1,1,1,0,0,1,1
2026-07-03T19:40:09.948,tof2,4x4,lying,2966,3265,3318,3309,-1,1481,-1,3494,939,1370,-1,-1,785,975,1108,1056,1,1,1,1,0,1,0,1,1,1,1,1,1,1,1,1
2026-07-03T19:40:10.018,tof1,4x4,lying,-1,-1,-1,-1,-1,-1,372,-1,-1,-1,345,327,-1,-1,327,304,0,0,0,0,0,0,1,0,0,0,1,1,0,0,1,1
2026-07-03T19:40:10.104,tof2,4x4,lying,2979,3265,-1,3310,-1,1483,2139,3508,946,1376,-1,-1,783,-1,1108,1056,1,1,0,1,0,1,1,1,1,1,1,1,1,1,1,1
2026-07-03T19:40:10.212,tof1,4x4,lying,-1,-1,-1,-1,-1,-1,372,-1,-1,425,345,327,-1,-1,327,305,0,1,0,0,0,0,1,0,0,1,1,1,0,0,1,1
2026-07-03T19:40:10.276,tof2,4x4,lying,2966,3255,-1,3312,-1,1484,-1,3508,947,1400,1547,-1,783,-1,1108,1056,1,1,1,1,1,1,0,1,1,1,1,0,1,1,1,1
2026-07-03T19:40:10.384,tof1,4x4,lying,-1,-1,-1,-1,-1,-1,-1,-1,-1,422,345,328,-1,-1,327,305,0,0,0,0,0,0,0,0,0,1,1,1,0,0,1,1
2026-07-03T19:40:10.442,tof2,4x4,lying,2979,3258,3318,3312,-1,1484,-1,3493,947,1400,1562,-1,783,975,1108,1057,1,1,1,1,0,1,1,1,1,1,1,0,1,1,1,1
2026-07-03T19:40:10.588,tof1,4x4,lying,-1,-1,-1,-1,-1,-1,372,-1,-1,-1,344,328,-1,-1,327,304,0,0,0,0,0,0,1,0,0,0,1,1,0,0,1,1
2026-07-03T19:40:10.660,tof2,4x4,lying,2979,3265,-1,3312,-1,1484,2139,3480,951,1400,-1,-1,783,987,1108,1059,1,1,1,1,0,1,1,1,1,1,1,1,1,1,1,1
2026-07-03T19:40:10.747,tof1,4x4,lying,-1,-1,-1,-1,-1,-1,-1,-1,-1,-1,344,328,-1,461,327,304,0,0,0,0,0,0,0,0,0,0,1,1,0,1,1,1
2026-07-03T19:40:10.816,tof2,4x4,lying,2979,3266,-1,3311,-1,1484,-1,3480,947,1400,-1,1349,783,987,1104,1059,1,1,1,1,1,1,1,1,1,1,1,1,1,1,1,1
2026-07-03T19:40:10.918,tof1,4x4,lying,-1,-1,-1,-1,-1,-1,-1,-1,-1,-1,344,328,-1,-1,327,304,0,0,0,0,0,0,0,0,0,0,1,1,0,0,1,1
2026-07-03T19:40:10.980,tof2,4x4,lying,2979,3266,-1,3301,-1,1483,-1,3455,939,1371,-1,-1,783,987,1098,1059,1,1,0,1,0,1,0,1,1,1,1,0,1,1,1,1
2026-07-03T19:40:11.093,tof1,4x4,lying,-1,-1,-1,-1,-1,-1,372,-1,-1,421,344,328,-1,-1,327,304,0,0,0,0,0,0,1,0,0,1,1,1,0,0,1,1
2026-07-03T19:40:11.197,tof2,4x4,lying,2979,3266,-1,3301,-1,1478,2139,3455,939,1365,-1,-1,783,987,1098,1054,1,1,1,1,0,1,1,1,1,1,1,0,1,1,1,1
2026-07-03T19:40:11.308,tof1,4x4,lying,-1,-1,-1,-1,-1,-1,374,-1,-1,-1,344,328,-1,-1,327,304,0,0,0,0,0,0,1,0,0,0,1,1,0,0,1,1
2026-07-03T19:40:11.405,tof2,4x4,lying,2979,3266,-1,3311,-1,-1,-1,3455,932,1369,-1,-1,775,987,1098,1054,1,1,0,1,0,1,1,1,1,1,1,0,1,1,1,1
2026-07-03T19:40:11.508,tof1,4x4,lying,-1,-1,-1,-1,-1,-1,-1,-1,-1,-1,344,328,-1,-1,328,305,0,0,0,0,0,0,0,0,0,0,1,1,0,0,1,1
2026-07-03T19:40:11.626,tof2,4x4,lying,2971,3269,-1,3333,-1,1483,-1,3470,932,1371,1570,-1,774,982,-1,1048,1,1,0,1,0,1,0,1,1,1,1,0,1,1,1,1
2026-07-03T19:40:11.715,tof1,4x4,lying,-1,-1,-1,-1,-1,-1,-1,-1,-1,-1,344,329,-1,-1,328,306,1,0,0,0,0,0,0,0,0,0,1,1,0,0,1,1
2026-07-03T19:40:11.810,tof2,4x4,lying,2999,3259,-1,3333,-1,1483,-1,3483,935,1371,-1,-1,774,973,1098,1048,1,1,0,1,0,1,0,1,1,1,1,0,1,1,1,1
2026-07-03T19:40:11.920,tof1,4x4,lying,-1,-1,-1,-1,-1,-1,-1,-1,-1,-1,345,329,-1,-1,328,306,0,0,0,0,0,0,0,0,0,0,1,1,0,0,1,1
2026-07-03T19:40:11.981,tof2,4x4,lying,3010,3255,-1,3333,-1,1467,2176,3487,935,1369,-1,-1,774,973,1108,1048,1,1,0,1,1,1,1,1,1,1,1,0,1,1,1,1
2026-07-03T19:40:12.126,tof1,4x4,lying,-1,-1,-1,-1,-1,-1,-1,-1,-1,418,346,328,-1,462,328,306,0,0,0,0,0,0,0,0,0,1,1,1,0,1,1,1
2026-07-03T19:40:12.138,tof2,4x4,lying,3010,3259,-1,3323,2133,1484,-1,3488,926,1373,-1,-1,774,992,1108,1053,1,1,0,1,1,1,0,1,1,1,1,1,1,1,1,1
2026-07-03T19:40:12.312,tof1,4x4,lying,-1,-1,-1,-1,-1,-1,-1,-1,-1,-1,346,329,-1,-1,328,305,0,0,0,0,0,0,0,0,0,0,1,1,0,0,1,1
2026-07-03T19:40:12.333,tof2,4x4,lying,3010,3259,-1,3309,-1,1484,2176,3488,935,1373,1570,-1,775,973,1102,1053,1,1,0,1,0,1,1,1,1,1,1,0,1,1,1,1
2026-07-03T19:40:12.484,tof1,4x4,lying,-1,-1,-1,-1,-1,-1,-1,-1,-1,-1,346,328,-1,-1,328,305,0,0,0,0,0,0,0,0,0,0,1,1,0,0,1,1
2026-07-03T19:40:12.518,tof2,4x4,lying,3010,3259,3318,3309,-1,1484,-1,3488,935,1371,-1,-1,775,996,1102,1053,1,1,1,1,1,1,1,1,1,1,1,0,1,1,1,1
2026-07-03T19:40:12.650,tof1,4x4,lying,-1,-1,-1,-1,-1,-1,-1,-1,-1,-1,346,328,-1,-1,328,305,0,0,0,0,0,0,0,0,0,0,1,1,0,0,1,1
2026-07-03T19:40:12.717,tof2,4x4,lying,2963,3260,-1,3317,-1,1484,2176,3488,937,1371,1549,-1,775,-1,-1,1053,1,1,0,1,0,1,1,1,1,1,1,1,1,1,1,1
2026-07-03T19:40:12.843,tof1,4x4,lying,-1,-1,-1,-1,-1,-1,-1,-1,-1,-1,346,328,-1,-1,329,305,0,0,1,0,0,0,0,0,0,0,1,1,0,0,1,1
2026-07-03T19:40:12.886,tof2,4x4,lying,2963,3265,-1,3317,-1,1484,2149,3504,937,1373,1568,-1,777,-1,1102,1053,1,1,1,1,0,1,1,1,1,1,1,0,1,1,1,1
2026-07-03T19:40:13.028,tof1,4x4,lying,-1,-1,-1,-1,-1,-1,-1,-1,-1,-1,346,328,-1,-1,329,305,0,0,0,0,0,0,0,0,0,0,1,1,0,0,1,1
2026-07-03T19:40:13.064,tof2,4x4,lying,3000,3265,-1,3326,2130,1484,-1,3504,937,1375,-1,-1,783,996,1102,1053,1,1,0,1,1,1,1,1,1,1,1,0,1,1,1,1
2026-07-03T19:40:13.246,tof1,4x4,lying,-1,-1,-1,-1,-1,-1,374,-1,-1,-1,346,328,-1,-1,328,305,0,0,1,0,0,0,1,0,0,0,1,1,0,0,1,1
2026-07-03T19:40:13.261,tof2,4x4,lying,2964,3265,-1,3326,2121,1491,2149,3505,937,1389,-1,-1,777,993,1104,1052,1,1,0,1,1,1,1,1,1,1,1,0,1,1,1,1
2026-07-03T19:40:13.455,tof1,4x4,lying,-1,-1,-1,-1,-1,-1,-1,-1,-1,-1,344,328,-1,-1,327,305,0,0,0,0,0,0,0,0,0,0,1,1,0,0,1,1
2026-07-03T19:40:13.464,tof2,4x4,lying,3000,3262,-1,3328,-1,1491,-1,3504,937,1402,1549,-1,783,983,-1,1053,1,1,0,1,0,1,1,1,1,1,1,1,1,1,1,1
2026-07-03T19:40:13.731,tof1,4x4,lying,-1,-1,-1,-1,-1,-1,-1,-1,-1,417,344,328,-1,-1,327,305,0,0,0,0,0,0,0,0,0,1,1,1,0,0,1,1
2026-07-03T19:40:13.733,tof2,4x4,lying,3003,3259,-1,3330,-1,1491,-1,3484,929,1402,-1,1345,785,983,1104,1052,1,1,0,1,1,1,0,1,1,1,1,1,1,1,1,1
2026-07-03T19:40:13.941,tof1,4x4,lying,-1,-1,-1,-1,-1,-1,374,-1,-1,416,344,328,-1,-1,327,305,0,1,0,0,0,0,1,0,0,1,1,1,0,0,1,1
2026-07-03T19:40:13.963,tof2,4x4,lying,3000,3259,-1,3328,-1,1491,-1,3484,929,1389,1537,-1,785,983,1108,1048,1,1,0,1,0,1,1,1,1,1,1,1,1,1,1,1
2026-07-03T19:40:14.177,tof2,4x4,lying,3003,3259,-1,3320,-1,1494,-1,3493,943,1389,1534,-1,785,985,1104,1052,1,1,0,1,0,1,0,1,1,1,1,0,1,1,1,1
2026-07-03T19:40:14.179,tof1,4x4,lying,-1,-1,-1,-1,-1,-1,374,-1,-1,417,343,328,-1,-1,327,305,0,0,0,0,0,0,1,0,0,1,1,1,0,0,1,1
2026-07-03T19:40:14.385,tof2,4x4,lying,3003,3259,-1,-1,-1,-1,-1,3484,943,1385,-1,-1,786,976,1106,1048,1,1,1,1,0,0,0,1,1,1,1,1,1,1,1,1
2026-07-03T19:40:14.691,tof2,4x4,lying,2981,3259,-1,3320,-1,1494,2146,3484,934,1385,-1,-1,786,976,-1,1048,1,1,1,1,0,1,1,1,1,1,1,0,1,1,1,1
2026-07-03T19:40:14.767,tof1,4x4,lying,-1,-1,-1,-1,-1,-1,-1,-1,-1,-1,343,328,-1,-1,328,305,0,0,0,0,0,0,0,0,0,0,1,1,0,0,1,1
2026-07-03T19:40:14.885,tof2,4x4,lying,2981,3259,-1,3314,-1,-1,-1,3492,946,1365,-1,-1,786,985,-1,1054,1,1,0,1,0,1,0,1,1,1,1,0,1,1,1,1
2026-07-03T19:40:14.932,tof1,4x4,lying,-1,-1,-1,-1,-1,-1,372,-1,-1,-1,343,328,-1,-1,329,305,0,0,0,0,0,0,1,0,0,0,1,1,0,0,1,1
2026-07-03T19:40:15.041,tof2,4x4,lying,3006,3259,-1,3314,-1,-1,2145,3464,947,1365,1537,-1,791,978,1106,1054,1,1,1,1,0,0,1,1,1,1,1,1,1,1,1,1
2026-07-03T19:40:15.113,tof1,4x4,lying,-1,-1,-1,-1,-1,-1,370,-1,-1,-1,343,328,-1,461,329,304,0,0,0,0,0,0,1,0,0,0,1,1,0,1,1,1
2026-07-03T19:40:15.253,tof2,4x4,lying,3051,3260,-1,3314,-1,-1,-1,3464,950,1365,-1,-1,791,976,1108,1050,1,1,0,1,0,0,1,1,1,1,1,0,1,1,1,1
2026-07-03T19:40:15.297,tof1,4x4,lying,-1,-1,-1,-1,-1,-1,-1,-1,-1,-1,343,330,-1,-1,329,304,0,0,0,0,0,0,0,0,0,0,1,1,0,0,1,1
2026-07-03T19:40:15.434,tof2,4x4,lying,3051,3265,-1,3317,2117,-1,-1,3478,950,1366,1537,-1,780,978,1106,1050,1,1,1,1,1,1,0,1,1,1,1,0,1,1,1,1
2026-07-03T19:40:15.496,tof1,4x4,lying,-1,-1,-1,-1,-1,-1,-1,-1,-1,-1,344,330,-1,-1,328,304,0,0,0,0,0,0,0,0,0,0,1,1,0,0,1,1
2026-07-03T19:40:15.619,tof2,4x4,lying,-1,3265,-1,3317,-1,1485,-1,3492,950,1366,1544,-1,778,978,1109,1049,0,1,0,1,0,1,0,1,1,1,1,0,1,1,1,1
2026-07-03T19:40:15.683,tof1,4x4,lying,-1,-1,-1,-1,-1,-1,-1,-1,-1,-1,344,331,-1,-1,327,304,0,0,0,0,0,0,0,0,0,0,1,1,0,0,1,1
2026-07-03T19:40:15.796,tof2,4x4,lying,3051,3259,-1,3324,-1,-1,-1,3498,950,1377,-1,-1,778,966,1109,1044,1,1,0,1,0,0,1,1,1,1,1,0,1,1,1,1
2026-07-03T19:40:15.908,tof1,4x4,lying,-1,-1,-1,-1,-1,-1,-1,-1,-1,-1,345,330,-1,-1,327,305,0,0,0,0,0,0,0,0,0,0,1,1,0,0,1,1
2026-07-03T19:40:15.986,tof2,4x4,lying,3023,3265,-1,3317,-1,-1,2142,3498,944,1377,-1,-1,776,966,1099,1044,1,1,0,1,1,1,1,1,1,1,1,0,1,1,1,1
2026-07-03T19:40:16.096,tof1,4x4,lying,-1,-1,-1,-1,-1,-1,-1,-1,-1,-1,346,330,-1,461,327,305,0,0,0,1,0,0,0,0,0,0,1,1,0,1,1,1
2026-07-03T19:40:16.156,tof2,4x4,lying,2982,3267,-1,3317,-1,1485,2145,3517,941,1384,-1,-1,776,966,1099,1044,1,1,0,1,0,1,1,1,1,1,1,0,1,1,1,1
2026-07-03T19:40:16.268,tof1,4x4,lying,-1,-1,-1,-1,-1,-1,-1,-1,-1,-1,346,329,-1,-1,327,305,0,0,0,1,0,0,0,0,0,0,1,1,0,0,1,1
2026-07-03T19:40:16.361,tof2,4x4,lying,2982,3267,-1,3325,-1,-1,2145,3517,941,1401,1583,-1,776,960,-1,1045,1,1,0,1,0,0,1,1,1,1,1,0,1,1,1,1
2026-07-03T19:40:16.462,tof1,4x4,lying,-1,-1,-1,-1,-1,-1,-1,-1,-1,-1,346,330,-1,-1,328,305,0,0,0,0,0,0,0,0,0,0,1,1,0,0,1,1
2026-07-03T19:40:16.544,tof2,4x4,lying,2982,3267,-1,3325,-1,1494,-1,3500,938,1384,-1,-1,778,960,1099,1047,1,1,0,1,0,1,0,1,1,1,1,1,1,1,1,1
2026-07-03T19:40:16.656,tof1,4x4,lying,-1,-1,-1,-1,-1,-1,-1,-1,-1,-1,346,330,-1,-1,328,305,0,0,0,0,0,0,0,0,0,0,1,1,0,0,1,1
2026-07-03T19:40:16.753,tof2,4x4,lying,-1,3267,-1,3328,-1,1499,-1,3500,938,1364,1583,-1,778,960,1099,1047,1,1,0,1,0,1,1,1,1,1,1,0,1,1,1,1
2026-07-03T19:40:16.848,tof1,4x4,lying,-1,-1,-1,-1,-1,-1,-1,-1,-1,-1,346,329,-1,-1,329,305,0,0,0,0,0,0,0,0,0,0,1,1,0,0,1,1
2026-07-03T19:40:16.939,tof2,4x4,lying,2982,3267,-1,3328,-1,1485,-1,3500,938,1368,1567,-1,778,-1,1101,1047,1,1,0,1,1,1,1,1,1,1,1,0,1,1,1,1
2026-07-03T19:40:17.043,tof1,4x4,lying,-1,-1,-1,-1,-1,-1,-1,-1,-1,-1,345,330,-1,461,328,305,0,0,0,0,0,0,0,0,0,0,1,1,0,1,1,1
2026-07-03T19:40:17.117,tof2,4x4,lying,2966,3266,-1,3309,-1,1488,-1,3489,929,1368,1567,-1,785,-1,1103,1049,1,1,0,1,0,1,1,1,1,1,1,1,1,1,1,1
2026-07-03T19:40:17.227,tof1,4x4,lying,-1,-1,-1,-1,-1,-1,-1,-1,-1,415,345,330,-1,-1,327,305,0,0,0,0,0,0,0,0,0,1,1,1,0,0,1,1
2026-07-03T19:40:17.283,tof2,4x4,lying,-1,3260,-1,3305,-1,1489,2153,3497,929,1368,1567,-1,785,-1,1101,1049,0,1,1,1,0,1,1,1,1,1,1,0,1,1,1,1
2026-07-03T19:40:17.415,tof1,4x4,lying,-1,-1,-1,-1,-1,-1,-1,-1,-1,-1,344,329,-1,-1,327,306,0,0,0,0,0,0,0,0,0,0,1,1,0,0,1,1
2026-07-03T19:40:17.455,tof2,4x4,lying,3025,3260,3318,3309,-1,1488,-1,3489,943,1389,-1,1378,783,949,1103,1051,1,1,1,1,0,1,0,1,1,1,1,1,1,1,1,1
2026-07-03T19:40:17.571,tof1,4x4,lying,-1,-1,-1,-1,-1,-1,370,-1,-1,-1,344,329,-1,-1,326,306,0,0,0,0,0,0,1,0,0,0,1,1,0,0,1,1
2026-07-03T19:40:17.639,tof2,4x4,lying,2984,3266,-1,3302,-1,1480,2153,3489,938,1389,-1,-1,783,-1,-1,1051,1,1,0,1,0,1,1,1,1,1,1,0,1,1,1,1
2026-07-03T19:40:17.761,tof1,4x4,lying,-1,-1,-1,-1,-1,-1,370,-1,-1,415,344,329,-1,-1,326,306,0,0,0,0,0,0,1,0,0,1,1,1,0,0,1,1
2026-07-03T19:40:17.796,tof2,4x4,lying,2984,3266,-1,3309,-1,1488,2161,3496,938,1391,-1,-1,783,960,1104,1051,1,1,0,1,0,1,1,1,1,1,1,0,1,1,1,1
2026-07-03T19:40:17.935,tof1,4x4,lying,-1,-1,-1,-1,-1,-1,370,-1,-1,415,343,328,-1,-1,325,305,0,0,0,0,0,0,1,0,0,1,1,1,0,0,1,1
2026-07-03T19:40:17.984,tof2,4x4,lying,2985,3262,-1,3302,-1,1477,-1,3496,938,1404,1551,-1,783,974,1104,1046,1,1,1,1,0,1,1,1,1,1,1,0,1,1,1,1
2026-07-03T19:40:18.092,tof1,4x4,lying,3409,-1,-1,-1,-1,-1,-1,-1,-1,416,343,327,-1,-1,325,305,1,0,0,0,0,0,0,0,0,1,1,1,0,0,1,1
2026-07-03T19:40:18.270,tof1,4x4,lying,-1,-1,-1,-1,-1,-1,370,-1,-1,416,343,327,-1,461,325,305,0,0,0,0,0,0,1,0,0,1,1,1,0,1,1,1
2026-07-03T19:40:18.442,tof1,4x4,lying,-1,-1,-1,-1,-1,-1,370,-1,-1,416,343,327,-1,-1,326,305,0,0,0,0,0,0,1,0,0,1,1,1,0,0,1,1
2026-07-03T19:40:18.615,tof1,4x4,lying,-1,-1,-1,-1,-1,-1,370,-1,-1,414,343,327,-1,-1,326,305,0,0,0,0,0,0,1,0,0,1,1,1,0,0,1,1
2026-07-03T19:40:18.644,tof2,4x4,lying,2985,3262,-1,3302,2117,1477,2159,3446,938,1391,-1,-1,777,-1,1102,1050,1,1,1,1,1,1,1,1,1,1,1,0,1,1,1,1
2026-07-03T19:40:18.785,tof1,4x4,lying,-1,-1,-1,-1,-1,-1,370,-1,-1,414,343,327,-1,460,327,305,0,0,0,0,0,0,1,0,0,1,1,1,0,1,1,1
2026-07-03T19:40:18.814,tof2,4x4,lying,2984,3262,-1,3302,-1,1477,-1,3492,938,1377,-1,1294,783,974,1103,1046,1,1,1,1,0,1,0,1,1,1,1,1,1,1,1,1
2026-07-03T19:40:18.950,tof1,4x4,lying,-1,-1,-1,-1,-1,-1,370,-1,-1,414,343,328,-1,-1,326,304,0,0,0,0,0,0,1,0,0,1,1,1,0,0,1,1
2026-07-03T19:40:18.981,tof2,4x4,lying,2985,3254,-1,3303,-1,1477,2161,3492,938,1377,-1,1407,777,974,1103,1046,1,1,0,1,0,1,1,1,1,1,1,1,1,1,1,1
2026-07-03T19:40:19.124,tof1,4x4,lying,-1,-1,-1,-1,-1,-1,-1,-1,-1,-1,343,328,-1,-1,326,304,1,0,0,0,0,0,0,0,0,0,1,1,0,0,1,1
2026-07-03T19:40:19.142,tof2,4x4,lying,3013,3249,-1,3303,-1,1473,2171,3446,946,1377,-1,-1,770,976,-1,1050,1,1,0,1,0,1,1,1,1,1,1,0,1,1,1,1
2026-07-03T19:40:19.307,tof1,4x4,lying,-1,-1,-1,-1,-1,-1,-1,-1,-1,-1,344,328,-1,-1,326,304,0,0,0,0,0,0,0,0,0,0,1,1,0,0,1,1
2026-07-03T19:40:19.313,tof2,4x4,lying,2960,3254,-1,3305,-1,1477,-1,3492,946,1377,-1,-1,765,974,-1,1054,1,1,0,1,0,1,1,1,1,1,1,0,1,1,1,1
2026-07-03T19:40:19.489,tof1,4x4,lying,-1,-1,-1,-1,-1,-1,-1,-1,-1,-1,344,329,-1,-1,327,304,0,0,0,0,0,0,0,0,0,0,1,1,0,0,1,1
2026-07-03T19:40:19.504,tof2,4x4,lying,3014,3254,-1,3309,-1,1477,2180,3492,942,1376,1513,-1,765,-1,1102,1054,1,1,0,1,0,1,1,1,1,1,1,0,1,1,1,1
2026-07-03T19:40:19.682,tof1,4x4,lying,-1,-1,-1,-1,-1,-1,368,-1,-1,-1,344,329,-1,-1,326,304,0,0,0,0,0,0,1,0,0,1,1,1,0,0,1,1
2026-07-03T19:40:19.690,tof2,4x4,lying,3014,3252,-1,3309,-1,1477,-1,3475,946,1374,1513,1429,763,984,1103,1054,1,1,0,1,0,1,0,1,1,1,1,1,1,1,1,1
2026-07-03T19:40:19.899,tof1,4x4,lying,-1,-1,-1,-1,-1,-1,-1,-1,-1,412,344,329,-1,-1,326,304,1,0,0,0,0,0,0,0,0,1,1,1,0,0,1,1
2026-07-03T19:40:19.900,tof2,4x4,lying,2965,3252,-1,3309,2130,1478,-1,3461,946,1376,1513,-1,765,989,1103,1052,1,1,0,1,1,1,0,1,1,1,1,0,1,1,1,1
2026-07-03T19:40:20.078,tof2,4x4,lying,-1,3255,-1,3309,2107,1478,2180,3475,948,1379,1553,-1,766,989,1104,1043,0,1,0,1,1,1,1,1,1,1,1,0,1,1,1,1
2026-07-03T19:40:20.121,tof1,4x4,lying,-1,-1,-1,-1,-1,-1,368,-1,-1,-1,345,330,-1,-1,327,304,0,0,0,0,0,0,1,0,0,0,1,1,0,0,1,1
2026-07-03T19:40:20.301,tof2,4x4,lying,2965,3255,-1,3322,-1,1473,-1,3475,948,1379,1560,-1,766,981,1103,1043,1,1,1,1,0,1,1,1,1,1,1,0,1,1,1,1
2026-07-03T19:40:20.323,tof1,4x4,lying,-1,-1,-1,-1,-1,-1,370,-1,-1,414,345,330,-1,460,325,304,0,0,0,0,0,0,1,0,0,1,1,1,0,1,1,1
2026-07-03T19:40:20.478,tof2,4x4,lying,3000,3256,-1,3322,-1,1473,2180,3475,948,1380,1560,-1,766,981,-1,1049,1,1,0,1,0,1,1,1,1,1,1,0,1,1,1,1
2026-07-03T19:40:20.523,tof1,4x4,lying,-1,-1,-1,-1,-1,-1,-1,-1,-1,-1,345,329,-1,-1,325,304,0,0,0,0,0,0,0,0,0,0,1,1,0,0,1,1
2026-07-03T19:40:20.664,tof2,4x4,lying,2992,3260,-1,3322,-1,1478,-1,3486,948,1380,1560,-1,779,957,1104,1049,1,1,0,1,0,1,0,1,1,1,1,0,1,1,1,1
2026-07-03T19:40:20.691,tof1,4x4,lying,-1,-1,-1,-1,-1,-1,-1,-1,-1,-1,346,329,-1,-1,326,304,0,0,0,0,0,0,0,0,0,0,1,1,0,0,1,1
2026-07-03T19:40:20.908,tof2,4x4,lying,-1,3260,-1,3327,-1,1471,2182,3486,948,1380,-1,-1,766,952,-1,1052,1,1,0,1,0,1,1,1,1,1,1,0,1,1,1,1
2026-07-03T19:40:20.909,tof1,4x4,lying,-1,-1,-1,-1,-1,-1,370,-1,-1,-1,346,329,-1,-1,327,305,0,0,0,0,0,0,1,0,0,0,1,1,0,0,1,1
2026-07-03T19:40:21.094,tof2,4x4,lying,2992,3260,-1,3322,-1,-1,2182,3486,948,1392,-1,-1,766,-1,-1,1052,1,1,0,1,0,1,1,1,1,1,1,0,1,1,1,1
2026-07-03T19:40:21.134,tof1,4x4,lying,-1,-1,-1,-1,-1,-1,370,-1,-1,409,345,329,-1,-1,327,304,0,0,0,0,0,0,1,0,0,1,1,1,0,0,1,1
2026-07-03T19:40:21.265,tof2,4x4,lying,2992,3262,3310,3321,-1,1484,2180,3461,950,1370,1581,-1,780,952,1104,1052,1,1,1,1,0,1,1,1,1,1,1,0,1,1,1,1
2026-07-03T19:40:21.312,tof1,4x4,lying,-1,-1,-1,-1,-1,-1,370,-1,-1,408,345,328,-1,-1,327,304,0,0,0,0,0,0,1,0,0,1,1,1,0,0,1,1
2026-07-03T19:40:21.438,tof2,4x4,lying,2983,3262,-1,3330,2136,1484,-1,3461,942,1370,1556,-1,766,-1,1102,1052,1,1,0,1,1,1,1,1,1,1,1,1,1,1,1,1
2026-07-03T19:40:21.485,tof1,4x4,lying,-1,-1,-1,-1,-1,-1,368,-1,-1,408,343,328,-1,-1,327,304,0,0,0,0,0,0,1,0,0,1,1,1,0,0,1,1
2026-07-03T19:40:21.625,tof2,4x4,lying,2983,3258,-1,3321,-1,1484,2172,3461,939,1392,1548,-1,766,-1,1102,-1,1,1,1,1,1,1,1,1,1,1,1,0,1,1,1,1
2026-07-03T19:40:21.676,tof1,4x4,lying,-1,-1,-1,-1,-1,-1,368,-1,-1,408,343,328,-1,-1,326,305,0,0,0,0,0,0,1,0,0,1,1,1,0,0,1,1
2026-07-03T19:40:21.792,tof2,4x4,lying,2941,3257,-1,3308,-1,1484,2182,3461,939,1395,1548,-1,768,-1,1104,1051,1,1,0,1,0,1,1,1,1,1,1,0,1,1,1,1
2026-07-03T19:40:21.847,tof1,4x4,lying,-1,-1,-1,-1,-1,-1,368,-1,-1,407,342,328,-1,-1,325,305,0,0,0,0,0,0,1,0,0,1,1,1,0,0,1,1
2026-07-03T19:40:21.951,tof2,4x4,lying,2941,3258,-1,3308,-1,1484,-1,3440,945,1392,-1,-1,768,952,1105,-1,1,1,1,1,0,1,0,1,1,1,1,0,1,1,1,1
2026-07-03T19:40:22.006,tof1,4x4,lying,-1,-1,-1,-1,-1,-1,367,-1,-1,407,342,328,-1,-1,325,305,0,0,0,0,0,0,1,0,0,1,1,1,0,0,1,1
2026-07-03T19:40:22.113,tof2,4x4,lying,2966,3257,-1,3306,-1,1468,2165,3440,940,1392,1548,-1,768,-1,-1,1051,1,1,1,1,0,1,1,1,1,1,1,0,1,1,1,1
2026-07-03T19:40:22.175,tof1,4x4,lying,-1,-1,-1,-1,-1,-1,367,-1,-1,407,341,328,-1,-1,325,305,0,0,0,0,0,0,1,0,0,1,1,1,0,0,1,1
2026-07-03T19:40:22.268,tof2,4x4,lying,2991,3257,-1,3306,-1,1481,2165,3440,945,1382,1548,-1,768,957,1108,1052,1,1,0,1,0,1,1,1,1,1,1,1,1,1,1,1
2026-07-03T19:40:22.339,tof1,4x4,lying,-1,-1,-1,-1,-1,-1,367,-1,-1,407,341,328,-1,459,325,304,0,0,0,0,0,0,1,0,0,1,1,1,0,1,1,1
2026-07-03T19:40:22.434,tof2,4x4,lying,2966,3257,-1,3308,-1,1468,2172,3440,945,1375,-1,1429,770,964,1108,1052,1,1,0,1,0,1,1,1,1,1,1,1,1,1,1,1
2026-07-03T19:40:22.494,tof1,4x4,lying,-1,-1,-1,-1,-1,-1,367,-1,-1,407,341,326,-1,-1,327,303,0,0,0,0,0,0,1,0,0,1,1,1,0,0,1,1
2026-07-03T19:40:22.594,tof2,4x4,lying,2979,3258,-1,3311,-1,1468,-1,3494,943,1362,-1,-1,766,-1,1108,1052,1,1,0,1,0,1,0,1,1,1,1,0,1,1,1,1
2026-07-03T19:40:22.689,tof1,4x4,lying,-1,-1,-1,-1,-1,-1,367,-1,-1,407,341,328,-1,-1,327,303,0,0,0,0,0,0,1,0,0,1,1,1,0,0,1,1
2026-07-03T19:40:22.802,tof2,4x4,lying,2966,3261,-1,3311,-1,1474,2177,3494,940,1359,-1,-1,770,964,1108,1052,1,1,0,1,0,1,1,1,1,1,1,0,1,1,1,1
2026-07-03T19:40:22.867,tof1,4x4,lying,-1,-1,-1,-1,-1,-1,367,-1,-1,407,341,327,-1,459,327,304,0,0,0,0,0,0,1,0,0,1,1,1,0,1,1,1
2026-07-03T19:40:22.959,tof2,4x4,lying,2956,3261,3340,3311,-1,1481,2177,3456,939,1359,-1,-1,774,977,1107,1052,1,1,1,1,0,1,1,1,1,1,1,0,1,1,1,1
2026-07-03T19:40:23.034,tof1,4x4,lying,-1,-1,-1,-1,-1,-1,367,-1,-1,409,342,327,-1,-1,327,304,0,0,0,0,0,0,1,0,0,1,1,1,0,0,1,1
2026-07-03T19:40:23.117,tof2,4x4,lying,-1,3261,-1,3311,-1,1474,2177,3494,931,1359,1564,-1,775,967,1103,1050,1,1,1,1,0,1,1,1,1,1,1,0,1,1,1,1
2026-07-03T19:40:23.277,tof2,4x4,lying,2956,3261,-1,3308,-1,1482,2177,3494,931,1362,1592,-1,777,977,1107,1050,1,1,0,1,0,1,1,1,1,1,1,0,1,1,1,1
2026-07-03T19:40:23.426,tof2,4x4,lying,2947,3261,-1,3308,-1,1482,2200,3500,931,1365,1592,-1,777,-1,-1,1047,1,1,0,1,0,1,1,1,1,1,1,0,1,1,1,1
2026-07-03T19:40:23.593,tof2,4x4,lying,2921,3257,3318,3304,-1,1478,2209,3505,931,1369,1597,-1,774,-1,1103,1053,1,1,1,1,0,1,1,1,1,1,1,1,1,1,1,1
2026-07-03T19:40:23.740,tof2,4x4,lying,2921,3257,3318,3313,-1,1478,2209,3505,945,1369,-1,-1,777,967,1107,1058,1,1,1,1,0,1,1,1,1,1,1,1,1,1,1,1
2026-07-03T19:40:23.907,tof2,4x4,lying,2949,3257,-1,3315,-1,1488,-1,3500,949,1373,-1,-1,773,-1,1104,1058,1,1,0,1,0,1,1,1,1,1,1,1,1,1,1,1
2026-07-03T19:40:24.100,tof2,4x4,lying,-1,3263,-1,3315,-1,1488,-1,3480,949,1369,1606,-1,772,967,1104,1059,1,1,1,1,0,1,1,1,1,1,1,1,1,1,1,1
2026-07-03T19:40:24.271,tof2,4x4,lying,2949,3256,-1,3308,-1,1488,-1,3466,945,1373,-1,-1,773,967,1104,1059,1,1,0,1,1,1,1,1,1,1,1,0,1,1,1,1
2026-07-03T19:40:24.446,tof2,4x4,lying,3000,3258,-1,3308,-1,1488,2209,3462,940,1375,-1,-1,760,-1,1104,1056,1,1,0,1,0,1,1,1,1,1,1,0,1,1,1,1
2026-07-03T19:40:24.551,tof1,4x4,lying,-1,-1,-1,-1,-1,-1,367,-1,-1,409,342,327,-1,459,327,305,0,0,0,0,0,0,1,0,0,1,1,1,0,1,1,1
2026-07-03T19:40:24.622,tof2,4x4,lying,3000,3258,-1,3308,-1,1485,2209,3466,940,1384,1606,-1,760,969,1104,1056,1,1,0,1,1,1,1,1,1,1,1,0,1,1,1,1
2026-07-03T19:40:24.718,tof1,4x4,lying,-1,-1,-1,-1,-1,-1,367,-1,-1,-1,342,328,-1,-1,327,305,0,0,0,0,0,0,1,0,0,0,1,1,0,0,1,1
2026-07-03T19:40:24.801,tof2,4x4,lying,2996,3256,-1,3299,-1,-1,2190,3480,940,1390,1606,-1,763,969,1103,1056,1,1,1,1,0,0,1,1,1,1,1,0,1,1,1,1
2026-07-03T19:40:24.898,tof1,4x4,lying,-1,-1,-1,-1,-1,-1,367,-1,-1,-1,343,328,-1,459,327,305,0,0,0,0,0,0,1,0,0,0,1,1,0,1,1,1
2026-07-03T19:40:24.982,tof2,4x4,lying,3008,3255,-1,3308,-1,-1,-1,3486,934,1390,1606,1312,776,-1,-1,1056,1,1,0,1,0,0,0,1,1,1,1,1,1,1,1,1
2026-07-03T19:40:25.054,tof1,4x4,lying,-1,-1,-1,-1,-1,-1,369,-1,-1,408,343,329,-1,-1,327,304,0,0,0,0,0,0,1,0,0,1,1,1,0,0,1,1
2026-07-03T19:40:25.142,tof2,4x4,lying,3008,3253,-1,3305,-1,-1,-1,3486,937,1401,-1,-1,778,-1,1102,1056,1,1,0,1,0,1,1,1,1,1,1,0,1,1,1,1
2026-07-03T19:40:25.241,tof1,4x4,lying,-1,-1,-1,-1,-1,-1,-1,-1,-1,-1,344,329,-1,-1,327,305,0,0,0,1,0,0,0,0,0,0,1,1,0,0,1,1
2026-07-03T19:40:25.339,tof2,4x4,lying,2996,3253,-1,3305,-1,-1,-1,3486,948,1390,-1,-1,778,984,-1,1059,1,1,0,1,0,0,0,1,1,1,1,0,1,1,1,1
2026-07-03T19:40:25.452,tof1,4x4,lying,-1,-1,-1,-1,-1,-1,369,-1,-1,408,344,329,-1,-1,327,304,0,0,0,0,0,0,1,0,0,1,1,1,0,0,1,1
2026-07-03T19:40:25.555,tof2,4x4,lying,2993,3255,3318,3305,-1,1475,-1,3473,948,1390,1606,-1,784,984,1102,1055,1,1,1,1,0,1,0,1,1,1,1,0,1,1,1,1
2026-07-03T19:40:25.646,tof1,4x4,lying,-1,-1,-1,-1,-1,-1,371,-1,-1,408,343,329,-1,-1,327,304,0,1,0,0,0,0,1,0,0,1,1,1,0,0,1,1
2026-07-03T19:40:25.761,tof2,4x4,lying,2985,3253,3318,3315,2136,1470,-1,3462,940,1367,-1,-1,785,984,-1,1051,1,1,1,1,1,1,0,1,1,1,1,0,1,1,1,1
2026-07-03T19:40:25.826,tof1,4x4,lying,-1,-1,-1,-1,-1,-1,369,-1,-1,408,344,329,-1,-1,327,304,0,0,0,0,0,0,1,0,0,1,1,1,0,0,1,1
2026-07-03T19:40:25.951,tof2,4x4,lying,-1,3255,-1,3308,-1,1470,-1,3462,940,1399,1528,-1,785,974,-1,1047,0,1,0,1,1,1,0,1,1,1,1,1,1,1,1,1
2026-07-03T19:40:25.988,tof1,4x4,lying,-1,-1,-1,-1,-1,-1,369,-1,-1,407,343,328,-1,-1,326,304,1,0,0,0,0,0,1,0,0,1,1,1,0,0,1,1
2026-07-03T19:40:26.149,tof2,4x4,lying,2985,3257,-1,3315,-1,1470,-1,3462,948,1389,1528,-1,784,-1,1104,1049,1,1,1,1,0,1,1,1,1,1,1,0,1,1,1,1
2026-07-03T19:40:26.161,tof1,4x4,lying,-1,-1,-1,-1,-1,-1,372,-1,-1,407,343,328,-1,-1,326,303,0,0,0,0,0,0,1,0,0,1,1,1,0,0,1,1
2026-07-03T19:40:26.322,tof2,4x4,lying,-1,3257,-1,3323,-1,1473,2171,3462,940,1398,-1,-1,784,964,1104,1047,0,1,0,1,0,1,1,1,1,1,1,1,1,1,1,1
2026-07-03T19:40:26.344,tof1,4x4,lying,-1,-1,-1,-1,-1,-1,372,-1,-1,407,342,328,-1,-1,326,304,1,0,0,0,0,0,1,0,0,1,1,1,0,0,1,1
2026-07-03T19:40:26.486,tof2,4x4,lying,2985,3257,-1,3335,-1,1473,2160,3462,940,1398,-1,-1,784,964,-1,1046,1,1,1,1,0,1,1,1,1,1,1,0,1,1,1,1
2026-07-03T19:40:26.540,tof1,4x4,lying,-1,-1,-1,-1,-1,-1,371,-1,-1,407,341,327,-1,-1,326,303,0,0,0,0,0,0,1,0,0,1,1,1,0,0,1,1
2026-07-03T19:40:26.672,tof2,4x4,lying,2985,3258,-1,3337,-1,1478,2171,3467,937,1398,1521,-1,781,964,1104,1045,1,1,0,1,1,1,1,1,1,1,1,1,1,1,1,1
2026-07-03T19:40:26.732,tof1,4x4,lying,-1,-1,-1,-1,-1,-1,371,-1,-1,406,340,327,-1,-1,326,304,0,0,0,0,0,0,1,0,0,1,1,1,0,0,1,1
2026-07-03T19:40:26.834,tof2,4x4,lying,2985,3262,-1,3337,-1,1473,2175,3433,937,1396,-1,-1,781,-1,1104,1046,1,1,0,1,1,1,1,1,1,1,1,0,1,1,1,1
2026-07-03T19:40:26.897,tof1,4x4,lying,-1,-1,-1,-1,-1,-1,365,-1,-1,404,340,327,-1,-1,326,303,0,0,0,0,0,0,1,0,0,1,1,1,0,0,1,1
2026-07-03T19:40:26.988,tof2,4x4,lying,2991,3262,-1,3340,-1,1473,-1,3433,937,1396,1521,-1,781,987,1104,1046,1,1,0,1,0,1,0,1,1,1,1,1,1,1,1,1
2026-07-03T19:40:27.061,tof1,4x4,lying,-1,-1,-1,-1,-1,-1,365,-1,-1,404,341,327,-1,-1,326,304,0,0,0,0,0,0,1,0,0,1,1,1,0,0,1,1
2026-07-03T19:40:27.152,tof2,4x4,lying,2977,3260,-1,3337,2112,1473,2175,3442,941,1395,-1,-1,781,987,1104,1046,1,1,0,1,1,1,1,1,1,1,1,0,1,1,1,1
2026-07-03T19:40:27.246,tof1,4x4,lying,-1,-1,-1,-1,-1,-1,365,-1,-1,403,342,327,-1,-1,326,303,0,0,0,0,0,0,1,0,0,1,1,1,0,0,1,1
2026-07-03T19:40:27.319,tof2,4x4,lying,-1,3261,3315,3329,-1,1473,2175,3458,941,1381,1521,-1,781,-1,1102,1046,1,1,1,1,0,1,1,1,1,1,1,0,1,1,1,1
2026-07-03T19:40:27.424,tof1,4x4,lying,-1,-1,-1,-1,-1,-1,366,-1,-1,404,343,328,-1,-1,326,304,1,0,0,0,0,0,1,0,0,1,1,1,0,0,1,1
2026-07-03T19:40:27.481,tof2,4x4,lying,-1,3260,-1,3329,-1,1473,2175,3458,941,1381,-1,-1,775,-1,1104,1049,1,1,0,1,1,1,1,1,1,1,1,0,1,1,1,1
2026-07-03T19:40:27.599,tof1,4x4,lying,-1,-1,-1,-1,-1,-1,367,-1,-1,407,343,328,-1,-1,327,303,0,0,0,0,0,0,1,0,0,1,1,1,0,0,1,1
2026-07-03T19:40:27.654,tof2,4x4,lying,2977,3255,-1,3339,-1,1491,2174,3459,941,1389,1540,1312,769,987,1104,1053,1,1,0,1,0,1,1,1,1,1,1,1,1,1,1,1
2026-07-03T19:40:27.777,tof1,4x4,lying,-1,-1,-1,-1,-1,-1,-1,-1,-1,-1,343,328,-1,-1,327,304,0,0,0,0,0,0,0,0,0,0,1,1,0,0,1,1
2026-07-03T19:40:27.829,tof2,4x4,lying,2975,3255,-1,3322,-1,1491,2167,3459,935,1389,-1,-1,775,972,1104,1049,1,1,1,1,1,1,1,1,1,1,1,1,1,1,1,1
2026-07-03T19:40:27.950,tof1,4x4,lying,-1,-1,-1,-1,-1,-1,369,-1,-1,407,343,328,-1,-1,327,304,0,0,0,0,0,0,1,0,0,1,1,1,0,0,1,1
2026-07-03T19:40:28.006,tof2,4x4,lying,-1,3251,-1,3336,-1,1488,-1,3459,935,1380,-1,-1,765,955,1104,1049,1,1,0,1,0,1,1,1,1,1,1,0,1,1,1,1
2026-07-03T19:40:28.112,tof1,4x4,lying,-1,-1,-1,-1,-1,-1,369,-1,-1,407,344,329,-1,-1,327,304,0,0,0,0,0,0,1,0,0,1,1,1,0,0,1,1
2026-07-03T19:40:28.182,tof2,4x4,lying,2989,3251,-1,3338,-1,1495,2167,3488,937,1389,1540,-1,765,-1,1104,1049,1,1,1,1,0,1,1,1,1,1,1,0,1,1,1,1
2026-07-03T19:40:28.341,tof2,4x4,lying,-1,3258,-1,3336,-1,1488,2174,3488,937,1380,1540,-1,765,955,1104,1049,0,1,0,1,0,1,1,1,1,1,1,1,1,1,1,1
2026-07-03T19:40:28.390,tof1,4x4,lying,-1,-1,-1,-1,-1,-1,369,-1,-1,407,344,329,-1,-1,327,304,1,0,0,0,0,0,1,0,0,1,1,1,0,0,1,1
2026-07-03T19:40:28.509,tof2,4x4,lying,2989,3258,-1,3318,-1,1478,-1,3467,937,1380,-1,-1,774,955,1104,1044,1,1,0,1,0,1,1,1,1,1,1,0,1,1,1,1
2026-07-03T19:40:28.550,tof1,4x4,lying,-1,-1,-1,-1,-1,-1,-1,-1,-1,407,344,330,-1,-1,327,304,0,0,0,0,0,0,0,0,0,1,1,1,0,0,1,1
2026-07-03T19:40:28.696,tof2,4x4,lying,2995,3258,-1,3322,-1,1480,2176,3474,937,1380,1540,-1,774,955,1100,1047,1,1,0,1,0,1,1,1,1,1,1,0,1,1,1,1
2026-07-03T19:40:28.726,tof1,4x4,lying,-1,-1,-1,-1,-1,-1,370,-1,-1,404,344,330,-1,-1,327,305,0,0,0,0,0,0,1,0,0,1,1,1,0,0,1,1
2026-07-03T19:40:28.860,tof2,4x4,lying,2995,3263,3299,3322,-1,1480,-1,3474,937,1397,1540,-1,776,986,1100,1049,1,1,1,1,1,1,1,1,1,1,1,0,1,1,1,1
2026-07-03T19:40:29.513,tof2,4x4,lying,2998,3266,-1,3307,2112,1480,2176,3474,935,1380,-1,-1,776,988,1100,1047,1,1,0,1,1,1,1,1,1,1,1,0,1,1,1,1
2026-07-03T19:40:29.529,tof1,4x4,lying,-1,-1,-1,-1,-1,-1,-1,-1,-1,-1,344,331,-1,-1,328,304,0,0,0,0,0,0,0,0,0,0,1,1,0,0,1,1
2026-07-03T19:40:29.671,tof2,4x4,lying,3017,3266,-1,3307,-1,1485,-1,3474,918,1380,1515,-1,783,986,-1,1047,1,1,0,1,1,1,1,1,1,1,1,1,1,1,1,1
2026-07-03T19:40:29.706,tof1,4x4,lying,-1,-1,-1,-1,-1,-1,370,-1,-1,404,343,331,-1,-1,328,304,1,0,0,0,0,0,1,0,0,1,1,1,0,0,1,1
2026-07-03T19:40:29.837,tof2,4x4,lying,3017,3269,-1,3317,-1,1485,2176,3474,918,1378,-1,-1,776,986,1100,1053,1,1,0,1,1,1,1,1,1,1,1,0,1,1,1,1
2026-07-03T19:40:29.879,tof1,4x4,lying,-1,-1,-1,-1,-1,-1,370,-1,-1,403,343,330,-1,-1,328,304,0,0,0,0,0,0,1,0,0,1,1,1,0,0,1,1
2026-07-03T19:40:29.999,tof2,4x4,lying,3028,3270,-1,3307,-1,1485,2179,3473,937,1378,-1,-1,783,958,1106,1053,1,1,0,1,1,1,1,1,1,1,1,0,1,1,1,1
2026-07-03T19:40:30.056,tof1,4x4,lying,-1,-1,-1,-1,-1,-1,370,-1,-1,403,343,330,-1,-1,328,304,0,0,0,0,0,0,1,0,0,1,1,1,0,0,1,1
2026-07-03T19:40:30.162,tof2,4x4,lying,3028,3266,-1,3307,-1,1485,2198,3473,929,1378,-1,-1,783,-1,1106,1053,1,1,0,1,0,1,1,1,1,1,1,0,1,1,1,1
2026-07-03T19:40:30.238,tof1,4x4,lying,-1,-1,-1,-1,-1,-1,367,-1,-1,403,343,330,-1,-1,328,304,0,0,0,0,0,0,1,0,0,1,1,1,0,0,1,1
2026-07-03T19:40:30.345,tof2,4x4,lying,3028,3268,-1,3306,-1,1480,2174,3455,937,1378,-1,-1,783,-1,1106,1053,1,1,0,1,0,1,1,1,1,1,1,0,1,1,1,1
2026-07-03T19:40:30.398,tof1,4x4,lying,-1,-1,-1,-1,-1,-1,367,-1,-1,407,343,328,-1,-1,329,303,1,0,0,0,0,0,1,0,0,1,1,1,0,0,1,1
2026-07-03T19:40:30.526,tof2,4x4,lying,3038,3270,-1,3309,-1,1480,-1,3455,939,1384,1565,-1,785,-1,1104,1052,1,1,0,1,0,1,1,1,1,1,1,1,1,1,1,1
2026-07-03T19:40:30.562,tof1,4x4,lying,-1,-1,-1,-1,-1,-1,366,-1,-1,404,342,328,-1,-1,329,304,0,0,0,0,0,0,1,0,0,1,1,1,0,0,1,1
2026-07-03T19:40:30.684,tof2,4x4,lying,-1,3268,-1,3308,-1,1482,2174,3473,943,1384,1565,-1,785,949,1102,1051,1,1,0,1,0,1,1,1,1,1,1,1,1,1,1,1
2026-07-03T19:40:30.741,tof1,4x4,lying,-1,-1,-1,-1,-1,-1,366,-1,-1,405,342,328,-1,-1,327,303,0,0,0,0,0,0,1,0,0,1,1,1,0,0,1,1
2026-07-03T19:40:30.872,tof2,4x4,lying,3033,3262,-1,3309,2112,1482,-1,3483,950,1380,1622,-1,780,949,1102,1051,1,1,0,1,1,1,1,1,1,1,1,0,1,1,1,1
2026-07-03T19:40:30.897,tof1,4x4,lying,-1,-1,-1,-1,-1,-1,366,-1,-1,405,342,328,-1,459,327,303,0,0,0,0,0,0,1,0,0,1,1,1,0,1,1,1
2026-07-03T19:40:31.059,tof2,4x4,lying,2958,3262,-1,3309,-1,1479,2174,3483,955,1380,-1,-1,770,957,1102,1051,1,1,0,1,1,1,1,1,1,1,1,0,1,1,1,1
2026-07-03T19:40:31.075,tof1,4x4,lying,-1,-1,-1,-1,-1,-1,366,-1,-1,405,342,328,-1,-1,327,304,0,0,0,0,0,0,1,0,0,1,1,1,0,0,1,1
2026-07-03T19:40:31.253,tof2,4x4,lying,2958,3262,-1,3309,-1,1479,2168,3489,955,1384,-1,-1,761,957,1101,1048,1,1,0,1,0,1,1,1,1,1,1,0,1,1,1,1
2026-07-03T19:40:31.356,tof1,4x4,lying,-1,-1,-1,-1,-1,-1,366,-1,-1,405,343,328,-1,-1,327,304,0,0,0,0,0,0,1,0,0,1,1,1,0,0,1,1
2026-07-03T19:40:31.422,tof2,4x4,lying,2974,3256,-1,3321,-1,1475,2168,3489,950,1380,-1,-1,761,957,1105,1048,1,1,1,1,0,1,1,1,1,1,1,0,1,1,1,1
2026-07-03T19:40:31.534,tof1,4x4,lying,-1,-1,-1,-1,-1,-1,366,-1,-1,405,343,328,-1,-1,327,304,0,0,0,0,0,0,1,0,0,1,1,1,0,0,1,1
2026-07-03T19:40:31.584,tof2,4x4,lying,2974,3256,-1,3324,-1,1474,2168,3497,950,1380,-1,-1,761,958,-1,1045,1,1,0,1,0,1,1,1,1,1,1,1,1,1,1,1
2026-07-03T19:40:31.697,tof1,4x4,lying,-1,-1,-1,-1,-1,-1,-1,-1,-1,-1,343,329,-1,-1,327,304,1,0,0,0,0,0,0,0,0,0,1,1,0,0,1,1
2026-07-03T19:40:31.754,tof2,4x4,lying,2974,3256,-1,-1,-1,1474,-1,3497,939,1390,-1,-1,769,975,1107,1045,1,1,0,1,0,1,1,1,1,1,1,0,1,1,1,1
2026-07-03T19:40:31.885,tof1,4x4,lying,-1,-1,-1,-1,-1,-1,366,-1,-1,-1,343,328,-1,-1,327,304,0,0,0,0,0,0,1,0,0,0,1,1,0,0,1,1
2026-07-03T19:40:31.918,tof2,4x4,lying,2994,3258,-1,3321,-1,1475,2159,3500,939,1374,1549,-1,776,983,1107,1046,1,1,0,1,0,1,1,1,1,1,1,0,1,1,1,1
2026-07-03T19:40:32.039,tof1,4x4,lying,-1,-1,-1,-1,-1,-1,-1,-1,-1,405,343,328,-1,-1,328,304,0,0,0,0,0,0,0,0,0,1,1,1,0,0,1,1
2026-07-03T19:40:32.089,tof2,4x4,lying,2994,3258,-1,3321,-1,1482,2177,3497,942,1374,1549,-1,781,983,1107,1051,1,1,0,1,0,1,1,1,1,1,1,0,1,1,1,1
2026-07-03T19:40:32.202,tof1,4x4,lying,-1,-1,-1,-1,-1,-1,367,-1,-1,-1,344,328,-1,-1,328,303,0,0,0,0,0,0,1,0,0,0,1,1,0,0,1,1
2026-07-03T19:40:32.276,tof2,4x4,lying,3012,3258,-1,3321,-1,1487,-1,3497,942,1374,1531,-1,776,983,1109,1046,1,1,0,1,0,1,0,1,1,1,1,0,1,1,1,1
2026-07-03T19:40:32.380,tof1,4x4,lying,-1,-1,-1,-1,-1,-1,368,-1,-1,-1,343,329,-1,-1,327,303,0,0,0,0,0,0,1,0,0,0,1,1,0,0,1,1
2026-07-03T19:40:32.541,tof1,4x4,lying,-1,-1,-1,-1,-1,-1,-1,-1,-1,405,344,329,-1,-1,327,303,0,0,0,0,0,0,0,0,0,1,1,1,0,0,1,1
2026-07-03T19:40:32.678,tof2,4x4,lying,2994,3258,-1,3321,-1,1495,-1,3470,942,1389,-1,-1,780,-1,1108,1048,1,1,0,1,0,1,1,1,1,1,1,0,1,1,1,1
2026-07-03T19:40:32.711,tof1,4x4,lying,-1,-1,-1,-1,-1,-1,-1,-1,-1,-1,344,329,-1,459,327,303,0,0,0,0,0,0,0,0,0,0,1,1,0,1,1,1
2026-07-03T19:40:32.849,tof2,4x4,lying,2994,3258,-1,3318,-1,1495,2177,3492,-1,1382,1542,-1,780,983,1108,1048,1,1,0,1,0,1,1,1,0,1,1,0,1,1,1,1
2026-07-03T19:40:32.894,tof1,4x4,lying,-1,-1,-1,-1,-1,-1,-1,-1,-1,408,345,329,-1,-1,327,304,0,0,0,0,0,0,0,0,0,1,1,1,0,0,1,1
2026-07-03T19:40:33.026,tof2,4x4,lying,2991,3258,-1,3317,-1,1495,-1,3490,942,1382,1542,-1,779,950,1108,1048,1,1,0,1,0,1,1,1,1,1,1,0,1,1,1,1
2026-07-03T19:40:33.056,tof1,4x4,lying,-1,-1,-1,-1,-1,-1,-1,-1,-1,-1,345,329,-1,-1,327,304,0,0,0,0,0,0,0,0,0,0,1,1,0,0,1,1
2026-07-03T19:40:33.236,tof2,4x4,lying,2998,3261,3299,3317,-1,1480,2153,3490,947,1382,-1,-1,772,950,-1,1046,1,1,1,1,0,1,1,1,1,1,1,0,1,1,1,1
2026-07-03T19:40:33.245,tof1,4x4,lying,-1,-1,-1,-1,-1,-1,368,-1,-1,408,345,329,-1,-1,329,304,0,0,0,0,0,0,1,0,0,1,1,1,0,0,1,1
2026-07-03T19:40:33.425,tof2,4x4,lying,2998,3261,-1,3317,-1,1480,-1,3490,943,1382,1542,-1,773,946,1102,1048,1,1,0,1,0,1,1,1,1,1,1,1,1,1,1,1
2026-07-03T19:40:33.439,tof1,4x4,lying,-1,-1,-1,-1,-1,-1,-1,-1,-1,-1,345,329,-1,-1,329,304,0,0,0,0,0,0,0,0,0,0,1,1,0,0,1,1
2026-07-03T19:40:33.618,tof1,4x4,lying,-1,-1,-1,-1,-1,-1,368,-1,-1,-1,345,329,-1,-1,328,304,0,0,0,0,0,0,1,0,0,0,1,1,0,0,1,1
2026-07-03T19:40:33.624,tof2,4x4,lying,2998,3258,-1,3316,-1,1466,2153,3490,947,1382,1551,-1,773,946,1100,1048,1,1,0,1,1,1,1,1,1,1,1,1,1,1,1,1
2026-07-03T19:40:33.776,tof1,4x4,lying,-1,-1,-1,-1,-1,-1,369,-1,-1,408,345,329,-1,-1,328,304,0,0,0,0,0,0,1,0,0,1,1,1,0,0,1,1
2026-07-03T19:40:33.923,tof2,4x4,lying,2998,3252,-1,-1,2105,1466,-1,2860,943,1413,1551,-1,773,-1,-1,1045,1,1,0,1,1,1,1,1,1,1,1,0,1,1,1,1
2026-07-03T19:40:33.970,tof1,4x4,lying,-1,-1,-1,-1,-1,-1,369,-1,-1,405,345,329,-1,-1,328,304,0,0,0,0,0,0,1,0,0,1,1,1,0,0,1,1
2026-07-03T19:40:34.126,tof2,4x4,lying,3005,3252,-1,3314,-1,1466,-1,2845,943,1413,-1,-1,783,955,-1,1049,1,1,0,1,0,1,0,1,1,1,1,1,1,1,1,1
2026-07-03T19:40:34.145,tof1,4x4,lying,-1,-1,-1,-1,-1,-1,369,-1,-1,405,345,329,-1,-1,328,304,0,0,0,0,0,0,1,0,0,1,1,1,0,0,1,1
2026-07-03T19:40:34.284,tof2,4x4,lying,3020,3251,-1,3314,-1,1466,-1,2860,938,1381,1551,-1,784,955,1100,1052,1,1,0,1,0,1,0,1,1,1,1,0,1,1,1,1
2026-07-03T19:40:34.327,tof1,4x4,lying,-1,-1,-1,-1,-1,-1,367,-1,-1,404,345,329,-1,-1,327,304,0,0,0,0,0,0,1,0,0,1,1,1,0,0,1,1
2026-07-03T19:40:34.472,tof2,4x4,lying,3020,3243,-1,3314,-1,1466,2173,2845,934,1413,-1,-1,784,-1,1102,1053,1,1,0,1,0,1,1,1,1,1,1,1,1,1,1,1
2026-07-03T19:40:34.524,tof1,4x4,lying,3409,-1,-1,-1,-1,-1,367,-1,-1,404,344,329,-1,-1,328,304,1,0,0,1,0,0,1,0,0,1,1,1,0,0,1,1
2026-07-03T19:40:34.641,tof2,4x4,lying,3020,3243,-1,3316,-1,1468,-1,2843,933,1396,1551,1257,783,955,1102,1049,1,1,1,1,0,1,1,1,1,1,1,1,1,1,1,1
2026-07-03T19:40:34.685,tof1,4x4,lying,-1,-1,-1,-1,-1,-1,367,-1,-1,404,344,329,-1,457,327,304,1,0,0,0,0,0,1,0,0,1,1,1,0,1,1,1
2026-07-03T19:40:34.797,tof2,4x4,lying,2997,3257,-1,3322,-1,1468,2173,2843,933,1380,1551,1257,779,-1,1099,1053,1,1,1,1,0,1,1,1,1,1,1,1,1,1,1,1
2026-07-03T19:40:34.869,tof1,4x4,lying,-1,-1,-1,-1,-1,-1,367,-1,-1,404,344,328,-1,-1,327,304,0,0,0,0,0,0,1,0,0,1,1,1,0,0,1,1
2026-07-03T19:40:34.963,tof2,4x4,lying,2997,3258,-1,3322,-1,1473,2179,3450,933,1380,-1,-1,778,955,1100,1053,1,1,1,1,0,1,1,1,1,1,1,1,1,1,1,1
2026-07-03T19:40:35.045,tof1,4x4,lying,-1,-1,-1,-1,-1,-1,364,-1,-1,404,344,328,-1,-1,327,303,0,0,0,0,0,0,1,0,0,1,1,1,0,0,1,1
2026-07-03T19:40:35.133,tof2,4x4,lying,2991,3261,-1,3322,-1,1473,2179,3502,934,1380,-1,-1,778,955,1100,1048,1,1,1,1,1,1,1,1,1,1,1,1,1,1,1,1
2026-07-03T19:40:35.210,tof1,4x4,lying,-1,-1,-1,-1,-1,-1,367,-1,-1,404,343,328,-1,-1,328,304,0,0,0,0,0,0,1,0,0,1,1,1,0,0,1,1
2026-07-03T19:40:35.281,tof2,4x4,lying,-1,3267,3315,3322,-1,1476,2173,3502,932,1368,1551,1257,778,955,1099,1048,1,1,1,1,1,1,1,1,1,1,1,1,1,1,1,1
2026-07-03T19:40:35.391,tof1,4x4,lying,-1,-1,-1,-1,-1,-1,366,-1,-1,405,343,328,-1,457,328,304,0,0,0,0,0,0,1,0,0,1,1,1,0,1,1,1
2026-07-03T19:40:35.459,tof2,4x4,lying,2990,3267,-1,3322,-1,1473,2165,3502,937,1368,1562,-1,778,987,1099,1053,1,1,0,1,0,1,1,1,1,1,1,1,1,1,1,1
2026-07-03T19:40:35.558,tof1,4x4,lying,-1,-1,-1,-1,-1,-1,-1,-1,-1,406,344,328,-1,-1,328,304,0,0,0,0,0,0,0,0,0,1,1,1,0,0,1,1
2026-07-03T19:40:35.630,tof2,4x4,lying,-1,3267,-1,3305,-1,1473,2165,3459,-1,1368,-1,-1,778,987,-1,1047,0,1,0,1,0,1,1,1,0,1,1,0,1,1,1,1
2026-07-03T19:40:35.720,tof1,4x4,lying,-1,-1,-1,-1,-1,-1,367,-1,-1,-1,344,328,-1,-1,328,304,0,0,0,0,0,0,1,0,0,0,1,1,0,0,1,1
2026-07-03T19:40:35.788,tof2,4x4,lying,2990,3268,-1,3305,-1,-1,-1,3459,937,1367,1606,1412,780,-1,1099,1047,1,1,0,1,0,0,1,1,1,1,1,1,1,1,1,1
2026-07-03T19:40:35.898,tof1,4x4,lying,-1,-1,-1,-1,-1,-1,367,-1,-1,406,344,330,-1,-1,327,305,0,0,0,0,0,0,1,0,0,1,1,1,0,0,1,1
2026-07-03T19:40:35.958,tof2,4x4,lying,2991,3257,-1,3305,-1,-1,2165,3459,937,1379,-1,-1,-1,987,1099,1047,1,1,1,1,0,0,1,1,1,1,1,0,1,1,1,1
2026-07-03T19:40:36.065,tof1,4x4,lying,-1,-1,-1,-1,-1,-1,367,-1,-1,406,345,330,-1,-1,327,304,0,0,0,0,0,0,1,0,0,1,1,1,0,0,1,1
2026-07-03T19:40:36.145,tof2,4x4,lying,2990,3253,-1,3322,-1,-1,-1,3459,937,1381,1562,-1,780,985,1099,1044,1,1,0,1,1,1,0,1,1,1,1,0,1,1,1,1
2026-07-03T19:40:36.224,tof1,4x4,lying,-1,-1,-1,-1,-1,-1,367,-1,-1,407,344,330,-1,-1,327,304,0,0,0,0,0,0,1,0,0,1,1,1,0,0,1,1
2026-07-03T19:40:36.324,tof2,4x4,lying,2991,3251,-1,3322,-1,-1,-1,3468,942,1381,-1,-1,780,977,-1,1042,1,1,0,1,0,1,0,1,1,1,1,0,1,1,1,1
2026-07-03T19:40:36.392,tof1,4x4,lying,-1,-1,-1,-1,-1,-1,367,-1,-1,-1,344,330,-1,-1,330,304,0,0,0,0,0,0,1,0,0,0,1,1,0,0,1,1
2026-07-03T19:40:36.493,tof2,4x4,lying,2995,3241,-1,3322,-1,-1,2171,3468,942,1381,1562,1412,780,953,1102,1042,1,1,0,1,1,0,1,1,1,1,1,1,1,1,1,1
2026-07-03T19:40:36.588,tof1,4x4,lying,-1,-1,-1,-1,-1,-1,-1,-1,-1,-1,344,330,-1,-1,330,304,0,0,0,0,0,0,0,0,0,0,1,1,0,0,1,1
2026-07-03T19:40:36.698,tof2,4x4,lying,2991,3241,-1,3316,-1,-1,-1,3471,957,1381,-1,-1,786,977,1104,1044,1,1,1,1,1,1,0,1,1,1,1,0,1,1,1,1
2026-07-03T19:40:36.770,tof1,4x4,lying,-1,-1,-1,-1,-1,-1,-1,-1,-1,407,344,330,-1,-1,330,304,0,0,0,0,0,0,0,0,0,1,1,1,0,0,1,1
2026-07-03T19:40:36.850,tof2,4x4,lying,2995,3251,-1,3316,-1,-1,2186,3471,957,1400,-1,-1,786,982,1107,1049,1,1,0,1,1,1,1,1,1,1,1,0,1,1,1,1
2026-07-03T19:40:36.949,tof1,4x4,lying,-1,-1,-1,-1,-1,-1,367,-1,-1,407,344,330,-1,457,329,305,0,0,0,0,0,0,1,0,0,1,1,1,0,1,1,1
2026-07-03T19:40:37.020,tof2,4x4,lying,-1,3256,-1,3315,2112,-1,-1,3471,945,1400,1606,-1,789,981,1107,1049,1,1,0,1,1,0,1,1,1,1,1,0,1,1,1,1
2026-07-03T19:40:37.138,tof1,4x4,lying,-1,-1,-1,-1,-1,-1,366,-1,-1,408,344,330,-1,-1,329,305,0,0,0,0,0,0,1,0,0,1,1,1,0,0,1,1
2026-07-03T19:40:37.201,tof2,4x4,lying,2997,3256,-1,3313,-1,1485,2195,3481,945,1387,-1,-1,786,-1,-1,1049,1,1,0,1,0,1,1,1,1,1,1,0,1,1,1,1
2026-07-03T19:40:37.313,tof1,4x4,lying,-1,-1,-1,-1,-1,-1,-1,-1,-1,403,344,330,-1,-1,329,304,0,0,0,0,0,0,0,0,0,1,1,1,0,0,1,1
2026-07-03T19:40:37.386,tof2,4x4,lying,2997,3264,-1,3313,-1,-1,-1,3519,950,-1,1556,-1,781,981,-1,1047,1,1,0,1,0,1,0,1,1,1,1,0,1,1,1,1
2026-07-03T19:40:37.488,tof1,4x4,lying,-1,-1,-1,-1,-1,-1,-1,-1,-1,-1,344,330,-1,-1,328,305,0,0,0,0,0,0,0,0,0,0,1,1,0,0,1,1
2026-07-03T19:40:37.706,tof2,4x4,lying,2997,3260,-1,3313,-1,1485,2195,3481,945,1387,1509,-1,777,-1,1107,1045,1,1,0,1,1,1,1,1,1,1,1,1,1,1,1,1
2026-07-03T19:40:37.728,tof1,4x4,lying,-1,-1,-1,-1,-1,-1,366,-1,-1,-1,344,330,-1,-1,328,304,0,0,0,0,0,0,1,0,0,0,1,1,0,0,1,1
2026-07-03T19:40:37.938,tof2,4x4,lying,3011,3260,-1,3313,-1,1485,2202,3470,940,1414,1556,1412,779,981,1107,1045,1,1,0,1,1,1,1,1,1,1,1,1,1,1,1,1
2026-07-03T19:40:37.941,tof1,4x4,lying,-1,-1,-1,-1,-1,-1,367,-1,-1,403,344,330,-1,-1,327,303,0,0,0,0,0,0,1,0,0,1,1,1,0,0,1,1
2026-07-03T19:40:38.349,tof1,4x4,lying,-1,-1,-1,-1,-1,-1,367,-1,-1,405,344,329,-1,-1,327,303,0,0,0,0,0,0,1,0,0,1,1,1,0,0,1,1
2026-07-03T19:40:38.375,tof2,4x4,lying,2997,3260,-1,3328,-1,1485,2202,3470,940,1387,1558,-1,779,981,-1,1045,1,1,0,1,0,1,1,1,1,1,1,0,1,1,1,1
2026-07-03T19:40:38.543,tof2,4x4,lying,3004,3260,3319,3335,-1,1489,-1,3470,936,1378,-1,-1,779,981,1104,1050,1,1,1,1,1,1,0,1,1,1,1,0,1,1,1,1
2026-07-03T19:40:38.561,tof1,4x4,lying,-1,-1,-1,-1,-1,-1,367,-1,-1,405,343,328,-1,-1,326,303,0,0,0,0,0,0,1,0,0,1,1,1,0,0,1,1
2026-07-03T19:40:38.723,tof2,4x4,lying,3004,3254,-1,3335,-1,1489,2202,3470,936,1378,1509,-1,779,982,1104,1050,1,1,0,1,0,1,1,1,1,1,1,0,1,1,1,1
2026-07-03T19:40:38.884,tof2,4x4,lying,2986,3252,3319,3334,-1,1488,2140,3497,936,1378,-1,-1,779,982,1103,1053,1,1,1,1,0,1,1,1,1,1,1,0,1,1,1,1
2026-07-03T19:40:39.054,tof2,4x4,lying,2986,3252,3319,3334,-1,1480,-1,3497,942,1378,-1,-1,775,-1,1103,1053,1,1,1,1,0,1,1,1,1,1,1,1,1,1,1,1
2026-07-03T19:40:39.202,tof2,4x4,lying,2986,3251,-1,3330,-1,1488,2162,3501,945,1378,1528,-1,773,982,1103,1050,1,1,1,1,1,1,1,1,1,1,1,0,1,1,1,1
2026-07-03T19:40:39.375,tof2,4x4,lying,2986,3251,-1,3330,-1,1475,2162,3497,945,1374,1558,-1,773,973,1105,1050,1,1,0,1,0,1,1,1,1,1,1,0,1,1,1,1
2026-07-03T19:40:39.545,tof2,4x4,lying,2986,3256,3314,3330,-1,1475,-1,3489,943,1357,-1,-1,773,973,1103,1050,1,1,1,1,0,1,1,1,1,1,1,1,1,1,1,1
2026-07-03T19:40:39.658,tof1,4x4,lying,-1,-1,-1,-1,-1,-1,367,-1,-1,405,343,328,-1,-1,326,303,0,0,0,0,0,0,1,0,0,1,1,1,0,0,1,1
2026-07-03T19:40:39.710,tof2,4x4,lying,3004,3256,-1,3330,-1,1467,-1,3489,943,1357,1559,-1,773,-1,1102,1044,1,1,0,1,0,1,0,1,1,1,1,0,1,1,1,1
2026-07-03T19:40:39.840,tof1,4x4,lying,-1,-1,-1,-1,-1,-1,368,-1,-1,406,343,328,-1,-1,326,303,1,0,0,0,0,0,1,0,0,1,1,1,0,0,1,1
2026-07-03T19:40:39.880,tof2,4x4,lying,2992,3256,-1,3330,-1,1475,-1,3489,937,1357,-1,-1,773,965,1100,1044,1,1,1,1,1,1,1,1,1,1,1,0,1,1,1,1
2026-07-03T19:40:40.018,tof1,4x4,lying,-1,-1,-1,-1,-1,-1,368,-1,-1,406,343,329,-1,-1,328,304,0,0,0,0,0,0,1,0,0,1,1,1,0,0,1,1
2026-07-03T19:40:40.062,tof2,4x4,lying,2992,3259,-1,3330,-1,1471,2162,3477,937,1359,-1,-1,779,973,1100,1055,1,1,0,1,1,1,1,1,1,1,1,1,1,1,1,1
2026-07-03T19:40:40.207,tof1,4x4,lying,-1,-1,-1,-1,-1,-1,368,-1,-1,-1,344,329,-1,-1,328,304,0,0,0,0,0,0,1,0,0,0,1,1,0,0,1,1
2026-07-03T19:40:40.227,tof2,4x4,lying,2992,3259,-1,3322,-1,1471,2162,3489,937,1370,1528,-1,773,-1,1100,1055,1,1,0,1,0,1,1,1,1,1,1,0,1,1,1,1
2026-07-03T19:40:40.369,tof1,4x4,lying,-1,-1,-1,-1,-1,-1,369,-1,-1,405,344,329,-1,-1,328,304,0,0,0,0,0,0,1,0,0,1,1,1,0,0,1,1
2026-07-03T19:40:40.392,tof2,4x4,lying,2992,3259,3314,3320,-1,1481,2162,3468,937,1370,1563,-1,781,-1,-1,1055,1,1,1,1,0,1,1,1,1,1,1,1,1,1,1,1
2026-07-03T19:40:40.525,tof1,4x4,lying,-1,-1,-1,-1,-1,-1,369,-1,-1,-1,345,329,-1,-1,328,304,0,0,0,0,0,0,1,0,0,0,1,1,0,0,1,1
2026-07-03T19:40:40.569,tof2,4x4,lying,2992,3259,-1,3322,-1,1481,2154,3468,938,1373,1563,-1,779,975,1100,1055,1,1,0,1,1,1,1,1,1,1,1,0,1,1,1,1
2026-07-03T19:40:40.706,tof1,4x4,lying,-1,-1,-1,-1,-1,-1,-1,-1,-1,405,344,329,-1,-1,328,304,0,0,0,0,0,0,0,0,0,1,1,1,0,0,1,1
2026-07-03T19:40:40.750,tof2,4x4,lying,2987,3259,-1,3319,-1,1471,-1,3483,938,1373,1563,-1,781,975,1100,1059,1,1,0,1,0,1,1,1,1,1,1,0,1,1,1,1
2026-07-03T19:40:40.936,tof2,4x4,lying,2987,3256,-1,3318,-1,1474,-1,3486,938,1367,-1,-1,783,-1,1100,1050,1,1,0,1,1,1,1,1,1,1,1,1,1,1,1,1
2026-07-03T19:40:40.977,tof1,4x4,lying,-1,-1,-1,-1,-1,-1,-1,-1,-1,405,345,329,-1,-1,328,304,0,0,0,0,0,0,0,0,0,1,1,1,0,0,1,1
2026-07-03T19:40:41.108,tof2,4x4,lying,2987,3255,-1,3317,-1,1474,2154,3483,925,1367,-1,-1,783,-1,1100,1050,1,1,0,1,0,1,1,1,1,1,1,0,1,1,1,1
2026-07-03T19:40:41.178,tof1,4x4,lying,-1,-1,-1,-1,-1,-1,372,-1,-1,405,345,329,-1,-1,328,304,1,0,0,0,0,0,1,0,0,1,1,1,0,0,1,1
2026-07-03T19:40:41.284,tof2,4x4,lying,2987,3255,-1,3317,-1,1471,-1,3486,936,1376,-1,-1,780,961,1104,1053,1,1,1,1,1,1,0,1,1,1,1,0,1,1,1,1
2026-07-03T19:40:41.493,tof1,4x4,lying,-1,-1,-1,-1,-1,-1,372,-1,-1,405,345,329,-1,-1,328,304,0,0,0,0,0,0,1,0,0,1,1,1,0,0,1,1
2026-07-03T19:40:41.592,tof2,4x4,lying,2987,3255,-1,-1,-1,1474,-1,3486,936,1379,1541,-1,780,975,1104,1053,1,1,0,1,0,1,1,1,1,1,1,0,1,1,1,1
2026-07-03T19:40:41.675,tof1,4x4,lying,-1,-1,-1,-1,-1,-1,372,-1,-1,405,345,329,-1,-1,329,304,0,0,0,0,0,0,1,0,0,1,1,1,0,0,1,1
2026-07-03T19:40:41.763,tof2,4x4,lying,2990,3260,3314,3311,-1,1474,-1,3516,936,1379,-1,-1,780,974,1108,1051,1,1,1,1,0,1,1,1,1,1,1,0,1,1,1,1
2026-07-03T19:40:41.832,tof1,4x4,lying,-1,-1,-1,-1,-1,-1,366,-1,-1,405,345,329,-1,-1,329,304,0,0,0,0,0,0,1,0,0,1,1,1,0,0,1,1
2026-07-03T19:40:41.948,tof2,4x4,lying,2990,3263,-1,3311,-1,1476,2145,3529,936,1379,-1,1344,780,-1,1108,1053,1,1,0,1,0,1,1,1,1,1,1,1,1,1,1,1
2026-07-03T19:40:42.011,tof1,4x4,lying,-1,-1,-1,-1,-1,-1,366,-1,-1,405,344,329,-1,-1,329,304,0,0,0,0,0,0,1,0,0,1,1,1,0,0,1,1
2026-07-03T19:40:42.125,tof2,4x4,lying,2990,3265,-1,3311,-1,1475,2154,3529,939,1377,1541,-1,781,-1,1108,1053,1,1,0,1,0,1,1,1,1,1,1,1,1,1,1,1
2026-07-03T19:40:42.300,tof2,4x4,lying,2990,3265,-1,3306,-1,1478,2168,3516,939,1375,1484,-1,781,974,1105,1053,1,1,0,1,0,1,1,1,1,1,1,0,1,1,1,1
2026-07-03T19:40:42.405,tof1,4x4,lying,-1,-1,-1,-1,-1,-1,366,-1,-1,404,343,329,-1,-1,329,304,1,0,0,0,0,0,1,0,0,1,1,1,0,0,1,1
2026-07-03T19:40:42.452,tof2,4x4,lying,2990,3263,-1,3306,-1,1475,2168,3508,941,1371,-1,-1,785,980,1105,1053,1,1,0,1,0,1,1,1,1,1,1,0,1,1,1,1
2026-07-03T19:40:42.572,tof1,4x4,lying,-1,-1,-1,-1,-1,-1,366,-1,-1,404,343,329,-1,-1,328,304,1,0,0,0,0,0,1,0,0,1,1,1,0,0,1,1
2026-07-03T19:40:42.641,tof2,4x4,lying,3053,3263,-1,3323,-1,1478,2168,3493,941,1371,1484,-1,781,980,1101,1053,1,1,0,1,0,1,1,1,1,1,1,0,1,1,1,1
2026-07-03T19:40:42.733,tof1,4x4,lying,-1,-1,-1,-1,-1,-1,365,-1,-1,403,343,329,-1,-1,327,304,0,0,0,0,0,0,1,0,0,1,1,1,0,0,1,1
2026-07-03T19:40:42.826,tof2,4x4,lying,-1,3260,3341,3323,-1,1478,2168,3476,938,1371,1484,-1,772,-1,-1,1051,1,1,1,1,0,1,1,1,1,1,1,1,1,1,1,1
2026-07-03T19:40:42.946,tof1,4x4,lying,-1,-1,-1,-1,-1,-1,366,-1,-1,403,343,328,-1,454,327,304,0,0,0,0,0,0,1,0,0,1,1,1,0,1,1,1
2026-07-03T19:40:42.985,tof2,4x4,lying,3053,3258,3344,3346,-1,1478,-1,3460,938,1369,1521,-1,763,974,-1,1047,1,1,1,1,1,1,0,1,1,1,1,0,1,1,1,1
2026-07-03T19:40:43.123,tof1,4x4,lying,-1,-1,-1,-1,-1,-1,366,-1,-1,403,342,328,-1,-1,327,304,0,0,0,0,0,0,1,0,0,1,1,1,0,0,1,1
2026-07-03T19:40:43.162,tof2,4x4,lying,3037,3258,-1,3346,-1,1478,2151,3460,951,1366,1558,-1,772,-1,1101,1047,1,1,0,1,1,1,1,1,1,1,1,1,1,1,1,1
2026-07-03T19:40:43.299,tof1,4x4,lying,-1,-1,-1,-1,-1,-1,365,-1,-1,404,342,329,-1,-1,328,304,0,0,0,0,0,0,1,0,0,1,1,1,0,0,1,1
2026-07-03T19:40:43.355,tof2,4x4,lying,3037,3260,-1,3314,-1,1480,2151,3476,951,-1,1589,-1,771,962,1105,1048,1,1,0,1,0,1,1,1,1,1,1,0,1,1,1,1
2026-07-03T19:40:43.472,tof1,4x4,lying,-1,-1,-1,-1,-1,-1,365,-1,-1,402,342,329,-1,-1,329,304,0,0,0,0,0,0,1,0,0,1,1,1,0,0,1,1
2026-07-03T19:40:43.548,tof2,4x4,lying,3023,3258,-1,3314,-1,1480,-1,3476,951,1366,-1,-1,772,-1,1109,1048,1,1,1,1,0,1,1,1,1,1,1,0,1,1,1,1
2026-07-03T19:40:43.941,tof2,4x4,lying,3009,3266,3344,3325,-1,1468,2151,3481,951,1369,-1,-1,779,-1,1109,1048,1,1,1,1,0,1,1,1,1,1,1,0,1,1,1,1
2026-07-03T19:40:44.284,tof2,4x4,lying,3014,3266,-1,3324,-1,1468,-1,3506,944,1369,-1,-1,779,960,1109,1048,1,1,0,1,1,1,0,1,1,1,1,1,1,1,1,1
2026-07-03T19:40:44.484,tof2,4x4,lying,-1,3255,-1,3325,-1,1468,-1,3506,937,1398,1562,-1,778,952,1109,1048,0,1,0,1,0,1,0,1,1,1,1,1,1,1,1,1
2026-07-03T19:40:44.971,tof1,4x4,lying,-1,-1,-1,-1,-1,-1,365,-1,-1,404,342,329,-1,-1,329,304,0,0,0,0,0,0,1,0,0,1,1,1,0,0,1,1
2026-07-03T19:40:44.992,tof2,4x4,lying,3009,3255,-1,3328,-1,1468,2151,3479,937,1398,1562,-1,778,960,-1,1046,1,1,0,1,0,1,1,1,1,1,1,1,1,1,1,1
2026-07-03T19:40:45.164,tof1,4x4,lying,-1,-1,-1,-1,-1,-1,365,-1,-1,402,342,329,-1,448,329,304,0,0,0,0,0,0,1,0,0,1,1,1,0,1,1,1
2026-07-03T19:40:45.200,tof2,4x4,lying,3009,3252,-1,3328,-1,1468,2182,3479,934,1398,-1,-1,778,960,1103,1046,1,1,0,1,1,1,1,1,1,1,1,0,1,1,1,1
2026-07-03T19:40:45.594,tof2,4x4,lying,3012,3252,3344,3328,-1,1476,-1,3479,937,1397,1562,-1,778,960,-1,1042,1,1,1,1,0,1,0,1,1,1,1,0,1,1,1,1
2026-07-03T19:40:45.605,tof1,4x4,lying,-1,-1,-1,-1,-1,-1,365,-1,-1,404,343,329,-1,-1,328,304,0,0,0,0,0,0,1,0,0,1,1,1,0,0,1,1
2026-07-03T19:40:45.770,tof2,4x4,lying,3014,3251,-1,3328,-1,1476,2189,3479,935,1397,-1,-1,789,970,1103,1042,1,1,0,1,0,1,1,1,1,1,1,0,1,1,1,1
2026-07-03T19:40:45.827,tof1,4x4,lying,-1,-1,-1,-1,-1,-1,-1,-1,-1,404,343,329,-1,-1,328,303,0,0,0,0,0,0,0,0,0,1,1,1,0,0,1,1
2026-07-03T19:40:45.953,tof2,4x4,lying,3031,3252,-1,3333,-1,1481,2182,3479,948,1390,1562,-1,789,970,1104,1046,1,1,0,1,0,1,1,1,1,1,1,0,1,1,1,1
2026-07-03T19:40:46.024,tof1,4x4,lying,-1,-1,-1,-1,-1,-1,365,-1,-1,404,342,328,-1,-1,328,304,0,0,0,0,0,0,1,0,0,1,1,1,0,0,1,1
2026-07-03T19:40:46.127,tof2,4x4,lying,3039,3252,-1,3325,-1,1481,-1,3514,935,1387,1562,-1,789,-1,1104,1047,1,1,0,1,0,1,0,1,1,1,1,0,1,1,1,1
2026-07-03T19:40:46.199,tof1,4x4,lying,-1,-1,-1,-1,-1,-1,367,-1,-1,404,342,327,-1,-1,328,304,0,0,0,0,0,0,1,0,0,1,1,1,0,0,1,1
2026-07-03T19:40:46.282,tof2,4x4,lying,3049,3260,-1,3325,-1,1481,2182,3514,946,1379,-1,-1,788,964,1104,1045,1,1,0,1,0,1,1,1,1,1,1,0,1,1,1,1
2026-07-03T19:40:46.393,tof1,4x4,lying,-1,-1,-1,-1,-1,-1,367,-1,-1,404,342,327,-1,-1,328,304,0,0,0,0,0,0,1,0,0,1,1,1,0,0,1,1
2026-07-03T19:40:46.448,tof2,4x4,lying,3049,3252,-1,3334,-1,1474,-1,3488,939,1372,-1,-1,786,959,1104,1047,1,1,1,1,0,1,0,1,1,1,1,0,1,1,1,1
2026-07-03T19:40:46.559,tof1,4x4,lying,-1,-1,-1,-1,-1,-1,367,-1,-1,404,342,328,-1,-1,328,304,0,0,0,0,0,0,1,0,0,1,1,1,0,0,1,1
2026-07-03T19:40:46.623,tof2,4x4,lying,3039,3260,-1,3334,-1,1474,2180,3510,946,1372,-1,-1,785,-1,1104,1048,1,1,0,1,1,1,1,1,1,1,1,0,1,1,1,1
2026-07-03T19:40:46.739,tof1,4x4,lying,-1,-1,-1,-1,-1,-1,364,-1,-1,403,342,327,-1,-1,327,304,1,0,0,0,0,0,1,0,0,1,1,1,0,0,1,1
2026-07-03T19:40:46.805,tof2,4x4,lying,-1,3260,-1,3325,-1,1471,2180,3488,946,1369,-1,-1,785,956,-1,1048,1,1,0,1,0,1,1,1,1,1,1,0,1,1,1,1
2026-07-03T19:40:46.928,tof1,4x4,lying,-1,-1,-1,-1,-1,-1,367,-1,-1,402,342,327,-1,-1,327,304,0,0,0,0,0,0,1,0,0,1,1,1,0,0,1,1
2026-07-03T19:40:46.968,tof2,4x4,lying,2999,3260,-1,3307,-1,1471,-1,3488,946,1369,1544,-1,785,953,1107,1048,1,1,0,1,1,1,1,1,1,1,1,1,1,1,1,1
2026-07-03T19:40:47.085,tof1,4x4,lying,-1,-1,-1,-1,-1,-1,364,-1,-1,403,341,328,-1,-1,325,303,0,0,0,0,0,0,1,0,0,1,1,1,0,0,1,1
2026-07-03T19:40:47.143,tof2,4x4,lying,-1,3257,-1,3301,-1,1475,2180,3496,943,1369,-1,1344,783,953,1107,1049,1,1,0,1,1,1,1,1,1,1,1,1,1,1,1,1
2026-07-03T19:40:47.267,tof1,4x4,lying,-1,-1,-1,-1,-1,-1,364,-1,-1,402,341,328,-1,-1,325,303,0,0,0,0,0,0,1,0,0,1,1,1,0,0,1,1
2026-07-03T19:40:47.355,tof2,4x4,lying,2999,3266,-1,3301,-1,1475,-1,3496,947,1369,-1,-1,773,953,1106,1048,1,1,0,1,1,1,1,1,1,1,1,0,1,1,1,1
2026-07-03T19:40:47.435,tof1,4x4,lying,-1,-1,-1,-1,-1,-1,364,-1,-1,402,341,328,-1,-1,327,303,0,0,0,0,0,0,1,0,0,1,1,1,0,0,1,1
2026-07-03T19:40:47.543,tof2,4x4,lying,-1,3257,-1,3307,-1,1475,2180,3496,947,1361,1563,-1,773,953,1106,1049,1,1,0,1,0,1,1,1,1,1,1,0,1,1,1,1
2026-07-03T19:40:47.594,tof1,4x4,lying,-1,-1,-1,-1,-1,-1,363,-1,-1,400,342,328,-1,-1,327,303,0,0,0,0,0,0,1,0,0,1,1,1,0,0,1,1
2026-07-03T19:40:47.714,tof2,4x4,lying,-1,3255,3344,3313,-1,1475,-1,3496,943,1378,1563,-1,771,972,1106,1049,1,1,1,1,1,1,1,1,1,1,1,0,1,1,1,1
2026-07-03T19:40:47.775,tof1,4x4,lying,-1,-1,-1,-1,-1,-1,363,-1,-1,398,342,328,-1,-1,327,303,0,0,0,0,0,0,1,0,0,1,1,1,0,0,1,1
2026-07-03T19:40:47.879,tof2,4x4,lying,2996,3257,-1,3321,-1,1475,-1,3473,943,1371,1563,-1,761,972,1101,1049,1,1,1,1,0,1,1,1,1,1,1,0,1,1,1,1
2026-07-03T19:40:47.948,tof1,4x4,lying,-1,-1,-1,-1,-1,-1,364,-1,-1,398,342,328,-1,-1,327,304,0,0,0,0,0,0,1,0,0,1,1,1,0,0,1,1
2026-07-03T19:40:48.052,tof2,4x4,lying,2996,3260,-1,3324,-1,1473,2191,3473,942,1371,-1,-1,771,975,1101,1049,1,1,0,1,0,1,1,1,1,1,1,1,1,1,1,1
2026-07-03T19:40:48.124,tof1,4x4,lying,-1,-1,-1,-1,-1,-1,365,-1,-1,400,343,328,-1,-1,328,304,1,0,0,0,0,0,1,0,0,1,1,1,0,0,1,1
2026-07-03T19:40:48.225,tof2,4x4,lying,2960,3255,-1,3321,-1,1475,2191,3476,935,1366,1563,-1,778,975,1097,1049,1,1,0,1,0,1,1,1,1,1,1,1,1,1,1,1
2026-07-03T19:40:48.313,tof1,4x4,lying,-1,-1,-1,-1,-1,-1,365,-1,-1,400,343,327,-1,-1,327,304,1,0,0,0,0,0,1,0,0,1,1,1,0,0,1,1
2026-07-03T19:40:48.399,tof2,4x4,lying,2960,3255,-1,3313,-1,1472,2122,3476,935,1371,-1,-1,771,951,1095,1050,1,1,0,1,1,1,1,1,1,1,1,0,1,1,1,1
2026-07-03T19:40:48.488,tof1,4x4,lying,-1,-1,-1,-1,-1,-1,-1,-1,-1,400,344,328,-1,-1,328,304,0,0,0,0,0,0,0,0,0,1,1,1,0,0,1,1
2026-07-03T19:40:48.582,tof2,4x4,lying,2960,3255,-1,3321,-1,1475,-1,3476,935,1371,1563,-1,778,951,1095,1049,1,1,0,1,1,1,1,1,1,1,1,0,1,1,1,1
2026-07-03T19:40:48.659,tof1,4x4,lying,-1,-1,-1,-1,-1,-1,367,-1,-1,400,344,328,-1,-1,328,304,0,0,0,0,0,0,1,0,0,1,1,1,0,0,1,1
2026-07-03T19:40:48.739,tof2,4x4,lying,2960,3255,-1,3308,-1,1481,2122,3504,940,1366,1549,-1,778,956,1097,1049,1,1,0,1,0,1,1,1,1,1,1,0,1,1,1,1
2026-07-03T19:40:48.819,tof1,4x4,lying,-1,-1,-1,-1,-1,-1,367,-1,-1,403,344,328,-1,-1,328,304,0,0,0,0,0,0,1,0,0,1,1,1,0,0,1,1
2026-07-03T19:40:48.908,tof2,4x4,lying,-1,3254,-1,3308,-1,1481,2184,3504,940,1375,1566,-1,778,-1,1095,1049,1,1,0,1,1,1,1,1,1,1,1,0,1,1,1,1
2026-07-03T19:40:49.004,tof1,4x4,lying,-1,-1,-1,-1,-1,-1,367,-1,-1,-1,345,328,-1,-1,328,304,0,0,0,0,0,0,1,0,0,0,1,1,0,0,1,1
2026-07-03T19:40:49.092,tof2,4x4,lying,2960,3254,-1,3315,-1,1481,-1,3470,940,1391,-1,-1,767,951,-1,1046,1,1,0,1,0,1,1,1,1,1,1,1,1,1,1,1
2026-07-03T19:40:49.270,tof2,4x4,lying,2987,3254,-1,3323,-1,1482,-1,3470,940,1375,1566,-1,783,-1,1097,1046,1,1,0,1,0,1,0,1,1,1,1,0,1,1,1,1
2026-07-03T19:40:49.428,tof2,4x4,lying,2995,3270,-1,3324,-1,1482,-1,3480,940,1363,1605,-1,775,956,1098,1046,1,1,1,1,1,1,0,1,1,1,1,0,1,1,1,1
2026-07-03T19:40:49.612,tof2,4x4,lying,2995,3251,3335,3331,-1,1474,-1,3470,945,1380,1605,-1,775,982,-1,1049,1,1,1,1,0,1,0,1,1,1,1,0,1,1,1,1
2026-07-03T19:40:49.813,tof2,4x4,lying,-1,3251,-1,3324,-1,1482,-1,3480,945,1374,-1,-1,774,982,-1,1049,1,1,0,1,0,1,0,1,1,1,1,0,1,1,1,1
2026-07-03T19:40:49.999,tof2,4x4,lying,3002,3251,-1,3324,-1,1474,-1,3501,945,1374,-1,-1,775,982,-1,1050,1,1,0,1,0,1,1,1,1,1,1,1,1,1,1,1
2026-07-03T19:40:50.184,tof2,4x4,lying,3024,3251,-1,3331,2119,1474,2184,3503,945,1380,1605,-1,775,-1,-1,1051,1,1,0,1,1,1,1,1,1,1,1,0,1,1,1,1
2026-07-03T19:40:50.213,tof1,4x4,lying,-1,-1,-1,-1,-1,-1,-1,-1,-1,403,345,328,-1,-1,328,304,0,0,0,0,0,0,0,0,0,1,1,1,0,0,1,1
2026-07-03T19:40:50.351,tof2,4x4,lying,-1,3251,-1,3331,-1,1474,-1,3503,945,1380,1576,-1,774,982,-1,1052,0,1,0,1,0,1,0,1,1,1,1,1,1,1,1,1
2026-07-03T19:40:50.419,tof1,4x4,lying,-1,-1,-1,-1,-1,-1,367,-1,-1,403,345,328,-1,-1,328,304,0,0,0,0,0,0,1,0,0,1,1,1,0,0,1,1
2026-07-03T19:40:50.532,tof2,4x4,lying,3024,3264,-1,3323,-1,1479,2184,3517,945,1391,1576,-1,787,959,1098,1052,1,1,0,1,0,1,1,1,1,1,1,0,1,1,1,1
2026-07-03T19:40:50.592,tof1,4x4,lying,-1,-1,-1,-1,-1,-1,365,-1,-1,403,345,328,-1,-1,327,304,0,0,0,0,0,0,1,0,0,1,1,1,0,0,1,1
2026-07-03T19:40:50.735,tof2,4x4,lying,-1,3264,-1,3325,-1,1472,2184,3503,947,1391,1574,-1,787,959,1098,1051,1,1,1,1,0,1,1,1,1,1,1,0,1,1,1,1
2026-07-03T19:40:50.749,tof1,4x4,lying,-1,-1,-1,-1,-1,-1,365,-1,-1,403,345,328,-1,-1,327,304,0,0,0,0,0,0,1,0,0,1,1,1,0,0,1,1
2026-07-03T19:40:50.954,tof2,4x4,lying,3024,3264,-1,3325,-1,1472,2154,3503,947,1385,-1,-1,788,952,-1,1051,1,1,0,1,0,1,1,1,1,1,1,1,1,1,1,1
2026-07-03T19:40:50.962,tof1,4x4,lying,-1,-1,-1,-1,-1,-1,365,-1,-1,403,343,328,-1,-1,326,304,0,0,0,0,0,0,1,0,0,1,1,1,0,0,1,1
2026-07-03T19:40:51.134,tof2,4x4,lying,3024,3264,-1,3325,-1,1469,2154,3495,947,1380,-1,-1,782,952,1100,1053,1,1,0,1,1,1,1,1,1,1,1,0,1,1,1,1
2026-07-03T19:40:51.145,tof1,4x4,lying,-1,-1,-1,-1,-1,-1,365,-1,-1,402,343,327,-1,-1,326,304,0,0,0,0,0,0,1,0,0,1,1,1,0,0,1,1
2026-07-03T19:40:51.285,tof2,4x4,lying,3024,3265,-1,3323,-1,1468,-1,3450,938,1374,1552,-1,782,956,-1,1044,1,1,0,1,0,1,1,1,1,1,1,0,1,1,1,1
2026-07-03T19:40:51.349,tof1,4x4,lying,-1,-1,-1,-1,-1,-1,366,-1,-1,400,343,327,-1,-1,328,304,0,0,0,0,0,0,1,0,0,1,1,1,0,0,1,1
2026-07-03T19:40:51.462,tof2,4x4,lying,2983,3259,-1,3322,-1,1468,2154,3450,933,1369,1558,-1,782,970,1110,1045,1,1,0,1,0,1,1,1,1,1,1,1,1,1,1,1
2026-07-03T19:40:51.533,tof1,4x4,lying,-1,-1,-1,-1,-1,-1,366,-1,-1,400,342,327,-1,-1,328,304,0,0,0,0,0,0,1,0,0,1,1,1,0,0,1,1
2026-07-03T19:40:51.630,tof2,4x4,lying,3016,3259,-1,3317,-1,1469,-1,2826,933,1369,-1,-1,-1,964,-1,1051,1,1,1,1,0,1,1,1,1,1,1,0,1,1,1,1
2026-07-03T19:40:51.709,tof1,4x4,lying,-1,-1,-1,-1,-1,-1,364,-1,-1,400,342,328,-1,-1,328,304,0,0,0,0,0,0,1,0,0,1,1,1,0,0,1,1
2026-07-03T19:40:51.802,tof2,4x4,lying,2983,3274,-1,3317,-1,1470,-1,3450,937,1374,1558,-1,784,983,1104,1051,1,1,0,1,0,1,1,1,1,1,1,0,1,1,1,1
2026-07-03T19:40:51.883,tof1,4x4,lying,-1,-1,-1,-1,-1,-1,363,-1,-1,400,342,328,-1,-1,328,303,0,0,0,0,1,0,1,0,0,1,1,1,0,0,1,1
2026-07-03T19:40:51.963,tof2,4x4,lying,2983,3274,-1,3315,2074,1482,-1,3473,935,1374,-1,-1,781,964,1109,1051,1,1,0,1,1,1,0,1,1,1,1,0,1,1,1,1
2026-07-03T19:40:52.055,tof1,4x4,lying,-1,-1,-1,-1,-1,-1,363,-1,-1,400,343,328,-1,-1,328,303,0,0,0,0,0,0,1,0,0,1,1,1,0,0,1,1
2026-07-03T19:40:52.138,tof2,4x4,lying,2981,3259,-1,3310,-1,1490,2183,3473,935,1376,1558,-1,781,-1,1109,1051,1,1,0,1,0,1,1,1,1,1,1,0,1,1,1,1
2026-07-03T19:40:52.218,tof1,4x4,lying,-1,-1,-1,-1,-1,-1,363,-1,-1,401,343,329,-1,-1,327,304,0,0,0,0,0,0,1,0,0,1,1,1,0,0,1,1
2026-07-03T19:40:52.307,tof2,4x4,lying,3016,3261,-1,3309,-1,1490,-1,3470,937,1385,1561,-1,781,977,1106,1051,1,1,0,1,0,1,0,1,1,1,1,1,1,1,1,1
2026-07-03T19:40:52.373,tof1,4x4,lying,-1,-1,-1,-1,-1,-1,367,-1,-1,401,343,328,-1,-1,326,303,0,0,0,0,0,0,1,0,0,1,1,1,0,0,1,1
2026-07-03T19:40:52.473,tof2,4x4,lying,3016,3268,-1,3305,-1,1490,2183,3473,937,1385,1566,1344,781,977,1104,1046,1,1,1,1,0,1,1,1,1,1,1,1,1,1,1,1
2026-07-03T19:40:52.554,tof1,4x4,lying,-1,-1,-1,-1,-1,-1,367,-1,-1,401,343,329,-1,-1,326,304,1,0,0,0,0,0,1,0,0,1,1,1,0,0,1,1
2026-07-03T19:40:52.654,tof2,4x4,lying,3016,3261,-1,3299,-1,1490,2199,3470,944,1376,1566,-1,781,977,1106,1046,1,1,1,1,0,1,1,1,1,1,1,0,1,1,1,1
2026-07-03T19:40:52.730,tof1,4x4,lying,-1,-1,-1,-1,-1,-1,367,-1,-1,401,344,328,-1,-1,326,304,1,0,0,0,0,0,1,0,0,1,1,1,0,0,1,1
2026-07-03T19:40:52.810,tof2,4x4,lying,3003,3261,-1,3299,-1,1482,-1,3469,944,1369,1561,-1,782,-1,1106,1046,1,1,0,1,0,1,1,1,1,1,1,0,1,1,1,1
2026-07-03T19:40:52.906,tof1,4x4,lying,-1,-1,-1,-1,-1,-1,366,-1,-1,401,344,329,-1,-1,327,304,0,0,0,0,0,0,1,0,0,1,1,1,0,0,1,1
2026-07-03T19:40:52.970,tof2,4x4,lying,3032,3261,-1,3309,-1,1482,-1,3470,944,1369,1558,-1,782,951,1106,1046,1,1,0,1,0,1,1,1,1,1,1,0,1,1,1,1
2026-07-03T19:40:53.080,tof1,4x4,lying,-1,-1,-1,-1,-1,-1,366,-1,-1,401,344,329,-1,-1,327,304,0,0,0,0,0,0,1,0,0,1,1,1,0,0,1,1
2026-07-03T19:40:53.122,tof2,4x4,lying,3003,3262,-1,3324,-1,1482,-1,3484,944,1362,1556,-1,782,977,-1,1051,1,1,0,1,1,1,0,1,1,1,1,0,1,1,1,1
2026-07-03T19:40:53.255,tof1,4x4,lying,-1,-1,-1,-1,-1,-1,366,-1,-1,402,344,329,-1,-1,327,304,0,0,0,0,0,0,1,0,0,1,1,1,0,0,1,1
2026-07-03T19:40:53.302,tof2,4x4,lying,2991,3261,-1,3326,-1,1501,2183,3462,923,1369,1556,-1,-1,984,1108,1054,1,1,0,1,0,1,1,1,1,1,1,0,1,1,1,1
2026-07-03T19:40:53.416,tof1,4x4,lying,-1,-1,-1,-1,-1,-1,-1,-1,-1,402,344,329,-1,-1,328,304,0,0,0,0,0,0,0,0,0,1,1,1,0,0,1,1
2026-07-03T19:40:53.470,tof2,4x4,lying,2985,3262,-1,3326,-1,1482,2182,3484,923,1376,-1,-1,774,951,1108,1054,1,1,1,1,0,1,1,1,1,1,1,0,1,1,1,1
2026-07-03T19:40:53.577,tof1,4x4,lying,-1,-1,-1,-1,-1,-1,367,-1,-1,402,344,329,-1,-1,327,304,0,0,0,0,0,0,1,0,0,1,1,1,0,0,1,1
2026-07-03T19:40:53.626,tof2,4x4,lying,2991,3262,3335,3332,2119,1489,2182,3491,923,1376,1548,-1,774,949,-1,1054,1,1,1,1,1,1,1,1,1,1,1,0,1,1,1,1
2026-07-03T19:40:53.743,tof1,4x4,lying,-1,-1,-1,-1,-1,-1,367,-1,-1,401,344,329,-1,-1,327,303,0,0,0,0,0,0,1,0,0,1,1,1,0,0,1,1
2026-07-03T19:40:53.800,tof2,4x4,lying,-1,3257,-1,3332,-1,1489,2182,3491,925,1376,1545,-1,774,-1,1102,1056,1,1,0,1,0,1,1,1,1,1,1,0,1,1,1,1
2026-07-03T19:40:53.908,tof1,4x4,lying,-1,-1,-1,-1,-1,-1,367,-1,-1,401,344,329,-1,-1,327,304,0,0,0,0,0,0,1,0,0,1,1,1,0,0,1,1
2026-07-03T19:40:53.984,tof2,4x4,lying,-1,3257,-1,-1,-1,1488,2159,3479,933,1396,1527,-1,774,984,-1,1054,0,1,0,1,1,1,1,1,1,1,1,0,1,1,1,1
2026-07-03T19:40:54.090,tof1,4x4,lying,-1,-1,-1,-1,-1,-1,366,-1,-1,401,344,329,-1,-1,327,303,1,0,0,0,0,0,1,0,0,1,1,1,0,0,1,1
2026-07-03T19:40:54.135,tof2,4x4,lying,2985,3259,-1,3332,-1,1460,2182,3491,933,1396,-1,-1,783,-1,1101,1054,1,1,0,1,0,1,1,1,1,1,1,0,1,1,1,1
2026-07-03T19:40:54.245,tof1,4x4,lying,-1,-1,-1,-1,-1,-1,366,-1,-1,401,344,329,-1,-1,326,303,1,0,0,0,0,0,1,0,0,1,1,1,0,0,1,1
2026-07-03T19:40:54.300,tof2,4x4,lying,-1,3257,-1,3312,-1,1464,2197,3508,941,1396,-1,-1,-1,954,1102,1043,1,1,0,1,0,1,1,1,1,1,1,0,1,1,1,1
2026-07-03T19:40:54.410,tof1,4x4,lying,-1,-1,-1,-1,-1,-1,366,-1,-1,401,343,329,-1,-1,326,303,0,0,0,0,0,0,1,0,0,1,1,1,0,0,1,1
2026-07-03T19:40:54.462,tof2,4x4,lying,-1,3258,-1,3312,-1,1464,2197,3494,941,1396,-1,-1,783,954,1102,1043,0,1,0,1,1,1,1,1,1,1,1,0,1,1,1,1
2026-07-03T19:40:54.595,tof1,4x4,lying,-1,-1,-1,-1,-1,-1,364,-1,-1,401,343,328,-1,-1,326,303,0,0,0,0,0,0,1,0,0,1,1,1,0,0,1,1
2026-07-03T19:40:54.638,tof2,4x4,lying,2990,3259,-1,3309,-1,1464,2200,3494,934,1380,-1,-1,783,956,1104,1043,1,1,1,1,0,1,1,1,1,1,1,0,1,1,1,1
2026-07-03T19:40:54.778,tof1,4x4,lying,-1,-1,-1,-1,-1,-1,364,-1,-1,401,343,329,-1,454,325,303,0,1,0,0,0,0,1,0,0,1,1,1,0,1,1,1
2026-07-03T19:40:54.826,tof2,4x4,lying,2985,3259,-1,3309,-1,1470,-1,3494,934,1373,1527,1344,785,-1,-1,1050,1,1,1,1,0,1,0,1,1,1,1,1,1,1,1,1
2026-07-03T19:40:54.945,tof1,4x4,lying,-1,-1,-1,-1,-1,-1,364,-1,-1,399,343,329,-1,-1,325,303,0,0,0,0,0,0,1,0,0,1,1,1,0,0,1,1
2026-07-03T19:40:55.048,tof2,4x4,lying,2989,3266,-1,3309,-1,1477,2203,3476,934,1373,1527,-1,783,974,1104,1051,1,1,0,1,1,1,1,1,1,1,1,0,1,1,1,1
2026-07-03T19:40:55.113,tof1,4x4,lying,-1,-1,-1,-1,-1,-1,363,-1,-1,399,343,327,-1,-1,326,303,0,0,0,0,0,0,1,0,0,1,1,1,0,0,1,1
2026-07-03T19:40:55.223,tof2,4x4,lying,2989,3266,-1,3309,-1,1486,-1,3476,929,1373,-1,-1,787,-1,1108,1055,1,1,1,1,1,1,1,1,1,1,1,0,1,1,1,1
2026-07-03T19:40:55.273,tof1,4x4,lying,-1,-1,-1,-1,-1,-1,363,-1,-1,399,343,329,-1,-1,326,304,0,0,0,0,0,0,1,0,0,1,1,1,0,0,1,1
2026-07-03T19:40:55.384,tof2,4x4,lying,-1,3266,3335,3322,2119,1486,2203,3444,929,1385,1529,-1,773,974,1104,1055,1,1,1,1,1,1,1,1,1,1,1,0,1,1,1,1
2026-07-03T19:40:55.436,tof1,4x4,lying,-1,-1,-1,-1,-1,-1,365,-1,-1,400,343,329,-1,448,326,304,0,0,0,0,0,0,1,0,0,1,1,1,0,1,1,1
2026-07-03T19:40:55.548,tof2,4x4,lying,2989,3256,-1,3322,-1,1488,2200,3444,935,1385,-1,-1,773,981,1104,1056,1,1,0,1,0,1,1,1,1,1,1,0,1,1,1,1
2026-07-03T19:40:55.628,tof1,4x4,lying,-1,-1,-1,-1,-1,-1,363,-1,-1,399,343,330,-1,-1,327,305,0,0,0,0,0,0,1,0,0,1,1,1,0,0,1,1
2026-07-03T19:40:55.719,tof2,4x4,lying,2989,3256,-1,3322,2074,1504,2195,3483,935,1385,-1,-1,773,974,1109,1056,1,1,1,1,1,1,1,1,1,1,1,0,1,1,1,1
2026-07-03T19:40:55.786,tof1,4x4,lying,-1,-1,-1,-1,-1,-1,364,-1,-1,400,343,329,-1,-1,327,305,0,0,0,0,0,0,1,0,0,1,1,1,0,0,1,1
2026-07-03T19:40:55.873,tof2,4x4,lying,2998,3256,-1,3322,2057,1488,2151,3505,939,1390,1529,-1,773,974,1109,1056,1,1,0,1,1,1,1,1,1,1,1,0,1,1,1,1
2026-07-03T19:40:55.940,tof1,4x4,lying,-1,-1,-1,-1,-1,-1,365,-1,-1,400,343,329,-1,-1,327,304,0,0,0,1,0,0,1,0,0,1,1,1,0,0,1,1
2026-07-03T19:40:56.039,tof2,4x4,lying,2998,3256,-1,3323,2057,1478,2151,3505,939,1383,-1,-1,773,971,1107,1056,1,1,0,1,1,1,1,1,1,1,1,0,1,1,1,1
2026-07-03T19:40:56.108,tof1,4x4,lying,-1,-1,-1,-1,-1,-1,367,-1,-1,400,344,329,-1,-1,327,303,0,0,0,0,0,0,1,0,0,1,1,1,0,0,1,1
2026-07-03T19:40:56.217,tof2,4x4,lying,-1,3265,-1,3323,-1,1501,-1,3505,941,1377,1529,-1,775,971,1107,1056,1,1,0,1,1,1,1,1,1,1,1,1,1,1,1,1
2026-07-03T19:40:56.271,tof1,4x4,lying,-1,-1,-1,-1,-1,-1,367,-1,-1,401,344,329,-1,-1,328,303,0,0,0,0,0,0,1,0,0,1,1,1,0,0,1,1
2026-07-03T19:40:56.395,tof2,4x4,lying,2975,3265,-1,3327,-1,1477,2151,3505,941,1377,-1,-1,775,962,1107,1052,1,1,0,1,0,1,1,1,1,1,1,0,1,1,1,1
2026-07-03T19:40:56.469,tof1,4x4,lying,-1,-1,-1,-1,-1,-1,367,-1,-1,401,344,329,-1,-1,329,303,0,0,0,0,0,0,1,0,0,1,1,1,0,0,1,1
2026-07-03T19:40:56.553,tof2,4x4,lying,2975,3271,3335,3323,-1,1467,2197,3479,941,1373,1552,-1,784,971,1102,1051,1,1,1,1,0,1,1,1,1,1,1,0,1,1,1,1
2026-07-03T19:40:56.640,tof1,4x4,lying,-1,-1,-1,-1,-1,-1,367,-1,-1,401,344,330,-1,446,327,303,0,0,1,0,0,0,1,0,0,1,1,1,0,1,1,1
2026-07-03T19:40:56.725,tof2,4x4,lying,2975,3258,-1,3320,-1,1477,2197,3444,941,1373,-1,1376,784,-1,1102,1050,1,1,1,1,0,1,1,1,1,1,1,1,1,1,1,1
2026-07-03T19:40:56.799,tof1,4x4,lying,-1,-1,-1,-1,-1,-1,367,-1,-1,401,344,330,-1,-1,329,305,0,0,0,0,0,0,1,0,0,1,1,1,0,0,1,1
2026-07-03T19:40:56.887,tof2,4x4,lying,2975,3258,3348,3314,-1,1467,2197,3479,949,1377,-1,-1,777,-1,-1,1050,1,1,1,1,0,1,1,1,1,1,1,0,1,1,1,1
2026-07-03T19:40:56.961,tof1,4x4,lying,-1,-1,-1,-1,-1,-1,367,-1,-1,401,344,330,-1,-1,329,305,0,0,0,0,0,0,1,0,0,1,1,1,0,0,1,1
2026-07-03T19:40:57.048,tof2,4x4,lying,2975,3258,-1,3320,-1,1467,2189,3475,949,1385,1506,-1,770,971,1102,1050,1,1,0,1,1,1,1,1,1,1,1,0,1,1,1,1
2026-07-03T19:40:57.121,tof1,4x4,lying,-1,-1,-1,-1,-1,-1,367,-1,-1,401,344,329,-1,-1,327,305,0,0,0,0,0,0,1,0,0,1,1,1,0,0,1,1
2026-07-03T19:40:57.201,tof2,4x4,lying,2973,3265,-1,3320,-1,-1,2189,3444,941,1413,1506,-1,777,963,1102,-1,1,1,0,1,0,1,1,1,1,1,1,1,1,1,1,1
2026-07-03T19:40:57.281,tof1,4x4,lying,-1,-1,-1,-1,-1,-1,365,-1,-1,403,344,329,-1,-1,327,304,0,0,0,0,0,0,1,0,0,1,1,1,0,0,1,1
2026-07-03T19:40:57.365,tof2,4x4,lying,2971,3258,-1,3320,-1,1467,2189,3475,941,1413,-1,-1,777,961,-1,1052,1,1,0,1,0,1,1,1,1,1,1,0,1,1,1,1
2026-07-03T19:40:57.477,tof1,4x4,lying,-1,-1,-1,-1,-1,-1,365,-1,-1,403,344,329,-1,446,327,304,0,0,0,0,0,0,1,0,0,1,1,1,0,1,1,1
2026-07-03T19:40:57.546,tof2,4x4,lying,2971,3255,-1,3330,-1,1476,-1,3481,-1,1413,-1,-1,770,963,1102,1055,1,1,0,1,0,1,1,1,0,1,1,1,1,1,1,1
2026-07-03T19:40:57.660,tof1,4x4,lying,-1,-1,-1,-1,-1,-1,365,-1,-1,403,344,330,-1,-1,327,304,1,0,0,0,0,0,1,0,0,1,1,1,0,0,1,1
2026-07-03T19:40:57.708,tof2,4x4,lying,2971,3257,3348,3330,-1,1473,2189,3479,941,1389,-1,-1,777,-1,1102,1056,1,1,1,1,0,1,1,1,1,1,1,0,1,1,1,1
2026-07-03T19:40:57.837,tof1,4x4,lying,-1,-1,-1,-1,-1,-1,365,-1,-1,403,344,330,-1,-1,327,304,0,1,0,1,0,0,1,0,0,1,1,1,0,0,1,1
2026-07-03T19:40:57.901,tof2,4x4,lying,2990,3257,-1,3306,-1,1476,2170,3481,927,1381,-1,-1,777,963,-1,1056,1,1,1,1,0,1,1,1,1,1,1,1,1,1,1,1
2026-07-03T19:40:58.005,tof1,4x4,lying,-1,-1,-1,-1,-1,-1,365,-1,-1,402,344,330,-1,-1,327,304,0,0,0,0,0,0,1,0,0,1,1,1,0,0,1,1
2026-07-03T19:40:58.073,tof2,4x4,lying,2994,3247,-1,3306,-1,1476,-1,3490,927,1372,-1,-1,774,963,-1,1055,1,1,0,1,0,1,1,1,1,1,1,1,1,1,1,1
2026-07-03T19:40:58.181,tof1,4x4,lying,-1,-1,-1,-1,-1,-1,367,-1,-1,399,344,329,-1,-1,326,304,0,0,0,0,0,0,1,0,0,1,1,1,0,0,1,1
2026-07-03T19:40:58.223,tof2,4x4,lying,2994,3247,-1,3304,-1,1473,2169,3494,941,1368,1525,-1,774,963,1104,1056,1,1,1,1,1,1,1,1,1,1,1,1,1,1,1,1
2026-07-03T19:40:58.350,tof1,4x4,lying,-1,-1,-1,-1,-1,-1,367,-1,-1,399,344,329,-1,-1,326,304,0,0,0,0,0,0,1,0,0,1,1,1,0,0,1,1
2026-07-03T19:40:58.410,tof2,4x4,lying,2990,3257,3335,3301,-1,1473,2169,3502,927,1368,-1,1376,779,976,1104,1055,1,1,1,1,1,1,1,1,1,1,1,1,1,1,1,1
2026-07-03T19:40:58.536,tof1,4x4,lying,-1,-1,-1,-1,-1,-1,363,-1,-1,401,343,328,-1,-1,326,303,0,0,0,0,0,0,1,0,0,1,1,1,0,0,1,1
2026-07-03T19:40:58.596,tof2,4x4,lying,2990,3250,-1,3296,-1,1471,2169,3502,927,1372,1552,-1,774,976,1099,1052,1,1,0,1,0,1,1,1,1,1,1,0,1,1,1,1
2026-07-03T19:40:58.697,tof1,4x4,lying,3409,-1,-1,-1,-1,-1,-1,-1,-1,401,343,328,-1,-1,327,303,1,0,0,0,0,0,0,0,0,1,1,1,0,0,1,1
2026-07-03T19:40:58.788,tof2,4x4,lying,-1,3250,-1,3304,-1,1471,2176,3502,955,1385,1525,1366,770,966,-1,1052,1,1,0,1,0,1,1,1,1,1,1,1,1,1,1,1
2026-07-03T19:40:58.949,tof2,4x4,lying,2970,3253,3348,3304,-1,1482,2205,3493,955,1392,-1,-1,786,961,1099,1049,1,1,1,1,0,1,1,1,1,1,1,0,1,1,1,1
2026-07-03T19:40:59.128,tof2,4x4,lying,2970,3266,-1,3301,-1,1482,2205,3493,955,1392,1570,-1,770,960,1099,1049,1,1,0,1,1,1,1,1,1,1,1,0,1,1,1,1
2026-07-03T19:40:59.300,tof2,4x4,lying,3052,3254,-1,3302,-1,1482,-1,3493,955,1392,-1,-1,769,-1,1099,1050,1,1,0,1,1,1,1,1,1,1,1,0,1,1,1,1
2026-07-03T19:40:59.460,tof2,4x4,lying,-1,3254,-1,-1,-1,1483,2176,3493,946,1392,-1,-1,770,-1,1110,1050,1,1,0,1,0,1,1,1,1,1,1,0,1,1,1,1
2026-07-03T19:40:59.514,tof1,4x4,lying,-1,-1,-1,-1,-1,-1,367,-1,-1,402,343,328,-1,-1,326,303,0,0,0,0,0,0,1,0,0,1,1,1,0,0,1,1
2026-07-03T19:40:59.626,tof2,4x4,lying,3052,3254,-1,3311,-1,1482,2178,3500,933,1392,-1,-1,774,-1,1112,1050,1,1,0,1,0,1,1,1,1,1,1,0,1,1,1,1
2026-07-03T19:40:59.666,tof1,4x4,lying,-1,-1,-1,-1,-1,-1,-1,-1,-1,402,343,328,-1,-1,327,303,1,0,0,0,0,0,0,0,0,1,1,1,0,0,1,1
2026-07-03T19:40:59.790,tof2,4x4,lying,2971,3254,-1,3302,-1,1492,2178,3503,938,1391,-1,-1,769,958,1112,1050,1,1,0,1,0,1,1,1,1,1,1,0,1,1,1,1
2026-07-03T19:40:59.850,tof1,4x4,lying,-1,-1,-1,-1,-1,-1,367,-1,-1,402,343,328,-1,-1,327,303,0,0,0,0,0,0,1,0,0,1,1,1,0,0,1,1
2026-07-03T19:40:59.955,tof2,4x4,lying,3001,3254,-1,3302,-1,1492,2161,3500,933,1391,1566,-1,774,958,1112,1051,1,1,0,1,0,1,1,1,1,1,1,1,1,1,1,1
2026-07-03T19:41:00.027,tof1,4x4,lying,-1,-1,-1,-1,-1,-1,367,-1,-1,402,343,329,-1,-1,327,303,0,0,0,0,0,0,1,0,0,1,1,1,0,0,1,1
2026-07-03T19:41:00.140,tof2,4x4,lying,2997,3258,-1,3304,-1,1492,2161,3472,937,1388,1566,-1,774,960,1109,1053,1,1,0,1,1,1,1,1,1,1,1,1,1,1,1,1
2026-07-03T19:41:00.196,tof1,4x4,lying,-1,-1,-1,-1,-1,-1,365,-1,-1,401,343,329,-1,-1,327,304,0,0,0,0,0,0,1,0,0,1,1,1,0,0,1,1
2026-07-03T19:41:00.319,tof2,4x4,lying,2993,3258,-1,3309,-1,1484,2178,3486,929,1388,1503,-1,775,972,1105,1056,1,1,1,1,0,1,1,1,1,1,1,1,1,1,1,1
2026-07-03T19:41:00.366,tof1,4x4,lying,-1,-1,-1,-1,-1,-1,367,-1,-1,401,343,329,-1,-1,327,304,1,0,0,0,0,0,1,0,0,1,1,1,0,0,1,1
2026-07-03T19:41:00.640,tof1,4x4,lying,-1,-1,-1,-1,-1,-1,367,-1,-1,-1,343,329,-1,447,327,304,0,0,0,0,0,0,1,0,0,0,1,1,0,1,1,1
2026-07-03T19:41:00.657,tof2,4x4,lying,2997,3258,-1,3309,-1,1492,-1,3468,932,1380,-1,1344,776,972,1105,1053,1,1,0,1,0,1,1,1,1,1,1,1,1,1,1,1
2026-07-03T19:41:00.792,tof1,4x4,lying,-1,-1,-1,-1,-1,-1,-1,-1,-1,401,343,329,-1,447,327,304,0,0,0,0,0,0,0,0,0,1,1,1,0,1,1,1
2026-07-03T19:41:00.835,tof2,4x4,lying,3001,3252,-1,3311,-1,1484,-1,3468,932,1379,-1,-1,780,-1,1104,1053,1,1,1,1,0,1,0,1,1,1,1,1,1,1,1,1
2026-07-03T19:41:00.983,tof1,4x4,lying,-1,-1,-1,-1,-1,-1,366,-1,-1,401,344,331,-1,-1,327,304,0,0,0,0,0,0,1,0,0,1,1,1,0,0,1,1
2026-07-03T19:41:00.997,tof2,4x4,lying,3054,3252,-1,3316,-1,1484,2161,3486,932,1379,1544,-1,784,-1,-1,1042,1,1,0,1,0,1,1,1,1,1,1,0,1,1,1,1
2026-07-03T19:41:01.171,tof1,4x4,lying,-1,-1,-1,-1,-1,-1,368,-1,-1,-1,345,331,-1,-1,327,304,1,0,0,0,0,0,1,0,0,0,1,1,0,1,1,1
2026-07-03T19:41:01.268,tof2,4x4,lying,3054,3252,-1,3316,-1,1464,-1,3486,931,1379,-1,1338,784,972,1104,1042,1,1,1,1,0,1,0,1,1,1,1,1,1,1,1,1
2026-07-03T19:41:01.333,tof1,4x4,lying,-1,-1,-1,-1,-1,-1,368,-1,-1,401,345,331,-1,-1,327,304,0,0,0,0,0,0,1,0,0,1,1,1,0,0,1,1
2026-07-03T19:41:01.447,tof2,4x4,lying,3054,3253,-1,3316,-1,1464,2143,3490,932,1376,-1,-1,780,-1,1103,1042,1,1,0,1,0,1,1,1,1,1,1,0,1,1,1,1
2026-07-03T19:41:01.488,tof1,4x4,lying,-1,-1,-1,-1,-1,-1,-1,-1,-1,401,345,331,-1,-1,327,304,0,0,0,0,0,0,0,0,0,1,1,1,0,0,1,1
2026-07-03T19:41:01.623,tof2,4x4,lying,3037,3253,-1,3310,-1,1464,2143,3490,931,1376,-1,-1,784,-1,1103,1048,1,1,1,1,0,1,1,1,1,1,1,1,1,1,1,1
2026-07-03T19:41:01.669,tof1,4x4,lying,-1,-1,-1,-1,-1,-1,366,-1,-1,401,345,331,-1,-1,327,304,0,0,0,0,0,0,1,0,0,1,1,1,0,0,1,1
2026-07-03T19:41:01.785,tof2,4x4,lying,3015,3253,-1,3310,-1,1470,-1,3490,930,1374,-1,-1,784,-1,1103,1048,1,1,0,1,0,1,1,1,1,1,1,0,1,1,1,1
2026-07-03T19:41:01.828,tof1,4x4,lying,-1,-1,-1,-1,-1,-1,366,-1,-1,401,344,331,-1,-1,327,304,0,0,0,0,0,0,1,0,0,1,1,1,0,0,1,1
2026-07-03T19:41:01.937,tof2,4x4,lying,2979,3253,-1,-1,-1,1470,2174,3488,931,1374,1503,-1,778,972,1106,1048,1,1,0,1,0,1,1,1,1,1,1,0,1,1,1,1
2026-07-03T19:41:02.005,tof1,4x4,lying,-1,-1,-1,-1,-1,-1,365,-1,-1,398,344,331,-1,-1,327,304,0,0,0,0,0,0,1,0,0,1,1,1,0,0,1,1
2026-07-03T19:41:02.102,tof2,4x4,lying,-1,3254,-1,3310,2057,1481,2143,3488,944,1374,-1,-1,771,970,1110,-1,1,1,1,1,1,1,1,1,1,1,1,0,1,1,1,1
2026-07-03T19:41:02.172,tof1,4x4,lying,-1,-1,-1,-1,-1,-1,365,-1,-1,401,344,329,-1,-1,327,304,0,0,0,0,0,0,1,0,0,1,1,1,0,0,1,1
2026-07-03T19:41:02.275,tof2,4x4,lying,2962,3254,-1,3315,-1,1481,2174,3481,935,1360,1503,1323,774,951,1110,1046,1,1,0,1,0,1,1,1,1,1,1,1,1,1,1,1
2026-07-03T19:41:02.362,tof1,4x4,lying,-1,-1,-1,-1,-1,-1,364,-1,213,402,345,328,-1,447,327,303,1,0,0,0,0,0,1,0,1,1,1,1,0,1,1,1
2026-07-03T19:41:02.442,tof2,4x4,lying,2962,3260,-1,3335,-1,1481,-1,3488,935,1360,1544,-1,774,934,1106,1046,1,1,1,1,0,1,1,1,1,1,1,0,1,1,1,1
2026-07-03T19:41:02.545,tof1,4x4,lying,-1,-1,-1,-1,-1,-1,364,-1,-1,401,344,329,-1,447,327,303,0,0,0,0,0,0,1,0,0,1,1,1,0,1,1,1
2026-07-03T19:41:02.616,tof2,4x4,lying,3015,3260,-1,3335,-1,1461,-1,3481,949,1360,1558,-1,774,934,1106,1046,1,1,0,1,0,1,1,1,1,1,1,0,1,1,1,1
2026-07-03T19:41:02.717,tof1,4x4,lying,-1,-1,-1,-1,-1,-1,364,-1,-1,399,344,328,-1,-1,327,303,0,0,0,0,0,0,1,0,0,1,1,1,0,0,1,1
2026-07-03T19:41:02.817,tof2,4x4,lying,-1,3263,-1,3330,-1,1477,2194,3481,948,1379,-1,-1,774,-1,1114,1046,0,1,0,1,1,1,1,1,1,1,1,0,1,1,1,1
2026-07-03T19:41:02.889,tof1,4x4,lying,-1,-1,-1,-1,-1,-1,366,-1,-1,400,343,329,-1,-1,327,303,0,0,0,0,0,0,1,0,0,1,1,1,0,0,1,1
2026-07-03T19:41:02.982,tof2,4x4,lying,2950,3263,-1,3328,2116,1477,2194,3470,935,1379,1558,-1,776,934,1106,1046,1,1,1,1,1,1,1,1,1,1,1,0,1,1,1,1
2026-07-03T19:41:03.044,tof1,4x4,lying,-1,-1,-1,-1,-1,-1,366,-1,-1,400,343,329,-1,-1,327,303,0,0,0,0,0,0,1,0,0,1,1,1,0,0,1,1
2026-07-03T19:41:03.137,tof2,4x4,lying,2950,3260,-1,3328,-1,1477,2194,3488,939,1383,1558,-1,776,-1,1108,1046,1,1,0,1,0,1,1,1,1,1,1,0,1,1,1,1
2026-07-03T19:41:03.205,tof1,4x4,lying,-1,-1,-1,-1,-1,-1,366,-1,-1,400,343,329,-1,-1,327,303,0,0,0,0,0,0,1,0,0,1,1,1,0,0,1,1
2026-07-03T19:41:03.319,tof2,4x4,lying,-1,3263,3301,3327,-1,1484,2194,3470,948,1383,-1,-1,781,951,1113,1050,1,1,1,1,0,1,1,1,1,1,1,0,1,1,1,1
2026-07-03T19:41:03.382,tof1,4x4,lying,-1,-1,-1,-1,-1,-1,366,-1,-1,400,344,328,-1,-1,327,303,0,0,0,0,0,0,1,0,0,1,1,1,0,0,1,1
2026-07-03T19:41:03.472,tof2,4x4,lying,3020,3263,-1,3327,-1,1484,2191,3470,939,1383,1558,-1,774,951,1113,1052,1,1,1,1,0,1,1,1,1,1,1,0,1,1,1,1
2026-07-03T19:41:03.535,tof1,4x4,lying,-1,-1,-1,-1,-1,-1,365,-1,-1,400,344,329,-1,-1,328,303,0,0,0,0,0,0,1,0,0,1,1,1,0,0,1,1
2026-07-03T19:41:03.638,tof2,4x4,lying,3014,3256,3301,3320,-1,1484,2188,3468,939,1363,-1,-1,774,953,-1,1052,1,1,1,1,1,1,1,1,1,1,1,0,1,1,1,1
2026-07-03T19:41:03.711,tof1,4x4,lying,-1,-1,-1,-1,-1,-1,365,-1,-1,400,344,329,-1,-1,327,303,0,0,0,0,0,0,1,0,0,1,1,1,0,0,1,1
2026-07-03T19:41:03.811,tof2,4x4,lying,-1,3258,-1,3320,-1,1484,2188,3428,939,1383,-1,-1,773,954,-1,1052,0,1,0,1,0,1,1,1,1,1,1,0,1,1,1,1
2026-07-03T19:41:03.863,tof1,4x4,lying,-1,-1,-1,-1,-1,-1,365,-1,-1,401,344,329,-1,-1,327,304,0,0,0,0,0,0,1,0,0,1,1,1,0,0,1,1
2026-07-03T19:41:03.961,tof2,4x4,lying,2965,3258,-1,3326,-1,1486,-1,3428,937,1363,1558,-1,770,951,-1,1050,1,1,0,1,0,1,0,1,1,1,1,1,1,1,1,1
2026-07-03T19:41:04.039,tof1,4x4,lying,-1,-1,-1,-1,-1,-1,365,-1,-1,397,344,329,-1,-1,328,304,0,0,0,0,0,0,1,0,0,1,1,1,0,0,1,1
2026-07-03T19:41:04.149,tof2,4x4,lying,2979,3255,-1,3316,2116,1479,2188,3465,937,1363,1553,-1,770,952,1108,1048,1,1,0,1,1,1,1,1,1,1,1,0,1,1,1,1
2026-07-03T19:41:04.232,tof1,4x4,lying,-1,-1,-1,-1,-1,-1,365,-1,-1,397,344,329,-1,-1,328,304,0,0,0,0,0,0,1,0,0,1,1,1,0,0,1,1
2026-07-03T19:41:04.320,tof2,4x4,lying,2979,3255,-1,3325,-1,1479,-1,3465,942,1380,-1,1323,770,954,1108,1048,1,1,1,1,0,1,1,1,1,1,1,1,1,1,1,1
2026-07-03T19:41:04.405,tof1,4x4,lying,-1,-1,-1,-1,-1,-1,366,-1,-1,401,346,329,-1,-1,328,304,0,0,0,0,0,0,1,0,0,1,1,1,0,0,1,1
2026-07-03T19:41:04.484,tof2,4x4,lying,2979,3255,-1,3326,-1,1479,2188,3469,943,1383,-1,-1,771,-1,-1,1048,1,1,0,1,0,1,1,1,1,1,1,0,1,1,1,1
2026-07-03T19:41:04.570,tof1,4x4,lying,-1,-1,-1,-1,-1,-1,366,-1,-1,401,345,329,-1,445,328,304,0,0,0,0,0,0,1,0,0,1,1,1,0,1,1,1
2026-07-03T19:41:04.778,tof1,4x4,lying,-1,-1,-1,-1,-1,-1,366,-1,-1,401,345,329,-1,-1,328,304,1,0,0,0,0,0,1,0,0,1,1,1,0,0,1,1
2026-07-03T19:41:04.797,tof2,4x4,lying,2970,3255,-1,3333,-1,1472,-1,3472,944,1380,1565,-1,774,954,1109,1050,1,1,0,1,1,1,0,1,1,1,1,0,1,1,1,1
2026-07-03T19:41:04.961,tof1,4x4,lying,-1,-1,-1,-1,-1,-1,-1,-1,-1,401,345,329,-1,-1,328,304,0,0,0,0,0,0,0,0,0,1,1,1,0,0,1,1
2026-07-03T19:41:04.994,tof2,4x4,lying,2979,3255,-1,3325,-1,1472,-1,3472,944,1380,1565,-1,780,952,1109,1049,1,1,0,1,0,1,0,1,1,1,1,0,1,1,1,1
2026-07-03T19:41:05.111,tof1,4x4,lying,-1,-1,-1,-1,-1,-1,366,-1,-1,401,345,329,-1,-1,328,304,0,0,0,0,0,0,1,0,0,1,1,1,0,0,1,1
2026-07-03T19:41:05.165,tof2,4x4,lying,2972,3263,-1,3325,-1,1472,2184,3495,943,1390,-1,-1,780,953,1109,1049,1,1,0,1,0,1,1,1,1,1,1,0,1,1,1,1
2026-07-03T19:41:05.287,tof1,4x4,lying,-1,-1,-1,-1,-1,-1,-1,-1,-1,401,345,329,-1,-1,328,305,0,0,0,0,0,0,0,0,0,1,1,1,0,0,1,1
2026-07-03T19:41:05.342,tof2,4x4,lying,2972,3260,-1,3319,2116,1471,-1,3514,939,1390,1544,-1,771,953,1109,1049,1,1,1,1,1,1,0,1,1,1,1,1,1,1,1,1
2026-07-03T19:41:05.444,tof1,4x4,lying,-1,-1,-1,-1,-1,-1,366,-1,-1,401,344,329,-1,-1,328,305,0,0,0,0,0,0,1,0,0,1,1,1,0,0,1,1
2026-07-03T19:41:05.499,tof2,4x4,lying,2970,3261,-1,3312,-1,1479,-1,3495,939,1381,-1,-1,780,-1,1109,1049,1,1,1,1,1,1,1,1,1,1,1,1,1,1,1,1
2026-07-03T19:41:05.670,tof1,4x4,lying,-1,-1,-1,-1,-1,-1,365,-1,-1,401,346,329,-1,-1,329,305,0,0,0,0,0,0,1,0,0,1,1,1,0,0,1,1
2026-07-03T19:41:05.678,tof2,4x4,lying,2972,3263,-1,3312,-1,1483,2182,3468,939,1390,-1,-1,770,953,1109,1049,1,1,1,1,0,1,1,1,1,1,1,1,1,1,1,1
2026-07-03T19:41:05.828,tof1,4x4,lying,-1,-1,-1,-1,-1,-1,365,-1,-1,401,346,329,-1,445,330,305,1,0,0,0,0,0,1,0,0,1,1,1,0,1,1,1
2026-07-03T19:41:05.850,tof2,4x4,lying,2969,3263,-1,3319,2082,1479,-1,3495,939,1390,-1,-1,-1,953,1099,1049,1,1,0,1,1,1,1,1,1,1,1,0,1,1,1,1
2026-07-03T19:41:05.997,tof1,4x4,lying,-1,-1,-1,-1,-1,-1,364,-1,-1,400,345,330,-1,-1,330,305,0,0,0,0,0,0,1,0,0,1,1,1,0,0,1,1
2026-07-03T19:41:06.004,tof2,4x4,lying,2969,3261,-1,3319,-1,1483,2174,3499,947,1392,-1,-1,758,-1,1099,1049,1,1,0,1,1,1,1,1,1,1,1,1,1,1,1,1
2026-07-03T19:41:06.178,tof1,4x4,lying,-1,-1,-1,-1,-1,-1,366,-1,-1,400,344,330,-1,-1,329,303,1,0,0,0,0,0,1,0,0,1,1,1,0,0,1,1
2026-07-03T19:41:06.193,tof2,4x4,lying,2997,3261,-1,3323,2082,1483,2174,3499,947,1381,-1,-1,770,958,1101,1049,1,1,0,1,1,1,1,1,1,1,1,1,1,1,1,1
2026-07-03T19:41:06.345,tof1,4x4,lying,-1,-1,-1,-1,-1,-1,366,-1,-1,400,345,330,-1,-1,329,303,0,0,0,0,0,0,1,0,0,1,1,1,0,0,1,1
2026-07-03T19:41:06.347,tof2,4x4,lying,3014,3261,-1,3323,-1,1469,-1,3507,945,1392,-1,1318,757,971,1101,1052,1,1,0,1,0,1,0,1,1,1,1,1,1,1,1,1
2026-07-03T19:41:06.523,tof1,4x4,lying,-1,-1,-1,-1,-1,-1,-1,-1,-1,399,343,330,-1,-1,328,303,0,0,0,0,0,0,0,0,0,1,1,1,0,0,1,1
2026-07-03T19:41:06.533,tof2,4x4,lying,2997,3258,-1,3323,-1,1469,-1,3507,945,1392,-1,-1,757,971,1102,1052,1,1,0,1,1,1,0,1,1,1,1,0,1,1,1,1
2026-07-03T19:41:06.693,tof1,4x4,lying,-1,-1,-1,-1,-1,-1,366,-1,-1,401,345,329,-1,-1,328,303,0,0,0,0,0,0,1,0,0,1,1,1,0,0,1,1
2026-07-03T19:41:06.710,tof2,4x4,lying,2997,3257,-1,3319,-1,-1,2176,3507,945,1392,1544,-1,775,958,1103,1052,1,1,0,1,0,1,1,1,1,1,1,1,1,1,1,1
2026-07-03T19:41:06.889,tof1,4x4,lying,-1,-1,-1,-1,-1,-1,367,-1,-1,401,344,329,-1,-1,328,303,0,0,0,0,0,0,1,0,0,1,1,1,0,0,1,1
2026-07-03T19:41:06.909,tof2,4x4,lying,2997,3258,-1,3323,-1,1475,-1,3507,928,1382,1572,-1,786,964,1103,1049,1,1,0,1,0,1,1,1,1,1,1,0,1,1,1,1
2026-07-03T19:41:07.045,tof1,4x4,lying,-1,-1,-1,-1,-1,-1,368,-1,-1,403,345,328,-1,-1,327,303,0,0,0,0,0,0,1,0,0,1,1,1,0,0,1,1
2026-07-03T19:41:07.061,tof2,4x4,lying,-1,3257,3327,3309,-1,1472,-1,3501,928,1382,1487,-1,775,-1,-1,1051,1,1,1,1,1,1,1,1,1,1,1,0,1,1,1,1
2026-07-03T19:41:07.213,tof1,4x4,lying,-1,-1,-1,-1,-1,-1,367,-1,-1,403,344,329,-1,445,327,304,0,0,0,0,0,0,1,0,0,1,1,1,0,1,1,1
2026-07-03T19:41:08.035,tof2,4x4,lying,3029,3256,-1,3325,-1,1475,2179,3473,939,1382,-1,-1,776,-1,-1,1049,1,1,0,1,1,1,1,1,1,1,1,1,1,1,1,1
2026-07-03T19:41:08.933,tof1,4x4,lying,-1,-1,-1,-1,-1,-1,366,-1,-1,403,345,329,-1,-1,328,304,0,0,0,0,0,0,1,0,0,1,1,1,0,0,1,1
2026-07-03T19:41:09.095,tof1,4x4,lying,-1,-1,-1,-1,-1,-1,-1,-1,-1,401,344,329,-1,-1,328,304,0,0,0,0,0,0,0,0,0,1,1,1,0,0,1,1
2026-07-03T19:41:09.147,tof2,4x4,lying,2977,3257,-1,3309,-1,-1,-1,3450,939,1382,1572,1338,776,-1,1103,1051,1,1,0,1,0,0,0,1,1,1,1,1,1,1,1,1
2026-07-03T19:41:09.254,tof1,4x4,lying,-1,-1,-1,-1,-1,-1,366,-1,-1,401,345,329,-1,444,328,304,0,0,0,1,0,0,1,0,0,1,1,1,0,1,1,1
2026-07-03T19:41:09.307,tof2,4x4,lying,3030,3255,-1,3308,-1,-1,-1,3471,949,1382,1581,-1,776,949,1105,1051,1,1,0,1,0,0,0,1,1,1,1,0,1,1,1,1
2026-07-03T19:41:09.411,tof1,4x4,lying,-1,-1,-1,-1,-1,-1,366,-1,-1,399,345,329,-1,-1,329,304,0,0,0,0,0,0,1,0,0,1,1,1,0,0,1,1
2026-07-03T19:41:09.480,tof2,4x4,lying,3030,3255,-1,3304,-1,1475,2176,2847,949,1388,-1,-1,770,949,-1,1052,1,1,0,1,0,1,1,1,1,1,1,0,1,1,1,1
2026-07-03T19:41:09.590,tof1,4x4,lying,-1,-1,-1,-1,-1,-1,365,-1,-1,399,345,330,-1,-1,329,304,1,0,0,1,0,0,1,0,0,1,1,1,0,0,1,1
2026-07-03T19:41:09.676,tof2,4x4,lying,2984,3255,-1,3308,-1,1481,-1,2846,949,1388,-1,-1,770,964,1105,1052,1,1,0,1,1,1,0,1,1,1,1,0,1,1,1,1
2026-07-03T19:41:09.767,tof1,4x4,lying,-1,-1,-1,-1,-1,-1,365,-1,-1,398,344,330,-1,-1,330,303,0,0,0,0,0,0,1,0,0,1,1,1,0,1,1,1
2026-07-03T19:41:09.848,tof2,4x4,lying,-1,3255,-1,3298,-1,1481,-1,2825,945,1382,-1,-1,769,-1,-1,1052,1,1,0,1,0,1,0,1,1,1,1,0,1,1,1,1
2026-07-03T19:41:09.921,tof1,4x4,lying,-1,-1,-1,-1,-1,-1,365,-1,-1,398,344,329,-1,-1,330,304,0,0,0,0,0,0,1,0,0,1,1,1,0,0,1,1
2026-07-03T19:41:10.049,tof2,4x4,lying,2984,3255,-1,3298,-1,1482,2179,2825,945,1380,1582,-1,769,964,1105,1050,1,1,0,1,0,1,1,1,1,1,1,0,1,1,1,1
2026-07-03T19:41:10.071,tof1,4x4,lying,-1,-1,-1,-1,-1,-1,365,-1,-1,398,344,329,-1,-1,329,303,0,0,0,0,0,0,1,0,0,1,1,1,0,0,1,1
2026-07-03T19:41:10.223,tof2,4x4,lying,-1,3256,-1,3313,-1,1482,2179,2825,936,1380,-1,-1,769,955,1105,1046,0,1,1,1,1,1,1,1,1,1,1,0,1,1,1,1
2026-07-03T19:41:10.241,tof1,4x4,lying,-1,-1,-1,-1,-1,-1,365,-1,-1,398,343,328,-1,-1,327,303,0,0,0,0,0,0,1,0,0,1,1,1,0,0,1,1
2026-07-03T19:41:10.406,tof2,4x4,lying,-1,3256,-1,3313,-1,1482,2179,2825,945,1357,1581,-1,775,966,1106,1046,0,1,0,1,0,1,1,1,1,1,1,1,1,1,1,1
2026-07-03T19:41:10.459,tof1,4x4,lying,-1,-1,-1,-1,-1,-1,365,-1,-1,398,343,328,-1,-1,327,303,0,0,0,0,0,0,1,0,0,1,1,1,0,0,1,1
2026-07-03T19:41:10.595,tof2,4x4,lying,3044,3256,-1,3313,-1,1482,-1,2829,935,1357,1582,-1,775,955,1106,1041,1,1,0,1,0,1,0,1,1,1,1,0,1,1,1,1
2026-07-03T19:41:10.672,tof1,4x4,lying,-1,-1,-1,-1,-1,-1,364,-1,-1,400,342,328,-1,-1,327,304,0,0,0,0,0,0,1,0,0,1,1,1,0,0,1,1
2026-07-03T19:41:10.774,tof2,4x4,lying,2984,3256,3327,3313,-1,1477,-1,2834,931,1355,1581,-1,778,955,-1,1041,1,1,1,1,1,1,0,1,1,1,1,0,1,1,1,1
2026-07-03T19:41:10.838,tof1,4x4,lying,-1,-1,-1,-1,-1,-1,364,-1,-1,401,343,328,-1,-1,327,304,1,0,0,0,0,0,1,0,0,1,1,1,0,0,1,1
2026-07-03T19:41:10.937,tof2,4x4,lying,2984,3255,-1,3324,-1,1470,2161,2829,931,1355,1552,-1,775,958,1106,1051,1,1,0,1,0,1,1,1,1,1,1,0,1,1,1,1
2026-07-03T19:41:11.013,tof1,4x4,lying,-1,-1,-1,-1,-1,-1,364,-1,-1,401,342,328,-1,-1,327,304,1,0,0,0,0,0,1,0,0,1,1,1,0,0,1,1
2026-07-03T19:41:11.101,tof2,4x4,lying,-1,3255,3325,3315,-1,1473,2179,2829,931,1394,-1,-1,773,966,1106,1051,0,1,1,1,0,1,1,1,1,1,1,0,1,1,1,1
2026-07-03T19:41:11.194,tof1,4x4,lying,-1,-1,-1,-1,-1,-1,364,-1,-1,401,342,328,-1,-1,327,304,0,0,0,0,0,0,1,0,0,1,1,1,0,0,1,1
2026-07-03T19:41:11.270,tof2,4x4,lying,2975,3256,-1,3315,2082,1473,2179,2841,931,1394,1549,-1,-1,958,1106,1050,1,1,0,1,1,1,1,1,1,1,1,1,1,1,1,1
2026-07-03T19:41:11.379,tof1,4x4,lying,-1,-1,-1,-1,-1,-1,364,-1,-1,401,341,329,-1,-1,328,304,0,0,0,0,0,0,1,0,0,1,1,1,0,0,1,1
2026-07-03T19:41:11.428,tof2,4x4,lying,2969,3257,-1,3322,-1,1473,2179,3433,940,1394,1549,-1,768,-1,1102,1051,1,1,1,1,0,1,1,1,1,1,1,0,1,1,1,1
2026-07-03T19:41:11.534,tof1,4x4,lying,-1,-1,-1,-1,-1,-1,364,-1,-1,401,342,328,-1,-1,328,304,0,0,0,0,0,0,1,0,0,1,1,1,0,0,1,1
2026-07-03T19:41:11.618,tof2,4x4,lying,2962,3258,-1,3315,-1,1474,2187,2866,950,1400,1547,-1,773,958,-1,1050,1,1,0,1,0,1,1,1,1,1,1,1,1,1,1,1
2026-07-03T19:41:11.730,tof1,4x4,lying,-1,-1,-1,-1,-1,-1,364,-1,-1,402,342,327,-1,-1,327,303,1,0,0,0,0,0,1,0,0,1,1,1,0,0,1,1
2026-07-03T19:41:11.768,tof2,4x4,lying,2962,3258,-1,3312,-1,1474,2187,2866,943,1400,1547,-1,770,955,1107,1050,1,1,1,1,1,1,1,1,1,1,1,0,1,1,1,1
2026-07-03T19:41:11.895,tof1,4x4,lying,-1,-1,-1,-1,-1,-1,365,-1,-1,400,342,328,-1,-1,327,304,0,0,0,0,0,0,1,0,0,1,1,1,0,0,1,1
2026-07-03T19:41:11.936,tof2,4x4,lying,2975,3260,-1,3312,-1,-1,2187,2866,943,1404,-1,-1,770,-1,1107,1050,1,1,0,1,1,1,1,1,1,1,1,0,1,1,1,1
2026-07-03T19:41:12.049,tof1,4x4,lying,-1,-1,-1,-1,-1,-1,363,-1,-1,400,343,329,-1,-1,327,303,0,0,0,0,0,0,1,0,0,1,1,1,0,0,1,1
2026-07-03T19:41:12.127,tof2,4x4,lying,2978,3260,-1,3316,-1,1474,-1,2866,943,1404,-1,-1,770,955,1100,1050,1,1,0,1,0,1,0,1,1,1,1,0,1,1,1,1
2026-07-03T19:41:12.228,tof1,4x4,lying,-1,-1,-1,-1,-1,-1,365,-1,-1,400,344,329,-1,-1,327,304,0,0,0,0,0,0,1,0,0,1,1,1,0,0,1,1
2026-07-03T19:41:12.325,tof2,4x4,lying,2984,3261,-1,3316,-1,1474,2170,2846,943,1404,-1,-1,770,-1,1100,1050,1,1,0,1,0,1,1,1,1,1,1,1,1,1,1,1
2026-07-03T19:41:12.403,tof1,4x4,lying,-1,-1,-1,-1,-1,-1,366,-1,-1,400,344,330,-1,445,327,304,0,0,0,0,0,0,1,0,0,1,1,1,0,1,1,1
2026-07-03T19:41:12.473,tof2,4x4,lying,3006,3263,-1,3316,-1,1474,-1,2840,-1,1394,-1,-1,766,-1,1099,1051,1,1,0,1,0,1,0,1,0,1,1,1,1,1,1,1
2026-07-03T19:41:12.559,tof1,4x4,lying,-1,-1,-1,-1,-1,-1,367,-1,-1,400,344,330,-1,-1,327,304,0,0,0,0,0,0,1,0,0,1,1,1,0,0,1,1
2026-07-03T19:41:12.657,tof2,4x4,lying,3011,3263,-1,3316,-1,1464,-1,2840,939,1380,1529,-1,758,955,1099,1048,1,1,0,1,0,1,0,1,1,1,1,0,1,1,1,1
2026-07-03T19:41:12.744,tof1,4x4,lying,-1,-1,-1,-1,-1,-1,367,-1,-1,400,343,330,-1,-1,327,304,1,0,0,0,0,0,1,0,0,1,1,1,0,0,1,1
2026-07-03T19:41:12.846,tof2,4x4,lying,3011,3263,-1,3315,-1,1479,-1,2840,939,1380,-1,-1,765,959,1103,1045,1,1,1,1,1,1,1,1,1,1,1,0,1,1,1,1
2026-07-03T19:41:12.917,tof1,4x4,lying,3409,-1,-1,-1,-1,-1,367,-1,-1,400,343,330,-1,-1,327,304,1,0,0,0,0,0,1,0,0,1,1,1,0,0,1,1
2026-07-03T19:41:13.000,tof2,4x4,lying,3011,3263,-1,3315,-1,1479,2170,2844,945,1394,1495,-1,765,-1,1103,1049,1,1,0,1,0,1,1,1,1,1,1,0,1,1,1,1
2026-07-03T19:41:13.070,tof1,4x4,lying,-1,-1,-1,-1,-1,-1,367,-1,-1,400,343,329,-1,-1,327,304,0,0,0,0,0,0,1,0,0,1,1,1,0,0,1,1
2026-07-03T19:41:13.162,tof2,4x4,lying,3007,3258,3327,3305,-1,1491,2162,2844,946,1394,-1,-1,766,968,1103,1045,1,1,1,1,0,1,1,1,1,1,1,0,1,1,1,1
2026-07-03T19:41:13.236,tof1,4x4,lying,-1,-1,-1,-1,-1,-1,367,-1,-1,398,344,329,-1,-1,327,304,0,0,0,0,0,0,1,0,0,1,1,1,0,0,1,1
2026-07-03T19:41:13.329,tof2,4x4,lying,3001,3258,-1,3305,-1,1485,2170,2867,946,1380,-1,-1,765,-1,-1,1045,1,1,0,1,0,1,1,1,1,1,1,1,1,1,1,1
2026-07-03T19:41:13.394,tof1,4x4,lying,-1,-1,-1,-1,-1,-1,367,-1,-1,398,344,329,-1,-1,327,303,0,0,0,0,0,0,1,0,0,1,1,1,0,0,1,1
2026-07-03T19:41:13.508,tof2,4x4,lying,2988,3257,-1,3294,-1,1485,2170,2867,947,1376,1547,-1,782,968,1103,1049,1,1,0,1,0,1,1,1,1,1,1,0,1,1,1,1
2026-07-03T19:41:13.560,tof1,4x4,lying,-1,-1,-1,-1,-1,-1,366,-1,-1,398,344,329,-1,-1,327,303,1,0,0,0,0,0,1,0,0,1,1,1,0,0,1,1
2026-07-03T19:41:13.682,tof2,4x4,lying,2999,3257,-1,3294,-1,1485,2184,2867,950,1376,1554,-1,782,-1,-1,1053,1,1,0,1,1,1,1,1,1,1,1,0,1,1,1,1
2026-07-03T19:41:13.847,tof2,4x4,lying,2988,3258,-1,3294,-1,1492,-1,2867,950,1370,-1,-1,782,-1,1103,1053,1,1,0,1,0,1,1,1,1,1,1,0,1,1,1,1
2026-07-03T19:41:14.000,tof2,4x4,lying,2984,3258,-1,3305,-1,1485,-1,2867,945,1376,1554,-1,782,968,1104,1056,1,1,0,1,0,1,0,1,1,1,1,0,1,1,1,1
2026-07-03T19:41:14.159,tof2,4x4,lying,-1,3256,-1,3294,-1,1479,-1,2874,954,1376,1572,-1,782,959,-1,1053,0,1,0,1,0,1,1,1,1,1,1,0,1,1,1,1
2026-07-03T19:41:14.349,tof2,4x4,lying,-1,3258,-1,3323,-1,1479,-1,2874,943,1384,1578,-1,785,968,-1,1053,0,1,1,1,0,1,1,1,1,1,1,0,1,1,1,1
2026-07-03T19:41:14.520,tof2,4x4,lying,2984,3256,-1,3317,-1,1479,2164,2851,943,1384,-1,-1,785,958,1104,1056,1,1,0,1,0,1,1,1,1,1,1,1,1,1,1,1
2026-07-03T19:41:14.530,tof1,4x4,lying,-1,-1,-1,-1,-1,-1,367,-1,-1,398,344,329,-1,-1,327,303,1,0,0,0,0,0,1,0,0,1,1,1,0,0,1,1
2026-07-03T19:41:14.686,tof2,4x4,lying,2999,3256,-1,3317,-1,1475,-1,2851,943,1384,1588,-1,785,972,1104,1056,1,1,0,1,0,1,1,1,1,1,1,0,1,1,1,1
2026-07-03T19:41:14.702,tof1,4x4,lying,-1,-1,-1,-1,-1,-1,367,-1,-1,398,341,329,-1,-1,327,303,0,0,0,0,0,0,1,0,0,1,1,1,0,0,1,1
2026-07-03T19:41:14.852,tof2,4x4,lying,3012,3260,-1,3308,-1,1475,2164,2851,934,1384,-1,-1,774,958,1104,1050,1,1,0,1,1,1,1,1,1,1,1,1,1,1,1,1
2026-07-03T19:41:14.899,tof1,4x4,lying,-1,-1,-1,-1,-1,-1,365,-1,-1,398,341,328,-1,-1,326,303,0,0,0,0,0,0,1,0,0,1,1,1,0,0,1,1
2026-07-03T19:41:15.020,tof2,4x4,lying,3012,3260,-1,3317,2098,1474,2164,2851,934,1374,1590,-1,773,951,-1,1051,1,1,0,1,1,1,1,1,1,1,1,0,1,1,1,1
2026-07-03T19:41:15.091,tof1,4x4,lying,-1,-1,-1,-1,-1,-1,365,-1,-1,398,341,328,-1,-1,326,304,0,0,0,0,0,0,1,0,0,1,1,1,0,0,1,1
2026-07-03T19:41:15.191,tof2,4x4,lying,-1,3255,-1,3317,-1,1474,-1,2851,940,1374,1590,-1,773,951,1101,1050,0,1,0,1,1,1,0,1,1,1,1,0,1,1,1,1
2026-07-03T19:41:15.264,tof1,4x4,lying,-1,-1,-1,-1,-1,-1,366,-1,-1,398,341,328,-1,-1,327,303,0,0,0,0,0,0,1,0,0,1,1,1,0,0,1,1
2026-07-03T19:41:15.342,tof2,4x4,lying,3037,3255,-1,3320,-1,1473,-1,2851,940,1384,1590,-1,764,-1,1101,-1,1,1,0,1,0,1,1,1,1,1,1,0,1,1,1,1
2026-07-03T19:41:15.438,tof1,4x4,lying,-1,-1,-1,-1,-1,-1,366,-1,-1,400,341,328,-1,-1,327,303,0,0,0,0,0,0,1,0,0,1,1,1,0,0,1,1
2026-07-03T19:41:15.519,tof2,4x4,lying,3037,3255,-1,3320,-1,1473,-1,2859,940,1392,1594,-1,764,-1,1104,1047,1,1,0,1,0,1,1,1,1,1,1,1,1,1,1,1
2026-07-03T19:41:15.600,tof1,4x4,lying,-1,-1,-1,-1,-1,-1,366,-1,-1,400,341,329,-1,-1,327,303,0,0,0,0,0,0,1,0,0,1,1,1,0,0,1,1
2026-07-03T19:41:15.700,tof2,4x4,lying,3025,3250,-1,3320,-1,1472,2172,2871,942,1392,1594,-1,780,-1,1106,1042,1,1,0,1,0,1,1,1,1,1,1,0,1,1,1,1
2026-07-03T19:41:15.788,tof1,4x4,lying,-1,-1,-1,-1,-1,-1,367,-1,-1,400,341,329,-1,-1,327,303,0,0,0,0,0,0,1,0,0,1,1,1,0,0,1,1
2026-07-03T19:41:15.854,tof2,4x4,lying,3019,3255,-1,3310,-1,1472,2164,2875,944,1392,-1,-1,780,952,-1,1042,1,1,0,1,1,1,1,1,1,1,1,0,1,1,1,1
2026-07-03T19:41:15.965,tof1,4x4,lying,-1,-1,-1,-1,-1,-1,367,-1,-1,400,343,329,-1,-1,327,303,0,0,0,0,0,0,1,0,0,1,1,1,0,0,1,1
2026-07-03T19:41:16.012,tof2,4x4,lying,3019,3258,-1,3310,-1,1473,2172,2875,948,1392,1577,-1,780,-1,1106,1042,1,1,0,1,1,1,1,1,1,1,1,0,1,1,1,1
2026-07-03T19:41:16.128,tof1,4x4,lying,-1,-1,-1,-1,-1,-1,366,-1,-1,400,343,329,-1,-1,326,303,0,0,0,0,0,0,1,0,0,1,1,1,0,0,1,1
2026-07-03T19:41:16.170,tof2,4x4,lying,-1,3258,-1,3307,-1,1468,2188,2875,948,1380,1592,-1,783,952,1106,1043,1,1,1,1,0,1,1,1,1,1,1,0,1,1,1,1
2026-07-03T19:41:16.300,tof1,4x4,lying,-1,-1,-1,-1,-1,-1,366,-1,-1,400,343,329,-1,-1,327,304,0,0,0,0,0,0,1,0,0,1,1,1,0,0,1,1
2026-07-03T19:41:16.356,tof2,4x4,lying,3006,3254,-1,3304,-1,1494,2188,2875,948,1370,1577,-1,780,974,1102,1051,1,1,0,1,0,1,1,1,1,1,1,0,1,1,1,1
2026-07-03T19:41:16.460,tof1,4x4,lying,-1,-1,-1,-1,-1,-1,367,-1,-1,400,343,329,-1,-1,327,304,0,0,0,0,0,0,1,0,0,1,1,1,0,0,1,1
2026-07-03T19:41:16.564,tof2,4x4,lying,3019,3255,-1,3286,-1,1494,-1,2875,948,1370,-1,-1,769,-1,1102,1054,1,1,0,1,0,1,1,1,1,1,1,1,1,1,1,1
2026-07-03T19:41:16.821,tof1,4x4,lying,-1,-1,-1,-1,-1,-1,366,-1,-1,399,343,329,-1,-1,327,304,0,0,0,0,0,0,1,0,0,1,1,1,0,0,1,1
2026-07-03T19:41:17.020,tof2,4x4,lying,2995,3255,-1,3286,-1,1483,2177,2856,945,1370,-1,-1,769,974,1100,1057,1,1,1,1,1,1,1,1,1,1,1,1,1,1,1,1
2026-07-03T19:41:17.071,tof1,4x4,lying,-1,-1,-1,-1,-1,-1,366,-1,-1,397,343,328,-1,446,327,304,0,0,0,0,0,0,1,0,0,1,1,1,0,1,1,1
2026-07-03T19:41:17.232,tof2,4x4,lying,2995,3255,-1,3286,2098,1483,2188,2887,940,1370,-1,-1,769,-1,1099,1058,1,1,1,1,1,1,1,1,1,1,1,0,1,1,1,1
2026-07-03T19:41:17.251,tof1,4x4,lying,-1,-1,-1,-1,-1,-1,367,-1,-1,397,342,328,-1,448,327,304,0,0,0,0,0,0,1,0,0,1,1,1,0,1,1,1
2026-07-03T19:41:17.392,tof2,4x4,lying,-1,3255,-1,3295,-1,1483,2177,2887,940,1375,-1,-1,764,979,1099,1057,1,1,1,1,0,1,1,1,1,1,1,0,1,1,1,1
2026-07-03T19:41:17.468,tof1,4x4,lying,-1,-1,-1,-1,-1,-1,366,-1,-1,397,342,327,-1,-1,328,305,0,0,0,0,0,0,1,0,0,1,1,1,0,0,1,1
2026-07-03T19:41:17.564,tof2,4x4,lying,2992,3255,-1,3297,-1,1479,2177,2887,940,1375,1571,-1,763,976,-1,1057,1,1,0,1,1,1,1,1,1,1,1,0,1,1,1,1
2026-07-03T19:41:17.674,tof1,4x4,lying,-1,-1,-1,-1,-1,-1,366,-1,-1,399,342,327,-1,-1,328,305,0,0,0,0,0,0,1,0,0,1,1,1,0,0,1,1
2026-07-03T19:41:17.771,tof2,4x4,lying,-1,3257,-1,3297,-1,1479,2177,3468,940,1375,1571,-1,764,-1,1099,1057,1,1,0,1,0,1,1,1,1,1,1,0,1,1,1,1
2026-07-03T19:41:17.867,tof1,4x4,lying,-1,-1,-1,-1,-1,-1,366,-1,-1,399,342,327,-1,451,328,304,0,0,0,0,0,0,1,0,0,1,1,1,0,1,1,1
2026-07-03T19:41:17.966,tof2,4x4,lying,3001,3253,-1,3301,-1,1467,-1,3468,945,1375,-1,-1,-1,-1,1102,1050,1,1,0,1,0,1,1,1,1,1,1,1,1,1,1,1
2026-07-03T19:41:18.063,tof1,4x4,lying,-1,-1,-1,-1,-1,-1,365,-1,-1,399,342,328,-1,-1,328,303,0,0,0,0,0,0,1,0,0,1,1,1,0,0,1,1
2026-07-03T19:41:18.152,tof2,4x4,lying,3001,3253,-1,3301,-1,1467,2182,3445,945,1375,-1,-1,792,974,1108,1050,1,1,1,1,0,1,1,1,1,1,1,0,1,1,1,1
2026-07-03T19:41:18.258,tof1,4x4,lying,-1,-1,-1,-1,-1,-1,365,-1,-1,399,342,328,-1,-1,328,304,0,0,0,0,0,0,1,0,0,1,1,1,0,0,1,1
2026-07-03T19:41:18.335,tof2,4x4,lying,-1,3253,-1,3294,-1,1467,-1,3445,945,1368,1571,-1,781,969,1113,1046,1,1,1,1,0,1,1,1,1,1,1,0,1,1,1,1
2026-07-03T19:41:18.436,tof1,4x4,lying,-1,-1,-1,-1,-1,-1,365,-1,-1,397,343,328,-1,-1,327,303,0,0,0,0,0,0,1,0,0,1,1,1,0,0,1,1
2026-07-03T19:41:18.541,tof2,4x4,lying,3001,3256,-1,3293,-1,1480,2182,3445,945,1375,-1,-1,792,969,1108,1050,1,1,0,1,1,1,1,1,1,1,1,0,1,1,1,1
2026-07-03T19:41:18.596,tof1,4x4,lying,-1,-1,-1,-1,-1,-1,365,-1,-1,397,343,328,-1,-1,327,303,0,0,0,0,0,0,1,0,0,1,1,1,0,0,1,1
2026-07-03T19:41:18.786,tof1,4x4,lying,-1,-1,-1,-1,-1,-1,364,-1,-1,397,342,328,-1,-1,326,303,0,0,0,0,0,0,1,0,0,1,1,1,0,0,1,1
2026-07-03T19:41:18.794,tof2,4x4,lying,3001,3253,-1,3293,-1,1481,-1,2858,931,1375,1571,-1,792,964,1108,1046,1,1,0,1,0,1,1,1,1,1,1,0,1,1,1,1
2026-07-03T19:41:18.971,tof1,4x4,lying,-1,-1,-1,-1,-1,-1,364,-1,-1,398,342,327,-1,-1,326,303,0,0,0,0,0,0,1,0,0,1,1,1,0,0,1,1
2026-07-03T19:41:18.994,tof2,4x4,lying,3001,3256,-1,3293,-1,1481,2186,2858,931,1364,1545,-1,781,-1,1108,1046,1,1,0,1,1,1,1,1,1,1,1,0,1,1,1,1
2026-07-03T19:41:19.153,tof1,4x4,lying,-1,-1,-1,-1,-1,-1,364,-1,-1,398,342,327,-1,-1,326,303,0,0,0,0,0,0,1,0,0,1,1,1,0,0,1,1
2026-07-03T19:41:19.183,tof2,4x4,lying,3004,3251,-1,3293,-1,1480,-1,2858,953,1364,-1,-1,779,964,1106,1046,1,1,0,1,0,1,1,1,1,1,1,1,1,1,1,1
2026-07-03T19:41:19.347,tof1,4x4,lying,-1,-1,-1,-1,-1,-1,364,-1,-1,400,342,328,-1,-1,326,303,0,0,0,0,0,0,1,0,0,1,1,1,0,0,1,1
2026-07-03T19:41:19.368,tof2,4x4,lying,3004,3256,-1,3301,-1,1485,2186,2858,942,1388,1551,-1,779,964,1104,1045,1,1,1,1,1,1,1,1,1,1,1,1,1,1,1,1
2026-07-03T19:41:19.527,tof1,4x4,lying,-1,-1,-1,-1,-1,-1,366,-1,-1,400,343,328,-1,-1,326,303,0,0,0,0,0,0,1,0,0,1,1,1,0,0,1,1
2026-07-03T19:41:19.530,tof2,4x4,lying,3004,3261,-1,3304,-1,1477,2186,2858,942,1367,1580,-1,777,964,1102,1045,1,1,0,1,0,1,1,1,1,1,1,0,1,1,1,1
2026-07-03T19:41:19.699,tof1,4x4,lying,-1,-1,-1,-1,-1,-1,366,-1,-1,400,343,328,-1,452,326,304,0,0,0,0,0,0,1,0,0,1,1,1,0,1,1,1
2026-07-03T19:41:19.726,tof2,4x4,lying,-1,3261,-1,3301,-1,1472,-1,2860,944,1397,1551,-1,777,966,1102,1045,0,1,0,1,1,1,0,1,1,1,1,0,1,1,1,1
2026-07-03T19:41:19.889,tof1,4x4,lying,-1,-1,-1,-1,-1,-1,366,-1,-1,400,343,328,-1,-1,327,304,1,0,0,0,0,0,1,0,0,1,1,1,0,0,1,1
2026-07-03T19:41:19.912,tof2,4x4,lying,2969,3248,-1,3304,-1,1467,2155,2858,942,1397,-1,-1,777,976,1102,1045,1,1,1,1,0,1,1,1,1,1,1,0,1,1,1,1
2026-07-03T19:41:20.073,tof1,4x4,lying,-1,-1,-1,-1,-1,-1,366,-1,-1,399,343,331,-1,-1,326,304,0,0,0,0,0,0,1,0,0,1,1,1,0,0,1,1
2026-07-03T19:41:20.094,tof2,4x4,lying,2969,3261,-1,3307,-1,1472,2155,2860,942,1382,1545,-1,769,966,1102,1048,1,1,0,1,0,1,1,1,1,1,1,1,1,1,1,1
2026-07-03T19:41:20.254,tof1,4x4,lying,-1,-1,-1,-1,-1,-1,366,-1,-1,399,343,331,-1,452,327,304,0,0,0,0,0,0,1,0,0,1,1,1,0,1,1,1
2026-07-03T19:41:20.301,tof2,4x4,lying,2969,3251,-1,3310,-1,1472,2155,2858,944,1382,-1,-1,769,976,1104,1053,1,1,0,1,0,1,1,1,1,1,1,0,1,1,1,1
2026-07-03T19:41:20.434,tof1,4x4,lying,-1,-1,-1,-1,-1,-1,366,-1,-1,399,345,331,-1,-1,327,304,0,0,0,0,0,0,1,0,0,1,1,1,0,0,1,1
2026-07-03T19:41:20.474,tof2,4x4,lying,2949,3251,-1,3330,-1,1475,2180,2858,945,1386,-1,1318,769,966,1104,1048,1,1,0,1,0,1,1,1,1,1,1,1,1,1,1,1
2026-07-03T19:41:20.599,tof1,4x4,lying,-1,-1,-1,-1,-1,-1,366,-1,-1,400,345,331,-1,-1,327,304,0,0,0,0,0,0,1,0,0,1,1,1,0,0,1,1
2026-07-03T19:41:20.649,tof2,4x4,lying,2954,3251,-1,3330,-1,1476,2187,2857,945,1382,1540,-1,772,-1,1104,1049,1,1,0,1,1,1,1,1,1,1,1,0,1,1,1,1
2026-07-03T19:41:20.805,tof1,4x4,lying,-1,-1,-1,-1,-1,-1,366,-1,-1,400,345,330,-1,-1,327,305,0,0,0,0,1,0,1,0,0,1,1,1,0,0,1,1
2026-07-03T19:41:20.835,tof2,4x4,lying,2950,3253,-1,3316,-1,1478,2187,2857,945,1380,-1,-1,773,-1,1104,1056,1,1,0,1,0,1,1,1,1,1,1,0,1,1,1,1
2026-07-03T19:41:20.985,tof1,4x4,lying,-1,-1,-1,-1,-1,-1,366,-1,-1,401,345,330,-1,-1,328,305,0,0,0,0,0,0,1,0,0,1,1,1,0,0,1,1
2026-07-03T19:41:21.018,tof2,4x4,lying,2950,3253,-1,3316,-1,1478,2180,2857,926,1380,1532,-1,777,980,1104,1049,1,1,0,1,0,1,1,1,1,1,1,0,1,1,1,1
2026-07-03T19:41:21.160,tof1,4x4,lying,-1,-1,-1,-1,-1,-1,366,-1,-1,401,345,330,-1,452,327,305,0,0,0,0,0,0,1,0,0,1,1,1,0,1,1,1
2026-07-03T19:41:21.212,tof2,4x4,lying,2950,3253,3338,3301,-1,1478,-1,2857,926,1377,1532,-1,777,981,-1,1049,1,1,1,1,0,1,1,1,1,1,1,0,1,1,1,1
2026-07-03T19:41:21.344,tof1,4x4,lying,-1,-1,-1,-1,-1,-1,366,-1,-1,401,344,329,-1,-1,327,304,0,0,0,0,0,0,1,0,0,1,1,1,0,0,1,1
2026-07-03T19:41:21.372,tof2,4x4,lying,2954,3253,-1,3298,-1,1476,2170,2857,926,1372,1534,-1,777,981,-1,1049,1,1,0,1,0,1,1,1,1,1,1,0,1,1,1,1
2026-07-03T19:41:21.546,tof1,4x4,lying,-1,-1,-1,-1,-1,-1,364,-1,-1,399,344,329,-1,446,328,304,0,0,0,0,0,0,1,0,0,1,1,1,0,1,1,1
2026-07-03T19:41:21.559,tof2,4x4,lying,2977,3253,-1,3298,-1,1478,-1,2861,940,1372,-1,-1,779,-1,-1,1058,1,1,1,1,0,1,0,1,1,1,1,0,1,1,1,1
2026-07-03T19:41:21.741,tof1,4x4,lying,-1,-1,-1,-1,-1,-1,364,-1,-1,399,344,329,-1,-1,327,304,0,0,0,0,0,0,1,0,0,1,1,1,0,0,1,1
2026-07-03T19:41:21.770,tof2,4x4,lying,-1,3256,3338,3296,-1,1474,-1,2861,940,1364,-1,-1,779,971,1108,1055,1,1,1,1,1,1,0,1,1,1,1,0,1,1,1,1
2026-07-03T19:41:21.940,tof1,4x4,lying,-1,-1,-1,-1,-1,-1,364,-1,-1,398,342,328,-1,-1,327,303,0,0,0,0,0,0,1,0,0,1,1,1,0,0,1,1
2026-07-03T19:41:21.965,tof2,4x4,lying,-1,3256,-1,3296,-1,1470,2168,2857,940,1377,1534,-1,-1,986,1108,1055,1,1,0,1,0,1,1,1,1,1,1,1,1,1,1,1
2026-07-03T19:41:22.137,tof1,4x4,lying,-1,-1,-1,-1,-1,-1,364,-1,-1,398,342,328,-1,-1,327,303,0,0,0,0,0,0,1,0,0,1,1,1,0,0,1,1
2026-07-03T19:41:22.152,tof2,4x4,lying,2991,3256,-1,-1,-1,1470,2168,2849,938,1381,1550,-1,779,971,1108,1049,1,1,1,1,0,1,1,1,1,1,1,0,1,1,1,1
2026-07-03T19:41:22.305,tof1,4x4,lying,-1,-1,-1,-1,-1,-1,366,-1,-1,398,342,327,-1,443,327,303,0,0,0,0,0,0,1,0,0,1,1,1,0,1,1,1
2026-07-03T19:41:22.366,tof2,4x4,lying,2993,3260,-1,3296,-1,1474,-1,2845,938,1381,1550,-1,779,949,1108,1049,1,1,0,1,0,1,1,1,1,1,1,0,1,1,1,1
2026-07-03T19:41:22.479,tof1,4x4,lying,-1,-1,-1,-1,-1,-1,366,-1,-1,398,342,328,-1,-1,327,303,0,0,0,0,0,0,1,0,0,1,1,1,0,0,1,1
2026-07-03T19:41:22.581,tof2,4x4,lying,3021,3260,-1,3285,-1,1470,2170,2845,938,1374,1556,-1,779,949,1108,1049,1,1,0,1,0,1,1,1,1,1,1,0,1,1,1,1
2026-07-03T19:41:22.680,tof1,4x4,lying,-1,-1,-1,-1,-1,-1,366,-1,-1,399,342,328,-1,-1,327,303,0,0,0,0,0,0,1,0,0,1,1,1,0,0,1,1
2026-07-03T19:41:22.787,tof2,4x4,lying,3021,3260,-1,3285,-1,1474,2174,2849,942,1381,1556,-1,780,-1,1105,1049,1,1,1,1,0,1,1,1,1,1,1,0,1,1,1,1
2026-07-03T19:41:22.886,tof1,4x4,lying,-1,-1,-1,-1,-1,-1,366,-1,-1,400,342,327,-1,-1,327,303,0,0,0,0,0,0,1,0,0,1,1,1,0,0,1,1
2026-07-03T19:41:22.971,tof2,4x4,lying,3021,3254,-1,3306,-1,1474,2174,3454,942,1381,1560,-1,780,949,1105,1053,1,1,0,1,0,1,1,1,1,1,1,0,1,1,1,1
2026-07-03T19:41:23.087,tof1,4x4,lying,-1,-1,-1,-1,-1,-1,366,-1,-1,400,343,327,-1,-1,327,303,0,0,0,0,0,0,1,0,0,1,1,1,0,0,1,1
2026-07-03T19:41:23.124,tof2,4x4,lying,2993,3260,-1,3306,-1,1474,2175,3454,942,1374,1560,-1,780,949,-1,1054,1,1,1,1,0,1,1,1,1,1,1,0,1,1,1,1
2026-07-03T19:41:23.270,tof1,4x4,lying,-1,-1,-1,-1,-1,-1,364,-1,-1,400,344,328,-1,-1,327,304,0,0,0,1,0,0,1,0,0,1,1,1,0,0,1,1
2026-07-03T19:41:23.298,tof2,4x4,lying,2993,3260,-1,3300,-1,1474,-1,3454,-1,1374,1565,-1,778,955,1105,1054,1,1,1,1,0,1,1,1,0,1,1,0,1,1,1,1
2026-07-03T19:41:23.463,tof1,4x4,lying,-1,-1,-1,-1,-1,-1,364,-1,-1,399,344,328,-1,-1,327,304,0,0,0,0,0,0,1,0,0,1,1,1,0,0,1,1
2026-07-03T19:41:23.472,tof2,4x4,lying,2991,3255,-1,3304,-1,1480,2174,2879,942,1381,-1,-1,778,955,-1,1054,1,1,0,1,0,1,1,1,1,1,1,0,1,1,1,1
2026-07-03T19:41:23.906,tof1,4x4,lying,-1,-1,-1,-1,-1,-1,364,-1,-1,398,344,328,-1,-1,328,304,0,0,0,0,0,0,1,0,0,1,1,1,0,0,1,1
2026-07-03T19:41:23.906,tof2,4x4,lying,2993,3255,-1,3306,-1,1483,2121,2879,936,1362,1565,-1,778,978,1105,1053,1,1,0,1,0,1,1,1,1,1,1,1,1,1,1,1
2026-07-03T19:41:24.112,tof1,4x4,lying,-1,-1,-1,-1,-1,-1,364,-1,-1,398,344,328,-1,-1,328,304,0,0,0,0,1,0,1,0,0,1,1,1,0,0,1,1
2026-07-03T19:41:24.189,tof2,4x4,lying,2993,3260,-1,3321,-1,1480,-1,2862,931,1361,1569,-1,778,-1,1105,1053,1,1,1,1,0,1,0,1,1,1,1,0,1,1,1,1
2026-07-03T19:41:24.315,tof1,4x4,lying,-1,-1,-1,-1,-1,-1,365,-1,-1,398,344,329,-1,-1,328,304,0,1,0,0,0,0,1,0,0,1,1,1,0,0,1,1
2026-07-03T19:41:24.358,tof2,4x4,lying,3014,3261,-1,3312,-1,1485,2121,2854,931,1361,1565,1352,778,978,1105,1053,1,1,0,1,0,1,1,1,1,1,1,1,1,1,1,1
2026-07-03T19:41:24.499,tof1,4x4,lying,-1,-1,-1,-1,-1,-1,366,-1,-1,398,344,329,-1,-1,328,304,0,0,0,0,0,0,1,0,0,1,1,1,0,0,1,1
2026-07-03T19:41:24.564,tof2,4x4,lying,3013,3255,-1,3318,-1,1490,2149,2854,931,1381,-1,-1,778,978,1107,1057,1,1,0,1,0,1,1,1,1,1,1,0,1,1,1,1
2026-07-03T19:41:24.723,tof1,4x4,lying,-1,-1,-1,-1,-1,-1,366,-1,-1,398,344,330,-1,-1,328,304,1,0,0,0,0,0,1,0,0,1,1,1,0,0,1,1
2026-07-03T19:41:24.733,tof2,4x4,lying,3013,3260,-1,3322,-1,1485,2149,2854,931,1385,1565,-1,773,956,1107,1057,1,1,0,1,0,1,1,1,1,1,1,1,1,1,1,1
2026-07-03T19:41:24.936,tof1,4x4,lying,-1,-1,-1,-1,-1,-1,367,-1,-1,399,344,330,-1,-1,328,303,0,0,0,0,0,0,1,0,0,1,1,1,0,0,1,1
2026-07-03T19:41:24.938,tof2,4x4,lying,-1,3261,-1,3318,-1,1478,2153,2834,943,1385,1569,-1,765,-1,-1,1058,0,1,0,1,1,1,1,1,1,1,1,0,1,1,1,1
2026-07-03T19:41:25.138,tof1,4x4,lying,-1,-1,-1,-1,-1,-1,366,-1,-1,398,344,330,-1,-1,328,303,1,0,0,0,0,0,1,0,0,1,1,1,0,0,1,1
2026-07-03T19:41:25.219,tof2,4x4,lying,3008,3260,-1,3312,-1,1479,2159,2834,948,1385,1572,-1,773,956,1113,1058,1,1,0,1,0,1,1,1,1,1,1,0,1,1,1,1
2026-07-03T19:41:25.298,tof1,4x4,lying,-1,-1,-1,-1,-1,-1,366,-1,-1,399,344,330,-1,443,329,303,0,0,0,0,0,0,1,0,0,1,1,1,0,1,1,1
2026-07-03T19:41:25.449,tof1,4x4,lying,-1,-1,-1,-1,-1,-1,-1,-1,-1,398,344,330,-1,-1,328,303,0,0,0,0,0,0,0,0,0,1,1,1,0,0,1,1
2026-07-03T19:41:25.649,tof1,4x4,lying,-1,-1,-1,-1,-1,-1,367,-1,-1,399,344,329,-1,-1,328,303,0,0,0,0,0,0,1,0,0,1,1,1,0,0,1,1
2026-07-03T19:41:25.744,tof2,4x4,lying,3013,3260,3338,3318,-1,1479,-1,2871,948,1375,1558,-1,773,956,1113,1058,1,1,1,1,0,1,0,1,1,1,1,0,1,1,1,1
2026-07-03T19:41:25.850,tof1,4x4,lying,-1,-1,-1,-1,-1,-1,365,-1,-1,399,344,329,-1,-1,328,303,0,0,0,0,0,0,1,0,0,1,1,1,0,0,1,1
2026-07-03T19:41:25.953,tof2,4x4,lying,3008,3260,-1,3320,-1,1479,-1,2872,952,1370,1572,-1,771,-1,-1,1058,1,1,1,1,0,1,1,1,1,1,1,1,1,1,1,1
2026-07-03T19:41:26.033,tof1,4x4,lying,-1,-1,-1,-1,-1,-1,365,-1,-1,399,344,328,-1,-1,328,303,0,0,0,0,0,0,1,0,0,1,1,1,0,0,1,1
2026-07-03T19:41:26.131,tof2,4x4,lying,3007,3261,-1,3320,-1,1480,-1,2871,952,1370,1572,-1,782,956,1110,1050,1,1,1,1,0,1,0,1,1,1,1,0,1,1,1,1
2026-07-03T19:41:26.219,tof1,4x4,lying,-1,-1,-1,-1,-1,-1,363,-1,-1,398,344,328,-1,442,327,303,0,0,0,0,0,0,1,0,0,1,1,1,0,1,1,1
2026-07-03T19:41:26.352,tof2,4x4,lying,3007,3260,-1,3320,-1,1480,2153,2872,948,1370,1573,-1,782,947,1107,1050,1,1,1,1,0,1,1,1,1,1,1,1,1,1,1,1
2026-07-03T19:41:26.473,tof1,4x4,lying,-1,-1,-1,-1,-1,-1,363,-1,-1,398,343,328,-1,-1,327,303,0,0,0,0,0,0,1,0,0,1,1,1,0,0,1,1
2026-07-03T19:41:26.661,tof1,4x4,lying,-1,-1,-1,-1,-1,-1,363,-1,-1,398,343,328,-1,-1,327,303,0,0,0,0,0,0,1,0,0,1,1,1,0,0,1,1
2026-07-03T19:41:26.726,tof2,4x4,lying,3001,3260,-1,3320,-1,1481,-1,2871,930,1375,-1,-1,775,947,1107,1050,1,1,0,1,0,1,0,1,1,1,1,1,1,1,1,1
2026-07-03T19:41:26.832,tof1,4x4,lying,-1,-1,-1,-1,-1,-1,365,-1,-1,397,343,327,-1,-1,326,303,0,0,0,1,0,0,1,0,0,1,1,1,0,0,1,1
2026-07-03T19:41:26.895,tof2,4x4,lying,-1,3260,3338,3322,-1,1493,-1,2832,930,1396,-1,-1,771,961,1107,1048,1,1,1,1,1,1,1,1,1,1,1,1,1,1,1,1
2026-07-03T19:41:27.022,tof1,4x4,lying,-1,-1,-1,-1,-1,-1,365,-1,-1,397,343,327,-1,-1,327,303,0,0,0,0,0,0,1,0,0,1,1,1,0,0,1,1
2026-07-03T19:41:27.092,tof2,4x4,lying,2973,3262,-1,3302,-1,1480,2154,2828,930,1396,-1,1352,775,961,1106,1043,1,1,1,1,0,1,1,1,1,1,1,1,1,1,1,1
2026-07-03T19:41:27.194,tof1,4x4,lying,-1,-1,-1,-1,-1,-1,365,-1,-1,397,343,327,-1,-1,326,303,1,0,0,0,0,0,1,0,0,1,1,1,1,0,1,1
2026-07-03T19:41:27.264,tof2,4x4,lying,2973,3257,-1,3302,-1,1488,2164,2828,930,1385,-1,-1,775,961,1107,1050,1,1,0,1,1,1,1,1,1,1,1,1,1,1,1,1
2026-07-03T19:41:27.360,tof1,4x4,lying,-1,-1,-1,-1,-1,-1,365,-1,-1,396,343,327,-1,-1,326,303,0,0,0,0,0,0,1,0,0,1,1,1,0,0,1,1
2026-07-03T19:41:27.424,tof2,4x4,lying,2973,3259,-1,3306,-1,1488,-1,2828,937,1385,-1,-1,775,-1,1106,1050,1,1,0,1,0,1,0,1,1,1,1,1,1,1,1,1
2026-07-03T19:41:27.517,tof1,4x4,lying,-1,-1,-1,-1,-1,-1,365,-1,-1,394,343,327,-1,-1,328,303,0,0,0,0,0,0,1,0,0,1,1,1,0,0,1,1
2026-07-03T19:41:27.583,tof2,4x4,lying,-1,3268,-1,3306,-1,1473,2164,2828,937,1385,-1,-1,775,961,1112,1054,1,1,0,1,1,1,1,1,1,1,1,0,1,1,1,1
2026-07-03T19:41:27.685,tof1,4x4,lying,3400,-1,-1,-1,-1,-1,364,-1,-1,394,343,327,-1,-1,328,303,1,1,0,0,0,0,1,0,0,1,1,1,0,0,1,1
2026-07-03T19:41:27.764,tof2,4x4,lying,-1,3259,-1,3292,-1,1473,2164,2830,937,1385,1573,-1,775,961,-1,1056,0,1,0,1,0,1,1,1,1,1,1,0,1,1,1,1
2026-07-03T19:41:27.875,tof1,4x4,lying,-1,-1,-1,-1,-1,-1,364,-1,-1,394,343,327,-1,-1,328,303,0,0,0,0,0,0,1,0,0,1,1,1,0,0,1,1
2026-07-03T19:41:28.008,tof2,4x4,lying,2978,3259,-1,3306,-1,1483,-1,2830,929,1385,-1,-1,775,-1,-1,1056,1,1,0,1,0,1,0,1,1,1,1,0,1,1,1,1
2026-07-03T19:41:28.094,tof1,4x4,lying,-1,-1,-1,-1,-1,-1,364,-1,-1,393,344,327,-1,-1,328,303,0,0,0,0,0,0,1,0,0,1,1,1,0,0,1,1
2026-07-03T19:41:28.214,tof2,4x4,lying,2978,3259,-1,-1,-1,1473,-1,2830,942,1385,1582,-1,780,965,-1,1056,1,1,1,1,1,1,1,1,1,1,1,1,1,1,1,1
2026-07-03T19:41:28.291,tof1,4x4,lying,-1,-1,-1,-1,-1,-1,366,-1,-1,393,345,327,-1,-1,328,304,0,0,0,0,0,0,1,0,0,1,1,1,0,0,1,1
2026-07-03T19:41:28.409,tof2,4x4,lying,2987,3259,-1,3311,-1,1478,-1,3415,942,1385,-1,-1,780,958,-1,1054,1,1,0,1,1,1,1,1,1,1,1,0,1,1,1,1
2026-07-03T19:41:28.455,tof1,4x4,lying,-1,-1,-1,-1,-1,-1,366,-1,-1,392,345,328,-1,-1,327,304,0,0,0,0,0,0,1,0,0,1,1,1,0,0,1,1
2026-07-03T19:41:28.586,tof2,4x4,lying,2978,3256,-1,3292,2107,1478,2172,3415,942,1389,-1,-1,780,958,1106,1054,1,1,0,1,1,1,1,1,1,1,1,1,1,1,1,1
2026-07-03T19:41:28.630,tof1,4x4,lying,-1,-1,-1,-1,-1,-1,366,-1,-1,392,345,328,-1,-1,329,304,0,0,0,0,0,0,1,0,0,1,1,1,0,0,1,1
2026-07-03T19:41:28.736,tof2,4x4,lying,2978,3256,-1,3311,-1,1478,-1,3415,942,1389,1582,-1,780,958,-1,1054,1,1,0,1,0,1,0,1,1,1,1,1,1,1,1,1
2026-07-03T19:41:28.811,tof1,4x4,lying,-1,-1,-1,-1,-1,-1,365,-1,-1,395,346,331,-1,-1,329,304,0,0,0,0,0,0,1,0,0,1,1,1,0,0,1,1
2026-07-03T19:41:28.905,tof2,4x4,lying,-1,3259,-1,3315,-1,1478,2172,3467,942,1382,-1,-1,780,958,1100,1054,1,1,0,1,0,1,1,1,1,1,1,0,1,1,1,1
2026-07-03T19:41:29.001,tof1,4x4,lying,-1,-1,-1,-1,-1,-1,365,-1,-1,395,346,331,-1,-1,329,304,0,0,0,0,0,0,1,0,0,1,1,1,0,0,1,1
2026-07-03T19:41:29.095,tof2,4x4,lying,-1,3264,3335,3315,-1,1478,-1,-1,934,1383,1582,-1,780,958,1099,1054,1,1,1,1,0,1,0,0,1,1,1,0,1,1,1,1
2026-07-03T19:41:29.154,tof1,4x4,lying,-1,-1,-1,-1,-1,-1,365,-1,-1,395,344,331,-1,-1,327,304,0,0,0,0,0,0,1,0,0,1,1,1,0,0,1,1
2026-07-03T19:41:29.261,tof2,4x4,lying,2981,3264,-1,3301,-1,1482,2172,3467,934,1383,1557,-1,776,960,1099,1040,1,1,1,1,1,1,1,1,1,1,1,0,1,1,1,1
2026-07-03T19:41:29.329,tof1,4x4,lying,-1,-1,-1,-1,-1,-1,365,-1,-1,395,344,331,-1,-1,327,305,0,0,0,0,0,0,1,0,0,1,1,1,0,0,1,1
2026-07-03T19:41:29.434,tof2,4x4,lying,2981,3264,-1,3301,-1,1484,2172,3435,942,1383,-1,-1,775,958,1099,1040,1,1,0,1,1,1,1,1,1,1,1,0,1,1,1,1
2026-07-03T19:41:29.510,tof1,4x4,lying,-1,-1,-1,-1,-1,-1,365,-1,-1,395,344,330,-1,-1,327,305,0,0,0,1,0,0,1,0,0,1,1,1,0,0,1,1
2026-07-03T19:41:29.669,tof1,4x4,lying,-1,-1,-1,-1,-1,401,365,345,-1,394,343,330,202,442,326,305,0,0,0,0,0,1,1,1,0,1,1,1,1,1,1,1
2026-07-03T19:41:29.718,tof2,4x4,lying,2978,3264,-1,3301,2156,1484,2172,3435,942,1383,1551,-1,776,-1,1107,1040,1,1,1,1,1,1,1,1,1,1,1,0,1,1,1,1
2026-07-03T19:41:29.857,tof1,4x4,lying,3271,-1,-1,-1,-1,-1,361,345,-1,392,343,329,168,327,318,303,1,0,0,0,0,0,1,1,0,1,1,1,1,1,1,1
2026-07-03T19:41:29.886,tof2,4x4,lying,2978,3253,-1,3293,2107,1485,-1,3435,942,1387,1551,-1,786,-1,-1,1047,1,1,0,1,1,1,0,1,1,1,1,0,1,1,1,1
2026-07-03T19:41:30.075,tof1,4x4,lying,-1,-1,-1,-1,253,401,360,343,-1,251,310,329,164,159,163,243,1,0,0,0,1,1,1,1,0,1,1,1,1,1,1,1
2026-07-03T19:41:30.092,tof2,4x4,lying,2978,3253,-1,3293,-1,1485,-1,3435,942,1387,1557,-1,786,-1,1107,1047,1,1,0,1,1,1,0,1,1,1,1,0,1,1,1,1
2026-07-03T19:41:30.248,tof1,4x4,lying,-1,-1,196,-1,242,-1,228,319,213,170,172,218,147,146,146,152,0,0,1,0,1,0,1,1,1,1,1,1,1,1,1,1
2026-07-03T19:41:30.255,tof2,4x4,lying,-1,3252,-1,3320,-1,1476,-1,3460,942,1388,1557,-1,786,966,-1,1053,1,1,0,1,0,1,0,1,1,1,1,0,1,1,1,1
2026-07-03T19:41:30.443,tof1,4x4,lying,-1,-1,-1,-1,230,360,-1,319,213,160,163,218,147,145,146,-1,1,0,0,0,1,1,0,1,1,1,1,1,1,1,1,0
2026-07-03T19:41:30.471,tof2,4x4,lying,2978,3252,-1,3325,-1,1464,-1,3464,957,1390,-1,-1,786,-1,1109,1053,1,1,0,1,0,1,1,1,1,1,1,0,1,1,1,1
2026-07-03T19:41:30.621,tof1,4x4,lying,-1,-1,-1,-1,230,203,228,319,175,160,163,218,147,145,146,152,0,0,0,0,1,1,1,1,1,1,1,1,1,1,1,1
2026-07-03T19:41:30.675,tof2,4x4,lying,2978,3251,-1,3325,-1,1464,-1,3464,957,1402,-1,-1,788,970,1109,1050,1,1,0,1,0,1,1,1,1,1,1,0,1,1,1,1
2026-07-03T19:41:30.814,tof1,4x4,lying,-1,-1,-1,-1,229,202,228,338,174,160,163,250,151,145,149,152,0,0,0,0,1,1,1,1,1,1,1,1,1,1,1,1
2026-07-03T19:41:30.867,tof2,4x4,lying,2987,3255,-1,3325,-1,1455,-1,3460,957,1402,1585,-1,784,970,-1,1049,1,1,1,1,0,1,0,1,1,1,1,1,1,1,1,1
2026-07-03T19:41:30.983,tof1,4x4,lying,-1,-1,-1,-1,225,195,264,352,173,168,190,323,151,148,174,286,0,0,0,0,1,1,1,1,1,1,1,1,1,1,1,1
2026-07-03T19:41:31.317,tof1,4x4,lying,-1,-1,-1,-1,224,195,264,352,173,169,194,326,151,150,183,292,0,1,0,0,1,1,1,1,1,1,1,1,1,1,1,1
2026-07-03T19:41:31.484,tof1,4x4,lying,-1,-1,-1,-1,211,195,264,352,173,169,195,332,151,150,185,292,0,0,0,0,1,1,1,1,1,1,1,1,1,1,1,1
2026-07-03T19:41:31.664,tof1,4x4,lying,-1,-1,-1,-1,207,193,254,350,171,168,195,332,151,150,183,292,0,0,0,0,1,1,1,1,1,1,1,1,1,1,1,1
2026-07-03T19:41:31.821,tof1,4x4,lying,-1,-1,-1,-1,202,192,250,349,170,166,195,332,151,150,183,292,0,0,0,0,1,1,1,1,1,1,1,1,1,1,1,1
2026-07-03T19:41:31.984,tof1,4x4,lying,-1,-1,-1,-1,202,192,250,-1,170,166,205,337,153,152,186,292,0,0,0,0,1,1,1,0,1,1,1,1,1,1,1,1
2026-07-03T19:41:32.302,tof1,4x4,lying,-1,-1,-1,-1,202,192,244,-1,170,166,205,339,153,152,186,292,0,0,0,0,1,1,1,0,1,1,1,1,1,1,1,1
2026-07-03T19:41:32.489,tof1,4x4,lying,3265,197,240,-1,203,186,223,341,173,166,190,332,154,152,178,286,1,1,1,0,1,1,1,1,1,1,1,1,1,1,1,1
2026-07-03T19:41:32.654,tof1,4x4,lying,-1,-1,-1,-1,203,184,217,318,173,164,187,331,165,151,174,284,0,0,1,0,1,1,1,1,1,1,1,1,1,1,1,1
2026-07-03T19:41:32.820,tof1,4x4,lying,-1,238,-1,-1,204,184,206,293,175,167,179,320,165,153,174,273,0,1,0,0,1,1,1,1,1,1,1,1,1,1,1,1
2026-07-03T19:41:32.989,tof1,4x4,lying,3178,238,240,-1,204,183,200,282,175,164,176,301,167,153,169,252,1,1,1,0,1,1,1,1,1,1,1,1,1,1,1,1
2026-07-03T19:41:33.147,tof1,4x4,lying,-1,238,240,-1,202,180,185,259,176,163,174,245,167,153,160,227,0,1,1,0,1,1,1,1,1,1,1,1,1,1,1,1
2026-07-03T19:41:33.315,tof1,4x4,lying,-1,-1,-1,200,-1,171,172,188,178,163,159,168,203,161,160,164,0,0,0,1,0,1,1,1,1,1,1,1,1,1,1,1
2026-07-03T19:41:33.474,tof1,4x4,lying,246,-1,-1,-1,202,166,167,172,184,161,156,160,203,174,158,161,1,0,0,0,1,1,1,1,1,1,1,1,1,1,1,1
2026-07-03T19:41:33.635,tof1,4x4,lying,-1,226,211,200,-1,166,159,167,201,161,149,156,207,174,157,158,0,1,1,1,0,1,1,1,1,1,1,1,1,1,1,1
2026-07-03T19:41:33.806,tof1,4x4,lying,-1,-1,201,200,-1,166,158,161,206,163,146,145,214,174,152,144,0,0,1,1,0,1,1,1,1,1,1,1,1,1,1,1
2026-07-03T19:41:33.826,tof2,4x4,lying,2987,3258,-1,3323,-1,1451,2172,3457,965,1402,-1,-1,784,-1,1113,1050,1,1,0,1,0,1,1,1,1,1,1,0,1,1,1,1
2026-07-03T19:41:33.970,tof1,4x4,lying,-1,-1,201,195,-1,177,158,155,229,163,145,136,227,174,150,131,0,0,1,1,0,1,1,1,1,1,1,1,1,1,1,1
2026-07-03T19:41:33.985,tof2,4x4,lying,-1,3259,3333,3302,-1,1449,-1,3451,957,1397,-1,-1,762,966,1108,1049,0,1,1,1,0,1,0,1,1,1,1,0,1,1,1,1
2026-07-03T19:41:34.123,tof1,4x4,lying,-1,-1,201,195,-1,192,155,153,248,169,143,134,247,172,150,128,0,0,1,1,0,1,1,1,1,1,1,1,1,1,1,1
2026-07-03T19:41:34.137,tof2,4x4,lying,2987,3259,-1,3286,-1,1449,-1,3451,954,1365,-1,-1,782,-1,-1,1049,1,1,1,1,0,1,0,1,1,1,1,1,1,1,1,1
2026-07-03T19:41:34.276,tof1,4x4,lying,-1,-1,201,195,-1,192,154,151,252,169,143,134,290,170,149,128,0,0,1,1,0,1,1,1,1,1,1,1,1,1,1,1
2026-07-03T19:41:34.292,tof2,4x4,lying,2975,3259,-1,3286,-1,1449,-1,3451,954,1365,-1,-1,757,966,1108,1049,1,1,0,1,0,1,1,1,1,1,1,1,1,1,1,1
2026-07-03T19:41:34.462,tof1,4x4,lying,-1,-1,203,195,-1,192,154,150,291,169,143,134,291,170,146,128,0,0,1,1,0,1,1,1,1,1,1,1,1,1,1,1
2026-07-03T19:41:34.472,tof2,4x4,lying,2987,3259,-1,3302,-1,1486,-1,3451,954,1365,1585,-1,773,964,1106,1050,1,1,0,1,0,1,1,1,1,1,1,0,1,1,1,1
2026-07-03T19:41:34.642,tof1,4x4,lying,-1,-1,204,196,-1,186,151,147,339,169,139,134,301,166,140,125,0,0,1,1,0,1,1,1,1,1,1,1,1,1,1,1
2026-07-03T19:41:34.658,tof2,4x4,lying,-1,3260,-1,3304,-1,1488,2172,3448,941,1357,1557,-1,773,-1,-1,1045,0,1,0,1,0,1,1,1,1,1,1,1,1,1,1,1
2026-07-03T19:41:34.841,tof1,4x4,lying,-1,-1,204,-1,-1,186,151,146,342,169,139,134,303,166,140,125,1,0,1,0,0,1,1,1,1,1,1,1,1,1,1,1
2026-07-03T19:41:34.948,tof2,4x4,lying,3006,3261,3328,3312,-1,1503,-1,3452,941,1357,1494,-1,782,964,-1,1051,1,1,1,1,0,1,0,1,1,1,1,1,1,1,1,1
2026-07-03T19:41:35.024,tof1,4x4,lying,-1,-1,207,-1,-1,186,151,146,364,169,139,134,304,166,140,125,0,0,1,0,0,1,1,1,1,1,1,1,1,1,1,1
2026-07-03T19:41:35.128,tof2,4x4,lying,3006,3261,-1,3312,-1,1503,-1,3448,941,1371,-1,-1,773,964,1106,1051,1,1,0,1,0,1,0,1,1,1,1,0,1,1,1,1
2026-07-03T19:41:35.191,tof1,4x4,lying,-1,-1,207,-1,-1,276,-1,146,364,236,156,135,366,220,151,132,1,0,1,0,0,1,0,1,1,1,1,1,1,1,1,1
2026-07-03T19:41:35.282,tof2,4x4,lying,-1,3261,3333,3305,-1,1502,-1,3452,941,1357,1494,1352,773,979,1106,1049,1,1,1,1,1,1,1,1,1,1,1,1,1,1,1,1
2026-07-03T19:41:35.355,tof1,4x4,lying,-1,-1,-1,-1,-1,306,-1,149,-1,260,162,138,391,229,156,136,0,0,0,0,0,1,0,1,1,1,1,1,1,1,1,1
2026-07-03T19:41:35.447,tof2,4x4,lying,2991,3261,-1,3305,-1,1488,2180,3466,941,1371,-1,-1,773,979,1106,1049,1,1,0,1,1,1,1,1,1,1,1,1,1,1,1,1
2026-07-03T19:41:35.516,tof1,4x4,lying,-1,-1,-1,-1,-1,324,174,150,-1,263,163,139,406,230,156,136,0,0,0,0,0,1,1,1,1,1,1,1,1,1,1,1
2026-07-03T19:41:35.673,tof1,4x4,lying,-1,-1,-1,196,-1,328,181,150,366,279,163,140,406,230,160,136,0,0,0,1,0,1,1,1,1,1,1,1,1,1,1,1
2026-07-03T19:41:35.829,tof1,4x4,lying,-1,-1,-1,-1,-1,347,248,151,389,367,173,140,406,231,160,136,1,0,0,0,0,1,1,1,1,1,1,1,1,1,1,1
2026-07-03T19:41:35.996,tof1,4x4,lying,-1,-1,-1,-1,-1,368,298,152,407,397,178,141,388,254,160,136,0,0,0,0,0,1,1,1,1,1,1,1,1,1,1,1
2026-07-03T19:41:36.164,tof1,4x4,lying,-1,-1,-1,-1,-1,374,359,-1,407,397,227,148,366,365,172,137,0,0,0,0,0,1,1,0,1,1,1,1,1,1,1,1
2026-07-03T19:41:36.321,tof1,4x4,lying,-1,-1,-1,-1,-1,374,359,173,407,398,227,149,363,365,172,137,0,0,0,0,0,1,1,1,1,1,1,1,1,1,1,1
2026-07-03T19:41:36.540,tof2,4x4,lying,2999,3258,-1,3305,-1,1502,2147,3466,941,1371,1494,-1,772,979,1101,1049,1,1,0,1,0,1,1,1,1,1,1,0,1,1,1,1
2026-07-03T19:41:37.009,tof1,4x4,lying,-1,-1,-1,-1,-1,374,359,173,407,397,227,149,363,365,172,137,0,0,0,0,0,1,1,1,1,1,1,1,1,1,1,1
2026-07-03T19:41:37.012,tof2,4x4,lying,2991,3258,-1,3303,-1,1502,2156,3466,946,1373,1513,-1,767,-1,1105,1048,1,1,0,1,0,1,1,1,1,1,1,0,1,1,1,1
2026-07-03T19:41:37.158,tof1,4x4,lying,-1,-1,-1,-1,-1,360,359,173,407,397,225,149,363,346,172,136,0,0,0,0,0,1,1,1,1,1,1,1,1,1,1,1
2026-07-03T19:41:37.190,tof2,4x4,lying,2991,3269,-1,3295,2092,1503,-1,3466,946,1373,-1,-1,767,979,1101,1048,1,1,1,1,1,1,1,1,1,1,1,0,1,1,1,1
2026-07-03T19:41:37.318,tof1,4x4,lying,-1,-1,-1,-1,-1,319,-1,149,405,307,161,133,363,221,147,128,0,0,0,0,0,1,0,1,1,1,1,1,1,1,1,1
2026-07-03T19:41:37.350,tof2,4x4,lying,2999,3269,-1,3295,-1,1508,-1,3474,946,1373,-1,-1,756,-1,1100,1048,1,1,0,1,0,1,1,1,1,1,1,0,1,1,1,1
2026-07-03T19:41:37.470,tof1,4x4,lying,-1,-1,-1,-1,-1,313,-1,148,407,262,156,132,363,218,147,128,0,0,0,0,0,1,0,1,1,1,1,1,1,1,1,1
2026-07-03T19:41:37.511,tof2,4x4,lying,3015,3267,-1,3290,-1,1510,2156,3439,947,1375,-1,-1,756,-1,1100,1048,1,1,0,1,0,1,1,1,1,1,1,0,1,1,1,1
2026-07-03T19:41:37.707,tof1,4x4,lying,-1,-1,-1,195,206,313,202,145,408,255,152,130,364,206,144,126,0,0,0,1,1,1,1,1,1,1,1,1,1,1,1,1
2026-07-03T19:41:37.712,tof2,4x4,lying,3015,3267,-1,3295,-1,1510,-1,3439,947,1375,1536,-1,756,-1,1105,1048,1,1,0,1,1,1,1,1,1,1,1,0,1,1,1,1
2026-07-03T19:41:37.949,tof1,4x4,lying,-1,-1,-1,-1,-1,-1,187,145,408,237,151,129,366,206,144,126,0,0,0,0,0,0,1,1,1,1,1,1,1,1,1,1
2026-07-03T19:41:38.045,tof2,4x4,lying,3035,3264,-1,3303,-1,1508,-1,3439,932,1375,1554,-1,775,-1,-1,1048,1,1,0,1,0,1,0,1,1,1,1,1,1,1,1,1
2026-07-03T19:41:38.115,tof1,4x4,lying,-1,-1,207,-1,-1,310,177,142,412,230,151,129,383,204,144,126,0,1,1,0,0,1,1,1,1,1,1,1,1,1,1,1
2026-07-03T19:41:38.227,tof2,4x4,lying,3016,3257,-1,3304,-1,1508,2156,3474,934,1369,1557,-1,780,-1,1108,1050,1,1,0,1,0,1,1,1,1,1,1,1,1,1,1,1
2026-07-03T19:41:38.289,tof1,4x4,lying,-1,-1,204,-1,-1,301,164,142,427,219,151,129,383,196,142,124,0,0,1,0,0,1,1,1,1,1,1,1,1,1,1,1
2026-07-03T19:41:38.428,tof2,4x4,lying,-1,3252,-1,3304,-1,1495,-1,3440,934,1368,-1,-1,780,-1,1108,1051,1,1,0,1,0,1,1,1,1,1,1,0,1,1,1,1
2026-07-03T19:41:38.456,tof1,4x4,lying,-1,226,204,-1,-1,-1,161,141,428,208,147,128,392,183,143,124,0,1,1,0,0,0,1,1,1,1,1,1,1,1,1,1
2026-07-03T19:41:38.620,tof2,4x4,lying,3015,3252,-1,3304,-1,1495,-1,3516,934,1368,-1,-1,775,962,1108,1054,1,1,0,1,1,1,0,1,1,1,1,0,1,1,1,1
2026-07-03T19:41:38.623,tof1,4x4,lying,246,-1,204,190,-1,252,154,139,428,180,142,126,-1,176,143,124,1,0,1,1,0,1,1,1,1,1,1,1,1,1,1,1
2026-07-03T19:41:38.784,tof2,4x4,lying,-1,3256,-1,-1,-1,1495,-1,3516,939,1368,-1,-1,768,962,1108,1052,1,1,0,1,1,1,0,1,1,1,1,0,1,1,1,1
2026-07-03T19:41:38.846,tof1,4x4,lying,-1,-1,-1,188,-1,201,152,137,455,176,140,126,405,173,138,122,0,0,0,1,0,1,1,1,1,1,1,1,1,1,1,1
2026-07-03T19:41:38.944,tof2,4x4,lying,2994,3256,3333,3304,-1,1495,2156,3459,939,1368,-1,-1,765,-1,1109,1052,1,1,1,1,1,1,1,1,1,1,1,1,1,1,1,1
2026-07-03T19:41:38.997,tof1,4x4,lying,-1,-1,-1,-1,-1,-1,-1,137,-1,176,140,126,-1,170,137,118,0,0,0,1,0,0,1,1,0,1,1,1,1,1,1,1
2026-07-03T19:41:39.104,tof2,4x4,lying,2999,3256,-1,3301,-1,1482,-1,3440,940,1391,-1,-1,760,-1,1109,1052,1,1,0,1,0,1,0,1,1,1,1,1,1,1,1,1
2026-07-03T19:41:39.173,tof1,4x4,lying,-1,-1,-1,-1,-1,-1,-1,139,-1,180,142,126,-1,173,138,122,0,0,0,1,0,0,0,1,0,1,1,1,1,1,1,1
2026-07-03T19:41:39.254,tof2,4x4,lying,2999,3256,-1,3301,-1,-1,-1,2881,940,1391,-1,-1,759,958,1109,1052,1,1,0,1,0,1,1,1,1,1,1,0,1,1,1,1
2026-07-03T19:41:39.339,tof1,4x4,lying,-1,-1,-1,-1,-1,-1,152,213,-1,225,154,129,-1,173,138,122,0,0,0,0,0,0,1,1,0,1,1,1,0,1,1,1
2026-07-03T19:41:39.413,tof2,4x4,lying,2994,3256,3324,3305,-1,1480,-1,2881,955,1391,1575,-1,759,935,1105,1052,1,1,1,1,0,1,1,1,1,1,1,0,1,1,1,1
2026-07-03T19:41:39.495,tof1,4x4,lying,-1,-1,-1,-1,-1,-1,-1,357,-1,488,406,325,-1,230,213,165,0,0,0,0,0,0,0,1,0,1,1,1,1,1,1,1
2026-07-03T19:41:39.588,tof2,4x4,lying,2999,3253,-1,3305,-1,1480,2172,3432,949,1408,1579,-1,757,-1,1103,1052,1,1,0,1,0,1,1,1,1,1,1,0,1,1,1,1
2026-07-03T19:41:39.751,tof2,4x4,lying,3028,3253,-1,3302,-1,1482,-1,3432,-1,1412,-1,1312,757,904,1099,1052,1,1,0,1,0,1,1,1,0,1,1,1,1,1,1,1
2026-07-03T19:41:39.790,tof1,4x4,lying,-1,-1,-1,-1,-1,-1,154,357,-1,488,406,325,-1,-1,229,180,0,0,0,0,0,0,1,1,0,1,1,1,0,1,1,1
2026-07-03T19:41:39.909,tof2,4x4,lying,3028,3256,-1,3305,-1,-1,-1,3459,-1,1412,-1,-1,759,-1,1098,1052,1,1,1,1,0,1,0,1,0,1,1,1,1,1,1,1
2026-07-03T19:41:39.954,tof1,4x4,lying,-1,-1,-1,-1,-1,-1,411,357,-1,494,406,325,-1,258,291,212,0,0,0,1,0,0,1,1,0,1,1,1,0,1,1,1
2026-07-03T19:41:40.070,tof2,4x4,lying,-1,3258,-1,3312,-1,-1,2172,3459,-1,1412,1575,-1,762,894,1099,1052,1,1,0,1,0,0,1,1,1,1,1,1,1,1,1,1
2026-07-03T19:41:40.144,tof1,4x4,lying,-1,-1,-1,-1,-1,-1,414,353,-1,494,395,322,-1,362,291,235,0,0,0,1,0,0,1,1,0,1,1,1,1,1,1,1
2026-07-03T19:41:40.238,tof2,4x4,lying,2957,3258,-1,3312,-1,1508,-1,3463,-1,966,1579,-1,763,881,1098,1051,1,1,0,1,0,1,0,1,0,1,1,0,1,1,1,1
2026-07-03T19:41:40.328,tof1,4x4,lying,-1,-1,-1,-1,-1,-1,-1,353,-1,494,395,322,-1,362,291,235,0,0,0,0,0,0,0,1,0,1,1,1,0,1,1,1
2026-07-03T19:41:40.411,tof2,4x4,lying,2982,3258,-1,3312,-1,-1,-1,3459,-1,966,-1,-1,765,881,-1,1048,1,1,1,1,1,0,0,1,0,1,1,1,1,1,1,1
2026-07-03T19:41:40.533,tof1,4x4,lying,-1,-1,-1,-1,-1,-1,-1,353,-1,494,395,322,424,362,291,235,0,0,0,1,0,0,0,1,0,1,1,1,1,1,1,1
2026-07-03T19:41:40.600,tof2,4x4,lying,2982,3253,-1,3312,-1,-1,-1,3418,955,951,-1,-1,787,881,1098,1051,1,1,0,1,0,1,1,1,1,1,1,0,1,1,1,1
2026-07-03T19:41:40.701,tof1,4x4,lying,-1,-1,-1,-1,-1,-1,-1,369,458,515,-1,330,447,335,256,194,0,0,0,0,0,0,0,1,1,1,1,1,1,1,1,1
2026-07-03T19:41:40.778,tof2,4x4,lying,2982,3253,-1,-1,-1,-1,2164,2870,949,966,1575,1349,807,883,1105,1048,1,1,0,1,0,0,1,1,1,1,1,1,1,1,1,1
2026-07-03T19:41:40.859,tof1,4x4,lying,-1,-1,-1,-1,-1,-1,-1,390,-1,519,-1,345,-1,-1,189,169,0,0,0,0,0,0,0,1,0,1,1,1,0,1,1,1
2026-07-03T19:41:40.933,tof2,4x4,lying,2982,3253,-1,-1,2092,-1,-1,3418,949,-1,1579,-1,809,895,-1,1048,1,1,1,1,1,0,0,1,1,1,1,0,1,1,1,1
2026-07-03T19:41:41.019,tof1,4x4,lying,-1,-1,-1,-1,-1,-1,-1,425,-1,-1,393,345,-1,335,187,165,0,0,0,0,0,0,1,1,0,0,1,1,0,1,1,1
2026-07-03T19:41:41.089,tof2,4x4,lying,2982,3253,-1,3307,1456,-1,-1,3418,948,1365,1579,-1,814,899,-1,1046,1,1,0,1,1,0,1,1,1,1,1,0,1,1,1,1
2026-07-03T19:41:41.246,tof2,4x4,lying,2972,3260,-1,3295,1455,-1,-1,3488,948,-1,1579,-1,817,-1,1105,1049,1,1,0,1,1,0,0,1,1,1,1,0,1,1,1,1
2026-07-03T19:41:41.327,tof1,4x4,lying,-1,-1,-1,-1,-1,-1,-1,425,-1,524,407,345,-1,335,187,165,0,0,0,0,0,0,0,1,0,1,1,1,0,1,1,1
2026-07-03T19:41:41.401,tof2,4x4,lying,2972,3260,-1,3295,-1,-1,2164,3488,947,1365,-1,1312,817,895,1105,1049,1,1,0,1,0,0,1,1,1,1,1,1,1,1,1,1
2026-07-03T19:41:41.504,tof1,4x4,lying,-1,-1,-1,-1,-1,-1,414,425,-1,524,407,339,-1,338,187,165,0,0,0,0,0,0,1,1,0,1,1,1,0,1,1,1
2026-07-03T19:41:41.578,tof2,4x4,lying,2972,3260,3324,3307,-1,1508,-1,3488,947,954,1526,-1,816,898,1105,1049,1,1,1,1,0,1,1,1,1,1,1,0,1,1,1,1
2026-07-03T19:41:41.691,tof1,4x4,lying,-1,-1,-1,-1,-1,-1,411,375,-1,515,383,327,-1,405,206,207,0,0,0,0,0,0,1,1,0,1,1,1,0,1,1,1
2026-07-03T19:41:41.767,tof2,4x4,lying,2972,3250,-1,3307,-1,1518,-1,3469,-1,954,-1,-1,816,895,-1,1048,1,1,0,1,0,1,1,1,1,1,1,0,1,1,1,1
2026-07-03T19:41:41.923,tof1,4x4,lying,-1,-1,-1,-1,-1,-1,408,352,-1,475,379,326,-1,421,273,245,0,0,0,0,0,0,1,1,0,1,1,1,0,1,1,1
2026-07-03T19:41:41.935,tof2,4x4,lying,2972,3268,3324,3307,-1,1518,2164,3463,-1,940,1526,-1,802,893,1099,1049,1,1,1,1,0,1,1,1,0,1,1,0,1,1,1,1
2026-07-03T19:41:42.121,tof1,4x4,lying,-1,-1,-1,-1,-1,-1,396,349,-1,463,367,326,-1,421,286,277,0,0,0,0,0,0,1,1,0,1,1,1,0,1,1,1
2026-07-03T19:41:42.124,tof2,4x4,lying,-1,3268,-1,3313,-1,1507,2164,3463,947,940,1519,-1,799,-1,-1,1049,1,1,0,1,0,1,1,1,1,1,1,0,1,1,1,1
2026-07-03T19:41:42.281,tof2,4x4,lying,2976,3268,-1,3307,-1,1507,2164,2872,-1,940,-1,1312,799,888,-1,1048,1,1,0,1,0,1,1,1,0,1,1,1,1,1,1,1
2026-07-03T19:41:42.449,tof2,4x4,lying,2976,3268,-1,3311,-1,1515,2164,3464,960,971,-1,-1,802,888,-1,1052,1,1,0,1,0,1,1,1,1,1,1,0,1,1,1,1
2026-07-03T19:41:42.616,tof2,4x4,lying,3001,3268,-1,3311,-1,1515,2191,3442,-1,986,-1,-1,1028,888,-1,1052,1,1,0,1,0,1,1,1,0,1,1,0,1,1,1,1
2026-07-03T19:41:42.729,tof1,4x4,lying,-1,-1,-1,-1,-1,-1,388,347,458,449,360,324,-1,421,287,277,0,0,0,0,0,0,1,1,1,1,1,1,0,1,1,1
2026-07-03T19:41:42.789,tof2,4x4,lying,3026,3259,-1,3313,-1,1537,-1,3442,1536,996,1519,-1,1033,893,1099,1052,1,1,0,1,0,1,1,1,1,1,1,0,1,1,1,1
2026-07-03T19:41:42.898,tof1,4x4,lying,-1,-1,-1,-1,-1,-1,380,345,-1,447,356,318,-1,421,287,277,0,0,0,0,0,0,1,1,0,1,1,1,0,1,1,1
2026-07-03T19:41:42.951,tof2,4x4,lying,3028,3258,-1,3311,-1,1537,-1,3442,1558,1032,1519,-1,1052,922,1097,1049,1,1,0,1,0,1,0,1,1,1,1,0,1,1,1,1
2026-07-03T19:41:43.063,tof1,4x4,lying,-1,-1,-1,-1,-1,-1,379,339,458,447,356,315,-1,383,287,257,0,0,0,0,0,0,1,1,1,1,1,1,0,1,1,1
2026-07-03T19:41:43.141,tof2,4x4,lying,3028,3258,-1,3311,-1,1541,-1,3442,1605,-1,1621,-1,-1,956,1049,1052,1,1,1,1,0,1,0,1,1,1,1,0,1,1,1,1
2026-07-03T19:41:43.240,tof1,4x4,lying,-1,-1,-1,-1,-1,-1,379,339,-1,426,342,315,-1,333,272,232,0,0,0,0,0,0,1,1,0,1,1,1,0,1,1,1
2026-07-03T19:41:43.305,tof2,4x4,lying,3033,3257,3302,3307,-1,1537,-1,2898,-1,1053,1621,-1,-1,956,1027,1049,1,1,1,1,0,1,0,1,1,1,1,0,1,1,1,1
2026-07-03T19:41:43.419,tof1,4x4,lying,-1,-1,-1,-1,-1,201,379,339,-1,416,342,315,447,284,245,197,0,0,0,0,0,1,1,1,0,1,1,1,1,1,1,1
2026-07-03T19:41:43.479,tof2,4x4,lying,3033,3250,-1,3305,-1,1521,2191,2898,1584,1053,1621,-1,-1,956,1021,1052,1,1,0,1,0,1,1,1,1,1,1,0,1,1,1,1
2026-07-03T19:41:43.635,tof1,4x4,lying,-1,-1,-1,-1,-1,-1,379,344,458,403,334,314,-1,222,187,143,0,0,0,0,0,1,1,1,1,1,1,1,1,1,1,1
2026-07-03T19:41:43.656,tof2,4x4,lying,3033,3246,3302,3297,-1,-1,-1,2898,1605,1053,1614,-1,1049,955,-1,1049,1,1,1,1,1,1,1,1,1,1,1,0,1,1,1,1
2026-07-03T19:41:44.078,tof2,4x4,lying,3010,3246,-1,3305,-1,1507,-1,2898,1605,1023,1612,-1,1048,924,1021,1049,1,1,0,1,0,1,0,1,1,1,1,0,1,1,1,1
2026-07-03T19:41:44.236,tof2,4x4,lying,2980,3246,-1,3307,-1,1507,-1,2898,1584,969,-1,1312,1048,924,-1,1048,1,1,0,1,0,1,1,1,1,1,1,1,1,1,1,1
2026-07-03T19:41:44.397,tof2,4x4,lying,2980,3252,-1,3320,-1,1449,2169,2867,952,969,1570,-1,1048,-1,-1,1048,1,1,0,1,0,1,1,1,1,1,1,0,1,1,1,1
2026-07-03T19:41:44.572,tof2,4x4,lying,2970,3252,-1,3320,-1,1429,-1,2867,952,969,1532,-1,999,924,1021,1048,1,1,0,1,0,1,1,1,1,1,1,1,1,1,1,1
2026-07-03T19:41:44.646,tof1,4x4,lying,-1,217,194,188,200,194,379,344,-1,286,331,314,447,222,187,143,0,1,1,1,1,1,1,1,0,1,1,1,1,1,1,1
2026-07-03T19:41:44.740,tof2,4x4,lying,2948,3261,-1,3320,1409,-1,-1,3481,942,996,1526,-1,988,969,-1,1048,1,1,1,1,1,1,0,1,1,1,1,1,1,1,1,1
2026-07-03T19:41:44.823,tof1,4x4,lying,-1,-1,-1,-1,-1,-1,-1,-1,-1,283,279,316,423,185,185,143,0,0,0,0,0,0,0,0,0,1,1,1,1,1,1,1
2026-07-03T19:41:44.906,tof2,4x4,lying,2970,3261,-1,3305,1409,1421,2169,3486,930,-1,1524,-1,988,-1,1094,1044,1,1,1,1,1,1,1,1,1,1,1,0,1,1,1,1
2026-07-03T19:41:44.990,tof1,4x4,lying,-1,-1,-1,-1,-1,-1,-1,-1,-1,-1,279,316,280,158,180,237,1,0,0,0,0,0,0,0,0,0,1,1,1,1,1,1
2026-07-03T19:41:45.078,tof2,4x4,lying,2992,3258,-1,3305,885,1421,2190,3486,936,998,1489,-1,988,-1,1104,1048,1,1,0,1,1,1,1,1,1,1,1,0,1,1,1,1
2026-07-03T19:41:45.165,tof1,4x4,lying,-1,-1,-1,-1,-1,-1,-1,-1,-1,-1,-1,416,156,157,180,311,0,0,0,0,0,0,0,0,0,0,0,1,1,1,1,1
2026-07-03T19:41:45.236,tof2,4x4,lying,2992,3258,-1,3294,885,-1,2190,3506,936,1418,1466,-1,988,-1,1104,1048,1,1,0,1,1,1,1,1,1,1,1,0,1,1,1,1
2026-07-03T19:41:45.598,tof1,4x4,lying,-1,-1,-1,-1,-1,-1,-1,-1,-1,-1,-1,426,154,157,180,311,1,0,0,0,0,0,0,0,0,1,1,1,1,1,1,1
2026-07-03T19:41:45.612,tof2,4x4,lying,2992,3258,-1,3305,885,-1,2190,3486,936,1418,1466,-1,988,969,1099,1048,1,1,0,1,1,1,1,1,1,1,1,0,1,1,1,1
2026-07-03T19:41:45.752,tof1,4x4,lying,-1,-1,-1,-1,-1,-1,379,-1,-1,258,279,433,153,156,177,311,0,0,0,0,0,0,1,1,0,1,1,1,1,1,1,1
2026-07-03T19:41:45.765,tof2,4x4,lying,3004,3258,-1,3294,906,987,-1,3506,947,1418,1462,-1,-1,1016,1099,1048,1,1,0,1,1,1,0,1,1,1,1,0,1,1,1,1
2026-07-03T19:41:45.909,tof1,4x4,lying,-1,-1,-1,-1,-1,-1,-1,357,-1,258,293,433,153,149,162,290,1,0,0,0,0,0,0,1,0,1,1,1,1,1,1,1
2026-07-03T19:41:45.925,tof2,4x4,lying,3004,3258,-1,3309,907,987,-1,2881,963,1058,1462,-1,1012,-1,1098,1048,1,1,1,1,1,1,0,1,1,1,1,0,1,1,1,1
2026-07-03T19:41:46.061,tof1,4x4,lying,-1,-1,-1,-1,-1,-1,422,-1,-1,258,329,433,153,149,162,290,0,0,0,0,0,0,1,0,0,1,1,1,1,1,1,1
2026-07-03T19:41:46.102,tof2,4x4,lying,2991,3258,-1,3309,921,987,-1,2881,964,965,1440,-1,1055,-1,1095,1048,1,1,1,1,1,1,0,1,1,1,1,0,1,1,1,1
2026-07-03T19:41:46.236,tof1,4x4,lying,-1,-1,-1,-1,-1,-1,-1,-1,-1,398,412,430,168,149,162,290,0,0,0,0,0,0,0,0,0,1,1,1,1,1,1,1
2026-07-03T19:41:46.257,tof2,4x4,lying,2991,3252,-1,3309,927,902,-1,2881,976,947,982,-1,1056,1021,1095,1048,1,1,0,1,1,1,0,1,1,1,1,1,1,1,1,1
2026-07-03T19:41:46.382,tof1,4x4,lying,-1,-1,-1,-1,-1,-1,-1,-1,-1,-1,-1,430,168,160,175,250,0,0,0,0,0,0,0,0,0,0,1,1,1,1,1,1
2026-07-03T19:41:46.443,tof2,4x4,lying,2991,3258,-1,3306,949,889,-1,2890,976,947,940,-1,1057,1062,-1,1054,1,1,0,1,1,1,1,1,1,1,1,0,1,1,1,1
2026-07-03T19:41:46.558,tof1,4x4,lying,-1,-1,-1,-1,-1,-1,-1,360,-1,398,412,-1,170,160,175,250,0,0,0,0,0,0,0,1,0,1,1,1,1,1,1,1
2026-07-03T19:41:46.623,tof2,4x4,lying,2991,3258,-1,3309,949,889,-1,2890,997,947,926,-1,1057,1072,1090,1054,1,1,1,1,1,1,0,1,1,1,1,0,1,1,1,1
2026-07-03T19:41:46.727,tof1,4x4,lying,-1,-1,-1,-1,-1,-1,-1,523,-1,398,412,414,173,160,175,250,0,0,0,0,0,0,0,1,0,1,1,1,1,1,1,1
2026-07-03T19:41:46.778,tof2,4x4,lying,-1,3258,-1,3306,949,889,-1,2890,998,957,926,-1,1056,1072,1090,1055,1,1,0,1,1,1,0,1,1,1,1,0,1,1,1,1
2026-07-03T19:41:46.881,tof1,4x4,lying,246,-1,-1,-1,-1,-1,-1,959,-1,-1,355,391,173,156,156,190,1,0,0,0,1,0,0,1,0,0,1,1,1,1,1,1
2026-07-03T19:41:46.954,tof2,4x4,lying,-1,3258,-1,3299,949,893,-1,3452,1008,962,926,-1,1056,1068,1089,1055,1,1,1,1,1,1,0,1,1,1,1,0,1,1,1,1
2026-07-03T19:41:47.061,tof1,4x4,lying,-1,-1,-1,-1,-1,-1,-1,968,-1,-1,355,-1,209,156,151,174,0,0,1,0,0,0,0,1,0,0,1,1,1,1,1,1
2026-07-03T19:41:47.139,tof2,4x4,lying,-1,3262,-1,3299,960,898,2190,3473,1015,963,934,-1,1056,1062,1084,1055,1,1,0,1,1,1,1,1,1,1,1,1,1,1,1,1
2026-07-03T19:41:47.238,tof1,4x4,lying,-1,-1,-1,-1,-1,-1,-1,975,-1,-1,-1,-1,249,156,151,174,0,0,0,0,0,0,0,1,0,0,1,1,1,1,1,1
2026-07-03T19:41:47.323,tof2,4x4,lying,2991,3262,3302,3306,994,898,-1,3462,1032,963,934,-1,1055,1058,-1,1056,1,1,1,1,1,1,0,1,1,1,1,0,1,1,1,1
2026-07-03T19:41:47.404,tof1,4x4,lying,-1,-1,-1,-1,-1,-1,-1,975,-1,-1,-1,-1,387,208,151,156,0,0,0,0,0,0,0,1,0,0,1,1,1,1,1,1
2026-07-03T19:41:47.519,tof2,4x4,lying,3003,3258,-1,3299,999,893,-1,3473,1033,962,950,-1,1048,1058,-1,1056,1,1,0,1,1,1,0,1,1,1,1,0,1,1,1,1
2026-07-03T19:41:47.576,tof1,4x4,lying,-1,-1,-1,-1,-1,-1,-1,975,-1,-1,-1,366,411,247,151,148,0,0,0,0,0,0,0,1,0,0,1,1,1,1,1,1
2026-07-03T19:41:47.676,tof2,4x4,lying,2981,3262,-1,3306,999,894,-1,3473,1039,958,950,-1,1048,1056,1084,1056,1,1,1,1,1,1,1,1,1,1,1,0,1,1,1,1
2026-07-03T19:41:47.740,tof1,4x4,lying,-1,-1,-1,-1,-1,-1,-1,978,-1,-1,-1,366,412,285,151,148,0,0,0,0,0,0,0,1,0,0,1,1,1,1,1,1
2026-07-03T19:41:47.892,tof2,4x4,lying,3003,3258,3302,3317,1004,894,2190,3473,1044,957,950,-1,1050,1056,1084,1054,1,1,1,1,1,1,1,1,1,1,1,0,1,1,1,1
2026-07-03T19:41:48.026,tof1,4x4,lying,-1,-1,-1,-1,-1,-1,-1,-1,-1,-1,355,366,416,295,152,148,0,0,0,0,0,0,0,0,0,0,1,1,1,1,1,1
2026-07-03T19:41:48.202,tof2,4x4,lying,2972,3258,-1,3317,1007,894,2184,3483,1047,955,950,-1,1047,1056,1078,1054,1,1,0,1,1,1,1,1,1,1,1,0,1,1,1,1
2026-07-03T19:41:48.233,tof1,4x4,lying,-1,-1,-1,-1,-1,-1,-1,981,-1,428,416,394,416,295,153,148,0,0,0,0,0,0,0,1,0,1,1,1,1,1,1,1
2026-07-03T19:41:48.384,tof2,4x4,lying,3002,3263,-1,3317,-1,901,-1,3483,1047,950,950,-1,1046,1056,1075,1052,1,1,0,1,0,1,0,1,1,1,1,0,1,1,1,1
2026-07-03T19:41:48.469,tof1,4x4,lying,-1,-1,-1,-1,-1,-1,-1,-1,-1,428,421,-1,417,311,157,148,0,0,0,0,0,0,0,0,0,1,1,1,1,1,1,1
2026-07-03T19:41:48.570,tof2,4x4,lying,2969,3263,-1,-1,-1,901,2166,3458,1047,950,948,-1,-1,1056,1074,1052,1,1,1,1,1,1,1,1,1,1,1,0,1,1,1,1
2026-07-03T19:41:48.637,tof1,4x4,lying,-1,-1,-1,-1,-1,-1,-1,-1,-1,-1,424,394,418,331,157,149,0,0,0,0,0,0,0,0,0,0,1,1,1,1,1,1
2026-07-03T19:41:48.729,tof2,4x4,lying,2978,3257,-1,3321,-1,901,-1,2751,1037,949,963,-1,1043,1056,1074,1052,1,1,0,1,1,1,1,1,1,1,1,0,1,1,1,1
2026-07-03T19:41:48.798,tof1,4x4,lying,-1,-1,-1,-1,-1,-1,-1,-1,-1,-1,-1,394,419,335,157,150,0,0,0,0,0,0,0,0,0,0,1,1,1,1,1,1
2026-07-03T19:41:48.882,tof2,4x4,lying,2978,3257,-1,3320,-1,893,2146,2731,1003,936,-1,-1,1001,1049,-1,1051,1,1,1,1,0,1,1,1,1,1,1,0,1,1,1,1
2026-07-03T19:41:48.969,tof1,4x4,lying,-1,-1,-1,-1,-1,-1,-1,-1,-1,-1,437,370,428,346,161,151,0,0,0,0,0,0,0,0,0,1,1,1,1,1,1,1
2026-07-03T19:41:49.038,tof2,4x4,lying,3001,3257,3282,3320,-1,888,2146,2731,987,935,963,-1,940,-1,1072,1050,1,1,1,1,1,1,1,1,1,1,1,0,1,1,1,1
2026-07-03T19:41:49.127,tof1,4x4,lying,-1,-1,-1,-1,-1,-1,-1,-1,-1,-1,440,366,433,350,162,151,0,0,0,0,0,0,0,0,0,0,1,1,1,1,1,1
2026-07-03T19:41:49.216,tof2,4x4,lying,2978,3257,-1,3320,-1,888,-1,2731,966,934,963,-1,928,1044,-1,1046,1,1,0,1,0,1,1,1,1,1,1,1,1,1,1,1
2026-07-03T19:41:49.344,tof1,4x4,lying,-1,-1,-1,-1,-1,-1,-1,-1,-1,-1,440,253,433,366,172,152,0,0,0,1,0,0,0,0,0,0,1,1,1,1,1,1
2026-07-03T19:41:49.425,tof2,4x4,lying,2990,3257,-1,3306,-1,893,-1,2731,959,930,-1,1323,926,1036,1072,1045,1,1,0,1,0,1,0,1,1,1,1,1,1,1,1,1
2026-07-03T19:41:49.514,tof1,4x4,lying,-1,-1,-1,-1,-1,-1,-1,-1,-1,-1,452,239,435,385,180,152,0,0,0,1,0,0,0,0,0,0,1,1,1,1,1,1
2026-07-03T19:41:49.590,tof2,4x4,lying,2997,3252,-1,3297,-1,893,2116,2736,944,924,1324,-1,926,1036,1072,1046,1,1,0,1,0,1,1,1,1,1,1,0,1,1,1,1
2026-07-03T19:41:49.688,tof1,4x4,lying,-1,-1,-1,-1,-1,-1,-1,978,-1,-1,454,239,433,386,183,152,1,0,0,0,0,0,0,1,0,0,1,1,1,1,1,1
2026-07-03T19:41:49.844,tof1,4x4,lying,-1,-1,-1,-1,-1,-1,-1,-1,-1,-1,467,239,433,387,202,154,0,0,0,0,0,0,0,0,0,0,1,1,1,1,1,1
2026-07-03T19:41:50.021,tof1,4x4,lying,-1,-1,-1,-1,-1,-1,-1,-1,-1,-1,468,244,441,394,218,157,0,0,0,0,0,0,0,0,0,0,1,1,1,1,1,1
2026-07-03T19:41:50.192,tof1,4x4,lying,-1,-1,-1,-1,-1,-1,-1,-1,-1,-1,469,290,446,395,218,157,0,0,0,0,0,0,0,0,0,0,1,1,1,1,1,1
2026-07-03T19:41:50.363,tof1,4x4,lying,-1,-1,-1,-1,-1,-1,-1,-1,-1,-1,469,348,461,396,225,157,0,0,0,0,0,0,0,0,0,0,1,1,1,1,1,1
2026-07-03T19:41:50.633,tof1,4x4,lying,-1,-1,-1,-1,-1,-1,-1,-1,-1,-1,469,393,-1,400,225,157,0,0,0,0,0,0,0,0,0,0,1,1,0,1,1,1
2026-07-03T19:41:50.733,tof2,4x4,lying,2997,3257,-1,3297,-1,-1,2116,2764,930,919,1427,-1,926,1036,1072,1046,1,1,0,1,1,0,1,1,1,1,1,0,1,1,1,1
2026-07-03T19:41:50.827,tof1,4x4,lying,-1,-1,-1,-1,-1,-1,-1,-1,-1,-1,457,463,462,412,218,157,0,0,0,0,0,0,0,0,0,0,1,1,1,1,1,1
2026-07-03T19:41:50.922,tof2,4x4,lying,2990,3257,-1,3297,1007,-1,-1,2799,929,910,-1,-1,930,-1,-1,1046,1,1,0,1,1,0,1,1,1,1,1,0,1,1,1,1
2026-07-03T19:41:50.979,tof1,4x4,lying,-1,-1,-1,-1,-1,-1,-1,-1,-1,-1,457,469,469,412,201,166,0,0,0,0,0,0,0,0,0,1,1,1,1,1,1,1
2026-07-03T19:41:51.086,tof2,4x4,lying,2990,3251,-1,3297,-1,-1,2171,2797,891,860,1468,-1,958,-1,-1,1045,1,1,0,1,0,0,1,1,1,1,1,1,1,1,1,1
2026-07-03T19:41:51.141,tof1,4x4,lying,-1,-1,-1,-1,-1,-1,-1,-1,-1,-1,456,478,-1,412,201,172,0,0,0,0,0,0,0,0,0,0,1,1,0,1,1,1
2026-07-03T19:41:51.263,tof2,4x4,lying,2997,3248,-1,3308,1016,-1,-1,2799,857,860,1468,-1,959,-1,-1,1048,1,1,1,1,1,1,1,1,1,1,1,0,1,1,1,1
2026-07-03T19:41:51.318,tof1,4x4,lying,-1,-1,-1,-1,-1,-1,-1,-1,-1,-1,456,482,525,367,186,184,0,0,0,0,0,0,1,0,0,0,1,1,1,1,1,1
2026-07-03T19:41:51.448,tof2,4x4,lying,-1,3257,-1,3308,1016,-1,2171,2799,847,858,1475,-1,964,1041,-1,1048,1,1,1,1,1,0,1,1,1,1,1,1,1,1,1,1
2026-07-03T19:41:51.469,tof1,4x4,lying,-1,-1,194,-1,-1,-1,-1,971,458,361,455,482,525,261,180,207,1,1,1,1,0,0,1,1,1,1,1,1,1,1,1,1
2026-07-03T19:41:51.645,tof2,4x4,lying,3024,3257,-1,3297,801,-1,2163,2834,847,858,1481,-1,964,-1,1072,1048,1,1,0,1,1,0,1,1,1,1,1,0,1,1,1,1
2026-07-03T19:41:51.647,tof1,4x4,lying,-1,-1,-1,-1,-1,-1,-1,-1,-1,-1,446,482,-1,255,180,207,0,0,0,0,0,0,0,0,0,0,1,1,0,1,1,1
2026-07-03T19:41:51.831,tof2,4x4,lying,2980,3262,-1,3297,-1,886,-1,2797,-1,860,1481,-1,964,-1,-1,1048,1,1,0,1,0,1,0,1,1,1,1,0,1,1,1,1
2026-07-03T19:41:51.845,tof1,4x4,lying,-1,226,206,188,-1,201,283,442,-1,-1,438,478,-1,201,180,207,0,1,1,1,0,1,1,1,0,0,1,1,0,1,1,1
2026-07-03T19:41:51.995,tof1,4x4,lying,-1,-1,-1,213,-1,260,267,337,439,361,427,477,-1,201,188,208,0,0,0,1,0,1,1,1,1,1,1,1,0,1,1,1
2026-07-03T19:41:52.005,tof2,4x4,lying,3024,3262,-1,3290,-1,886,2163,2794,-1,861,1488,-1,961,1042,1072,1052,1,1,1,1,0,1,1,1,1,1,1,1,1,1,1,1
2026-07-03T19:41:52.167,tof1,4x4,lying,-1,-1,-1,238,-1,260,267,282,349,361,327,437,525,201,201,228,1,0,0,1,0,1,1,1,1,1,1,1,1,1,1,1
2026-07-03T19:41:52.244,tof2,4x4,lying,-1,3266,-1,3290,801,847,2128,2773,-1,861,1542,-1,957,1042,1070,1052,1,1,0,1,1,1,1,1,0,1,1,0,1,1,1,1
2026-07-03T19:41:52.443,tof2,4x4,lying,3029,3262,-1,3285,1709,847,2128,2773,857,865,1488,-1,957,1046,1070,1052,1,1,1,1,1,1,1,1,1,1,1,0,1,1,1,1
2026-07-03T19:41:52.564,tof1,4x4,lying,-1,-1,-1,238,-1,257,256,256,268,280,311,349,251,198,213,274,0,0,0,1,0,1,1,1,1,1,1,1,1,1,1,1
2026-07-03T19:41:52.594,tof2,4x4,lying,3024,3265,3302,3285,1977,847,2163,2754,-1,881,1447,-1,957,1046,-1,1053,1,1,1,1,1,1,1,1,0,1,1,1,1,1,1,1
2026-07-03T19:41:52.724,tof1,4x4,lying,-1,-1,-1,238,-1,257,241,223,266,259,258,259,247,198,213,303,0,0,0,1,0,1,1,1,1,1,1,1,1,1,1,1
2026-07-03T19:41:52.780,tof2,4x4,lying,3029,3265,-1,3289,-1,849,-1,2754,888,905,918,-1,956,1049,1070,1052,1,1,0,1,1,1,1,1,1,1,1,0,1,1,1,1
2026-07-03T19:41:52.894,tof1,4x4,lying,-1,-1,-1,217,-1,227,211,200,240,226,223,219,215,198,213,308,0,0,0,1,0,1,1,1,1,1,1,1,1,1,1,1
2026-07-03T19:41:52.946,tof2,4x4,lying,3029,3265,-1,3287,2078,856,2177,2818,1644,917,918,-1,955,-1,1065,1051,1,1,0,1,1,1,1,1,1,1,1,0,1,1,1,1
2026-07-03T19:41:53.062,tof1,4x4,lying,-1,-1,-1,217,-1,227,211,200,240,226,223,219,210,192,209,315,0,0,0,1,0,1,1,1,1,1,1,1,1,1,1,1
2026-07-03T19:41:53.369,tof1,4x4,lying,-1,-1,-1,213,-1,214,199,192,230,217,206,200,208,186,200,315,0,0,0,1,0,1,1,1,1,1,1,1,1,1,1,1
2026-07-03T19:41:53.378,tof2,4x4,lying,2980,3256,-1,3287,2165,856,2177,3445,1669,917,917,-1,949,1049,-1,1051,1,1,1,1,1,1,1,1,1,1,1,0,1,1,1,1
2026-07-03T19:41:53.527,tof1,4x4,lying,-1,-1,-1,217,-1,215,203,200,230,217,206,203,206,186,198,315,0,0,0,1,0,1,1,1,1,1,1,1,1,1,1,1
2026-07-03T19:41:53.538,tof2,4x4,lying,2980,3261,-1,3287,2165,856,-1,3445,1669,917,918,-1,-1,1045,-1,1050,1,1,1,1,1,1,1,1,1,1,1,0,1,1,1,1
2026-07-03T19:41:53.687,tof1,4x4,lying,-1,-1,-1,217,-1,215,203,200,215,204,195,203,206,186,188,228,0,0,0,1,0,1,1,1,1,1,1,1,1,1,1,1
2026-07-03T19:41:53.719,tof2,4x4,lying,3015,3261,-1,3280,2126,850,2177,3445,-1,913,919,-1,948,1045,-1,1050,1,1,0,1,1,1,1,1,0,1,1,0,1,1,1,1
2026-07-03T19:41:53.846,tof1,4x4,lying,-1,-1,-1,-1,-1,-1,200,197,213,202,194,196,205,182,186,198,0,0,0,0,0,0,1,1,1,1,1,1,1,1,1,1
2026-07-03T19:41:53.884,tof2,4x4,lying,2980,3256,-1,3280,-1,850,-1,2891,1644,910,919,-1,949,1047,-1,1050,1,1,0,1,0,1,0,1,1,1,1,0,1,1,1,1
2026-07-03T19:41:54.026,tof1,4x4,lying,-1,-1,-1,-1,-1,213,195,192,212,199,193,192,200,182,179,198,0,0,0,0,0,1,1,1,1,1,1,1,1,1,1,1
2026-07-03T19:41:54.053,tof2,4x4,lying,3013,3256,-1,3280,-1,850,-1,2891,-1,909,904,-1,948,1042,1065,1046,1,1,0,1,0,1,0,1,1,1,1,0,1,1,1,1
2026-07-03T19:41:54.197,tof1,4x4,lying,-1,-1,-1,-1,-1,211,190,185,207,186,180,178,195,182,179,185,1,0,0,0,0,1,1,1,1,1,1,1,1,1,1,1
2026-07-03T19:41:54.264,tof2,4x4,lying,3015,3252,-1,3309,-1,850,-1,2891,-1,909,919,-1,948,1042,1064,1046,1,1,1,1,0,1,0,1,1,1,1,1,1,1,1,1
2026-07-03T19:41:54.419,tof1,4x4,lying,-1,-1,-1,-1,-1,190,181,180,185,175,171,177,180,172,173,182,1,0,0,0,0,1,1,1,1,1,1,1,1,1,1,1
2026-07-03T19:41:54.465,tof2,4x4,lying,3013,3252,3302,3309,-1,857,2177,2935,-1,909,905,-1,944,1041,-1,1046,1,1,1,1,1,1,1,1,1,1,1,1,1,1,1,1
2026-07-03T19:41:54.626,tof1,4x4,lying,-1,-1,-1,-1,-1,185,177,172,183,171,166,170,172,169,171,175,1,0,0,0,0,1,1,1,1,1,1,1,1,1,1,1
2026-07-03T19:41:54.733,tof2,4x4,lying,-1,3248,-1,3317,-1,860,2174,2935,1573,909,905,-1,942,-1,1064,1045,1,1,1,1,1,1,1,1,1,1,1,0,1,1,1,1
2026-07-03T19:41:54.791,tof1,4x4,lying,-1,-1,-1,-1,-1,-1,176,171,182,170,165,167,172,167,171,174,0,0,0,0,0,0,1,1,1,1,1,1,1,1,1,1
2026-07-03T19:41:54.892,tof2,4x4,lying,3008,3252,-1,3337,-1,861,-1,3459,1573,909,925,-1,942,1041,1064,1046,1,1,0,1,0,1,0,1,1,1,1,0,1,1,1,1
2026-07-03T19:41:54.952,tof1,4x4,lying,-1,-1,-1,-1,-1,-1,175,169,182,168,163,163,171,167,168,171,1,0,0,0,0,0,1,1,1,1,1,1,1,1,1,1
2026-07-03T19:41:55.044,tof2,4x4,lying,3008,3252,-1,3337,-1,859,2164,3459,-1,906,928,1312,941,1038,1063,1046,1,1,0,1,0,1,1,1,1,1,1,1,1,1,1,1
2026-07-03T19:41:55.128,tof1,4x4,lying,-1,-1,-1,-1,-1,-1,175,169,183,168,162,162,171,167,168,168,0,0,0,0,0,0,1,1,1,1,1,1,1,1,1,1
2026-07-03T19:41:55.246,tof2,4x4,lying,2983,3248,-1,3325,2126,861,-1,3459,1552,909,1373,-1,942,1038,1064,1043,1,1,0,1,1,1,0,1,1,1,1,0,1,1,1,1
2026-07-03T19:41:55.286,tof1,4x4,lying,-1,-1,-1,-1,-1,-1,175,169,183,170,162,162,171,167,167,168,0,0,0,0,0,0,1,1,1,1,1,1,1,1,1,1
2026-07-03T19:41:55.434,tof2,4x4,lying,2983,3248,-1,3325,-1,866,-1,2944,1488,909,1373,-1,941,1036,1063,1043,1,1,0,1,0,1,1,1,1,1,1,0,1,1,1,1
2026-07-03T19:41:55.448,tof1,4x4,lying,-1,-1,-1,-1,-1,-1,175,169,183,171,162,162,171,167,167,168,0,1,0,0,0,0,1,1,1,1,1,1,1,1,1,1
2026-07-03T19:41:55.589,tof2,4x4,lying,2969,3256,-1,3304,2098,861,-1,2944,1488,908,1373,-1,942,1034,1061,1049,1,1,1,1,1,1,0,1,1,1,1,0,1,1,1,1
2026-07-03T19:41:55.627,tof1,4x4,lying,-1,-1,-1,-1,-1,-1,175,169,183,172,163,162,173,167,168,168,0,0,0,0,0,0,1,1,1,1,1,1,1,1,1,1
2026-07-03T19:41:55.762,tof2,4x4,lying,2969,3256,-1,3289,-1,861,2174,2894,1536,908,1470,-1,942,1034,1061,1043,1,1,0,1,0,1,1,1,1,1,1,0,1,1,1,1
2026-07-03T19:41:55.845,tof1,4x4,lying,-1,-1,-1,-1,-1,-1,176,170,186,172,163,162,174,168,168,169,0,0,0,0,0,0,1,1,1,1,1,1,1,1,1,1
2026-07-03T19:41:56.014,tof1,4x4,lying,-1,-1,-1,-1,-1,-1,177,170,186,173,164,163,175,168,168,169,0,0,0,0,0,0,1,1,1,1,1,1,1,1,1,1
2026-07-03T19:41:56.185,tof1,4x4,lying,-1,-1,-1,-1,-1,-1,177,170,186,173,164,165,175,169,168,169,0,0,0,0,0,0,1,1,1,1,1,1,1,1,1,1
2026-07-03T19:41:56.364,tof1,4x4,lying,-1,-1,-1,-1,-1,-1,177,170,186,173,164,163,175,169,168,169,0,0,0,0,0,0,1,1,1,1,1,1,1,1,1,1
2026-07-03T19:41:56.543,tof1,4x4,lying,-1,-1,-1,-1,-1,-1,177,170,186,173,164,163,175,169,168,169,0,0,0,0,0,0,1,1,1,1,1,1,1,1,1,1
2026-07-03T19:41:56.693,tof1,4x4,lying,-1,-1,-1,-1,-1,-1,177,169,185,170,164,163,175,168,167,168,0,0,0,0,0,0,1,1,1,1,1,1,1,1,1,1
2026-07-03T19:41:56.763,tof2,4x4,lying,-1,3256,-1,-1,2098,861,2174,2892,-1,908,1470,-1,942,1036,1064,1054,1,1,0,1,1,1,1,1,0,1,1,0,1,1,1,1
2026-07-03T19:41:56.860,tof1,4x4,lying,-1,-1,-1,-1,-1,-1,177,169,185,170,163,162,173,168,167,168,0,0,0,0,0,0,1,1,1,1,1,1,1,1,1,1
2026-07-03T19:41:56.938,tof2,4x4,lying,2969,3266,-1,3289,-1,861,-1,2884,-1,908,931,-1,940,1036,1061,1055,1,1,0,1,1,1,0,1,1,1,1,0,1,1,1,1
2026-07-03T19:41:57.027,tof1,4x4,lying,-1,-1,-1,-1,-1,-1,177,169,185,170,163,162,173,167,167,168,0,0,0,0,0,0,1,1,1,1,1,1,1,1,1,1
2026-07-03T19:41:57.094,tof2,4x4,lying,3001,3256,-1,3289,2126,860,-1,2884,1536,908,931,-1,937,1036,1064,1057,1,1,0,1,1,1,1,1,1,1,1,0,1,1,1,1
2026-07-03T19:41:57.193,tof1,4x4,lying,-1,-1,-1,-1,-1,-1,177,169,187,170,162,162,173,167,167,168,0,0,0,0,0,0,1,1,1,1,1,1,1,1,1,1
2026-07-03T19:41:57.264,tof2,4x4,lying,2969,3253,-1,3291,2098,859,2174,2884,1536,911,-1,-1,936,-1,1069,1057,1,1,0,1,1,1,1,1,1,1,1,0,1,1,1,1
2026-07-03T19:41:57.371,tof1,4x4,lying,-1,-1,-1,-1,-1,-1,177,169,188,170,162,162,173,168,167,168,0,0,0,0,0,0,1,1,1,1,1,1,1,1,1,1
2026-07-03T19:41:57.415,tof2,4x4,lying,3013,3253,-1,3306,2151,859,-1,2884,-1,914,915,-1,936,1036,1067,1057,1,1,0,1,1,1,0,1,1,1,1,1,1,1,1,1
2026-07-03T19:41:57.523,tof1,4x4,lying,-1,-1,-1,-1,-1,-1,177,170,188,171,162,163,173,168,168,168,0,0,0,0,0,0,1,1,1,1,1,1,1,1,1,1
2026-07-03T19:41:57.573,tof2,4x4,lying,3020,3261,-1,3325,-1,859,2176,2881,1536,916,915,-1,936,1036,1067,1060,1,1,0,1,0,1,1,1,1,1,1,0,1,1,1,1
2026-07-03T19:41:57.683,tof1,4x4,lying,-1,-1,-1,-1,-1,-1,176,170,188,171,162,163,174,168,167,168,0,0,0,0,0,0,1,1,1,1,1,1,1,1,1,1
2026-07-03T19:41:57.733,tof2,4x4,lying,3051,3253,-1,3325,2151,857,-1,2926,1536,916,922,1323,936,1039,1067,1050,1,1,1,1,1,1,1,1,1,1,1,1,1,1,1,1
2026-07-03T19:41:57.849,tof1,4x4,lying,-1,-1,-1,-1,-1,-1,176,170,188,172,163,163,175,168,167,168,0,0,0,0,0,0,1,1,1,1,1,1,1,1,1,1
2026-07-03T19:41:57.923,tof2,4x4,lying,3020,3253,-1,3301,-1,857,2188,2894,-1,916,922,1323,938,1036,1062,1043,1,1,1,1,0,1,1,1,0,1,1,1,1,1,1,1
2026-07-03T19:41:58.009,tof1,4x4,lying,-1,-1,-1,-1,-1,-1,176,170,188,172,164,164,175,168,168,168,0,0,0,0,0,0,1,1,1,1,1,1,1,1,1,1
2026-07-03T19:41:58.081,tof2,4x4,lying,3020,3261,3313,3301,2153,859,2188,2894,-1,914,922,-1,943,1036,1062,1050,1,1,1,1,1,1,1,1,1,1,1,0,1,1,1,1
2026-07-03T19:41:58.155,tof1,4x4,lying,-1,-1,-1,-1,-1,-1,176,170,188,173,164,164,175,168,168,170,0,0,0,0,0,0,1,1,1,1,1,1,1,1,1,1
2026-07-03T19:41:58.256,tof2,4x4,lying,3020,3252,-1,3300,-1,859,-1,2881,1516,914,-1,-1,938,1039,1062,1046,1,1,0,1,1,1,0,1,1,1,1,0,1,1,1,1
2026-07-03T19:41:58.318,tof1,4x4,lying,-1,-1,-1,-1,-1,-1,177,171,190,174,165,165,176,168,169,170,0,0,0,0,0,0,1,1,1,1,1,1,1,1,1,1
2026-07-03T19:41:58.422,tof2,4x4,lying,2985,3252,-1,3300,2112,857,2176,2873,1516,914,923,-1,942,1040,1062,1042,1,1,0,1,1,1,1,1,1,1,1,0,1,1,1,1
2026-07-03T19:41:58.467,tof1,4x4,lying,-1,-1,-1,-1,-1,-1,179,171,190,174,167,167,176,169,170,171,0,0,0,0,0,0,1,1,1,1,1,1,1,1,1,1
2026-07-03T19:41:58.595,tof2,4x4,lying,-1,3252,3313,3300,-1,856,2162,2873,1497,914,923,-1,942,1040,-1,1044,0,1,1,1,0,1,1,1,1,1,1,0,1,1,1,1
2026-07-03T19:41:58.626,tof1,4x4,lying,-1,-1,-1,-1,-1,-1,179,171,190,174,167,167,176,170,170,171,0,0,0,0,0,0,1,1,1,1,1,1,1,1,1,1
2026-07-03T19:41:58.772,tof2,4x4,lying,2985,3257,-1,3303,-1,859,-1,2873,1516,914,-1,-1,941,1040,-1,1046,1,1,0,1,0,1,0,1,1,1,1,0,1,1,1,1
2026-07-03T19:41:58.806,tof1,4x4,lying,-1,-1,-1,-1,-1,-1,179,171,191,174,167,167,176,170,170,171,0,0,0,0,0,0,1,1,1,1,1,1,1,1,1,1
2026-07-03T19:41:58.947,tof2,4x4,lying,3017,3254,-1,3303,2161,861,-1,2881,1528,914,911,-1,937,1041,1062,1046,1,1,0,1,1,1,1,1,1,1,1,0,1,1,1,1
2026-07-03T19:41:58.958,tof1,4x4,lying,-1,-1,-1,-1,-1,-1,180,171,191,174,167,167,176,170,170,170,0,0,0,0,0,0,1,1,1,1,1,1,1,1,1,1
2026-07-03T19:41:59.112,tof2,4x4,lying,3034,3257,-1,3307,2145,859,2156,2881,1577,921,911,-1,932,1041,1062,1050,1,1,1,1,1,1,1,1,1,1,1,0,1,1,1,1
2026-07-03T19:41:59.152,tof1,4x4,lying,-1,-1,-1,-1,-1,-1,180,171,191,175,165,165,176,170,170,170,1,0,0,0,0,0,1,1,1,1,1,1,1,1,1,1
2026-07-03T19:41:59.264,tof2,4x4,lying,3017,3257,3313,3316,-1,861,-1,2902,1569,920,911,-1,932,1041,1062,1050,1,1,1,1,0,1,0,1,1,1,1,1,1,1,1,1
2026-07-03T19:41:59.321,tof1,4x4,lying,-1,-1,-1,-1,-1,-1,180,171,191,175,165,165,176,170,170,170,1,0,0,0,0,0,1,1,1,1,1,1,1,1,1,1
2026-07-03T19:41:59.422,tof2,4x4,lying,3034,3260,3333,3317,-1,867,-1,2885,1577,920,911,-1,932,1040,1066,1051,1,1,1,1,0,1,1,1,1,1,1,0,1,1,1,1
2026-07-03T19:41:59.481,tof1,4x4,lying,-1,-1,-1,-1,-1,-1,180,171,191,174,165,165,176,170,170,170,0,0,0,0,0,0,1,1,1,1,1,1,1,1,1,1
2026-07-03T19:41:59.587,tof2,4x4,lying,3034,3260,-1,3321,2145,861,2156,2885,-1,920,1397,-1,940,1037,1066,1053,1,1,0,1,1,1,1,1,0,1,1,0,1,1,1,1
2026-07-03T19:41:59.645,tof1,4x4,lying,-1,-1,-1,-1,-1,-1,178,171,191,174,165,164,175,170,169,171,0,0,0,0,0,0,1,1,1,1,1,1,1,1,1,1
2026-07-03T19:41:59.755,tof2,4x4,lying,2993,3260,3313,3321,2113,859,-1,2864,1577,914,1397,-1,940,1036,-1,1051,1,1,1,1,1,1,1,1,1,1,1,1,1,1,1,1
2026-07-03T19:41:59.811,tof1,4x4,lying,-1,-1,-1,-1,-1,-1,178,171,190,174,165,164,175,170,169,171,0,0,0,0,0,0,1,1,1,1,1,1,1,1,1,1
2026-07-03T19:41:59.934,tof2,4x4,lying,2978,3252,-1,3317,2113,867,-1,2885,1579,911,1485,-1,940,1035,1066,1049,1,1,1,1,1,1,1,1,1,1,1,1,1,1,1,1
2026-07-03T19:41:59.965,tof1,4x4,lying,-1,-1,-1,-1,-1,-1,177,171,190,174,166,164,175,169,169,171,0,0,0,0,0,0,1,1,1,1,1,1,1,1,1,1
2026-07-03T19:42:00.124,tof2,4x4,lying,2952,3250,-1,-1,-1,857,2162,2885,1621,910,1520,-1,942,1036,1066,1049,1,1,0,1,0,1,1,1,1,1,1,0,1,1,1,1
2026-07-03T19:42:00.137,tof1,4x4,lying,-1,-1,-1,-1,-1,-1,177,171,190,174,166,164,175,169,167,171,0,0,0,0,0,0,1,1,1,1,1,1,1,1,1,1
2026-07-03T19:42:00.281,tof2,4x4,lying,-1,3250,-1,3287,2113,857,-1,2864,1621,910,1549,1275,942,1036,1065,1049,1,1,0,1,1,1,1,1,1,1,1,1,1,1,1,1
2026-07-03T19:42:00.303,tof1,4x4,lying,-1,-1,-1,-1,-1,184,177,171,189,174,166,165,175,169,167,171,0,0,0,0,0,1,1,1,1,1,1,1,1,1,1,1
2026-07-03T19:42:00.444,tof2,4x4,lying,2952,3249,-1,3287,-1,857,2178,2872,1621,910,1549,-1,945,1036,-1,1038,1,1,0,1,0,1,1,1,1,1,1,1,1,1,1,1
2026-07-03T19:42:00.471,tof1,4x4,lying,-1,-1,-1,-1,-1,184,177,171,189,173,166,166,175,169,169,171,0,0,0,0,0,1,1,1,1,1,1,1,1,1,1,1
2026-07-03T19:42:00.600,tof2,4x4,lying,2952,3249,-1,3287,-1,857,-1,3397,1579,911,1549,-1,945,1036,1061,1038,1,1,1,1,0,1,0,1,1,1,1,0,1,1,1,1
2026-07-03T19:42:00.666,tof1,4x4,lying,-1,-1,-1,-1,-1,-1,176,171,184,172,164,165,174,168,168,171,0,0,0,0,0,0,1,1,1,1,1,1,1,1,1,1
2026-07-03T19:42:00.756,tof2,4x4,lying,2952,3249,-1,3287,2091,856,2181,2881,1601,906,1542,-1,945,1037,-1,1041,1,1,0,1,1,1,1,1,1,1,1,0,1,1,1,1
2026-07-03T19:42:00.842,tof1,4x4,lying,-1,-1,-1,-1,-1,-1,176,171,183,170,163,165,173,167,168,171,0,0,0,0,0,0,1,1,1,1,1,1,1,1,1,1
2026-07-03T19:42:00.899,tof2,4x4,lying,2999,3259,-1,3308,-1,856,-1,2881,-1,907,1536,-1,945,1036,1061,1043,1,1,0,1,0,1,0,1,1,1,1,0,1,1,1,1
2026-07-03T19:42:01.006,tof1,4x4,lying,-1,-1,-1,-1,-1,-1,176,170,183,170,163,162,173,166,168,168,0,0,0,0,0,0,1,1,1,1,1,1,1,1,1,1
2026-07-03T19:42:01.064,tof2,4x4,lying,2999,3253,-1,3308,-1,856,2181,2881,-1,906,1536,-1,941,1033,1061,1043,1,1,1,1,0,1,1,1,1,1,1,0,1,1,1,1
2026-07-03T19:42:01.190,tof1,4x4,lying,-1,-1,-1,-1,-1,-1,176,170,183,170,163,162,172,166,166,168,0,0,0,0,0,0,1,1,1,1,1,1,1,1,1,1
2026-07-03T19:42:01.254,tof2,4x4,lying,-1,3256,-1,3298,2113,856,-1,2881,-1,907,1536,-1,941,1034,1069,1051,1,1,0,1,1,1,0,1,1,1,1,1,1,1,1,1
2026-07-03T19:42:01.371,tof1,4x4,lying,-1,-1,-1,-1,-1,-1,176,170,184,170,163,162,173,166,166,168,0,0,0,0,0,0,1,1,1,1,1,1,1,1,1,1
2026-07-03T19:42:01.429,tof2,4x4,lying,3012,3256,-1,3304,-1,856,-1,2881,1601,907,1536,-1,943,1034,-1,1051,1,1,0,1,0,1,0,1,1,1,1,1,1,1,1,1
2026-07-03T19:42:01.555,tof1,4x4,lying,-1,-1,-1,-1,-1,-1,176,169,184,171,163,163,173,166,165,168,1,0,0,0,0,0,1,1,1,1,1,1,1,1,1,1
2026-07-03T19:42:01.608,tof2,4x4,lying,-1,3256,-1,3304,-1,858,-1,2881,-1,911,1501,-1,943,1034,1069,1052,1,1,0,1,1,1,0,1,1,1,1,0,1,1,1,1
2026-07-03T19:42:01.715,tof1,4x4,lying,-1,-1,-1,-1,-1,-1,177,169,185,171,163,163,173,167,166,168,0,0,0,0,0,0,1,1,1,1,1,1,1,1,1,1
2026-07-03T19:42:01.794,tof2,4x4,lying,3012,3256,-1,3304,2115,855,2181,2861,1601,911,1501,-1,943,-1,-1,1052,1,1,0,1,1,1,1,1,1,1,1,1,1,1,1,1
2026-07-03T19:42:01.887,tof1,4x4,lying,-1,-1,-1,-1,-1,-1,177,169,187,171,163,163,173,168,166,168,0,0,0,0,0,0,1,1,1,1,1,1,1,1,1,1
2026-07-03T19:42:01.955,tof2,4x4,lying,3012,3266,3288,3304,2115,858,-1,2861,1579,911,1488,-1,943,1034,-1,1050,1,1,1,1,1,1,0,1,1,1,1,1,1,1,1,1
2026-07-03T19:42:02.062,tof1,4x4,lying,-1,-1,-1,-1,-1,-1,178,169,187,171,163,163,173,168,166,168,0,0,0,0,0,0,1,1,1,1,1,1,1,1,1,1
2026-07-03T19:42:02.127,tof2,4x4,lying,3031,3266,-1,3304,2116,858,2181,2851,-1,911,1488,-1,936,-1,1070,1048,1,1,1,1,1,1,1,1,1,1,1,0,1,1,1,1
2026-07-03T19:42:02.226,tof1,4x4,lying,-1,-1,-1,-1,-1,-1,178,169,187,171,164,163,173,167,166,168,0,0,0,0,0,0,1,1,1,1,1,1,1,1,1,1
2026-07-03T19:42:02.311,tof2,4x4,lying,3031,3266,-1,3324,-1,858,-1,2816,-1,913,1488,-1,936,1035,-1,1048,1,1,0,1,0,1,1,1,1,1,1,1,1,1,1,1
2026-07-03T19:42:02.386,tof1,4x4,lying,-1,-1,-1,-1,-1,-1,178,171,187,172,164,162,173,168,168,168,0,0,0,0,0,0,1,1,1,1,1,1,1,1,1,1
2026-07-03T19:42:02.479,tof2,4x4,lying,3016,3263,-1,3302,-1,858,2120,2801,1601,911,1488,-1,936,1037,1070,1048,1,1,0,1,0,1,1,1,1,1,1,0,1,1,1,1
2026-07-03T19:42:02.804,tof1,4x4,lying,-1,-1,-1,-1,-1,-1,177,171,189,172,164,162,174,167,168,168,0,0,0,0,0,0,1,1,1,1,1,1,1,1,1,1
2026-07-03T19:42:02.816,tof2,4x4,lying,2988,3261,-1,3302,2119,861,-1,2755,1630,908,1488,1275,936,1037,1069,1049,1,1,0,1,1,1,1,1,1,1,1,1,1,1,1,1
2026-07-03T19:42:02.963,tof1,4x4,lying,-1,-1,-1,-1,-1,-1,177,171,189,172,164,162,174,167,167,168,0,0,0,0,0,0,1,1,1,1,1,1,1,1,1,1
2026-07-03T19:42:03.105,tof2,4x4,lying,2988,3254,-1,3302,2122,858,2120,2728,-1,911,-1,1275,936,1035,1068,1052,1,1,0,1,1,1,1,1,0,1,1,1,1,1,1,1
2026-07-03T19:42:03.122,tof1,4x4,lying,-1,-1,-1,-1,-1,-1,177,171,189,173,164,162,174,168,167,168,0,0,0,0,0,0,1,1,1,1,1,1,1,1,1,1
2026-07-03T19:42:03.260,tof2,4x4,lying,2982,3261,-1,3302,-1,858,-1,2728,1630,913,1522,-1,944,1037,-1,1052,1,1,0,1,1,1,0,1,1,1,1,0,1,1,1,1
2026-07-03T19:42:03.283,tof1,4x4,lying,-1,-1,-1,-1,-1,-1,176,171,189,173,164,162,175,168,167,168,1,0,0,0,0,0,1,1,1,1,1,1,1,1,1,1
2026-07-03T19:42:03.435,tof1,4x4,lying,-1,-1,-1,-1,-1,-1,176,170,189,172,163,162,175,167,167,168,0,0,0,0,0,0,1,1,1,1,1,1,1,1,1,1
2026-07-03T19:42:03.492,tof2,4x4,lying,2950,3260,-1,3302,2127,861,2117,2717,1630,915,1525,-1,945,1037,1069,1049,1,1,0,1,1,1,1,1,1,1,1,1,1,1,1,1
2026-07-03T19:42:03.634,tof1,4x4,lying,-1,-1,-1,-1,-1,-1,176,168,188,172,163,162,175,167,167,168,0,0,0,0,0,0,1,1,1,1,1,1,1,1,1,1
2026-07-03T19:42:03.647,tof2,4x4,lying,2950,3254,-1,3302,2135,857,-1,2717,1630,917,1528,-1,945,1041,1066,1048,1,1,0,1,1,1,0,1,1,1,1,0,1,1,1,1
2026-07-03T19:42:03.812,tof1,4x4,lying,-1,-1,-1,-1,-1,-1,176,168,188,172,163,162,175,167,167,167,0,0,0,0,0,0,1,1,1,1,1,1,1,1,1,1
2026-07-03T19:42:03.851,tof2,4x4,lying,2982,3260,-1,3299,-1,855,-1,2740,1671,920,1557,-1,944,1035,1065,1048,1,1,0,1,0,1,1,1,1,1,1,0,1,1,1,1
2026-07-03T19:42:03.975,tof1,4x4,lying,-1,-1,-1,-1,-1,-1,176,168,188,172,163,162,175,166,167,167,0,0,0,0,0,0,1,1,1,1,1,1,1,1,1,1
2026-07-03T19:42:04.027,tof2,4x4,lying,2987,3269,3288,3299,2127,855,-1,2753,1671,920,1557,-1,944,1035,1065,1048,1,1,1,1,1,1,0,1,1,1,1,0,1,1,1,1
2026-07-03T19:42:04.147,tof1,4x4,lying,-1,-1,-1,-1,-1,-1,176,168,185,171,163,163,175,166,167,167,0,0,0,0,0,0,1,1,1,1,1,1,1,1,1,1
2026-07-03T19:42:04.191,tof2,4x4,lying,2993,3261,-1,3299,2127,855,2129,2761,-1,920,1545,-1,946,-1,1065,1047,1,1,1,1,1,1,1,1,1,1,1,0,1,1,1,1
2026-07-03T19:42:04.338,tof1,4x4,lying,-1,-1,-1,-1,-1,-1,176,168,184,170,163,163,174,167,167,167,0,0,0,0,0,0,1,1,1,1,1,1,1,1,1,1
2026-07-03T19:42:04.361,tof2,4x4,lying,2993,3269,-1,3299,-1,853,-1,2772,-1,914,1557,-1,936,1035,1065,1047,1,1,0,1,1,1,0,1,0,1,1,0,1,1,1,1
2026-07-03T19:42:04.701,tof1,4x4,lying,-1,-1,-1,-1,-1,-1,174,167,184,170,163,162,173,167,168,169,0,0,0,0,0,0,1,1,1,1,1,1,1,1,1,1
2026-07-03T19:42:04.703,tof2,4x4,lying,2993,3272,-1,3304,-1,853,-1,2784,1698,911,1545,-1,943,1035,1067,1051,1,1,1,1,1,1,0,1,1,1,1,1,1,1,1,1
2026-07-03T19:42:04.893,tof1,4x4,lying,-1,226,-1,-1,229,-1,173,166,183,169,161,162,172,167,167,169,0,1,0,0,1,0,1,1,1,1,1,1,1,1,1,1
2026-07-03T19:42:04.894,tof2,4x4,lying,2993,3269,3320,3304,2135,853,2129,2799,-1,911,1526,-1,943,1034,1067,1047,1,1,1,1,1,1,1,1,1,1,1,0,1,1,1,1
2026-07-03T19:42:05.151,tof1,4x4,lying,-1,228,-1,-1,229,-1,173,166,183,168,161,162,172,167,167,169,0,1,0,0,1,0,1,1,1,1,1,1,1,1,1,1
2026-07-03T19:42:05.216,tof2,4x4,lying,2993,3261,3309,3312,2142,855,-1,2799,1698,909,1545,-1,941,1035,-1,1047,1,1,1,1,1,1,1,1,1,1,1,0,1,1,1,1
2026-07-03T19:42:05.317,tof1,4x4,lying,-1,-1,-1,-1,-1,-1,169,162,178,165,155,153,168,161,159,162,0,0,0,0,0,0,1,1,1,1,1,1,1,1,1,1
2026-07-03T19:42:05.404,tof2,4x4,lying,2960,3264,3320,3312,-1,855,2153,2812,1698,909,1526,-1,940,1036,1067,1051,1,1,1,1,0,1,1,1,1,1,1,0,1,1,1,1
2026-07-03T19:42:05.489,tof1,4x4,lying,-1,-1,-1,-1,-1,-1,169,162,178,165,155,153,168,161,158,162,0,0,0,0,0,0,1,1,1,1,1,1,1,1,1,1
2026-07-03T19:42:05.579,tof2,4x4,lying,3016,3257,-1,3296,2142,860,-1,2812,1679,909,1526,-1,941,1036,1067,1051,1,1,0,1,1,1,0,1,1,1,1,0,1,1,1,1
2026-07-03T19:42:05.663,tof1,4x4,lying,-1,-1,-1,-1,-1,-1,169,162,178,165,155,153,168,161,158,162,0,0,0,0,0,0,1,1,1,1,1,1,1,1,1,1
2026-07-03T19:42:05.744,tof2,4x4,lying,3016,3253,-1,3296,-1,859,-1,2818,-1,909,1559,-1,941,1036,1067,1054,1,1,1,1,0,1,1,1,1,1,1,1,1,1,1,1
2026-07-03T19:42:05.816,tof1,4x4,lying,-1,-1,-1,-1,-1,-1,169,162,179,165,157,154,168,161,159,162,0,0,0,0,0,0,1,1,1,1,1,1,1,1,1,1
2026-07-03T19:42:05.904,tof2,4x4,lying,3016,3257,-1,3308,-1,860,-1,2818,-1,903,1559,-1,941,1036,1067,1054,1,1,0,1,1,1,0,1,1,1,1,1,1,1,1,1
2026-07-03T19:42:05.977,tof1,4x4,lying,-1,-1,-1,-1,-1,-1,173,164,182,168,157,157,171,163,163,163,0,0,0,0,0,0,1,1,1,1,1,1,1,1,1,1
2026-07-03T19:42:06.070,tof2,4x4,lying,2998,3257,3337,3296,2142,860,-1,2818,1663,902,1559,-1,941,1037,1067,1054,1,1,1,1,1,1,0,1,1,1,1,1,1,1,1,1
2026-07-03T19:42:06.141,tof1,4x4,lying,-1,-1,-1,-1,-1,-1,173,167,184,170,160,159,172,164,164,165,0,0,0,0,0,0,1,1,1,1,1,1,1,1,1,1
2026-07-03T19:42:06.235,tof2,4x4,lying,3009,3257,-1,3308,-1,859,2129,2796,1530,901,1559,-1,943,1037,1067,1050,1,1,0,1,0,1,1,1,1,1,1,0,1,1,1,1
2026-07-03T19:42:06.311,tof1,4x4,lying,-1,-1,-1,-1,-1,-1,175,169,186,170,162,159,174,165,166,165,0,0,0,0,0,0,1,1,1,1,1,1,1,1,1,1
2026-07-03T19:42:06.394,tof2,4x4,lying,2998,3258,-1,3308,-1,859,2129,2792,1530,902,1559,-1,943,1035,1066,1056,1,1,0,1,1,1,1,1,1,1,1,0,1,1,1,1
2026-07-03T19:42:06.517,tof1,4x4,lying,-1,-1,-1,-1,-1,-1,175,169,186,170,163,159,174,166,166,165,0,0,0,0,1,0,1,1,1,1,1,1,1,1,1,1
2026-07-03T19:42:06.610,tof2,4x4,lying,2974,3261,-1,3306,2142,867,-1,2792,-1,901,1583,-1,941,1035,1066,1050,1,1,1,1,1,1,0,1,1,1,1,0,1,1,1,1
2026-07-03T19:42:06.714,tof1,4x4,lying,-1,-1,-1,-1,-1,-1,175,167,186,170,162,159,174,166,166,165,0,0,0,0,0,0,1,1,1,1,1,1,1,1,1,1
2026-07-03T19:42:06.782,tof2,4x4,lying,-1,3261,-1,3306,2130,857,2126,2792,-1,902,1583,-1,941,1037,1066,1050,0,1,0,1,1,1,1,1,0,1,1,1,1,1,1,1
2026-07-03T19:42:06.907,tof1,4x4,lying,-1,-1,-1,-1,-1,-1,175,167,188,170,162,159,174,166,166,165,0,0,0,0,0,0,1,1,1,1,1,1,1,1,1,1
2026-07-03T19:42:06.936,tof2,4x4,lying,2974,3261,-1,3306,-1,854,2126,2796,1595,906,1555,1268,943,-1,1066,1050,1,1,0,1,0,1,1,1,1,1,1,1,1,1,1,1
2026-07-03T19:42:07.064,tof1,4x4,lying,-1,-1,-1,-1,-1,-1,175,167,186,170,162,159,174,166,166,165,0,0,0,0,0,0,1,1,1,1,1,1,1,1,1,1
2026-07-03T19:42:07.105,tof2,4x4,lying,3009,3258,3346,3306,2112,868,2126,2804,-1,908,1547,-1,943,1038,1069,1050,1,1,1,1,1,1,1,1,1,1,1,0,1,1,1,1
2026-07-03T19:42:07.235,tof1,4x4,lying,-1,-1,-1,-1,-1,-1,174,166,186,170,161,158,172,165,165,164,0,0,0,0,0,0,1,1,1,1,1,1,1,1,1,1
2026-07-03T19:42:07.268,tof2,4x4,lying,2974,3263,-1,3306,-1,854,-1,2804,-1,910,1521,-1,944,1035,-1,1047,1,1,1,1,1,1,1,1,1,1,1,0,1,1,1,1
2026-07-03T19:42:07.445,tof1,4x4,lying,-1,-1,-1,-1,-1,-1,173,166,183,169,161,159,171,165,165,165,0,0,0,0,0,0,1,1,1,1,1,1,1,1,1,1
2026-07-03T19:42:07.571,tof2,4x4,lying,2997,3258,-1,3306,-1,854,2144,2812,1595,910,1503,-1,944,1034,1069,1050,1,1,0,1,0,1,1,1,1,1,1,1,1,1,1,1
2026-07-03T19:42:07.964,tof2,4x4,lying,-1,3253,3337,3296,2112,854,2188,2812,-1,910,1502,-1,947,1034,1069,1051,1,1,1,1,1,1,1,1,0,1,1,0,1,1,1,1
2026-07-03T19:42:08.022,tof1,4x4,lying,-1,-1,-1,-1,-1,-1,173,166,183,169,161,159,171,165,165,165,0,0,0,0,0,0,1,1,1,1,1,1,1,1,1,1
2026-07-03T19:42:08.119,tof2,4x4,lying,2997,3253,-1,3306,2112,853,-1,2812,-1,910,1503,-1,949,1033,1069,1051,1,1,0,1,1,1,1,1,0,1,1,1,1,1,1,1
2026-07-03T19:42:08.173,tof1,4x4,lying,-1,-1,-1,-1,-1,-1,173,166,183,169,161,160,172,165,165,166,0,0,0,0,0,0,1,1,1,1,1,1,1,1,1,1
2026-07-03T19:42:08.287,tof2,4x4,lying,2969,3260,-1,3306,-1,842,-1,2802,1595,910,1521,-1,957,1033,-1,1053,1,1,1,1,0,1,0,1,1,1,1,0,1,1,1,1
2026-07-03T19:42:08.348,tof1,4x4,lying,-1,-1,-1,-1,-1,-1,177,170,185,170,162,161,177,168,167,168,0,0,0,0,0,0,1,1,1,1,1,1,1,1,1,1
2026-07-03T19:42:08.454,tof2,4x4,lying,2969,3253,-1,3306,2103,838,2192,2812,-1,883,1545,-1,962,1034,-1,1053,1,1,0,1,1,1,1,1,1,1,1,0,1,1,1,1
2026-07-03T19:42:08.533,tof1,4x4,lying,-1,-1,-1,-1,-1,-1,182,172,195,177,170,164,180,171,170,170,0,0,0,0,0,0,1,1,1,1,1,1,1,1,1,1
2026-07-03T19:42:08.625,tof2,4x4,lying,2948,3257,-1,3292,2101,834,2192,2804,1630,873,1545,-1,963,1035,-1,1051,1,1,0,1,1,1,1,1,1,1,1,0,1,1,1,1
2026-07-03T19:42:08.690,tof1,4x4,lying,-1,-1,-1,-1,-1,-1,182,174,198,178,170,167,180,171,172,171,0,0,0,0,0,0,1,1,1,1,1,1,1,1,1,1
2026-07-03T19:42:08.774,tof2,4x4,lying,2948,3257,-1,3295,-1,819,-1,2804,-1,873,1545,1268,963,-1,1074,1051,1,1,0,1,1,1,0,1,1,1,1,1,1,1,1,1
2026-07-03T19:42:08.845,tof1,4x4,lying,-1,-1,-1,-1,-1,-1,182,174,198,178,170,167,182,171,172,171,0,0,0,0,0,0,1,1,1,1,1,1,1,1,1,1
2026-07-03T19:42:08.934,tof2,4x4,lying,3055,3253,-1,3266,-1,834,-1,2804,-1,873,1545,-1,963,1035,-1,1051,1,1,0,1,0,1,0,1,0,1,1,0,1,1,1,1
2026-07-03T19:42:09.008,tof1,4x4,lying,-1,-1,-1,-1,-1,-1,182,174,198,178,169,167,182,171,173,171,0,1,0,0,0,0,1,1,1,1,1,1,1,1,1,1
2026-07-03T19:42:09.094,tof2,4x4,lying,3055,3249,-1,3266,2101,834,2197,2809,-1,882,1518,-1,958,1040,1061,1051,1,1,0,1,1,1,1,1,1,1,1,0,1,1,1,1
2026-07-03T19:42:09.173,tof1,4x4,lying,-1,-1,-1,-1,-1,-1,182,174,196,178,169,167,180,171,172,171,1,0,0,0,0,0,1,1,1,1,1,1,1,1,1,1
2026-07-03T19:42:09.271,tof2,4x4,lying,2988,3249,-1,3295,2101,838,2188,2805,1697,890,1508,-1,956,1040,1068,1051,1,1,0,1,1,1,1,1,1,1,1,0,1,1,1,1
2026-07-03T19:42:09.328,tof1,4x4,lying,-1,-1,-1,-1,-1,-1,182,173,195,178,169,168,180,170,171,171,0,0,1,0,0,0,1,1,1,1,1,1,1,1,1,1
2026-07-03T19:42:09.440,tof2,4x4,lying,-1,3245,-1,3298,2104,864,2143,2809,-1,895,1371,-1,949,1039,1068,1052,0,1,0,1,1,1,1,1,1,1,1,0,1,1,1,1
2026-07-03T19:42:09.485,tof1,4x4,lying,-1,-1,-1,-1,-1,-1,182,172,195,178,168,168,179,170,171,171,0,0,0,0,0,0,1,1,1,1,1,1,1,1,1,1
2026-07-03T19:42:09.603,tof2,4x4,lying,3000,3249,-1,3298,2105,874,2143,2823,1630,922,-1,-1,947,1039,1068,1052,1,1,1,1,1,1,1,1,1,1,1,0,1,1,1,1
2026-07-03T19:42:09.678,tof1,4x4,lying,-1,-1,-1,-1,-1,-1,180,172,195,178,168,168,179,170,171,172,0,0,0,0,0,0,1,1,1,1,1,1,1,1,1,1
2026-07-03T19:42:09.790,tof2,4x4,lying,2988,3255,-1,3298,-1,874,2156,2823,1648,922,924,-1,939,1039,1062,1052,1,1,0,1,0,1,1,1,1,1,1,0,1,1,1,1
2026-07-03T19:42:09.841,tof1,4x4,lying,-1,-1,-1,-1,-1,-1,182,173,196,178,169,168,179,171,171,173,0,0,0,0,0,0,1,1,1,1,1,1,1,1,1,1
2026-07-03T19:42:09.968,tof2,4x4,lying,2987,3264,-1,-1,2115,875,2143,2805,1648,923,924,-1,934,1039,1066,1051,1,1,1,1,1,1,1,1,1,1,1,1,1,1,1,1
2026-07-03T19:42:09.997,tof1,4x4,lying,-1,-1,-1,-1,-1,-1,182,175,196,177,169,168,179,171,171,173,1,0,0,0,0,0,1,1,1,1,1,1,1,1,1,1
2026-07-03T19:42:10.136,tof2,4x4,lying,2988,3264,-1,3297,-1,874,2143,2805,-1,922,924,-1,933,1039,1062,1051,1,1,1,1,0,1,1,1,1,1,1,0,1,1,1,1
2026-07-03T19:42:10.189,tof1,4x4,lying,-1,-1,-1,-1,-1,-1,181,175,196,177,169,168,179,171,171,171,0,0,0,0,0,0,1,1,1,1,1,1,1,1,1,1
2026-07-03T19:42:10.306,tof2,4x4,lying,2998,3264,3337,3297,-1,874,-1,2800,1636,920,1428,-1,932,1033,1066,1051,1,1,1,1,0,1,0,1,1,1,1,1,1,1,1,1
2026-07-03T19:42:10.365,tof1,4x4,lying,-1,-1,-1,-1,-1,-1,181,175,196,177,169,169,179,172,171,172,1,0,0,0,0,0,1,1,1,1,1,1,1,1,1,1
2026-07-03T19:42:10.489,tof2,4x4,lying,2932,3259,3337,3297,2121,876,-1,2800,1590,919,1428,-1,925,1033,1062,1050,1,1,1,1,1,1,0,1,1,1,1,0,1,1,1,1
2026-07-03T19:42:10.546,tof1,4x4,lying,-1,-1,-1,-1,-1,-1,181,175,195,177,168,169,179,171,170,172,0,0,0,0,0,0,1,1,1,1,1,1,1,1,1,1
2026-07-03T19:42:10.662,tof2,4x4,lying,2993,3259,3308,3297,2121,876,2156,2805,1636,919,1455,-1,925,1031,1065,1048,1,1,1,1,1,1,1,1,1,1,1,1,1,1,1,1
2026-07-03T19:42:10.706,tof1,4x4,lying,3321,-1,-1,-1,-1,-1,181,174,192,177,168,168,178,171,170,171,1,0,0,0,0,0,1,1,1,1,1,1,1,1,1,1
2026-07-03T19:42:10.813,tof2,4x4,lying,2998,3255,-1,3297,2121,876,2197,2806,1590,919,1509,-1,930,1031,1059,1045,1,1,0,1,1,1,1,1,1,1,1,1,1,1,1,1
2026-07-03T19:42:10.866,tof1,4x4,lying,-1,-1,-1,-1,-1,-1,180,174,192,175,168,168,177,170,170,171,0,0,0,0,0,0,1,1,1,1,1,1,1,1,1,1
2026-07-03T19:42:10.996,tof2,4x4,lying,2993,3255,-1,3297,2117,877,2145,2806,-1,915,1520,-1,925,1031,1065,1043,1,1,0,1,1,1,1,1,1,1,1,0,1,1,1,1
2026-07-03T19:42:11.026,tof1,4x4,lying,-1,-1,-1,-1,-1,-1,180,174,191,175,167,168,177,170,170,172,0,0,0,0,0,0,1,1,1,1,1,1,1,1,1,1
2026-07-03T19:42:11.169,tof2,4x4,lying,2991,3259,3306,3291,2117,876,-1,2806,1590,907,1534,-1,930,1030,1065,1043,1,1,1,1,1,1,1,1,1,1,1,0,1,1,1,1
2026-07-03T19:42:11.190,tof1,4x4,lying,-1,-1,-1,-1,-1,-1,180,174,191,175,167,168,176,170,170,171,0,0,0,0,0,0,1,1,1,1,1,1,1,1,1,1
2026-07-03T19:42:11.326,tof2,4x4,lying,2991,3260,-1,3291,-1,876,2146,2805,1606,907,-1,-1,930,1030,1072,1043,1,1,0,1,1,1,1,1,1,1,1,0,1,1,1,1
2026-07-03T19:42:11.355,tof1,4x4,lying,-1,-1,-1,-1,-1,-1,178,174,191,175,167,168,176,169,170,171,0,0,0,0,0,0,1,1,1,1,1,1,1,1,1,1
2026-07-03T19:42:11.494,tof2,4x4,lying,2991,3260,3306,3293,-1,877,-1,2801,1606,915,1534,-1,931,1032,1072,1043,1,1,1,1,1,1,0,1,1,1,1,1,1,1,1,1
2026-07-03T19:42:11.523,tof1,4x4,lying,-1,-1,-1,-1,-1,-1,179,174,191,175,167,168,175,169,170,171,0,0,0,0,0,0,1,1,1,1,1,1,1,1,1,1
2026-07-03T19:42:11.651,tof2,4x4,lying,2990,3262,-1,3291,2117,877,2206,2797,1606,915,1550,-1,931,1037,-1,1053,1,1,1,1,1,1,1,1,1,1,1,1,1,1,1,1
2026-07-03T19:42:11.672,tof1,4x4,lying,-1,-1,-1,-1,-1,-1,179,173,191,173,166,168,175,169,170,171,0,0,0,0,0,0,1,1,1,1,1,1,1,1,1,1
2026-07-03T19:42:11.826,tof2,4x4,lying,-1,3262,3301,3293,2124,874,-1,2797,1606,908,1581,1264,932,1037,1072,1053,1,1,1,1,1,1,1,1,1,1,1,1,1,1,1,1
2026-07-03T19:42:11.860,tof1,4x4,lying,-1,-1,-1,-1,-1,-1,178,173,191,173,166,166,175,169,167,170,0,0,0,0,0,0,1,1,1,1,1,1,1,1,1,1
2026-07-03T19:42:11.992,tof2,4x4,lying,2987,3262,-1,3293,2134,873,2146,2793,1606,915,1557,-1,931,1037,-1,1053,1,1,0,1,1,1,1,1,1,1,1,0,1,1,1,1
2026-07-03T19:42:12.037,tof1,4x4,lying,-1,-1,-1,-1,-1,-1,178,173,191,173,166,166,175,169,167,170,0,0,0,0,0,0,1,1,1,1,1,1,1,1,1,1
2026-07-03T19:42:12.143,tof2,4x4,lying,2987,3265,-1,3313,-1,873,2145,2797,1638,915,1550,-1,932,1030,1074,1053,1,1,0,1,1,1,1,1,1,1,1,0,1,1,1,1
2026-07-03T19:42:12.218,tof1,4x4,lying,-1,-1,-1,-1,-1,-1,179,173,190,173,166,166,175,168,168,170,0,0,0,0,0,0,1,1,1,1,1,1,1,1,1,1
2026-07-03T19:42:12.322,tof2,4x4,lying,2963,3254,-1,3292,-1,871,2146,2798,1638,915,1550,-1,-1,1030,1070,1053,1,1,0,1,0,1,1,1,1,1,1,0,1,1,1,1
2026-07-03T19:42:12.367,tof1,4x4,lying,-1,-1,-1,-1,-1,-1,179,173,191,174,166,166,175,168,168,170,0,0,0,0,0,0,1,1,1,1,1,1,1,1,1,1
2026-07-03T19:42:12.499,tof2,4x4,lying,2960,3254,-1,3292,2153,873,2139,2813,1574,917,1541,1264,943,1030,-1,1052,1,1,1,1,1,1,1,1,1,1,1,1,1,1,1,1
2026-07-03T19:42:12.554,tof1,4x4,lying,-1,-1,-1,-1,-1,-1,179,173,191,174,166,166,175,169,169,170,0,0,0,0,0,0,1,1,1,1,1,1,1,1,1,1
2026-07-03T19:42:12.654,tof2,4x4,lying,2960,3254,-1,3283,2153,876,-1,2813,1638,917,1521,1282,938,1033,1068,1052,1,1,0,1,1,1,1,1,1,1,1,1,1,1,1,1
2026-07-03T19:42:12.731,tof1,4x4,lying,-1,-1,-1,-1,-1,-1,180,173,191,174,166,166,175,170,171,172,0,0,0,0,0,0,1,1,1,1,1,1,1,1,1,1
2026-07-03T19:42:12.852,tof2,4x4,lying,-1,3261,-1,3292,2153,876,2139,2814,1574,919,1510,-1,941,1033,-1,1052,1,1,1,1,1,1,1,1,1,1,1,0,1,1,1,1
2026-07-03T19:42:12.900,tof1,4x4,lying,-1,-1,-1,-1,-1,-1,180,174,194,177,169,167,177,170,171,172,1,0,0,0,0,0,1,1,1,1,1,1,1,1,1,1
2026-07-03T19:42:13.015,tof2,4x4,lying,2963,3254,3295,3292,2146,870,2176,2814,1574,919,1501,-1,-1,1036,1068,1052,1,1,1,1,1,1,1,1,1,1,1,0,1,1,1,1
2026-07-03T19:42:13.070,tof1,4x4,lying,-1,-1,-1,-1,-1,-1,181,175,194,177,169,167,177,170,171,172,0,0,0,0,0,0,1,1,1,1,1,1,1,1,1,1
2026-07-03T19:42:13.172,tof2,4x4,lying,2996,3250,3296,3315,2126,871,2176,2829,1599,917,1491,-1,943,1034,1068,1054,1,1,1,1,1,1,1,1,1,1,1,0,1,1,1,1
2026-07-03T19:42:13.243,tof1,4x4,lying,-1,-1,-1,-1,-1,-1,181,175,194,177,169,167,177,170,171,172,0,0,0,0,0,0,1,1,1,1,1,1,1,1,1,1
2026-07-03T19:42:13.344,tof2,4x4,lying,3033,3250,-1,3315,-1,871,-1,2817,-1,917,1474,-1,943,1034,1065,1054,1,1,0,1,1,1,1,1,1,1,1,0,1,1,1,1
2026-07-03T19:42:13.395,tof1,4x4,lying,-1,-1,-1,-1,-1,-1,181,175,194,176,169,166,176,170,171,171,0,0,0,0,0,0,1,1,1,1,1,1,1,1,1,1
2026-07-03T19:42:13.499,tof2,4x4,lying,3033,3256,-1,3315,-1,870,2141,2828,1629,917,1474,-1,941,1035,1063,1054,1,1,0,1,1,1,1,1,1,1,1,0,1,1,1,1
2026-07-03T19:42:13.554,tof1,4x4,lying,-1,-1,-1,-1,-1,-1,181,173,194,176,167,166,176,169,170,170,0,0,0,0,0,0,1,1,1,1,1,1,1,1,1,1
2026-07-03T19:42:13.701,tof2,4x4,lying,-1,3256,-1,3315,-1,871,-1,2817,-1,915,1474,-1,943,1035,1063,1051,0,1,0,1,0,1,1,1,1,1,1,0,1,1,1,1
2026-07-03T19:42:13.773,tof1,4x4,lying,-1,-1,-1,-1,-1,-1,180,173,193,175,166,166,175,169,169,169,0,0,0,0,0,0,1,1,1,1,1,1,1,1,1,1
2026-07-03T19:42:13.891,tof2,4x4,lying,3033,3256,-1,3326,2117,871,2141,2817,1629,916,1470,-1,943,1034,1063,1050,1,1,1,1,1,1,1,1,1,1,1,1,1,1,1,1
2026-07-03T19:42:13.966,tof1,4x4,lying,-1,-1,-1,-1,-1,-1,180,173,192,175,166,166,175,169,168,169,1,0,0,0,0,0,1,1,1,1,1,1,1,1,1,1
2026-07-03T19:42:14.061,tof2,4x4,lying,-1,3256,3296,3313,-1,877,-1,2811,1629,916,1448,-1,937,1035,1063,1048,1,1,1,1,1,1,1,1,1,1,1,0,1,1,1,1
2026-07-03T19:42:14.125,tof1,4x4,lying,-1,-1,-1,-1,-1,-1,180,173,192,175,166,166,175,169,168,169,0,0,0,0,0,0,1,1,1,1,1,1,1,1,1,1
2026-07-03T19:42:14.225,tof2,4x4,lying,2996,3248,-1,3315,-1,877,2131,2811,1629,916,1470,-1,937,1032,1066,1046,1,1,1,1,0,1,1,1,1,1,1,0,1,1,1,1
2026-07-03T19:42:14.295,tof1,4x4,lying,-1,-1,-1,-1,-1,-1,178,174,192,175,166,165,175,167,168,169,0,0,0,0,0,0,1,1,1,1,1,1,1,1,1,1
2026-07-03T19:42:14.392,tof2,4x4,lying,3030,3248,-1,3326,2099,877,-1,2811,1629,916,1470,-1,-1,1032,-1,1050,1,1,0,1,1,1,1,1,1,1,1,0,1,1,1,1
2026-07-03T19:42:14.462,tof1,4x4,lying,-1,-1,-1,-1,-1,-1,180,174,192,175,166,165,175,169,168,168,1,0,0,0,0,0,1,1,1,1,1,1,1,1,1,1
2026-07-03T19:42:14.578,tof2,4x4,lying,3030,3248,-1,3315,2099,865,2130,2826,1648,916,1552,-1,934,1032,1066,1050,1,1,0,1,1,1,1,1,1,1,1,0,1,1,1,1
2026-07-03T19:42:14.623,tof1,4x4,lying,-1,-1,-1,-1,-1,-1,180,174,192,175,166,165,175,168,168,169,0,0,0,0,0,0,1,1,1,1,1,1,1,1,1,1
2026-07-03T19:42:14.995,tof2,4x4,lying,3030,3256,-1,3315,-1,870,2130,2826,1615,915,1552,-1,934,1032,1068,1046,1,1,0,1,1,1,1,1,1,1,1,0,1,1,1,1
2026-07-03T19:42:15.008,tof1,4x4,lying,-1,-1,-1,-1,-1,-1,180,174,192,175,166,165,175,168,168,169,1,0,0,0,0,0,1,1,1,1,1,1,1,1,1,1
2026-07-03T19:42:15.166,tof2,4x4,lying,3010,3256,-1,3332,-1,870,-1,2826,1622,915,1552,-1,934,1031,1066,1051,1,1,0,1,0,1,0,1,1,1,1,0,1,1,1,1
2026-07-03T19:42:15.176,tof1,4x4,lying,-1,-1,-1,-1,-1,-1,180,174,192,175,166,165,175,168,168,169,0,0,0,0,0,0,1,1,1,1,1,1,1,1,1,1
2026-07-03T19:42:15.337,tof1,4x4,lying,-1,-1,-1,-1,-1,-1,180,174,192,175,166,165,175,169,168,169,0,0,0,1,0,0,1,1,1,1,1,1,1,1,1,1
2026-07-03T19:42:15.338,tof2,4x4,lying,3013,3256,-1,3332,2099,870,2130,2825,1622,914,1533,-1,935,1031,1066,1052,1,1,0,1,1,1,1,1,1,1,1,0,1,1,1,1
2026-07-03T19:42:15.518,tof1,4x4,lying,-1,-1,-1,-1,-1,-1,180,174,193,175,167,166,176,169,169,169,0,0,0,0,0,0,1,1,1,1,1,1,1,1,1,1
2026-07-03T19:42:15.589,tof2,4x4,lying,3013,3251,-1,3311,-1,870,2056,2821,1622,914,1533,-1,935,1031,-1,1052,1,1,0,1,0,1,1,1,1,1,1,0,1,1,1,1
2026-07-03T19:42:15.689,tof1,4x4,lying,-1,-1,-1,-1,-1,-1,181,174,193,176,167,166,176,169,169,169,0,0,0,0,0,0,1,1,1,1,1,1,1,1,1,1
2026-07-03T19:42:15.758,tof2,4x4,lying,3010,3251,-1,3312,-1,871,2105,2818,1555,914,1486,-1,939,1031,1066,1052,1,1,1,1,0,1,1,1,1,1,1,1,1,1,1,1
2026-07-03T19:42:15.840,tof1,4x4,lying,-1,-1,-1,-1,-1,-1,183,176,194,176,168,167,176,170,169,170,0,0,0,0,0,0,1,1,1,1,1,1,1,1,1,1
2026-07-03T19:42:15.926,tof2,4x4,lying,3013,3250,-1,3311,2111,871,-1,2821,1547,914,1486,-1,940,1031,1068,1052,1,1,0,1,1,1,1,1,1,1,1,1,1,1,1,1
2026-07-03T19:42:16.005,tof1,4x4,lying,-1,-1,-1,-1,-1,-1,183,177,195,177,169,168,179,170,170,171,1,0,0,0,0,0,1,1,1,1,1,1,1,1,1,1
2026-07-03T19:42:16.087,tof2,4x4,lying,3023,3251,-1,3311,2113,871,2138,2821,1547,914,1486,-1,942,1033,1066,1052,1,1,0,1,1,1,1,1,1,1,1,0,1,1,1,1
2026-07-03T19:42:16.163,tof1,4x4,lying,-1,-1,-1,-1,-1,-1,183,177,196,177,169,168,179,170,170,171,0,0,0,0,0,0,1,1,1,1,1,1,1,1,1,1
2026-07-03T19:42:16.246,tof2,4x4,lying,3023,3258,-1,3311,2134,871,-1,2821,1657,916,1486,-1,942,1029,1070,1051,1,1,1,1,1,1,1,1,1,1,1,1,1,1,1,1
2026-07-03T19:42:16.335,tof1,4x4,lying,-1,-1,-1,-1,-1,-1,183,177,196,177,169,168,179,170,170,171,0,0,0,0,0,0,1,1,1,1,1,1,1,1,1,1
2026-07-03T19:42:16.424,tof2,4x4,lying,-1,3259,-1,3305,-1,874,-1,2819,1581,917,1479,-1,942,1029,1070,1051,1,1,0,1,1,1,0,1,1,1,1,0,1,1,1,1
2026-07-03T19:42:16.509,tof1,4x4,lying,-1,-1,-1,-1,-1,-1,181,176,196,177,169,168,179,170,170,170,0,0,0,0,0,0,1,1,1,1,1,1,1,1,1,1
2026-07-03T19:42:16.581,tof2,4x4,lying,3003,3259,-1,3305,-1,875,2116,2819,1641,916,1470,-1,942,1030,1064,1049,1,1,0,1,0,1,1,1,1,1,1,1,1,1,1,1
2026-07-03T19:42:16.672,tof1,4x4,lying,-1,-1,-1,-1,-1,-1,181,176,195,177,169,168,177,170,170,171,0,0,0,0,0,0,1,1,1,1,1,1,1,1,1,1
2026-07-03T19:42:16.745,tof2,4x4,lying,-1,3261,-1,3314,-1,874,-1,2810,1641,916,1479,-1,940,1033,1064,1049,1,1,0,1,0,1,0,1,1,1,1,0,1,1,1,1
2026-07-03T19:42:16.846,tof1,4x4,lying,-1,-1,-1,-1,-1,-1,181,175,195,176,169,167,177,169,169,171,0,0,0,0,0,0,1,1,1,1,1,1,1,1,1,1
2026-07-03T19:42:16.935,tof2,4x4,lying,3003,3259,-1,3305,2134,874,2116,2810,1600,916,1479,-1,940,1033,1062,1048,1,1,0,1,1,1,1,1,1,1,1,0,1,1,1,1
2026-07-03T19:42:17.010,tof1,4x4,lying,-1,-1,-1,-1,-1,-1,181,175,194,176,169,167,177,169,169,171,0,0,0,0,0,0,1,1,1,1,1,1,1,1,1,1
2026-07-03T19:42:17.091,tof2,4x4,lying,2999,3259,-1,3314,-1,874,-1,2810,1581,920,1473,-1,939,1033,-1,1052,1,1,0,1,1,1,0,1,1,1,1,1,1,1,1,1
2026-07-03T19:42:17.170,tof1,4x4,lying,-1,-1,-1,-1,-1,-1,181,174,194,175,168,167,176,169,168,170,0,0,0,0,0,0,1,1,1,1,1,1,1,1,1,1
2026-07-03T19:42:17.259,tof2,4x4,lying,2999,3256,-1,3326,2134,870,2116,2764,1564,913,1473,-1,939,1030,1062,1048,1,1,0,1,1,1,1,1,1,1,1,0,1,1,1,1
2026-07-03T19:42:17.331,tof1,4x4,lying,-1,-1,-1,-1,-1,-1,181,174,193,175,168,167,176,169,168,170,0,0,0,0,0,0,1,1,1,1,1,1,1,1,1,1
2026-07-03T19:42:17.437,tof2,4x4,lying,2999,3256,-1,3326,2113,870,-1,2764,1564,913,1482,-1,939,1033,1062,1048,1,1,0,1,1,1,1,1,1,1,1,0,1,1,1,1
2026-07-03T19:42:17.484,tof1,4x4,lying,-1,-1,-1,-1,-1,-1,181,174,193,175,166,167,176,169,168,170,0,0,0,0,0,0,1,1,1,1,1,1,1,1,1,1
2026-07-03T19:42:17.600,tof2,4x4,lying,2969,3256,-1,3314,2134,870,2116,2754,1564,907,1482,-1,939,1027,1068,1048,1,1,0,1,1,1,1,1,1,1,1,0,1,1,1,1
2026-07-03T19:42:17.648,tof1,4x4,lying,-1,-1,-1,-1,-1,-1,181,174,193,175,166,167,176,169,169,170,0,0,0,0,0,0,1,1,1,1,1,1,1,1,1,1
2026-07-03T19:42:17.769,tof2,4x4,lying,3006,3256,-1,3314,2094,875,2116,2754,1564,908,1531,1341,939,1027,1069,1052,1,1,0,1,1,1,1,1,1,1,1,1,1,1,1,1
2026-07-03T19:42:17.806,tof1,4x4,lying,-1,-1,-1,-1,-1,-1,181,175,193,175,167,167,177,170,169,170,0,0,0,0,0,0,1,1,1,1,1,1,1,1,1,1
2026-07-03T19:42:17.920,tof2,4x4,lying,3006,3258,-1,3329,-1,881,2112,2754,1640,907,1531,-1,939,1027,1069,1046,1,1,0,1,1,1,1,1,1,1,1,0,1,1,1,1
2026-07-03T19:42:17.978,tof1,4x4,lying,-1,-1,-1,-1,-1,-1,181,175,194,177,168,167,178,170,169,171,0,0,0,0,0,0,1,1,1,1,1,1,1,1,1,1
2026-07-03T19:42:18.086,tof2,4x4,lying,3006,3258,-1,3329,-1,881,-1,2750,1649,907,1531,-1,934,1021,1069,1040,1,1,0,1,0,1,1,1,1,1,1,0,1,1,1,1
2026-07-03T19:42:18.156,tof1,4x4,lying,-1,-1,-1,-1,-1,-1,182,175,195,177,168,168,178,170,170,171,0,0,0,0,0,0,1,1,1,1,1,1,1,1,1,1
2026-07-03T19:42:18.250,tof2,4x4,lying,2991,3258,-1,3326,2127,879,-1,2750,1669,908,1531,-1,934,1021,1068,1038,1,1,0,1,1,1,0,1,1,1,1,0,1,1,1,1
2026-07-03T19:42:18.311,tof1,4x4,lying,-1,-1,-1,-1,-1,-1,182,177,195,177,168,168,177,170,170,171,0,0,0,0,0,0,1,1,1,1,1,1,1,1,1,1
2026-07-03T19:42:18.426,tof2,4x4,lying,3006,3258,-1,3329,-1,879,2112,2757,1669,914,1469,-1,934,1027,1073,1038,1,1,0,1,0,1,1,1,1,1,1,0,1,1,1,1
2026-07-03T19:42:18.492,tof1,4x4,lying,-1,-1,-1,-1,-1,-1,182,177,195,177,168,168,177,170,171,171,0,0,0,0,0,0,1,1,1,1,1,1,1,1,1,1
2026-07-03T19:42:18.593,tof2,4x4,lying,-1,3260,-1,3329,2127,868,2172,2758,1669,914,1469,-1,934,1027,1067,1038,1,1,0,1,1,1,1,1,1,1,1,0,1,1,1,1
2026-07-03T19:42:18.673,tof1,4x4,lying,-1,-1,-1,-1,-1,-1,182,177,195,177,168,168,177,169,170,171,0,0,0,0,0,0,1,1,1,1,1,1,1,1,1,1
2026-07-03T19:42:18.818,tof2,4x4,lying,3025,3262,-1,3326,-1,868,2199,2758,1650,915,1545,-1,931,1032,-1,1035,1,1,0,1,0,1,1,1,1,1,1,0,1,1,1,1
2026-07-03T19:42:18.873,tof1,4x4,lying,-1,-1,-1,-1,-1,-1,182,176,195,176,168,168,176,169,170,171,0,0,0,0,0,0,1,1,1,1,1,1,1,1,1,1
2026-07-03T19:42:18.982,tof2,4x4,lying,3025,3262,-1,3316,-1,868,2172,2768,1625,916,1549,-1,931,1032,-1,1048,1,1,0,1,1,1,1,1,1,1,1,0,1,1,1,1
2026-07-03T19:42:19.033,tof1,4x4,lying,-1,-1,-1,-1,-1,-1,182,175,195,176,168,167,177,169,170,170,0,0,0,0,0,0,1,1,1,1,1,1,1,1,1,1
2026-07-03T19:42:19.146,tof2,4x4,lying,3012,3260,-1,3310,2127,872,2172,2778,1608,915,1581,-1,936,1027,1067,1048,1,1,0,1,1,1,1,1,1,1,1,1,1,1,1,1
2026-07-03T19:42:19.201,tof1,4x4,lying,-1,-1,-1,-1,-1,-1,182,175,195,176,168,167,177,169,170,170,0,0,0,0,0,0,1,1,1,1,1,1,1,1,1,1
2026-07-03T19:42:19.309,tof2,4x4,lying,3012,3261,-1,3310,-1,872,2165,2778,1608,907,1581,-1,944,-1,1067,1046,1,1,0,1,1,1,1,1,1,1,1,0,1,1,1,1
2026-07-03T19:42:19.360,tof1,4x4,lying,-1,-1,-1,-1,-1,-1,181,174,195,176,167,166,177,168,170,170,0,0,0,0,0,0,1,1,1,1,1,1,1,1,1,1
2026-07-03T19:42:19.479,tof2,4x4,lying,2998,3261,-1,3310,2088,872,-1,2784,-1,907,1549,-1,938,1030,1060,1046,1,1,0,1,1,1,0,1,1,1,1,0,1,1,1,1
2026-07-03T19:42:19.519,tof1,4x4,lying,-1,-1,-1,-1,-1,-1,181,175,195,176,167,167,177,170,169,170,0,0,0,0,0,0,1,1,1,1,1,1,1,1,1,1
2026-07-03T19:42:19.635,tof2,4x4,lying,2998,3260,-1,3310,2127,872,2165,2784,1603,907,1464,-1,938,1029,1060,1046,1,1,0,1,1,1,1,1,1,1,1,1,1,1,1,1
2026-07-03T19:42:19.688,tof1,4x4,lying,-1,-1,-1,-1,-1,-1,181,175,195,176,167,166,177,168,169,170,0,1,0,0,0,0,1,1,1,1,1,1,1,1,1,1
2026-07-03T19:42:19.807,tof2,4x4,lying,2998,3261,-1,3313,-1,872,-1,2784,1603,907,1464,-1,938,-1,1066,1046,1,1,0,1,0,1,0,1,1,1,1,0,1,1,1,1
2026-07-03T19:42:19.858,tof1,4x4,lying,-1,-1,-1,-1,-1,-1,180,175,195,176,167,166,177,168,169,170,1,0,0,1,0,0,1,1,1,1,1,1,1,1,1,1
2026-07-03T19:42:19.963,tof2,4x4,lying,2975,3261,-1,3313,-1,869,2162,2784,1603,907,1464,-1,937,1025,1066,1047,1,1,0,1,0,1,1,1,1,1,1,1,1,1,1,1
2026-07-03T19:42:20.021,tof1,4x4,lying,-1,-1,-1,-1,-1,-1,180,174,195,176,166,164,177,169,169,170,0,0,0,0,0,0,1,1,1,1,1,1,1,1,1,1
2026-07-03T19:42:20.131,tof2,4x4,lying,2989,3263,-1,3308,2127,874,2162,2774,1603,911,1439,-1,935,1025,1065,1047,1,1,1,1,1,1,1,1,1,1,1,0,1,1,1,1
2026-07-03T19:42:20.185,tof1,4x4,lying,-1,-1,-1,-1,-1,-1,180,174,193,176,166,164,177,169,169,169,0,0,0,0,0,0,1,1,1,1,1,1,1,1,1,1
2026-07-03T19:42:20.302,tof2,4x4,lying,2989,3259,-1,3303,2107,874,-1,2774,1610,915,1512,-1,935,1028,1065,1047,1,1,1,1,1,1,1,1,1,1,1,1,1,1,1,1
2026-07-03T19:42:20.353,tof1,4x4,lying,-1,-1,-1,-1,-1,-1,180,173,192,176,166,164,177,168,168,169,0,0,0,0,0,0,1,1,1,1,1,1,1,1,1,1
2026-07-03T19:42:20.462,tof2,4x4,lying,2954,3264,3296,3303,-1,869,-1,2774,1614,911,1512,-1,935,1028,1065,1047,1,1,1,1,1,1,0,1,1,1,1,0,1,1,1,1
2026-07-03T19:42:20.542,tof1,4x4,lying,-1,-1,-1,-1,-1,-1,180,173,192,176,165,164,177,168,168,169,1,0,0,0,0,0,1,1,1,1,1,1,1,1,1,1
2026-07-03T19:42:20.623,tof2,4x4,lying,2954,3266,-1,3301,-1,869,-1,2780,1610,911,1515,-1,931,1028,1063,1047,1,1,0,1,0,1,1,1,1,1,1,0,1,1,1,1
2026-07-03T19:42:20.706,tof1,4x4,lying,-1,-1,-1,-1,-1,-1,180,173,192,176,165,164,177,168,168,169,0,0,0,0,0,0,1,1,1,1,1,1,1,1,1,1
2026-07-03T19:42:20.778,tof2,4x4,lying,2979,3266,-1,3291,-1,871,-1,2780,1610,911,1504,-1,939,1028,-1,1047,1,1,1,1,1,1,1,1,1,1,1,0,1,1,1,1
2026-07-03T19:42:20.897,tof1,4x4,lying,-1,-1,-1,-1,-1,-1,180,173,193,176,166,164,178,168,168,169,0,0,0,0,0,0,1,1,1,1,1,1,1,1,1,1
2026-07-03T19:42:20.985,tof2,4x4,lying,2954,3260,-1,3301,2127,871,2162,2815,-1,911,1504,-1,939,1028,-1,1051,1,1,0,1,1,1,1,1,1,1,1,0,1,1,1,1
2026-07-03T19:42:21.082,tof1,4x4,lying,-1,-1,-1,-1,-1,-1,181,173,194,176,167,166,178,168,168,169,0,0,0,0,0,0,1,1,1,1,1,1,1,1,1,1
2026-07-03T19:42:21.164,tof2,4x4,lying,2973,3260,-1,3311,2127,871,-1,2818,1588,910,1503,-1,939,1028,-1,1051,1,1,1,1,1,1,1,1,1,1,1,1,1,1,1,1
2026-07-03T19:42:21.289,tof1,4x4,lying,-1,-1,-1,-1,-1,-1,181,176,195,176,167,166,178,168,169,169,0,0,0,0,0,0,1,1,1,1,1,1,1,1,1,1
2026-07-03T19:42:21.370,tof2,4x4,lying,2979,3260,-1,3309,2127,879,-1,2837,1568,910,1503,1341,935,1028,1063,1051,1,1,0,1,1,1,1,1,1,1,1,1,1,1,1,1
2026-07-03T19:42:21.480,tof1,4x4,lying,-1,-1,-1,-1,-1,-1,182,176,195,176,168,166,178,170,169,170,0,0,0,0,0,0,1,1,1,1,1,1,1,1,1,1
2026-07-03T19:42:21.563,tof2,4x4,lying,2979,3260,-1,3312,2107,879,2177,2839,1568,910,1503,-1,935,1034,-1,1050,1,1,0,1,1,1,1,1,1,1,1,0,1,1,1,1
2026-07-03T19:42:21.679,tof1,4x4,lying,-1,-1,-1,-1,-1,-1,182,176,195,176,167,166,178,170,169,169,0,0,0,0,0,0,1,1,1,1,1,1,1,1,1,1
2026-07-03T19:42:21.739,tof2,4x4,lying,2973,3261,-1,3312,2130,874,-1,2864,1588,911,1503,-1,935,1035,1069,1049,1,1,0,1,1,1,0,1,1,1,1,0,1,1,1,1
2026-07-03T19:42:21.871,tof1,4x4,lying,-1,-1,-1,-1,-1,-1,182,176,195,176,168,166,178,170,169,169,0,0,0,0,0,0,1,1,1,1,1,1,1,1,1,1
2026-07-03T19:42:21.908,tof2,4x4,lying,2986,3262,-1,3312,-1,874,2162,2888,1589,913,1493,-1,939,1035,1069,1049,1,1,0,1,1,1,1,1,1,1,1,0,1,1,1,1
2026-07-03T19:42:22.044,tof1,4x4,lying,-1,-1,-1,-1,-1,-1,182,175,195,176,168,166,178,170,168,168,1,0,0,0,0,0,1,1,1,1,1,1,1,1,1,1
2026-07-03T19:42:22.091,tof2,4x4,lying,3039,3262,-1,-1,-1,874,-1,2904,1593,913,1482,-1,934,1035,-1,1049,1,1,1,1,1,1,1,1,1,1,1,1,1,1,1,1
2026-07-03T19:42:22.202,tof1,4x4,lying,-1,-1,-1,-1,-1,-1,182,174,195,175,167,166,178,170,168,168,0,0,0,0,0,0,1,1,1,1,1,1,1,1,1,1
2026-07-03T19:42:22.256,tof2,4x4,lying,-1,3261,-1,3324,2117,874,-1,2888,1608,914,1482,-1,934,1035,1065,1044,1,1,0,1,1,1,1,1,1,1,1,1,1,1,1,1
2026-07-03T19:42:22.359,tof1,4x4,lying,-1,-1,-1,-1,-1,-1,182,174,195,175,167,166,178,169,168,168,0,1,0,0,0,0,1,1,1,1,1,1,1,1,1,1
2026-07-03T19:42:22.408,tof2,4x4,lying,3018,3249,-1,3324,-1,874,-1,2881,1593,913,1437,-1,939,1035,1067,1042,1,1,0,1,1,1,1,1,1,1,1,1,1,1,1,1
2026-07-03T19:42:22.518,tof1,4x4,lying,-1,-1,-1,-1,-1,-1,182,174,196,176,167,166,178,169,169,168,0,0,0,0,0,0,1,1,1,1,1,1,1,1,1,1
2026-07-03T19:42:22.589,tof2,4x4,lying,3039,3249,-1,3320,2117,874,2169,2888,1593,911,1482,-1,935,1033,1065,1044,1,1,1,1,1,1,1,1,1,1,1,0,1,1,1,1
2026-07-03T19:42:22.688,tof1,4x4,lying,-1,-1,-1,-1,-1,-1,181,174,196,176,167,166,178,169,169,168,0,0,0,0,0,0,1,1,1,1,1,1,1,1,1,1
2026-07-03T19:42:22.786,tof2,4x4,lying,3039,3249,-1,3320,2100,869,-1,2881,1558,911,1488,-1,934,1033,1065,1042,1,1,0,1,1,1,0,1,1,1,1,1,1,1,1,1
2026-07-03T19:42:22.867,tof1,4x4,lying,-1,-1,-1,-1,-1,-1,181,174,196,176,167,166,178,169,169,168,0,0,0,0,0,0,1,1,1,1,1,1,1,1,1,1
2026-07-03T19:42:22.961,tof2,4x4,lying,-1,3246,-1,3309,-1,869,2174,2880,1558,911,1503,-1,934,1032,-1,1042,0,1,1,1,0,1,1,1,1,1,1,0,1,1,1,1
2026-07-03T19:42:23.029,tof1,4x4,lying,-1,-1,-1,-1,-1,-1,180,173,196,176,167,166,177,169,169,168,1,0,0,0,0,0,1,1,1,1,1,1,1,1,1,1
2026-07-03T19:42:23.138,tof2,4x4,lying,3018,3248,-1,3304,-1,869,2169,2881,1558,911,1503,-1,930,1028,1066,1045,1,1,0,1,0,1,1,1,1,1,1,0,1,1,1,1
2026-07-03T19:42:23.197,tof1,4x4,lying,-1,-1,-1,-1,-1,-1,180,173,196,176,166,166,177,169,168,168,0,0,0,0,0,0,1,1,1,1,1,1,1,1,1,1
2026-07-03T19:42:23.308,tof2,4x4,lying,2997,3249,-1,3304,-1,868,2163,2878,1558,911,1550,-1,930,1028,1067,1045,1,1,0,1,0,1,1,1,1,1,1,0,1,1,1,1
2026-07-03T19:42:23.375,tof1,4x4,lying,-1,-1,-1,-1,-1,-1,180,173,196,175,166,166,177,169,168,168,0,0,0,0,0,0,1,1,1,1,1,1,1,1,1,1
2026-07-03T19:42:23.487,tof2,4x4,lying,2985,3249,-1,3304,2113,870,-1,2876,1599,912,1550,-1,930,1029,1069,1045,1,1,0,1,1,1,0,1,1,1,1,0,1,1,1,1
2026-07-03T19:42:23.546,tof1,4x4,lying,-1,-1,-1,-1,-1,-1,180,173,195,175,166,166,178,169,168,168,0,0,0,0,0,0,1,1,1,1,1,1,1,1,1,1
2026-07-03T19:42:23.653,tof2,4x4,lying,-1,3248,-1,3304,-1,870,-1,2878,1599,910,1474,-1,931,1029,1071,1048,1,1,0,1,0,1,1,1,1,1,1,0,1,1,1,1
2026-07-03T19:42:23.717,tof1,4x4,lying,-1,-1,-1,-1,-1,-1,179,173,195,175,166,166,177,168,168,167,0,0,0,0,1,0,1,1,1,1,1,1,1,1,1,1
2026-07-03T19:42:23.816,tof2,4x4,lying,2985,3250,-1,3304,-1,870,-1,2898,1559,910,1474,-1,933,1031,1071,1051,1,1,0,1,0,1,1,1,1,1,1,0,1,1,1,1
2026-07-03T19:42:23.890,tof1,4x4,lying,-1,-1,-1,-1,-1,-1,180,173,194,175,166,164,177,168,168,167,0,0,0,0,0,0,1,1,1,1,1,1,1,1,1,1
2026-07-03T19:42:23.991,tof2,4x4,lying,2993,3260,3296,3304,-1,870,2163,2876,1555,910,1490,-1,933,1034,1071,1051,1,1,1,1,0,1,1,1,1,1,1,1,1,1,1,1
2026-07-03T19:42:24.062,tof1,4x4,lying,-1,-1,-1,-1,-1,-1,180,173,194,175,166,164,177,167,167,167,0,0,0,0,0,0,1,1,1,1,1,1,1,1,1,1
2026-07-03T19:42:24.155,tof2,4x4,lying,2985,3251,3304,3299,2113,870,2163,2898,1555,912,1490,-1,933,1034,1071,1051,1,1,1,1,1,1,1,1,1,1,1,0,1,1,1,1
2026-07-03T19:42:24.226,tof1,4x4,lying,-1,-1,-1,-1,-1,-1,180,172,194,175,166,164,177,167,167,167,0,0,0,0,0,0,1,1,1,1,1,1,1,1,1,1
2026-07-03T19:42:24.346,tof2,4x4,lying,2953,3260,-1,3304,-1,873,2163,2910,1537,914,1490,-1,931,1034,1066,1051,1,1,0,1,0,1,1,1,1,1,1,0,1,1,1,1
2026-07-03T19:42:24.425,tof1,4x4,lying,-1,-1,-1,-1,-1,-1,180,172,194,174,166,165,177,168,167,167,0,0,0,0,0,0,1,1,1,1,1,1,1,1,1,1
2026-07-03T19:42:24.570,tof2,4x4,lying,2986,3260,-1,3320,2106,873,2163,2910,1537,914,1503,-1,933,1034,1064,1053,1,1,1,1,1,1,1,1,1,1,1,0,1,1,1,1
2026-07-03T19:42:24.617,tof1,4x4,lying,-1,-1,-1,-1,-1,-1,180,172,194,174,166,165,177,168,167,167,0,0,0,0,0,0,1,1,1,1,1,1,1,1,1,1
2026-07-03T19:42:24.743,tof2,4x4,lying,2986,3260,-1,3340,-1,873,-1,2896,1555,914,1490,-1,931,1035,1064,1046,1,1,0,1,1,1,0,1,1,1,1,0,1,1,1,1
2026-07-03T19:42:24.789,tof1,4x4,lying,-1,-1,-1,-1,-1,-1,180,172,194,175,166,165,177,168,167,168,0,0,0,0,0,0,1,1,1,1,1,1,1,1,1,1
2026-07-03T19:42:24.927,tof2,4x4,lying,2986,3260,-1,3320,2113,876,2147,2896,1581,914,1448,1341,935,1033,1064,1046,1,1,0,1,1,1,1,1,1,1,1,1,1,1,1,1
2026-07-03T19:42:24.954,tof1,4x4,lying,-1,-1,-1,-1,-1,-1,180,173,194,176,166,165,177,168,167,168,0,0,0,0,0,0,1,1,1,1,1,1,1,1,1,1
2026-07-03T19:42:25.087,tof2,4x4,lying,2991,3265,-1,3320,-1,882,2147,2889,1581,913,1448,-1,931,1034,-1,1046,1,1,0,1,0,1,1,1,1,1,1,0,1,1,1,1
2026-07-03T19:42:25.117,tof1,4x4,lying,-1,-1,-1,-1,-1,-1,180,173,194,176,167,165,177,168,167,168,0,0,0,0,0,0,1,1,1,1,1,1,1,1,1,1
2026-07-03T19:42:25.253,tof2,4x4,lying,-1,3260,-1,3320,-1,876,-1,2885,1581,910,1445,-1,935,1034,-1,1046,1,1,1,1,1,1,0,1,1,1,1,0,1,1,1,1
2026-07-03T19:42:25.275,tof1,4x4,lying,-1,-1,-1,-1,-1,-1,180,173,194,176,167,165,177,168,167,169,0,0,0,0,0,0,1,1,1,1,1,1,1,1,1,1
2026-07-03T19:42:25.448,tof2,4x4,lying,3007,3266,-1,3339,-1,884,2147,2885,1575,910,1438,-1,935,1034,1066,1040,1,1,0,1,1,1,1,1,1,1,1,0,1,1,1,1
2026-07-03T19:42:25.457,tof1,4x4,lying,-1,-1,-1,-1,-1,-1,180,173,194,176,167,165,177,168,167,168,0,0,0,0,0,0,1,1,1,1,1,1,1,1,1,1
2026-07-03T19:42:25.630,tof2,4x4,lying,-1,3274,-1,3339,-1,884,2147,2885,1575,910,1445,-1,935,1034,-1,1046,1,1,0,1,0,1,1,1,1,1,1,0,1,1,1,1
2026-07-03T19:42:25.650,tof1,4x4,lying,-1,-1,-1,-1,-1,-1,179,173,194,175,167,165,177,169,167,168,0,0,0,0,0,0,1,1,1,1,1,1,1,1,1,1
2026-07-03T19:42:25.791,tof2,4x4,lying,3010,3275,-1,3339,2135,875,2175,2886,1526,910,1496,-1,935,1036,1067,1043,1,1,0,1,1,1,1,1,1,1,1,0,1,1,1,1
2026-07-03T19:42:25.812,tof1,4x4,lying,-1,-1,-1,-1,-1,-1,179,173,194,175,167,165,177,168,167,169,0,0,0,0,0,0,1,1,1,1,1,1,1,1,1,1
2026-07-03T19:42:25.985,tof2,4x4,lying,3007,3274,3319,3339,2164,875,-1,2886,1575,910,1492,-1,935,1036,1067,1043,1,1,1,1,1,1,0,1,1,1,1,0,1,1,1,1
2026-07-03T19:42:25.989,tof1,4x4,lying,-1,-1,-1,-1,-1,-1,179,173,195,175,167,164,177,168,167,168,0,0,0,0,0,0,1,1,1,1,1,1,1,1,1,1
2026-07-03T19:42:26.157,tof2,4x4,lying,2991,3274,-1,3325,2135,875,2175,2886,1572,910,1500,-1,939,1036,1067,1038,1,1,1,1,1,1,1,1,1,1,1,0,1,1,1,1
2026-07-03T19:42:26.174,tof1,4x4,lying,-1,-1,-1,-1,-1,-1,179,173,194,174,167,164,177,168,167,167,0,0,0,0,0,0,1,1,1,1,1,1,1,1,1,1
2026-07-03T19:42:26.427,tof2,4x4,lying,2990,3267,-1,3324,2135,872,2175,2886,1590,917,1500,-1,939,1032,1067,1043,1,1,0,1,1,1,1,1,1,1,1,1,1,1,1,1
2026-07-03T19:42:26.521,tof1,4x4,lying,-1,-1,-1,-1,-1,-1,179,171,194,174,166,164,176,168,167,167,0,0,0,0,0,0,1,1,1,1,1,1,1,1,1,1
2026-07-03T19:42:26.663,tof2,4x4,lying,-1,3267,-1,3324,-1,872,2137,2886,1572,909,1500,-1,946,1032,1067,1043,1,1,0,1,0,1,1,1,1,1,1,0,1,1,1,1
2026-07-03T19:42:26.718,tof1,4x4,lying,-1,-1,-1,-1,-1,-1,179,173,193,174,166,163,175,168,167,167,0,0,0,0,0,0,1,1,1,1,1,1,1,1,1,1
2026-07-03T19:42:26.838,tof2,4x4,lying,2986,3263,-1,3325,2131,872,2137,2882,1601,907,1499,-1,946,1032,1069,1044,1,1,0,1,1,1,1,1,1,1,1,0,1,1,1,1
2026-07-03T19:42:27.600,tof1,4x4,lying,-1,-1,-1,-1,-1,-1,179,171,192,174,165,163,174,167,167,167,0,0,0,0,0,0,1,1,1,1,1,1,1,1,1,1
2026-07-03T19:42:28.507,tof2,4x4,lying,2986,3263,-1,3324,-1,870,2137,2886,1608,909,1499,1282,939,1032,1069,1045,1,1,0,1,0,1,1,1,1,1,1,1,1,1,1,1
2026-07-03T19:42:29.108,tof1,4x4,lying,-1,-1,-1,-1,229,-1,179,170,190,173,165,163,174,166,167,167,0,0,0,0,1,0,1,1,1,1,1,1,1,1,1,1
2026-07-03T19:42:29.111,tof2,4x4,lying,2990,3259,-1,3324,-1,870,-1,2894,1637,911,1462,-1,937,1034,-1,1046,1,1,1,1,0,1,0,1,1,1,1,1,1,1,1,1
2026-07-03T19:42:29.268,tof1,4x4,lying,-1,228,228,-1,229,-1,173,167,183,168,158,158,168,162,162,163,0,1,1,0,1,0,1,1,1,1,1,1,1,1,1,1
2026-07-03T19:42:29.282,tof2,4x4,lying,2989,3261,3319,3335,-1,872,-1,2955,1608,909,-1,-1,937,1035,1069,1045,1,1,1,1,0,1,0,1,1,1,1,1,1,1,1,1
2026-07-03T19:42:29.433,tof1,4x4,lying,-1,-1,-1,-1,-1,-1,173,167,183,166,158,157,167,162,162,162,1,0,0,0,0,0,1,1,1,1,1,1,1,1,1,1
2026-07-03T19:42:29.460,tof2,4x4,lying,3009,3260,-1,3324,-1,872,2137,3395,1608,911,-1,-1,936,1035,1067,1048,1,1,0,1,0,1,1,1,1,1,1,0,1,1,1,1
2026-07-03T19:42:29.605,tof1,4x4,lying,-1,-1,-1,-1,-1,-1,173,166,183,166,158,157,167,162,162,162,1,0,0,0,0,0,1,1,1,1,1,1,1,1,1,1
2026-07-03T19:42:29.656,tof2,4x4,lying,3009,3260,-1,3324,2119,875,-1,3395,1608,914,1499,-1,936,1035,1067,1050,1,1,0,1,1,1,0,1,1,1,1,0,1,1,1,1
2026-07-03T19:42:29.780,tof1,4x4,lying,-1,-1,-1,-1,-1,-1,173,167,183,168,160,157,168,162,162,162,0,0,0,0,0,0,1,1,1,1,1,1,1,1,1,1
2026-07-03T19:42:29.838,tof2,4x4,lying,2989,3260,-1,3315,2117,881,-1,2894,1602,916,1499,-1,936,1035,-1,1048,1,1,0,1,1,1,0,1,1,1,1,0,1,1,1,1
2026-07-03T19:42:29.944,tof1,4x4,lying,-1,-1,-1,-1,-1,-1,173,167,183,168,160,158,168,162,162,162,0,0,0,0,0,0,1,1,1,1,1,1,1,1,1,1
2026-07-03T19:42:29.997,tof2,4x4,lying,2987,3260,-1,3315,2117,881,2137,2867,1602,916,1462,-1,936,1035,1066,1050,1,1,0,1,1,1,1,1,1,1,1,0,1,1,1,1
2026-07-03T19:42:30.170,tof1,4x4,lying,-1,-1,-1,-1,-1,-1,175,167,185,168,160,158,169,162,162,163,0,0,0,0,0,0,1,1,1,1,1,1,1,1,1,1
2026-07-03T19:42:30.176,tof2,4x4,lying,2987,3260,-1,3308,2117,876,-1,2867,1602,916,1451,-1,934,1034,1066,1050,1,1,0,1,1,1,0,1,1,1,1,1,1,1,1,1
2026-07-03T19:42:30.356,tof1,4x4,lying,-1,228,231,-1,232,-1,175,167,184,169,160,159,170,163,163,163,0,1,1,0,1,0,1,1,1,1,1,1,1,1,1,1
2026-07-03T19:42:30.368,tof2,4x4,lying,2987,3256,-1,3308,2117,879,-1,2867,1610,911,1551,-1,934,1030,1067,1045,1,1,0,1,1,1,1,1,1,1,1,0,1,1,1,1
2026-07-03T19:42:30.506,tof1,4x4,lying,-1,-1,-1,-1,-1,-1,175,167,184,169,160,159,171,163,163,163,0,0,0,0,0,0,1,1,1,1,1,1,1,1,1,1
2026-07-03T19:42:30.566,tof2,4x4,lying,2987,3256,-1,3305,-1,879,-1,2875,1559,911,1551,-1,936,1030,1068,1045,1,1,0,1,1,1,0,1,1,1,1,0,1,1,1,1
2026-07-03T19:42:30.732,tof2,4x4,lying,2996,3249,-1,3308,2117,876,-1,2875,1610,903,1451,-1,932,1032,1068,1053,1,1,1,1,1,1,1,1,1,1,1,0,1,1,1,1
2026-07-03T19:42:30.771,tof1,4x4,lying,-1,-1,-1,-1,-1,-1,175,168,184,169,160,159,171,163,163,164,0,0,0,1,0,0,1,1,1,1,1,1,1,1,1,1
2026-07-03T19:42:30.901,tof2,4x4,lying,3023,3255,-1,-1,-1,879,-1,2875,1579,909,1487,1261,931,1030,1069,1049,1,1,0,1,0,1,0,1,1,1,1,1,1,1,1,1
2026-07-03T19:42:30.921,tof1,4x4,lying,-1,-1,-1,-1,-1,-1,176,168,184,170,161,160,171,163,164,164,0,0,0,0,0,0,1,1,1,1,1,1,1,1,1,1
2026-07-03T19:42:31.266,tof2,4x4,lying,2996,3255,-1,3312,2114,881,2177,2872,1579,909,1551,-1,931,1032,1069,1049,1,1,0,1,1,1,1,1,1,1,1,1,1,1,1,1
2026-07-03T19:42:31.377,tof1,4x4,lying,-1,-1,-1,-1,-1,-1,175,170,184,170,162,160,171,164,163,164,0,0,0,0,0,0,1,1,1,1,1,1,1,1,1,1
2026-07-03T19:42:31.447,tof2,4x4,lying,3023,3255,-1,3312,2157,883,2177,2861,1514,913,1504,-1,931,1038,1064,1049,1,1,0,1,1,1,1,1,1,1,1,0,1,1,1,1
2026-07-03T19:42:31.547,tof1,4x4,lying,-1,-1,-1,-1,-1,-1,175,170,187,170,162,161,171,163,163,165,0,0,0,0,0,0,1,1,1,1,1,1,1,1,1,1
2026-07-03T19:42:31.620,tof2,4x4,lying,3023,3255,-1,3318,-1,881,-1,2859,1554,913,1487,-1,931,1038,-1,1049,1,1,1,1,0,1,0,1,1,1,1,0,1,1,1,1
2026-07-03T19:42:31.707,tof1,4x4,lying,-1,-1,-1,-1,-1,-1,176,170,187,170,162,161,171,163,164,165,0,0,0,0,0,0,1,1,1,1,1,1,1,1,1,1
2026-07-03T19:42:31.797,tof2,4x4,lying,3004,3255,-1,3318,-1,881,2059,2859,1554,913,1504,-1,931,1032,-1,1045,1,1,1,1,0,1,1,1,1,1,1,0,1,1,1,1
2026-07-03T19:42:31.879,tof1,4x4,lying,-1,-1,-1,-1,-1,-1,175,170,187,170,162,161,171,163,164,165,0,0,0,0,0,0,1,1,1,1,1,1,1,1,1,1
2026-07-03T19:42:31.977,tof2,4x4,lying,3000,3255,3319,3314,-1,883,-1,2853,1554,913,1565,-1,931,1032,1064,1045,1,1,1,1,1,1,0,1,1,1,1,0,1,1,1,1
2026-07-03T19:42:32.034,tof1,4x4,lying,-1,-1,-1,-1,-1,-1,175,169,187,170,162,161,171,163,164,165,0,0,0,0,0,0,1,1,1,1,1,1,1,1,1,1
2026-07-03T19:42:32.136,tof2,4x4,lying,3000,3253,-1,3311,2162,877,-1,2853,1598,920,1565,-1,930,1032,1064,1045,1,1,0,1,1,1,0,1,1,1,1,0,1,1,1,1
2026-07-03T19:42:32.190,tof1,4x4,lying,-1,-1,-1,-1,-1,-1,175,169,185,170,162,161,171,163,164,165,0,0,0,0,0,0,1,1,1,1,1,1,1,1,1,1
2026-07-03T19:42:32.294,tof2,4x4,lying,-1,3255,-1,3311,2125,871,2059,2869,1643,914,1580,-1,930,1030,-1,1045,1,1,0,1,1,1,1,1,1,1,1,0,1,1,1,1
2026-07-03T19:42:32.350,tof1,4x4,lying,-1,-1,-1,-1,-1,-1,176,169,185,170,162,160,170,163,164,165,0,0,0,0,0,0,1,1,1,1,1,1,1,1,1,1
2026-07-03T19:42:32.491,tof2,4x4,lying,2995,3255,3320,-1,-1,871,2131,2880,1643,915,1600,-1,932,1030,1063,1045,1,1,1,1,1,1,1,1,1,1,1,0,1,1,1,1
2026-07-03T19:42:32.541,tof1,4x4,lying,-1,-1,-1,-1,-1,-1,176,169,185,170,161,160,171,163,164,164,0,0,0,0,0,0,1,1,1,1,1,1,1,1,1,1
2026-07-03T19:42:32.648,tof2,4x4,lying,2982,3253,-1,3308,2142,879,2131,2899,1643,918,1600,-1,932,1030,1064,1045,1,1,0,1,1,1,1,1,1,1,1,0,1,1,1,1
2026-07-03T19:42:32.723,tof1,4x4,lying,-1,-1,-1,-1,-1,-1,176,169,185,170,161,160,170,163,163,164,0,0,0,0,0,0,1,1,1,1,1,1,1,1,1,1
2026-07-03T19:42:32.843,tof2,4x4,lying,2964,3247,-1,3308,2158,872,2140,2899,1628,915,1600,-1,933,1030,1061,1048,1,1,1,1,1,1,1,1,1,1,1,0,1,1,1,1
2026-07-03T19:42:32.925,tof1,4x4,lying,-1,-1,-1,-1,-1,-1,176,170,184,169,160,160,170,163,163,164,0,0,0,0,0,0,1,1,1,1,1,1,1,1,1,1
2026-07-03T19:42:33.012,tof2,4x4,lying,2982,3261,-1,3308,2142,873,2140,2899,1628,915,1511,-1,935,1029,-1,1045,1,1,0,1,1,1,1,1,1,1,1,0,1,1,1,1
2026-07-03T19:42:33.087,tof1,4x4,lying,-1,-1,-1,-1,-1,-1,176,170,184,169,160,160,170,163,163,165,0,0,0,0,0,0,1,1,1,1,1,1,1,1,1,1
2026-07-03T19:42:33.174,tof2,4x4,lying,-1,3247,-1,3308,2125,879,2139,2896,1611,915,1476,-1,937,1029,-1,1054,1,1,0,1,1,1,1,1,1,1,1,0,1,1,1,1
2026-07-03T19:42:33.245,tof1,4x4,lying,-1,-1,-1,-1,-1,-1,176,170,184,170,160,160,170,163,163,164,0,0,0,0,0,0,1,1,1,1,1,1,1,1,1,1
2026-07-03T19:42:33.347,tof2,4x4,lying,-1,3247,-1,3304,-1,873,2157,2891,1611,913,1476,-1,937,1029,1061,1054,0,1,1,1,1,1,1,1,1,1,1,0,1,1,1,1
2026-07-03T19:42:33.426,tof1,4x4,lying,-1,-1,-1,-1,-1,-1,176,169,185,169,161,160,170,163,164,164,0,0,0,0,0,0,1,1,1,1,1,1,1,1,1,1
2026-07-03T19:42:33.521,tof2,4x4,lying,2982,3257,-1,3304,2107,873,2139,2886,1602,909,1476,-1,937,1029,1072,1052,1,1,0,1,1,1,1,1,1,1,1,0,1,1,1,1
2026-07-03T19:42:33.580,tof1,4x4,lying,-1,-1,-1,-1,-1,-1,176,169,185,170,160,160,170,163,164,164,0,0,0,0,0,0,1,1,1,1,1,1,1,1,1,1
2026-07-03T19:42:33.685,tof2,4x4,lying,2982,3257,-1,3304,-1,873,-1,2891,1602,913,1476,-1,939,1035,1074,1052,1,1,0,1,1,1,0,1,1,1,1,0,1,1,1,1
2026-07-03T19:42:33.742,tof1,4x4,lying,-1,-1,-1,-1,-1,-1,176,169,185,170,161,160,170,163,164,165,0,0,0,0,0,0,1,1,1,1,1,1,1,1,1,1
2026-07-03T19:42:33.858,tof2,4x4,lying,2979,3257,3320,3307,2107,876,-1,2891,1598,913,1545,-1,939,1035,-1,1052,1,1,1,1,1,1,1,1,1,1,1,0,1,1,1,1
2026-07-03T19:42:33.914,tof1,4x4,lying,-1,-1,-1,-1,-1,-1,176,169,185,170,161,160,170,163,164,165,0,0,0,0,0,0,1,1,1,1,1,1,1,1,1,1
2026-07-03T19:42:34.033,tof2,4x4,lying,2991,3257,-1,3304,2107,875,2139,2891,1602,914,1545,-1,939,1030,-1,1051,1,1,0,1,1,1,1,1,1,1,1,1,1,1,1,1
2026-07-03T19:42:34.075,tof1,4x4,lying,-1,-1,-1,-1,-1,-1,176,169,185,170,162,159,170,163,164,165,1,0,0,0,0,0,1,1,1,1,1,1,1,1,1,1
2026-07-03T19:42:34.209,tof2,4x4,lying,2991,3265,-1,3307,2094,876,-1,2886,1613,916,-1,-1,939,1030,1072,1052,1,1,0,1,1,1,0,1,1,1,1,0,1,1,1,1
2026-07-03T19:42:34.258,tof1,4x4,lying,-1,-1,-1,-1,-1,-1,176,169,187,170,161,159,170,163,164,165,0,0,0,0,0,0,1,1,1,1,1,1,1,1,1,1
2026-07-03T19:42:34.380,tof2,4x4,lying,-1,3250,-1,3307,-1,876,-1,2895,1613,916,1503,-1,933,1030,-1,1051,0,1,0,1,0,1,1,1,1,1,1,0,1,1,1,1
2026-07-03T19:42:34.436,tof1,4x4,lying,-1,-1,-1,-1,-1,-1,175,169,185,170,162,159,170,163,163,165,0,0,0,0,0,0,1,1,1,1,1,1,1,1,1,1
2026-07-03T19:42:34.549,tof2,4x4,lying,2991,3265,-1,3314,2099,876,-1,2886,1613,916,1503,-1,933,-1,1072,1050,1,1,0,1,1,1,0,1,1,1,1,0,1,1,1,1
2026-07-03T19:42:34.592,tof1,4x4,lying,-1,-1,-1,-1,-1,-1,175,169,185,170,161,159,170,163,163,165,0,0,0,0,0,0,1,1,1,1,1,1,1,1,1,1
2026-07-03T19:42:34.736,tof2,4x4,lying,-1,3251,-1,3314,-1,875,2139,2872,1633,916,1546,-1,933,1030,1070,1050,1,1,0,1,0,1,1,1,1,1,1,1,1,1,1,1
2026-07-03T19:42:34.758,tof1,4x4,lying,-1,-1,-1,-1,-1,-1,175,169,185,170,161,159,170,163,163,165,0,0,0,0,0,0,1,1,1,1,1,1,1,1,1,1
2026-07-03T19:42:34.915,tof2,4x4,lying,2991,3251,-1,3331,-1,880,-1,2868,1633,916,1546,-1,929,1030,1064,1048,1,1,0,1,0,1,0,1,1,1,1,0,1,1,1,1
2026-07-03T19:42:34.919,tof1,4x4,lying,-1,-1,-1,-1,-1,-1,175,169,185,170,161,160,170,162,163,165,0,0,0,0,0,0,1,1,1,1,1,1,1,1,1,1
2026-07-03T19:42:35.094,tof2,4x4,lying,2991,3251,-1,3332,-1,876,2139,2872,1633,916,1546,-1,929,1032,-1,1048,1,1,1,1,1,1,1,1,1,1,1,0,1,1,1,1
2026-07-03T19:42:35.122,tof1,4x4,lying,-1,-1,-1,-1,-1,-1,175,169,185,170,160,159,170,162,163,165,0,0,0,0,0,0,1,1,1,1,1,1,1,1,1,1
2026-07-03T19:42:35.274,tof2,4x4,lying,3034,3268,-1,3331,2099,871,2095,2872,-1,908,1546,-1,929,1036,-1,1050,1,1,0,1,1,1,1,1,1,1,1,0,1,1,1,1
2026-07-03T19:42:35.293,tof1,4x4,lying,-1,-1,-1,-1,-1,-1,175,169,185,169,160,159,170,162,164,164,0,0,0,0,0,0,1,1,1,1,1,1,1,1,1,1
2026-07-03T19:42:35.439,tof2,4x4,lying,3034,3252,-1,3330,2094,876,-1,2871,1633,908,1515,-1,933,-1,1064,1050,1,1,0,1,1,1,1,1,1,1,1,0,1,1,1,1
2026-07-03T19:42:35.470,tof1,4x4,lying,-1,-1,-1,-1,-1,-1,175,169,185,169,161,159,171,162,163,164,0,0,0,0,0,0,1,1,1,1,1,1,1,1,1,1
2026-07-03T19:42:35.605,tof2,4x4,lying,2985,3264,-1,3330,-1,876,2139,2885,1639,905,1515,-1,933,1036,1064,1050,1,1,1,1,0,1,1,1,1,1,1,0,1,1,1,1
2026-07-03T19:42:35.658,tof1,4x4,lying,-1,-1,-1,-1,-1,-1,176,167,187,169,161,159,170,162,163,163,0,0,0,0,0,0,1,1,1,1,1,1,1,1,1,1
2026-07-03T19:42:35.769,tof2,4x4,lying,3003,3264,-1,3330,2094,876,2168,2887,-1,908,1515,-1,933,1036,1064,1050,1,1,0,1,1,1,1,1,1,1,1,0,1,1,1,1
2026-07-03T19:42:35.823,tof1,4x4,lying,-1,-1,-1,-1,-1,-1,176,167,187,169,161,159,170,162,162,163,0,0,0,0,0,0,1,1,1,1,1,1,1,1,1,1
2026-07-03T19:42:35.941,tof2,4x4,lying,3003,3256,-1,3297,2099,877,-1,2896,1639,909,1521,-1,935,1032,1064,1050,1,1,0,1,1,1,1,1,1,1,1,0,1,1,1,1
2026-07-03T19:42:35.992,tof1,4x4,lying,-1,-1,-1,-1,-1,-1,176,167,187,170,161,159,170,163,163,163,0,0,0,0,0,0,1,1,1,1,1,1,1,1,1,1
2026-07-03T19:42:36.111,tof2,4x4,lying,2949,3252,-1,3317,2090,877,-1,2896,1685,910,1529,-1,935,1032,1066,1050,1,1,0,1,1,1,0,1,1,1,1,0,1,1,1,1
2026-07-03T19:42:36.175,tof1,4x4,lying,-1,-1,-1,-1,-1,-1,176,167,187,170,161,159,170,163,162,163,0,0,0,0,0,0,1,1,1,1,1,1,1,1,1,1
2026-07-03T19:42:36.287,tof2,4x4,lying,2942,3256,-1,3281,-1,879,2177,2900,1688,910,1532,-1,935,1032,1067,1051,1,1,1,1,1,1,1,1,1,1,1,0,1,1,1,1
2026-07-03T19:42:36.339,tof1,4x4,lying,-1,-1,-1,-1,-1,-1,176,167,189,170,161,159,170,163,162,163,0,0,0,0,0,0,1,1,1,1,1,1,1,1,1,1
2026-07-03T19:42:36.452,tof2,4x4,lying,2949,3249,-1,3303,-1,879,2177,2905,1713,912,-1,-1,935,1032,1067,1051,1,1,0,1,1,1,1,1,1,1,1,0,1,1,1,1
2026-07-03T19:42:36.509,tof1,4x4,lying,-1,-1,-1,-1,-1,-1,176,168,187,170,162,159,170,163,164,163,0,0,0,0,0,0,1,1,1,1,1,1,1,1,1,1
2026-07-03T19:42:36.617,tof2,4x4,lying,2949,3248,-1,3299,2101,877,2184,2900,1713,912,1546,-1,935,1036,1067,1056,1,1,0,1,1,1,1,1,1,1,1,0,1,1,1,1
2026-07-03T19:42:36.790,tof2,4x4,lying,2966,3248,-1,3299,-1,872,2177,2878,1685,912,1532,-1,935,1036,1067,1051,1,1,0,1,0,1,1,1,1,1,1,1,1,1,1,1
2026-07-03T19:42:36.812,tof1,4x4,lying,-1,-1,-1,-1,-1,-1,176,169,187,170,161,160,170,163,164,163,0,0,0,0,0,0,1,1,1,1,1,1,1,1,1,1
2026-07-03T19:42:36.952,tof2,4x4,lying,3000,3252,-1,3299,-1,870,-1,2879,1643,915,1532,1261,935,1036,-1,1048,1,1,0,1,0,1,0,1,1,1,1,1,1,1,1,1
2026-07-03T19:42:36.976,tof1,4x4,lying,-1,-1,-1,-1,-1,-1,176,169,187,169,162,160,170,163,164,163,0,0,0,0,0,0,1,1,1,1,1,1,1,1,1,1
2026-07-03T19:42:37.131,tof2,4x4,lying,3038,3252,-1,3303,2130,870,-1,2879,1596,915,1546,-1,938,1035,-1,1048,1,1,1,1,1,1,0,1,1,1,1,0,1,1,1,1
2026-07-03T19:42:37.132,tof1,4x4,lying,-1,-1,-1,-1,-1,-1,176,169,187,169,162,160,170,163,164,164,0,0,0,0,0,0,1,1,1,1,1,1,1,1,1,1
2026-07-03T19:42:37.301,tof2,4x4,lying,3038,3256,-1,3304,-1,870,2177,2875,1596,913,1517,-1,934,1033,1069,1048,1,1,1,1,0,1,1,1,1,1,1,0,1,1,1,1
2026-07-03T19:42:37.317,tof1,4x4,lying,-1,-1,-1,-1,-1,-1,176,169,187,169,160,160,170,163,164,164,0,0,0,0,0,0,1,1,1,1,1,1,1,1,1,1
2026-07-03T19:42:37.457,tof2,4x4,lying,3008,3263,-1,3306,2130,866,-1,2875,1596,912,1517,-1,936,1029,1068,1048,1,1,0,1,1,1,0,1,1,1,1,0,1,1,1,1
2026-07-03T19:42:37.475,tof1,4x4,lying,-1,-1,-1,-1,-1,-1,175,169,187,169,160,160,170,163,164,164,0,0,0,0,0,0,1,1,1,1,1,1,1,1,1,1
2026-07-03T19:42:37.748,tof1,4x4,lying,-1,-1,-1,-1,-1,-1,175,169,187,169,160,160,170,163,163,164,1,0,0,0,0,0,1,1,1,1,1,1,1,1,1,1
2026-07-03T19:42:37.751,tof2,4x4,lying,3008,3263,-1,3313,2130,870,-1,2874,1621,912,-1,-1,934,1028,1061,1048,1,1,0,1,1,1,0,1,1,1,1,0,1,1,1,1
2026-07-03T19:42:37.969,tof1,4x4,lying,-1,-1,-1,-1,-1,-1,175,169,187,169,160,160,170,163,163,163,0,0,0,0,0,0,1,1,1,1,1,1,1,1,1,1
2026-07-03T19:42:37.973,tof2,4x4,lying,2985,3263,-1,-1,-1,871,2150,2869,1621,912,1487,-1,936,1027,1061,1045,1,1,0,1,1,1,1,1,1,1,1,1,1,1,1,1
2026-07-03T19:42:38.127,tof1,4x4,lying,-1,-1,-1,-1,-1,-1,175,169,186,169,160,160,171,163,163,163,1,0,0,0,0,0,1,1,1,1,1,1,1,1,1,1
2026-07-03T19:42:38.153,tof2,4x4,lying,2985,3263,-1,3313,-1,877,2175,2854,-1,913,1474,-1,936,1027,-1,1045,1,1,0,1,1,1,1,1,1,1,1,0,1,1,1,1
2026-07-03T19:42:38.279,tof1,4x4,lying,-1,-1,-1,-1,-1,-1,175,169,185,170,160,159,171,163,162,163,0,0,0,0,0,0,1,1,1,1,1,1,1,1,1,1
2026-07-03T19:42:38.319,tof2,4x4,lying,2985,3263,3320,3326,2131,877,-1,2854,1621,913,1474,-1,936,1028,1064,1049,1,1,1,1,1,1,1,1,1,1,1,0,1,1,1,1
2026-07-03T19:42:38.498,tof2,4x4,lying,2989,3272,-1,3319,-1,877,2175,2843,1601,915,1473,-1,936,1027,1060,1049,1,1,0,1,0,1,1,1,1,1,1,0,1,1,1,1
2026-07-03T19:42:38.560,tof1,4x4,lying,-1,-1,-1,-1,-1,-1,175,169,186,169,161,159,171,163,163,163,0,0,0,0,0,0,1,1,1,1,1,1,1,1,1,1
2026-07-03T19:42:38.650,tof2,4x4,lying,2990,3272,-1,3319,2142,877,-1,2826,1594,915,1422,-1,936,1028,1060,1052,1,1,0,1,1,1,0,1,1,1,1,0,1,1,1,1
2026-07-03T19:42:38.738,tof1,4x4,lying,-1,-1,-1,-1,-1,-1,175,169,185,170,161,159,170,163,163,163,1,0,0,0,0,0,1,1,1,1,1,1,1,1,1,1
2026-07-03T19:42:38.817,tof2,4x4,lying,3002,3274,3320,3319,2142,877,2190,2828,1592,915,1473,-1,937,1029,1064,1053,1,1,1,1,1,1,1,1,1,1,1,0,1,1,1,1
2026-07-03T19:42:38.898,tof1,4x4,lying,-1,-1,-1,-1,-1,-1,175,168,185,170,161,159,170,163,163,163,0,0,0,0,0,0,1,1,1,1,1,1,1,1,1,1
2026-07-03T19:42:38.971,tof2,4x4,lying,-1,3257,-1,3316,2142,878,2209,2828,1578,916,1422,-1,931,1031,1064,1052,1,1,0,1,1,1,1,1,1,1,1,1,1,1,1,1
2026-07-03T19:42:39.053,tof1,4x4,lying,-1,-1,-1,-1,-1,-1,175,168,184,170,161,159,170,163,163,164,0,0,0,0,0,0,1,1,1,1,1,1,1,1,1,1
2026-07-03T19:42:39.149,tof2,4x4,lying,3019,3269,-1,3316,2074,878,2211,2828,1592,915,1422,-1,935,1032,1065,1052,1,1,0,1,1,1,1,1,1,1,1,0,1,1,1,1
2026-07-03T19:42:39.244,tof1,4x4,lying,-1,-1,-1,-1,-1,-1,175,167,184,170,161,159,170,163,163,164,0,0,0,0,0,0,1,1,1,1,1,1,1,1,1,1
2026-07-03T19:42:39.328,tof2,4x4,lying,3019,3257,-1,3316,2074,878,-1,2828,1592,914,1609,1261,934,1035,-1,1053,1,1,0,1,1,1,0,1,1,1,1,1,1,1,1,1
2026-07-03T19:42:39.402,tof1,4x4,lying,-1,-1,-1,-1,-1,-1,175,167,184,170,160,159,170,162,162,164,0,0,0,0,0,0,1,1,1,1,1,1,1,1,1,1
2026-07-03T19:42:39.485,tof2,4x4,lying,3019,3260,-1,3313,2074,880,2219,2828,1592,914,1637,-1,934,1035,-1,1053,1,1,0,1,1,1,1,1,1,1,1,0,1,1,1,1
2026-07-03T19:42:39.584,tof1,4x4,lying,-1,-1,-1,-1,-1,-1,174,167,184,170,160,159,169,163,162,162,0,0,0,0,0,0,1,1,1,1,1,1,1,1,1,1
2026-07-03T19:42:39.668,tof2,4x4,lying,2965,3260,3320,3312,-1,880,2211,2808,1578,914,1637,-1,934,1032,1065,1047,1,1,1,1,1,1,1,1,1,1,1,1,1,1,1,1
2026-07-03T19:42:39.752,tof1,4x4,lying,-1,-1,-1,-1,-1,-1,175,167,183,168,160,158,169,162,162,163,0,0,0,0,0,0,1,1,1,1,1,1,1,1,1,1
2026-07-03T19:42:39.825,tof2,4x4,lying,2965,3260,-1,3313,2118,878,-1,2843,1609,914,1637,-1,934,1033,1067,1050,1,1,0,1,1,1,0,1,1,1,1,0,1,1,1,1
2026-07-03T19:42:39.915,tof1,4x4,lying,-1,-1,-1,-1,-1,-1,174,167,183,168,159,158,168,162,161,162,0,0,0,0,0,0,1,1,1,1,1,1,1,1,1,1
2026-07-03T19:42:39.995,tof2,4x4,lying,2965,3260,-1,3312,2118,878,2211,2853,1650,909,1610,-1,934,1033,-1,1052,1,1,0,1,1,1,1,1,1,1,1,0,1,1,1,1
2026-07-03T19:42:40.090,tof1,4x4,lying,-1,-1,-1,-1,-1,-1,174,167,183,168,159,158,168,161,162,162,0,0,0,0,0,0,1,1,1,1,1,1,1,1,1,1
2026-07-03T19:42:40.161,tof2,4x4,lying,3020,3260,-1,3301,2126,873,2196,2791,1620,909,1557,-1,934,1033,1067,1050,1,1,0,1,1,1,1,1,1,1,1,0,1,1,1,1
2026-07-03T19:42:40.268,tof1,4x4,lying,-1,-1,-1,-1,-1,-1,174,167,183,168,160,158,168,161,162,162,0,0,0,0,0,0,1,1,1,1,1,1,1,1,1,1
2026-07-03T19:42:40.390,tof2,4x4,lying,3020,3254,-1,3301,2137,873,2192,2853,1650,909,1537,-1,934,1033,1062,1046,1,1,0,1,1,1,1,1,1,1,1,0,1,1,1,1
2026-07-03T19:42:40.468,tof1,4x4,lying,-1,-1,-1,-1,-1,-1,174,167,183,168,160,157,168,161,162,162,0,0,0,0,0,0,1,1,1,1,1,1,1,1,1,1
2026-07-03T19:42:40.584,tof2,4x4,lying,3020,3254,-1,3314,2137,873,2182,2853,1650,915,1460,-1,937,1033,-1,1050,1,1,1,1,1,1,1,1,1,1,1,0,1,1,1,1
2026-07-03T19:42:40.629,tof1,4x4,lying,-1,-1,-1,-1,-1,-1,174,167,185,168,160,157,168,161,162,162,0,0,0,0,0,0,1,1,1,1,1,1,1,1,1,1
2026-07-03T19:42:40.742,tof2,4x4,lying,3023,3254,-1,3300,2137,873,-1,3452,1646,915,1448,-1,937,1033,-1,1044,1,1,1,1,1,1,1,1,1,1,1,0,1,1,1,1
2026-07-03T19:42:40.812,tof1,4x4,lying,-1,-1,-1,-1,-1,-1,174,166,185,168,160,157,169,162,162,162,0,0,0,0,0,0,1,1,1,1,1,1,1,1,1,1
2026-07-03T19:42:40.919,tof2,4x4,lying,3032,3255,3311,3307,-1,873,-1,2844,1631,915,1448,-1,937,1033,1061,1044,1,1,1,1,0,1,1,1,1,1,1,0,1,1,1,1
2026-07-03T19:42:40.982,tof1,4x4,lying,-1,-1,-1,-1,-1,-1,174,166,185,168,160,157,169,162,162,162,0,0,0,0,0,0,1,1,1,1,1,1,1,1,1,1
2026-07-03T19:42:41.092,tof2,4x4,lying,3009,3259,-1,-1,-1,873,-1,3459,1646,913,1448,-1,937,1033,1061,1044,1,1,0,1,1,1,0,1,1,1,1,1,1,1,1,1
2026-07-03T19:42:41.137,tof1,4x4,lying,-1,-1,-1,-1,-1,-1,174,166,185,168,160,157,169,162,162,162,0,0,0,0,0,0,1,1,1,1,1,1,1,1,1,1
2026-07-03T19:42:41.249,tof2,4x4,lying,3021,3267,-1,3315,2137,873,2182,2844,1631,913,1515,-1,937,1032,1061,1044,1,1,0,1,1,1,1,1,1,1,1,0,1,1,1,1
2026-07-03T19:42:41.307,tof1,4x4,lying,-1,-1,-1,-1,-1,-1,174,167,185,167,159,157,169,162,162,161,0,0,0,0,0,0,1,1,1,1,1,1,1,1,1,1
2026-07-03T19:42:41.426,tof2,4x4,lying,3021,3267,-1,3315,2127,872,2182,2844,1631,912,1515,-1,937,1032,-1,1044,1,1,0,1,1,1,1,1,1,1,1,1,1,1,1,1
2026-07-03T19:42:41.485,tof1,4x4,lying,-1,-1,-1,-1,-1,-1,174,167,185,167,160,157,169,162,162,161,0,0,0,0,0,0,1,1,1,1,1,1,1,1,1,1
2026-07-03T19:42:41.603,tof2,4x4,lying,3021,3267,-1,3321,2124,873,-1,2844,1583,912,-1,-1,937,1032,-1,1042,1,1,1,1,1,1,0,1,1,1,1,0,1,1,1,1
2026-07-03T19:42:41.638,tof1,4x4,lying,-1,-1,-1,-1,-1,-1,174,167,184,167,160,158,169,162,162,161,0,0,0,0,0,0,1,1,1,1,1,1,1,1,1,1
2026-07-03T19:42:41.756,tof2,4x4,lying,2998,3267,-1,3321,2124,879,2178,-1,1566,911,1515,-1,933,1032,1065,1042,1,1,0,1,1,1,1,1,1,1,1,0,1,1,1,1
2026-07-03T19:42:41.816,tof1,4x4,lying,-1,-1,-1,-1,-1,-1,174,167,184,168,159,158,169,162,162,161,0,0,0,0,0,0,1,1,1,1,1,1,1,1,1,1
2026-07-03T19:42:41.926,tof2,4x4,lying,2998,3267,-1,3327,2122,881,-1,2861,1566,911,1512,-1,933,1032,1065,1042,1,1,0,1,1,1,0,1,1,1,1,0,1,1,1,1
2026-07-03T19:42:41.970,tof1,4x4,lying,-1,-1,-1,-1,-1,-1,174,167,185,167,160,158,169,162,162,160,0,0,0,0,0,0,1,1,1,1,1,1,1,1,1,1
2026-07-03T19:42:42.109,tof2,4x4,lying,2998,3261,-1,3321,2105,879,-1,2834,1583,914,1471,-1,933,1034,1065,1040,1,1,0,1,1,1,1,1,1,1,1,1,1,1,1,1
2026-07-03T19:42:42.149,tof1,4x4,lying,-1,-1,-1,-1,-1,-1,174,167,184,167,160,157,169,162,162,160,1,0,0,0,0,0,1,1,1,1,1,1,1,1,1,1
2026-07-03T19:42:42.299,tof2,4x4,lying,-1,3261,-1,3310,2105,879,-1,2835,1622,916,1471,-1,933,1032,1064,1042,1,1,0,1,1,1,1,1,1,1,1,0,1,1,1,1
2026-07-03T19:42:42.335,tof1,4x4,lying,-1,-1,-1,-1,-1,-1,175,168,184,168,160,157,169,162,162,162,0,0,0,0,0,0,1,1,1,1,1,1,1,1,1,1
2026-07-03T19:42:42.459,tof2,4x4,lying,2998,3257,-1,3310,-1,878,2182,2861,1622,915,1403,-1,933,1030,1064,1043,1,1,0,1,1,1,1,1,1,1,1,0,1,1,1,1
2026-07-03T19:42:42.516,tof1,4x4,lying,-1,-1,-1,-1,-1,-1,176,167,184,168,160,157,169,163,162,161,0,0,0,0,0,0,1,1,1,1,1,1,1,1,1,1
2026-07-03T19:42:42.634,tof2,4x4,lying,2983,3257,-1,3316,2115,878,2153,2835,1670,915,1403,-1,936,1029,1064,1050,1,1,1,1,1,1,1,1,1,1,1,1,1,1,1,1
2026-07-03T19:42:42.707,tof1,4x4,lying,-1,-1,-1,-1,-1,-1,176,168,184,167,160,157,170,163,163,161,0,0,0,0,0,0,1,1,1,1,1,1,1,1,1,1
2026-07-03T19:42:42.813,tof2,4x4,lying,2983,3255,-1,3308,-1,873,2153,2835,1670,916,1403,-1,938,1030,1066,1048,1,1,0,1,0,1,1,1,1,1,1,0,1,1,1,1
2026-07-03T19:42:42.867,tof1,4x4,lying,-1,-1,-1,-1,-1,-1,174,167,184,168,160,157,169,163,163,162,0,0,0,0,0,0,1,1,1,1,1,1,1,1,1,1
2026-07-03T19:42:42.980,tof2,4x4,lying,2963,3255,-1,3316,2115,869,2153,2858,1670,917,1482,1335,938,1030,1068,1048,1,1,1,1,1,1,1,1,1,1,1,1,1,1,1,1
2026-07-03T19:42:43.062,tof1,4x4,lying,-1,-1,-1,-1,-1,-1,174,167,184,168,160,157,169,163,163,162,0,0,0,0,0,0,1,1,1,1,1,1,1,1,1,1
2026-07-03T19:42:43.151,tof2,4x4,lying,2963,3257,-1,3316,2115,873,2161,2867,1651,915,1482,-1,936,1033,1068,1051,1,1,0,1,1,1,1,1,1,1,1,0,1,1,1,1
2026-07-03T19:42:43.277,tof1,4x4,lying,-1,-1,-1,-1,-1,-1,174,167,184,168,160,157,170,163,163,162,0,0,0,0,0,0,1,1,1,1,1,1,1,1,1,1
2026-07-03T19:42:43.327,tof2,4x4,lying,2996,3258,3311,3323,-1,880,2161,2858,1651,912,1482,-1,935,1033,1068,1051,1,1,1,1,1,1,1,1,1,1,1,0,1,1,1,1
2026-07-03T19:42:43.461,tof1,4x4,lying,-1,-1,-1,-1,-1,-1,174,167,185,168,160,157,170,162,162,162,0,0,0,0,0,0,1,1,1,1,1,1,1,1,1,1
2026-07-03T19:42:43.484,tof2,4x4,lying,3014,3258,-1,3323,2117,872,2161,2867,1644,909,1491,-1,935,1036,1068,1048,1,1,0,1,1,1,1,1,1,1,1,0,1,1,1,1
2026-07-03T19:42:43.643,tof1,4x4,lying,-1,-1,-1,-1,-1,-1,174,167,185,168,160,157,169,162,162,162,0,0,0,0,0,0,1,1,1,1,1,1,1,1,1,1
2026-07-03T19:42:43.666,tof2,4x4,lying,2996,3262,-1,3323,-1,872,2161,2867,1565,909,1527,-1,932,1034,1065,1051,1,1,1,1,0,1,1,1,1,1,1,0,1,1,1,1
2026-07-03T19:42:43.834,tof2,4x4,lying,3011,3258,-1,3308,2117,872,-1,2835,1565,909,1491,-1,932,1034,1064,1056,1,1,0,1,1,1,0,1,1,1,1,0,1,1,1,1
2026-07-03T19:42:43.859,tof1,4x4,lying,-1,-1,-1,-1,-1,-1,174,166,184,168,160,156,170,161,162,162,0,0,0,0,0,0,1,1,1,1,1,1,1,1,1,1
2026-07-03T19:42:44.004,tof2,4x4,lying,2996,3255,-1,3323,2119,872,2168,2835,1511,910,1491,1364,930,1030,1065,1056,1,1,0,1,1,1,1,1,1,1,1,1,1,1,1,1
2026-07-03T19:42:44.072,tof1,4x4,lying,-1,-1,-1,-1,-1,-1,174,166,184,168,160,156,169,161,162,161,0,0,0,0,0,0,1,1,1,1,1,1,1,1,1,1
2026-07-03T19:42:44.192,tof2,4x4,lying,2990,3255,3287,-1,-1,871,-1,2841,1565,914,1504,-1,932,1027,-1,1048,1,1,1,1,1,1,1,1,1,1,1,0,1,1,1,1
2026-07-03T19:42:44.268,tof1,4x4,lying,-1,-1,-1,-1,-1,-1,174,166,184,168,160,158,168,161,162,161,0,0,1,0,0,0,1,1,1,1,1,1,1,1,1,1
2026-07-03T19:42:44.364,tof2,4x4,lying,2990,3255,3287,3309,-1,868,2183,2835,1575,915,1534,-1,930,1027,1065,1048,1,1,1,1,1,1,1,1,1,1,1,1,1,1,1,1
2026-07-03T19:42:44.429,tof1,4x4,lying,-1,-1,-1,-1,-1,-1,174,167,183,168,160,157,169,161,162,161,0,0,0,0,0,0,1,1,1,1,1,1,1,1,1,1
2026-07-03T19:42:44.563,tof2,4x4,lying,2990,3255,3287,3303,2110,868,-1,2825,1578,914,1514,-1,930,1027,1065,1047,1,1,1,1,1,1,0,1,1,1,1,1,1,1,1,1
2026-07-03T19:42:44.610,tof1,4x4,lying,-1,-1,-1,-1,-1,-1,174,167,184,167,160,157,169,161,162,161,0,0,0,0,0,0,1,1,1,1,1,1,1,1,1,1
2026-07-03T19:42:44.719,tof2,4x4,lying,2979,3253,-1,3302,-1,871,2168,2841,1578,914,1514,1368,933,1033,1065,1046,1,1,1,1,1,1,1,1,1,1,1,1,1,1,1,1
2026-07-03T19:42:44.784,tof1,4x4,lying,-1,-1,-1,-1,-1,-1,173,167,184,167,160,157,168,161,162,161,0,0,0,0,0,0,1,1,1,1,1,1,1,1,1,1
2026-07-03T19:42:44.882,tof2,4x4,lying,2979,3255,-1,3299,-1,871,2168,2825,1591,916,1504,-1,933,1033,1068,1044,1,1,0,1,0,1,1,1,1,1,1,1,1,1,1,1
2026-07-03T19:42:44.952,tof1,4x4,lying,-1,-1,-1,-1,-1,-1,174,167,184,167,160,157,169,161,162,162,0,0,0,0,0,0,1,1,1,1,1,1,1,1,1,1
2026-07-03T19:42:45.293,tof2,4x4,lying,2974,3253,-1,3299,2128,878,-1,2825,1578,916,1514,-1,933,1036,1068,1044,1,1,0,1,1,1,1,1,1,1,1,0,1,1,1,1
2026-07-03T19:42:45.294,tof1,4x4,lying,-1,-1,-1,-1,-1,-1,174,166,184,167,159,157,169,161,162,161,0,0,0,0,0,0,1,1,1,1,1,1,1,1,1,1
2026-07-03T19:42:45.477,tof1,4x4,lying,-1,-1,-1,-1,-1,-1,174,166,184,168,159,157,169,161,161,161,0,0,0,0,0,0,1,1,1,1,1,1,1,1,1,1
2026-07-03T19:42:45.520,tof2,4x4,lying,2974,3253,-1,3299,-1,878,2164,2870,1617,910,1476,-1,933,1036,1068,1044,1,1,0,1,1,1,1,1,1,1,1,1,1,1,1,1
2026-07-03T19:42:45.634,tof1,4x4,lying,-1,-1,-1,-1,-1,-1,175,166,184,168,159,157,169,161,161,161,0,0,0,0,0,0,1,1,1,1,1,1,1,1,1,1
2026-07-03T19:42:45.680,tof2,4x4,lying,2974,3254,-1,3299,2128,878,-1,3464,1617,912,1471,-1,940,1036,-1,1046,1,1,0,1,1,1,1,1,1,1,1,0,1,1,1,1
2026-07-03T19:42:45.804,tof1,4x4,lying,-1,-1,-1,-1,-1,-1,175,167,184,169,159,157,169,161,162,161,0,0,0,0,0,0,1,1,1,1,1,1,1,1,1,1
2026-07-03T19:42:45.850,tof2,4x4,lying,2974,3257,3288,3319,2128,878,-1,3464,1583,912,1471,-1,940,1036,1068,1042,1,1,1,1,1,1,0,1,1,1,1,0,1,1,1,1
2026-07-03T19:42:45.971,tof1,4x4,lying,-1,-1,-1,-1,-1,-1,174,166,186,168,159,157,169,161,162,161,0,0,0,0,0,0,1,1,1,1,1,1,1,1,1,1
2026-07-03T19:42:46.028,tof2,4x4,lying,2974,3257,-1,3319,-1,874,-1,3488,1559,912,1471,-1,942,1036,1067,1042,1,1,0,1,0,1,0,1,1,1,1,0,1,1,1,1
2026-07-03T19:42:46.140,tof1,4x4,lying,-1,-1,-1,-1,-1,-1,174,167,184,168,159,157,169,161,162,161,0,0,0,0,1,0,1,1,1,1,1,1,1,1,1,1
2026-07-03T19:42:46.205,tof2,4x4,lying,2962,3257,-1,3319,-1,870,-1,3464,1583,916,1471,-1,940,1038,1067,1042,1,1,1,1,0,1,1,1,1,1,1,0,1,1,1,1
2026-07-03T19:42:46.337,tof1,4x4,lying,-1,-1,-1,-1,-1,-1,174,167,186,168,159,157,169,161,162,161,0,0,0,0,0,0,1,1,1,1,1,1,1,1,1,1
2026-07-03T19:42:46.369,tof2,4x4,lying,2958,3260,-1,3318,2131,870,2151,2844,1583,916,1505,-1,938,1038,1068,1054,1,1,0,1,1,1,1,1,1,1,1,0,1,1,1,1
2026-07-03T19:42:46.522,tof1,4x4,lying,-1,-1,-1,-1,-1,-1,174,167,186,168,159,158,169,161,162,162,0,0,0,0,0,0,1,1,1,1,1,1,1,1,1,1
2026-07-03T19:42:46.560,tof2,4x4,lying,-1,3261,-1,3318,2131,870,2151,2844,-1,916,1548,-1,937,1035,1068,1045,1,1,0,1,1,1,1,1,1,1,1,1,1,1,1,1
2026-07-03T19:42:46.688,tof1,4x4,lying,-1,-1,-1,-1,-1,-1,174,167,187,168,159,158,169,161,162,162,0,0,0,0,0,0,1,1,1,1,1,1,1,1,1,1
2026-07-03T19:42:46.725,tof2,4x4,lying,2962,3261,-1,3292,2120,876,2148,2882,1614,915,1560,-1,937,1034,1068,1051,1,1,0,1,1,1,1,1,1,1,1,1,1,1,1,1
2026-07-03T19:42:46.860,tof1,4x4,lying,-1,-1,-1,-1,-1,-1,174,168,187,168,160,157,169,162,162,161,0,0,0,0,0,0,1,1,1,1,1,1,1,1,1,1
2026-07-03T19:42:46.881,tof2,4x4,lying,2962,3261,3288,3317,2120,876,2148,2882,1614,913,1582,-1,933,1034,-1,1051,1,1,1,1,1,1,1,1,1,1,1,0,1,1,1,1
2026-07-03T19:42:47.027,tof1,4x4,lying,-1,-1,-1,-1,-1,-1,174,168,187,168,160,157,169,162,162,162,0,0,0,0,0,0,1,1,1,1,1,1,1,1,1,1
2026-07-03T19:42:47.037,tof2,4x4,lying,2962,3269,-1,3317,2139,876,-1,2882,1614,913,1582,-1,933,1034,1068,1051,1,1,0,1,1,1,1,1,1,1,1,0,1,1,1,1
2026-07-03T19:42:47.178,tof1,4x4,lying,-1,-1,-1,-1,-1,-1,174,168,187,168,159,157,169,162,162,162,0,0,0,0,0,0,1,1,1,1,1,1,1,1,1,1
2026-07-03T19:42:47.237,tof2,4x4,lying,3017,3261,-1,3317,2128,876,2139,2882,1604,913,1612,-1,933,1033,1059,1046,1,1,1,1,1,1,1,1,1,1,1,0,1,1,1,1
2026-07-03T19:42:47.354,tof1,4x4,lying,-1,-1,-1,-1,-1,-1,174,166,185,168,159,157,169,162,162,161,0,0,0,0,0,0,1,1,1,1,1,1,1,1,1,1
2026-07-03T19:42:47.393,tof2,4x4,lying,3027,3249,-1,3323,2128,878,-1,2860,1582,913,1582,1364,938,1030,1059,1049,1,1,0,1,1,1,1,1,1,1,1,1,1,1,1,1
2026-07-03T19:42:47.526,tof1,4x4,lying,-1,-1,-1,-1,-1,-1,174,166,185,168,159,157,169,162,162,161,0,0,0,0,0,0,1,1,1,1,1,1,1,1,1,1
2026-07-03T19:42:47.552,tof2,4x4,lying,3027,3249,-1,3329,2129,876,-1,2852,1582,913,1566,-1,940,1033,-1,1049,1,1,0,1,1,1,0,1,1,1,1,0,1,1,1,1
2026-07-03T19:42:47.681,tof1,4x4,lying,-1,-1,-1,-1,-1,-1,174,166,185,168,159,157,169,162,162,161,0,0,0,0,0,0,1,1,1,1,1,1,1,1,1,1
2026-07-03T19:42:47.740,tof2,4x4,lying,3033,3249,-1,3331,2129,878,2173,2852,1576,913,1566,-1,940,1030,1058,1046,1,1,0,1,1,1,1,1,1,1,1,0,1,1,1,1
2026-07-03T19:42:47.837,tof1,4x4,lying,-1,-1,-1,-1,-1,-1,173,166,185,168,159,157,169,162,162,161,0,0,0,0,0,0,1,1,1,1,1,1,1,1,1,1
2026-07-03T19:42:47.905,tof2,4x4,lying,3033,3249,-1,3329,-1,878,2159,2816,1604,912,1566,-1,940,1033,1059,1049,1,1,0,1,0,1,1,1,1,1,1,0,1,1,1,1
2026-07-03T19:42:47.995,tof1,4x4,lying,-1,-1,-1,-1,-1,-1,173,167,185,168,159,158,169,162,162,161,0,0,0,0,0,0,1,1,1,1,1,1,1,1,1,1
2026-07-03T19:42:48.063,tof2,4x4,lying,-1,3255,-1,3323,-1,878,-1,2816,1627,912,1566,-1,944,1030,1063,1049,1,1,0,1,0,1,0,1,1,1,1,1,1,1,1,1
2026-07-03T19:42:48.165,tof1,4x4,lying,-1,-1,-1,-1,-1,-1,173,167,183,168,159,157,169,162,161,161,0,0,0,0,0,0,1,1,1,1,1,1,1,1,1,1
2026-07-03T19:42:48.232,tof2,4x4,lying,3027,3256,-1,3331,-1,879,2168,2824,1627,912,1539,-1,940,1033,1063,1049,1,1,0,1,0,1,1,1,1,1,1,0,1,1,1,1
2026-07-03T19:42:48.323,tof1,4x4,lying,-1,-1,-1,-1,-1,-1,175,167,183,168,159,158,169,161,162,161,0,0,0,0,0,0,1,1,1,1,1,1,1,1,1,1
2026-07-03T19:42:48.429,tof2,4x4,lying,2970,3256,-1,3323,2128,879,-1,2824,1623,912,1555,-1,940,1033,1063,1049,1,1,0,1,1,1,0,1,1,1,1,0,1,1,1,1
2026-07-03T19:42:48.478,tof1,4x4,lying,-1,-1,-1,-1,-1,-1,175,167,184,168,159,158,169,161,161,161,0,0,0,0,0,0,1,1,1,1,1,1,1,1,1,1
2026-07-03T19:42:48.575,tof2,4x4,lying,3029,3258,-1,3321,-1,886,-1,2820,1623,911,1530,-1,942,1033,-1,1050,1,1,1,1,0,1,1,1,1,1,1,0,1,1,1,1
2026-07-03T19:42:48.637,tof1,4x4,lying,-1,-1,-1,-1,-1,-1,175,167,184,169,159,157,169,161,162,161,0,0,0,0,0,0,1,1,1,1,1,1,1,1,1,1
2026-07-03T19:42:48.729,tof2,4x4,lying,-1,3259,-1,3321,2126,886,2159,2820,1623,911,1555,-1,941,1033,1065,1049,0,1,0,1,1,1,1,1,1,1,1,0,1,1,1,1
2026-07-03T19:42:48.806,tof1,4x4,lying,-1,-1,-1,-1,-1,-1,175,167,184,169,159,157,169,161,162,161,0,0,0,0,0,0,1,1,1,1,1,1,1,1,1,1
2026-07-03T19:42:48.938,tof2,4x4,lying,2970,3265,-1,3321,2115,883,2159,2820,1623,911,1555,-1,933,1033,1063,1050,1,1,0,1,1,1,1,1,1,1,1,0,1,1,1,1
2026-07-03T19:42:48.989,tof1,4x4,lying,-1,-1,-1,-1,-1,-1,175,167,184,169,159,158,169,162,162,161,0,0,0,0,0,0,1,1,1,1,1,1,1,1,1,1
2026-07-03T19:42:49.122,tof2,4x4,lying,2970,3260,-1,3317,2115,881,2159,2820,1664,907,1555,-1,940,1033,1061,1053,1,1,0,1,1,1,1,1,1,1,1,0,1,1,1,1
2026-07-03T19:42:49.164,tof1,4x4,lying,-1,-1,-1,-1,-1,-1,175,166,184,169,159,157,169,162,162,161,0,0,0,0,0,0,1,1,1,1,1,1,1,1,1,1
2026-07-03T19:42:49.289,tof2,4x4,lying,3023,3265,-1,3317,2112,881,-1,2821,1664,907,1521,-1,941,1028,1061,1050,1,1,0,1,1,1,0,1,1,1,1,0,1,1,1,1
2026-07-03T19:42:49.318,tof1,4x4,lying,-1,228,231,-1,232,-1,175,166,185,169,159,157,169,162,162,161,0,1,1,0,1,0,1,1,1,1,1,1,1,1,1,1
2026-07-03T19:42:49.453,tof2,4x4,lying,-1,3268,-1,3310,-1,878,-1,2832,1664,907,1564,-1,940,1034,-1,1050,0,1,0,1,1,1,0,1,1,1,1,0,1,1,1,1
2026-07-03T19:42:49.510,tof1,4x4,lying,-1,-1,-1,-1,-1,-1,174,166,185,169,159,156,169,162,162,162,0,0,0,0,0,0,1,1,1,1,1,1,1,1,1,1
2026-07-03T19:42:49.601,tof2,4x4,lying,3029,3268,-1,3317,2115,876,2168,3453,1664,910,1505,-1,937,1025,1061,1054,1,1,1,1,1,1,1,1,1,1,1,0,1,1,1,1
2026-07-03T19:42:49.664,tof1,4x4,lying,-1,-1,-1,-1,-1,-1,174,166,185,169,159,156,169,162,162,162,0,0,0,0,0,0,1,1,1,1,1,1,1,1,1,1
2026-07-03T19:42:49.757,tof2,4x4,lying,3023,3260,-1,3317,-1,873,-1,2832,1618,910,1505,-1,940,1025,-1,1052,1,1,0,1,0,1,0,1,1,1,1,1,1,1,1,1
2026-07-03T19:42:49.833,tof1,4x4,lying,-1,-1,-1,-1,-1,-1,174,166,185,169,161,156,169,162,162,161,0,0,0,0,0,0,1,1,1,1,1,1,1,1,1,1
2026-07-03T19:42:49.933,tof2,4x4,lying,3023,3260,-1,3325,2144,876,-1,2821,1546,915,1551,1335,940,1025,-1,1052,1,1,0,1,1,1,1,1,1,1,1,1,1,1,1,1
2026-07-03T19:42:50.022,tof1,4x4,lying,-1,-1,-1,-1,-1,-1,174,166,185,168,161,156,170,162,162,161,0,0,0,0,0,0,1,1,1,1,1,1,1,1,1,1
2026-07-03T19:42:50.098,tof2,4x4,lying,3002,3260,-1,3317,2152,871,-1,2827,1618,916,1551,-1,937,1030,1061,1052,1,1,0,1,1,1,0,1,1,1,1,1,1,1,1,1
2026-07-03T19:42:50.183,tof1,4x4,lying,-1,-1,-1,-1,-1,-1,174,166,187,168,161,157,170,162,162,161,0,1,0,0,0,0,1,1,1,1,1,1,1,1,1,1
2026-07-03T19:42:50.261,tof2,4x4,lying,3002,3260,-1,3317,2152,867,-1,2827,1654,915,1505,-1,938,1030,1061,1054,1,1,0,1,1,1,0,1,1,1,1,0,1,1,1,1
2026-07-03T19:42:50.342,tof1,4x4,lying,-1,-1,-1,-1,-1,-1,174,166,187,168,160,157,170,162,162,161,0,0,1,0,0,0,1,1,1,1,1,1,1,1,1,1
2026-07-03T19:42:50.436,tof2,4x4,lying,-1,3259,-1,3317,-1,867,2170,2824,1618,916,1551,-1,938,1033,1068,1052,1,1,0,1,1,1,1,1,1,1,1,0,1,1,1,1
2026-07-03T19:42:50.517,tof1,4x4,lying,-1,232,-1,-1,232,-1,174,166,187,168,160,157,170,161,162,160,0,1,0,0,1,0,1,1,1,1,1,1,1,1,1,1
2026-07-03T19:42:50.616,tof2,4x4,lying,2976,3259,-1,3317,2152,873,-1,2824,1597,916,1480,-1,932,1033,1068,1050,1,1,0,1,1,1,0,1,1,1,1,1,1,1,1,1
2026-07-03T19:42:50.685,tof1,4x4,lying,-1,-1,-1,-1,-1,-1,175,166,187,168,159,156,170,162,162,161,0,0,0,0,0,0,1,1,1,1,1,1,1,1,1,1
2026-07-03T19:42:50.769,tof2,4x4,lying,-1,3257,-1,3317,-1,867,2190,2827,-1,915,1471,-1,931,1033,-1,1050,1,1,1,1,1,1,1,1,1,1,1,0,1,1,1,1
2026-07-03T19:42:50.844,tof1,4x4,lying,-1,-1,-1,-1,-1,-1,175,166,187,168,159,156,170,162,162,161,0,0,0,0,0,0,1,1,1,1,1,1,1,1,1,1
2026-07-03T19:42:50.945,tof2,4x4,lying,2976,3254,-1,3317,-1,873,2190,2824,1597,915,1480,-1,931,1035,1064,1050,1,1,1,1,0,1,1,1,1,1,1,0,1,1,1,1
2026-07-03T19:42:51.016,tof1,4x4,lying,-1,232,229,-1,232,-1,175,166,187,168,159,156,169,162,162,160,0,1,1,0,1,0,1,1,1,1,1,1,1,1,1,1
2026-07-03T19:42:51.122,tof2,4x4,lying,2998,3254,-1,3318,-1,873,-1,2824,1597,915,1505,-1,931,-1,1064,1046,1,1,0,1,0,1,1,1,1,1,1,0,1,1,1,1
2026-07-03T19:42:51.171,tof1,4x4,lying,-1,-1,-1,-1,-1,-1,175,166,187,169,159,156,169,162,162,162,1,0,0,0,0,0,1,1,1,1,1,1,1,1,1,1
2026-07-03T19:42:51.282,tof2,4x4,lying,2998,3253,-1,3318,2144,874,2188,2829,1597,914,1480,-1,932,1035,1064,1044,1,1,0,1,1,1,1,1,1,1,1,0,1,1,1,1
2026-07-03T19:42:51.337,tof1,4x4,lying,-1,-1,-1,-1,-1,-1,175,166,185,169,159,157,170,162,162,162,0,0,0,0,0,0,1,1,1,1,1,1,1,1,1,1
2026-07-03T19:42:51.437,tof2,4x4,lying,2998,3254,-1,3314,-1,877,2170,2829,1606,912,1505,-1,929,1035,1064,1041,1,1,0,1,0,1,1,1,1,1,1,1,1,1,1,1
2026-07-03T19:42:51.489,tof1,4x4,lying,-1,-1,-1,-1,-1,-1,175,166,185,168,159,157,170,162,162,162,0,0,0,0,0,0,1,1,1,1,1,1,1,1,1,1
2026-07-03T19:42:51.619,tof2,4x4,lying,2998,3262,-1,3314,2155,877,-1,2806,1606,912,1521,-1,929,1035,-1,1037,1,1,0,1,1,1,0,1,1,1,1,0,1,1,1,1
2026-07-03T19:42:51.649,tof1,4x4,lying,-1,-1,-1,-1,-1,-1,173,167,185,169,159,157,170,162,162,161,0,0,0,0,0,0,1,1,1,1,1,1,1,1,1,1
2026-07-03T19:42:51.794,tof2,4x4,lying,2998,3265,-1,3314,-1,874,2149,2816,1606,912,1521,-1,933,1035,1064,1037,1,1,0,1,1,1,1,1,1,1,1,0,1,1,1,1
2026-07-03T19:42:51.807,tof1,4x4,lying,-1,-1,-1,-1,-1,-1,175,167,186,169,159,157,170,162,162,161,0,0,0,0,0,0,1,1,1,1,1,1,1,1,1,1
2026-07-03T19:42:51.971,tof2,4x4,lying,2999,3265,-1,3314,2111,867,2143,2816,1622,913,1537,-1,933,1038,1061,1037,1,1,0,1,1,1,1,1,1,1,1,0,1,1,1,1
2026-07-03T19:42:51.978,tof1,4x4,lying,-1,-1,-1,-1,-1,-1,175,167,188,168,158,157,170,162,162,161,0,0,0,0,0,0,1,1,1,1,1,1,1,1,1,1
2026-07-03T19:42:52.131,tof2,4x4,lying,2999,3265,-1,3313,2111,867,-1,2816,1660,916,1537,-1,933,1038,-1,1050,1,1,0,1,1,1,0,1,1,1,1,1,1,1,1,1
2026-07-03T19:42:52.154,tof1,4x4,lying,-1,-1,-1,-1,-1,-1,175,166,188,169,158,157,169,162,162,161,1,0,0,0,0,0,1,1,1,1,1,1,1,1,1,1
2026-07-03T19:42:52.326,tof2,4x4,lying,2989,3257,3289,3318,-1,867,2143,2826,1572,917,1537,-1,936,1031,1064,1050,1,1,1,1,0,1,1,1,1,1,1,0,1,1,1,1
2026-07-03T19:42:52.465,tof1,4x4,lying,-1,-1,-1,-1,-1,-1,174,166,-1,169,159,156,169,162,162,161,0,0,0,0,0,0,1,1,0,1,1,1,1,1,1,1
2026-07-03T19:42:52.489,tof2,4x4,lying,2999,3257,-1,3320,2142,868,-1,2826,1660,917,1484,1309,936,1029,1064,1050,1,1,1,1,1,1,1,1,1,1,1,1,1,1,1,1
2026-07-03T19:42:52.643,tof1,4x4,lying,-1,-1,-1,-1,-1,-1,174,166,188,168,159,156,169,162,162,161,0,0,0,0,0,0,1,1,1,1,1,1,1,1,1,1
2026-07-03T19:42:52.685,tof2,4x4,lying,2937,3257,3316,3323,-1,872,-1,2849,1660,917,1484,-1,935,1026,-1,1049,1,1,1,1,0,1,1,1,1,1,1,0,1,1,1,1
2026-07-03T19:42:52.806,tof1,4x4,lying,-1,-1,-1,-1,-1,-1,174,165,-1,168,160,156,169,162,162,160,0,0,0,0,0,0,1,1,0,1,1,1,1,1,1,1
2026-07-03T19:42:52.853,tof2,4x4,lying,-1,3257,-1,3320,2142,872,2137,2862,1572,917,1434,-1,935,1026,1066,1049,1,1,0,1,1,1,1,1,1,1,1,0,1,1,1,1
2026-07-03T19:42:52.972,tof1,4x4,lying,-1,-1,-1,-1,-1,-1,174,165,-1,168,160,155,169,162,161,160,0,0,0,0,0,0,1,1,0,1,1,1,1,1,1,1
2026-07-03T19:42:53.006,tof2,4x4,lying,2937,3259,-1,3323,2141,872,2143,2849,-1,918,1484,-1,935,1029,1064,1048,1,1,1,1,1,1,1,1,1,1,1,0,1,1,1,1
2026-07-03T19:42:53.320,tof1,4x4,lying,-1,232,229,-1,232,-1,174,165,-1,168,160,155,169,162,161,160,1,1,1,0,1,0,1,1,0,1,1,1,1,1,1,1
2026-07-03T19:42:53.330,tof2,4x4,lying,3000,3264,-1,3320,-1,862,-1,2868,1572,918,1497,1293,935,1029,1066,1048,1,1,0,1,0,1,1,1,1,1,1,1,1,1,1,1
2026-07-03T19:42:53.494,tof1,4x4,lying,-1,-1,-1,-1,-1,-1,173,165,184,169,159,155,170,162,161,160,1,0,0,0,0,0,1,1,1,1,1,1,1,1,1,1
2026-07-03T19:42:53.588,tof2,4x4,lying,3003,3264,-1,3311,-1,-1,-1,2868,1559,918,1522,-1,935,1029,1066,1049,1,1,0,1,1,0,0,1,1,1,1,0,1,1,1,1
2026-07-03T19:42:53.666,tof1,4x4,lying,-1,232,229,-1,232,-1,173,167,184,169,159,155,170,162,161,160,0,1,1,0,1,0,1,1,1,1,1,1,1,1,1,1
2026-07-03T19:42:53.770,tof2,4x4,lying,3000,3264,-1,3310,-1,862,2168,2844,1559,914,1497,-1,935,1032,1064,1048,1,1,0,1,1,1,1,1,1,1,1,0,1,1,1,1
2026-07-03T19:42:53.849,tof1,4x4,lying,-1,-1,-1,-1,-1,-1,173,167,184,169,158,155,170,162,161,160,1,0,0,0,0,0,1,1,1,1,1,1,1,1,1,1
2026-07-03T19:42:53.935,tof2,4x4,lying,-1,3264,-1,3308,-1,859,-1,2818,1539,918,1522,-1,935,1029,1063,1048,0,1,0,1,0,1,1,1,1,1,1,0,1,1,1,1
2026-07-03T19:42:54.004,tof1,4x4,lying,-1,230,229,-1,232,-1,173,167,-1,169,158,155,170,162,161,160,0,1,1,0,1,0,1,1,0,1,1,1,1,1,1,1
2026-07-03T19:42:54.170,tof1,4x4,lying,-1,-1,-1,-1,-1,-1,173,167,-1,169,158,155,170,162,161,159,0,0,0,0,0,0,1,1,0,1,1,1,1,1,1,1
2026-07-03T19:42:54.260,tof2,4x4,lying,3000,3267,-1,3308,-1,-1,-1,2811,1570,914,1556,-1,935,1032,1064,1044,1,1,0,1,1,0,0,1,1,1,1,1,1,1,1,1
2026-07-03T19:42:54.334,tof1,4x4,lying,-1,-1,-1,-1,-1,-1,173,166,184,168,158,155,170,162,161,159,1,0,0,0,0,0,1,1,1,1,1,1,1,1,1,1
2026-07-03T19:42:54.424,tof2,4x4,lying,2990,3268,-1,3308,-1,-1,-1,2811,1539,918,1556,-1,935,1032,1063,1047,1,1,0,1,0,0,0,1,1,1,1,0,1,1,1,1
2026-07-03T19:42:54.502,tof1,4x4,lying,-1,-1,-1,-1,-1,-1,173,166,-1,168,158,155,170,161,161,159,0,0,0,0,0,0,1,1,0,1,1,1,1,1,1,1
2026-07-03T19:42:54.574,tof2,4x4,lying,-1,3268,-1,3310,-1,-1,-1,2811,1570,906,1511,-1,936,1032,1063,1044,0,1,1,1,0,0,0,1,1,1,1,0,1,1,1,1
2026-07-03T19:42:54.650,tof1,4x4,lying,-1,-1,-1,-1,232,-1,174,166,-1,168,158,155,170,161,161,160,0,0,0,0,1,0,1,1,0,1,1,1,1,1,1,1
2026-07-03T19:42:54.744,tof2,4x4,lying,2990,3268,-1,3309,-1,-1,-1,2811,1593,914,1580,-1,936,1034,1063,1047,1,1,0,1,0,0,0,1,1,1,1,0,1,1,1,1
2026-07-03T19:42:54.837,tof1,4x4,lying,-1,-1,-1,-1,-1,-1,174,165,-1,168,158,155,170,161,161,160,0,0,0,0,0,0,1,1,0,1,1,1,1,1,1,1
2026-07-03T19:42:54.918,tof2,4x4,lying,2990,3258,-1,3324,2141,-1,-1,2811,1626,914,1511,1293,936,1034,-1,1047,1,1,0,1,1,1,0,1,1,1,1,1,1,1,1,1
2026-07-03T19:42:55.010,tof1,4x4,lying,-1,-1,-1,-1,-1,-1,174,165,-1,168,158,155,170,161,160,160,0,0,0,0,0,0,1,1,0,1,1,1,1,1,1,1
2026-07-03T19:42:55.073,tof2,4x4,lying,2977,3258,-1,3309,-1,862,-1,2837,1626,914,-1,-1,935,1033,1064,1056,1,1,0,1,0,1,1,1,1,1,1,0,1,1,1,1
2026-07-03T19:42:55.164,tof1,4x4,lying,-1,-1,-1,-1,-1,-1,174,165,-1,168,159,155,169,161,160,160,0,0,0,0,0,0,1,1,0,1,1,1,1,1,1,1
2026-07-03T19:42:55.251,tof2,4x4,lying,2977,3258,-1,3309,-1,-1,-1,2874,1661,911,1511,1293,934,1033,1064,1056,1,1,0,1,0,0,1,1,1,1,1,1,1,1,1,1
2026-07-03T19:42:55.333,tof1,4x4,lying,-1,-1,-1,-1,-1,-1,173,165,-1,168,158,154,169,161,160,159,0,0,0,0,0,0,1,1,0,1,1,1,1,1,1,1
2026-07-03T19:42:55.411,tof2,4x4,lying,2977,3259,-1,3307,2103,840,2168,2874,1661,914,1519,-1,934,1033,-1,1056,1,1,1,1,1,1,1,1,1,1,1,1,1,1,1,1
2026-07-03T19:42:55.489,tof1,4x4,lying,-1,-1,-1,-1,-1,-1,173,165,-1,168,158,155,169,161,160,158,0,0,0,0,0,0,1,1,0,1,1,1,1,1,1,1
2026-07-03T19:42:55.565,tof2,4x4,lying,-1,3259,-1,3307,2103,861,2171,2874,1646,911,1527,-1,934,1032,1065,1053,0,1,0,1,1,1,1,1,1,1,1,1,1,1,1,1
2026-07-03T19:42:55.655,tof1,4x4,lying,3321,230,230,-1,233,-1,173,165,-1,168,158,155,169,162,161,158,1,1,1,1,1,0,1,1,0,1,1,1,1,1,1,1
2026-07-03T19:42:55.731,tof2,4x4,lying,2977,3259,-1,3307,-1,861,2171,2821,1627,907,1527,-1,935,1032,1068,1052,1,1,1,1,1,1,1,1,1,1,1,0,1,1,1,1
2026-07-03T19:42:55.842,tof1,4x4,lying,-1,229,-1,-1,232,-1,173,165,-1,168,159,154,169,162,161,158,0,1,0,0,1,0,1,1,0,1,1,1,1,1,1,1
2026-07-03T19:42:55.879,tof2,4x4,lying,2977,3259,-1,3293,-1,877,-1,2821,1627,911,1561,-1,938,1032,-1,1047,1,1,0,1,0,1,1,1,1,1,1,0,1,1,1,1
2026-07-03T19:42:55.996,tof1,4x4,lying,-1,229,-1,-1,233,-1,173,165,-1,167,158,154,169,161,162,158,0,1,0,0,1,0,1,1,0,1,1,1,1,1,1,1
2026-07-03T19:42:56.076,tof2,4x4,lying,2992,3257,-1,3311,2081,877,-1,2798,1611,910,1561,-1,938,1030,1068,1045,1,1,0,1,1,1,1,1,1,1,1,1,1,1,1,1
2026-07-03T19:42:56.158,tof1,4x4,lying,-1,-1,-1,-1,-1,-1,173,165,-1,167,158,154,169,161,162,158,0,0,0,0,0,0,1,1,0,1,1,1,1,1,1,1
2026-07-03T19:42:56.229,tof2,4x4,lying,2997,3255,-1,3319,2081,877,-1,2798,1611,910,1561,1354,935,1027,1065,1045,1,1,1,1,1,1,1,1,1,1,1,1,1,1,1,1
2026-07-03T19:42:56.327,tof1,4x4,lying,-1,229,-1,-1,233,-1,172,165,-1,167,158,154,169,161,162,158,0,1,0,0,1,0,1,1,0,1,1,1,1,1,1,1
2026-07-03T19:42:56.406,tof2,4x4,lying,2996,3255,-1,3319,-1,877,2171,2847,-1,913,1525,-1,939,1030,1064,1045,1,1,0,1,1,1,1,1,1,1,1,1,1,1,1,1
2026-07-03T19:42:56.489,tof1,4x4,lying,-1,229,-1,-1,231,-1,172,165,-1,167,158,154,169,161,161,158,0,1,0,0,1,0,1,1,0,1,1,1,1,1,1,1
2026-07-03T19:42:56.579,tof2,4x4,lying,2993,3255,-1,3319,-1,876,-1,2847,1611,915,1501,-1,939,1030,1064,1045,1,1,0,1,0,1,1,1,1,1,1,1,1,1,1,1
2026-07-03T19:42:56.650,tof1,4x4,lying,-1,-1,-1,-1,-1,-1,172,165,-1,167,157,154,169,160,161,158,1,0,0,0,0,0,1,1,0,1,1,1,1,1,1,1
2026-07-03T19:42:56.739,tof2,4x4,lying,2993,3255,3288,3319,-1,876,2166,2852,1617,915,1490,-1,935,1030,1064,1045,1,1,1,1,0,1,1,1,1,1,1,0,1,1,1,1
2026-07-03T19:42:56.810,tof1,4x4,lying,-1,-1,-1,-1,-1,-1,173,166,-1,167,158,154,169,160,160,158,0,0,0,0,0,0,1,1,0,1,1,1,1,1,1,1
2026-07-03T19:42:56.892,tof2,4x4,lying,2996,3256,-1,3319,2109,873,2166,2852,1617,915,1490,-1,933,1030,-1,1045,1,1,0,1,1,1,1,1,1,1,1,0,1,1,1,1
2026-07-03T19:42:56.963,tof1,4x4,lying,-1,-1,-1,-1,-1,-1,173,165,-1,167,158,154,169,160,160,158,0,0,0,0,0,0,1,1,0,1,1,1,1,1,1,1
2026-07-03T19:42:57.061,tof2,4x4,lying,2996,3262,-1,3322,-1,875,2156,2852,1617,915,1492,-1,933,1031,1064,1045,1,1,1,1,0,1,1,1,1,1,1,0,1,1,1,1
2026-07-03T19:42:57.135,tof1,4x4,lying,-1,229,-1,-1,231,-1,173,165,-1,167,158,154,169,160,160,158,0,1,1,0,1,0,1,1,0,1,1,1,1,1,1,1
2026-07-03T19:42:57.221,tof2,4x4,lying,3006,3262,-1,3323,2109,875,-1,2852,1580,915,1490,-1,933,1031,1064,1041,1,1,0,1,1,1,1,1,1,1,1,0,1,1,1,1
2026-07-03T19:42:57.304,tof1,4x4,lying,-1,229,230,-1,231,-1,173,164,-1,167,158,154,169,160,159,158,0,1,1,0,1,0,1,1,0,1,1,1,1,1,1,1
2026-07-03T19:42:57.680,tof2,4x4,lying,-1,3262,-1,3323,2109,875,-1,2852,1580,916,1490,-1,933,1031,-1,1041,1,1,0,1,1,1,1,1,1,1,1,0,1,1,1,1
2026-07-03T19:42:57.711,tof1,4x4,lying,3321,229,-1,-1,231,-1,172,164,-1,167,158,154,169,160,159,158,1,1,0,0,1,0,1,1,0,1,1,1,1,1,1,1
2026-07-03T19:42:57.847,tof2,4x4,lying,3012,3256,-1,3323,2117,875,-1,2854,1580,916,1492,-1,933,1031,1069,1041,1,1,0,1,1,1,1,1,1,1,1,0,1,1,1,1
2026-07-03T19:42:57.894,tof1,4x4,lying,-1,-1,-1,-1,-1,-1,172,164,-1,167,158,154,169,160,159,158,0,0,0,0,0,0,1,1,0,1,1,1,1,1,1,1
2026-07-03T19:42:58.013,tof2,4x4,lying,3031,3256,-1,3323,-1,875,2156,2859,1580,916,1492,-1,936,1031,1069,1050,1,1,1,1,1,1,1,1,1,1,1,0,1,1,1,1
2026-07-03T19:42:58.053,tof1,4x4,lying,-1,-1,-1,-1,-1,-1,172,165,-1,167,158,154,169,160,159,158,0,0,0,0,0,0,1,1,0,1,1,1,1,1,1,1
2026-07-03T19:42:58.173,tof2,4x4,lying,3018,3256,3331,3330,2121,873,-1,2859,1580,914,1463,-1,936,1031,1069,1050,1,1,1,1,1,1,0,1,1,1,1,0,1,1,1,1
2026-07-03T19:42:58.228,tof1,4x4,lying,-1,229,230,-1,231,-1,172,165,-1,168,158,154,169,160,159,158,0,1,1,0,1,0,1,1,0,1,1,1,1,1,1,1
2026-07-03T19:42:58.335,tof2,4x4,lying,3018,3250,-1,3315,2121,869,2156,2865,-1,914,1511,-1,942,1032,-1,1050,1,1,1,1,1,1,1,1,1,1,1,0,1,1,1,1
2026-07-03T19:42:58.406,tof1,4x4,lying,-1,229,-1,-1,231,-1,172,165,-1,168,157,154,169,160,159,158,0,1,0,0,1,0,1,1,0,1,1,1,1,1,1,1
2026-07-03T19:42:58.508,tof2,4x4,lying,-1,3256,-1,3313,2135,869,2175,2885,1581,914,1511,-1,-1,1032,1069,1050,1,1,0,1,1,1,1,1,1,1,1,0,1,1,1,1
2026-07-03T19:42:58.566,tof1,4x4,lying,-1,229,-1,-1,231,-1,172,164,-1,168,158,154,169,160,158,158,0,1,0,0,1,0,1,1,0,1,1,1,1,1,1,1
2026-07-03T19:42:58.689,tof2,4x4,lying,3012,3260,-1,3315,2157,873,-1,2865,1581,915,1509,-1,941,1032,1069,1050,1,1,0,1,1,1,0,1,1,1,1,0,1,1,1,1
2026-07-03T19:42:58.769,tof1,4x4,lying,-1,-1,-1,-1,-1,-1,173,164,-1,167,158,154,169,160,158,158,1,0,0,0,0,0,1,1,0,1,1,1,1,1,1,1
2026-07-03T19:42:58.883,tof2,4x4,lying,3006,3262,-1,3316,-1,874,-1,2871,1643,915,1496,-1,936,1032,1063,1052,1,1,0,1,1,1,0,1,1,1,1,1,1,1,1,1
2026-07-03T19:42:58.956,tof1,4x4,lying,-1,229,-1,-1,231,-1,173,164,-1,167,158,153,169,160,158,157,0,1,0,0,1,0,1,1,0,1,1,1,1,1,1,1
2026-07-03T19:42:59.046,tof2,4x4,lying,2977,3260,3331,3316,2157,875,-1,2880,1661,915,1496,-1,932,1036,1058,1050,1,1,1,1,1,1,1,1,1,1,1,0,1,1,1,1
2026-07-03T19:42:59.118,tof1,4x4,lying,224,228,-1,-1,231,-1,173,163,-1,166,157,152,169,160,158,157,1,1,0,0,1,0,1,1,0,1,1,1,1,1,1,1
2026-07-03T19:42:59.213,tof2,4x4,lying,2969,3260,-1,3316,-1,875,-1,2880,1718,906,1496,-1,935,1038,1057,-1,1,1,0,1,1,1,0,1,1,1,1,1,1,1,1,1
2026-07-03T19:42:59.285,tof1,4x4,lying,-1,228,-1,-1,231,-1,173,163,-1,166,157,151,169,160,158,157,0,1,0,0,1,0,1,1,0,1,1,1,1,1,1,1
2026-07-03T19:42:59.646,tof1,4x4,lying,-1,228,-1,-1,231,-1,173,163,-1,166,157,151,168,160,158,157,0,1,0,0,1,0,1,1,0,1,1,1,1,1,1,1
2026-07-03T19:42:59.675,tof2,4x4,lying,2977,3249,-1,3320,-1,874,-1,2880,1661,906,1427,-1,932,1038,1058,1052,1,1,0,1,0,1,0,1,1,1,1,0,1,1,1,1
2026-07-03T19:42:59.808,tof1,4x4,lying,-1,228,-1,-1,231,-1,172,163,-1,165,157,151,168,160,158,156,0,1,0,0,1,0,1,1,0,1,1,1,1,1,1,1
2026-07-03T19:42:59.873,tof2,4x4,lying,2992,3248,-1,3316,-1,875,2175,2883,1661,906,1427,-1,932,1038,1057,1050,1,1,0,1,1,1,1,1,1,1,1,0,1,1,1,1
2026-07-03T19:42:59.976,tof1,4x4,lying,-1,229,-1,-1,231,-1,172,163,-1,166,157,152,168,159,158,156,0,1,0,0,1,0,1,1,0,1,1,1,1,1,1,1
2026-07-03T19:43:00.076,tof2,4x4,lying,-1,3248,-1,3303,2176,875,2180,2883,1606,908,1427,-1,935,1034,1057,1051,1,1,0,1,1,1,1,1,1,1,1,0,1,1,1,1
2026-07-03T19:43:00.154,tof1,4x4,lying,-1,229,-1,-1,232,-1,172,163,-1,165,156,153,167,159,158,156,0,1,0,0,1,0,1,1,0,1,1,1,1,1,1,1
2026-07-03T19:43:00.250,tof2,4x4,lying,2992,3248,-1,3303,2176,874,2175,2883,1606,910,1475,-1,935,1034,-1,1051,1,1,0,1,1,1,1,1,1,1,1,0,1,1,1,1
2026-07-03T19:43:00.357,tof1,4x4,lying,223,228,230,-1,232,-1,172,163,-1,165,157,153,167,159,158,156,1,1,1,0,1,0,1,1,0,1,1,1,1,1,1,1
2026-07-03T19:43:00.450,tof2,4x4,lying,2992,3248,-1,3321,2122,876,2167,2883,1559,911,1484,-1,935,1027,1062,1051,1,1,0,1,1,1,1,1,1,1,1,0,1,1,1,1
2026-07-03T19:43:00.517,tof1,4x4,lying,223,229,-1,-1,232,-1,172,163,-1,165,156,152,167,159,158,156,1,1,0,0,1,0,1,1,0,1,1,1,1,1,1,1
2026-07-03T19:43:00.610,tof2,4x4,lying,2992,3245,-1,3321,-1,883,2162,2885,1559,911,1484,-1,935,1034,1065,1048,1,1,0,1,1,1,1,1,1,1,1,0,1,1,1,1
2026-07-03T19:43:00.698,tof1,4x4,lying,-1,228,230,-1,233,-1,172,163,-1,166,157,152,167,159,158,156,1,1,1,0,1,0,1,1,0,1,1,1,1,1,1,1
2026-07-03T19:43:00.785,tof2,4x4,lying,2992,3253,-1,3322,-1,883,2167,-1,1621,912,1484,-1,935,-1,1065,1045,1,1,1,1,0,1,1,1,1,1,1,0,1,1,1,1
2026-07-03T19:43:00.917,tof1,4x4,lying,-1,228,-1,-1,233,-1,172,163,-1,166,156,153,167,159,157,156,0,1,0,0,1,0,1,1,0,1,1,1,1,1,1,1
2026-07-03T19:43:00.983,tof2,4x4,lying,3000,3253,-1,3331,2122,879,2143,2885,1621,911,1475,-1,935,1034,1065,1045,1,1,0,1,1,1,1,1,1,1,1,1,1,1,1,1
2026-07-03T19:43:01.071,tof1,4x4,lying,-1,228,-1,-1,233,-1,172,163,-1,166,156,153,167,159,157,156,0,1,0,0,1,0,1,1,0,1,1,1,1,1,1,1
2026-07-03T19:43:01.162,tof2,4x4,lying,3004,3259,-1,3322,2139,879,2154,2885,1627,911,1498,-1,935,1034,1065,1042,1,1,0,1,1,1,1,1,1,1,1,0,1,1,1,1
2026-07-03T19:43:01.251,tof1,4x4,lying,-1,229,-1,-1,233,-1,172,163,-1,166,156,153,167,160,158,156,1,1,0,1,1,0,1,1,0,1,1,1,1,1,1,1
2026-07-03T19:43:01.315,tof2,4x4,lying,3004,3259,-1,3322,-1,877,2154,2892,1627,912,1463,-1,935,1031,-1,1043,1,1,0,1,0,1,1,1,1,1,1,0,1,1,1,1
2026-07-03T19:43:01.429,tof1,4x4,lying,-1,229,-1,-1,231,-1,172,164,-1,166,156,153,167,159,158,156,0,1,1,0,1,0,1,1,0,1,1,1,1,1,1,1
2026-07-03T19:43:01.478,tof2,4x4,lying,3004,3259,-1,3317,-1,875,-1,2892,1606,916,1498,-1,935,1031,1065,1042,1,1,1,1,1,1,0,1,1,1,1,0,1,1,1,1
2026-07-03T19:43:01.600,tof1,4x4,lying,-1,229,-1,-1,230,-1,172,163,-1,165,156,153,167,159,159,156,0,1,0,0,1,0,1,1,0,1,1,1,1,1,1,1
2026-07-03T19:43:01.638,tof2,4x4,lying,2989,3259,-1,3305,-1,871,-1,2901,1572,915,1498,-1,935,1031,1065,1043,1,1,0,1,0,1,0,1,1,1,1,0,1,1,1,1
2026-07-03T19:43:01.793,tof1,4x4,lying,-1,229,-1,-1,230,-1,172,163,-1,165,156,152,167,159,160,156,0,1,0,0,1,0,1,1,0,1,1,1,1,1,1,1
2026-07-03T19:43:01.836,tof2,4x4,lying,2978,3259,-1,3305,2122,867,2155,2876,1572,915,1498,-1,935,1034,-1,1043,1,1,1,1,1,1,1,1,1,1,1,0,1,1,1,1
2026-07-03T19:43:01.981,tof1,4x4,lying,-1,229,-1,-1,230,-1,172,163,-1,165,156,152,168,159,160,156,0,1,0,0,1,0,1,1,0,1,1,1,1,1,1,1
2026-07-03T19:43:02.010,tof2,4x4,lying,-1,3265,-1,3308,-1,867,2154,2896,1572,915,1498,-1,935,1033,1065,1051,1,1,1,1,0,1,1,1,1,1,1,0,1,1,1,1
2026-07-03T19:43:02.139,tof1,4x4,lying,-1,-1,-1,-1,230,-1,172,163,-1,165,156,152,168,159,159,156,0,0,0,0,1,0,1,1,0,1,1,1,1,1,1,1
2026-07-03T19:43:02.216,tof2,4x4,lying,2977,3265,-1,3308,-1,865,2154,2876,1572,915,1498,-1,939,1033,1062,1051,1,1,0,1,1,1,1,1,1,1,1,0,1,1,1,1
2026-07-03T19:43:02.327,tof1,4x4,lying,223,-1,229,-1,231,-1,171,162,-1,166,156,151,168,159,158,156,1,0,1,0,1,0,1,1,0,1,1,1,1,1,1,1
2026-07-03T19:43:02.398,tof2,4x4,lying,2968,3265,3318,3316,2139,867,2155,2896,1574,912,1498,-1,942,1035,1064,1051,1,1,1,1,1,1,1,1,1,1,1,0,1,1,1,1
2026-07-03T19:43:02.502,tof1,4x4,lying,224,229,228,-1,231,-1,171,162,-1,166,156,151,168,159,157,155,1,1,1,0,1,0,1,1,0,1,1,1,1,1,1,1
2026-07-03T19:43:02.600,tof2,4x4,lying,2977,3265,-1,3316,2142,865,-1,2896,1574,909,1460,-1,942,1033,1064,1051,1,1,1,1,1,1,0,1,1,1,1,1,1,1,1,1
2026-07-03T19:43:02.668,tof1,4x4,lying,-1,228,-1,-1,231,-1,171,162,-1,166,155,151,168,159,157,154,0,1,0,0,1,0,1,1,0,1,1,1,1,1,1,1
2026-07-03T19:43:02.766,tof2,4x4,lying,2968,3260,-1,3316,2142,865,2155,2896,1589,912,1454,-1,942,1030,1064,1051,1,1,1,1,1,1,1,1,1,1,1,0,1,1,1,1
2026-07-03T19:43:02.847,tof1,4x4,lying,-1,-1,-1,-1,231,-1,170,162,-1,166,155,151,167,159,157,154,0,0,0,0,1,0,1,1,0,1,1,1,1,1,1,1
2026-07-03T19:43:02.944,tof2,4x4,lying,2977,3260,-1,3305,2107,867,-1,2885,1611,916,1454,-1,935,1030,1064,1052,1,1,0,1,1,1,0,1,1,1,1,0,1,1,1,1
2026-07-03T19:43:03.013,tof1,4x4,lying,-1,229,-1,-1,231,-1,170,161,-1,165,155,151,167,159,157,154,0,1,0,0,1,0,1,1,0,1,1,1,1,1,1,1
2026-07-03T19:43:03.120,tof2,4x4,lying,2980,3255,-1,3305,2142,868,2161,2891,1574,913,1460,-1,935,1031,1064,1052,1,1,0,1,1,1,1,1,1,1,1,0,1,1,1,1
2026-07-03T19:43:03.176,tof1,4x4,lying,-1,229,-1,-1,231,-1,170,161,-1,164,155,150,167,159,157,154,0,1,0,0,1,0,1,1,0,1,1,1,1,1,1,1
2026-07-03T19:43:03.319,tof2,4x4,lying,2986,3254,-1,3305,2107,868,2161,2891,1611,913,1478,-1,935,1030,1064,1051,1,1,0,1,1,1,1,1,1,1,1,0,1,1,1,1
2026-07-03T19:43:03.346,tof1,4x4,lying,-1,229,-1,-1,231,-1,170,162,-1,164,155,151,167,159,157,154,0,1,0,0,1,0,1,1,0,1,1,1,1,1,1,1
2026-07-03T19:43:03.495,tof2,4x4,lying,2986,3255,-1,3309,2107,871,-1,2891,1631,916,1480,-1,927,1031,1061,1052,1,1,0,1,1,1,1,1,1,1,1,0,1,1,1,1
2026-07-03T19:43:03.514,tof1,4x4,lying,-1,229,-1,-1,230,-1,170,162,-1,164,155,150,167,158,157,154,0,1,0,0,1,0,1,1,0,1,1,1,1,1,1,1
2026-07-03T19:43:03.656,tof2,4x4,lying,2986,3261,-1,3310,-1,874,2161,2901,1631,913,1485,-1,927,1032,1061,1051,1,1,0,1,0,1,1,1,1,1,1,1,1,1,1,1
2026-07-03T19:43:03.688,tof1,4x4,lying,-1,229,-1,-1,230,-1,170,162,-1,164,156,150,167,158,157,154,0,1,0,0,1,0,1,1,0,1,1,1,1,1,1,1
2026-07-03T19:43:03.827,tof2,4x4,lying,2986,3255,3318,3329,2133,875,2161,2901,1640,913,1567,-1,932,1031,1061,1051,1,1,1,1,1,1,1,1,1,1,1,0,1,1,1,1
2026-07-03T19:43:03.864,tof1,4x4,lying,-1,229,-1,-1,230,-1,170,162,-1,164,156,150,167,158,157,154,0,1,0,0,1,0,1,1,0,1,1,1,1,1,1,1
2026-07-03T19:43:03.991,tof2,4x4,lying,3010,3260,-1,3337,-1,875,2183,2901,1640,913,1567,-1,932,1034,-1,1052,1,1,0,1,1,1,1,1,1,1,1,1,1,1,1,1
2026-07-03T19:43:04.035,tof1,4x4,lying,223,228,227,217,230,-1,170,162,-1,164,155,150,167,158,157,154,1,1,1,1,1,0,1,1,0,1,1,1,1,1,1,1
2026-07-03T19:43:04.178,tof2,4x4,lying,2990,3260,-1,3337,-1,874,-1,2898,1612,917,-1,-1,927,1034,1061,1052,1,1,0,1,0,1,0,1,1,1,1,0,1,1,1,1
2026-07-03T19:43:04.213,tof1,4x4,lying,-1,227,-1,-1,231,-1,170,162,-1,164,155,150,167,158,157,154,0,1,0,0,1,0,1,1,0,1,1,1,1,1,1,1
2026-07-03T19:43:04.373,tof2,4x4,lying,2977,3250,-1,3320,-1,875,-1,2892,1612,913,1555,-1,932,1031,1064,1052,1,1,0,1,1,1,0,1,1,1,1,0,1,1,1,1
2026-07-03T19:43:04.403,tof1,4x4,lying,-1,227,-1,-1,231,-1,171,161,-1,164,156,151,167,158,155,154,0,1,0,1,1,0,1,1,0,1,1,1,1,1,1,1
2026-07-03T19:43:04.576,tof2,4x4,lying,-1,3250,-1,3320,-1,875,2156,2876,1634,913,1533,-1,939,1031,1066,1053,0,1,1,1,0,1,1,1,1,1,1,0,1,1,1,1
2026-07-03T19:43:04.584,tof1,4x4,lying,-1,226,-1,-1,230,-1,171,161,-1,164,155,151,167,158,155,154,0,1,0,0,1,0,1,1,0,1,1,1,1,1,1,1
2026-07-03T19:43:04.881,tof2,4x4,lying,2990,3252,-1,3301,2133,-1,2156,2876,1612,913,1554,-1,939,1031,1064,1052,1,1,1,1,1,0,1,1,1,1,1,0,1,1,1,1
2026-07-03T19:43:04.910,tof1,4x4,lying,-1,226,-1,-1,231,-1,171,161,-1,164,155,150,167,158,155,154,0,1,0,0,1,0,1,1,0,1,1,1,1,1,1,1
2026-07-03T19:43:05.126,tof1,4x4,lying,-1,226,-1,-1,231,-1,171,161,-1,164,155,150,167,158,156,154,0,1,0,0,1,0,1,1,0,1,1,1,1,1,1,1
2026-07-03T19:43:05.127,tof2,4x4,lying,2995,3252,-1,3301,-1,859,-1,2886,1583,911,-1,-1,939,1031,1064,1052,1,1,0,1,1,1,0,1,1,1,1,0,1,1,1,1
2026-07-03T19:43:05.361,tof2,4x4,lying,-1,3257,-1,3297,2133,870,-1,2886,1583,911,1533,-1,944,1032,1064,1048,1,1,0,1,1,1,0,1,1,1,1,0,1,1,1,1
2026-07-03T19:43:05.478,tof1,4x4,lying,-1,226,-1,-1,231,-1,171,161,-1,164,155,150,167,158,156,154,0,1,0,0,1,0,1,1,0,1,1,1,1,1,1,1
2026-07-03T19:43:05.569,tof2,4x4,lying,2990,3257,-1,3297,2140,870,2166,2886,1583,913,1468,-1,939,1032,1061,1048,1,1,1,1,1,1,1,1,1,1,1,1,1,1,1,1
2026-07-03T19:43:05.677,tof1,4x4,lying,-1,227,-1,-1,231,-1,171,161,-1,164,155,150,167,158,156,154,0,1,0,0,1,0,1,1,0,1,1,1,1,1,1,1
2026-07-03T19:43:06.699,tof2,4x4,lying,2995,3257,-1,3301,-1,870,-1,2886,1579,913,1468,-1,939,1032,1061,1048,1,1,0,1,0,1,1,1,1,1,1,0,1,1,1,1
2026-07-03T19:43:06.702,tof1,4x4,lying,-1,227,-1,-1,231,-1,171,161,-1,165,155,150,168,158,157,154,0,1,0,0,1,0,1,1,0,1,1,1,1,1,1,1
2026-07-03T19:43:06.950,tof1,4x4,lying,223,226,-1,-1,231,-1,171,161,184,164,155,150,168,158,157,153,1,1,0,0,1,0,1,1,1,1,1,1,1,1,1,1
2026-07-03T19:43:07.119,tof2,4x4,lying,-1,3257,-1,3306,2133,870,-1,2896,1579,915,1513,-1,939,-1,1061,1049,0,1,1,1,1,1,0,1,1,1,1,1,1,1,1,1
2026-07-03T19:43:07.315,tof2,4x4,lying,3007,3257,-1,3310,2124,872,-1,2896,1579,917,1468,-1,940,1036,-1,1050,1,1,0,1,1,1,0,1,1,1,1,0,1,1,1,1
2026-07-03T19:43:07.333,tof1,4x4,lying,217,-1,-1,-1,231,-1,169,161,183,164,154,149,167,157,157,153,1,0,0,0,1,0,1,1,1,1,1,1,1,1,1,1
2026-07-03T19:43:07.743,tof1,4x4,lying,217,226,-1,-1,229,-1,163,158,175,159,150,145,161,154,152,150,1,1,0,0,1,0,1,1,1,1,1,1,1,1,1,1
2026-07-03T19:43:07.745,tof2,4x4,lying,-1,3254,-1,3321,2140,877,2156,2901,1588,915,1505,-1,934,1036,1061,1050,1,1,0,1,1,1,1,1,1,1,1,0,1,1,1,1
2026-07-03T19:43:08.124,tof1,4x4,lying,-1,-1,-1,-1,229,-1,163,158,175,159,150,145,161,153,152,150,0,0,0,0,1,0,1,1,1,1,1,1,1,1,1,1
2026-07-03T19:43:08.132,tof2,4x4,lying,3007,3254,3318,3329,2124,880,-1,2901,1588,915,1513,-1,939,1036,1061,1050,1,1,1,1,1,1,0,1,1,1,1,0,1,1,1,1
2026-07-03T19:43:08.345,tof1,4x4,lying,-1,225,-1,-1,-1,-1,163,158,175,159,150,145,161,153,152,150,0,1,0,0,0,0,1,1,1,1,1,1,1,1,1,1
2026-07-03T19:43:08.485,tof2,4x4,lying,2967,3254,-1,3338,2113,880,-1,2901,1588,917,1512,-1,939,1038,1061,1051,1,1,0,1,1,1,1,1,1,1,1,0,1,1,1,1
2026-07-03T19:43:08.570,tof1,4x4,lying,217,225,-1,214,230,-1,163,158,175,161,151,146,161,153,153,150,1,1,0,1,1,0,1,1,1,1,1,1,1,1,1,1
2026-07-03T19:43:08.651,tof2,4x4,lying,-1,3254,-1,3340,-1,880,-1,2908,1598,914,1512,-1,937,1038,-1,1052,0,1,0,1,0,1,1,1,1,1,1,1,1,1,1,1
2026-07-03T19:43:08.735,tof1,4x4,lying,-1,225,-1,-1,230,-1,167,158,175,161,151,147,163,153,153,151,0,1,0,0,1,0,1,1,1,1,1,1,1,1,1,1
2026-07-03T19:43:08.805,tof2,4x4,lying,2997,3257,3318,3340,-1,880,2156,2904,1598,914,1512,-1,934,1032,-1,1052,1,1,1,1,1,1,1,1,1,1,1,0,1,1,1,1
2026-07-03T19:43:08.893,tof1,4x4,lying,217,225,-1,-1,230,-1,167,158,-1,161,152,147,163,155,153,151,1,1,0,0,1,0,1,1,0,1,1,1,1,1,1,1
2026-07-03T19:43:08.967,tof2,4x4,lying,2997,3261,3319,3340,2099,880,2166,2908,1597,914,1512,-1,934,1031,1066,1057,1,1,1,1,1,1,1,1,1,1,1,0,1,1,1,1
2026-07-03T19:43:09.055,tof1,4x4,lying,220,225,-1,-1,230,-1,167,158,-1,161,152,147,163,155,153,151,1,1,0,0,1,0,1,1,0,1,1,1,1,1,1,1
2026-07-03T19:43:09.133,tof2,4x4,lying,2997,3261,-1,3324,2092,879,-1,2904,1559,914,1453,-1,934,1031,1063,1052,1,1,1,1,1,1,1,1,1,1,1,1,1,1,1,1
2026-07-03T19:43:09.218,tof1,4x4,lying,-1,225,-1,-1,-1,-1,167,159,-1,161,152,148,163,155,154,151,0,1,0,0,0,0,1,1,0,1,1,1,1,1,1,1
2026-07-03T19:43:09.331,tof2,4x4,lying,3023,3258,-1,3323,-1,878,2181,2904,1597,914,1453,-1,933,1031,1063,1052,1,1,0,1,1,1,1,1,1,1,1,0,1,1,1,1
2026-07-03T19:43:09.389,tof1,4x4,lying,222,225,-1,-1,229,-1,166,159,-1,162,152,148,164,155,154,151,1,1,0,0,1,0,1,1,0,1,1,1,1,1,1,1
2026-07-03T19:43:09.484,tof2,4x4,lying,3023,3257,-1,3319,2092,878,2181,2893,1548,914,1453,-1,933,1031,1064,1053,1,1,0,1,1,1,1,1,1,1,1,0,1,1,1,1
2026-07-03T19:43:09.573,tof1,4x4,lying,-1,225,-1,-1,229,-1,166,160,-1,162,152,148,164,155,154,151,1,1,0,0,1,0,1,1,0,1,1,1,1,1,1,1
2026-07-03T19:43:09.657,tof2,4x4,lying,3023,3258,-1,3319,-1,875,2181,2893,1597,914,1505,-1,933,1028,-1,-1,1,1,0,1,1,1,1,1,1,1,1,1,1,1,1,1
2026-07-03T19:43:09.728,tof1,4x4,lying,222,225,-1,-1,229,-1,166,160,-1,162,152,148,164,155,154,151,1,1,0,0,1,0,1,1,0,1,1,1,1,1,1,1
2026-07-03T19:43:09.828,tof2,4x4,lying,2991,3258,-1,3319,2099,878,2181,2888,-1,914,1505,-1,934,1035,1066,1053,1,1,0,1,1,1,1,1,1,1,1,1,1,1,1,1
2026-07-03T19:43:09.905,tof1,4x4,lying,222,226,-1,-1,230,-1,166,160,-1,162,152,148,164,155,154,151,1,1,0,0,1,0,1,1,0,1,1,1,1,1,1,1
2026-07-03T19:43:09.998,tof2,4x4,lying,2988,3253,-1,3307,2112,878,2169,2893,1629,914,-1,-1,933,1035,1064,1051,1,1,1,1,1,1,1,1,1,1,1,0,1,1,1,1
2026-07-03T19:43:10.076,tof1,4x4,lying,222,226,-1,-1,-1,-1,166,159,-1,161,152,148,164,155,154,151,1,1,0,0,0,0,1,1,0,1,1,1,1,1,1,1
2026-07-03T19:43:10.174,tof2,4x4,lying,2988,3259,-1,3307,-1,889,2154,2894,1629,914,1505,-1,933,1035,-1,1050,1,1,0,1,0,1,1,1,1,1,1,0,1,1,1,1
2026-07-03T19:43:10.236,tof1,4x4,lying,-1,226,-1,-1,230,-1,166,159,-1,161,152,148,164,155,154,151,0,1,0,0,1,0,1,1,0,1,1,1,1,1,1,1
2026-07-03T19:43:10.332,tof2,4x4,lying,-1,3269,-1,3307,-1,889,-1,2894,1579,914,1505,-1,932,1028,1064,1046,0,1,0,1,0,1,1,1,1,1,1,0,1,1,1,1
2026-07-03T19:43:10.389,tof1,4x4,lying,222,224,-1,-1,230,-1,167,159,-1,161,152,148,164,155,154,151,1,1,0,0,1,0,1,1,0,1,1,1,1,1,1,1
2026-07-03T19:43:10.495,tof2,4x4,lying,2991,3259,-1,3309,-1,889,2169,2894,1629,914,-1,1354,932,1026,-1,1046,1,1,0,1,1,1,1,1,1,1,1,1,1,1,1,1
2026-07-03T19:43:10.584,tof1,4x4,lying,219,224,-1,-1,230,-1,167,159,175,161,151,148,163,155,154,151,1,1,0,0,1,0,1,1,1,1,1,1,1,1,1,1
2026-07-03T19:43:10.656,tof2,4x4,lying,3001,3254,-1,3309,2118,886,2157,2894,1612,914,1505,-1,932,1023,-1,1047,1,1,0,1,1,1,1,1,1,1,1,0,1,1,1,1
2026-07-03T19:43:10.741,tof1,4x4,lying,-1,224,-1,-1,229,-1,167,159,-1,161,152,148,163,155,154,151,0,1,0,1,1,0,1,1,0,1,1,1,1,1,1,1
2026-07-03T19:43:10.815,tof2,4x4,lying,3012,3254,-1,3324,-1,886,2138,2896,1612,910,1487,-1,932,1022,-1,1047,1,1,0,1,0,1,1,1,1,1,1,0,1,1,1,1
2026-07-03T19:43:10.921,tof1,4x4,lying,-1,224,-1,-1,229,-1,167,159,-1,161,152,148,163,155,154,151,0,1,0,0,1,0,1,1,0,1,1,1,1,1,1,1
2026-07-03T19:43:11.005,tof2,4x4,lying,3012,3251,-1,3324,2124,886,-1,2896,1612,899,1487,-1,933,1007,1066,1047,1,1,0,1,1,1,1,1,1,1,1,1,1,1,1,1
2026-07-03T19:43:11.095,tof1,4x4,lying,-1,224,-1,-1,228,-1,167,159,-1,162,152,149,163,155,155,153,1,1,0,0,1,0,1,1,0,1,1,1,1,1,1,1
2026-07-03T19:43:11.163,tof2,4x4,lying,3008,3251,-1,3324,2146,886,-1,2899,1612,856,1463,-1,933,957,1071,1047,1,1,0,1,1,1,0,1,1,1,1,1,1,1,1,1
2026-07-03T19:43:11.253,tof1,4x4,lying,-1,-1,-1,-1,-1,-1,169,162,-1,163,155,149,165,157,155,154,0,0,0,0,0,0,1,1,0,1,1,1,1,1,1,1
2026-07-03T19:43:11.337,tof2,4x4,lying,3008,3253,-1,3324,-1,1336,2157,2899,1583,826,1463,-1,932,835,1071,1047,1,1,0,1,1,1,1,1,1,1,1,0,1,1,1,1
2026-07-03T19:43:11.417,tof1,4x4,lying,-1,225,-1,-1,229,-1,172,164,-1,165,155,151,167,157,157,156,0,1,0,0,1,0,1,1,0,1,1,1,1,1,1,1
2026-07-03T19:43:11.499,tof2,4x4,lying,3008,3252,-1,3331,2146,1336,-1,2899,-1,823,1430,-1,932,827,1082,1046,1,1,0,1,1,1,1,1,1,1,1,0,1,1,1,1
2026-07-03T19:43:11.628,tof1,4x4,lying,-1,225,-1,-1,229,-1,172,164,-1,166,155,151,167,157,157,156,0,1,0,0,1,0,1,1,0,1,1,1,1,1,1,1
2026-07-03T19:43:11.717,tof2,4x4,lying,2953,3253,-1,3316,2146,1336,2196,2899,1583,823,1463,-1,933,820,1087,1046,1,1,0,1,1,1,1,1,1,1,1,0,1,1,1,1
2026-07-03T19:43:11.819,tof1,4x4,lying,-1,-1,-1,-1,-1,-1,172,165,-1,166,155,153,168,158,158,156,0,0,0,0,0,0,1,1,0,1,1,1,1,1,1,1
2026-07-03T19:43:11.891,tof2,4x4,lying,-1,3253,-1,3316,2095,1326,2171,2902,1583,823,1459,-1,932,820,1108,1046,0,1,0,1,1,1,1,1,1,1,1,0,1,1,1,1
2026-07-03T19:43:11.981,tof1,4x4,lying,-1,-1,-1,-1,231,-1,172,165,-1,166,155,153,167,158,158,156,0,0,0,0,1,0,1,1,0,1,1,1,1,1,1,1
2026-07-03T19:43:12.047,tof2,4x4,lying,-1,3262,-1,3293,2095,1326,-1,2902,-1,858,1459,-1,930,820,1108,1046,0,1,0,1,1,1,1,1,1,1,1,0,1,1,1,1
2026-07-03T19:43:12.130,tof1,4x4,lying,219,226,227,-1,231,-1,172,165,-1,166,157,152,168,160,158,156,1,1,1,0,1,0,1,1,0,1,1,1,1,1,1,1
2026-07-03T19:43:12.202,tof2,4x4,lying,2953,3262,-1,3293,2095,1326,2171,2904,1583,-1,-1,-1,930,827,-1,1044,1,1,1,1,1,1,1,1,1,1,1,0,1,1,1,1
2026-07-03T19:43:12.284,tof1,4x4,lying,-1,228,-1,-1,232,-1,173,165,-1,166,157,153,167,160,158,156,0,1,0,0,1,0,1,1,1,1,1,1,1,1,1,1
2026-07-03T19:43:12.362,tof2,4x4,lying,-1,3262,-1,3293,2113,1331,-1,2904,1590,-1,1459,-1,930,908,1108,1044,0,1,0,1,1,1,0,1,1,0,1,0,1,1,1,1
2026-07-03T19:43:12.455,tof1,4x4,lying,-1,-1,-1,-1,-1,-1,173,165,-1,166,158,154,168,160,159,158,0,0,0,0,0,0,1,1,0,1,1,1,1,1,1,1
2026-07-03T19:43:12.529,tof2,4x4,lying,-1,3262,-1,3313,-1,1363,2171,2904,1590,936,1483,-1,930,914,1106,1044,1,1,1,1,0,1,1,1,1,1,1,1,1,1,1,1
2026-07-03T19:43:12.631,tof1,4x4,lying,-1,-1,-1,-1,-1,-1,173,165,-1,166,158,154,168,160,159,158,0,0,0,1,0,0,1,1,0,1,1,1,1,1,1,1
2026-07-03T19:43:12.686,tof2,4x4,lying,2985,3262,-1,3317,-1,1364,-1,2895,1604,-1,-1,-1,928,930,-1,1049,1,1,0,1,1,1,0,1,1,1,1,0,1,1,1,1
2026-07-03T19:43:12.796,tof1,4x4,lying,-1,-1,-1,-1,-1,-1,176,166,-1,166,160,155,168,160,160,159,0,0,0,0,0,0,1,1,0,1,1,1,1,1,1,1
2026-07-03T19:43:12.865,tof2,4x4,lying,3007,3252,-1,3328,2131,1364,2171,2895,1604,-1,1483,-1,928,944,-1,1049,1,1,1,1,1,1,1,1,1,0,1,0,1,1,1,1
2026-07-03T19:43:12.968,tof1,4x4,lying,-1,-1,-1,-1,-1,-1,177,169,-1,170,160,157,173,162,163,162,0,0,0,0,0,0,1,1,0,1,1,1,1,1,1,1
2026-07-03T19:43:13.065,tof2,4x4,lying,2989,3268,-1,3328,2131,1364,2165,2895,1604,1234,1483,-1,928,947,1081,1049,1,1,0,1,1,1,1,1,1,1,1,0,1,1,1,1
2026-07-03T19:43:13.135,tof1,4x4,lying,-1,-1,-1,-1,-1,-1,177,169,-1,172,162,158,173,163,165,163,0,0,0,0,0,0,1,1,0,1,1,1,1,1,1,1
2026-07-03T19:43:13.236,tof2,4x4,lying,2989,3268,-1,3328,2141,1385,-1,2910,1574,1313,-1,-1,928,948,1068,1049,1,1,1,1,1,1,1,1,1,1,1,0,1,1,1,1
2026-07-03T19:43:13.312,tof1,4x4,lying,-1,-1,-1,-1,-1,-1,178,170,-1,173,162,159,173,165,165,163,0,0,0,0,0,0,1,1,0,1,1,1,1,1,1,1
2026-07-03T19:43:13.386,tof2,4x4,lying,2989,3249,-1,3328,2159,1404,-1,2910,1604,1313,-1,-1,928,951,1066,1049,1,1,0,1,1,1,0,1,1,1,1,0,1,1,1,1
2026-07-03T19:43:13.471,tof1,4x4,lying,-1,-1,-1,-1,-1,-1,178,170,-1,173,163,161,173,165,165,163,0,0,0,0,0,0,1,1,0,1,1,1,1,1,1,1
2026-07-03T19:43:13.571,tof2,4x4,lying,2992,3249,3319,3328,2159,1385,2162,2910,1536,1293,-1,-1,931,951,1068,1049,1,1,1,1,1,1,1,1,1,1,1,0,1,1,1,1
2026-07-03T19:43:13.687,tof1,4x4,lying,-1,-1,-1,-1,-1,-1,178,170,-1,173,163,161,174,165,165,164,0,0,0,0,0,0,1,1,0,1,1,1,1,1,1,1
2026-07-03T19:43:13.762,tof2,4x4,lying,2992,3252,3318,3330,2123,1385,2156,2896,1535,1283,-1,-1,931,954,-1,1049,1,1,1,1,1,1,1,1,1,1,1,1,1,1,1,1
2026-07-03T19:43:13.872,tof1,4x4,lying,-1,-1,-1,-1,-1,-1,178,170,-1,173,164,161,174,165,165,164,0,1,0,0,0,0,1,1,0,1,1,1,1,1,1,1
2026-07-03T19:43:13.923,tof2,4x4,lying,2994,3252,-1,3336,-1,1385,2153,2893,1509,1283,1494,-1,935,956,1068,1049,1,1,0,1,0,1,1,1,1,1,1,0,1,1,1,1
2026-07-03T19:43:14.033,tof1,4x4,lying,-1,-1,-1,-1,-1,-1,178,170,-1,173,163,161,174,165,165,164,0,0,0,0,0,0,1,1,0,1,1,1,1,1,1,1
2026-07-03T19:43:14.089,tof2,4x4,lying,-1,3257,-1,3336,-1,-1,-1,2893,1509,1283,1494,-1,935,956,1068,1052,0,1,0,1,0,1,1,1,1,1,1,1,1,1,1,1
2026-07-03T19:43:14.201,tof1,4x4,lying,-1,-1,-1,-1,232,-1,177,170,178,172,163,159,173,164,165,164,0,0,0,0,1,0,1,1,1,1,1,1,1,1,1,1
2026-07-03T19:43:14.269,tof2,4x4,lying,3013,3259,-1,3330,2159,1365,2153,2881,1509,1271,-1,-1,927,949,1068,1051,1,1,0,1,1,1,1,1,1,1,1,0,1,1,1,1
2026-07-03T19:43:14.387,tof1,4x4,lying,-1,226,-1,-1,-1,-1,176,167,178,171,162,159,173,162,164,161,0,1,0,0,0,0,1,1,1,1,1,1,1,1,1,1
2026-07-03T19:43:14.442,tof2,4x4,lying,3013,3259,3318,3319,2123,1365,2156,2889,-1,1258,1470,-1,927,952,-1,1051,1,1,1,1,1,1,1,1,1,1,1,0,1,1,1,1
2026-07-03T19:43:14.592,tof1,4x4,lying,-1,-1,-1,-1,-1,183,167,161,175,164,158,152,167,159,157,158,0,0,0,0,0,1,1,1,1,1,1,1,1,1,1,1
2026-07-03T19:43:14.607,tof2,4x4,lying,-1,3259,-1,3319,2123,1887,2142,2893,1553,-1,1470,-1,935,952,1069,1051,1,1,0,1,1,1,1,1,1,0,1,1,1,1,1,1
2026-07-03T19:43:14.750,tof1,4x4,lying,219,225,-1,-1,232,-1,166,158,174,162,153,148,164,158,157,156,1,1,0,0,1,0,1,1,1,1,1,1,1,1,1,1
2026-07-03T19:43:14.791,tof2,4x4,lying,3013,3261,-1,3306,2123,1886,-1,2889,-1,-1,1457,-1,935,948,1069,1051,1,1,0,1,1,1,0,1,1,1,1,1,1,1,1,1
2026-07-03T19:43:14.946,tof1,4x4,lying,-1,-1,-1,-1,-1,-1,159,154,169,155,148,146,159,153,155,155,0,0,0,0,0,0,1,1,1,1,1,1,1,1,1,1
2026-07-03T19:43:14.951,tof2,4x4,lying,3017,3261,-1,3306,2113,1915,-1,2889,1553,-1,-1,-1,935,948,-1,1049,1,1,0,1,1,1,1,1,1,1,1,0,1,1,1,1
2026-07-03T19:43:15.104,tof1,4x4,lying,219,225,-1,-1,230,-1,159,154,169,155,148,145,158,153,151,153,1,1,0,0,1,0,1,1,1,1,1,1,1,1,1,1
2026-07-03T19:43:15.143,tof2,4x4,lying,2993,3253,-1,3296,2113,1915,-1,2889,1553,-1,1441,-1,935,952,-1,1049,1,1,0,1,1,1,1,1,1,1,1,0,1,1,1,1
2026-07-03T19:43:15.285,tof1,4x4,lying,216,225,-1,-1,228,-1,159,154,169,155,148,145,158,152,151,148,1,1,0,0,1,0,1,1,1,1,1,1,1,1,1,1
2026-07-03T19:43:15.299,tof2,4x4,lying,2985,3261,3285,3296,-1,1908,2156,2903,1592,-1,1418,-1,934,955,1069,1048,1,1,1,1,1,1,1,1,1,1,1,0,1,1,1,1
2026-07-03T19:43:15.455,tof1,4x4,lying,216,225,-1,-1,-1,-1,162,157,170,156,149,145,158,151,151,148,1,1,0,0,0,0,1,1,1,1,1,1,1,1,1,1
2026-07-03T19:43:15.506,tof2,4x4,lying,2993,3261,3285,3318,-1,1886,2156,2881,1592,1258,-1,-1,930,949,1070,1049,1,1,1,1,1,1,1,1,1,1,1,0,1,1,1,1
2026-07-03T19:43:15.624,tof1,4x4,lying,216,225,-1,-1,228,-1,163,157,171,156,150,146,158,151,150,148,1,1,0,0,1,0,1,1,1,1,1,1,1,1,1,1
2026-07-03T19:43:15.689,tof2,4x4,lying,2985,3256,-1,3318,2142,1401,2158,2887,1566,1258,1386,-1,929,951,1070,1050,1,1,0,1,1,1,1,1,1,1,1,1,1,1,1,1
2026-07-03T19:43:15.809,tof1,4x4,lying,-1,-1,-1,-1,-1,-1,163,157,171,156,150,146,158,151,150,148,0,0,0,0,0,0,1,1,1,1,1,1,1,1,1,1
2026-07-03T19:43:16.037,tof1,4x4,lying,216,-1,-1,-1,228,-1,163,157,171,156,149,146,158,151,150,148,1,0,0,0,1,0,1,1,1,1,1,1,1,1,1,1
2026-07-03T19:43:16.078,tof2,4x4,lying,2985,3256,-1,3318,2102,1376,2129,-1,1631,-1,-1,-1,930,951,1071,1050,1,1,0,1,1,1,1,1,1,1,1,0,1,1,1,1
2026-07-03T19:43:16.223,tof1,4x4,lying,-1,-1,-1,-1,228,-1,163,158,169,157,150,147,156,149,150,150,0,0,0,0,1,0,1,1,1,1,1,1,1,1,1,1
2026-07-03T19:43:16.252,tof2,4x4,lying,3002,3261,3281,3318,2122,1376,2177,2887,-1,-1,1386,-1,930,950,1070,1050,1,1,1,1,1,1,1,1,1,0,1,0,1,1,1,1
2026-07-03T19:43:16.389,tof1,4x4,lying,-1,-1,-1,-1,-1,-1,163,158,168,157,150,147,156,149,150,150,0,0,0,0,0,0,1,1,1,1,1,1,1,1,1,1
2026-07-03T19:43:16.441,tof2,4x4,lying,3002,3256,3281,3318,2126,1376,-1,2887,1656,-1,-1,-1,929,950,1071,1051,1,1,1,1,1,1,0,1,1,0,1,0,1,1,1,1
2026-07-03T19:43:16.587,tof1,4x4,lying,-1,225,-1,-1,228,-1,164,161,168,157,150,148,156,149,150,150,0,1,0,0,1,0,1,1,1,1,1,1,1,1,1,1
2026-07-03T19:43:16.635,tof2,4x4,lying,2968,3258,-1,3312,2122,1372,2177,2887,1631,1258,-1,-1,930,950,1071,1052,1,1,0,1,1,1,1,1,1,1,1,0,1,1,1,1
2026-07-03T19:43:16.790,tof1,4x4,lying,-1,225,-1,-1,229,-1,166,161,169,158,151,149,157,149,151,152,1,1,0,0,1,0,1,1,1,1,1,1,1,1,1,1
2026-07-03T19:43:16.845,tof2,4x4,lying,2997,3258,-1,3312,-1,-1,2177,2894,1590,-1,-1,1354,933,950,-1,1052,1,1,0,1,0,0,1,1,1,0,1,1,1,1,1,1
2026-07-03T19:43:16.970,tof1,4x4,lying,219,226,-1,-1,229,-1,168,162,170,159,152,149,158,151,152,153,1,1,0,0,1,0,1,1,1,1,1,1,1,1,1,1
2026-07-03T19:43:17.029,tof2,4x4,lying,2968,3255,-1,3312,-1,-1,-1,2894,1590,1269,-1,-1,933,950,-1,1052,1,1,0,1,1,1,1,1,1,1,1,0,1,1,1,1
2026-07-03T19:43:17.141,tof1,4x4,lying,-1,227,-1,-1,-1,-1,168,162,171,159,152,149,158,151,152,153,1,1,0,0,0,0,1,1,1,1,1,1,1,1,1,1
2026-07-03T19:43:17.186,tof2,4x4,lying,2968,3255,-1,3312,2122,1372,-1,2894,1590,-1,1386,-1,933,950,1071,1052,1,1,0,1,1,1,0,1,1,1,1,1,1,1,1,1
2026-07-03T19:43:17.299,tof1,4x4,lying,219,227,-1,-1,229,-1,169,162,172,159,154,150,158,152,152,153,1,1,0,0,1,0,1,1,1,1,1,1,1,1,1,1
2026-07-03T19:43:17.355,tof2,4x4,lying,2964,3255,-1,3308,-1,1387,-1,2894,1590,1269,-1,-1,933,950,-1,1050,1,1,0,1,0,1,0,1,1,1,1,0,1,1,1,1
2026-07-03T19:43:17.458,tof1,4x4,lying,-1,227,-1,-1,230,-1,169,163,172,159,154,150,158,152,152,153,0,1,0,0,1,0,1,1,1,1,1,1,1,1,1,1
2026-07-03T19:43:17.547,tof2,4x4,lying,2964,3255,-1,3308,2126,1366,-1,2883,1602,1269,-1,-1,933,950,-1,1050,1,1,1,1,1,1,0,1,1,1,1,0,1,1,1,1
2026-07-03T19:43:17.631,tof1,4x4,lying,218,227,-1,-1,229,-1,168,163,172,159,154,150,158,153,153,153,1,1,0,0,1,0,1,1,1,1,1,1,1,1,1,1
2026-07-03T19:43:17.714,tof2,4x4,lying,2964,3255,-1,3310,-1,1399,-1,2883,-1,-1,-1,-1,935,948,-1,1050,1,1,0,1,0,1,0,1,1,0,1,1,1,1,1,1
2026-07-03T19:43:17.788,tof1,4x4,lying,218,226,-1,-1,230,-1,169,163,173,159,154,150,158,153,153,153,1,1,0,0,1,0,1,1,1,1,1,1,1,1,1,1
2026-07-03T19:43:17.878,tof2,4x4,lying,2947,3261,-1,3310,-1,1399,2141,2904,1602,-1,-1,-1,927,948,1071,1050,1,1,0,1,1,1,1,1,1,0,1,0,1,1,1,1
2026-07-03T19:43:17.966,tof1,4x4,lying,-1,-1,-1,-1,230,-1,169,164,173,159,154,150,160,153,154,154,0,0,0,0,1,0,1,1,1,1,1,1,1,1,1,1
2026-07-03T19:43:18.040,tof2,4x4,lying,2947,3261,3316,3310,-1,1387,-1,2914,1602,-1,1455,-1,927,945,1075,1050,1,1,1,1,1,1,0,1,1,0,1,0,1,1,1,1
2026-07-03T19:43:18.121,tof1,4x4,lying,-1,226,-1,-1,230,-1,169,164,175,161,154,150,160,153,154,153,0,1,0,0,1,0,1,1,1,1,1,1,1,1,1,1
2026-07-03T19:43:18.195,tof2,4x4,lying,2992,3261,-1,3320,2126,1380,2177,2914,1565,1261,1455,-1,927,944,1073,1050,1,1,0,1,1,1,1,1,1,1,1,0,1,1,1,1
2026-07-03T19:43:18.302,tof1,4x4,lying,220,-1,-1,-1,230,-1,169,164,175,161,154,152,161,154,155,154,1,0,0,0,1,0,1,1,1,1,1,1,1,1,1,1
2026-07-03T19:43:18.371,tof2,4x4,lying,3019,3261,-1,3310,2128,-1,2163,2914,1565,1261,1456,-1,927,944,1073,1051,1,1,1,1,1,1,1,1,1,1,1,0,1,1,1,1
2026-07-03T19:43:18.472,tof1,4x4,lying,-1,-1,-1,-1,-1,-1,170,164,175,164,157,153,161,156,155,154,0,0,0,1,0,0,1,1,1,1,1,1,1,1,1,1
2026-07-03T19:43:18.573,tof2,4x4,lying,3026,3261,3328,3291,2128,1387,2163,2890,1565,-1,1456,-1,927,949,-1,1050,1,1,1,1,1,1,1,1,1,1,1,0,1,1,1,1
2026-07-03T19:43:18.630,tof1,4x4,lying,-1,226,-1,-1,230,-1,171,165,176,164,157,153,162,156,155,155,0,1,0,0,1,0,1,1,1,1,1,1,1,1,1,1
2026-07-03T19:43:18.742,tof2,4x4,lying,3026,3257,-1,3291,2126,1380,-1,2886,1565,-1,-1,-1,925,947,-1,1050,1,1,1,1,1,1,1,1,1,0,1,1,1,1,1,1
2026-07-03T19:43:18.825,tof1,4x4,lying,-1,226,-1,-1,231,-1,172,166,177,164,156,154,163,156,156,156,0,1,0,0,1,0,1,1,1,1,1,1,1,1,1,1
2026-07-03T19:43:18.924,tof2,4x4,lying,3028,3257,-1,3289,2128,1357,2165,2885,1597,-1,-1,-1,928,949,1071,1051,1,1,0,1,1,1,1,1,1,0,1,0,1,1,1,1
2026-07-03T19:43:18.993,tof1,4x4,lying,-1,-1,-1,-1,231,-1,172,166,178,164,158,154,163,156,156,156,1,0,0,0,1,0,1,1,1,1,1,1,1,1,1,1
2026-07-03T19:43:19.090,tof2,4x4,lying,-1,3257,-1,3287,2124,1361,2165,2885,1613,1261,-1,-1,928,951,1072,1051,1,1,0,1,1,1,1,1,1,1,1,0,1,1,1,1
2026-07-03T19:43:19.518,tof1,4x4,lying,-1,-1,-1,-1,-1,-1,173,166,178,164,157,154,163,156,156,156,0,0,0,0,0,0,1,1,1,1,1,1,1,1,1,1
2026-07-03T19:43:19.520,tof2,4x4,lying,3033,3257,-1,3287,-1,1351,-1,2883,1597,1270,-1,-1,928,949,1062,1051,1,1,0,1,0,1,1,1,1,1,1,0,1,1,1,1
2026-07-03T19:43:19.676,tof1,4x4,lying,-1,-1,-1,-1,231,-1,172,166,178,164,157,154,163,156,156,157,0,0,0,0,1,0,1,1,1,1,1,1,1,1,1,1
2026-07-03T19:43:19.722,tof2,4x4,lying,-1,3257,-1,3289,2124,1351,-1,2853,1597,1270,1473,-1,928,-1,-1,1053,0,1,0,1,1,1,1,1,1,1,1,0,1,1,1,1
2026-07-03T19:43:19.833,tof1,4x4,lying,-1,-1,-1,-1,-1,-1,173,166,178,164,157,155,163,156,156,157,0,0,0,0,0,0,1,1,1,1,1,1,1,1,1,1
2026-07-03T19:43:19.883,tof2,4x4,lying,-1,3264,-1,3289,2128,-1,-1,2847,1634,-1,1473,-1,928,949,1057,1053,1,1,0,1,1,1,1,1,1,0,1,0,1,1,1,1
2026-07-03T19:43:19.996,tof1,4x4,lying,-1,-1,-1,-1,-1,-1,173,167,179,164,158,155,164,157,156,157,0,0,0,0,0,0,1,1,1,1,1,1,1,1,1,1
2026-07-03T19:43:20.041,tof2,4x4,lying,3033,3264,-1,3289,2141,1361,-1,2834,-1,1317,1490,1346,926,955,-1,1051,1,1,0,1,1,1,0,1,1,1,1,1,1,1,1,1
2026-07-03T19:43:20.153,tof1,4x4,lying,-1,-1,-1,-1,-1,-1,173,168,179,165,158,155,164,158,157,158,0,0,0,0,0,0,1,1,1,1,1,1,1,1,1,1
2026-07-03T19:43:20.231,tof2,4x4,lying,3033,3261,-1,3308,-1,1361,2163,2847,1579,-1,-1,-1,925,955,1057,1056,1,1,1,1,1,1,1,1,1,1,1,0,1,1,1,1
2026-07-03T19:43:20.321,tof1,4x4,lying,-1,-1,-1,-1,-1,-1,173,167,179,165,158,156,164,159,157,158,1,0,0,0,0,0,1,1,1,1,1,1,1,1,1,1
2026-07-03T19:43:20.414,tof2,4x4,lying,-1,3257,-1,3303,2141,1889,2141,2847,1551,-1,1483,-1,925,952,-1,1056,1,1,0,1,1,1,1,1,1,1,1,1,1,1,1,1
2026-07-03T19:43:20.525,tof1,4x4,lying,-1,228,227,-1,231,-1,173,167,179,165,158,156,164,159,157,158,0,1,1,0,1,0,1,1,1,1,1,1,1,1,1,1
2026-07-03T19:43:20.583,tof2,4x4,lying,3033,3261,3328,3303,2141,1889,-1,2847,1579,-1,1483,-1,925,954,1057,1056,1,1,1,1,1,1,1,1,1,0,1,0,1,1,1,1
2026-07-03T19:43:20.691,tof1,4x4,lying,-1,229,-1,-1,232,-1,173,167,179,165,158,156,163,158,157,158,0,1,0,0,1,0,1,1,1,1,1,1,1,1,1,1
2026-07-03T19:43:20.766,tof2,4x4,lying,3033,3261,-1,3300,2092,1875,2140,2839,1590,1310,-1,-1,930,952,1057,1050,1,1,1,1,1,1,1,1,1,1,1,0,1,1,1,1
2026-07-03T19:43:20.853,tof1,4x4,lying,-1,230,-1,-1,231,-1,174,167,179,166,158,156,163,157,157,158,0,1,0,0,1,0,1,1,1,1,1,1,1,1,1,1
2026-07-03T19:43:20.953,tof2,4x4,lying,3015,3252,-1,3303,-1,1875,-1,2839,1551,-1,-1,-1,932,952,-1,1053,1,1,0,1,1,1,1,1,1,1,1,0,1,1,1,1
2026-07-03T19:43:21.031,tof1,4x4,lying,-1,-1,-1,-1,-1,-1,174,167,179,165,157,156,164,157,158,158,0,0,0,0,0,0,1,1,1,1,1,1,1,1,1,1
2026-07-03T19:43:21.100,tof2,4x4,lying,-1,3252,-1,3303,-1,-1,-1,2833,1590,1284,1461,-1,932,953,1058,1046,1,1,1,1,0,1,0,1,1,1,1,0,1,1,1,1
2026-07-03T19:43:21.194,tof1,4x4,lying,-1,-1,-1,-1,-1,-1,175,167,179,165,157,155,163,157,158,157,0,0,0,0,0,0,1,1,1,1,1,1,1,1,1,1
2026-07-03T19:43:21.282,tof2,4x4,lying,2972,3261,-1,3313,-1,1875,2129,2825,1595,-1,1483,-1,935,953,-1,1046,1,1,0,1,1,1,1,1,1,0,1,0,1,1,1,1
2026-07-03T19:43:21.368,tof1,4x4,lying,-1,-1,-1,-1,-1,-1,175,167,179,165,159,155,165,157,158,157,0,0,0,0,0,0,1,1,1,1,1,1,1,1,1,1
2026-07-03T19:43:21.448,tof2,4x4,lying,2972,3252,-1,3323,2082,1411,2140,2813,-1,-1,1483,-1,938,952,1059,1051,1,1,0,1,1,1,1,1,1,1,1,0,1,1,1,1
2026-07-03T19:43:21.523,tof1,4x4,lying,-1,-1,-1,-1,-1,-1,175,167,179,166,159,155,165,157,157,156,0,0,0,0,0,0,1,1,1,1,1,1,1,1,1,1
2026-07-03T19:43:21.664,tof2,4x4,lying,2975,3252,-1,3323,2082,1411,2140,2812,-1,1284,1470,-1,938,952,1063,1051,1,1,1,1,1,1,1,1,1,1,1,0,1,1,1,1
2026-07-03T19:43:21.692,tof1,4x4,lying,-1,-1,-1,-1,-1,-1,175,167,179,166,159,155,165,157,157,157,0,0,0,0,0,0,1,1,1,1,1,1,1,1,1,1
2026-07-03T19:43:21.870,tof2,4x4,lying,2975,3252,-1,3330,2072,1375,2140,2813,1624,1302,1470,-1,927,952,1065,1041,1,1,0,1,1,1,1,1,1,1,1,0,1,1,1,1
2026-07-03T19:43:21.877,tof1,4x4,lying,-1,-1,-1,-1,-1,-1,175,167,179,166,159,155,164,157,157,156,0,0,1,0,0,0,1,1,1,1,1,1,1,1,1,1
2026-07-03T19:43:22.067,tof2,4x4,lying,-1,3261,-1,3313,2072,1375,2145,2809,-1,1284,-1,-1,927,947,1068,1051,0,1,0,1,1,1,1,1,1,1,1,0,1,1,1,1
2026-07-03T19:43:22.119,tof1,4x4,lying,-1,-1,-1,-1,-1,-1,175,168,179,166,159,154,165,157,157,157,0,0,0,0,0,0,1,1,1,1,1,1,1,1,1,1
2026-07-03T19:43:22.257,tof2,4x4,lying,2975,3263,-1,3289,-1,1375,2174,2813,1624,-1,1487,-1,927,952,1068,1052,1,1,0,1,1,1,1,1,1,0,1,0,1,1,1,1
2026-07-03T19:43:22.309,tof1,4x4,lying,-1,-1,-1,-1,-1,-1,174,167,179,164,158,155,164,157,156,157,0,0,0,0,0,0,1,1,1,1,1,1,1,1,1,1
2026-07-03T19:43:22.426,tof2,4x4,lying,-1,3263,-1,3289,-1,1378,-1,2805,1624,1258,-1,-1,927,959,1068,1052,1,1,0,1,0,1,1,1,1,1,1,0,1,1,1,1
2026-07-03T19:43:22.477,tof1,4x4,lying,-1,-1,-1,-1,-1,-1,174,167,179,164,158,155,164,157,156,158,0,0,0,1,0,0,1,1,1,1,1,1,1,1,1,1
2026-07-03T19:43:22.595,tof2,4x4,lying,2997,3252,-1,3292,2104,1378,-1,2817,1644,-1,-1,-1,929,960,1068,1052,1,1,0,1,1,1,0,1,1,0,1,0,1,1,1,1
2026-07-03T19:43:22.677,tof1,4x4,lying,-1,230,-1,-1,231,-1,174,167,179,164,158,155,163,157,155,157,0,1,0,0,1,0,1,1,1,1,1,1,1,1,1,1
2026-07-03T19:43:22.770,tof2,4x4,lying,-1,3263,-1,3292,-1,1832,2174,2827,-1,1258,-1,-1,929,960,1068,1053,1,1,1,1,1,1,1,1,1,1,1,0,1,1,1,1
2026-07-03T19:43:22.840,tof1,4x4,lying,-1,-1,-1,-1,-1,-1,174,167,179,165,157,155,163,157,155,157,0,0,0,0,0,0,1,1,1,1,1,1,1,1,1,1
2026-07-03T19:43:22.940,tof2,4x4,lying,2997,3255,-1,3296,2117,1832,-1,2827,1644,1264,-1,-1,933,960,1069,1052,1,1,1,1,1,1,1,1,1,1,1,0,1,1,1,1
2026-07-03T19:43:23.010,tof1,4x4,lying,-1,-1,-1,-1,-1,-1,174,167,179,165,158,156,163,157,156,156,0,0,0,0,0,0,1,1,1,1,1,1,1,1,1,1
2026-07-03T19:43:23.126,tof2,4x4,lying,3000,3255,-1,3302,2117,-1,2154,2824,1626,-1,1470,-1,934,957,1070,1051,1,1,0,1,1,0,1,1,1,0,1,0,1,1,1,1
2026-07-03T19:43:23.217,tof1,4x4,lying,-1,-1,-1,-1,-1,-1,174,167,180,165,157,156,163,157,155,156,0,0,0,0,0,0,1,1,1,1,1,1,1,1,1,1
2026-07-03T19:43:23.309,tof2,4x4,lying,2999,3255,-1,3305,2126,-1,-1,2827,1623,1241,-1,-1,934,957,1070,1051,1,1,0,1,1,1,0,1,1,1,1,0,1,1,1,1
2026-07-03T19:43:23.405,tof1,4x4,lying,-1,-1,-1,-1,-1,-1,174,167,178,165,158,156,164,157,156,156,0,0,0,0,0,0,1,1,1,1,1,1,1,1,1,1
2026-07-03T19:43:23.508,tof2,4x4,lying,3020,3264,-1,3305,2141,1872,-1,2834,1586,1261,1470,-1,934,956,-1,1051,1,1,0,1,1,1,1,1,1,1,1,1,1,1,1,1
2026-07-03T19:43:23.619,tof1,4x4,lying,-1,-1,-1,-1,-1,-1,174,168,180,165,158,156,164,158,156,156,0,0,0,0,0,0,1,1,1,1,1,1,1,1,1,1
2026-07-03T19:43:23.691,tof2,4x4,lying,3020,3259,-1,3305,-1,1872,-1,2824,1561,1264,1500,1346,934,950,1070,1040,1,1,1,1,0,1,0,1,1,1,1,1,1,1,1,1
2026-07-03T19:43:23.788,tof1,4x4,lying,-1,-1,-1,-1,-1,-1,174,168,180,165,158,156,164,158,157,156,0,0,0,0,0,0,1,1,1,1,1,1,1,1,1,1
2026-07-03T19:43:23.894,tof2,4x4,lying,2999,3262,-1,3310,2126,1925,2166,2824,-1,1286,1500,-1,931,950,-1,1040,1,1,0,1,1,1,1,1,1,1,1,0,1,1,1,1
2026-07-03T19:43:23.980,tof1,4x4,lying,-1,-1,-1,-1,-1,-1,174,168,179,165,158,156,163,157,157,157,0,0,0,0,0,0,1,1,1,1,1,1,1,1,1,1
2026-07-03T19:43:24.069,tof2,4x4,lying,2999,3262,-1,3322,2135,-1,-1,2824,1561,1261,1500,-1,928,950,-1,1051,1,1,0,1,1,1,0,1,1,1,1,1,1,1,1,1
2026-07-03T19:43:24.145,tof1,4x4,lying,-1,-1,-1,-1,-1,-1,175,168,179,165,159,156,164,158,157,157,0,0,0,0,0,0,1,1,1,1,1,1,1,1,1,1
2026-07-03T19:43:24.240,tof2,4x4,lying,3016,3262,-1,3293,2135,1925,2166,2824,-1,-1,1500,-1,928,950,1064,1051,1,1,0,1,1,1,1,1,1,1,1,1,1,1,1,1
2026-07-03T19:43:24.315,tof1,4x4,lying,-1,-1,-1,-1,-1,-1,175,168,180,165,159,156,165,157,157,157,0,0,0,0,0,0,1,1,1,1,1,1,1,1,1,1
2026-07-03T19:43:24.417,tof2,4x4,lying,-1,3259,-1,3303,-1,1386,2166,2823,1577,1285,-1,-1,928,949,1061,1051,0,1,1,1,0,1,1,1,1,1,1,0,1,1,1,1
2026-07-03T19:43:24.479,tof1,4x4,lying,-1,-1,-1,-1,-1,-1,175,168,179,165,158,156,165,157,157,157,1,0,0,0,0,0,1,1,1,1,1,1,1,1,1,1
2026-07-03T19:43:24.579,tof2,4x4,lying,-1,3262,3328,3319,2135,-1,2166,2824,1577,1285,-1,-1,931,951,1061,1051,0,1,1,1,1,0,1,1,1,1,1,0,1,1,1,1
2026-07-03T19:43:24.645,tof1,4x4,lying,-1,-1,-1,-1,-1,-1,175,168,180,165,158,156,165,157,157,157,0,0,0,0,0,0,1,1,1,1,1,1,1,1,1,1
2026-07-03T19:43:24.743,tof2,4x4,lying,2998,3265,3316,3318,-1,-1,2175,2838,1607,-1,1494,-1,930,951,-1,-1,1,1,1,1,0,0,1,1,1,0,1,1,1,1,1,1
2026-07-03T19:43:24.811,tof1,4x4,lying,-1,230,228,-1,230,-1,176,168,180,165,158,155,165,157,157,157,0,1,1,1,1,0,1,1,1,1,1,1,1,1,1,1
2026-07-03T19:43:24.944,tof2,4x4,lying,2999,3256,-1,3312,2135,-1,2175,2838,1613,-1,1461,-1,930,949,-1,1051,1,1,1,1,1,0,1,1,1,1,1,1,1,1,1,1
2026-07-03T19:43:25.004,tof1,4x4,lying,-1,-1,-1,-1,231,-1,176,168,180,165,158,155,165,157,157,156,0,0,0,0,1,0,1,1,1,1,1,1,1,1,1,1
2026-07-03T19:43:25.118,tof2,4x4,lying,-1,3258,3316,3312,-1,-1,-1,2830,1614,-1,1461,-1,930,949,1061,1054,1,1,1,1,1,0,1,1,1,1,1,0,1,1,1,1
2026-07-03T19:43:25.167,tof1,4x4,lying,-1,230,-1,-1,231,-1,176,168,180,165,157,155,164,157,157,156,0,1,0,0,1,0,1,1,1,1,1,1,1,1,1,1
2026-07-03T19:43:25.272,tof2,4x4,lying,3013,3258,-1,3313,-1,-1,2173,2830,-1,-1,1461,-1,930,951,-1,1054,1,1,0,1,1,0,1,1,1,0,1,0,1,1,1,1
2026-07-03T19:43:25.354,tof1,4x4,lying,-1,-1,-1,-1,-1,-1,176,168,180,165,157,155,164,157,157,156,0,0,0,0,0,0,1,1,1,1,1,1,1,1,1,1
2026-07-03T19:43:25.445,tof2,4x4,lying,2999,3258,-1,3312,-1,-1,2173,2830,1613,1285,1478,-1,930,951,1076,1054,1,1,0,1,1,0,1,1,1,1,1,0,1,1,1,1
2026-07-03T19:43:25.517,tof1,4x4,lying,-1,-1,-1,-1,-1,-1,176,168,180,164,157,156,164,157,156,155,0,0,0,1,0,0,1,1,1,1,1,1,1,1,1,1
2026-07-03T19:43:25.602,tof2,4x4,lying,-1,3255,-1,3312,-1,-1,2174,2829,1607,1285,1481,-1,926,951,1076,1056,0,1,1,1,0,0,1,1,1,1,1,0,1,1,1,1
2026-07-03T19:43:25.675,tof1,4x4,lying,-1,-1,-1,-1,-1,-1,176,168,180,165,157,156,164,157,157,156,0,0,0,0,0,0,1,1,1,1,1,1,1,1,1,1
2026-07-03T19:43:25.769,tof2,4x4,lying,2999,3258,-1,3313,-1,-1,-1,2829,1570,-1,1510,-1,926,951,1076,1056,1,1,0,1,1,0,1,1,1,1,1,0,1,1,1,1
2026-07-03T19:43:25.857,tof1,4x4,lying,-1,-1,229,-1,231,-1,176,168,180,165,157,156,164,157,157,157,0,0,1,0,1,0,1,1,1,1,1,1,1,1,1,1
2026-07-03T19:43:25.945,tof2,4x4,lying,2999,3258,-1,3313,-1,-1,2173,2829,1565,1313,1481,-1,926,949,1076,1056,1,1,1,1,0,0,1,1,1,1,1,0,1,1,1,1
2026-07-03T19:43:26.030,tof1,4x4,lying,-1,231,229,-1,231,-1,176,168,180,165,157,156,164,157,157,157,0,1,1,0,1,0,1,1,1,1,1,1,1,1,1,1
2026-07-03T19:43:26.109,tof2,4x4,lying,2979,3266,-1,3308,2135,-1,2174,2843,-1,1314,1478,-1,925,949,1075,1056,1,1,0,1,1,0,1,1,1,1,1,0,1,1,1,1
2026-07-03T19:43:26.193,tof1,4x4,lying,-1,-1,-1,-1,-1,-1,175,168,182,165,157,155,164,158,158,157,0,0,0,0,0,0,1,1,1,1,1,1,1,1,1,1
2026-07-03T19:43:26.282,tof2,4x4,lying,-1,3266,-1,3311,-1,-1,-1,2843,1539,1314,1481,-1,926,949,1069,1059,1,1,0,1,0,0,0,1,1,1,1,0,1,1,1,1
2026-07-03T19:43:26.380,tof1,4x4,lying,-1,-1,-1,-1,-1,-1,176,168,182,165,158,155,164,158,158,157,1,0,0,1,0,0,1,1,1,1,1,1,1,1,1,1
2026-07-03T19:43:26.446,tof2,4x4,lying,-1,3266,-1,3308,-1,-1,-1,2848,1565,1319,-1,-1,929,948,-1,1052,0,1,0,1,0,0,0,1,1,1,1,0,1,1,1,1
2026-07-03T19:43:26.596,tof1,4x4,lying,-1,-1,-1,-1,-1,-1,176,168,182,165,158,155,165,158,158,157,0,0,0,0,0,1,1,1,1,1,1,1,1,1,1,1
2026-07-03T19:43:26.599,tof2,4x4,lying,2979,3260,-1,3308,-1,-1,-1,2848,1570,-1,1532,-1,934,948,-1,1049,1,1,0,1,0,0,0,1,1,0,1,0,1,1,1,1
2026-07-03T19:43:26.775,tof1,4x4,lying,-1,230,231,-1,232,-1,175,167,182,166,157,155,165,159,158,157,1,1,1,0,1,0,1,1,1,1,1,1,1,1,1,1
2026-07-03T19:43:26.795,tof2,4x4,lying,3010,3260,-1,3311,2144,-1,-1,2848,1618,1313,-1,-1,937,949,1068,1048,1,1,0,1,1,0,0,1,1,1,1,0,1,1,1,1
2026-07-03T19:43:26.933,tof1,4x4,lying,-1,-1,-1,-1,-1,-1,176,167,181,166,157,155,166,158,157,157,0,0,0,0,0,0,1,1,1,1,1,1,1,1,1,1
2026-07-03T19:43:26.992,tof2,4x4,lying,-1,3259,-1,3315,2144,-1,-1,2843,1618,1277,1511,-1,937,949,1068,1048,0,1,0,1,1,0,0,1,1,1,1,0,1,1,1,1
2026-07-03T19:43:27.099,tof1,4x4,lying,-1,-1,-1,-1,-1,-1,176,167,181,166,159,156,165,157,157,157,1,0,0,1,0,0,1,1,1,1,1,1,1,1,1,1
2026-07-03T19:43:27.155,tof2,4x4,lying,3033,3259,-1,3323,-1,-1,2174,2843,1618,1273,1511,-1,937,948,1064,1048,1,1,1,1,0,1,1,1,1,1,1,0,1,1,1,1
2026-07-03T19:43:27.268,tof1,4x4,lying,-1,229,-1,-1,231,-1,174,167,181,166,158,156,165,157,157,157,0,1,0,0,1,0,1,1,1,1,1,1,1,1,1,1
2026-07-03T19:43:27.312,tof2,4x4,lying,3033,3258,3316,3323,-1,1371,2174,2842,-1,-1,1511,1344,929,950,1068,1048,1,1,1,1,1,1,1,1,1,0,1,1,1,1,1,1
2026-07-03T19:43:27.423,tof1,4x4,lying,-1,-1,-1,-1,231,-1,173,167,181,166,158,155,165,157,156,156,1,0,0,0,1,0,1,1,1,1,1,1,1,1,1,1
2026-07-03T19:43:27.489,tof2,4x4,lying,3033,3258,-1,3323,2135,1359,2189,2843,1621,1266,1467,-1,929,955,1073,1048,1,1,0,1,1,1,1,1,1,1,1,1,1,1,1,1
2026-07-03T19:43:27.588,tof1,4x4,lying,-1,230,-1,-1,230,-1,173,166,181,165,158,155,165,157,157,156,0,1,0,0,1,0,1,1,1,1,1,1,1,1,1,1
2026-07-03T19:43:27.642,tof2,4x4,lying,3045,3258,-1,3316,2093,1359,2189,2843,1617,1266,1467,-1,929,950,1073,1048,1,1,0,1,1,1,1,1,1,1,1,0,1,1,1,1
2026-07-03T19:43:27.743,tof1,4x4,lying,-1,229,-1,-1,230,-1,173,166,181,165,158,154,165,157,156,156,1,1,0,0,1,0,1,1,1,1,1,1,1,1,1,1
2026-07-03T19:43:27.808,tof2,4x4,lying,2979,3254,-1,3316,-1,1345,-1,2842,1604,-1,1433,-1,928,948,1071,1048,1,1,0,1,0,1,0,1,1,1,1,0,1,1,1,1
2026-07-03T19:43:27.908,tof1,4x4,lying,-1,228,-1,-1,230,-1,172,166,181,165,157,153,166,157,156,156,0,1,0,0,1,0,1,1,1,1,1,1,1,1,1,1
2026-07-03T19:43:27.972,tof2,4x4,lying,2979,3264,-1,3316,-1,1334,2184,2842,-1,1277,1433,-1,930,950,1071,1048,1,1,0,1,1,1,1,1,1,1,1,0,1,1,1,1
2026-07-03T19:43:28.103,tof1,4x4,lying,-1,229,-1,-1,231,-1,173,166,182,165,157,153,166,158,156,156,0,1,0,0,1,0,1,1,1,1,1,1,1,1,1,1
2026-07-03T19:43:28.145,tof2,4x4,lying,3021,3264,-1,3305,-1,1332,2187,2836,1617,1275,1433,-1,930,950,-1,1048,1,1,0,1,0,1,1,1,1,1,1,0,1,1,1,1
2026-07-03T19:43:28.289,tof1,4x4,lying,-1,-1,231,-1,230,-1,173,166,182,165,157,154,166,158,156,156,0,0,1,0,1,0,1,1,1,1,1,1,1,1,1,1
2026-07-03T19:43:28.333,tof2,4x4,lying,3025,3263,-1,3305,2082,1334,2184,2832,1621,1276,1481,1346,929,948,-1,1048,1,1,1,1,1,1,1,1,1,1,1,1,1,1,1,1
2026-07-03T19:43:28.585,tof1,4x4,lying,-1,230,231,-1,231,-1,174,166,182,166,157,154,166,158,156,156,0,1,1,0,1,0,1,1,1,1,1,1,1,1,1,1
2026-07-03T19:43:28.613,tof2,4x4,lying,3025,3257,-1,3289,2076,1334,-1,2836,1617,1281,1451,-1,927,946,1069,1048,1,1,1,1,1,1,1,1,1,1,1,0,1,1,1,1
2026-07-03T19:43:28.752,tof1,4x4,lying,-1,231,-1,-1,232,-1,174,166,181,166,157,155,166,158,156,155,0,1,0,0,1,0,1,1,1,1,1,1,1,1,1,1
2026-07-03T19:43:28.779,tof2,4x4,lying,3025,3263,3291,3311,2082,-1,2184,2836,1610,-1,-1,-1,925,950,1067,1050,1,1,1,1,1,1,1,1,1,0,1,0,1,1,1,1
2026-07-03T19:43:28.928,tof1,4x4,lying,-1,-1,-1,-1,-1,-1,174,166,182,166,157,155,166,158,157,155,0,0,0,0,0,0,1,1,1,1,1,1,1,1,1,1
2026-07-03T19:43:28.958,tof2,4x4,lying,-1,3263,-1,3273,2082,1355,-1,2836,1610,1276,1451,-1,925,949,1069,1056,1,1,0,1,1,1,1,1,1,1,1,0,1,1,1,1
2026-07-03T19:43:29.142,tof1,4x4,lying,-1,231,230,-1,232,-1,173,166,180,166,158,155,166,157,157,155,0,1,1,0,1,0,1,1,1,1,1,1,1,1,1,1
2026-07-03T19:43:29.160,tof2,4x4,lying,3025,3263,-1,3299,2090,1369,2184,2841,1597,-1,1451,-1,925,949,1068,1056,1,1,0,1,1,1,1,1,1,0,1,0,1,1,1,1
2026-07-03T19:43:29.323,tof1,4x4,lying,-1,232,230,-1,232,-1,174,166,180,166,158,155,166,158,157,156,0,1,1,0,1,0,1,1,1,1,1,1,1,1,1,1
2026-07-03T19:43:29.355,tof2,4x4,lying,3025,3263,-1,3299,-1,1369,2174,2841,1597,1275,1451,-1,925,950,-1,1050,1,1,0,1,0,1,1,1,1,1,1,0,1,1,1,1
2026-07-03T19:43:29.480,tof1,4x4,lying,-1,231,230,-1,232,-1,174,166,180,166,158,155,166,158,157,156,0,1,1,0,1,0,1,1,1,1,1,1,1,1,1,1
2026-07-03T19:43:29.526,tof2,4x4,lying,3025,3263,-1,3316,-1,1913,2171,2811,1597,1273,-1,-1,925,950,-1,1048,1,1,1,1,0,1,1,1,1,1,1,0,1,1,1,1
2026-07-03T19:43:29.986,tof2,4x4,lying,3025,3263,-1,3315,2090,1913,-1,2849,-1,1273,1448,-1,925,949,-1,1044,1,1,0,1,1,1,0,1,1,1,1,0,1,1,1,1
2026-07-03T19:43:29.999,tof1,4x4,lying,-1,-1,-1,-1,-1,-1,174,166,183,166,158,155,166,158,157,156,0,0,0,0,0,0,1,1,1,1,1,1,1,1,1,1
2026-07-03T19:43:30.194,tof1,4x4,lying,-1,-1,-1,-1,-1,-1,175,166,181,166,159,155,166,158,157,156,0,0,1,0,0,0,1,1,1,1,1,1,1,1,1,1
2026-07-03T19:43:30.205,tof2,4x4,lying,3025,3263,-1,3316,-1,-1,2171,2822,1597,-1,1426,-1,925,950,-1,1044,1,1,0,1,0,0,1,1,1,1,1,0,1,1,1,1
2026-07-03T19:43:30.389,tof1,4x4,lying,-1,-1,-1,-1,-1,-1,175,166,182,166,158,155,166,158,157,156,0,0,0,0,0,0,1,1,1,1,1,1,1,1,1,1
2026-07-03T19:43:30.412,tof2,4x4,lying,3033,3259,-1,3319,2097,-1,2141,2822,-1,-1,-1,-1,925,951,-1,1048,1,1,0,1,1,0,1,1,1,0,1,0,1,1,1,1
2026-07-03T19:43:30.581,tof1,4x4,lying,-1,-1,-1,-1,-1,-1,175,167,183,166,159,155,167,159,158,157,1,1,1,0,0,0,1,1,1,1,1,1,1,1,1,1
2026-07-03T19:43:30.596,tof2,4x4,lying,3004,3257,-1,3347,-1,1889,-1,2838,1577,-1,-1,-1,930,951,1067,1052,1,1,0,1,0,1,1,1,1,0,1,0,1,1,1,1
2026-07-03T19:43:30.760,tof1,4x4,lying,220,229,230,-1,232,-1,175,167,183,166,159,156,166,158,158,158,1,1,1,0,1,0,1,1,1,1,1,1,1,1,1,1
2026-07-03T19:43:30.771,tof2,4x4,lying,3004,3260,-1,3347,-1,-1,2141,2845,1565,-1,1448,-1,932,951,1065,1052,1,1,0,1,0,1,1,1,1,0,1,0,1,1,1,1
2026-07-03T19:43:30.912,tof1,4x4,lying,-1,229,230,-1,232,-1,175,167,183,166,159,156,166,158,158,157,0,1,1,0,1,0,1,1,1,1,1,1,1,1,1,1
2026-07-03T19:43:30.963,tof2,4x4,lying,2976,3260,-1,3347,2090,1459,-1,2845,-1,-1,-1,-1,933,951,1068,1052,1,1,1,1,1,1,0,1,1,0,1,0,1,1,1,1
2026-07-03T19:43:31.079,tof1,4x4,lying,222,229,230,-1,232,-1,175,167,183,167,159,156,166,158,158,156,1,1,1,0,1,0,1,1,1,1,1,1,1,1,1,1
2026-07-03T19:43:31.156,tof2,4x4,lying,2976,3257,-1,3316,2101,-1,-1,2845,1565,-1,-1,-1,939,953,1060,1052,1,1,0,1,1,0,0,1,1,0,1,1,1,1,1,1
2026-07-03T19:43:31.246,tof1,4x4,lying,225,229,-1,-1,231,-1,174,167,183,167,159,156,166,158,158,156,1,1,0,0,1,0,1,1,1,1,1,1,1,1,1,1
2026-07-03T19:43:31.329,tof2,4x4,lying,-1,3257,-1,3292,-1,1860,2141,2845,1565,1273,1456,1344,-1,953,-1,1049,1,1,0,1,1,1,1,1,1,1,1,1,1,1,1,1
2026-07-03T19:43:31.406,tof1,4x4,lying,-1,229,229,-1,231,-1,175,167,182,167,159,155,166,158,158,156,0,1,1,0,1,0,1,1,1,1,1,1,1,1,1,1
2026-07-03T19:43:31.492,tof2,4x4,lying,2976,3257,-1,3292,-1,1860,-1,2845,1565,1273,-1,-1,939,954,1060,1049,1,1,1,1,0,1,0,1,1,1,1,0,1,1,1,1
2026-07-03T19:43:31.584,tof1,4x4,lying,-1,-1,-1,-1,231,-1,175,166,182,166,159,154,166,158,158,156,0,0,0,0,1,0,1,1,1,1,1,1,1,1,1,1
2026-07-03T19:43:31.655,tof2,4x4,lying,2994,3251,-1,3311,2101,1860,2156,2847,-1,-1,1467,-1,933,954,1062,1049,1,1,1,1,1,1,1,1,1,0,1,0,1,1,1,1
2026-07-03T19:43:31.733,tof1,4x4,lying,-1,-1,-1,-1,-1,-1,175,166,181,166,159,154,166,158,157,156,1,0,0,0,0,0,1,1,1,1,1,1,1,1,1,1
2026-07-03T19:43:31.817,tof2,4x4,lying,-1,3248,-1,3311,2103,1855,-1,2840,1595,1273,1496,-1,931,953,1070,1049,0,1,1,1,1,1,1,1,1,1,1,0,1,1,1,1
2026-07-03T19:43:31.892,tof1,4x4,lying,-1,230,230,-1,231,-1,175,166,-1,166,159,154,166,158,156,156,1,1,1,0,1,0,1,1,0,1,1,1,1,1,1,1
2026-07-03T19:43:31.992,tof2,4x4,lying,-1,3248,-1,3304,-1,1855,-1,2843,1595,1259,1496,-1,930,952,1062,1049,1,1,0,1,1,1,0,1,1,1,1,0,1,1,1,1
2026-07-03T19:43:32.066,tof1,4x4,lying,-1,230,-1,-1,231,-1,175,166,181,166,159,154,166,158,157,156,1,1,0,0,1,0,1,1,1,1,1,1,1,1,1,1
2026-07-03T19:43:32.182,tof2,4x4,lying,2994,3248,3316,3306,-1,-1,2173,2840,1607,-1,1505,-1,930,952,1062,1050,1,1,1,1,0,0,1,1,1,1,1,0,1,1,1,1
2026-07-03T19:43:32.235,tof1,4x4,lying,-1,-1,-1,-1,-1,-1,175,166,181,165,159,155,166,158,157,156,1,0,0,0,0,0,1,1,1,1,1,1,1,1,1,1
2026-07-03T19:43:32.337,tof2,4x4,lying,2994,3248,-1,3305,2103,1819,-1,2843,1607,1259,-1,-1,927,948,-1,1050,1,1,0,1,1,1,0,1,1,1,1,0,1,1,1,1
2026-07-03T19:43:32.401,tof1,4x4,lying,-1,-1,230,-1,231,-1,175,167,181,165,159,155,166,157,156,156,0,0,1,0,1,0,1,1,1,1,1,1,1,1,1,1
2026-07-03T19:43:32.512,tof2,4x4,lying,-1,3254,-1,3305,2103,1385,2173,2840,1618,1259,-1,-1,930,949,1070,1050,1,1,1,1,1,1,1,1,1,1,1,1,1,1,1,1
2026-07-03T19:43:32.595,tof1,4x4,lying,-1,230,-1,-1,231,-1,175,167,182,165,159,155,166,157,157,156,0,1,0,0,1,0,1,1,1,1,1,1,1,1,1,1
2026-07-03T19:43:32.681,tof2,4x4,lying,2969,3254,-1,3306,2103,-1,-1,2843,1560,-1,1496,-1,930,952,-1,1050,1,1,0,1,1,1,0,1,1,0,1,0,1,1,1,1
2026-07-03T19:43:32.764,tof1,4x4,lying,-1,-1,-1,-1,-1,-1,175,168,182,166,159,155,166,157,157,156,0,0,0,0,0,0,1,1,1,1,1,1,1,1,1,1
2026-07-03T19:43:32.923,tof2,4x4,lying,2966,3253,-1,3306,-1,1357,2172,2840,-1,-1,1489,-1,930,953,1070,1050,1,1,0,1,0,1,1,1,1,1,1,0,1,1,1,1
2026-07-03T19:43:32.974,tof1,4x4,lying,-1,-1,-1,-1,-1,-1,175,168,183,167,159,155,166,157,158,156,0,0,0,0,0,0,1,1,1,1,1,1,1,1,1,1
2026-07-03T19:43:33.108,tof2,4x4,lying,2966,3253,-1,3309,2103,-1,2172,2842,1618,-1,-1,-1,930,952,-1,1040,1,1,0,1,1,0,1,1,1,1,1,0,1,1,1,1
2026-07-03T19:43:33.154,tof1,4x4,lying,-1,-1,-1,-1,231,-1,175,167,183,167,159,155,166,157,158,157,0,0,0,0,1,0,1,1,1,1,1,1,1,1,1,1
2026-07-03T19:43:33.279,tof2,4x4,lying,2969,3253,3303,3337,2085,1348,-1,2842,1591,1259,-1,-1,930,952,-1,1040,1,1,1,1,1,1,0,1,1,1,1,0,1,1,1,1
2026-07-03T19:43:33.329,tof1,4x4,lying,-1,-1,-1,-1,-1,-1,175,167,183,167,158,155,166,157,158,157,0,0,0,0,0,0,1,1,1,1,1,1,1,1,1,1
2026-07-03T19:43:33.454,tof2,4x4,lying,3009,3253,-1,3337,2103,1348,2173,2842,1627,1275,1457,-1,930,952,-1,1040,1,1,0,1,1,1,1,1,1,1,1,1,1,1,1,1
2026-07-03T19:43:33.534,tof1,4x4,lying,-1,-1,-1,-1,-1,-1,175,167,183,167,158,155,166,158,158,157,0,0,0,0,0,0,1,1,1,1,1,1,1,1,1,1
2026-07-03T19:43:33.619,tof2,4x4,lying,3009,3252,-1,3333,2103,1348,2175,2840,1591,1281,1452,-1,932,952,1068,1041,1,1,1,1,1,1,1,1,1,1,1,0,1,1,1,1
2026-07-03T19:43:33.694,tof1,4x4,lying,-1,230,-1,-1,231,-1,174,167,181,167,158,155,166,158,158,157,0,1,0,0,1,0,1,1,1,1,1,1,1,1,1,1
2026-07-03T19:43:33.789,tof2,4x4,lying,-1,3256,-1,3339,-1,1348,-1,2842,-1,-1,1444,-1,932,950,1070,1047,0,1,0,1,0,1,1,1,1,1,1,0,1,1,1,1
2026-07-03T19:43:33.884,tof1,4x4,lying,-1,230,-1,-1,231,-1,174,167,181,167,158,155,166,158,158,157,0,1,0,0,1,0,1,1,1,1,1,1,1,1,1,1
2026-07-03T19:43:33.986,tof2,4x4,lying,3009,3256,-1,3333,-1,1348,2175,2847,-1,1275,1452,-1,929,950,-1,1047,1,1,0,1,1,1,1,1,1,1,1,0,1,1,1,1
2026-07-03T19:43:34.082,tof1,4x4,lying,-1,-1,-1,-1,-1,-1,174,167,-1,167,158,155,167,158,157,156,0,0,0,0,0,0,1,1,0,1,1,1,1,1,1,1
2026-07-03T19:43:34.145,tof2,4x4,lying,3009,3250,-1,3333,-1,1362,2184,2847,1611,1286,1452,-1,928,952,1070,1047,1,1,0,1,1,1,1,1,1,1,1,1,1,1,1,1
2026-07-03T19:43:34.257,tof1,4x4,lying,-1,-1,-1,-1,-1,-1,174,167,181,167,158,154,167,158,157,156,0,0,0,0,0,0,1,1,1,1,1,1,1,1,1,1
2026-07-03T19:43:34.307,tof2,4x4,lying,3009,3250,-1,3333,-1,1416,2178,2874,1591,1286,1532,-1,928,952,-1,1046,1,1,0,1,0,1,1,1,1,1,1,0,1,1,1,1
2026-07-03T19:43:34.444,tof1,4x4,lying,-1,-1,-1,-1,-1,-1,173,167,182,167,159,154,166,158,158,156,0,0,0,0,0,0,1,1,1,1,1,1,1,1,1,1
2026-07-03T19:43:34.483,tof2,4x4,lying,3041,3256,-1,3339,2082,1371,2178,2895,1611,1281,-1,-1,928,947,1069,1047,1,1,0,1,1,1,1,1,1,1,1,0,1,1,1,1
2026-07-03T19:43:34.607,tof1,4x4,lying,-1,230,231,-1,231,-1,173,167,184,167,159,154,166,158,157,156,0,1,1,0,1,0,1,1,1,1,1,1,1,1,1,1
2026-07-03T19:43:34.670,tof2,4x4,lying,3041,3252,-1,3333,2082,-1,2178,2895,1556,1279,1532,-1,930,947,1069,1049,1,1,1,1,1,0,1,1,1,1,1,0,1,1,1,1
2026-07-03T19:43:34.773,tof1,4x4,lying,-1,-1,-1,-1,-1,-1,176,167,184,166,159,154,166,158,157,156,0,0,0,0,0,0,1,1,1,1,1,1,1,1,1,1
2026-07-03T19:43:34.852,tof2,4x4,lying,3041,3252,-1,3342,2115,-1,2179,2898,1611,-1,1532,-1,933,947,-1,1049,1,1,0,1,1,0,1,1,1,0,1,0,1,1,1,1
2026-07-03T19:43:34.977,tof1,4x4,lying,-1,-1,-1,-1,-1,-1,173,167,184,167,159,154,165,158,157,157,0,0,0,0,0,0,1,1,1,1,1,1,1,1,1,1
2026-07-03T19:43:35.014,tof2,4x4,lying,3001,3266,-1,3343,-1,-1,-1,2895,1587,1281,-1,-1,933,946,-1,1053,1,1,1,1,0,0,0,1,1,1,1,0,1,1,1,1
2026-07-03T19:43:35.138,tof1,4x4,lying,-1,-1,-1,-1,-1,-1,177,167,183,167,159,155,166,158,157,157,0,0,0,1,0,0,1,1,1,1,1,1,1,1,1,1
2026-07-03T19:43:35.202,tof2,4x4,lying,2994,3252,-1,3342,2115,-1,-1,2895,1587,-1,1494,-1,933,947,-1,1054,1,1,0,1,1,0,1,1,1,1,1,1,1,1,1,1
2026-07-03T19:43:35.301,tof1,4x4,lying,-1,229,-1,-1,231,-1,177,167,182,167,159,154,166,158,157,157,0,1,0,0,1,0,1,1,1,1,1,1,1,1,1,1
2026-07-03T19:43:35.384,tof2,4x4,lying,-1,3252,3306,3335,2127,-1,2179,2890,1587,1281,1494,-1,933,-1,1069,1058,0,1,1,1,1,0,1,1,1,1,1,0,1,1,1,1
2026-07-03T19:43:35.499,tof1,4x4,lying,-1,-1,-1,-1,-1,-1,177,167,182,167,158,155,166,158,157,157,0,0,0,1,0,0,1,1,1,1,1,1,1,1,1,1
2026-07-03T19:43:35.571,tof2,4x4,lying,2970,3252,-1,3335,2127,-1,-1,2888,1595,-1,-1,-1,933,947,1069,1058,1,1,1,1,1,1,1,1,1,1,1,0,1,1,1,1
2026-07-03T19:43:35.683,tof1,4x4,lying,-1,229,-1,-1,231,-1,177,167,182,167,158,155,166,158,157,157,0,1,0,0,1,0,1,1,1,1,1,1,1,1,1,1
2026-07-03T19:43:35.774,tof2,4x4,lying,2970,3255,-1,3320,2129,-1,-1,2888,1587,1282,-1,-1,931,949,1073,1059,1,1,0,1,1,1,1,1,1,1,1,0,1,1,1,1
2026-07-03T19:43:35.885,tof1,4x4,lying,-1,230,-1,-1,231,-1,177,167,181,167,158,155,166,158,157,157,0,1,0,0,1,0,1,1,1,1,1,1,1,1,1,1
2026-07-03T19:43:35.959,tof2,4x4,lying,2994,3252,-1,3320,-1,-1,-1,2890,1595,1292,-1,-1,925,951,1078,1058,1,1,1,1,0,0,0,1,1,1,1,0,1,1,1,1
2026-07-03T19:43:36.052,tof1,4x4,lying,-1,-1,-1,-1,-1,-1,177,168,181,166,158,155,166,158,157,156,0,0,0,0,0,0,1,1,1,1,1,1,1,1,1,1
2026-07-03T19:43:36.123,tof2,4x4,lying,2997,3250,-1,3315,2129,-1,-1,2885,1597,1292,1430,-1,925,953,-1,1055,1,1,1,1,1,0,0,1,1,1,1,0,1,1,1,1
2026-07-03T19:43:36.218,tof1,4x4,lying,-1,230,-1,-1,232,-1,176,168,182,166,158,155,167,158,156,156,0,1,0,0,1,0,1,1,1,1,1,1,1,1,1,1
2026-07-03T19:43:36.390,tof1,4x4,lying,-1,-1,-1,-1,232,-1,177,168,182,166,158,155,167,158,156,156,0,1,0,1,1,0,1,1,1,1,1,1,1,1,1,1
2026-07-03T19:43:36.398,tof2,4x4,lying,3025,3249,-1,3303,-1,-1,-1,-1,1600,1292,1429,-1,923,955,-1,1054,1,1,0,1,0,1,0,1,1,1,1,0,1,1,1,1
2026-07-03T19:43:36.619,tof2,4x4,lying,3025,3250,-1,3314,-1,-1,-1,2890,1600,1288,1484,-1,923,955,1073,1054,1,1,0,1,1,0,0,1,1,1,1,0,1,1,1,1
2026-07-03T19:43:36.631,tof1,4x4,lying,-1,-1,-1,-1,-1,-1,176,168,182,166,158,155,167,158,157,157,0,0,0,0,0,0,1,1,1,1,1,1,1,1,1,1
2026-07-03T19:43:36.801,tof2,4x4,lying,3025,3250,-1,3309,-1,-1,-1,2890,1600,1272,-1,-1,925,957,1073,1050,1,1,0,1,0,0,1,1,1,1,1,0,1,1,1,1
2026-07-03T19:43:36.887,tof1,4x4,lying,-1,-1,-1,-1,-1,-1,176,168,182,166,158,155,166,158,157,156,0,0,0,0,0,0,1,1,1,1,1,1,1,1,1,1
2026-07-03T19:43:36.968,tof2,4x4,lying,3023,3249,-1,3303,-1,-1,-1,2887,1597,1256,1484,-1,929,957,1069,1053,1,1,1,1,0,1,0,1,1,1,1,0,1,1,1,1
2026-07-03T19:43:37.045,tof1,4x4,lying,-1,-1,-1,-1,-1,-1,175,168,183,166,158,155,166,158,157,157,0,0,0,0,0,0,1,1,1,1,1,1,1,1,1,1
2026-07-03T19:43:37.145,tof2,4x4,lying,3023,3260,-1,-1,2127,-1,-1,2887,1593,1256,-1,-1,929,957,-1,1053,1,1,1,1,1,0,0,1,1,1,1,0,1,1,1,1
2026-07-03T19:43:37.213,tof1,4x4,lying,-1,-1,-1,-1,233,-1,175,167,183,166,159,155,166,158,157,157,0,0,0,0,1,0,1,1,1,1,1,1,1,1,1,1
2026-07-03T19:43:37.332,tof2,4x4,lying,3012,3266,-1,3309,-1,-1,-1,2888,1567,-1,-1,-1,929,957,1066,1050,1,1,0,1,0,0,0,1,1,1,1,1,1,1,1,1
2026-07-03T19:43:37.378,tof1,4x4,lying,-1,-1,-1,-1,-1,-1,175,167,183,166,158,155,166,158,157,157,0,0,0,0,0,0,1,1,1,1,1,1,1,1,1,1
2026-07-03T19:43:37.529,tof2,4x4,lying,3012,3266,-1,3314,2125,-1,-1,2888,-1,1256,1428,-1,929,957,1064,1053,1,1,0,1,1,0,0,1,1,1,1,0,1,1,1,1
2026-07-03T19:43:37.568,tof1,4x4,lying,-1,230,230,-1,233,-1,175,168,183,167,158,155,165,159,157,157,1,1,1,0,1,0,1,1,1,1,1,1,1,1,1,1
2026-07-03T19:43:37.767,tof2,4x4,lying,3023,3266,-1,3314,2114,-1,-1,2888,1567,-1,1453,-1,927,946,1064,1053,1,1,0,1,1,0,1,1,1,1,1,0,1,1,1,1
2026-07-03T19:43:38.004,tof2,4x4,lying,3013,3266,-1,3316,-1,1892,2179,2888,-1,1245,-1,-1,924,946,1065,1051,1,1,0,1,1,1,1,1,1,1,1,0,1,1,1,1
2026-07-03T19:43:38.110,tof1,4x4,lying,-1,-1,-1,-1,-1,-1,175,168,183,167,158,155,166,159,159,157,0,0,0,0,0,0,1,1,1,1,1,1,1,1,1,1
2026-07-03T19:43:38.197,tof2,4x4,lying,-1,3264,-1,3316,2107,1892,-1,2883,1567,1256,1471,-1,927,946,-1,1049,1,1,0,1,1,1,1,1,1,1,1,0,1,1,1,1
2026-07-03T19:43:38.278,tof1,4x4,lying,-1,-1,-1,-1,-1,-1,175,168,183,167,158,155,165,160,159,157,0,0,0,0,0,0,1,1,1,1,1,1,1,1,1,1
2026-07-03T19:43:38.368,tof2,4x4,lying,3012,3258,-1,3316,2107,1371,-1,2883,1569,1279,1453,-1,929,946,1062,1049,1,1,0,1,1,1,1,1,1,1,1,0,1,1,1,1
2026-07-03T19:43:38.457,tof1,4x4,lying,-1,230,231,-1,232,-1,175,168,183,166,158,156,166,159,159,158,0,1,1,0,1,0,1,1,1,1,1,1,1,1,1,1
2026-07-03T19:43:38.636,tof2,4x4,lying,2990,3264,-1,3314,2125,1371,2214,2883,1569,-1,1418,-1,929,957,-1,1048,1,1,1,1,1,1,1,1,1,1,1,0,1,1,1,1
2026-07-03T19:43:38.662,tof1,4x4,lying,-1,-1,-1,-1,232,-1,175,168,-1,166,158,155,166,159,157,157,0,0,0,0,1,0,1,1,0,1,1,1,1,1,1,1
2026-07-03T19:43:38.810,tof2,4x4,lying,2958,3262,-1,-1,2104,1952,2214,2868,1575,1245,-1,-1,929,957,1065,1048,1,1,0,1,1,1,1,1,1,1,1,0,1,1,1,1
2026-07-03T19:43:38.848,tof1,4x4,lying,-1,-1,-1,-1,-1,-1,175,168,183,166,158,155,166,158,158,157,0,0,0,0,0,0,1,1,1,1,1,1,1,1,1,1
2026-07-03T19:43:39.669,tof2,4x4,lying,2958,3264,-1,3317,2130,1361,-1,2877,1575,1255,1403,-1,930,956,1069,1048,1,1,0,1,1,1,0,1,1,1,1,0,1,1,1,1
2026-07-03T19:43:39.801,tof1,4x4,lying,-1,-1,-1,-1,-1,-1,175,168,182,166,159,155,165,158,158,157,1,0,0,0,0,0,1,1,1,1,1,1,1,1,1,1
2026-07-03T19:43:39.855,tof2,4x4,lying,2958,3262,-1,3307,2130,-1,-1,2898,-1,1279,-1,-1,929,956,1069,1049,1,1,0,1,1,0,1,1,1,1,1,0,1,1,1,1
2026-07-03T19:43:39.984,tof1,4x4,lying,-1,-1,-1,-1,-1,-1,175,167,181,166,159,156,166,158,158,158,0,0,0,0,0,0,1,1,1,1,1,1,1,1,1,1
2026-07-03T19:43:40.005,tof2,4x4,lying,2979,3262,-1,3307,2121,1952,2217,2886,-1,-1,1401,-1,930,953,1069,1049,1,1,1,1,1,1,1,1,1,0,1,1,1,1,1,1
2026-07-03T19:43:40.145,tof1,4x4,lying,-1,230,-1,-1,232,-1,175,167,181,166,159,154,166,158,157,156,0,1,0,0,1,0,1,1,1,1,1,1,1,1,1,1
2026-07-03T19:43:40.216,tof2,4x4,lying,3003,3262,-1,3307,-1,1952,-1,2882,1575,1279,1401,-1,928,952,1070,1049,1,1,0,1,0,1,0,1,1,1,1,1,1,1,1,1
2026-07-03T19:43:40.330,tof1,4x4,lying,-1,-1,-1,-1,-1,-1,175,167,181,166,159,155,166,158,157,158,0,0,0,0,0,0,1,1,1,1,1,1,1,1,1,1
2026-07-03T19:43:40.392,tof2,4x4,lying,-1,3261,-1,3307,-1,1921,2195,2886,1575,1279,1403,-1,931,952,1070,1049,1,1,0,1,1,1,1,1,1,1,1,0,1,1,1,1
2026-07-03T19:43:40.488,tof1,4x4,lying,-1,-1,-1,-1,-1,-1,175,167,181,166,159,155,166,158,157,158,0,0,0,0,0,0,1,1,1,1,1,1,1,1,1,1
2026-07-03T19:43:40.591,tof2,4x4,lying,3019,3254,-1,3307,2115,1353,-1,2888,1575,1279,1473,-1,927,952,1068,1051,1,1,0,1,1,1,0,1,1,1,1,0,1,1,1,1
2026-07-03T19:43:40.689,tof1,4x4,lying,-1,-1,-1,-1,-1,-1,175,167,182,167,159,155,166,158,157,156,0,0,0,0,0,0,1,1,1,1,1,1,1,1,1,1
2026-07-03T19:43:40.770,tof2,4x4,lying,3019,3254,-1,3307,-1,1365,2195,2888,1575,1308,1473,-1,927,952,1068,1049,1,1,1,1,0,1,1,1,1,1,1,1,1,1,1,1
2026-07-03T19:43:40.851,tof1,4x4,lying,-1,-1,-1,-1,-1,-1,175,167,182,168,159,155,166,158,157,156,0,0,0,0,0,0,1,1,1,1,1,1,1,1,1,1
2026-07-03T19:43:40.960,tof2,4x4,lying,3063,3262,-1,3308,2121,1365,2195,2890,1550,1308,1473,-1,927,949,-1,1044,1,1,0,1,1,1,1,1,1,1,1,1,1,1,1,1
2026-07-03T19:43:41.019,tof1,4x4,lying,-1,-1,-1,-1,232,-1,175,167,183,168,159,155,166,158,157,156,0,0,0,0,1,0,1,1,1,1,1,1,1,1,1,1
2026-07-03T19:43:41.143,tof2,4x4,lying,3019,3254,3306,3308,2121,1359,-1,2890,1550,-1,1443,-1,932,949,1068,1043,1,1,1,1,1,1,0,1,1,1,1,0,1,1,1,1
2026-07-03T19:43:41.179,tof1,4x4,lying,-1,230,231,-1,232,-1,175,167,182,168,159,155,166,158,158,156,0,1,1,0,1,0,1,1,1,1,1,1,1,1,1,1
2026-07-03T19:43:41.309,tof2,4x4,lying,3019,3260,-1,3308,-1,1365,-1,2903,1585,-1,-1,-1,930,951,-1,1044,1,1,0,1,0,1,0,1,1,1,1,0,1,1,1,1
2026-07-03T19:43:41.347,tof1,4x4,lying,-1,-1,-1,-1,-1,-1,175,168,-1,168,159,155,166,158,158,157,0,0,0,0,0,0,1,1,0,1,1,1,1,1,1,1
2026-07-03T19:43:41.468,tof2,4x4,lying,3016,3260,-1,3304,-1,1404,-1,2890,1575,1308,1438,-1,930,952,1064,1044,1,1,0,1,0,1,1,1,1,1,1,0,1,1,1,1
2026-07-03T19:43:41.510,tof1,4x4,lying,-1,-1,-1,-1,-1,-1,175,168,183,168,159,157,166,159,158,158,0,0,0,0,0,0,1,1,1,1,1,1,1,1,1,1
2026-07-03T19:43:41.648,tof2,4x4,lying,3016,3258,-1,3308,-1,1863,-1,2888,1601,-1,1438,-1,930,952,-1,1048,1,1,0,1,0,1,0,1,1,0,1,0,1,1,1,1
2026-07-03T19:43:41.690,tof1,4x4,lying,-1,230,229,-1,232,-1,175,168,183,168,159,157,166,159,158,158,0,1,1,0,1,0,1,1,1,1,1,1,1,1,1,1
2026-07-03T19:43:41.858,tof2,4x4,lying,2997,3258,-1,3309,2133,1906,-1,2888,1601,1308,1438,-1,928,952,1063,1048,1,1,0,1,1,1,0,1,1,1,1,0,1,1,1,1
2026-07-03T19:43:41.865,tof1,4x4,lying,-1,-1,-1,-1,-1,-1,175,168,-1,168,159,157,166,159,158,158,0,0,0,0,0,0,1,1,0,1,1,1,1,1,1,1
2026-07-03T19:43:42.034,tof2,4x4,lying,-1,3258,-1,3309,2133,1906,2138,2885,1575,1308,1438,-1,928,952,-1,1050,1,1,0,1,1,1,1,1,1,1,1,0,1,1,1,1
2026-07-03T19:43:42.046,tof1,4x4,lying,-1,-1,-1,-1,-1,-1,175,168,183,168,159,157,166,159,158,157,0,0,0,0,0,0,1,1,1,1,1,1,1,1,1,1
2026-07-03T19:43:42.202,tof2,4x4,lying,3016,3257,-1,3309,2133,1906,2133,2885,1575,-1,1442,-1,928,952,1064,1049,1,1,0,1,1,1,1,1,1,0,1,0,1,1,1,1
2026-07-03T19:43:42.221,tof1,4x4,lying,-1,230,228,-1,232,-1,175,168,183,168,159,156,166,159,158,156,0,1,1,0,1,0,1,1,1,1,1,1,1,1,1,1
2026-07-03T19:43:42.390,tof2,4x4,lying,2997,3256,-1,3322,2133,1906,-1,2885,1644,-1,1471,-1,928,952,1064,1049,1,1,0,1,1,1,1,1,1,0,1,0,1,1,1,1
2026-07-03T19:43:42.435,tof1,4x4,lying,-1,-1,-1,-1,-1,-1,175,168,-1,168,159,156,166,159,158,156,0,0,0,0,0,0,1,1,0,1,1,1,1,1,1,1
2026-07-03T19:43:42.567,tof2,4x4,lying,2992,3254,-1,3318,2113,1910,2138,2889,1617,-1,1473,-1,930,951,-1,1049,1,1,0,1,1,1,1,1,1,0,1,0,1,1,1,1
2026-07-03T19:43:42.588,tof1,4x4,lying,-1,230,-1,-1,231,-1,175,168,183,167,159,155,166,159,158,156,0,1,0,0,1,0,1,1,1,1,1,1,1,1,1,1
2026-07-03T19:43:42.766,tof2,4x4,lying,2992,3253,-1,3318,2113,1906,-1,2889,1617,1272,1474,-1,931,951,1065,1049,1,1,0,1,1,1,1,1,1,1,1,1,1,1,1,1
2026-07-03T19:43:42.786,tof1,4x4,lying,-1,-1,-1,-1,-1,-1,175,168,-1,167,159,155,166,158,158,157,0,0,0,0,0,0,1,1,0,1,1,1,1,1,1,1
2026-07-03T19:43:42.941,tof2,4x4,lying,2992,3254,-1,3318,-1,1906,-1,2889,-1,-1,1475,1352,933,947,-1,1049,1,1,0,1,0,1,1,1,1,1,1,1,1,1,1,1
2026-07-03T19:43:42.964,tof1,4x4,lying,-1,-1,-1,-1,-1,-1,174,168,183,167,160,155,166,158,157,158,0,0,0,0,0,0,1,1,1,1,1,1,1,1,1,1
2026-07-03T19:43:43.108,tof2,4x4,lying,-1,3254,-1,3318,2116,1906,2133,2889,1617,-1,1474,-1,931,947,1066,1050,1,1,1,1,1,1,1,1,1,0,1,1,1,1,1,1
2026-07-03T19:43:43.159,tof1,4x4,lying,-1,-1,-1,-1,-1,-1,175,168,183,167,159,155,166,158,158,158,0,0,0,0,0,0,1,1,1,1,1,1,1,1,1,1
2026-07-03T19:43:43.293,tof2,4x4,lying,2982,3256,-1,3318,2111,1893,-1,2889,1617,1272,-1,1352,930,947,-1,1046,1,1,0,1,1,1,0,1,1,1,1,1,1,1,1,1
2026-07-03T19:43:43.374,tof1,4x4,lying,-1,-1,-1,-1,-1,-1,175,168,183,167,159,155,166,158,157,157,0,0,0,0,0,0,1,1,1,1,1,1,1,1,1,1
2026-07-03T19:43:43.459,tof2,4x4,lying,-1,3256,-1,3325,2111,-1,2133,2877,1603,-1,1473,-1,930,947,1070,1049,1,1,0,1,1,0,1,1,1,0,1,0,1,1,1,1
2026-07-03T19:43:43.624,tof1,4x4,lying,-1,-1,-1,-1,-1,-1,175,168,183,167,158,155,166,158,157,157,0,0,0,0,0,0,1,1,1,1,1,1,1,1,1,1
2026-07-03T19:43:43.628,tof2,4x4,lying,2966,3257,-1,3329,2095,-1,2155,2877,-1,1272,-1,-1,930,947,-1,1049,1,1,0,1,1,1,1,1,1,1,1,0,1,1,1,1
2026-07-03T19:43:43.846,tof1,4x4,lying,-1,-1,-1,-1,-1,-1,175,168,-1,168,158,156,166,158,158,157,0,0,0,0,0,0,1,1,0,1,1,1,1,1,1,1
2026-07-03T19:43:43.873,tof2,4x4,lying,-1,3257,-1,-1,2082,1360,-1,2895,-1,-1,1442,-1,930,948,1070,1049,1,1,0,1,1,1,0,1,1,0,1,0,1,1,1,1
2026-07-03T19:43:44.072,tof1,4x4,lying,-1,-1,-1,-1,-1,-1,175,168,183,167,158,155,166,158,158,157,0,0,0,0,0,0,1,1,1,1,1,1,1,1,1,1
2026-07-03T19:43:44.092,tof2,4x4,lying,2952,3257,-1,3325,-1,1360,2155,2895,1582,1269,1442,-1,930,948,1071,1049,1,1,0,1,0,1,1,1,1,1,1,0,1,1,1,1
2026-07-03T19:43:44.302,tof2,4x4,lying,-1,3251,-1,3325,2082,1360,2154,2895,-1,1267,-1,-1,931,951,1070,1049,0,1,0,1,1,1,1,1,1,1,1,0,1,1,1,1
2026-07-03T19:43:44.522,tof2,4x4,lying,2952,3253,3306,3323,2082,1851,-1,2918,-1,1267,-1,1400,931,951,1061,1047,1,1,1,1,1,1,0,1,1,1,1,1,1,1,1,1
2026-07-03T19:43:44.649,tof1,4x4,lying,-1,-1,-1,-1,-1,-1,175,168,182,167,158,156,166,159,157,157,0,0,0,0,0,0,1,1,1,1,1,1,1,1,1,1
2026-07-03T19:43:44.798,tof2,4x4,lying,-1,3251,-1,3323,-1,1351,-1,2895,1603,1267,1442,-1,932,951,1053,1047,0,1,1,1,0,1,0,1,1,1,1,0,1,1,1,1
2026-07-03T19:43:44.836,tof1,4x4,lying,-1,-1,-1,-1,-1,-1,176,168,182,167,158,156,166,159,158,157,0,0,0,0,0,0,1,1,1,1,1,1,1,1,1,1
2026-07-03T19:43:44.973,tof2,4x4,lying,2952,3249,-1,3314,2085,1349,-1,2882,-1,1287,-1,-1,932,951,1061,1047,1,1,0,1,1,1,0,1,1,1,1,0,1,1,1,1
2026-07-03T19:43:45.030,tof1,4x4,lying,-1,-1,-1,-1,-1,-1,176,168,182,167,159,156,166,159,158,157,0,0,0,0,0,0,1,1,1,1,1,1,1,1,1,1
2026-07-03T19:43:45.156,tof2,4x4,lying,2966,3251,-1,3315,-1,-1,2154,2924,1605,1287,-1,-1,926,950,1061,1047,1,1,0,1,0,1,1,1,1,1,1,0,1,1,1,1
2026-07-03T19:43:45.230,tof1,4x4,lying,-1,-1,-1,-1,-1,-1,176,168,182,166,158,156,166,159,158,157,0,0,0,0,0,0,1,1,1,1,1,1,1,1,1,1
2026-07-03T19:43:45.326,tof2,4x4,lying,2987,3253,-1,3323,-1,1349,-1,2890,-1,1301,1453,-1,926,-1,1061,1039,1,1,0,1,0,1,1,1,1,1,1,1,1,1,1,1
2026-07-03T19:43:45.418,tof1,4x4,lying,-1,230,-1,-1,231,-1,176,167,183,166,159,156,167,158,159,157,1,1,0,0,1,0,1,1,1,1,1,1,1,1,1,1
2026-07-03T19:43:45.515,tof2,4x4,lying,3041,3252,-1,3315,2139,1411,2151,2890,1605,1294,1453,-1,930,949,-1,1053,1,1,0,1,1,1,1,1,1,1,1,0,1,1,1,1
2026-07-03T19:43:45.653,tof1,4x4,lying,-1,-1,-1,-1,-1,-1,176,167,183,166,158,156,166,158,159,157,0,0,0,0,0,0,1,1,1,1,1,1,1,1,1,1
2026-07-03T19:43:45.737,tof2,4x4,lying,3034,3253,-1,3315,-1,1411,-1,2905,1605,-1,1467,-1,930,947,-1,1053,1,1,0,1,1,1,0,1,1,1,1,0,1,1,1,1
2026-07-03T19:43:47.251,tof2,4x4,lying,-1,3253,-1,3323,-1,-1,2150,2905,1605,1287,1474,1400,931,947,-1,1045,0,1,0,1,1,0,1,1,1,1,1,1,1,1,1,1
2026-07-03T19:43:47.265,tof1,4x4,lying,-1,-1,-1,-1,-1,-1,176,167,183,166,158,156,166,158,158,157,0,0,0,0,0,0,1,1,1,1,1,1,1,1,1,1
2026-07-03T19:43:47.408,tof2,4x4,lying,3034,3253,-1,3323,-1,-1,-1,2905,1586,1287,1474,-1,931,947,-1,1043,1,1,0,1,0,0,0,1,1,1,1,0,1,1,1,1
2026-07-03T19:43:47.449,tof1,4x4,lying,-1,-1,-1,-1,-1,-1,176,167,184,166,158,156,166,158,158,157,0,0,0,0,0,0,1,1,1,1,1,1,1,1,1,1
2026-07-03T19:43:47.623,tof2,4x4,lying,-1,3252,-1,3294,-1,-1,-1,2905,1559,-1,-1,-1,933,947,1063,1045,0,1,0,1,0,0,0,1,1,0,1,0,1,1,1,1
2026-07-03T19:43:47.656,tof1,4x4,lying,-1,230,229,-1,232,-1,177,167,183,167,159,156,166,158,158,157,0,1,1,0,1,0,1,1,1,1,1,1,1,1,1,1
2026-07-03T19:43:47.792,tof2,4x4,lying,3034,3253,-1,3316,-1,-1,2144,2905,1555,1294,-1,-1,931,947,1064,1045,1,1,0,1,1,0,1,1,1,1,1,1,1,1,1,1
2026-07-03T19:43:47.834,tof1,4x4,lying,-1,-1,-1,-1,-1,-1,177,167,183,167,159,156,166,158,158,158,0,0,0,0,0,0,1,1,1,1,1,1,1,1,1,1
2026-07-03T19:43:47.964,tof2,4x4,lying,3010,3258,-1,3316,2139,-1,-1,2919,1559,1294,1467,-1,931,947,-1,1051,1,1,1,1,1,0,1,1,1,1,1,0,1,1,1,1
2026-07-03T19:43:47.995,tof1,4x4,lying,-1,-1,-1,-1,-1,-1,177,167,-1,167,159,156,166,158,158,157,0,0,0,0,0,0,1,1,0,1,1,1,1,1,1,1
2026-07-03T19:43:48.130,tof2,4x4,lying,-1,3259,-1,3313,2138,-1,-1,2919,1559,1298,1467,-1,933,950,1064,1051,1,1,1,1,1,0,0,1,1,1,1,0,1,1,1,1
2026-07-03T19:43:48.177,tof1,4x4,lying,-1,231,-1,-1,232,-1,178,167,183,167,159,156,166,159,158,157,0,1,0,0,1,0,1,1,1,1,1,1,1,1,1,1
2026-07-03T19:43:48.295,tof2,4x4,lying,3010,3258,-1,3316,-1,-1,2144,2919,1559,1298,1433,-1,933,950,1068,1051,1,1,0,1,0,0,1,1,1,1,1,1,1,1,1,1
2026-07-03T19:43:48.364,tof1,4x4,lying,-1,-1,-1,-1,-1,-1,178,167,185,167,159,156,166,159,157,157,0,0,0,0,0,0,1,1,1,1,1,1,1,1,1,1
2026-07-03T19:43:48.450,tof2,4x4,lying,3010,3258,-1,3316,2138,-1,-1,2919,-1,-1,-1,-1,933,947,1068,1051,1,1,1,1,1,0,0,1,1,0,1,0,1,1,1,1
2026-07-03T19:43:48.627,tof2,4x4,lying,-1,3257,-1,3350,2096,-1,-1,2894,-1,-1,-1,-1,934,950,-1,1051,1,1,0,1,1,1,0,1,1,1,1,0,1,1,1,1
2026-07-03T19:43:48.847,tof1,4x4,lying,-1,-1,-1,-1,-1,-1,177,167,183,167,159,156,166,159,157,157,0,0,0,0,0,0,1,1,1,1,1,1,1,1,1,1
2026-07-03T19:43:48.862,tof2,4x4,lying,3014,3254,-1,3313,2084,-1,-1,2889,1594,1298,1433,-1,933,950,-1,1051,1,1,1,1,1,0,0,1,1,1,1,0,1,1,1,1
2026-07-03T19:43:49.054,tof1,4x4,lying,-1,-1,-1,-1,-1,-1,177,167,184,167,159,156,166,159,157,157,0,0,0,0,0,0,1,1,1,1,1,1,1,1,1,1
2026-07-03T19:43:49.082,tof2,4x4,lying,3026,3254,3306,3309,2096,-1,2150,2894,1621,1294,1429,-1,930,947,1065,1054,1,1,1,1,1,1,1,1,1,1,1,0,1,1,1,1
2026-07-03T19:43:49.297,tof1,4x4,lying,-1,231,229,-1,232,-1,177,167,183,167,159,156,167,159,157,158,1,1,1,0,1,0,1,1,1,1,1,1,1,1,1,1
2026-07-03T19:43:49.373,tof2,4x4,lying,3027,3254,-1,3309,2084,-1,2180,2894,1621,1281,1396,-1,930,947,-1,1054,1,1,0,1,1,1,1,1,1,1,1,0,1,1,1,1
2026-07-03T19:43:49.487,tof1,4x4,lying,-1,231,229,-1,232,-1,177,167,184,167,159,156,166,159,157,158,0,1,1,0,1,0,1,1,1,1,1,1,1,1,1,1
2026-07-03T19:43:49.560,tof2,4x4,lying,3026,3262,-1,3328,2096,1954,-1,2894,1621,-1,1429,-1,930,948,-1,1054,1,1,1,1,1,1,1,1,1,0,1,1,1,1,1,1
2026-07-03T19:43:49.651,tof1,4x4,lying,-1,-1,-1,-1,-1,-1,176,167,184,167,159,156,167,159,157,158,0,0,0,0,0,0,1,1,1,1,1,1,1,1,1,1
2026-07-03T19:43:49.748,tof2,4x4,lying,3026,3262,-1,3311,2096,1954,-1,2894,1626,-1,-1,-1,930,948,1065,1051,1,1,0,1,1,1,0,1,1,0,1,0,1,1,1,1
2026-07-03T19:43:49.825,tof1,4x4,lying,-1,231,-1,-1,231,-1,176,167,-1,168,160,156,167,159,158,158,1,1,0,0,1,0,1,1,0,1,1,1,1,1,1,1
2026-07-03T19:43:49.935,tof2,4x4,lying,2989,3262,3306,3315,-1,1954,-1,2894,1626,-1,-1,-1,930,948,1067,1051,1,1,1,1,0,1,0,1,1,0,1,0,1,1,1,1
2026-07-03T19:43:50.013,tof1,4x4,lying,-1,231,-1,-1,231,-1,175,168,184,167,160,156,167,159,158,158,1,1,0,0,1,0,1,1,1,1,1,1,1,1,1,1
2026-07-03T19:43:50.100,tof2,4x4,lying,2989,3259,-1,3327,2106,1936,-1,2906,1633,-1,1442,-1,935,948,-1,1049,1,1,0,1,1,1,0,1,1,1,1,0,1,1,1,1
2026-07-03T19:43:50.182,tof1,4x4,lying,-1,231,229,-1,230,-1,175,168,184,167,160,155,166,159,158,158,0,1,1,0,1,0,1,1,1,1,1,1,1,1,1,1
2026-07-03T19:43:50.268,tof2,4x4,lying,2989,3259,3363,3327,2113,-1,2180,2906,1547,1280,1442,-1,935,948,1065,1049,1,1,1,1,1,1,1,1,1,1,1,0,1,1,1,1
2026-07-03T19:43:50.342,tof1,4x4,lying,-1,-1,-1,-1,-1,-1,175,168,184,167,159,155,167,158,158,158,0,0,0,0,0,0,1,1,1,1,1,1,1,1,1,1
2026-07-03T19:43:50.444,tof2,4x4,lying,2988,3253,-1,3315,2126,1913,-1,2877,1543,-1,1442,-1,932,944,1067,1049,1,1,0,1,1,1,0,1,1,0,1,0,1,1,1,1
2026-07-03T19:43:50.518,tof1,4x4,lying,-1,-1,-1,-1,-1,-1,176,168,-1,167,159,155,166,158,158,157,0,0,0,0,0,0,1,1,0,1,1,1,1,1,1,1
2026-07-03T19:43:50.629,tof2,4x4,lying,2965,3253,-1,3322,-1,1913,2180,2901,1543,-1,1442,-1,930,944,-1,1049,1,1,0,1,1,1,1,1,1,1,1,0,1,1,1,1
2026-07-03T19:43:50.676,tof1,4x4,lying,225,231,229,-1,230,-1,176,167,184,167,159,155,166,158,158,157,1,1,1,0,1,0,1,1,1,1,1,1,1,1,1,1
2026-07-03T19:43:50.778,tof2,4x4,lying,2991,3253,-1,3323,-1,1364,2182,2909,-1,-1,1442,-1,932,954,1067,1048,1,1,0,1,0,1,1,1,1,1,1,0,1,1,1,1
2026-07-03T19:43:50.840,tof1,4x4,lying,-1,-1,-1,-1,-1,-1,176,167,183,167,159,155,166,158,158,157,0,0,0,0,0,0,1,1,1,1,1,1,1,1,1,1
2026-07-03T19:43:50.953,tof2,4x4,lying,2991,3260,-1,3323,2129,1364,-1,2901,1575,1280,1464,-1,930,954,-1,1048,1,1,0,1,1,1,1,1,1,1,1,1,1,1,1,1
2026-07-03T19:43:51.012,tof1,4x4,lying,-1,-1,-1,-1,231,-1,176,167,-1,166,159,156,167,158,158,157,0,0,0,0,1,0,1,1,0,1,1,1,1,1,1,1
2026-07-03T19:43:51.101,tof2,4x4,lying,2965,3257,3306,3322,-1,1882,-1,2901,1575,-1,1464,1400,928,951,1065,1048,1,1,1,1,1,1,1,1,1,1,1,1,1,1,1,1
2026-07-03T19:43:51.168,tof1,4x4,lying,-1,231,229,-1,231,-1,176,167,182,167,158,156,166,158,157,157,1,1,1,0,1,0,1,1,1,1,1,1,1,1,1,1
2026-07-03T19:43:51.265,tof2,4x4,lying,2944,3257,3306,-1,2133,1371,2168,2910,-1,-1,-1,-1,930,952,1065,1048,1,1,1,1,1,1,1,1,1,0,1,0,1,1,1,1
2026-07-03T19:43:51.339,tof1,4x4,lying,-1,-1,-1,-1,-1,-1,176,167,182,167,159,156,166,158,156,158,0,0,0,0,0,0,1,1,1,1,1,1,1,1,1,1
2026-07-03T19:43:51.456,tof2,4x4,lying,-1,3257,-1,3322,-1,1366,2162,2910,1575,1281,1464,-1,928,951,1065,1049,0,1,0,1,1,1,1,1,1,1,1,1,1,1,1,1
2026-07-03T19:43:51.503,tof1,4x4,lying,-1,-1,-1,-1,-1,-1,176,167,-1,168,158,156,166,158,158,157,0,0,0,0,0,0,1,1,0,1,1,1,1,1,1,1
2026-07-03T19:43:51.630,tof2,4x4,lying,2991,3257,-1,3307,-1,-1,-1,2897,1575,1281,1470,-1,928,951,-1,1049,1,1,0,1,1,1,0,1,1,1,1,0,1,1,1,1
2026-07-03T19:43:51.657,tof1,4x4,lying,-1,-1,-1,-1,-1,-1,176,167,182,167,159,156,166,158,156,157,0,0,0,0,0,0,1,1,1,1,1,1,1,1,1,1
2026-07-03T19:43:51.794,tof2,4x4,lying,3015,3250,-1,3307,-1,1371,2162,2904,1573,1273,-1,-1,928,951,1065,1049,1,1,1,1,0,1,1,1,1,1,1,0,1,1,1,1
2026-07-03T19:43:51.819,tof1,4x4,lying,-1,-1,-1,-1,-1,-1,176,168,182,167,159,156,166,158,156,157,0,0,0,0,0,0,1,1,1,1,1,1,1,1,1,1
2026-07-03T19:43:51.987,tof2,4x4,lying,2986,3250,-1,3303,2133,1382,-1,2897,1566,-1,1470,-1,929,949,-1,1049,1,1,1,1,1,1,1,1,1,0,1,1,1,1,1,1
2026-07-03T19:43:52.000,tof1,4x4,lying,-1,-1,-1,-1,231,-1,174,168,181,167,159,155,166,158,157,157,0,0,0,0,1,0,1,1,1,1,1,1,1,1,1,1
2026-07-03T19:43:52.179,tof2,4x4,lying,2986,3251,-1,3307,-1,1371,2162,2897,1543,-1,1482,-1,925,949,1064,1048,1,1,1,1,0,1,1,1,1,1,1,0,1,1,1,1
2026-07-03T19:43:52.180,tof1,4x4,lying,-1,-1,-1,-1,-1,-1,175,168,181,166,159,155,166,158,157,157,0,0,0,0,0,0,1,1,1,1,1,1,1,1,1,1
2026-07-03T19:43:52.385,tof2,4x4,lying,-1,3246,-1,3307,-1,1366,2162,2902,1566,-1,-1,-1,927,949,-1,1041,0,1,0,1,1,1,1,1,1,1,1,0,1,1,1,1
2026-07-03T19:43:52.397,tof1,4x4,lying,-1,230,228,-1,231,-1,175,168,181,166,159,155,166,158,157,157,0,1,1,0,1,0,1,1,1,1,1,1,1,1,1,1
2026-07-03T19:43:52.604,tof1,4x4,lying,-1,-1,-1,-1,-1,-1,175,167,182,166,159,155,166,158,157,156,0,0,0,0,0,0,1,1,1,1,1,1,1,1,1,1
2026-07-03T19:43:52.683,tof2,4x4,lying,2986,3251,-1,3318,-1,1382,-1,2902,1566,-1,1454,1400,927,949,-1,1047,1,1,0,1,0,1,0,1,1,0,1,1,1,1,1,1
2026-07-03T19:43:52.801,tof1,4x4,lying,-1,-1,-1,-1,-1,-1,175,167,182,166,159,155,166,159,157,156,0,0,0,0,0,0,1,1,1,1,1,1,1,1,1,1
2026-07-03T19:43:52.876,tof2,4x4,lying,2984,3268,3308,3309,2149,1379,2162,2889,1566,1290,1436,-1,927,956,-1,1046,1,1,1,1,1,1,1,1,1,1,1,0,1,1,1,1
2026-07-03T19:43:53.006,tof1,4x4,lying,-1,-1,-1,-1,-1,-1,175,167,-1,166,159,155,166,158,157,157,0,0,0,0,0,0,1,1,0,1,1,1,1,1,1,1
2026-07-03T19:43:53.033,tof2,4x4,lying,-1,3251,-1,-1,-1,1379,-1,2889,1538,1285,1436,-1,926,956,-1,1045,1,1,0,1,1,1,0,1,1,1,1,0,1,1,1,1
2026-07-03T19:43:53.177,tof1,4x4,lying,-1,-1,-1,-1,-1,-1,175,167,183,166,159,155,166,158,157,157,0,0,0,0,0,0,1,1,1,1,1,1,1,1,1,1
2026-07-03T19:43:53.238,tof2,4x4,lying,2977,3268,-1,3318,2136,1386,-1,2889,1594,-1,1465,-1,927,955,-1,1046,1,1,0,1,1,1,1,1,1,1,1,1,1,1,1,1
2026-07-03T19:43:53.350,tof1,4x4,lying,-1,-1,-1,-1,-1,-1,175,167,-1,166,159,155,167,158,157,156,0,1,0,0,0,0,1,1,0,1,1,1,1,1,1,1
2026-07-03T19:43:53.437,tof2,4x4,lying,2964,3268,-1,3317,2133,1386,2164,2888,-1,1285,-1,-1,928,955,-1,1047,1,1,1,1,1,1,1,1,1,1,1,0,1,1,1,1
2026-07-03T19:43:53.527,tof1,4x4,lying,-1,-1,-1,-1,-1,-1,176,167,183,166,160,155,168,158,157,156,0,0,0,0,0,0,1,1,1,1,1,1,1,1,1,1
2026-07-03T19:43:53.617,tof2,4x4,lying,2964,3264,-1,3318,2120,-1,2164,2887,1594,-1,-1,-1,928,954,-1,1047,1,1,0,1,1,1,1,1,1,1,1,0,1,1,1,1
2026-07-03T19:43:53.689,tof1,4x4,lying,-1,-1,-1,-1,-1,-1,176,168,183,166,160,155,167,158,158,158,0,0,0,0,0,0,1,1,1,1,1,1,1,1,1,1
2026-07-03T19:43:53.777,tof2,4x4,lying,2964,3264,-1,3330,-1,-1,2164,2888,1607,1297,1436,-1,929,951,1067,1049,1,1,0,1,1,0,1,1,1,1,1,0,1,1,1,1
2026-07-03T19:43:53.861,tof1,4x4,lying,-1,-1,-1,-1,-1,-1,176,167,183,166,160,155,168,158,158,157,0,0,0,0,0,0,1,1,1,1,1,1,1,1,1,1
2026-07-03T19:43:54.005,tof2,4x4,lying,2968,3264,-1,3330,2121,1890,-1,2892,1602,1297,-1,-1,929,951,-1,1051,1,1,1,1,1,1,1,1,1,1,1,0,1,1,1,1
2026-07-03T19:43:54.064,tof1,4x4,lying,-1,-1,-1,-1,-1,-1,175,167,-1,167,159,156,168,158,158,157,0,0,0,0,0,0,1,1,0,1,1,1,1,1,1,1
