timestamp,sensor,resolution,label,d0,d1,d2,d3,d4,d5,d6,d7,d8,d9,d10,d11,d12,d13,d14,d15,d16,d17,d18,d19,d20,d21,d22,d23,d24,d25,d26,d27,d28,d29,d30,d31,d32,d33,d34,d35,d36,d37,d38,d39,d40,d41,d42,d43,d44,d45,d46,d47,d48,d49,d50,d51,d52,d53,d54,d55,d56,d57,d58,d59,d60,d61,d62,d63,t0,t1,t2,t3,t4,t5,t6,t7,t8,t9,t10,t11,t12,t13,t14,t15,t16,t17,t18,t19,t20,t21,t22,t23,t24,t25,t26,t27,t28,t29,t30,t31,t32,t33,t34,t35,t36,t37,t38,t39,t40,t41,t42,t43,t44,t45,t46,t47,t48,t49,t50,t51,t52,t53,t54,t55,t56,t57,t58,t59,t60,t61,t62,t63
2026-07-07T17:17:44.598,tof1,8x8,side_right,-1,-1,-1,-1,-1,-1,-1,-1,-1,-1,-1,-1,-1,-1,-1,-1,-1,-1,-1,-1,-1,-1,-1,-1,-1,-1,-1,-1,-1,-1,-1,-1,-1,-1,-1,-1,415,391,389,387,-1,-1,475,421,368,347,343,366,-1,556,440,370,355,342,327,359,-1,508,405,366,341,309,310,290,0,0,0,0,0,0,0,0,0,0,0,0,0,0,0,0,0,0,0,0,0,0,0,0,0,0,0,0,0,0,0,0,0,0,0,0,1,1,1,1,0,0,1,1,1,1,1,1,0,1,1,1,1,1,1,1,0,1,1,1,1,1,1,1
2026-07-07T17:17:44.607,tof2,8x8,side_right,-1,-1,3197,-1,-1,-1,-1,-1,-1,-1,-1,-1,-1,-1,-1,-1,-1,-1,-1,-1,-1,-1,-1,-1,-1,-1,-1,-1,-1,-1,-1,-1,-1,1705,-1,-1,-1,-1,-1,-1,1385,-1,-1,-1,1362,1418,-1,-1,1146,1188,967,984,-1,1214,1163,-1,996,1021,1006,892,876,903,1003,990,0,0,1,1,0,0,1,0,0,0,0,0,0,0,0,0,0,0,0,1,0,0,0,0,0,0,0,0,0,0,0,0,0,1,0,0,0,0,0,0,1,0,0,0,1,1,1,0,1,1,1,1,1,1,1,0,1,1,1,1,1,1,1,1
2026-07-07T17:17:45.216,tof1,8x8,side_right,-1,-1,-1,-1,-1,-1,-1,-1,-1,-1,-1,-1,-1,-1,-1,-1,-1,-1,-1,-1,-1,-1,-1,-1,-1,-1,-1,-1,-1,-1,-1,-1,-1,-1,-1,-1,410,408,392,390,-1,-1,494,417,362,344,342,374,-1,549,444,384,341,337,317,353,867,569,407,371,340,315,310,298,0,0,0,0,0,0,0,0,0,0,0,0,0,0,0,0,0,0,0,0,0,0,0,0,0,0,0,0,0,0,0,0,0,0,0,0,1,1,1,1,0,0,1,1,1,1,1,1,0,1,1,1,1,1,1,1,1,1,1,1,1,1,1,1
2026-07-07T17:17:45.220,tof2,8x8,side_right,-1,-1,3197,-1,-1,-1,-1,-1,-1,-1,-1,-1,-1,-1,-1,-1,-1,-1,-1,-1,-1,-1,-1,-1,-1,-1,-1,-1,-1,-1,-1,-1,-1,1680,-1,-1,-1,-1,-1,-1,1369,-1,-1,1102,-1,1354,-1,-1,1179,1179,-1,960,-1,-1,1195,-1,991,998,1008,949,896,941,1018,991,0,0,1,0,0,0,0,0,0,0,0,0,0,0,0,0,0,0,0,0,0,0,0,0,0,0,0,0,0,0,0,0,0,1,0,0,0,0,0,1,1,0,0,1,0,1,0,0,1,1,0,1,0,1,1,0,1,1,1,1,1,1,1,1
2026-07-07T17:17:45.525,tof2,8x8,side_right,-1,-1,3175,3212,-1,-1,-1,-1,-1,-1,-1,-1,-1,-1,-1,-1,-1,-1,-1,-1,-1,-1,-1,-1,-1,-1,-1,-1,-1,-1,-1,-1,-1,-1,-1,-1,-1,-1,-1,-1,1360,-1,-1,-1,-1,-1,-1,-1,1168,1176,-1,-1,-1,-1,1126,-1,1003,1005,1000,949,898,924,1016,980,0,0,1,1,0,0,0,0,0,0,0,0,0,0,0,0,0,0,0,0,0,0,0,1,0,0,0,0,0,0,0,0,0,0,0,1,0,0,0,0,1,0,0,0,0,1,0,0,1,1,0,0,0,1,1,0,1,1,1,1,1,1,1,1
2026-07-07T17:17:45.634,tof2,8x8,side_right,-1,-1,3189,-1,-1,-1,-1,-1,-1,-1,-1,-1,-1,-1,-1,-1,-1,-1,-1,-1,-1,-1,-1,-1,-1,-1,-1,-1,-1,-1,-1,-1,-1,1685,-1,-1,-1,-1,-1,-1,1401,-1,-1,-1,1343,1378,-1,-1,1223,-1,-1,-1,-1,1254,1226,-1,1003,1016,1001,934,-1,954,1005,1005,0,0,1,0,0,0,0,0,0,0,0,0,0,0,0,0,0,0,0,1,0,0,0,1,0,0,0,0,0,0,0,0,0,1,0,0,0,0,0,0,1,0,0,0,1,1,0,0,1,1,0,0,0,1,1,0,1,1,1,1,1,1,1,1
2026-07-07T17:17:45.734,tof2,8x8,side_right,-1,-1,3202,3142,-1,-1,-1,-1,-1,-1,-1,-1,-1,-1,-1,-1,-1,-1,-1,1405,-1,-1,-1,-1,-1,-1,-1,-1,-1,-1,-1,-1,-1,-1,-1,-1,-1,-1,-1,-1,1392,-1,-1,-1,-1,1405,-1,-1,1211,1183,-1,986,-1,-1,1151,-1,1006,1019,1006,-1,-1,936,1016,998,0,1,1,1,0,1,0,0,0,0,0,0,0,0,1,1,0,0,0,1,0,0,1,0,0,0,0,0,0,0,0,0,0,0,0,0,0,0,0,0,1,1,0,0,0,1,0,0,1,1,1,1,0,1,1,0,1,1,1,0,0,1,1,1
2026-07-07T17:17:45.912,tof2,8x8,side_right,-1,-1,3192,-1,-1,-1,-1,-1,-1,-1,-1,-1,-1,-1,-1,-1,-1,-1,-1,-1,-1,-1,-1,-1,-1,-1,-1,-1,-1,-1,-1,-1,-1,-1,-1,-1,-1,-1,-1,-1,1354,-1,-1,-1,-1,1354,-1,-1,1177,1203,-1,-1,-1,-1,1166,-1,996,1018,1006,-1,-1,930,1003,978,0,0,1,0,0,0,0,1,0,0,0,0,0,0,0,0,0,0,0,0,0,0,0,0,0,0,0,0,0,0,0,0,0,1,0,0,0,0,0,0,1,0,0,0,0,1,0,0,1,1,0,0,0,1,1,1,1,1,1,1,1,1,1,1
2026-07-07T17:17:46.728,tof1,8x8,side_right,-1,-1,-1,-1,-1,-1,-1,-1,-1,-1,-1,-1,-1,-1,-1,-1,-1,-1,-1,-1,-1,-1,-1,-1,-1,-1,-1,-1,-1,-1,-1,-1,-1,-1,-1,-1,420,416,394,387,-1,-1,450,416,389,353,349,369,-1,596,438,383,371,334,327,351,-1,558,405,364,339,318,305,300,0,0,0,0,0,0,0,0,0,0,0,0,0,0,0,0,0,0,0,0,0,0,0,0,0,0,0,0,1,0,0,0,0,0,0,0,1,1,1,1,0,0,1,1,1,1,1,1,0,1,1,1,1,1,1,1,0,1,1,1,1,1,1,1
2026-07-07T17:17:46.713,tof2,8x8,side_right,-1,-1,3188,-1,-1,-1,-1,-1,-1,-1,-1,-1,-1,-1,-1,-1,-1,-1,-1,-1,-1,-1,-1,-1,-1,-1,-1,-1,-1,-1,-1,-1,-1,1624,-1,-1,-1,-1,-1,-1,1388,-1,-1,-1,1292,1389,-1,-1,1177,1196,-1,963,-1,1189,1142,1096,1005,1006,993,-1,-1,927,1003,996,0,0,1,0,0,0,0,0,0,0,0,0,0,0,0,0,0,0,1,0,0,0,0,0,0,0,0,0,0,0,0,0,0,1,0,0,0,0,0,0,1,0,0,0,1,1,1,0,1,1,0,1,0,1,1,1,1,1,1,0,0,1,1,1
2026-07-07T17:17:47.080,tof1,8x8,side_right,-1,-1,-1,-1,-1,-1,-1,-1,-1,-1,-1,-1,-1,-1,-1,-1,-1,-1,-1,-1,-1,-1,-1,-1,-1,-1,-1,-1,-1,-1,-1,-1,-1,-1,-1,-1,416,389,400,387,-1,-1,489,406,378,350,334,368,-1,622,433,383,355,330,327,341,877,533,403,356,339,308,309,287,0,0,0,0,0,0,0,0,0,0,0,0,0,0,0,0,0,0,0,0,0,0,0,0,0,0,0,0,0,0,0,0,0,0,0,0,1,1,1,1,0,0,1,1,1,1,1,1,0,1,1,1,1,1,1,1,1,1,1,1,1,1,1,1
2026-07-07T17:17:47.306,tof1,8x8,side_right,-1,-1,-1,-1,-1,-1,-1,-1,-1,-1,-1,-1,-1,-1,-1,-1,-1,-1,-1,-1,-1,-1,-1,-1,-1,-1,-1,-1,-1,-1,-1,-1,-1,-1,-1,-1,386,391,411,396,-1,-1,481,410,383,351,357,385,-1,608,429,378,358,336,314,346,-1,535,418,356,328,329,299,293,0,0,0,0,0,0,0,0,0,0,0,0,0,0,0,0,0,0,0,0,0,0,0,0,0,0,0,0,0,0,1,0,0,0,0,0,1,1,1,1,0,0,1,1,1,1,1,1,0,1,1,1,1,1,1,1,1,1,1,1,1,1,1,1
2026-07-07T17:17:47.419,tof2,8x8,side_right,-1,-1,3176,-1,-1,-1,-1,-1,-1,-1,-1,-1,-1,-1,-1,-1,-1,-1,-1,-1,-1,-1,-1,-1,-1,-1,-1,-1,-1,-1,-1,-1,-1,1809,-1,-1,-1,-1,-1,-1,1511,-1,-1,-1,1349,1406,-1,-1,1206,-1,-1,980,-1,1227,1116,2254,1012,1012,1003,-1,-1,938,1006,981,0,1,1,0,0,0,0,1,0,0,0,0,0,0,0,0,0,0,0,0,0,0,0,0,0,0,0,0,0,0,0,0,0,1,0,0,0,0,0,0,1,0,0,0,1,1,1,0,1,1,0,1,0,1,1,1,1,1,1,1,0,1,1,1
2026-07-07T17:17:47.717,tof2,8x8,side_right,-1,-1,3172,3230,-1,-1,-1,-1,-1,-1,-1,-1,-1,-1,-1,-1,-1,-1,-1,-1,-1,-1,-1,-1,-1,-1,-1,-1,-1,-1,-1,-1,-1,-1,1416,-1,-1,-1,-1,-1,1408,-1,-1,-1,-1,1397,-1,-1,1212,1202,-1,-1,-1,-1,1212,-1,999,1017,1019,960,876,906,1018,1002,0,0,1,1,0,0,1,0,0,0,0,0,0,0,0,0,0,0,0,1,0,0,0,0,0,0,0,0,0,0,0,0,0,0,1,0,0,0,0,0,1,0,0,0,0,1,0,0,1,1,0,0,1,1,1,1,1,1,1,1,1,1,1,1
2026-07-07T17:17:48.575,tof1,8x8,side_right,-1,-1,-1,-1,-1,-1,-1,-1,-1,-1,-1,-1,-1,-1,-1,-1,-1,-1,-1,-1,-1,-1,-1,-1,-1,-1,-1,-1,-1,-1,-1,-1,-1,-1,-1,-1,414,387,382,391,-1,-1,481,416,378,350,350,369,-1,585,429,377,352,321,324,351,910,566,401,360,350,313,304,291,0,0,0,0,0,0,0,0,0,0,0,0,0,0,0,0,0,0,0,0,0,0,0,0,0,0,0,0,0,1,0,0,0,1,0,0,1,1,1,1,0,0,1,1,1,1,1,1,0,1,1,1,1,1,1,1,1,1,1,1,1,1,1,1
2026-07-07T17:17:48.571,tof2,8x8,side_right,-1,-1,3198,3240,-1,-1,-1,-1,-1,-1,-1,-1,-1,-1,-1,-1,-1,-1,-1,2954,-1,-1,-1,-1,-1,-1,-1,-1,-1,-1,-1,-1,-1,1670,1455,-1,-1,-1,-1,-1,1421,-1,-1,-1,-1,1387,-1,-1,1203,1174,-1,1029,-1,-1,1202,-1,1002,1005,1000,-1,-1,925,1011,987,0,0,1,1,0,0,0,0,0,0,0,0,0,0,0,0,0,0,0,1,0,0,0,0,0,0,0,0,0,0,0,0,0,1,1,0,0,0,0,0,1,0,0,0,1,1,0,0,1,1,0,1,0,1,1,0,1,1,1,1,0,1,1,1
2026-07-07T17:17:49.348,tof1,8x8,side_right,-1,-1,-1,-1,-1,-1,-1,-1,-1,-1,-1,-1,-1,-1,-1,-1,-1,-1,-1,-1,-1,-1,-1,-1,-1,-1,-1,-1,-1,-1,-1,-1,-1,-1,-1,-1,423,392,381,391,-1,-1,481,408,365,356,348,392,-1,576,446,387,342,331,322,343,913,-1,421,361,333,320,302,290,0,0,0,0,0,0,0,0,0,0,0,0,0,0,0,0,0,0,0,0,0,0,0,0,0,0,0,0,0,0,0,0,0,0,0,0,1,1,1,1,0,0,1,1,1,1,1,1,0,1,1,1,1,1,1,1,1,0,1,1,1,1,1,1
2026-07-07T17:17:49.347,tof2,8x8,side_right,-1,-1,3185,3216,-1,-1,-1,-1,-1,-1,-1,-1,-1,-1,-1,-1,-1,-1,-1,-1,-1,-1,-1,-1,-1,-1,-1,-1,-1,-1,-1,-1,-1,1653,-1,-1,-1,-1,-1,-1,1367,-1,-1,-1,1288,1440,-1,-1,1199,1178,-1,975,-1,1202,1166,-1,996,1023,1010,880,-1,922,1020,973,0,0,1,1,0,0,1,1,0,0,0,0,0,0,0,0,0,0,0,0,0,0,0,0,0,0,0,0,0,0,0,0,0,1,0,0,0,0,0,0,1,0,0,0,1,1,0,0,1,1,0,1,1,1,1,0,1,1,1,1,0,1,1,1
2026-07-07T17:17:49.670,tof1,8x8,side_right,-1,-1,-1,-1,-1,-1,-1,-1,-1,-1,-1,-1,-1,-1,-1,-1,-1,-1,-1,-1,-1,-1,-1,-1,-1,-1,-1,-1,-1,411,-1,-1,-1,-1,-1,-1,405,404,392,397,-1,-1,505,425,382,346,357,369,-1,583,443,377,362,333,329,365,867,569,419,357,331,321,301,290,0,0,0,0,0,0,0,0,0,0,0,0,0,0,0,0,0,0,0,0,0,0,0,0,0,0,0,0,0,1,0,0,0,0,0,0,1,1,1,1,0,0,1,1,1,1,1,1,0,1,1,1,1,1,1,1,1,1,1,1,1,1,1,1
2026-07-07T17:17:50.058,tof2,8x8,side_right,-1,-1,3230,-1,-1,-1,-1,3335,-1,-1,-1,-1,-1,-1,-1,-1,-1,-1,-1,-1,-1,-1,-1,-1,-1,-1,-1,-1,-1,-1,-1,-1,-1,1728,-1,-1,-1,-1,-1,-1,1432,-1,-1,-1,-1,1390,-1,-1,1182,1194,-1,-1,-1,1201,1188,-1,1001,1009,1017,895,-1,954,1018,993,0,0,1,0,0,0,0,1,0,0,0,0,0,0,0,0,0,0,0,0,0,0,0,0,0,0,0,0,0,0,0,0,0,1,0,0,0,0,0,0,1,0,0,0,1,1,0,0,1,1,0,0,0,1,1,0,1,1,1,1,1,1,1,1
2026-07-07T17:17:50.158,tof1,8x8,side_right,-1,-1,-1,-1,-1,-1,-1,-1,-1,-1,-1,-1,-1,-1,-1,-1,-1,-1,-1,-1,-1,-1,-1,-1,-1,-1,-1,-1,-1,-1,-1,-1,-1,-1,-1,-1,413,405,386,403,-1,-1,441,411,375,353,347,369,-1,570,433,379,361,338,319,368,-1,467,408,363,341,316,306,298,0,0,0,0,0,0,0,0,0,0,0,0,0,0,0,0,0,0,0,0,0,0,0,0,0,0,0,0,0,0,0,0,0,1,0,0,1,1,1,1,0,0,1,1,1,1,1,1,0,1,1,1,1,1,1,1,0,1,1,1,1,1,1,1
2026-07-07T17:17:50.180,tof2,8x8,side_right,-1,-1,3156,3193,-1,-1,-1,-1,-1,-1,-1,-1,-1,-1,-1,-1,-1,-1,-1,-1,-1,-1,-1,-1,-1,-1,-1,-1,-1,-1,-1,-1,-1,1773,-1,-1,-1,-1,-1,-1,1421,-1,-1,-1,-1,-1,-1,-1,1187,1175,1082,-1,-1,1277,1181,1062,991,1010,989,-1,-1,904,1008,983,0,0,1,1,1,0,0,1,0,0,0,0,0,0,0,0,0,0,0,0,0,0,0,0,0,0,0,1,0,0,0,0,0,1,0,0,0,0,0,0,1,0,0,0,1,0,0,0,1,1,1,0,0,1,1,1,1,1,1,1,1,1,1,1
2026-07-07T17:17:50.282,tof1,8x8,side_right,-1,-1,-1,-1,-1,-1,-1,-1,-1,-1,-1,-1,-1,-1,-1,-1,-1,-1,-1,-1,-1,-1,-1,-1,-1,-1,-1,-1,-1,-1,-1,-1,-1,-1,-1,-1,414,405,384,416,-1,-1,468,423,372,347,348,371,-1,603,460,378,360,332,326,357,-1,521,407,363,333,315,302,293,0,0,0,0,0,0,0,0,0,0,0,0,0,0,0,0,0,0,0,0,0,0,0,0,0,0,0,0,0,0,0,1,0,0,0,0,1,1,1,1,0,0,1,1,1,1,1,1,0,1,1,1,1,1,1,1,1,1,1,1,1,1,1,1
2026-07-07T17:17:50.719,tof2,8x8,side_right,-1,-1,3193,-1,-1,-1,-1,-1,-1,-1,-1,-1,-1,-1,-1,-1,-1,-1,-1,-1,-1,-1,-1,-1,-1,-1,-1,-1,-1,-1,-1,-1,-1,1748,-1,-1,-1,-1,-1,-1,1378,-1,-1,1097,1332,1375,-1,-1,1202,1203,-1,1003,-1,1252,1150,-1,1002,1001,1022,942,-1,927,1023,987,0,0,1,0,0,0,0,0,0,0,0,0,0,0,1,0,0,0,0,0,0,0,0,0,0,0,0,0,0,0,0,0,0,1,1,0,0,0,0,0,1,0,0,1,1,1,0,0,1,1,0,1,0,1,1,1,1,1,1,1,0,1,1,1
2026-07-07T17:17:50.811,tof1,8x8,side_right,-1,-1,-1,-1,-1,-1,-1,-1,-1,-1,-1,-1,-1,-1,-1,-1,-1,-1,-1,-1,-1,-1,-1,-1,-1,-1,-1,-1,-1,-1,-1,-1,-1,-1,-1,-1,407,412,394,384,-1,-1,468,430,371,353,348,375,-1,585,436,381,362,332,328,356,861,512,405,370,334,315,298,296,0,0,0,0,0,0,0,0,0,0,0,0,0,0,0,0,0,0,0,0,0,0,0,0,0,0,0,0,0,0,0,0,0,0,0,0,1,1,1,1,0,0,1,1,1,1,1,1,0,1,1,1,1,1,1,1,1,1,1,1,1,1,1,1
2026-07-07T17:17:50.932,tof2,8x8,side_right,-1,-1,3178,3211,-1,-1,-1,-1,-1,-1,-1,-1,-1,-1,-1,-1,-1,-1,-1,-1,-1,-1,-1,-1,-1,-1,-1,-1,-1,-1,-1,-1,-1,1698,-1,-1,-1,-1,-1,-1,1409,-1,-1,-1,-1,1394,-1,-1,1222,1182,-1,-1,-1,1218,1162,-1,991,1013,1007,959,-1,914,1014,979,0,0,1,1,0,0,0,0,0,0,0,0,0,0,0,0,0,0,0,0,0,0,0,0,0,0,0,0,0,0,0,0,0,1,0,0,0,0,0,0,1,1,0,0,0,1,0,0,1,1,0,0,0,1,1,0,1,1,1,1,0,1,1,1
2026-07-07T17:17:51.411,tof1,8x8,side_right,-1,-1,-1,-1,-1,-1,-1,-1,-1,-1,-1,-1,-1,-1,-1,-1,-1,-1,-1,-1,-1,-1,-1,-1,-1,-1,-1,-1,-1,-1,-1,-1,-1,-1,-1,-1,409,412,367,395,-1,-1,459,415,380,363,354,379,-1,584,416,373,354,330,323,355,886,540,415,362,339,324,311,289,0,0,0,0,0,0,0,0,0,0,0,0,0,0,0,0,0,0,0,0,0,0,0,0,0,0,0,0,0,0,0,0,0,0,0,0,1,1,1,1,0,0,1,1,1,1,1,1,0,1,1,1,1,1,1,1,1,1,1,1,1,1,1,1
2026-07-07T17:17:51.458,tof2,8x8,side_right,-1,-1,3207,3213,-1,-1,-1,3275,-1,-1,-1,-1,-1,-1,-1,-1,-1,-1,-1,-1,-1,-1,-1,-1,-1,-1,-1,-1,-1,-1,-1,-1,-1,-1,-1,-1,-1,-1,-1,-1,1395,-1,-1,-1,-1,1421,-1,-1,1184,1180,-1,-1,-1,1254,1152,-1,1002,995,1018,927,-1,920,1015,990,1,0,1,1,0,0,0,1,0,0,0,0,0,0,0,0,0,0,0,0,0,0,0,0,0,0,0,0,0,0,0,0,0,1,0,0,0,0,0,0,1,0,0,0,0,1,0,0,1,1,0,0,0,1,1,0,1,1,1,1,0,1,1,1
2026-07-07T17:17:51.489,tof2,8x8,side_right,-1,-1,3200,-1,-1,-1,-1,-1,-1,-1,-1,-1,-1,-1,-1,-1,-1,-1,-1,-1,-1,-1,-1,-1,-1,-1,-1,-1,-1,-1,-1,-1,-1,1804,-1,-1,-1,-1,-1,-1,-1,-1,-1,-1,1274,1391,-1,-1,1229,1184,-1,976,-1,-1,1154,-1,990,1003,1012,-1,-1,927,1019,982,0,0,1,1,0,0,0,0,0,0,0,0,0,0,0,0,0,0,0,0,0,0,0,0,0,0,0,0,0,0,0,0,0,1,0,0,0,0,0,0,1,0,0,0,1,1,1,0,1,1,0,1,0,1,1,0,1,1,1,0,1,1,1,1
2026-07-07T17:17:51.895,tof1,8x8,side_right,-1,-1,-1,-1,-1,-1,-1,-1,-1,-1,-1,-1,-1,-1,-1,-1,-1,-1,-1,-1,-1,-1,-1,-1,-1,-1,-1,-1,-1,-1,-1,-1,-1,-1,-1,-1,424,401,381,397,-1,-1,459,417,372,353,347,364,-1,568,429,386,350,328,324,355,908,491,407,367,326,324,310,302,0,0,0,0,0,0,0,0,0,0,0,0,0,0,0,0,0,0,0,0,0,0,0,0,0,0,0,0,0,1,0,0,0,0,0,1,1,1,1,1,0,0,1,1,1,1,1,1,0,1,1,1,1,1,1,1,1,1,1,1,1,1,1,1
2026-07-07T17:17:51.910,tof1,8x8,side_right,-1,-1,-1,-1,-1,-1,-1,-1,-1,-1,-1,-1,-1,-1,-1,-1,-1,-1,-1,-1,-1,-1,-1,-1,-1,-1,-1,-1,-1,-1,-1,-1,-1,-1,-1,-1,416,400,382,390,-1,-1,487,443,389,370,342,366,-1,602,441,392,377,349,325,357,914,512,434,366,349,329,309,296,0,0,0,0,0,0,0,0,0,0,0,0,0,0,0,0,0,0,0,0,0,0,0,0,0,0,0,0,0,0,0,0,0,0,0,0,1,1,1,1,0,0,1,1,1,1,1,1,0,1,1,1,1,1,1,1,1,1,1,1,1,1,1,1
2026-07-07T17:17:51.964,tof2,8x8,side_right,-1,-1,3193,-1,-1,-1,-1,-1,-1,-1,-1,-1,-1,-1,-1,-1,-1,-1,-1,-1,-1,-1,-1,-1,-1,-1,-1,-1,-1,-1,-1,-1,-1,1634,-1,-1,-1,-1,-1,-1,1311,-1,-1,-1,-1,1345,-1,-1,1176,1227,-1,-1,-1,1227,1160,1085,1001,1009,1007,-1,-1,912,1014,992,0,0,1,1,0,0,0,0,0,0,0,0,0,0,0,0,0,0,0,0,0,0,0,0,0,0,0,0,0,0,0,0,0,1,1,0,0,0,0,0,1,1,0,0,1,1,0,0,1,1,0,0,0,1,1,1,1,1,1,0,1,1,1,1
2026-07-07T17:17:52.074,tof1,8x8,side_right,-1,-1,-1,-1,-1,-1,-1,-1,-1,-1,-1,-1,-1,-1,-1,-1,-1,-1,-1,-1,-1,-1,-1,-1,-1,-1,-1,-1,-1,-1,-1,-1,-1,-1,-1,-1,463,401,382,392,-1,-1,541,417,389,352,338,367,-1,601,467,382,380,321,327,345,885,597,418,369,343,331,304,302,0,0,0,0,0,0,0,0,0,0,0,0,0,0,0,0,0,0,0,0,0,0,0,0,0,0,0,0,0,0,0,0,0,0,0,0,1,1,1,1,0,0,1,1,1,1,1,1,0,1,1,1,1,1,1,1,1,1,1,1,1,1,1,1
2026-07-07T17:17:52.094,tof2,8x8,side_right,-1,-1,3185,-1,-1,-1,-1,-1,-1,-1,-1,-1,-1,-1,-1,-1,-1,-1,-1,-1,-1,-1,-1,-1,-1,-1,-1,-1,-1,-1,-1,-1,-1,-1,-1,-1,-1,-1,-1,-1,1369,-1,-1,-1,-1,1412,1379,-1,1214,1142,-1,-1,-1,1253,1208,-1,985,996,991,894,-1,936,1002,987,0,0,1,1,0,0,0,0,1,0,0,0,0,0,0,0,0,0,0,0,0,0,0,1,0,0,0,0,0,0,0,0,0,1,0,0,0,0,0,0,1,0,0,0,1,1,1,0,1,1,0,0,0,1,1,0,1,1,1,1,1,1,1,1
2026-07-07T17:17:52.578,tof1,8x8,side_right,-1,-1,-1,-1,-1,-1,-1,-1,-1,-1,-1,-1,-1,-1,-1,-1,-1,-1,-1,-1,-1,-1,-1,-1,-1,-1,-1,-1,-1,-1,-1,-1,-1,-1,-1,-1,422,383,384,403,-1,-1,527,420,375,346,344,379,-1,588,452,396,367,339,330,346,-1,582,417,375,349,324,306,297,0,0,0,0,0,0,0,0,0,0,0,0,0,0,0,0,0,0,0,0,0,0,0,0,0,0,0,0,0,0,0,0,0,0,0,0,1,1,1,1,0,0,1,1,1,1,1,1,0,1,1,1,1,1,1,1,1,1,1,1,1,1,1,1
2026-07-07T17:17:52.554,tof2,8x8,side_right,-1,-1,3165,-1,-1,-1,-1,-1,-1,-1,-1,-1,-1,-1,-1,-1,-1,-1,-1,-1,-1,-1,-1,-1,-1,-1,-1,-1,-1,-1,-1,-1,-1,1778,-1,-1,-1,-1,-1,-1,1402,-1,-1,-1,1308,1416,-1,-1,1187,1136,-1,-1,-1,-1,1182,-1,1010,1023,992,-1,888,909,1009,988,0,0,1,0,0,0,0,0,0,0,0,0,0,0,0,0,0,0,0,0,0,0,0,0,0,0,0,0,0,0,1,0,0,1,0,0,1,0,0,0,1,0,0,0,1,1,0,0,1,1,0,0,0,1,1,0,1,1,1,0,1,1,1,1
2026-07-07T17:17:52.783,tof1,8x8,side_right,-1,-1,-1,-1,-1,-1,-1,-1,-1,-1,-1,-1,-1,-1,-1,-1,-1,-1,-1,-1,-1,-1,-1,-1,-1,-1,-1,-1,-1,-1,400,-1,-1,-1,-1,-1,409,414,388,396,-1,-1,543,430,388,360,335,364,-1,589,444,401,359,342,335,347,927,528,422,388,342,322,313,291,0,0,0,0,0,0,0,0,0,0,0,0,0,0,0,0,0,0,0,0,0,0,0,0,0,0,0,0,0,0,1,0,0,0,0,0,1,1,1,1,0,0,1,1,1,1,1,1,0,1,1,1,1,1,1,1,1,1,1,1,1,1,1,1
2026-07-07T17:17:53.009,tof2,8x8,side_right,-1,-1,3199,-1,-1,-1,-1,3306,-1,-1,-1,-1,-1,-1,-1,-1,-1,-1,-1,-1,-1,-1,-1,-1,-1,-1,-1,-1,-1,-1,-1,-1,-1,-1,-1,-1,1333,-1,-1,-1,1375,-1,-1,-1,-1,1444,-1,-1,1158,1193,-1,940,-1,1205,1199,1050,995,1005,981,-1,851,916,1019,1005,0,0,1,1,0,0,0,1,0,0,0,0,0,0,0,0,0,0,0,0,0,0,0,0,0,0,0,0,0,0,0,0,0,1,0,0,1,0,0,0,1,0,0,0,0,1,0,0,1,1,0,1,0,1,1,1,1,1,1,1,1,1,1,1
2026-07-07T17:17:53.076,tof1,8x8,side_right,-1,-1,-1,-1,-1,-1,-1,-1,-1,-1,-1,-1,-1,-1,-1,-1,-1,-1,-1,-1,-1,-1,-1,-1,-1,-1,-1,-1,-1,-1,-1,-1,-1,-1,-1,-1,421,395,388,396,-1,-1,509,415,372,356,340,371,-1,580,473,389,366,331,331,342,907,528,434,385,345,324,311,305,0,0,0,0,0,0,0,0,0,0,0,0,0,0,0,0,0,0,0,0,0,0,0,0,0,0,0,0,0,0,0,0,0,0,0,0,1,1,1,1,0,0,1,1,1,1,1,1,0,1,1,1,1,1,1,1,1,1,1,1,1,1,1,1
2026-07-07T17:17:53.700,tof2,8x8,side_right,-1,-1,3211,3209,-1,-1,-1,-1,-1,-1,-1,-1,-1,-1,-1,-1,-1,-1,-1,-1,-1,-1,-1,-1,-1,-1,-1,-1,-1,-1,-1,-1,-1,-1,-1,-1,-1,-1,-1,-1,1366,-1,-1,-1,-1,1376,-1,-1,1186,1240,-1,-1,1218,1206,1191,-1,1006,995,915,-1,859,959,1010,992,0,0,1,1,0,0,0,0,0,0,0,0,0,0,0,0,0,0,0,0,0,0,0,0,0,0,0,0,0,0,1,0,0,1,0,0,0,0,0,0,1,0,1,0,0,1,0,0,1,1,0,0,1,1,1,0,1,1,1,0,1,1,1,1
2026-07-07T17:17:54.243,tof1,8x8,side_right,-1,-1,-1,-1,-1,-1,-1,-1,-1,-1,-1,-1,-1,-1,-1,-1,-1,-1,-1,-1,-1,-1,-1,-1,-1,-1,-1,-1,-1,-1,-1,-1,-1,-1,-1,-1,422,417,404,397,-1,-1,552,428,382,360,344,363,-1,569,465,383,370,337,323,353,885,576,425,374,344,318,313,305,0,0,0,0,0,0,0,0,0,0,0,0,0,0,0,0,0,0,0,0,0,0,0,0,0,0,0,0,0,0,0,0,0,0,0,0,1,1,1,1,0,0,1,1,1,1,1,1,0,1,1,1,1,1,1,1,1,1,1,1,1,1,1,1
2026-07-07T17:17:54.245,tof2,8x8,side_right,-1,-1,3205,3216,-1,-1,-1,-1,-1,-1,-1,-1,-1,-1,-1,-1,-1,-1,-1,-1,-1,-1,-1,-1,-1,-1,-1,-1,-1,-1,-1,-1,-1,-1,-1,-1,-1,-1,-1,-1,1403,-1,-1,-1,1406,1464,-1,-1,1192,-1,-1,-1,1220,1201,1210,-1,987,1007,822,-1,-1,1030,1021,990,0,0,1,1,0,0,0,0,0,0,0,0,0,0,0,0,0,0,0,0,0,0,0,0,0,0,0,0,0,0,0,0,0,1,1,0,0,0,0,0,1,0,0,0,1,1,0,0,1,0,0,0,1,1,1,1,1,1,1,0,0,1,1,1
2026-07-07T17:17:54.419,tof2,8x8,side_right,-1,-1,3176,3162,-1,-1,-1,-1,-1,-1,-1,-1,-1,-1,-1,-1,-1,-1,-1,-1,-1,-1,-1,-1,-1,-1,-1,-1,-1,-1,-1,-1,-1,1715,-1,-1,-1,-1,-1,-1,1464,-1,-1,-1,-1,1383,-1,-1,1206,1182,-1,-1,1265,1182,1183,-1,1008,1008,872,-1,-1,1036,1028,967,0,0,1,1,0,0,0,0,0,0,0,0,0,0,1,0,0,0,0,0,0,0,0,0,0,0,0,0,0,0,0,0,0,1,0,0,0,0,0,0,1,0,0,0,0,1,0,0,1,1,0,0,1,1,1,0,1,1,1,0,0,1,1,1
2026-07-07T17:17:54.665,tof1,8x8,side_right,-1,-1,-1,-1,-1,-1,-1,-1,-1,-1,-1,-1,-1,-1,-1,-1,-1,-1,-1,-1,-1,-1,-1,-1,-1,-1,-1,-1,-1,-1,-1,-1,-1,-1,-1,-1,437,388,382,396,-1,-1,438,425,372,351,341,359,-1,558,453,378,362,343,324,343,889,500,415,370,344,325,309,303,0,0,0,0,0,0,0,0,0,0,0,0,0,0,0,0,0,0,0,0,0,0,0,0,0,0,0,0,0,0,0,0,0,0,0,0,1,1,1,1,0,0,1,1,1,1,1,1,0,1,1,1,1,1,1,1,1,1,1,1,1,1,1,1
2026-07-07T17:17:54.812,tof2,8x8,side_right,-1,-1,3191,-1,-1,-1,-1,-1,-1,-1,-1,-1,-1,-1,-1,-1,-1,-1,-1,-1,-1,-1,-1,-1,-1,-1,-1,-1,-1,-1,-1,-1,-1,1718,-1,-1,-1,-1,-1,-1,1413,-1,-1,-1,-1,1371,-1,-1,1176,1208,-1,-1,1189,1200,1178,-1,1013,1002,884,824,-1,1013,1019,998,0,0,1,0,0,0,0,0,0,0,0,0,0,0,0,0,0,0,0,0,0,0,0,0,0,0,0,0,0,0,0,0,0,1,0,0,0,0,0,0,1,0,0,0,0,1,0,0,1,1,0,0,1,1,1,0,1,1,1,1,1,1,1,1
2026-07-07T17:17:54.847,tof1,8x8,side_right,-1,-1,-1,-1,-1,-1,-1,-1,-1,-1,-1,-1,-1,-1,-1,-1,-1,-1,-1,-1,-1,-1,-1,-1,-1,-1,-1,-1,-1,-1,-1,-1,-1,-1,-1,-1,409,401,391,378,-1,-1,-1,409,369,367,337,375,-1,615,443,380,369,336,326,343,-1,561,409,363,339,320,302,300,0,0,0,0,0,0,0,0,0,0,0,0,0,0,0,0,0,0,0,0,0,0,0,0,0,0,0,0,1,0,0,0,0,0,0,0,1,1,1,1,0,0,0,1,1,1,1,1,0,1,1,1,1,1,1,1,0,1,1,1,1,1,1,1
2026-07-07T17:17:55.662,tof2,8x8,side_right,-1,-1,3182,-1,-1,-1,-1,-1,-1,-1,-1,-1,-1,-1,-1,-1,-1,-1,-1,-1,-1,-1,-1,-1,-1,-1,-1,-1,-1,-1,-1,-1,-1,1619,-1,-1,-1,-1,-1,-1,1415,-1,-1,-1,-1,1377,-1,-1,1207,1188,-1,908,1201,1219,1197,-1,1019,1016,911,-1,899,1033,1011,990,0,0,1,1,0,0,0,0,0,0,0,0,0,0,1,0,0,0,0,0,0,0,0,1,0,0,0,0,0,0,0,0,0,1,0,1,0,0,0,0,1,0,0,0,0,1,1,0,1,1,0,1,1,1,1,0,1,1,1,1,1,1,1,1
2026-07-07T17:17:55.872,tof1,8x8,side_right,-1,-1,-1,-1,-1,-1,-1,-1,-1,-1,-1,-1,-1,-1,-1,-1,-1,-1,-1,-1,-1,-1,-1,-1,-1,-1,-1,-1,-1,-1,-1,-1,-1,-1,-1,-1,405,406,382,380,-1,-1,460,401,389,348,344,378,-1,546,424,387,370,332,323,348,948,551,410,362,334,321,300,294,0,0,0,0,0,0,0,0,0,0,0,0,0,0,0,0,0,0,0,0,0,0,0,0,0,0,0,0,0,0,0,0,0,0,0,0,1,1,1,1,0,1,1,1,1,1,1,1,0,1,1,1,1,1,1,1,1,1,1,1,1,1,1,1
2026-07-07T17:17:55.943,tof1,8x8,side_right,-1,-1,-1,-1,-1,-1,-1,-1,-1,-1,-1,-1,-1,-1,-1,-1,-1,-1,-1,-1,-1,-1,-1,-1,-1,-1,-1,-1,-1,-1,-1,-1,-1,-1,-1,-1,405,399,392,394,-1,-1,479,418,382,362,337,369,-1,561,451,378,363,337,326,350,920,560,434,364,341,305,306,295,0,0,0,0,0,0,0,0,0,0,0,0,0,0,0,0,0,0,0,0,0,0,0,0,0,0,0,0,0,0,0,0,0,0,0,0,1,1,1,1,0,0,1,1,1,1,1,1,0,1,1,1,1,1,1,1,1,1,1,1,1,1,1,1
2026-07-07T17:17:56.063,tof2,8x8,side_right,-1,-1,3182,3248,-1,-1,-1,-1,-1,-1,-1,-1,-1,-1,-1,-1,-1,-1,-1,-1,-1,-1,-1,-1,-1,-1,-1,-1,-1,-1,-1,-1,-1,1726,-1,-1,-1,-1,-1,-1,1377,-1,-1,-1,1299,-1,-1,-1,1222,1163,-1,-1,-1,1219,1206,-1,1005,1005,1002,-1,834,987,1018,1001,0,0,1,1,0,0,0,0,0,0,0,0,0,0,0,0,0,0,0,0,0,0,0,1,0,0,0,1,0,0,0,0,0,1,1,1,0,0,0,0,1,0,0,1,1,0,0,0,1,1,1,0,1,1,1,1,1,1,1,1,1,1,1,1
2026-07-07T17:17:56.178,tof2,8x8,side_right,-1,-1,3199,3299,-1,-1,-1,-1,-1,-1,-1,-1,-1,-1,-1,-1,-1,-1,-1,-1,-1,-1,-1,-1,-1,-1,-1,-1,-1,-1,-1,-1,-1,-1,-1,-1,-1,-1,-1,-1,1416,-1,-1,-1,-1,1412,-1,-1,1185,1217,-1,-1,-1,1221,1167,-1,1003,1001,982,-1,842,1000,1024,979,0,0,1,1,0,0,1,0,0,0,0,0,0,0,0,0,0,0,0,0,0,0,0,0,0,0,0,0,0,0,0,0,0,1,0,0,0,0,0,0,1,0,0,0,0,1,0,0,1,1,0,0,1,1,1,0,1,1,1,0,1,1,1,1
2026-07-07T17:17:56.372,tof1,8x8,side_right,-1,-1,-1,-1,-1,-1,-1,-1,-1,-1,-1,-1,-1,-1,-1,-1,-1,-1,-1,-1,-1,-1,-1,-1,-1,-1,-1,-1,-1,-1,-1,-1,-1,-1,-1,-1,435,412,399,403,-1,-1,476,411,381,353,339,389,-1,558,437,383,359,340,321,358,-1,519,407,375,339,317,302,303,0,0,0,0,0,0,0,0,0,0,0,0,0,0,0,0,0,0,0,0,0,0,0,0,1,0,0,0,0,0,0,0,0,0,0,0,1,1,1,1,0,0,1,1,1,1,1,1,0,1,1,1,1,1,1,1,0,1,1,1,1,1,1,1
2026-07-07T17:17:56.747,tof2,8x8,side_right,-1,-1,3191,-1,-1,-1,-1,-1,-1,-1,-1,-1,-1,-1,-1,-1,-1,-1,-1,-1,-1,-1,-1,-1,-1,-1,-1,-1,-1,-1,-1,-1,-1,1746,-1,-1,-1,-1,-1,-1,1371,-1,-1,-1,1299,1379,-1,-1,1174,1180,-1,945,1245,1210,1166,-1,991,1016,985,-1,867,1031,1020,987,0,0,1,1,0,0,0,1,0,0,0,0,0,0,0,0,0,0,0,1,0,0,0,0,0,0,0,0,0,0,0,0,0,1,0,1,0,0,0,0,1,0,0,0,1,1,0,0,1,1,0,1,1,1,1,0,1,1,1,0,1,1,1,1
2026-07-07T17:17:57.050,tof1,8x8,side_right,-1,-1,-1,-1,-1,-1,-1,-1,-1,-1,-1,-1,-1,-1,-1,-1,-1,-1,-1,-1,-1,-1,-1,-1,-1,-1,-1,-1,-1,-1,-1,-1,-1,-1,-1,-1,393,402,390,395,-1,-1,557,425,386,355,352,363,-1,572,452,372,366,323,324,359,-1,537,419,362,347,319,297,302,0,0,0,0,0,0,0,0,0,0,0,0,0,0,0,0,0,0,0,0,1,0,0,0,0,0,0,0,1,0,0,0,0,0,0,0,1,1,1,1,0,0,1,1,1,1,1,1,0,1,1,1,1,1,1,1,0,1,1,1,1,1,1,1
2026-07-07T17:17:57.022,tof2,8x8,side_right,-1,-1,3194,3194,-1,-1,-1,-1,-1,-1,-1,-1,-1,-1,-1,-1,-1,-1,-1,-1,-1,-1,-1,-1,-1,-1,-1,-1,-1,-1,-1,-1,-1,1762,-1,-1,-1,-1,-1,-1,1367,-1,-1,-1,-1,-1,-1,-1,1216,1192,-1,-1,1205,1214,1143,-1,1007,992,1012,875,-1,985,1033,983,1,0,1,1,0,0,0,0,0,0,0,0,0,0,0,0,0,0,0,0,0,0,0,0,0,0,0,0,0,0,0,0,0,1,0,0,0,0,0,0,1,0,0,0,0,1,0,0,1,1,0,0,1,1,1,0,1,1,1,1,1,1,1,1
2026-07-07T17:17:57.627,tof1,8x8,side_right,-1,-1,-1,-1,-1,-1,-1,-1,-1,-1,-1,-1,-1,-1,-1,-1,-1,-1,-1,-1,-1,-1,-1,-1,-1,-1,-1,-1,-1,-1,-1,-1,2584,-1,-1,-1,434,389,392,392,-1,-1,496,436,376,347,342,377,-1,555,439,382,362,336,324,348,-1,558,424,368,336,316,303,302,0,0,0,0,0,0,0,0,0,0,0,0,0,0,0,0,0,0,0,0,1,0,0,0,0,0,0,0,1,0,0,0,1,0,0,0,1,1,1,1,0,0,1,1,1,1,1,1,0,1,1,1,1,1,1,1,0,1,1,1,1,1,1,1
2026-07-07T17:17:57.997,tof2,8x8,side_right,-1,-1,3194,-1,-1,-1,-1,-1,-1,-1,-1,-1,-1,-1,-1,-1,-1,-1,-1,-1,-1,-1,-1,-1,-1,-1,-1,-1,-1,-1,-1,-1,-1,-1,-1,-1,-1,-1,-1,-1,1428,-1,-1,-1,-1,1423,-1,-1,1167,1197,-1,921,1191,1219,1202,2262,1008,1005,969,-1,934,993,1014,986,0,0,1,0,0,0,0,0,0,0,0,0,0,0,0,0,0,0,0,1,0,0,0,0,0,0,0,0,0,0,0,0,0,1,0,0,0,0,0,0,1,0,0,0,0,1,0,0,1,1,0,1,1,1,1,1,1,1,1,1,1,1,1,1
2026-07-07T17:17:58.855,tof2,8x8,side_right,-1,-1,3207,3210,-1,-1,-1,-1,-1,-1,-1,-1,-1,-1,-1,-1,-1,-1,-1,-1,-1,-1,-1,-1,-1,-1,-1,-1,-1,-1,-1,-1,-1,1646,-1,-1,-1,-1,-1,-1,1426,-1,-1,-1,1286,-1,-1,-1,1204,1198,-1,-1,-1,1205,1166,-1,1012,1011,983,838,880,1018,1021,1021,0,0,1,1,0,0,1,0,0,0,0,0,0,0,0,0,0,0,0,0,0,0,0,1,0,0,0,0,0,0,1,0,0,1,0,0,0,0,0,0,1,0,0,0,1,0,1,0,1,1,0,0,1,1,1,0,1,1,1,1,1,1,1,1
2026-07-07T17:17:59.530,tof2,8x8,side_right,-1,-1,3214,-1,-1,-1,-1,-1,-1,-1,-1,-1,-1,-1,-1,-1,-1,-1,-1,-1,-1,-1,-1,-1,-1,-1,-1,-1,-1,-1,-1,-1,-1,1689,-1,-1,-1,-1,-1,-1,1421,-1,-1,-1,-1,1399,-1,-1,1215,1195,-1,957,1261,1201,1132,-1,1003,1012,983,-1,-1,971,1006,989,0,0,1,0,0,0,1,1,0,0,0,0,0,0,0,0,0,0,0,0,0,0,0,0,0,0,0,0,0,0,0,0,0,1,0,0,0,0,0,0,1,0,0,0,0,1,1,0,1,1,0,1,1,1,1,0,1,1,1,1,0,1,1,1
2026-07-07T17:17:59.844,tof1,8x8,side_right,-1,-1,-1,-1,-1,-1,-1,-1,-1,-1,-1,-1,-1,-1,-1,-1,-1,-1,-1,-1,-1,-1,-1,-1,-1,-1,-1,-1,-1,-1,-1,-1,-1,-1,-1,-1,410,410,391,384,-1,-1,488,413,378,367,344,371,-1,571,454,380,365,340,331,344,848,535,439,359,343,326,308,291,0,0,0,0,0,0,0,0,0,0,0,0,0,0,0,0,0,0,0,0,0,0,0,0,0,0,0,0,0,0,0,0,0,0,0,0,1,1,1,1,0,0,1,1,1,1,1,1,0,1,1,1,1,1,1,1,1,1,1,1,1,1,1,1
2026-07-07T17:18:00.345,tof2,8x8,side_right,-1,-1,3206,-1,-1,-1,-1,-1,-1,-1,-1,-1,-1,-1,-1,-1,-1,-1,-1,-1,-1,-1,-1,-1,-1,-1,-1,-1,-1,-1,-1,-1,-1,1665,-1,-1,-1,-1,-1,-1,-1,-1,-1,-1,-1,1370,-1,-1,1187,1210,-1,957,1158,1211,1181,1047,1003,998,976,-1,-1,982,1001,967,0,0,1,0,0,0,0,0,0,0,0,0,0,0,0,0,0,0,0,0,0,0,0,0,0,0,0,0,0,0,1,0,0,1,0,1,0,0,0,0,1,0,0,0,1,1,1,0,1,1,0,1,1,1,1,1,1,1,1,1,1,1,1,1
2026-07-07T17:18:00.556,tof1,8x8,side_right,-1,-1,-1,-1,-1,-1,-1,-1,-1,-1,-1,-1,-1,-1,-1,-1,-1,-1,-1,-1,-1,-1,-1,-1,-1,-1,-1,-1,-1,-1,-1,-1,-1,-1,-1,-1,415,399,393,404,-1,-1,-1,417,379,350,337,380,-1,577,447,387,361,343,333,347,-1,554,414,369,332,318,308,290,0,0,0,0,0,0,0,0,0,0,0,0,0,0,0,0,0,0,0,0,0,0,0,0,0,0,0,0,0,0,0,0,0,1,0,0,1,1,1,1,0,0,1,1,1,1,1,1,0,1,1,1,1,1,1,1,0,1,1,1,1,1,1,1
2026-07-07T17:18:00.565,tof2,8x8,side_right,-1,-1,3202,-1,-1,-1,-1,-1,-1,-1,-1,-1,-1,-1,-1,-1,-1,-1,-1,-1,-1,-1,-1,-1,-1,-1,-1,-1,-1,-1,-1,-1,-1,1690,-1,-1,-1,-1,-1,-1,1367,-1,-1,-1,1294,1365,-1,-1,1199,-1,-1,-1,-1,1217,1185,2245,991,986,967,829,-1,1036,1008,997,0,0,1,1,0,0,0,0,0,0,0,0,0,0,0,0,0,0,0,0,0,0,0,0,0,0,0,0,0,0,1,0,0,1,0,0,0,0,0,0,1,1,0,0,1,1,0,0,1,1,0,0,1,1,1,1,1,1,1,1,1,1,1,1
2026-07-07T17:18:00.654,tof1,8x8,side_right,-1,-1,-1,-1,-1,-1,-1,-1,-1,-1,-1,-1,-1,-1,-1,-1,-1,-1,-1,-1,-1,-1,-1,-1,-1,-1,-1,-1,-1,-1,-1,-1,-1,-1,-1,-1,444,409,386,395,-1,-1,459,420,379,349,344,371,-1,579,461,386,367,340,332,347,856,548,420,364,337,324,307,301,0,0,0,0,0,0,0,0,0,0,0,0,0,0,0,0,0,0,0,0,0,0,0,0,0,0,0,0,0,0,0,0,0,0,0,0,1,1,1,1,0,0,1,1,1,1,1,1,0,1,1,1,1,1,1,1,1,1,1,1,1,1,1,1
2026-07-07T17:18:00.669,tof2,8x8,side_right,-1,-1,3189,3175,-1,-1,-1,-1,-1,-1,-1,-1,-1,-1,-1,-1,-1,-1,-1,-1,-1,-1,-1,-1,-1,-1,-1,-1,-1,-1,-1,-1,-1,1679,-1,-1,-1,-1,-1,-1,1430,-1,-1,-1,1278,1427,-1,-1,1186,1200,-1,-1,1224,1215,1190,-1,994,1004,919,-1,1006,1010,1020,984,0,0,1,1,0,0,0,0,0,0,0,0,0,0,0,0,0,0,0,0,0,0,0,1,0,0,0,0,0,0,0,0,0,1,1,0,0,0,0,0,1,0,0,0,1,1,0,0,1,1,0,0,1,1,1,0,1,1,1,0,1,1,1,1
2026-07-07T17:18:00.782,tof1,8x8,side_right,-1,-1,-1,-1,-1,-1,-1,-1,-1,-1,-1,-1,-1,-1,-1,-1,-1,-1,-1,-1,-1,-1,-1,-1,-1,-1,-1,-1,-1,-1,-1,-1,-1,-1,-1,-1,436,389,392,406,-1,-1,476,413,381,353,348,377,-1,546,454,379,371,344,322,349,893,541,409,374,336,314,303,288,0,0,1,0,0,0,0,0,0,0,0,0,0,0,0,0,0,0,0,0,0,0,0,0,0,0,0,0,0,0,0,0,0,0,0,0,1,1,1,1,0,0,1,1,1,1,1,1,0,1,1,1,1,1,1,1,1,1,1,1,1,1,1,1
2026-07-07T17:18:00.828,tof2,8x8,side_right,-1,-1,3192,3227,-1,-1,-1,-1,-1,-1,-1,-1,-1,-1,-1,-1,-1,-1,-1,-1,-1,-1,-1,-1,-1,-1,-1,-1,-1,-1,-1,-1,-1,1750,-1,-1,-1,-1,-1,-1,1406,-1,-1,-1,-1,1384,-1,-1,1179,1196,-1,-1,1220,1207,1213,1138,1001,1001,860,-1,-1,1011,1036,989,0,0,1,1,0,0,0,0,0,0,0,0,0,0,0,0,0,0,0,0,0,0,0,0,0,0,0,0,0,0,0,0,1,1,0,0,0,0,0,0,1,0,0,1,1,1,0,0,1,1,0,0,1,1,1,1,1,1,1,0,1,1,1,1
2026-07-07T17:18:00.918,tof2,8x8,side_right,-1,-1,3182,-1,-1,-1,-1,-1,-1,-1,-1,-1,-1,-1,-1,-1,-1,-1,-1,-1,-1,-1,-1,-1,-1,-1,-1,-1,-1,-1,-1,-1,-1,1744,-1,-1,-1,-1,-1,-1,1389,-1,-1,-1,-1,-1,-1,-1,1200,1142,-1,1011,1239,1216,1190,-1,989,1005,842,870,-1,999,1012,995,0,0,1,0,0,0,0,0,0,0,0,0,0,0,0,0,0,1,0,0,0,0,0,0,0,0,0,0,0,0,0,0,0,1,0,0,0,0,0,0,1,0,0,0,0,1,0,0,1,1,0,1,1,1,1,1,1,1,1,1,1,1,1,1
2026-07-07T17:18:00.939,tof1,8x8,side_right,-1,-1,-1,-1,-1,-1,-1,-1,-1,-1,-1,-1,-1,-1,-1,-1,-1,-1,-1,-1,-1,-1,-1,-1,-1,-1,-1,-1,-1,-1,-1,-1,-1,-1,-1,-1,415,413,387,402,-1,-1,507,414,368,347,345,369,-1,583,442,397,349,332,327,358,913,575,412,363,340,317,315,295,0,0,0,0,0,0,0,0,0,0,0,0,0,0,0,0,0,0,0,0,0,0,0,0,0,0,0,0,0,0,0,0,0,0,0,0,1,1,1,1,0,0,1,1,1,1,1,1,0,1,1,1,1,1,1,1,1,1,1,1,1,1,1,1
2026-07-07T17:18:01.011,tof2,8x8,side_right,-1,-1,3189,-1,-1,-1,-1,-1,-1,-1,-1,-1,-1,-1,-1,-1,-1,-1,-1,-1,-1,-1,-1,-1,-1,-1,-1,-1,-1,-1,-1,-1,-1,-1,-1,-1,1340,-1,-1,-1,1367,-1,-1,-1,-1,1436,-1,-1,1190,1162,-1,-1,1224,1204,1186,1091,1001,1013,824,-1,-1,1030,1038,981,1,0,1,0,0,0,1,1,0,0,0,0,0,0,0,0,0,0,0,0,0,0,0,1,0,0,0,0,0,0,0,0,0,1,1,0,1,0,0,0,1,0,0,0,1,1,0,0,1,1,0,0,1,1,1,1,1,1,1,0,0,1,1,1
2026-07-07T17:18:01.075,tof1,8x8,side_right,-1,-1,-1,-1,-1,-1,-1,-1,-1,-1,-1,-1,-1,-1,-1,-1,-1,-1,-1,-1,-1,-1,-1,-1,-1,-1,-1,-1,-1,-1,-1,-1,2640,-1,-1,-1,409,414,387,407,-1,-1,496,421,372,345,357,371,-1,563,450,392,360,333,330,331,-1,530,413,365,340,308,301,287,0,0,0,0,0,0,0,0,0,0,0,0,0,0,0,0,0,0,0,0,0,0,0,0,0,0,0,0,0,1,0,0,1,0,0,0,1,1,1,1,0,1,1,1,1,1,1,1,0,1,1,1,1,1,1,1,1,1,1,1,1,1,1,1
2026-07-07T17:18:01.115,tof2,8x8,side_right,-1,-1,3179,3225,-1,-1,-1,-1,-1,-1,-1,-1,-1,-1,-1,-1,-1,-1,-1,-1,-1,-1,-1,-1,-1,-1,-1,-1,-1,-1,-1,-1,-1,1668,-1,-1,-1,-1,-1,-1,1386,-1,-1,-1,-1,1379,-1,-1,1160,1187,-1,-1,1190,1167,1174,-1,997,1013,884,867,-1,993,1014,1002,0,0,1,1,0,0,0,0,0,0,0,0,0,0,0,0,0,0,0,0,0,1,0,0,0,0,0,0,0,0,0,0,0,1,0,0,0,0,0,0,1,0,0,0,0,1,1,0,1,1,0,0,1,1,1,0,1,1,1,1,0,1,1,1
2026-07-07T17:18:01.168,tof1,8x8,side_right,-1,-1,-1,-1,-1,-1,-1,-1,-1,-1,-1,-1,-1,-1,-1,-1,-1,-1,-1,-1,-1,-1,-1,-1,-1,-1,-1,-1,-1,-1,-1,-1,-1,-1,-1,-1,427,396,384,389,-1,-1,479,411,371,351,341,370,-1,590,439,386,375,341,320,341,938,547,433,362,337,325,310,287,0,0,0,0,0,0,0,0,0,0,0,0,0,0,0,0,0,0,0,0,0,0,0,0,0,0,0,0,0,1,0,0,1,0,0,0,1,1,1,1,0,0,1,1,1,1,1,1,0,1,1,1,1,1,1,1,1,1,1,1,1,1,1,1
2026-07-07T17:18:01.241,tof2,8x8,side_right,-1,-1,3198,-1,-1,-1,-1,-1,-1,-1,-1,-1,-1,-1,-1,-1,-1,-1,-1,-1,-1,-1,-1,-1,-1,-1,-1,-1,-1,-1,-1,-1,-1,1715,-1,-1,-1,-1,-1,-1,1366,-1,-1,-1,1325,1383,-1,-1,1159,1218,-1,-1,1197,1212,1160,-1,1008,999,859,-1,-1,1014,1022,995,0,0,1,0,0,1,0,1,0,0,0,0,0,0,0,0,0,0,0,0,0,0,0,0,0,0,0,0,0,0,0,0,0,1,0,0,0,0,0,0,1,0,0,0,1,1,0,0,1,1,0,0,1,1,1,0,1,1,1,0,1,1,1,1
2026-07-07T17:18:01.278,tof1,8x8,side_right,-1,-1,-1,-1,-1,-1,-1,-1,-1,-1,-1,-1,-1,-1,-1,-1,-1,-1,-1,-1,-1,-1,-1,-1,-1,-1,-1,-1,-1,-1,426,-1,-1,-1,-1,-1,411,410,399,407,-1,-1,496,416,377,347,342,373,-1,560,443,374,356,327,318,353,-1,528,425,368,334,311,311,300,0,0,0,0,0,0,0,0,0,0,0,0,0,0,0,0,0,0,0,0,0,0,0,0,0,0,0,0,0,0,1,0,0,0,0,0,1,1,1,1,1,0,1,1,1,1,1,1,0,1,1,1,1,1,1,1,0,1,1,1,1,1,1,1
2026-07-07T17:18:01.598,tof1,8x8,side_right,-1,-1,-1,-1,-1,-1,-1,-1,-1,-1,-1,-1,-1,-1,-1,-1,-1,-1,-1,-1,-1,-1,-1,-1,-1,-1,-1,-1,-1,-1,-1,-1,-1,-1,-1,-1,403,403,384,402,-1,-1,474,401,373,352,343,374,-1,603,445,373,357,330,320,349,878,528,404,365,341,318,303,304,0,0,0,0,0,0,0,0,0,0,0,0,0,0,0,0,0,0,0,0,0,0,0,0,0,0,0,0,0,0,1,0,1,0,0,0,1,1,1,1,0,0,1,1,1,1,1,1,0,1,1,1,1,1,1,1,1,1,1,1,1,1,1,1
2026-07-07T17:18:01.694,tof1,8x8,side_right,-1,-1,-1,-1,-1,-1,-1,-1,-1,-1,-1,-1,-1,-1,-1,-1,-1,-1,-1,-1,-1,-1,-1,-1,-1,-1,-1,-1,-1,-1,-1,-1,2615,-1,-1,-1,429,390,397,394,-1,-1,477,410,381,344,351,376,-1,549,447,391,357,335,330,362,939,538,413,367,338,306,298,300,0,0,0,0,0,0,0,0,0,0,0,0,0,0,0,0,0,0,0,0,0,0,0,0,0,0,0,0,0,0,0,0,1,0,0,0,1,1,1,1,0,0,1,1,1,1,1,1,0,1,1,1,1,1,1,1,1,1,1,1,1,1,1,1
2026-07-07T17:18:01.690,tof2,8x8,side_right,-1,-1,3176,3254,-1,-1,-1,-1,-1,-1,-1,-1,-1,-1,-1,-1,-1,-1,-1,-1,-1,-1,-1,-1,-1,-1,-1,-1,-1,-1,-1,-1,-1,-1,-1,-1,-1,-1,-1,-1,1404,-1,-1,-1,-1,1435,-1,-1,1186,1214,-1,994,1182,1205,1186,-1,1005,1001,856,-1,-1,1024,1022,994,0,0,1,1,0,0,1,0,0,0,0,0,0,0,0,0,0,0,0,0,0,0,0,0,0,0,0,0,0,0,0,0,0,1,0,0,0,0,0,0,1,0,0,0,0,1,0,0,1,1,0,1,1,1,1,0,1,1,1,0,0,1,1,1
2026-07-07T17:18:01.799,tof1,8x8,side_right,-1,-1,-1,-1,-1,-1,-1,-1,-1,-1,-1,-1,-1,-1,-1,-1,-1,-1,-1,-1,-1,-1,-1,-1,-1,-1,-1,-1,-1,-1,-1,-1,2642,-1,-1,-1,397,404,366,393,-1,-1,484,401,381,351,343,372,-1,565,448,390,366,337,324,346,865,542,421,358,334,313,309,297,0,0,0,0,0,0,0,0,0,0,0,0,0,0,0,0,0,0,0,0,0,0,0,0,1,0,0,0,0,0,0,0,1,0,0,0,1,1,1,1,0,0,1,1,1,1,1,1,0,1,1,1,1,1,1,1,1,1,1,1,1,1,1,1
2026-07-07T17:18:01.781,tof2,8x8,side_right,-1,-1,3197,3252,-1,-1,-1,-1,-1,-1,-1,-1,-1,-1,-1,-1,-1,-1,-1,-1,-1,-1,-1,-1,-1,-1,-1,-1,-1,-1,-1,-1,-1,1815,-1,-1,-1,-1,-1,-1,1348,-1,-1,-1,1258,1440,-1,-1,1194,1167,-1,-1,1218,1215,1163,-1,987,1005,866,-1,-1,1037,1015,982,0,0,1,1,0,0,0,0,0,0,0,0,0,0,0,0,0,0,0,0,0,0,0,0,0,0,0,0,0,0,0,0,0,1,0,0,0,0,0,0,1,0,0,0,1,1,0,0,1,1,0,0,1,1,1,0,1,1,1,0,0,1,1,1
2026-07-07T17:18:01.891,tof2,8x8,side_right,-1,-1,3167,3202,-1,-1,-1,-1,-1,-1,-1,-1,-1,-1,-1,-1,-1,-1,-1,-1,-1,-1,-1,-1,-1,-1,-1,-1,-1,-1,-1,-1,-1,-1,-1,-1,-1,-1,-1,-1,1361,-1,-1,-1,1299,1391,-1,-1,1188,1240,-1,1040,1153,1209,1221,-1,1011,1008,866,-1,-1,1013,1035,975,0,0,1,1,0,0,0,0,0,0,0,0,0,0,0,0,0,0,0,0,0,0,0,0,0,0,0,0,0,0,0,0,0,1,0,0,0,0,0,0,1,0,0,0,1,1,0,0,1,1,0,1,1,1,1,0,1,1,1,0,1,1,1,1
2026-07-07T17:18:01.937,tof1,8x8,side_right,-1,-1,-1,-1,-1,-1,-1,-1,-1,-1,-1,-1,-1,-1,-1,-1,-1,-1,-1,-1,-1,-1,-1,-1,-1,-1,-1,-1,-1,-1,-1,-1,-1,-1,-1,-1,418,377,381,418,-1,-1,537,396,370,353,347,375,-1,593,451,385,361,346,315,348,908,555,425,366,335,315,301,304,0,1,0,0,0,0,0,0,0,0,0,0,0,0,0,0,0,0,0,0,0,0,0,0,0,0,0,0,0,0,0,0,0,0,0,0,1,1,1,1,1,0,1,1,1,1,1,1,0,1,1,1,1,1,1,1,1,1,1,1,1,1,1,1
2026-07-07T17:18:02.053,tof2,8x8,side_right,-1,-1,3196,3247,-1,-1,-1,-1,-1,-1,-1,-1,-1,-1,-1,-1,-1,-1,-1,-1,-1,-1,-1,-1,-1,-1,-1,-1,-1,-1,-1,-1,-1,1622,-1,-1,-1,-1,-1,-1,1414,-1,-1,1084,1284,-1,-1,-1,1186,1209,-1,-1,1206,1225,1189,-1,1023,1011,881,-1,-1,1032,1007,987,0,0,1,1,0,0,0,0,0,0,0,0,0,0,0,0,0,0,0,0,0,0,0,0,0,0,0,0,0,0,0,0,0,1,0,0,0,0,0,0,1,0,0,1,1,0,0,0,1,1,0,0,1,1,1,1,1,1,1,1,0,1,1,1
2026-07-07T17:18:02.078,tof1,8x8,side_right,-1,-1,-1,-1,-1,-1,-1,-1,-1,-1,-1,-1,-1,-1,-1,-1,-1,-1,-1,-1,-1,-1,-1,-1,-1,-1,-1,-1,-1,-1,-1,-1,-1,-1,-1,-1,432,429,399,401,-1,-1,464,418,377,357,354,373,-1,567,430,391,354,327,321,362,945,551,409,370,339,321,297,308,0,0,0,0,0,0,0,0,0,0,0,0,0,0,0,0,0,0,0,0,0,0,0,0,0,0,0,0,0,0,0,0,1,0,0,0,1,1,1,1,1,0,1,1,1,1,1,1,0,1,1,1,1,1,1,1,1,1,1,1,1,1,1,1
2026-07-07T17:18:02.198,tof1,8x8,side_right,-1,-1,-1,-1,-1,-1,-1,-1,-1,-1,-1,-1,-1,-1,-1,-1,-1,-1,-1,-1,-1,-1,-1,-1,-1,-1,-1,-1,-1,-1,-1,-1,-1,-1,-1,430,407,408,405,408,-1,-1,460,399,368,352,339,377,-1,593,442,377,346,333,321,338,853,559,404,372,340,323,309,296,0,0,0,0,0,0,0,0,0,0,0,0,0,0,0,0,0,0,0,0,0,0,0,0,1,0,0,0,0,0,0,0,1,0,0,1,1,1,1,1,0,0,1,1,1,1,1,1,0,1,1,1,1,1,1,1,1,1,1,1,1,1,1,1
2026-07-07T17:18:02.164,tof2,8x8,side_right,-1,-1,3198,3213,-1,-1,-1,-1,-1,-1,-1,-1,-1,-1,-1,-1,-1,-1,-1,-1,-1,-1,-1,-1,-1,-1,-1,-1,-1,-1,-1,-1,-1,1708,-1,-1,1248,-1,-1,-1,1396,-1,-1,1163,1249,-1,-1,-1,1207,1191,-1,-1,1231,1213,1160,2293,1000,1012,831,-1,-1,1017,1015,991,1,0,1,1,0,0,1,0,0,0,0,0,0,0,0,0,0,0,0,0,0,1,0,0,0,0,1,0,0,0,0,0,0,1,0,0,1,0,0,0,1,1,0,1,1,0,1,0,1,1,0,0,1,1,1,1,1,1,1,1,1,1,1,1
2026-07-07T17:18:02.448,tof2,8x8,side_right,-1,-1,3185,3240,-1,-1,-1,-1,-1,-1,-1,-1,-1,-1,-1,-1,-1,-1,-1,-1,-1,-1,-1,-1,-1,-1,-1,-1,-1,-1,-1,-1,-1,1724,-1,-1,-1,-1,-1,-1,1387,-1,-1,1118,-1,1329,1407,-1,1186,1168,-1,1013,1187,1217,1230,-1,992,1020,839,-1,-1,1021,1018,996,0,0,1,1,0,0,0,0,0,0,0,0,0,0,0,0,0,0,0,0,0,0,0,0,0,0,0,0,0,0,0,0,0,1,0,1,0,0,0,0,1,0,0,1,1,1,1,0,1,1,0,1,1,1,1,0,1,1,1,0,0,1,1,1
2026-07-07T17:18:02.505,tof1,8x8,side_right,-1,-1,-1,-1,-1,-1,-1,-1,-1,-1,-1,-1,-1,-1,-1,-1,-1,-1,-1,-1,-1,-1,-1,-1,-1,-1,-1,-1,-1,-1,-1,-1,-1,-1,-1,488,412,385,388,400,-1,-1,473,408,375,349,350,375,-1,598,431,378,356,335,315,350,899,540,411,366,334,315,308,297,0,0,0,0,0,0,0,0,0,0,0,0,0,0,0,0,0,0,0,0,0,0,0,0,0,0,0,0,0,0,0,0,1,0,0,1,1,1,1,1,0,0,1,1,1,1,1,1,0,1,1,1,1,1,1,1,1,1,1,1,1,1,1,1
2026-07-07T17:18:03.036,tof1,8x8,side_right,-1,-1,-1,-1,-1,-1,-1,-1,-1,-1,-1,-1,-1,-1,-1,-1,-1,-1,-1,-1,-1,-1,-1,-1,-1,-1,-1,-1,-1,-1,-1,-1,2672,-1,-1,-1,424,389,384,408,-1,-1,454,436,380,346,347,369,-1,571,433,385,356,344,333,360,890,541,416,358,344,324,309,298,0,0,0,0,0,0,0,0,0,0,0,0,0,0,0,0,0,0,0,0,0,0,0,0,0,1,0,0,0,0,0,0,1,0,0,0,1,1,1,1,0,0,1,1,1,1,1,1,0,1,1,1,1,1,1,1,1,1,1,1,1,1,1,1
2026-07-07T17:18:03.256,tof2,8x8,side_right,-1,-1,3187,3217,-1,-1,-1,-1,-1,-1,-1,-1,-1,-1,-1,-1,-1,-1,-1,-1,-1,-1,-1,-1,-1,-1,-1,-1,-1,-1,-1,-1,-1,-1,-1,-1,-1,-1,-1,-1,1409,-1,-1,-1,-1,1375,-1,-1,1214,1177,-1,-1,1187,1189,1179,-1,1011,1018,856,-1,937,1028,1022,990,0,0,1,1,0,0,0,0,0,0,0,0,0,0,0,0,0,0,0,0,0,1,0,0,0,0,0,0,0,0,0,0,0,1,0,0,0,0,0,0,1,0,0,0,1,1,0,0,1,1,0,0,1,1,1,0,1,1,1,1,1,1,1,1
2026-07-07T17:18:03.719,tof1,8x8,side_right,-1,-1,-1,-1,-1,-1,-1,-1,-1,-1,-1,-1,-1,-1,-1,-1,-1,-1,-1,-1,-1,-1,-1,-1,-1,-1,-1,-1,-1,-1,-1,-1,-1,-1,-1,-1,429,402,383,410,-1,-1,479,416,379,343,342,379,-1,556,444,374,361,329,315,352,865,544,416,368,327,303,300,291,0,0,0,0,0,1,0,0,0,0,0,0,0,0,0,0,0,0,0,0,0,0,0,0,0,0,0,0,0,0,0,0,1,0,0,0,1,1,1,1,0,0,1,1,1,1,1,1,0,1,1,1,1,1,1,1,1,1,1,1,1,1,1,1
2026-07-07T17:18:03.722,tof2,8x8,side_right,-1,-1,3172,-1,-1,-1,-1,-1,-1,-1,-1,-1,-1,-1,-1,-1,-1,-1,-1,-1,-1,-1,-1,-1,-1,-1,-1,-1,-1,-1,-1,-1,-1,-1,-1,-1,-1,-1,-1,-1,1444,-1,-1,-1,-1,1373,-1,-1,1207,1178,-1,-1,1218,1196,1163,-1,1018,1002,859,-1,-1,1024,1019,986,0,0,1,1,0,1,1,0,0,0,0,0,0,0,1,0,0,0,0,0,0,0,0,0,0,0,0,0,0,0,0,0,0,1,0,0,0,0,0,0,1,0,0,0,0,1,0,0,1,1,0,0,1,1,1,1,1,1,1,1,0,1,1,1
2026-07-07T17:18:03.735,tof1,8x8,side_right,-1,-1,-1,-1,-1,-1,-1,-1,-1,-1,-1,-1,-1,-1,-1,-1,-1,-1,-1,-1,-1,-1,-1,-1,-1,-1,-1,-1,-1,-1,-1,-1,2638,-1,-1,-1,425,393,391,396,-1,-1,-1,418,371,343,353,391,-1,561,441,392,371,334,333,351,861,562,424,359,342,318,319,299,0,0,0,0,0,0,0,0,0,0,0,0,0,0,0,0,0,0,0,0,0,0,0,0,0,0,0,0,0,0,0,0,1,0,0,0,1,1,1,1,0,0,0,1,1,1,1,1,0,1,1,1,1,1,1,1,1,1,1,1,1,1,1,1
2026-07-07T17:18:03.753,tof2,8x8,side_right,-1,-1,3193,-1,-1,-1,-1,-1,-1,-1,-1,-1,-1,-1,-1,-1,-1,-1,-1,-1,-1,-1,-1,-1,-1,-1,-1,-1,-1,-1,-1,-1,-1,1709,-1,-1,-1,-1,-1,-1,1383,-1,-1,-1,1340,1407,-1,-1,1158,1170,-1,1050,1209,1205,1192,-1,994,1009,859,-1,-1,1002,1019,978,0,0,1,1,0,0,0,0,0,0,0,0,0,0,0,0,0,0,0,0,0,0,0,0,0,0,0,0,0,0,1,0,0,1,0,0,0,0,0,0,1,0,0,0,1,1,0,0,1,1,1,1,1,1,1,1,1,1,1,1,0,1,1,1
2026-07-07T17:18:03.874,tof1,8x8,side_right,-1,-1,-1,-1,-1,-1,-1,-1,-1,-1,-1,-1,-1,-1,-1,-1,-1,-1,-1,-1,-1,-1,-1,-1,-1,-1,-1,-1,-1,-1,-1,-1,-1,-1,-1,-1,403,408,375,408,-1,-1,490,425,378,350,351,381,-1,571,433,380,362,333,317,354,933,549,411,364,346,312,302,295,0,0,0,0,0,0,0,0,0,0,0,0,0,0,0,0,0,0,0,0,0,0,0,0,1,0,0,0,0,0,0,0,0,0,0,0,1,1,1,1,0,0,1,1,1,1,1,1,0,1,1,1,1,1,1,1,1,1,1,1,1,1,1,1
2026-07-07T17:18:03.855,tof2,8x8,side_right,-1,-1,3188,-1,-1,-1,-1,-1,-1,-1,-1,-1,-1,-1,-1,-1,-1,-1,-1,-1,-1,-1,-1,-1,-1,-1,-1,-1,-1,-1,-1,-1,-1,1603,-1,-1,-1,-1,-1,-1,1384,-1,-1,-1,1431,1406,-1,-1,1201,1217,-1,-1,1218,1213,1170,-1,997,986,867,-1,-1,1032,1014,984,0,0,1,1,0,0,0,1,0,0,0,0,0,0,0,0,0,0,0,0,0,0,0,0,0,0,0,0,0,0,0,0,0,1,1,0,0,0,0,0,1,0,0,0,1,1,0,0,1,1,0,1,1,1,1,1,1,1,1,1,1,1,1,1
2026-07-07T17:18:03.952,tof2,8x8,side_right,-1,-1,3196,3230,-1,-1,-1,-1,-1,-1,-1,-1,-1,-1,-1,-1,-1,-1,-1,-1,-1,-1,-1,-1,-1,-1,-1,-1,-1,-1,-1,-1,-1,-1,-1,-1,-1,-1,-1,-1,1406,-1,-1,-1,1355,1431,-1,-1,1187,1217,-1,-1,1167,-1,1192,-1,1006,1002,858,787,-1,1045,1034,981,0,0,1,1,0,0,0,0,0,0,0,0,0,0,0,0,0,0,0,0,0,0,0,0,0,0,0,0,0,0,0,0,0,0,0,0,1,0,0,0,1,0,0,0,1,1,0,0,1,1,0,1,1,1,1,0,1,1,1,1,0,1,1,1
2026-07-07T17:18:03.982,tof1,8x8,side_right,-1,-1,-1,-1,-1,-1,-1,-1,-1,-1,-1,-1,-1,-1,-1,-1,-1,-1,-1,-1,-1,-1,-1,-1,-1,-1,-1,-1,-1,-1,-1,-1,-1,-1,-1,-1,407,407,388,394,-1,-1,494,414,376,343,356,367,-1,565,437,377,369,338,319,350,904,515,409,356,347,314,308,297,0,0,0,0,0,0,0,0,0,0,0,0,0,0,0,0,0,0,0,0,0,0,0,0,0,0,0,0,1,0,0,0,0,0,0,0,1,1,1,1,0,0,1,1,1,1,1,1,0,1,1,1,1,1,1,1,1,1,1,1,1,1,1,1
2026-07-07T17:18:04.085,tof1,8x8,side_right,-1,-1,-1,-1,-1,-1,-1,-1,-1,-1,-1,-1,-1,-1,-1,-1,-1,-1,-1,-1,-1,-1,-1,-1,-1,-1,-1,-1,-1,-1,-1,-1,-1,-1,-1,-1,405,389,385,408,-1,-1,-1,422,363,342,345,393,-1,586,410,392,350,335,329,345,-1,502,415,373,343,314,301,294,0,0,0,0,0,0,0,0,0,0,0,0,0,0,0,0,0,0,0,0,0,0,0,0,0,0,0,0,0,0,0,0,1,0,0,0,1,1,1,1,0,0,0,1,1,1,1,1,0,1,1,1,1,1,1,1,0,1,1,1,1,1,1,1
2026-07-07T17:18:04.072,tof2,8x8,side_right,-1,-1,3212,3184,-1,-1,-1,-1,-1,-1,-1,-1,-1,-1,-1,3323,-1,-1,-1,-1,-1,-1,-1,-1,-1,-1,-1,-1,-1,-1,-1,-1,-1,1746,-1,-1,-1,-1,-1,-1,1388,-1,-1,-1,-1,1393,-1,-1,1162,1202,-1,1054,1184,1222,1183,1062,1006,1003,823,-1,-1,1036,1012,986,0,0,1,1,0,0,0,0,0,0,0,0,0,0,0,1,0,0,0,0,0,0,0,0,0,0,0,0,0,0,0,0,0,1,0,0,0,0,0,0,1,0,0,0,0,1,0,0,1,1,0,1,1,1,1,1,1,1,1,1,0,1,1,1
2026-07-07T17:18:04.181,tof1,8x8,side_right,-1,-1,-1,-1,-1,-1,-1,-1,-1,-1,-1,-1,-1,-1,-1,-1,-1,-1,-1,-1,-1,-1,-1,-1,-1,-1,-1,-1,-1,-1,426,-1,2588,-1,-1,-1,382,405,419,402,-1,-1,-1,412,373,356,347,373,-1,573,455,386,350,336,327,351,-1,533,416,364,335,308,306,298,0,0,0,0,0,0,0,0,0,0,0,0,0,0,0,0,0,0,0,0,0,0,0,0,0,0,0,0,1,0,1,0,1,0,0,0,1,1,1,1,0,0,1,1,1,1,1,1,0,1,1,1,1,1,1,1,0,1,1,1,1,1,1,1
2026-07-07T17:18:04.168,tof2,8x8,side_right,-1,-1,3195,-1,-1,-1,-1,-1,-1,-1,-1,-1,-1,-1,-1,-1,-1,-1,-1,-1,-1,-1,-1,-1,-1,-1,-1,-1,-1,-1,-1,-1,-1,-1,1340,-1,1325,-1,-1,-1,1401,-1,-1,-1,-1,1366,-1,-1,1186,1176,-1,1159,1280,1207,1176,-1,996,1008,810,-1,1024,1015,1019,994,0,0,1,1,0,0,0,0,0,0,0,0,0,0,0,0,0,0,0,0,0,0,1,0,0,0,0,0,0,0,0,0,0,1,1,0,1,0,0,0,1,0,0,0,1,1,0,0,1,1,0,1,1,1,1,0,1,1,1,1,1,1,1,1
2026-07-07T17:18:04.351,tof1,8x8,side_right,-1,-1,-1,-1,-1,-1,-1,-1,-1,-1,-1,-1,-1,-1,-1,-1,-1,-1,-1,-1,-1,-1,-1,-1,-1,-1,-1,-1,-1,-1,-1,-1,-1,-1,-1,-1,432,396,374,386,-1,-1,460,419,381,351,354,376,-1,594,440,380,364,322,317,359,-1,589,416,370,333,314,308,299,0,0,0,0,0,0,0,0,0,0,0,0,0,0,0,0,0,0,0,0,0,0,0,0,1,0,0,0,0,0,0,0,0,0,0,0,1,1,1,1,0,0,1,1,1,1,1,1,0,1,1,1,1,1,1,1,1,1,1,1,1,1,1,1
2026-07-07T17:18:04.405,tof2,8x8,side_right,-1,-1,3170,3234,-1,-1,-1,-1,-1,-1,-1,-1,-1,-1,-1,-1,-1,-1,-1,-1,-1,-1,-1,-1,-1,-1,-1,-1,-1,-1,-1,-1,-1,1698,-1,-1,-1,-1,-1,-1,1389,-1,-1,-1,-1,-1,-1,-1,1187,1180,-1,-1,1191,1226,1199,-1,1007,996,892,-1,-1,1020,1024,985,1,0,1,1,0,0,0,0,0,0,0,0,0,0,1,0,0,0,1,0,0,0,0,0,0,0,0,0,0,0,0,0,0,1,0,0,0,0,0,0,1,0,0,0,0,1,0,0,1,1,0,1,1,1,1,0,1,1,1,1,0,1,1,1
2026-07-07T17:18:04.518,tof2,8x8,side_right,-1,-1,3172,-1,-1,-1,-1,-1,-1,-1,-1,-1,-1,-1,-1,-1,-1,-1,-1,-1,-1,-1,-1,-1,-1,-1,-1,-1,-1,-1,-1,-1,-1,1623,-1,-1,-1,-1,-1,-1,1403,-1,-1,-1,-1,1416,-1,-1,1199,1219,-1,-1,1198,1191,1167,-1,1011,1009,829,866,-1,1041,1009,998,0,0,1,1,0,0,0,1,0,0,0,0,0,0,0,0,0,0,0,0,0,0,0,0,0,0,0,0,0,0,0,0,0,1,0,0,0,0,0,0,1,0,0,0,1,1,0,0,1,1,0,0,1,1,1,0,1,1,1,1,1,1,1,1
2026-07-07T17:18:05.142,tof1,8x8,side_right,-1,-1,-1,-1,-1,-1,-1,-1,-1,-1,-1,-1,-1,-1,-1,-1,-1,-1,-1,-1,-1,-1,-1,-1,-1,-1,-1,-1,-1,-1,-1,-1,2628,-1,-1,-1,431,398,393,404,-1,-1,465,420,379,355,349,380,-1,573,433,375,364,338,320,350,-1,529,405,372,340,313,306,297,0,0,0,0,0,0,0,0,0,0,0,0,0,0,0,0,0,0,0,0,0,0,0,0,1,0,0,0,0,0,0,0,1,0,0,1,1,1,1,1,0,0,1,1,1,1,1,1,0,1,1,1,1,1,1,1,1,1,1,1,1,1,1,1
2026-07-07T17:18:05.257,tof2,8x8,side_right,-1,-1,3178,-1,-1,-1,-1,-1,-1,-1,-1,-1,-1,-1,-1,-1,-1,-1,-1,-1,-1,-1,-1,-1,-1,-1,-1,-1,-1,-1,-1,-1,-1,-1,-1,-1,-1,-1,-1,-1,1416,-1,-1,-1,-1,1470,-1,-1,1220,1174,-1,-1,1211,1218,1191,2260,1018,1018,895,-1,-1,1006,1024,976,0,1,1,0,0,0,0,1,0,0,0,0,0,0,0,0,0,0,0,0,0,0,0,0,0,0,0,0,0,0,0,0,0,0,0,0,0,0,0,0,1,0,0,0,0,1,0,0,1,1,0,0,1,1,1,1,1,1,1,0,1,1,1,1
2026-07-07T17:18:05.580,tof1,8x8,side_right,-1,-1,-1,-1,-1,-1,-1,-1,-1,-1,-1,-1,-1,-1,-1,-1,-1,-1,-1,-1,-1,-1,-1,-1,-1,-1,-1,-1,-1,-1,-1,-1,-1,-1,-1,-1,396,403,397,401,-1,-1,483,403,380,359,348,383,-1,567,432,376,372,339,325,350,895,497,423,357,343,321,301,297,0,0,0,0,0,0,0,0,0,0,0,0,0,0,0,0,0,0,0,0,0,0,0,0,0,0,0,0,1,0,0,0,0,0,0,0,1,1,1,1,0,0,1,1,1,1,1,1,0,1,1,1,1,1,1,1,1,1,1,1,1,1,1,1
2026-07-07T17:18:05.701,tof2,8x8,side_right,-1,-1,3201,-1,-1,-1,-1,-1,-1,-1,-1,-1,-1,-1,-1,-1,-1,-1,-1,-1,-1,-1,-1,-1,-1,-1,-1,-1,-1,-1,-1,-1,-1,1766,-1,-1,-1,-1,-1,-1,1394,-1,-1,-1,-1,1404,-1,-1,1206,1204,-1,1037,1225,1202,1146,-1,996,1002,859,-1,-1,1041,1009,1005,0,0,1,1,0,0,0,0,0,0,0,0,0,0,0,1,0,0,0,0,0,1,0,0,0,0,0,0,0,0,0,0,0,1,0,0,0,0,0,0,1,0,0,0,0,1,0,0,1,1,0,1,1,1,1,0,1,1,1,1,0,1,1,1
2026-07-07T17:18:06.111,tof1,8x8,side_right,-1,-1,-1,-1,-1,-1,-1,-1,-1,-1,-1,-1,-1,-1,-1,-1,-1,-1,-1,-1,-1,-1,-1,-1,-1,-1,-1,-1,-1,-1,-1,-1,-1,-1,-1,-1,403,397,386,382,-1,-1,-1,411,371,351,362,379,-1,585,426,381,367,336,323,359,910,557,430,367,335,320,296,297,0,0,0,0,0,0,0,0,0,0,0,0,0,0,0,0,0,0,0,0,0,0,0,0,0,0,0,0,0,0,0,0,1,0,0,0,1,1,1,1,0,0,0,1,1,1,1,1,0,1,1,1,1,1,1,1,1,1,1,1,1,1,1,1
2026-07-07T17:18:06.109,tof2,8x8,side_right,-1,-1,3161,3232,-1,-1,-1,-1,-1,-1,-1,-1,-1,-1,-1,-1,-1,-1,-1,-1,-1,-1,-1,-1,-1,-1,-1,-1,-1,-1,-1,-1,-1,1707,-1,1220,-1,-1,-1,-1,1440,-1,-1,-1,1265,-1,-1,-1,1188,1176,-1,991,1151,1194,1157,-1,990,1008,889,-1,-1,1014,1027,1009,0,0,1,1,0,0,0,0,0,0,0,0,0,0,0,0,0,0,0,0,0,0,0,0,0,0,0,0,0,0,1,0,0,1,0,1,0,0,0,0,1,0,0,0,1,0,1,0,1,1,1,1,1,1,1,1,1,1,1,0,1,1,1,1
2026-07-07T17:18:06.557,tof1,8x8,side_right,-1,-1,-1,-1,-1,-1,-1,-1,-1,-1,-1,-1,-1,-1,-1,-1,-1,-1,-1,-1,-1,-1,-1,-1,-1,-1,-1,-1,-1,-1,439,-1,-1,-1,-1,-1,425,422,383,409,-1,-1,491,413,384,369,351,364,-1,563,468,381,368,331,324,346,-1,541,420,363,328,314,306,296,0,0,0,0,0,0,0,0,0,0,0,0,0,0,0,0,0,0,0,0,0,0,0,0,0,0,0,0,1,0,1,0,0,0,0,0,1,1,1,1,0,0,1,1,1,1,1,1,0,1,1,1,1,1,1,1,0,1,1,1,1,1,1,1
2026-07-07T17:18:06.576,tof2,8x8,side_right,-1,-1,3186,-1,-1,-1,-1,-1,-1,-1,-1,-1,-1,-1,-1,-1,-1,-1,-1,-1,-1,-1,-1,-1,-1,-1,-1,-1,-1,-1,-1,-1,-1,1724,-1,-1,-1,-1,-1,-1,1397,-1,-1,-1,-1,-1,-1,-1,1167,1229,-1,-1,1250,1208,1156,-1,998,995,910,-1,-1,970,1030,984,0,0,1,1,0,0,0,0,0,0,0,0,0,0,0,0,0,0,1,1,0,0,0,0,0,0,0,0,0,0,0,0,0,1,0,0,0,0,0,0,1,0,0,0,0,1,0,0,1,1,0,1,1,1,1,0,1,1,1,0,0,1,1,1
2026-07-07T17:18:07.343,tof1,8x8,side_right,-1,-1,-1,-1,-1,-1,-1,-1,-1,-1,-1,-1,-1,-1,-1,-1,-1,-1,-1,-1,-1,-1,-1,-1,-1,-1,-1,-1,-1,-1,-1,-1,-1,-1,-1,439,390,408,382,404,-1,-1,481,407,371,355,341,367,-1,597,448,377,359,346,324,340,919,520,410,358,349,320,301,293,0,0,0,0,0,0,0,0,0,0,0,0,0,0,0,0,0,0,0,0,0,0,0,0,0,0,0,0,0,1,0,0,1,0,0,1,1,1,1,1,0,0,1,1,1,1,1,1,0,1,1,1,1,1,1,1,1,1,1,1,1,1,1,1
2026-07-07T17:18:07.356,tof2,8x8,side_right,-1,-1,3200,-1,-1,-1,-1,-1,-1,-1,-1,-1,-1,-1,-1,-1,-1,-1,-1,-1,-1,-1,-1,-1,-1,-1,-1,-1,-1,-1,-1,-1,-1,1793,-1,-1,-1,-1,-1,-1,1429,-1,-1,-1,-1,1415,-1,-1,1185,1166,-1,1059,1259,1192,1172,-1,998,1013,863,-1,-1,1018,1021,994,0,0,1,0,0,0,0,0,0,0,0,0,0,0,0,0,0,0,0,1,0,0,0,0,0,0,0,0,0,0,0,0,0,1,0,0,0,0,0,0,1,0,0,0,1,1,0,0,1,1,0,1,1,1,1,1,1,1,1,1,0,1,1,1
2026-07-07T17:18:07.993,tof1,8x8,side_right,-1,-1,-1,-1,-1,-1,-1,-1,-1,-1,-1,-1,-1,-1,-1,-1,-1,-1,-1,-1,-1,-1,-1,-1,-1,-1,-1,-1,-1,-1,-1,-1,2616,-1,-1,-1,419,393,399,401,-1,-1,484,414,372,350,345,379,-1,608,432,367,365,338,314,349,912,536,412,371,334,320,308,299,0,0,0,0,0,0,0,0,0,0,0,0,0,0,0,0,0,0,0,0,0,0,0,0,0,0,0,0,0,0,0,0,1,0,0,0,1,1,1,1,0,0,1,1,1,1,1,1,0,1,1,1,1,1,1,1,1,1,1,1,1,1,1,1
2026-07-07T17:18:08.057,tof2,8x8,side_right,-1,-1,3213,3256,-1,-1,-1,-1,-1,-1,-1,-1,-1,-1,-1,-1,-1,-1,-1,-1,-1,-1,-1,-1,-1,-1,-1,-1,-1,-1,-1,-1,-1,1742,-1,-1,-1,-1,-1,-1,1389,-1,-1,-1,-1,1366,-1,-1,1195,1221,-1,-1,-1,1199,1184,-1,1002,1005,-1,-1,-1,1029,1014,1000,0,0,1,1,0,0,0,0,0,0,0,0,0,0,0,0,0,0,0,1,0,0,0,0,0,0,0,0,0,0,0,0,0,1,0,0,0,0,0,0,1,0,0,0,0,1,0,0,1,1,0,1,1,1,1,1,1,1,1,0,1,1,1,1
2026-07-07T17:18:08.097,tof1,8x8,side_right,-1,-1,-1,-1,-1,-1,-1,-1,-1,-1,-1,-1,-1,-1,-1,-1,-1,-1,-1,-1,-1,-1,-1,-1,-1,-1,-1,-1,-1,-1,-1,-1,-1,-1,-1,-1,422,408,399,400,-1,-1,502,402,378,358,347,369,-1,600,486,380,354,339,326,364,920,544,406,367,341,329,308,295,0,0,0,0,0,0,0,0,0,0,0,0,0,0,0,0,0,0,0,0,0,0,0,0,0,0,0,0,0,0,0,0,1,0,0,0,1,1,1,1,0,0,1,1,1,1,1,1,0,1,1,1,1,1,1,1,1,1,1,1,1,1,1,1
2026-07-07T17:18:08.462,tof2,8x8,side_right,-1,-1,3201,3208,-1,-1,-1,-1,-1,-1,-1,-1,-1,-1,-1,-1,-1,-1,-1,-1,-1,-1,-1,-1,-1,-1,-1,-1,-1,-1,-1,-1,-1,1723,-1,-1,-1,-1,-1,-1,1374,-1,-1,-1,-1,1427,-1,-1,1212,1153,-1,-1,-1,1208,1185,-1,1007,1012,857,-1,-1,-1,1022,986,0,0,1,1,0,0,0,0,0,0,0,0,0,0,0,0,0,0,0,1,0,0,0,0,0,0,0,0,0,0,1,0,0,1,0,0,0,0,0,0,1,0,0,0,0,1,0,0,1,1,0,0,1,1,1,0,1,1,1,0,0,1,1,1
2026-07-07T17:18:08.482,tof2,8x8,side_right,-1,-1,3158,3172,-1,-1,-1,-1,-1,-1,-1,-1,-1,-1,-1,-1,-1,-1,-1,-1,-1,-1,-1,-1,-1,-1,-1,-1,-1,-1,-1,-1,-1,-1,-1,-1,-1,-1,-1,-1,1369,-1,-1,-1,-1,1366,-1,-1,1200,1231,-1,-1,1235,1206,1138,-1,1007,998,-1,-1,-1,1021,1029,989,0,1,1,1,0,0,0,0,0,0,0,0,0,0,0,0,0,0,0,0,0,0,0,0,0,0,0,0,0,0,0,0,0,1,0,0,0,0,0,0,1,0,0,0,0,1,0,0,1,1,0,0,1,1,1,1,1,1,0,0,0,1,1,1
2026-07-07T17:18:08.559,tof1,8x8,side_right,-1,-1,-1,-1,-1,-1,-1,-1,-1,-1,-1,-1,-1,-1,-1,-1,-1,-1,-1,-1,-1,-1,-1,-1,-1,2697,-1,-1,-1,-1,-1,-1,-1,-1,-1,-1,390,408,394,410,-1,-1,492,419,365,360,338,385,-1,576,427,377,354,336,321,358,877,555,407,365,334,321,299,289,0,0,0,0,0,0,0,0,0,0,0,0,0,0,0,0,0,0,0,0,0,0,0,0,0,1,0,0,0,0,0,0,1,0,0,0,1,1,1,1,0,0,1,1,1,1,1,1,0,1,1,1,1,1,1,1,1,1,1,1,1,1,1,1
2026-07-07T17:18:08.598,tof2,8x8,side_right,-1,-1,3175,-1,-1,-1,-1,-1,-1,-1,-1,-1,-1,-1,-1,-1,-1,-1,-1,-1,-1,-1,-1,-1,-1,-1,-1,-1,-1,-1,-1,-1,-1,1658,-1,-1,-1,-1,-1,-1,1356,-1,-1,-1,-1,1408,-1,-1,1219,1221,-1,-1,1195,1245,1169,-1,1000,1023,-1,-1,-1,1000,1011,990,0,0,1,0,0,0,0,1,0,0,0,0,0,0,0,0,0,0,0,0,0,0,0,0,0,0,0,0,0,0,0,0,0,1,0,0,0,0,0,0,1,0,0,0,1,1,0,0,1,1,0,0,1,1,1,0,1,1,0,0,0,1,1,1
2026-07-07T17:18:08.655,tof1,8x8,side_right,-1,-1,-1,-1,-1,-1,-1,-1,-1,-1,-1,-1,-1,-1,-1,-1,-1,-1,-1,-1,-1,-1,-1,-1,-1,-1,-1,-1,-1,-1,-1,-1,-1,-1,-1,-1,412,367,369,-1,-1,-1,446,401,356,326,343,374,-1,535,420,372,350,322,315,345,-1,524,416,355,331,299,299,288,0,0,0,0,0,0,0,0,0,0,0,0,0,0,0,0,0,0,0,0,0,0,0,0,0,0,0,0,0,0,0,1,0,0,0,0,1,1,1,0,0,0,1,1,1,1,1,1,0,1,1,1,1,1,1,1,0,1,1,1,1,1,1,1
2026-07-07T17:18:08.683,tof2,8x8,side_right,-1,-1,3226,-1,-1,-1,-1,-1,-1,-1,-1,-1,-1,-1,-1,-1,-1,-1,-1,-1,-1,-1,-1,-1,-1,-1,-1,-1,-1,-1,-1,-1,-1,1572,-1,-1,-1,-1,-1,-1,1411,-1,-1,-1,1233,1471,-1,-1,1204,1195,-1,-1,1200,1213,1165,-1,1007,993,853,-1,1043,1043,1028,992,0,0,1,0,0,0,0,0,0,0,0,0,0,0,0,0,0,0,0,0,0,0,0,0,0,0,0,0,0,0,0,0,0,1,0,0,0,0,0,0,1,0,0,0,1,1,0,0,1,1,0,0,1,1,1,0,1,1,1,0,1,1,1,1
2026-07-07T17:18:08.758,tof1,8x8,side_right,-1,-1,-1,-1,-1,-1,-1,-1,-1,-1,-1,-1,-1,-1,-1,-1,-1,-1,-1,-1,-1,-1,-1,-1,-1,-1,-1,-1,-1,387,375,-1,-1,-1,-1,-1,380,355,367,408,-1,-1,388,394,353,328,343,361,-1,548,420,344,337,323,320,357,-1,536,400,338,318,302,298,295,0,0,0,0,0,0,0,0,0,0,0,0,0,0,0,0,0,0,0,0,1,0,0,0,0,0,0,0,0,1,1,0,0,0,0,0,1,1,1,1,0,0,1,1,1,1,1,1,0,1,1,1,1,1,1,1,1,1,1,1,1,1,1,1
2026-07-07T17:18:08.776,tof2,8x8,side_right,-1,-1,3221,-1,-1,-1,-1,-1,-1,-1,-1,-1,-1,-1,-1,-1,-1,-1,-1,-1,-1,-1,-1,-1,-1,-1,-1,-1,-1,-1,-1,-1,-1,1609,-1,-1,-1,-1,-1,-1,1384,-1,-1,-1,-1,1410,-1,-1,1167,1258,-1,-1,1221,1194,1226,-1,998,991,844,-1,921,1058,1011,968,1,0,1,1,0,0,0,0,0,0,0,0,0,0,0,0,0,0,0,0,0,0,1,0,0,0,0,0,0,0,1,0,0,1,0,0,0,0,0,0,1,1,0,0,0,1,0,0,1,1,0,0,1,1,1,0,1,1,1,1,1,1,1,1
2026-07-07T17:18:08.860,tof1,8x8,side_right,-1,-1,-1,-1,-1,-1,-1,-1,-1,-1,-1,-1,-1,-1,-1,-1,-1,-1,-1,-1,-1,-1,-1,-1,-1,-1,-1,-1,-1,390,398,-1,-1,-1,-1,-1,372,369,362,-1,-1,-1,434,370,340,338,341,353,-1,606,391,337,315,301,318,356,928,528,404,331,306,300,294,293,0,0,0,0,0,0,0,0,0,0,0,0,0,0,0,0,0,0,0,0,0,0,0,0,0,0,0,0,0,1,1,0,0,0,0,0,1,1,1,0,0,0,1,1,1,1,1,1,0,1,1,1,1,1,1,1,1,1,1,1,1,1,1,1
2026-07-07T17:18:08.869,tof2,8x8,side_right,-1,-1,3187,3232,-1,-1,-1,-1,-1,-1,-1,-1,-1,-1,-1,-1,-1,-1,-1,-1,-1,-1,-1,-1,-1,-1,-1,-1,-1,-1,-1,-1,-1,1647,-1,-1,-1,-1,-1,-1,1430,-1,-1,-1,1347,1400,-1,-1,1202,-1,-1,999,1187,1209,1202,-1,990,1009,835,-1,910,1033,1011,993,0,0,1,1,0,0,0,0,0,0,0,0,0,0,1,0,0,0,0,0,0,0,0,1,0,0,0,0,0,0,0,0,0,1,1,0,0,0,0,0,1,0,0,0,1,1,0,0,1,1,0,1,1,1,1,1,1,1,1,0,1,1,1,1
2026-07-07T17:18:08.998,tof1,8x8,side_right,-1,-1,-1,-1,-1,-1,-1,-1,-1,-1,-1,-1,-1,-1,-1,-1,-1,-1,-1,-1,-1,-1,-1,-1,-1,-1,-1,-1,-1,398,402,-1,-1,-1,-1,395,359,371,386,-1,-1,-1,405,369,331,327,341,390,-1,513,371,342,313,309,316,340,917,539,360,336,303,299,293,282,0,0,0,0,0,0,0,0,0,0,0,0,0,0,0,0,0,0,0,0,1,0,0,0,0,0,0,0,0,1,1,0,0,0,0,1,1,1,1,0,0,1,1,1,1,1,1,1,0,1,1,1,1,1,1,1,1,1,1,1,1,1,1,1
2026-07-07T17:18:08.983,tof2,8x8,side_right,-1,-1,3213,-1,-1,-1,-1,-1,-1,-1,-1,-1,-1,-1,-1,-1,-1,-1,-1,-1,-1,-1,-1,-1,-1,-1,-1,-1,-1,-1,-1,-1,-1,-1,-1,-1,-1,-1,-1,-1,1368,-1,-1,-1,1240,1449,-1,-1,1204,1194,-1,1005,1170,1211,1208,-1,982,1018,869,-1,1000,1021,1020,986,0,0,1,0,0,1,0,1,0,0,0,0,0,0,0,0,0,0,0,1,0,0,0,0,0,0,0,0,0,0,0,0,0,0,0,0,0,0,0,0,1,0,0,0,1,1,0,0,1,1,0,1,1,1,1,0,1,1,1,0,1,1,1,1
2026-07-07T17:18:09.092,tof2,8x8,side_right,-1,-1,3152,3228,-1,-1,-1,-1,-1,-1,-1,-1,-1,-1,-1,-1,-1,-1,-1,-1,-1,-1,-1,-1,-1,-1,-1,-1,-1,-1,-1,-1,-1,1579,-1,-1,-1,-1,-1,-1,1474,-1,-1,-1,-1,1387,-1,-1,1150,1213,-1,944,1227,1206,1214,-1,1011,1005,801,-1,991,1022,1019,1003,0,0,1,1,0,0,0,1,0,0,0,0,0,0,0,0,0,0,0,0,0,0,0,0,0,0,0,0,1,0,0,0,0,1,0,0,0,0,0,0,1,0,0,0,1,1,0,0,1,1,0,1,1,1,1,0,1,1,1,0,1,1,1,1
2026-07-07T17:18:09.109,tof1,8x8,side_right,-1,-1,-1,-1,-1,-1,-1,-1,-1,-1,-1,-1,-1,-1,-1,-1,-1,-1,-1,-1,-1,-1,-1,-1,-1,-1,-1,-1,-1,378,400,-1,-1,-1,-1,-1,372,373,375,405,-1,-1,409,360,344,327,353,383,-1,510,391,347,328,312,322,359,944,502,374,329,316,299,292,282,0,0,0,0,0,0,0,0,0,0,0,0,0,0,0,0,0,0,0,0,0,0,0,0,0,0,0,0,0,1,1,0,0,0,0,0,1,1,1,1,0,0,1,1,1,1,1,1,0,1,1,1,1,1,1,1,1,1,1,1,1,1,1,1
2026-07-07T17:18:09.197,tof2,8x8,side_right,-1,-1,3186,-1,-1,-1,-1,-1,-1,-1,-1,-1,-1,-1,-1,-1,-1,-1,-1,-1,-1,-1,-1,-1,-1,-1,-1,-1,-1,-1,-1,-1,-1,-1,-1,-1,-1,-1,-1,-1,1383,-1,-1,-1,1348,1419,-1,-1,1194,1174,-1,948,1188,1194,-1,-1,1008,991,809,-1,920,1007,1019,999,0,0,1,0,0,0,0,0,0,0,0,0,0,0,0,0,0,0,0,1,0,0,0,0,0,0,0,0,0,0,0,0,0,1,0,0,0,0,0,0,1,0,0,0,1,1,0,0,1,1,0,1,1,1,1,1,1,1,1,1,1,1,1,1
2026-07-07T17:18:09.255,tof1,8x8,side_right,-1,-1,-1,-1,-1,-1,-1,-1,-1,-1,-1,-1,-1,-1,-1,-1,-1,-1,-1,-1,-1,-1,-1,-1,-1,-1,-1,-1,-1,366,407,-1,-1,-1,-1,-1,381,364,370,416,-1,-1,445,372,342,324,333,399,-1,553,403,334,334,306,322,350,896,538,380,330,314,303,289,290,0,0,0,0,0,0,0,0,0,0,0,0,0,0,0,0,0,0,0,0,0,0,0,0,0,0,0,0,0,1,1,0,0,0,0,0,1,1,1,1,0,0,1,1,1,1,1,1,0,1,1,1,1,1,1,1,1,1,1,1,1,1,1,1
2026-07-07T17:18:09.295,tof2,8x8,side_right,-1,-1,3195,3225,-1,-1,-1,-1,-1,-1,-1,-1,-1,-1,-1,-1,-1,-1,-1,-1,-1,-1,-1,-1,-1,-1,-1,-1,-1,-1,-1,-1,-1,1658,-1,-1,-1,-1,-1,-1,1389,-1,-1,-1,-1,1428,-1,-1,1198,1205,-1,-1,1199,1183,1178,-1,1000,1003,858,832,1022,1024,1011,981,0,1,1,1,0,0,0,0,0,0,0,0,0,0,0,0,0,0,0,1,0,0,0,0,0,0,1,0,0,0,0,0,1,1,0,0,0,0,0,1,1,1,0,0,0,1,0,0,1,1,0,1,1,1,1,0,1,1,1,1,1,1,1,1
2026-07-07T17:18:09.387,tof1,8x8,side_right,-1,-1,-1,-1,-1,-1,-1,-1,-1,-1,-1,-1,-1,-1,-1,-1,-1,-1,-1,-1,-1,-1,-1,-1,-1,-1,-1,-1,385,405,387,-1,-1,-1,-1,401,369,348,368,388,-1,-1,421,360,329,323,350,390,-1,606,404,332,332,307,307,370,865,568,380,329,304,285,292,288,0,0,0,0,0,0,0,0,0,0,0,0,0,0,0,0,0,0,0,0,1,0,0,0,0,0,0,0,1,1,1,0,0,0,0,1,1,1,1,1,0,0,1,1,1,1,1,1,0,1,1,1,1,1,1,1,1,1,1,1,1,1,1,1
2026-07-07T17:18:09.593,tof2,8x8,side_right,-1,-1,3192,3242,-1,-1,-1,-1,-1,-1,-1,-1,-1,-1,-1,-1,-1,-1,-1,-1,-1,-1,-1,-1,-1,-1,-1,-1,-1,-1,-1,-1,-1,1598,-1,-1,-1,-1,-1,-1,1412,-1,-1,-1,-1,1459,-1,-1,1199,1229,-1,-1,1204,1213,1205,-1,998,1016,862,-1,-1,1017,1007,1000,0,0,1,1,0,0,0,0,0,0,0,0,0,0,0,1,0,0,0,0,0,0,1,1,0,0,0,0,0,0,0,0,0,1,0,0,0,0,0,0,1,0,0,0,0,1,0,0,1,1,0,0,1,1,1,0,1,1,1,1,0,1,1,1
2026-07-07T17:18:09.692,tof1,8x8,side_right,-1,-1,-1,-1,-1,-1,-1,-1,-1,-1,-1,-1,-1,-1,-1,-1,-1,-1,-1,-1,-1,-1,-1,-1,-1,-1,-1,-1,-1,397,422,-1,-1,-1,-1,403,354,339,387,390,-1,-1,395,368,334,320,346,385,-1,538,372,323,320,304,320,376,910,478,366,323,295,281,290,302,0,0,0,0,0,0,0,0,0,0,0,0,0,0,0,0,0,0,0,0,0,0,0,0,0,0,0,0,0,1,1,0,1,0,0,1,1,1,1,1,0,0,1,1,1,1,1,1,0,1,1,1,1,1,1,1,1,1,1,1,1,1,1,1
2026-07-07T17:18:09.699,tof2,8x8,side_right,-1,-1,3206,-1,-1,-1,-1,-1,-1,-1,-1,-1,-1,-1,-1,-1,-1,-1,-1,-1,-1,-1,-1,-1,-1,-1,-1,-1,-1,-1,-1,-1,-1,1615,-1,-1,-1,-1,-1,-1,1420,-1,-1,-1,1312,1425,-1,-1,1189,1184,-1,1116,1177,1216,1169,-1,1005,978,839,872,-1,1015,1017,990,0,0,1,0,0,0,0,0,0,0,0,0,0,0,0,0,0,0,0,0,0,0,0,0,0,0,0,0,0,0,0,0,0,1,0,0,0,0,0,0,1,1,1,0,1,1,0,0,1,1,0,1,1,1,1,0,1,1,1,1,0,1,1,1
2026-07-07T17:18:09.806,tof1,8x8,side_right,-1,-1,-1,-1,-1,-1,-1,-1,-1,-1,-1,-1,-1,-1,-1,-1,-1,-1,-1,-1,-1,-1,-1,-1,-1,-1,-1,-1,-1,365,395,-1,-1,-1,-1,371,376,373,373,384,-1,-1,403,381,333,332,348,396,-1,546,389,327,326,305,314,401,-1,526,366,317,299,299,304,306,0,0,0,0,0,0,0,0,0,0,0,0,0,0,0,0,0,0,0,0,0,0,0,0,0,0,0,0,0,1,1,0,0,0,0,1,1,1,1,1,0,0,1,1,1,1,1,1,0,1,1,1,1,1,1,1,0,1,1,1,1,1,1,1
2026-07-07T17:18:09.801,tof2,8x8,side_right,-1,-1,3197,-1,-1,-1,-1,-1,-1,-1,-1,-1,-1,-1,-1,-1,-1,-1,-1,-1,-1,-1,-1,-1,-1,-1,-1,-1,-1,-1,-1,-1,-1,1731,-1,1169,-1,-1,-1,-1,-1,-1,-1,-1,-1,1430,-1,-1,1190,1188,-1,1001,1226,1223,1186,-1,1004,1000,864,-1,-1,1024,1020,1003,0,1,1,1,0,0,0,0,0,0,0,0,0,0,1,0,0,0,0,0,0,0,0,0,0,0,1,0,0,0,0,0,0,1,0,1,1,0,0,0,1,0,0,0,1,1,0,0,1,1,0,1,1,1,1,0,1,1,1,0,0,1,1,1
2026-07-07T17:18:09.906,tof2,8x8,side_right,-1,-1,3180,3254,-1,-1,-1,-1,-1,-1,-1,-1,-1,-1,-1,-1,-1,-1,-1,-1,-1,-1,-1,-1,-1,-1,-1,-1,-1,-1,-1,-1,-1,-1,-1,-1,-1,-1,-1,-1,-1,-1,-1,1139,-1,1427,-1,-1,1188,-1,-1,-1,1210,1235,1209,-1,1005,1039,859,-1,-1,1032,1025,990,0,0,1,1,0,0,0,0,0,0,0,0,0,0,0,0,0,0,0,0,0,0,0,0,0,0,0,0,0,0,0,0,0,1,0,0,0,0,0,1,1,0,0,1,0,1,0,0,1,0,0,0,1,1,1,0,1,1,1,0,1,1,1,1
2026-07-07T17:18:09.938,tof1,8x8,side_right,-1,-1,-1,-1,-1,-1,-1,-1,-1,-1,-1,-1,-1,-1,-1,-1,-1,-1,-1,-1,-1,-1,-1,-1,-1,-1,-1,-1,-1,390,395,-1,-1,-1,-1,-1,393,375,377,373,-1,-1,398,369,337,332,347,369,-1,570,409,352,317,311,314,367,850,549,383,330,307,290,299,306,0,0,0,0,0,0,0,0,0,0,0,0,0,0,0,0,0,0,0,0,0,0,0,0,0,0,0,0,0,1,1,0,0,0,0,0,1,1,1,1,0,0,1,1,1,1,1,1,0,1,1,1,1,1,1,1,1,1,1,1,1,1,1,1
2026-07-07T17:18:10.025,tof2,8x8,side_right,-1,-1,3201,-1,-1,-1,-1,-1,-1,-1,-1,-1,-1,-1,-1,-1,-1,-1,-1,-1,-1,-1,-1,-1,-1,-1,-1,-1,-1,-1,-1,-1,-1,1685,-1,-1,-1,-1,-1,-1,1471,-1,-1,-1,1344,1416,-1,-1,1201,1198,-1,-1,1197,1203,1186,-1,994,1014,909,-1,-1,1004,1011,1003,0,0,1,1,0,0,0,0,0,0,0,0,0,0,0,0,0,0,0,0,0,0,0,0,0,0,0,0,0,0,0,0,0,1,0,1,0,0,0,0,1,0,0,0,1,1,0,0,1,1,0,0,1,1,1,0,1,1,1,1,1,1,1,1
2026-07-07T17:18:10.079,tof1,8x8,side_right,-1,-1,-1,-1,-1,-1,-1,-1,-1,-1,-1,-1,-1,-1,-1,-1,-1,-1,-1,-1,-1,-1,-1,-1,-1,-1,-1,-1,-1,-1,-1,-1,-1,-1,-1,-1,403,377,382,386,-1,-1,427,387,340,335,355,377,-1,561,414,351,328,306,309,358,898,530,383,344,311,299,296,293,0,0,0,0,0,0,0,0,0,0,0,0,0,0,0,0,0,0,0,0,0,0,0,0,0,0,0,0,0,0,0,0,0,0,0,0,1,1,1,1,0,0,1,1,1,1,1,1,1,1,1,1,1,1,1,1,1,1,1,1,1,1,1,1
2026-07-07T17:18:10.135,tof2,8x8,side_right,-1,-1,3180,3192,-1,-1,-1,-1,-1,-1,-1,-1,-1,-1,-1,-1,-1,-1,-1,-1,-1,-1,-1,-1,-1,-1,-1,-1,-1,-1,-1,-1,-1,1625,-1,-1,-1,-1,-1,-1,1405,-1,-1,-1,1348,1399,-1,-1,1184,1219,-1,-1,1197,1195,1163,-1,1004,1019,875,-1,-1,1006,1012,977,0,0,1,1,0,0,0,0,0,0,0,0,0,0,0,0,0,0,0,0,0,0,0,0,0,0,0,0,0,0,0,0,0,1,1,0,1,0,0,0,1,0,0,0,1,1,1,0,1,1,0,1,1,1,1,1,1,1,1,0,0,1,1,1
2026-07-07T17:18:10.213,tof1,8x8,side_right,-1,-1,-1,-1,-1,-1,-1,-1,-1,-1,-1,-1,-1,-1,-1,-1,-1,-1,-1,-1,-1,-1,-1,-1,-1,-1,-1,-1,-1,-1,-1,-1,-1,-1,-1,409,400,361,402,405,-1,-1,411,401,357,336,348,375,-1,561,413,366,330,309,320,369,-1,473,392,349,318,292,294,289,0,0,0,0,1,0,0,0,0,0,0,0,0,0,0,0,0,0,0,0,0,0,0,0,0,0,0,0,0,0,0,1,1,0,0,1,1,1,1,1,0,0,1,1,1,1,1,1,0,1,1,1,1,1,1,1,1,1,1,1,1,1,1,1
2026-07-07T17:18:10.231,tof2,8x8,side_right,-1,-1,3184,3236,-1,-1,-1,-1,-1,-1,-1,-1,-1,-1,-1,-1,-1,-1,-1,-1,-1,-1,-1,-1,-1,-1,-1,-1,-1,-1,-1,-1,-1,1607,-1,-1,-1,-1,-1,-1,1391,1297,-1,-1,1315,1419,-1,-1,1184,1192,-1,1052,1202,1211,1176,-1,1012,1004,919,807,-1,1033,1026,995,0,0,1,1,0,0,0,0,0,0,0,0,0,0,0,0,0,0,0,0,0,0,0,0,0,0,0,0,0,0,0,0,0,1,0,0,0,0,0,0,1,1,0,0,1,1,0,0,1,1,0,1,1,1,1,0,1,1,1,1,0,1,1,1
2026-07-07T17:18:10.437,tof2,8x8,side_right,-1,-1,3187,-1,-1,-1,-1,-1,-1,-1,-1,-1,-1,-1,3365,-1,-1,-1,-1,-1,-1,-1,-1,-1,-1,-1,-1,-1,-1,-1,-1,-1,-1,1625,-1,-1,-1,-1,-1,-1,1407,-1,-1,-1,1284,1389,-1,-1,1177,1237,-1,-1,1180,1204,1171,-1,997,1029,-1,-1,-1,993,1031,1000,0,0,1,1,0,0,1,0,0,0,0,0,0,0,1,0,0,0,0,0,0,0,1,0,0,0,0,0,0,0,0,0,0,1,1,0,0,0,0,0,1,0,0,0,1,1,0,0,1,1,0,0,1,1,1,0,1,1,0,1,1,1,1,1
2026-07-07T17:18:10.617,tof1,8x8,side_right,-1,-1,-1,-1,-1,-1,-1,-1,-1,-1,-1,-1,-1,-1,-1,-1,-1,-1,-1,-1,-1,-1,-1,-1,-1,-1,-1,-1,-1,-1,-1,-1,-1,-1,-1,425,402,384,405,423,-1,-1,453,375,361,337,366,373,-1,553,412,372,325,320,310,363,897,509,392,347,324,296,304,291,0,0,0,0,0,0,0,0,0,0,0,0,0,0,0,0,0,0,0,0,0,0,0,0,0,0,0,0,0,0,0,0,0,0,0,1,1,1,1,1,0,0,1,1,1,1,1,1,0,1,1,1,1,1,1,1,1,1,1,1,1,1,1,1
2026-07-07T17:18:10.841,tof1,8x8,side_right,-1,-1,-1,-1,-1,-1,-1,-1,-1,-1,-1,-1,-1,-1,-1,-1,-1,-1,-1,-1,-1,-1,-1,-1,-1,-1,-1,-1,-1,-1,-1,-1,-1,-1,-1,418,392,398,400,398,-1,-1,441,398,348,325,355,371,-1,533,419,374,346,320,312,343,876,498,392,352,325,302,295,284,0,0,0,0,0,0,0,0,0,0,0,0,0,0,0,0,0,0,0,0,0,0,0,0,0,1,0,0,0,0,0,0,0,0,0,1,1,1,1,1,0,0,1,1,1,1,1,1,0,1,1,1,1,1,1,1,1,1,1,1,1,1,1,1
2026-07-07T17:18:10.836,tof2,8x8,side_right,-1,-1,3179,-1,-1,-1,-1,-1,-1,-1,-1,-1,-1,-1,-1,-1,-1,-1,-1,-1,-1,-1,-1,-1,-1,-1,-1,-1,-1,-1,-1,-1,-1,1648,-1,-1,-1,-1,-1,-1,1357,-1,-1,-1,1342,-1,-1,-1,1193,1168,930,-1,1223,1208,1170,2185,1010,1011,-1,-1,918,1018,1022,983,0,0,1,1,0,0,0,1,0,0,0,0,0,0,1,0,0,0,0,0,0,0,0,0,0,0,0,0,0,0,0,0,0,1,0,0,0,0,0,1,1,0,0,0,1,0,0,0,1,1,1,0,1,1,1,1,1,1,0,0,1,1,1,1
2026-07-07T17:18:11.393,tof2,8x8,side_right,-1,-1,3186,3194,-1,-1,-1,-1,-1,-1,-1,-1,-1,-1,-1,-1,-1,-1,-1,-1,-1,-1,-1,-1,-1,-1,-1,-1,-1,-1,-1,-1,-1,1736,-1,-1,-1,-1,-1,-1,1398,-1,-1,-1,1344,-1,-1,-1,1190,1182,-1,1065,1182,1210,1140,-1,1013,1028,854,-1,799,1015,1015,1014,0,0,1,1,0,0,0,0,0,0,0,0,0,0,0,0,0,0,0,0,0,0,0,0,0,0,0,0,0,0,0,0,0,1,0,1,0,0,0,0,1,0,0,0,1,1,0,0,1,1,0,1,1,1,1,0,1,1,1,0,1,1,1,1
2026-07-07T17:18:11.419,tof1,8x8,side_right,-1,-1,-1,-1,-1,-1,-1,-1,-1,-1,-1,-1,-1,-1,-1,-1,-1,-1,-1,-1,-1,-1,-1,-1,-1,-1,-1,-1,-1,389,393,-1,-1,-1,-1,393,378,378,390,381,-1,-1,475,385,335,326,342,373,-1,524,400,345,327,311,314,362,-1,553,392,336,313,291,289,303,0,0,0,0,0,0,0,0,0,0,0,0,0,0,0,0,0,0,0,0,0,0,0,0,0,0,0,0,0,1,1,0,0,0,0,1,1,1,1,1,0,0,1,1,1,1,1,1,1,1,1,1,1,1,1,1,0,1,1,1,1,1,1,1
2026-07-07T17:18:11.581,tof2,8x8,side_right,-1,-1,3196,-1,-1,-1,-1,-1,-1,-1,-1,-1,-1,-1,-1,-1,-1,-1,-1,-1,-1,-1,-1,-1,-1,-1,-1,-1,-1,-1,-1,-1,-1,1764,-1,-1,-1,-1,-1,-1,1346,-1,-1,-1,-1,1397,-1,-1,1211,-1,-1,-1,1259,1195,1149,-1,1011,959,852,888,-1,1030,1017,1007,0,0,1,1,0,0,0,0,0,0,0,0,0,0,0,0,0,0,0,0,1,0,0,0,0,0,0,0,0,0,0,0,0,1,0,0,0,0,0,0,1,0,0,0,1,1,0,0,1,0,0,0,1,1,1,0,1,1,1,1,0,1,1,1
2026-07-07T17:18:11.678,tof1,8x8,side_right,-1,-1,-1,-1,-1,-1,-1,-1,-1,-1,-1,-1,-1,-1,-1,-1,-1,-1,-1,-1,-1,-1,-1,-1,-1,-1,-1,-1,-1,413,395,-1,-1,-1,-1,436,396,368,360,375,-1,-1,449,379,341,330,327,357,-1,563,424,356,334,310,310,330,896,522,384,345,310,304,291,292,0,0,0,0,0,0,0,0,0,0,0,0,0,0,0,0,0,0,0,0,0,0,0,0,0,0,0,0,0,1,1,0,0,0,0,1,1,1,1,1,0,0,1,1,1,1,1,1,0,1,1,1,1,1,1,1,1,1,1,1,1,1,1,1
2026-07-07T17:18:11.855,tof2,8x8,side_right,-1,-1,3193,-1,-1,-1,-1,-1,-1,-1,-1,-1,-1,-1,-1,-1,-1,-1,-1,-1,-1,-1,-1,-1,-1,-1,-1,-1,-1,-1,-1,-1,-1,-1,-1,-1,-1,-1,-1,-1,1378,-1,-1,-1,1386,-1,-1,-1,1220,1015,-1,1141,1246,1217,1201,-1,1005,974,1001,-1,-1,1021,1014,991,0,0,1,0,0,0,0,1,0,0,0,0,0,0,0,0,0,0,0,0,0,1,0,0,0,0,0,0,0,0,0,0,0,1,0,0,0,0,0,0,1,0,0,0,1,1,0,0,1,1,1,1,1,1,1,1,1,1,1,0,1,1,1,1
2026-07-07T17:18:12.005,tof1,8x8,side_right,-1,-1,-1,-1,-1,-1,-1,-1,-1,-1,-1,-1,-1,-1,-1,-1,-1,-1,-1,-1,-1,-1,-1,-1,-1,-1,-1,-1,-1,445,-1,374,-1,-1,-1,-1,387,376,357,369,-1,-1,492,403,351,319,329,336,-1,521,424,373,335,321,297,317,-1,-1,398,351,320,306,291,274,0,0,0,0,0,0,0,0,0,0,0,0,0,0,0,0,0,0,0,0,0,0,0,0,0,0,0,0,0,1,0,1,0,0,0,0,1,1,1,1,0,0,1,1,1,1,1,1,0,1,1,1,1,1,1,1,0,0,1,1,1,1,1,1
2026-07-07T17:18:12.150,tof1,8x8,side_right,-1,-1,-1,-1,-1,-1,-1,-1,-1,-1,-1,-1,-1,-1,-1,-1,-1,-1,-1,-1,-1,-1,-1,-1,-1,-1,-1,-1,-1,-1,384,-1,-1,-1,-1,-1,394,379,357,368,-1,-1,502,382,349,323,326,349,-1,548,422,355,334,307,304,320,918,517,382,344,317,299,287,288,0,0,0,0,0,0,0,0,0,0,0,0,0,0,0,0,0,0,0,0,0,0,0,0,0,0,0,0,0,0,1,0,0,0,0,0,1,1,1,1,0,0,1,1,1,1,1,1,0,1,1,1,1,1,1,1,1,1,1,1,1,1,1,1
2026-07-07T17:18:12.142,tof2,8x8,side_right,-1,-1,3178,3206,-1,-1,-1,-1,-1,-1,-1,-1,-1,-1,-1,-1,-1,-1,-1,-1,-1,-1,-1,-1,-1,-1,-1,-1,-1,-1,-1,-1,-1,-1,-1,-1,-1,-1,-1,-1,1408,-1,-1,-1,1336,1405,-1,-1,1194,-1,-1,1121,1182,1202,1195,-1,987,955,1001,-1,873,1013,1033,998,0,0,1,1,0,0,0,0,0,0,0,0,0,0,0,0,0,0,0,0,0,0,0,0,0,0,0,0,0,0,0,0,0,0,0,0,0,0,0,0,1,0,0,0,1,1,0,0,1,1,0,1,1,1,1,1,1,1,1,0,1,1,1,1
2026-07-07T17:18:12.297,tof2,8x8,side_right,-1,-1,3178,-1,-1,-1,-1,-1,-1,-1,-1,-1,-1,-1,-1,-1,-1,-1,-1,-1,-1,-1,-1,-1,-1,-1,-1,-1,-1,-1,-1,-1,-1,-1,-1,-1,-1,-1,-1,-1,1382,-1,-1,-1,1375,1477,-1,-1,1194,1013,-1,-1,1163,1201,1161,2348,979,958,995,910,-1,1028,1018,974,0,0,1,0,0,0,0,0,0,0,0,0,0,0,0,0,0,0,0,0,0,0,1,0,0,0,0,0,0,0,0,0,0,0,0,0,0,0,0,0,1,0,0,0,1,1,0,0,1,1,0,0,1,1,1,1,1,1,1,1,0,1,1,1
2026-07-07T17:18:12.407,tof1,8x8,side_right,-1,-1,-1,-1,-1,-1,-1,-1,-1,-1,-1,-1,-1,-1,-1,-1,-1,-1,-1,480,-1,-1,-1,-1,-1,-1,-1,-1,-1,-1,380,-1,-1,-1,-1,-1,398,377,347,366,-1,-1,-1,390,345,317,336,345,-1,519,401,357,336,315,306,323,869,530,382,341,309,299,284,291,0,0,0,0,0,0,0,0,0,0,0,0,0,0,0,0,0,0,0,1,0,0,0,0,0,0,0,0,0,0,1,0,0,0,0,0,1,1,1,1,0,0,0,1,1,1,1,1,0,1,1,1,1,1,1,1,1,1,1,1,1,1,1,1
2026-07-07T17:18:12.398,tof2,8x8,side_right,-1,-1,3170,-1,-1,-1,-1,-1,-1,-1,-1,-1,-1,-1,-1,-1,-1,-1,-1,-1,-1,-1,-1,-1,-1,-1,-1,-1,-1,-1,-1,-1,-1,-1,-1,1310,-1,-1,-1,-1,1546,-1,-1,-1,-1,-1,-1,-1,1179,995,1007,-1,1214,1210,1192,1152,981,957,993,-1,-1,1021,1014,982,0,0,1,0,0,1,0,0,0,0,0,0,0,0,0,0,0,0,0,0,0,0,0,0,0,0,0,1,0,0,0,0,0,0,0,1,0,0,0,0,1,0,0,0,0,1,0,0,1,1,1,0,1,1,1,1,1,1,1,0,1,1,1,1
2026-07-07T17:18:12.765,tof1,8x8,side_right,-1,-1,-1,-1,-1,-1,-1,-1,-1,-1,-1,-1,-1,-1,-1,-1,-1,-1,-1,-1,-1,-1,-1,-1,-1,-1,-1,-1,-1,-1,391,-1,-1,-1,-1,-1,392,377,358,368,-1,-1,447,392,357,325,325,338,-1,555,404,353,346,311,297,327,885,474,373,340,305,297,294,284,0,0,0,0,0,0,0,0,0,0,0,0,0,0,0,0,0,0,0,0,0,0,0,0,0,0,0,0,0,0,1,0,0,0,0,0,1,1,1,1,0,0,1,1,1,1,1,1,0,1,1,1,1,1,1,1,1,1,1,1,1,1,1,1
2026-07-07T17:18:12.763,tof2,8x8,side_right,-1,-1,3190,-1,-1,-1,-1,-1,-1,-1,-1,-1,-1,-1,-1,-1,-1,-1,-1,-1,-1,-1,-1,-1,-1,-1,-1,-1,-1,-1,-1,-1,-1,-1,-1,-1,-1,-1,-1,-1,-1,-1,-1,-1,1353,1403,-1,-1,1187,1029,-1,-1,1211,1232,1173,2156,1008,959,1003,-1,-1,1022,1021,989,0,0,1,1,0,0,0,0,0,0,0,0,0,0,0,0,0,0,0,0,0,1,0,0,0,0,0,0,0,0,0,0,0,1,0,0,0,0,0,0,0,0,0,0,1,1,0,0,1,1,0,1,1,1,1,1,1,1,1,1,0,1,1,1
2026-07-07T17:18:13.168,tof1,8x8,side_right,-1,-1,-1,-1,-1,-1,-1,-1,-1,-1,-1,-1,-1,-1,-1,-1,-1,-1,-1,-1,-1,-1,-1,-1,-1,-1,-1,-1,-1,-1,383,-1,-1,-1,-1,-1,379,380,352,354,-1,-1,429,383,352,326,322,354,-1,515,417,357,332,310,307,319,891,519,374,339,306,303,287,288,0,0,0,0,0,0,0,0,0,0,0,0,0,0,0,0,0,0,0,0,0,0,0,0,0,0,0,0,0,0,1,0,1,0,0,0,1,1,1,1,0,0,1,1,1,1,1,1,0,1,1,1,1,1,1,1,1,1,1,1,1,1,1,1
2026-07-07T17:18:13.419,tof2,8x8,side_right,-1,-1,3189,-1,-1,-1,-1,-1,-1,-1,-1,-1,-1,-1,-1,-1,-1,-1,-1,-1,-1,-1,-1,-1,-1,-1,-1,-1,-1,-1,-1,-1,-1,-1,-1,-1,-1,-1,-1,-1,1475,-1,-1,-1,1393,1450,-1,-1,1150,1033,-1,1094,1204,1198,1178,-1,989,966,985,946,912,1015,1011,978,0,0,1,0,0,0,0,0,0,0,0,0,0,0,0,0,0,0,0,0,0,0,0,0,0,0,0,0,0,0,0,0,0,1,0,0,0,0,0,0,1,0,0,0,1,1,1,0,1,1,0,1,1,1,1,0,1,1,1,1,1,1,1,1
2026-07-07T17:18:13.592,tof2,8x8,side_right,-1,-1,3183,-1,-1,-1,-1,-1,-1,-1,-1,-1,-1,-1,-1,-1,-1,-1,-1,-1,-1,-1,-1,-1,-1,-1,-1,-1,-1,-1,-1,-1,-1,-1,-1,-1,-1,-1,-1,-1,-1,-1,-1,-1,1375,1472,-1,-1,1176,1012,-1,-1,1166,1226,1185,-1,997,964,994,952,884,1013,1017,1004,0,0,1,0,0,0,0,0,0,0,0,0,0,0,0,0,0,0,0,0,0,0,0,0,0,0,0,0,0,0,0,0,0,0,0,0,0,0,0,0,1,0,0,0,1,1,0,0,1,1,0,0,1,1,1,0,1,1,1,1,1,1,1,1
2026-07-07T17:18:13.629,tof1,8x8,side_right,-1,-1,-1,-1,-1,-1,-1,-1,-1,-1,-1,-1,-1,-1,-1,-1,-1,-1,-1,-1,-1,-1,-1,-1,-1,-1,-1,-1,-1,-1,-1,-1,-1,-1,-1,423,391,360,354,356,-1,-1,449,381,344,321,320,343,-1,-1,418,354,327,307,306,329,868,531,388,347,315,298,287,296,0,0,0,0,0,0,0,0,0,0,0,0,0,0,0,0,0,0,0,0,0,0,0,0,0,0,0,0,0,0,0,0,0,0,0,1,1,1,1,1,0,0,1,1,1,1,1,1,0,0,1,1,1,1,1,1,1,1,1,1,1,1,1,1
2026-07-07T17:18:13.977,tof2,8x8,side_right,-1,-1,3175,3259,-1,-1,-1,-1,-1,-1,-1,-1,-1,-1,-1,-1,-1,-1,-1,-1,-1,-1,-1,-1,-1,-1,-1,-1,-1,-1,-1,-1,-1,-1,-1,-1,-1,-1,-1,-1,-1,-1,-1,-1,1389,1430,-1,-1,1230,1045,-1,1115,1197,1198,1128,-1,976,965,993,-1,919,1003,1024,984,0,0,1,1,0,0,0,0,0,0,0,0,0,0,0,0,0,0,0,0,0,0,0,0,0,0,0,0,0,0,0,0,0,0,0,0,0,0,0,0,1,0,0,0,1,1,0,0,1,1,0,1,1,1,1,0,1,1,1,0,1,1,1,1
2026-07-07T17:18:14.002,tof1,8x8,side_right,-1,-1,-1,-1,-1,-1,-1,-1,-1,-1,-1,-1,-1,-1,-1,-1,-1,-1,-1,-1,-1,-1,-1,-1,-1,-1,-1,-1,-1,-1,388,-1,-1,-1,-1,-1,403,378,355,365,-1,-1,433,369,367,317,323,351,-1,532,416,350,337,302,295,330,-1,504,379,343,306,298,288,282,0,0,0,0,0,0,0,0,0,0,0,0,0,0,0,0,0,0,0,0,0,0,0,0,0,0,0,0,0,0,1,0,0,0,0,0,1,1,1,1,0,0,1,1,1,1,1,1,0,1,1,1,1,1,1,1,1,1,1,1,1,1,1,1
2026-07-07T17:18:14.013,tof2,8x8,side_right,-1,-1,3213,3242,-1,-1,-1,-1,-1,-1,-1,-1,-1,-1,-1,-1,-1,-1,-1,-1,-1,-1,-1,-1,-1,-1,-1,-1,-1,-1,-1,-1,-1,1713,-1,-1,-1,-1,-1,-1,1462,-1,-1,-1,-1,1416,-1,-1,1163,-1,-1,-1,1215,1210,1205,-1,993,961,1013,958,956,967,1009,989,0,0,1,1,0,0,0,0,0,0,0,0,0,0,0,0,0,0,0,0,0,0,0,0,0,0,1,0,0,0,0,0,0,1,0,0,0,0,0,0,1,0,0,0,0,1,0,0,1,0,0,0,1,1,1,0,1,1,1,1,1,1,1,1
2026-07-07T17:18:14.819,tof1,8x8,side_right,-1,-1,-1,-1,-1,-1,-1,-1,-1,-1,-1,-1,-1,-1,-1,-1,-1,-1,-1,-1,-1,-1,-1,-1,-1,-1,-1,-1,-1,-1,384,-1,-1,-1,-1,-1,377,367,353,373,-1,-1,-1,381,356,323,322,343,-1,541,417,353,340,304,296,316,933,-1,383,342,316,290,293,289,0,0,0,0,0,0,0,0,0,0,0,0,0,0,0,0,0,0,0,0,0,0,0,0,0,0,0,0,0,0,1,0,0,1,0,0,1,1,1,1,0,0,0,1,1,1,1,1,0,1,1,1,1,1,1,1,1,1,1,1,1,1,1,1
2026-07-07T17:18:14.858,tof2,8x8,side_right,-1,-1,3201,-1,-1,-1,-1,3292,-1,-1,-1,-1,-1,-1,-1,-1,-1,-1,-1,-1,-1,-1,-1,-1,-1,-1,-1,-1,-1,-1,-1,-1,-1,-1,-1,-1,-1,-1,-1,-1,1410,-1,-1,-1,-1,1371,-1,-1,1218,1043,-1,-1,1233,1204,1198,-1,1000,957,1004,-1,870,-1,1017,1000,0,0,1,0,0,0,0,1,0,0,0,0,0,0,0,0,0,0,0,0,0,0,0,0,0,0,0,0,0,0,0,0,0,0,1,0,1,0,0,0,1,0,0,0,0,1,1,0,1,1,0,0,1,1,1,0,1,1,1,0,1,1,1,1
2026-07-07T17:18:15.538,tof1,8x8,side_right,-1,-1,-1,-1,-1,-1,-1,-1,-1,-1,-1,-1,-1,-1,-1,-1,-1,-1,-1,-1,-1,-1,-1,-1,-1,-1,-1,-1,-1,-1,403,-1,-1,-1,-1,-1,382,370,346,357,-1,-1,457,375,349,329,321,347,-1,568,434,350,327,303,306,328,-1,-1,386,337,313,293,292,284,0,0,0,0,0,0,0,0,0,0,0,0,0,0,0,0,0,0,0,0,0,0,0,0,0,0,0,0,1,0,1,0,0,0,0,0,1,1,1,1,0,0,1,1,1,1,1,1,0,1,1,1,1,1,1,1,0,1,1,1,1,1,1,1
2026-07-07T17:18:15.662,tof2,8x8,side_right,-1,-1,3139,-1,-1,-1,-1,-1,-1,-1,-1,-1,-1,-1,-1,-1,-1,-1,-1,-1,-1,-1,-1,-1,-1,-1,-1,-1,-1,-1,-1,-1,-1,-1,-1,-1,-1,-1,-1,-1,-1,-1,-1,-1,1300,1410,1289,-1,-1,976,-1,1094,1271,1200,1200,-1,998,964,989,946,890,982,1039,996,0,0,1,1,0,0,0,0,0,0,0,0,0,0,1,0,0,0,0,0,0,0,0,0,0,0,0,0,0,0,0,0,0,0,0,0,0,0,0,0,0,0,0,0,1,1,1,0,1,1,0,1,1,1,1,1,1,1,1,1,1,1,1,1
2026-07-07T17:18:16.264,tof1,8x8,side_right,-1,-1,-1,-1,-1,-1,-1,-1,-1,-1,-1,-1,-1,-1,-1,-1,-1,-1,-1,-1,-1,-1,-1,-1,-1,-1,-1,-1,-1,-1,398,-1,-1,-1,-1,-1,398,363,363,360,-1,-1,-1,389,355,327,314,335,-1,555,405,363,342,314,296,328,874,582,385,350,318,293,285,285,0,0,0,0,0,0,0,0,0,0,0,0,0,0,0,0,0,0,0,0,0,0,0,0,0,0,0,0,0,0,1,0,0,0,0,0,1,1,1,1,0,0,0,1,1,1,1,1,0,1,1,1,1,1,1,1,1,1,1,1,1,1,1,1
2026-07-07T17:18:16.351,tof2,8x8,side_right,-1,-1,3180,-1,-1,-1,-1,-1,-1,-1,-1,-1,-1,-1,-1,-1,-1,-1,-1,-1,-1,-1,-1,-1,-1,-1,-1,-1,-1,-1,-1,-1,-1,-1,-1,-1,-1,-1,-1,-1,1328,-1,-1,-1,1358,1405,-1,-1,1126,1023,-1,-1,1221,1189,1178,-1,1001,965,990,940,882,996,1014,989,0,0,1,0,0,0,0,0,0,0,0,0,0,0,0,0,0,0,0,0,0,0,0,0,0,0,0,0,0,0,0,0,0,0,0,0,0,0,0,0,1,0,0,0,1,1,0,0,1,1,0,0,1,1,1,1,1,1,1,1,1,1,1,1
2026-07-07T17:18:16.588,tof1,8x8,side_right,-1,-1,-1,-1,-1,-1,-1,-1,-1,-1,-1,-1,-1,-1,-1,-1,-1,-1,-1,-1,-1,-1,-1,-1,-1,-1,-1,-1,-1,-1,396,-1,-1,-1,-1,-1,381,366,366,373,-1,-1,442,402,353,322,319,350,-1,576,410,357,319,314,304,320,927,485,392,351,315,308,292,284,0,0,0,0,0,0,0,0,0,0,0,0,0,0,0,0,0,0,0,0,0,0,0,0,0,0,0,0,0,0,1,0,0,0,0,0,1,1,1,1,0,0,1,1,1,1,1,1,0,1,1,1,1,1,1,1,1,1,1,1,1,1,1,1
2026-07-07T17:18:17.006,tof2,8x8,side_right,-1,-1,3166,-1,-1,-1,-1,-1,-1,-1,-1,-1,-1,-1,-1,-1,-1,-1,-1,2179,-1,-1,-1,-1,-1,-1,-1,-1,-1,-1,-1,-1,-1,-1,-1,-1,-1,-1,-1,-1,-1,-1,-1,-1,1378,1388,-1,-1,1167,1057,-1,-1,1214,1225,1154,-1,997,958,992,-1,-1,985,1018,998,0,0,1,1,0,0,0,0,0,0,0,0,0,0,0,0,0,0,0,1,0,0,0,0,0,0,0,0,0,0,0,0,0,0,0,0,0,0,0,0,0,0,0,0,1,1,0,0,1,1,0,0,1,1,1,0,1,1,1,0,0,1,1,1
2026-07-07T17:18:17.408,tof1,8x8,side_right,-1,-1,-1,-1,-1,-1,-1,-1,-1,-1,-1,-1,-1,-1,-1,-1,-1,-1,-1,-1,-1,-1,-1,-1,-1,-1,-1,-1,-1,-1,-1,-1,-1,-1,-1,-1,385,360,364,362,-1,-1,447,385,351,319,326,346,-1,541,423,351,337,313,302,328,862,498,390,334,304,293,286,284,0,0,0,0,0,0,0,0,0,0,0,0,0,0,0,0,0,0,0,0,0,0,0,0,0,1,0,0,0,0,0,0,1,0,0,0,1,1,1,1,0,0,1,1,1,1,1,1,0,1,1,1,1,1,1,1,1,1,1,1,1,1,1,1
2026-07-07T17:18:17.604,tof2,8x8,side_right,-1,-1,3209,3187,-1,-1,-1,-1,-1,-1,-1,-1,-1,-1,-1,-1,-1,-1,-1,-1,-1,-1,-1,-1,-1,-1,-1,-1,-1,-1,-1,-1,-1,-1,-1,-1,-1,-1,-1,-1,-1,-1,-1,-1,1353,1436,-1,-1,1148,1046,-1,-1,1189,1218,1177,-1,994,949,991,916,-1,991,1038,988,0,0,1,1,0,0,1,0,0,0,0,0,0,0,0,0,0,0,1,0,0,0,0,0,0,0,0,0,1,0,0,0,0,1,0,0,0,0,0,0,0,0,0,0,1,1,0,0,1,1,0,0,1,1,1,1,1,1,1,1,1,1,1,1
2026-07-07T17:18:18.237,tof1,8x8,side_right,-1,-1,-1,-1,-1,-1,-1,-1,-1,-1,-1,-1,-1,-1,-1,-1,-1,-1,-1,-1,-1,-1,-1,-1,-1,-1,-1,-1,-1,-1,-1,-1,-1,-1,-1,-1,404,369,365,348,-1,-1,434,389,343,318,327,352,-1,537,429,348,327,310,302,321,845,537,389,334,324,296,296,306,0,0,0,0,0,0,0,0,0,0,0,0,0,0,0,0,0,0,0,0,0,0,0,0,0,0,0,0,0,0,0,0,0,0,0,0,1,1,1,1,0,0,1,1,1,1,1,1,0,1,1,1,1,1,1,1,1,1,1,1,1,1,1,1
2026-07-07T17:18:18.472,tof1,8x8,side_right,-1,-1,-1,-1,-1,-1,-1,-1,-1,-1,-1,-1,-1,-1,-1,-1,-1,-1,-1,-1,-1,-1,-1,-1,-1,-1,-1,-1,-1,-1,-1,-1,-1,-1,-1,-1,399,375,358,372,-1,-1,444,410,353,323,331,348,-1,580,428,353,325,304,309,324,859,562,392,344,314,293,291,295,0,0,0,0,0,0,0,0,0,0,0,0,0,0,0,0,0,0,0,0,0,0,0,0,0,0,0,0,0,0,0,0,1,0,0,0,1,1,1,1,0,0,1,1,1,1,1,1,1,1,1,1,1,1,1,1,1,1,1,1,1,1,1,1
2026-07-07T17:18:18.475,tof2,8x8,side_right,-1,-1,3205,3250,-1,-1,-1,-1,-1,-1,-1,-1,-1,-1,-1,-1,-1,-1,-1,1928,-1,-1,-1,-1,-1,-1,-1,-1,-1,-1,-1,-1,-1,-1,-1,-1,-1,-1,-1,-1,-1,-1,-1,-1,1314,1378,-1,-1,1207,-1,-1,1218,1215,1200,1187,-1,994,827,837,-1,882,1014,1023,994,0,0,1,1,0,0,0,0,0,0,0,0,0,0,0,0,0,0,1,1,0,0,0,0,0,0,0,0,0,0,0,0,0,0,0,0,0,0,0,0,1,0,0,0,1,1,0,0,1,1,1,1,1,1,1,0,1,1,1,1,1,1,1,1
2026-07-07T17:18:19.312,tof1,8x8,side_right,-1,-1,-1,-1,-1,-1,-1,-1,-1,-1,-1,-1,-1,-1,-1,-1,-1,-1,-1,-1,-1,-1,-1,-1,-1,-1,-1,-1,-1,-1,385,-1,2599,-1,-1,-1,379,383,375,377,-1,-1,452,392,358,338,334,358,-1,602,445,371,329,311,313,335,-1,573,402,353,323,299,295,287,0,0,0,0,0,0,0,0,0,0,0,0,0,0,0,0,0,0,0,0,1,0,0,0,0,0,0,0,1,0,1,0,1,0,0,0,1,1,1,1,0,0,1,1,1,1,1,1,0,1,1,1,1,1,1,1,1,1,1,1,1,1,1,1
2026-07-07T17:18:19.870,tof1,8x8,side_right,-1,-1,-1,-1,-1,-1,-1,-1,-1,-1,-1,-1,-1,-1,-1,-1,-1,-1,-1,-1,-1,-1,-1,-1,-1,-1,-1,-1,-1,-1,-1,-1,-1,-1,-1,-1,390,378,361,368,-1,-1,460,387,356,325,332,360,-1,580,431,358,339,311,304,338,-1,559,389,348,315,297,294,292,0,0,0,0,0,0,0,0,0,0,0,0,0,0,0,0,0,0,0,0,0,0,0,0,0,0,0,0,0,0,0,0,0,0,0,0,1,1,1,1,0,0,1,1,1,1,1,1,0,1,1,1,1,1,1,1,0,1,1,1,1,1,1,1
2026-07-07T17:18:19.989,tof2,8x8,side_right,-1,-1,3213,3222,-1,-1,-1,-1,-1,-1,-1,-1,-1,-1,-1,-1,-1,-1,-1,-1,-1,-1,-1,-1,-1,-1,-1,-1,-1,-1,-1,-1,-1,1566,-1,-1,-1,-1,-1,-1,-1,-1,-1,-1,1379,1435,-1,-1,-1,-1,-1,994,1179,1206,1204,-1,1006,1017,904,802,-1,1032,1023,995,0,0,1,1,0,0,0,0,0,0,0,0,0,0,0,1,0,0,0,1,0,0,0,0,0,0,0,0,0,0,0,0,0,1,0,0,0,0,0,0,1,0,0,0,1,1,0,0,1,0,1,1,1,1,1,0,1,1,1,1,0,1,1,1
2026-07-07T17:18:20.526,tof1,8x8,side_right,-1,-1,-1,-1,-1,-1,-1,-1,-1,-1,-1,-1,-1,-1,-1,-1,-1,-1,-1,-1,-1,-1,-1,-1,-1,-1,-1,-1,-1,-1,401,-1,-1,-1,-1,-1,397,377,362,373,-1,-1,441,393,355,332,333,358,-1,597,422,360,342,314,303,328,882,564,401,348,315,293,292,292,0,0,0,0,0,0,0,0,0,0,0,0,0,0,0,0,0,0,0,0,0,0,0,0,0,0,0,0,0,0,1,0,0,0,0,0,1,1,1,1,0,0,1,1,1,1,1,1,0,1,1,1,1,1,1,1,1,1,1,1,1,1,1,1
2026-07-07T17:18:20.562,tof2,8x8,side_right,-1,-1,3186,3200,-1,-1,-1,-1,-1,-1,-1,-1,-1,-1,-1,-1,-1,-1,-1,-1,-1,-1,-1,-1,-1,-1,-1,-1,-1,-1,-1,-1,-1,1631,-1,-1,-1,-1,-1,-1,1401,-1,-1,-1,-1,1353,-1,-1,1193,1187,-1,970,-1,1237,1183,-1,1016,1011,959,845,-1,1019,1025,998,0,0,1,1,0,0,0,0,0,0,0,0,0,0,0,0,0,0,0,0,1,0,0,0,0,0,0,0,0,0,1,0,0,1,0,0,0,0,0,0,1,0,0,0,1,1,0,0,1,1,0,1,1,1,1,0,1,1,1,1,0,1,1,1
2026-07-07T17:18:20.617,tof1,8x8,side_right,-1,-1,-1,-1,-1,-1,-1,-1,-1,-1,-1,-1,-1,-1,-1,-1,-1,-1,-1,-1,-1,-1,-1,-1,-1,-1,-1,-1,-1,-1,-1,-1,-1,-1,-1,-1,387,382,366,366,-1,-1,464,392,350,323,330,360,-1,540,426,371,333,317,304,341,-1,580,395,358,324,296,297,296,0,0,0,0,0,0,0,0,0,0,0,0,0,0,0,0,0,0,0,0,0,0,0,0,0,0,0,0,0,0,0,0,0,0,0,0,1,1,1,1,0,0,1,1,1,1,1,1,0,1,1,1,1,1,1,1,1,1,1,1,1,1,1,1
2026-07-07T17:18:20.879,tof2,8x8,side_right,-1,-1,3199,3189,-1,-1,-1,-1,-1,-1,-1,-1,-1,-1,-1,-1,-1,-1,-1,-1,-1,-1,-1,-1,-1,-1,-1,-1,-1,-1,-1,-1,-1,-1,-1,-1,-1,-1,-1,-1,-1,-1,-1,-1,-1,1488,-1,-1,1192,1175,-1,-1,1224,1215,1190,-1,1007,1017,936,816,939,1020,1015,982,0,0,1,1,0,0,0,0,0,0,0,0,0,0,0,0,0,0,0,0,1,0,0,0,0,0,0,0,0,0,1,0,0,0,0,1,0,0,0,0,1,0,0,0,1,1,0,0,1,1,1,0,1,1,1,0,1,1,1,1,1,1,1,1
2026-07-07T17:18:21.223,tof1,8x8,side_right,-1,-1,-1,-1,-1,-1,-1,-1,-1,-1,-1,-1,-1,-1,-1,-1,-1,-1,-1,-1,-1,-1,-1,-1,-1,-1,-1,-1,-1,-1,-1,-1,-1,-1,-1,438,394,387,360,378,-1,-1,465,401,358,334,333,362,-1,573,437,369,349,316,308,334,-1,542,383,337,316,296,288,290,0,0,0,0,0,0,0,0,0,0,0,0,0,0,0,0,0,0,0,0,0,0,0,0,0,0,0,0,0,0,0,0,1,0,0,1,1,1,1,1,0,0,1,1,1,1,1,1,0,1,1,1,1,1,1,1,1,1,1,1,1,1,1,1
2026-07-07T17:18:21.207,tof2,8x8,side_right,-1,-1,3212,3204,-1,-1,-1,-1,-1,-1,-1,-1,-1,-1,-1,-1,-1,-1,-1,-1,-1,-1,-1,-1,-1,-1,-1,-1,-1,-1,-1,-1,-1,1592,-1,-1,-1,-1,-1,-1,1429,-1,-1,-1,-1,1374,-1,-1,1196,1208,-1,963,-1,1222,1186,-1,999,1019,895,804,926,1022,1031,982,0,0,1,1,0,0,0,0,1,0,0,0,0,0,1,0,0,0,0,0,0,0,0,0,0,0,0,0,0,0,0,0,0,1,0,0,0,0,0,0,1,0,0,0,0,1,0,0,1,1,0,1,0,1,1,0,1,1,1,1,1,1,1,1
2026-07-07T17:18:21.911,tof1,8x8,side_right,-1,-1,-1,-1,-1,-1,-1,-1,-1,-1,-1,-1,-1,-1,-1,-1,-1,-1,-1,-1,-1,-1,-1,-1,-1,-1,-1,-1,-1,-1,-1,-1,-1,-1,-1,-1,394,383,359,368,-1,-1,454,404,366,326,333,358,-1,582,416,364,339,316,307,339,950,555,395,351,320,297,290,297,0,0,0,0,0,0,0,0,0,0,0,0,0,0,0,0,0,0,0,0,0,0,0,0,0,0,0,0,0,0,0,0,1,0,0,0,1,1,1,1,0,0,1,1,1,1,1,1,0,1,1,1,1,1,1,1,1,1,1,1,1,1,1,1
2026-07-07T17:18:21.917,tof2,8x8,side_right,-1,-1,3180,3198,-1,-1,-1,-1,-1,-1,-1,-1,-1,-1,-1,-1,-1,-1,-1,-1,-1,-1,-1,-1,-1,-1,-1,-1,-1,-1,-1,-1,-1,1667,-1,-1,-1,-1,-1,-1,1411,-1,-1,-1,1329,1376,-1,-1,1187,1191,-1,970,1235,1209,1136,-1,992,996,894,816,-1,1042,1027,981,0,0,1,1,0,0,0,0,0,0,0,0,0,0,0,0,0,0,0,0,0,0,0,0,0,0,0,0,0,0,0,0,0,1,0,0,0,0,0,0,1,1,0,1,1,1,0,0,1,1,0,1,1,1,1,1,1,1,1,1,0,1,1,1
2026-07-07T17:18:21.992,tof1,8x8,side_right,-1,-1,-1,-1,-1,-1,-1,-1,-1,-1,-1,-1,-1,-1,-1,-1,-1,-1,-1,-1,-1,-1,-1,-1,-1,-1,-1,-1,-1,-1,393,-1,-1,-1,-1,431,403,375,368,368,-1,-1,426,414,357,337,330,361,-1,587,418,363,337,315,305,338,879,522,397,349,323,293,290,299,0,0,0,0,0,0,0,0,0,0,0,0,0,0,0,0,0,0,0,0,0,0,0,0,1,0,0,0,0,0,1,0,0,0,0,1,1,1,1,1,1,0,1,1,1,1,1,1,0,1,1,1,1,1,1,1,1,1,1,1,1,1,1,1
2026-07-07T17:18:22.004,tof2,8x8,side_right,-1,-1,3190,-1,-1,-1,-1,-1,-1,-1,-1,-1,-1,-1,-1,-1,-1,-1,-1,-1,-1,-1,-1,-1,-1,-1,-1,-1,-1,-1,-1,-1,-1,1632,-1,-1,1277,-1,-1,-1,1436,-1,-1,1090,1346,1424,-1,-1,1179,1143,-1,1020,1257,1203,1171,2195,1004,1016,-1,797,-1,1017,1015,976,0,0,1,1,0,0,0,0,0,0,0,0,0,0,1,0,0,0,0,0,0,0,0,0,0,0,0,0,0,0,0,0,1,1,0,0,1,0,0,0,1,0,0,1,1,1,0,0,1,1,0,1,1,1,1,1,1,1,1,1,0,1,1,1
2026-07-07T17:18:22.170,tof1,8x8,side_right,-1,-1,-1,-1,-1,-1,-1,-1,-1,-1,-1,-1,-1,-1,-1,-1,-1,-1,-1,-1,-1,-1,-1,-1,-1,-1,-1,-1,-1,-1,-1,-1,-1,-1,-1,-1,388,373,367,386,-1,-1,459,393,349,334,335,355,-1,583,427,371,335,324,309,344,-1,563,390,352,321,296,292,302,0,0,0,0,0,0,0,0,0,0,0,0,0,0,0,0,0,0,0,0,0,0,0,0,0,1,0,0,0,0,0,0,0,0,0,0,1,1,1,1,0,0,1,1,1,1,1,1,0,1,1,1,1,1,1,1,0,1,1,1,1,1,1,1
2026-07-07T17:18:22.239,tof2,8x8,side_right,-1,-1,3220,-1,-1,-1,-1,3297,-1,-1,-1,-1,-1,-1,-1,-1,-1,-1,-1,-1,-1,-1,-1,-1,-1,-1,-1,-1,-1,-1,-1,-1,-1,1632,-1,-1,-1,-1,-1,-1,1395,-1,-1,-1,-1,1441,-1,-1,1196,1163,-1,-1,1230,1200,1155,-1,998,1015,930,843,1038,1005,1040,976,0,0,1,0,0,0,0,1,0,0,0,0,0,0,0,1,0,0,0,0,0,0,0,0,0,0,0,0,0,0,1,0,0,1,0,0,0,0,0,0,1,0,0,0,0,1,0,0,1,1,0,0,1,1,1,1,1,1,1,1,1,1,1,1
2026-07-07T17:18:22.321,tof1,8x8,side_right,-1,-1,-1,-1,-1,-1,-1,-1,-1,-1,-1,-1,-1,-1,-1,-1,-1,-1,-1,-1,-1,-1,-1,-1,-1,-1,-1,-1,-1,-1,389,-1,-1,-1,-1,475,405,377,367,377,-1,-1,434,410,347,333,327,351,-1,599,416,354,336,315,309,326,935,604,413,345,313,307,299,302,0,0,0,0,0,0,0,0,0,0,0,0,0,0,0,0,0,0,0,0,0,0,0,0,0,0,0,0,0,0,1,0,0,0,0,1,1,1,1,1,0,0,1,1,1,1,1,1,0,1,1,1,1,1,1,1,1,1,1,1,1,1,1,1
2026-07-07T17:18:22.391,tof2,8x8,side_right,-1,-1,3189,-1,-1,-1,-1,-1,-1,-1,-1,-1,-1,-1,-1,-1,-1,-1,-1,-1,-1,-1,-1,-1,-1,-1,-1,-1,-1,-1,-1,-1,-1,1609,-1,-1,-1,-1,-1,-1,1410,-1,-1,-1,-1,1361,-1,-1,1172,1177,-1,930,1180,1184,1180,1150,987,1020,900,839,-1,1021,1011,982,0,0,1,0,0,0,0,0,0,0,0,0,0,0,0,0,0,0,0,0,0,0,0,0,0,0,0,0,0,0,0,0,0,1,1,0,0,0,0,0,1,0,0,0,0,1,0,0,1,1,0,1,1,1,1,1,1,1,1,1,0,1,1,1
2026-07-07T17:18:22.423,tof1,8x8,side_right,-1,-1,-1,-1,-1,-1,-1,-1,-1,-1,-1,-1,-1,-1,-1,-1,-1,-1,-1,-1,-1,-1,-1,-1,-1,-1,-1,-1,-1,-1,-1,-1,-1,-1,-1,-1,393,370,369,370,-1,-1,434,419,361,326,335,359,-1,593,414,363,346,314,311,325,945,543,401,348,317,293,292,295,0,0,0,0,0,0,0,0,0,0,0,0,0,0,0,0,0,0,0,0,0,0,0,0,0,0,0,0,0,0,0,0,0,0,0,0,1,1,1,1,0,0,1,1,1,1,1,1,0,1,1,1,1,1,1,1,1,1,1,1,1,1,1,1
2026-07-07T17:18:22.851,tof1,8x8,side_right,-1,-1,-1,-1,-1,-1,-1,-1,-1,-1,-1,-1,-1,-1,-1,-1,-1,-1,-1,-1,-1,-1,-1,-1,-1,-1,-1,-1,-1,-1,-1,-1,-1,-1,-1,-1,395,383,365,370,-1,-1,451,407,360,332,334,367,-1,612,426,369,329,312,301,326,834,602,399,352,321,298,292,295,0,0,0,0,0,0,0,0,0,0,0,0,0,0,0,0,0,0,0,0,0,0,0,0,0,0,0,0,0,0,0,0,0,0,0,0,1,1,1,1,0,0,1,1,1,1,1,1,0,1,1,1,1,1,1,1,1,1,1,1,1,1,1,1
2026-07-07T17:18:22.871,tof2,8x8,side_right,-1,-1,3193,3252,-1,-1,-1,-1,-1,-1,-1,-1,-1,-1,-1,-1,-1,-1,-1,-1,-1,-1,-1,-1,-1,-1,-1,-1,-1,-1,-1,-1,-1,1689,-1,-1,-1,-1,-1,-1,1403,-1,-1,-1,1366,1395,-1,-1,1197,1207,-1,-1,1181,1183,1198,-1,995,1018,894,834,1033,1045,1022,1015,0,0,1,1,0,0,0,0,0,0,0,0,0,0,0,0,0,0,0,0,0,0,0,0,0,0,0,0,0,0,0,0,0,1,0,0,0,0,0,0,1,0,1,0,1,1,0,0,1,1,0,0,1,1,1,0,1,1,1,1,1,1,1,1
2026-07-07T17:18:23.430,tof1,8x8,side_right,-1,-1,-1,-1,-1,-1,-1,-1,-1,-1,-1,-1,-1,-1,-1,-1,-1,-1,-1,-1,-1,-1,-1,-1,-1,-1,-1,-1,-1,-1,415,-1,-1,-1,-1,-1,399,385,364,363,-1,-1,477,393,361,335,334,350,-1,577,452,368,339,320,306,330,-1,548,396,345,309,301,293,292,0,0,0,0,0,0,0,0,0,0,0,0,0,0,0,0,0,0,0,0,0,0,0,0,0,0,0,0,0,0,1,0,0,0,0,0,1,1,1,1,0,0,1,1,1,1,1,1,0,1,1,1,1,1,1,1,1,1,1,1,1,1,1,1
2026-07-07T17:18:23.560,tof2,8x8,side_right,-1,-1,3182,3198,-1,-1,-1,-1,-1,-1,-1,-1,-1,-1,-1,-1,-1,-1,-1,-1,-1,-1,-1,-1,-1,-1,-1,-1,-1,-1,-1,-1,-1,1630,-1,-1,-1,-1,-1,-1,-1,-1,-1,-1,-1,1450,-1,-1,1171,-1,-1,-1,1211,1189,1162,2224,990,1015,927,805,-1,1033,1014,985,0,0,1,1,0,0,0,0,0,0,0,0,0,0,0,0,0,0,0,0,0,0,1,1,0,0,0,0,0,0,0,0,0,1,0,0,1,0,0,0,1,1,0,0,0,1,0,0,1,1,0,0,1,1,1,1,1,1,1,1,0,1,1,1
2026-07-07T17:18:24.299,tof2,8x8,side_right,-1,-1,3186,3211,-1,-1,-1,-1,-1,-1,-1,-1,-1,-1,-1,-1,-1,-1,-1,-1,-1,-1,-1,-1,-1,-1,-1,-1,-1,-1,-1,-1,-1,1642,-1,-1,-1,-1,-1,-1,1560,-1,-1,-1,1345,1408,-1,-1,1179,1138,-1,-1,1202,1195,1164,-1,1013,1028,919,825,988,1029,1016,1006,0,0,1,1,0,0,1,1,0,0,0,0,0,0,0,0,0,0,0,0,0,0,1,0,0,0,0,0,0,0,0,0,0,1,0,0,0,0,0,0,1,0,0,0,1,1,0,0,1,1,0,0,1,1,1,1,1,1,1,1,1,1,1,1
2026-07-07T17:18:24.548,tof1,8x8,side_right,-1,-1,-1,-1,-1,-1,-1,-1,-1,-1,-1,-1,-1,-1,-1,-1,-1,-1,-1,-1,-1,-1,-1,-1,-1,-1,-1,-1,-1,-1,-1,-1,-1,-1,-1,-1,394,381,367,362,-1,-1,481,409,357,331,335,358,-1,589,431,358,347,314,313,337,-1,572,394,349,313,295,303,297,0,0,0,0,0,0,0,0,0,0,0,0,0,0,0,0,0,0,0,0,0,0,0,0,0,0,0,0,0,0,0,0,0,0,0,0,1,1,1,1,0,0,1,1,1,1,1,1,0,1,1,1,1,1,1,1,0,1,1,1,1,1,1,1
2026-07-07T17:18:24.819,tof2,8x8,side_right,-1,-1,3200,-1,-1,-1,-1,-1,-1,-1,-1,-1,-1,-1,-1,-1,-1,-1,-1,-1,-1,-1,-1,-1,-1,-1,-1,-1,-1,-1,-1,-1,-1,1635,-1,-1,-1,-1,-1,-1,1369,-1,-1,-1,1397,1383,-1,-1,1185,1210,-1,942,1190,1210,1138,-1,992,1000,908,816,-1,1018,1025,988,0,0,1,0,0,0,0,0,0,0,0,0,0,0,0,0,0,0,0,0,0,0,0,0,0,0,0,0,0,0,0,0,0,1,0,0,0,0,0,0,1,0,0,0,1,1,0,0,1,1,0,1,1,1,1,0,1,1,1,1,0,1,1,1
2026-07-07T17:18:25.102,tof1,8x8,side_right,-1,-1,-1,-1,-1,-1,-1,-1,-1,-1,-1,-1,-1,-1,-1,-1,-1,-1,-1,-1,-1,-1,-1,-1,-1,-1,-1,-1,-1,-1,410,-1,-1,-1,-1,-1,377,381,365,370,-1,-1,444,409,357,336,340,362,-1,558,428,368,326,308,295,340,881,524,399,342,312,298,293,286,0,0,0,0,0,0,0,0,0,0,0,0,0,0,0,0,0,0,0,0,0,0,0,0,0,0,0,0,0,0,1,0,1,0,0,0,1,1,1,1,0,0,1,1,1,1,1,1,0,1,1,1,1,1,1,1,1,1,1,1,1,1,1,1
2026-07-07T17:18:25.823,tof2,8x8,side_right,-1,-1,3180,-1,-1,-1,-1,-1,-1,-1,-1,-1,-1,-1,-1,-1,-1,-1,-1,-1,-1,-1,-1,-1,-1,-1,-1,-1,-1,-1,-1,-1,-1,1612,-1,-1,-1,-1,-1,-1,1409,-1,-1,-1,-1,1433,-1,-1,1177,1165,-1,930,1200,1201,1180,-1,1007,1013,905,800,-1,1035,1024,1001,0,0,1,1,0,0,0,0,0,0,0,0,0,0,1,0,0,0,0,0,0,0,0,0,0,0,0,0,0,0,0,0,0,1,1,0,0,0,0,0,1,0,0,0,0,1,0,0,1,1,0,1,1,1,1,0,1,1,1,1,0,1,1,1
2026-07-07T17:18:26.084,tof1,8x8,side_right,-1,-1,-1,-1,-1,-1,-1,-1,-1,-1,-1,-1,-1,-1,-1,-1,-1,-1,-1,-1,-1,-1,-1,-1,-1,-1,-1,-1,-1,-1,-1,-1,-1,-1,-1,-1,418,370,357,376,-1,-1,484,396,366,342,334,369,-1,557,417,356,338,310,296,343,877,595,398,348,310,294,287,294,0,0,0,0,0,0,0,0,0,0,0,0,0,0,0,0,0,0,0,0,0,0,0,0,0,0,0,0,0,0,0,0,0,0,0,0,1,1,1,1,0,0,1,1,1,1,1,1,0,1,1,1,1,1,1,1,1,1,1,1,1,1,1,1
2026-07-07T17:18:26.152,tof2,8x8,side_right,-1,-1,3226,-1,-1,-1,-1,-1,-1,-1,-1,-1,-1,-1,-1,-1,-1,-1,-1,-1,-1,-1,-1,-1,-1,-1,-1,-1,-1,-1,-1,-1,-1,1640,-1,-1,1334,-1,-1,-1,1403,-1,-1,-1,-1,1412,-1,-1,1192,1183,-1,966,1216,1201,1111,-1,993,1010,-1,823,-1,1024,1015,1007,0,0,1,0,0,0,0,0,0,0,0,0,0,0,0,0,0,0,0,0,0,0,0,0,0,0,0,0,0,0,0,0,0,1,0,0,1,0,0,0,1,0,0,0,0,1,0,0,1,1,0,1,1,1,1,1,1,1,1,1,0,1,1,1
2026-07-07T17:18:26.281,tof2,8x8,side_right,-1,-1,3182,-1,-1,-1,-1,-1,-1,-1,-1,-1,-1,-1,-1,-1,-1,-1,-1,-1,-1,-1,-1,-1,-1,-1,-1,-1,-1,-1,-1,-1,-1,1574,-1,-1,-1,-1,-1,-1,1344,-1,-1,-1,-1,1359,-1,-1,1206,1176,-1,-1,1149,1198,1141,-1,998,1014,967,811,-1,1025,1009,1010,1,0,1,1,0,0,0,0,0,0,0,0,0,0,0,0,0,0,0,0,0,0,0,0,0,0,0,0,0,0,0,0,0,1,0,0,1,1,0,0,1,0,0,0,1,1,0,0,1,1,0,0,1,1,1,1,1,1,1,1,1,1,1,1
2026-07-07T17:18:26.766,tof1,8x8,side_right,-1,-1,-1,-1,-1,-1,-1,-1,-1,-1,-1,-1,-1,-1,-1,-1,-1,-1,-1,-1,-1,-1,-1,-1,-1,-1,-1,-1,-1,-1,-1,-1,-1,-1,-1,-1,401,387,366,372,-1,-1,493,380,351,332,334,349,-1,546,444,364,330,312,301,326,-1,532,391,341,317,301,290,285,0,0,0,0,0,0,0,0,0,0,0,0,0,0,0,0,0,0,0,0,0,0,0,0,0,0,0,0,0,0,0,0,0,0,0,1,1,1,1,1,0,0,1,1,1,1,1,1,0,1,1,1,1,1,1,1,0,1,1,1,1,1,1,1
2026-07-07T17:18:26.847,tof2,8x8,side_right,-1,-1,3194,3247,-1,-1,-1,-1,-1,-1,-1,-1,-1,-1,-1,-1,-1,-1,-1,-1,-1,-1,-1,-1,-1,-1,-1,-1,-1,-1,-1,-1,-1,1651,-1,-1,-1,-1,-1,-1,-1,-1,-1,-1,-1,1434,-1,-1,1227,1163,-1,-1,1196,1208,1176,-1,985,999,948,832,-1,1014,1020,983,0,0,1,1,0,0,0,0,0,0,0,0,0,0,0,0,0,0,1,0,0,0,0,0,0,0,0,0,0,0,0,0,0,1,0,0,0,0,0,0,1,0,0,0,1,1,0,0,1,1,0,0,1,1,1,0,1,1,1,1,0,1,1,1
2026-07-07T17:18:26.888,tof1,8x8,side_right,-1,-1,-1,-1,-1,-1,-1,-1,-1,-1,-1,-1,-1,-1,-1,-1,-1,-1,-1,-1,-1,-1,-1,-1,-1,-1,-1,-1,-1,-1,-1,-1,-1,-1,-1,-1,407,377,361,364,-1,-1,464,399,369,336,337,350,-1,566,434,371,351,317,298,349,856,596,397,352,319,296,289,294,0,0,0,0,0,0,0,0,0,0,0,0,0,0,0,0,0,0,0,0,0,0,0,0,0,0,0,0,0,0,0,0,1,0,0,0,1,1,1,1,1,0,1,1,1,1,1,1,0,1,1,1,1,1,1,1,1,1,1,1,1,1,1,1
2026-07-07T17:18:26.902,tof2,8x8,side_right,-1,-1,3188,-1,-1,-1,-1,-1,-1,-1,-1,-1,-1,-1,-1,-1,-1,-1,-1,-1,-1,-1,-1,-1,-1,-1,-1,-1,-1,-1,-1,-1,-1,1634,-1,-1,-1,-1,-1,-1,1401,-1,-1,-1,1439,1444,-1,-1,1198,1140,-1,-1,1202,1211,1167,2239,988,1014,948,793,969,1007,1012,984,1,0,1,1,0,0,1,0,0,0,0,0,0,0,0,0,0,0,0,0,0,0,0,0,0,0,0,0,0,0,1,0,0,1,0,0,0,0,0,0,1,0,0,0,1,1,0,0,1,1,0,0,1,1,1,1,1,1,1,1,1,1,1,1
2026-07-07T17:18:26.990,tof1,8x8,side_right,-1,-1,-1,-1,-1,-1,-1,-1,-1,-1,-1,-1,-1,-1,-1,-1,-1,-1,-1,-1,-1,-1,-1,-1,-1,-1,-1,-1,-1,-1,-1,-1,-1,-1,-1,427,401,378,369,385,-1,-1,453,392,356,323,336,357,-1,580,420,372,336,313,301,336,-1,602,398,353,313,302,296,290,0,0,0,0,0,0,0,0,0,0,0,0,0,0,0,0,0,0,0,0,0,0,0,0,0,0,0,0,1,0,0,0,0,0,0,1,1,1,1,1,0,0,1,1,1,1,1,1,0,1,1,1,1,1,1,1,0,1,1,1,1,1,1,1
2026-07-07T17:18:27.004,tof2,8x8,side_right,-1,-1,3207,-1,-1,-1,-1,-1,-1,-1,-1,-1,-1,-1,-1,-1,-1,-1,2548,-1,-1,-1,-1,-1,-1,-1,-1,-1,-1,-1,-1,-1,-1,-1,-1,-1,1315,-1,-1,-1,1419,-1,-1,-1,1324,1475,-1,-1,1185,1187,-1,982,-1,1207,1168,-1,1011,1016,957,834,-1,1028,1013,1005,1,0,1,1,0,0,0,0,0,0,0,0,0,0,0,0,0,0,1,0,0,0,0,0,0,0,0,0,0,0,0,0,0,0,0,0,1,0,0,0,1,0,0,0,1,1,0,0,1,1,0,1,1,1,1,0,1,1,1,1,0,1,1,1
2026-07-07T17:18:27.087,tof1,8x8,side_right,-1,-1,-1,-1,-1,-1,-1,-1,-1,-1,-1,-1,-1,-1,-1,-1,-1,-1,-1,-1,-1,-1,-1,-1,-1,-1,-1,-1,-1,-1,410,-1,-1,-1,-1,-1,389,382,357,380,-1,-1,430,395,347,335,334,351,-1,590,435,368,341,309,320,337,904,560,399,346,311,292,294,300,0,0,0,0,0,0,0,0,0,0,0,0,0,0,0,0,0,0,0,0,0,0,0,0,1,0,0,0,0,0,1,0,1,0,0,0,1,1,1,1,0,0,1,1,1,1,1,1,0,1,1,1,1,1,1,1,1,1,1,1,1,1,1,1
2026-07-07T17:18:27.106,tof2,8x8,side_right,-1,-1,3233,-1,-1,-1,-1,-1,-1,-1,-1,-1,-1,-1,-1,-1,-1,-1,-1,2399,-1,-1,-1,-1,-1,-1,-1,-1,-1,-1,-1,-1,-1,1588,-1,-1,1313,-1,-1,-1,1413,-1,-1,-1,-1,1428,-1,-1,1198,1151,-1,-1,1192,1218,1203,-1,1003,1021,897,805,998,1009,1015,988,0,0,1,0,0,0,0,0,0,0,0,0,0,0,0,0,0,0,1,1,0,0,0,0,0,0,0,0,0,0,0,0,1,1,1,0,1,1,0,0,1,0,0,0,0,1,0,0,1,1,0,0,1,1,1,0,1,1,1,1,1,1,1,1
2026-07-07T17:18:27.177,tof1,8x8,side_right,-1,-1,-1,-1,-1,-1,-1,-1,-1,-1,-1,-1,-1,-1,-1,-1,-1,-1,-1,-1,-1,-1,-1,-1,-1,-1,-1,-1,-1,-1,-1,-1,-1,-1,-1,-1,403,365,364,368,-1,-1,465,398,352,326,333,362,-1,582,441,366,339,320,302,336,-1,600,396,352,317,297,295,300,0,0,0,0,0,0,0,0,0,0,0,0,0,0,0,0,0,0,0,0,0,0,0,0,0,0,0,0,1,0,0,0,0,0,0,0,1,1,1,1,0,0,1,1,1,1,1,1,0,1,1,1,1,1,1,1,0,1,1,1,1,1,1,1
2026-07-07T17:18:27.207,tof2,8x8,side_right,-1,-1,3177,-1,-1,-1,-1,-1,-1,-1,-1,-1,-1,-1,-1,-1,-1,-1,-1,-1,-1,-1,-1,-1,-1,-1,-1,-1,-1,-1,-1,-1,-1,1636,-1,-1,-1,-1,-1,-1,1418,-1,-1,-1,-1,1388,-1,-1,1187,1190,-1,1041,1202,1195,1187,-1,1002,1003,896,794,1016,1036,1011,985,0,0,1,0,0,0,1,0,0,0,0,0,0,0,0,0,0,0,0,0,1,0,0,0,0,0,0,0,0,0,0,0,0,1,0,0,0,0,0,0,1,0,0,0,1,1,0,0,1,1,0,1,1,1,1,0,1,1,1,1,1,1,1,1
2026-07-07T17:18:27.263,tof1,8x8,side_right,-1,-1,-1,-1,-1,-1,-1,-1,-1,-1,-1,-1,-1,-1,-1,-1,-1,-1,-1,-1,-1,-1,-1,-1,-1,-1,-1,-1,-1,-1,395,-1,2603,-1,-1,458,386,369,359,370,-1,-1,475,397,369,332,337,353,-1,553,435,362,336,313,305,332,940,527,390,352,314,299,297,292,0,0,0,0,0,0,0,0,0,0,0,0,0,0,0,0,0,0,0,0,0,0,0,0,0,0,0,0,0,0,1,0,1,0,0,1,1,1,1,1,0,0,1,1,1,1,1,1,0,1,1,1,1,1,1,1,1,1,1,1,1,1,1,1
2026-07-07T17:18:28.159,tof1,8x8,side_right,-1,-1,-1,-1,-1,-1,-1,-1,-1,-1,-1,-1,-1,-1,-1,-1,-1,-1,-1,-1,-1,-1,-1,-1,-1,-1,-1,-1,-1,465,-1,-1,-1,-1,-1,-1,399,389,374,382,-1,-1,431,388,361,324,332,352,-1,587,424,367,346,313,308,336,894,-1,400,340,310,300,287,295,0,0,1,0,0,0,0,0,0,0,0,0,0,0,0,0,0,0,0,0,0,0,0,0,0,0,0,0,0,1,0,0,0,0,1,0,1,1,1,1,0,0,1,1,1,1,1,1,0,1,1,1,1,1,1,1,1,1,1,1,1,1,1,1
2026-07-07T17:18:28.160,tof2,8x8,side_right,-1,-1,3183,-1,-1,-1,-1,-1,-1,-1,-1,-1,-1,-1,-1,-1,-1,-1,-1,-1,-1,-1,-1,-1,-1,-1,-1,-1,-1,-1,-1,-1,-1,1638,-1,-1,-1,-1,-1,-1,1405,-1,-1,1204,1341,-1,-1,-1,1202,1196,-1,951,1220,1211,1182,-1,1007,1003,930,798,-1,979,1025,984,0,0,1,1,0,0,0,1,0,0,0,0,0,0,0,0,0,0,0,0,0,0,0,0,0,1,0,0,0,0,0,0,0,1,0,1,0,0,0,0,1,0,0,1,1,0,0,0,1,1,0,1,1,1,1,1,1,1,1,1,0,1,1,1
2026-07-07T17:18:28.862,tof1,8x8,side_right,-1,-1,-1,-1,-1,-1,-1,-1,-1,-1,-1,-1,-1,-1,-1,-1,-1,-1,-1,-1,-1,-1,-1,-1,-1,-1,-1,-1,-1,-1,-1,-1,-1,-1,-1,-1,402,377,371,356,-1,-1,487,413,349,336,332,362,-1,539,405,364,334,314,307,341,911,591,385,346,309,296,290,291,0,0,0,0,0,0,0,0,0,0,0,0,0,0,0,0,0,0,0,0,1,0,0,0,0,0,0,0,1,0,0,0,1,0,0,0,1,1,1,1,0,1,1,1,1,1,1,1,0,1,1,1,1,1,1,1,1,1,1,1,1,1,1,1
2026-07-07T17:18:28.873,tof2,8x8,side_right,-1,-1,3202,-1,-1,-1,-1,-1,-1,-1,-1,-1,-1,-1,-1,-1,-1,-1,-1,-1,-1,-1,-1,-1,-1,-1,-1,-1,-1,-1,-1,-1,-1,1638,-1,-1,-1,-1,-1,-1,1397,-1,-1,-1,-1,1395,-1,-1,-1,1238,-1,-1,1150,1210,1158,-1,997,996,959,840,983,1018,1028,977,0,0,1,0,0,0,0,1,0,0,0,0,0,0,0,0,0,0,0,1,0,0,0,0,0,0,0,0,0,0,0,0,0,1,0,0,1,0,0,0,1,0,0,0,0,1,0,0,1,1,0,0,1,1,1,0,1,1,1,1,1,1,1,1
2026-07-07T17:18:28.937,tof1,8x8,side_right,-1,-1,-1,-1,-1,-1,-1,-1,-1,-1,-1,-1,-1,-1,-1,-1,-1,-1,-1,-1,-1,-1,-1,-1,-1,-1,-1,-1,-1,-1,-1,-1,-1,-1,-1,-1,402,378,369,369,-1,-1,482,407,361,335,335,355,-1,544,416,361,345,305,310,333,938,551,384,349,313,298,296,306,0,0,0,0,0,0,0,0,0,0,0,0,0,0,0,0,0,0,0,0,0,0,0,0,0,0,0,0,0,0,0,0,1,0,0,0,1,1,1,1,0,0,1,1,1,1,1,1,0,1,1,1,1,1,1,1,1,1,1,1,1,1,1,1
2026-07-07T17:18:28.979,tof2,8x8,side_right,-1,-1,3183,-1,-1,-1,-1,-1,-1,-1,-1,-1,-1,-1,-1,-1,-1,-1,-1,-1,-1,-1,-1,-1,-1,-1,-1,-1,-1,-1,-1,-1,-1,1640,-1,-1,-1,-1,-1,-1,1347,-1,-1,-1,-1,1378,-1,-1,1184,1198,-1,1020,-1,1220,1190,2199,1007,1000,874,807,-1,1013,1036,990,0,0,1,1,0,0,0,0,0,0,0,0,0,0,0,0,0,0,0,0,1,0,0,0,0,0,0,0,0,0,0,0,0,1,0,0,1,0,0,0,1,0,0,0,0,1,0,0,1,1,0,1,0,1,1,1,1,1,1,1,0,1,1,1
2026-07-07T17:18:29.060,tof1,8x8,side_right,-1,-1,-1,-1,-1,-1,-1,-1,-1,-1,-1,-1,-1,-1,-1,-1,-1,-1,-1,-1,3125,-1,-1,-1,-1,-1,-1,-1,854,-1,385,-1,-1,-1,-1,-1,394,362,350,375,-1,-1,501,372,354,340,338,354,-1,580,429,370,336,313,310,334,-1,569,397,346,314,294,292,296,0,0,0,0,0,0,0,0,0,0,0,0,0,0,0,0,0,0,0,0,1,0,0,0,0,0,0,0,1,0,1,0,1,0,0,0,1,1,1,1,0,0,1,1,1,1,1,1,0,1,1,1,1,1,1,1,0,1,1,1,1,1,1,1
2026-07-07T17:18:29.086,tof2,8x8,side_right,-1,-1,3189,-1,-1,-1,-1,-1,-1,-1,-1,-1,-1,-1,-1,-1,-1,-1,-1,-1,-1,-1,-1,-1,-1,-1,-1,-1,-1,-1,-1,-1,-1,1632,-1,-1,-1,-1,-1,-1,1390,-1,-1,-1,-1,1508,-1,-1,1169,1141,-1,-1,-1,1209,1192,2248,991,1028,903,827,-1,1024,1015,1005,0,0,1,0,0,0,0,0,0,0,0,0,0,0,0,0,0,0,0,0,0,0,0,0,0,0,0,0,0,0,0,0,0,1,0,0,0,0,0,0,1,0,0,0,1,1,0,0,1,1,0,0,1,1,1,1,1,1,1,1,1,1,1,1
2026-07-07T17:18:29.152,tof1,8x8,side_right,-1,-1,-1,-1,-1,-1,-1,-1,-1,-1,-1,-1,-1,-1,-1,-1,-1,-1,-1,-1,-1,-1,-1,-1,-1,-1,-1,-1,-1,-1,-1,-1,-1,-1,-1,430,403,375,367,377,-1,-1,465,416,358,332,331,354,-1,549,435,356,353,304,304,338,-1,585,384,349,321,302,292,289,0,0,1,0,0,0,0,0,0,0,0,0,0,0,0,0,0,0,0,0,1,0,0,0,0,0,0,0,0,0,0,0,0,0,0,1,1,1,1,1,0,0,1,1,1,1,1,1,0,1,1,1,1,1,1,1,1,1,1,1,1,1,1,1
2026-07-07T17:18:29.177,tof2,8x8,side_right,-1,-1,3181,-1,-1,-1,-1,-1,-1,-1,-1,-1,-1,-1,-1,-1,-1,-1,-1,-1,-1,-1,-1,-1,-1,-1,-1,-1,-1,-1,-1,-1,-1,1632,-1,-1,-1,-1,-1,-1,1392,-1,-1,-1,1227,1406,-1,-1,1193,1192,-1,-1,1254,1207,1186,-1,1010,1001,896,770,986,1014,1019,979,0,0,1,0,0,0,0,0,0,0,0,0,0,0,1,0,0,0,0,0,0,1,0,1,0,0,0,0,0,0,0,0,0,1,1,0,0,0,0,0,1,0,0,0,1,1,0,0,1,1,0,0,1,1,1,1,1,1,1,1,1,1,1,1
2026-07-07T17:18:29.255,tof1,8x8,side_right,-1,-1,-1,-1,-1,-1,-1,-1,-1,-1,-1,-1,-1,-1,-1,-1,-1,-1,-1,-1,-1,-1,-1,-1,-1,-1,-1,-1,-1,-1,391,-1,-1,-1,-1,-1,394,381,353,366,-1,-1,-1,389,357,324,336,366,-1,561,433,360,317,308,306,342,898,570,400,343,320,300,298,294,0,0,0,0,0,0,0,0,0,0,0,0,0,0,0,0,0,0,0,0,0,0,0,0,0,0,0,0,0,0,1,0,0,0,0,0,1,1,1,1,0,0,0,1,1,1,1,1,0,1,1,1,1,1,1,1,1,1,1,1,1,1,1,1
2026-07-07T17:18:29.274,tof2,8x8,side_right,-1,-1,3173,-1,-1,-1,-1,-1,-1,-1,-1,-1,-1,-1,-1,-1,-1,-1,-1,-1,-1,-1,-1,-1,-1,-1,-1,-1,-1,-1,-1,-1,-1,1684,-1,-1,-1,-1,-1,-1,1369,-1,-1,-1,1330,1448,-1,-1,1233,1136,-1,-1,1213,1190,1177,-1,994,1003,914,813,1065,1022,1010,996,0,0,1,0,0,0,0,0,0,0,0,0,0,0,0,0,0,0,0,0,0,0,0,0,0,0,0,0,0,0,0,0,0,1,0,0,0,0,0,0,1,0,0,0,1,1,0,0,1,1,0,1,1,1,1,0,1,1,1,1,1,1,1,1
2026-07-07T17:18:29.620,tof2,8x8,side_right,-1,-1,3202,-1,-1,-1,-1,-1,-1,-1,-1,-1,-1,-1,-1,-1,-1,-1,-1,-1,-1,-1,-1,-1,-1,-1,-1,-1,-1,-1,-1,-1,-1,1730,-1,-1,-1,-1,-1,-1,1435,-1,-1,-1,1386,1414,-1,-1,1213,1149,-1,-1,-1,1204,1166,-1,1015,1012,896,803,-1,1009,1025,980,0,0,1,0,0,0,0,0,0,0,0,0,0,0,0,0,0,0,0,0,0,0,0,0,0,0,0,0,0,0,1,0,0,1,0,0,1,0,0,0,1,1,0,0,1,1,0,0,1,1,0,0,1,1,1,0,1,1,1,1,1,1,1,1
2026-07-07T17:18:29.664,tof1,8x8,side_right,-1,-1,-1,-1,-1,-1,-1,-1,-1,-1,-1,-1,-1,-1,-1,-1,-1,-1,-1,-1,-1,-1,-1,-1,-1,-1,-1,-1,-1,-1,399,-1,-1,-1,-1,-1,403,367,379,376,-1,-1,487,389,354,331,347,355,-1,599,434,364,343,314,299,333,-1,605,397,353,320,296,299,284,0,0,0,0,0,0,0,0,0,0,0,0,0,0,0,0,0,0,0,0,0,0,0,0,0,0,0,0,0,0,1,0,0,0,0,0,1,1,1,1,0,0,1,1,1,1,1,1,0,1,1,1,1,1,1,1,1,1,1,1,1,1,1,1
2026-07-07T17:18:29.761,tof2,8x8,side_right,-1,-1,3183,-1,-1,-1,-1,-1,-1,-1,-1,-1,-1,-1,-1,-1,-1,-1,-1,-1,-1,-1,-1,-1,-1,-1,-1,-1,-1,-1,-1,-1,-1,1628,-1,-1,-1,-1,-1,-1,-1,-1,-1,-1,1311,1428,-1,-1,1194,1162,-1,996,-1,-1,1189,-1,1001,992,891,783,-1,1016,1020,993,0,0,1,0,0,0,0,0,0,0,0,0,0,0,0,0,0,0,0,1,0,0,0,0,0,0,0,0,0,0,0,0,0,1,0,0,0,0,0,0,1,0,0,0,1,1,0,0,1,1,0,1,1,1,1,0,1,1,1,1,0,1,1,1
2026-07-07T17:18:29.790,tof1,8x8,side_right,-1,-1,-1,-1,-1,-1,-1,-1,-1,-1,-1,-1,-1,-1,-1,-1,-1,-1,-1,-1,-1,-1,-1,-1,-1,-1,-1,-1,-1,-1,-1,-1,-1,-1,-1,-1,390,389,366,375,-1,-1,477,379,357,332,326,356,-1,588,417,360,344,315,308,334,848,529,390,338,326,301,288,291,0,0,0,0,0,0,0,0,0,0,0,0,0,0,0,0,0,0,0,0,0,0,0,0,0,1,0,0,0,0,0,0,0,0,0,0,1,1,1,1,0,0,1,1,1,1,1,1,0,1,1,1,1,1,1,1,1,1,1,1,1,1,1,1
2026-07-07T17:18:29.898,tof1,8x8,side_right,-1,-1,-1,-1,-1,-1,-1,-1,-1,-1,-1,-1,-1,-1,-1,-1,-1,-1,-1,-1,-1,-1,-1,-1,-1,-1,-1,-1,-1,-1,393,-1,2590,-1,-1,-1,398,365,362,362,-1,-1,439,391,352,328,326,353,-1,558,417,373,345,315,306,348,900,532,396,352,317,294,294,290,0,0,0,0,0,0,0,0,0,0,0,0,0,0,0,0,0,0,0,0,0,0,0,0,0,0,0,0,0,0,1,0,1,0,0,0,1,1,1,1,0,0,1,1,1,1,1,1,0,1,1,1,1,1,1,1,1,1,1,1,1,1,1,1
2026-07-07T17:18:29.904,tof2,8x8,side_right,-1,-1,3198,3239,-1,-1,-1,3315,-1,-1,-1,-1,-1,-1,-1,-1,-1,-1,-1,-1,-1,-1,-1,-1,-1,-1,-1,-1,-1,-1,-1,-1,-1,1598,-1,-1,-1,-1,-1,-1,1379,-1,-1,-1,-1,-1,1302,-1,-1,1211,-1,-1,1266,1225,1185,-1,1014,1016,933,790,940,1014,1022,998,0,0,1,1,0,0,0,1,0,0,0,0,0,0,0,0,0,0,1,0,0,0,0,0,0,0,0,0,0,0,0,0,0,1,0,0,0,0,0,0,1,0,0,0,0,1,1,0,1,1,0,0,1,1,1,0,1,1,1,1,1,1,1,1
2026-07-07T17:18:30.000,tof2,8x8,side_right,-1,-1,3198,-1,-1,-1,-1,-1,-1,-1,-1,-1,-1,-1,-1,-1,-1,-1,-1,-1,-1,-1,-1,-1,-1,-1,-1,-1,-1,-1,-1,-1,-1,1602,-1,-1,-1,-1,-1,-1,1397,-1,-1,-1,1309,1404,-1,-1,1201,1248,-1,-1,-1,1208,1173,-1,1009,1013,903,792,-1,1026,1016,983,0,0,1,0,0,0,0,0,0,0,0,0,0,0,0,0,0,0,0,0,0,0,0,0,0,0,0,0,0,0,1,0,0,1,0,0,0,0,0,0,1,0,0,0,1,1,0,0,1,1,0,0,0,1,1,0,1,1,1,1,0,1,1,1
2026-07-07T17:18:30.063,tof1,8x8,side_right,-1,-1,-1,-1,-1,-1,-1,-1,-1,-1,-1,-1,-1,-1,-1,-1,-1,-1,-1,-1,-1,-1,-1,-1,-1,-1,-1,-1,-1,-1,413,-1,-1,-1,-1,-1,396,363,375,368,-1,-1,453,376,363,338,331,361,-1,545,421,350,328,305,306,330,900,552,389,358,315,306,292,297,0,0,0,0,0,0,0,0,0,0,0,0,0,0,0,0,0,0,0,0,0,0,0,0,0,0,0,0,0,0,1,0,1,0,0,0,1,1,1,1,0,0,1,1,1,1,1,1,0,1,1,1,1,1,1,1,1,1,1,1,1,1,1,1
2026-07-07T17:18:30.094,tof2,8x8,side_right,-1,-1,3189,-1,-1,-1,-1,-1,-1,-1,-1,-1,-1,-1,-1,-1,-1,-1,-1,-1,-1,-1,-1,-1,-1,-1,-1,-1,-1,-1,-1,-1,-1,1551,-1,-1,-1,-1,-1,-1,-1,-1,-1,-1,-1,1450,-1,-1,1157,1200,-1,-1,-1,1206,1195,-1,1011,1032,-1,823,1034,1015,1021,988,0,0,1,0,0,0,0,0,0,0,0,0,0,0,0,0,0,0,0,0,0,0,0,0,0,0,0,0,0,0,0,0,1,1,0,0,0,0,0,0,1,1,0,0,1,1,0,0,1,1,0,0,1,1,1,0,1,1,1,1,1,1,1,1
2026-07-07T17:18:30.221,tof1,8x8,side_right,-1,-1,-1,-1,-1,-1,-1,-1,-1,-1,-1,-1,-1,-1,-1,-1,-1,-1,-1,-1,-1,-1,-1,-1,-1,-1,-1,-1,-1,-1,-1,-1,-1,-1,-1,-1,398,399,365,375,-1,-1,-1,398,354,333,334,364,-1,561,438,351,331,317,303,333,-1,539,389,346,315,290,292,300,0,0,0,0,0,0,0,0,0,0,0,0,0,0,0,0,0,0,0,0,0,0,0,0,0,0,0,0,0,0,0,0,0,0,0,0,1,1,1,1,0,0,0,1,1,1,1,1,0,1,1,1,1,1,1,1,0,1,1,1,1,1,1,1
2026-07-07T17:18:30.198,tof2,8x8,side_right,-1,-1,3166,-1,-1,-1,-1,-1,-1,-1,-1,-1,-1,-1,-1,-1,-1,-1,-1,-1,-1,-1,-1,-1,-1,-1,-1,-1,-1,-1,-1,-1,-1,1635,-1,-1,-1,-1,-1,-1,1364,-1,-1,-1,-1,1398,-1,-1,1190,1193,-1,-1,1165,1220,1171,1085,1007,1002,949,815,891,1020,1029,991,0,0,1,0,0,0,1,0,0,0,0,0,0,0,0,0,0,0,0,1,0,0,0,0,0,0,0,0,0,0,0,0,0,1,0,0,0,0,0,0,1,0,0,0,0,1,0,0,1,1,0,1,1,1,1,1,1,1,1,1,1,1,1,1
2026-07-07T17:18:30.318,tof2,8x8,side_right,-1,-1,3198,-1,-1,-1,-1,-1,-1,-1,-1,-1,-1,-1,-1,-1,-1,-1,-1,-1,-1,-1,-1,-1,-1,-1,-1,-1,-1,-1,-1,-1,-1,-1,-1,-1,-1,-1,-1,-1,1420,-1,-1,-1,-1,1424,-1,-1,1188,1195,-1,-1,1210,1191,1198,-1,1002,1003,-1,838,-1,1025,1018,995,0,0,1,1,0,0,0,0,0,0,0,0,0,0,0,0,0,0,0,0,0,0,0,0,0,0,0,0,1,0,0,0,0,1,1,0,0,0,0,0,1,0,0,0,1,1,0,0,1,1,0,0,1,1,1,0,1,1,1,1,1,1,1,1
2026-07-07T17:18:30.606,tof1,8x8,side_right,-1,-1,-1,-1,-1,-1,-1,-1,-1,-1,-1,-1,-1,-1,-1,-1,-1,-1,-1,-1,-1,-1,-1,-1,-1,-1,-1,-1,-1,-1,396,-1,-1,-1,-1,-1,404,382,369,382,-1,-1,458,405,357,320,344,366,-1,579,413,359,343,317,308,352,925,573,401,350,314,303,287,293,0,0,0,0,0,0,0,0,0,0,0,0,0,0,0,0,0,0,0,0,0,0,0,0,0,0,0,0,0,0,1,0,0,0,0,0,1,1,1,1,0,0,1,1,1,1,1,1,0,1,1,1,1,1,1,1,1,1,1,1,1,1,1,1
2026-07-07T17:18:30.597,tof2,8x8,side_right,-1,-1,3186,-1,-1,-1,-1,-1,-1,-1,-1,-1,-1,-1,-1,-1,-1,-1,-1,-1,-1,-1,-1,-1,-1,-1,-1,-1,-1,-1,-1,-1,-1,1624,-1,-1,-1,-1,-1,-1,1413,-1,-1,-1,1314,1443,-1,-1,1200,1165,-1,1041,1204,1203,1171,-1,993,1007,894,816,-1,1022,1023,998,0,0,1,0,0,0,0,0,0,0,0,0,0,0,0,0,0,0,0,1,0,0,0,0,0,0,0,0,0,0,0,0,0,1,0,0,0,0,0,0,1,0,0,1,1,1,1,0,1,1,0,1,1,1,1,0,1,1,1,1,1,1,1,1
2026-07-07T17:18:30.699,tof1,8x8,side_right,-1,-1,-1,-1,-1,-1,-1,-1,-1,-1,-1,-1,-1,-1,-1,-1,-1,-1,-1,-1,-1,-1,-1,-1,-1,-1,-1,-1,-1,-1,-1,-1,-1,-1,-1,435,400,381,375,368,-1,-1,455,387,358,334,327,367,-1,613,426,363,334,311,309,336,897,578,385,349,316,299,293,294,0,0,0,0,0,0,0,0,0,0,0,0,0,0,0,0,0,0,0,0,0,0,0,0,0,0,0,0,0,0,0,0,1,0,0,1,1,1,1,1,0,0,1,1,1,1,1,1,0,1,1,1,1,1,1,1,1,1,1,1,1,1,1,1
2026-07-07T17:18:30.715,tof2,8x8,side_right,-1,-1,3202,3262,-1,-1,-1,-1,-1,-1,-1,-1,-1,-1,-1,-1,-1,-1,-1,-1,-1,-1,-1,-1,-1,-1,-1,-1,-1,-1,-1,-1,-1,1664,-1,-1,-1,-1,-1,-1,1402,-1,-1,-1,-1,1408,-1,-1,1191,1170,-1,-1,1189,1217,1185,-1,1007,1010,893,826,-1,1013,1015,1003,0,1,1,1,0,0,0,0,0,0,0,0,0,0,0,1,0,0,0,0,0,0,0,0,0,0,0,0,0,0,0,0,0,1,0,0,0,0,0,0,1,0,0,0,1,1,0,0,1,1,0,0,1,1,1,0,1,1,1,1,0,1,1,1
2026-07-07T17:18:30.818,tof1,8x8,side_right,-1,-1,-1,-1,-1,-1,-1,-1,-1,-1,-1,-1,-1,-1,-1,-1,-1,-1,-1,-1,-1,-1,-1,-1,-1,-1,-1,-1,-1,-1,-1,-1,2614,-1,-1,-1,399,390,377,376,-1,-1,452,403,371,327,332,346,-1,553,394,367,340,310,306,343,902,580,399,350,319,297,297,284,0,0,0,0,0,0,0,0,0,0,0,0,0,0,0,0,0,0,0,0,1,0,0,0,0,0,0,0,0,0,0,0,1,0,0,0,1,1,1,1,0,0,1,1,1,1,1,1,0,1,1,1,1,1,1,1,1,1,1,1,1,1,1,1
2026-07-07T17:18:30.940,tof1,8x8,side_right,-1,-1,-1,-1,-1,-1,-1,-1,-1,-1,-1,-1,-1,-1,-1,-1,-1,-1,-1,-1,-1,-1,-1,-1,-1,-1,-1,-1,-1,-1,-1,-1,-1,-1,-1,-1,411,380,360,368,-1,-1,447,408,361,323,336,340,-1,569,413,364,328,313,310,348,895,536,396,350,312,308,298,302,0,0,0,0,0,0,0,0,0,0,0,0,0,0,0,0,0,0,0,0,1,0,0,0,0,0,0,0,0,0,0,0,0,0,0,0,1,1,1,1,0,0,1,1,1,1,1,1,0,1,1,1,1,1,1,1,1,1,1,1,1,1,1,1
2026-07-07T17:18:30.963,tof2,8x8,side_right,-1,-1,3197,-1,-1,-1,-1,-1,-1,-1,-1,-1,-1,-1,-1,-1,-1,-1,-1,-1,-1,-1,-1,-1,-1,-1,-1,-1,-1,-1,-1,-1,-1,1639,-1,-1,-1,-1,-1,-1,1390,-1,-1,-1,1255,1378,-1,-1,1191,1213,-1,-1,-1,1207,1168,-1,1016,1010,894,801,858,986,1001,987,0,0,1,0,0,0,0,0,0,0,0,0,0,0,0,0,0,0,0,0,0,0,0,0,0,0,0,0,0,0,0,0,0,1,0,0,0,0,0,0,1,0,0,0,1,1,1,0,1,1,0,0,0,1,1,0,1,1,1,1,1,1,1,1
2026-07-07T17:18:31.026,tof1,8x8,side_right,-1,-1,-1,-1,-1,-1,-1,-1,-1,-1,-1,-1,-1,-1,-1,-1,-1,-1,-1,-1,2030,-1,-1,-1,-1,-1,-1,-1,-1,-1,-1,-1,-1,-1,-1,-1,392,386,365,374,-1,-1,461,404,359,334,330,367,-1,543,416,361,334,315,307,340,910,606,402,354,324,298,285,289,0,0,0,0,0,0,0,0,0,0,0,0,0,0,0,0,0,0,0,0,1,0,0,0,0,0,0,0,0,0,0,0,0,0,0,0,1,1,1,1,0,0,1,1,1,1,1,1,0,1,1,1,1,1,1,1,1,1,1,1,1,1,1,1
2026-07-07T17:18:31.068,tof2,8x8,side_right,-1,-1,3184,3184,-1,-1,-1,-1,-1,-1,-1,-1,-1,-1,-1,-1,-1,-1,-1,-1,-1,-1,-1,-1,-1,-1,-1,-1,-1,-1,-1,-1,-1,1672,-1,-1,-1,-1,-1,-1,1414,-1,-1,-1,-1,1419,-1,-1,1155,1190,-1,-1,1218,1206,1192,-1,988,1021,920,823,-1,1002,1021,997,0,0,1,1,0,0,1,1,0,0,0,0,0,0,0,0,0,0,0,0,0,0,0,0,0,0,0,0,0,0,0,0,1,1,1,0,0,0,0,0,1,0,0,0,0,1,0,0,1,1,0,0,1,1,1,0,1,1,1,1,1,1,1,1
2026-07-07T17:18:31.124,tof1,8x8,side_right,-1,-1,-1,-1,-1,-1,-1,-1,-1,-1,-1,-1,-1,-1,-1,-1,-1,-1,-1,-1,-1,-1,-1,-1,-1,-1,-1,-1,-1,-1,-1,-1,-1,-1,-1,483,403,386,374,367,-1,-1,434,421,352,335,341,356,-1,520,409,373,328,312,312,337,867,562,396,350,320,288,295,292,0,0,0,0,0,0,0,0,0,0,0,0,0,0,0,0,0,0,0,0,0,0,0,0,0,0,0,0,0,0,0,0,1,0,0,1,1,1,1,1,0,0,1,1,1,1,1,1,0,1,1,1,1,1,1,1,1,1,1,1,1,1,1,1
2026-07-07T17:18:31.176,tof2,8x8,side_right,-1,-1,3186,-1,-1,-1,-1,-1,-1,-1,-1,-1,-1,-1,-1,-1,-1,-1,-1,-1,-1,-1,-1,-1,-1,-1,-1,-1,-1,-1,-1,-1,-1,1510,-1,-1,-1,-1,-1,-1,1422,-1,-1,-1,1345,1362,-1,-1,1205,1162,-1,-1,1228,1206,1187,-1,1011,1013,881,819,-1,1023,1024,978,0,0,1,0,0,0,0,0,0,0,0,0,0,0,0,0,0,0,0,0,0,0,0,0,0,0,0,0,0,0,0,0,0,1,0,0,0,0,0,0,1,0,0,0,1,1,1,0,1,1,0,1,1,1,1,0,1,1,1,1,0,1,1,1
2026-07-07T17:18:31.273,tof1,8x8,side_right,-1,-1,-1,-1,-1,-1,-1,-1,-1,-1,-1,-1,-1,-1,-1,-1,-1,-1,-1,-1,-1,-1,-1,-1,-1,-1,-1,-1,-1,-1,392,-1,-1,-1,-1,-1,395,369,367,380,-1,-1,459,373,358,327,334,358,-1,608,380,361,347,314,304,331,931,538,394,355,314,303,300,292,0,0,0,0,0,0,0,0,0,0,0,0,0,0,0,0,0,0,0,0,0,0,0,0,0,0,0,0,0,0,1,0,0,0,0,0,1,1,1,1,0,0,1,1,1,1,1,1,0,1,1,1,1,1,1,1,1,1,1,1,1,1,1,1
2026-07-07T17:18:31.290,tof2,8x8,side_right,-1,-1,3200,-1,-1,-1,-1,-1,-1,-1,-1,-1,-1,-1,-1,-1,-1,-1,-1,-1,-1,-1,-1,-1,-1,-1,-1,-1,-1,-1,-1,-1,-1,1678,-1,-1,-1,-1,-1,-1,1397,-1,-1,-1,-1,1393,-1,-1,1194,1143,-1,-1,-1,1211,1160,-1,990,992,892,828,-1,1013,1008,991,0,0,1,1,0,0,0,1,0,0,0,0,0,0,0,0,0,0,0,0,0,0,0,1,0,0,0,0,0,0,0,0,0,1,0,0,0,0,0,0,1,0,0,0,0,1,0,0,1,1,0,0,0,1,1,0,1,1,1,1,0,1,1,1
2026-07-07T17:18:31.949,tof1,8x8,side_right,-1,-1,-1,-1,-1,-1,-1,-1,-1,-1,-1,-1,-1,-1,-1,-1,-1,-1,-1,-1,-1,-1,-1,-1,-1,-1,-1,-1,-1,-1,398,-1,-1,-1,-1,-1,390,382,358,377,-1,-1,457,389,355,343,320,354,-1,612,428,351,343,318,299,332,891,556,388,336,314,293,293,297,0,0,0,0,0,0,0,0,0,0,0,0,0,0,0,0,0,0,0,0,0,0,0,0,0,0,0,0,0,0,1,0,0,0,0,0,1,1,1,1,0,0,1,1,1,1,1,1,0,1,1,1,1,1,1,1,1,1,1,1,1,1,1,1
2026-07-07T17:18:32.242,tof2,8x8,side_right,-1,-1,3204,3084,-1,-1,-1,-1,-1,-1,-1,-1,-1,-1,-1,-1,-1,-1,-1,-1,-1,-1,-1,-1,-1,-1,-1,-1,-1,-1,-1,-1,-1,1627,-1,-1,-1,-1,-1,-1,1378,-1,-1,-1,1363,1425,-1,-1,1194,-1,-1,928,1211,1206,1146,-1,1012,995,879,838,-1,1012,1024,1003,0,0,1,1,0,0,0,0,0,0,0,0,0,0,0,0,0,0,0,0,0,0,0,0,0,0,0,0,0,0,0,0,0,1,0,0,0,0,0,0,1,0,0,0,1,1,1,0,1,1,0,1,1,1,1,0,1,1,1,1,0,1,1,1
2026-07-07T17:18:32.676,tof1,8x8,side_right,-1,-1,-1,-1,-1,-1,-1,-1,-1,-1,-1,-1,-1,-1,-1,-1,-1,-1,-1,-1,-1,-1,-1,-1,-1,-1,-1,-1,-1,-1,-1,-1,-1,-1,-1,473,388,373,370,370,-1,-1,478,388,377,323,334,353,-1,582,430,364,341,317,305,331,-1,601,408,334,318,296,292,299,0,0,0,0,0,0,0,0,0,0,0,0,0,0,0,0,0,0,0,0,0,0,0,0,0,0,0,0,0,0,0,0,0,1,0,1,1,1,1,1,0,0,1,1,1,1,1,1,0,1,1,1,1,1,1,1,0,1,1,1,1,1,1,1
2026-07-07T17:18:32.793,tof1,8x8,side_right,-1,-1,-1,-1,-1,-1,-1,-1,-1,-1,-1,-1,-1,-1,-1,-1,-1,-1,-1,-1,-1,-1,-1,-1,-1,-1,-1,-1,-1,-1,-1,-1,-1,-1,-1,-1,402,374,359,376,-1,-1,469,401,353,332,340,349,-1,568,420,365,347,317,301,337,-1,-1,395,355,322,288,293,298,0,0,0,0,0,0,0,0,0,0,0,0,0,0,0,0,0,0,0,0,0,0,0,0,0,0,0,0,0,0,0,0,1,0,0,0,1,1,1,1,0,0,1,1,1,1,1,1,0,1,1,1,1,1,1,1,0,1,1,1,1,1,1,1
2026-07-07T17:18:33.045,tof1,8x8,side_right,-1,-1,-1,-1,-1,-1,-1,-1,-1,-1,-1,-1,-1,-1,-1,-1,-1,-1,-1,-1,-1,-1,-1,-1,-1,-1,-1,-1,-1,-1,-1,-1,-1,-1,-1,489,374,373,349,367,-1,-1,-1,400,365,340,333,355,-1,552,414,367,352,319,306,336,900,-1,391,355,320,301,298,290,0,0,0,0,0,0,0,0,0,0,0,0,0,0,0,0,0,0,0,0,0,0,0,0,0,0,0,0,0,0,0,0,0,0,0,1,1,1,1,1,0,0,0,1,1,1,1,1,0,1,1,1,1,1,1,1,1,1,1,1,1,1,1,1
2026-07-07T17:18:33.587,tof1,8x8,side_right,-1,-1,-1,-1,-1,-1,-1,-1,-1,-1,-1,-1,-1,-1,-1,-1,-1,-1,-1,-1,-1,-1,-1,-1,-1,-1,-1,-1,-1,-1,-1,-1,-1,-1,-1,-1,385,390,350,368,-1,-1,472,397,357,333,331,356,-1,564,412,356,338,314,304,337,911,585,381,352,316,296,292,283,0,0,0,0,0,0,0,0,0,0,0,0,0,0,0,0,0,0,0,0,0,0,0,0,0,0,0,0,0,0,0,0,0,0,0,0,1,1,1,1,0,0,1,1,1,1,1,1,0,1,1,1,1,1,1,1,1,1,1,1,1,1,1,1
2026-07-07T17:18:33.670,tof2,8x8,side_right,-1,-1,3178,-1,-1,-1,-1,-1,-1,-1,-1,-1,-1,-1,-1,-1,-1,-1,-1,-1,-1,-1,-1,-1,-1,-1,-1,-1,-1,-1,-1,-1,-1,1563,-1,-1,-1,-1,-1,-1,1370,1477,-1,-1,-1,-1,-1,-1,1220,1159,-1,-1,1160,1207,1179,-1,1003,1007,928,825,-1,1028,1006,977,0,0,1,1,0,0,0,0,0,0,0,0,0,0,0,0,0,0,0,0,0,0,0,0,0,0,0,0,0,0,0,0,0,1,0,0,0,0,0,0,1,1,1,0,0,1,0,0,1,1,0,0,1,1,1,0,1,1,1,1,0,1,1,1
2026-07-07T17:18:33.686,tof1,8x8,side_right,-1,-1,-1,-1,-1,-1,-1,-1,-1,-1,-1,-1,-1,-1,-1,-1,-1,-1,-1,-1,-1,-1,-1,-1,-1,-1,-1,-1,-1,-1,378,-1,-1,-1,-1,-1,397,389,363,370,-1,-1,471,408,353,341,327,351,-1,562,432,363,339,306,310,348,873,548,383,352,316,291,298,300,0,0,0,0,0,0,0,0,0,0,0,0,0,0,0,0,0,0,0,0,0,0,0,0,0,0,0,0,0,0,1,0,0,0,0,0,1,1,1,1,0,0,1,1,1,1,1,1,0,1,1,1,1,1,1,1,1,1,1,1,1,1,1,1
2026-07-07T17:18:34.172,tof1,8x8,side_right,-1,-1,-1,-1,-1,-1,-1,-1,-1,-1,-1,-1,-1,-1,-1,-1,-1,-1,-1,-1,-1,-1,-1,-1,-1,-1,-1,-1,-1,-1,-1,-1,-1,-1,-1,-1,391,376,358,392,-1,-1,478,405,349,330,335,355,-1,540,412,370,338,313,305,336,921,577,380,339,319,304,288,301,0,0,0,0,0,0,0,0,0,0,0,0,0,0,0,0,0,0,0,0,0,0,0,0,0,0,0,0,0,1,0,0,0,0,0,0,1,1,1,1,0,0,1,1,1,1,1,1,0,1,1,1,1,1,1,1,1,1,1,1,1,1,1,1
2026-07-07T17:18:34.296,tof2,8x8,side_right,-1,-1,3208,-1,-1,-1,-1,-1,-1,-1,-1,-1,-1,-1,-1,-1,-1,-1,-1,-1,-1,-1,-1,-1,-1,-1,-1,-1,-1,-1,-1,-1,-1,1592,-1,-1,-1,-1,-1,-1,1400,-1,-1,-1,-1,1404,-1,-1,1188,1194,-1,-1,1196,1199,1200,1128,1009,1014,921,817,-1,1019,1023,985,0,0,1,0,0,0,0,0,0,0,0,0,0,0,0,0,0,0,0,0,0,0,0,0,0,0,0,0,0,0,0,0,1,1,0,0,0,0,0,0,1,0,0,0,0,1,0,0,1,1,0,0,1,1,1,1,1,1,1,1,1,1,1,1
2026-07-07T17:18:34.836,tof2,8x8,side_right,-1,-1,3192,-1,-1,-1,-1,-1,-1,-1,-1,-1,-1,-1,-1,-1,-1,-1,-1,-1,-1,-1,-1,-1,-1,-1,-1,-1,-1,-1,-1,-1,-1,1562,-1,-1,-1,-1,-1,-1,1379,-1,-1,-1,1317,1384,-1,-1,1176,1231,-1,-1,1215,1202,1189,-1,1009,1008,914,790,934,1029,1032,1007,0,0,1,0,0,0,0,0,0,0,0,0,0,0,0,0,0,0,0,0,0,0,0,0,0,0,0,0,0,0,0,0,0,1,0,0,1,0,0,0,1,0,0,0,1,1,1,0,1,1,0,0,1,1,1,0,1,1,1,1,1,1,1,1
2026-07-07T17:18:35.007,tof1,8x8,side_right,-1,-1,-1,-1,-1,-1,-1,-1,-1,-1,-1,-1,-1,-1,-1,-1,-1,-1,-1,-1,-1,-1,-1,-1,-1,-1,-1,-1,-1,-1,379,-1,-1,-1,-1,464,397,381,372,366,-1,-1,-1,387,355,329,334,343,-1,586,420,361,338,316,311,336,-1,558,390,342,316,295,299,282,0,0,0,0,0,0,0,0,0,0,0,0,0,0,0,0,0,0,0,0,0,0,0,0,0,0,0,0,0,0,1,0,0,0,0,1,1,1,1,1,0,0,0,1,1,1,1,1,0,1,1,1,1,1,1,1,0,1,1,1,1,1,1,1
2026-07-07T17:18:35.332,tof2,8x8,side_right,-1,-1,3226,3211,-1,-1,-1,-1,-1,-1,-1,-1,-1,-1,-1,-1,-1,-1,-1,-1,-1,-1,-1,-1,-1,-1,-1,-1,-1,-1,-1,-1,-1,1695,-1,-1,-1,-1,-1,-1,1391,-1,-1,-1,-1,1434,-1,-1,1189,1174,-1,-1,1184,1225,1212,-1,1007,996,902,784,-1,1031,1011,996,0,0,1,1,0,0,0,0,0,0,0,0,0,0,0,0,0,0,0,0,0,0,0,0,0,0,0,0,0,0,1,0,0,1,1,0,1,0,0,0,1,1,0,0,1,1,0,0,1,1,0,0,1,1,1,0,1,1,1,1,1,1,1,1
2026-07-07T17:18:35.800,tof1,8x8,side_right,-1,-1,-1,-1,-1,-1,-1,-1,-1,-1,-1,-1,-1,-1,-1,-1,-1,-1,-1,-1,-1,-1,-1,-1,-1,-1,-1,-1,-1,-1,-1,-1,-1,-1,-1,-1,383,381,359,375,-1,-1,459,401,354,330,333,356,-1,604,430,354,329,317,306,349,907,593,393,346,309,295,298,295,0,0,0,0,0,0,0,0,0,0,0,0,0,0,0,0,0,0,0,0,0,0,0,0,0,1,0,0,0,0,0,0,0,0,0,0,1,1,1,1,0,0,1,1,1,1,1,1,0,1,1,1,1,1,1,1,1,1,1,1,1,1,1,1
2026-07-07T17:18:36.196,tof2,8x8,side_right,-1,-1,3190,-1,-1,-1,-1,-1,-1,-1,-1,-1,-1,-1,-1,-1,-1,-1,-1,-1,-1,-1,-1,-1,-1,-1,-1,-1,-1,-1,-1,-1,-1,1711,-1,-1,1307,-1,-1,-1,1377,-1,-1,-1,-1,1397,-1,-1,1202,1176,-1,-1,-1,1207,1149,-1,987,1001,897,819,-1,1009,1032,1000,0,0,1,1,0,0,0,0,0,0,0,0,0,0,1,0,0,0,0,0,0,0,0,1,0,0,0,0,0,0,0,0,0,1,0,0,1,0,0,0,1,0,0,0,0,1,0,0,1,1,0,1,1,1,1,0,1,1,1,1,0,1,1,1
2026-07-07T17:18:36.790,tof2,8x8,side_right,-1,-1,3186,-1,-1,-1,-1,-1,-1,-1,-1,-1,-1,-1,-1,-1,-1,-1,-1,-1,-1,-1,-1,-1,-1,-1,-1,-1,-1,-1,-1,-1,-1,1493,-1,-1,1381,-1,-1,-1,1433,-1,-1,1089,1249,1367,-1,-1,1224,1202,-1,-1,1223,1199,1148,1076,988,1010,874,820,-1,1020,1016,985,0,0,1,0,0,0,0,0,0,0,0,0,0,0,0,0,0,0,0,0,0,0,0,0,0,0,0,0,0,0,1,0,0,1,0,0,1,0,0,0,1,0,0,1,1,1,0,0,1,1,0,0,1,1,1,1,1,1,1,1,0,1,1,1
2026-07-07T17:18:37.322,tof1,8x8,side_right,-1,-1,-1,-1,-1,-1,-1,-1,-1,-1,-1,-1,-1,-1,-1,-1,-1,-1,-1,-1,-1,-1,-1,-1,-1,-1,-1,-1,-1,-1,419,-1,-1,-1,-1,-1,380,376,367,383,-1,-1,473,386,357,334,329,364,-1,521,408,373,359,315,314,337,-1,584,386,340,321,290,289,289,0,0,0,0,0,0,0,0,0,0,0,0,0,0,0,0,0,0,0,0,0,0,0,0,0,0,0,0,0,0,1,0,0,0,0,0,1,1,1,1,0,0,1,1,1,1,1,1,1,1,1,1,1,1,1,1,1,1,1,1,1,1,1,1
2026-07-07T17:18:37.989,tof2,8x8,side_right,-1,-1,3175,3175,-1,-1,-1,3247,-1,-1,-1,-1,-1,-1,-1,-1,-1,-1,-1,-1,-1,-1,-1,-1,-1,-1,-1,-1,-1,-1,-1,-1,-1,1634,-1,-1,-1,-1,-1,-1,1372,-1,-1,-1,1363,1464,-1,-1,1165,1133,-1,-1,1225,1226,1167,-1,997,1011,904,796,-1,1012,1013,983,0,0,1,1,0,0,0,1,0,0,0,0,0,0,0,0,0,0,0,0,0,0,0,0,0,0,0,0,0,0,0,0,0,1,0,0,0,0,0,1,1,0,0,0,1,1,0,0,1,1,0,0,1,1,1,0,1,1,1,1,0,1,1,1
2026-07-07T17:18:38.261,tof1,8x8,side_right,-1,-1,-1,-1,-1,-1,-1,-1,-1,-1,-1,-1,-1,-1,-1,-1,-1,-1,-1,-1,-1,-1,-1,-1,-1,-1,-1,-1,-1,-1,-1,-1,-1,-1,-1,-1,393,369,357,382,-1,-1,445,394,358,329,347,350,-1,569,408,363,344,313,309,322,895,564,395,344,315,304,298,295,0,0,0,0,0,0,0,0,0,0,0,0,0,0,0,0,0,0,0,0,0,0,0,0,0,0,0,0,0,0,0,0,0,0,0,0,1,1,1,1,0,0,1,1,1,1,1,1,0,1,1,1,1,1,1,1,1,1,1,1,1,1,1,1
2026-07-07T17:18:38.483,tof2,8x8,side_right,-1,-1,3191,-1,-1,-1,-1,-1,-1,-1,-1,-1,-1,-1,-1,-1,-1,-1,-1,-1,-1,-1,-1,-1,-1,-1,-1,-1,-1,-1,-1,-1,-1,1666,1664,-1,-1,-1,-1,-1,1445,-1,-1,-1,-1,1418,-1,-1,1179,1165,-1,992,1197,1184,1180,-1,1001,1010,944,815,-1,1016,1023,985,0,0,1,1,0,0,0,0,0,0,0,1,0,0,0,0,0,0,0,0,0,0,1,0,0,0,0,0,0,0,0,0,0,1,1,0,0,0,0,0,1,0,0,0,0,1,0,0,1,1,0,1,1,1,1,1,1,1,1,1,0,1,1,1
2026-07-07T17:18:38.827,tof1,8x8,side_right,-1,-1,-1,-1,-1,-1,-1,-1,-1,-1,-1,-1,-1,-1,-1,-1,-1,-1,-1,-1,-1,-1,-1,-1,-1,-1,-1,-1,-1,-1,-1,-1,-1,-1,-1,-1,398,385,357,378,-1,-1,453,387,364,331,329,359,-1,571,408,366,327,318,307,327,849,-1,389,355,323,299,279,293,0,0,0,0,0,0,0,0,0,0,0,0,0,0,0,0,0,0,0,0,1,0,0,0,0,0,0,0,0,0,0,0,0,0,0,0,1,1,1,1,0,0,1,1,1,1,1,1,0,1,1,1,1,1,1,1,1,1,1,1,1,1,1,1
2026-07-07T17:18:38.832,tof2,8x8,side_right,-1,-1,3163,-1,-1,-1,-1,3260,-1,-1,-1,-1,-1,-1,-1,-1,-1,-1,-1,-1,-1,-1,-1,-1,-1,-1,-1,-1,-1,-1,-1,-1,-1,1616,-1,-1,-1,-1,-1,-1,1406,-1,-1,1168,-1,1483,-1,-1,1184,1187,-1,-1,1209,1203,1205,-1,1002,1014,902,808,-1,1009,1023,1003,0,0,1,1,0,0,0,1,0,0,0,0,0,0,0,0,0,0,1,1,0,1,0,0,0,0,0,0,0,0,0,0,0,1,0,1,0,0,0,0,1,0,0,1,1,1,0,0,1,1,0,1,1,1,1,1,1,1,1,1,0,1,1,1
2026-07-07T17:18:38.983,tof1,8x8,side_right,-1,-1,-1,-1,-1,-1,-1,-1,-1,-1,-1,-1,-1,-1,-1,-1,-1,-1,-1,-1,-1,-1,-1,-1,-1,-1,-1,-1,-1,-1,381,-1,-1,-1,-1,-1,395,382,362,368,-1,-1,488,407,358,333,328,360,-1,512,412,353,332,316,317,342,880,557,395,349,329,297,297,292,0,0,0,0,0,0,0,0,0,0,0,0,0,0,0,0,0,0,0,0,0,0,0,0,0,0,0,0,0,0,1,0,0,0,0,0,1,1,1,1,0,0,1,1,1,1,1,1,0,1,1,1,1,1,1,1,1,1,1,1,1,1,1,1
2026-07-07T17:18:39.156,tof2,8x8,side_right,-1,-1,3182,-1,-1,-1,-1,-1,-1,-1,-1,-1,-1,-1,-1,-1,-1,-1,-1,-1,-1,-1,-1,-1,-1,-1,-1,-1,-1,-1,-1,-1,-1,1699,-1,-1,-1,-1,-1,-1,1402,-1,-1,-1,1316,1404,-1,-1,1190,1158,-1,-1,1197,1198,1193,-1,983,1031,915,816,-1,1022,1001,985,0,0,1,0,0,0,0,0,0,0,0,0,0,0,0,0,0,0,0,0,0,0,1,0,0,0,0,0,0,0,1,0,0,1,0,0,1,0,0,0,1,0,0,0,1,1,0,0,1,1,0,1,1,1,1,1,1,1,1,1,1,1,1,1
2026-07-07T17:18:39.267,tof1,8x8,side_right,-1,-1,-1,-1,-1,-1,-1,-1,-1,-1,-1,-1,-1,-1,-1,-1,-1,-1,-1,-1,-1,-1,-1,-1,-1,-1,-1,-1,-1,-1,398,-1,-1,-1,-1,-1,391,393,364,369,-1,-1,452,406,354,336,338,360,-1,578,422,364,349,314,300,335,923,517,389,347,313,289,301,295,0,0,0,0,0,0,0,0,0,0,0,0,0,0,0,0,0,0,0,0,0,0,0,0,0,0,0,0,1,0,1,0,0,0,0,0,1,1,1,1,0,0,1,1,1,1,1,1,0,1,1,1,1,1,1,1,1,1,1,1,1,1,1,1
2026-07-07T17:18:39.283,tof2,8x8,side_right,-1,-1,3185,-1,-1,-1,-1,-1,-1,-1,-1,-1,-1,-1,-1,-1,-1,-1,-1,-1,-1,-1,-1,-1,-1,-1,-1,-1,-1,-1,-1,-1,-1,1619,-1,-1,-1,-1,-1,-1,-1,-1,-1,-1,-1,1352,-1,-1,1223,1165,-1,-1,1196,1196,1179,-1,1010,1014,908,836,-1,1029,1011,982,0,0,1,1,0,0,0,0,0,0,0,0,0,0,0,0,0,0,0,1,0,0,0,0,0,0,0,0,0,0,1,0,0,1,0,1,0,0,0,0,1,0,0,0,0,1,0,0,1,1,0,0,1,1,1,0,1,1,1,1,0,1,1,1
2026-07-07T17:18:41.558,tof1,8x8,side_right,-1,-1,-1,-1,-1,-1,-1,-1,-1,-1,-1,-1,-1,-1,-1,-1,-1,-1,-1,-1,-1,-1,-1,-1,-1,-1,-1,-1,-1,-1,-1,-1,-1,-1,-1,-1,394,372,353,372,-1,-1,-1,399,346,333,332,361,-1,582,425,368,330,308,312,346,962,606,398,353,316,294,293,292,0,0,0,0,0,0,0,0,0,0,0,0,0,0,0,0,0,0,0,0,0,0,0,0,0,0,0,0,0,0,0,0,1,0,0,0,1,1,1,1,0,0,0,1,1,1,1,1,0,1,1,1,1,1,1,1,1,1,1,1,1,1,1,1
2026-07-07T17:18:41.560,tof2,8x8,side_right,-1,-1,3170,-1,-1,-1,-1,-1,-1,-1,-1,-1,-1,-1,-1,-1,-1,-1,-1,-1,-1,-1,-1,-1,-1,-1,-1,-1,-1,-1,-1,-1,-1,1711,-1,-1,1297,-1,-1,-1,1472,-1,-1,-1,1352,1413,-1,-1,-1,1168,-1,961,1183,1207,1151,-1,1011,1003,912,809,-1,1021,1009,1002,0,0,1,1,0,0,0,0,0,0,0,0,0,0,0,1,0,0,1,0,0,0,0,0,0,0,0,0,0,0,0,0,0,1,1,0,1,0,0,0,1,0,0,0,1,1,0,0,1,1,0,1,1,1,1,0,1,1,1,1,0,1,1,1
2026-07-07T17:18:42.398,tof1,8x8,side_right,-1,-1,-1,-1,-1,-1,-1,-1,-1,-1,-1,-1,-1,-1,-1,-1,-1,-1,-1,-1,-1,-1,-1,-1,-1,-1,-1,-1,-1,-1,-1,-1,-1,-1,-1,-1,386,385,364,359,-1,-1,485,389,360,330,336,353,-1,553,407,355,330,311,309,346,870,573,395,354,323,298,301,293,0,0,0,0,0,0,0,0,0,0,0,0,0,0,0,0,0,0,0,0,0,0,0,0,0,0,0,0,0,0,0,0,0,0,0,0,1,1,1,1,0,0,1,1,1,1,1,1,0,1,1,1,1,1,1,1,1,1,1,1,1,1,1,1
2026-07-07T17:18:42.616,tof2,8x8,side_right,-1,-1,3169,-1,-1,-1,-1,-1,-1,-1,-1,-1,-1,-1,-1,-1,-1,-1,-1,-1,-1,-1,-1,-1,-1,-1,-1,-1,-1,-1,-1,-1,-1,1591,-1,-1,-1,-1,-1,-1,1372,-1,-1,-1,-1,1373,-1,-1,1210,1174,-1,-1,1178,1188,1200,-1,1003,996,880,818,-1,1009,1018,994,1,0,1,0,0,0,0,0,0,0,1,0,0,0,1,0,0,0,0,1,0,0,0,0,0,0,0,0,0,0,0,0,0,1,0,0,0,0,0,0,1,0,0,0,0,1,0,0,1,1,0,1,1,1,1,0,1,1,1,1,0,1,1,1
2026-07-07T17:18:42.773,tof2,8x8,side_right,-1,-1,3202,3217,-1,-1,-1,-1,-1,-1,-1,-1,-1,-1,-1,-1,-1,-1,-1,-1,-1,-1,-1,-1,-1,-1,-1,-1,-1,-1,-1,-1,-1,1681,-1,1246,1260,-1,-1,-1,1422,-1,-1,-1,-1,1384,-1,-1,1176,-1,-1,-1,-1,1210,1186,-1,1014,996,911,776,-1,1026,1026,990,0,0,1,1,0,0,0,0,0,0,0,0,0,0,0,0,0,0,0,0,0,0,0,0,0,0,0,0,0,0,0,0,0,1,1,1,1,0,0,0,1,0,0,0,1,1,0,0,1,0,0,0,1,1,1,1,1,1,1,1,0,1,1,1
2026-07-07T17:18:42.880,tof2,8x8,side_right,-1,-1,3216,3250,-1,-1,-1,-1,-1,-1,-1,-1,-1,-1,-1,-1,-1,-1,-1,-1,-1,-1,-1,-1,-1,-1,-1,-1,-1,-1,-1,-1,-1,1577,-1,-1,-1,-1,-1,-1,1393,-1,-1,-1,-1,1422,-1,-1,1223,1232,-1,-1,1217,1198,1205,-1,983,1008,918,819,-1,1020,1021,996,0,0,1,1,0,0,0,0,0,0,0,0,0,0,0,0,0,0,0,0,0,0,1,0,0,0,0,0,0,0,0,0,0,1,0,0,1,0,0,0,1,0,0,0,1,1,0,0,1,1,0,1,1,1,1,1,1,1,1,1,1,1,1,1
2026-07-07T17:18:43.452,tof1,8x8,side_right,-1,-1,-1,-1,-1,-1,-1,-1,-1,-1,-1,-1,-1,-1,-1,-1,-1,-1,-1,-1,-1,-1,-1,-1,-1,-1,-1,-1,-1,-1,386,-1,-1,-1,-1,-1,390,389,378,366,-1,-1,440,384,354,339,336,355,-1,595,426,364,333,311,309,337,916,579,404,352,318,298,294,296,0,0,0,0,0,0,0,0,0,0,0,0,0,0,0,0,0,0,0,0,0,0,0,0,0,0,0,0,0,0,1,0,0,0,0,0,1,1,1,1,0,0,1,1,1,1,1,1,0,1,1,1,1,1,1,1,1,1,1,1,1,1,1,1
2026-07-07T17:18:43.621,tof1,8x8,side_right,-1,-1,-1,-1,-1,-1,-1,-1,-1,-1,-1,-1,-1,-1,-1,-1,-1,-1,-1,-1,-1,-1,-1,-1,-1,-1,-1,-1,-1,-1,-1,-1,-1,-1,-1,-1,401,372,379,371,-1,-1,472,373,359,329,329,349,-1,546,421,357,337,313,307,346,894,509,407,353,320,303,284,292,0,0,0,0,0,0,0,0,0,0,0,0,0,0,0,0,0,0,0,0,0,0,0,0,0,0,0,0,0,0,0,0,0,1,0,0,1,1,1,1,0,0,1,1,1,1,1,1,0,1,1,1,1,1,1,1,1,1,1,1,1,1,1,1
2026-07-07T17:18:43.826,tof1,8x8,side_right,-1,-1,-1,-1,-1,-1,-1,-1,-1,-1,-1,-1,-1,-1,-1,-1,-1,-1,-1,-1,-1,-1,-1,-1,-1,-1,-1,-1,-1,-1,-1,-1,-1,-1,-1,-1,409,386,362,372,-1,-1,420,385,351,334,334,356,-1,594,417,370,343,312,309,332,-1,568,395,352,320,299,284,289,0,0,0,0,0,0,0,0,0,0,0,0,0,0,0,0,0,0,0,0,0,0,0,0,0,1,0,0,0,0,0,0,1,0,0,0,1,1,1,1,0,0,1,1,1,1,1,1,0,1,1,1,1,1,1,1,0,1,1,1,1,1,1,1
2026-07-07T17:18:44.119,tof1,8x8,side_right,-1,-1,-1,-1,-1,-1,-1,-1,-1,-1,-1,-1,-1,-1,-1,-1,-1,-1,-1,-1,-1,-1,-1,-1,-1,-1,-1,-1,-1,-1,370,-1,-1,-1,-1,-1,385,380,357,369,-1,-1,435,395,356,330,340,341,-1,570,416,367,350,315,309,327,-1,-1,391,356,307,301,292,284,0,0,0,0,0,0,0,0,0,0,0,0,0,0,0,0,0,0,0,0,0,0,0,0,0,0,0,0,0,0,1,1,0,0,0,0,1,1,1,1,0,0,1,1,1,1,1,1,0,1,1,1,1,1,1,1,0,1,1,1,1,1,1,1
2026-07-07T17:18:44.317,tof2,8x8,side_right,-1,-1,3187,-1,-1,-1,-1,-1,-1,-1,-1,-1,-1,-1,-1,-1,-1,-1,-1,-1,-1,-1,-1,-1,-1,-1,-1,-1,-1,-1,-1,-1,-1,1697,-1,-1,-1,-1,-1,-1,1401,1420,-1,-1,-1,1394,-1,-1,1182,1205,-1,-1,1135,1205,1183,1102,1010,986,928,841,-1,1040,1025,998,0,0,1,1,0,0,0,0,0,0,0,0,0,0,1,0,0,0,0,0,0,0,0,1,0,0,0,0,0,0,1,0,0,1,0,1,0,0,0,0,1,1,0,0,0,1,0,0,1,1,0,0,1,1,1,1,1,1,1,1,0,1,1,1
2026-07-07T17:18:44.643,tof1,8x8,side_right,-1,-1,-1,-1,-1,-1,-1,-1,-1,-1,-1,-1,-1,-1,-1,-1,-1,-1,-1,-1,-1,-1,-1,-1,-1,-1,-1,-1,-1,-1,-1,-1,-1,-1,-1,-1,402,383,367,367,-1,-1,461,392,362,334,330,358,-1,606,426,359,334,317,303,339,-1,570,397,341,317,296,294,284,0,0,0,0,0,0,0,0,0,0,0,0,0,0,0,0,0,0,0,0,0,0,0,0,0,0,0,0,0,0,0,0,1,0,0,0,1,1,1,1,0,0,1,1,1,1,1,1,1,1,1,1,1,1,1,1,0,1,1,1,1,1,1,1
2026-07-07T17:18:44.865,tof2,8x8,side_right,-1,-1,3165,3214,-1,-1,-1,-1,-1,-1,-1,-1,-1,-1,-1,-1,-1,-1,-1,-1,-1,-1,-1,-1,-1,-1,-1,-1,-1,-1,-1,-1,-1,1618,-1,-1,1270,-1,-1,-1,1417,-1,-1,-1,-1,1390,-1,-1,1199,1222,-1,970,-1,1207,1187,2245,1009,1011,921,804,897,1041,1014,995,0,0,1,1,0,0,0,1,0,0,0,0,0,0,0,0,0,0,0,0,0,0,0,0,0,0,0,0,0,0,0,0,0,1,0,0,1,0,0,0,1,1,0,0,1,1,0,0,1,1,1,1,0,1,1,1,1,1,1,1,1,1,1,1
2026-07-07T17:18:45.748,tof2,8x8,side_right,-1,-1,3201,3250,-1,-1,-1,-1,-1,-1,-1,-1,-1,-1,-1,-1,-1,-1,-1,-1,-1,-1,-1,-1,-1,-1,-1,-1,-1,-1,-1,-1,-1,1622,-1,-1,-1,-1,-1,-1,1340,-1,-1,-1,-1,1374,-1,-1,1188,1202,-1,-1,1175,1211,1177,2204,989,994,950,880,-1,1032,1018,992,0,0,1,1,0,0,0,0,0,0,0,0,0,0,0,0,0,0,0,0,0,0,0,0,0,0,0,1,0,0,0,0,0,1,0,0,0,0,0,0,1,0,0,0,1,1,0,1,1,1,0,1,1,1,1,1,1,1,1,1,0,1,1,1
2026-07-07T17:18:46.109,tof1,8x8,side_right,-1,-1,-1,-1,-1,-1,-1,-1,-1,-1,-1,-1,-1,-1,-1,-1,-1,-1,-1,-1,-1,-1,-1,-1,-1,-1,-1,-1,-1,-1,-1,-1,-1,-1,-1,-1,397,376,365,376,-1,-1,449,400,351,327,335,357,-1,530,415,359,334,319,311,332,942,546,384,358,321,302,290,298,0,0,0,0,0,0,0,0,0,0,0,0,0,0,0,0,0,0,0,0,0,0,0,0,0,0,0,0,0,0,0,0,0,0,0,0,1,1,1,1,1,0,1,1,1,1,1,1,0,1,1,1,1,1,1,1,1,1,1,1,1,1,1,1
2026-07-07T17:18:46.500,tof2,8x8,side_right,-1,-1,3196,3203,-1,-1,-1,3245,-1,-1,-1,-1,-1,-1,-1,-1,-1,-1,-1,-1,-1,-1,-1,-1,-1,-1,-1,-1,-1,-1,-1,-1,-1,1661,-1,-1,-1,-1,-1,-1,1401,-1,-1,-1,-1,1366,-1,-1,1198,1158,-1,-1,1228,1230,1158,-1,992,1018,875,802,953,1023,1011,993,0,0,1,1,0,0,0,1,0,0,0,0,0,0,0,0,0,0,0,0,0,0,0,0,0,0,0,0,0,0,0,0,0,1,0,0,0,0,0,0,1,0,0,0,0,1,0,0,1,1,0,0,1,1,1,0,1,1,1,1,1,1,1,1
2026-07-07T17:18:47.192,tof1,8x8,side_right,-1,-1,-1,-1,-1,-1,-1,-1,-1,-1,-1,-1,-1,-1,-1,-1,-1,-1,-1,-1,-1,-1,-1,-1,-1,-1,-1,-1,-1,-1,385,-1,-1,-1,-1,-1,410,386,374,371,-1,-1,446,405,371,336,337,353,-1,579,422,373,331,319,309,336,885,528,390,349,326,294,303,294,0,0,0,0,0,0,0,0,0,0,0,0,0,0,0,0,0,0,0,0,0,0,0,0,0,0,0,0,0,0,1,0,0,0,0,0,1,1,1,1,0,0,1,1,1,1,1,1,0,1,1,1,1,1,1,1,1,1,1,1,1,1,1,1
2026-07-07T17:18:47.193,tof2,8x8,side_right,-1,-1,3168,3189,-1,-1,-1,-1,-1,-1,-1,-1,-1,-1,-1,-1,-1,-1,-1,-1,-1,-1,-1,-1,-1,-1,-1,-1,-1,-1,-1,-1,-1,1631,-1,-1,-1,-1,-1,-1,1406,-1,-1,-1,-1,-1,-1,-1,1225,1156,-1,-1,1130,1220,1179,2286,1001,1008,910,845,-1,1025,1025,994,0,0,1,1,0,0,0,0,0,0,0,0,0,0,0,0,0,0,0,0,0,0,0,0,0,0,0,0,0,0,0,0,0,1,1,0,0,0,0,0,1,0,0,0,1,0,0,0,1,1,0,0,1,1,1,1,1,1,1,1,1,1,1,1
2026-07-07T17:18:48.005,tof1,8x8,side_right,-1,-1,-1,-1,-1,-1,-1,-1,-1,-1,-1,-1,-1,-1,-1,-1,-1,-1,-1,-1,-1,-1,-1,-1,-1,-1,-1,-1,-1,-1,380,-1,-1,-1,-1,-1,386,379,372,371,-1,-1,418,410,356,332,332,354,-1,573,418,362,351,313,314,340,-1,567,402,345,323,293,289,292,0,0,1,0,0,0,0,0,0,0,0,0,0,0,0,0,0,0,0,0,0,0,0,0,0,0,0,0,0,0,1,0,1,0,0,0,1,1,1,1,0,1,1,1,1,1,1,1,0,1,1,1,1,1,1,1,1,1,1,1,1,1,1,1
2026-07-07T17:18:48.618,tof1,8x8,side_right,-1,-1,-1,-1,-1,-1,-1,-1,-1,-1,-1,-1,-1,-1,-1,-1,-1,-1,-1,-1,-1,-1,-1,-1,-1,-1,-1,-1,-1,-1,391,-1,-1,-1,-1,-1,395,363,368,369,-1,-1,432,393,358,332,331,355,-1,556,401,356,342,319,309,342,892,570,406,342,314,297,291,293,0,0,0,0,0,0,0,0,1,0,0,0,0,0,0,0,0,0,0,0,0,0,0,0,0,0,0,0,0,0,1,0,1,0,0,0,1,1,1,1,0,0,1,1,1,1,1,1,0,1,1,1,1,1,1,1,1,1,1,1,1,1,1,1
2026-07-07T17:18:49.101,tof2,8x8,side_right,-1,-1,3194,3192,-1,-1,-1,-1,-1,-1,-1,-1,-1,-1,-1,-1,-1,-1,-1,-1,-1,-1,3486,-1,-1,-1,-1,-1,-1,-1,-1,-1,-1,1665,-1,-1,-1,-1,-1,-1,1420,-1,-1,-1,1352,-1,-1,-1,1152,1184,-1,1087,1225,1224,1175,-1,1001,1005,917,827,-1,1029,1014,987,0,0,1,1,0,0,0,0,0,0,0,0,0,0,0,0,0,0,0,0,0,0,1,0,0,0,0,0,0,0,1,0,0,1,1,1,1,0,0,0,1,0,0,1,1,1,0,0,1,1,0,1,1,1,1,0,1,1,1,1,0,1,1,1
2026-07-07T17:18:50.220,tof1,8x8,side_right,-1,-1,-1,-1,-1,-1,-1,-1,-1,-1,-1,-1,-1,-1,-1,-1,-1,-1,-1,-1,-1,-1,-1,-1,-1,-1,-1,-1,-1,-1,-1,-1,-1,-1,-1,-1,399,377,363,363,-1,-1,439,396,344,322,340,359,-1,554,413,362,334,309,311,338,896,570,400,341,316,296,287,289,0,0,0,0,0,0,0,0,0,0,0,0,0,0,0,0,0,0,0,0,0,0,0,0,0,0,0,0,0,0,0,0,0,0,0,0,1,1,1,1,1,0,1,1,1,1,1,1,0,1,1,1,1,1,1,1,1,1,1,1,1,1,1,1
2026-07-07T17:18:50.820,tof2,8x8,side_right,-1,-1,3193,3213,-1,-1,-1,-1,-1,-1,-1,-1,-1,-1,-1,-1,-1,-1,-1,-1,-1,-1,-1,-1,-1,-1,-1,-1,-1,-1,-1,-1,-1,1657,-1,-1,-1,-1,-1,-1,1375,-1,-1,-1,-1,1376,-1,-1,1211,1171,-1,943,1226,1200,1196,-1,1005,1003,918,823,954,1019,1005,995,0,0,1,1,0,0,0,1,0,0,0,0,0,0,0,0,0,0,0,0,0,0,0,0,0,0,0,0,0,0,0,0,0,1,0,0,0,0,0,0,1,0,0,0,0,1,0,0,1,1,0,1,1,1,1,0,1,1,1,1,1,1,1,1
2026-07-07T17:18:50.895,tof1,8x8,side_right,-1,-1,-1,-1,-1,-1,-1,-1,-1,-1,-1,-1,-1,-1,-1,-1,-1,-1,-1,-1,-1,-1,-1,-1,-1,-1,-1,-1,436,-1,392,-1,-1,-1,-1,419,394,385,362,380,-1,-1,458,397,350,326,329,341,-1,529,406,360,339,310,305,338,888,575,389,339,319,304,294,291,0,0,0,0,0,0,0,0,0,0,0,0,0,0,0,0,0,0,0,0,0,0,0,0,0,0,0,0,1,0,1,0,1,0,0,1,1,1,1,1,0,1,1,1,1,1,1,1,0,1,1,1,1,1,1,1,1,1,1,1,1,1,1,1
2026-07-07T17:18:50.966,tof1,8x8,side_right,-1,-1,-1,-1,-1,-1,-1,-1,-1,-1,-1,-1,-1,-1,-1,-1,-1,-1,-1,-1,-1,-1,-1,-1,-1,-1,-1,-1,-1,-1,-1,-1,-1,-1,-1,-1,396,382,371,383,-1,-1,493,374,360,330,336,353,-1,542,429,361,337,311,310,330,910,570,388,337,311,288,302,297,0,0,0,0,0,0,0,0,1,0,0,0,0,0,0,0,0,0,0,0,0,0,0,0,0,1,0,0,0,0,0,0,0,0,0,0,1,1,1,1,0,0,1,1,1,1,1,1,0,1,1,1,1,1,1,1,1,1,1,1,1,1,1,1
2026-07-07T17:18:50.972,tof2,8x8,side_right,-1,-1,3188,-1,-1,-1,-1,-1,-1,-1,-1,-1,-1,-1,-1,-1,-1,-1,-1,-1,-1,-1,-1,-1,-1,-1,-1,-1,-1,-1,-1,-1,-1,1608,-1,-1,-1,-1,-1,-1,1327,-1,-1,-1,-1,1422,-1,-1,1178,1227,-1,-1,1223,1203,1223,-1,1004,1025,919,848,-1,1008,1025,1002,0,0,1,0,0,0,0,0,0,0,0,0,0,0,0,0,0,0,0,1,0,0,0,0,0,0,0,0,0,0,0,0,0,1,0,0,0,0,0,0,1,0,0,0,0,1,0,0,1,1,0,0,1,1,1,0,1,1,1,1,0,1,1,1
2026-07-07T17:18:52.292,tof1,8x8,side_right,-1,-1,-1,-1,-1,-1,-1,-1,-1,-1,-1,-1,-1,-1,-1,-1,-1,-1,-1,-1,-1,-1,-1,-1,-1,-1,-1,-1,-1,-1,399,-1,-1,-1,-1,-1,396,382,364,368,-1,-1,448,409,355,337,329,352,-1,591,402,372,341,313,307,338,-1,519,387,355,314,302,292,304,0,0,0,0,0,0,0,0,0,0,0,0,0,0,0,0,0,0,0,0,1,0,0,0,0,0,0,0,0,0,1,0,0,0,0,0,1,1,1,1,0,0,1,1,1,1,1,1,0,1,1,1,1,1,1,1,1,1,1,1,1,1,1,1
2026-07-07T17:18:52.562,tof2,8x8,side_right,-1,-1,3197,-1,-1,-1,-1,-1,-1,-1,-1,-1,-1,-1,-1,-1,-1,-1,-1,-1,-1,-1,-1,-1,-1,-1,-1,-1,-1,-1,-1,-1,-1,1655,-1,-1,-1,-1,-1,-1,1376,-1,-1,-1,-1,1426,-1,-1,1174,1209,-1,-1,1156,1184,1166,-1,998,1020,910,832,-1,1018,1010,998,0,0,1,0,0,0,0,0,0,0,0,0,0,0,0,0,0,0,0,0,0,0,0,0,0,0,0,0,0,0,0,0,0,1,0,0,0,0,0,0,1,0,0,0,1,1,0,0,1,1,0,0,1,1,1,0,1,1,1,1,0,1,1,1
2026-07-07T17:18:52.983,tof1,8x8,side_right,-1,-1,-1,-1,-1,-1,-1,-1,-1,-1,-1,-1,-1,-1,-1,-1,-1,-1,-1,-1,-1,-1,-1,-1,-1,-1,-1,-1,-1,-1,-1,-1,-1,-1,-1,-1,384,362,368,354,-1,-1,430,381,341,322,327,342,-1,539,387,340,328,300,315,345,867,535,385,327,297,290,296,298,0,0,0,0,0,0,0,0,0,0,0,0,0,0,0,0,0,0,0,0,0,0,0,0,0,0,0,0,0,0,0,0,1,0,0,0,1,1,1,1,0,0,1,1,1,1,1,1,0,1,1,1,1,1,1,1,1,1,1,1,1,1,1,1
2026-07-07T17:18:53.243,tof1,8x8,side_right,-1,-1,-1,-1,-1,-1,-1,-1,-1,-1,-1,-1,-1,-1,-1,-1,-1,-1,-1,-1,-1,-1,-1,-1,-1,-1,-1,-1,-1,-1,-1,-1,-1,-1,-1,-1,368,369,351,367,-1,-1,422,373,341,314,335,353,-1,562,394,347,325,299,309,343,895,536,376,330,299,287,285,307,0,0,0,0,0,0,0,0,0,0,0,0,0,0,0,0,0,0,0,0,0,0,0,0,0,1,0,0,0,0,0,1,1,0,0,0,1,1,1,1,0,0,1,1,1,1,1,1,0,1,1,1,1,1,1,1,1,1,1,1,1,1,1,1
2026-07-07T17:18:53.495,tof2,8x8,side_right,-1,-1,3210,-1,-1,-1,-1,-1,-1,-1,-1,-1,-1,-1,-1,-1,-1,-1,-1,-1,-1,-1,-1,-1,-1,-1,-1,-1,-1,-1,-1,-1,-1,1605,-1,-1,-1,-1,-1,-1,1472,-1,-1,-1,1364,1392,-1,-1,1200,1203,-1,945,1213,1225,1190,-1,1001,989,908,811,-1,1005,1015,1009,0,0,1,0,0,0,0,0,0,0,0,0,0,0,0,0,0,0,0,0,0,0,0,0,0,0,0,0,0,0,0,0,0,1,0,0,1,0,0,0,1,0,0,0,1,1,0,0,1,1,0,1,1,1,1,0,1,1,1,1,0,1,1,1
2026-07-07T17:18:53.537,tof1,8x8,side_right,-1,-1,-1,-1,-1,-1,-1,-1,-1,-1,-1,-1,-1,-1,-1,-1,-1,-1,-1,-1,-1,-1,-1,-1,-1,-1,-1,-1,-1,-1,-1,-1,-1,-1,-1,-1,381,371,361,369,-1,-1,-1,383,341,325,335,348,-1,552,403,341,325,302,305,348,-1,533,385,329,311,284,298,297,0,0,0,0,0,0,0,0,0,0,0,0,0,0,0,0,0,0,0,0,0,0,0,0,0,0,0,0,0,0,0,0,1,0,0,0,1,1,1,1,0,0,0,1,1,1,1,1,0,1,1,1,1,1,1,1,0,1,1,1,1,1,1,1
2026-07-07T17:18:53.762,tof2,8x8,side_right,-1,-1,3159,3203,-1,-1,-1,-1,-1,-1,-1,-1,-1,-1,-1,-1,-1,-1,-1,-1,-1,-1,-1,-1,-1,-1,-1,-1,-1,-1,-1,-1,-1,1574,-1,-1,1333,-1,-1,-1,1376,-1,-1,-1,1353,1403,-1,-1,1169,1182,-1,1038,1206,1220,1160,-1,987,1011,900,798,-1,1025,1024,983,0,0,1,1,0,0,0,0,0,0,0,0,0,0,0,0,0,0,0,0,0,0,0,0,0,0,0,0,0,0,0,0,0,1,0,0,1,0,0,0,1,0,0,0,1,1,1,0,1,1,0,1,1,1,1,0,1,1,1,1,1,1,1,1
2026-07-07T17:18:53.838,tof1,8x8,side_right,-1,-1,-1,-1,-1,-1,-1,-1,-1,-1,-1,-1,-1,-1,-1,-1,-1,-1,-1,-1,-1,-1,-1,-1,-1,-1,-1,-1,-1,-1,-1,-1,-1,-1,-1,-1,390,366,355,370,-1,-1,421,374,341,325,336,347,-1,595,402,340,317,305,306,348,942,592,374,329,306,287,292,306,0,0,0,0,0,0,0,0,0,0,0,0,0,0,0,0,0,0,0,0,0,0,0,0,0,0,0,0,0,0,0,0,0,0,0,0,1,1,1,1,0,0,1,1,1,1,1,1,0,1,1,1,1,1,1,1,1,1,1,1,1,1,1,1
2026-07-07T17:18:53.883,tof2,8x8,side_right,-1,-1,3180,-1,-1,-1,-1,-1,-1,-1,-1,-1,-1,-1,-1,-1,-1,-1,-1,-1,-1,-1,-1,-1,-1,-1,-1,-1,-1,-1,-1,-1,-1,1674,-1,-1,-1,-1,-1,-1,1407,-1,-1,-1,1297,1448,-1,-1,1190,1217,-1,-1,-1,1178,1178,-1,1000,993,928,828,-1,1008,1022,1011,0,0,1,0,0,0,1,0,0,0,0,0,0,0,0,0,0,0,0,0,0,0,0,0,0,0,0,0,0,0,0,0,0,1,0,0,0,0,0,0,1,0,0,0,1,1,0,0,1,1,0,0,1,1,1,0,1,1,1,1,0,1,1,1
2026-07-07T17:18:53.959,tof1,8x8,side_right,-1,-1,-1,-1,-1,-1,-1,-1,-1,-1,-1,-1,-1,-1,-1,-1,-1,-1,-1,-1,-1,-1,-1,-1,-1,-1,-1,-1,-1,-1,-1,-1,-1,-1,-1,432,393,371,353,364,-1,-1,434,389,334,326,331,353,-1,546,412,346,332,294,303,352,851,545,375,326,302,281,289,299,0,0,0,0,0,0,0,0,0,0,0,0,0,0,0,0,0,0,0,0,0,0,0,0,0,0,0,0,0,0,0,0,1,0,0,1,1,1,1,1,1,0,1,1,1,1,1,1,0,1,1,1,1,1,1,1,1,1,1,1,1,1,1,1
2026-07-07T17:18:54.059,tof2,8x8,side_right,-1,-1,3179,-1,-1,-1,-1,-1,-1,-1,-1,-1,-1,-1,-1,-1,-1,-1,-1,-1,-1,-1,-1,-1,-1,-1,-1,-1,-1,-1,-1,-1,-1,1598,-1,-1,1332,-1,-1,-1,1424,-1,-1,-1,-1,1388,-1,-1,1207,1158,-1,-1,1223,1202,1161,-1,1002,1017,929,833,1107,1008,1033,990,0,0,1,1,0,0,0,0,0,0,0,0,0,0,0,0,0,0,0,0,0,0,0,0,0,0,0,0,0,0,0,0,0,1,1,0,1,0,0,0,1,0,0,0,1,1,0,0,1,1,0,0,1,1,1,0,1,1,1,1,1,1,1,1
2026-07-07T17:18:54.375,tof1,8x8,side_right,-1,-1,-1,-1,-1,-1,-1,-1,-1,-1,-1,-1,-1,-1,-1,-1,-1,-1,-1,-1,-1,-1,-1,-1,-1,-1,-1,-1,-1,-1,-1,-1,-1,-1,-1,412,380,364,363,365,-1,-1,415,380,333,329,339,356,-1,556,417,352,333,305,304,346,852,529,384,329,303,286,292,311,0,0,0,0,0,0,0,0,0,0,0,0,0,0,0,0,0,0,0,0,0,0,0,0,0,0,0,0,0,0,0,0,0,0,0,1,1,1,1,1,0,0,1,1,1,1,1,1,0,1,1,1,1,1,1,1,1,1,1,1,1,1,1,1
2026-07-07T17:18:54.393,tof2,8x8,side_right,-1,-1,3179,3183,-1,-1,-1,-1,-1,-1,-1,-1,-1,-1,-1,-1,-1,-1,-1,-1,-1,-1,-1,-1,-1,-1,-1,-1,-1,-1,-1,-1,-1,1583,-1,-1,-1,-1,-1,-1,1393,-1,-1,-1,-1,1413,-1,-1,1217,1172,-1,957,1264,1235,1166,-1,1013,1008,885,835,919,1010,1023,990,0,0,1,1,0,0,0,0,0,0,0,0,0,0,0,0,0,0,0,0,0,0,0,0,0,0,0,0,0,0,0,0,0,1,0,0,0,0,0,1,1,0,0,0,0,1,0,0,1,1,0,1,1,1,1,0,1,1,1,1,1,1,1,1
2026-07-07T17:18:54.512,tof1,8x8,side_right,-1,-1,-1,-1,-1,-1,-1,-1,-1,-1,-1,-1,-1,-1,-1,-1,-1,-1,-1,-1,-1,-1,-1,-1,-1,-1,-1,-1,-1,-1,-1,-1,-1,-1,-1,-1,377,372,368,363,-1,-1,448,378,346,325,332,354,-1,574,393,339,333,304,307,331,-1,534,382,328,305,280,300,299,0,0,0,0,0,0,0,0,0,0,0,0,0,0,0,0,0,0,0,0,0,0,0,0,0,0,0,0,0,0,0,0,0,0,0,0,1,1,1,1,0,0,1,1,1,1,1,1,0,1,1,1,1,1,1,1,0,1,1,1,1,1,1,1
2026-07-07T17:18:54.544,tof2,8x8,side_right,-1,-1,3186,3246,-1,-1,-1,-1,-1,-1,-1,-1,-1,-1,-1,-1,-1,-1,-1,-1,-1,-1,-1,-1,-1,-1,-1,-1,-1,-1,-1,-1,-1,1619,-1,-1,1346,-1,-1,-1,1402,-1,-1,-1,-1,-1,-1,-1,1186,1146,-1,968,-1,1217,1156,-1,1002,1000,939,801,-1,1039,1004,977,0,0,1,1,0,0,0,1,0,0,0,0,0,0,0,1,0,0,0,0,0,0,0,0,0,0,0,0,0,0,0,0,0,1,1,0,1,0,0,0,1,0,0,0,1,1,0,0,1,1,0,1,1,1,1,0,1,1,1,1,0,1,1,1
2026-07-07T17:18:54.641,tof1,8x8,side_right,-1,-1,-1,-1,-1,-1,-1,-1,-1,-1,-1,-1,-1,-1,-1,-1,-1,-1,-1,-1,-1,-1,-1,-1,-1,-1,-1,-1,-1,-1,-1,-1,-1,-1,-1,-1,393,376,366,355,-1,-1,427,373,345,321,331,357,-1,543,418,346,330,311,306,347,-1,569,389,336,303,287,305,308,0,0,0,0,0,0,0,0,0,0,0,0,0,0,0,0,0,0,0,0,0,0,0,0,0,0,0,0,0,0,0,0,1,1,0,0,1,1,1,1,0,0,1,1,1,1,1,1,0,1,1,1,1,1,1,1,1,1,1,1,1,1,1,1
2026-07-07T17:18:54.658,tof2,8x8,side_right,-1,-1,3181,-1,-1,-1,-1,-1,-1,-1,-1,-1,-1,-1,-1,-1,-1,-1,-1,-1,-1,-1,-1,3470,-1,-1,-1,-1,-1,-1,-1,-1,-1,1612,-1,-1,-1,-1,-1,-1,1473,-1,-1,-1,-1,1320,-1,-1,1189,1169,-1,-1,1202,1235,1200,-1,1015,1005,916,842,-1,1003,1044,994,0,0,1,0,0,0,0,0,0,0,0,0,0,0,0,0,0,0,0,0,0,0,0,1,0,0,0,0,0,0,0,0,0,1,0,0,0,0,0,0,1,0,0,0,1,1,1,0,1,1,0,0,1,1,1,1,1,1,1,1,0,1,1,1
2026-07-07T17:18:54.761,tof1,8x8,side_right,-1,-1,-1,-1,-1,-1,-1,-1,-1,-1,-1,-1,-1,-1,-1,-1,-1,-1,-1,-1,-1,-1,-1,-1,-1,-1,-1,-1,-1,-1,-1,-1,-1,-1,-1,-1,392,367,363,355,-1,-1,418,392,350,326,338,352,-1,599,413,350,314,305,297,348,919,577,377,324,302,285,287,307,0,0,0,0,0,0,0,0,0,0,0,0,0,0,0,0,0,0,0,0,0,0,0,0,0,0,0,0,0,0,0,0,0,0,0,0,1,1,1,1,0,0,1,1,1,1,1,1,0,1,1,1,1,1,1,1,1,1,1,1,1,1,1,1
2026-07-07T17:18:54.778,tof2,8x8,side_right,-1,-1,3166,-1,-1,-1,-1,-1,-1,-1,-1,-1,-1,-1,-1,-1,-1,-1,-1,-1,-1,-1,-1,-1,-1,-1,-1,-1,-1,-1,-1,-1,-1,1618,-1,-1,-1,-1,-1,-1,1386,-1,-1,-1,1281,1409,-1,-1,1178,1164,-1,-1,-1,1175,1176,1103,1004,1015,931,779,-1,1023,1027,986,0,0,1,1,0,0,0,0,0,0,0,0,0,0,0,0,0,0,0,0,0,0,0,0,0,0,0,0,0,0,0,0,0,1,0,0,0,0,0,0,1,0,0,1,1,1,0,0,1,1,0,0,0,1,1,1,1,1,1,1,0,1,1,1
2026-07-07T17:18:54.911,tof1,8x8,side_right,-1,-1,-1,-1,-1,-1,-1,-1,-1,-1,-1,-1,-1,-1,-1,-1,-1,-1,-1,-1,-1,-1,-1,-1,-1,-1,-1,-1,-1,-1,410,-1,-1,-1,-1,-1,385,370,347,368,-1,-1,441,367,343,319,338,353,-1,567,411,356,330,311,312,338,-1,575,390,336,312,290,293,304,0,0,0,0,0,0,0,0,0,0,0,0,0,0,0,0,0,0,0,0,0,0,0,0,0,0,0,0,0,0,1,0,0,0,0,0,1,1,1,1,0,0,1,1,1,1,1,1,0,1,1,1,1,1,1,1,0,1,1,1,1,1,1,1
2026-07-07T17:18:54.905,tof2,8x8,side_right,-1,-1,3218,-1,-1,-1,-1,-1,-1,-1,-1,-1,-1,-1,-1,-1,-1,-1,-1,-1,-1,-1,-1,-1,-1,-1,-1,-1,-1,-1,-1,-1,-1,1678,-1,-1,-1,-1,-1,-1,1438,-1,-1,-1,1334,1340,-1,-1,1182,1203,-1,1025,1196,1201,1144,-1,1000,1004,-1,841,-1,1040,1004,996,0,0,1,1,0,0,0,1,0,0,0,0,0,0,0,0,0,0,0,0,0,0,0,0,0,0,0,0,0,0,0,0,0,1,0,1,0,0,0,0,1,0,0,0,1,1,0,0,1,1,0,1,1,1,1,0,1,1,1,1,0,1,1,1
2026-07-07T17:18:55.046,tof2,8x8,side_right,-1,-1,3180,-1,-1,-1,-1,-1,-1,-1,-1,-1,-1,-1,-1,-1,-1,-1,-1,-1,-1,-1,-1,-1,-1,-1,-1,-1,-1,-1,-1,-1,-1,1616,-1,-1,1279,-1,-1,-1,1395,-1,-1,-1,-1,1419,-1,-1,1179,1208,-1,-1,1246,1177,1176,1136,1009,1009,-1,782,947,1048,992,995,0,0,1,0,0,0,0,0,0,0,0,0,0,0,0,0,0,0,0,0,1,0,1,0,0,0,0,0,0,0,0,0,0,1,0,0,1,0,0,0,1,0,0,0,1,1,0,0,1,1,0,0,1,1,1,1,1,1,1,1,1,1,1,1
2026-07-07T17:18:55.077,tof1,8x8,side_right,-1,-1,-1,-1,-1,-1,-1,-1,-1,-1,-1,-1,-1,-1,-1,-1,-1,-1,-1,-1,-1,-1,-1,-1,-1,-1,-1,-1,-1,-1,398,-1,-1,-1,-1,-1,402,374,367,370,-1,-1,423,398,341,327,338,350,-1,545,420,363,335,308,296,348,-1,524,385,345,318,294,289,298,0,0,0,0,0,0,0,0,0,0,0,0,0,0,0,0,0,0,0,0,0,0,0,0,0,0,0,0,0,0,1,0,0,0,0,0,1,1,1,1,0,0,1,1,1,1,1,1,0,1,1,1,1,1,1,1,1,1,1,1,1,1,1,1
2026-07-07T17:18:55.208,tof1,8x8,side_right,-1,-1,-1,-1,-1,-1,-1,-1,-1,-1,-1,-1,-1,-1,-1,-1,-1,-1,-1,-1,-1,-1,-1,-1,-1,-1,-1,-1,-1,-1,371,-1,-1,-1,-1,-1,419,391,363,365,-1,-1,503,417,346,321,329,349,-1,631,410,363,339,304,299,339,-1,564,395,344,313,293,300,289,0,0,0,0,0,0,0,0,0,0,0,0,0,0,0,0,0,0,0,0,0,0,0,0,0,0,0,0,0,0,1,0,0,0,0,0,1,1,1,1,0,0,1,1,1,1,1,1,0,1,1,1,1,1,1,1,0,1,1,1,1,1,1,1
2026-07-07T17:18:55.285,tof2,8x8,side_right,-1,-1,3177,3214,-1,-1,-1,-1,-1,-1,-1,-1,-1,-1,-1,-1,-1,-1,-1,-1,-1,-1,-1,-1,-1,-1,-1,-1,-1,-1,-1,-1,-1,1598,-1,-1,-1,-1,-1,-1,1382,-1,-1,-1,1341,1406,1388,-1,1211,1206,-1,963,1262,1197,1176,-1,1017,1004,954,811,-1,1030,1019,989,0,0,1,1,0,0,0,0,0,0,0,0,0,0,0,0,0,0,0,0,0,0,0,0,0,0,0,0,0,0,0,0,0,1,0,0,0,0,0,0,1,0,0,0,1,1,1,0,1,1,0,1,1,1,1,1,1,1,1,1,0,1,1,1
2026-07-07T17:18:55.384,tof2,8x8,side_right,-1,-1,3168,3236,-1,-1,-1,-1,-1,-1,-1,-1,-1,-1,-1,-1,-1,-1,-1,-1,-1,-1,-1,-1,-1,-1,-1,-1,-1,-1,-1,-1,-1,1556,-1,-1,-1,-1,-1,-1,1396,-1,-1,-1,1280,1386,-1,-1,1189,1249,-1,-1,1205,1207,1185,-1,1007,1003,889,817,-1,1014,1033,1002,0,0,1,1,0,0,0,0,0,0,0,0,0,0,1,0,0,0,0,0,0,0,0,0,0,0,0,0,0,0,0,0,0,1,0,0,1,0,0,0,1,0,0,0,1,1,0,0,1,1,0,0,1,1,1,0,1,1,1,1,0,1,1,1
2026-07-07T17:18:55.417,tof1,8x8,side_right,-1,-1,-1,-1,-1,-1,-1,-1,-1,-1,-1,-1,-1,-1,-1,-1,-1,-1,-1,-1,-1,-1,-1,-1,-1,-1,-1,-1,-1,436,-1,-1,-1,-1,-1,-1,400,377,365,370,-1,-1,451,387,348,334,328,358,-1,583,426,369,335,320,309,333,863,553,401,345,324,293,297,306,0,0,0,0,0,0,0,0,0,0,0,0,0,0,0,0,0,0,0,0,0,0,0,0,0,0,0,0,0,1,0,0,0,0,0,0,1,1,1,1,0,0,1,1,1,1,1,1,0,1,1,1,1,1,1,1,1,1,1,1,1,1,1,1
2026-07-07T17:18:55.525,tof2,8x8,side_right,-1,-1,3184,3215,-1,-1,-1,-1,-1,-1,-1,-1,-1,-1,-1,-1,-1,-1,-1,-1,-1,-1,-1,-1,-1,-1,-1,-1,-1,-1,-1,-1,-1,1607,-1,-1,-1,-1,-1,-1,-1,-1,-1,-1,-1,1402,-1,-1,1183,1159,-1,-1,1203,1198,1170,-1,1006,1003,917,845,-1,1029,1008,993,0,0,1,1,0,0,0,0,0,0,0,0,0,0,0,1,0,0,0,0,0,0,0,0,0,0,0,0,0,0,0,0,0,1,0,0,0,0,0,1,1,1,0,1,0,1,1,0,1,1,1,0,1,1,1,0,1,1,1,1,0,1,1,1
2026-07-07T17:18:55.583,tof1,8x8,side_right,-1,-1,-1,-1,-1,-1,-1,-1,-1,-1,-1,-1,-1,-1,-1,-1,-1,-1,-1,-1,-1,-1,-1,-1,-1,-1,-1,-1,-1,-1,-1,-1,-1,-1,-1,-1,407,396,363,373,-1,-1,453,395,352,323,328,354,-1,584,421,367,338,309,311,346,-1,545,396,355,316,299,285,305,0,0,0,0,0,0,0,0,0,0,0,0,0,0,0,0,0,0,0,0,0,0,0,0,0,0,0,0,0,0,0,0,1,0,0,0,1,1,1,1,0,0,1,1,1,1,1,1,1,1,1,1,1,1,1,1,0,1,1,1,1,1,1,1
2026-07-07T17:18:55.775,tof1,8x8,side_right,-1,-1,-1,-1,-1,-1,-1,-1,-1,-1,-1,-1,-1,-1,-1,-1,-1,-1,-1,-1,-1,-1,-1,-1,-1,-1,-1,-1,-1,-1,-1,-1,-1,-1,-1,-1,397,376,362,376,-1,-1,461,403,351,327,335,355,-1,574,451,375,336,307,301,342,-1,539,404,350,314,287,291,290,0,0,0,0,0,0,0,0,0,0,0,0,0,0,0,0,0,0,0,0,0,0,0,0,0,0,0,0,0,0,0,0,0,0,0,0,1,1,1,1,0,0,1,1,1,1,1,1,0,1,1,1,1,1,1,1,1,1,1,1,1,1,1,1
2026-07-07T17:18:55.881,tof2,8x8,side_right,-1,-1,3177,3239,-1,-1,-1,-1,-1,-1,-1,-1,-1,-1,-1,-1,-1,-1,-1,-1,-1,-1,-1,-1,-1,-1,-1,-1,-1,-1,-1,-1,-1,-1,-1,-1,-1,-1,-1,-1,1418,-1,-1,-1,1281,1476,-1,-1,1208,1228,-1,-1,1219,1215,1146,-1,995,1023,904,835,-1,1018,1024,1005,0,0,1,1,0,0,0,1,0,0,0,0,0,0,0,0,0,0,0,0,0,0,0,0,0,0,0,0,0,0,0,0,0,1,0,0,0,0,0,0,1,0,0,0,1,1,0,0,1,1,0,0,1,1,1,1,1,1,1,1,0,1,1,1
2026-07-07T17:18:55.922,tof1,8x8,side_right,-1,-1,-1,-1,-1,-1,-1,-1,-1,-1,-1,-1,-1,-1,-1,-1,-1,-1,-1,-1,-1,-1,-1,-1,-1,-1,-1,-1,-1,-1,-1,-1,-1,-1,-1,-1,409,373,367,366,-1,-1,496,399,354,340,325,348,-1,531,432,385,336,316,303,336,890,525,399,360,315,292,290,297,0,0,0,0,0,0,0,0,0,0,0,0,0,0,0,0,0,0,0,0,0,0,0,0,0,0,0,0,0,0,0,0,0,0,0,0,1,1,1,1,0,0,1,1,1,1,1,1,0,1,1,1,1,1,1,1,1,1,1,1,1,1,1,1
2026-07-07T17:18:56.033,tof2,8x8,side_right,-1,-1,3195,-1,-1,-1,-1,-1,-1,-1,-1,-1,-1,-1,-1,-1,-1,-1,-1,-1,-1,-1,-1,-1,-1,-1,-1,-1,-1,-1,-1,-1,-1,1598,-1,-1,-1,-1,-1,-1,1360,-1,-1,-1,-1,1430,-1,-1,1172,1158,-1,-1,1186,1205,-1,-1,997,1004,904,818,973,1030,1021,1007,0,0,1,0,0,0,0,0,0,0,0,0,0,0,0,0,0,0,0,0,0,0,0,0,0,0,0,0,0,0,0,0,0,1,0,0,1,0,0,0,1,0,0,0,1,1,0,0,1,1,0,0,1,1,1,0,1,1,1,1,1,1,1,1
2026-07-07T17:18:56.087,tof1,8x8,side_right,-1,-1,-1,-1,-1,-1,-1,-1,-1,-1,-1,-1,-1,-1,-1,-1,-1,-1,-1,-1,-1,-1,-1,-1,-1,-1,-1,-1,-1,-1,395,-1,-1,-1,-1,-1,408,386,365,383,-1,-1,465,400,344,334,338,347,-1,613,419,357,338,317,303,343,841,566,395,358,310,296,287,298,0,0,0,0,0,0,0,0,0,0,0,0,0,0,0,0,0,0,0,0,0,0,0,0,0,0,0,0,0,0,1,0,0,0,0,0,1,1,1,1,0,0,1,1,1,1,1,1,0,1,1,1,1,1,1,1,1,1,1,1,1,1,1,1
2026-07-07T17:18:56.196,tof2,8x8,side_right,-1,-1,3169,3228,-1,-1,-1,3288,-1,-1,-1,-1,-1,-1,-1,-1,-1,-1,-1,-1,-1,-1,-1,-1,-1,-1,-1,-1,-1,-1,-1,-1,-1,1639,-1,-1,-1,-1,-1,-1,1376,-1,-1,-1,1298,1460,-1,-1,1192,1210,-1,-1,1240,1200,1184,-1,1001,999,903,852,-1,1014,1014,988,0,0,1,1,0,0,0,1,0,0,0,0,0,0,0,0,0,0,0,0,0,0,0,0,0,0,0,0,0,0,0,0,0,1,0,0,0,0,0,0,1,0,0,0,1,1,0,0,1,1,0,0,1,1,1,0,1,1,1,1,0,1,1,1
2026-07-07T17:18:56.216,tof1,8x8,side_right,-1,-1,-1,-1,-1,-1,-1,-1,-1,-1,-1,-1,-1,-1,-1,-1,-1,-1,-1,-1,-1,-1,-1,-1,-1,-1,-1,-1,-1,-1,-1,-1,-1,-1,-1,-1,407,386,363,375,-1,-1,460,405,366,333,340,356,-1,558,409,354,332,307,309,343,955,542,393,344,317,299,297,303,0,0,0,0,0,0,0,0,0,0,0,0,0,0,0,0,0,0,0,0,0,0,0,0,0,0,0,0,0,0,0,0,0,0,0,0,1,1,1,1,0,0,1,1,1,1,1,1,0,1,1,1,1,1,1,1,1,1,1,1,1,1,1,1
2026-07-07T17:18:56.341,tof1,8x8,side_right,-1,-1,-1,-1,-1,-1,-1,-1,-1,-1,-1,-1,-1,-1,-1,-1,-1,-1,-1,-1,-1,-1,-1,-1,-1,-1,-1,-1,-1,-1,-1,-1,-1,-1,-1,-1,386,378,363,365,-1,-1,472,395,348,333,331,358,-1,578,423,364,336,310,304,331,925,631,391,338,312,291,289,300,0,0,0,0,0,0,0,0,0,0,0,0,0,0,0,0,0,0,0,0,0,0,0,0,0,0,0,0,0,0,0,0,0,0,0,1,1,1,1,1,0,0,1,1,1,1,1,1,0,1,1,1,1,1,1,1,1,1,1,1,1,1,1,1
2026-07-07T17:18:56.339,tof2,8x8,side_right,-1,-1,3157,3215,-1,-1,-1,-1,-1,-1,-1,-1,-1,-1,-1,-1,-1,-1,-1,-1,-1,-1,-1,-1,-1,-1,-1,-1,-1,-1,-1,-1,-1,1645,-1,-1,-1,-1,-1,-1,1396,-1,-1,-1,1312,1491,-1,-1,1186,1159,-1,-1,-1,1184,1171,-1,1005,1031,978,820,-1,1019,1025,1002,0,0,1,1,0,0,0,0,0,0,0,0,0,0,0,0,0,0,0,0,0,0,0,0,0,0,0,0,0,0,0,0,0,1,0,0,0,0,0,0,1,0,0,0,1,1,0,0,1,1,0,0,0,1,1,0,1,1,1,1,0,1,1,1
2026-07-07T17:18:56.496,tof2,8x8,side_right,-1,-1,3190,3282,-1,-1,-1,-1,-1,-1,-1,-1,-1,-1,-1,-1,-1,-1,-1,-1,-1,-1,-1,-1,-1,-1,-1,-1,-1,-1,-1,-1,-1,1606,-1,-1,-1,-1,-1,-1,1393,-1,-1,-1,-1,1482,-1,-1,1191,1163,-1,938,-1,1194,1178,1138,1007,1023,916,783,-1,1013,1012,997,0,0,1,1,0,0,0,1,0,0,0,0,0,0,0,0,0,0,0,0,0,0,0,0,0,0,0,0,0,0,0,0,0,1,0,0,0,0,0,0,1,0,0,0,1,1,0,0,1,1,0,1,0,1,1,1,1,1,1,1,0,1,1,1
2026-07-07T17:18:56.537,tof1,8x8,side_right,-1,-1,-1,-1,-1,-1,-1,-1,-1,-1,-1,-1,-1,-1,-1,-1,-1,-1,-1,-1,-1,-1,-1,-1,-1,-1,-1,-1,-1,395,-1,-1,-1,-1,-1,-1,398,381,367,380,-1,-1,481,375,356,321,330,352,-1,536,415,358,337,313,301,332,-1,-1,395,341,312,295,294,295,0,0,0,0,0,0,0,0,0,0,0,0,0,0,0,0,0,0,0,0,0,0,0,0,0,0,0,0,0,1,0,0,0,0,0,0,1,1,1,1,0,0,1,1,1,1,1,1,0,1,1,1,1,1,1,1,1,1,1,1,1,1,1,1
2026-07-07T17:18:56.597,tof2,8x8,side_right,-1,-1,-1,-1,-1,-1,-1,-1,-1,-1,-1,-1,-1,-1,-1,-1,-1,-1,-1,-1,-1,-1,-1,-1,-1,-1,-1,-1,-1,-1,-1,-1,-1,1663,-1,-1,-1,-1,-1,-1,1382,-1,-1,-1,-1,1383,-1,-1,1205,1200,-1,-1,1185,1205,1174,-1,1008,1027,910,823,-1,1026,1039,1002,0,0,1,1,0,0,0,1,0,0,0,0,0,0,1,0,0,0,0,0,0,0,0,0,0,0,0,0,0,0,0,0,0,1,0,1,0,0,0,0,1,0,0,1,0,1,0,0,1,1,0,0,1,1,1,1,1,1,1,1,0,1,1,1
2026-07-07T17:18:56.726,tof1,8x8,side_right,-1,-1,-1,-1,-1,-1,-1,-1,-1,-1,-1,-1,-1,-1,-1,-1,-1,-1,-1,-1,-1,-1,-1,-1,-1,-1,-1,-1,-1,-1,-1,-1,-1,-1,-1,-1,401,392,356,380,-1,-1,499,398,366,325,341,358,-1,576,424,356,348,312,314,346,-1,522,392,348,312,302,292,299,0,0,0,0,0,0,0,0,0,0,0,0,0,0,0,0,0,0,0,0,0,0,0,0,0,0,0,0,0,0,0,0,0,0,0,0,1,1,1,1,0,0,1,1,1,1,1,1,0,1,1,1,1,1,1,1,0,1,1,1,1,1,1,1
2026-07-07T17:18:56.797,tof2,8x8,side_right,-1,-1,3231,-1,-1,-1,-1,3300,-1,-1,-1,-1,-1,-1,-1,-1,-1,-1,-1,-1,-1,-1,-1,-1,-1,-1,-1,-1,-1,-1,-1,-1,-1,1573,-1,-1,-1,-1,-1,-1,1417,-1,-1,-1,-1,-1,-1,-1,1221,1209,-1,-1,1217,1221,1192,-1,996,1011,903,822,-1,1034,1012,996,0,0,1,1,0,0,0,1,0,0,0,0,0,0,0,0,0,0,0,0,0,0,1,0,0,0,0,0,0,0,0,0,0,1,0,0,0,0,0,0,1,0,0,0,0,1,0,0,1,1,0,0,1,1,1,1,1,1,1,1,1,1,1,1
2026-07-07T17:18:56.911,tof1,8x8,side_right,-1,-1,-1,-1,-1,-1,-1,-1,-1,-1,-1,-1,-1,-1,-1,-1,-1,-1,-1,-1,-1,-1,-1,-1,-1,-1,-1,-1,-1,-1,-1,-1,-1,-1,-1,-1,379,360,350,360,-1,-1,440,391,351,317,332,354,-1,562,433,363,341,313,298,331,888,553,395,342,306,287,287,295,0,0,0,0,0,0,0,0,0,0,0,0,0,0,0,0,0,0,0,0,0,0,0,0,0,0,0,0,0,0,0,0,0,0,0,0,1,1,1,1,0,0,1,1,1,1,1,1,0,1,1,1,1,1,1,1,1,1,1,1,1,1,1,1
2026-07-07T17:18:56.982,tof2,8x8,side_right,-1,-1,3185,3243,-1,-1,-1,-1,-1,-1,-1,-1,-1,-1,-1,-1,-1,-1,-1,-1,-1,-1,-1,-1,-1,-1,-1,1447,-1,-1,-1,-1,-1,1633,-1,-1,-1,-1,-1,-1,1418,-1,-1,-1,-1,-1,-1,-1,1202,1222,-1,-1,1176,1210,1208,-1,994,1017,895,816,-1,1022,1031,1013,0,0,1,1,0,0,0,1,0,0,0,0,0,0,0,0,0,0,0,0,0,0,0,1,0,0,0,1,0,0,0,0,0,1,0,0,0,0,0,1,1,0,1,0,0,0,0,0,1,1,0,0,1,1,1,0,1,1,1,1,0,1,1,1
2026-07-07T17:18:57.030,tof1,8x8,side_right,-1,-1,-1,-1,-1,-1,-1,-1,-1,-1,-1,-1,-1,-1,-1,-1,-1,-1,-1,-1,-1,-1,-1,-1,-1,-1,-1,-1,-1,-1,-1,-1,-1,-1,-1,-1,392,383,365,384,-1,-1,434,403,351,328,336,362,-1,572,424,366,352,320,299,342,-1,540,404,355,324,281,281,281,0,0,0,0,0,0,0,0,0,0,0,0,0,0,0,0,0,0,0,0,0,0,0,0,0,0,0,0,0,0,0,0,0,0,0,0,1,1,1,1,0,0,1,1,1,1,1,1,0,1,1,1,1,1,1,1,1,1,1,1,1,1,1,1
2026-07-07T17:18:57.108,tof2,8x8,side_right,-1,-1,3187,-1,-1,-1,-1,-1,-1,-1,-1,-1,-1,-1,-1,-1,-1,-1,-1,-1,-1,-1,-1,-1,-1,-1,-1,-1,-1,-1,-1,-1,-1,1629,-1,-1,-1,-1,-1,-1,1376,-1,-1,-1,-1,1386,-1,-1,1147,1234,-1,1044,-1,1201,1194,-1,990,1001,909,819,1012,1005,1029,1000,0,0,1,0,0,0,0,0,0,0,0,0,0,0,1,0,0,0,0,0,0,0,0,0,0,0,0,0,0,0,0,0,0,1,0,0,0,0,0,0,1,0,0,1,1,1,0,0,1,1,0,1,1,1,1,1,1,1,1,1,1,1,1,1
2026-07-07T17:18:57.163,tof1,8x8,side_right,-1,-1,-1,-1,-1,-1,-1,-1,-1,-1,-1,-1,-1,-1,-1,-1,-1,-1,-1,-1,-1,-1,-1,-1,-1,-1,-1,-1,-1,-1,373,-1,-1,-1,-1,-1,390,381,371,380,-1,-1,531,392,342,330,331,356,-1,598,440,370,331,308,302,338,887,622,414,342,321,291,293,282,0,0,0,0,0,0,0,0,0,0,0,0,0,0,0,0,0,0,0,0,0,0,0,0,0,0,0,0,0,0,1,0,0,0,0,0,1,1,1,1,0,0,1,1,1,1,1,1,0,1,1,1,1,1,1,1,1,1,1,1,1,1,1,1
2026-07-07T17:18:57.252,tof1,8x8,side_right,-1,-1,-1,-1,-1,-1,-1,-1,-1,-1,-1,-1,-1,-1,-1,-1,-1,-1,-1,-1,-1,-1,-1,-1,-1,-1,-1,-1,-1,-1,-1,-1,-1,-1,-1,-1,396,371,360,369,-1,-1,-1,403,349,327,328,348,-1,575,429,370,345,308,296,336,913,606,404,357,327,295,284,289,0,0,0,0,0,0,0,0,0,0,0,0,0,0,0,0,0,0,0,0,0,0,0,0,0,0,0,0,0,0,0,0,0,0,0,0,1,1,1,1,0,0,1,1,1,1,1,1,0,1,1,1,1,1,1,1,1,1,1,1,1,1,1,1
2026-07-07T17:18:57.220,tof2,8x8,side_right,-1,-1,3188,3250,-1,-1,-1,-1,-1,-1,-1,-1,-1,-1,-1,-1,-1,-1,-1,-1,-1,-1,-1,-1,-1,-1,-1,-1,-1,-1,-1,-1,-1,1619,-1,-1,-1,-1,-1,-1,1376,-1,-1,1173,1353,1424,-1,-1,1217,1178,-1,-1,-1,1209,1219,1086,1004,1015,903,839,-1,1016,1013,996,0,0,1,1,0,0,0,0,0,0,0,0,0,0,0,0,0,0,0,0,0,0,0,0,0,0,0,0,0,0,0,0,0,1,0,0,0,0,0,0,1,0,0,1,1,1,0,0,1,1,1,0,0,1,1,1,1,1,1,1,0,1,1,1
2026-07-07T17:18:57.312,tof2,8x8,side_right,-1,-1,3192,3224,-1,-1,3254,-1,-1,-1,-1,-1,-1,-1,-1,-1,-1,-1,-1,-1,-1,-1,-1,-1,-1,-1,-1,-1,-1,-1,-1,-1,-1,1529,-1,-1,-1,-1,-1,-1,1344,-1,-1,-1,-1,1421,-1,-1,1181,1178,-1,-1,1181,1189,1142,-1,1016,1010,940,833,1027,1006,1028,988,0,0,1,1,0,0,1,0,0,0,0,0,0,0,0,0,0,0,0,0,0,0,0,0,0,0,0,0,0,0,0,0,0,1,0,0,0,0,0,0,1,1,0,0,0,1,0,0,1,1,0,0,1,1,1,0,1,1,1,1,1,1,1,1
2026-07-07T17:18:57.370,tof1,8x8,side_right,-1,-1,-1,-1,-1,-1,-1,-1,-1,-1,-1,-1,-1,-1,-1,-1,-1,-1,-1,-1,-1,-1,-1,-1,-1,-1,-1,-1,-1,-1,-1,-1,-1,-1,-1,-1,389,382,377,376,-1,-1,-1,408,363,335,331,358,-1,577,454,381,355,326,300,340,-1,587,409,365,334,304,290,279,0,0,0,0,0,0,0,0,0,0,0,0,0,0,0,0,0,0,0,0,0,0,0,0,0,0,0,0,0,0,0,0,0,0,0,0,1,1,1,1,0,1,0,1,1,1,1,1,0,1,1,1,1,1,1,1,0,1,1,1,1,1,1,1
2026-07-07T17:18:57.406,tof2,8x8,side_right,-1,-1,3177,3159,-1,-1,-1,-1,-1,-1,-1,-1,-1,-1,-1,-1,-1,-1,-1,-1,-1,-1,-1,-1,-1,-1,-1,-1,-1,-1,-1,-1,-1,1640,-1,-1,-1,-1,-1,-1,1460,-1,-1,-1,-1,1445,-1,-1,1208,1154,-1,-1,1210,1191,1159,-1,1003,1012,836,829,-1,1000,1020,1012,0,0,1,1,0,0,0,0,0,0,0,0,0,0,0,0,0,0,0,0,0,0,1,1,0,0,0,0,0,0,0,0,0,1,0,0,1,0,0,0,1,0,0,0,0,1,0,0,1,1,0,1,1,1,1,0,1,1,1,1,0,1,1,1
2026-07-07T17:18:57.519,tof1,8x8,side_right,-1,-1,-1,-1,-1,-1,-1,-1,-1,-1,-1,-1,-1,-1,-1,-1,-1,-1,-1,-1,-1,-1,-1,-1,-1,-1,-1,-1,-1,-1,-1,-1,-1,-1,-1,-1,403,389,386,388,-1,-1,455,402,351,337,322,356,-1,582,447,380,355,322,305,345,905,-1,417,360,330,302,287,284,0,0,0,0,0,0,0,0,0,0,0,0,0,0,0,0,0,0,0,0,0,0,0,0,0,0,0,0,0,0,0,0,0,0,0,0,1,1,1,1,0,0,1,1,1,1,1,1,0,1,1,1,1,1,1,1,1,1,1,1,1,1,1,1
2026-07-07T17:18:57.516,tof2,8x8,side_right,-1,-1,3199,3277,-1,-1,-1,-1,-1,-1,-1,-1,-1,-1,-1,-1,-1,-1,-1,-1,-1,-1,-1,-1,-1,-1,-1,-1,-1,-1,-1,-1,-1,1659,-1,-1,-1,-1,-1,-1,1483,-1,-1,-1,-1,1430,-1,-1,1175,1219,-1,-1,1222,1197,1178,-1,994,989,921,807,-1,1016,1018,989,0,0,1,1,0,0,0,1,0,0,0,0,0,0,0,0,0,0,0,0,0,0,0,1,0,0,0,0,0,0,0,0,0,1,0,0,1,0,0,0,1,0,0,0,1,1,0,0,1,1,0,0,1,1,1,0,1,1,1,1,0,1,1,1
2026-07-07T17:18:57.611,tof1,8x8,side_right,-1,-1,-1,-1,-1,-1,-1,-1,-1,-1,-1,-1,-1,-1,-1,-1,-1,-1,-1,-1,-1,-1,-1,-1,-1,-1,-1,-1,-1,-1,-1,-1,-1,-1,-1,-1,412,382,359,375,-1,-1,438,406,364,329,330,361,-1,575,433,361,346,315,309,334,910,541,415,357,317,299,281,291,0,0,0,0,0,0,0,0,0,0,0,0,0,0,0,0,0,0,0,0,0,0,0,0,0,0,0,0,0,0,0,0,0,0,0,0,1,1,1,1,0,0,1,1,1,1,1,1,0,1,1,1,1,1,1,1,1,1,1,1,1,1,1,1
2026-07-07T17:18:57.634,tof2,8x8,side_right,-1,-1,3185,-1,-1,-1,-1,-1,-1,-1,-1,-1,-1,-1,-1,-1,-1,-1,-1,-1,-1,-1,-1,-1,-1,-1,-1,-1,-1,-1,-1,-1,-1,1646,-1,-1,-1,-1,-1,-1,1365,-1,-1,-1,1340,1400,-1,-1,1189,1145,-1,-1,1162,1203,1157,-1,1008,999,908,809,-1,989,1016,991,0,0,1,0,0,0,0,0,0,0,0,0,0,0,0,0,0,0,0,0,0,0,0,0,0,0,0,0,0,0,0,0,0,1,0,0,1,0,0,0,1,0,0,0,1,1,0,0,1,1,0,0,1,1,1,1,1,1,1,1,1,1,1,1
2026-07-07T17:18:57.704,tof1,8x8,side_right,-1,-1,-1,-1,-1,-1,-1,-1,-1,-1,-1,-1,-1,-1,-1,-1,-1,-1,-1,-1,-1,-1,-1,-1,-1,-1,-1,-1,-1,-1,-1,-1,-1,-1,-1,-1,406,381,366,368,-1,-1,517,394,356,344,326,359,-1,536,428,373,352,316,294,328,892,582,400,361,333,303,290,287,0,0,0,0,0,0,0,0,0,0,0,0,0,0,0,0,0,0,0,0,0,0,0,0,0,0,0,0,0,0,0,0,0,0,0,0,1,1,1,1,0,0,1,1,1,1,1,1,0,1,1,1,1,1,1,1,1,1,1,1,1,1,1,1
2026-07-07T17:18:57.722,tof2,8x8,side_right,-1,-1,3197,-1,-1,-1,-1,-1,-1,-1,-1,-1,-1,-1,-1,-1,-1,-1,-1,-1,-1,-1,-1,-1,-1,-1,-1,-1,-1,-1,-1,-1,-1,1619,-1,-1,-1,-1,-1,-1,1418,-1,-1,-1,-1,1410,-1,-1,1133,1176,-1,1021,1209,1192,1156,-1,1002,1008,895,811,-1,1029,1005,1000,0,0,1,1,0,0,0,0,0,0,0,0,0,0,0,0,0,0,0,0,0,0,0,0,0,0,0,0,0,0,0,0,0,1,0,0,0,0,0,0,1,0,0,0,0,1,0,0,1,1,1,1,1,1,1,0,1,1,1,1,0,1,1,1
2026-07-07T17:18:57.835,tof2,8x8,side_right,-1,-1,3170,3237,-1,-1,-1,-1,-1,-1,-1,-1,-1,-1,-1,-1,-1,-1,-1,-1,-1,-1,-1,-1,-1,-1,-1,-1,-1,-1,-1,-1,-1,1713,-1,-1,-1,-1,-1,-1,1406,-1,-1,-1,1374,1373,-1,-1,1179,1220,-1,993,1148,1216,1190,-1,992,1021,911,810,-1,1026,1026,1007,0,0,1,1,0,0,0,0,0,0,0,0,0,0,0,0,0,0,0,0,0,0,0,0,0,0,0,0,0,0,0,0,0,1,0,0,0,0,0,0,1,1,0,0,1,1,0,0,1,1,0,1,1,1,1,0,1,1,1,1,1,1,1,1
2026-07-07T17:18:57.925,tof2,8x8,side_right,-1,-1,3196,3200,-1,-1,-1,-1,-1,-1,-1,-1,-1,-1,-1,-1,-1,-1,-1,-1,-1,-1,-1,-1,-1,-1,-1,-1,-1,-1,-1,-1,-1,1586,-1,-1,1322,-1,-1,-1,1394,1430,-1,-1,1273,1413,-1,-1,1206,1172,-1,-1,1208,1218,1172,-1,1010,1006,969,815,-1,1018,1021,994,0,0,1,1,0,0,0,1,0,0,0,0,0,0,0,0,0,0,0,0,0,0,0,0,0,0,0,0,0,0,0,0,0,1,0,0,1,0,0,0,1,1,0,0,1,1,0,0,1,1,0,1,1,1,1,1,1,1,1,1,0,1,1,1
2026-07-07T17:18:58.021,tof2,8x8,side_right,-1,-1,3177,3261,-1,-1,-1,-1,-1,-1,-1,-1,-1,-1,-1,-1,-1,-1,-1,-1,-1,-1,-1,-1,-1,-1,-1,-1,-1,-1,-1,-1,-1,1613,-1,-1,-1,-1,-1,-1,1443,-1,-1,-1,-1,1400,-1,-1,1192,1206,-1,-1,1180,1189,1188,-1,1005,991,891,835,1054,1042,1034,985,0,0,1,1,0,0,0,0,0,0,0,0,0,0,0,0,0,0,0,0,0,0,1,0,0,0,0,0,0,0,0,0,0,1,0,0,0,0,0,0,1,0,0,0,0,1,0,0,1,1,0,0,1,1,1,0,1,1,1,1,1,1,1,1
2026-07-07T17:18:58.145,tof2,8x8,side_right,-1,-1,3171,-1,-1,-1,-1,-1,-1,-1,-1,-1,-1,-1,-1,-1,-1,-1,-1,-1,-1,-1,-1,-1,-1,-1,-1,-1,-1,-1,-1,-1,-1,1661,-1,-1,-1,-1,-1,-1,1389,-1,-1,-1,-1,1368,-1,-1,1182,1202,-1,-1,1233,-1,1181,-1,1008,999,908,821,-1,1005,1007,992,0,0,1,0,0,0,0,0,0,0,0,0,0,0,1,0,0,0,0,0,0,0,0,0,0,0,0,0,0,0,0,0,0,1,0,0,1,0,0,0,1,0,0,0,0,1,0,0,1,1,1,0,1,1,1,0,1,1,1,1,0,1,1,1
2026-07-07T17:18:58.237,tof2,8x8,side_right,-1,-1,3176,-1,-1,-1,-1,-1,-1,-1,-1,-1,-1,-1,-1,-1,-1,-1,-1,-1,-1,-1,-1,-1,-1,-1,-1,-1,-1,-1,-1,-1,-1,1632,-1,-1,-1,-1,-1,-1,1381,-1,-1,-1,-1,1419,-1,-1,1159,1215,-1,-1,1213,1211,1190,-1,995,1014,910,819,911,1030,1018,972,0,0,1,0,0,0,0,1,0,0,0,0,0,0,0,0,0,0,0,0,0,0,0,0,0,1,0,0,0,0,0,0,0,1,0,0,0,0,0,0,1,1,0,0,1,1,0,0,1,1,0,0,1,1,1,0,1,1,1,1,1,1,1,1
2026-07-07T17:18:58.343,tof2,8x8,side_right,-1,-1,3174,-1,-1,-1,-1,-1,-1,-1,-1,-1,-1,-1,-1,-1,-1,-1,-1,-1,-1,-1,-1,-1,-1,-1,-1,-1,-1,-1,-1,-1,-1,1564,-1,-1,-1,-1,-1,-1,1347,-1,-1,-1,1257,1372,-1,-1,1212,1169,-1,1034,1219,1217,1188,-1,993,1005,938,787,975,1029,1029,977,0,0,1,1,0,0,0,0,0,0,0,0,0,0,0,0,0,0,0,0,0,0,0,0,0,0,0,0,0,0,0,0,0,1,0,0,0,0,0,0,1,0,0,0,1,1,0,0,1,1,1,1,1,1,1,0,1,1,1,1,1,1,1,1
2026-07-07T17:18:58.439,tof2,8x8,side_right,-1,-1,3168,3296,-1,-1,-1,-1,-1,-1,-1,-1,-1,-1,-1,-1,-1,-1,-1,-1,-1,-1,-1,-1,-1,-1,-1,-1,-1,-1,-1,-1,-1,1696,-1,-1,1321,-1,-1,-1,1485,-1,-1,-1,1294,1412,-1,-1,1187,1192,-1,936,1212,1193,1194,-1,1009,996,951,827,-1,1028,1020,1003,0,0,1,1,0,0,0,0,0,0,0,0,0,0,0,0,0,0,0,0,0,0,0,0,0,0,0,0,0,0,0,0,0,1,0,0,1,0,0,0,1,0,0,0,1,1,0,0,1,1,0,1,1,1,1,0,1,1,1,1,0,1,1,1
2026-07-07T17:18:58.681,tof2,8x8,side_right,-1,-1,3192,3213,-1,-1,-1,-1,-1,-1,-1,-1,-1,-1,-1,-1,-1,-1,-1,-1,-1,-1,-1,-1,-1,-1,-1,-1,-1,-1,-1,-1,-1,1591,-1,-1,-1,-1,-1,-1,1381,-1,-1,-1,1354,1408,-1,-1,1203,1174,-1,992,-1,1211,1216,-1,1000,1001,911,793,952,1019,1011,999,0,0,1,1,0,0,0,0,0,0,0,0,0,0,0,0,0,0,1,0,0,0,0,0,0,0,0,0,0,0,0,0,0,1,1,1,1,0,0,0,1,0,0,0,1,1,0,0,1,1,0,1,1,1,1,0,1,1,1,1,1,1,1,1
2026-07-07T17:18:58.775,tof2,8x8,side_right,-1,-1,3204,3214,-1,-1,-1,-1,-1,-1,-1,-1,-1,-1,-1,-1,-1,-1,3534,-1,-1,-1,-1,-1,-1,-1,-1,-1,-1,-1,-1,-1,-1,1671,-1,1221,-1,-1,-1,-1,1422,-1,-1,-1,-1,1391,-1,-1,1226,1168,-1,899,1175,1230,1170,-1,998,998,912,836,983,1037,1002,1000,0,0,1,1,0,0,0,0,0,0,0,0,0,0,0,0,0,0,1,0,0,0,0,0,0,0,0,0,0,0,0,0,0,1,0,1,0,0,0,0,1,0,0,0,0,1,1,0,1,1,0,1,1,1,1,0,1,1,1,1,1,1,1,1
2026-07-07T17:18:58.882,tof2,8x8,side_right,-1,-1,3153,3204,-1,-1,-1,-1,-1,-1,-1,-1,-1,-1,-1,-1,-1,-1,-1,-1,-1,-1,-1,-1,-1,-1,-1,-1,-1,-1,-1,-1,-1,-1,-1,-1,-1,-1,-1,-1,1412,-1,-1,-1,1345,1388,-1,-1,1196,1239,-1,-1,1164,1201,1131,-1,1004,1012,910,821,-1,1020,1018,984,0,0,1,1,0,0,0,0,0,0,0,0,0,0,0,0,0,0,0,0,0,0,0,0,0,0,0,0,0,0,0,0,0,1,1,0,0,0,0,0,1,0,0,0,1,1,0,0,1,1,0,1,1,1,1,0,1,1,1,1,1,1,1,1
2026-07-07T17:18:58.996,tof2,8x8,side_right,-1,-1,3179,3258,-1,-1,-1,-1,-1,-1,-1,-1,-1,-1,-1,-1,-1,-1,-1,-1,-1,-1,-1,-1,-1,-1,-1,-1,-1,-1,-1,-1,-1,1631,-1,-1,1261,-1,-1,-1,1415,-1,-1,-1,1318,1393,-1,-1,1181,1190,-1,-1,1205,1202,1160,-1,994,1007,943,802,-1,1019,1022,985,0,0,1,1,0,0,0,0,0,0,0,0,0,0,0,0,0,0,0,0,0,0,0,1,0,0,0,0,0,0,0,0,0,1,0,0,1,0,0,0,1,0,0,0,1,1,0,0,1,1,0,0,1,1,1,1,1,1,1,1,0,1,1,1
2026-07-07T17:18:59.053,tof1,8x8,side_right,-1,-1,-1,-1,-1,-1,-1,-1,-1,-1,-1,-1,-1,-1,-1,-1,-1,-1,-1,-1,-1,-1,-1,-1,-1,-1,-1,-1,-1,-1,-1,-1,-1,-1,-1,-1,386,397,373,382,-1,-1,489,417,373,347,338,358,-1,604,441,389,355,324,296,333,-1,579,414,350,337,289,286,272,0,0,0,0,0,0,0,0,0,0,0,0,0,0,0,0,0,0,0,0,0,0,0,0,0,0,0,0,1,0,0,0,0,0,0,0,1,1,1,1,0,0,1,1,1,1,1,1,0,1,1,1,1,1,1,1,1,1,1,1,1,1,1,1
2026-07-07T17:18:59.098,tof2,8x8,side_right,-1,-1,3202,-1,-1,-1,-1,-1,-1,-1,-1,-1,-1,-1,-1,-1,-1,-1,-1,-1,-1,-1,-1,-1,-1,-1,-1,-1,-1,-1,-1,-1,-1,1686,-1,-1,-1,-1,-1,-1,1465,-1,-1,-1,-1,-1,-1,-1,1238,1187,-1,-1,1219,1189,1181,-1,1004,1006,926,840,-1,1019,1013,1009,0,0,1,0,0,0,0,0,0,0,0,0,0,0,0,0,0,0,1,0,0,0,1,0,0,0,0,0,0,0,1,0,0,1,0,0,0,0,0,0,1,0,0,0,0,0,0,0,1,1,0,0,1,1,1,0,1,1,1,1,1,1,1,1
2026-07-07T17:18:59.174,tof1,8x8,side_right,-1,-1,-1,-1,-1,-1,-1,-1,-1,-1,-1,-1,-1,-1,-1,-1,-1,-1,-1,-1,-1,-1,-1,-1,-1,-1,-1,-1,-1,-1,-1,-1,-1,-1,-1,-1,405,394,376,368,-1,-1,468,418,367,334,329,342,-1,557,432,366,347,310,297,329,923,494,393,342,335,309,289,276,0,0,0,0,0,0,0,0,0,0,0,0,0,0,0,0,0,0,0,0,0,0,0,0,0,0,0,0,1,1,0,0,0,0,0,0,1,1,1,1,0,0,1,1,1,1,1,1,0,1,1,1,1,1,1,1,1,1,1,1,1,1,1,1
2026-07-07T17:18:59.263,tof1,8x8,side_right,-1,-1,-1,-1,-1,-1,-1,-1,-1,-1,-1,-1,-1,-1,-1,-1,-1,-1,-1,-1,-1,-1,-1,-1,-1,-1,-1,-1,-1,-1,-1,-1,-1,-1,-1,-1,412,394,361,367,-1,-1,454,408,363,340,328,342,-1,547,414,375,357,315,303,320,-1,551,395,342,331,303,291,276,0,0,0,0,0,0,0,0,0,0,0,0,0,0,0,0,0,0,0,0,0,0,0,0,0,0,0,0,1,0,0,0,0,0,0,0,1,1,1,1,0,0,1,1,1,1,1,1,0,1,1,1,1,1,1,1,1,1,1,1,1,1,1,1
2026-07-07T17:18:59.249,tof2,8x8,side_right,-1,-1,3213,-1,-1,-1,-1,-1,-1,-1,-1,-1,-1,-1,-1,-1,-1,-1,-1,-1,-1,-1,-1,-1,-1,-1,-1,-1,-1,-1,-1,-1,-1,-1,-1,-1,-1,-1,-1,-1,1417,-1,-1,-1,1296,-1,-1,-1,1193,1168,-1,-1,1250,1200,1201,-1,995,1005,886,838,945,1028,1009,993,0,0,1,1,0,0,0,0,0,0,0,0,0,0,0,1,0,0,0,0,0,0,0,0,0,0,0,0,0,0,0,0,0,0,0,0,0,0,0,0,1,0,0,0,1,1,0,0,1,1,0,0,1,1,1,0,1,1,1,1,1,1,1,1
2026-07-07T17:18:59.351,tof2,8x8,side_right,-1,-1,3173,-1,-1,-1,-1,-1,-1,-1,-1,-1,-1,-1,-1,-1,-1,-1,-1,-1,-1,-1,3491,-1,-1,-1,-1,-1,-1,-1,-1,-1,-1,1606,-1,-1,1339,-1,-1,-1,1403,-1,-1,-1,1397,1410,-1,-1,1197,1182,-1,977,-1,1191,1176,-1,996,1024,-1,799,-1,1013,1012,988,0,0,1,0,0,0,0,1,0,0,0,0,0,0,0,0,0,0,0,0,0,0,1,1,0,0,0,0,0,0,0,0,0,1,0,0,1,0,0,0,1,0,0,0,1,1,1,0,1,1,0,1,1,1,1,1,1,1,1,1,0,1,1,1
2026-07-07T17:18:59.457,tof2,8x8,side_right,-1,-1,3180,-1,-1,-1,-1,-1,-1,-1,-1,-1,-1,-1,-1,-1,-1,-1,-1,-1,-1,-1,-1,-1,-1,-1,-1,-1,-1,-1,-1,-1,-1,1649,-1,-1,1302,-1,-1,-1,-1,-1,-1,-1,1342,1408,-1,-1,1205,1174,-1,-1,1185,1183,1169,-1,1010,1011,-1,-1,-1,1010,1018,970,0,0,1,0,0,0,1,0,0,0,0,0,0,0,0,0,0,0,0,0,0,0,0,0,0,0,0,0,0,0,0,0,0,1,0,0,1,0,0,0,1,0,0,0,1,1,0,0,1,1,0,1,1,1,1,0,1,1,1,1,1,1,1,1
2026-07-07T17:18:59.575,tof2,8x8,side_right,-1,-1,3219,3188,-1,-1,-1,-1,-1,-1,-1,-1,-1,-1,-1,-1,-1,-1,-1,-1,-1,-1,-1,-1,-1,-1,-1,-1,-1,-1,-1,-1,-1,1631,-1,-1,-1,-1,-1,-1,1390,-1,-1,-1,1352,-1,-1,-1,1171,1171,-1,1045,1265,1201,1181,-1,1002,996,900,846,-1,993,1030,991,0,0,1,1,0,0,1,0,0,0,0,0,0,0,0,0,0,0,0,0,0,0,0,1,0,0,0,0,0,0,1,0,0,1,0,0,0,0,0,0,1,1,0,0,1,0,0,0,1,1,0,1,1,1,1,0,1,1,1,1,0,1,1,1
2026-07-07T17:18:59.678,tof2,8x8,side_right,-1,-1,3187,-1,-1,-1,-1,-1,-1,-1,-1,-1,-1,-1,-1,-1,-1,-1,-1,-1,-1,-1,-1,-1,-1,-1,-1,-1,-1,-1,-1,-1,-1,1642,-1,-1,-1,-1,-1,-1,1406,-1,-1,-1,1339,-1,-1,-1,1219,1167,-1,-1,1219,1215,1192,-1,1013,1015,865,815,-1,1034,1015,991,0,0,1,0,0,0,0,0,0,0,0,0,0,0,0,0,0,0,1,1,0,0,0,0,0,0,0,0,0,0,0,0,0,1,0,0,0,0,0,0,1,0,0,0,1,1,0,0,1,1,0,0,1,1,1,0,1,1,1,1,1,1,1,1
2026-07-07T17:18:59.780,tof2,8x8,side_right,-1,-1,3187,-1,-1,-1,-1,-1,-1,-1,-1,-1,-1,-1,-1,-1,-1,-1,-1,-1,-1,-1,-1,-1,-1,-1,-1,-1,-1,-1,-1,-1,-1,1627,-1,-1,-1,-1,-1,-1,1413,-1,-1,-1,1378,1373,-1,-1,1204,1177,-1,1035,1182,1211,1161,-1,987,1013,790,810,-1,1031,1033,980,0,0,1,0,0,0,0,0,0,0,0,0,0,0,0,0,0,0,0,0,0,0,0,0,0,0,0,0,0,0,0,0,0,1,0,0,1,0,0,0,1,0,0,0,1,1,0,0,1,1,0,1,1,1,1,0,1,1,1,1,0,1,1,1
2026-07-07T17:18:59.883,tof2,8x8,side_right,-1,-1,3194,-1,-1,-1,-1,-1,-1,-1,-1,-1,-1,-1,-1,-1,-1,-1,-1,2175,-1,-1,-1,-1,-1,-1,-1,-1,-1,-1,-1,-1,-1,1685,-1,-1,-1,-1,-1,-1,1421,-1,-1,-1,1361,1375,-1,-1,1208,1148,-1,-1,1189,1207,1206,-1,998,1013,862,815,-1,999,1013,974,0,0,1,0,0,0,0,0,0,0,1,0,0,0,0,0,0,0,0,1,0,0,0,0,0,0,0,0,0,0,0,0,0,1,0,0,0,0,0,0,1,1,0,0,1,1,0,0,1,1,0,0,1,1,1,0,1,1,1,1,0,1,1,1
2026-07-07T17:18:59.995,tof2,8x8,side_right,-1,-1,3206,-1,-1,-1,-1,-1,-1,-1,-1,-1,-1,-1,-1,-1,-1,-1,-1,-1,-1,-1,-1,-1,-1,-1,-1,-1,-1,-1,-1,-1,-1,1632,-1,-1,-1,-1,-1,-1,1399,-1,-1,-1,1343,1416,-1,-1,1200,1114,-1,926,1170,1184,1144,-1,1007,998,853,825,-1,1046,1016,994,0,0,1,1,0,0,0,1,0,0,0,0,0,0,0,0,0,0,1,1,0,0,1,0,0,0,0,0,0,0,0,0,0,1,0,1,0,0,0,0,1,0,0,1,1,1,1,0,1,1,0,1,1,1,1,1,1,1,1,1,0,1,1,1
2026-07-07T17:19:00.081,tof2,8x8,side_right,-1,-1,3179,-1,-1,-1,-1,-1,-1,-1,-1,-1,-1,-1,-1,-1,-1,-1,-1,-1,-1,-1,-1,-1,-1,-1,-1,-1,-1,-1,-1,-1,-1,1612,-1,-1,-1,-1,-1,-1,1442,-1,-1,-1,1357,1393,-1,-1,1172,1158,-1,-1,-1,1202,1203,-1,1000,1008,887,807,-1,1029,1006,997,0,0,1,1,0,0,0,0,0,0,0,0,0,0,0,0,0,0,0,0,0,0,0,0,0,0,0,0,0,0,0,0,0,1,0,0,0,0,0,0,1,0,0,0,1,1,0,0,1,1,0,0,1,1,1,0,1,1,1,1,1,1,1,1
2026-07-07T17:19:00.203,tof2,8x8,side_right,-1,-1,3181,-1,-1,-1,-1,-1,-1,-1,-1,-1,-1,-1,-1,-1,-1,-1,-1,-1,-1,-1,-1,-1,-1,-1,-1,-1,-1,-1,-1,-1,-1,1689,-1,-1,-1,-1,-1,-1,1433,-1,-1,-1,-1,1457,-1,-1,1211,1201,-1,1041,1212,1222,1196,-1,1010,1013,884,821,-1,1030,1022,1014,0,0,1,0,0,0,0,0,0,0,0,0,0,0,1,0,0,0,0,0,0,0,0,0,0,0,0,0,0,0,0,0,0,1,0,1,1,0,0,0,1,0,0,0,0,1,0,0,1,1,0,1,1,1,1,0,1,1,1,1,0,1,1,1
2026-07-07T17:19:00.334,tof2,8x8,side_right,-1,-1,3206,3212,-1,-1,-1,-1,-1,-1,-1,-1,-1,-1,-1,-1,-1,-1,-1,-1,-1,-1,-1,-1,-1,-1,-1,-1,-1,-1,-1,-1,-1,1630,-1,-1,-1,-1,-1,-1,1406,-1,-1,-1,1362,-1,-1,-1,1145,1119,-1,1067,1182,1197,1198,-1,1018,1036,928,846,-1,1015,1015,1003,0,0,1,1,0,0,0,1,0,0,0,0,0,0,0,0,0,0,0,1,0,0,0,0,0,0,0,0,0,0,0,0,0,1,0,0,1,0,0,0,1,0,0,0,1,1,0,0,1,1,0,1,1,1,1,0,1,1,1,1,0,1,1,1
