timestamp,sensor,resolution,label,d0,d1,d2,d3,d4,d5,d6,d7,d8,d9,d10,d11,d12,d13,d14,d15,d16,d17,d18,d19,d20,d21,d22,d23,d24,d25,d26,d27,d28,d29,d30,d31,d32,d33,d34,d35,d36,d37,d38,d39,d40,d41,d42,d43,d44,d45,d46,d47,d48,d49,d50,d51,d52,d53,d54,d55,d56,d57,d58,d59,d60,d61,d62,d63,t0,t1,t2,t3,t4,t5,t6,t7,t8,t9,t10,t11,t12,t13,t14,t15,t16,t17,t18,t19,t20,t21,t22,t23,t24,t25,t26,t27,t28,t29,t30,t31,t32,t33,t34,t35,t36,t37,t38,t39,t40,t41,t42,t43,t44,t45,t46,t47,t48,t49,t50,t51,t52,t53,t54,t55,t56,t57,t58,t59,t60,t61,t62,t63
2026-07-07T17:23:37.941,tof1,8x8,edge_sit,543,535,-1,-1,-1,-1,-1,-1,385,412,412,-1,-1,-1,-1,-1,367,404,421,-1,-1,-1,-1,-1,356,377,426,454,-1,-1,-1,-1,356,372,396,455,-1,-1,-1,-1,368,367,395,450,426,1977,1912,-1,370,369,404,412,-1,-1,-1,-1,390,376,394,429,459,957,990,918,1,1,0,0,0,0,0,0,1,1,1,0,0,0,0,0,1,1,1,0,0,0,0,0,1,1,1,1,0,0,0,0,1,1,1,1,0,0,0,0,1,1,1,1,1,1,1,0,1,1,1,1,1,1,0,0,1,1,1,1,1,1,1,1
2026-07-07T17:23:37.945,tof2,8x8,edge_sit,-1,-1,3177,-1,-1,-1,-1,-1,-1,-1,-1,-1,-1,-1,-1,-1,-1,-1,-1,-1,-1,-1,-1,-1,-1,-1,-1,-1,-1,-1,-1,-1,-1,1711,1787,-1,-1,-1,-1,-1,1379,-1,-1,1438,1412,1432,-1,-1,1189,1210,1174,1203,1206,1200,1175,-1,988,1006,1026,1022,1019,1020,1015,983,0,0,1,0,0,0,0,0,0,0,0,0,0,0,1,0,0,0,0,0,0,0,0,0,0,0,0,0,0,0,0,0,0,1,1,0,0,0,0,0,1,0,0,1,1,1,0,0,1,1,1,1,1,1,1,0,1,1,1,1,1,1,1,1
2026-07-07T17:23:38.045,tof1,8x8,edge_sit,560,544,-1,-1,-1,-1,-1,-1,387,407,437,-1,-1,-1,-1,-1,371,398,428,-1,-1,-1,-1,-1,360,385,423,424,-1,-1,-1,-1,362,373,410,449,-1,-1,-1,-1,363,380,392,425,-1,1998,1928,-1,375,367,390,417,-1,-1,-1,-1,380,377,386,419,442,995,985,900,1,1,0,0,0,0,0,0,1,1,1,0,0,0,0,0,1,1,1,0,0,0,0,0,1,1,1,1,0,0,0,0,1,1,1,1,0,0,0,0,1,1,1,1,1,1,1,0,1,1,1,1,0,0,0,0,1,1,1,1,1,1,1,1
2026-07-07T17:23:38.066,tof2,8x8,edge_sit,-1,-1,3203,-1,1482,-1,3274,-1,-1,-1,-1,-1,-1,-1,-1,-1,-1,-1,-1,-1,-1,-1,-1,-1,-1,-1,-1,-1,-1,-1,-1,-1,-1,1765,1774,1616,-1,-1,-1,-1,1393,-1,1384,1492,1424,1397,-1,-1,1187,1207,1201,1207,1225,1233,1155,-1,988,1019,1025,1021,1035,1030,1008,993,0,0,1,0,1,0,1,0,0,0,0,0,0,0,0,0,0,0,0,0,0,0,0,0,0,0,0,0,0,0,0,0,0,1,1,1,0,0,0,0,1,0,1,1,1,1,1,0,1,1,1,1,1,1,1,0,1,1,1,1,1,1,1,1
2026-07-07T17:23:38.129,tof1,8x8,edge_sit,563,527,-1,-1,-1,-1,-1,-1,386,424,493,-1,-1,-1,-1,-1,365,398,429,-1,-1,-1,-1,-1,356,380,412,446,-1,-1,-1,-1,359,365,390,442,-1,-1,-1,-1,372,394,412,445,-1,1957,-1,-1,380,384,403,429,-1,-1,-1,-1,378,376,383,417,-1,1001,963,932,1,1,0,0,0,0,0,0,1,1,1,0,0,0,0,0,1,1,1,0,0,0,0,0,1,1,1,1,1,0,0,0,1,1,1,1,0,0,0,0,1,1,1,1,0,1,1,0,1,1,1,1,0,0,0,0,1,1,1,1,1,1,1,1
2026-07-07T17:23:38.165,tof2,8x8,edge_sit,-1,-1,3207,-1,-1,-1,-1,-1,-1,-1,-1,-1,-1,-1,-1,-1,-1,-1,-1,-1,-1,-1,-1,-1,-1,-1,-1,-1,-1,-1,-1,-1,-1,1695,1801,1780,-1,-1,-1,-1,1403,1431,1406,1476,1456,1414,-1,-1,1198,1201,1206,1203,1203,1212,1185,-1,997,1009,1028,1007,1011,1019,1017,987,0,0,1,1,1,0,0,0,0,0,0,0,0,0,0,0,0,0,0,0,0,0,0,1,0,0,0,0,0,0,0,0,0,1,1,1,0,0,0,0,1,1,1,1,1,1,0,0,1,1,1,1,1,1,1,1,1,1,1,1,1,1,1,1
2026-07-07T17:23:38.232,tof1,8x8,edge_sit,560,531,-1,-1,-1,-1,-1,-1,393,410,466,-1,-1,-1,-1,-1,369,396,439,-1,-1,-1,-1,-1,359,383,426,425,-1,-1,-1,-1,367,380,411,452,-1,-1,-1,-1,365,378,400,442,-1,-1,1988,-1,383,380,403,428,-1,-1,-1,-1,374,381,387,421,-1,1015,930,962,1,1,0,0,0,0,0,0,1,1,1,0,0,0,0,0,1,1,1,0,0,0,0,0,1,1,1,1,0,0,0,0,1,1,1,1,0,0,0,0,1,1,1,1,0,0,1,0,1,1,1,1,0,0,0,0,1,1,1,1,0,1,1,1
2026-07-07T17:23:38.290,tof2,8x8,edge_sit,-1,-1,3180,3273,-1,-1,-1,-1,-1,-1,-1,-1,-1,-1,-1,-1,-1,-1,-1,-1,-1,-1,-1,-1,-1,-1,-1,-1,-1,-1,-1,-1,-1,1710,1775,-1,-1,-1,-1,-1,1374,1425,1420,1444,1445,1424,-1,-1,1206,1188,1213,1183,1229,1189,1149,-1,981,990,1019,1017,1015,1005,1007,996,0,0,1,1,0,0,0,0,0,0,0,0,0,0,0,0,0,0,0,0,0,1,0,0,0,0,1,0,0,0,0,0,0,1,1,0,0,0,0,0,1,1,1,1,1,1,1,0,1,1,1,1,1,1,1,0,1,1,1,1,1,1,1,1
2026-07-07T17:23:38.405,tof1,8x8,edge_sit,561,517,-1,-1,-1,-1,-1,-1,399,405,446,-1,-1,-1,-1,-1,366,399,410,-1,-1,-1,-1,-1,363,376,406,-1,-1,-1,-1,-1,350,377,409,461,-1,-1,-1,-1,362,377,385,462,-1,2000,-1,-1,377,373,401,410,-1,-1,1175,-1,379,388,389,427,471,995,966,920,1,1,0,0,0,0,0,0,1,1,1,0,0,0,0,0,1,1,1,0,0,0,0,0,1,1,1,0,0,0,0,0,1,1,1,1,0,0,0,0,1,1,1,1,1,1,0,0,1,1,1,1,0,0,1,0,1,1,1,1,1,1,1,1
2026-07-07T17:23:38.424,tof2,8x8,edge_sit,-1,-1,3194,3227,-1,-1,-1,-1,-1,-1,-1,-1,-1,-1,-1,-1,-1,-1,-1,-1,-1,-1,-1,-1,-1,-1,-1,-1,-1,-1,-1,-1,-1,1758,1799,-1,-1,-1,-1,-1,1378,-1,1423,1450,1428,1415,-1,-1,1207,1205,1211,1195,1202,1191,1187,-1,1007,1029,1027,1011,1014,1008,1020,989,0,0,1,1,0,0,0,0,0,0,0,0,0,0,1,0,0,0,0,0,0,0,0,1,0,0,0,0,0,0,0,0,1,1,1,0,0,0,0,0,1,0,1,1,1,1,0,0,1,1,1,1,1,1,1,1,1,1,1,1,1,1,1,1
2026-07-07T17:23:38.517,tof1,8x8,edge_sit,544,532,539,-1,-1,-1,-1,-1,401,422,487,-1,-1,-1,-1,-1,368,399,420,-1,-1,-1,-1,-1,352,381,404,484,-1,-1,-1,-1,356,387,405,467,-1,-1,-1,-1,363,384,386,413,-1,1975,-1,-1,388,374,395,417,-1,-1,-1,-1,379,380,400,434,478,956,986,932,1,1,1,0,0,0,0,0,1,1,1,0,0,0,0,0,1,1,1,0,0,0,0,0,1,1,1,1,0,0,0,0,1,1,1,1,0,0,0,0,1,1,1,1,1,1,0,0,1,1,1,1,0,0,0,0,1,1,1,1,1,1,1,1
2026-07-07T17:23:38.530,tof2,8x8,edge_sit,-1,-1,3197,-1,-1,-1,-1,-1,-1,-1,-1,-1,-1,-1,-1,-1,-1,-1,-1,-1,-1,-1,-1,-1,-1,-1,-1,-1,-1,-1,-1,-1,-1,1739,1787,1684,-1,-1,-1,-1,1456,1451,1457,1428,1457,-1,-1,-1,1203,1185,1206,1183,1191,1212,1174,-1,996,1007,1021,1034,1033,1011,1023,968,0,0,1,1,0,0,0,0,0,0,0,0,0,0,0,0,0,0,0,0,0,0,0,0,0,0,0,0,0,0,0,0,0,1,1,1,0,0,0,0,1,1,1,1,1,1,0,0,1,1,1,1,1,1,1,0,1,1,1,1,1,1,1,1
2026-07-07T17:23:38.626,tof1,8x8,edge_sit,543,513,597,-1,-1,-1,-1,-1,383,418,428,-1,-1,-1,-1,-1,372,395,436,-1,-1,-1,-1,-1,361,379,422,-1,-1,-1,-1,-1,350,378,412,428,-1,-1,-1,-1,366,376,379,460,-1,2018,-1,-1,373,373,398,420,-1,-1,-1,-1,375,377,378,428,457,987,996,912,1,1,1,0,0,0,0,0,1,1,1,0,0,0,0,0,1,1,1,0,0,0,0,0,1,1,1,0,0,0,0,0,1,1,1,1,0,0,0,0,1,1,1,1,0,1,0,0,1,1,1,1,0,1,0,0,1,1,1,1,1,1,1,1
2026-07-07T17:23:38.638,tof2,8x8,edge_sit,-1,-1,3165,-1,-1,-1,-1,-1,-1,-1,-1,-1,-1,-1,-1,-1,-1,-1,-1,-1,-1,-1,-1,-1,-1,-1,-1,-1,-1,-1,-1,-1,-1,1717,1779,-1,-1,-1,-1,-1,1353,-1,1374,1423,1464,1397,-1,-1,1193,1174,1205,1207,1229,1230,1167,2204,998,1032,1006,1019,1022,1022,1019,982,0,0,1,1,0,0,0,0,0,0,0,0,1,0,1,0,0,0,0,0,0,0,0,0,0,0,1,0,0,0,0,0,0,1,1,0,0,0,0,0,1,0,1,1,1,1,0,0,1,1,1,1,1,1,1,1,1,1,1,1,1,1,1,1
2026-07-07T17:23:38.727,tof1,8x8,edge_sit,527,521,-1,-1,-1,-1,-1,-1,387,423,451,-1,-1,-1,-1,-1,366,401,421,-1,-1,-1,-1,-1,354,375,416,455,-1,-1,-1,-1,345,381,403,423,-1,-1,-1,-1,369,371,395,407,-1,1983,-1,-1,382,379,401,441,-1,-1,-1,-1,374,371,380,420,1024,988,929,927,1,1,1,0,0,0,0,0,1,1,1,0,0,0,0,0,1,1,1,0,0,0,0,0,1,1,1,1,0,0,0,0,1,1,1,1,0,0,0,0,1,1,1,1,0,1,0,0,1,1,1,1,0,0,1,0,1,1,1,1,1,1,1,1
2026-07-07T17:23:38.730,tof2,8x8,edge_sit,-1,-1,3183,-1,-1,-1,-1,-1,-1,-1,-1,-1,-1,-1,-1,-1,-1,-1,-1,-1,-1,-1,-1,-1,-1,-1,-1,-1,-1,-1,-1,-1,-1,1743,1728,-1,-1,-1,-1,-1,1382,-1,-1,1462,1454,1432,-1,-1,1225,1152,1198,1197,1176,1210,1135,-1,999,991,1013,1026,1019,1006,1011,976,0,0,1,0,1,0,0,0,0,0,0,0,0,0,0,0,0,0,0,0,0,0,0,1,0,0,0,0,0,0,0,0,0,1,1,0,0,0,0,0,1,0,0,1,1,1,0,0,1,1,1,1,1,1,1,0,1,1,1,1,1,1,1,1
2026-07-07T17:23:38.814,tof1,8x8,edge_sit,539,521,-1,-1,-1,-1,-1,-1,389,413,429,-1,-1,-1,-1,-1,373,408,429,-1,-1,-1,-1,-1,347,377,405,477,-1,-1,-1,-1,355,365,388,437,-1,-1,-1,-1,353,367,381,418,-1,1972,-1,-1,386,367,382,422,-1,-1,-1,-1,390,371,382,420,460,962,960,-1,1,1,0,0,0,0,0,0,1,1,1,0,0,0,0,0,1,1,1,0,0,0,0,0,1,1,1,1,0,0,0,0,1,1,1,1,0,0,0,0,1,1,1,1,1,1,1,0,1,1,1,1,0,1,0,1,1,1,1,1,1,1,1,1
2026-07-07T17:23:38.846,tof2,8x8,edge_sit,-1,-1,3183,-1,-1,-1,-1,-1,-1,-1,-1,-1,-1,-1,-1,-1,-1,-1,-1,-1,-1,-1,-1,-1,-1,-1,-1,-1,-1,-1,-1,-1,-1,1736,1834,1706,-1,-1,-1,-1,1406,-1,1369,1476,1447,1413,-1,-1,1147,1173,1217,1211,1218,1216,1173,-1,1007,1002,1010,1029,1044,1006,1013,1000,0,0,1,0,0,0,0,1,0,0,0,0,0,0,0,1,0,0,0,0,0,0,0,0,0,0,0,0,0,0,0,0,0,1,1,1,0,0,0,0,1,1,1,1,1,1,0,0,1,1,1,1,1,1,1,0,1,1,1,1,1,1,1,1
2026-07-07T17:23:38.944,tof1,8x8,edge_sit,522,505,512,-1,-1,-1,-1,-1,395,412,460,-1,-1,-1,-1,-1,366,397,441,-1,-1,-1,-1,-1,352,368,418,470,-1,-1,-1,-1,360,376,394,434,-1,-1,-1,-1,366,366,402,413,-1,1943,-1,-1,382,368,398,431,-1,-1,-1,-1,378,381,381,426,522,973,-1,918,1,1,1,0,0,0,0,0,1,1,1,0,0,0,0,0,1,1,1,0,0,0,0,0,1,1,1,1,1,0,0,0,1,1,1,1,1,0,0,0,1,1,1,1,1,1,0,0,1,1,1,1,0,0,1,0,1,1,1,1,1,1,1,1
2026-07-07T17:23:38.966,tof2,8x8,edge_sit,-1,-1,3206,-1,-1,-1,-1,-1,-1,-1,-1,-1,-1,-1,-1,3372,-1,-1,2146,-1,-1,-1,-1,-1,-1,-1,-1,-1,-1,-1,-1,-1,-1,1743,-1,1614,-1,-1,-1,-1,-1,-1,1365,1460,1464,1426,-1,-1,1208,1183,1195,1219,1229,1215,-1,1084,991,1002,1010,1023,1011,1021,1009,995,0,0,1,1,0,0,0,0,0,0,0,0,0,0,0,1,0,0,1,0,0,0,0,0,0,1,0,0,0,0,0,0,0,1,0,1,0,0,0,0,1,1,1,1,1,1,0,0,1,1,1,1,1,1,1,1,1,1,1,1,1,1,1,1
2026-07-07T17:23:39.040,tof1,8x8,edge_sit,535,513,-1,-1,-1,-1,-1,-1,386,433,456,-1,-1,-1,-1,-1,365,402,418,-1,-1,-1,-1,-1,357,380,437,462,-1,-1,-1,-1,353,379,400,463,-1,-1,-1,-1,349,367,402,434,-1,1990,1940,-1,384,371,384,426,-1,-1,-1,-1,382,379,384,428,467,957,975,926,1,1,0,0,0,0,0,0,1,1,1,0,0,0,0,0,1,1,1,0,0,0,0,0,1,1,1,1,0,0,0,0,1,1,1,1,0,0,0,0,1,1,1,1,0,1,1,0,1,1,1,1,1,1,0,0,1,1,1,1,1,1,1,1
2026-07-07T17:23:39.055,tof2,8x8,edge_sit,-1,-1,3170,3215,-1,-1,-1,-1,-1,-1,-1,-1,-1,-1,-1,-1,-1,-1,-1,-1,-1,-1,-1,-1,-1,-1,-1,-1,-1,-1,-1,-1,-1,1737,-1,1613,-1,-1,-1,-1,1404,1407,1431,1466,1428,1402,-1,-1,1177,1210,1210,1188,1197,1232,1197,-1,985,1014,1014,1033,1022,1020,1028,988,0,0,1,1,0,0,0,0,0,0,0,0,1,0,0,0,0,0,0,0,0,0,0,0,0,0,0,0,0,0,1,0,0,1,1,1,0,0,0,0,1,1,1,1,1,1,0,0,1,1,1,1,1,1,1,0,1,1,1,1,1,1,1,1
2026-07-07T17:23:39.129,tof1,8x8,edge_sit,516,495,505,-1,-1,-1,-1,-1,388,444,449,-1,-1,-1,-1,-1,377,413,449,-1,-1,-1,-1,-1,350,379,449,470,-1,-1,-1,-1,353,367,401,446,-1,-1,-1,-1,363,368,386,433,-1,1962,1919,-1,383,377,386,435,-1,-1,-1,-1,391,392,395,434,463,986,-1,910,1,1,1,0,0,0,0,0,1,1,1,0,0,0,0,0,1,1,1,0,0,0,0,0,1,1,1,1,1,0,0,0,1,1,1,1,0,0,0,0,1,1,1,1,0,1,1,0,1,1,1,1,0,0,0,0,1,1,1,1,1,1,1,1
2026-07-07T17:23:39.156,tof2,8x8,edge_sit,-1,-1,3195,3222,-1,-1,-1,-1,-1,-1,-1,-1,-1,-1,-1,-1,-1,-1,3094,-1,-1,-1,-1,-1,-1,-1,-1,-1,-1,-1,-1,-1,-1,1709,-1,1688,-1,-1,-1,-1,1359,1369,1390,1509,1453,1453,-1,-1,1196,1187,1181,1210,1229,1208,1157,-1,992,1007,1030,1020,1021,1018,1019,1002,0,0,1,1,0,0,0,0,0,0,0,0,0,0,0,0,0,0,1,0,0,0,0,0,0,0,0,0,0,0,0,0,0,1,1,1,0,0,0,0,1,1,1,1,1,1,0,0,1,1,1,1,1,1,1,0,1,1,1,1,1,1,1,1
2026-07-07T17:23:39.219,tof1,8x8,edge_sit,496,483,541,-1,-1,-1,-1,-1,379,433,477,-1,-1,-1,-1,-1,367,397,447,-1,-1,-1,-1,-1,350,370,433,441,2003,-1,-1,-1,356,361,401,445,-1,-1,-1,-1,360,375,397,436,-1,1955,-1,-1,372,374,402,444,-1,-1,-1,-1,372,382,392,435,476,971,984,912,1,1,1,0,0,0,0,0,1,1,1,0,0,0,0,0,1,1,1,0,0,0,0,0,1,1,1,1,1,0,0,0,1,1,1,1,0,0,0,0,1,1,1,1,1,1,0,0,1,1,1,1,0,0,0,0,1,1,1,1,1,1,1,1
2026-07-07T17:23:39.268,tof2,8x8,edge_sit,-1,-1,3192,3255,-1,-1,-1,-1,-1,-1,-1,-1,-1,-1,-1,-1,-1,-1,-1,-1,-1,-1,-1,-1,-1,-1,-1,-1,-1,-1,-1,-1,-1,1762,1774,-1,-1,-1,-1,-1,1462,-1,-1,1483,1428,1410,-1,-1,-1,1187,1175,1189,1229,1206,1157,-1,1005,1007,1024,1040,1026,1018,1019,1002,0,0,1,1,1,0,0,1,0,0,0,0,1,0,0,0,0,0,0,0,0,0,0,0,0,0,1,0,0,0,0,0,0,1,1,0,0,0,0,0,1,0,0,1,1,1,0,0,1,1,1,1,1,1,1,0,1,1,1,1,1,1,1,1
2026-07-07T17:23:39.315,tof1,8x8,edge_sit,525,513,-1,-1,-1,-1,-1,-1,386,423,476,-1,-1,-1,-1,-1,364,390,446,-1,-1,-1,-1,-1,355,378,453,483,-1,-1,-1,-1,367,368,401,446,-1,-1,-1,-1,370,380,404,439,-1,1966,-1,-1,378,386,414,439,-1,-1,-1,-1,368,387,388,434,1042,996,958,912,1,1,0,0,0,0,0,0,1,1,1,0,0,0,0,0,1,1,1,0,0,0,0,0,1,1,1,1,0,0,0,0,1,1,1,1,0,0,0,0,1,1,1,1,1,1,1,0,1,1,1,1,0,0,0,0,1,1,1,1,1,1,1,1
2026-07-07T17:23:39.401,tof2,8x8,edge_sit,-1,-1,3196,-1,-1,-1,-1,-1,-1,-1,-1,-1,-1,-1,-1,-1,-1,-1,-1,-1,-1,-1,-1,-1,-1,-1,1923,-1,-1,-1,-1,-1,-1,1745,1788,-1,-1,-1,-1,-1,1372,-1,1404,1439,1428,1405,1420,-1,1191,1192,1191,1189,1236,1206,1171,2156,987,1013,1007,1010,1025,1005,1012,988,0,0,1,0,0,0,0,0,0,0,0,0,0,0,0,1,0,0,0,0,0,0,0,1,0,0,1,0,0,0,1,0,0,1,1,0,0,0,0,0,1,0,1,1,1,1,1,0,1,1,1,1,1,1,1,1,1,1,1,1,1,1,1,1
2026-07-07T17:23:39.438,tof1,8x8,edge_sit,520,510,-1,-1,-1,-1,-1,-1,380,437,445,-1,-1,-1,-1,-1,361,412,430,-1,-1,-1,-1,-1,359,381,435,478,-1,-1,-1,-1,360,374,404,449,-1,-1,-1,-1,377,383,403,452,-1,1957,1963,-1,379,381,394,441,-1,-1,-1,-1,374,375,395,437,1051,962,952,838,1,1,0,0,0,0,0,0,1,1,1,0,0,0,0,0,1,1,1,0,0,0,0,0,1,1,1,1,0,0,0,0,1,1,1,1,0,0,0,0,1,1,1,1,0,1,1,0,1,1,1,1,0,0,0,1,1,1,1,1,1,1,1,1
2026-07-07T17:23:39.528,tof1,8x8,edge_sit,483,502,-1,-1,-1,-1,-1,-1,390,419,479,-1,-1,-1,-1,-1,361,400,458,-1,-1,-1,-1,-1,352,368,429,-1,-1,-1,-1,-1,358,368,419,511,-1,-1,-1,-1,374,385,412,477,1932,1979,-1,-1,382,384,413,447,-1,-1,1230,-1,389,388,401,447,478,958,971,909,1,1,0,0,0,0,0,0,1,1,1,0,0,0,0,0,1,1,1,0,1,0,0,0,1,1,1,0,0,0,0,0,1,1,1,1,0,0,0,0,1,1,1,1,1,1,0,0,1,1,1,1,0,0,1,0,1,1,1,1,1,1,1,1
2026-07-07T17:23:39.529,tof2,8x8,edge_sit,-1,-1,3197,-1,-1,-1,-1,-1,-1,-1,-1,-1,-1,-1,-1,-1,-1,-1,-1,-1,-1,-1,-1,-1,-1,-1,-1,-1,-1,-1,-1,-1,-1,1748,1778,-1,1535,-1,-1,-1,1380,-1,1374,1438,1404,1394,-1,-1,1184,1176,1159,1207,1229,1204,1200,-1,992,1010,1014,1030,1039,1035,1035,988,0,0,1,0,0,0,0,0,0,0,0,0,0,0,0,0,0,0,0,0,0,0,0,0,0,1,0,0,0,0,0,0,0,1,1,1,1,0,0,0,1,0,1,1,1,1,0,0,1,1,1,1,1,1,1,0,1,1,1,1,1,1,1,1
2026-07-07T17:23:39.634,tof1,8x8,edge_sit,464,482,-1,-1,-1,-1,-1,-1,395,408,-1,-1,-1,-1,-1,-1,363,390,448,-1,-1,-1,-1,-1,352,380,435,491,-1,-1,-1,-1,364,370,414,502,-1,-1,-1,-1,378,378,421,443,-1,1977,-1,-1,383,370,412,447,-1,-1,-1,-1,369,373,396,440,1014,975,-1,927,1,1,0,0,0,0,0,0,1,1,0,0,0,0,0,0,1,1,1,0,0,0,0,0,1,1,1,1,0,0,0,0,1,1,1,1,0,0,0,0,1,1,1,1,0,1,0,0,1,1,1,1,0,0,0,1,1,1,1,1,1,1,1,1
2026-07-07T17:23:39.648,tof2,8x8,edge_sit,-1,-1,3202,-1,-1,-1,-1,-1,-1,-1,-1,-1,-1,-1,-1,-1,-1,-1,-1,-1,-1,-1,-1,-1,-1,-1,-1,-1,-1,-1,-1,-1,-1,1809,1767,1674,1539,-1,-1,-1,1382,-1,1409,-1,1433,1389,-1,-1,1166,1165,1210,1212,1167,1221,1133,-1,1016,1020,1026,1020,1006,1009,1015,991,0,0,1,0,0,0,0,0,0,0,0,0,0,0,0,1,0,0,0,0,0,0,0,1,0,1,0,0,0,0,0,0,0,1,1,1,1,0,0,0,1,0,1,1,1,1,0,0,1,1,1,1,1,1,1,0,1,1,1,1,1,1,1,1
2026-07-07T17:23:39.749,tof1,8x8,edge_sit,466,487,-1,-1,-1,-1,-1,-1,369,426,-1,-1,-1,-1,-1,-1,352,414,443,-1,-1,-1,-1,-1,364,382,450,-1,-1,-1,-1,-1,370,384,426,-1,-1,-1,-1,-1,376,394,414,-1,1988,1971,-1,-1,384,384,414,449,-1,-1,-1,-1,376,385,402,435,1037,1055,-1,909,1,1,0,0,0,0,0,0,1,1,1,0,0,0,0,0,1,1,1,0,0,0,0,0,1,1,1,0,0,0,0,0,1,1,1,0,0,0,0,0,1,1,1,1,1,1,1,0,1,1,1,1,0,0,1,0,1,1,1,1,1,1,1,1
2026-07-07T17:23:39.834,tof1,8x8,edge_sit,493,472,-1,-1,-1,-1,-1,-1,386,437,-1,-1,-1,-1,-1,-1,359,412,445,-1,-1,-1,-1,-1,368,382,465,-1,-1,-1,-1,-1,387,384,430,-1,-1,-1,-1,-1,380,388,401,461,-1,1990,-1,-1,382,376,410,441,-1,-1,-1,-1,379,395,406,461,961,957,989,916,1,1,0,0,0,0,0,0,1,1,0,0,0,0,0,0,1,1,1,0,0,0,0,0,1,1,1,0,0,0,0,0,1,1,1,0,0,0,0,0,1,1,1,1,1,1,0,0,1,1,1,1,0,0,0,0,1,1,1,1,1,1,1,1
2026-07-07T17:23:39.881,tof2,8x8,edge_sit,-1,-1,3217,3238,1473,-1,-1,3247,-1,-1,-1,-1,-1,-1,-1,-1,-1,-1,-1,-1,-1,-1,-1,-1,-1,-1,1905,-1,-1,-1,-1,-1,-1,1681,1766,-1,-1,-1,-1,-1,1397,-1,1463,1455,1420,1455,1365,-1,1192,1214,1190,1218,1230,1206,1180,-1,1007,991,1028,998,1020,1022,1022,987,0,0,1,1,1,0,0,1,0,0,0,0,0,0,0,0,0,0,0,0,0,0,0,0,0,0,1,0,0,0,0,0,0,1,1,0,0,0,0,0,1,1,1,1,1,1,1,0,1,1,1,1,1,1,1,1,1,1,1,1,1,1,1,1
2026-07-07T17:23:39.941,tof1,8x8,edge_sit,492,498,-1,-1,-1,-1,-1,-1,394,444,-1,-1,-1,-1,-1,-1,353,420,440,-1,-1,-1,-1,-1,355,388,430,-1,-1,-1,-1,-1,381,371,433,-1,-1,-1,-1,-1,397,388,413,460,1942,1964,-1,-1,380,383,403,460,-1,-1,-1,-1,382,385,403,438,1036,1000,1037,917,1,1,0,0,0,0,0,0,1,1,0,0,0,0,0,0,1,1,1,0,0,0,0,0,1,1,1,0,1,0,0,0,1,1,1,0,0,0,0,0,1,1,1,1,1,1,0,0,1,1,1,1,0,0,1,0,1,1,1,1,1,1,1,1
2026-07-07T17:23:39.985,tof2,8x8,edge_sit,-1,-1,3190,3226,-1,-1,-1,-1,-1,-1,-1,-1,-1,-1,-1,-1,-1,-1,-1,-1,-1,-1,-1,-1,-1,-1,-1,-1,-1,-1,-1,-1,-1,1830,1817,-1,-1,-1,-1,-1,1440,1509,-1,1448,1437,1469,1402,-1,1188,1201,1214,1202,1203,1195,1189,-1,997,989,1023,1030,1037,1020,1014,1005,0,0,1,1,0,0,0,0,0,0,0,0,0,0,1,0,0,0,0,0,0,0,1,0,0,0,0,0,0,0,0,0,0,1,1,1,0,0,0,0,1,1,1,1,1,1,1,0,1,1,1,1,1,1,1,1,1,1,1,1,1,1,1,1
2026-07-07T17:23:40.036,tof1,8x8,edge_sit,456,490,-1,-1,-1,-1,-1,-1,382,451,-1,-1,-1,-1,-1,-1,361,418,461,-1,-1,-1,-1,-1,366,386,442,-1,-1,-1,-1,-1,384,395,439,-1,-1,-1,-1,-1,397,392,399,485,-1,1968,1922,-1,376,388,423,445,-1,-1,-1,-1,376,388,417,454,1018,932,978,-1,1,1,0,0,0,0,0,0,1,1,0,0,0,0,0,0,1,1,1,0,0,0,0,0,1,1,1,0,0,0,0,0,1,1,1,0,0,0,0,0,1,1,1,1,0,1,1,0,1,1,1,1,0,0,0,0,1,1,1,1,1,1,1,1
2026-07-07T17:23:40.074,tof2,8x8,edge_sit,-1,-1,3196,3240,-1,-1,-1,-1,-1,-1,-1,-1,-1,-1,-1,-1,-1,-1,-1,-1,-1,-1,-1,-1,-1,-1,-1,-1,-1,-1,-1,-1,-1,1769,1771,-1,-1,-1,-1,-1,-1,-1,1437,1440,1437,1425,-1,-1,1193,1215,1169,1203,1195,1203,1174,-1,988,1007,1012,1041,1008,1023,1011,983,0,0,1,1,1,0,0,1,0,0,0,0,0,0,0,0,0,0,0,0,0,0,0,0,0,0,0,0,0,0,1,0,1,1,1,1,0,0,0,0,1,0,1,1,1,1,0,0,1,1,1,1,1,1,1,0,1,1,1,1,1,1,1,1
2026-07-07T17:23:40.129,tof1,8x8,edge_sit,436,490,-1,-1,-1,-1,-1,-1,378,426,-1,-1,-1,-1,-1,-1,355,402,461,-1,-1,-1,-1,-1,363,373,483,-1,-1,-1,-1,-1,383,388,440,-1,-1,-1,-1,-1,382,382,417,-1,-1,1986,1929,-1,383,378,409,459,-1,-1,-1,-1,382,384,408,459,989,987,933,929,1,1,0,0,0,0,0,0,1,1,0,0,0,0,0,0,1,1,1,0,0,0,0,0,1,1,1,0,0,0,0,0,1,1,1,0,0,0,0,0,1,1,1,0,1,1,1,0,1,1,1,1,0,0,0,0,1,1,1,1,1,1,1,1
2026-07-07T17:23:40.176,tof2,8x8,edge_sit,-1,-1,3171,-1,-1,-1,-1,-1,-1,-1,-1,-1,-1,-1,-1,-1,-1,-1,-1,-1,-1,-1,-1,-1,-1,-1,1893,-1,-1,-1,-1,-1,-1,1736,1842,-1,1546,-1,-1,-1,1396,-1,1387,1417,1447,1431,-1,-1,1210,1200,1189,1201,1197,1209,1181,-1,1008,1006,1001,1034,1040,1033,1015,997,0,0,1,0,0,0,0,1,0,0,0,0,0,0,1,0,0,0,0,0,0,0,1,0,0,1,1,0,0,0,0,0,0,1,1,1,1,0,0,0,1,0,1,1,1,1,0,0,1,1,1,1,1,1,1,0,1,1,1,1,1,1,1,1
2026-07-07T17:23:40.222,tof1,8x8,edge_sit,452,506,-1,-1,-1,-1,-1,-1,390,444,-1,-1,-1,-1,-1,-1,363,443,463,-1,-1,-1,-1,-1,372,396,464,-1,-1,-1,-1,-1,380,389,451,-1,-1,-1,-1,-1,380,389,440,-1,1966,1972,-1,-1,372,386,432,472,-1,-1,-1,-1,365,402,409,458,1017,1001,977,925,1,1,0,0,0,0,0,0,1,1,0,0,0,0,0,0,1,1,1,0,0,0,0,0,1,1,1,0,0,0,0,0,1,1,1,0,0,0,0,0,1,1,1,0,1,1,0,0,1,1,1,1,0,0,1,0,1,1,1,1,1,1,1,1
2026-07-07T17:23:40.267,tof2,8x8,edge_sit,-1,-1,3189,-1,-1,-1,-1,-1,-1,-1,-1,-1,-1,-1,-1,-1,-1,-1,-1,-1,-1,-1,-1,-1,-1,-1,1862,-1,-1,-1,-1,-1,-1,1718,1846,1761,-1,-1,-1,-1,1420,-1,1396,1428,1463,1418,-1,-1,1155,1206,1188,1207,1248,1209,1156,-1,985,1015,1030,1009,1043,1003,1003,985,0,0,1,1,0,0,0,0,0,0,0,0,0,0,0,0,0,0,1,0,0,0,0,0,0,0,1,0,0,0,0,0,0,1,1,1,0,0,0,0,1,0,1,1,1,1,1,0,1,1,1,1,1,1,1,0,1,1,1,1,1,1,1,1
2026-07-07T17:23:40.334,tof1,8x8,edge_sit,458,507,-1,-1,-1,-1,-1,-1,380,447,-1,-1,-1,-1,-1,-1,365,434,509,-1,-1,-1,-1,-1,367,413,493,-1,-1,-1,-1,-1,376,389,433,-1,-1,-1,-1,-1,396,383,437,-1,1966,1966,-1,-1,378,377,419,462,-1,-1,-1,-1,387,389,411,453,976,1002,961,922,1,1,0,0,0,0,0,0,1,1,0,0,0,0,0,0,1,1,1,0,0,0,0,0,1,1,1,0,0,0,0,0,1,1,1,0,0,0,0,0,1,1,1,0,1,1,0,1,1,1,1,1,0,0,1,0,1,1,1,1,1,1,1,1
2026-07-07T17:23:40.361,tof2,8x8,edge_sit,-1,-1,3189,-1,-1,-1,-1,-1,-1,-1,-1,-1,-1,-1,-1,-1,-1,-1,-1,-1,-1,-1,-1,-1,-1,-1,-1,-1,-1,-1,-1,-1,-1,1753,1792,-1,-1,-1,-1,-1,1404,-1,-1,1440,1438,1449,-1,-1,1196,-1,1203,1207,1221,1195,1222,-1,1000,1021,1019,1015,1016,990,1010,987,0,0,1,0,0,0,0,0,0,0,0,0,0,0,0,0,0,0,1,0,0,0,0,0,0,0,0,0,0,0,0,0,0,1,1,1,0,0,0,0,1,0,1,1,1,1,1,0,1,1,1,1,1,1,1,0,1,1,1,1,1,1,1,1
2026-07-07T17:23:40.439,tof1,8x8,edge_sit,475,497,-1,-1,-1,-1,-1,-1,387,452,-1,-1,-1,-1,-1,-1,370,451,525,-1,-1,-1,-1,-1,370,408,497,-1,-1,-1,-1,-1,392,390,462,-1,-1,-1,-1,-1,371,400,440,-1,1982,1957,-1,-1,388,384,451,455,-1,-1,-1,-1,391,399,411,450,1001,-1,927,930,1,1,0,0,0,0,0,0,1,1,0,0,0,0,0,0,1,1,1,0,0,0,0,0,1,1,1,0,0,0,0,0,1,1,1,0,0,0,0,0,1,1,1,0,1,1,0,0,1,1,1,1,0,1,0,0,1,1,1,1,1,1,1,1
2026-07-07T17:23:40.486,tof2,8x8,edge_sit,-1,-1,3185,-1,-1,-1,-1,-1,-1,-1,-1,-1,-1,-1,-1,-1,-1,-1,-1,-1,-1,-1,-1,-1,-1,-1,-1,-1,-1,-1,-1,-1,-1,1730,1855,1685,-1,-1,-1,-1,1435,-1,-1,1443,1450,1422,-1,-1,1182,1188,1214,1215,1234,1199,1169,-1,996,1006,1022,1037,1029,997,1002,988,0,0,1,1,0,0,0,0,0,0,0,0,0,0,0,0,0,0,0,0,0,0,0,0,0,0,1,0,0,0,0,0,0,1,1,1,0,0,0,0,1,0,1,1,1,1,1,0,1,1,1,1,1,1,1,0,1,1,1,1,1,1,1,1
2026-07-07T17:23:40.561,tof1,8x8,edge_sit,452,513,-1,-1,-1,-1,-1,-1,391,458,-1,-1,-1,-1,-1,-1,380,435,501,-1,-1,-1,-1,-1,384,409,528,-1,-1,-1,-1,-1,381,396,454,-1,-1,-1,-1,-1,395,394,451,-1,1983,1946,-1,-1,386,390,442,520,-1,-1,-1,-1,385,386,414,466,1011,985,960,888,1,1,0,0,0,0,0,0,1,1,0,0,0,0,0,0,1,1,1,0,0,0,0,0,1,1,1,0,0,0,0,0,1,1,1,0,0,0,0,0,1,1,1,0,1,1,0,0,1,1,1,1,0,0,1,0,1,1,1,1,1,1,1,1
2026-07-07T17:23:40.616,tof2,8x8,edge_sit,-1,-1,3188,3206,-1,-1,-1,-1,-1,-1,-1,-1,-1,-1,-1,-1,-1,-1,-1,-1,-1,-1,-1,-1,-1,-1,-1,-1,-1,-1,-1,-1,-1,1737,1804,-1,-1,-1,-1,-1,-1,-1,1441,-1,1408,1462,-1,-1,1189,1226,1179,1181,1198,1202,1180,-1,1002,1011,1013,1023,1033,1020,1023,992,0,0,1,1,1,0,0,0,0,0,0,0,0,0,0,0,0,0,0,0,0,0,0,0,0,0,0,0,0,0,0,0,0,1,1,1,0,0,0,0,0,0,1,1,1,1,0,0,1,1,1,1,1,1,1,0,1,1,1,1,1,1,1,1
2026-07-07T17:23:40.648,tof1,8x8,edge_sit,479,490,-1,-1,-1,-1,-1,-1,394,436,-1,-1,-1,-1,-1,-1,371,435,507,-1,-1,-1,-1,-1,376,395,472,-1,-1,-1,-1,-1,387,390,424,-1,-1,-1,-1,-1,391,405,440,-1,1983,-1,-1,-1,378,384,439,480,-1,-1,-1,-1,384,404,409,452,989,1012,974,940,1,1,0,0,0,0,0,0,1,1,0,0,0,0,0,0,1,1,1,0,0,0,0,0,1,1,1,0,0,0,0,0,1,1,1,0,0,0,0,0,1,1,1,0,1,1,0,0,1,1,1,1,0,0,1,0,1,1,1,1,1,1,1,1
2026-07-07T17:23:40.755,tof1,8x8,edge_sit,452,529,-1,-1,-1,-1,-1,-1,389,447,-1,-1,-1,-1,-1,-1,373,432,-1,-1,-1,-1,-1,-1,387,415,450,-1,-1,-1,-1,-1,383,385,445,-1,-1,-1,-1,-1,383,406,443,-1,1953,1962,-1,-1,390,393,443,454,-1,-1,-1,-1,373,397,413,458,1044,967,986,913,1,1,0,0,0,0,0,0,1,1,0,0,0,0,0,0,1,1,0,0,0,0,0,0,1,1,1,0,0,0,0,0,1,1,1,0,0,0,0,0,1,1,1,0,1,1,1,0,1,1,1,1,0,0,1,0,1,1,1,1,1,1,1,1
2026-07-07T17:23:40.737,tof2,8x8,edge_sit,-1,-1,3202,-1,-1,-1,-1,-1,-1,-1,-1,-1,-1,-1,-1,-1,-1,-1,-1,-1,-1,-1,-1,-1,-1,-1,-1,-1,-1,-1,-1,-1,-1,-1,1822,1670,-1,-1,-1,-1,1404,-1,-1,1465,1438,1390,-1,-1,1196,1187,1207,1214,1247,1205,1176,-1,993,992,1021,1041,1019,1007,1017,994,0,0,1,1,0,0,0,0,0,0,0,0,0,0,0,0,0,0,0,0,0,0,0,0,0,1,0,0,0,0,0,0,0,0,1,1,0,0,0,0,1,0,1,1,1,1,0,0,1,1,1,1,1,1,1,1,1,1,1,1,1,1,1,1
2026-07-07T17:23:40.849,tof1,8x8,edge_sit,437,471,-1,-1,-1,-1,-1,-1,386,449,-1,-1,-1,-1,-1,-1,378,433,-1,-1,-1,-1,-1,-1,368,402,452,-1,-1,-1,-1,-1,386,387,445,-1,-1,-1,-1,-1,377,394,435,-1,-1,1959,1965,-1,389,395,435,503,-1,-1,1285,-1,381,397,407,472,1028,955,949,-1,1,1,0,0,0,0,0,0,1,1,0,0,0,0,0,0,1,1,1,0,0,0,0,0,1,1,1,0,0,0,0,0,1,1,1,0,0,0,0,0,1,1,1,0,1,1,1,0,1,1,1,1,0,0,1,0,1,1,1,1,1,1,1,1
2026-07-07T17:23:40.836,tof2,8x8,edge_sit,-1,-1,3193,-1,-1,-1,-1,-1,-1,-1,-1,-1,-1,-1,-1,-1,-1,-1,-1,-1,-1,-1,-1,-1,-1,-1,-1,-1,-1,-1,-1,-1,-1,1678,1811,1725,-1,-1,-1,-1,1396,1393,-1,1455,1457,1375,-1,-1,1215,1231,1231,1188,1188,1224,1193,2311,1006,1011,1012,1047,1013,1013,1015,986,0,0,1,0,0,0,0,0,0,0,0,1,0,0,0,0,0,0,0,1,0,0,0,0,0,0,0,0,0,0,0,0,0,1,1,1,0,0,0,0,1,1,0,1,1,1,0,0,1,1,1,1,1,1,1,1,1,1,1,1,1,1,1,1
2026-07-07T17:23:40.940,tof2,8x8,edge_sit,-1,-1,3204,-1,-1,-1,-1,-1,-1,-1,-1,-1,-1,-1,-1,-1,-1,-1,-1,-1,-1,-1,-1,-1,-1,-1,-1,-1,-1,-1,-1,-1,-1,-1,1757,1676,-1,-1,-1,-1,1396,1432,-1,1462,1432,1375,-1,-1,1164,1218,1168,1195,1215,1195,1221,2272,990,993,1019,1026,1021,1019,1028,997,0,0,1,0,0,0,0,0,0,0,0,0,0,0,1,0,0,0,1,0,0,0,0,0,0,0,0,0,0,0,0,0,0,1,1,1,0,0,0,0,1,1,1,1,1,1,1,0,1,1,1,1,1,1,1,1,1,1,1,1,1,1,1,1
2026-07-07T17:23:40.956,tof1,8x8,edge_sit,432,477,-1,-1,-1,-1,-1,-1,380,435,-1,-1,-1,-1,-1,-1,386,433,495,-1,-1,-1,-1,-1,385,397,489,-1,-1,-1,-1,-1,398,389,437,-1,-1,-1,-1,-1,380,395,428,-1,1983,1972,-1,-1,380,386,430,533,-1,-1,-1,-1,380,388,409,457,1015,935,976,865,1,1,0,0,0,0,0,0,1,1,0,0,0,0,0,0,1,1,1,0,1,0,0,0,1,1,1,0,0,0,0,0,1,1,1,0,0,0,0,0,1,1,1,0,1,1,0,0,1,1,1,1,0,0,0,0,1,1,1,1,1,1,1,1
2026-07-07T17:23:41.060,tof2,8x8,edge_sit,-1,-1,3196,-1,-1,-1,-1,-1,-1,-1,-1,-1,-1,-1,-1,-1,-1,-1,-1,-1,-1,-1,-1,-1,-1,-1,-1,-1,-1,-1,-1,-1,-1,1820,1773,1745,-1,-1,-1,-1,1409,1472,-1,1472,1428,1432,-1,-1,1211,1188,1256,1218,1232,1217,1155,-1,1001,1000,1015,1027,1012,1021,1011,996,0,0,1,0,0,0,0,0,0,0,0,0,0,0,0,0,0,0,0,1,0,0,0,0,0,0,0,0,0,0,0,0,0,1,1,1,0,0,0,0,1,1,1,1,1,1,0,0,1,1,1,1,1,1,1,0,1,1,1,1,1,1,1,1
2026-07-07T17:23:41.252,tof1,8x8,edge_sit,432,464,-1,-1,-1,-1,-1,-1,395,431,-1,-1,-1,-1,-1,-1,377,430,-1,-1,-1,-1,-1,-1,371,418,486,-1,-1,-1,-1,-1,383,400,442,-1,-1,-1,-1,-1,401,397,447,-1,-1,1980,2008,-1,402,401,419,481,-1,-1,-1,-1,380,393,415,480,1014,991,946,919,1,1,0,0,0,0,0,0,1,1,0,0,0,0,0,0,1,1,0,0,1,0,0,0,1,1,1,0,1,0,0,0,1,1,1,0,0,0,0,0,1,1,1,0,0,1,1,0,1,1,1,1,0,0,0,0,1,1,1,1,1,1,1,1
2026-07-07T17:23:41.397,tof2,8x8,edge_sit,-1,-1,3186,-1,-1,-1,-1,-1,-1,-1,-1,-1,-1,-1,-1,-1,-1,-1,-1,-1,-1,-1,-1,-1,-1,-1,-1,-1,-1,-1,-1,-1,-1,1683,-1,1675,-1,-1,-1,-1,1403,1396,1405,-1,1479,1371,-1,-1,1195,1203,1206,1227,1196,1197,1187,-1,988,992,1004,1033,1040,1013,1019,991,0,0,1,1,0,0,0,0,0,0,0,0,0,0,0,0,0,0,1,0,0,0,0,0,0,0,0,0,0,0,0,0,0,1,1,1,0,0,0,0,1,1,1,1,1,1,0,0,1,1,1,1,1,1,1,0,1,1,1,1,1,1,1,1
2026-07-07T17:23:41.547,tof1,8x8,edge_sit,415,459,-1,-1,-1,-1,-1,-1,383,453,-1,-1,-1,-1,-1,-1,376,445,497,-1,-1,-1,-1,-1,368,412,488,-1,-1,-1,-1,-1,386,410,449,-1,-1,-1,-1,-1,398,413,455,-1,1939,1953,-1,-1,390,401,438,479,-1,-1,-1,-1,379,393,405,459,1068,974,930,911,1,1,0,0,0,0,0,0,1,1,0,0,0,0,0,0,1,1,1,0,0,0,0,0,1,1,1,0,1,0,0,0,1,1,1,0,0,0,0,0,1,1,1,1,1,1,1,0,1,1,1,1,0,0,0,0,1,1,1,1,1,1,1,1
2026-07-07T17:23:41.508,tof2,8x8,edge_sit,-1,-1,3209,-1,-1,-1,-1,-1,-1,-1,-1,-1,-1,-1,-1,-1,-1,-1,-1,-1,-1,-1,-1,-1,-1,-1,-1,-1,-1,-1,-1,-1,-1,1692,1811,1718,-1,-1,-1,-1,1399,-1,-1,1487,1468,1388,-1,-1,1199,1192,1181,1180,1215,1202,1194,-1,982,1004,1020,1033,1042,1017,1016,994,0,0,1,1,0,0,1,0,0,0,0,0,0,0,0,0,0,0,0,0,0,0,0,0,0,0,0,0,0,0,0,0,0,1,1,1,0,0,0,0,1,0,1,1,1,1,0,0,1,1,1,1,1,1,1,0,1,1,1,1,1,1,1,1
2026-07-07T17:23:41.611,tof2,8x8,edge_sit,-1,-1,3198,-1,-1,-1,-1,-1,-1,-1,-1,-1,-1,-1,-1,-1,-1,-1,-1,-1,-1,-1,-1,-1,-1,-1,-1,-1,-1,-1,-1,-1,-1,-1,1790,-1,-1,-1,-1,-1,1363,-1,1325,1449,1416,1403,-1,-1,1204,1186,1200,1208,1199,1199,1127,-1,1000,1019,1025,1013,1030,1011,1010,1001,0,0,1,0,0,0,0,0,0,0,0,0,0,0,0,0,0,0,0,1,0,0,0,0,0,0,1,0,0,0,0,0,0,1,1,0,0,0,0,0,1,1,1,1,1,1,0,0,1,1,1,1,1,1,1,0,1,1,1,1,1,1,1,1
2026-07-07T17:23:41.679,tof1,8x8,edge_sit,418,483,-1,-1,-1,-1,-1,-1,385,449,-1,-1,-1,-1,-1,-1,370,427,-1,-1,-1,-1,-1,-1,385,423,464,-1,-1,-1,-1,-1,380,408,467,-1,-1,-1,-1,-1,398,420,458,-1,1976,1941,-1,-1,392,394,443,491,-1,-1,-1,-1,368,382,418,468,1033,960,926,931,1,1,0,0,0,0,0,0,1,1,0,0,0,0,0,0,1,1,0,0,0,0,0,0,1,1,1,0,0,0,0,0,1,1,1,0,0,0,0,0,1,1,1,0,1,1,0,0,1,1,1,1,0,0,0,0,1,1,1,1,1,1,1,1
2026-07-07T17:23:41.774,tof2,8x8,edge_sit,-1,-1,3171,-1,-1,-1,-1,-1,-1,-1,-1,-1,-1,-1,-1,-1,-1,-1,-1,-1,-1,-1,-1,-1,-1,-1,-1,-1,-1,-1,-1,-1,-1,1674,1781,1604,-1,-1,-1,-1,1430,-1,-1,1419,1418,1422,-1,-1,1180,1227,1164,1180,1189,1209,1186,-1,988,1016,1002,1011,1036,1025,1010,987,0,0,1,0,0,0,0,0,0,0,0,0,0,0,0,0,0,0,0,0,0,0,0,0,0,0,0,0,0,0,0,0,0,1,1,1,0,0,0,0,1,0,1,1,1,1,0,0,1,1,1,1,1,1,1,0,1,1,1,1,1,1,1,1
2026-07-07T17:23:41.827,tof1,8x8,edge_sit,407,459,-1,-1,-1,-1,-1,-1,369,409,-1,-1,-1,-1,-1,-1,371,425,-1,-1,-1,-1,-1,-1,362,407,460,-1,-1,-1,-1,-1,370,399,443,-1,-1,-1,-1,-1,385,401,432,-1,1947,1991,-1,-1,388,391,416,471,-1,-1,-1,-1,378,392,400,455,1009,979,988,907,1,1,0,0,0,0,0,0,1,1,0,0,0,0,0,0,1,1,0,0,0,0,0,0,1,1,1,0,0,0,0,0,1,1,1,1,0,1,0,0,1,1,1,0,1,1,0,0,1,1,1,1,0,0,0,1,1,1,1,1,1,1,1,1
2026-07-07T17:23:41.880,tof2,8x8,edge_sit,-1,-1,3162,-1,-1,-1,-1,-1,-1,-1,-1,-1,-1,-1,-1,-1,-1,-1,-1,-1,-1,-1,-1,-1,-1,-1,-1,-1,-1,-1,-1,-1,-1,1675,1792,1669,-1,-1,-1,-1,1391,1456,-1,1453,1431,1418,-1,-1,1174,1218,1218,1201,1233,1206,1209,-1,985,1004,1013,1013,1022,1010,1015,988,0,0,1,1,0,0,0,0,0,0,0,0,0,0,0,0,0,0,1,0,1,0,0,0,0,1,0,0,0,0,0,0,0,1,1,1,0,0,0,0,1,1,1,1,1,1,1,0,1,1,1,1,1,1,1,1,1,1,1,1,1,1,1,1
2026-07-07T17:23:41.932,tof1,8x8,edge_sit,391,476,-1,-1,-1,-1,-1,-1,375,437,-1,-1,-1,-1,-1,-1,375,417,445,-1,-1,-1,-1,-1,378,401,474,-1,-1,-1,-1,-1,370,404,442,-1,-1,-1,-1,-1,375,394,435,-1,2001,1956,-1,-1,378,390,446,478,-1,-1,-1,-1,373,389,403,459,1027,963,996,-1,1,1,0,0,0,0,0,0,1,1,0,0,0,0,0,0,1,1,1,0,0,0,0,0,1,1,1,0,0,0,0,0,1,1,1,0,0,0,0,0,1,1,1,0,1,1,0,0,1,1,1,1,0,0,0,0,1,1,1,1,1,1,1,1
2026-07-07T17:23:41.975,tof2,8x8,edge_sit,-1,-1,3202,-1,-1,-1,-1,-1,-1,-1,-1,-1,-1,-1,-1,-1,-1,-1,-1,-1,-1,-1,-1,-1,-1,-1,-1,-1,-1,-1,-1,-1,-1,1753,1744,-1,-1,-1,-1,-1,1406,1536,1402,1493,1447,-1,-1,-1,1198,1209,1195,1204,-1,1196,1195,2179,1008,1013,1021,1022,1017,1008,1022,999,0,0,1,0,0,0,0,1,0,0,0,0,0,0,0,0,0,0,1,0,0,0,0,1,0,0,1,0,0,0,0,0,0,1,1,0,0,0,0,0,1,1,1,1,1,0,0,0,1,1,1,1,1,1,1,1,1,1,1,1,1,1,1,1
2026-07-07T17:23:42.028,tof1,8x8,edge_sit,425,467,-1,-1,-1,-1,-1,-1,377,432,-1,-1,-1,-1,-1,-1,373,407,502,-1,-1,-1,-1,-1,384,401,466,-1,-1,-1,-1,-1,375,397,448,-1,-1,-1,-1,-1,389,386,436,-1,2026,1999,-1,-1,385,384,429,489,-1,-1,-1,-1,370,395,402,447,982,977,936,920,1,1,0,0,1,0,0,0,1,1,0,0,0,0,0,0,1,1,1,0,0,0,0,0,1,1,1,0,0,0,0,0,1,1,1,1,0,0,0,0,1,1,1,1,1,1,1,0,1,1,1,1,0,0,1,0,1,1,1,1,1,1,1,1
2026-07-07T17:23:42.081,tof2,8x8,edge_sit,-1,-1,3207,3229,-1,-1,-1,-1,-1,-1,-1,-1,-1,-1,-1,-1,-1,-1,-1,-1,-1,-1,-1,-1,-1,-1,-1,-1,-1,-1,-1,-1,-1,1731,1821,-1,-1,-1,-1,-1,1425,-1,1428,1438,1451,1378,-1,-1,1158,1185,1207,1207,1177,1211,1180,-1,985,1012,1023,1025,1013,1008,1007,989,0,0,1,1,0,0,0,1,0,0,0,0,0,0,0,0,0,0,1,0,0,0,0,0,0,0,1,0,0,0,0,0,0,1,1,0,0,0,0,0,1,1,1,1,1,1,1,0,1,1,1,1,1,1,1,0,1,1,1,1,1,1,1,1
2026-07-07T17:23:42.159,tof1,8x8,edge_sit,414,483,-1,-1,-1,-1,-1,-1,378,429,-1,-1,-1,-1,-1,-1,376,436,490,-1,-1,-1,-1,-1,378,393,481,-1,-1,-1,-1,-1,377,387,433,-1,-1,-1,-1,-1,383,405,436,-1,2065,1968,1989,-1,389,392,442,495,-1,-1,-1,-1,373,399,403,458,1041,-1,1032,887,1,1,0,0,0,0,0,0,1,1,0,0,0,0,0,0,1,1,1,0,1,0,0,0,1,1,1,0,0,0,0,0,1,1,1,0,0,0,0,0,1,1,1,0,1,1,1,0,1,1,1,1,0,0,0,0,1,1,1,1,1,1,1,1
2026-07-07T17:23:42.194,tof2,8x8,edge_sit,-1,-1,3167,-1,-1,-1,-1,-1,-1,-1,-1,-1,-1,-1,-1,-1,-1,-1,-1,-1,-1,-1,-1,-1,-1,-1,-1,-1,-1,-1,-1,-1,-1,1786,1848,1730,1543,-1,-1,-1,1381,1558,-1,1441,1410,1398,-1,-1,1180,1217,1185,1211,1198,1192,1199,-1,1000,1016,1025,1014,1033,1002,1008,987,0,0,1,0,0,0,0,0,0,0,0,0,0,0,0,0,0,0,0,1,0,0,0,0,0,0,0,0,0,0,0,0,0,1,1,1,1,0,1,0,1,1,0,1,1,1,0,0,1,1,1,1,1,1,1,0,1,1,1,1,1,1,1,1
2026-07-07T17:23:42.279,tof1,8x8,edge_sit,452,487,-1,-1,-1,-1,-1,-1,385,432,-1,-1,-1,-1,-1,-1,381,421,448,-1,-1,-1,-1,-1,370,404,476,-1,-1,-1,-1,-1,377,397,432,-1,-1,-1,-1,-1,398,406,439,-1,1976,1971,-1,-1,395,400,445,488,-1,-1,-1,-1,381,399,412,457,1028,985,992,887,1,1,0,0,0,0,0,0,1,1,0,0,0,0,0,0,1,1,1,0,0,0,0,0,1,1,1,0,0,0,0,0,1,1,1,0,0,0,0,0,1,1,1,0,1,1,1,0,1,1,1,1,0,0,0,0,1,1,1,1,1,1,1,1
2026-07-07T17:23:42.327,tof2,8x8,edge_sit,-1,-1,3170,-1,-1,-1,-1,-1,-1,-1,-1,-1,-1,-1,-1,-1,-1,-1,-1,-1,-1,-1,-1,-1,-1,-1,-1,-1,-1,-1,-1,-1,-1,1701,1780,-1,-1,-1,-1,-1,1426,1440,-1,1441,1446,1428,-1,-1,1161,1181,1221,1190,1227,1213,1188,-1,1009,1008,1006,1042,1007,1025,1030,976,1,0,1,1,0,0,0,1,0,0,0,0,0,0,0,0,0,0,0,0,0,0,0,0,0,0,0,0,0,0,0,0,0,1,1,0,0,0,0,0,1,1,1,1,1,1,0,0,1,1,1,1,1,1,1,0,1,1,1,1,1,1,1,1
2026-07-07T17:23:42.396,tof1,8x8,edge_sit,435,527,-1,-1,-1,-1,-1,-1,385,435,-1,-1,-1,-1,-1,-1,372,417,487,-1,-1,-1,-1,-1,372,408,453,-1,-1,-1,-1,-1,377,391,455,-1,-1,-1,-1,-1,399,416,456,-1,1968,1941,-1,-1,392,394,429,461,-1,-1,-1,-1,379,396,415,449,988,970,1008,913,1,1,0,0,0,0,0,0,1,1,0,0,0,0,0,0,1,1,1,0,0,0,0,0,1,1,1,0,0,0,0,0,1,1,1,0,0,0,0,0,1,1,1,0,1,1,0,0,1,1,1,1,0,0,0,1,1,1,1,1,1,1,1,1
2026-07-07T17:23:42.446,tof2,8x8,edge_sit,-1,-1,3205,3217,-1,-1,-1,3319,-1,-1,-1,-1,-1,-1,-1,-1,-1,-1,-1,-1,-1,-1,-1,-1,-1,-1,-1,-1,-1,-1,-1,-1,-1,1862,1812,-1,-1,-1,-1,-1,1369,-1,-1,1410,1454,1435,-1,-1,1183,1222,1166,1180,1230,1233,1128,-1,999,1017,1016,1019,1027,1027,1015,984,0,0,1,1,0,0,0,1,0,0,0,0,0,0,0,0,0,0,0,1,0,0,0,0,0,0,0,0,0,0,1,0,0,1,1,1,0,0,0,0,1,0,1,1,1,1,0,0,1,1,1,1,1,1,1,1,1,1,1,1,1,1,1,1
2026-07-07T17:23:42.512,tof1,8x8,edge_sit,446,480,-1,-1,-1,-1,-1,-1,368,431,-1,-1,-1,-1,-1,-1,366,424,-1,-1,-1,-1,-1,-1,375,413,445,-1,-1,-1,-1,-1,372,397,448,521,-1,-1,-1,-1,373,406,416,-1,1962,2029,-1,-1,386,389,437,468,-1,-1,1341,-1,375,388,409,450,1009,-1,984,926,1,1,0,0,0,0,0,0,1,1,0,0,0,0,0,0,1,1,0,0,0,0,0,0,1,1,1,0,0,0,0,0,1,1,1,1,0,0,0,0,1,1,1,0,1,1,0,0,1,1,1,1,0,0,1,0,1,1,1,1,1,1,1,1
2026-07-07T17:23:42.546,tof2,8x8,edge_sit,-1,-1,3201,-1,-1,-1,-1,-1,-1,-1,-1,-1,-1,-1,-1,-1,-1,-1,-1,-1,-1,-1,-1,-1,-1,-1,-1,-1,-1,-1,-1,-1,-1,1762,1868,-1,-1,-1,-1,-1,1379,1411,-1,1465,1451,1433,-1,-1,1185,1188,1229,1203,1225,1184,1183,-1,995,1017,1004,1032,1035,1023,1017,990,0,0,1,0,0,0,0,0,0,0,0,0,0,0,0,0,0,0,0,0,0,0,0,0,0,0,0,0,0,0,0,0,0,1,1,1,0,0,0,0,1,1,0,1,1,1,1,0,1,1,1,1,1,1,1,0,1,1,1,1,1,1,1,1
2026-07-07T17:23:42.636,tof1,8x8,edge_sit,479,500,-1,-1,-1,-1,-1,-1,396,431,-1,-1,-1,-1,-1,-1,382,432,446,-1,-1,-1,-1,-1,371,391,438,-1,-1,-1,-1,-1,373,401,438,-1,-1,-1,-1,-1,392,401,447,-1,1943,1956,1932,-1,380,389,425,466,-1,-1,-1,1175,374,390,404,444,1010,998,953,942,1,1,0,0,0,0,0,0,1,1,0,0,0,0,0,0,1,1,1,0,0,0,0,0,1,1,1,0,0,0,0,0,1,1,1,0,1,0,0,0,1,1,1,0,1,1,1,0,1,1,1,1,0,0,0,1,1,1,1,1,1,1,1,1
2026-07-07T17:23:42.651,tof2,8x8,edge_sit,-1,-1,3164,-1,-1,-1,-1,-1,-1,-1,-1,-1,-1,-1,-1,-1,-1,-1,-1,-1,-1,-1,-1,-1,-1,-1,-1,-1,-1,-1,-1,-1,-1,1756,1764,1816,-1,-1,-1,-1,1399,1391,-1,1407,1414,1449,-1,-1,1212,1189,1177,1185,1215,1179,1174,-1,990,1012,1014,1024,1032,1009,1025,992,0,0,1,0,0,0,0,0,0,0,0,0,0,0,0,0,0,0,0,0,0,0,0,0,0,0,1,0,0,0,0,0,0,1,1,1,0,0,0,0,1,1,0,1,1,1,0,0,1,1,1,1,1,1,1,0,1,1,1,1,1,1,1,1
2026-07-07T17:23:42.747,tof2,8x8,edge_sit,-1,-1,3199,-1,-1,-1,-1,-1,-1,-1,-1,-1,-1,-1,-1,-1,-1,-1,1251,-1,-1,-1,-1,-1,-1,-1,-1,-1,-1,-1,-1,-1,-1,-1,-1,-1,-1,-1,-1,-1,1457,1478,-1,1439,1429,1411,-1,-1,1190,1233,1224,1208,1198,1229,1184,-1,983,999,1034,1025,1019,1013,1011,990,0,0,1,0,0,0,0,0,0,0,0,0,0,0,0,0,0,0,1,0,0,0,0,0,0,0,0,0,0,0,0,0,0,0,1,1,0,0,0,0,1,1,0,1,1,1,0,0,1,1,1,1,1,1,1,0,1,1,1,1,1,1,1,1
2026-07-07T17:23:42.761,tof1,8x8,edge_sit,480,470,-1,-1,-1,-1,-1,-1,386,441,-1,-1,-1,-1,-1,-1,372,413,451,-1,-1,-1,-1,-1,380,407,451,-1,-1,-1,-1,-1,379,399,450,515,-1,-1,-1,-1,386,412,459,-1,2000,1952,-1,-1,391,392,428,473,-1,-1,-1,-1,378,383,412,454,954,974,993,939,1,1,0,0,0,0,0,0,1,1,0,0,0,0,0,0,1,1,1,0,0,0,0,0,1,1,1,0,0,0,0,0,1,1,1,1,0,0,0,0,1,1,1,0,1,1,0,0,1,1,1,1,0,0,1,0,1,1,1,1,1,1,1,1
2026-07-07T17:23:42.865,tof1,8x8,edge_sit,479,514,-1,-1,-1,-1,-1,-1,387,435,-1,-1,-1,-1,-1,-1,374,409,465,-1,-1,-1,-1,-1,382,407,445,-1,-1,-1,-1,-1,383,397,457,-1,-1,-1,-1,-1,381,405,432,-1,1983,1938,1944,-1,386,389,428,430,-1,-1,-1,1191,389,382,417,448,1006,977,963,956,1,1,0,0,0,0,0,0,1,1,0,0,0,0,0,0,1,1,1,0,0,0,0,0,1,1,1,0,0,0,0,0,1,1,1,1,0,0,0,0,1,1,1,1,1,1,1,0,1,1,1,1,0,0,0,1,1,1,1,1,1,1,1,1
2026-07-07T17:23:42.980,tof1,8x8,edge_sit,481,526,-1,-1,-1,-1,-1,-1,388,431,-1,-1,-1,-1,-1,-1,376,409,433,-1,-1,-1,-1,-1,373,394,459,-1,-1,-1,-1,-1,375,396,445,479,-1,-1,-1,-1,392,382,435,507,1894,1952,1967,-1,391,397,396,450,-1,-1,-1,1338,376,382,397,460,968,969,940,907,1,1,0,0,0,0,0,0,1,1,0,0,0,0,0,0,1,1,1,0,0,0,0,0,1,1,1,0,0,0,0,0,1,1,1,1,0,0,0,0,1,1,1,1,1,1,1,0,1,1,1,1,0,0,1,1,1,1,1,1,1,1,1,1
2026-07-07T17:23:42.983,tof2,8x8,edge_sit,-1,-1,3179,3212,-1,-1,-1,-1,-1,-1,-1,-1,-1,-1,-1,-1,-1,-1,-1,-1,-1,-1,-1,-1,-1,-1,-1,-1,-1,-1,-1,-1,-1,1771,1712,1706,-1,-1,-1,-1,1399,1512,1384,1476,1393,1453,-1,-1,1197,1147,1177,1204,1203,1207,1173,1086,998,1004,1017,1039,1037,1008,1033,982,0,0,1,1,0,0,0,0,0,0,0,0,0,0,0,0,0,0,0,0,0,0,0,0,0,0,1,0,0,0,0,0,0,1,1,1,0,0,0,0,1,1,1,1,1,1,0,0,1,1,1,1,1,1,1,1,1,1,1,1,1,1,1,1
2026-07-07T17:23:43.070,tof1,8x8,edge_sit,490,471,-1,-1,-1,-1,-1,-1,385,439,-1,-1,-1,-1,-1,-1,378,414,441,-1,-1,-1,-1,-1,383,399,463,-1,-1,-1,-1,-1,388,401,454,-1,-1,-1,-1,-1,393,403,436,479,1984,1985,-1,-1,400,396,434,446,-1,-1,-1,-1,367,381,404,442,1013,959,939,927,1,1,0,0,0,0,0,0,1,1,0,0,0,0,0,0,1,1,1,0,0,0,0,0,1,1,1,0,0,0,0,0,1,1,1,0,0,0,0,0,1,1,1,1,1,1,1,0,1,1,1,1,0,1,0,0,1,1,1,1,1,1,1,1
2026-07-07T17:23:43.107,tof2,8x8,edge_sit,-1,-1,3210,-1,-1,-1,-1,-1,-1,-1,-1,-1,-1,-1,-1,-1,-1,-1,-1,3250,-1,-1,-1,-1,-1,-1,-1,-1,-1,-1,-1,-1,-1,-1,1827,1738,1549,-1,-1,-1,1399,-1,-1,1454,1440,1458,-1,-1,1188,1206,1173,1200,-1,1223,1139,-1,1000,1000,1021,1034,1036,1028,1009,987,1,0,1,1,0,0,0,0,0,0,0,0,0,0,0,0,0,0,0,1,0,0,0,0,0,0,0,0,0,0,0,0,0,0,1,1,1,0,0,0,1,0,0,1,1,1,0,0,1,1,1,1,1,1,1,0,1,1,1,1,1,1,1,1
2026-07-07T17:23:43.170,tof1,8x8,edge_sit,490,481,-1,-1,-1,-1,-1,-1,380,447,-1,-1,-1,-1,-1,-1,366,417,480,-1,-1,-1,-1,-1,390,396,470,-1,-1,-1,-1,-1,380,407,423,479,-1,-1,-1,-1,399,393,428,534,1939,1980,-1,-1,390,391,428,459,-1,-1,-1,-1,367,392,405,416,1037,972,1008,896,1,1,0,0,0,0,0,0,1,1,0,0,0,0,0,0,1,1,1,0,1,0,0,0,1,1,1,0,0,0,0,0,1,1,1,1,0,0,0,0,1,1,1,1,1,1,1,0,1,1,1,1,0,0,0,0,1,1,1,1,1,1,1,1
2026-07-07T17:23:43.208,tof2,8x8,edge_sit,-1,-1,3186,-1,-1,-1,-1,-1,-1,-1,-1,-1,-1,-1,-1,-1,-1,-1,-1,-1,-1,-1,-1,-1,-1,-1,-1,-1,-1,-1,-1,-1,-1,1744,1786,-1,-1,-1,-1,-1,1395,-1,-1,1474,1454,1430,-1,-1,1176,1208,1186,1193,1177,1217,1173,-1,993,1023,1017,1031,1022,1018,1027,995,0,0,1,0,0,0,0,0,0,0,0,0,0,0,0,1,0,0,0,0,0,0,0,0,0,1,1,0,0,0,0,0,0,1,1,0,0,0,0,0,1,0,0,1,1,1,0,0,1,1,1,1,1,1,1,0,1,1,1,1,1,1,1,1
2026-07-07T17:23:43.290,tof1,8x8,edge_sit,482,475,-1,-1,-1,-1,-1,-1,386,428,-1,-1,-1,-1,-1,-1,383,425,473,-1,-1,-1,-1,-1,379,401,454,-1,-1,-1,-1,-1,383,395,446,487,-1,-1,-1,-1,389,403,414,-1,1954,1976,1946,-1,396,396,424,460,-1,-1,-1,-1,387,390,412,460,1003,1002,932,888,1,1,0,0,0,0,0,0,1,1,1,0,0,0,0,0,1,1,1,0,0,0,0,0,1,1,1,1,0,0,0,0,1,1,1,1,0,0,0,0,1,1,1,0,1,1,1,0,1,1,1,1,0,1,0,0,1,1,1,1,1,1,1,1
2026-07-07T17:23:43.312,tof2,8x8,edge_sit,-1,-1,3181,-1,-1,-1,-1,-1,-1,-1,-1,-1,-1,-1,-1,-1,-1,-1,-1,-1,-1,-1,-1,-1,-1,-1,1957,-1,-1,-1,-1,-1,-1,1740,1808,-1,-1,-1,-1,-1,1370,-1,-1,1450,1426,1421,-1,-1,1184,1202,1175,1195,1207,1211,1182,-1,985,1011,1015,1040,1023,1011,1023,999,0,0,1,0,0,0,0,0,0,0,0,0,0,0,0,0,0,0,0,1,0,0,0,0,0,0,1,0,0,0,0,0,0,1,1,0,0,0,0,0,1,0,1,1,1,1,0,0,1,1,1,1,1,1,1,0,1,1,1,1,1,1,1,1
2026-07-07T17:23:43.390,tof1,8x8,edge_sit,473,530,-1,-1,-1,-1,-1,-1,394,425,-1,-1,-1,-1,-1,-1,384,419,452,-1,-1,-1,-1,-1,379,403,482,-1,-1,-1,-1,-1,377,398,442,492,-1,-1,-1,-1,390,404,426,-1,1969,1976,-1,-1,391,393,419,436,-1,-1,-1,-1,376,399,399,442,1008,974,-1,928,1,1,0,0,0,0,0,0,1,1,0,0,0,0,0,0,1,1,1,0,0,0,0,0,1,1,1,0,0,0,0,0,1,1,1,1,0,0,0,0,1,1,1,0,1,1,0,1,1,1,1,1,0,0,1,0,1,1,1,1,1,1,1,1
2026-07-07T17:23:43.411,tof2,8x8,edge_sit,-1,-1,3203,3203,-1,-1,-1,-1,-1,-1,-1,-1,-1,-1,-1,-1,-1,-1,-1,-1,-1,-1,-1,-1,-1,-1,-1,-1,-1,-1,-1,-1,-1,1718,1769,1699,-1,-1,-1,-1,1388,-1,1466,1437,1483,1447,-1,-1,1201,1177,1243,1209,1225,1189,1179,-1,998,1017,1017,1029,1041,1040,1003,974,0,1,1,1,0,0,1,0,0,0,0,0,0,0,0,0,0,0,0,1,0,0,0,0,0,0,0,0,0,0,0,0,0,1,1,1,0,0,0,0,1,1,1,1,1,1,0,0,1,1,1,1,1,1,1,1,1,1,1,1,1,1,1,1
2026-07-07T17:23:43.492,tof1,8x8,edge_sit,483,509,-1,-1,-1,-1,-1,-1,394,442,-1,-1,-1,-1,-1,-1,382,408,456,-1,-1,-1,-1,-1,394,403,436,-1,-1,-1,-1,-1,380,403,450,481,-1,-1,-1,-1,375,402,441,-1,2003,1953,-1,-1,380,394,418,459,-1,-1,1255,-1,387,398,397,439,1068,973,940,927,1,1,0,0,0,0,0,0,1,1,0,0,0,0,0,0,1,1,1,0,0,0,0,0,1,1,1,0,0,0,0,0,1,1,1,1,0,0,0,0,1,1,1,0,1,1,0,0,1,1,1,1,0,0,1,0,1,1,1,1,1,1,1,1
2026-07-07T17:23:43.516,tof2,8x8,edge_sit,-1,-1,3207,3259,-1,-1,-1,-1,-1,-1,-1,-1,-1,-1,-1,-1,-1,-1,-1,510,-1,-1,-1,-1,-1,-1,-1,-1,-1,-1,-1,-1,-1,1788,1808,1650,-1,-1,-1,-1,1409,1330,-1,1436,1399,1400,-1,-1,1159,1163,1260,1204,1256,1210,1197,-1,996,1009,1016,1030,1014,1023,1019,974,0,0,1,1,0,0,0,0,0,0,0,0,0,0,1,0,0,0,0,1,0,1,0,0,0,0,0,0,0,0,0,0,0,1,1,1,0,0,0,0,1,1,0,1,1,1,0,0,1,1,1,1,1,1,1,1,1,1,1,1,1,1,1,1
2026-07-07T17:23:43.577,tof1,8x8,edge_sit,465,493,-1,-1,-1,-1,-1,-1,389,428,-1,-1,-1,-1,-1,-1,372,409,441,-1,-1,-1,-1,-1,387,396,439,-1,-1,-1,-1,-1,392,397,433,462,-1,-1,-1,-1,387,399,432,-1,1959,1951,1959,-1,386,376,412,465,-1,-1,-1,-1,381,390,400,441,465,1027,976,890,1,1,0,0,0,0,0,0,1,1,0,0,0,0,0,0,1,1,1,0,0,0,0,0,1,1,1,1,0,0,0,0,1,1,1,1,0,0,0,0,1,1,1,0,1,1,1,0,1,1,1,1,0,0,0,0,1,1,1,1,1,1,1,1
2026-07-07T17:23:43.762,tof2,8x8,edge_sit,-1,-1,3177,-1,-1,-1,-1,3223,-1,-1,-1,-1,-1,-1,-1,-1,-1,-1,-1,-1,-1,-1,-1,-1,-1,-1,-1,-1,-1,-1,-1,-1,-1,1728,1739,1636,1598,-1,-1,-1,1391,-1,-1,1471,1458,1414,-1,-1,1206,1209,1206,1197,1198,1226,1186,-1,993,1023,1027,1022,1010,1008,1003,986,0,0,1,0,0,0,0,1,0,0,0,0,0,0,0,0,0,0,0,0,0,0,0,0,0,1,0,0,0,0,0,0,0,1,1,1,1,0,0,0,1,0,0,1,1,1,1,0,1,1,1,1,1,1,1,1,1,1,1,1,1,1,1,1
2026-07-07T17:23:43.883,tof1,8x8,edge_sit,468,534,-1,-1,-1,-1,-1,-1,393,406,-1,-1,-1,-1,-1,-1,369,404,452,-1,-1,-1,-1,-1,378,390,435,478,-1,-1,-1,-1,375,391,455,-1,-1,-1,-1,-1,369,399,430,446,-1,2002,-1,-1,397,391,432,472,-1,-1,-1,-1,399,387,394,445,1006,972,954,928,1,1,0,0,0,0,0,0,1,1,0,0,0,0,0,0,1,1,1,0,0,0,0,0,1,1,1,1,0,0,0,0,1,1,1,0,0,0,0,0,1,1,1,1,0,1,0,0,1,1,1,1,0,0,0,0,1,1,1,1,1,1,1,1
2026-07-07T17:23:43.886,tof2,8x8,edge_sit,-1,-1,3186,-1,-1,-1,-1,-1,-1,-1,-1,-1,-1,-1,-1,-1,-1,-1,-1,-1,-1,-1,-1,-1,-1,-1,-1,-1,-1,-1,-1,-1,-1,1771,1815,-1,-1,-1,-1,-1,1394,-1,1447,1418,1476,1417,-1,-1,1198,1199,1199,1223,1202,1223,1206,-1,1007,1010,1018,1025,1029,1019,1009,993,0,0,1,0,0,0,1,0,0,0,0,0,0,0,0,0,0,0,0,0,0,0,1,0,0,0,0,0,0,0,0,0,0,1,1,1,0,0,0,0,1,0,1,1,1,1,0,0,1,1,1,1,1,1,1,0,1,1,1,1,1,1,1,1
2026-07-07T17:23:43.983,tof1,8x8,edge_sit,467,511,-1,-1,-1,-1,-1,-1,395,427,-1,-1,-1,-1,-1,-1,380,397,443,-1,-1,-1,-1,-1,384,391,434,-1,-1,-1,-1,-1,381,402,435,484,-1,-1,-1,-1,378,394,426,445,-1,1956,-1,-1,392,397,400,454,-1,-1,-1,-1,374,393,413,450,-1,962,936,942,1,1,0,0,0,0,0,0,1,1,0,0,0,0,0,0,1,1,1,0,0,0,0,0,1,1,1,1,0,0,0,0,1,1,1,1,0,0,0,0,1,1,1,1,0,1,0,0,1,1,1,1,0,0,0,0,1,1,1,1,0,1,1,1
2026-07-07T17:23:44.152,tof2,8x8,edge_sit,-1,-1,3174,-1,-1,-1,-1,-1,-1,-1,-1,-1,-1,-1,-1,-1,-1,-1,-1,-1,-1,-1,-1,-1,-1,-1,-1,-1,-1,-1,-1,-1,-1,1733,-1,1646,-1,-1,-1,-1,1406,-1,1432,1430,1439,1406,-1,-1,1167,1188,1184,1192,1224,1210,1179,2227,987,1012,1017,1009,1045,1021,1023,986,0,0,1,0,0,0,0,0,0,0,0,0,1,0,0,0,0,0,0,0,0,0,0,0,0,0,1,0,0,0,0,0,0,1,0,1,0,0,0,0,1,0,1,1,1,1,0,0,1,1,1,1,1,1,1,1,1,1,1,1,1,1,1,1
2026-07-07T17:23:44.168,tof1,8x8,edge_sit,473,504,-1,-1,-1,-1,-1,-1,392,417,-1,-1,-1,-1,-1,-1,377,401,469,-1,-1,-1,-1,-1,373,409,451,491,-1,-1,-1,-1,382,392,439,-1,-1,-1,-1,-1,387,404,427,-1,1962,1960,-1,-1,393,396,399,443,-1,-1,-1,-1,389,395,392,449,992,1020,971,899,1,1,0,0,0,0,0,0,1,1,0,0,0,0,0,0,1,1,1,0,0,0,0,0,1,1,1,1,0,0,0,0,1,1,1,1,0,0,0,0,1,1,1,0,1,1,0,0,1,1,1,1,0,0,1,0,1,1,1,1,1,1,1,1
2026-07-07T17:23:44.400,tof2,8x8,edge_sit,-1,-1,3199,-1,-1,-1,-1,-1,-1,-1,-1,-1,-1,-1,-1,-1,-1,-1,-1,-1,-1,-1,-1,-1,-1,-1,-1,-1,-1,-1,-1,-1,-1,1787,1749,-1,-1,-1,-1,-1,1389,1517,-1,1442,1385,1435,-1,-1,1205,1187,1175,1205,1169,1176,1163,-1,994,1009,1009,1011,1010,1024,1029,998,0,0,1,1,0,0,0,1,0,0,0,0,0,0,0,0,0,0,0,0,0,0,0,0,0,1,1,0,0,0,0,0,0,1,1,0,0,0,0,0,1,1,1,1,1,1,0,0,1,1,1,1,1,1,1,0,1,1,1,1,1,1,1,1
2026-07-07T17:23:44.470,tof1,8x8,edge_sit,501,503,-1,-1,-1,-1,-1,-1,388,425,-1,-1,-1,-1,-1,-1,371,413,402,-1,-1,-1,-1,-1,388,402,430,-1,-1,-1,-1,-1,386,389,447,464,-1,-1,-1,-1,391,404,436,-1,1969,1969,2033,-1,390,401,420,435,-1,-1,-1,-1,398,395,405,448,-1,961,-1,914,1,1,0,0,0,0,0,0,1,1,0,0,0,0,0,0,1,1,1,0,0,0,0,0,1,1,1,0,0,0,0,0,1,1,1,1,0,0,0,0,1,1,1,1,1,1,1,0,1,1,1,1,0,0,0,0,1,1,1,1,1,1,1,1
2026-07-07T17:23:44.671,tof2,8x8,edge_sit,-1,-1,3183,3246,-1,-1,-1,-1,-1,-1,-1,-1,-1,-1,-1,-1,-1,-1,-1,-1,-1,-1,-1,-1,-1,-1,-1,-1,-1,-1,-1,-1,-1,1828,1811,1737,-1,-1,-1,-1,1395,-1,-1,1444,1454,1445,-1,-1,1178,1250,1179,1202,1215,1213,1159,-1,992,1015,1012,1022,1029,1023,1003,972,0,0,1,1,0,0,0,0,0,0,0,0,0,0,0,0,0,1,0,0,0,0,0,0,0,0,1,0,0,0,0,0,0,1,1,1,0,0,0,0,1,0,1,1,1,1,0,0,1,1,1,1,1,1,1,1,1,1,1,1,1,1,1,1
2026-07-07T17:23:44.724,tof1,8x8,edge_sit,480,477,-1,-1,-1,-1,-1,-1,398,402,-1,-1,-1,-1,-1,-1,379,422,440,-1,-1,-1,-1,-1,380,399,437,-1,-1,-1,-1,-1,394,405,432,467,-1,-1,-1,-1,385,393,436,484,1985,1993,1921,-1,387,395,413,461,-1,-1,-1,-1,373,384,403,447,995,931,930,900,1,1,0,0,0,0,0,0,1,1,0,0,0,0,0,0,1,1,1,0,0,0,0,0,1,1,1,0,0,0,0,0,1,1,1,1,0,0,0,0,1,1,1,1,1,1,1,0,1,1,1,1,1,0,0,0,1,1,1,1,1,1,1,1
2026-07-07T17:23:44.865,tof1,8x8,edge_sit,492,470,-1,-1,-1,-1,-1,-1,388,426,-1,-1,-1,-1,-1,-1,380,403,448,-1,-1,-1,-1,-1,378,393,433,510,-1,-1,-1,-1,392,402,443,476,-1,-1,-1,-1,384,403,428,-1,-1,1995,1963,-1,392,398,408,460,-1,-1,-1,-1,381,395,400,441,1038,995,941,908,1,1,0,0,0,0,0,0,1,1,0,0,0,0,0,0,1,1,1,0,0,0,0,0,1,1,1,1,0,0,0,0,1,1,1,1,0,0,0,0,1,1,1,1,0,1,1,0,1,1,1,1,0,0,1,0,1,1,1,1,1,1,1,1
2026-07-07T17:23:44.828,tof2,8x8,edge_sit,-1,-1,3217,-1,-1,-1,-1,-1,-1,-1,-1,-1,-1,-1,-1,-1,-1,-1,-1,-1,-1,-1,-1,-1,-1,-1,-1,-1,-1,-1,-1,-1,-1,1747,1827,-1,-1,-1,-1,-1,1366,-1,1412,1448,1425,1392,-1,-1,1194,1210,1197,1190,1239,1210,1177,-1,1004,997,1028,1013,1022,1028,1001,983,0,0,1,0,0,0,0,0,0,0,0,0,0,0,0,0,0,0,0,0,0,1,0,0,0,0,0,0,0,0,0,0,0,1,1,1,0,0,0,0,1,1,1,1,1,1,1,0,1,1,1,1,1,1,1,1,1,1,1,1,1,1,1,1
2026-07-07T17:23:45.055,tof2,8x8,edge_sit,-1,-1,3218,-1,-1,-1,-1,-1,-1,-1,-1,-1,-1,-1,-1,-1,-1,-1,-1,-1,-1,-1,-1,-1,-1,-1,-1,-1,-1,-1,-1,-1,-1,1792,-1,-1,-1,-1,-1,-1,1418,-1,1456,1452,1411,1414,-1,-1,1126,1195,1192,1186,1230,1192,1213,-1,992,1007,1010,1025,1012,1021,1018,998,0,0,1,0,0,0,1,0,0,0,0,0,0,0,0,0,0,0,0,0,0,0,0,0,0,0,0,0,0,0,0,0,0,1,1,1,0,0,0,0,1,0,1,1,1,1,0,0,1,1,1,1,1,1,1,0,1,1,1,1,1,1,1,1
2026-07-07T17:23:45.081,tof1,8x8,edge_sit,478,482,-1,-1,-1,-1,-1,-1,393,423,-1,-1,-1,-1,-1,-1,379,401,440,-1,-1,-1,-1,-1,370,392,449,-1,-1,-1,-1,-1,394,402,424,469,-1,-1,-1,-1,389,404,437,464,1966,1968,-1,-1,391,388,425,447,-1,-1,-1,-1,379,400,403,436,-1,964,973,909,1,1,0,0,0,0,0,0,1,1,0,0,0,0,0,0,1,1,1,0,0,0,0,0,1,1,1,1,0,0,0,0,1,1,1,1,0,0,0,0,1,1,1,1,1,1,0,0,1,1,1,1,0,0,0,0,1,1,1,1,1,1,1,1
2026-07-07T17:23:45.203,tof2,8x8,edge_sit,-1,-1,3194,3259,-1,-1,-1,-1,-1,-1,-1,-1,-1,-1,-1,-1,-1,-1,-1,-1,-1,-1,-1,-1,-1,-1,-1,-1,-1,-1,-1,-1,-1,1712,1789,1731,-1,-1,-1,-1,1412,-1,1444,1471,-1,1419,-1,-1,1171,1209,1199,1220,1182,1206,1179,-1,1001,992,1011,1032,1007,1033,1023,1015,0,0,1,1,0,0,0,0,1,0,0,0,0,0,0,0,0,0,0,0,0,0,0,0,0,0,0,1,0,0,0,0,0,1,1,1,0,0,0,0,1,0,1,1,1,1,1,0,1,1,1,1,1,1,1,0,1,1,1,1,1,1,1,1
2026-07-07T17:23:45.365,tof2,8x8,edge_sit,-1,-1,3195,-1,-1,-1,-1,-1,-1,-1,-1,-1,-1,-1,-1,-1,-1,-1,-1,-1,-1,-1,-1,-1,-1,-1,-1,-1,-1,-1,-1,-1,-1,1754,1822,1632,-1,-1,-1,-1,1398,-1,1385,1442,1412,1399,-1,-1,1175,1185,1172,1202,1215,1221,1155,-1,992,1014,1022,1016,1021,1016,1026,981,0,0,1,0,0,0,0,0,0,0,0,0,0,0,0,0,0,0,0,0,0,0,0,0,0,0,0,0,0,0,0,0,0,1,1,1,0,0,0,0,1,0,1,1,1,1,0,0,1,1,1,1,1,1,1,1,1,1,1,1,1,1,1,1
2026-07-07T17:23:45.653,tof1,8x8,edge_sit,471,477,-1,-1,-1,-1,-1,-1,387,411,462,-1,-1,-1,-1,-1,371,404,431,-1,-1,-1,-1,-1,368,383,435,467,-1,-1,-1,-1,383,403,435,455,-1,-1,-1,-1,387,386,426,-1,-1,1976,1997,-1,391,394,407,442,-1,-1,-1,-1,382,378,414,462,1043,1004,977,943,1,1,0,0,0,0,0,0,1,1,1,0,0,0,0,0,1,1,1,0,0,0,0,0,1,1,1,1,0,0,0,0,1,1,1,1,0,0,0,0,1,1,1,0,0,1,1,1,1,1,1,1,0,0,0,0,1,1,1,1,1,1,1,1
2026-07-07T17:23:45.685,tof1,8x8,edge_sit,409,452,518,-1,-1,-1,-1,-1,375,402,429,-1,-1,-1,-1,-1,360,395,422,-1,-1,-1,-1,-1,358,384,435,465,-1,-1,-1,-1,376,403,419,449,-1,-1,-1,-1,389,386,417,434,1972,1926,-1,-1,391,393,415,459,-1,-1,1330,-1,371,386,399,448,1022,971,952,948,1,1,1,0,0,0,0,0,1,1,1,0,0,0,0,0,1,1,1,0,0,0,0,0,1,1,1,1,0,0,0,0,1,1,1,1,0,0,0,0,1,1,1,1,1,1,0,0,1,1,1,1,0,0,1,0,1,1,1,1,1,1,1,1
2026-07-07T17:23:45.720,tof2,8x8,edge_sit,-1,-1,3211,-1,-1,-1,-1,-1,-1,-1,-1,-1,-1,-1,-1,-1,-1,-1,-1,-1,-1,-1,-1,-1,-1,-1,-1,-1,-1,-1,-1,-1,-1,-1,1796,-1,-1,-1,-1,-1,1392,-1,-1,1487,1431,1473,-1,-1,1175,1206,1186,1210,1195,1214,1199,-1,994,999,1021,1011,1019,1019,1010,990,0,0,1,1,0,0,1,1,0,1,0,0,0,0,0,0,0,0,0,0,0,0,0,0,0,0,0,0,0,0,0,0,0,1,1,1,0,1,0,0,1,0,0,1,1,1,1,0,1,1,1,1,1,1,1,0,1,1,1,1,1,1,1,1
2026-07-07T17:23:46.067,tof2,8x8,edge_sit,-1,-1,3186,3192,-1,-1,-1,-1,-1,-1,-1,-1,-1,-1,-1,-1,-1,-1,-1,-1,-1,-1,-1,-1,-1,-1,-1,-1,-1,-1,-1,-1,-1,1768,1846,-1,-1,-1,-1,-1,1362,1342,1437,1437,1435,1417,1240,-1,1201,1220,1194,1191,1194,1196,1183,-1,987,1004,1017,1027,1046,1017,1031,993,0,0,1,1,1,0,0,1,0,0,0,0,0,0,0,0,0,0,0,0,0,0,0,0,0,1,0,0,0,0,0,0,0,1,1,0,0,0,0,0,1,1,1,1,1,1,1,0,1,1,1,1,1,1,1,0,1,1,1,1,1,1,1,1
2026-07-07T17:23:46.158,tof1,8x8,edge_sit,403,446,454,-1,-1,-1,-1,-1,368,388,426,-1,-1,-1,-1,-1,369,391,405,-1,-1,-1,-1,-1,362,380,418,483,-1,-1,-1,-1,368,383,408,447,-1,-1,-1,-1,389,390,408,432,-1,1974,-1,-1,403,400,431,423,-1,-1,-1,-1,394,404,404,455,1031,994,901,912,1,1,1,0,0,0,0,0,1,1,1,0,0,0,0,0,1,1,1,0,0,0,0,0,1,1,1,1,0,0,0,0,1,1,1,1,0,0,0,0,1,1,1,1,0,1,0,0,1,1,1,1,0,0,1,0,1,1,1,1,1,1,1,1
2026-07-07T17:23:46.262,tof2,8x8,edge_sit,-1,-1,3208,-1,-1,-1,-1,-1,-1,-1,-1,-1,-1,-1,-1,-1,-1,-1,-1,-1,-1,-1,-1,-1,-1,-1,-1,-1,-1,-1,-1,-1,-1,1813,-1,1712,-1,-1,-1,-1,1367,-1,1455,1431,1493,1411,-1,-1,1188,1234,1212,1198,1187,1212,1178,-1,1007,1009,1035,1024,1033,1018,1029,984,0,0,1,0,0,0,0,0,0,0,0,0,0,0,0,0,0,0,0,0,0,0,0,0,0,0,0,0,0,0,0,0,0,1,0,1,1,0,0,0,1,1,1,1,1,1,0,0,1,1,1,1,1,1,1,0,1,1,1,1,1,1,1,1
2026-07-07T17:23:46.382,tof1,8x8,edge_sit,473,491,-1,-1,-1,-1,-1,-1,371,403,446,-1,-1,-1,-1,-1,364,395,419,432,-1,-1,-1,-1,362,378,450,459,-1,-1,-1,-1,369,388,412,479,-1,-1,-1,-1,378,394,399,452,1956,1934,1949,-1,395,388,432,425,-1,-1,-1,1407,391,397,403,420,1015,1006,942,916,1,1,0,0,0,0,0,0,1,1,1,0,0,0,0,0,1,1,1,1,0,0,0,0,1,1,1,1,0,0,0,0,1,1,1,1,0,0,0,0,1,1,1,1,1,1,1,0,1,1,1,1,0,0,0,1,1,1,1,1,1,1,1,1
2026-07-07T17:23:46.436,tof2,8x8,edge_sit,-1,-1,3201,3228,-1,-1,-1,-1,-1,-1,-1,-1,-1,-1,-1,-1,-1,-1,-1,-1,-1,-1,-1,-1,-1,-1,1905,-1,-1,-1,-1,-1,-1,1759,1805,1604,-1,-1,-1,-1,1448,-1,1404,1467,1422,1432,-1,-1,1195,1163,1220,1213,1219,1199,1196,-1,996,989,1012,1028,1041,1029,1015,976,0,0,1,1,0,0,0,0,0,0,0,0,0,0,0,0,0,0,0,0,0,0,0,0,0,0,1,0,0,0,0,0,0,1,1,1,0,0,0,0,1,1,1,1,1,1,0,0,1,1,1,1,1,1,1,0,1,1,1,1,1,1,1,1
2026-07-07T17:23:46.577,tof1,8x8,edge_sit,492,470,472,-1,-1,-1,-1,-1,367,403,454,-1,-1,-1,-1,-1,360,397,428,446,-1,-1,-1,-1,359,392,419,421,-1,-1,-1,-1,363,399,400,473,-1,-1,-1,-1,378,395,417,447,1945,1990,1984,-1,388,399,412,410,-1,-1,-1,-1,396,388,405,428,1066,998,923,898,1,1,1,0,0,0,0,0,1,1,1,0,0,0,0,0,1,1,1,1,0,0,0,0,1,1,1,1,0,0,0,0,1,1,1,1,0,0,0,0,1,1,1,1,1,1,1,0,1,1,1,1,0,1,0,0,1,1,1,1,1,1,1,1
2026-07-07T17:23:46.606,tof2,8x8,edge_sit,-1,-1,3189,3222,-1,-1,-1,-1,-1,-1,-1,-1,-1,-1,-1,-1,-1,-1,-1,-1,-1,-1,-1,-1,-1,-1,-1,-1,-1,-1,-1,-1,-1,1773,1760,1619,-1,-1,-1,-1,1387,1404,1411,1450,1463,1420,-1,-1,1219,1200,1231,1202,1215,1188,1193,-1,987,1010,1015,1020,1015,1016,1004,996,0,0,1,1,0,0,0,0,0,0,0,0,0,0,0,0,0,0,0,0,0,0,1,0,0,0,1,0,0,0,0,0,0,1,1,1,0,0,0,0,1,1,1,1,1,1,0,0,1,1,1,1,1,1,1,0,1,1,1,1,1,1,1,1
2026-07-07T17:23:47.106,tof1,8x8,edge_sit,519,510,-1,-1,-1,-1,-1,-1,371,383,439,-1,-1,-1,-1,-1,362,387,419,463,-1,-1,-1,-1,377,387,410,444,-1,-1,-1,-1,371,381,401,452,-1,-1,-1,-1,379,388,401,456,-1,1954,1963,-1,389,382,405,428,-1,-1,-1,-1,393,377,405,416,459,1023,967,919,1,1,0,0,0,0,0,0,1,1,1,0,0,0,0,0,1,1,1,1,0,0,0,0,1,1,1,1,0,0,0,0,1,1,1,1,0,0,0,0,1,1,1,1,0,1,1,0,1,1,1,1,0,0,1,1,1,1,1,1,1,1,1,1
2026-07-07T17:23:47.157,tof2,8x8,edge_sit,-1,-1,3182,3238,-1,-1,-1,-1,-1,-1,-1,-1,-1,-1,-1,-1,-1,-1,-1,-1,-1,-1,-1,-1,-1,-1,-1,-1,-1,-1,-1,-1,-1,1743,1773,-1,-1,-1,-1,-1,1416,-1,-1,1442,-1,1408,-1,-1,1168,1195,1247,1193,1173,1216,1187,-1,1013,1015,1006,1032,1022,1025,1027,993,0,0,1,1,0,0,0,1,0,0,0,0,0,0,1,0,0,1,0,0,0,0,0,0,0,0,1,0,0,0,0,0,0,1,1,1,0,0,0,0,1,0,0,1,1,1,0,0,1,1,1,1,1,1,1,1,1,1,1,1,1,1,1,1
2026-07-07T17:23:47.224,tof1,8x8,edge_sit,544,530,-1,-1,-1,-1,-1,-1,372,419,455,-1,-1,-1,-1,-1,376,401,423,-1,-1,-1,-1,-1,371,391,417,-1,-1,-1,-1,-1,368,380,409,453,-1,-1,-1,-1,385,392,406,444,-1,1914,1932,-1,403,388,397,443,-1,-1,-1,-1,379,388,389,442,-1,994,931,904,1,1,0,0,0,0,0,0,1,1,1,0,0,0,0,0,1,1,1,0,0,0,0,0,1,1,1,0,0,0,0,0,1,1,1,1,0,0,0,0,1,1,1,1,1,1,1,0,1,1,1,1,0,0,0,0,1,1,1,1,1,1,1,1
2026-07-07T17:23:47.511,tof1,8x8,edge_sit,557,491,-1,-1,-1,-1,-1,-1,391,411,430,-1,-1,-1,-1,-1,375,388,440,-1,-1,-1,-1,-1,363,385,422,444,-1,-1,-1,-1,374,388,418,450,-1,-1,-1,-1,392,393,400,404,-1,1970,-1,-1,408,387,414,438,-1,-1,1233,-1,393,382,383,438,-1,998,941,923,1,1,0,0,0,0,0,0,1,1,1,0,0,0,0,0,1,1,1,0,0,0,0,0,1,1,1,1,0,0,0,0,1,1,1,1,0,0,0,0,1,1,1,1,0,1,1,0,1,1,1,1,0,0,1,0,1,1,1,1,0,1,1,1
2026-07-07T17:23:47.509,tof2,8x8,edge_sit,-1,-1,3190,3213,-1,-1,-1,-1,-1,-1,-1,-1,-1,-1,-1,-1,-1,-1,-1,-1,-1,-1,-1,-1,-1,-1,-1,-1,-1,-1,-1,-1,-1,1778,1757,1642,-1,-1,-1,-1,-1,1451,1461,1466,-1,1421,-1,-1,1195,1202,-1,1206,1250,1194,1206,-1,998,1010,1019,1016,1020,1007,1016,1016,0,0,1,1,0,0,0,0,0,0,0,0,0,0,0,0,0,0,0,0,0,0,0,0,0,0,0,0,0,0,0,0,0,1,1,1,0,0,0,0,1,1,1,1,1,1,1,0,1,1,1,1,1,1,1,0,1,1,1,1,1,1,1,1
2026-07-07T17:23:47.716,tof1,8x8,edge_sit,553,500,-1,-1,-1,-1,-1,-1,389,423,474,-1,-1,-1,-1,-1,370,417,424,-1,-1,-1,-1,-1,368,381,437,466,-1,-1,-1,-1,370,398,398,462,-1,-1,-1,-1,376,380,400,451,-1,1973,-1,-1,398,373,406,429,-1,-1,-1,-1,390,381,388,433,1000,1013,975,897,1,1,0,0,0,0,0,0,1,1,1,0,0,0,0,0,1,1,1,0,0,0,0,0,1,1,1,1,0,0,0,0,1,1,1,1,0,0,0,0,1,1,1,1,0,1,0,0,1,1,1,1,0,0,1,0,1,1,1,1,1,1,1,1
2026-07-07T17:23:47.718,tof2,8x8,edge_sit,-1,-1,3201,3259,-1,-1,-1,-1,-1,-1,-1,-1,-1,-1,-1,-1,-1,-1,-1,-1,-1,-1,-1,-1,-1,-1,-1,-1,-1,-1,-1,-1,-1,1734,-1,-1,-1,-1,-1,-1,1352,1399,-1,1416,1420,1410,-1,-1,1189,1220,1211,1192,1176,1189,1188,1050,997,1000,1013,1028,1022,1007,1022,982,0,0,1,1,0,0,0,0,0,0,0,0,0,0,0,0,0,0,0,0,0,0,0,0,0,0,1,0,0,0,0,0,0,1,1,1,0,0,0,0,1,1,0,1,1,1,0,0,1,1,1,1,1,1,1,1,1,1,1,1,1,1,1,1
2026-07-07T17:23:47.848,tof1,8x8,edge_sit,546,514,-1,-1,-1,-1,-1,-1,402,422,440,-1,-1,-1,-1,-1,375,413,426,-1,-1,-1,-1,-1,367,387,434,484,-1,-1,-1,-1,376,390,417,449,-1,-1,-1,-1,392,385,407,440,-1,1989,-1,-1,393,377,396,422,-1,-1,1277,-1,385,380,403,426,1019,992,965,906,1,1,0,0,0,0,0,0,1,1,1,0,0,0,0,0,1,1,1,0,0,0,0,0,1,1,1,1,0,0,0,0,1,1,1,1,0,0,0,0,1,1,1,1,0,1,0,0,1,1,1,1,0,0,1,0,1,1,1,1,1,1,1,1
2026-07-07T17:23:47.850,tof2,8x8,edge_sit,-1,-1,3178,-1,-1,-1,-1,-1,-1,-1,-1,-1,-1,-1,-1,-1,-1,-1,-1,-1,-1,-1,-1,-1,-1,-1,-1,-1,-1,-1,-1,-1,-1,1715,1782,1625,-1,-1,-1,-1,1426,-1,-1,1442,1423,1417,-1,-1,1183,1163,1198,1187,1225,1174,1207,-1,1007,1027,1010,1027,1027,1012,1013,996,0,1,1,0,0,0,0,0,0,0,0,0,0,0,0,0,0,0,0,0,0,0,0,0,0,0,0,0,0,0,0,0,0,1,1,1,0,0,0,0,1,0,0,1,1,1,0,0,1,1,1,1,1,1,1,0,1,1,1,1,1,1,1,1
2026-07-07T17:23:48.251,tof2,8x8,edge_sit,-1,-1,3151,-1,-1,-1,-1,-1,-1,-1,-1,-1,-1,-1,-1,-1,-1,-1,-1,-1,-1,-1,-1,-1,-1,-1,-1,-1,-1,-1,-1,-1,-1,1785,1811,1701,-1,-1,-1,-1,1404,-1,-1,1480,1438,1433,-1,-1,1215,1198,1178,1205,1178,1215,1188,-1,996,1008,1024,1039,1029,1025,1024,986,0,0,1,0,0,0,0,0,0,0,0,0,1,0,1,0,0,0,0,0,0,0,0,0,0,0,1,0,0,0,0,0,0,1,1,1,0,0,0,0,1,1,0,1,1,1,0,0,1,1,1,1,1,1,1,1,1,1,1,1,1,1,1,1
2026-07-07T17:23:48.628,tof2,8x8,edge_sit,-1,-1,3204,-1,-1,-1,-1,-1,-1,-1,-1,-1,-1,-1,-1,-1,-1,-1,-1,-1,-1,-1,-1,-1,-1,-1,-1,-1,-1,-1,-1,-1,-1,1783,1740,1695,-1,-1,-1,-1,1364,-1,-1,1426,1454,1408,-1,-1,1219,1192,1218,1195,1156,1207,1171,-1,996,996,1021,1019,1018,997,1023,992,0,0,1,1,0,0,0,0,0,0,0,0,1,0,0,0,0,1,0,0,0,0,0,0,0,0,0,0,0,0,0,0,0,1,1,1,0,0,0,0,1,0,1,1,1,1,0,0,1,1,1,1,1,1,1,0,1,1,1,1,1,1,1,1
2026-07-07T17:23:48.824,tof2,8x8,edge_sit,-1,-1,3161,-1,-1,-1,-1,-1,-1,-1,-1,-1,-1,-1,-1,-1,-1,-1,-1,-1,-1,-1,-1,-1,-1,-1,-1,-1,-1,-1,-1,-1,-1,1764,1833,-1,-1,-1,-1,-1,1424,-1,1426,1457,1431,1389,-1,-1,1202,1217,1197,1199,1200,1205,1184,-1,1002,1007,1026,1032,1001,1021,1017,995,0,0,1,1,0,0,1,0,0,0,0,0,0,0,0,0,0,0,0,0,0,0,0,0,0,0,1,0,0,0,0,0,0,1,1,1,0,0,0,0,1,1,1,1,1,1,0,0,1,1,1,1,1,1,1,0,1,1,1,1,1,1,1,1
2026-07-07T17:23:48.965,tof2,8x8,edge_sit,-1,-1,3215,-1,-1,-1,-1,-1,-1,-1,-1,-1,-1,-1,-1,-1,-1,-1,-1,-1,-1,-1,-1,-1,-1,-1,-1,-1,-1,-1,-1,-1,-1,-1,1768,1721,-1,-1,-1,-1,1393,1448,1358,1473,1465,1451,-1,-1,1203,1209,1154,1195,1221,1193,1140,-1,981,1012,1016,1004,1029,1010,1012,996,0,0,1,0,0,0,0,1,0,0,0,0,0,0,1,1,0,0,0,0,0,0,0,0,0,0,1,0,0,0,0,0,0,0,1,1,0,0,0,0,1,1,1,1,1,1,0,0,1,1,1,1,1,1,1,0,1,1,1,1,1,1,1,1
2026-07-07T17:23:49.143,tof1,8x8,edge_sit,563,511,-1,-1,-1,-1,-1,-1,401,415,419,-1,-1,-1,-1,-1,379,403,428,-1,-1,-1,-1,-1,377,382,425,-1,-1,-1,-1,-1,374,370,401,464,-1,-1,-1,-1,373,381,413,425,-1,1962,-1,-1,391,377,388,443,-1,-1,-1,-1,376,375,392,437,457,963,962,-1,1,1,1,0,0,0,0,0,1,1,1,0,0,0,0,0,1,1,1,0,0,0,0,0,1,1,1,0,0,0,0,0,1,1,1,1,0,0,0,0,1,1,1,1,1,1,0,0,1,1,1,1,0,1,1,0,1,1,1,1,1,1,1,1
2026-07-07T17:23:49.113,tof2,8x8,edge_sit,-1,-1,3173,-1,-1,-1,-1,-1,-1,-1,-1,-1,-1,-1,-1,-1,-1,-1,-1,-1,-1,-1,-1,-1,-1,-1,-1,-1,-1,-1,-1,-1,-1,1782,1794,-1,-1,-1,-1,-1,1436,-1,-1,1470,1449,1471,-1,-1,1205,1196,-1,1189,1193,1205,1199,-1,976,1020,1008,1039,1029,1009,1002,998,0,0,1,0,0,0,0,0,0,0,0,0,0,0,0,0,0,0,0,0,0,0,1,0,0,0,0,0,0,0,0,0,0,1,1,1,0,0,0,0,1,0,0,1,1,1,0,0,1,1,1,1,1,1,1,1,1,1,1,1,1,1,1,1
2026-07-07T17:23:49.242,tof2,8x8,edge_sit,-1,-1,3192,-1,-1,-1,-1,-1,-1,-1,-1,-1,-1,-1,-1,-1,-1,-1,-1,-1,-1,-1,-1,-1,-1,-1,1917,-1,-1,-1,-1,-1,-1,1750,1834,-1,-1,-1,-1,-1,1392,1375,-1,1448,1477,-1,-1,-1,1150,1218,1197,1187,1173,1207,1195,-1,982,1006,1006,1038,1023,1002,1026,1004,0,0,1,1,0,0,1,1,0,0,0,0,0,0,1,0,0,0,0,0,0,1,0,0,0,1,1,0,0,0,0,0,0,1,1,1,0,0,0,0,1,1,1,1,1,1,1,0,1,1,1,1,1,1,1,0,1,1,1,1,1,1,1,1
2026-07-07T17:23:49.285,tof1,8x8,edge_sit,556,513,-1,-1,-1,-1,-1,-1,392,397,-1,-1,-1,-1,-1,-1,371,399,428,-1,-1,-1,-1,-1,352,390,428,480,-1,-1,-1,-1,371,386,411,434,-1,-1,-1,-1,368,381,402,437,-1,1939,1989,-1,369,372,382,445,-1,-1,-1,-1,382,382,384,441,1014,967,936,947,1,1,0,0,0,0,0,0,1,1,0,0,0,0,0,0,1,1,1,0,0,0,0,0,1,1,1,1,0,0,0,0,1,1,1,1,0,0,0,0,1,1,1,1,0,1,1,0,1,1,1,1,0,0,0,0,1,1,1,1,1,1,1,1
2026-07-07T17:23:49.379,tof1,8x8,edge_sit,546,485,-1,-1,-1,-1,-1,-1,393,407,432,-1,-1,-1,-1,-1,372,401,428,-1,-1,-1,-1,-1,366,380,414,449,-1,-1,-1,-1,360,394,414,455,-1,-1,-1,-1,385,384,402,-1,-1,1976,-1,-1,392,373,402,429,-1,-1,-1,-1,382,385,395,438,504,960,949,905,1,1,0,0,0,0,0,0,1,1,1,0,0,0,0,0,1,1,1,0,0,0,0,0,1,1,1,1,0,0,0,0,1,1,1,1,0,0,0,0,1,1,1,0,1,1,1,0,1,1,1,1,0,0,0,0,1,1,1,1,1,1,1,1
2026-07-07T17:23:49.384,tof2,8x8,edge_sit,-1,-1,3181,3212,-1,-1,3266,-1,-1,-1,-1,-1,-1,-1,-1,-1,-1,-1,-1,-1,-1,-1,-1,-1,-1,-1,1910,-1,-1,-1,-1,-1,-1,1818,1816,1634,1547,-1,-1,-1,1349,1384,-1,1478,1410,1421,-1,-1,1153,1216,1168,1188,1239,1203,1169,-1,1009,1002,1025,1024,1035,1031,1018,980,0,0,1,1,0,0,1,0,0,0,0,0,0,0,0,0,0,0,0,0,0,0,0,1,0,0,1,0,0,0,0,0,0,1,1,1,1,0,0,0,1,1,0,1,1,1,0,0,1,1,1,1,1,1,1,0,1,1,1,1,1,1,1,1
2026-07-07T17:23:49.488,tof1,8x8,edge_sit,545,477,-1,-1,-1,-1,-1,-1,386,411,449,-1,-1,-1,-1,-1,364,405,434,-1,-1,-1,-1,-1,371,391,428,456,-1,-1,-1,-1,374,388,403,454,-1,-1,-1,-1,386,383,425,443,1988,1944,-1,-1,375,377,396,423,-1,-1,-1,-1,393,378,397,442,1091,997,942,913,1,1,0,0,0,0,0,0,1,1,1,0,0,0,0,0,1,1,1,0,0,0,0,0,1,1,1,1,0,0,0,0,1,1,1,1,0,0,0,0,1,1,1,1,1,1,1,0,1,1,1,1,0,1,0,1,1,1,1,1,1,1,1,1
2026-07-07T17:23:49.508,tof2,8x8,edge_sit,-1,-1,3214,3189,-1,-1,-1,-1,-1,-1,-1,-1,-1,-1,-1,-1,-1,-1,-1,-1,-1,-1,-1,-1,-1,-1,-1,-1,-1,-1,-1,-1,-1,1748,1820,1774,-1,-1,-1,-1,1410,1385,-1,1482,1429,1416,-1,-1,1191,1159,1204,1205,1194,1206,1141,-1,990,1019,1022,1016,1030,1015,1012,983,0,1,1,1,0,0,0,0,0,0,0,0,0,0,0,0,0,1,0,0,0,0,0,1,0,0,1,0,0,0,0,0,0,1,1,1,0,0,0,0,1,1,0,1,1,1,0,0,1,1,1,1,1,1,1,1,1,1,1,1,1,1,1,1
2026-07-07T17:23:49.581,tof1,8x8,edge_sit,542,529,-1,-1,-1,-1,-1,-1,398,407,-1,-1,-1,-1,-1,-1,372,407,433,-1,-1,-1,-1,-1,370,390,404,479,-1,-1,-1,-1,371,389,411,459,-1,-1,-1,-1,375,374,405,459,-1,1998,-1,-1,395,381,396,417,-1,-1,-1,-1,376,382,394,430,982,1011,951,932,1,1,0,0,0,0,0,0,1,1,0,0,0,0,0,0,1,1,1,0,0,0,0,0,1,1,1,1,0,0,0,0,1,1,1,1,0,1,0,0,1,1,1,1,0,1,0,0,1,1,1,1,0,0,1,0,1,1,1,1,1,1,1,1
2026-07-07T17:23:49.600,tof2,8x8,edge_sit,-1,-1,3195,3210,-1,-1,-1,-1,-1,-1,-1,-1,-1,-1,-1,-1,-1,-1,-1,-1,-1,-1,-1,-1,-1,-1,-1,-1,-1,-1,-1,-1,-1,1756,1780,-1,-1,-1,-1,-1,1399,-1,-1,1475,1396,1395,-1,-1,1204,1201,1209,1212,1154,1198,1185,-1,985,1014,1034,1022,1040,1019,1008,982,0,0,1,1,0,0,0,0,0,0,0,0,0,0,0,0,0,0,0,0,0,0,0,0,0,0,0,0,0,0,0,0,0,1,1,0,0,0,0,0,1,0,1,1,1,1,0,0,1,1,1,1,1,1,1,0,1,1,1,1,1,1,1,1
2026-07-07T17:23:49.687,tof1,8x8,edge_sit,550,469,-1,-1,-1,-1,-1,-1,397,424,445,-1,-1,-1,-1,-1,371,402,422,-1,-1,-1,-1,-1,360,369,393,458,-1,-1,-1,-1,360,387,413,427,-1,-1,-1,-1,366,380,397,421,-1,1985,-1,-1,402,374,398,428,-1,-1,-1,-1,382,386,395,433,1104,989,936,925,1,1,0,0,0,0,0,0,1,1,1,0,0,0,0,0,1,1,1,0,0,0,0,0,1,1,1,1,1,0,0,0,1,1,1,1,0,0,0,0,1,1,1,1,1,1,1,0,1,1,1,1,0,0,0,0,1,1,1,1,1,1,1,1
2026-07-07T17:23:49.793,tof1,8x8,edge_sit,550,491,-1,-1,-1,-1,-1,-1,385,417,502,-1,-1,-1,-1,-1,361,388,442,-1,-1,-1,-1,-1,366,380,429,-1,-1,-1,-1,-1,362,372,406,423,-1,-1,-1,-1,385,386,408,455,-1,1987,-1,-1,370,372,386,430,-1,-1,-1,-1,390,384,377,434,481,1019,975,883,1,1,0,0,0,0,0,0,1,1,1,0,0,0,0,0,1,1,1,0,0,0,0,0,1,1,1,0,0,0,0,0,1,1,1,1,0,0,0,0,1,1,1,1,1,1,1,1,1,1,1,1,0,0,0,0,1,1,1,1,1,1,1,1
2026-07-07T17:23:49.874,tof2,8x8,edge_sit,-1,-1,3151,-1,-1,-1,-1,-1,-1,-1,-1,-1,-1,-1,-1,-1,-1,-1,-1,-1,-1,-1,-1,-1,-1,-1,-1,-1,-1,-1,-1,-1,-1,1704,1770,1711,-1,-1,-1,-1,1411,-1,1443,1451,1433,1481,-1,-1,1192,1192,1228,1201,1214,1211,1180,2251,1009,1005,1016,1024,1026,1001,1015,983,0,0,1,0,0,0,0,0,0,0,0,0,0,0,0,0,0,0,0,0,0,0,0,0,0,0,0,0,0,0,0,0,0,1,1,1,0,0,0,0,1,0,1,1,1,1,0,0,1,1,1,1,1,1,1,1,1,1,1,1,1,1,1,1
2026-07-07T17:23:49.913,tof1,8x8,edge_sit,537,531,-1,-1,-1,-1,-1,-1,385,419,424,-1,-1,-1,-1,-1,370,396,420,-1,-1,-1,-1,-1,363,379,417,464,-1,-1,-1,-1,368,387,415,454,-1,-1,-1,-1,371,377,407,454,1977,1966,-1,-1,399,384,408,435,-1,-1,-1,-1,397,384,390,436,510,977,952,928,1,1,0,0,0,0,0,0,1,1,1,0,0,0,0,0,1,1,1,0,0,0,0,0,1,1,1,1,1,0,0,0,1,1,1,1,0,0,0,0,1,1,1,1,1,1,0,0,1,1,1,1,0,0,1,0,1,1,1,1,1,1,1,1
2026-07-07T17:23:49.972,tof2,8x8,edge_sit,-1,-1,3193,3203,-1,-1,-1,-1,-1,-1,-1,-1,-1,-1,-1,-1,-1,-1,-1,-1,-1,-1,-1,-1,-1,-1,-1,-1,-1,-1,-1,-1,-1,1774,1781,1659,-1,-1,-1,-1,1387,1387,-1,1439,1430,1413,-1,-1,1157,1181,1217,1179,1191,1232,1176,-1,986,995,1025,1025,1027,1009,1009,1003,0,0,1,1,0,0,0,0,0,0,0,0,0,0,0,0,0,0,0,0,0,0,0,0,0,0,1,0,0,0,0,0,0,1,1,1,0,0,0,0,1,1,1,1,1,1,1,0,1,1,1,1,1,1,1,0,1,1,1,1,1,1,1,1
2026-07-07T17:23:50.017,tof1,8x8,edge_sit,536,504,-1,-1,-1,-1,-1,-1,400,421,-1,-1,-1,-1,-1,-1,376,395,426,-1,-1,-1,-1,-1,353,379,434,457,-1,-1,-1,-1,366,389,407,450,-1,-1,-1,-1,368,374,409,440,-1,1973,-1,-1,372,367,403,436,-1,-1,-1,-1,381,376,384,436,1011,947,914,895,1,1,0,0,0,0,0,0,1,1,1,0,0,0,0,0,1,1,1,0,0,0,0,0,1,1,1,1,0,0,0,0,1,1,1,1,0,0,0,0,1,1,1,1,1,1,0,0,1,1,1,1,0,0,0,0,1,1,1,1,1,1,1,1
2026-07-07T17:23:50.080,tof2,8x8,edge_sit,-1,-1,3200,3252,-1,-1,-1,-1,-1,-1,-1,-1,-1,-1,-1,-1,-1,-1,-1,-1,-1,-1,-1,-1,-1,-1,-1,-1,-1,-1,-1,-1,-1,1729,1826,-1,-1,-1,-1,-1,1434,-1,-1,1463,1419,1413,1364,-1,1228,1193,1186,1212,-1,1224,1155,-1,1000,1018,1015,1030,1033,1014,1025,986,0,0,1,1,0,0,0,0,0,0,0,0,0,0,0,0,0,0,1,0,0,0,0,0,0,0,0,0,1,0,0,0,0,1,1,1,0,0,0,0,1,0,0,1,1,1,1,0,1,1,1,1,1,1,1,0,1,1,1,1,1,1,1,1
2026-07-07T17:23:50.146,tof1,8x8,edge_sit,553,476,-1,-1,-1,-1,-1,-1,395,421,399,-1,-1,-1,-1,-1,381,401,423,-1,-1,-1,-1,-1,363,387,431,480,-1,-1,-1,-1,362,376,400,454,-1,-1,-1,-1,376,391,415,466,-1,1973,1979,-1,388,378,405,420,-1,-1,-1,-1,388,385,396,424,-1,-1,-1,874,1,1,0,0,0,0,0,0,1,1,1,0,0,0,0,0,1,1,1,0,0,0,0,0,1,1,1,1,0,0,0,0,1,1,1,1,0,0,0,0,1,1,1,1,0,1,1,1,1,1,1,1,0,0,0,0,1,1,1,1,0,1,1,1
2026-07-07T17:23:50.199,tof2,8x8,edge_sit,-1,-1,3199,-1,-1,-1,-1,-1,-1,-1,-1,-1,-1,-1,-1,-1,-1,-1,-1,-1,-1,-1,-1,-1,-1,-1,-1,-1,-1,-1,-1,-1,-1,1738,1784,1621,-1,-1,-1,-1,-1,1431,1383,1488,1428,1414,-1,-1,1189,1197,1199,1203,1213,1205,1183,-1,996,1009,1020,1023,1033,1007,1028,1003,0,0,1,1,0,0,0,0,0,0,0,0,0,0,1,0,0,0,0,0,0,1,0,0,0,0,0,0,0,0,0,0,0,1,1,1,0,0,0,0,0,1,1,1,1,1,1,0,1,1,1,1,1,1,1,0,1,1,1,1,1,1,1,1
2026-07-07T17:23:50.239,tof1,8x8,edge_sit,540,516,-1,-1,-1,-1,-1,-1,392,417,497,-1,-1,-1,-1,-1,384,409,414,-1,-1,-1,-1,-1,367,383,410,-1,-1,-1,-1,-1,363,385,410,427,-1,-1,-1,-1,379,393,403,465,-1,1999,1996,-1,393,378,394,416,-1,-1,-1,-1,372,384,389,429,-1,994,1001,917,1,1,0,0,0,0,0,0,1,1,1,0,0,0,0,0,1,1,1,0,0,0,0,0,1,1,1,0,0,0,0,0,1,1,1,1,0,0,0,0,1,1,1,1,0,1,1,0,1,1,1,1,0,0,0,0,1,1,1,1,0,1,1,1
2026-07-07T17:23:50.368,tof1,8x8,edge_sit,541,490,-1,-1,-1,-1,-1,-1,393,407,458,-1,-1,-1,-1,-1,375,410,446,-1,-1,-1,-1,-1,359,379,417,492,-1,-1,-1,-1,364,385,408,431,-1,-1,-1,-1,378,379,405,449,-1,1982,-1,-1,386,376,395,429,-1,-1,-1,-1,383,380,381,464,1003,985,989,903,1,1,0,0,0,0,0,0,1,1,1,0,0,0,0,0,1,1,1,0,0,0,0,0,1,1,1,1,0,0,0,0,1,1,1,1,0,0,0,1,1,1,1,1,1,1,0,0,1,1,1,1,0,0,0,0,1,1,1,1,1,1,1,1
2026-07-07T17:23:50.437,tof2,8x8,edge_sit,-1,-1,3209,-1,-1,-1,-1,-1,-1,-1,-1,-1,-1,-1,-1,-1,-1,-1,-1,-1,-1,-1,-1,-1,-1,-1,1906,-1,-1,-1,-1,-1,-1,-1,1773,1801,-1,-1,-1,-1,1422,-1,-1,1424,1428,1442,-1,-1,1171,1207,1176,1186,1187,1214,1198,-1,1000,1000,1017,1018,1008,1018,1003,991,0,0,1,0,0,0,0,0,0,0,0,0,0,0,0,0,0,0,0,0,0,0,0,0,0,0,1,0,0,0,0,0,0,0,1,1,0,0,0,0,1,0,1,1,1,1,0,0,1,1,1,1,1,1,1,0,1,1,1,1,1,1,1,1
2026-07-07T17:23:50.496,tof1,8x8,edge_sit,552,496,-1,-1,-1,-1,-1,-1,383,412,-1,-1,-1,-1,-1,-1,373,401,434,-1,-1,-1,-1,-1,369,380,419,426,-1,-1,-1,-1,363,381,402,465,-1,-1,-1,-1,366,387,400,455,-1,1925,2005,-1,398,380,403,428,-1,-1,-1,-1,390,379,391,445,990,975,976,907,1,1,0,0,0,0,0,0,1,1,0,0,0,0,0,0,1,1,1,0,0,0,0,0,1,1,1,1,0,0,0,0,1,1,1,1,0,0,0,0,1,1,1,1,0,1,1,0,1,1,1,1,0,0,1,0,1,1,1,1,1,1,1,1
2026-07-07T17:23:50.542,tof2,8x8,edge_sit,-1,-1,3186,-1,-1,-1,-1,-1,-1,-1,-1,-1,-1,-1,-1,-1,-1,-1,-1,-1,-1,-1,-1,-1,-1,-1,-1,-1,-1,-1,-1,-1,-1,1729,1828,1596,-1,-1,-1,-1,1364,-1,1410,1473,1452,1431,-1,-1,1167,1202,1213,1216,1232,1195,1214,-1,1003,995,1021,1039,1031,1013,1023,980,0,0,1,0,0,0,1,0,0,0,0,0,0,0,1,0,0,0,0,0,0,1,0,0,0,0,1,0,0,0,0,0,0,1,1,1,0,0,0,0,1,1,1,1,1,1,0,0,1,1,1,1,1,1,1,1,1,1,1,1,1,1,1,1
2026-07-07T17:23:50.592,tof1,8x8,edge_sit,557,491,-1,-1,-1,-1,-1,-1,396,424,447,-1,-1,-1,-1,-1,387,394,432,-1,-1,-1,-1,-1,367,384,436,431,-1,-1,-1,-1,373,371,415,428,-1,-1,-1,-1,384,377,411,425,-1,-1,-1,-1,382,384,382,436,-1,-1,1307,-1,375,384,410,444,1038,961,991,923,1,1,0,0,0,0,0,0,1,1,1,0,0,0,0,0,1,1,1,0,0,0,0,0,1,1,1,1,0,0,0,0,1,1,1,1,0,0,0,0,1,1,1,1,1,0,1,0,1,1,1,1,0,0,1,0,1,1,1,1,1,1,1,1
2026-07-07T17:23:50.634,tof2,8x8,edge_sit,-1,-1,3197,-1,-1,-1,-1,-1,-1,-1,-1,-1,-1,-1,-1,-1,-1,-1,-1,-1,-1,-1,-1,-1,-1,-1,1957,-1,-1,-1,-1,-1,-1,1704,1806,-1,-1,-1,-1,-1,1415,-1,1350,1445,1469,1426,-1,-1,1185,1183,1192,1190,1211,1203,1188,-1,994,1009,1021,1021,1034,1010,1027,989,0,0,1,1,0,0,1,0,0,0,0,0,0,0,0,0,0,0,0,0,0,0,0,1,0,0,1,0,0,0,0,0,0,1,1,0,0,0,1,0,1,0,1,1,1,1,0,0,1,1,1,1,1,1,1,0,1,1,1,1,1,1,1,1
2026-07-07T17:23:50.686,tof1,8x8,edge_sit,550,517,-1,-1,-1,-1,-1,-1,395,419,430,-1,-1,-1,-1,-1,379,402,429,-1,-1,-1,-1,-1,365,386,414,456,-1,-1,-1,-1,364,386,408,449,-1,-1,-1,-1,380,384,398,-1,-1,-1,-1,-1,388,370,405,441,-1,-1,-1,-1,393,378,383,418,1011,1004,959,925,1,1,0,0,0,0,0,0,1,1,1,0,0,0,0,0,1,1,1,0,0,0,0,0,1,1,1,1,0,0,0,0,1,1,1,1,0,0,0,0,1,1,1,0,1,1,0,0,1,1,1,1,0,0,0,1,1,1,1,1,1,1,1,1
2026-07-07T17:23:50.719,tof2,8x8,edge_sit,-1,-1,3181,3207,-1,-1,3287,-1,-1,-1,-1,-1,-1,-1,-1,-1,-1,-1,-1,-1,-1,-1,-1,-1,-1,-1,-1,-1,-1,-1,-1,-1,-1,1713,1730,-1,-1,-1,-1,-1,1394,-1,1418,1480,1428,1357,-1,-1,1174,1219,1200,1202,-1,1199,1183,-1,1008,1006,1021,1019,1014,1030,1026,990,0,0,1,1,0,0,1,0,0,0,0,0,0,0,0,1,0,0,0,1,0,0,0,0,0,0,0,0,0,0,0,0,0,1,1,0,0,0,0,0,1,1,1,1,1,1,0,0,1,1,1,1,1,1,1,0,1,1,1,1,1,1,1,1
2026-07-07T17:23:50.786,tof1,8x8,edge_sit,558,480,-1,-1,-1,-1,-1,-1,393,427,459,-1,-1,-1,-1,-1,369,406,425,-1,-1,-1,-1,-1,372,383,421,440,-1,-1,-1,-1,371,388,399,461,-1,-1,-1,-1,392,394,401,450,-1,1943,-1,-1,387,374,403,436,-1,-1,1249,-1,375,381,383,433,-1,998,965,904,1,1,0,0,0,0,0,0,1,1,1,0,0,0,0,0,1,1,1,0,0,0,0,0,1,1,1,1,0,0,0,0,1,1,1,1,0,0,0,0,1,1,1,1,0,1,0,0,1,1,1,1,1,0,1,0,1,1,1,1,0,1,1,1
2026-07-07T17:23:50.819,tof2,8x8,edge_sit,-1,-1,3225,-1,-1,-1,-1,-1,-1,-1,-1,-1,-1,-1,-1,-1,-1,-1,-1,-1,-1,-1,-1,-1,-1,-1,1923,-1,-1,-1,-1,-1,-1,1637,1803,1680,-1,-1,-1,-1,1397,-1,-1,1465,1450,1402,-1,-1,1204,1182,1201,1208,1185,1213,1167,-1,987,1005,1033,1015,1035,1005,1002,993,0,0,1,0,0,0,0,0,0,0,0,0,0,0,0,0,0,0,0,0,0,0,0,0,0,0,1,0,0,0,0,0,0,1,1,1,0,0,0,0,1,0,0,1,1,1,0,0,1,1,1,1,1,1,1,0,1,1,1,1,1,1,1,1
2026-07-07T17:23:50.891,tof1,8x8,edge_sit,561,468,-1,-1,-1,-1,-1,-1,400,430,467,-1,-1,-1,-1,-1,369,401,437,-1,-1,-1,-1,-1,367,381,399,451,-1,-1,-1,-1,347,389,416,461,-1,-1,-1,-1,375,377,399,426,-1,1958,-1,-1,387,377,401,433,-1,-1,1349,-1,396,395,396,442,478,971,973,943,1,1,0,0,0,0,0,0,1,1,1,0,0,0,0,0,1,1,1,0,0,0,0,0,1,1,1,1,0,0,0,0,1,1,1,1,0,0,0,0,1,1,1,1,0,1,1,0,1,1,1,1,0,0,1,1,1,1,1,1,1,1,1,1
2026-07-07T17:23:50.972,tof2,8x8,edge_sit,-1,-1,3192,-1,-1,-1,-1,-1,-1,-1,-1,-1,-1,-1,-1,-1,-1,-1,-1,-1,-1,-1,-1,-1,-1,-1,-1,-1,-1,-1,-1,-1,-1,1722,1801,1606,-1,-1,-1,-1,1391,-1,-1,1430,1443,1379,-1,-1,1192,1173,1231,1196,1202,1218,1188,-1,1005,1025,1020,1030,1021,1016,1012,984,0,0,1,1,0,0,0,0,0,0,0,0,0,0,0,0,0,0,1,0,1,0,0,0,0,0,0,0,0,0,0,0,0,1,1,1,0,0,0,0,1,1,1,1,1,1,0,0,1,1,1,1,1,1,1,0,1,1,1,1,1,1,1,1
2026-07-07T17:23:51.030,tof1,8x8,edge_sit,565,501,-1,-1,-1,-1,-1,-1,405,418,476,-1,-1,-1,-1,-1,365,403,426,-1,-1,-1,-1,-1,362,374,441,469,-1,-1,-1,-1,359,378,400,470,-1,-1,-1,-1,382,384,417,445,1951,1933,-1,-1,393,361,398,437,-1,-1,-1,-1,384,369,387,412,1028,997,965,912,1,1,0,0,0,0,0,0,1,1,1,0,0,0,0,0,1,1,1,0,0,0,0,0,1,1,1,1,0,0,0,0,1,1,1,1,1,0,0,0,1,1,1,1,1,1,1,0,1,1,1,1,0,0,0,0,1,1,1,1,1,1,1,1
2026-07-07T17:23:51.080,tof2,8x8,edge_sit,-1,-1,3174,3188,-1,-1,-1,-1,-1,-1,-1,-1,-1,-1,-1,-1,-1,-1,-1,-1,-1,-1,-1,-1,-1,-1,-1,-1,-1,-1,-1,-1,-1,1718,1748,-1,-1,-1,-1,-1,1431,-1,1431,-1,1452,1418,-1,-1,1192,1183,1220,1209,1229,1213,1198,-1,1011,1008,1023,1025,1007,1043,1025,998,0,0,1,1,0,0,0,0,0,0,0,0,0,0,0,1,0,0,1,1,0,0,0,0,0,0,0,0,0,0,0,0,0,1,1,0,0,0,0,0,1,1,1,1,1,1,0,0,1,1,1,1,1,1,1,1,1,1,1,1,1,1,1,1
2026-07-07T17:23:51.144,tof1,8x8,edge_sit,557,487,-1,-1,-1,-1,-1,-1,400,421,453,-1,-1,-1,-1,-1,361,396,439,-1,-1,-1,-1,-1,368,373,427,451,-1,-1,-1,-1,362,377,404,446,-1,-1,-1,-1,382,381,403,417,-1,1966,-1,-1,396,380,394,438,-1,-1,1291,-1,388,388,388,423,482,981,999,889,1,1,0,0,0,0,0,0,1,1,1,0,0,0,0,0,1,1,1,0,1,0,0,0,1,1,1,1,0,0,0,0,1,1,1,1,0,0,0,0,1,1,1,1,0,1,1,1,1,1,1,1,0,0,1,0,1,1,1,1,1,1,1,1
2026-07-07T17:23:51.188,tof2,8x8,edge_sit,-1,-1,3187,-1,-1,-1,-1,-1,-1,-1,-1,-1,-1,-1,-1,-1,-1,-1,-1,-1,-1,-1,-1,-1,-1,-1,-1,-1,-1,-1,-1,-1,-1,1802,1731,1653,1558,-1,-1,-1,1393,-1,1496,1454,1431,1413,-1,-1,1188,1218,1191,1213,1220,1205,1190,-1,1000,1007,1034,1011,1025,1009,1008,975,0,0,1,0,0,0,0,0,0,0,0,0,0,0,0,0,0,0,0,0,0,0,1,0,0,0,0,0,0,0,0,0,1,1,1,1,1,0,0,0,1,0,1,1,1,1,0,0,1,1,1,1,1,1,1,0,1,1,1,1,1,1,1,1
2026-07-07T17:23:51.284,tof1,8x8,edge_sit,537,521,-1,-1,-1,-1,-1,-1,380,412,444,-1,-1,-1,-1,-1,381,395,419,-1,1189,-1,-1,-1,364,375,425,446,-1,-1,-1,-1,360,383,411,437,-1,-1,-1,-1,373,387,390,433,-1,1960,-1,-1,390,374,372,437,-1,-1,-1,-1,384,376,399,411,1073,987,964,909,1,1,0,0,0,0,0,0,1,1,1,0,0,0,0,0,1,1,1,0,1,0,0,0,1,1,1,1,1,0,0,0,1,1,1,1,0,0,0,0,1,1,1,1,0,1,1,0,1,1,1,1,0,0,1,1,1,1,1,1,1,1,1,1
2026-07-07T17:23:51.295,tof2,8x8,edge_sit,-1,-1,3205,-1,-1,-1,-1,-1,-1,-1,-1,-1,-1,-1,-1,-1,-1,-1,-1,-1,-1,-1,-1,-1,-1,-1,-1,-1,-1,-1,-1,-1,-1,-1,1753,1625,-1,-1,-1,-1,1369,-1,1407,1460,1439,1453,-1,-1,1220,1196,1194,1197,1246,1201,1160,-1,995,1025,1033,1017,1026,1021,1011,1009,0,0,1,0,0,0,0,0,0,0,0,0,0,0,0,0,0,0,1,1,0,0,0,0,0,0,1,0,0,0,0,0,0,0,1,1,0,0,0,0,1,0,1,1,1,1,0,0,1,1,1,1,1,1,1,0,1,1,1,1,1,1,1,1
2026-07-07T17:23:51.385,tof2,8x8,edge_sit,-1,-1,3185,-1,-1,-1,-1,-1,-1,-1,-1,-1,-1,-1,-1,-1,-1,-1,-1,-1,-1,-1,-1,-1,-1,-1,-1,-1,-1,-1,-1,-1,-1,1804,1735,-1,-1,-1,-1,-1,1383,-1,1509,1430,1411,1407,-1,-1,1157,1200,1175,1215,1216,1209,1158,-1,999,1007,1025,1021,1030,999,1027,988,0,0,1,1,0,0,0,1,0,0,0,0,0,0,0,0,0,0,0,0,0,0,0,0,0,0,1,0,0,0,0,0,0,1,1,1,0,0,0,0,1,0,1,1,1,1,0,0,1,1,1,1,1,1,1,1,1,1,1,1,1,1,1,1
2026-07-07T17:23:51.436,tof1,8x8,edge_sit,543,490,-1,-1,-1,-1,-1,-1,392,417,442,-1,-1,-1,-1,-1,371,403,427,-1,-1,-1,-1,-1,366,378,410,467,-1,-1,-1,-1,365,393,411,446,-1,-1,-1,-1,372,370,398,435,-1,2016,-1,-1,405,382,391,424,-1,-1,-1,-1,388,380,382,426,995,970,918,914,1,1,0,0,0,0,0,0,1,1,1,0,0,0,0,0,1,1,1,0,0,0,0,0,1,1,1,1,0,0,0,0,1,1,1,1,0,0,0,0,1,1,1,1,1,1,0,0,1,1,1,1,0,0,1,0,1,1,1,1,1,1,1,1
2026-07-07T17:23:51.867,tof1,8x8,edge_sit,559,495,-1,-1,-1,-1,-1,-1,392,417,425,-1,-1,-1,-1,-1,379,389,418,-1,-1,-1,-1,-1,361,389,421,-1,-1,-1,-1,-1,369,378,409,444,-1,-1,-1,-1,377,373,404,445,-1,1958,-1,-1,384,369,402,416,-1,-1,-1,-1,374,385,392,437,-1,985,939,938,1,1,0,0,0,0,0,0,1,1,1,0,0,0,0,0,1,1,1,0,1,0,0,0,1,1,1,0,0,0,0,0,1,1,1,1,1,0,0,1,1,1,1,1,1,1,1,0,1,1,1,1,0,0,0,1,1,1,1,1,1,1,1,1
2026-07-07T17:23:51.868,tof2,8x8,edge_sit,-1,-1,3217,-1,-1,-1,-1,-1,-1,-1,-1,-1,-1,-1,-1,-1,-1,-1,-1,-1,-1,-1,-1,-1,-1,-1,-1,-1,-1,-1,-1,-1,-1,1733,1790,-1,-1,-1,-1,-1,1397,1452,-1,1416,1435,1427,-1,-1,1152,1203,1204,1220,1228,1193,1176,-1,988,1016,1014,1009,1022,1023,1039,990,0,0,1,0,0,0,0,0,0,0,0,0,0,0,0,0,0,0,1,0,0,0,0,0,0,0,0,0,0,0,0,0,1,1,1,0,1,0,0,0,1,1,1,1,1,1,0,0,1,1,1,1,1,1,1,0,1,1,1,1,1,1,1,1
2026-07-07T17:23:52.023,tof1,8x8,edge_sit,554,518,-1,-1,-1,-1,-1,-1,396,412,442,-1,-1,-1,-1,-1,376,401,418,-1,-1,-1,-1,-1,366,388,418,451,-1,-1,-1,-1,367,375,411,467,-1,-1,-1,-1,374,379,401,418,1999,1952,-1,-1,401,381,397,440,-1,-1,-1,-1,387,367,391,435,-1,968,947,966,1,1,0,0,0,0,0,0,1,1,1,0,0,0,0,0,1,1,1,0,0,0,0,0,1,1,1,1,0,0,0,0,1,1,1,1,0,0,0,0,1,1,1,1,1,1,0,0,1,1,1,1,0,0,0,0,1,1,1,1,0,1,1,1
2026-07-07T17:23:52.035,tof2,8x8,edge_sit,-1,-1,3200,-1,-1,-1,-1,-1,-1,-1,-1,-1,-1,-1,-1,-1,-1,-1,-1,-1,-1,-1,-1,-1,-1,-1,-1,-1,-1,-1,-1,-1,-1,1748,1793,1697,-1,-1,-1,-1,1394,-1,-1,1485,1409,1448,1356,-1,1208,1167,1185,1193,1192,1197,1183,1091,1011,1001,1031,1018,1022,1024,1022,1003,0,0,1,0,0,0,0,0,0,0,0,0,0,0,0,0,0,0,0,1,0,0,0,0,0,0,0,0,0,0,0,0,0,1,1,1,0,0,0,0,1,0,0,1,1,1,1,0,1,1,1,1,1,1,1,1,1,1,1,1,1,1,1,1
2026-07-07T17:23:52.113,tof1,8x8,edge_sit,561,499,-1,-1,-1,-1,-1,-1,384,432,468,-1,-1,-1,-1,-1,375,403,432,-1,-1,-1,-1,-1,374,378,413,-1,-1,-1,-1,-1,364,392,410,442,-1,-1,-1,-1,382,388,399,424,-1,1985,-1,-1,387,372,403,416,-1,-1,-1,-1,381,394,397,427,497,968,937,899,1,1,0,0,0,0,0,0,1,1,1,0,0,0,0,0,1,1,1,0,1,0,0,0,1,1,1,0,1,0,0,0,1,1,1,1,1,0,0,0,1,1,1,1,0,1,1,0,1,1,1,1,0,0,0,0,1,1,1,1,1,1,1,1
2026-07-07T17:23:52.134,tof2,8x8,edge_sit,-1,-1,3211,3253,-1,-1,-1,-1,-1,-1,-1,-1,-1,-1,-1,-1,-1,-1,-1,-1,-1,-1,-1,-1,-1,-1,-1,-1,-1,-1,-1,-1,-1,1711,-1,1625,-1,-1,-1,-1,1393,-1,1452,1463,1433,1385,-1,-1,1178,1165,1214,1200,1193,1214,1181,-1,993,1025,1015,1016,1022,1031,1018,990,0,0,1,1,0,0,0,0,0,0,0,0,0,0,0,1,0,0,1,0,0,0,0,0,0,0,0,0,0,0,0,0,0,1,1,1,0,0,0,0,1,0,1,1,1,1,0,0,1,1,1,1,1,1,1,0,1,1,1,1,1,1,1,1
2026-07-07T17:23:52.219,tof1,8x8,edge_sit,557,497,-1,-1,-1,-1,-1,-1,388,411,-1,-1,-1,-1,-1,-1,373,409,431,-1,-1,-1,-1,-1,361,387,434,489,-1,-1,-1,-1,357,375,401,436,-1,-1,-1,-1,370,381,404,448,-1,1990,1983,-1,394,379,413,430,-1,-1,-1,-1,380,382,392,452,459,987,953,950,1,1,0,0,0,0,0,0,1,1,0,0,0,0,0,0,1,1,1,0,0,0,0,0,1,1,1,1,1,0,0,0,1,1,1,1,1,0,0,0,1,1,1,1,0,1,1,0,1,1,1,1,0,0,0,0,1,1,1,1,1,1,1,1
2026-07-07T17:23:52.249,tof2,8x8,edge_sit,-1,-1,3178,3226,-1,-1,-1,-1,-1,-1,-1,-1,-1,-1,-1,-1,-1,-1,-1,-1,-1,-1,-1,-1,-1,-1,-1,-1,-1,-1,-1,-1,-1,1714,1824,-1,-1,-1,-1,-1,1367,1431,1379,1465,1455,1414,-1,-1,1176,1181,1179,1214,1201,1210,1207,-1,992,1007,1019,1035,1000,1017,1016,1000,0,0,1,1,0,0,1,1,0,0,0,0,0,0,0,0,0,0,1,0,0,0,0,0,0,0,1,0,0,0,0,0,1,1,1,0,0,0,0,0,1,1,1,1,1,1,0,0,1,1,1,1,1,1,1,0,1,1,1,1,1,1,1,1
2026-07-07T17:23:52.375,tof1,8x8,edge_sit,556,499,-1,-1,-1,-1,-1,-1,395,422,488,-1,-1,-1,-1,-1,380,388,438,-1,-1,-1,-1,-1,349,391,415,442,-1,-1,-1,-1,363,380,417,448,-1,-1,-1,-1,370,387,382,425,-1,1971,-1,-1,394,377,409,450,-1,-1,-1,-1,387,376,389,427,1105,948,-1,916,1,1,0,0,0,0,0,0,1,1,1,0,0,0,0,0,1,1,1,0,0,0,0,0,1,1,1,1,1,0,0,0,1,1,1,1,0,0,0,0,1,1,1,1,1,1,0,0,1,1,1,1,1,1,0,1,1,1,1,1,1,1,1,1
2026-07-07T17:23:52.372,tof2,8x8,edge_sit,-1,-1,3180,3209,-1,-1,-1,-1,-1,-1,-1,-1,-1,-1,-1,-1,-1,-1,-1,-1,-1,-1,-1,-1,-1,-1,2008,-1,-1,-1,-1,-1,-1,1762,1815,1619,-1,-1,-1,-1,1395,1419,-1,1449,1418,1418,-1,-1,1184,1213,1215,1196,1184,1193,1152,-1,988,1013,1025,1021,1024,1023,1009,978,0,0,1,1,0,0,0,0,0,0,0,0,1,0,0,0,0,0,1,0,0,0,0,1,0,0,1,0,0,0,0,0,0,1,1,1,0,0,0,0,1,1,0,1,1,1,0,0,1,1,1,1,1,1,1,1,1,1,1,1,1,1,1,1
2026-07-07T17:23:52.485,tof2,8x8,edge_sit,-1,-1,3185,3208,-1,-1,-1,-1,-1,-1,-1,-1,-1,-1,-1,-1,-1,-1,-1,-1,-1,-1,-1,-1,-1,-1,-1,-1,-1,-1,-1,-1,-1,-1,1825,-1,-1,-1,-1,-1,1395,1575,-1,1447,1427,1394,-1,-1,1204,1182,1209,1190,1240,1207,1147,-1,992,1003,1019,1030,1022,1016,1017,1000,0,0,1,1,0,0,0,1,0,0,0,0,0,0,0,0,0,0,0,0,0,0,0,0,0,0,0,0,0,0,0,0,0,0,1,0,0,0,0,0,1,1,1,1,1,1,1,0,1,1,1,1,1,1,1,1,1,1,1,1,1,1,1,1
2026-07-07T17:23:52.525,tof1,8x8,edge_sit,553,518,-1,-1,-1,-1,-1,-1,399,429,-1,-1,-1,-1,-1,-1,375,393,449,-1,-1,-1,-1,-1,379,384,434,-1,-1,-1,-1,-1,364,379,395,453,-1,-1,-1,-1,379,384,403,458,-1,1973,-1,-1,389,380,397,414,-1,-1,-1,-1,377,385,402,427,-1,972,941,941,1,1,1,0,0,0,0,0,1,1,0,0,0,0,0,0,1,1,1,0,0,0,0,0,1,1,1,0,0,0,0,0,1,1,1,1,0,0,0,0,1,1,1,1,0,1,0,0,1,1,1,1,0,0,0,0,1,1,1,1,1,1,1,1
2026-07-07T17:23:52.579,tof2,8x8,edge_sit,-1,-1,3213,-1,-1,-1,-1,-1,-1,-1,-1,-1,-1,-1,-1,-1,-1,-1,-1,-1,-1,-1,-1,-1,-1,-1,-1,-1,-1,-1,-1,-1,-1,1718,1802,1762,-1,-1,-1,-1,1388,-1,1363,1440,1459,1447,-1,-1,1203,1154,1197,1223,1209,1210,1171,-1,991,1012,1028,1051,1016,1017,1023,987,0,0,1,0,0,0,0,0,0,0,0,0,0,0,0,0,0,0,0,0,0,1,1,0,0,0,0,0,0,0,0,0,0,1,1,1,0,0,0,0,1,1,1,1,1,1,0,0,1,1,1,1,1,1,1,1,1,1,1,1,1,1,1,1
2026-07-07T17:23:52.644,tof1,8x8,edge_sit,548,530,-1,-1,-1,-1,-1,-1,395,417,-1,-1,-1,-1,-1,-1,378,409,441,-1,-1,-1,-1,-1,362,388,419,463,-1,-1,-1,-1,360,380,414,470,-1,-1,-1,-1,381,379,399,454,1964,1969,-1,-1,393,371,404,440,-1,-1,-1,-1,373,390,388,472,1022,-1,1002,925,1,1,0,0,0,0,0,0,1,1,0,0,0,0,0,0,1,1,1,0,0,0,0,0,1,1,1,1,0,0,0,0,1,1,1,1,0,0,0,0,1,1,1,1,1,1,0,0,1,1,1,1,0,0,0,0,1,1,1,1,1,1,1,1
2026-07-07T17:23:52.680,tof2,8x8,edge_sit,-1,-1,3196,-1,-1,-1,-1,-1,-1,-1,-1,-1,-1,-1,-1,-1,-1,-1,-1,-1,-1,-1,-1,-1,-1,-1,-1,-1,-1,-1,-1,-1,-1,1663,1780,1648,-1,-1,-1,-1,1449,-1,-1,1451,1462,1459,-1,-1,1158,1206,1241,1213,1191,1219,1174,-1,998,1023,1006,1000,1035,1015,1017,1019,0,0,1,0,0,0,0,1,0,0,0,0,0,0,0,1,0,0,0,0,0,0,0,0,0,0,0,0,0,0,0,0,0,1,1,1,0,0,0,0,1,0,0,1,1,1,0,0,1,1,1,1,1,1,1,0,1,1,1,1,1,1,1,1
2026-07-07T17:23:52.737,tof1,8x8,edge_sit,554,545,-1,-1,-1,-1,-1,-1,400,420,-1,-1,-1,-1,-1,-1,370,392,444,-1,-1,-1,-1,-1,374,389,427,476,-1,-1,-1,-1,363,377,404,441,-1,-1,-1,-1,373,378,395,439,-1,1953,-1,-1,388,385,401,440,-1,-1,-1,-1,376,380,398,441,1040,975,981,916,1,1,0,0,0,0,0,0,1,1,0,0,0,0,0,0,1,1,1,0,0,0,0,0,1,1,1,1,0,0,0,0,1,1,1,1,0,0,0,0,1,1,1,1,1,1,1,0,1,1,1,1,0,0,0,0,1,1,1,1,1,1,1,1
2026-07-07T17:23:52.796,tof2,8x8,edge_sit,-1,-1,3176,-1,-1,-1,-1,-1,-1,-1,-1,-1,-1,-1,-1,-1,-1,-1,-1,-1,-1,-1,-1,-1,-1,-1,-1,-1,-1,-1,-1,-1,-1,1706,1789,-1,-1,-1,-1,-1,1395,1444,-1,1440,1434,1411,-1,-1,1193,1206,1204,1202,1229,1202,1121,-1,984,1020,1014,1031,1016,1027,996,995,0,0,1,0,0,0,0,0,1,0,0,0,0,0,0,0,0,0,0,1,0,0,0,0,0,0,0,0,0,0,0,0,0,1,1,0,0,0,0,0,1,1,0,1,1,1,0,0,1,1,1,1,1,1,1,0,1,1,1,1,1,1,1,1
2026-07-07T17:23:52.869,tof1,8x8,edge_sit,570,546,-1,-1,-1,-1,-1,-1,408,424,444,-1,-1,-1,-1,-1,378,411,435,-1,-1,-1,-1,-1,359,390,421,462,-1,-1,-1,-1,367,382,408,453,-1,-1,-1,-1,386,379,407,406,1967,2005,-1,-1,381,378,398,436,-1,-1,-1,-1,391,383,393,421,480,963,967,897,1,1,0,0,0,0,0,0,1,1,1,0,0,0,0,0,1,1,1,0,0,0,0,0,1,1,1,1,0,0,0,0,1,1,1,1,0,0,0,0,1,1,1,1,1,1,0,0,1,1,1,1,1,0,0,0,1,1,1,1,1,1,1,1
2026-07-07T17:23:52.889,tof2,8x8,edge_sit,-1,-1,3193,-1,-1,-1,-1,-1,-1,-1,-1,-1,-1,-1,-1,-1,-1,-1,-1,-1,-1,-1,-1,-1,-1,-1,-1,-1,-1,-1,-1,-1,-1,-1,1827,-1,-1,-1,-1,-1,1391,-1,1472,1468,1454,1413,-1,-1,1196,1173,1165,1189,1206,1200,1190,-1,988,1010,1023,1033,1032,1006,1017,1005,0,0,1,0,0,0,1,0,0,0,0,0,0,0,0,0,0,0,0,1,0,0,0,0,0,0,1,0,0,0,0,0,0,0,1,1,0,0,0,0,1,0,1,1,1,1,0,0,1,1,1,1,1,1,1,1,1,1,1,1,1,1,1,1
2026-07-07T17:23:52.959,tof1,8x8,edge_sit,557,542,-1,-1,-1,-1,-1,-1,405,407,460,-1,-1,-1,-1,-1,376,399,419,-1,-1,-1,-1,-1,369,375,420,-1,-1,-1,-1,-1,380,390,415,461,-1,-1,-1,-1,380,379,393,436,-1,1935,-1,-1,399,377,397,430,-1,-1,-1,-1,385,387,391,408,1015,961,950,941,1,1,0,0,0,0,0,0,1,1,1,0,0,0,0,0,1,1,1,0,0,0,0,0,1,1,1,0,0,0,0,0,1,1,1,1,0,0,0,0,1,1,1,1,0,1,1,0,1,1,1,1,0,0,0,0,1,1,1,1,1,1,1,1
2026-07-07T17:23:53.017,tof2,8x8,edge_sit,-1,-1,3215,-1,-1,-1,-1,-1,-1,-1,-1,-1,-1,-1,-1,-1,-1,-1,-1,-1,-1,-1,-1,-1,-1,-1,-1,-1,-1,-1,-1,-1,-1,-1,1804,-1,-1,-1,-1,-1,1418,-1,1425,-1,1422,1430,-1,-1,1185,1193,1173,1221,1167,1206,1188,-1,1002,1003,1016,1032,1007,1029,1005,986,0,0,1,0,0,0,0,1,0,0,0,0,0,0,0,0,0,0,1,0,0,0,0,1,0,0,0,0,0,0,0,0,0,1,1,0,0,0,0,0,1,1,1,1,1,1,0,0,1,1,1,1,1,1,1,0,1,1,1,1,1,1,1,1
2026-07-07T17:23:53.059,tof1,8x8,edge_sit,557,560,-1,-1,-1,-1,-1,-1,388,412,451,-1,-1,-1,-1,-1,372,387,426,-1,-1,-1,-1,-1,369,375,432,461,-1,-1,-1,-1,378,376,401,440,-1,-1,-1,-1,376,379,403,449,-1,1948,-1,-1,380,386,414,407,-1,-1,-1,-1,393,383,401,430,499,956,976,889,1,1,0,0,0,0,0,0,1,1,1,0,0,0,0,0,1,1,1,0,0,0,0,0,1,1,1,1,0,0,0,0,1,1,1,1,0,0,0,0,1,1,1,1,0,1,0,0,1,1,1,1,0,0,0,0,1,1,1,1,1,1,1,1
2026-07-07T17:23:53.141,tof2,8x8,edge_sit,-1,-1,3174,-1,-1,-1,-1,-1,-1,-1,-1,-1,-1,-1,-1,-1,-1,-1,-1,-1,-1,-1,-1,-1,-1,-1,-1,-1,-1,-1,-1,-1,-1,1716,1723,-1,-1,-1,-1,-1,1419,-1,1424,1463,1405,1385,-1,-1,1206,1192,1209,1199,1240,1224,1200,-1,995,1006,1026,1015,1032,1032,1032,990,0,0,1,0,0,0,0,0,0,0,0,0,0,0,0,0,0,0,1,0,0,0,0,0,0,0,0,0,0,0,1,0,0,1,1,0,0,0,0,0,1,1,1,1,1,1,0,0,1,1,1,1,1,1,1,0,1,1,1,1,1,1,1,1
2026-07-07T17:23:53.157,tof1,8x8,edge_sit,554,540,540,-1,-1,-1,-1,-1,391,417,439,-1,-1,-1,-1,-1,376,407,447,-1,-1,-1,-1,-1,368,373,409,440,-1,-1,-1,-1,370,380,402,447,-1,-1,-1,-1,383,379,393,419,-1,1916,-1,-1,390,375,402,439,-1,-1,-1,-1,392,387,392,437,-1,967,986,908,1,1,1,0,0,0,0,0,1,1,1,0,0,0,0,0,1,1,1,0,0,0,0,0,1,1,1,1,0,0,0,0,1,1,1,1,0,0,0,0,1,1,1,1,1,1,1,0,1,1,1,1,0,0,0,0,1,1,1,1,0,1,1,1
2026-07-07T17:23:53.251,tof1,8x8,edge_sit,565,542,-1,-1,-1,-1,-1,-1,397,410,458,-1,-1,-1,-1,-1,379,411,439,-1,-1,-1,-1,-1,370,383,420,447,-1,-1,-1,-1,361,383,411,455,-1,-1,-1,-1,381,371,391,437,-1,1919,1976,-1,402,368,410,441,-1,-1,-1,-1,387,375,396,444,-1,977,984,920,1,1,0,0,0,0,0,0,1,1,1,0,0,0,0,0,1,1,1,0,1,0,0,0,1,1,1,1,0,0,0,0,1,1,1,1,0,0,0,0,1,1,1,1,1,1,1,0,1,1,1,1,0,1,0,0,1,1,1,1,1,1,1,1
2026-07-07T17:23:53.244,tof2,8x8,edge_sit,-1,-1,3184,3282,-1,-1,-1,-1,-1,-1,-1,-1,-1,-1,-1,-1,-1,-1,-1,-1,-1,-1,-1,-1,-1,-1,-1,-1,-1,-1,-1,-1,-1,-1,1753,1675,-1,-1,-1,-1,1376,-1,-1,1466,1436,1393,-1,-1,1184,1225,1243,1198,1200,1209,1173,-1,1005,1017,1005,1033,1009,998,1016,995,0,0,1,1,0,0,1,0,0,0,0,0,0,0,0,0,0,0,0,1,0,0,0,0,0,0,0,0,0,0,0,0,0,1,1,1,0,0,0,0,1,1,1,1,1,1,0,0,1,1,1,1,1,1,1,0,1,1,1,1,1,1,1,1
2026-07-07T17:23:53.354,tof1,8x8,edge_sit,561,538,-1,-1,-1,-1,-1,-1,395,418,420,-1,-1,-1,-1,-1,376,401,434,514,-1,-1,-1,-1,366,383,415,469,-1,-1,-1,-1,369,387,402,449,-1,-1,-1,-1,371,380,405,458,-1,1957,-1,-1,384,385,402,433,-1,-1,-1,-1,397,369,387,435,943,986,976,893,1,1,0,0,0,0,0,0,1,1,1,0,0,0,0,0,1,1,1,1,0,0,0,0,1,1,1,1,0,0,0,0,1,1,1,1,0,0,0,0,1,1,1,1,0,1,0,0,1,1,1,1,0,0,0,0,1,1,1,1,1,1,1,1
2026-07-07T17:23:53.349,tof2,8x8,edge_sit,-1,-1,3215,-1,-1,-1,-1,-1,-1,-1,-1,-1,-1,-1,-1,-1,-1,-1,-1,-1,-1,-1,-1,-1,-1,-1,-1,-1,-1,-1,-1,-1,-1,1695,1842,-1,1566,-1,-1,-1,1399,-1,-1,-1,1444,1445,-1,-1,1221,1208,1236,1216,1213,1210,1163,-1,988,1012,1022,1033,1004,1011,1006,993,0,0,1,0,0,0,0,0,0,0,0,0,0,0,0,0,0,0,0,0,0,0,0,0,0,0,1,0,0,0,1,0,0,1,1,0,1,0,0,0,1,0,0,1,1,1,0,0,1,1,1,1,1,1,1,1,1,1,1,1,1,1,1,1
2026-07-07T17:23:53.481,tof1,8x8,edge_sit,549,524,-1,-1,-1,-1,-1,-1,392,419,450,-1,-1,-1,-1,-1,378,412,427,-1,-1,-1,-1,-1,371,387,429,445,-1,-1,-1,-1,374,380,421,444,-1,-1,-1,-1,386,380,409,450,1976,1943,1911,-1,381,383,387,440,-1,-1,-1,-1,386,382,388,428,986,1007,952,906,1,1,0,0,0,0,0,0,1,1,1,0,0,0,0,0,1,1,1,0,0,0,0,0,1,1,1,1,0,0,0,0,1,1,1,1,0,0,0,0,1,1,1,1,1,1,1,0,1,1,1,1,0,0,1,0,1,1,1,1,1,1,1,1
2026-07-07T17:23:53.452,tof2,8x8,edge_sit,-1,-1,3159,-1,-1,-1,-1,3357,-1,-1,-1,-1,-1,-1,-1,-1,-1,-1,3193,-1,-1,-1,-1,-1,-1,-1,-1,-1,-1,-1,-1,-1,-1,1687,1789,1734,-1,-1,-1,-1,1374,-1,1415,1456,1445,1416,-1,-1,1174,1217,1205,1202,1177,1228,1180,-1,1007,1006,1029,1018,1005,1025,1002,984,1,0,1,0,0,0,0,1,0,0,0,0,0,0,0,0,0,0,1,0,0,0,0,0,0,0,1,0,0,0,0,0,0,1,1,1,1,0,0,0,1,0,1,1,1,1,0,0,1,1,1,1,1,1,1,0,1,1,1,1,1,1,1,1
2026-07-07T17:23:53.580,tof2,8x8,edge_sit,-1,-1,3195,-1,-1,-1,-1,-1,-1,-1,-1,-1,-1,-1,-1,-1,-1,-1,-1,-1,-1,-1,-1,-1,-1,-1,-1,-1,-1,-1,-1,-1,-1,1704,1864,1694,-1,-1,-1,-1,1419,1428,-1,1468,1433,1403,-1,-1,1188,1171,1222,1211,1207,1224,1131,-1,981,1011,1014,1012,1024,1007,1029,984,0,0,1,0,0,0,0,1,0,0,0,0,0,0,0,1,0,0,0,0,0,0,0,0,0,0,0,1,0,0,0,0,1,1,1,1,0,0,0,0,1,1,1,1,1,1,1,0,1,1,1,1,1,1,1,0,1,1,1,1,1,1,1,1
2026-07-07T17:23:53.628,tof1,8x8,edge_sit,556,551,-1,-1,-1,-1,-1,-1,402,410,446,-1,-1,-1,-1,-1,365,405,431,-1,-1,-1,-1,-1,365,389,403,478,-1,-1,-1,-1,369,380,409,463,-1,-1,-1,-1,384,387,395,438,1981,1980,-1,-1,399,375,401,433,-1,-1,-1,-1,403,396,395,446,1032,955,972,938,1,1,0,0,0,0,0,0,1,1,1,0,0,0,0,0,1,1,1,0,0,0,0,0,1,1,1,1,0,0,0,0,1,1,1,1,0,0,0,0,1,1,1,1,1,1,0,1,1,1,1,1,0,1,0,0,1,1,1,1,1,1,1,1
2026-07-07T17:23:53.673,tof2,8x8,edge_sit,-1,-1,3197,3239,-1,-1,-1,-1,-1,-1,-1,-1,-1,-1,-1,-1,-1,-1,-1,-1,-1,-1,-1,-1,-1,-1,-1,-1,-1,-1,-1,-1,-1,-1,1794,-1,1563,-1,-1,-1,1378,-1,1412,1476,1438,1362,-1,-1,1152,1227,1229,1219,1224,1189,1190,-1,990,995,1020,1005,1036,1010,1022,982,0,0,1,1,1,0,0,0,0,0,0,0,0,0,0,0,0,0,0,0,0,0,0,0,0,0,1,0,0,0,0,0,0,0,1,1,1,0,0,0,1,0,1,1,1,1,1,0,1,1,1,1,1,1,1,0,1,1,1,1,1,1,1,1
2026-07-07T17:23:53.716,tof1,8x8,edge_sit,546,548,-1,-1,-1,-1,-1,-1,397,420,441,-1,-1,-1,-1,-1,382,415,424,472,-1,-1,-1,-1,364,379,425,-1,-1,-1,-1,-1,373,384,428,447,-1,-1,-1,-1,368,389,408,446,-1,1958,-1,-1,387,391,410,438,-1,-1,-1,-1,381,383,401,424,1031,1001,949,933,1,1,0,0,0,0,0,0,1,1,1,0,0,0,0,0,1,1,1,1,0,0,0,0,1,1,1,0,0,0,0,0,1,1,1,1,0,0,0,0,1,1,1,1,0,1,0,0,1,1,1,1,0,0,1,0,1,1,1,1,1,1,1,1
2026-07-07T17:23:53.760,tof2,8x8,edge_sit,-1,-1,3183,-1,-1,-1,-1,-1,-1,-1,-1,-1,-1,-1,-1,-1,-1,-1,-1,-1,-1,-1,-1,-1,-1,-1,2012,-1,-1,-1,-1,-1,-1,-1,1810,1592,-1,-1,-1,-1,1440,-1,1480,1441,1402,1425,-1,-1,1194,1189,1199,1201,1213,1228,1165,-1,1001,1019,1009,1014,1027,1010,1010,984,0,0,1,0,0,0,0,0,0,0,0,0,0,0,0,0,0,0,0,0,0,1,0,0,0,1,1,0,0,0,0,0,0,1,1,1,0,0,0,0,1,0,1,1,1,1,0,0,1,1,1,1,1,1,1,1,1,1,1,1,1,1,1,1
2026-07-07T17:23:53.816,tof1,8x8,edge_sit,544,518,-1,-1,-1,-1,-1,-1,395,408,429,-1,-1,-1,-1,-1,377,390,435,-1,-1,-1,-1,-1,370,385,412,500,-1,-1,-1,-1,376,389,409,462,-1,-1,-1,-1,390,393,413,457,-1,1960,-1,-1,403,390,408,440,-1,-1,-1,-1,391,379,397,427,1023,969,957,943,1,1,0,0,0,0,0,0,1,1,1,0,0,0,0,0,1,1,1,0,0,0,0,0,1,1,1,1,0,0,0,0,1,1,1,1,0,0,0,0,1,1,1,1,1,1,0,0,1,1,1,1,0,1,0,0,1,1,1,1,1,1,1,1
2026-07-07T17:23:53.860,tof2,8x8,edge_sit,-1,-1,3175,-1,-1,-1,-1,-1,-1,-1,-1,-1,-1,-1,-1,-1,-1,-1,-1,-1,-1,-1,-1,-1,-1,-1,1873,-1,-1,-1,-1,-1,-1,1765,-1,1639,-1,-1,-1,-1,1354,-1,-1,-1,1394,1442,-1,-1,1199,1220,1158,1199,1246,1233,1192,-1,996,1005,1013,1018,1034,1019,1003,1016,0,0,1,0,0,1,1,0,0,0,0,0,0,0,0,0,0,0,0,1,0,0,0,0,0,0,1,0,0,0,0,0,0,1,1,1,0,0,0,0,1,1,0,1,1,1,0,0,1,1,1,1,1,1,1,0,1,1,1,1,1,1,1,1
2026-07-07T17:23:53.919,tof1,8x8,edge_sit,535,532,529,-1,-1,-1,-1,-1,406,420,424,-1,-1,-1,-1,-1,382,401,447,476,-1,-1,-1,-1,374,387,423,440,-1,-1,-1,-1,375,398,404,458,-1,-1,-1,-1,393,388,409,-1,1974,1958,-1,-1,389,386,415,431,-1,1856,-1,-1,381,385,411,450,1017,987,959,920,1,1,1,0,0,0,0,0,1,1,1,0,0,0,0,0,1,1,1,1,0,0,0,0,1,1,1,1,0,0,0,0,1,1,1,1,0,0,0,0,1,1,1,0,1,1,0,0,1,1,1,1,0,1,0,0,1,1,1,1,1,1,1,1
2026-07-07T17:23:53.967,tof2,8x8,edge_sit,-1,-1,3202,-1,-1,-1,-1,-1,-1,-1,-1,-1,-1,-1,-1,-1,-1,-1,-1,464,-1,-1,-1,-1,-1,-1,-1,-1,-1,-1,-1,-1,-1,1771,1787,-1,-1,-1,-1,-1,-1,-1,1430,1468,1460,1406,-1,-1,1182,1222,1176,1201,1215,1213,1198,-1,1011,1003,1013,1047,1016,1016,1009,987,0,0,1,0,0,0,0,1,0,0,0,0,0,0,0,0,0,0,0,1,0,0,0,0,0,0,0,0,0,0,0,0,0,1,1,1,0,0,0,0,1,0,1,1,1,1,1,0,1,1,1,1,1,1,1,1,1,1,1,1,1,1,1,1
2026-07-07T17:23:54.026,tof1,8x8,edge_sit,548,538,-1,-1,-1,-1,-1,-1,386,416,475,-1,-1,-1,-1,-1,378,404,430,-1,-1,-1,-1,-1,374,392,424,-1,-1,-1,-1,-1,377,387,401,453,-1,-1,-1,-1,389,382,408,-1,2018,1950,-1,-1,410,377,395,427,-1,-1,-1,-1,399,384,414,448,1046,992,941,922,1,1,0,0,0,0,0,0,1,1,1,1,0,0,0,0,1,1,1,0,0,0,0,0,1,1,1,0,0,0,0,0,1,1,1,1,0,0,0,0,1,1,1,1,1,1,0,0,1,1,1,1,0,0,1,0,1,1,1,1,1,1,1,1
2026-07-07T17:23:54.087,tof2,8x8,edge_sit,-1,-1,3199,-1,-1,-1,-1,-1,-1,-1,-1,-1,-1,-1,-1,-1,-1,-1,-1,-1,-1,-1,-1,-1,-1,-1,-1,-1,-1,-1,-1,-1,-1,1743,1821,-1,-1,-1,-1,-1,1365,-1,-1,1442,1467,1409,-1,-1,1181,1218,1161,1227,1219,1212,1192,-1,983,1011,1005,1032,1025,1027,1013,996,0,0,1,1,0,0,0,0,0,0,0,0,0,0,0,0,0,0,0,0,0,0,0,0,0,0,0,0,0,0,0,0,0,1,1,1,1,0,0,0,1,1,0,1,1,1,0,0,1,1,1,1,1,1,1,0,1,1,1,1,1,1,1,1
2026-07-07T17:23:54.123,tof1,8x8,edge_sit,548,515,527,-1,-1,-1,-1,-1,390,417,460,-1,-1,-1,-1,-1,381,407,442,511,-1,-1,-1,-1,375,377,442,462,-1,-1,-1,-1,373,386,414,463,-1,-1,-1,-1,385,396,401,461,-1,1927,-1,-1,393,390,411,429,-1,-1,-1,-1,380,393,397,442,982,990,983,915,1,1,1,0,0,0,0,0,1,1,1,0,0,0,0,0,1,1,1,1,0,0,0,0,1,1,1,1,0,0,0,0,1,1,1,1,0,0,0,0,1,1,1,1,0,1,0,0,1,1,1,1,0,1,1,0,1,1,1,1,1,1,1,1
2026-07-07T17:23:54.218,tof2,8x8,edge_sit,-1,-1,3184,3185,-1,-1,-1,-1,-1,-1,-1,-1,-1,-1,-1,-1,-1,-1,-1,-1,-1,-1,-1,-1,-1,-1,-1,-1,-1,-1,-1,-1,-1,1779,1860,-1,-1,-1,-1,-1,1385,-1,-1,1483,1430,1399,-1,-1,1182,1242,1199,1210,1235,1204,1175,-1,994,1012,1012,1011,1023,1006,1032,988,0,0,1,1,0,0,0,0,0,0,0,0,0,0,0,0,0,0,0,0,0,0,0,0,0,1,0,0,0,0,0,0,0,1,1,1,0,0,0,0,1,0,0,1,1,1,0,0,1,1,1,1,1,1,1,0,1,1,1,1,1,1,1,1
2026-07-07T17:23:54.414,tof1,8x8,edge_sit,561,541,554,-1,-1,-1,-1,-1,394,408,483,-1,-1,-1,-1,-1,374,398,443,-1,-1,-1,-1,-1,369,382,423,460,-1,-1,-1,-1,376,383,410,454,-1,-1,-1,-1,389,388,408,458,-1,1961,1959,-1,413,385,399,433,-1,-1,-1,-1,397,380,400,444,987,999,957,925,1,1,1,0,0,0,0,0,1,1,1,0,0,0,0,0,1,1,1,0,0,0,0,0,1,1,1,1,0,0,0,0,1,1,1,1,0,0,0,0,1,1,1,1,0,1,1,0,1,1,1,1,0,1,0,0,1,1,1,1,1,1,1,1
2026-07-07T17:23:54.489,tof2,8x8,edge_sit,-1,-1,3189,-1,-1,-1,-1,-1,-1,-1,-1,-1,-1,-1,-1,-1,-1,-1,-1,-1,-1,-1,-1,-1,-1,-1,-1,-1,-1,-1,-1,-1,-1,1802,1821,1572,-1,-1,-1,-1,1412,1389,-1,1446,1422,1428,-1,-1,1206,1225,1164,1215,1205,1207,1163,2222,987,1019,1015,1005,1007,1014,1011,978,1,0,1,0,0,0,1,0,0,0,0,0,0,0,0,0,0,0,1,0,0,0,1,0,0,0,1,0,0,0,0,0,0,1,1,1,0,0,0,0,1,1,0,1,1,1,0,0,1,1,1,1,1,1,1,1,1,1,1,1,1,1,1,1
2026-07-07T17:23:54.708,tof1,8x8,edge_sit,571,536,545,-1,-1,-1,-1,-1,389,421,440,-1,-1,-1,-1,-1,375,387,439,450,-1,-1,-1,-1,370,380,422,453,-1,-1,-1,-1,373,380,413,445,-1,-1,-1,-1,383,405,416,443,2001,1975,-1,-1,410,377,395,431,-1,-1,-1,-1,387,389,384,427,461,969,991,912,1,1,1,0,0,0,0,0,1,1,1,0,0,0,0,0,1,1,1,1,0,0,0,0,1,1,1,1,0,0,0,0,1,1,1,1,0,0,0,0,1,1,1,1,1,1,0,0,1,1,1,1,0,0,1,0,1,1,1,1,1,1,1,1
2026-07-07T17:23:54.738,tof2,8x8,edge_sit,-1,-1,3186,-1,-1,-1,-1,-1,-1,-1,-1,-1,-1,-1,-1,-1,-1,-1,-1,-1,-1,-1,-1,-1,-1,-1,-1,-1,-1,-1,-1,-1,-1,1746,1764,-1,-1,-1,-1,-1,1358,1438,1388,1423,1420,1421,-1,-1,1150,1214,1201,1224,1188,1210,1200,-1,995,1025,1012,1029,1028,1027,1004,988,0,0,1,0,0,0,0,0,0,0,0,0,0,0,0,0,0,0,0,0,0,0,0,0,0,0,0,0,0,0,0,0,0,1,1,0,0,0,0,0,1,1,1,1,1,1,0,0,1,1,1,1,1,1,1,0,1,1,1,1,1,1,1,1
2026-07-07T17:23:54.991,tof1,8x8,edge_sit,565,526,509,-1,-1,-1,-1,-1,398,418,447,-1,-1,-1,-1,-1,382,391,418,-1,-1,-1,-1,-1,358,391,439,488,-1,-1,-1,-1,364,379,402,446,-1,-1,-1,-1,376,382,394,430,-1,1962,-1,-1,402,378,398,427,-1,-1,-1,-1,384,382,394,436,469,993,910,909,1,1,1,0,0,0,0,0,1,1,1,0,0,0,0,0,1,1,1,0,0,0,0,0,1,1,1,1,0,0,0,0,1,1,1,1,1,0,0,0,1,1,1,1,0,1,0,0,1,1,1,1,0,0,1,0,1,1,1,1,1,1,1,1
2026-07-07T17:23:55.007,tof2,8x8,edge_sit,-1,-1,3205,-1,-1,-1,-1,-1,-1,-1,-1,-1,-1,-1,-1,-1,-1,-1,-1,-1,-1,-1,-1,-1,-1,-1,1915,-1,-1,-1,-1,-1,-1,1784,1812,-1,-1,-1,-1,-1,1472,1381,-1,1452,1461,1415,-1,-1,1177,1181,1217,1183,1205,1198,1176,-1,989,989,1010,1006,1020,1022,1007,994,0,0,1,1,0,0,0,0,0,0,0,0,0,0,0,0,0,0,0,0,0,0,0,0,1,0,1,0,0,0,0,0,0,1,1,1,0,0,0,0,1,1,0,1,1,1,1,0,1,1,1,1,1,1,1,0,1,1,1,1,1,1,1,1
2026-07-07T17:23:55.243,tof1,8x8,edge_sit,568,544,-1,-1,-1,-1,-1,-1,383,410,467,-1,-1,-1,-1,-1,372,410,417,-1,-1,-1,-1,-1,360,391,430,439,-1,-1,-1,-1,357,389,400,436,-1,-1,-1,-1,365,377,405,426,-1,1965,-1,-1,387,373,404,432,-1,-1,-1,-1,368,366,395,424,504,1006,980,911,1,1,0,0,0,0,0,0,1,1,1,0,0,0,0,0,1,1,1,0,0,0,0,0,1,1,1,1,0,0,0,0,1,1,1,1,0,0,0,0,1,1,1,1,1,1,0,0,1,1,1,1,0,0,0,0,1,1,1,1,1,1,1,1
2026-07-07T17:23:55.309,tof2,8x8,edge_sit,-1,-1,3181,3211,-1,-1,-1,-1,-1,-1,-1,-1,-1,-1,-1,-1,-1,-1,-1,-1,-1,-1,-1,-1,-1,-1,-1,-1,-1,-1,-1,-1,-1,1761,1817,-1,-1,-1,-1,-1,1346,-1,1393,1463,1436,1407,1344,-1,1209,1191,1194,1206,1200,1209,1172,-1,997,1000,1017,1019,1034,1019,1020,987,0,0,1,1,0,0,0,0,0,0,0,0,1,0,0,0,0,0,0,0,0,0,0,0,0,0,1,0,1,0,0,0,0,1,1,1,0,0,0,0,1,0,1,1,1,1,1,0,1,1,1,1,1,1,1,1,1,1,1,1,1,1,1,1
2026-07-07T17:23:55.530,tof1,8x8,edge_sit,572,522,-1,-1,-1,-1,-1,-1,396,422,455,-1,-1,-1,-1,-1,368,403,433,-1,-1,-1,-1,-1,369,391,415,478,-1,-1,-1,-1,372,386,400,444,-1,-1,-1,-1,394,385,397,450,-1,1959,-1,-1,382,381,388,422,-1,-1,1305,-1,391,382,389,440,480,1006,933,903,1,1,0,0,0,0,0,0,1,1,1,0,0,0,0,0,1,1,1,0,0,0,0,0,1,1,1,1,0,0,0,0,1,1,1,1,0,0,0,0,1,1,1,1,0,1,0,0,1,1,1,1,0,0,1,0,1,1,1,1,1,1,1,1
2026-07-07T17:23:55.583,tof2,8x8,edge_sit,-1,-1,3192,3249,-1,-1,-1,-1,-1,-1,-1,-1,1456,-1,-1,-1,-1,-1,-1,-1,-1,-1,-1,-1,-1,-1,-1,-1,-1,-1,-1,-1,-1,1773,1845,-1,-1,-1,-1,-1,1383,-1,-1,-1,1420,1395,-1,-1,1199,1217,1190,1182,1199,1214,1163,-1,997,1013,1027,1017,1014,1029,1008,978,0,0,1,1,1,0,0,0,0,0,0,0,1,0,1,0,0,0,0,0,0,0,0,0,0,0,0,0,0,0,0,0,0,1,1,1,0,0,0,0,1,1,0,1,1,1,0,0,1,1,1,1,1,1,1,0,1,1,1,1,1,1,1,1
2026-07-07T17:23:55.820,tof1,8x8,edge_sit,551,542,564,-1,-1,-1,-1,-1,396,423,474,-1,-1,-1,-1,-1,391,393,435,472,-1,-1,-1,-1,354,370,428,469,-1,-1,-1,-1,368,385,413,433,-1,-1,-1,-1,382,377,411,418,-1,1966,-1,-1,401,380,407,449,-1,-1,-1,-1,385,380,394,417,450,978,964,911,1,1,1,0,0,0,0,0,1,1,1,0,0,0,0,0,1,1,1,1,0,0,0,0,1,1,1,1,0,0,0,0,1,1,1,1,0,0,0,0,1,1,1,1,0,1,1,0,1,1,1,1,0,1,0,0,1,1,1,1,1,1,1,1
2026-07-07T17:23:55.846,tof2,8x8,edge_sit,-1,-1,3156,-1,-1,-1,-1,3352,-1,-1,-1,-1,-1,-1,-1,-1,-1,-1,-1,-1,-1,-1,-1,-1,-1,-1,-1,-1,-1,-1,-1,-1,-1,1786,1808,-1,-1,-1,-1,-1,1404,-1,1407,1451,1442,1350,-1,-1,1201,1220,1231,1219,1202,1210,1163,2339,1005,1000,1021,1003,1026,1021,1023,972,0,0,1,0,0,0,0,1,0,0,0,0,1,0,0,0,0,0,0,0,0,0,0,0,0,0,0,0,0,0,0,0,0,1,1,0,0,0,0,0,1,0,1,1,1,1,1,0,1,1,1,1,1,1,1,1,1,1,1,1,1,1,1,1
2026-07-07T17:23:56.055,tof1,8x8,edge_sit,548,524,-1,-1,-1,-1,-1,-1,391,417,443,-1,-1,-1,-1,-1,368,407,426,-1,-1,-1,-1,-1,369,391,423,454,-1,-1,-1,-1,378,379,431,458,-1,-1,-1,-1,381,378,409,440,-1,1993,1965,-1,413,374,412,431,-1,-1,-1,1252,392,381,388,445,-1,982,938,918,1,1,0,0,0,0,0,0,1,1,1,0,0,0,0,0,1,1,1,0,0,0,0,0,1,1,1,1,0,0,0,0,1,1,1,1,0,0,0,0,1,1,1,1,0,1,1,0,1,1,1,1,0,0,0,1,1,1,1,1,1,1,1,1
2026-07-07T17:23:56.060,tof2,8x8,edge_sit,-1,-1,3176,3211,-1,-1,-1,-1,-1,-1,-1,-1,-1,-1,-1,-1,-1,-1,-1,-1,-1,-1,-1,-1,-1,-1,-1,-1,-1,-1,-1,-1,-1,1718,1784,-1,-1,-1,-1,-1,1420,-1,1448,1436,1449,1395,-1,-1,1193,1180,1220,1203,1235,1191,1172,-1,992,1009,1014,1014,1015,1007,1014,1005,1,0,1,1,0,0,0,0,0,0,0,0,0,0,0,0,0,0,0,0,0,0,0,0,0,0,0,0,0,0,0,0,0,1,1,1,0,0,0,0,1,0,1,1,1,1,0,0,1,1,1,1,1,1,1,0,1,1,1,1,1,1,1,1
2026-07-07T17:23:56.178,tof1,8x8,edge_sit,568,535,-1,-1,-1,-1,-1,-1,386,422,481,-1,-1,-1,-1,-1,381,394,428,-1,-1,-1,-1,-1,362,380,413,472,-1,-1,-1,-1,360,378,415,448,-1,-1,-1,-1,373,375,401,433,1932,1968,1997,-1,383,377,397,433,-1,-1,-1,-1,374,391,390,419,507,998,978,905,1,1,0,0,0,0,0,0,1,1,1,0,0,0,0,0,1,1,1,0,0,0,0,0,1,1,1,1,0,0,0,0,1,1,1,1,0,0,0,0,1,1,1,1,1,1,1,0,1,1,1,1,0,1,0,0,1,1,1,1,1,1,1,1
2026-07-07T17:23:56.278,tof1,8x8,edge_sit,579,524,564,-1,-1,-1,-1,-1,400,415,456,-1,-1,-1,-1,-1,378,388,443,-1,-1,-1,-1,-1,366,375,429,462,-1,-1,-1,-1,364,383,413,479,-1,-1,-1,-1,369,381,413,435,-1,1954,-1,-1,401,379,405,434,-1,-1,-1,-1,382,384,392,441,482,990,980,932,1,1,1,0,0,0,0,0,1,1,1,0,0,0,0,0,1,1,1,0,0,0,0,0,1,1,1,1,0,0,0,0,1,1,1,1,0,0,0,0,1,1,1,1,0,1,0,0,1,1,1,1,1,0,1,0,1,1,1,1,1,1,1,1
2026-07-07T17:23:56.255,tof2,8x8,edge_sit,-1,-1,3183,3217,-1,-1,-1,-1,-1,-1,-1,-1,-1,-1,-1,-1,-1,-1,-1,-1,-1,-1,-1,-1,-1,-1,-1,-1,-1,-1,-1,-1,-1,1728,-1,1673,-1,-1,-1,-1,1409,-1,1446,1458,1450,1414,-1,-1,1165,1256,1196,1186,1195,1185,1187,-1,999,1005,1038,1032,1037,1007,1010,977,0,0,1,1,1,0,0,1,0,0,0,0,0,0,0,0,0,0,0,0,0,0,0,0,0,0,1,0,0,0,0,0,0,1,1,1,0,0,0,0,1,0,1,1,1,1,0,0,1,1,1,1,1,1,1,0,1,1,1,1,1,1,1,1
2026-07-07T17:23:56.365,tof1,8x8,edge_sit,563,548,-1,-1,-1,-1,-1,-1,401,417,469,-1,-1,-1,-1,-1,379,400,428,-1,-1,-1,-1,-1,361,382,417,462,-1,-1,-1,-1,367,374,403,448,-1,-1,-1,-1,365,375,392,460,-1,1979,-1,-1,381,386,381,425,-1,-1,-1,-1,384,387,402,421,449,963,981,934,1,1,0,0,0,0,0,0,1,1,1,0,0,0,0,0,1,1,1,0,0,0,0,0,1,1,1,1,0,0,0,0,1,1,1,1,0,0,0,0,1,1,1,1,0,1,0,0,1,1,1,1,0,0,0,0,1,1,1,1,1,1,1,1
2026-07-07T17:23:56.379,tof2,8x8,edge_sit,-1,-1,3198,-1,-1,-1,-1,-1,-1,-1,-1,-1,-1,-1,-1,-1,-1,-1,-1,-1,-1,-1,-1,-1,-1,-1,-1,-1,-1,-1,-1,-1,-1,1728,-1,1626,1558,-1,-1,-1,1382,-1,-1,1442,1422,1436,-1,-1,1166,1214,1165,1222,1180,1205,1197,-1,997,992,1030,1032,1031,1008,1018,977,0,0,1,0,0,0,0,0,0,0,0,0,0,0,0,0,0,0,0,0,0,0,0,0,0,0,1,0,0,0,0,0,0,1,0,1,1,0,0,0,1,0,1,1,1,1,0,0,1,1,1,1,1,1,1,1,1,1,1,1,1,1,1,1
2026-07-07T17:23:56.521,tof2,8x8,edge_sit,-1,-1,3178,3183,-1,-1,-1,3333,-1,-1,-1,-1,-1,-1,-1,-1,-1,-1,-1,-1,-1,-1,-1,-1,-1,-1,-1,-1,-1,-1,-1,-1,-1,1769,-1,-1,-1,-1,-1,-1,1410,1445,1418,1447,1390,1405,-1,-1,1190,1188,1213,1237,1230,1190,1183,-1,1009,1009,1018,1025,1030,1020,1019,964,0,0,1,1,0,0,0,1,0,0,0,0,0,0,0,0,0,0,0,0,0,0,0,0,0,0,0,0,0,0,0,0,1,1,0,0,0,0,0,0,1,1,1,1,1,1,0,0,1,1,1,1,1,1,1,0,1,1,1,1,1,1,1,1
2026-07-07T17:23:56.568,tof1,8x8,edge_sit,569,529,-1,-1,-1,-1,-1,-1,393,416,-1,-1,-1,-1,-1,-1,373,403,434,-1,-1,-1,-1,-1,365,386,441,483,-1,-1,-1,-1,367,398,413,472,-1,-1,-1,-1,372,383,384,448,1937,1982,-1,-1,391,374,393,434,-1,-1,-1,-1,400,381,396,423,469,988,924,897,1,1,0,0,0,0,0,0,1,1,1,0,0,0,0,0,1,1,1,0,0,0,0,0,1,1,1,1,0,0,0,0,1,1,1,1,0,0,0,0,1,1,1,1,1,1,1,0,1,1,1,1,0,0,0,0,1,1,1,1,1,1,1,1
2026-07-07T17:23:56.672,tof1,8x8,edge_sit,565,521,-1,-1,-1,-1,-1,-1,404,427,439,-1,-1,-1,-1,-1,386,399,446,-1,-1,-1,-1,-1,373,394,436,438,-1,-1,-1,-1,378,381,416,473,-1,-1,-1,-1,373,388,397,421,-1,1967,-1,-1,389,378,404,441,-1,-1,1278,-1,385,379,381,434,464,978,897,900,1,1,0,0,0,0,0,0,1,1,1,0,0,0,0,0,1,1,1,0,0,0,0,0,1,1,1,1,0,0,0,0,1,1,1,1,0,0,0,0,1,1,1,1,1,1,0,0,1,1,1,1,1,0,1,1,1,1,1,1,1,1,1,1
2026-07-07T17:23:56.674,tof2,8x8,edge_sit,-1,-1,3178,-1,-1,-1,-1,-1,-1,-1,-1,-1,-1,-1,-1,-1,-1,-1,-1,-1,-1,-1,-1,-1,-1,-1,-1,-1,-1,-1,-1,-1,-1,1725,1784,1721,-1,-1,-1,-1,1394,-1,1416,1465,1460,1389,-1,-1,1166,1191,1167,1187,1203,1207,1160,-1,994,1020,1024,1018,995,1025,1015,1000,0,0,1,0,0,0,0,0,0,0,0,0,1,0,0,0,0,0,0,0,0,0,0,0,0,0,0,0,0,0,0,0,0,1,1,1,0,1,0,0,1,1,1,1,1,1,0,0,1,1,1,1,1,1,1,0,1,1,1,1,1,1,1,1
2026-07-07T17:23:56.789,tof1,8x8,edge_sit,558,528,-1,-1,-1,-1,-1,-1,392,428,448,-1,-1,-1,-1,-1,373,402,429,-1,-1,-1,-1,-1,361,377,427,-1,-1,-1,-1,-1,378,385,408,444,-1,-1,-1,-1,366,379,403,426,1965,1943,-1,-1,369,357,412,426,-1,-1,1181,1381,375,383,385,434,-1,954,932,891,1,1,1,0,0,0,0,0,1,1,1,0,0,0,0,0,1,1,1,0,0,0,0,0,1,1,1,0,0,0,0,0,1,1,1,1,0,0,0,0,1,1,1,1,1,1,1,1,1,1,1,1,0,0,1,1,1,1,1,1,1,1,1,1
2026-07-07T17:23:56.761,tof2,8x8,edge_sit,-1,-1,3187,-1,-1,-1,-1,-1,-1,-1,-1,-1,-1,-1,-1,-1,-1,-1,-1,-1,-1,-1,-1,-1,-1,-1,-1,-1,-1,-1,-1,-1,-1,1819,1825,1697,-1,-1,-1,-1,1406,-1,-1,1459,1447,1472,-1,-1,1176,1197,1178,1228,1228,1188,1147,-1,992,1005,1005,1018,1027,1033,1019,983,0,0,1,0,0,0,1,1,0,0,0,0,0,0,0,0,0,0,0,0,0,0,0,0,0,0,1,0,0,0,0,0,0,1,1,1,0,0,0,0,1,0,0,1,1,1,0,0,1,1,1,1,1,1,1,0,1,1,1,1,1,1,1,1
2026-07-07T17:23:56.935,tof1,8x8,edge_sit,560,525,-1,-1,-1,-1,-1,-1,397,414,453,-1,-1,-1,-1,-1,381,402,443,-1,-1,-1,-1,-1,375,373,416,471,-1,-1,-1,-1,377,386,418,458,-1,-1,-1,-1,383,383,405,419,-1,1975,-1,-1,389,387,409,450,-1,-1,-1,-1,380,389,392,450,462,994,911,906,1,1,0,0,0,0,0,0,1,1,1,0,0,0,0,0,1,1,1,0,0,0,0,0,1,1,1,1,0,0,0,0,1,1,1,1,0,0,0,0,1,1,1,1,0,1,0,0,1,1,1,1,0,0,1,1,1,1,1,1,1,1,1,1
2026-07-07T17:23:56.969,tof2,8x8,edge_sit,-1,-1,3191,-1,-1,-1,-1,-1,-1,-1,-1,-1,1421,-1,-1,-1,-1,-1,-1,-1,-1,-1,-1,-1,-1,-1,1897,-1,-1,-1,-1,-1,-1,1808,1792,-1,-1,-1,-1,-1,1385,1433,1423,1480,1411,1434,-1,-1,1180,1184,1237,1190,1217,1210,-1,-1,1004,1013,1020,1034,1029,1004,1014,988,0,0,1,0,0,0,0,1,0,0,0,0,1,0,0,0,0,0,0,0,0,1,0,0,0,0,1,1,0,0,1,0,0,1,1,0,0,0,0,0,1,1,1,1,1,1,1,0,1,1,1,1,1,1,1,0,1,1,1,1,1,1,1,1
2026-07-07T17:23:57.042,tof1,8x8,edge_sit,554,513,-1,-1,-1,-1,-1,-1,404,412,444,-1,-1,-1,-1,-1,370,398,430,-1,-1,-1,-1,-1,367,391,441,486,-1,-1,-1,-1,366,387,413,445,-1,-1,-1,-1,377,383,404,451,-1,1959,-1,-1,386,379,401,435,-1,-1,-1,1333,385,377,405,439,-1,990,972,915,1,1,0,0,0,0,0,0,1,1,1,0,0,0,0,0,1,1,1,0,0,0,0,0,1,1,1,1,0,0,0,0,1,1,1,1,0,0,0,0,1,1,1,1,1,1,0,0,1,1,1,1,0,0,0,1,1,1,1,1,1,1,1,1
2026-07-07T17:23:57.060,tof2,8x8,edge_sit,-1,-1,3185,3213,-1,-1,-1,-1,-1,-1,-1,-1,-1,-1,-1,-1,-1,-1,-1,-1,-1,-1,-1,-1,-1,-1,-1,-1,-1,-1,-1,-1,-1,1746,1783,-1,-1,-1,-1,-1,1384,1471,-1,1492,1373,1415,-1,-1,1186,1220,1201,1181,1238,1190,1168,-1,994,1002,1025,1027,1029,1006,1021,994,0,0,1,1,0,0,0,1,0,0,0,0,0,0,0,0,0,0,0,0,0,0,0,0,0,1,0,0,0,0,0,0,0,1,1,0,0,0,0,0,1,1,1,1,1,1,0,0,1,1,1,1,1,1,1,0,1,1,1,1,1,1,1,1
2026-07-07T17:23:57.135,tof1,8x8,edge_sit,562,548,-1,-1,-1,-1,-1,-1,392,415,457,-1,-1,-1,-1,-1,380,402,441,-1,-1,-1,-1,-1,372,383,417,440,-1,-1,-1,-1,376,389,407,442,-1,-1,-1,-1,376,388,400,440,-1,1963,1987,-1,399,378,408,420,-1,-1,-1,-1,383,384,391,433,430,-1,949,944,1,1,0,0,0,0,0,0,1,1,1,0,0,0,0,0,1,1,1,0,0,0,0,0,1,1,1,1,0,0,0,0,1,1,1,1,0,0,0,0,1,1,1,1,0,1,1,0,1,1,1,1,0,0,0,0,1,1,1,1,1,1,1,1
2026-07-07T17:23:57.145,tof2,8x8,edge_sit,-1,-1,3196,3232,-1,-1,-1,-1,-1,-1,-1,-1,-1,-1,-1,-1,-1,-1,-1,-1,-1,-1,-1,-1,-1,-1,-1,-1,-1,-1,-1,-1,-1,1708,1786,-1,1520,-1,-1,-1,1419,1433,-1,1428,1455,1381,-1,-1,1202,1194,-1,1194,1223,1222,1224,-1,992,1031,1025,1016,1030,1008,1012,993,0,0,1,1,0,0,0,0,0,0,0,0,0,0,0,0,0,0,0,0,0,0,0,0,0,0,0,0,0,0,0,0,0,1,1,1,1,0,0,0,1,1,0,1,1,1,0,0,1,1,1,1,1,1,1,0,1,1,1,1,1,1,1,1
2026-07-07T17:23:57.227,tof1,8x8,edge_sit,561,516,-1,-1,-1,-1,-1,-1,404,426,433,-1,-1,-1,-1,-1,373,409,432,-1,-1,-1,-1,-1,365,383,416,455,-1,-1,-1,-1,371,367,407,460,-1,-1,-1,-1,384,395,399,444,-1,1954,-1,-1,402,380,395,426,-1,-1,-1,-1,405,384,389,438,1051,995,974,922,1,1,0,0,0,0,0,0,1,1,1,0,0,0,0,0,1,1,1,0,0,0,0,0,1,1,1,1,0,0,0,0,1,1,1,1,0,0,0,0,1,1,1,1,0,1,0,0,1,1,1,1,1,0,1,1,1,1,1,1,1,1,1,1
2026-07-07T17:23:57.247,tof2,8x8,edge_sit,-1,-1,3181,3224,-1,-1,-1,-1,-1,-1,-1,-1,-1,-1,-1,-1,-1,-1,-1,-1,-1,-1,-1,-1,-1,-1,-1,-1,-1,-1,-1,-1,-1,-1,1861,-1,-1,-1,-1,-1,1398,1383,-1,1395,1423,1428,-1,-1,1187,1174,1214,1210,1219,1191,1175,-1,989,1030,1011,1028,1015,1012,1015,978,0,0,1,1,0,0,0,0,0,0,0,0,0,0,0,0,0,0,0,0,0,0,0,0,0,0,1,0,0,0,0,0,0,1,1,0,0,0,0,0,1,1,1,1,1,1,0,0,1,1,1,1,1,1,1,1,1,1,1,1,1,1,1,1
2026-07-07T17:23:57.347,tof1,8x8,edge_sit,568,522,-1,-1,-1,-1,-1,-1,401,411,485,-1,-1,-1,-1,-1,377,408,446,-1,-1,-1,-1,-1,366,381,408,458,-1,-1,-1,-1,356,376,415,446,-1,-1,-1,-1,379,375,400,415,1923,1937,1919,-1,389,380,400,422,-1,-1,-1,-1,372,384,393,425,1039,1007,967,901,1,1,0,0,0,0,0,0,1,1,1,0,0,0,0,0,1,1,1,0,0,0,0,0,1,1,1,1,0,0,0,0,1,1,1,1,0,0,0,0,1,1,1,1,1,1,1,0,1,1,1,1,0,0,0,0,1,1,1,1,1,1,1,1
2026-07-07T17:23:57.464,tof1,8x8,edge_sit,548,519,-1,-1,-1,-1,-1,-1,397,431,451,-1,-1,-1,-1,-1,380,406,440,-1,-1,-1,-1,-1,362,382,429,441,-1,-1,-1,-1,369,387,408,450,-1,-1,-1,-1,370,381,416,440,1985,1964,1946,-1,392,374,413,431,-1,-1,-1,-1,385,385,396,448,1005,978,958,931,1,1,0,0,0,0,0,0,1,1,1,0,0,0,0,0,1,1,1,0,0,0,0,0,1,1,1,1,0,0,0,0,1,1,1,1,0,0,0,0,1,1,1,1,1,1,1,1,1,1,1,1,0,0,0,0,1,1,1,1,1,1,1,1
2026-07-07T17:23:57.430,tof2,8x8,edge_sit,-1,-1,3188,-1,-1,-1,-1,-1,-1,-1,-1,-1,-1,-1,-1,-1,-1,-1,-1,-1,-1,-1,-1,-1,-1,-1,-1,-1,-1,-1,-1,-1,-1,1710,1742,1595,-1,-1,-1,-1,1434,-1,-1,1444,1433,1387,-1,-1,1174,1193,1210,1184,1220,1189,1176,1118,979,996,1023,1018,1020,1007,1029,994,0,0,1,0,0,0,0,0,0,0,0,0,0,0,0,0,0,0,0,0,0,0,0,0,0,0,0,0,0,0,0,0,0,1,1,1,0,0,0,0,1,1,0,1,1,1,0,0,1,1,1,1,1,1,1,1,1,1,1,1,1,1,1,1
2026-07-07T17:23:57.596,tof1,8x8,edge_sit,548,533,-1,-1,-1,-1,-1,-1,392,417,474,-1,-1,-1,-1,-1,371,401,428,-1,-1,-1,-1,-1,360,372,426,464,-1,-1,-1,-1,369,392,418,466,-1,-1,-1,-1,386,378,409,464,-1,1942,-1,-1,398,376,398,455,-1,-1,-1,-1,374,387,396,438,477,1027,982,940,1,1,0,0,0,0,0,0,1,1,1,0,0,0,0,0,1,1,1,0,0,0,0,0,1,1,1,1,0,0,0,0,1,1,1,1,0,1,0,0,1,1,1,1,0,1,0,1,1,1,1,1,0,0,0,0,1,1,1,1,1,1,1,1
2026-07-07T17:23:57.586,tof2,8x8,edge_sit,-1,-1,3186,-1,-1,-1,-1,3285,-1,-1,-1,-1,-1,-1,-1,-1,-1,-1,-1,-1,-1,-1,-1,-1,-1,-1,-1,-1,-1,-1,-1,-1,-1,1739,1768,-1,-1,-1,-1,-1,1419,1420,-1,1367,1471,1416,-1,-1,1153,1203,1207,1213,1182,1222,1212,-1,996,996,1023,1028,986,1029,1017,983,0,0,1,1,0,0,0,1,0,0,0,0,1,0,0,0,0,0,0,0,0,0,0,0,0,0,1,0,1,0,0,0,0,1,1,0,0,0,0,0,1,1,0,1,1,1,1,0,1,1,1,1,1,1,1,0,1,1,1,1,1,1,1,1
2026-07-07T17:23:57.695,tof1,8x8,edge_sit,560,517,-1,-1,-1,-1,-1,-1,394,428,477,-1,-1,-1,-1,-1,382,399,436,-1,-1,-1,-1,-1,368,378,424,467,-1,-1,-1,-1,366,371,421,466,-1,-1,-1,-1,368,380,399,429,-1,1988,-1,-1,377,373,395,428,-1,-1,-1,-1,380,390,395,434,1008,982,999,896,1,1,0,0,0,0,0,0,1,1,1,0,0,0,0,0,1,1,1,0,0,0,0,0,1,1,1,1,0,0,0,0,1,1,1,1,0,0,0,0,1,1,1,1,1,1,0,0,1,1,1,1,1,0,0,0,1,1,1,1,1,1,1,1
2026-07-07T17:23:57.691,tof2,8x8,edge_sit,-1,-1,3184,3206,-1,-1,-1,-1,-1,-1,-1,-1,-1,-1,-1,-1,-1,-1,-1,-1,-1,-1,-1,-1,-1,-1,-1,-1,-1,-1,-1,-1,-1,1712,1773,1583,-1,-1,-1,-1,1416,-1,1425,1445,1430,1398,-1,-1,1170,1251,1203,1195,1222,1195,1212,-1,1001,1003,1031,1026,1016,1022,1025,997,1,0,1,1,0,0,0,0,0,0,0,0,0,0,0,0,0,0,0,0,0,0,0,0,0,0,0,0,0,0,0,0,0,1,1,1,0,0,0,0,1,1,1,1,1,1,0,0,1,1,1,1,1,1,1,0,1,1,1,1,1,1,1,1
2026-07-07T17:23:57.803,tof1,8x8,edge_sit,546,525,-1,-1,-1,-1,-1,-1,399,416,469,-1,-1,-1,-1,-1,370,405,436,-1,-1,-1,-1,-1,371,377,433,438,-1,-1,-1,-1,368,381,412,451,-1,-1,-1,-1,379,378,405,447,-1,1982,1919,-1,381,383,393,430,-1,-1,-1,-1,375,382,394,441,481,991,962,914,1,1,0,0,0,0,0,0,1,1,1,0,0,0,0,0,1,1,1,0,0,0,0,0,1,1,1,1,0,0,0,0,1,1,1,1,0,0,0,0,1,1,1,1,0,1,1,0,1,1,1,1,0,0,0,1,1,1,1,1,1,1,1,1
2026-07-07T17:23:57.788,tof2,8x8,edge_sit,-1,-1,3189,3242,-1,-1,-1,-1,-1,-1,-1,-1,-1,-1,-1,-1,-1,-1,-1,-1,-1,-1,-1,-1,-1,2093,-1,-1,-1,-1,-1,-1,-1,1731,1806,-1,-1,-1,-1,-1,1394,-1,1424,1466,1446,1442,-1,-1,1180,1228,1219,1188,1170,1231,1169,-1,1005,1004,1016,1022,1023,1028,1017,987,0,0,1,1,0,0,0,0,0,0,0,0,0,0,1,0,0,0,0,0,0,0,0,0,0,1,0,0,0,0,0,0,1,1,1,1,0,0,0,0,1,1,1,1,1,1,0,0,1,1,1,1,1,1,1,0,1,1,1,1,1,1,1,1
2026-07-07T17:23:57.896,tof1,8x8,edge_sit,565,545,-1,-1,-1,-1,-1,-1,388,437,482,-1,-1,-1,-1,-1,382,400,426,-1,-1,-1,-1,-1,367,380,424,461,-1,-1,-1,-1,376,379,404,450,-1,-1,-1,-1,370,366,407,433,-1,1954,-1,-1,389,378,393,432,-1,-1,-1,-1,388,386,396,440,1031,954,915,-1,1,1,0,0,0,0,0,0,1,1,1,0,0,0,0,0,1,1,1,0,0,0,0,0,1,1,1,1,0,0,0,0,1,1,1,1,0,0,0,0,1,1,1,1,1,1,0,0,1,1,1,1,0,0,1,0,1,1,1,1,1,1,1,1
2026-07-07T17:23:57.915,tof2,8x8,edge_sit,-1,-1,3180,3237,-1,-1,-1,-1,-1,-1,-1,-1,-1,-1,-1,-1,-1,-1,-1,-1,-1,-1,-1,-1,-1,2141,-1,-1,-1,-1,-1,-1,-1,1787,1783,1689,-1,-1,-1,-1,1407,1432,1433,1456,1463,1433,-1,-1,1181,1218,1175,1212,1175,1202,1189,-1,996,1004,1001,1028,1031,1022,1016,995,0,0,1,1,0,0,0,1,0,0,0,0,1,0,0,0,0,0,0,0,0,0,0,0,0,1,1,0,0,0,0,0,0,1,1,1,0,0,0,0,1,1,1,1,1,1,0,0,1,1,1,1,1,1,1,0,1,1,1,1,1,1,1,1
2026-07-07T17:23:58.019,tof1,8x8,edge_sit,550,525,-1,-1,-1,-1,-1,-1,401,426,453,-1,-1,-1,-1,-1,386,403,431,-1,-1,-1,-1,-1,366,385,428,-1,-1,-1,-1,-1,368,381,398,460,-1,-1,-1,-1,372,370,412,435,-1,1920,1971,-1,372,372,394,418,-1,-1,-1,-1,381,384,386,440,483,927,977,933,1,1,0,0,0,0,0,0,1,1,1,0,0,0,0,0,1,1,1,0,0,0,0,0,1,1,1,0,0,0,0,0,1,1,1,1,0,0,0,0,1,1,1,1,1,1,1,0,1,1,1,1,0,0,1,0,1,1,1,1,1,1,1,1
2026-07-07T17:23:58.008,tof2,8x8,edge_sit,-1,-1,3201,-1,-1,-1,-1,-1,-1,-1,-1,-1,-1,-1,-1,-1,-1,-1,-1,-1,-1,-1,-1,-1,-1,-1,-1,-1,-1,-1,-1,-1,-1,1735,1869,-1,1519,-1,-1,-1,1387,-1,1391,1517,1403,1400,-1,-1,1195,1191,1230,1219,1192,1217,1198,-1,997,1006,1020,1034,1030,1014,1026,975,0,0,1,0,0,0,0,0,0,0,0,0,1,0,0,0,0,0,0,0,0,0,0,0,0,0,1,0,0,0,0,0,0,1,1,0,1,0,0,0,1,0,1,1,1,1,0,0,1,1,1,1,1,1,1,0,1,1,1,1,1,1,1,1
2026-07-07T17:23:58.094,tof2,8x8,edge_sit,-1,-1,3222,-1,-1,-1,-1,-1,-1,-1,-1,-1,-1,-1,-1,-1,-1,-1,-1,-1,-1,-1,-1,-1,-1,-1,1897,-1,-1,-1,-1,-1,-1,1752,1743,-1,-1,-1,-1,-1,1403,-1,1412,1464,1384,1425,-1,-1,1182,1185,1183,1218,1198,1195,1173,-1,988,1014,1013,1027,1020,1025,1012,992,0,0,1,1,0,0,0,0,0,0,0,0,0,0,0,0,0,0,0,0,0,0,1,0,0,1,1,0,0,0,0,0,0,1,1,1,0,0,0,0,1,0,1,1,1,1,0,0,1,1,1,1,1,1,1,0,1,1,1,1,1,1,1,1
2026-07-07T17:23:58.111,tof1,8x8,edge_sit,559,530,-1,-1,-1,-1,-1,-1,394,414,490,-1,-1,-1,-1,-1,370,398,429,-1,-1,-1,-1,-1,363,385,436,464,-1,-1,-1,-1,374,389,412,448,-1,-1,-1,-1,379,382,403,421,-1,1949,-1,-1,388,380,393,443,-1,-1,-1,-1,391,387,391,427,461,950,959,898,1,1,0,0,0,0,0,0,1,1,1,0,0,0,0,0,1,1,1,0,0,0,0,0,1,1,1,1,0,0,0,0,1,1,1,1,0,0,0,0,1,1,1,1,0,1,0,0,1,1,1,1,0,0,0,0,1,1,1,1,1,1,1,1
2026-07-07T17:23:58.213,tof1,8x8,edge_sit,554,533,-1,-1,-1,-1,-1,-1,406,426,472,-1,-1,-1,-1,-1,376,401,435,-1,-1,-1,-1,-1,365,371,422,448,-1,-1,-1,-1,363,390,413,446,-1,-1,-1,-1,372,379,389,465,-1,1988,-1,-1,384,373,413,427,-1,-1,-1,-1,385,374,385,428,514,1007,1003,909,1,1,0,0,0,0,0,0,1,1,1,0,0,0,0,0,1,1,1,0,0,0,0,0,1,1,1,1,0,0,0,0,1,1,1,1,0,0,0,0,1,1,1,1,0,1,1,0,1,1,1,1,0,0,1,0,1,1,1,1,1,1,1,1
2026-07-07T17:23:58.196,tof2,8x8,edge_sit,-1,-1,3175,-1,-1,-1,-1,-1,-1,-1,-1,-1,-1,-1,-1,-1,-1,-1,-1,-1,-1,-1,-1,-1,-1,-1,-1,-1,-1,-1,-1,-1,-1,1772,-1,-1,-1,-1,-1,-1,1366,-1,1435,1466,1428,1454,-1,-1,1130,1213,1243,1195,1216,1238,1180,-1,985,1012,1013,1024,1025,1027,1009,981,0,0,1,1,0,0,0,1,0,0,0,0,0,0,0,0,0,0,0,0,0,0,0,0,0,0,1,0,0,0,0,0,0,1,1,0,0,0,0,0,1,0,1,1,1,1,0,0,1,1,1,1,1,1,1,0,1,1,1,1,1,1,1,1
2026-07-07T17:23:58.305,tof1,8x8,edge_sit,561,536,-1,-1,-1,-1,-1,-1,401,423,438,-1,-1,-1,-1,-1,380,406,437,497,-1,-1,-1,-1,369,389,432,465,-1,-1,-1,-1,361,379,409,452,-1,-1,-1,-1,381,390,401,419,2009,2018,-1,-1,371,364,393,427,-1,-1,-1,1241,390,371,397,418,-1,1019,960,915,1,1,0,0,0,0,0,0,1,1,1,0,0,0,0,0,1,1,1,1,0,0,0,0,1,1,1,1,0,0,0,0,1,1,1,1,0,0,0,0,1,1,1,1,1,1,1,0,1,1,1,1,0,0,0,1,1,1,1,1,0,1,1,1
2026-07-07T17:23:58.287,tof2,8x8,edge_sit,-1,-1,3205,3213,-1,-1,-1,-1,-1,-1,-1,-1,-1,-1,-1,-1,-1,-1,-1,-1,-1,-1,-1,-1,-1,-1,2002,-1,-1,-1,-1,-1,-1,1772,1813,1616,-1,-1,-1,-1,1379,-1,1326,1477,1440,-1,-1,-1,1175,1231,1183,1182,1212,1230,1164,-1,993,1018,1024,1022,1032,1022,1028,990,0,0,1,1,0,0,0,0,0,0,0,0,0,0,0,0,0,0,0,0,0,0,0,0,0,1,1,0,0,0,0,0,0,1,1,1,0,0,0,0,1,1,1,1,1,1,0,0,1,1,1,1,1,1,1,1,1,1,1,1,1,1,1,1
2026-07-07T17:23:58.384,tof2,8x8,edge_sit,-1,-1,3202,-1,-1,-1,-1,-1,-1,-1,-1,-1,-1,-1,-1,-1,-1,-1,-1,-1,-1,-1,-1,-1,-1,-1,-1,-1,-1,-1,-1,-1,-1,-1,1859,1687,-1,-1,-1,-1,1405,-1,1471,1480,1440,1404,-1,-1,1188,1206,1203,1222,1155,1188,1180,-1,1001,1011,1017,1003,1045,1023,1025,1004,0,0,1,1,0,0,0,0,0,0,0,0,0,0,0,0,0,0,0,0,0,0,0,0,0,0,1,0,0,0,0,0,1,0,1,1,0,0,0,0,1,0,1,1,1,1,0,0,1,1,1,1,1,1,1,1,1,1,1,1,1,1,1,1
2026-07-07T17:23:58.417,tof1,8x8,edge_sit,557,548,-1,-1,-1,-1,-1,-1,382,421,466,-1,-1,-1,-1,-1,368,400,436,-1,-1,-1,-1,-1,361,383,410,455,-1,-1,-1,-1,362,375,403,445,-1,-1,-1,-1,375,381,401,444,1868,1961,1934,-1,398,373,410,438,-1,-1,-1,-1,376,390,380,440,-1,1013,-1,899,1,1,0,0,0,0,0,0,1,1,1,0,0,0,0,0,1,1,1,0,0,0,0,0,1,1,1,1,0,0,0,0,1,1,1,1,0,0,0,0,1,1,1,1,1,1,1,0,1,1,1,1,0,0,1,0,1,1,1,1,1,1,1,1
2026-07-07T17:23:58.515,tof1,8x8,edge_sit,551,538,-1,-1,-1,-1,-1,-1,393,428,463,-1,-1,-1,-1,-1,382,402,443,-1,-1,-1,-1,-1,363,386,423,473,-1,-1,-1,-1,366,381,414,461,-1,-1,-1,-1,384,388,396,421,-1,1958,-1,-1,382,363,405,421,-1,-1,-1,-1,382,377,376,433,-1,999,952,925,1,1,0,0,0,0,0,0,1,1,1,0,0,0,0,0,1,1,1,0,0,0,0,0,1,1,1,1,0,0,0,0,1,1,1,1,0,0,0,0,1,1,1,1,1,1,1,0,1,1,1,1,0,0,0,0,1,1,1,1,0,1,1,1
2026-07-07T17:23:58.503,tof2,8x8,edge_sit,-1,-1,3203,3178,-1,-1,-1,-1,-1,-1,-1,-1,-1,-1,-1,-1,-1,-1,-1,-1,-1,-1,-1,-1,-1,-1,-1,-1,-1,-1,-1,-1,-1,-1,1804,1752,-1,-1,-1,-1,1406,-1,1420,1474,1490,1433,-1,-1,1145,-1,1226,1208,1252,1212,1187,-1,1009,1008,1034,1032,1017,1011,1009,975,0,0,1,1,0,0,1,1,0,0,0,0,0,0,0,0,0,0,0,0,0,0,0,0,0,0,0,0,0,0,0,0,0,1,1,1,0,0,1,0,1,0,1,1,1,1,0,0,1,1,1,1,1,1,1,1,1,1,1,1,1,1,1,1
2026-07-07T17:23:58.598,tof2,8x8,edge_sit,-1,-1,3232,-1,-1,-1,-1,-1,-1,-1,-1,-1,-1,-1,-1,-1,-1,-1,-1,-1,-1,-1,-1,-1,-1,-1,-1,-1,-1,-1,-1,-1,-1,1716,1729,1561,-1,-1,-1,-1,1388,1458,-1,1412,1440,-1,-1,-1,1185,1157,1200,1198,1169,1210,1168,-1,986,1020,1025,1029,1023,1013,1012,1003,0,0,1,1,0,0,0,0,0,0,0,0,0,0,0,0,0,0,0,0,0,0,0,1,0,1,1,0,0,0,0,0,0,1,1,1,0,0,0,0,1,1,1,1,1,0,0,0,1,1,1,1,1,1,1,0,1,1,1,1,1,1,1,1
2026-07-07T17:23:58.619,tof1,8x8,edge_sit,549,534,-1,-1,-1,-1,-1,-1,399,423,450,-1,-1,-1,-1,-1,386,408,430,-1,-1,-1,-1,-1,365,377,423,448,-1,-1,-1,-1,358,383,417,444,-1,-1,-1,-1,358,373,409,408,-1,1940,1973,-1,400,371,404,443,-1,-1,-1,-1,379,377,395,432,447,-1,940,896,1,1,0,0,0,0,0,0,1,1,1,0,0,0,0,0,1,1,1,0,0,0,0,0,1,1,1,1,0,0,0,0,1,1,1,1,0,0,0,0,1,1,1,1,0,1,1,0,1,1,1,1,0,1,1,0,1,1,1,1,1,1,1,1
2026-07-07T17:23:58.736,tof1,8x8,edge_sit,559,552,-1,-1,-1,-1,-1,-1,385,421,493,-1,-1,-1,-1,-1,367,407,452,-1,-1,-1,-1,-1,366,376,439,469,-1,-1,-1,-1,375,374,412,447,-1,-1,-1,-1,384,379,399,440,-1,1981,-1,-1,390,382,395,440,-1,-1,-1,-1,386,374,399,447,958,1009,950,904,1,1,0,0,0,0,0,0,1,1,1,0,0,0,0,0,1,1,1,1,0,0,0,0,1,1,1,1,0,0,0,0,1,1,1,1,0,0,0,0,1,1,1,1,1,1,1,1,1,1,1,1,0,0,0,0,1,1,1,1,1,1,1,1
2026-07-07T17:23:58.714,tof2,8x8,edge_sit,-1,-1,3192,-1,-1,-1,-1,-1,-1,-1,-1,-1,-1,-1,-1,-1,-1,-1,-1,-1,-1,-1,-1,-1,-1,-1,-1,-1,-1,-1,-1,-1,-1,1728,1744,1642,-1,-1,-1,-1,-1,-1,1437,1487,1421,1405,-1,-1,1223,1194,1224,1222,1216,1198,1182,-1,996,1003,1024,1029,1032,1015,1027,986,0,0,1,0,0,0,0,0,0,0,0,0,0,0,0,0,0,0,0,0,0,0,0,0,0,0,0,0,0,0,0,0,0,1,1,1,0,0,0,0,0,0,1,1,1,1,0,0,1,1,1,1,1,1,1,0,1,1,1,1,1,1,1,1
2026-07-07T17:23:58.830,tof2,8x8,edge_sit,-1,-1,3219,-1,-1,-1,-1,-1,-1,-1,-1,-1,-1,-1,-1,-1,-1,-1,-1,-1,-1,-1,-1,-1,-1,-1,-1,-1,-1,-1,-1,-1,-1,1764,1827,-1,-1,-1,-1,-1,1471,-1,1463,1493,1430,1439,-1,-1,1169,1216,1196,1206,1203,1203,1163,-1,1008,1003,1024,1003,1008,1024,1039,990,0,0,1,0,0,0,0,0,0,0,0,0,0,0,0,0,0,0,0,0,0,1,0,0,0,1,1,0,0,0,0,0,0,1,1,0,0,0,0,0,1,0,1,1,1,1,0,0,1,1,1,1,1,1,1,0,1,1,1,1,1,1,1,1
2026-07-07T17:23:58.856,tof1,8x8,edge_sit,555,528,-1,-1,-1,-1,-1,-1,406,427,457,-1,-1,-1,-1,-1,378,390,428,-1,-1,-1,-1,-1,366,381,430,455,-1,-1,-1,-1,366,382,410,455,-1,-1,-1,-1,371,382,399,418,-1,2022,1958,-1,370,376,400,419,-1,-1,-1,-1,378,389,398,433,1011,1036,977,953,1,1,1,0,0,0,0,0,1,1,1,0,0,0,0,0,1,1,1,0,0,0,0,0,1,1,1,1,0,0,0,0,1,1,1,1,0,0,0,0,1,1,1,1,1,1,1,0,1,1,1,1,0,0,1,0,1,1,1,1,1,1,1,1
2026-07-07T17:23:58.942,tof2,8x8,edge_sit,-1,-1,3169,-1,-1,-1,-1,-1,-1,-1,-1,-1,-1,-1,-1,-1,-1,-1,-1,-1,-1,-1,-1,-1,-1,-1,-1,-1,-1,-1,-1,-1,-1,1846,1825,-1,-1,-1,-1,-1,1428,-1,-1,1438,1433,1433,-1,-1,1189,1159,1208,1232,1200,1210,1181,-1,977,994,1027,1010,1027,1025,1018,976,0,0,1,1,0,0,0,0,0,0,0,0,0,0,0,0,0,0,0,0,0,0,0,0,0,0,0,0,0,0,1,0,0,1,1,0,0,1,0,0,1,0,0,1,1,1,0,0,1,1,1,1,1,1,1,1,1,1,1,1,1,1,1,1
2026-07-07T17:23:59.004,tof1,8x8,edge_sit,561,540,-1,-1,-1,-1,-1,-1,394,407,435,-1,-1,-1,-1,-1,373,402,426,-1,-1,-1,-1,-1,367,387,425,463,-1,-1,-1,-1,361,379,414,447,-1,-1,-1,-1,370,372,408,462,1975,1943,-1,-1,394,379,394,421,-1,-1,-1,-1,370,384,397,425,481,1011,974,925,1,1,0,0,0,0,0,0,1,1,1,0,0,0,0,0,1,1,1,0,0,0,0,0,1,1,1,1,0,0,0,0,1,1,1,1,1,0,0,0,1,1,1,1,1,1,0,0,1,1,1,1,0,0,0,0,1,1,1,1,1,1,1,1
2026-07-07T17:23:59.059,tof2,8x8,edge_sit,-1,-1,3149,3250,-1,-1,-1,-1,-1,-1,-1,-1,-1,-1,-1,-1,-1,-1,-1,-1,-1,-1,-1,-1,-1,-1,-1,-1,-1,-1,-1,-1,-1,1696,1832,1608,-1,-1,-1,-1,1401,1429,1381,1459,1447,1395,-1,-1,1226,1215,1210,1208,1217,1209,1216,-1,1003,1023,1015,1035,1010,1012,1025,988,0,0,1,1,0,0,0,0,0,0,0,0,0,0,0,0,0,0,0,0,0,0,0,0,0,0,0,0,0,0,0,0,0,1,1,1,0,0,0,0,1,1,1,1,1,1,0,0,1,1,1,1,1,1,1,0,1,1,1,1,1,1,1,1
2026-07-07T17:23:59.126,tof1,8x8,edge_sit,554,531,-1,-1,-1,-1,-1,-1,392,421,426,-1,-1,-1,-1,-1,370,404,428,-1,-1,-1,-1,-1,366,384,432,465,-1,-1,-1,-1,365,377,413,456,-1,-1,-1,-1,385,380,404,462,1972,1979,1945,-1,387,375,410,422,-1,-1,-1,-1,386,382,397,432,450,945,-1,883,1,1,0,0,0,0,0,0,1,1,1,0,0,0,0,0,1,1,1,0,0,0,0,0,1,1,1,1,0,0,0,0,1,1,1,1,0,0,0,0,1,1,1,1,1,1,1,0,1,1,1,1,0,1,0,0,1,1,1,1,1,1,1,1
2026-07-07T17:23:59.148,tof2,8x8,edge_sit,-1,-1,3178,3245,-1,-1,-1,-1,-1,-1,-1,-1,-1,-1,-1,-1,-1,-1,-1,-1,-1,-1,-1,-1,-1,-1,-1,-1,-1,-1,-1,-1,-1,1733,1725,1670,-1,-1,-1,-1,1443,-1,-1,1449,1397,1350,-1,-1,1192,1167,1171,1227,1206,1207,1217,-1,976,1014,1025,1038,1040,1010,1008,1008,0,0,1,1,0,0,0,0,0,0,0,0,0,0,0,0,0,0,0,0,0,0,0,0,0,0,0,0,0,0,0,0,0,1,1,1,0,0,0,0,1,0,0,1,1,1,1,0,1,1,1,1,1,1,1,0,1,1,1,1,1,1,1,1
2026-07-07T17:23:59.227,tof1,8x8,edge_sit,555,524,571,-1,-1,-1,-1,-1,390,425,455,-1,-1,-1,-1,-1,375,409,440,-1,-1,-1,-1,-1,361,385,423,478,-1,-1,-1,-1,359,379,413,478,-1,-1,-1,-1,369,374,406,428,-1,1941,-1,-1,377,381,406,439,-1,-1,-1,-1,390,387,394,445,473,1032,979,910,1,1,1,0,0,0,0,0,1,1,1,0,0,0,0,0,1,1,1,0,0,0,0,0,1,1,1,1,0,0,0,0,1,1,1,1,0,0,0,0,1,1,1,1,1,1,1,0,1,1,1,1,1,0,0,0,1,1,1,1,1,1,1,1
2026-07-07T17:23:59.248,tof2,8x8,edge_sit,-1,-1,3189,-1,-1,-1,-1,-1,-1,-1,-1,-1,-1,-1,-1,-1,-1,-1,-1,-1,-1,-1,-1,-1,-1,-1,-1,-1,-1,-1,-1,-1,-1,1774,1711,-1,-1,-1,-1,-1,1397,-1,1425,1456,1432,1396,-1,-1,1179,1204,1168,1181,1237,1180,1194,-1,981,998,1004,1028,1015,1007,1015,976,0,0,1,0,0,0,0,0,0,0,0,0,0,0,0,0,0,0,0,0,0,0,0,0,0,0,0,0,0,0,0,0,0,1,1,1,0,0,0,0,1,1,1,1,1,1,0,0,1,1,1,1,1,1,1,0,1,1,1,1,1,1,1,1
2026-07-07T17:23:59.316,tof1,8x8,edge_sit,559,528,-1,-1,-1,-1,-1,-1,393,416,445,-1,-1,-1,-1,-1,381,405,429,-1,-1,-1,-1,-1,372,388,434,471,-1,-1,-1,-1,361,381,413,464,-1,-1,-1,-1,366,379,404,449,-1,1935,1962,-1,385,366,411,414,-1,-1,-1,-1,371,387,384,423,435,-1,982,915,1,1,0,0,0,0,0,0,1,1,1,0,0,0,0,0,1,1,1,0,0,0,0,0,1,1,1,1,0,0,0,0,1,1,1,1,0,0,0,0,1,1,1,1,0,1,1,0,1,1,1,1,0,0,1,0,1,1,1,1,1,1,1,1
2026-07-07T17:23:59.342,tof2,8x8,edge_sit,-1,-1,3193,-1,-1,-1,-1,-1,-1,-1,-1,-1,-1,-1,-1,-1,-1,-1,-1,-1,-1,-1,-1,-1,-1,-1,-1,-1,-1,-1,-1,-1,-1,1728,1816,-1,-1,-1,-1,-1,-1,1374,1429,1445,1412,1397,-1,-1,1173,1201,1200,1189,1219,1209,-1,-1,1008,998,1021,1024,1042,1019,1013,972,0,0,1,1,0,0,0,0,0,0,0,0,0,0,0,0,0,0,0,0,0,0,0,0,0,0,1,0,0,0,1,0,0,1,1,0,0,0,0,0,0,1,1,1,1,1,0,0,1,1,1,1,1,1,1,0,1,1,1,1,1,1,1,1
2026-07-07T17:23:59.427,tof1,8x8,edge_sit,575,524,-1,-1,-1,-1,-1,-1,397,408,484,-1,-1,-1,-1,-1,376,401,445,-1,-1,-1,-1,-1,362,385,413,466,553,-1,-1,-1,361,379,412,438,-1,-1,-1,-1,376,382,403,443,1951,1972,-1,-1,378,372,396,429,-1,-1,-1,-1,385,392,384,408,-1,988,999,914,1,1,0,0,0,0,0,0,1,1,1,0,0,0,0,0,1,1,1,0,0,0,0,0,1,1,1,1,1,0,0,0,1,1,1,1,0,0,0,0,1,1,1,1,1,1,1,0,1,1,1,1,0,0,0,1,1,1,1,1,0,1,1,1
2026-07-07T17:23:59.454,tof2,8x8,edge_sit,-1,-1,3182,3285,-1,-1,-1,-1,-1,-1,-1,-1,-1,-1,-1,-1,-1,-1,-1,-1,-1,-1,-1,-1,-1,-1,-1,-1,-1,-1,-1,-1,-1,1727,1829,-1,-1,-1,-1,-1,1424,-1,1444,1439,1418,1415,-1,-1,1194,1199,1198,1207,1204,1230,1230,-1,989,994,1026,1032,1020,1014,1018,1000,1,0,1,1,0,0,0,0,0,0,0,0,0,0,0,0,0,0,0,0,0,0,0,0,0,1,1,0,0,0,0,0,0,1,1,1,0,0,0,0,1,0,1,1,1,1,0,0,1,1,1,1,1,1,1,0,1,1,1,1,1,1,1,1
2026-07-07T17:23:59.516,tof1,8x8,edge_sit,559,519,538,-1,-1,-1,-1,-1,400,424,458,-1,-1,-1,-1,-1,383,398,439,-1,-1,-1,-1,-1,369,379,438,429,-1,-1,-1,-1,369,375,408,465,-1,-1,-1,-1,377,381,394,459,1991,1960,1994,-1,391,377,389,431,-1,-1,-1,-1,392,373,402,439,496,980,983,886,1,1,1,0,0,0,0,0,1,1,1,0,0,0,0,0,1,1,1,0,0,0,0,0,1,1,1,1,0,0,0,0,1,1,1,1,0,0,0,0,1,1,1,1,1,1,1,0,1,1,1,1,0,0,0,0,1,1,1,1,1,1,1,1
2026-07-07T17:23:59.592,tof2,8x8,edge_sit,-1,-1,3199,-1,-1,-1,-1,-1,-1,-1,-1,-1,-1,-1,-1,-1,-1,-1,-1,-1,-1,-1,-1,-1,-1,-1,-1,-1,-1,-1,-1,-1,-1,1796,1837,-1,-1,-1,-1,-1,1409,-1,-1,1482,1435,1437,-1,-1,1199,1191,1220,1174,1211,1215,1172,-1,991,1014,1028,1022,1026,1013,1044,978,0,0,1,0,1,0,0,0,0,0,0,0,0,0,0,0,1,0,0,0,0,0,0,1,0,0,0,0,0,0,0,0,0,1,1,0,0,0,0,0,1,1,0,1,1,1,0,0,1,1,1,1,1,1,1,0,1,1,1,1,1,1,1,1
2026-07-07T17:23:59.618,tof1,8x8,edge_sit,556,529,604,-1,-1,-1,-1,-1,407,434,482,-1,-1,-1,-1,-1,379,406,438,492,-1,-1,-1,-1,364,384,410,473,-1,-1,-1,-1,361,386,402,471,-1,-1,-1,-1,388,380,403,454,412,1940,-1,-1,372,366,398,435,-1,-1,-1,-1,385,383,390,433,985,951,956,923,1,1,1,0,0,0,0,0,1,1,1,0,0,0,0,0,1,1,1,1,0,0,0,0,1,1,1,1,0,0,0,0,1,1,1,1,0,0,0,0,1,1,1,1,1,1,1,0,1,1,1,1,0,0,0,0,1,1,1,1,1,1,1,1
2026-07-07T17:23:59.846,tof2,8x8,edge_sit,-1,-1,3156,-1,-1,-1,-1,3324,-1,-1,-1,-1,-1,-1,-1,-1,-1,-1,-1,-1,-1,-1,-1,-1,-1,-1,-1,-1,-1,-1,3490,-1,-1,1699,1783,-1,-1,-1,-1,-1,1403,-1,1385,1475,1434,1378,-1,-1,1221,1190,1199,1199,1211,1225,1131,-1,1009,1006,1011,1010,1008,1002,1007,965,0,0,1,0,0,0,0,1,0,0,0,0,0,0,0,0,0,0,1,0,0,0,0,1,0,0,1,0,0,0,1,0,0,1,1,1,0,0,0,0,1,1,1,1,1,1,0,0,1,1,1,1,1,1,1,1,1,1,1,1,1,1,1,1
2026-07-07T17:23:59.895,tof1,8x8,edge_sit,557,556,-1,-1,-1,-1,-1,-1,405,426,-1,-1,-1,-1,-1,-1,377,408,446,-1,-1,-1,-1,-1,365,383,429,468,-1,-1,-1,-1,365,396,410,492,-1,-1,-1,-1,369,381,410,466,-1,1987,-1,-1,399,373,413,427,-1,-1,-1,-1,391,376,401,436,452,958,955,932,1,1,0,0,0,0,0,0,1,1,0,0,0,0,0,0,1,1,1,0,0,0,0,0,1,1,1,1,0,0,0,0,1,1,1,1,0,0,0,0,1,1,1,1,0,1,1,1,1,1,1,1,0,0,0,0,1,1,1,1,1,1,1,1
2026-07-07T17:24:00.110,tof2,8x8,edge_sit,-1,-1,3198,-1,-1,-1,-1,-1,-1,-1,-1,-1,-1,-1,-1,-1,-1,-1,-1,-1,-1,-1,-1,-1,-1,2156,-1,-1,-1,-1,-1,-1,-1,1781,1810,-1,-1,-1,-1,-1,1427,-1,-1,1462,1474,1350,-1,-1,1199,1203,1200,1190,1239,1209,1191,-1,992,1006,1014,1023,1029,1025,1005,986,0,0,1,1,0,0,0,0,0,0,0,0,0,0,0,0,0,0,0,0,0,0,0,0,0,1,0,0,0,0,0,0,0,1,1,1,0,0,0,0,1,0,1,1,1,1,1,0,1,1,1,1,1,1,1,0,1,1,1,1,1,1,1,1
2026-07-07T17:24:00.203,tof1,8x8,edge_sit,553,545,-1,-1,-1,-1,-1,-1,399,418,447,-1,-1,-1,-1,-1,378,404,436,-1,-1,-1,-1,-1,374,383,427,452,-1,-1,-1,-1,370,380,404,449,-1,-1,-1,-1,365,373,405,432,-1,1962,-1,-1,410,380,396,414,-1,-1,1290,-1,393,389,388,434,-1,973,991,909,1,1,0,0,0,0,0,0,1,1,1,0,0,0,0,0,1,1,1,0,0,0,0,0,1,1,1,1,0,0,0,0,1,1,1,1,0,0,0,0,1,1,1,1,1,1,1,0,1,1,1,1,1,0,1,0,1,1,1,1,1,1,1,1
2026-07-07T17:24:00.298,tof1,8x8,edge_sit,552,521,-1,-1,-1,-1,-1,-1,397,419,460,-1,-1,-1,-1,-1,372,405,424,-1,-1,-1,-1,-1,354,376,426,442,-1,-1,-1,-1,372,377,415,463,-1,-1,-1,-1,360,382,396,412,-1,1945,-1,-1,388,384,403,415,-1,-1,-1,-1,385,379,401,439,-1,966,-1,941,1,1,0,0,0,0,0,0,1,1,1,0,0,0,0,0,1,1,1,0,0,0,0,0,1,1,1,1,0,0,0,0,1,1,1,1,0,0,0,0,1,1,1,1,1,1,0,0,1,1,1,1,0,0,0,0,1,1,1,1,0,1,1,1
