{
  "n_measurements": 4,
  "resp": {
    "mu": 6.0,
    "sigma": 0.3,
    "samples": 3,
    "raw": [
      6.0,
      6.0,
      6.0,
      9.000000000000002
    ]
  },
  "strength": {
    "mu": 0.32424824294573534,
    "sigma": 0.02853545852868436,
    "samples": 4,
    "raw": [
      0.35482110974155334,
      0.2874855412453921,
      0.3356336287753246,
      0.3190526920206714
    ]
  },
  "hr": {
    "mu": 69.19586285134989,
    "sigma": 8.994540595082356,
    "samples": 3,
    "raw": [
      67.41573033707866,
      61.224489795918366,
      78.94736842105263
    ],
    "learned": true
  }
}