timestamp,sensor,resolution,label,d0,d1,d2,d3,d4,d5,d6,d7,d8,d9,d10,d11,d12,d13,d14,d15,t0,t1,t2,t3,t4,t5,t6,t7,t8,t9,t10,t11,t12,t13,t14,t15
2026-07-03T20:04:32.242,tof1,4x4,side_left,-1,-1,-1,-1,-1,-1,408,366,-1,475,391,361,-1,213,215,241,0,0,0,0,0,0,1,1,0,1,1,1,0,1,1,1
2026-07-03T20:04:32.353,tof2,4x4,side_left,2952,3251,-1,3313,-1,1429,2133,2804,1391,967,1554,1375,1063,-1,1090,1048,1,1,1,1,0,1,1,1,1,1,1,1,1,1,1,1
2026-07-03T20:04:32.413,tof1,4x4,side_left,-1,-1,-1,-1,-1,-1,409,366,-1,476,390,360,-1,212,216,240,0,0,0,0,0,0,1,1,0,1,1,1,0,1,1,1
2026-07-03T20:04:32.510,tof2,4x4,side_left,2974,3262,-1,3317,-1,1454,-1,2818,1492,968,1550,-1,-1,844,1083,1052,1,1,1,1,0,1,0,1,1,1,1,0,1,1,1,1
2026-07-03T20:04:32.595,tof1,4x4,side_left,-1,-1,-1,-1,-1,-1,410,366,-1,476,391,360,-1,211,216,240,0,0,0,0,0,0,1,1,0,1,1,1,0,1,1,1
2026-07-03T20:04:32.691,tof2,4x4,side_left,2978,3261,-1,3313,-1,1480,-1,2811,-1,967,1547,-1,1060,-1,-1,1052,1,1,0,1,0,1,0,1,1,1,1,1,1,1,1,1
2026-07-03T20:04:32.774,tof1,4x4,side_left,-1,-1,-1,-1,-1,-1,410,367,-1,477,390,360,-1,210,216,240,1,0,0,0,0,0,1,1,0,1,1,1,0,1,1,1
2026-07-03T20:04:32.850,tof2,4x4,side_left,2975,3256,-1,3308,-1,1464,-1,2821,1567,962,1536,1377,1063,845,-1,1054,1,1,0,1,1,1,0,1,1,1,1,1,1,1,1,1
2026-07-03T20:04:32.944,tof1,4x4,side_left,-1,-1,-1,-1,-1,-1,410,-1,-1,477,389,360,-1,211,215,240,0,0,0,0,0,0,1,0,0,1,1,1,0,1,1,1
2026-07-03T20:04:33.022,tof2,4x4,side_left,-1,3253,3302,3303,2119,1480,-1,2811,1580,958,1547,1379,1064,844,-1,1056,1,1,1,1,1,1,0,1,1,1,1,1,1,1,1,1
2026-07-03T20:04:33.121,tof1,4x4,side_left,-1,-1,-1,-1,-1,-1,411,368,-1,478,389,359,-1,211,216,240,0,0,0,0,0,0,1,1,0,1,1,1,0,1,1,1
2026-07-03T20:04:33.201,tof2,4x4,side_left,2972,3261,-1,3303,-1,1480,-1,2826,1567,958,-1,-1,1064,838,-1,1056,1,1,0,1,0,1,1,1,1,1,1,0,1,1,1,1
2026-07-03T20:04:33.301,tof1,4x4,side_left,-1,-1,-1,-1,-1,-1,411,368,-1,479,390,360,-1,212,215,242,0,0,0,0,0,0,1,1,0,1,1,1,0,1,1,1
2026-07-03T20:04:33.390,tof2,4x4,side_left,2978,3257,-1,3302,-1,1450,-1,2826,1592,958,1547,1377,1064,-1,-1,1056,1,1,0,1,1,1,1,1,1,1,1,1,1,1,1,1
2026-07-03T20:04:33.471,tof1,4x4,side_left,-1,-1,-1,-1,-1,-1,410,370,-1,482,389,360,-1,212,215,242,0,0,0,0,0,0,1,1,0,1,1,1,0,1,1,1
2026-07-03T20:04:33.542,tof2,4x4,side_left,2978,3253,-1,3303,2112,1450,-1,2837,-1,965,1553,-1,1064,831,-1,1056,1,1,0,1,1,1,0,1,1,1,1,0,1,1,1,1
2026-07-03T20:04:33.645,tof1,4x4,side_left,-1,-1,-1,-1,-1,-1,410,368,-1,482,390,360,-1,212,217,242,0,0,0,1,0,0,1,1,0,1,1,1,0,1,1,1
2026-07-03T20:04:33.876,tof2,4x4,side_left,2990,3253,-1,3302,-1,1460,-1,2826,1592,969,1553,-1,1064,831,-1,1047,1,1,0,1,1,1,0,1,1,1,1,0,1,1,1,1
2026-07-03T20:04:33.884,tof1,4x4,side_left,-1,-1,-1,-1,-1,-1,411,370,-1,483,390,361,-1,211,218,243,0,0,0,0,1,0,1,1,0,1,1,1,0,1,1,1
2026-07-03T20:04:34.046,tof2,4x4,side_left,2990,3257,-1,3300,-1,1453,-1,2851,1592,969,1553,-1,1058,830,-1,1044,1,1,0,1,1,1,1,1,1,1,1,0,1,1,1,1
2026-07-03T20:04:34.059,tof1,4x4,side_left,-1,-1,-1,-1,-1,-1,411,372,-1,483,390,361,-1,211,217,244,0,0,0,0,0,0,1,1,0,1,1,1,0,1,1,1
2026-07-03T20:04:34.224,tof2,4x4,side_left,3012,3252,-1,3300,2119,-1,2170,2851,-1,969,1556,-1,1058,830,-1,1044,1,1,1,1,1,1,1,1,1,1,1,0,1,1,1,1
2026-07-03T20:04:34.229,tof1,4x4,side_left,-1,-1,-1,-1,-1,-1,411,372,-1,483,390,361,-1,211,217,244,0,0,0,0,0,0,1,1,0,1,1,1,0,1,1,1
2026-07-03T20:04:34.393,tof2,4x4,side_left,2990,3252,-1,3316,-1,1453,-1,2830,1592,965,1542,-1,1058,-1,-1,1044,1,1,0,1,1,1,1,1,1,1,1,0,1,1,1,1
2026-07-03T20:04:34.492,tof1,4x4,side_left,-1,-1,-1,-1,-1,-1,414,-1,-1,481,390,361,-1,211,217,244,0,0,0,0,0,0,1,0,0,1,1,1,0,1,1,1
2026-07-03T20:04:34.574,tof2,4x4,side_left,2990,3252,-1,3316,-1,1460,-1,2822,1624,963,1542,-1,1060,830,-1,1036,1,1,0,1,0,1,1,1,1,1,1,0,1,1,1,1
2026-07-03T20:04:34.665,tof1,4x4,side_left,-1,-1,-1,-1,-1,-1,414,373,-1,484,391,361,-1,211,216,244,0,0,0,0,0,0,1,1,0,1,1,1,0,1,1,1
2026-07-03T20:04:34.741,tof2,4x4,side_left,2959,3253,3316,3316,-1,1453,-1,2827,1635,963,1551,-1,-1,830,-1,1036,1,1,1,1,0,1,1,1,1,1,1,0,1,1,1,1
2026-07-03T20:04:34.838,tof1,4x4,side_left,-1,-1,-1,-1,-1,-1,414,373,-1,484,392,361,-1,212,216,243,0,0,0,0,0,0,1,1,0,1,1,1,0,1,1,1
2026-07-03T20:04:34.899,tof2,4x4,side_left,-1,3253,-1,3321,2128,1453,-1,2822,-1,967,1551,-1,1060,830,1090,1052,1,1,0,1,1,1,0,1,1,1,1,0,1,1,1,1
2026-07-03T20:04:35.003,tof1,4x4,side_left,-1,-1,-1,-1,-1,-1,414,373,-1,490,392,360,-1,213,217,243,1,0,0,0,0,0,1,1,0,1,1,1,0,1,1,1
2026-07-03T20:04:35.061,tof2,4x4,side_left,-1,3254,-1,3321,-1,1445,-1,2822,-1,963,-1,-1,1063,833,-1,1056,0,1,0,1,1,1,0,1,0,1,1,1,1,1,1,1
2026-07-03T20:04:35.166,tof1,4x4,side_left,-1,-1,-1,-1,-1,-1,414,-1,-1,490,392,360,-1,213,217,243,0,0,0,0,0,0,1,0,0,1,1,1,0,1,1,1
2026-07-03T20:04:35.236,tof2,4x4,side_left,2969,3253,-1,3317,2119,1463,-1,2827,1635,967,1551,-1,1066,835,-1,1056,1,1,1,1,1,1,0,1,1,1,1,0,1,1,1,1
2026-07-03T20:04:35.335,tof1,4x4,side_left,-1,-1,-1,-1,-1,-1,414,374,-1,490,392,360,-1,213,217,242,0,0,0,0,0,0,1,1,0,1,1,1,0,1,1,1
2026-07-03T20:04:35.411,tof2,4x4,side_left,2969,3253,-1,3310,-1,1458,-1,2830,-1,967,1551,-1,-1,836,1091,1056,1,1,0,1,1,1,0,1,1,1,1,0,1,1,1,1
2026-07-03T20:04:35.493,tof1,4x4,side_left,-1,-1,-1,-1,-1,-1,411,374,-1,485,392,360,-1,213,217,242,0,0,0,0,0,0,1,1,0,1,1,1,0,1,1,1
2026-07-03T20:04:35.573,tof2,4x4,side_left,2996,3254,-1,3294,-1,1458,-1,2831,-1,963,1551,-1,-1,-1,1092,1052,1,1,0,1,1,1,1,1,0,1,1,0,1,1,1,1
2026-07-03T20:04:35.658,tof1,4x4,side_left,-1,-1,-1,-1,-1,-1,412,-1,-1,481,392,360,-1,211,217,241,1,0,0,0,0,0,1,0,0,1,1,1,0,1,1,1
2026-07-03T20:04:36.026,tof2,4x4,side_left,2976,3252,-1,3292,-1,1451,-1,2831,-1,963,-1,1375,1069,836,-1,1052,1,1,0,1,1,1,0,1,0,1,1,1,1,1,1,1
2026-07-03T20:04:36.029,tof1,4x4,side_left,-1,-1,-1,-1,-1,-1,412,370,-1,475,391,360,-1,211,217,241,0,0,0,0,0,0,1,1,0,1,1,1,0,1,1,1
2026-07-03T20:04:36.205,tof2,4x4,side_left,2977,3252,3303,3292,-1,1456,-1,2831,1640,969,1551,-1,1069,836,-1,1052,1,1,1,1,0,1,0,1,1,1,1,1,1,1,1,1
2026-07-03T20:04:36.207,tof1,4x4,side_left,-1,-1,-1,-1,-1,-1,411,369,-1,475,391,359,-1,211,217,242,0,0,0,0,0,0,1,1,0,1,1,1,0,1,1,1
2026-07-03T20:04:36.375,tof1,4x4,side_left,-1,-1,-1,-1,-1,-1,409,-1,-1,475,390,359,-1,211,219,242,0,0,0,0,0,0,1,0,0,1,1,1,0,1,1,1
2026-07-03T20:04:36.375,tof2,4x4,side_left,-1,3254,-1,3292,-1,1456,2188,2831,-1,978,1547,-1,1066,-1,-1,1048,0,1,1,1,0,1,1,1,1,1,1,0,1,1,1,1
2026-07-03T20:04:36.539,tof2,4x4,side_left,3017,3255,3302,3293,-1,1456,-1,2835,1640,978,1565,-1,-1,838,-1,1048,1,1,1,1,0,1,0,1,1,1,1,0,1,1,1,1
2026-07-03T20:04:36.554,tof1,4x4,side_left,-1,-1,-1,-1,-1,-1,409,369,-1,480,389,359,-1,212,219,243,0,0,0,0,0,0,1,1,0,1,1,1,0,1,1,1
2026-07-03T20:04:36.692,tof2,4x4,side_left,3013,3255,3303,-1,-1,1456,-1,2835,-1,980,1568,-1,1067,838,-1,1048,1,1,1,1,1,1,1,1,1,1,1,0,1,1,1,1
2026-07-03T20:04:36.742,tof1,4x4,side_left,-1,-1,-1,-1,-1,-1,409,-1,-1,480,389,359,-1,212,219,244,0,0,0,0,0,0,1,0,0,1,1,1,0,1,1,1
2026-07-03T20:04:36.875,tof2,4x4,side_left,2977,3255,-1,3294,2112,1478,2160,2820,1635,978,1568,-1,1066,838,-1,1051,1,1,0,1,1,1,1,1,1,1,1,0,1,1,1,1
2026-07-03T20:04:36.918,tof1,4x4,side_left,-1,-1,-1,-1,-1,-1,409,369,-1,480,389,359,-1,212,220,245,0,0,0,0,0,0,1,1,0,1,1,1,0,1,1,1
2026-07-03T20:04:37.045,tof2,4x4,side_left,3013,3255,-1,3295,-1,1478,-1,2820,1640,975,1548,-1,1066,838,1092,1051,1,1,0,1,0,1,1,1,1,1,1,0,1,1,1,1
2026-07-03T20:04:37.110,tof1,4x4,side_left,-1,-1,-1,-1,-1,-1,409,372,-1,479,390,359,-1,212,220,244,0,0,0,0,0,0,1,1,0,1,1,1,0,1,1,1
2026-07-03T20:04:37.202,tof2,4x4,side_left,3013,3255,-1,-1,-1,1463,-1,2820,-1,975,1548,-1,1066,-1,-1,1051,1,1,0,1,0,1,0,1,1,1,1,0,1,1,1,1
2026-07-03T20:04:37.282,tof1,4x4,side_left,-1,-1,-1,-1,-1,-1,410,-1,-1,478,390,359,-1,212,220,244,1,0,0,0,0,0,1,0,0,1,1,1,0,1,1,1
2026-07-03T20:04:37.368,tof2,4x4,side_left,2974,3253,-1,3295,2138,1453,-1,2820,1614,975,1547,-1,1067,838,1106,1048,1,1,0,1,1,1,0,1,1,1,1,1,1,1,1,1
2026-07-03T20:04:37.452,tof1,4x4,side_left,-1,-1,-1,-1,-1,-1,411,372,-1,478,392,359,-1,212,220,244,1,0,0,0,0,0,1,1,0,1,1,1,0,1,1,1
2026-07-03T20:04:37.530,tof2,4x4,side_left,-1,3253,-1,3313,2112,1463,-1,2820,1573,956,1543,-1,1063,841,-1,1051,0,1,0,1,1,1,0,1,1,1,1,0,1,1,1,1
2026-07-03T20:04:37.612,tof1,4x4,side_left,-1,-1,-1,-1,-1,-1,411,-1,-1,478,392,359,-1,212,220,243,0,0,0,0,0,0,1,0,0,1,1,1,0,1,1,1
2026-07-03T20:04:37.712,tof2,4x4,side_left,2974,3255,-1,3305,-1,1463,-1,2848,-1,956,-1,-1,1061,835,1106,1052,1,1,0,1,1,1,0,1,0,1,1,1,1,1,1,1
2026-07-03T20:04:37.803,tof1,4x4,side_left,-1,-1,-1,-1,-1,-1,414,372,-1,478,392,359,-1,212,220,243,0,0,0,0,0,0,1,1,0,1,1,1,0,1,1,1
2026-07-03T20:04:37.876,tof2,4x4,side_left,2999,3253,-1,3305,2112,1463,2165,2806,-1,956,1543,-1,-1,835,1106,1052,1,1,1,1,1,1,1,1,1,1,1,0,1,1,1,1
2026-07-03T20:04:37.955,tof1,4x4,side_left,-1,-1,-1,-1,-1,-1,411,370,-1,480,392,359,-1,212,219,243,0,0,0,0,0,0,1,1,0,1,1,1,0,1,1,1
2026-07-03T20:04:38.114,tof2,4x4,side_left,2999,3253,-1,3305,2113,1441,-1,2809,1586,950,1543,-1,1060,842,-1,1054,1,1,1,1,1,1,1,1,1,1,1,0,1,1,1,1
2026-07-03T20:04:38.134,tof1,4x4,side_left,-1,-1,-1,-1,-1,-1,414,-1,-1,485,392,359,-1,212,219,244,0,0,0,0,0,0,1,0,0,1,1,1,0,1,1,1
2026-07-03T20:04:38.362,tof2,4x4,side_left,2999,3250,3303,3305,-1,1464,-1,2809,1614,956,-1,-1,1061,842,1091,1054,1,1,1,1,1,1,1,1,1,1,1,0,1,1,1,1
2026-07-03T20:04:38.376,tof1,4x4,side_left,-1,-1,-1,-1,-1,-1,414,-1,-1,485,392,360,-1,213,218,244,1,0,0,0,0,0,1,0,0,1,1,1,0,1,1,1
2026-07-03T20:04:38.530,tof2,4x4,side_left,2999,3250,-1,3300,-1,1464,-1,2823,1586,968,1544,-1,1061,-1,-1,1054,1,1,1,1,1,1,1,1,1,1,1,1,1,1,1,1
2026-07-03T20:04:38.538,tof1,4x4,side_left,-1,-1,-1,-1,-1,-1,414,370,-1,483,392,361,-1,213,218,245,0,0,0,0,0,0,1,1,0,1,1,1,0,1,1,1
2026-07-03T20:04:38.695,tof2,4x4,side_left,2973,3250,-1,3296,-1,1434,2165,2823,1549,965,1561,-1,1066,-1,-1,1052,1,1,1,1,0,1,1,1,1,1,1,1,1,1,1,1
2026-07-03T20:04:38.849,tof2,4x4,side_left,2971,3257,-1,3287,2113,1448,-1,2825,1586,965,1561,-1,1066,-1,1100,1052,1,1,0,1,1,1,1,1,1,1,1,0,1,1,1,1
2026-07-03T20:04:39.029,tof2,4x4,side_left,2971,3257,3298,3282,-1,1448,-1,2837,1549,965,1561,-1,1067,838,1100,1051,1,1,1,1,0,1,1,1,1,1,1,0,1,1,1,1
2026-07-03T20:04:39.186,tof2,4x4,side_left,2944,3257,3298,3287,-1,1448,-1,2837,-1,959,1552,1331,1067,838,-1,1051,1,1,1,1,0,1,1,1,1,1,1,1,1,1,1,1
2026-07-03T20:04:39.350,tof2,4x4,side_left,2971,3257,-1,3287,-1,-1,-1,2827,-1,958,1547,-1,1067,-1,1091,1050,1,1,1,1,0,0,0,1,1,1,1,0,1,1,1,1
2026-07-03T20:04:39.532,tof2,4x4,side_left,2982,3257,-1,3311,-1,-1,-1,2825,-1,957,1545,-1,1065,-1,-1,1047,1,1,0,1,0,0,0,1,0,1,1,0,1,1,1,1
2026-07-03T20:04:39.704,tof2,4x4,side_left,2987,3263,3298,3311,-1,-1,-1,2827,1549,958,1517,-1,1065,833,1090,1047,1,1,1,1,1,0,0,1,1,1,1,0,1,1,1,1
2026-07-03T20:04:39.817,tof1,4x4,side_left,-1,-1,-1,-1,-1,-1,410,370,-1,485,392,359,-1,214,220,245,0,0,0,0,0,0,1,1,0,1,1,1,0,1,1,1
2026-07-03T20:04:39.868,tof2,4x4,side_left,2982,3263,-1,3319,-1,-1,2165,2825,-1,958,1517,-1,1065,833,-1,1047,1,1,0,1,1,1,1,1,0,1,1,0,1,1,1,1
2026-07-03T20:04:39.997,tof1,4x4,side_left,-1,-1,-1,-1,-1,-1,414,-1,-1,485,392,360,-1,214,220,245,0,0,0,0,0,0,1,0,0,1,1,1,0,1,1,1
2026-07-03T20:04:40.066,tof2,4x4,side_left,2982,3263,-1,3311,-1,1448,2154,2825,-1,958,-1,-1,1060,-1,-1,1047,1,1,0,1,1,1,1,1,0,1,1,0,1,1,1,1
2026-07-03T20:04:40.161,tof1,4x4,side_left,-1,-1,-1,-1,-1,-1,416,370,-1,485,392,360,-1,213,220,245,0,0,0,0,0,0,1,1,0,1,1,1,0,1,1,1
2026-07-03T20:04:40.233,tof2,4x4,side_left,2974,3263,-1,3311,-1,-1,2165,2830,-1,960,1517,-1,1066,831,1090,1048,1,1,0,1,0,1,1,1,1,1,1,0,1,1,1,1
2026-07-03T20:04:40.331,tof1,4x4,side_left,-1,-1,-1,-1,-1,-1,-1,370,-1,485,392,359,-1,212,220,245,0,0,0,0,0,0,0,1,0,1,1,1,0,1,1,1
2026-07-03T20:04:40.401,tof2,4x4,side_left,2951,3257,-1,3306,-1,-1,-1,2835,1531,963,1542,-1,1066,831,1090,1049,1,1,1,1,1,0,0,1,1,1,1,0,1,1,1,1
2026-07-03T20:04:40.504,tof1,4x4,side_left,-1,-1,-1,-1,-1,-1,421,-1,-1,489,392,359,-1,213,220,245,0,0,0,0,0,0,1,0,0,1,1,1,0,1,1,1
2026-07-03T20:04:40.576,tof2,4x4,side_left,2951,3253,-1,3306,2099,1469,-1,2830,-1,965,1542,-1,-1,830,1087,1050,1,1,1,1,1,1,0,1,0,1,1,1,1,1,1,1
2026-07-03T20:04:40.687,tof1,4x4,side_left,-1,-1,-1,-1,-1,-1,421,373,-1,491,391,360,-1,212,222,245,0,0,0,0,0,0,1,1,0,1,1,1,0,1,1,1
2026-07-03T20:04:40.764,tof2,4x4,side_left,-1,3253,-1,3304,-1,-1,-1,2830,1673,965,1572,-1,1066,-1,1087,1051,1,1,0,1,0,0,0,1,1,1,1,0,1,1,1,1
2026-07-03T20:04:40.846,tof1,4x4,side_left,-1,-1,-1,2178,-1,-1,421,-1,-1,491,391,360,-1,212,220,245,0,0,0,1,0,0,1,0,0,1,1,1,0,1,1,1
2026-07-03T20:04:40.940,tof2,4x4,side_left,-1,3253,-1,3300,-1,-1,-1,2824,-1,965,-1,1331,1065,-1,-1,1051,0,1,0,1,0,0,0,1,0,1,1,1,1,1,1,1
2026-07-03T20:04:41.026,tof1,4x4,side_left,-1,-1,-1,-1,-1,-1,427,373,-1,491,390,360,-1,212,220,245,0,0,0,1,0,1,1,1,0,1,1,1,0,1,1,1
2026-07-03T20:04:41.102,tof2,4x4,side_left,2951,3251,3298,3296,-1,1482,-1,2824,1531,951,1542,-1,1065,831,-1,1055,1,1,1,1,0,1,1,1,1,1,1,1,1,1,1,1
2026-07-03T20:04:41.194,tof1,4x4,side_left,-1,-1,-1,-1,-1,-1,420,-1,-1,491,391,360,-1,213,220,245,0,0,0,0,0,0,1,0,0,1,1,1,0,1,1,1
2026-07-03T20:04:41.284,tof2,4x4,side_left,2978,3251,-1,3300,-1,-1,2183,2824,-1,951,-1,-1,1063,-1,1095,1057,1,1,0,1,1,0,1,1,1,1,1,1,1,1,1,1
2026-07-03T20:04:41.378,tof1,4x4,side_left,-1,-1,-1,-1,-1,-1,420,369,-1,489,391,360,-1,213,220,245,0,0,0,0,0,0,1,1,0,1,1,1,0,1,1,1
2026-07-03T20:04:41.459,tof2,4x4,side_left,2984,3252,-1,3296,-1,-1,-1,2824,1549,951,1546,-1,1061,830,-1,1057,1,1,1,1,0,0,0,1,1,1,1,1,1,1,1,1
2026-07-03T20:04:41.557,tof1,4x4,side_left,-1,-1,-1,-1,-1,-1,420,369,-1,488,391,360,-1,213,219,245,0,0,0,0,0,0,1,1,0,1,1,1,0,1,1,1
2026-07-03T20:04:41.632,tof2,4x4,side_left,2984,3251,-1,3300,2113,1482,2183,2824,-1,957,1546,-1,1061,830,-1,1050,1,1,0,1,1,1,1,1,1,1,1,0,1,1,1,1
2026-07-03T20:04:41.717,tof1,4x4,side_left,-1,-1,-1,-1,-1,-1,417,-1,-1,488,392,359,-1,213,218,245,0,1,0,0,0,0,1,0,0,1,1,1,0,1,1,1
2026-07-03T20:04:41.808,tof2,4x4,side_left,2984,3251,-1,3294,-1,1486,-1,2830,1549,957,1546,-1,1061,825,1095,1050,1,1,0,1,1,1,0,1,1,1,1,0,1,1,1,1
2026-07-03T20:04:41.896,tof1,4x4,side_left,-1,-1,-1,-1,-1,-1,414,367,-1,488,392,359,-1,213,218,243,1,0,0,0,0,0,1,1,0,1,1,1,0,1,1,1
2026-07-03T20:04:41.978,tof2,4x4,side_left,2984,3252,-1,3301,-1,-1,-1,2830,1656,957,1525,-1,1058,830,1095,1049,1,1,0,1,1,1,1,1,1,1,1,1,1,1,1,1
2026-07-03T20:04:42.064,tof1,4x4,side_left,-1,-1,-1,-1,-1,-1,414,367,-1,488,392,359,-1,212,217,242,1,0,0,0,0,0,1,1,0,1,1,1,0,1,1,1
2026-07-03T20:04:42.139,tof2,4x4,side_left,2984,3251,3299,3294,2127,1482,-1,2845,1656,957,-1,-1,1071,830,1097,1048,1,1,1,1,1,1,1,1,1,1,1,1,1,1,1,1
2026-07-03T20:04:42.226,tof1,4x4,side_left,-1,-1,-1,-1,479,-1,417,369,411,445,389,359,273,208,203,225,0,0,0,0,1,0,1,1,1,1,1,1,1,1,1,1
2026-07-03T20:04:42.321,tof2,4x4,side_left,-1,3251,-1,3294,-1,1451,2159,2822,-1,954,-1,-1,1071,830,-1,1046,1,1,0,1,0,1,1,1,0,1,1,0,1,1,1,1
2026-07-03T20:04:42.412,tof1,4x4,side_left,-1,-1,-1,-1,-1,-1,430,373,407,325,349,357,260,195,175,179,0,0,0,0,0,0,1,1,1,1,1,1,1,1,1,1
2026-07-03T20:04:42.500,tof2,4x4,side_left,2983,3255,-1,3286,-1,1443,-1,2843,-1,952,1538,1330,1073,829,1102,1046,1,1,0,1,0,1,0,1,0,1,1,1,1,1,1,1
2026-07-03T20:04:42.578,tof1,4x4,side_left,-1,-1,-1,-1,-1,-1,-1,404,-1,266,349,357,266,193,175,179,0,0,0,0,0,0,0,1,0,1,1,1,1,1,1,1
2026-07-03T20:04:42.682,tof2,4x4,side_left,-1,3255,-1,3286,-1,1430,-1,2843,1656,952,1525,-1,1061,829,1102,1040,1,1,0,1,1,1,1,1,1,1,1,0,1,1,1,1
2026-07-03T20:04:42.763,tof1,4x4,side_left,-1,-1,-1,-1,486,-1,-1,404,-1,-1,349,359,265,193,175,179,1,0,0,0,1,0,0,1,0,0,1,1,1,1,1,1
2026-07-03T20:04:42.853,tof2,4x4,side_left,2997,3255,-1,3286,-1,1430,-1,2853,1656,959,1524,-1,1061,825,-1,1046,1,1,1,1,0,1,1,1,1,1,1,0,1,1,1,1
2026-07-03T20:04:42.930,tof1,4x4,side_left,-1,-1,-1,-1,-1,-1,-1,404,-1,-1,419,361,266,193,192,325,1,0,0,0,1,0,0,1,0,0,1,1,1,1,1,1
2026-07-03T20:04:43.050,tof2,4x4,side_left,-1,3255,-1,3294,-1,1430,-1,2871,-1,967,1525,-1,1058,821,1102,1044,0,1,0,1,1,1,0,1,0,1,1,0,1,1,1,1
2026-07-03T20:04:43.134,tof1,4x4,side_left,-1,-1,-1,-1,-1,-1,-1,-1,-1,-1,419,362,266,209,234,328,0,0,0,0,0,0,0,0,0,0,1,1,1,1,1,1
2026-07-03T20:04:43.212,tof2,4x4,side_left,3031,3258,-1,3294,2099,1443,-1,2937,-1,967,-1,-1,1057,817,1100,1046,1,1,0,1,1,1,1,1,1,1,1,1,1,1,1,1
2026-07-03T20:04:43.302,tof1,4x4,side_left,-1,-1,-1,-1,-1,-1,-1,-1,-1,-1,419,362,272,210,261,333,0,1,0,0,0,0,0,0,0,0,1,1,1,1,1,1
2026-07-03T20:04:43.381,tof2,4x4,side_left,-1,3258,-1,3309,-1,-1,-1,3430,-1,-1,1527,-1,1057,-1,-1,1046,1,1,1,1,0,1,0,1,1,1,1,1,1,1,1,1
2026-07-03T20:04:43.448,tof1,4x4,side_left,-1,-1,-1,-1,-1,-1,-1,-1,-1,-1,410,361,272,212,262,334,0,0,0,0,0,0,0,0,0,0,1,1,1,1,1,1
2026-07-03T20:04:43.537,tof2,4x4,side_left,3031,3260,-1,3302,-1,1450,-1,3452,-1,967,1527,1330,1058,817,-1,1046,1,1,0,1,0,1,1,1,1,1,1,1,1,1,1,1
2026-07-03T20:04:43.629,tof1,4x4,side_left,-1,-1,-1,-1,-1,-1,-1,-1,-1,-1,404,360,272,213,267,334,0,0,0,0,0,0,0,0,0,0,1,1,1,1,1,1
2026-07-03T20:04:43.703,tof2,4x4,side_left,3020,3260,-1,3309,-1,1451,-1,3452,-1,967,-1,-1,1061,817,-1,1046,1,1,1,1,0,1,1,1,0,1,1,1,1,1,1,1
2026-07-03T20:04:43.788,tof1,4x4,side_left,-1,-1,-1,-1,-1,-1,-1,-1,-1,-1,404,359,272,215,289,335,0,0,0,0,0,0,0,0,0,0,1,1,1,1,1,1
2026-07-03T20:04:43.887,tof2,4x4,side_left,3020,3258,-1,3309,-1,1451,2159,3450,1655,967,-1,-1,1061,817,-1,1048,1,1,0,1,0,1,1,1,1,1,1,0,1,1,1,1
2026-07-03T20:04:43.945,tof1,4x4,side_left,-1,-1,-1,-1,-1,-1,-1,-1,-1,-1,404,358,272,216,290,335,0,0,0,0,0,0,0,0,0,0,1,1,1,1,1,1
2026-07-03T20:04:44.041,tof2,4x4,side_left,-1,3253,-1,3322,-1,1451,-1,-1,-1,967,-1,-1,1061,820,-1,1052,0,1,0,1,0,1,1,1,0,1,1,1,1,1,1,1
2026-07-03T20:04:44.108,tof1,4x4,side_left,-1,-1,-1,-1,-1,-1,-1,-1,-1,-1,404,359,272,217,290,336,0,0,0,0,0,0,0,0,0,0,1,1,1,1,1,1
2026-07-03T20:04:44.217,tof2,4x4,side_left,3020,3260,-1,-1,-1,1453,1765,3452,-1,967,1542,-1,1061,820,-1,1054,1,1,0,1,0,1,1,1,1,1,1,1,1,1,1,1
2026-07-03T20:04:44.265,tof1,4x4,side_left,-1,-1,-1,-1,-1,-1,-1,-1,-1,-1,406,359,272,217,291,336,0,0,0,0,0,0,0,0,0,0,1,1,1,1,1,1
2026-07-03T20:04:44.389,tof2,4x4,side_left,3020,3260,-1,3322,2083,1453,-1,3491,-1,967,1544,-1,1060,825,-1,1054,1,1,0,1,1,1,0,1,0,1,1,0,1,1,1,1
2026-07-03T20:04:44.447,tof1,4x4,side_left,-1,-1,-1,-1,-1,-1,-1,-1,-1,-1,406,359,274,218,291,336,0,0,0,0,0,0,0,0,0,0,1,1,1,1,1,1
2026-07-03T20:04:44.572,tof2,4x4,side_left,3035,3263,-1,3322,-1,1456,-1,3458,1643,-1,-1,-1,1055,-1,-1,1054,1,1,1,1,1,1,1,1,1,1,1,1,1,1,1,1
2026-07-03T20:04:44.640,tof1,4x4,side_left,-1,-1,-1,-1,-1,-1,-1,-1,-1,-1,407,359,276,217,291,336,0,0,0,0,0,0,0,0,0,0,1,1,1,1,1,1
2026-07-03T20:04:44.736,tof2,4x4,side_left,3040,3263,3325,3322,-1,1456,-1,3524,-1,971,1544,-1,1053,820,-1,1054,1,1,1,1,0,1,0,1,1,1,1,1,1,1,1,1
2026-07-03T20:04:44.799,tof1,4x4,side_left,-1,-1,-1,-1,-1,-1,-1,-1,-1,-1,407,359,276,217,287,336,0,0,0,0,0,0,0,0,0,0,1,1,1,1,1,1
2026-07-03T20:04:44.904,tof2,4x4,side_left,3040,3263,-1,3313,-1,1456,-1,3524,1560,967,-1,-1,1050,820,-1,1054,1,1,0,1,0,1,1,1,1,1,1,1,1,1,1,1
2026-07-03T20:04:44.990,tof1,4x4,side_left,-1,-1,-1,-1,-1,-1,-1,-1,-1,-1,407,358,276,217,289,337,0,0,0,0,0,0,0,0,0,0,1,1,1,1,1,1
2026-07-03T20:04:45.076,tof2,4x4,side_left,3035,3261,-1,3313,-1,1434,-1,3518,-1,964,-1,-1,1050,821,1096,1054,1,1,1,1,0,1,0,1,1,1,1,0,1,1,1,1
2026-07-03T20:04:45.204,tof1,4x4,side_left,-1,-1,-1,-1,-1,-1,-1,-1,-1,-1,408,357,276,217,289,336,0,1,0,0,0,0,0,0,0,0,1,1,1,1,1,1
2026-07-03T20:04:45.318,tof2,4x4,side_left,3031,3254,-1,3328,-1,1456,1765,3488,-1,967,-1,-1,1053,-1,-1,1048,1,1,0,1,0,1,1,1,1,1,1,1,1,1,1,1
2026-07-03T20:04:45.508,tof2,4x4,side_left,3031,3254,-1,3338,-1,1443,-1,3488,-1,967,1555,-1,1055,821,-1,1052,1,1,1,1,1,1,1,1,0,1,1,1,1,1,1,1
2026-07-03T20:04:45.850,tof2,4x4,side_left,3006,3254,-1,3341,-1,1477,-1,3486,1560,951,1555,-1,1056,821,-1,1052,1,1,0,1,1,1,0,1,1,1,1,0,1,1,1,1
2026-07-03T20:04:46.037,tof2,4x4,side_left,3004,3256,-1,3341,-1,1443,-1,3486,-1,951,1555,-1,1058,823,1095,1052,1,1,0,1,1,1,1,1,1,1,1,0,1,1,1,1
2026-07-03T20:04:46.208,tof2,4x4,side_left,3006,3256,-1,3328,-1,1472,-1,3484,-1,957,1566,-1,1058,823,-1,1052,1,1,0,1,1,1,1,1,0,1,1,0,1,1,1,1
2026-07-03T20:04:46.394,tof2,4x4,side_left,2980,3259,-1,3344,-1,1472,-1,3483,1560,957,1555,-1,1061,-1,-1,1058,1,1,0,1,0,1,0,1,1,1,1,0,1,1,1,1
2026-07-03T20:04:46.444,tof1,4x4,side_left,-1,-1,-1,-1,-1,-1,-1,-1,-1,-1,408,357,276,217,287,337,0,0,0,0,0,0,0,0,0,0,1,1,1,1,1,1
2026-07-03T20:04:46.574,tof2,4x4,side_left,-1,3256,-1,3316,2122,1478,-1,3483,1601,957,1547,-1,1058,820,-1,1059,0,1,1,1,1,1,0,1,1,1,1,0,1,1,1,1
2026-07-03T20:04:46.647,tof1,4x4,side_left,-1,-1,-1,-1,-1,-1,-1,-1,-1,-1,408,357,276,217,289,337,0,0,0,0,0,0,0,0,0,0,1,1,1,1,1,1
2026-07-03T20:04:46.777,tof2,4x4,side_left,2980,3261,-1,3314,2122,1476,1765,3483,-1,957,1547,-1,1063,820,1095,1059,1,1,1,1,1,1,1,1,1,1,1,1,1,1,1,1
2026-07-03T20:04:46.821,tof1,4x4,side_left,-1,-1,-1,-1,-1,-1,-1,-1,-1,-1,408,359,274,217,289,337,0,0,0,0,0,0,0,0,0,0,1,1,1,1,1,1
2026-07-03T20:04:46.948,tof2,4x4,side_left,3017,3250,-1,3314,2122,1476,-1,3483,-1,954,-1,-1,1054,820,1096,1059,1,1,0,1,1,1,0,1,1,1,1,0,1,1,1,1
2026-07-03T20:04:47.021,tof1,4x4,side_left,-1,-1,-1,-1,-1,-1,-1,-1,-1,-1,408,359,274,217,290,336,0,0,0,0,0,0,0,0,0,0,1,1,1,1,1,1
2026-07-03T20:04:47.146,tof2,4x4,side_left,3020,3253,3325,3318,-1,1476,2190,3496,1601,954,1558,-1,-1,818,1096,1053,1,1,1,1,0,1,1,1,1,1,1,0,1,1,1,1
2026-07-03T20:04:47.225,tof1,4x4,side_left,-1,-1,-1,-1,-1,-1,-1,-1,-1,-1,409,359,274,217,289,336,0,0,0,0,0,0,0,0,0,0,1,1,1,1,1,1
2026-07-03T20:04:47.337,tof2,4x4,side_left,3017,3253,-1,3314,-1,1469,-1,3496,-1,954,-1,-1,1062,818,-1,1051,1,1,0,1,1,1,0,1,0,1,1,1,1,1,1,1
2026-07-03T20:04:47.401,tof1,4x4,side_left,-1,-1,-1,-1,-1,-1,-1,-1,-1,-1,409,360,275,217,289,336,0,0,0,0,0,0,0,0,0,0,1,1,1,1,1,1
2026-07-03T20:04:47.510,tof2,4x4,side_left,3020,3258,-1,3303,-1,1469,-1,3496,-1,958,1549,-1,1055,818,-1,1051,1,1,0,1,1,1,0,1,1,1,1,1,1,1,1,1
2026-07-03T20:04:47.561,tof1,4x4,side_left,-1,-1,-1,-1,-1,-1,-1,-1,-1,-1,411,360,276,217,289,336,1,0,0,0,0,0,0,0,0,0,1,1,1,1,1,1
2026-07-03T20:04:47.675,tof2,4x4,side_left,3020,3255,-1,3318,2122,1467,-1,3469,-1,959,1558,-1,1062,818,-1,1048,1,1,0,1,1,1,1,1,0,1,1,1,1,1,1,1
2026-07-03T20:04:47.751,tof1,4x4,side_left,-1,-1,-1,-1,-1,-1,-1,-1,-1,-1,411,360,276,217,289,336,0,0,0,0,0,0,0,0,0,0,1,1,1,1,1,1
2026-07-03T20:04:47.840,tof2,4x4,side_left,-1,3258,-1,3312,-1,1467,-1,-1,-1,959,-1,-1,1062,818,1097,1053,1,1,0,1,1,1,1,1,1,1,1,0,1,1,1,1
2026-07-03T20:04:47.930,tof1,4x4,side_left,-1,-1,-1,-1,-1,-1,-1,-1,-1,-1,411,359,275,217,289,336,0,0,0,0,0,0,0,0,0,0,1,1,1,1,1,1
2026-07-03T20:04:48.042,tof2,4x4,side_left,3008,3259,-1,3312,2122,1475,-1,3497,-1,959,1558,-1,1062,822,-1,1048,1,1,0,1,1,1,1,1,1,1,1,0,1,1,1,1
2026-07-03T20:04:48.102,tof1,4x4,side_left,-1,-1,-1,-1,-1,-1,-1,-1,-1,-1,411,359,274,217,287,334,0,0,0,0,0,0,0,0,0,0,1,1,1,1,1,1
2026-07-03T20:04:48.219,tof2,4x4,side_left,2987,3258,-1,3327,-1,1488,-1,3469,-1,959,1555,-1,1062,822,-1,1050,1,1,0,1,0,1,0,1,0,1,1,1,1,1,1,1
2026-07-03T20:04:48.283,tof1,4x4,side_left,-1,-1,-1,-1,-1,-1,-1,-1,-1,-1,411,358,274,217,287,334,0,0,0,0,0,0,0,0,0,0,1,1,1,1,1,1
2026-07-03T20:04:48.398,tof2,4x4,side_left,-1,3256,-1,3327,-1,1475,-1,3469,1613,975,1553,-1,-1,822,-1,1048,1,1,0,1,1,1,0,1,1,1,1,1,1,1,1,1
2026-07-03T20:04:48.454,tof1,4x4,side_left,-1,-1,-1,-1,-1,-1,-1,-1,-1,-1,411,359,274,217,289,334,1,0,0,0,0,0,0,0,0,0,1,1,1,1,1,1
2026-07-03T20:04:48.555,tof2,4x4,side_left,2990,3256,-1,3312,-1,1484,-1,3459,-1,957,1553,-1,1063,822,1105,1050,1,1,1,1,0,1,1,1,1,1,1,0,1,1,1,1
2026-07-03T20:04:48.635,tof1,4x4,side_left,-1,-1,-1,-1,-1,-1,-1,-1,-1,-1,411,359,271,217,289,336,1,0,0,0,0,0,0,0,0,0,1,1,1,1,1,1
2026-07-03T20:04:48.754,tof2,4x4,side_left,2990,3256,-1,3327,-1,1484,-1,3469,-1,943,1546,-1,1063,823,1101,1045,1,1,1,1,1,1,0,1,1,1,1,0,1,1,1,1
2026-07-03T20:04:48.795,tof1,4x4,side_left,-1,-1,-1,-1,-1,-1,-1,-1,-1,-1,411,358,271,217,289,336,0,0,0,0,0,0,0,0,0,0,1,1,1,1,1,1
2026-07-03T20:04:48.952,tof2,4x4,side_left,-1,3253,-1,3309,-1,1481,-1,3459,-1,957,1549,-1,1058,-1,1105,1046,1,1,1,1,1,1,1,1,0,1,1,1,1,1,1,1
2026-07-03T20:04:48.982,tof1,4x4,side_left,-1,-1,-1,-1,-1,-1,-1,-1,-1,-1,411,359,271,216,291,336,0,0,0,0,0,0,0,0,0,0,1,1,1,1,1,1
2026-07-03T20:04:49.115,tof2,4x4,side_left,2990,3254,-1,3305,-1,1471,-1,-1,-1,950,1549,-1,1054,821,-1,1046,1,1,0,1,0,1,0,1,1,1,1,0,1,1,1,1
2026-07-03T20:04:49.184,tof1,4x4,side_left,-1,-1,-1,-1,-1,-1,-1,-1,-1,-1,411,359,271,216,289,335,1,0,0,0,0,0,0,0,0,0,1,1,1,1,1,1
2026-07-03T20:04:49.288,tof2,4x4,side_left,3016,3254,-1,3309,-1,-1,-1,3459,1607,950,1549,-1,1053,-1,-1,1051,1,1,1,1,1,1,0,1,1,1,1,0,1,1,1,1
2026-07-03T20:04:49.368,tof1,4x4,side_left,-1,-1,-1,-1,-1,-1,-1,-1,-1,-1,411,359,274,215,291,336,1,0,0,0,0,0,0,0,0,0,1,1,1,1,1,1
2026-07-03T20:04:49.465,tof2,4x4,side_left,3020,3259,-1,3309,-1,1481,-1,3472,1607,961,1551,-1,1052,821,-1,1046,1,1,0,1,0,1,1,1,1,1,1,0,1,1,1,1
2026-07-03T20:04:49.546,tof1,4x4,side_left,-1,-1,-1,-1,-1,-1,-1,-1,-1,-1,411,360,274,215,291,336,0,0,0,1,0,0,0,0,0,0,1,1,1,1,1,1
2026-07-03T20:04:49.675,tof2,4x4,side_left,3041,3254,3325,3309,-1,-1,-1,3472,-1,964,-1,-1,1052,821,1105,1054,1,1,1,1,0,1,1,1,0,1,1,0,1,1,1,1
2026-07-03T20:04:49.744,tof1,4x4,side_left,-1,-1,-1,-1,-1,-1,-1,-1,-1,-1,411,360,274,215,292,336,0,0,0,0,0,0,0,0,0,0,1,1,1,1,1,1
2026-07-03T20:04:49.854,tof2,4x4,side_left,3042,3254,3325,3305,-1,-1,-1,3472,-1,964,1551,-1,-1,821,-1,1054,1,1,1,1,1,0,0,1,0,1,1,1,1,1,1,1
2026-07-03T20:04:49.934,tof1,4x4,side_left,-1,-1,-1,-1,-1,-1,-1,-1,-1,-1,412,360,274,217,293,338,0,0,0,0,0,0,0,0,0,0,1,1,1,1,1,1
2026-07-03T20:04:50.019,tof2,4x4,side_left,3042,3248,-1,3319,-1,-1,-1,3473,-1,964,1551,-1,1053,815,-1,1054,1,1,0,1,0,0,0,1,1,1,1,0,1,1,1,1
2026-07-03T20:04:50.135,tof1,4x4,side_left,-1,-1,-1,-1,-1,-1,-1,-1,-1,-1,413,360,276,217,294,338,0,0,0,0,0,0,0,0,0,0,1,1,1,1,1,1
2026-07-03T20:04:50.213,tof2,4x4,side_left,3042,3248,-1,3302,-1,-1,-1,3473,-1,961,1573,-1,1056,-1,-1,1054,1,1,0,1,1,0,0,1,0,1,1,0,1,1,1,1
2026-07-03T20:04:50.303,tof1,4x4,side_left,-1,-1,-1,2175,-1,-1,-1,-1,-1,-1,413,360,276,217,293,338,0,0,0,1,0,0,0,0,0,0,1,1,1,1,1,1
2026-07-03T20:04:50.401,tof2,4x4,side_left,3042,3248,3310,3319,-1,-1,-1,3473,-1,958,1547,-1,1056,815,1101,1054,1,1,1,1,0,0,1,1,1,1,1,0,1,1,1,1
2026-07-03T20:04:50.461,tof1,4x4,side_left,-1,-1,-1,-1,-1,-1,-1,-1,-1,-1,413,360,276,217,293,338,0,0,0,0,0,0,0,0,0,0,1,1,1,1,1,1
2026-07-03T20:04:50.579,tof2,4x4,side_left,3010,3252,-1,3311,-1,-1,-1,3473,1572,958,1547,-1,1056,816,1101,-1,1,1,0,1,0,0,0,1,1,1,1,0,1,1,1,1
2026-07-03T20:04:50.632,tof1,4x4,side_left,-1,-1,-1,-1,-1,-1,-1,-1,-1,-1,413,360,276,217,293,338,1,0,0,0,0,0,0,0,0,0,1,1,1,1,1,1
2026-07-03T20:04:50.810,tof2,4x4,side_left,3010,3254,-1,3320,-1,-1,-1,3453,1607,958,1547,-1,1056,815,-1,1052,1,1,0,1,0,0,0,1,1,1,1,0,1,1,1,1
2026-07-03T20:04:51.046,tof1,4x4,side_left,-1,-1,-1,-1,-1,-1,-1,-1,-1,-1,413,360,276,218,293,337,0,0,0,0,0,0,0,0,0,0,1,1,1,1,1,1
2026-07-03T20:04:51.192,tof2,4x4,side_left,3005,3258,-1,3320,-1,-1,-1,3453,1590,958,1547,-1,1056,-1,1103,1051,1,1,0,1,0,0,1,1,1,1,1,0,1,1,1,1
2026-07-03T20:04:51.229,tof1,4x4,side_left,-1,-1,-1,-1,-1,-1,-1,-1,-1,-1,413,361,274,218,291,337,0,0,0,0,0,0,0,0,0,0,1,1,1,1,1,1
2026-07-03T20:04:51.363,tof2,4x4,side_left,-1,3258,-1,3320,-1,-1,-1,3453,1572,955,-1,-1,1056,816,1099,1049,1,1,0,1,0,1,0,1,1,1,1,0,1,1,1,1
2026-07-03T20:04:51.412,tof1,4x4,side_left,-1,-1,-1,-1,-1,-1,-1,-1,-1,-1,413,360,272,218,292,336,0,0,0,0,0,0,0,0,0,0,1,1,1,1,1,1
2026-07-03T20:04:51.557,tof2,4x4,side_left,3001,3252,-1,3335,2124,-1,-1,3453,-1,959,-1,-1,-1,817,1099,1049,1,1,1,1,1,0,1,1,1,1,1,0,1,1,1,1
2026-07-03T20:04:51.616,tof1,4x4,side_left,-1,-1,-1,-1,-1,-1,-1,-1,-1,-1,413,360,272,218,292,336,0,0,0,1,0,0,0,0,0,0,1,1,1,1,1,1
2026-07-03T20:04:51.732,tof2,4x4,side_left,3001,3258,-1,3336,-1,-1,-1,-1,1572,962,-1,1336,1056,-1,-1,1049,1,1,0,1,0,0,0,1,1,1,1,1,1,1,1,1
2026-07-03T20:04:51.803,tof1,4x4,side_left,-1,-1,-1,-1,-1,-1,-1,-1,-1,-1,412,358,272,218,292,336,0,0,0,0,0,0,0,0,0,0,1,1,1,1,1,1
2026-07-03T20:04:51.929,tof2,4x4,side_left,3017,3252,3310,3336,2111,-1,-1,3465,-1,950,1541,-1,1056,817,-1,1050,1,1,1,1,1,1,1,1,1,1,1,1,1,1,1,1
2026-07-03T20:04:51.977,tof1,4x4,side_left,-1,-1,-1,-1,-1,-1,-1,-1,-1,-1,412,358,272,218,292,336,1,0,0,0,0,0,0,0,0,0,1,1,1,1,1,1
2026-07-03T20:04:52.105,tof2,4x4,side_left,3008,3252,3285,3332,-1,1471,-1,3465,1579,950,1547,-1,1061,818,-1,1049,1,1,1,1,0,1,0,1,1,1,1,0,1,1,1,1
2026-07-03T20:04:52.157,tof1,4x4,side_left,3370,-1,-1,-1,-1,-1,-1,-1,-1,-1,412,358,271,216,292,335,1,0,0,0,0,0,0,0,0,0,1,1,1,1,1,1
2026-07-03T20:04:52.280,tof2,4x4,side_left,3008,3252,-1,3332,-1,1471,-1,3465,-1,962,1554,-1,1054,821,-1,1050,1,1,0,1,0,1,1,1,0,1,1,0,1,1,1,1
2026-07-03T20:04:52.340,tof1,4x4,side_left,-1,-1,-1,-1,-1,-1,-1,-1,-1,-1,411,358,273,216,294,336,0,0,0,0,0,0,0,0,0,0,1,1,1,1,1,1
2026-07-03T20:04:52.451,tof2,4x4,side_left,3017,3256,-1,3326,-1,-1,-1,3435,-1,962,1554,-1,1055,827,1096,1049,1,1,1,1,0,1,1,1,1,1,1,0,1,1,1,1
2026-07-03T20:04:52.514,tof1,4x4,side_left,-1,-1,-1,-1,-1,-1,-1,-1,-1,-1,412,359,271,217,294,336,0,0,0,0,0,0,0,0,0,0,1,1,1,1,1,1
2026-07-03T20:04:52.625,tof2,4x4,side_left,3008,3256,-1,3324,-1,1471,-1,3496,1579,950,-1,-1,1054,827,-1,1050,1,1,1,1,0,1,1,1,1,1,1,1,1,1,1,1
2026-07-03T20:04:52.694,tof1,4x4,side_left,-1,-1,-1,-1,-1,-1,-1,-1,-1,-1,412,359,271,217,294,336,1,0,0,0,0,0,0,0,0,0,1,1,1,1,1,1
2026-07-03T20:04:52.833,tof2,4x4,side_left,-1,3256,-1,-1,-1,-1,-1,3496,1579,954,1554,-1,1055,825,-1,1048,0,1,0,1,0,1,0,1,1,1,1,1,1,1,1,1
2026-07-03T20:04:52.896,tof1,4x4,side_left,-1,-1,-1,-1,-1,-1,-1,-1,-1,-1,412,359,273,217,292,337,0,0,0,0,0,0,0,0,0,0,1,1,1,1,1,1
2026-07-03T20:04:53.044,tof2,4x4,side_left,-1,3255,-1,-1,-1,1471,-1,3496,1656,954,1556,-1,1053,825,-1,1048,1,1,0,1,1,1,0,1,1,1,1,0,1,1,1,1
2026-07-03T20:04:53.069,tof1,4x4,side_left,-1,-1,-1,-1,-1,-1,-1,-1,-1,-1,412,360,273,217,291,337,0,0,0,0,0,0,0,0,0,0,1,1,1,1,1,1
2026-07-03T20:04:53.243,tof2,4x4,side_left,3008,3255,-1,3324,-1,1471,-1,3448,1660,952,1562,-1,1055,825,-1,1048,1,1,0,1,1,1,1,1,1,1,1,0,1,1,1,1
2026-07-03T20:04:53.252,tof1,4x4,side_left,-1,-1,-1,-1,-1,-1,-1,-1,-1,-1,413,360,274,217,291,337,0,0,0,0,0,0,0,0,0,0,1,1,1,1,1,1
2026-07-03T20:04:53.412,tof2,4x4,side_left,3004,3255,-1,3326,-1,1471,-1,3507,1660,949,1556,-1,-1,823,-1,1045,1,1,0,1,1,1,0,1,1,1,1,1,1,1,1,1
2026-07-03T20:04:53.429,tof1,4x4,side_left,-1,-1,-1,-1,-1,-1,-1,-1,-1,-1,413,360,274,217,291,337,0,0,0,0,0,0,0,0,0,0,1,1,1,1,1,1
2026-07-03T20:04:53.580,tof2,4x4,side_left,3004,3255,-1,3324,-1,-1,-1,3491,1656,952,1539,-1,1055,822,1090,1045,1,1,0,1,1,1,1,1,1,1,1,0,1,1,1,1
2026-07-03T20:04:53.614,tof1,4x4,side_left,-1,-1,-1,-1,-1,-1,-1,-1,-1,-1,412,360,273,217,291,336,0,0,0,0,0,0,0,0,0,0,1,1,1,1,1,1
2026-07-03T20:04:53.748,tof2,4x4,side_left,2995,3256,3285,3320,-1,-1,-1,3448,-1,952,-1,-1,1057,-1,1090,1044,1,1,1,1,0,1,1,1,0,1,1,0,1,1,1,1
2026-07-03T20:04:53.789,tof1,4x4,side_left,-1,-1,-1,-1,-1,-1,-1,-1,-1,-1,411,360,273,216,291,336,0,0,0,0,0,0,0,0,0,0,1,1,1,1,1,1
2026-07-03T20:04:53.918,tof2,4x4,side_left,2995,3260,-1,3326,-1,1471,-1,3446,-1,960,-1,-1,1063,823,-1,1049,1,1,0,1,0,1,0,1,1,1,1,0,1,1,1,1
2026-07-03T20:04:53.978,tof1,4x4,side_left,-1,-1,-1,-1,-1,-1,-1,-1,-1,-1,415,360,272,216,291,336,0,0,0,0,0,0,0,0,0,0,1,1,1,1,1,1
2026-07-03T20:04:54.095,tof2,4x4,side_left,2977,3260,3285,3328,2087,1471,-1,3491,-1,965,1545,1336,1064,823,1090,1049,1,1,1,1,1,1,0,1,0,1,1,1,1,1,1,1
2026-07-03T20:04:54.149,tof1,4x4,side_left,-1,-1,-1,-1,-1,-1,-1,-1,-1,-1,413,359,271,217,291,336,0,0,0,0,0,0,0,0,0,0,1,1,1,1,1,1
2026-07-03T20:04:54.276,tof2,4x4,side_left,2995,3260,-1,3320,-1,1483,-1,3491,1656,965,-1,-1,1064,822,1095,1049,1,1,0,1,0,1,0,1,1,1,1,1,1,1,1,1
2026-07-03T20:04:54.316,tof1,4x4,side_left,-1,-1,-1,-1,-1,-1,-1,-1,-1,-1,413,360,271,217,293,336,0,0,0,0,0,0,0,0,0,0,1,1,1,1,1,1
2026-07-03T20:04:54.435,tof2,4x4,side_left,2992,3256,3322,3328,-1,1472,-1,3465,1632,965,1545,-1,1064,822,1095,1049,1,1,1,1,0,1,1,1,1,1,1,0,1,1,1,1
2026-07-03T20:04:54.485,tof1,4x4,side_left,-1,-1,-1,-1,-1,-1,-1,-1,-1,-1,413,360,271,217,293,336,0,0,0,0,0,0,0,0,0,0,1,1,1,1,1,1
2026-07-03T20:04:54.613,tof2,4x4,side_left,2992,3254,-1,3328,-1,1485,-1,3465,-1,965,1545,-1,1063,824,-1,1049,1,1,0,1,0,1,1,1,0,1,1,1,1,1,1,1
2026-07-03T20:04:54.659,tof1,4x4,side_left,-1,-1,-1,-1,-1,-1,-1,-1,-1,-1,413,358,271,217,294,336,0,0,0,0,0,0,0,0,0,0,1,1,1,1,1,1
2026-07-03T20:04:54.790,tof2,4x4,side_left,-1,3251,-1,3318,-1,1485,-1,3475,-1,946,-1,-1,1057,819,-1,1054,1,1,0,1,0,1,0,1,1,1,1,0,1,1,1,1
2026-07-03T20:04:54.819,tof1,4x4,side_left,-1,-1,-1,-1,-1,-1,-1,-1,-1,-1,412,358,271,217,295,336,0,0,0,0,0,0,0,0,0,0,1,1,1,1,1,1
2026-07-03T20:04:54.947,tof2,4x4,side_left,2992,3250,-1,3318,-1,1472,-1,3465,1632,943,-1,-1,1056,819,-1,1053,1,1,0,1,1,1,0,1,1,1,1,0,1,1,1,1
2026-07-03T20:04:55.001,tof1,4x4,side_left,-1,-1,-1,-1,-1,-1,-1,-1,-1,-1,412,360,271,218,294,336,0,0,0,0,0,0,0,0,0,0,1,1,1,1,1,1
2026-07-03T20:04:55.134,tof2,4x4,side_left,2997,3250,-1,3320,-1,-1,-1,3465,-1,943,1552,-1,1057,823,-1,1054,1,1,1,1,1,1,1,1,1,1,1,1,1,1,1,1
2026-07-03T20:04:55.188,tof1,4x4,side_left,-1,-1,-1,-1,-1,-1,-1,-1,-1,-1,411,358,270,218,294,337,0,0,0,0,0,0,0,0,0,0,1,1,1,1,1,1
2026-07-03T20:04:55.310,tof2,4x4,side_left,-1,3251,-1,3318,-1,1462,-1,3475,1635,946,1555,-1,1062,823,-1,1053,0,1,0,1,0,1,0,1,1,1,1,0,1,1,1,1
2026-07-03T20:04:55.355,tof1,4x4,side_left,-1,-1,-1,-1,-1,-1,-1,-1,-1,-1,411,360,270,218,294,337,0,0,0,0,0,0,0,0,0,0,1,1,1,1,1,1
2026-07-03T20:04:55.463,tof2,4x4,side_left,3008,3255,-1,3320,-1,1459,-1,-1,-1,956,1555,-1,1057,823,-1,1053,1,1,0,1,0,1,1,0,1,1,1,1,1,1,1,1
2026-07-03T20:04:55.531,tof1,4x4,side_left,-1,-1,-1,-1,-1,-1,-1,-1,-1,-1,411,360,270,218,294,337,0,0,0,0,0,0,0,0,0,0,1,1,1,1,1,1
2026-07-03T20:04:55.633,tof2,4x4,side_left,3012,3260,-1,3320,-1,1455,2190,3489,1687,957,1564,-1,1058,823,1102,1053,1,1,0,1,1,1,1,1,1,1,1,0,1,1,1,1
2026-07-03T20:04:55.734,tof1,4x4,side_left,-1,-1,-1,-1,-1,-1,-1,-1,-1,-1,413,360,270,218,293,337,0,0,0,0,0,0,0,0,0,0,1,1,1,1,1,1
2026-07-03T20:04:55.794,tof2,4x4,side_left,3012,3260,3279,3312,-1,1455,-1,3489,-1,957,1564,-1,1058,823,1102,1052,1,1,1,1,1,1,1,1,1,1,1,1,1,1,1,1
2026-07-03T20:04:55.906,tof1,4x4,side_left,-1,-1,-1,-1,-1,-1,-1,-1,-1,-1,412,360,270,218,293,338,0,0,0,0,0,0,0,0,0,0,1,1,1,1,1,1
2026-07-03T20:04:55.971,tof2,4x4,side_left,3012,3255,-1,-1,-1,1453,-1,3489,1644,957,-1,-1,1058,827,-1,1052,1,1,1,1,0,1,0,1,1,1,1,1,1,1,1,1
2026-07-03T20:04:56.065,tof1,4x4,side_left,-1,-1,-1,-1,-1,-1,-1,-1,-1,-1,412,360,269,218,292,338,0,0,0,0,0,0,0,0,0,0,1,1,1,1,1,1
2026-07-03T20:04:56.133,tof2,4x4,side_left,3008,3255,-1,3308,2087,1453,2190,3466,-1,954,1564,-1,1058,825,-1,1054,1,1,0,1,1,1,1,1,0,1,1,0,1,1,1,1
2026-07-03T20:04:56.225,tof1,4x4,side_left,-1,-1,-1,-1,-1,-1,-1,-1,-1,-1,413,360,269,218,292,338,1,0,0,0,0,0,0,0,0,0,1,1,1,1,1,1
2026-07-03T20:04:56.294,tof2,4x4,side_left,3008,3255,-1,3312,2094,1441,-1,3466,-1,949,1563,-1,1058,825,1103,1054,1,1,0,1,1,1,1,1,0,1,1,0,1,1,1,1
2026-07-03T20:04:56.575,tof1,4x4,side_left,-1,-1,-1,-1,-1,-1,-1,-1,-1,-1,413,361,269,218,292,338,0,0,0,0,0,0,0,0,0,0,1,1,1,1,1,1
2026-07-03T20:04:56.585,tof2,4x4,side_left,2996,3250,-1,-1,-1,1453,-1,3465,-1,949,1563,-1,1055,825,1102,1051,1,1,0,1,1,1,1,1,0,1,1,0,1,1,1,1
2026-07-03T20:04:56.745,tof1,4x4,side_left,-1,-1,-1,-1,-1,-1,-1,-1,-1,-1,413,361,269,218,292,338,0,0,0,0,0,0,0,0,0,0,1,1,1,1,1,1
2026-07-03T20:04:56.772,tof2,4x4,side_left,2981,3252,-1,3312,-1,1465,2198,3466,-1,949,-1,1330,1055,827,-1,1055,1,1,1,1,0,1,1,1,1,1,1,1,1,1,1,1
2026-07-03T20:04:56.946,tof1,4x4,side_left,-1,-1,-1,-1,-1,-1,-1,-1,-1,-1,414,361,269,217,292,338,0,0,0,0,0,0,0,0,0,0,1,1,1,1,1,1
2026-07-03T20:04:56.963,tof2,4x4,side_left,2981,3252,3359,3308,-1,1465,-1,-1,-1,954,1558,-1,1055,825,-1,1051,1,1,1,1,0,1,0,0,1,1,1,0,1,1,1,1
2026-07-03T20:04:57.147,tof2,4x4,side_left,-1,3252,-1,3328,-1,1465,-1,3462,-1,963,1558,-1,1053,822,-1,1051,1,1,0,1,1,1,1,1,1,1,1,0,1,1,1,1
2026-07-03T20:04:57.153,tof1,4x4,side_left,-1,-1,-1,-1,-1,-1,-1,-1,-1,-1,414,361,269,217,292,337,1,0,0,0,0,0,0,0,0,0,1,1,1,1,1,1
2026-07-03T20:04:57.317,tof2,4x4,side_left,-1,3250,-1,3336,-1,1465,2183,3497,-1,965,-1,-1,-1,816,-1,1051,0,1,0,1,0,1,1,1,1,1,1,0,1,1,1,1
2026-07-03T20:04:57.341,tof1,4x4,side_left,-1,-1,-1,-1,-1,-1,-1,-1,-1,-1,414,361,270,217,292,337,0,0,0,0,0,0,0,0,0,0,1,1,1,1,1,1
2026-07-03T20:04:57.481,tof2,4x4,side_left,2981,3252,3312,3328,-1,1472,-1,3462,-1,963,1556,-1,1053,822,-1,1051,1,1,1,1,0,1,0,1,0,1,1,0,1,1,1,1
2026-07-03T20:04:57.505,tof1,4x4,side_left,-1,-1,-1,-1,-1,-1,-1,-1,-1,-1,414,361,268,217,292,336,0,0,0,0,0,0,0,0,0,0,1,1,1,1,1,1
2026-07-03T20:04:57.644,tof2,4x4,side_left,2966,3250,-1,3304,-1,1472,2170,3515,-1,965,-1,-1,1053,818,-1,1050,1,1,0,1,0,1,1,1,1,1,1,1,1,1,1,1
2026-07-03T20:04:57.695,tof1,4x4,side_left,-1,-1,-1,-1,-1,-1,-1,-1,-1,-1,414,360,269,217,292,336,1,0,0,0,0,0,0,0,0,0,1,1,1,1,1,1
2026-07-03T20:04:57.808,tof2,4x4,side_left,2966,3250,-1,3310,-1,1472,2165,3485,-1,965,1538,-1,1056,822,1102,1050,1,1,1,1,1,1,1,1,1,1,1,0,1,1,1,1
2026-07-03T20:04:57.868,tof1,4x4,side_left,-1,-1,-1,-1,-1,-1,-1,-1,-1,-1,413,359,269,217,292,337,0,0,0,0,0,0,0,0,0,0,1,1,1,1,1,1
2026-07-03T20:04:57.982,tof2,4x4,side_left,2977,3251,-1,3310,-1,1472,-1,3485,1651,965,1538,-1,1057,822,-1,1050,1,1,0,1,0,1,1,1,1,1,1,0,1,1,1,1
2026-07-03T20:04:58.074,tof1,4x4,side_left,-1,-1,-1,-1,-1,-1,-1,-1,-1,-1,415,359,269,217,292,337,0,0,0,0,0,0,0,0,0,0,1,1,1,1,1,1
2026-07-03T20:04:58.141,tof2,4x4,side_left,2977,3254,-1,3310,-1,1469,-1,3485,-1,968,1538,-1,1057,822,1103,1045,1,1,0,1,0,1,0,1,0,1,1,0,1,1,1,1
2026-07-03T20:04:58.249,tof1,4x4,side_left,-1,-1,-1,-1,-1,-1,-1,-1,-1,-1,415,359,269,217,292,336,0,0,0,0,0,0,0,0,0,0,1,1,1,1,1,1
2026-07-03T20:04:58.314,tof2,4x4,side_left,2977,3253,-1,3310,-1,1447,-1,-1,-1,968,-1,-1,1057,822,-1,1045,1,1,0,1,0,1,0,1,1,1,1,0,1,1,1,1
2026-07-03T20:04:58.414,tof1,4x4,side_left,-1,-1,-1,-1,-1,-1,-1,-1,-1,-1,412,359,269,217,292,337,1,0,0,0,1,0,0,0,0,0,1,1,1,1,1,1
2026-07-03T20:04:58.487,tof2,4x4,side_left,3018,3259,-1,3310,-1,1447,2165,3490,1644,973,-1,-1,1063,822,1090,1045,1,1,0,1,0,1,1,1,1,1,1,1,1,1,1,1
2026-07-03T20:04:58.589,tof1,4x4,side_left,-1,-1,-1,-1,-1,-1,-1,-1,-1,-1,412,360,268,217,294,337,0,0,0,0,0,0,0,0,0,0,1,1,1,1,1,1
2026-07-03T20:04:58.655,tof2,4x4,side_left,2977,3259,-1,3303,2094,1446,-1,3490,-1,973,1545,-1,1063,822,-1,1049,1,1,0,1,1,1,0,1,0,1,1,0,1,1,1,1
2026-07-03T20:04:58.767,tof1,4x4,side_left,-1,-1,-1,-1,-1,-1,-1,-1,-1,-1,414,360,266,217,294,337,0,0,0,0,0,0,0,0,0,0,1,1,1,1,1,1
2026-07-03T20:04:58.839,tof2,4x4,side_left,2950,3253,-1,3303,-1,-1,-1,3490,-1,973,-1,-1,1063,819,1090,1045,1,1,0,1,0,1,0,1,1,1,1,1,1,1,1,1
2026-07-03T20:04:58.932,tof1,4x4,side_left,-1,-1,-1,-1,-1,-1,-1,-1,-1,-1,414,360,266,217,294,337,0,0,0,0,0,0,0,0,0,0,1,1,1,1,1,1
2026-07-03T20:04:59.032,tof2,4x4,side_left,2988,3253,3340,3303,-1,1446,-1,3490,1644,960,1550,-1,1063,813,-1,1049,1,1,1,1,0,1,0,1,1,1,1,1,1,1,1,1
2026-07-03T20:04:59.105,tof1,4x4,side_left,-1,-1,-1,-1,-1,-1,-1,-1,-1,-1,412,360,266,217,293,337,0,0,0,0,0,0,0,0,0,0,1,1,1,1,1,1
2026-07-03T20:04:59.212,tof2,4x4,side_left,2988,3256,-1,3311,-1,1446,2165,3490,-1,960,1552,-1,1059,813,1096,1052,1,1,0,1,1,1,1,1,1,1,1,0,1,1,1,1
2026-07-03T20:04:59.274,tof1,4x4,side_left,-1,-1,-1,-1,-1,-1,-1,-1,-1,-1,413,360,266,217,294,338,1,0,0,1,0,0,0,0,0,0,1,1,1,1,1,1
2026-07-03T20:04:59.388,tof2,4x4,side_left,2985,3256,-1,3315,2121,1446,2165,3441,-1,-1,1552,-1,-1,818,-1,1052,1,1,1,1,1,1,1,1,1,1,1,1,1,1,1,1
2026-07-03T20:04:59.448,tof1,4x4,side_left,-1,-1,-1,-1,-1,-1,-1,-1,-1,-1,414,360,266,217,293,338,0,0,0,0,0,0,0,0,0,0,1,1,1,1,1,1
2026-07-03T20:04:59.550,tof2,4x4,side_left,2985,3256,-1,3317,-1,1448,-1,3441,1644,953,1552,-1,1059,815,-1,1053,1,1,0,1,1,1,1,1,1,1,1,0,1,1,1,1
2026-07-03T20:04:59.627,tof1,4x4,side_left,-1,-1,-1,-1,-1,-1,-1,-1,-1,-1,414,360,268,217,292,338,0,0,0,0,0,0,0,0,0,0,1,1,1,1,1,1
2026-07-03T20:04:59.723,tof2,4x4,side_left,-1,3256,-1,3320,-1,1451,-1,3463,1603,957,1549,-1,-1,818,1098,1053,0,1,1,1,1,1,0,1,1,1,1,0,1,1,1,1
2026-07-03T20:04:59.806,tof1,4x4,side_left,-1,-1,-1,-1,-1,-1,-1,-1,-1,-1,414,360,268,217,292,338,0,0,0,0,0,0,0,0,0,0,1,1,1,1,1,1
2026-07-03T20:04:59.915,tof2,4x4,side_left,2988,3259,3312,3333,-1,-1,-1,3490,-1,957,-1,-1,1059,-1,1098,1046,1,1,1,1,1,1,0,1,0,1,1,0,1,1,1,1
2026-07-03T20:04:59.979,tof1,4x4,side_left,-1,-1,-1,-1,-1,-1,-1,-1,-1,-1,414,361,266,217,295,338,0,0,0,0,0,0,0,0,0,0,1,1,1,1,1,1
2026-07-03T20:05:00.087,tof2,4x4,side_left,2989,3256,-1,3333,-1,-1,-1,3463,-1,950,1539,-1,1058,-1,1098,1046,1,1,0,1,0,0,0,1,0,1,1,0,1,1,1,1
2026-07-03T20:05:00.151,tof1,4x4,side_left,-1,-1,-1,-1,-1,-1,-1,-1,-1,-1,415,360,268,217,292,337,0,0,0,1,0,0,0,0,0,0,1,1,1,1,1,1
2026-07-03T20:05:00.332,tof1,4x4,side_left,-1,-1,-1,-1,-1,-1,-1,-1,-1,-1,415,360,263,218,294,337,0,0,0,0,0,0,0,0,0,0,1,1,1,1,1,1
2026-07-03T20:05:00.509,tof1,4x4,side_left,-1,-1,-1,-1,-1,-1,-1,-1,-1,-1,415,359,263,218,294,337,0,0,0,0,0,0,0,0,0,0,1,1,1,1,1,1
2026-07-03T20:05:00.671,tof1,4x4,side_left,-1,-1,-1,-1,-1,-1,459,-1,-1,-1,414,358,263,218,294,337,0,1,0,1,0,0,1,0,0,0,1,1,1,1,1,1
2026-07-03T20:05:00.844,tof1,4x4,side_left,-1,-1,-1,-1,-1,-1,-1,-1,-1,-1,414,358,264,218,294,337,0,0,0,0,0,0,0,0,0,0,1,1,1,1,1,1
2026-07-03T20:05:01.109,tof2,4x4,side_left,2985,3256,-1,-1,-1,-1,-1,3488,-1,949,-1,-1,1059,818,-1,1054,1,1,0,1,1,0,0,1,1,1,1,0,1,1,1,1
2026-07-03T20:05:01.280,tof2,4x4,side_left,3001,3259,-1,3335,-1,-1,-1,3488,-1,957,-1,-1,1059,-1,-1,1046,1,1,0,1,1,1,1,1,1,1,1,0,1,1,1,1
2026-07-03T20:05:01.453,tof2,4x4,side_left,-1,3259,-1,3320,-1,-1,-1,3489,-1,960,-1,-1,1058,818,-1,1054,0,1,0,1,0,1,1,1,0,1,1,0,1,1,1,1
2026-07-03T20:05:01.608,tof2,4x4,side_left,3002,3263,-1,3309,-1,-1,-1,3488,-1,959,1539,-1,1054,820,-1,1054,1,1,0,1,0,0,1,1,1,1,1,1,1,1,1,1
2026-07-03T20:05:01.773,tof2,4x4,side_left,3001,3266,-1,3305,-1,-1,-1,3489,1603,960,-1,-1,1054,823,-1,1056,1,1,0,1,0,0,0,1,1,1,1,0,1,1,1,1
2026-07-03T20:05:02.249,tof2,4x4,side_left,2989,3263,3323,-1,2138,-1,-1,3500,1603,968,1539,-1,1054,823,1098,1057,1,1,1,1,1,0,0,1,1,1,1,0,1,1,1,1
2026-07-03T20:05:02.408,tof2,4x4,side_left,-1,3261,-1,3309,-1,-1,-1,3500,1642,968,1534,-1,1052,823,-1,1057,0,1,0,1,1,0,0,1,1,1,1,0,1,1,1,1
2026-07-03T20:05:02.588,tof2,4x4,side_left,3001,3261,-1,3309,2138,-1,2174,3501,1642,965,1534,-1,1051,825,1098,1056,1,1,0,1,1,0,1,1,1,1,1,0,1,1,1,1
2026-07-03T20:05:02.761,tof2,4x4,side_left,2989,3258,3312,3305,-1,1451,2175,3501,-1,967,-1,-1,-1,825,1097,1056,1,1,1,1,1,1,1,1,1,1,1,0,1,1,1,1
2026-07-03T20:05:02.951,tof2,4x4,side_left,2989,3257,-1,3310,-1,1468,-1,3495,-1,967,1552,-1,-1,825,-1,1056,1,1,0,1,1,1,1,1,0,1,1,0,1,1,1,1
2026-07-03T20:05:03.120,tof2,4x4,side_left,-1,3255,-1,3316,-1,1468,2185,-1,1642,965,-1,-1,1050,818,-1,1051,1,1,0,1,0,1,1,1,1,1,1,0,1,1,1,1
2026-07-03T20:05:03.291,tof2,4x4,side_left,3001,3255,-1,3316,-1,1455,2185,3495,-1,964,1540,-1,1051,825,-1,1051,1,1,0,1,0,1,1,1,0,1,1,1,1,1,1,1
2026-07-03T20:05:03.466,tof2,4x4,side_left,3006,3255,-1,3310,-1,1455,2199,3495,1642,966,1540,-1,1051,818,-1,1051,1,1,0,1,1,1,1,1,1,1,1,1,1,1,1,1
2026-07-03T20:05:03.632,tof2,4x4,side_left,3006,3254,-1,3316,-1,1455,2199,3488,-1,964,1566,-1,1052,818,1097,1051,1,1,0,1,0,1,1,1,0,1,1,0,1,1,1,1
2026-07-03T20:05:03.792,tof2,4x4,side_left,3006,3257,-1,-1,-1,-1,-1,3495,-1,964,1540,-1,1055,818,1090,1054,1,1,0,1,0,1,0,1,1,1,1,0,1,1,1,1
2026-07-03T20:05:03.951,tof1,4x4,side_left,-1,-1,-1,-1,-1,-1,-1,-1,-1,-1,414,358,263,218,296,338,0,0,0,0,0,0,1,0,0,0,1,1,1,1,1,1
2026-07-03T20:05:03.954,tof2,4x4,side_left,-1,3257,-1,3339,-1,1455,-1,3488,1642,964,1540,-1,-1,822,-1,1054,0,1,0,1,1,1,1,1,1,1,1,0,1,1,1,1
2026-07-03T20:05:04.132,tof1,4x4,side_left,-1,-1,-1,-1,-1,-1,-1,-1,-1,-1,413,359,263,218,296,338,0,0,0,0,0,1,0,0,0,0,1,1,1,1,1,1
2026-07-03T20:05:04.143,tof2,4x4,side_left,3006,3256,-1,-1,-1,1453,-1,3483,-1,955,1540,-1,1055,822,1090,1054,1,1,0,1,0,1,1,1,0,1,1,1,1,1,1,1
2026-07-03T20:05:04.294,tof1,4x4,side_left,-1,-1,-1,-1,-1,-1,-1,-1,-1,-1,413,359,259,218,296,338,0,0,0,0,0,0,0,0,0,0,1,1,1,1,1,1
2026-07-03T20:05:04.320,tof2,4x4,side_left,3001,3252,-1,3339,-1,1453,-1,3483,-1,955,1541,-1,1055,825,1100,1054,1,1,0,1,1,1,1,1,1,1,1,1,1,1,1,1
2026-07-03T20:05:04.456,tof1,4x4,side_left,-1,-1,-1,-1,-1,-1,-1,-1,-1,-1,411,359,259,219,296,338,0,0,0,0,0,0,0,0,0,0,1,1,1,1,1,1
2026-07-03T20:05:04.486,tof2,4x4,side_left,3001,3256,3323,3337,-1,1453,-1,3469,-1,955,-1,-1,1056,822,-1,1051,1,1,1,1,1,1,0,1,1,1,1,0,1,1,1,1
2026-07-03T20:05:04.634,tof1,4x4,side_left,-1,-1,-1,-1,-1,-1,-1,-1,-1,-1,413,359,259,219,295,337,0,0,0,0,0,0,0,0,0,0,1,1,1,1,1,1
2026-07-03T20:05:04.658,tof2,4x4,side_left,3016,3254,-1,3337,-1,1460,-1,-1,-1,955,1541,-1,1056,-1,-1,1050,1,1,0,1,1,1,1,1,0,1,1,0,1,1,1,1
2026-07-03T20:05:04.826,tof1,4x4,side_left,-1,-1,-1,-1,-1,-1,-1,-1,-1,-1,413,359,258,219,295,337,0,0,0,1,0,0,0,0,0,0,1,1,1,1,1,1
2026-07-03T20:05:04.832,tof2,4x4,side_left,3016,3252,-1,3310,-1,1460,2205,3469,1621,955,1541,-1,1056,823,1100,1051,1,1,1,1,0,1,1,1,1,1,1,0,1,1,1,1
2026-07-03T20:05:05.122,tof1,4x4,side_left,-1,-1,-1,-1,-1,-1,-1,-1,-1,-1,411,359,259,219,296,337,0,0,0,0,0,0,0,0,0,0,1,1,1,1,1,1
2026-07-03T20:05:05.171,tof2,4x4,side_left,3001,3254,-1,3310,-1,1469,-1,3469,1621,956,1556,-1,1056,823,-1,1051,1,1,0,1,0,1,0,1,1,1,1,0,1,1,1,1
2026-07-03T20:05:05.279,tof1,4x4,side_left,-1,-1,-1,-1,-1,-1,-1,-1,-1,-1,411,360,259,219,297,337,0,0,0,0,0,0,0,0,0,0,1,1,1,1,1,1
2026-07-03T20:05:05.346,tof2,4x4,side_left,2982,3257,-1,3307,-1,1469,-1,3467,-1,959,1560,-1,1056,822,-1,1051,1,1,0,1,1,1,0,1,0,1,1,1,1,1,1,1
2026-07-03T20:05:05.484,tof1,4x4,side_left,-1,-1,-1,-1,-1,-1,-1,-1,-1,-1,411,360,259,220,298,338,0,0,0,0,0,0,0,0,0,0,1,1,1,1,1,1
2026-07-03T20:05:05.542,tof2,4x4,side_left,2982,3258,-1,3307,-1,1460,2205,3467,1714,962,-1,-1,1056,822,-1,1048,1,1,1,1,0,1,1,1,1,1,1,0,1,1,1,1
2026-07-03T20:05:05.669,tof1,4x4,side_left,-1,-1,-1,-1,-1,-1,-1,-1,-1,-1,411,360,258,220,300,339,0,0,0,0,0,0,0,0,0,0,1,1,1,1,1,1
2026-07-03T20:05:05.729,tof2,4x4,side_left,2982,3262,-1,3316,-1,1463,-1,3467,-1,962,-1,-1,1056,823,-1,1046,1,1,0,1,0,1,0,1,0,1,1,1,1,1,1,1
2026-07-03T20:05:05.900,tof1,4x4,side_left,-1,-1,-1,-1,-1,-1,-1,-1,-1,-1,411,360,258,220,298,339,0,0,0,0,0,0,0,0,0,0,1,1,1,1,1,1
2026-07-03T20:05:05.940,tof2,4x4,side_left,2982,3262,-1,3316,2138,1463,-1,3467,1621,962,-1,-1,-1,823,-1,1046,1,1,0,1,1,1,0,1,1,1,1,0,1,1,1,1
2026-07-03T20:05:06.071,tof1,4x4,side_left,-1,-1,-1,-1,-1,-1,-1,-1,-1,-1,411,361,256,220,297,339,0,0,0,0,0,0,0,0,0,0,1,1,1,1,1,1
2026-07-03T20:05:06.165,tof2,4x4,side_left,2982,3262,-1,3316,-1,-1,-1,3461,1601,962,1560,-1,1061,823,1096,1054,1,1,1,1,0,1,0,1,1,1,1,0,1,1,1,1
2026-07-03T20:05:06.241,tof1,4x4,side_left,-1,-1,-1,-1,479,-1,-1,-1,-1,-1,411,361,256,218,300,339,0,0,0,0,1,0,0,0,0,0,1,1,1,1,1,1
2026-07-03T20:05:06.338,tof2,4x4,side_left,2974,3258,-1,3316,-1,1463,-1,3461,1601,962,1560,-1,1058,823,-1,1055,1,1,0,1,1,1,1,1,1,1,1,0,1,1,1,1
2026-07-03T20:05:06.408,tof1,4x4,side_left,-1,-1,-1,-1,-1,-1,-1,-1,-1,-1,412,361,256,218,299,339,0,0,0,0,0,0,0,0,0,0,1,1,1,1,1,1
2026-07-03T20:05:06.516,tof2,4x4,side_left,2974,3259,-1,3314,-1,-1,-1,3474,1601,964,1560,-1,1053,823,1096,1055,1,1,0,1,0,1,0,1,1,1,1,0,1,1,1,1
2026-07-03T20:05:06.580,tof1,4x4,side_left,-1,-1,-1,-1,-1,-1,-1,-1,-1,-1,412,361,256,218,297,339,0,0,0,0,0,0,0,0,0,0,1,1,1,1,1,1
2026-07-03T20:05:06.680,tof2,4x4,side_left,2974,3259,3301,3314,2130,1483,-1,3489,1601,964,1556,-1,1058,815,-1,1055,1,1,1,1,1,1,1,1,1,1,1,0,1,1,1,1
2026-07-03T20:05:06.774,tof1,4x4,side_left,-1,-1,-1,-1,-1,-1,-1,-1,-1,-1,413,361,257,218,296,339,0,0,0,0,0,0,0,0,0,0,1,1,1,1,1,1
2026-07-03T20:05:06.857,tof2,4x4,side_left,2982,3259,-1,3318,-1,1483,-1,-1,-1,968,1546,-1,1058,815,-1,1049,1,1,1,1,0,1,0,0,1,1,1,0,1,1,1,1
2026-07-03T20:05:06.953,tof1,4x4,side_left,-1,-1,-1,-1,-1,-1,-1,-1,-1,-1,413,361,257,218,298,339,0,0,0,0,0,0,0,0,0,0,1,1,1,1,1,1
2026-07-03T20:05:07.035,tof2,4x4,side_left,2982,3257,-1,3314,-1,1483,-1,3474,-1,968,1556,-1,1058,815,-1,1047,1,1,0,1,1,1,1,1,1,1,1,1,1,1,1,1
2026-07-03T20:05:07.124,tof1,4x4,side_left,-1,-1,-1,-1,-1,-1,-1,-1,-1,-1,413,361,257,218,296,339,0,0,0,0,0,0,0,0,0,0,1,1,1,1,1,1
2026-07-03T20:05:07.235,tof2,4x4,side_left,-1,3257,-1,3325,-1,1473,-1,-1,1639,964,1546,-1,1058,819,1095,1047,1,1,1,1,0,1,0,1,1,1,1,0,1,1,1,1
2026-07-03T20:05:07.288,tof1,4x4,side_left,-1,-1,-1,-1,-1,-1,-1,-1,-1,-1,413,361,257,217,295,339,0,0,0,0,0,0,0,0,0,0,1,1,1,1,1,1
2026-07-03T20:05:07.402,tof2,4x4,side_left,-1,3257,-1,3325,-1,1463,-1,3474,1639,963,1556,-1,1058,819,-1,1049,1,1,0,1,1,1,1,1,1,1,1,0,1,1,1,1
2026-07-03T20:05:07.471,tof1,4x4,side_left,-1,-1,-1,-1,-1,-1,-1,-1,-1,-1,413,360,257,217,296,339,0,0,0,0,0,0,0,0,0,0,1,1,1,1,1,1
2026-07-03T20:05:07.591,tof2,4x4,side_left,2984,3252,-1,3311,-1,-1,-1,-1,1658,955,1549,-1,1059,819,1094,1047,1,1,0,1,0,1,0,1,1,1,1,0,1,1,1,1
2026-07-03T20:05:07.629,tof1,4x4,side_left,-1,-1,-1,-1,-1,-1,-1,-1,-1,-1,413,360,257,217,297,338,1,0,0,0,0,0,0,0,0,0,1,1,1,1,1,1
2026-07-03T20:05:07.751,tof2,4x4,side_left,2982,3248,-1,3311,-1,1463,-1,3474,-1,953,1549,-1,1059,819,-1,1050,1,1,0,1,0,1,0,1,1,1,1,0,1,1,1,1
2026-07-03T20:05:07.786,tof1,4x4,side_left,-1,-1,-1,-1,-1,-1,-1,-1,-1,-1,412,358,258,217,297,338,0,0,0,0,0,0,0,0,0,0,1,1,1,1,1,1
2026-07-03T20:05:07.916,tof2,4x4,side_left,2984,3248,-1,-1,-1,-1,-1,3474,1671,953,-1,-1,1062,818,-1,1050,1,1,1,1,0,1,0,1,1,1,1,0,1,1,1,1
2026-07-03T20:05:07.968,tof1,4x4,side_left,-1,-1,-1,-1,-1,-1,-1,-1,-1,-1,412,358,258,217,297,338,0,0,0,0,0,0,0,0,0,0,1,1,1,1,1,1
2026-07-03T20:05:08.129,tof2,4x4,side_left,2988,3261,-1,3319,2130,1469,-1,3474,-1,955,1547,-1,1062,817,-1,1051,1,1,1,1,1,1,1,1,1,1,1,1,1,1,1,1
2026-07-03T20:05:08.131,tof1,4x4,side_left,-1,-1,-1,-1,-1,-1,-1,-1,-1,-1,411,360,256,218,298,337,0,0,0,0,0,0,0,0,0,0,1,1,1,1,1,1
2026-07-03T20:05:08.459,tof2,4x4,side_left,2988,3253,-1,3319,2129,1468,-1,3474,1671,955,1547,-1,1062,817,1094,1049,1,1,0,1,1,1,1,1,1,1,1,1,1,1,1,1
2026-07-03T20:05:08.514,tof1,4x4,side_left,-1,-1,-1,-1,-1,-1,-1,-1,-1,-1,410,360,255,218,298,337,0,0,0,0,0,0,0,0,0,0,1,1,1,1,1,1
2026-07-03T20:05:08.634,tof2,4x4,side_left,2960,3253,-1,3319,2130,1468,-1,3474,-1,953,-1,-1,1057,817,-1,1049,1,1,0,1,1,1,1,1,0,1,1,0,1,1,1,1
2026-07-03T20:05:08.687,tof1,4x4,side_left,-1,-1,-1,-1,-1,-1,-1,-1,-1,-1,411,360,252,218,298,338,1,0,0,0,0,0,0,0,0,0,1,1,1,1,1,1
2026-07-03T20:05:08.796,tof2,4x4,side_left,2963,3258,-1,3319,-1,1468,2192,3474,1539,950,1547,-1,1057,820,-1,1048,1,1,0,1,0,1,1,1,1,1,1,0,1,1,1,1
2026-07-03T20:05:08.878,tof1,4x4,side_left,-1,-1,-1,-1,-1,-1,-1,-1,-1,-1,411,361,252,218,298,338,0,0,0,0,0,0,0,0,0,0,1,1,1,1,1,1
2026-07-03T20:05:08.968,tof2,4x4,side_left,2963,3253,-1,3309,-1,1468,2192,-1,1657,950,1547,-1,1055,-1,-1,1049,1,1,1,1,0,1,1,0,1,1,1,0,1,1,1,1
2026-07-03T20:05:09.039,tof1,4x4,side_left,-1,-1,-1,-1,-1,-1,-1,-1,-1,-1,412,360,254,218,298,338,0,0,0,0,0,0,0,0,0,0,1,1,1,1,1,1
2026-07-03T20:05:09.149,tof2,4x4,side_left,-1,3253,-1,3301,-1,1468,-1,3522,-1,950,-1,-1,1057,820,-1,1049,1,1,0,1,1,1,1,1,1,1,1,1,1,1,1,1
2026-07-03T20:05:09.207,tof1,4x4,side_left,-1,-1,-1,-1,-1,-1,-1,-1,-1,-1,412,360,254,218,298,338,0,0,0,0,0,0,0,0,0,0,1,1,1,1,1,1
2026-07-03T20:05:09.326,tof2,4x4,side_left,2963,3254,-1,3301,-1,-1,-1,3450,-1,950,1556,-1,1057,824,-1,1049,1,1,0,1,0,1,1,1,1,1,1,0,1,1,1,1
2026-07-03T20:05:09.378,tof1,4x4,side_left,-1,-1,-1,-1,-1,-1,-1,-1,-1,-1,412,360,254,218,296,338,0,0,0,0,0,0,0,0,0,0,1,1,1,1,1,1
2026-07-03T20:05:09.507,tof2,4x4,side_left,2963,3254,-1,3308,-1,1459,-1,3450,1583,952,1567,-1,1058,824,-1,1049,1,1,0,1,1,1,0,1,1,1,1,0,1,1,1,1
2026-07-03T20:05:09.674,tof2,4x4,side_left,2969,3249,-1,3308,-1,1481,-1,3450,-1,954,-1,-1,1058,820,1094,1049,1,1,0,1,0,1,0,1,0,1,1,1,1,1,1,1
2026-07-03T20:05:09.860,tof2,4x4,side_left,2974,3253,-1,3308,-1,1481,-1,3479,1583,954,1567,-1,1068,820,-1,1047,1,1,0,1,1,1,0,1,1,1,1,0,1,1,1,1
2026-07-03T20:05:09.994,tof1,4x4,side_left,-1,-1,-1,-1,-1,-1,-1,-1,-1,-1,412,360,254,218,296,338,0,0,0,0,0,0,0,0,0,0,1,1,1,1,1,1
2026-07-03T20:05:10.037,tof2,4x4,side_left,2976,3249,-1,3309,-1,1470,-1,3479,-1,959,-1,-1,-1,-1,-1,1047,1,1,0,1,0,1,0,1,0,1,1,0,1,1,1,1
2026-07-03T20:05:10.167,tof1,4x4,side_left,-1,-1,-1,-1,-1,-1,-1,-1,-1,-1,412,360,254,218,299,338,1,1,0,0,0,0,0,0,0,0,1,1,1,1,1,1
2026-07-03T20:05:10.270,tof2,4x4,side_left,2974,3249,-1,3325,-1,1458,-1,3495,-1,969,-1,1325,1058,-1,-1,1046,1,1,1,1,0,1,0,1,1,1,1,1,1,1,1,1
2026-07-03T20:05:10.335,tof1,4x4,side_left,-1,-1,-1,-1,-1,-1,-1,-1,-1,-1,412,361,253,219,299,338,0,1,0,0,0,0,0,0,0,0,1,1,1,1,1,1
2026-07-03T20:05:10.437,tof2,4x4,side_left,2978,3253,-1,3309,-1,1470,-1,3495,1583,969,-1,-1,1057,826,1095,1047,1,1,1,1,1,1,0,1,1,1,1,1,1,1,1,1
2026-07-03T20:05:10.499,tof1,4x4,side_left,-1,-1,-1,-1,-1,-1,-1,-1,-1,-1,412,361,255,220,297,338,0,0,0,0,0,0,0,0,0,0,1,1,1,1,1,1
2026-07-03T20:05:10.600,tof2,4x4,side_left,2978,3253,-1,3309,-1,1458,-1,3486,-1,973,1567,-1,1052,820,-1,1049,1,1,0,1,0,1,1,1,0,1,1,0,1,1,1,1
2026-07-03T20:05:10.682,tof1,4x4,side_left,-1,-1,-1,-1,-1,-1,-1,-1,-1,-1,412,361,254,221,299,338,0,0,0,0,0,0,0,0,0,0,1,1,1,1,1,1
2026-07-03T20:05:10.782,tof2,4x4,side_left,2978,3257,-1,3331,-1,1470,-1,3486,-1,969,-1,-1,1054,-1,-1,1052,1,1,0,1,0,1,0,1,1,1,1,1,1,1,1,1
2026-07-03T20:05:10.884,tof1,4x4,side_left,-1,-1,-1,-1,-1,-1,-1,-1,-1,-1,412,360,255,221,299,340,0,0,0,0,0,0,0,0,0,0,1,1,1,1,1,1
2026-07-03T20:05:10.970,tof2,4x4,side_left,-1,3257,-1,3309,-1,1458,-1,3453,1610,959,1567,-1,1054,820,-1,1049,0,1,0,1,1,1,0,1,1,1,1,0,1,1,1,1
2026-07-03T20:05:11.074,tof1,4x4,side_left,-1,-1,-1,-1,-1,-1,-1,-1,-1,-1,413,360,254,220,299,340,0,0,0,0,0,0,0,0,0,0,1,1,1,1,1,1
2026-07-03T20:05:11.155,tof2,4x4,side_left,-1,3257,-1,3309,2101,-1,-1,3453,-1,953,1567,-1,1054,826,-1,1053,1,1,0,1,1,1,0,1,1,1,1,0,1,1,1,1
2026-07-03T20:05:11.282,tof1,4x4,side_left,-1,-1,-1,-1,-1,-1,-1,-1,-1,-1,413,359,254,220,299,339,0,0,0,0,0,0,0,0,0,0,1,1,1,1,1,1
2026-07-03T20:05:11.326,tof2,4x4,side_left,2978,3248,-1,3301,-1,-1,-1,3462,1610,959,1553,-1,1054,826,1095,1053,1,1,1,1,0,0,0,1,1,1,1,0,1,1,1,1
2026-07-03T20:05:11.438,tof1,4x4,side_left,-1,-1,-1,-1,-1,-1,-1,-1,-1,-1,413,359,254,220,299,338,0,0,0,0,0,0,0,0,0,0,1,1,1,1,1,1
2026-07-03T20:05:11.502,tof2,4x4,side_left,2984,3257,-1,3331,-1,-1,-1,3453,-1,959,1553,-1,1054,820,1098,1047,1,1,0,1,0,0,1,1,0,1,1,0,1,1,1,1
2026-07-03T20:05:11.633,tof1,4x4,side_left,-1,-1,-1,-1,-1,-1,-1,-1,-1,-1,412,359,254,220,299,338,0,1,0,0,0,0,0,0,0,0,1,1,1,1,1,1
2026-07-03T20:05:11.697,tof2,4x4,side_left,2984,3255,3295,3339,-1,-1,-1,-1,-1,953,1563,-1,1061,823,-1,1047,1,1,1,1,0,0,1,0,0,1,1,0,1,1,1,1
2026-07-03T20:05:11.816,tof1,4x4,side_left,-1,-1,-1,-1,-1,-1,-1,-1,-1,-1,413,359,253,220,299,338,0,0,0,0,0,0,0,0,0,0,1,1,1,1,1,1
2026-07-03T20:05:11.867,tof2,4x4,side_left,-1,3258,-1,3342,2101,-1,2192,-1,-1,955,1563,-1,1061,814,-1,1048,1,1,0,1,1,0,1,1,1,1,1,0,1,1,1,1
2026-07-03T20:05:12.205,tof1,4x4,side_left,-1,-1,-1,-1,-1,-1,-1,-1,-1,-1,414,359,253,220,299,338,0,0,0,0,0,0,0,0,0,0,1,1,1,1,1,1
2026-07-03T20:05:12.286,tof2,4x4,side_left,-1,3255,-1,3339,-1,-1,2190,3462,1610,959,1563,-1,1061,810,1100,1048,1,1,1,1,0,0,1,1,1,1,1,0,1,1,1,1
2026-07-03T20:05:12.392,tof1,4x4,side_left,-1,-1,-1,-1,-1,-1,-1,-1,-1,-1,414,359,254,220,299,338,0,0,0,0,0,0,0,0,0,0,1,1,1,1,1,1
2026-07-03T20:05:12.451,tof2,4x4,side_left,2991,3258,3295,3342,-1,-1,-1,3472,-1,959,1563,-1,1061,814,1100,1048,1,1,1,1,0,0,0,1,0,1,1,0,1,1,1,1
2026-07-03T20:05:12.564,tof1,4x4,side_left,-1,-1,-1,-1,-1,-1,-1,-1,-1,-1,415,359,254,218,299,338,0,0,0,0,0,0,0,0,0,0,1,1,1,1,1,1
2026-07-03T20:05:12.630,tof2,4x4,side_left,2997,3255,-1,3339,-1,-1,-1,3488,1610,955,1563,-1,1061,815,-1,1048,1,1,0,1,0,1,0,1,1,1,1,0,1,1,1,1
2026-07-03T20:05:12.745,tof1,4x4,side_left,-1,-1,-1,-1,-1,-1,-1,-1,-1,-1,415,359,256,218,300,338,0,0,0,0,0,0,0,0,0,0,1,1,1,1,1,1
2026-07-03T20:05:12.799,tof2,4x4,side_left,2991,3258,-1,3338,-1,-1,-1,3491,-1,959,-1,-1,1061,814,1100,1049,1,1,0,1,0,1,0,1,0,1,1,1,1,1,1,1
2026-07-03T20:05:12.931,tof1,4x4,side_left,-1,-1,-1,-1,-1,-1,-1,-1,-1,-1,416,360,256,218,299,338,0,0,0,0,0,0,0,0,0,0,1,1,1,1,1,1
2026-07-03T20:05:12.958,tof2,4x4,side_left,-1,3257,-1,3335,2140,-1,-1,3491,-1,959,-1,-1,1060,815,1100,1052,0,1,0,1,1,0,0,1,0,1,1,1,1,1,1,1
2026-07-03T20:05:13.110,tof1,4x4,side_left,-1,-1,-1,-1,-1,-1,-1,-1,-1,-1,416,360,257,218,299,338,0,0,0,0,0,0,0,0,0,0,1,1,1,1,1,1
2026-07-03T20:05:13.162,tof2,4x4,side_left,2978,3257,-1,3320,2173,-1,-1,3491,-1,968,-1,-1,1059,815,-1,1046,1,1,0,1,1,0,1,1,1,1,1,0,1,1,1,1
2026-07-03T20:05:13.299,tof1,4x4,side_left,-1,-1,-1,-1,-1,-1,-1,-1,-1,-1,416,360,258,220,299,338,0,0,0,0,0,0,0,0,0,0,1,1,1,1,1,1
2026-07-03T20:05:13.325,tof2,4x4,side_left,2997,3256,3296,3317,-1,1479,-1,3491,-1,956,1542,-1,1060,815,-1,1046,1,1,1,1,0,1,0,1,0,1,1,0,1,1,1,1
2026-07-03T20:05:13.477,tof1,4x4,side_left,-1,-1,-1,-1,-1,-1,-1,-1,-1,-1,416,360,257,220,299,338,1,0,0,0,0,0,0,0,0,0,1,1,1,1,1,1
2026-07-03T20:05:13.488,tof2,4x4,side_left,2978,3256,3296,3310,-1,1459,2122,3495,-1,956,1542,-1,1061,815,1100,1047,1,1,1,1,0,1,1,1,0,1,1,0,1,1,1,1
2026-07-03T20:05:13.667,tof1,4x4,side_left,-1,-1,-1,-1,-1,-1,-1,-1,-1,-1,415,360,257,220,297,338,0,0,0,0,0,0,0,0,0,0,1,1,1,1,1,1
2026-07-03T20:05:13.669,tof2,4x4,side_left,2973,3252,3296,3310,2140,-1,-1,3487,-1,956,1554,-1,1060,818,-1,1047,1,1,1,1,1,1,0,1,1,1,1,1,1,1,1,1
2026-07-03T20:05:13.850,tof1,4x4,side_left,-1,-1,-1,-1,-1,-1,-1,-1,-1,-1,414,359,257,220,299,337,0,1,0,0,0,0,0,0,0,0,1,1,1,1,1,1
2026-07-03T20:05:13.894,tof2,4x4,side_left,2973,3252,-1,3310,-1,1491,-1,3488,-1,964,1542,-1,1059,818,-1,1044,1,1,1,1,0,1,1,1,1,1,1,0,1,1,1,1
2026-07-03T20:05:14.054,tof1,4x4,side_left,-1,-1,-1,-1,-1,-1,-1,-1,-1,-1,413,358,256,220,297,337,0,0,0,0,0,0,0,0,0,0,1,1,1,1,1,1
2026-07-03T20:05:14.070,tof2,4x4,side_left,-1,3252,-1,3310,-1,1459,-1,3491,-1,956,1537,-1,1061,818,1100,1047,1,1,1,1,1,1,1,1,0,1,1,0,1,1,1,1
2026-07-03T20:05:14.304,tof2,4x4,side_left,3011,3252,3305,3310,-1,1459,-1,-1,-1,964,1554,-1,1056,818,1100,1054,1,1,1,1,0,1,1,1,0,1,1,0,1,1,1,1
2026-07-03T20:05:14.307,tof1,4x4,side_left,-1,-1,-1,-1,-1,-1,-1,-1,-1,-1,411,358,256,220,299,337,0,0,0,0,0,0,0,0,0,0,1,1,1,1,1,1
2026-07-03T20:05:14.475,tof2,4x4,side_left,2991,3252,3296,3320,-1,-1,-1,3488,-1,964,1541,-1,1056,816,-1,1054,1,1,1,1,0,1,0,1,1,1,1,0,1,1,1,1
2026-07-03T20:05:14.521,tof1,4x4,side_left,-1,-1,-1,-1,-1,-1,-1,-1,-1,-1,411,358,255,220,299,337,0,0,0,0,0,0,0,0,0,0,1,1,1,1,1,1
2026-07-03T20:05:14.667,tof2,4x4,side_left,2998,3252,-1,3320,-1,1459,-1,3476,-1,963,1541,-1,1058,816,1101,1054,1,1,0,1,0,1,0,1,0,1,1,0,1,1,1,1
2026-07-03T20:05:14.684,tof1,4x4,side_left,-1,-1,-1,-1,-1,-1,-1,-1,-1,-1,411,358,256,220,299,337,0,0,0,0,0,0,0,0,0,0,1,1,1,1,1,1
2026-07-03T20:05:14.818,tof2,4x4,side_left,3027,3258,3305,3320,-1,1446,-1,-1,-1,954,-1,-1,1058,820,1101,1054,1,1,1,1,1,1,1,1,1,1,1,1,1,1,1,1
2026-07-03T20:05:14.880,tof1,4x4,side_left,-1,-1,-1,-1,-1,-1,-1,-1,-1,-1,413,358,256,219,299,338,0,0,0,0,0,0,0,0,0,0,1,1,1,1,1,1
2026-07-03T20:05:15.014,tof2,4x4,side_left,2998,3260,-1,3318,-1,1446,-1,3488,-1,963,-1,-1,1058,-1,1095,1051,1,1,1,1,0,1,0,1,1,1,1,1,1,1,1,1
2026-07-03T20:05:15.073,tof1,4x4,side_left,-1,-1,-1,-1,-1,-1,-1,-1,-1,-1,413,358,254,219,299,338,0,0,0,0,0,0,0,0,0,0,1,1,1,1,1,1
2026-07-03T20:05:15.189,tof2,4x4,side_left,2998,3260,3305,3318,2140,-1,2190,3475,-1,963,1544,-1,1058,820,1101,1051,1,1,1,1,1,1,1,1,0,1,1,0,1,1,1,1
2026-07-03T20:05:15.254,tof1,4x4,side_left,-1,-1,-1,-1,-1,-1,-1,-1,-1,-1,414,359,254,220,299,339,0,0,0,0,0,0,0,0,0,0,1,1,1,1,1,1
2026-07-03T20:05:15.375,tof2,4x4,side_left,3018,3260,-1,3318,-1,1454,-1,3452,1620,963,-1,-1,1058,821,1108,1053,1,1,0,1,0,1,1,1,1,1,1,0,1,1,1,1
2026-07-03T20:05:15.443,tof1,4x4,side_left,-1,-1,-1,-1,-1,-1,-1,-1,-1,-1,414,359,254,219,299,339,0,0,0,0,0,0,0,0,0,0,1,1,1,1,1,1
2026-07-03T20:05:15.551,tof2,4x4,side_left,3020,3260,-1,3311,-1,1454,-1,3452,1620,961,1558,-1,1058,822,-1,1051,1,1,1,1,0,1,0,1,1,1,1,1,1,1,1,1
2026-07-03T20:05:15.626,tof1,4x4,side_left,-1,-1,-1,-1,-1,-1,-1,-1,-1,-1,415,358,254,218,298,338,0,0,0,0,0,0,0,0,0,0,1,1,1,1,1,1
2026-07-03T20:05:15.725,tof2,4x4,side_left,3018,3260,-1,3311,2140,1454,2132,3452,1578,961,1558,1325,1058,822,-1,1051,1,1,0,1,1,1,1,1,1,1,1,1,1,1,1,1
2026-07-03T20:05:15.794,tof1,4x4,side_left,-1,-1,-1,-1,-1,-1,-1,-1,-1,-1,415,359,254,218,301,339,1,0,0,0,0,0,0,0,0,0,1,1,1,1,1,1
2026-07-03T20:05:15.906,tof2,4x4,side_left,3018,3252,3305,3325,2162,1477,-1,3447,-1,949,1558,-1,1058,822,-1,1053,1,1,1,1,1,1,0,1,0,1,1,0,1,1,1,1
2026-07-03T20:05:15.987,tof1,4x4,side_left,-1,-1,-1,-1,-1,-1,-1,-1,-1,-1,415,360,254,218,299,338,0,0,0,0,0,0,0,0,0,0,1,1,1,1,1,1
2026-07-03T20:05:16.073,tof2,4x4,side_left,3013,3252,-1,3325,-1,1475,-1,3447,-1,949,1558,-1,1063,821,-1,1051,1,1,1,1,1,1,0,1,0,1,1,0,1,1,1,1
2026-07-03T20:05:16.145,tof1,4x4,side_left,-1,-1,-1,-1,-1,-1,-1,-1,-1,-1,415,359,254,218,299,338,0,0,0,0,0,0,0,0,0,0,1,1,1,1,1,1
2026-07-03T20:05:16.252,tof2,4x4,side_left,3013,3252,-1,3324,-1,-1,-1,3453,1566,954,1564,-1,1063,822,-1,1051,1,1,0,1,0,1,1,1,1,1,1,0,1,1,1,1
2026-07-03T20:05:16.338,tof1,4x4,side_left,-1,-1,-1,-1,-1,-1,-1,-1,-1,-1,415,359,257,218,301,338,0,0,0,0,0,0,0,0,0,0,1,1,1,1,1,1
2026-07-03T20:05:16.415,tof2,4x4,side_left,-1,3253,-1,3324,-1,1475,-1,3453,-1,949,1540,-1,1063,819,-1,1051,1,1,0,1,0,1,1,1,0,1,1,0,1,1,1,1
2026-07-03T20:05:16.514,tof1,4x4,side_left,-1,-1,-1,-1,-1,-1,-1,-1,-1,-1,415,359,257,220,301,337,1,0,0,0,0,0,0,0,0,0,1,1,1,1,1,1
2026-07-03T20:05:16.608,tof2,4x4,side_left,2990,3254,-1,3302,2118,1475,-1,3495,-1,952,-1,-1,1063,816,-1,1050,1,1,1,1,1,1,0,1,1,1,1,0,1,1,1,1
2026-07-03T20:05:16.823,tof2,4x4,side_left,3013,3254,-1,3302,-1,1475,-1,3495,1566,954,1540,-1,1063,-1,-1,1050,1,1,0,1,1,1,1,1,1,1,1,0,1,1,1,1
2026-07-03T20:05:16.845,tof1,4x4,side_left,-1,-1,-1,-1,-1,-1,-1,-1,-1,-1,416,359,257,220,299,337,0,0,0,0,0,0,0,0,0,0,1,1,1,1,1,1
2026-07-03T20:05:17.014,tof2,4x4,side_left,2983,3254,3296,3302,-1,-1,-1,3501,-1,954,1545,-1,1063,816,-1,1049,1,1,1,1,1,1,1,1,0,1,1,1,1,1,1,1
2026-07-03T20:05:17.021,tof1,4x4,side_left,-1,-1,-1,-1,-1,-1,-1,-1,-1,-1,416,358,257,220,302,337,0,0,0,0,0,0,0,0,0,0,1,1,1,1,1,1
2026-07-03T20:05:17.188,tof2,4x4,side_left,3023,3257,-1,-1,-1,1457,-1,3501,1558,952,1551,-1,1059,816,1097,1050,1,1,0,1,0,1,0,1,1,1,1,0,1,1,1,1
2026-07-03T20:05:17.231,tof1,4x4,side_left,-1,-1,-1,-1,-1,-1,-1,-1,-1,-1,416,358,257,220,302,337,1,0,0,1,0,0,0,0,0,0,1,1,1,1,1,1
2026-07-03T20:05:17.376,tof2,4x4,side_left,3023,3261,-1,3304,-1,1457,-1,3455,-1,958,1545,-1,-1,816,-1,1049,1,1,0,1,0,1,1,1,1,1,1,0,1,1,1,1
2026-07-03T20:05:17.554,tof2,4x4,side_left,3023,3261,-1,-1,2118,1467,-1,3455,1566,959,1545,-1,1062,815,1097,1053,1,1,0,1,1,1,0,1,1,1,1,0,1,1,1,1
2026-07-03T20:05:17.737,tof2,4x4,side_left,3026,3261,-1,3308,-1,1467,-1,3457,-1,960,1545,-1,1060,815,1097,1044,1,1,0,1,1,1,0,1,1,1,1,0,1,1,1,1
2026-07-03T20:05:17.922,tof2,4x4,side_left,3026,3255,-1,3314,-1,1459,2147,3426,1640,959,1544,-1,1059,815,-1,1044,1,1,0,1,0,1,1,1,1,1,1,0,1,1,1,1
2026-07-03T20:05:18.089,tof2,4x4,side_left,2996,3255,-1,3308,2162,1459,-1,3457,-1,960,1544,-1,1058,-1,-1,1044,1,1,1,1,1,1,1,1,1,1,1,0,1,1,1,1
2026-07-03T20:05:18.147,tof1,4x4,side_left,-1,-1,-1,-1,-1,-1,-1,-1,-1,-1,414,358,257,221,301,337,0,0,0,1,0,0,0,0,0,0,1,1,1,1,1,1
2026-07-03T20:05:18.268,tof2,4x4,side_left,2968,3255,-1,3313,-1,1448,-1,3457,-1,959,1555,-1,1058,819,1094,1044,1,1,0,1,0,1,1,1,1,1,1,0,1,1,1,1
2026-07-03T20:05:18.344,tof1,4x4,side_left,-1,-1,-1,-1,-1,-1,-1,-1,-1,-1,414,358,257,222,302,338,0,0,0,0,0,0,0,0,0,0,1,1,1,1,1,1
2026-07-03T20:05:18.430,tof2,4x4,side_left,2968,3251,3301,3314,-1,1448,-1,3458,-1,964,1558,-1,-1,815,-1,1043,1,1,1,1,0,1,0,1,0,1,1,0,1,1,1,1
2026-07-03T20:05:18.530,tof1,4x4,side_left,-1,-1,-1,-1,-1,-1,-1,-1,-1,-1,414,358,257,222,302,338,0,0,0,0,0,0,0,0,0,0,1,1,1,1,1,1
2026-07-03T20:05:18.617,tof2,4x4,side_left,2968,3251,3296,3314,-1,1452,-1,3458,1640,947,1577,-1,1056,819,1094,1043,1,1,1,1,0,1,1,1,1,1,1,0,1,1,1,1
2026-07-03T20:05:18.710,tof1,4x4,side_left,-1,-1,-1,-1,-1,-1,-1,-1,-1,-1,415,358,257,223,301,338,0,0,0,0,0,0,0,0,0,0,1,1,1,1,1,1
2026-07-03T20:05:18.792,tof2,4x4,side_left,2987,3255,-1,3313,-1,1452,-1,3458,1635,967,1577,-1,1056,819,1094,1049,1,1,0,1,1,1,0,1,1,1,1,0,1,1,1,1
2026-07-03T20:05:18.894,tof1,4x4,side_left,-1,-1,-1,-1,-1,-1,-1,-1,-1,-1,415,359,258,224,301,338,0,0,0,0,0,0,0,0,0,0,1,1,1,1,1,1
2026-07-03T20:05:18.962,tof2,4x4,side_left,2987,3256,-1,3313,-1,1462,-1,3458,-1,947,1560,-1,1054,814,-1,1043,1,1,0,1,0,1,0,1,0,1,1,0,1,1,1,1
2026-07-03T20:05:19.066,tof1,4x4,side_left,-1,-1,-1,-1,-1,-1,-1,-1,-1,-1,415,359,258,224,302,338,0,0,0,0,0,0,0,0,0,0,1,1,1,1,1,1
2026-07-03T20:05:19.144,tof2,4x4,side_left,2987,3255,-1,3321,-1,1469,-1,3501,-1,951,1560,-1,1056,814,1102,1049,1,1,0,1,0,1,0,1,1,1,1,0,1,1,1,1
2026-07-03T20:05:19.248,tof1,4x4,side_left,-1,-1,-1,-1,483,-1,-1,-1,-1,-1,415,359,258,223,303,338,0,0,0,0,1,0,0,0,0,0,1,1,1,1,1,1
2026-07-03T20:05:19.313,tof2,4x4,side_left,-1,3255,3296,3305,-1,1474,-1,-1,-1,951,1540,-1,1050,814,1104,1049,1,1,1,1,0,1,0,0,0,1,1,0,1,1,1,1
2026-07-03T20:05:19.409,tof1,4x4,side_left,-1,-1,-1,-1,-1,-1,-1,-1,-1,-1,415,359,258,223,304,338,0,0,0,0,0,0,0,0,0,0,1,1,1,1,1,1
2026-07-03T20:05:19.478,tof2,4x4,side_left,2986,3255,-1,3303,-1,1478,-1,3501,-1,951,1540,-1,1055,814,-1,1045,1,1,0,1,1,1,0,1,1,1,1,0,1,1,1,1
2026-07-03T20:05:19.571,tof1,4x4,side_left,-1,-1,-1,-1,-1,-1,-1,-1,-1,-1,416,360,256,222,304,338,0,1,0,0,0,0,0,0,0,0,1,1,1,1,1,1
2026-07-03T20:05:19.658,tof2,4x4,side_left,2986,3255,-1,3303,-1,1474,-1,-1,1635,951,1552,-1,1049,814,1104,1044,1,1,1,1,0,1,0,1,1,1,1,1,1,1,1,1
2026-07-03T20:05:19.735,tof1,4x4,side_left,-1,-1,-1,-1,-1,-1,-1,-1,-1,-1,416,360,255,222,303,338,0,0,0,0,0,0,0,0,0,0,1,1,1,1,1,1
2026-07-03T20:05:19.820,tof2,4x4,side_left,2983,3248,-1,3303,-1,1474,-1,3473,1580,951,1551,1325,1049,815,1103,1044,1,1,0,1,0,1,1,1,1,1,1,1,1,1,1,1
2026-07-03T20:05:19.903,tof1,4x4,side_left,-1,-1,-1,-1,479,-1,-1,-1,-1,-1,416,360,255,221,304,338,0,0,0,0,1,0,0,0,0,0,1,1,1,1,1,1
2026-07-03T20:05:19.987,tof2,4x4,side_left,2983,3248,-1,3303,2162,1474,-1,3509,-1,953,1551,-1,1049,815,1103,1044,1,1,1,1,1,1,0,1,1,1,1,0,1,1,1,1
2026-07-03T20:05:20.069,tof1,4x4,side_left,-1,-1,-1,-1,-1,-1,-1,-1,-1,-1,416,359,255,221,304,338,0,0,0,0,0,0,0,0,0,0,1,1,1,1,1,1
2026-07-03T20:05:20.168,tof2,4x4,side_left,2959,3249,-1,3303,-1,-1,-1,3473,1562,953,1551,-1,1046,815,-1,1044,1,1,0,1,1,1,0,1,1,1,1,0,1,1,1,1
2026-07-03T20:05:20.231,tof1,4x4,side_left,-1,-1,-1,-1,-1,-1,-1,-1,-1,-1,416,359,254,224,304,339,0,0,0,0,0,0,0,0,0,0,1,1,1,1,1,1
2026-07-03T20:05:20.323,tof2,4x4,side_left,2989,3249,-1,3303,-1,1474,-1,3473,-1,962,-1,1325,1046,811,1096,1044,1,1,1,1,0,1,1,1,1,1,1,1,1,1,1,1
2026-07-03T20:05:20.407,tof1,4x4,side_left,-1,-1,-1,-1,-1,-1,-1,-1,-1,-1,415,359,255,224,304,339,0,0,0,0,0,0,0,0,0,0,1,1,1,1,1,1
2026-07-03T20:05:20.479,tof2,4x4,side_left,2974,3256,-1,3308,-1,-1,-1,3473,1562,960,1551,-1,1053,814,1096,1051,1,1,0,1,0,0,1,1,1,1,1,1,1,1,1,1
2026-07-03T20:05:20.605,tof1,4x4,side_left,-1,-1,-1,-1,-1,-1,-1,-1,-1,-1,414,358,254,224,304,338,0,0,0,0,0,0,0,0,0,0,1,1,1,1,1,1
2026-07-03T20:05:20.645,tof2,4x4,side_left,2974,3256,-1,3319,-1,-1,-1,-1,-1,962,1551,-1,1056,811,-1,1052,1,1,0,1,1,0,1,0,0,1,1,0,1,1,1,1
2026-07-03T20:05:20.773,tof1,4x4,side_left,-1,-1,-1,-1,-1,-1,-1,-1,-1,-1,414,359,254,224,303,338,0,0,0,0,0,0,0,0,0,0,1,1,1,1,1,1
2026-07-03T20:05:20.825,tof2,4x4,side_left,2953,3256,-1,3320,2099,-1,-1,3467,-1,962,1542,-1,1056,808,1097,1053,1,1,0,1,1,0,0,1,0,1,1,0,1,1,1,1
2026-07-03T20:05:20.941,tof1,4x4,side_left,-1,-1,-1,-1,-1,-1,-1,-1,-1,-1,414,359,254,224,303,338,0,0,0,0,0,0,0,0,0,0,1,1,1,1,1,1
2026-07-03T20:05:20.997,tof2,4x4,side_left,2974,3263,-1,3325,-1,-1,-1,3467,-1,962,-1,-1,1056,805,1097,1051,1,1,0,1,0,0,0,1,0,1,1,0,1,1,1,1
2026-07-03T20:05:21.100,tof1,4x4,side_left,-1,-1,-1,-1,-1,-1,462,-1,-1,-1,414,358,254,224,302,338,0,0,0,0,0,0,1,0,0,0,1,1,1,1,1,1
2026-07-03T20:05:21.158,tof2,4x4,side_left,2971,3259,3296,3330,-1,-1,-1,3467,-1,971,1551,-1,1054,803,1102,1053,1,1,1,1,1,0,0,1,1,1,1,0,1,1,1,1
2026-07-03T20:05:21.263,tof1,4x4,side_left,-1,-1,-1,-1,-1,-1,462,-1,-1,-1,414,359,254,224,301,338,1,0,0,0,0,0,1,0,0,0,1,1,1,1,1,1
2026-07-03T20:05:21.326,tof2,4x4,side_left,2971,3261,-1,3330,-1,-1,-1,3467,-1,971,1556,-1,1056,803,1102,1053,1,1,1,1,0,0,0,1,0,1,1,0,1,1,1,1
2026-07-03T20:05:21.427,tof1,4x4,side_left,-1,-1,-1,-1,-1,-1,-1,-1,-1,-1,416,359,254,224,301,337,0,0,0,0,0,0,0,0,0,0,1,1,1,1,1,1
2026-07-03T20:05:21.488,tof2,4x4,side_left,-1,3259,-1,3337,-1,-1,-1,3498,-1,961,1551,-1,1054,805,1102,1053,1,1,0,1,0,0,0,1,0,1,1,0,1,1,1,1
2026-07-03T20:05:21.601,tof1,4x4,side_left,-1,-1,-1,-1,-1,-1,-1,-1,-1,-1,417,358,254,224,301,338,0,0,0,1,0,0,1,0,0,0,1,1,1,1,1,1
2026-07-03T20:05:21.659,tof2,4x4,side_left,3040,3261,-1,-1,-1,-1,-1,3498,-1,961,1541,-1,1051,787,1105,1054,1,1,0,1,1,0,0,1,0,1,1,0,1,1,1,1
2026-07-03T20:05:21.797,tof1,4x4,side_left,-1,-1,-1,-1,-1,-1,-1,-1,-1,-1,417,358,254,221,301,337,0,0,0,0,0,0,0,0,0,0,1,1,1,1,1,1
2026-07-03T20:05:21.832,tof2,4x4,side_left,3040,3259,3301,3337,-1,-1,-1,-1,-1,961,-1,-1,1051,810,1105,1054,1,1,1,1,0,0,1,0,1,1,1,1,1,1,1,1
2026-07-03T20:05:21.967,tof1,4x4,side_left,-1,-1,-1,-1,-1,-1,-1,-1,-1,-1,418,359,256,221,301,337,0,0,0,0,0,0,0,0,0,0,1,1,1,1,1,1
2026-07-03T20:05:21.986,tof2,4x4,side_left,3011,3261,-1,3323,2154,-1,2147,3475,-1,961,1545,-1,1051,817,-1,1054,1,1,0,1,1,1,1,1,1,1,1,0,1,1,1,1
2026-07-03T20:05:22.210,tof2,4x4,side_left,3043,3251,-1,3320,-1,-1,-1,3498,-1,964,1541,1305,1050,817,-1,1054,1,1,0,1,0,0,0,1,0,1,1,1,1,1,1,1
2026-07-03T20:05:22.223,tof1,4x4,side_left,-1,-1,-1,-1,-1,-1,-1,-1,-1,-1,417,358,256,221,301,337,0,0,0,0,0,0,0,0,0,0,1,1,1,1,1,1
2026-07-03T20:05:22.374,tof2,4x4,side_left,3012,3253,-1,3319,-1,-1,-1,3481,-1,965,1537,-1,1051,-1,-1,1053,1,1,0,1,0,0,0,1,0,1,1,0,1,1,1,1
2026-07-03T20:05:22.386,tof1,4x4,side_left,-1,-1,-1,-1,-1,-1,-1,-1,-1,-1,416,359,256,221,305,338,0,0,0,0,0,0,0,0,0,0,1,1,1,1,1,1
2026-07-03T20:05:22.628,tof2,4x4,side_left,3012,3253,3295,3319,-1,-1,-1,3481,-1,965,1534,-1,1050,-1,1106,1053,1,1,1,1,0,0,0,1,0,1,1,1,1,1,1,1
2026-07-03T20:05:22.646,tof1,4x4,side_left,-1,-1,-1,-1,-1,-1,-1,-1,-1,-1,415,359,255,221,305,338,0,0,0,0,0,0,0,0,0,0,1,1,1,1,1,1
2026-07-03T20:05:22.806,tof2,4x4,side_left,3012,3257,-1,3319,-1,-1,-1,3481,-1,964,1537,-1,1053,-1,1108,1053,1,1,1,1,0,1,0,1,0,1,1,1,1,1,1,1
2026-07-03T20:05:22.852,tof1,4x4,side_left,-1,-1,-1,-1,-1,-1,459,-1,-1,-1,416,358,255,221,304,338,0,0,0,0,0,0,1,0,0,0,1,1,1,1,1,1
2026-07-03T20:05:22.964,tof2,4x4,side_left,3012,3257,-1,3319,-1,1474,-1,3492,1580,966,1537,-1,1053,818,1108,1052,1,1,1,1,1,1,0,1,1,1,1,0,1,1,1,1
2026-07-03T20:05:23.027,tof1,4x4,side_left,-1,-1,-1,-1,-1,-1,-1,-1,-1,-1,415,358,253,222,304,338,0,0,0,0,0,0,0,0,0,0,1,1,1,1,1,1
2026-07-03T20:05:23.131,tof2,4x4,side_left,3012,3257,-1,3326,-1,1467,-1,3481,-1,966,1557,-1,1056,821,-1,1052,1,1,1,1,0,1,0,1,0,1,1,1,1,1,1,1
2026-07-03T20:05:23.184,tof1,4x4,side_left,-1,-1,-1,-1,-1,-1,-1,-1,-1,-1,415,358,252,223,304,338,0,0,0,0,0,0,0,0,0,0,1,1,1,1,1,1
2026-07-03T20:05:23.301,tof2,4x4,side_left,3007,3257,-1,3326,-1,-1,-1,3492,-1,966,1559,-1,1061,834,1106,1052,1,1,0,1,1,1,0,1,0,1,1,0,1,1,1,1
2026-07-03T20:05:23.348,tof1,4x4,side_left,-1,-1,-1,-1,-1,-1,-1,-1,-1,-1,414,358,252,222,301,337,0,0,0,0,0,0,0,0,0,0,1,1,1,1,1,1
2026-07-03T20:05:23.468,tof2,4x4,side_left,2961,3257,3295,3317,-1,1463,2147,-1,-1,966,-1,-1,1066,-1,1106,1050,1,1,1,1,0,1,1,0,0,1,1,0,1,1,1,1
2026-07-03T20:05:23.507,tof1,4x4,side_left,-1,-1,-1,-1,-1,-1,-1,-1,-1,-1,413,358,251,222,301,337,0,0,0,0,0,0,0,0,0,0,1,1,1,1,1,1
2026-07-03T20:05:23.633,tof2,4x4,side_left,2993,3257,3295,3317,-1,1456,-1,-1,-1,966,1569,-1,1061,-1,1108,1044,1,1,1,1,0,1,0,1,1,1,1,0,1,1,1,1
2026-07-03T20:05:23.684,tof1,4x4,side_left,-1,-1,-1,-1,-1,-1,-1,-1,-1,-1,413,358,251,222,301,338,0,0,0,0,0,0,0,0,0,0,1,1,1,1,1,1
2026-07-03T20:05:23.786,tof2,4x4,side_left,2963,3261,3300,-1,-1,1456,-1,3494,-1,970,1569,-1,1061,845,-1,1050,1,1,1,1,0,1,0,1,0,1,1,0,1,1,1,1
2026-07-03T20:05:23.851,tof1,4x4,side_left,-1,-1,-1,-1,-1,-1,-1,-1,-1,-1,414,358,251,224,301,337,0,0,0,0,0,0,0,0,0,0,1,1,1,1,1,1
2026-07-03T20:05:23.965,tof2,4x4,side_left,2963,3261,-1,-1,-1,1456,-1,3494,-1,960,1572,-1,1066,847,1107,1050,1,1,0,1,0,1,0,1,0,1,1,0,1,1,1,1
2026-07-03T20:05:24.021,tof1,4x4,side_left,-1,-1,-1,-1,-1,-1,-1,-1,-1,-1,414,358,253,224,301,338,1,0,0,0,0,0,0,0,0,0,1,1,1,1,1,1
2026-07-03T20:05:24.126,tof2,4x4,side_left,2993,3257,-1,3317,-1,1458,2147,3489,-1,960,1572,-1,-1,847,1102,1052,1,1,0,1,0,1,1,1,0,1,1,0,1,1,1,1
2026-07-03T20:05:24.190,tof1,4x4,side_left,-1,-1,-1,-1,-1,-1,-1,-1,-1,-1,414,358,252,224,301,338,0,0,0,0,0,0,0,0,0,0,1,1,1,1,1,1
2026-07-03T20:05:24.297,tof2,4x4,side_left,3011,3252,3300,3310,2154,1458,-1,3489,1616,960,1572,-1,1061,849,1107,1052,1,1,1,1,1,1,0,1,1,1,1,0,1,1,1,1
2026-07-03T20:05:24.357,tof1,4x4,side_left,-1,-1,-1,-1,-1,-1,-1,-1,-1,-1,414,359,253,221,301,338,0,0,0,0,0,0,0,0,0,0,1,1,1,1,1,1
2026-07-03T20:05:24.487,tof2,4x4,side_left,3011,3256,-1,3310,-1,1461,-1,3450,-1,957,1562,-1,1061,847,1108,1052,1,1,1,1,0,1,0,1,0,1,1,0,1,1,1,1
2026-07-03T20:05:24.521,tof1,4x4,side_left,-1,-1,-1,-1,-1,-1,-1,-1,-1,-1,414,358,252,221,303,338,0,0,0,0,0,0,0,0,0,0,1,1,1,1,1,1
2026-07-03T20:05:24.645,tof2,4x4,side_left,3011,3256,-1,3310,2151,1472,-1,3450,-1,957,1562,-1,1061,844,-1,1053,1,1,0,1,1,1,1,1,1,1,1,0,1,1,1,1
2026-07-03T20:05:24.695,tof1,4x4,side_left,-1,-1,-1,-1,-1,-1,-1,-1,-1,-1,414,358,252,220,303,338,0,0,0,0,0,0,0,0,0,0,1,1,1,1,1,1
2026-07-03T20:05:24.811,tof2,4x4,side_left,3011,3251,-1,3310,-1,1472,-1,3455,-1,957,1562,-1,1061,-1,1109,1053,1,1,1,1,0,1,0,1,1,1,1,0,1,1,1,1
2026-07-03T20:05:24.899,tof1,4x4,side_left,-1,-1,-1,-1,478,-1,-1,-1,-1,-1,414,359,250,220,303,338,0,0,0,0,1,0,0,0,0,0,1,1,1,1,1,1
2026-07-03T20:05:24.979,tof2,4x4,side_left,-1,3256,-1,3313,-1,1461,-1,3448,1616,954,1546,-1,1061,-1,1109,1051,0,1,1,1,0,1,0,1,1,1,1,1,1,1,1,1
2026-07-03T20:05:25.053,tof1,4x4,side_left,-1,-1,-1,-1,-1,-1,-1,-1,-1,-1,414,359,245,220,304,337,0,0,0,0,0,0,0,0,0,0,1,1,1,1,1,1
2026-07-03T20:05:25.145,tof2,4x4,side_left,3020,3257,3320,3313,-1,1453,-1,3455,1655,954,1562,-1,1061,844,1109,1051,1,1,1,1,1,1,0,1,1,1,1,1,1,1,1,1
2026-07-03T20:05:25.213,tof1,4x4,side_left,-1,-1,-1,-1,-1,-1,-1,-1,-1,-1,414,359,245,220,304,337,0,0,0,0,0,0,0,0,0,0,1,1,1,1,1,1
2026-07-03T20:05:25.312,tof2,4x4,side_left,3011,3257,3320,3313,-1,1453,-1,3455,-1,954,-1,-1,1061,843,-1,1047,1,1,1,1,0,1,1,1,1,1,1,0,1,1,1,1
2026-07-03T20:05:25.393,tof1,4x4,side_left,-1,-1,-1,-1,-1,-1,-1,-1,-1,-1,414,359,250,220,303,337,1,0,1,0,0,0,0,0,0,0,1,1,1,1,1,1
2026-07-03T20:05:25.511,tof2,4x4,side_left,3048,3253,-1,3307,-1,1453,2148,3455,-1,954,1562,-1,1059,843,1109,1047,1,1,0,1,0,1,1,1,1,1,1,0,1,1,1,1
2026-07-03T20:05:25.564,tof1,4x4,side_left,-1,-1,-1,-1,-1,-1,-1,-1,-1,-1,416,359,252,221,303,338,0,0,0,0,0,0,0,0,0,0,1,1,1,1,1,1
2026-07-03T20:05:25.662,tof2,4x4,side_left,3048,3253,-1,3307,-1,1450,-1,-1,1657,962,1562,-1,1060,-1,1106,1047,1,1,0,1,0,1,0,0,1,1,1,0,1,1,1,1
2026-07-03T20:05:25.725,tof1,4x4,side_left,-1,-1,-1,-1,-1,-1,-1,-1,-1,-1,416,359,252,221,303,338,0,0,0,0,0,0,0,0,0,0,1,1,1,1,1,1
2026-07-03T20:05:25.831,tof2,4x4,side_left,-1,3253,-1,3307,-1,1457,2148,3465,-1,969,-1,-1,1060,843,1105,1043,0,1,0,1,0,1,1,1,1,1,1,0,1,1,1,1
2026-07-03T20:05:25.912,tof1,4x4,side_left,-1,-1,-1,-1,-1,-1,-1,-1,-1,-1,416,359,254,220,303,338,0,0,0,0,0,0,0,0,0,0,1,1,1,1,1,1
2026-07-03T20:05:26.008,tof2,4x4,side_left,3028,3247,-1,3318,-1,1475,-1,3465,-1,969,-1,-1,1060,843,1101,1051,1,1,0,1,0,1,0,1,1,1,1,1,1,1,1,1
2026-07-03T20:05:26.093,tof1,4x4,side_left,-1,-1,-1,-1,-1,-1,-1,-1,-1,-1,413,358,254,221,304,338,0,0,0,0,0,0,0,0,0,0,1,1,1,1,1,1
2026-07-03T20:05:26.179,tof2,4x4,side_left,2992,3247,-1,3318,-1,1461,-1,3472,1655,969,1562,-1,1059,838,-1,1051,1,1,1,1,0,1,0,1,1,1,1,0,1,1,1,1
2026-07-03T20:05:26.252,tof1,4x4,side_left,-1,-1,-1,-1,-1,-1,-1,-1,-1,-1,412,358,254,222,304,338,0,0,0,0,0,0,0,0,0,0,1,1,1,1,1,1
2026-07-03T20:05:26.345,tof2,4x4,side_left,3028,3253,-1,3318,2123,1461,-1,3478,1630,969,1569,1357,1060,-1,1101,1051,1,1,0,1,1,1,1,1,1,1,1,1,1,1,1,1
2026-07-03T20:05:26.422,tof1,4x4,side_left,-1,-1,-1,-1,-1,-1,-1,-1,-1,-1,412,357,254,222,304,337,1,0,0,0,0,0,0,0,0,0,1,1,1,1,1,1
2026-07-03T20:05:26.509,tof2,4x4,side_left,3028,3254,-1,3318,-1,1461,-1,3478,-1,969,1562,-1,1060,830,-1,1051,1,1,0,1,0,1,1,1,1,1,1,0,1,1,1,1
2026-07-03T20:05:26.580,tof1,4x4,side_left,-1,-1,-1,-1,-1,-1,-1,-1,-1,-1,412,357,254,225,304,337,0,0,0,0,0,0,0,0,0,0,1,1,1,1,1,1
2026-07-03T20:05:26.683,tof2,4x4,side_left,3037,3253,-1,3310,2151,-1,2148,-1,1630,978,1562,-1,1059,828,1106,1051,1,1,1,1,1,1,1,1,1,1,1,0,1,1,1,1
2026-07-03T20:05:26.757,tof1,4x4,side_left,-1,-1,-1,-1,-1,-1,-1,-1,-1,-1,412,357,252,226,302,337,0,0,0,0,0,0,0,0,0,0,1,1,1,1,1,1
2026-07-03T20:05:26.854,tof2,4x4,side_left,3037,3253,-1,3310,-1,1456,-1,-1,1628,966,1548,-1,1059,824,1101,1050,1,1,1,1,1,1,0,1,1,1,1,0,1,1,1,1
2026-07-03T20:05:26.920,tof1,4x4,side_left,-1,-1,-1,-1,-1,-1,-1,-1,-1,-1,411,357,251,227,302,338,0,0,0,0,0,0,0,0,0,0,1,1,1,1,1,1
2026-07-03T20:05:27.046,tof2,4x4,side_left,-1,3253,-1,-1,2138,1452,2157,3487,-1,965,1542,-1,1060,812,-1,1048,1,1,0,1,1,1,1,1,1,1,1,1,1,1,1,1
2026-07-03T20:05:27.091,tof1,4x4,side_left,-1,-1,-1,-1,-1,-1,-1,-1,-1,-1,411,357,251,227,302,336,0,0,0,0,0,0,0,0,0,0,1,1,1,1,1,1
2026-07-03T20:05:27.202,tof2,4x4,side_left,-1,3253,-1,3293,-1,1452,-1,3490,1628,951,1542,-1,1060,809,1104,1048,1,1,1,1,0,1,0,1,1,1,1,0,1,1,1,1
2026-07-03T20:05:27.266,tof1,4x4,side_left,-1,-1,-1,-1,-1,-1,-1,-1,-1,-1,412,357,252,227,302,336,0,0,0,0,0,0,0,0,0,0,1,1,1,1,1,1
2026-07-03T20:05:27.382,tof2,4x4,side_left,-1,3253,3309,3293,-1,1452,-1,3490,-1,951,1535,-1,1065,809,-1,1048,1,1,1,1,0,1,1,1,0,1,1,0,1,1,1,1
2026-07-03T20:05:27.425,tof1,4x4,side_left,-1,-1,-1,-1,-1,-1,-1,-1,-1,-1,416,358,257,227,302,338,0,0,0,0,0,0,0,0,0,0,1,1,1,1,1,1
2026-07-03T20:05:27.548,tof2,4x4,side_left,3037,3245,-1,3293,-1,1452,-1,3487,-1,951,-1,1307,1065,809,-1,1048,1,1,0,1,1,1,1,1,1,1,1,1,1,1,1,1
2026-07-03T20:05:27.584,tof1,4x4,side_left,-1,-1,-1,-1,-1,-1,-1,-1,-1,-1,417,359,257,220,287,339,0,0,0,0,0,0,0,0,0,0,1,1,1,1,1,1
2026-07-03T20:05:27.708,tof2,4x4,side_left,3039,3245,-1,3296,-1,1443,2158,3497,1613,-1,1535,-1,1065,823,1104,1054,1,1,0,1,0,1,1,1,1,1,1,0,1,1,1,1
2026-07-03T20:05:27.765,tof1,4x4,side_left,-1,-1,-1,-1,-1,-1,459,409,-1,251,417,357,257,218,284,336,0,0,0,0,0,0,1,1,0,1,1,1,1,1,1,1
2026-07-03T20:05:27.878,tof2,4x4,side_left,3005,3245,-1,3306,-1,1438,-1,3491,1580,1335,1535,-1,1065,830,1104,1054,1,1,0,1,1,1,1,1,1,1,1,1,1,1,1,1
2026-07-03T20:05:27.935,tof1,4x4,side_left,-1,-1,-1,-1,-1,-1,457,400,-1,250,417,356,261,216,262,336,0,0,0,0,0,0,1,1,0,1,1,1,1,1,1,1
2026-07-03T20:05:28.687,tof2,4x4,side_left,2993,3245,-1,3308,-1,1438,-1,3468,-1,1335,1558,-1,777,830,1104,1050,1,1,1,1,0,1,0,1,0,1,1,0,1,1,1,1
2026-07-03T20:05:29.693,tof1,4x4,side_left,-1,-1,-1,-1,-1,-1,447,391,-1,251,406,361,-1,216,259,266,0,0,0,0,0,0,1,1,0,1,1,1,0,1,1,1
2026-07-03T20:05:29.994,tof2,4x4,side_left,2993,3253,-1,3326,-1,1438,-1,3491,1580,-1,1559,-1,-1,861,1104,1049,1,1,1,1,0,1,0,1,1,0,1,0,1,1,1,1
2026-07-03T20:05:30.002,tof1,4x4,side_left,-1,-1,-1,-1,-1,436,436,373,-1,266,390,357,-1,216,259,266,0,0,0,0,0,1,1,1,0,1,1,1,1,1,1,1
2026-07-03T20:05:30.154,tof2,4x4,side_left,-1,3260,3309,3326,2138,1438,-1,3497,-1,-1,1613,-1,777,884,1094,1049,1,1,1,1,1,1,0,1,1,0,1,0,1,1,1,1
2026-07-03T20:05:30.171,tof1,4x4,side_left,-1,-1,-1,-1,-1,-1,429,373,-1,505,390,357,-1,273,259,266,1,0,0,0,0,0,1,1,0,1,1,1,0,1,1,1
2026-07-03T20:05:30.326,tof2,4x4,side_left,2972,3260,-1,3330,-1,1450,2170,3491,1659,-1,1613,-1,777,942,-1,1049,1,1,1,1,0,1,1,1,1,0,1,0,1,1,1,1
2026-07-03T20:05:30.338,tof1,4x4,side_left,-1,-1,-1,-1,-1,-1,429,373,-1,513,401,359,-1,275,259,267,0,0,0,0,0,0,1,1,0,1,1,1,0,1,1,1
2026-07-03T20:05:30.477,tof2,4x4,side_left,2972,3260,3309,3326,-1,1459,2173,3500,1628,-1,1613,-1,1072,947,990,1050,1,1,1,1,1,1,1,1,1,0,1,1,1,1,1,1
2026-07-03T20:05:30.530,tof1,4x4,side_left,-1,-1,-1,-1,-1,-1,429,373,-1,518,406,361,-1,276,259,269,0,0,0,0,0,0,1,1,0,1,1,1,0,1,1,1
2026-07-03T20:05:30.644,tof2,4x4,side_left,-1,3260,3309,3315,-1,-1,-1,-1,1648,-1,1611,-1,1072,947,974,1049,1,1,1,1,0,1,0,1,1,0,1,0,1,1,1,1
2026-07-03T20:05:30.716,tof1,4x4,side_left,-1,-1,-1,-1,-1,-1,429,378,-1,528,406,359,-1,288,257,281,0,0,0,0,0,0,1,1,0,1,1,1,0,1,1,1
2026-07-03T20:05:30.812,tof2,4x4,side_left,2974,3257,-1,3315,2172,1473,-1,3500,1659,-1,1611,-1,1072,947,973,1056,1,1,0,1,1,1,0,1,1,0,1,0,1,1,1,1
2026-07-03T20:05:30.870,tof1,4x4,side_left,-1,-1,-1,-1,-1,-1,437,380,-1,528,406,361,-1,288,257,281,0,0,0,0,0,0,1,1,0,1,1,1,0,1,1,1
2026-07-03T20:05:30.975,tof2,4x4,side_left,2998,3257,-1,3320,2172,1468,2193,3470,1648,-1,1611,-1,1065,947,974,1056,1,1,0,1,1,1,1,1,1,0,1,0,1,1,1,1
2026-07-03T20:05:31.030,tof1,4x4,side_left,-1,-1,-1,-1,-1,-1,437,380,-1,528,408,361,-1,288,257,283,0,0,0,0,0,0,1,1,0,1,1,1,1,1,1,1
2026-07-03T20:05:31.131,tof2,4x4,side_left,-1,3257,-1,3319,2155,1468,-1,3470,1628,-1,1616,1307,1065,947,973,1046,1,1,0,1,1,1,0,1,1,0,1,1,1,1,1,1
2026-07-03T20:05:31.193,tof1,4x4,side_left,-1,-1,-1,-1,-1,-1,437,380,-1,527,409,361,-1,285,279,283,0,0,0,0,0,0,1,1,0,1,1,1,0,1,1,1
2026-07-03T20:05:31.285,tof2,4x4,side_left,2990,3257,-1,3320,2155,1468,-1,3474,1609,1335,1616,-1,1063,947,972,1046,1,1,1,1,1,1,1,1,1,1,1,0,1,1,1,1
2026-07-03T20:05:31.359,tof1,4x4,side_left,-1,-1,-1,-1,-1,-1,438,380,-1,526,409,362,-1,285,283,281,0,0,0,0,0,0,1,1,0,1,1,1,1,1,1,1
2026-07-03T20:05:31.454,tof2,4x4,side_left,-1,3253,-1,3320,-1,1468,-1,3474,1609,-1,1616,-1,1063,947,969,1047,1,1,0,1,1,1,0,1,1,0,1,0,1,1,1,1
2026-07-03T20:05:31.518,tof1,4x4,side_left,-1,-1,-1,-1,-1,441,437,378,-1,526,409,362,-1,285,286,281,0,0,0,0,0,1,1,1,0,1,1,1,0,1,1,1
2026-07-03T20:05:31.613,tof2,4x4,side_left,2998,3257,-1,3320,-1,1447,-1,3475,1605,-1,1035,-1,1063,942,969,1043,1,1,0,1,0,1,1,1,1,0,1,0,1,1,1,1
2026-07-03T20:05:31.674,tof1,4x4,side_left,-1,-1,-1,-1,-1,-1,437,378,-1,526,409,362,-1,285,287,281,0,0,0,0,0,0,1,1,0,1,1,1,0,1,1,1
2026-07-03T20:05:31.767,tof2,4x4,side_left,2998,3253,-1,3319,-1,1447,-1,3475,-1,-1,1035,-1,1063,935,966,1047,1,1,0,1,0,1,0,1,1,0,1,0,1,1,1,1
2026-07-03T20:05:31.840,tof1,4x4,side_left,-1,-1,-1,-1,-1,-1,437,375,-1,524,408,361,267,291,288,281,0,0,0,0,0,0,1,1,0,1,1,1,1,1,1,1
2026-07-03T20:05:31.931,tof2,4x4,side_left,2998,3253,-1,3328,-1,-1,-1,3481,1609,1029,1020,-1,1063,891,956,1047,1,1,1,1,1,1,0,1,1,1,1,0,1,1,1,1
2026-07-03T20:05:31.995,tof1,4x4,side_left,-1,-1,-1,-1,-1,-1,437,372,-1,524,403,360,-1,297,288,281,1,0,0,0,0,0,1,1,0,1,1,1,0,1,1,1
2026-07-03T20:05:32.086,tof2,4x4,side_left,3001,3253,-1,3301,-1,-1,-1,3481,-1,1011,1035,-1,-1,833,947,1047,1,1,0,1,1,0,0,1,1,1,1,0,1,1,1,1
2026-07-03T20:05:32.148,tof1,4x4,side_left,-1,-1,-1,-1,-1,446,437,372,-1,524,403,360,-1,297,293,281,0,0,0,0,0,1,1,1,0,1,1,1,1,1,1,1
2026-07-03T20:05:32.275,tof2,4x4,side_left,-1,3253,-1,3328,2155,-1,-1,-1,1645,966,1599,-1,1063,829,956,1044,0,1,1,1,1,0,0,0,1,1,1,0,1,1,1,1
2026-07-03T20:05:32.326,tof1,4x4,side_left,-1,-1,-1,-1,-1,-1,435,370,-1,519,403,360,-1,291,296,281,1,0,0,0,0,0,1,1,0,1,1,1,0,1,1,1
2026-07-03T20:05:32.423,tof2,4x4,side_left,3039,3253,-1,3318,-1,-1,-1,-1,1649,966,1610,-1,-1,821,956,1049,1,1,0,1,0,0,0,0,1,1,1,0,1,1,1,1
2026-07-03T20:05:32.495,tof1,4x4,side_left,-1,-1,-1,-1,-1,443,433,372,-1,519,405,359,-1,291,297,280,0,0,0,0,0,1,1,1,0,1,1,1,0,1,1,1
2026-07-03T20:05:32.586,tof2,4x4,side_left,3025,3254,-1,3332,-1,-1,2220,3481,1645,964,1612,-1,-1,821,943,1049,1,1,0,1,1,0,1,1,1,1,1,0,1,1,1,1
2026-07-03T20:05:32.656,tof1,4x4,side_left,-1,-1,-1,-1,-1,-1,-1,377,-1,527,405,360,-1,291,297,279,0,0,0,0,0,0,0,1,0,1,1,1,1,1,1,1
2026-07-03T20:05:32.733,tof2,4x4,side_left,3025,3257,3309,3318,-1,-1,-1,3480,1645,952,1612,-1,1068,819,943,1050,1,1,1,1,1,1,1,1,1,1,1,0,1,1,1,1
2026-07-03T20:05:32.833,tof1,4x4,side_left,-1,-1,-1,-1,-1,-1,-1,377,-1,527,407,360,-1,289,296,279,0,0,0,0,0,0,0,1,0,1,1,1,0,1,1,1
2026-07-03T20:05:32.893,tof2,4x4,side_left,3025,3257,-1,3320,-1,-1,2220,3480,1599,964,1610,-1,1068,819,-1,1051,1,1,0,1,0,0,1,1,1,1,1,0,1,1,1,1
2026-07-03T20:05:33.000,tof1,4x4,side_left,-1,-1,-1,-1,-1,-1,-1,-1,-1,527,408,360,-1,290,296,279,0,0,0,0,0,0,0,0,0,1,1,1,0,1,1,1
2026-07-03T20:05:33.042,tof2,4x4,side_left,3016,3257,-1,3320,2155,-1,-1,3480,1542,961,1596,-1,1068,814,-1,1051,1,1,0,1,1,0,1,1,1,1,1,0,1,1,1,1
2026-07-03T20:05:33.170,tof1,4x4,side_left,-1,-1,-1,-1,-1,440,433,-1,-1,532,409,360,-1,289,295,279,0,0,0,0,0,1,1,0,0,1,1,1,0,1,1,1
2026-07-03T20:05:33.238,tof2,4x4,side_left,3016,3257,-1,3329,2157,1450,2220,3501,1542,961,1596,-1,1068,811,956,1050,1,1,0,1,1,1,1,1,1,1,1,0,1,1,1,1
2026-07-03T20:05:33.329,tof1,4x4,side_left,-1,-1,-1,-1,-1,-1,-1,-1,-1,537,412,361,-1,288,295,279,1,0,0,1,0,0,0,0,0,1,1,1,0,1,1,1
2026-07-03T20:05:33.410,tof2,4x4,side_left,2988,3257,-1,3326,-1,-1,-1,3501,1542,969,1581,-1,-1,814,-1,1058,1,1,1,1,0,0,0,1,1,1,1,0,1,1,1,1
2026-07-03T20:05:33.485,tof1,4x4,side_left,-1,-1,-1,-1,-1,-1,-1,-1,-1,540,412,361,-1,289,296,279,0,0,0,0,0,0,0,0,0,1,1,1,1,1,1,1
2026-07-03T20:05:33.569,tof2,4x4,side_left,2988,3257,-1,3326,-1,-1,-1,3501,1542,969,1581,-1,1068,814,-1,1048,1,1,1,1,0,0,0,1,1,1,1,1,1,1,1,1
2026-07-03T20:05:33.634,tof1,4x4,side_left,-1,-1,-1,-1,-1,-1,439,-1,-1,540,413,361,-1,288,297,279,0,0,0,0,0,0,1,0,0,1,1,1,0,1,1,1
2026-07-03T20:05:33.726,tof2,4x4,side_left,2988,3258,-1,3326,-1,-1,2205,3501,1661,968,1584,-1,1066,813,-1,1048,1,1,0,1,1,1,1,1,1,1,1,0,1,1,1,1
2026-07-03T20:05:33.796,tof1,4x4,side_left,-1,-1,-1,-1,-1,-1,-1,-1,-1,542,412,361,-1,288,298,279,0,0,0,0,0,0,0,0,0,1,1,1,0,1,1,1
2026-07-03T20:05:33.887,tof2,4x4,side_left,3038,3257,-1,3326,-1,1450,2183,3482,-1,969,1584,-1,1066,813,959,1049,1,1,0,1,0,1,1,1,0,1,1,0,1,1,1,1
2026-07-03T20:05:33.957,tof1,4x4,side_left,-1,-1,-1,-1,-1,-1,-1,-1,-1,542,413,361,-1,288,298,278,0,0,0,0,0,0,0,0,0,1,1,1,0,1,1,1
2026-07-03T20:05:34.043,tof2,4x4,side_left,2988,3258,-1,3312,-1,1468,-1,3471,1661,969,1584,-1,-1,814,982,1056,1,1,1,1,0,1,0,1,1,1,1,0,1,1,1,1
2026-07-03T20:05:34.119,tof1,4x4,side_left,-1,-1,-1,-1,-1,440,440,-1,-1,535,412,361,283,289,298,279,0,0,0,0,0,1,1,0,0,1,1,1,1,1,1,1
2026-07-03T20:05:34.199,tof2,4x4,side_left,3013,3261,3316,3306,2157,1468,2166,3471,1661,973,1584,-1,1066,814,-1,1049,1,1,1,1,1,1,1,1,1,1,1,0,1,1,1,1
2026-07-03T20:05:34.287,tof1,4x4,side_left,-1,-1,-1,-1,-1,-1,441,379,-1,535,415,361,-1,287,298,279,0,0,0,0,0,0,1,1,0,1,1,1,0,1,1,1
2026-07-03T20:05:34.354,tof2,4x4,side_left,3038,3261,-1,3306,-1,1468,2165,3465,-1,973,1584,-1,1066,821,-1,1049,1,1,1,1,0,1,1,1,1,1,1,0,1,1,1,1
2026-07-03T20:05:34.477,tof1,4x4,side_left,-1,-1,-1,-1,-1,-1,441,-1,-1,538,413,361,-1,287,298,279,0,0,0,0,0,0,1,0,0,1,1,1,0,1,1,1
2026-07-03T20:05:34.517,tof2,4x4,side_left,3013,3261,-1,-1,-1,1470,2165,3482,1661,976,1588,-1,1066,821,-1,1049,1,1,0,1,1,1,1,1,1,1,1,1,1,1,1,1
2026-07-03T20:05:34.640,tof1,4x4,side_left,-1,-1,-1,-1,-1,-1,-1,-1,-1,535,413,361,1046,287,298,278,0,0,0,0,0,0,0,0,0,1,1,1,1,1,1,1
2026-07-03T20:05:34.671,tof2,4x4,side_left,3003,3261,-1,3306,-1,1477,2165,3524,1667,973,1588,-1,1061,821,-1,1046,1,1,0,1,0,1,1,1,1,1,1,0,1,1,1,1
2026-07-03T20:05:34.833,tof2,4x4,side_left,3003,3263,-1,3306,2157,1477,2211,3524,1649,959,1588,-1,1059,815,-1,1046,1,1,1,1,1,1,1,1,1,1,1,0,1,1,1,1
2026-07-03T20:05:34.852,tof1,4x4,side_left,-1,-1,-1,-1,-1,-1,-1,-1,-1,535,412,361,-1,287,299,277,0,0,0,0,0,0,0,0,0,1,1,1,0,1,1,1
2026-07-03T20:05:34.982,tof2,4x4,side_left,2996,3255,-1,3300,-1,1477,-1,3483,1571,959,1596,-1,-1,813,982,1046,1,1,0,1,1,1,0,1,1,1,1,0,1,1,1,1
2026-07-03T20:05:35.020,tof1,4x4,side_left,-1,-1,-1,-1,-1,-1,-1,-1,-1,538,410,361,-1,287,301,277,0,0,0,0,0,0,0,0,0,1,1,1,0,1,1,1
2026-07-03T20:05:35.152,tof2,4x4,side_left,2996,3257,-1,3300,-1,1477,2211,3483,1636,959,1590,-1,1057,812,-1,1047,1,1,1,1,0,1,1,1,1,1,1,1,1,1,1,1
2026-07-03T20:05:35.213,tof1,4x4,side_left,-1,-1,-1,-1,-1,-1,-1,-1,-1,538,409,361,-1,287,301,276,0,0,0,0,0,0,0,0,0,1,1,1,1,1,1,1
2026-07-03T20:05:35.331,tof2,4x4,side_left,3003,3255,3316,3322,-1,1470,2211,3471,1570,959,1590,-1,1057,812,994,1047,1,1,1,1,0,1,1,1,1,1,1,0,1,1,1,1
2026-07-03T20:05:35.365,tof1,4x4,side_left,-1,-1,-1,-1,-1,439,441,-1,-1,535,408,361,-1,289,301,276,0,0,0,0,0,1,1,0,0,1,1,1,0,1,1,1
2026-07-03T20:05:35.499,tof2,4x4,side_left,3006,3253,-1,3328,-1,1469,-1,3467,-1,963,1602,-1,1057,812,-1,1056,1,1,0,1,0,1,1,1,1,1,1,1,1,1,1,1
2026-07-03T20:05:35.522,tof1,4x4,side_left,-1,-1,-1,-1,-1,-1,-1,379,-1,534,408,361,-1,289,301,276,0,0,0,0,0,0,0,1,0,1,1,1,0,1,1,1
2026-07-03T20:05:35.665,tof2,4x4,side_left,3006,3251,-1,3322,2137,1464,2192,3452,-1,963,1608,-1,1057,812,994,1056,1,1,0,1,1,1,1,1,1,1,1,1,1,1,1,1
2026-07-03T20:05:35.695,tof1,4x4,side_left,-1,-1,-1,-1,-1,-1,440,-1,-1,539,408,361,-1,291,301,276,1,0,0,0,0,0,1,0,0,1,1,1,1,1,1,1
2026-07-03T20:05:35.828,tof2,4x4,side_left,3021,3250,-1,3328,-1,1458,-1,3452,1568,960,1590,-1,1057,817,-1,1056,1,1,1,1,1,1,1,1,1,1,1,0,1,1,1,1
2026-07-03T20:05:35.856,tof1,4x4,side_left,-1,-1,-1,-1,-1,-1,441,-1,-1,537,408,361,-1,291,301,276,0,0,0,0,0,0,1,0,0,1,1,1,0,1,1,1
2026-07-03T20:05:35.985,tof2,4x4,side_left,3021,3250,-1,3343,-1,1458,2132,3452,-1,960,1588,1307,1058,817,-1,1046,1,1,0,1,0,1,1,1,1,1,1,1,1,1,1,1
2026-07-03T20:05:36.051,tof1,4x4,side_left,-1,-1,-1,-1,-1,-1,441,-1,-1,530,408,360,-1,291,300,276,0,0,0,0,0,0,1,0,0,1,1,1,0,1,1,1
2026-07-03T20:05:36.146,tof2,4x4,side_left,2981,3250,-1,3328,2122,1450,-1,3459,-1,960,1611,-1,1060,817,-1,1056,1,1,0,1,1,1,1,1,1,1,1,1,1,1,1,1
2026-07-03T20:05:36.205,tof1,4x4,side_left,-1,-1,-1,-1,-1,-1,-1,-1,-1,530,409,361,-1,290,301,278,0,0,0,0,0,0,0,0,0,1,1,1,0,1,1,1
2026-07-03T20:05:36.306,tof2,4x4,side_left,2951,3257,-1,3320,-1,1450,-1,3459,1570,959,1611,-1,1061,819,-1,1046,1,1,0,1,1,1,0,1,1,1,1,0,1,1,1,1
2026-07-03T20:05:36.373,tof1,4x4,side_left,-1,-1,-1,-1,-1,-1,-1,-1,-1,530,410,362,-1,289,301,278,1,0,0,0,0,0,0,0,0,1,1,1,0,1,1,1
2026-07-03T20:05:36.475,tof2,4x4,side_left,-1,3257,-1,3339,-1,1450,-1,3468,-1,959,1622,-1,1061,819,-1,-1,1,1,0,1,0,1,0,1,1,1,1,0,1,1,1,1
2026-07-03T20:05:36.548,tof1,4x4,side_left,-1,-1,-1,-1,-1,-1,-1,-1,-1,530,410,362,-1,289,301,278,0,0,0,0,0,0,0,0,0,1,1,1,0,1,1,1
2026-07-03T20:05:36.625,tof2,4x4,side_left,2977,3257,-1,3320,2120,1459,2132,3486,1568,959,1622,1356,1063,819,-1,1047,1,1,1,1,1,1,1,1,1,1,1,1,1,1,1,1
2026-07-03T20:05:36.729,tof1,4x4,side_left,3359,-1,-1,-1,-1,-1,442,-1,-1,530,411,362,-1,289,301,278,1,0,0,0,0,0,1,0,0,1,1,1,0,1,1,1
2026-07-03T20:05:36.782,tof2,4x4,side_left,2977,3257,-1,3320,-1,1468,-1,3502,-1,954,1622,-1,1063,819,-1,1047,1,1,1,1,0,1,0,1,1,1,1,0,1,1,1,1
2026-07-03T20:05:36.891,tof1,4x4,side_left,-1,-1,-1,-1,-1,433,442,-1,-1,535,411,362,-1,292,301,276,0,0,0,0,0,1,1,0,0,1,1,1,0,1,1,1
2026-07-03T20:05:36.959,tof2,4x4,side_left,2977,3253,-1,3320,-1,1476,2192,3521,-1,954,1612,-1,1064,820,-1,1051,1,1,0,1,0,1,1,1,1,1,1,0,1,1,1,1
2026-07-03T20:05:37.053,tof1,4x4,side_left,-1,-1,-1,-1,-1,-1,443,-1,-1,535,411,362,-1,292,301,275,0,0,0,0,0,0,1,0,0,1,1,1,0,1,1,1
2026-07-03T20:05:37.129,tof2,4x4,side_left,2983,3253,-1,3320,-1,1476,-1,-1,1568,955,1605,-1,-1,819,975,1047,1,1,0,1,0,1,0,0,1,1,1,0,1,1,1,1
2026-07-03T20:05:37.213,tof1,4x4,side_left,-1,-1,-1,-1,-1,-1,446,-1,-1,541,411,361,-1,292,299,276,0,0,0,0,0,0,1,0,0,1,1,1,1,1,1,1
2026-07-03T20:05:37.297,tof2,4x4,side_left,3014,3255,-1,3320,2120,-1,-1,3502,1575,954,1598,-1,1064,819,971,1050,1,1,1,1,1,1,1,1,1,1,1,0,1,1,1,1
2026-07-03T20:05:37.381,tof1,4x4,side_left,-1,-1,-1,-1,-1,-1,445,-1,-1,536,412,361,-1,291,297,277,0,0,0,0,0,0,1,0,0,1,1,1,0,1,1,1
2026-07-03T20:05:37.458,tof2,4x4,side_left,3017,3253,-1,3325,-1,1476,-1,3502,-1,953,1598,1356,1061,821,-1,1050,1,1,0,1,0,1,0,1,1,1,1,1,1,1,1,1
2026-07-03T20:05:37.543,tof1,4x4,side_left,-1,-1,-1,-1,-1,-1,-1,-1,-1,539,412,361,-1,289,299,277,0,0,0,0,0,0,0,0,0,1,1,1,0,1,1,1
2026-07-03T20:05:37.623,tof2,4x4,side_left,3014,3255,-1,3329,-1,1482,2198,3524,1617,945,1598,-1,1061,822,-1,1050,1,1,0,1,0,1,1,1,1,1,1,1,1,1,1,1
2026-07-03T20:05:37.707,tof1,4x4,side_left,-1,-1,-1,-1,-1,-1,445,-1,-1,539,412,363,-1,289,299,277,0,0,0,0,0,0,1,0,0,1,1,1,0,1,1,1
2026-07-03T20:05:37.791,tof2,4x4,side_left,3017,3258,3287,3327,-1,1475,-1,3524,-1,945,1598,1356,1061,824,-1,1048,1,1,1,1,0,1,1,1,0,1,1,1,1,1,1,1
2026-07-03T20:05:37.869,tof1,4x4,side_left,-1,-1,-1,-1,-1,-1,445,-1,-1,541,413,363,-1,289,299,278,0,0,0,0,0,0,1,0,0,1,1,1,0,1,1,1
2026-07-03T20:05:37.947,tof2,4x4,side_left,3023,3258,3287,3327,-1,1467,2198,3486,-1,945,1598,-1,1061,824,-1,1048,1,1,1,1,1,1,1,1,1,1,1,0,1,1,1,1
2026-07-03T20:05:38.390,tof1,4x4,side_left,-1,-1,-1,-1,-1,-1,443,-1,-1,539,413,363,-1,289,299,277,0,0,0,0,0,0,1,0,0,1,1,1,0,1,1,1
2026-07-03T20:05:38.393,tof2,4x4,side_left,-1,3256,-1,3325,2120,1467,2207,3483,1636,956,1589,-1,1064,822,-1,1045,1,1,1,1,1,1,1,1,1,1,1,0,1,1,1,1
2026-07-03T20:05:38.537,tof1,4x4,side_left,-1,-1,-1,-1,-1,-1,443,-1,-1,539,413,363,-1,287,300,277,0,0,0,0,0,0,1,0,0,1,1,1,1,1,1,1
2026-07-03T20:05:38.565,tof2,4x4,side_left,3042,3259,3298,3327,-1,-1,2198,3472,-1,961,1589,1356,1064,822,-1,1045,1,1,1,1,1,1,1,1,1,1,1,1,1,1,1,1
2026-07-03T20:05:38.729,tof1,4x4,side_left,-1,-1,-1,-1,-1,433,442,-1,-1,536,413,362,-1,289,300,277,0,0,0,0,0,1,1,0,0,1,1,1,0,1,1,1
2026-07-03T20:05:38.761,tof2,4x4,side_left,-1,3256,-1,3327,2122,-1,2158,3472,-1,975,1598,-1,-1,822,-1,1043,1,1,0,1,1,1,1,1,1,1,1,0,1,1,1,1
2026-07-03T20:05:38.895,tof1,4x4,side_left,-1,-1,-1,-1,-1,-1,442,-1,-1,536,411,362,-1,286,300,277,0,0,0,0,0,0,1,0,0,1,1,1,0,1,1,1
2026-07-03T20:05:38.933,tof2,4x4,side_left,3023,3256,-1,3313,2125,1465,-1,3475,-1,975,1610,-1,1063,822,-1,1043,1,1,1,1,1,1,0,1,1,1,1,0,1,1,1,1
2026-07-03T20:05:39.078,tof1,4x4,side_left,-1,-1,-1,-1,-1,433,441,-1,-1,536,411,362,-1,285,299,277,0,0,0,0,0,1,1,0,0,1,1,1,0,1,1,1
2026-07-03T20:05:39.113,tof2,4x4,side_left,3023,3260,-1,3313,-1,1465,2158,3475,1636,961,1610,-1,1064,822,-1,1047,1,1,1,1,0,1,1,1,1,1,1,1,1,1,1,1
2026-07-03T20:05:39.240,tof1,4x4,side_left,-1,-1,-1,-1,-1,-1,441,-1,-1,528,410,362,-1,285,299,277,0,0,0,0,0,0,1,0,0,1,1,1,0,1,1,1
2026-07-03T20:05:39.278,tof2,4x4,side_left,3009,3260,-1,3332,-1,-1,2154,3475,-1,970,1610,-1,1069,822,-1,1048,1,1,0,1,1,1,1,1,1,1,1,0,1,1,1,1
2026-07-03T20:05:39.413,tof1,4x4,side_left,-1,-1,-1,-1,-1,-1,-1,-1,-1,524,410,362,-1,285,299,277,0,0,0,0,0,0,0,0,0,1,1,1,1,1,1,1
2026-07-03T20:05:39.452,tof2,4x4,side_left,3009,3260,-1,3310,-1,1465,2154,3484,-1,975,1610,-1,1068,822,-1,1048,1,1,0,1,1,1,1,1,1,1,1,0,1,1,1,1
2026-07-03T20:05:39.587,tof1,4x4,side_left,-1,-1,-1,-1,-1,-1,-1,-1,-1,528,409,361,-1,281,299,277,0,0,0,0,0,0,0,0,0,1,1,1,0,1,1,1
2026-07-03T20:05:39.615,tof2,4x4,side_left,2994,3260,-1,3308,-1,1477,-1,3484,-1,975,1595,-1,1068,822,975,1048,1,1,1,1,0,1,1,1,0,1,1,0,1,1,1,1
2026-07-03T20:05:39.768,tof1,4x4,side_left,-1,-1,-1,-1,-1,-1,-1,-1,-1,528,410,361,-1,281,301,278,0,0,0,0,0,0,0,0,0,1,1,1,0,1,1,1
2026-07-03T20:05:39.800,tof2,4x4,side_left,2979,3263,3298,3306,-1,1470,2150,3489,1640,970,1595,-1,1068,820,-1,1048,1,1,1,1,0,1,1,1,1,1,1,0,1,1,1,1
2026-07-03T20:05:39.936,tof1,4x4,side_left,-1,-1,-1,-1,-1,-1,-1,-1,-1,536,410,361,-1,287,301,279,0,0,0,0,0,0,0,0,0,1,1,1,0,1,1,1
2026-07-03T20:05:39.962,tof2,4x4,side_left,2994,3261,-1,3302,-1,1477,-1,3489,1648,970,1585,-1,1063,815,975,1050,1,1,0,1,1,1,0,1,1,1,1,1,1,1,1,1
2026-07-03T20:05:40.093,tof1,4x4,side_left,-1,-1,-1,-1,-1,-1,-1,-1,-1,540,410,361,-1,287,301,279,0,0,0,0,0,0,0,0,0,1,1,1,0,1,1,1
2026-07-03T20:05:40.140,tof2,4x4,side_left,3011,3261,3318,3297,-1,-1,2181,3493,1640,967,1595,-1,1063,820,985,1050,1,1,1,1,0,1,1,1,1,1,1,0,1,1,1,1
2026-07-03T20:05:40.283,tof1,4x4,side_left,-1,-1,-1,-1,-1,-1,-1,-1,-1,540,410,361,-1,287,301,281,0,0,0,0,0,0,0,0,0,1,1,1,1,1,1,1
2026-07-03T20:05:40.311,tof2,4x4,side_left,3011,3261,-1,3297,-1,1477,-1,3489,-1,961,1567,-1,1063,817,-1,1041,1,1,1,1,0,1,0,1,1,1,1,0,1,1,1,1
2026-07-03T20:05:40.438,tof1,4x4,side_left,-1,-1,-1,-1,-1,-1,-1,-1,-1,541,410,362,-1,288,302,281,0,0,0,0,0,0,0,0,0,1,1,1,0,1,1,1
2026-07-03T20:05:40.488,tof2,4x4,side_left,3024,3261,-1,3302,2145,1477,2150,3489,1614,961,1597,-1,1063,817,985,1044,1,1,0,1,1,1,1,1,1,1,1,1,1,1,1,1
2026-07-03T20:05:40.605,tof1,4x4,side_left,-1,-1,-1,-1,-1,-1,445,-1,-1,540,410,362,-1,288,301,279,0,0,0,0,0,0,1,0,0,1,1,1,0,1,1,1
2026-07-03T20:05:40.662,tof2,4x4,side_left,3024,3261,-1,3302,-1,1470,-1,3486,-1,958,1565,-1,1063,821,-1,1044,1,1,0,1,0,1,0,1,1,1,1,0,1,1,1,1
2026-07-03T20:05:40.779,tof1,4x4,side_left,-1,-1,-1,-1,-1,-1,-1,-1,-1,537,410,361,1072,289,301,279,1,0,0,0,0,0,0,0,0,1,1,1,1,1,1,1
2026-07-03T20:05:40.853,tof2,4x4,side_left,3024,3261,3319,3306,2145,1469,-1,3486,1574,961,1596,-1,1064,821,985,1043,1,1,1,1,1,1,0,1,1,1,1,0,1,1,1,1
2026-07-03T20:05:40.951,tof1,4x4,side_left,-1,-1,-1,-1,-1,-1,-1,-1,-1,537,410,362,-1,289,301,278,0,0,0,0,0,0,0,0,0,1,1,1,1,1,1,1
2026-07-03T20:05:41.009,tof2,4x4,side_left,3018,3261,-1,3318,-1,1469,-1,3467,-1,964,1596,-1,-1,821,-1,1044,1,1,1,1,0,1,1,1,1,1,1,1,1,1,1,1
2026-07-03T20:05:41.113,tof1,4x4,side_left,-1,-1,-1,-1,-1,-1,445,-1,-1,537,411,362,-1,290,301,278,0,0,0,0,0,0,1,0,0,1,1,1,0,1,1,1
2026-07-03T20:05:41.171,tof2,4x4,side_left,3009,3264,-1,3318,2125,1469,2181,3486,1574,964,1611,-1,1069,821,-1,1051,1,1,0,1,1,1,1,1,1,1,1,0,1,1,1,1
2026-07-03T20:05:41.270,tof1,4x4,side_left,-1,-1,-1,-1,-1,-1,-1,-1,-1,537,411,362,-1,290,300,278,0,0,0,0,0,0,0,0,0,1,1,1,0,1,1,1
2026-07-03T20:05:41.558,tof1,4x4,side_left,-1,-1,-1,-1,-1,-1,445,-1,-1,533,412,362,-1,291,300,279,0,0,0,0,0,0,1,0,0,1,1,1,0,1,1,1
2026-07-03T20:05:41.568,tof2,4x4,side_left,2986,3264,-1,3318,2124,-1,-1,3471,1568,967,1611,1356,-1,821,-1,1051,1,1,0,1,1,0,1,1,1,1,1,1,1,1,1,1
2026-07-03T20:05:41.712,tof1,4x4,side_left,-1,-1,-1,-1,-1,-1,-1,-1,-1,535,412,362,-1,291,301,279,0,0,0,1,0,0,0,0,0,1,1,1,0,1,1,1
2026-07-03T20:05:41.747,tof2,4x4,side_left,2975,3264,-1,3321,2120,-1,2181,3471,-1,967,1611,-1,1069,819,974,1047,1,1,0,1,1,0,1,1,0,1,1,0,1,1,1,1
2026-07-03T20:05:41.872,tof1,4x4,side_left,-1,-1,-1,2178,-1,-1,445,-1,-1,535,412,362,-1,291,300,279,0,0,0,1,0,0,1,0,0,1,1,1,0,1,1,1
2026-07-03T20:05:41.941,tof2,4x4,side_left,2975,3257,-1,3330,-1,-1,2192,-1,-1,964,1611,-1,-1,815,968,1051,1,1,0,1,1,0,1,0,1,1,1,0,1,1,1,1
2026-07-03T20:05:42.033,tof1,4x4,side_left,-1,-1,-1,-1,-1,-1,445,-1,-1,539,412,362,-1,291,300,278,0,0,0,0,0,1,1,0,0,1,1,1,1,1,1,1
2026-07-03T20:05:42.135,tof2,4x4,side_left,2975,3257,-1,3330,-1,-1,-1,3450,1574,964,1586,-1,-1,819,964,1047,1,1,0,1,0,0,0,1,1,1,1,0,1,1,1,1
2026-07-03T20:05:42.191,tof1,4x4,side_left,-1,-1,-1,-1,-1,433,445,-1,-1,537,412,363,1094,291,300,278,0,0,0,0,0,1,1,0,0,1,1,1,1,1,1,1
2026-07-03T20:05:42.288,tof2,4x4,side_left,-1,3256,-1,3309,-1,-1,-1,3471,-1,964,1579,-1,1062,819,968,1047,1,1,0,1,0,0,1,1,0,1,1,0,1,1,1,1
2026-07-03T20:05:42.349,tof1,4x4,side_left,-1,-1,-1,-1,-1,-1,449,-1,-1,537,412,363,-1,291,300,278,1,0,0,0,0,0,1,0,0,1,1,1,0,1,1,1
2026-07-03T20:05:42.452,tof2,4x4,side_left,3020,3255,-1,3297,-1,-1,-1,3470,1592,961,1575,-1,1062,819,-1,1048,1,1,0,1,1,1,0,1,1,1,1,0,1,1,1,1
2026-07-03T20:05:42.517,tof1,4x4,side_left,-1,-1,-1,-1,-1,-1,452,-1,-1,537,411,362,1072,291,300,278,0,0,0,1,0,0,1,0,0,1,1,1,1,1,1,1
2026-07-03T20:05:42.613,tof2,4x4,side_left,-1,3255,-1,3297,2115,-1,-1,-1,-1,961,1575,-1,1062,818,-1,1051,0,1,0,1,1,1,1,0,0,1,1,0,1,1,1,1
2026-07-03T20:05:42.687,tof1,4x4,side_left,-1,-1,-1,-1,-1,-1,452,-1,-1,537,410,362,-1,291,300,278,0,0,0,0,0,0,1,0,0,1,1,1,0,1,1,1
2026-07-03T20:05:42.787,tof2,4x4,side_left,3021,3255,3319,3297,-1,-1,2192,3470,-1,971,1579,-1,1062,818,968,1052,1,1,1,1,0,0,1,1,1,1,1,0,1,1,1,1
2026-07-03T20:05:42.857,tof1,4x4,side_left,-1,-1,-1,-1,-1,-1,447,-1,-1,533,410,362,1081,291,301,279,1,0,0,0,0,0,1,0,0,1,1,1,1,1,1,1
2026-07-03T20:05:42.960,tof2,4x4,side_left,3023,3252,-1,3303,-1,-1,-1,3470,1619,957,1582,-1,1063,818,-1,1052,1,1,0,1,0,0,0,1,1,1,1,0,1,1,1,1
2026-07-03T20:05:43.021,tof1,4x4,side_left,-1,-1,-1,-1,-1,-1,452,-1,-1,526,409,362,-1,291,301,280,0,1,0,0,0,0,1,0,0,1,1,1,0,1,1,1
2026-07-03T20:05:43.140,tof2,4x4,side_left,3023,3252,-1,3307,-1,-1,2192,3476,1619,956,1582,-1,1066,818,968,1052,1,1,1,1,0,1,1,1,1,1,1,0,1,1,1,1
2026-07-03T20:05:43.173,tof1,4x4,side_left,-1,-1,-1,-1,-1,-1,-1,-1,-1,526,409,361,-1,291,302,279,0,0,0,0,0,0,0,0,0,1,1,1,0,1,1,1
2026-07-03T20:05:43.307,tof2,4x4,side_left,3021,3252,3321,3307,-1,-1,-1,3476,-1,-1,1582,-1,1066,818,-1,1051,1,1,1,1,0,0,0,1,1,1,1,0,1,1,1,1
2026-07-03T20:05:43.342,tof1,4x4,side_left,-1,-1,-1,-1,-1,-1,447,-1,-1,526,408,361,-1,290,301,277,0,0,0,0,0,0,1,0,0,1,1,1,1,1,1,1
2026-07-03T20:05:43.473,tof2,4x4,side_left,3021,3252,3321,-1,2120,-1,2189,3481,1632,973,1579,-1,1066,819,-1,1051,1,1,1,1,1,1,1,1,1,1,1,0,1,1,1,1
2026-07-03T20:05:43.516,tof1,4x4,side_left,-1,-1,-1,-1,-1,439,446,-1,-1,526,408,361,-1,290,301,279,0,0,0,0,0,1,1,0,0,1,1,1,0,1,1,1
2026-07-03T20:05:43.625,tof2,4x4,side_left,3018,3259,-1,3307,-1,1469,-1,3476,-1,968,1566,-1,1063,819,969,1047,1,1,1,1,1,1,0,1,1,1,1,0,1,1,1,1
2026-07-03T20:05:43.694,tof1,4x4,side_left,3348,-1,-1,-1,-1,439,445,-1,-1,526,409,361,-1,290,299,276,1,0,0,0,0,1,1,0,0,1,1,1,0,1,1,1
2026-07-03T20:05:43.799,tof2,4x4,side_left,3018,3259,-1,3307,-1,-1,2174,3476,-1,963,1566,-1,1058,821,-1,1051,1,1,0,1,1,0,1,1,1,1,1,1,1,1,1,1
2026-07-03T20:05:43.856,tof1,4x4,side_left,-1,-1,-1,-1,-1,-1,442,-1,-1,530,409,361,-1,290,299,276,0,0,0,0,0,0,1,0,0,1,1,1,0,1,1,1
2026-07-03T20:05:43.960,tof2,4x4,side_left,3018,3259,-1,3307,-1,1471,2174,3481,1632,965,1566,-1,1055,822,-1,1053,1,1,1,1,0,1,1,1,1,1,1,0,1,1,1,1
2026-07-03T20:05:44.024,tof1,4x4,side_left,-1,-1,-1,-1,-1,-1,442,-1,-1,533,409,361,-1,289,299,277,0,0,0,0,0,0,1,0,0,1,1,1,1,1,1,1
2026-07-03T20:05:44.124,tof2,4x4,side_left,3018,3253,-1,3306,-1,1471,-1,3463,1648,968,1566,-1,1055,819,-1,1055,1,1,1,1,0,1,0,1,1,1,1,0,1,1,1,1
2026-07-03T20:05:44.203,tof1,4x4,side_left,-1,-1,-1,-1,-1,-1,442,-1,-1,539,409,363,-1,288,297,280,0,0,0,0,0,0,1,0,0,1,1,1,1,1,1,1
2026-07-03T20:05:44.279,tof2,4x4,side_left,2989,3253,3319,3306,-1,1464,-1,3433,-1,968,1577,-1,1055,819,-1,1053,1,1,1,1,0,1,1,1,0,1,1,0,1,1,1,1
2026-07-03T20:05:44.364,tof1,4x4,side_left,-1,-1,-1,-1,-1,-1,441,-1,-1,539,410,363,-1,288,300,277,0,0,0,0,0,0,1,0,0,1,1,1,0,1,1,1
2026-07-03T20:05:44.440,tof2,4x4,side_left,2989,3248,-1,3306,-1,1464,-1,3427,1648,965,1577,-1,1056,819,-1,1053,1,1,0,1,0,1,0,1,1,1,1,0,1,1,1,1
2026-07-03T20:05:44.528,tof1,4x4,side_left,-1,-1,-1,-1,-1,-1,442,-1,-1,539,411,363,-1,287,300,280,0,0,0,0,0,0,1,0,0,1,1,1,1,1,1,1
2026-07-03T20:05:44.609,tof2,4x4,side_left,2989,3253,3294,3313,-1,1471,-1,3456,1624,965,1577,-1,1057,817,-1,1042,1,1,1,1,1,1,1,1,1,1,1,0,1,1,1,1
2026-07-03T20:05:44.685,tof1,4x4,side_left,-1,-1,-1,-1,-1,440,-1,-1,-1,538,410,363,1081,287,300,280,0,0,0,0,0,1,0,0,0,1,1,1,1,1,1,1
2026-07-03T20:05:44.768,tof2,4x4,side_left,2989,3259,-1,3313,-1,1471,-1,3456,1624,974,1581,-1,-1,817,-1,1042,1,1,1,1,0,1,0,1,1,1,1,0,1,1,1,1
2026-07-03T20:05:44.841,tof1,4x4,side_left,-1,-1,-1,-1,-1,-1,443,-1,-1,537,410,363,-1,285,300,279,0,0,0,0,0,0,1,0,0,1,1,1,0,1,1,1
2026-07-03T20:05:44.935,tof2,4x4,side_left,3002,3259,-1,3313,-1,-1,2172,3456,-1,974,1591,-1,1058,816,-1,1042,1,1,0,1,1,1,1,1,1,1,1,0,1,1,1,1
2026-07-03T20:05:45.013,tof1,4x4,side_left,-1,-1,-1,-1,-1,-1,444,-1,-1,537,412,362,-1,285,300,279,0,0,0,0,0,0,1,0,0,1,1,1,0,1,1,1
2026-07-03T20:05:45.086,tof2,4x4,side_left,3002,3253,-1,3323,-1,1471,2163,3463,1624,975,1581,-1,1061,816,-1,1042,1,1,1,1,0,1,1,1,1,1,1,0,1,1,1,1
2026-07-03T20:05:45.178,tof1,4x4,side_left,-1,-1,-1,-1,-1,-1,444,-1,-1,536,414,363,-1,285,300,279,0,0,0,0,0,0,1,0,0,1,1,1,0,1,1,1
2026-07-03T20:05:45.255,tof2,4x4,side_left,2979,3253,-1,3323,-1,1472,-1,3472,1624,975,1581,-1,1062,818,-1,1043,1,1,0,1,0,1,0,1,1,1,1,0,1,1,1,1
2026-07-03T20:05:45.333,tof1,4x4,side_left,-1,-1,-1,-1,-1,-1,-1,-1,-1,537,412,362,-1,286,300,279,0,0,0,0,0,0,0,0,0,1,1,1,0,1,1,1
2026-07-03T20:05:45.430,tof2,4x4,side_left,2979,3253,-1,3323,-1,1472,2163,3493,1614,975,1596,-1,1062,818,-1,1052,1,1,0,1,1,1,1,1,1,1,1,0,1,1,1,1
2026-07-03T20:05:45.514,tof1,4x4,side_left,-1,-1,-1,-1,-1,-1,-1,-1,-1,537,412,362,-1,286,299,279,0,0,0,0,0,0,0,0,0,1,1,1,0,1,1,1
2026-07-03T20:05:45.595,tof2,4x4,side_left,-1,3252,-1,3313,-1,1471,2172,3493,1654,975,1601,-1,-1,825,969,1052,0,1,0,1,0,1,1,1,1,1,1,0,1,1,1,1
2026-07-03T20:05:45.688,tof1,4x4,side_left,-1,-1,-1,-1,-1,-1,444,-1,-1,538,412,362,-1,287,298,279,0,0,0,0,0,0,1,0,0,1,1,1,0,1,1,1
2026-07-03T20:05:45.784,tof2,4x4,side_left,3010,3252,-1,3313,-1,1453,-1,3493,1654,975,1585,-1,1063,825,969,1052,1,1,1,1,0,1,0,1,1,1,1,0,1,1,1,1
2026-07-03T20:05:45.883,tof1,4x4,side_left,-1,-1,-1,-1,-1,-1,444,-1,-1,538,412,362,-1,286,298,280,0,0,0,0,0,0,1,0,0,1,1,1,0,1,1,1
2026-07-03T20:05:45.966,tof2,4x4,side_left,2979,3250,-1,3307,-1,1438,2172,3479,1589,968,1585,-1,1061,818,965,1052,1,1,1,1,0,1,1,1,1,1,1,1,1,1,1,1
2026-07-03T20:05:46.043,tof1,4x4,side_left,-1,-1,-1,-1,-1,-1,444,-1,-1,538,412,362,1081,287,298,280,0,0,0,0,0,0,1,0,0,1,1,1,1,1,1,1
2026-07-03T20:05:46.140,tof2,4x4,side_left,3010,3250,-1,3307,-1,1438,-1,3479,1589,967,1590,-1,1063,818,964,1054,1,1,0,1,0,1,0,1,1,1,1,1,1,1,1,1
2026-07-03T20:05:46.219,tof1,4x4,side_left,-1,-1,-1,-1,-1,440,444,-1,-1,536,411,362,-1,287,298,278,0,0,0,0,0,1,1,0,0,1,1,1,1,1,1,1
2026-07-03T20:05:46.305,tof2,4x4,side_left,-1,3248,-1,3307,2120,1438,2183,3479,1594,967,1590,-1,1068,818,-1,1052,1,1,1,1,1,1,1,1,1,1,1,0,1,1,1,1
2026-07-03T20:05:46.411,tof1,4x4,side_left,-1,-1,-1,-1,-1,-1,-1,-1,-1,534,412,362,-1,289,298,277,0,0,0,0,0,0,0,0,0,1,1,1,0,1,1,1
2026-07-03T20:05:46.482,tof2,4x4,side_left,3010,3248,-1,3315,-1,1473,-1,3479,1561,963,1587,-1,-1,817,-1,1052,1,1,0,1,1,1,1,1,1,1,1,0,1,1,1,1
2026-07-03T20:05:46.564,tof1,4x4,side_left,-1,-1,-1,-1,-1,-1,-1,-1,-1,534,410,363,1081,289,299,277,1,0,0,0,0,0,0,0,0,1,1,1,1,1,1,1
2026-07-03T20:05:46.656,tof2,4x4,side_left,3010,3265,-1,3321,-1,1473,2207,3472,1561,963,1587,-1,1068,817,-1,1054,1,1,0,1,1,1,1,1,1,1,1,1,1,1,1,1
2026-07-03T20:05:46.719,tof1,4x4,side_left,-1,-1,-1,-1,-1,-1,-1,-1,-1,534,413,363,-1,289,299,277,0,0,0,0,0,0,0,0,0,1,1,1,1,1,1,1
2026-07-03T20:05:47.075,tof1,4x4,side_left,-1,-1,-1,-1,-1,-1,443,-1,-1,534,410,363,-1,289,299,277,0,0,0,0,0,0,1,0,0,1,1,1,0,1,1,1
2026-07-03T20:05:47.141,tof2,4x4,side_left,3007,3265,-1,3321,-1,-1,2207,3472,1594,963,1590,-1,-1,817,-1,1052,1,1,0,1,0,1,1,1,1,1,1,0,1,1,1,1
2026-07-03T20:05:47.234,tof1,4x4,side_left,-1,-1,-1,-1,-1,440,-1,-1,-1,534,410,363,-1,289,300,280,0,0,0,0,0,1,0,0,0,1,1,1,0,1,1,1
2026-07-03T20:05:47.299,tof2,4x4,side_left,3018,3252,-1,3337,2120,-1,-1,3472,-1,965,1587,-1,1059,817,-1,1051,1,1,0,1,1,1,1,1,1,1,1,0,1,1,1,1
2026-07-03T20:05:47.397,tof1,4x4,side_left,-1,-1,-1,-1,-1,-1,-1,-1,-1,528,410,363,-1,288,302,280,0,0,0,0,0,0,0,0,0,1,1,1,0,1,1,1
2026-07-03T20:05:47.459,tof2,4x4,side_left,3007,3252,-1,3321,-1,1473,-1,3459,1561,965,1585,-1,1061,819,964,1049,1,1,1,1,1,1,1,1,1,1,1,0,1,1,1,1
2026-07-03T20:05:47.544,tof1,4x4,side_left,-1,-1,-1,-1,-1,-1,-1,-1,-1,528,410,362,-1,288,300,278,0,0,0,0,0,0,0,0,0,1,1,1,1,1,1,1
2026-07-03T20:05:47.644,tof2,4x4,side_left,2996,3252,-1,3312,-1,1473,2207,3472,1561,971,1585,-1,-1,819,984,1051,1,1,0,1,1,1,1,1,1,1,1,1,1,1,1,1
2026-07-03T20:05:47.712,tof1,4x4,side_left,-1,-1,-1,-1,-1,-1,-1,-1,-1,528,410,361,-1,288,300,278,0,0,0,0,0,0,0,0,0,1,1,1,0,1,1,1
2026-07-03T20:05:47.812,tof2,4x4,side_left,2982,3252,-1,3312,-1,1465,2194,-1,1583,965,1585,-1,1061,819,964,1051,1,1,1,1,0,1,1,0,1,1,1,0,1,1,1,1
2026-07-03T20:05:47.871,tof1,4x4,side_left,-1,-1,-1,-1,-1,-1,443,-1,-1,528,410,361,-1,288,300,278,0,0,0,0,0,0,1,0,0,1,1,1,0,1,1,1
2026-07-03T20:05:47.972,tof2,4x4,side_left,-1,3256,-1,3312,-1,1465,-1,3481,1610,965,1585,-1,1057,818,964,1051,1,1,0,1,0,1,0,1,1,1,1,0,1,1,1,1
2026-07-03T20:05:48.027,tof1,4x4,side_left,-1,-1,-1,-1,-1,-1,442,-1,-1,531,410,361,-1,288,300,278,0,0,0,0,0,0,1,0,0,1,1,1,1,1,1,1
2026-07-03T20:05:48.232,tof2,4x4,side_left,2982,3257,-1,-1,2160,1462,-1,3481,1583,965,1585,-1,1056,818,964,1053,1,1,1,1,1,1,0,1,1,1,1,1,1,1,1,1
2026-07-03T20:05:48.322,tof1,4x4,side_left,-1,-1,-1,-1,-1,-1,442,-1,-1,535,410,361,-1,287,300,278,0,0,0,1,0,0,1,0,0,1,1,1,0,1,1,1
2026-07-03T20:05:48.400,tof2,4x4,side_left,2982,3260,-1,3296,-1,1467,-1,3481,-1,962,1585,-1,1061,817,-1,1053,1,1,0,1,1,1,0,1,1,1,1,1,1,1,1,1
2026-07-03T20:05:48.470,tof1,4x4,side_left,-1,-1,-1,-1,-1,-1,-1,-1,-1,537,410,361,-1,287,298,278,0,0,0,0,0,0,0,0,0,1,1,1,0,1,1,1
2026-07-03T20:05:48.587,tof2,4x4,side_left,3012,3262,-1,3312,-1,1467,2194,3481,1583,962,1585,1325,1059,817,-1,1053,1,1,0,1,0,1,1,1,1,1,1,1,1,1,1,1
2026-07-03T20:05:48.640,tof1,4x4,side_left,-1,-1,-1,-1,-1,-1,443,-1,-1,538,410,362,1085,289,298,280,0,0,0,0,0,0,1,0,0,1,1,1,1,1,1,1
2026-07-03T20:05:48.756,tof2,4x4,side_left,3012,3264,-1,3319,-1,1475,-1,3481,-1,962,1599,-1,1058,819,-1,1053,1,1,1,1,1,1,0,1,0,1,1,1,1,1,1,1
2026-07-03T20:05:48.801,tof1,4x4,side_left,-1,-1,-1,-1,-1,-1,445,-1,-1,538,410,362,-1,289,301,280,0,0,0,0,0,0,1,0,0,1,1,1,0,1,1,1
2026-07-03T20:05:48.927,tof2,4x4,side_left,-1,3264,3328,3296,-1,1475,-1,3453,1610,962,1595,-1,1058,819,964,1052,1,1,1,1,0,1,0,1,1,1,1,0,1,1,1,1
2026-07-03T20:05:48.979,tof1,4x4,side_left,-1,-1,-1,-1,-1,-1,-1,-1,-1,545,410,363,-1,292,301,280,1,0,0,1,0,0,0,0,0,1,1,1,0,1,1,1
2026-07-03T20:05:49.086,tof2,4x4,side_left,3012,3260,-1,3296,2160,1475,-1,3453,1591,962,1595,-1,-1,821,964,1050,1,1,0,1,1,1,0,1,1,1,1,0,1,1,1,1
2026-07-03T20:05:49.142,tof1,4x4,side_left,-1,-1,-1,-1,-1,-1,-1,-1,-1,540,412,363,-1,292,302,280,0,0,0,0,0,0,0,0,0,1,1,1,0,1,1,1
2026-07-03T20:05:49.248,tof2,4x4,side_left,3012,3258,-1,3319,-1,1475,2184,3453,1576,962,1599,-1,1059,822,-1,1050,1,1,1,1,0,1,1,1,1,1,1,0,1,1,1,1
2026-07-03T20:05:49.318,tof1,4x4,side_left,-1,-1,-1,-1,-1,-1,-1,-1,-1,540,413,363,-1,289,302,280,0,0,0,0,0,0,0,0,0,1,1,1,1,1,1,1
2026-07-03T20:05:49.406,tof2,4x4,side_left,-1,3257,-1,3295,-1,1466,2184,3442,1591,962,1595,-1,-1,822,966,1050,1,1,1,1,0,1,1,1,1,1,1,0,1,1,1,1
2026-07-03T20:05:49.487,tof1,4x4,side_left,-1,-1,-1,-1,-1,-1,-1,-1,-1,540,413,363,-1,289,302,279,0,0,0,1,0,0,0,0,0,1,1,1,0,1,1,1
2026-07-03T20:05:49.588,tof2,4x4,side_left,2952,3255,-1,3295,-1,1466,2166,3442,1649,962,1595,-1,-1,817,-1,1049,1,1,1,1,1,1,1,1,1,1,1,0,1,1,1,1
2026-07-03T20:05:49.647,tof1,4x4,side_left,-1,-1,-1,-1,-1,-1,445,377,-1,546,413,363,-1,288,302,279,0,0,0,0,0,0,1,1,0,1,1,1,0,1,1,1
2026-07-03T20:05:49.754,tof2,4x4,side_left,2952,3254,-1,-1,-1,1466,2183,3469,1649,960,1599,-1,1058,817,-1,1049,1,1,1,1,1,1,1,1,1,1,1,0,1,1,1,1
2026-07-03T20:05:49.804,tof1,4x4,side_left,-1,-1,-1,-1,-1,445,446,-1,-1,546,413,364,-1,288,302,278,0,0,0,0,0,1,1,0,0,1,1,1,0,1,1,1
2026-07-03T20:05:49.912,tof2,4x4,side_left,2964,3254,-1,3303,-1,1466,2166,-1,1649,968,1599,-1,1057,817,-1,1049,1,1,0,1,1,1,1,0,1,1,1,0,1,1,1,1
2026-07-03T20:05:49.983,tof1,4x4,side_left,-1,-1,-1,-1,-1,450,446,-1,-1,546,416,366,1085,289,301,278,0,0,0,0,0,1,1,0,0,1,1,1,1,1,1,1
2026-07-03T20:05:50.100,tof2,4x4,side_left,2989,3254,-1,3303,-1,1466,2131,3479,-1,968,1548,-1,-1,817,-1,1049,1,1,1,1,0,1,1,1,1,1,1,0,1,1,1,1
2026-07-03T20:05:50.139,tof1,4x4,side_left,-1,-1,-1,-1,-1,463,449,382,-1,546,420,370,1085,290,300,279,0,0,0,0,0,1,1,1,0,1,1,1,1,1,1,1
2026-07-03T20:05:50.299,tof2,4x4,side_left,2989,3252,3290,3303,2160,1467,2157,3489,1649,972,1599,-1,1051,819,-1,1048,1,1,1,1,1,1,1,1,1,1,1,0,1,1,1,1
2026-07-03T20:05:50.313,tof1,4x4,side_left,-1,-1,-1,-1,-1,470,446,383,-1,520,420,370,371,290,300,282,0,0,0,0,0,1,1,1,0,1,1,1,1,1,1,1
2026-07-03T20:05:50.474,tof2,4x4,side_left,-1,3254,-1,3305,-1,1486,-1,3489,1626,976,1623,-1,-1,823,-1,1048,1,1,0,1,0,1,1,1,1,1,1,1,1,1,1,1
2026-07-03T20:05:50.491,tof1,4x4,side_left,-1,-1,-1,-1,-1,474,447,383,-1,473,420,370,314,290,296,282,1,0,0,0,0,1,1,1,0,1,1,1,1,1,1,1
2026-07-03T20:05:50.623,tof2,4x4,side_left,-1,3252,-1,3337,2160,-1,2157,3489,1626,977,1572,-1,1051,823,-1,1048,1,1,1,1,1,1,1,1,1,1,1,0,1,1,1,1
2026-07-03T20:05:50.647,tof1,4x4,side_left,-1,-1,-1,-1,-1,477,447,-1,-1,453,418,365,307,288,296,282,0,0,0,0,0,1,1,0,0,1,1,1,1,1,1,1
2026-07-03T20:05:50.778,tof2,4x4,side_left,-1,3254,-1,3337,-1,-1,-1,3462,1626,977,1604,-1,-1,821,-1,1048,1,1,0,1,0,1,1,1,1,1,1,0,1,1,1,1
2026-07-03T20:05:50.821,tof1,4x4,side_left,-1,-1,-1,-1,-1,474,446,-1,-1,453,418,365,303,286,295,280,0,0,0,0,0,1,1,0,0,1,1,1,1,1,1,1
2026-07-03T20:05:50.946,tof2,4x4,side_left,2989,3254,-1,3337,-1,1488,2157,3462,1610,976,1626,-1,1051,821,-1,1052,1,1,1,1,0,1,1,1,1,1,1,0,1,1,1,1
2026-07-03T20:05:51.003,tof1,4x4,side_left,-1,-1,-1,-1,-1,474,446,-1,-1,453,418,363,303,286,295,280,0,0,0,0,0,1,1,0,0,1,1,1,1,1,1,1
2026-07-03T20:05:51.137,tof2,4x4,side_left,2989,3254,3290,3337,2119,1500,-1,3462,-1,971,1604,-1,1055,821,-1,1052,1,1,1,1,1,1,1,1,0,1,1,0,1,1,1,1
2026-07-03T20:05:51.156,tof1,4x4,side_left,-1,-1,-1,-1,-1,474,447,388,-1,457,418,365,303,286,297,280,0,0,0,0,0,1,1,1,0,1,1,1,1,1,1,1
2026-07-03T20:05:51.292,tof2,4x4,side_left,2972,3252,-1,3328,2119,1504,-1,3481,1633,957,1604,-1,1055,821,972,1052,1,1,0,1,1,1,1,1,1,1,1,0,1,1,1,1
2026-07-03T20:05:51.342,tof1,4x4,side_left,-1,-1,-1,-1,-1,472,450,-1,-1,462,420,365,306,292,298,280,0,0,0,0,0,1,1,0,0,1,1,1,1,1,1,1
2026-07-03T20:05:51.453,tof2,4x4,side_left,2972,3255,-1,3328,2123,1504,-1,3481,1633,957,1626,-1,1061,821,974,1055,1,1,0,1,1,1,1,1,1,1,1,1,1,1,1,1
2026-07-03T20:05:51.518,tof1,4x4,side_left,-1,-1,-1,-1,-1,472,450,-1,-1,468,421,365,308,293,298,280,0,0,0,0,0,1,1,0,0,1,1,1,1,1,1,1
2026-07-03T20:05:51.611,tof2,4x4,side_left,2972,3255,-1,3328,-1,1504,-1,3481,-1,960,1626,-1,-1,818,974,1051,1,1,0,1,0,1,0,1,1,1,1,0,1,1,1,1
2026-07-03T20:05:51.678,tof1,4x4,side_left,-1,-1,-1,-1,-1,472,451,-1,-1,471,421,365,312,296,299,281,0,0,0,0,0,1,1,0,0,1,1,1,1,1,1,1
2026-07-03T20:05:51.795,tof2,4x4,side_left,3004,3260,-1,3328,-1,1504,2164,3457,1633,958,1631,-1,-1,818,-1,1050,1,1,0,1,0,1,1,1,1,1,1,0,1,1,1,1
2026-07-03T20:05:51.848,tof1,4x4,side_left,-1,-1,-1,-1,-1,-1,452,389,-1,473,423,366,-1,305,299,280,0,0,0,0,0,0,1,1,0,1,1,1,0,1,1,1
2026-07-03T20:05:51.963,tof2,4x4,side_left,3004,3260,3308,3328,-1,1484,-1,3457,-1,960,1631,-1,-1,821,-1,1050,1,1,1,1,0,1,0,1,1,1,1,0,1,1,1,1
2026-07-03T20:05:52.016,tof1,4x4,side_left,-1,-1,-1,-1,-1,-1,464,389,-1,505,430,368,-1,305,297,280,1,0,0,0,0,0,1,1,0,1,1,1,0,1,1,1
2026-07-03T20:05:52.144,tof2,4x4,side_left,3006,3260,-1,-1,-1,-1,-1,-1,1628,962,1625,-1,1061,818,-1,1050,1,1,0,1,0,0,0,1,1,1,1,0,1,1,1,1
2026-07-03T20:05:52.203,tof1,4x4,side_left,-1,-1,-1,-1,-1,-1,464,-1,-1,533,430,368,-1,305,294,280,0,0,0,0,0,0,1,0,0,1,1,1,0,1,1,1
2026-07-03T20:05:52.308,tof2,4x4,side_left,-1,3260,-1,3340,-1,-1,-1,3457,1628,960,1578,-1,1055,818,972,1050,1,1,0,1,0,0,1,1,1,1,1,0,1,1,1,1
2026-07-03T20:05:52.358,tof1,4x4,side_left,-1,-1,-1,-1,-1,-1,464,-1,-1,536,430,368,-1,298,294,280,0,0,0,0,0,0,1,0,0,1,1,1,0,1,1,1
2026-07-03T20:05:52.459,tof2,4x4,side_left,-1,3260,-1,3335,-1,-1,2164,3455,1605,962,1625,-1,1063,818,-1,1048,1,1,1,1,1,1,1,1,1,1,1,0,1,1,1,1
2026-07-03T20:05:52.728,tof2,4x4,side_left,3044,3260,-1,3335,-1,-1,2172,-1,-1,963,1605,-1,1063,820,972,1050,1,1,0,1,1,0,1,0,1,1,1,0,1,1,1,1
2026-07-03T20:05:52.731,tof1,4x4,side_left,-1,-1,-1,-1,-1,-1,443,-1,-1,536,415,365,-1,298,294,279,0,0,0,0,0,0,1,0,0,1,1,1,0,1,1,1
2026-07-03T20:05:52.898,tof2,4x4,side_left,-1,3260,-1,3335,-1,-1,-1,3462,-1,963,1605,-1,1059,818,-1,1050,1,1,1,1,1,0,1,1,0,1,1,1,1,1,1,1
2026-07-03T20:05:52.926,tof1,4x4,side_left,-1,-1,-1,-1,-1,-1,-1,-1,-1,533,415,363,-1,298,297,279,0,0,0,0,0,0,0,0,0,1,1,1,0,1,1,1
2026-07-03T20:05:53.067,tof2,4x4,side_left,3011,3257,-1,3315,-1,-1,-1,3462,1605,963,1600,-1,1059,820,-1,1050,1,1,1,1,0,0,1,1,1,1,1,0,1,1,1,1
2026-07-03T20:05:53.080,tof1,4x4,side_left,-1,-1,-1,-1,-1,-1,443,-1,-1,533,413,363,-1,298,300,279,0,0,0,0,0,0,1,0,0,1,1,1,1,1,1,1
2026-07-03T20:05:53.245,tof2,4x4,side_left,3011,3257,-1,3315,-1,-1,2164,3455,1605,964,1600,-1,1063,820,965,1050,1,1,1,1,0,0,1,1,1,1,1,0,1,1,1,1
2026-07-03T20:05:53.255,tof1,4x4,side_left,-1,-1,-1,-1,-1,-1,443,-1,-1,533,410,362,-1,299,301,278,0,0,0,0,0,0,1,0,0,1,1,1,0,1,1,1
2026-07-03T20:05:53.401,tof2,4x4,side_left,3026,3257,3311,3315,-1,-1,-1,3455,1644,979,1598,-1,1061,818,965,1050,1,1,1,1,1,0,1,1,1,1,1,0,1,1,1,1
2026-07-03T20:05:53.446,tof1,4x4,side_left,-1,-1,-1,-1,-1,472,443,-1,-1,530,410,361,-1,301,301,278,0,0,0,0,0,1,1,0,0,1,1,1,0,1,1,1
2026-07-03T20:05:53.571,tof2,4x4,side_left,3038,3257,-1,3314,-1,-1,2152,3461,1655,979,1598,-1,1064,812,-1,1054,1,1,1,1,0,0,1,1,1,1,1,1,1,1,1,1
2026-07-03T20:05:53.617,tof1,4x4,side_left,-1,-1,-1,-1,-1,-1,-1,-1,-1,532,410,360,-1,301,301,278,0,0,0,0,0,0,0,0,0,1,1,1,0,1,1,1
2026-07-03T20:05:53.723,tof2,4x4,side_left,3026,3257,-1,3308,-1,1484,2152,3448,1655,979,1594,-1,1068,818,965,1054,1,1,0,1,1,1,1,1,1,1,1,0,1,1,1,1
2026-07-03T20:05:53.779,tof1,4x4,side_left,-1,-1,-1,-1,-1,471,442,-1,-1,532,410,361,-1,301,301,278,1,0,0,0,0,1,1,0,0,1,1,1,0,1,1,1
2026-07-03T20:05:53.901,tof2,4x4,side_left,3026,3258,-1,3319,-1,1484,-1,3461,1655,963,1594,-1,1068,815,-1,1050,1,1,0,1,0,1,0,1,1,1,1,0,1,1,1,1
2026-07-03T20:05:53.950,tof1,4x4,side_left,-1,-1,-1,-1,-1,-1,-1,-1,-1,525,410,361,-1,301,301,278,0,0,0,1,0,0,0,0,0,1,1,1,0,1,1,1
2026-07-03T20:05:54.058,tof2,4x4,side_left,3021,3258,-1,3320,-1,1484,-1,3483,-1,963,1594,-1,1064,815,-1,1050,1,1,0,1,1,1,0,1,1,1,1,0,1,1,1,1
2026-07-03T20:05:54.107,tof1,4x4,side_left,-1,-1,-1,-1,-1,-1,-1,-1,-1,525,410,361,-1,301,300,280,0,0,0,0,0,0,0,0,0,1,1,1,0,1,1,1
2026-07-03T20:05:54.229,tof2,4x4,side_left,2997,3257,-1,3324,-1,1461,-1,3461,1604,957,1591,-1,1065,816,-1,1046,1,1,0,1,1,1,0,1,1,1,1,1,1,1,1,1
2026-07-03T20:05:54.273,tof1,4x4,side_left,-1,-1,-1,-1,-1,-1,-1,-1,-1,528,411,361,-1,297,300,280,0,0,0,0,0,0,0,0,0,1,1,1,0,1,1,1
2026-07-03T20:05:54.403,tof2,4x4,side_left,2997,3258,-1,3330,2135,1487,2181,3483,1580,961,1566,-1,1065,819,-1,1046,1,1,0,1,1,1,1,1,1,1,1,0,1,1,1,1
2026-07-03T20:05:54.444,tof1,4x4,side_left,-1,-1,-1,-1,-1,-1,-1,-1,-1,528,412,362,-1,312,301,280,0,0,0,0,0,0,0,0,0,1,1,1,0,1,1,1
2026-07-03T20:05:54.565,tof2,4x4,side_left,2997,3258,-1,3330,2135,1461,2189,-1,1580,963,1566,-1,1065,816,965,1046,1,1,1,1,1,1,1,0,1,1,1,1,1,1,1,1
2026-07-03T20:05:54.604,tof1,4x4,side_left,-1,-1,-1,-1,-1,-1,-1,-1,-1,534,412,362,-1,297,301,281,0,0,0,0,0,0,0,0,0,1,1,1,0,1,1,1
2026-07-03T20:05:55.014,tof2,4x4,side_left,-1,3253,-1,3330,-1,1461,-1,3483,1587,965,1587,-1,1065,820,965,1046,1,1,1,1,0,1,0,1,1,1,1,0,1,1,1,1
2026-07-03T20:05:55.017,tof1,4x4,side_left,-1,-1,-1,-1,-1,-1,447,-1,-1,534,412,362,-1,297,301,281,0,0,0,0,0,0,1,0,0,1,1,1,0,1,1,1
2026-07-03T20:05:55.182,tof2,4x4,side_left,3013,3253,-1,3319,2163,1475,2189,3462,1597,962,1587,-1,1065,816,969,1049,1,1,0,1,1,1,1,1,1,1,1,0,1,1,1,1
2026-07-03T20:05:55.190,tof1,4x4,side_left,-1,-1,-1,-1,-1,-1,-1,-1,-1,534,412,362,-1,297,301,280,0,0,0,0,0,0,0,0,0,1,1,1,0,1,1,1
2026-07-03T20:05:55.340,tof2,4x4,side_left,3013,3258,-1,3319,-1,1482,2192,3454,1597,962,1574,-1,-1,818,-1,1049,1,1,0,1,1,1,1,1,1,1,1,0,1,1,1,1
2026-07-03T20:05:55.349,tof1,4x4,side_left,-1,-1,-1,-1,-1,-1,-1,-1,-1,534,412,362,-1,296,300,281,0,0,0,0,0,0,0,0,0,1,1,1,0,1,1,1
2026-07-03T20:05:55.496,tof2,4x4,side_left,3031,3263,-1,3308,-1,1482,2192,3462,1597,965,1574,-1,1058,817,-1,1053,1,1,1,1,1,1,1,1,1,1,1,0,1,1,1,1
2026-07-03T20:05:55.520,tof1,4x4,side_left,-1,-1,-1,-1,-1,-1,-1,-1,-1,528,413,362,-1,296,300,281,0,0,0,0,0,0,0,0,0,1,1,1,0,1,1,1
2026-07-03T20:05:55.652,tof2,4x4,side_left,3037,3263,-1,3309,-1,1482,2192,3462,1587,962,1574,-1,1057,817,-1,1053,1,1,0,1,1,1,1,1,1,1,1,0,1,1,1,1
2026-07-03T20:05:55.677,tof1,4x4,side_left,-1,-1,-1,-1,-1,-1,446,-1,-1,528,415,361,-1,287,300,280,1,0,0,0,0,0,1,0,0,1,1,1,0,1,1,1
2026-07-03T20:05:55.806,tof2,4x4,side_left,3021,3263,3311,3309,2135,1479,-1,3476,-1,962,1574,-1,1058,816,-1,1048,1,1,1,1,1,1,1,1,1,1,1,0,1,1,1,1
2026-07-03T20:05:55.833,tof1,4x4,side_left,-1,-1,-1,-1,-1,-1,-1,-1,-1,528,415,361,-1,296,300,280,0,0,0,0,0,0,0,0,0,1,1,1,0,1,1,1
2026-07-03T20:05:55.965,tof2,4x4,side_left,3021,3263,-1,3314,-1,1485,-1,3488,1572,964,1575,-1,1057,817,975,1041,1,1,0,1,1,1,0,1,1,1,1,0,1,1,1,1
2026-07-03T20:05:55.979,tof1,4x4,side_left,-1,-1,-1,-1,-1,-1,445,-1,-1,528,415,362,318,293,300,278,0,0,0,0,0,0,1,0,0,1,1,1,1,1,1,1
2026-07-03T20:05:56.131,tof2,4x4,side_left,-1,3249,-1,3309,-1,1479,-1,3497,-1,964,1588,-1,1057,817,975,1043,1,1,0,1,0,1,0,1,1,1,1,0,1,1,1,1
2026-07-03T20:05:56.146,tof1,4x4,side_left,-1,-1,-1,-1,-1,-1,-1,-1,-1,529,415,362,-1,293,301,278,0,0,0,0,0,0,0,0,0,1,1,1,0,1,1,1
2026-07-03T20:05:56.312,tof2,4x4,side_left,3021,3249,-1,3309,-1,1479,-1,-1,1572,963,1594,-1,1060,816,-1,1043,1,1,0,1,0,1,0,0,1,1,1,0,1,1,1,1
2026-07-03T20:05:56.319,tof1,4x4,side_left,-1,-1,-1,-1,-1,446,446,-1,-1,529,413,362,-1,292,301,278,0,0,0,0,0,1,1,0,0,1,1,1,0,1,1,1
2026-07-03T20:05:56.482,tof2,4x4,side_left,-1,3249,-1,3314,-1,1452,-1,3511,1572,963,1594,-1,1061,816,-1,1043,1,1,1,1,0,1,1,1,1,1,1,0,1,1,1,1
2026-07-03T20:05:56.491,tof1,4x4,side_left,-1,-1,-1,-1,-1,-1,446,-1,-1,527,410,362,-1,292,302,279,0,0,0,0,0,0,1,0,0,1,1,1,0,1,1,1
2026-07-03T20:05:56.653,tof1,4x4,side_left,-1,-1,-1,-1,-1,-1,-1,-1,-1,-1,410,362,-1,292,302,279,0,0,0,0,0,0,0,0,0,1,1,1,0,1,1,1
2026-07-03T20:05:56.655,tof2,4x4,side_left,3010,3255,-1,3320,-1,1485,2181,3511,1601,960,1605,-1,-1,821,965,1044,1,1,1,1,0,1,1,1,1,1,1,0,1,1,1,1
2026-07-03T20:05:56.815,tof1,4x4,side_left,-1,-1,-1,-1,-1,-1,-1,-1,-1,527,410,362,-1,292,303,280,0,0,0,0,0,0,0,0,0,1,1,1,0,1,1,1
2026-07-03T20:05:56.823,tof2,4x4,side_left,3004,3255,-1,3320,2169,1465,-1,3511,-1,958,1608,-1,1060,821,-1,1049,1,1,1,1,1,1,1,1,1,1,1,0,1,1,1,1
2026-07-03T20:05:56.960,tof1,4x4,side_left,-1,-1,-1,-1,-1,-1,-1,-1,-1,523,410,361,-1,294,303,279,0,0,0,0,0,0,0,0,0,1,1,1,0,1,1,1
2026-07-03T20:05:56.997,tof2,4x4,side_left,3004,3257,-1,3320,-1,1493,2192,3498,1636,958,1608,-1,1061,813,-1,1049,1,1,0,1,1,1,1,1,1,1,1,0,1,1,1,1
2026-07-03T20:05:57.107,tof1,4x4,side_left,-1,-1,-1,-1,-1,-1,-1,-1,-1,523,409,361,-1,296,303,279,0,0,0,0,0,0,0,0,0,1,1,1,1,1,1,1
2026-07-03T20:05:57.168,tof2,4x4,side_left,3004,3257,3311,3320,-1,1482,2181,3495,1642,958,1607,-1,1063,813,-1,1049,1,1,1,1,0,1,1,1,1,1,1,1,1,1,1,1
2026-07-03T20:05:57.273,tof1,4x4,side_left,-1,-1,-1,-1,-1,-1,-1,-1,-1,523,409,360,-1,297,305,279,0,0,0,0,0,0,0,0,0,1,1,1,0,1,1,1
2026-07-03T20:05:57.337,tof2,4x4,side_left,3013,3257,-1,3315,-1,1493,-1,3495,-1,968,1607,-1,1061,818,965,1048,1,1,0,1,0,1,0,1,1,1,1,0,1,1,1,1
2026-07-03T20:05:57.428,tof1,4x4,side_left,-1,-1,-1,-1,-1,-1,446,-1,-1,523,409,360,-1,297,305,282,1,0,0,0,0,0,1,0,0,1,1,1,0,1,1,1
2026-07-03T20:05:57.494,tof2,4x4,side_left,3013,3257,-1,3315,-1,1492,-1,3495,1642,971,1607,-1,1060,818,-1,1050,1,1,0,1,0,1,0,1,1,1,1,0,1,1,1,1
2026-07-03T20:05:57.582,tof1,4x4,side_left,-1,-1,-1,-1,-1,-1,-1,-1,-1,523,409,360,-1,296,303,279,0,0,0,0,0,0,0,0,0,1,1,1,0,1,1,1
2026-07-03T20:05:57.645,tof2,4x4,side_left,3013,3258,-1,3313,-1,1496,2181,3495,1642,971,1607,-1,1057,818,965,1048,1,1,0,1,0,1,1,1,1,1,1,0,1,1,1,1
2026-07-03T20:05:57.743,tof1,4x4,side_left,-1,-1,-1,-1,-1,438,445,-1,-1,523,410,361,376,287,303,281,1,0,0,0,0,1,1,0,0,1,1,1,1,1,1,1
2026-07-03T20:05:57.803,tof2,4x4,side_left,2997,3263,-1,3312,-1,1492,-1,3495,-1,968,1593,-1,1057,819,965,1047,1,1,0,1,1,1,1,1,1,1,1,0,1,1,1,1
2026-07-03T20:05:57.910,tof1,4x4,side_left,-1,-1,-1,-1,-1,-1,-1,-1,-1,524,411,361,-1,287,302,281,0,0,0,0,0,0,0,0,0,1,1,1,0,1,1,1
2026-07-03T20:05:57.962,tof2,4x4,side_left,2997,3263,3311,3313,-1,1492,-1,3508,1636,963,1607,-1,-1,819,-1,1041,1,1,1,1,1,1,0,1,1,1,1,0,1,1,1,1
2026-07-03T20:05:58.065,tof1,4x4,side_left,-1,-1,-1,-1,-1,-1,-1,-1,-1,524,411,362,-1,285,302,281,0,0,0,0,0,0,0,0,0,1,1,1,0,1,1,1
2026-07-03T20:05:58.131,tof2,4x4,side_left,2986,3258,-1,3321,-1,1470,-1,3467,1654,963,1594,-1,1057,819,-1,1044,1,1,0,1,0,1,1,1,1,1,1,0,1,1,1,1
2026-07-03T20:05:58.227,tof1,4x4,side_left,-1,-1,-1,-1,-1,-1,-1,-1,-1,525,411,362,-1,285,299,281,1,0,0,0,0,0,0,0,0,1,1,1,0,1,1,1
2026-07-03T20:05:58.290,tof2,4x4,side_left,2997,3260,-1,3321,-1,1469,2192,3497,1660,961,1607,-1,1061,818,-1,1044,1,1,1,1,1,1,1,1,1,1,1,0,1,1,1,1
2026-07-03T20:05:58.390,tof1,4x4,side_left,-1,-1,-1,-1,-1,-1,445,-1,-1,526,411,362,-1,285,301,281,0,0,0,0,0,0,1,0,0,1,1,1,0,1,1,1
2026-07-03T20:05:58.457,tof2,4x4,side_left,-1,3260,-1,3325,-1,1469,-1,3497,-1,961,1594,-1,1065,818,-1,1044,0,1,1,1,1,1,1,1,1,1,1,1,1,1,1,1
2026-07-03T20:05:58.565,tof1,4x4,side_left,-1,-1,-1,-1,-1,-1,445,-1,-1,526,411,362,-1,285,301,281,0,0,0,1,0,0,1,0,0,1,1,1,1,1,1,1
2026-07-03T20:05:58.624,tof2,4x4,side_left,2997,3255,-1,-1,-1,1469,2196,3497,-1,963,1594,-1,1065,818,968,1044,1,1,1,1,0,1,1,1,1,1,1,0,1,1,1,1
2026-07-03T20:05:58.719,tof1,4x4,side_left,-1,-1,-1,-1,-1,-1,-1,-1,-1,526,411,362,-1,285,303,282,1,0,0,0,0,0,0,0,0,1,1,1,0,1,1,1
2026-07-03T20:05:58.779,tof2,4x4,side_left,-1,3252,-1,3325,-1,1469,-1,3497,-1,963,1582,-1,1064,819,968,1044,1,1,0,1,1,1,1,1,0,1,1,0,1,1,1,1
2026-07-03T20:05:58.896,tof1,4x4,side_left,-1,-1,-1,-1,-1,-1,-1,-1,-1,528,414,362,-1,288,301,281,1,0,0,0,0,0,0,0,0,1,1,1,0,1,1,1
2026-07-03T20:05:58.936,tof2,4x4,side_left,2995,3260,-1,3321,-1,1474,2196,3502,1660,964,1582,-1,-1,822,971,1044,1,1,0,1,0,1,1,1,1,1,1,0,1,1,1,1
2026-07-03T20:05:59.079,tof1,4x4,side_left,-1,-1,-1,-1,-1,-1,442,-1,-1,526,411,362,-1,288,303,280,0,0,0,0,0,0,1,0,0,1,1,1,0,1,1,1
2026-07-03T20:05:59.102,tof2,4x4,side_left,2995,3261,-1,3316,2169,1474,2196,3534,-1,965,1577,-1,1064,822,-1,1053,1,1,1,1,1,1,1,1,0,1,1,0,1,1,1,1
2026-07-03T20:05:59.234,tof1,4x4,side_left,-1,-1,-1,-1,-1,-1,-1,-1,-1,525,411,362,-1,288,303,280,0,0,0,0,0,0,0,0,0,1,1,1,0,1,1,1
2026-07-03T20:05:59.257,tof2,4x4,side_left,2995,3255,-1,3316,-1,1474,2186,3502,-1,965,1577,-1,1067,822,968,1053,1,1,0,1,0,1,1,1,1,1,1,0,1,1,1,1
2026-07-03T20:05:59.413,tof1,4x4,side_left,-1,-1,-1,-1,-1,-1,-1,-1,-1,526,413,363,-1,291,303,279,0,0,0,0,0,0,0,0,0,1,1,1,0,1,1,1
2026-07-03T20:05:59.426,tof2,4x4,side_left,2995,3255,-1,3316,-1,1467,2186,3502,-1,965,1582,-1,1064,822,-1,1054,1,1,1,1,0,1,1,1,0,1,1,0,1,1,1,1
2026-07-03T20:05:59.596,tof1,4x4,side_left,-1,-1,-1,-1,-1,-1,-1,-1,-1,528,413,363,-1,291,301,279,0,0,0,0,0,0,0,0,0,1,1,1,0,1,1,1
2026-07-03T20:05:59.600,tof2,4x4,side_left,2981,3255,-1,3316,-1,1467,2186,3477,1660,965,1577,-1,1062,820,-1,1054,1,1,1,1,1,1,1,1,1,1,1,0,1,1,1,1
2026-07-03T20:05:59.757,tof1,4x4,side_left,-1,-1,-1,-1,-1,-1,-1,-1,-1,525,413,363,-1,292,302,278,0,0,0,0,0,0,0,0,0,1,1,1,0,1,1,1
2026-07-03T20:05:59.770,tof2,4x4,side_left,2979,3255,-1,3313,-1,1467,-1,3463,1660,966,1577,-1,1062,820,-1,1054,1,1,0,1,0,1,0,1,1,1,1,0,1,1,1,1
2026-07-03T20:05:59.929,tof1,4x4,side_left,-1,-1,-1,-1,-1,-1,-1,-1,-1,525,413,363,-1,293,302,278,0,0,0,0,0,0,0,0,0,1,1,1,0,1,1,1
2026-07-03T20:05:59.955,tof2,4x4,side_left,2979,3255,-1,3317,-1,1467,2193,3463,1639,966,1584,-1,1062,825,968,1053,1,1,1,1,1,1,1,1,1,1,1,0,1,1,1,1
2026-07-03T20:06:00.612,tof2,4x4,side_left,-1,3260,-1,3317,2125,1455,2203,3477,1639,970,1597,-1,1061,820,-1,1048,1,1,0,1,1,1,1,1,1,1,1,0,1,1,1,1
2026-07-03T20:06:00.643,tof1,4x4,side_left,-1,-1,-1,-1,-1,437,442,-1,-1,528,410,362,424,295,303,278,0,0,0,0,0,1,1,0,0,1,1,1,1,1,1,1
2026-07-03T20:06:00.778,tof2,4x4,side_left,2984,3260,-1,3317,-1,1455,-1,3476,1636,970,1598,-1,1059,826,-1,1048,1,1,0,1,1,1,1,1,1,1,1,0,1,1,1,1
2026-07-03T20:06:00.817,tof1,4x4,side_left,-1,-1,-1,-1,-1,-1,443,-1,-1,527,409,361,-1,295,303,278,0,0,0,0,0,0,1,0,0,1,1,1,0,1,1,1
2026-07-03T20:06:00.930,tof2,4x4,side_left,2979,3260,-1,3317,-1,1464,-1,3486,1639,970,1598,-1,1057,826,-1,1048,1,1,0,1,1,1,0,1,1,1,1,0,1,1,1,1
2026-07-03T20:06:00.979,tof1,4x4,side_left,-1,-1,-1,-1,-1,-1,443,-1,-1,527,409,361,-1,295,303,278,0,0,0,0,0,0,1,0,0,1,1,1,0,1,1,1
2026-07-03T20:06:01.119,tof2,4x4,side_left,2983,3256,-1,3317,-1,1464,-1,3486,-1,970,1598,-1,1055,816,-1,1045,1,1,0,1,0,1,0,1,0,1,1,0,1,1,1,1
2026-07-03T20:06:01.149,tof1,4x4,side_left,-1,-1,-1,-1,-1,-1,-1,-1,-1,527,409,360,-1,297,303,279,0,0,0,0,0,0,0,0,0,1,1,1,0,1,1,1
2026-07-03T20:06:01.284,tof2,4x4,side_left,-1,3254,-1,3315,2125,1476,-1,3486,1636,970,1585,-1,1057,816,-1,1048,1,1,0,1,1,1,0,1,1,1,1,0,1,1,1,1
2026-07-03T20:06:01.304,tof1,4x4,side_left,-1,-1,-1,-1,-1,-1,-1,-1,-1,528,410,361,1048,297,303,279,0,0,0,0,0,0,0,0,0,1,1,1,1,1,1,1
2026-07-03T20:06:01.444,tof2,4x4,side_left,2984,3254,-1,3315,-1,1476,-1,3486,-1,965,1571,-1,-1,817,954,1052,1,1,0,1,0,1,0,1,1,1,1,0,1,1,1,1
2026-07-03T20:06:01.469,tof1,4x4,side_left,-1,-1,-1,-1,-1,-1,443,-1,-1,528,410,361,-1,290,303,280,0,0,0,1,0,0,1,0,0,1,1,1,0,1,1,1
2026-07-03T20:06:01.616,tof2,4x4,side_left,2984,3255,-1,3322,-1,1476,-1,3486,1656,965,1571,-1,1057,817,960,1044,1,1,0,1,0,1,0,1,1,1,1,0,1,1,1,1
2026-07-03T20:06:01.663,tof1,4x4,side_left,-1,-1,-1,-1,-1,-1,446,-1,-1,528,411,361,-1,290,302,280,0,0,0,0,0,0,1,0,0,1,1,1,0,1,1,1
2026-07-03T20:06:01.778,tof2,4x4,side_left,2983,3256,-1,3303,-1,-1,-1,-1,1656,965,1571,-1,-1,819,-1,1044,1,1,0,1,0,0,0,0,1,1,1,0,1,1,1,1
2026-07-03T20:06:01.817,tof1,4x4,side_left,-1,-1,-1,-1,-1,-1,447,-1,-1,528,410,361,-1,286,302,279,0,0,0,1,0,0,1,0,0,1,1,1,0,1,1,1
2026-07-03T20:06:01.940,tof2,4x4,side_left,3060,3259,-1,3330,-1,-1,-1,3464,1656,959,1571,-1,1057,819,-1,1052,1,1,0,1,1,1,0,1,1,1,1,0,1,1,1,1
2026-07-03T20:06:01.986,tof1,4x4,side_left,-1,-1,-1,-1,-1,-1,454,-1,-1,528,411,361,-1,286,300,280,0,0,0,1,0,0,1,0,0,1,1,1,0,1,1,1
2026-07-03T20:06:02.101,tof2,4x4,side_left,3060,3259,-1,3330,-1,-1,-1,3465,1622,959,1575,-1,1059,819,960,1052,1,1,0,1,0,1,0,1,1,1,1,0,1,1,1,1
2026-07-03T20:06:02.177,tof1,4x4,side_left,-1,-1,-1,-1,-1,-1,457,-1,-1,528,411,363,-1,285,299,277,0,0,0,0,0,0,1,0,0,1,1,1,0,1,1,1
2026-07-03T20:06:02.261,tof2,4x4,side_left,2976,3259,-1,3331,2109,-1,-1,3465,1660,958,1604,-1,1059,818,-1,1053,1,1,0,1,1,0,0,1,1,1,1,0,1,1,1,1
2026-07-03T20:06:02.351,tof1,4x4,side_left,-1,-1,-1,-1,-1,-1,-1,-1,-1,528,411,363,-1,286,299,277,0,0,0,0,0,0,0,0,0,1,1,1,0,1,1,1
2026-07-03T20:06:02.420,tof2,4x4,side_left,2976,3259,-1,3317,-1,-1,-1,-1,1622,966,1604,-1,1059,818,-1,1053,1,1,0,1,0,0,0,0,1,1,1,0,1,1,1,1
2026-07-03T20:06:02.508,tof1,4x4,side_left,-1,-1,-1,-1,-1,-1,-1,-1,-1,531,411,363,-1,287,300,278,1,0,0,0,0,0,0,0,0,1,1,1,1,1,1,1
2026-07-03T20:06:02.658,tof2,4x4,side_left,-1,3259,-1,3331,-1,-1,-1,3465,1610,952,1604,-1,1059,817,960,1056,1,1,0,1,0,0,0,1,1,1,1,0,1,1,1,1
2026-07-03T20:06:02.689,tof1,4x4,side_left,-1,-1,-1,-1,-1,-1,457,-1,-1,528,411,362,-1,289,301,280,0,0,0,0,0,0,1,0,0,1,1,1,1,1,1,1
2026-07-03T20:06:02.838,tof2,4x4,side_left,2985,3253,-1,3319,-1,-1,-1,3475,1610,976,1619,-1,1059,816,960,1056,1,1,0,1,0,0,0,1,1,1,1,0,1,1,1,1
2026-07-03T20:06:02.853,tof1,4x4,side_left,-1,-1,-1,-1,-1,-1,-1,-1,-1,527,412,363,-1,290,302,280,0,0,0,0,0,0,0,0,0,1,1,1,0,1,1,1
2026-07-03T20:06:02.996,tof2,4x4,side_left,2985,3253,-1,3328,-1,-1,2206,3475,-1,966,1619,-1,1062,815,-1,1053,1,1,0,1,0,1,1,1,0,1,1,0,1,1,1,1
2026-07-03T20:06:03.024,tof1,4x4,side_left,-1,-1,-1,-1,-1,-1,457,-1,-1,529,412,363,-1,292,302,280,0,0,0,0,0,0,1,0,0,1,1,1,0,1,1,1
2026-07-03T20:06:03.165,tof2,4x4,side_left,3007,3258,-1,3319,-1,-1,-1,3482,1610,966,1597,-1,1062,815,-1,1049,1,1,0,1,1,0,1,1,1,1,1,0,1,1,1,1
2026-07-03T20:06:03.182,tof1,4x4,side_left,-1,-1,-1,-1,-1,-1,-1,-1,-1,529,412,363,-1,293,302,280,0,0,0,1,0,0,0,0,0,1,1,1,0,1,1,1
2026-07-03T20:06:03.327,tof2,4x4,side_left,3007,3258,-1,3319,-1,-1,-1,3492,1602,966,1597,-1,-1,815,-1,1050,1,1,0,1,1,0,0,1,1,1,1,0,1,1,1,1
2026-07-03T20:06:03.337,tof1,4x4,side_left,-1,-1,-1,-1,-1,-1,-1,-1,-1,529,411,363,-1,293,304,279,0,0,0,0,0,0,0,0,0,1,1,1,0,1,1,1
2026-07-03T20:06:03.480,tof2,4x4,side_left,3007,3252,-1,3318,-1,-1,2206,-1,-1,966,1606,-1,1063,816,-1,1050,1,1,0,1,0,0,1,0,1,1,1,0,1,1,1,1
2026-07-03T20:06:03.519,tof1,4x4,side_left,-1,-1,-1,-1,-1,-1,448,-1,-1,529,411,363,-1,293,304,279,0,1,0,0,0,0,1,0,0,1,1,1,1,1,1,1
2026-07-03T20:06:03.647,tof2,4x4,side_left,3007,3258,-1,3315,-1,-1,-1,3520,1610,953,1606,-1,1063,815,964,1050,1,1,0,1,0,0,0,1,1,1,1,0,1,1,1,1
2026-07-03T20:06:03.683,tof1,4x4,side_left,-1,-1,-1,-1,-1,-1,-1,-1,-1,530,411,362,-1,299,303,279,0,1,0,0,0,0,0,0,0,1,1,1,0,1,1,1
2026-07-03T20:06:03.815,tof2,4x4,side_left,3012,3252,-1,3315,-1,-1,-1,-1,1562,953,1607,-1,1070,816,-1,1053,1,1,0,1,0,0,0,1,1,1,1,0,1,1,1,1
2026-07-03T20:06:03.853,tof1,4x4,side_left,-1,-1,-1,-1,-1,-1,-1,-1,-1,530,411,361,-1,293,301,279,0,0,0,0,0,0,0,0,0,1,1,1,0,1,1,1
2026-07-03T20:06:03.986,tof2,4x4,side_left,3012,3252,-1,3303,-1,-1,-1,3520,1625,955,1607,-1,1070,820,964,1053,1,1,0,1,0,1,0,1,1,1,1,0,1,1,1,1
2026-07-03T20:06:04.025,tof1,4x4,side_left,-1,-1,-1,-1,-1,-1,-1,-1,-1,524,410,360,-1,297,303,279,0,0,0,0,0,0,0,0,0,1,1,1,0,1,1,1
2026-07-03T20:06:04.153,tof2,4x4,side_left,3012,3250,-1,3303,-1,1476,-1,3520,1562,953,1607,-1,1067,820,964,1053,1,1,1,1,1,1,0,1,1,1,1,0,1,1,1,1
2026-07-03T20:06:04.177,tof1,4x4,side_left,-1,-1,-1,-1,-1,-1,-1,-1,-1,524,410,360,-1,293,303,279,1,0,0,0,0,0,0,0,0,1,1,1,1,1,1,1
2026-07-03T20:06:04.304,tof2,4x4,side_left,2993,3250,-1,3302,-1,1469,-1,-1,-1,955,1604,-1,1067,819,-1,1046,1,1,1,1,0,1,1,0,1,1,1,0,1,1,1,1
2026-07-03T20:06:04.364,tof1,4x4,side_left,-1,-1,-1,-1,-1,437,448,-1,-1,524,410,360,-1,293,302,279,0,0,0,0,0,1,1,0,0,1,1,1,0,1,1,1
2026-07-03T20:06:04.471,tof2,4x4,side_left,2993,3250,-1,3302,-1,1467,-1,3511,1562,960,1598,-1,-1,819,-1,1046,1,1,1,1,1,1,1,1,1,1,1,0,1,1,1,1
2026-07-03T20:06:04.543,tof1,4x4,side_left,-1,-1,-1,-1,-1,-1,-1,-1,-1,524,407,360,-1,291,303,279,1,0,0,0,0,0,0,0,0,1,1,1,0,1,1,1
2026-07-03T20:06:04.631,tof2,4x4,side_left,2989,3253,-1,3302,-1,1469,-1,3507,-1,966,1598,-1,1058,819,-1,1042,1,1,0,1,0,1,1,1,1,1,1,1,1,1,1,1
2026-07-03T20:06:04.709,tof1,4x4,side_left,-1,-1,-1,-1,-1,-1,448,-1,-1,526,407,360,-1,291,304,279,0,0,0,0,0,0,1,0,0,1,1,1,0,1,1,1
2026-07-03T20:06:04.802,tof2,4x4,side_left,2989,3253,-1,3308,-1,1472,-1,3490,1557,969,1592,-1,-1,818,964,1042,1,1,0,1,0,1,1,1,1,1,1,0,1,1,1,1
2026-07-03T20:06:04.867,tof1,4x4,side_left,3359,-1,-1,-1,-1,-1,-1,-1,-1,527,407,361,-1,291,303,277,1,0,0,0,0,0,0,0,0,1,1,1,1,1,1,1
2026-07-03T20:06:04.963,tof2,4x4,side_left,-1,3256,3325,3320,-1,1472,-1,3489,-1,969,1592,-1,1058,819,964,1042,1,1,1,1,1,1,1,1,1,1,1,0,1,1,1,1
2026-07-03T20:06:05.037,tof1,4x4,side_left,-1,-1,-1,-1,-1,-1,-1,-1,-1,526,407,362,-1,294,303,278,0,0,0,0,0,0,0,0,0,1,1,1,0,1,1,1
2026-07-03T20:06:05.140,tof2,4x4,side_left,2978,3259,3325,3320,2101,1475,-1,3473,1555,969,1588,-1,1060,818,-1,1047,1,1,1,1,1,1,0,1,1,1,1,0,1,1,1,1
2026-07-03T20:06:05.225,tof1,4x4,side_left,-1,-1,-1,-1,-1,-1,448,-1,-1,527,410,362,-1,297,303,279,0,0,0,0,0,0,1,0,0,1,1,1,0,1,1,1
2026-07-03T20:06:05.292,tof2,4x4,side_left,2978,3259,-1,3330,-1,1475,2203,-1,1553,969,1615,-1,-1,818,-1,1050,1,1,0,1,1,1,1,0,1,1,1,0,1,1,1,1
2026-07-03T20:06:05.382,tof1,4x4,side_left,-1,-1,-1,-1,-1,-1,448,-1,-1,528,410,362,-1,297,302,278,0,0,0,0,0,0,1,0,0,1,1,1,0,1,1,1
2026-07-03T20:06:05.450,tof2,4x4,side_left,2992,3259,-1,3330,-1,1475,-1,3468,1555,965,1599,-1,-1,818,964,1054,1,1,1,1,0,1,0,1,1,1,1,0,1,1,1,1
2026-07-03T20:06:05.542,tof1,4x4,side_left,-1,-1,-1,-1,-1,-1,-1,-1,-1,530,411,362,-1,297,302,278,1,0,0,0,0,0,0,0,0,1,1,1,0,1,1,1
2026-07-03T20:06:05.606,tof2,4x4,side_left,3004,3257,-1,3317,-1,1475,2165,3467,1555,961,1609,-1,1059,818,-1,1050,1,1,0,1,1,1,1,1,1,1,1,0,1,1,1,1
2026-07-03T20:06:06.673,tof1,4x4,side_left,-1,-1,-1,-1,-1,-1,448,-1,-1,530,411,362,-1,297,302,278,0,0,0,0,0,0,1,0,0,1,1,1,0,1,1,1
2026-07-03T20:06:06.715,tof2,4x4,side_left,3004,3255,-1,3312,-1,1475,-1,3462,1578,960,1609,-1,1060,818,-1,1054,1,1,0,1,0,1,0,1,1,1,1,0,1,1,1,1
2026-07-03T20:06:06.838,tof1,4x4,side_left,-1,-1,-1,-1,-1,-1,-1,-1,-1,530,411,361,-1,295,304,279,0,0,0,0,0,0,0,0,0,1,1,1,0,1,1,1
2026-07-03T20:06:06.909,tof2,4x4,side_left,3006,3255,3305,3312,2107,1480,2165,3454,-1,961,1609,-1,1060,819,974,1050,1,1,1,1,1,1,1,1,1,1,1,0,1,1,1,1
2026-07-03T20:06:06.994,tof1,4x4,side_left,-1,-1,-1,-1,-1,-1,-1,-1,-1,530,412,361,-1,295,305,278,0,0,0,1,0,0,0,0,0,1,1,1,0,1,1,1
2026-07-03T20:06:07.065,tof2,4x4,side_left,3008,3255,-1,3312,2098,1480,-1,3457,1613,965,1609,-1,-1,821,-1,1048,1,1,1,1,1,1,1,1,1,1,1,1,1,1,1,1
2026-07-03T20:06:07.163,tof1,4x4,side_left,-1,-1,-1,-1,-1,-1,448,-1,-1,531,412,361,-1,297,305,277,0,0,0,0,0,0,1,0,0,1,1,1,0,1,1,1
2026-07-03T20:06:07.225,tof2,4x4,side_left,3010,3255,-1,3328,-1,1483,2160,-1,1619,960,1609,-1,1063,819,-1,1044,1,1,0,1,0,1,1,0,1,1,1,0,1,1,1,1
2026-07-03T20:06:07.336,tof1,4x4,side_left,-1,-1,-1,-1,-1,-1,448,-1,-1,528,412,361,-1,297,305,277,0,0,0,0,0,0,1,0,0,1,1,1,0,1,1,1
2026-07-03T20:06:07.402,tof2,4x4,side_left,3037,3255,-1,3328,-1,1483,-1,3457,1619,964,1586,-1,-1,820,-1,1043,1,1,0,1,1,1,0,1,1,1,1,1,1,1,1,1
2026-07-03T20:06:07.513,tof1,4x4,side_left,-1,-1,-1,-1,-1,-1,-1,-1,-1,528,412,361,-1,299,305,277,0,0,0,0,0,0,0,0,0,1,1,1,0,1,1,1
2026-07-03T20:06:07.565,tof2,4x4,side_left,3037,3255,-1,3328,-1,1483,2120,-1,1619,964,1586,-1,1059,820,965,1040,1,1,0,1,0,1,1,0,1,1,1,1,1,1,1,1
2026-07-03T20:06:07.680,tof1,4x4,side_left,-1,-1,-1,-1,-1,-1,-1,-1,-1,529,412,362,1098,299,303,277,0,0,0,0,0,0,0,0,0,1,1,1,1,1,1,1
2026-07-03T20:06:07.741,tof2,4x4,side_left,-1,3255,-1,3327,2098,1483,2120,3454,1619,962,1591,-1,1061,820,-1,1040,0,1,1,1,1,1,1,1,1,1,1,0,1,1,1,1
2026-07-03T20:06:07.882,tof1,4x4,side_left,-1,-1,-1,-1,-1,-1,447,-1,-1,529,411,362,-1,298,303,279,0,0,0,0,0,0,1,0,0,1,1,1,0,1,1,1
2026-07-03T20:06:07.892,tof2,4x4,side_left,3044,3254,-1,3322,-1,1483,-1,3454,-1,962,1586,-1,1054,820,-1,1040,1,1,0,1,1,1,0,1,1,1,1,0,1,1,1,1
2026-07-03T20:06:08.153,tof1,4x4,side_left,-1,-1,-1,-1,-1,-1,-1,-1,-1,526,411,362,-1,298,303,279,0,0,0,0,0,0,0,0,0,1,1,1,0,1,1,1
2026-07-03T20:06:08.394,tof2,4x4,side_left,3010,3254,3325,3321,-1,-1,2158,3455,1619,964,1591,-1,-1,820,-1,1046,1,1,1,1,0,1,1,1,1,1,1,0,1,1,1,1
2026-07-03T20:06:08.405,tof1,4x4,side_left,-1,-1,-1,-1,-1,-1,-1,-1,-1,526,410,362,1048,293,303,279,0,0,0,0,0,0,0,0,0,1,1,1,1,1,1,1
2026-07-03T20:06:08.570,tof1,4x4,side_left,-1,-1,-1,-1,-1,-1,-1,-1,-1,524,410,362,-1,293,302,279,0,0,0,0,0,0,0,0,0,1,1,1,0,1,1,1
2026-07-03T20:06:08.608,tof2,4x4,side_left,3029,3253,3329,3321,2098,1468,-1,3455,-1,962,1596,1325,1054,820,-1,1046,1,1,1,1,1,1,0,1,1,1,1,1,1,1,1,1
2026-07-03T20:06:08.768,tof1,4x4,side_left,-1,-1,-1,-1,-1,-1,-1,-1,-1,524,409,362,1049,296,302,278,1,0,0,0,0,0,0,0,0,1,1,1,1,1,1,1
2026-07-03T20:06:08.783,tof2,4x4,side_left,2998,3258,3329,3321,-1,1468,-1,3455,-1,964,1596,-1,1054,820,974,1046,1,1,1,1,0,1,0,1,0,1,1,0,1,1,1,1
2026-07-03T20:06:08.943,tof2,4x4,side_left,3029,3258,-1,3296,-1,1460,2158,3472,-1,968,1597,-1,1061,820,-1,1046,1,1,0,1,0,1,1,1,0,1,1,0,1,1,1,1
2026-07-03T20:06:08.973,tof1,4x4,side_left,-1,-1,-1,-1,-1,-1,-1,-1,-1,524,409,360,1061,294,302,278,0,0,0,0,0,0,0,0,0,1,1,1,1,1,1,1
2026-07-03T20:06:09.118,tof2,4x4,side_left,2966,3258,-1,3301,-1,1456,2193,3472,-1,968,1597,-1,1054,818,974,1048,1,1,0,1,1,1,1,1,0,1,1,0,1,1,1,1
2026-07-03T20:06:09.136,tof1,4x4,side_left,-1,-1,-1,-1,-1,-1,-1,-1,-1,524,409,360,-1,296,302,278,0,0,0,0,0,0,0,0,0,1,1,1,1,1,1,1
2026-07-03T20:06:09.283,tof2,4x4,side_left,2966,3261,3329,3307,-1,1456,2193,3487,-1,968,1596,-1,-1,818,-1,1049,1,1,1,1,0,1,1,1,1,1,1,0,1,1,1,1
2026-07-03T20:06:09.452,tof2,4x4,side_left,2966,3261,3329,3307,-1,-1,2211,3487,1653,968,1597,-1,1058,820,-1,1049,1,1,1,1,0,1,1,1,1,1,1,0,1,1,1,1
2026-07-03T20:06:09.622,tof2,4x4,side_left,3023,3257,-1,3307,-1,1482,-1,3487,1653,953,1603,-1,1063,817,-1,1050,1,1,0,1,1,1,0,1,1,1,1,1,1,1,1,1
2026-07-03T20:06:09.808,tof2,4x4,side_left,2943,3257,-1,3307,2098,1470,2211,3487,1644,952,1591,-1,1065,817,-1,1049,1,1,1,1,1,1,1,1,1,1,1,0,1,1,1,1
2026-07-03T20:06:09.956,tof2,4x4,side_left,3023,3257,-1,3314,-1,1482,2187,3518,-1,953,1591,-1,1058,825,976,1049,1,1,1,1,0,1,1,1,1,1,1,1,1,1,1,1
2026-07-03T20:06:10.107,tof2,4x4,side_left,3025,3252,-1,3314,-1,1482,-1,3518,1653,953,1593,-1,1058,825,-1,1050,1,1,0,1,1,1,0,1,1,1,1,0,1,1,1,1
2026-07-03T20:06:10.277,tof2,4x4,side_left,-1,3252,-1,3316,-1,1470,2170,3475,1644,953,1591,-1,-1,817,-1,1051,1,1,0,1,0,1,1,1,1,1,1,1,1,1,1,1
2026-07-03T20:06:10.411,tof1,4x4,side_left,-1,-1,-1,-1,-1,-1,-1,-1,-1,523,409,360,-1,296,303,278,0,0,0,0,0,0,0,0,0,1,1,1,0,1,1,1
2026-07-03T20:06:10.443,tof2,4x4,side_left,-1,3251,-1,3320,-1,1468,2170,3475,1581,960,1576,-1,1065,818,976,1050,1,1,0,1,0,1,1,1,1,1,1,0,1,1,1,1
2026-07-03T20:06:10.582,tof1,4x4,side_left,-1,-1,-1,-1,-1,436,447,-1,-1,523,411,361,-1,299,303,278,0,0,0,0,0,1,1,0,0,1,1,1,0,1,1,1
2026-07-03T20:06:10.608,tof2,4x4,side_left,3025,3251,-1,3320,-1,1468,-1,3474,1581,967,1576,-1,1058,818,-1,1051,1,1,0,1,0,1,1,1,1,1,1,0,1,1,1,1
2026-07-03T20:06:10.751,tof1,4x4,side_left,-1,-1,-1,-1,-1,-1,-1,-1,-1,523,412,361,1061,297,303,279,0,0,0,0,0,0,0,0,0,1,1,1,1,1,1,1
2026-07-03T20:06:10.802,tof2,4x4,side_left,2956,3255,-1,3320,-1,1468,2170,3474,-1,967,1589,-1,-1,818,-1,1051,1,1,0,1,0,1,1,1,1,1,1,0,1,1,1,1
2026-07-03T20:06:10.917,tof1,4x4,side_left,-1,-1,-1,-1,-1,-1,444,-1,-1,525,412,361,-1,297,303,279,0,0,0,0,0,0,1,0,0,1,1,1,0,1,1,1
2026-07-03T20:06:10.993,tof2,4x4,side_left,3014,3255,-1,3320,-1,1478,-1,3474,1581,956,1576,-1,-1,820,-1,1049,1,1,0,1,0,1,0,1,1,1,1,0,1,1,1,1
2026-07-03T20:06:11.102,tof1,4x4,side_left,-1,-1,-1,-1,-1,-1,-1,-1,-1,525,411,362,-1,297,300,279,0,0,0,0,0,0,0,0,0,1,1,1,0,1,1,1
2026-07-03T20:06:11.161,tof2,4x4,side_left,3014,3255,-1,3301,-1,1478,-1,3474,1581,967,1576,-1,1054,821,-1,1049,1,1,0,1,1,1,1,1,1,1,1,0,1,1,1,1
2026-07-03T20:06:11.265,tof1,4x4,side_left,-1,-1,-1,-1,-1,-1,-1,-1,-1,525,411,362,-1,297,300,279,0,0,0,0,0,0,0,0,0,1,1,1,1,1,1,1
2026-07-03T20:06:11.321,tof2,4x4,side_left,2957,3258,-1,3301,-1,1478,-1,3474,1612,959,1583,-1,-1,821,-1,1051,1,1,0,1,0,1,1,1,1,1,1,1,1,1,1,1
2026-07-03T20:06:11.433,tof1,4x4,side_left,-1,-1,-1,-1,-1,-1,-1,-1,-1,525,411,362,-1,293,301,280,0,0,0,0,0,0,0,0,0,1,1,1,0,1,1,1
2026-07-03T20:06:11.478,tof2,4x4,side_left,3014,3264,-1,3305,-1,1477,-1,3464,1626,959,1583,-1,1054,821,-1,1049,1,1,1,1,0,1,0,1,1,1,1,0,1,1,1,1
2026-07-03T20:06:11.597,tof1,4x4,side_left,-1,-1,-1,-1,-1,-1,444,-1,-1,525,411,362,-1,293,301,279,0,0,0,0,0,0,1,0,0,1,1,1,1,1,1,1
2026-07-03T20:06:11.652,tof2,4x4,side_left,3026,3258,-1,3301,2083,1477,-1,3464,1626,967,1583,-1,1062,821,-1,1048,1,1,0,1,1,1,0,1,1,1,1,0,1,1,1,1
2026-07-03T20:06:11.762,tof1,4x4,side_left,-1,-1,-1,-1,-1,-1,-1,-1,-1,525,411,362,-1,294,300,279,0,0,0,0,0,0,0,0,0,1,1,1,0,1,1,1
2026-07-03T20:06:11.814,tof2,4x4,side_left,3026,3258,-1,3305,2083,-1,2161,3454,1612,975,1589,-1,1055,822,985,1048,1,1,1,1,1,1,1,1,1,1,1,0,1,1,1,1
2026-07-03T20:06:11.985,tof1,4x4,side_left,-1,-1,-1,-1,-1,436,444,-1,-1,526,412,362,-1,294,301,278,0,0,0,0,0,1,1,0,0,1,1,1,0,1,1,1
2026-07-03T20:06:12.009,tof2,4x4,side_left,2991,3258,-1,3310,2100,1457,-1,3456,1612,982,1589,-1,1062,823,-1,1045,1,1,1,1,1,1,1,1,1,1,1,0,1,1,1,1
2026-07-03T20:06:12.140,tof1,4x4,side_left,-1,-1,-1,-1,-1,-1,-1,-1,-1,526,412,362,-1,295,301,278,0,0,0,0,0,0,0,0,0,1,1,1,0,1,1,1
2026-07-03T20:06:12.160,tof2,4x4,side_left,3026,3258,-1,3310,-1,-1,2161,3456,1627,982,1592,-1,1066,823,987,1045,1,1,1,1,1,1,1,1,1,1,1,0,1,1,1,1
2026-07-03T20:06:12.296,tof1,4x4,side_left,-1,-1,-1,-1,-1,-1,443,-1,-1,522,411,362,-1,296,301,278,0,0,0,0,0,0,1,0,0,1,1,1,0,1,1,1
2026-07-03T20:06:12.324,tof2,4x4,side_left,-1,3252,-1,3307,2100,-1,-1,3473,1549,975,1589,-1,1071,823,-1,1045,0,1,1,1,1,0,0,1,1,1,1,1,1,1,1,1
2026-07-03T20:06:12.452,tof1,4x4,side_left,-1,-1,-1,-1,-1,-1,-1,-1,-1,522,411,362,-1,298,302,277,0,0,0,1,0,0,0,0,0,1,1,1,0,1,1,1
2026-07-03T20:06:12.515,tof2,4x4,side_left,-1,3251,-1,3307,2128,-1,2195,-1,1642,972,1589,-1,1066,823,-1,1045,0,1,0,1,1,1,1,1,1,1,1,0,1,1,1,1
2026-07-03T20:06:12.616,tof1,4x4,side_left,-1,-1,-1,-1,-1,-1,444,-1,-1,522,411,361,-1,298,302,277,0,0,0,0,0,0,1,0,0,1,1,1,0,1,1,1
2026-07-03T20:06:12.676,tof2,4x4,side_left,-1,3252,-1,3303,-1,-1,2198,3473,1644,960,1582,-1,1068,823,-1,1047,0,1,0,1,0,0,1,1,1,1,1,0,1,1,1,1
2026-07-03T20:06:12.763,tof1,4x4,side_left,-1,-1,-1,-1,-1,-1,-1,-1,-1,522,411,362,-1,295,304,279,0,0,0,0,0,0,0,0,0,1,1,1,0,1,1,1
2026-07-03T20:06:12.844,tof2,4x4,side_left,2991,3252,-1,3302,-1,-1,-1,3473,-1,960,1584,-1,1066,823,-1,1047,1,1,0,1,0,1,1,1,1,1,1,1,1,1,1,1
2026-07-03T20:06:12.932,tof1,4x4,side_left,-1,-1,-1,-1,-1,436,445,-1,-1,522,410,362,-1,289,304,277,0,0,0,0,0,1,1,0,0,1,1,1,0,1,1,1
2026-07-03T20:06:13.000,tof2,4x4,side_left,2991,3251,-1,3302,-1,1457,2198,3473,1668,960,1584,-1,1065,822,987,1047,1,1,1,1,0,1,1,1,1,1,1,0,1,1,1,1
2026-07-03T20:06:13.101,tof1,4x4,side_left,-1,-1,-1,-1,-1,-1,-1,-1,-1,522,410,362,-1,289,305,276,0,0,0,0,0,0,0,0,0,1,1,1,0,1,1,1
2026-07-03T20:06:13.154,tof2,4x4,side_left,3017,3252,-1,3303,-1,-1,2198,3473,1644,960,1584,-1,1064,822,-1,1048,1,1,0,1,1,0,1,1,1,1,1,0,1,1,1,1
2026-07-03T20:06:13.294,tof1,4x4,side_left,-1,-1,-1,-1,-1,-1,445,-1,-1,527,410,362,-1,289,305,277,0,0,0,0,0,0,1,0,0,1,1,1,1,1,1,1
2026-07-03T20:06:13.319,tof2,4x4,side_left,3023,3257,-1,3305,2128,-1,2206,-1,1653,966,1584,-1,1064,821,985,1047,1,1,0,1,1,1,1,0,1,1,1,0,1,1,1,1
2026-07-03T20:06:13.479,tof1,4x4,side_left,-1,-1,-1,-1,-1,-1,-1,-1,-1,527,410,362,-1,289,304,278,0,0,0,0,0,0,0,0,0,1,1,1,0,1,1,1
2026-07-03T20:06:13.483,tof2,4x4,side_left,-1,3257,-1,3306,-1,-1,-1,3458,1653,972,1584,-1,1061,821,977,1043,1,1,1,1,0,0,0,1,1,1,1,0,1,1,1,1
2026-07-03T20:06:13.687,tof2,4x4,side_left,3017,3257,-1,3311,-1,1490,2187,3458,1661,968,1597,-1,1061,818,975,1047,1,1,0,1,0,1,1,1,1,1,1,0,1,1,1,1
2026-07-03T20:06:13.698,tof1,4x4,side_left,-1,-1,-1,-1,-1,-1,-1,-1,-1,527,410,362,-1,291,303,278,0,1,0,0,0,0,0,0,0,1,1,1,1,1,1,1
2026-07-03T20:06:13.855,tof2,4x4,side_left,3023,3257,-1,3314,2139,-1,-1,-1,1653,972,1573,1334,-1,817,-1,1047,1,1,1,1,1,1,1,1,1,1,1,1,1,1,1,1
2026-07-03T20:06:13.873,tof1,4x4,side_left,-1,-1,-1,-1,-1,-1,-1,-1,-1,527,410,362,-1,294,303,279,0,1,0,0,0,0,0,0,0,1,1,1,1,1,1,1
2026-07-03T20:06:14.023,tof2,4x4,side_left,3017,3257,-1,3314,2139,-1,-1,3458,1661,972,1608,-1,1056,817,-1,1047,1,1,0,1,1,1,0,1,1,1,1,0,1,1,1,1
2026-07-03T20:06:14.071,tof1,4x4,side_left,-1,-1,-1,-1,-1,-1,445,-1,-1,527,411,362,-1,294,303,279,0,0,0,0,0,0,1,0,0,1,1,1,0,1,1,1
2026-07-03T20:06:14.190,tof2,4x4,side_left,3006,3257,-1,3314,-1,1490,-1,3458,1661,968,1581,-1,-1,815,-1,1050,1,1,1,1,0,1,1,1,1,1,1,1,1,1,1,1
2026-07-03T20:06:14.288,tof1,4x4,side_left,-1,-1,-1,-1,-1,-1,449,-1,-1,530,412,362,-1,294,304,279,0,0,0,0,0,0,1,0,0,1,1,1,0,1,1,1
2026-07-03T20:06:14.360,tof2,4x4,side_left,2997,3257,-1,3337,-1,1483,2153,3436,1615,968,1596,1334,1061,815,-1,1050,1,1,0,1,1,1,1,1,1,1,1,1,1,1,1,1
2026-07-03T20:06:14.458,tof1,4x4,side_left,-1,-1,-1,-1,-1,-1,447,-1,-1,530,412,362,-1,288,304,279,0,0,0,0,0,0,1,0,0,1,1,1,0,1,1,1
2026-07-03T20:06:14.515,tof2,4x4,side_left,2997,3256,3343,3328,-1,1483,2187,3458,1615,953,1596,-1,1065,815,970,1053,1,1,1,1,1,1,1,1,1,1,1,0,1,1,1,1
2026-07-03T20:06:14.631,tof1,4x4,side_left,-1,-1,-1,-1,-1,-1,-1,-1,-1,530,413,362,-1,288,304,278,0,0,0,0,0,0,0,0,1,1,1,1,0,1,1,1
2026-07-03T20:06:14.672,tof2,4x4,side_left,2991,3250,-1,3328,-1,1483,-1,3458,1626,952,1611,-1,-1,817,970,1053,1,1,0,1,0,1,0,1,1,1,1,0,1,1,1,1
2026-07-03T20:06:14.806,tof1,4x4,side_left,-1,-1,-1,-1,-1,-1,447,-1,-1,527,413,362,-1,288,302,277,0,0,0,0,0,0,1,0,0,1,1,1,0,1,1,1
2026-07-03T20:06:14.866,tof2,4x4,side_left,2997,3250,3306,3328,-1,1481,2198,3472,1615,953,1596,-1,1065,817,-1,1052,1,1,1,1,0,1,1,1,1,1,1,0,1,1,1,1
2026-07-03T20:06:14.990,tof1,4x4,side_left,-1,-1,-1,-1,-1,-1,447,-1,-1,525,412,362,-1,288,301,277,0,0,0,0,0,0,1,0,0,1,1,1,0,1,1,1
2026-07-03T20:06:15.028,tof2,4x4,side_left,3003,3248,-1,-1,-1,1483,-1,3491,-1,959,1604,-1,1068,817,-1,1051,1,1,0,1,0,1,1,1,1,1,1,0,1,1,1,1
2026-07-03T20:06:15.148,tof1,4x4,side_left,-1,-1,-1,-1,-1,-1,-1,-1,-1,523,411,362,-1,295,301,278,0,0,0,0,0,0,0,0,0,1,1,1,0,1,1,1
2026-07-03T20:06:15.197,tof2,4x4,side_left,3003,3250,-1,3328,2139,1481,2187,3498,1626,959,1604,-1,-1,817,-1,1051,1,1,0,1,1,1,1,1,1,1,1,0,1,1,1,1
2026-07-03T20:06:15.303,tof1,4x4,side_left,-1,-1,-1,-1,-1,-1,444,389,-1,523,411,362,-1,295,301,279,0,0,0,0,0,0,1,1,0,1,1,1,0,1,1,1
2026-07-03T20:06:15.374,tof2,4x4,side_left,3003,3254,-1,3328,-1,1483,2190,3499,1643,961,1604,-1,1068,821,-1,1051,1,1,1,1,0,1,1,1,1,1,1,0,1,1,1,1
2026-07-03T20:06:15.467,tof1,4x4,side_left,-1,-1,-1,-1,-1,-1,-1,-1,-1,525,410,362,-1,294,301,281,0,0,0,0,0,0,0,0,0,1,1,1,0,1,1,1
2026-07-03T20:06:15.529,tof2,4x4,side_left,-1,3254,-1,3314,-1,1483,-1,3498,-1,965,1604,-1,-1,816,-1,1052,1,1,0,1,1,1,1,1,0,1,1,0,1,1,1,1
2026-07-03T20:06:15.637,tof1,4x4,side_left,-1,-1,-1,-1,-1,-1,-1,-1,-1,524,409,361,-1,294,303,282,0,0,0,0,0,0,0,0,0,1,1,1,0,1,1,1
2026-07-03T20:06:15.796,tof1,4x4,side_left,-1,-1,-1,-1,-1,-1,-1,-1,-1,528,409,361,-1,295,304,282,0,0,0,0,0,0,0,0,0,1,1,1,0,1,1,1
2026-07-03T20:06:15.946,tof2,4x4,side_left,3003,3256,-1,3308,-1,1483,-1,3498,1626,-1,1604,-1,-1,816,966,1051,1,1,1,1,0,1,0,1,1,1,1,0,1,1,1,1
2026-07-03T20:06:15.950,tof1,4x4,side_left,-1,-1,-1,-1,-1,-1,-1,-1,-1,528,408,361,-1,294,304,282,0,0,0,0,0,0,0,0,0,1,1,1,1,1,1,1
2026-07-03T20:06:16.100,tof2,4x4,side_left,2976,3256,-1,3314,-1,1483,-1,3496,1585,965,1595,-1,1068,816,966,1052,1,1,1,1,0,1,1,1,1,1,1,0,1,1,1,1
2026-07-03T20:06:16.120,tof1,4x4,side_left,-1,-1,-1,-1,-1,436,442,-1,-1,527,407,361,1049,295,304,278,0,0,0,0,0,1,1,0,0,1,1,1,1,1,1,1
2026-07-03T20:06:16.273,tof2,4x4,side_left,2976,3255,-1,3308,-1,1489,-1,3496,1643,965,1595,-1,1065,817,970,1052,1,1,0,1,1,1,0,1,1,1,1,0,1,1,1,1
2026-07-03T20:06:16.310,tof1,4x4,side_left,-1,-1,-1,-1,-1,-1,-1,-1,-1,527,407,361,-1,295,304,278,0,0,0,0,0,0,0,0,0,1,1,1,0,1,1,1
2026-07-03T20:06:16.431,tof2,4x4,side_left,2976,3255,3304,3308,-1,1489,-1,3490,-1,965,1591,-1,1065,817,-1,1047,1,1,1,1,1,1,1,1,1,1,1,0,1,1,1,1
2026-07-03T20:06:16.479,tof1,4x4,side_left,-1,-1,-1,-1,-1,-1,441,-1,-1,527,407,361,-1,295,304,278,0,0,0,0,0,0,1,0,0,1,1,1,0,1,1,1
2026-07-03T20:06:16.586,tof2,4x4,side_left,2961,3255,3306,3304,2123,1489,-1,3490,1585,966,1586,-1,1065,817,979,1047,1,1,1,1,1,1,1,1,1,1,1,0,1,1,1,1
2026-07-03T20:06:16.636,tof1,4x4,side_left,-1,-1,-1,-1,-1,436,442,-1,-1,524,408,362,-1,293,304,278,0,0,0,0,0,1,1,0,0,1,1,1,0,1,1,1
2026-07-03T20:06:16.747,tof2,4x4,side_left,2961,3255,-1,3335,-1,1489,-1,3477,1585,964,1578,-1,-1,817,-1,1047,1,1,1,1,0,1,1,1,1,1,1,0,1,1,1,1
2026-07-03T20:06:16.789,tof1,4x4,side_left,-1,-1,-1,-1,-1,436,444,-1,-1,523,408,360,-1,287,304,278,0,0,0,0,0,1,1,0,0,1,1,1,1,1,1,1
2026-07-03T20:06:16.992,tof2,4x4,side_left,2989,3258,-1,3337,2176,1487,-1,3477,-1,967,1586,-1,1065,820,979,1047,1,1,0,1,1,1,0,1,0,1,1,1,1,1,1,1
2026-07-03T20:06:17.098,tof1,4x4,side_left,-1,-1,-1,-1,-1,-1,-1,-1,-1,524,408,360,-1,286,303,279,0,0,0,0,0,0,0,0,0,1,1,1,1,1,1,1
2026-07-03T20:06:17.148,tof2,4x4,side_left,2963,3258,-1,3338,-1,1481,-1,3466,1585,969,1586,-1,1065,820,-1,1051,1,1,0,1,1,1,0,1,1,1,1,0,1,1,1,1
2026-07-03T20:06:17.262,tof1,4x4,side_left,-1,-1,-1,-1,-1,-1,-1,-1,-1,522,410,360,-1,287,302,280,0,0,0,0,0,0,0,0,0,1,1,1,0,1,1,1
2026-07-03T20:06:17.313,tof2,4x4,side_left,2982,3260,-1,3337,2123,-1,2190,3477,1604,969,1586,-1,1062,820,-1,1051,1,1,1,1,1,1,1,1,1,1,1,0,1,1,1,1
2026-07-03T20:06:17.415,tof1,4x4,side_left,-1,-1,-1,-1,-1,-1,444,-1,-1,524,412,361,-1,287,302,280,0,0,0,0,0,0,1,0,0,1,1,1,0,1,1,1
2026-07-03T20:06:17.486,tof2,4x4,side_left,2994,3260,3307,3337,2123,1481,-1,3481,-1,959,1590,-1,1065,820,1048,1051,1,1,1,1,1,1,1,1,1,1,1,0,1,1,1,1
2026-07-03T20:06:18.396,tof1,4x4,side_left,-1,-1,-1,-1,-1,-1,-1,-1,-1,522,411,360,-1,289,303,280,0,0,0,0,0,0,0,0,0,1,1,1,1,1,1,1
2026-07-03T20:06:18.438,tof2,4x4,side_left,2982,3253,-1,3334,-1,1478,2190,3482,1604,969,1603,-1,1061,820,-1,1051,1,1,0,1,0,1,1,1,1,1,1,0,1,1,1,1
2026-07-03T20:06:18.569,tof1,4x4,side_left,-1,-1,-1,-1,-1,-1,-1,-1,-1,525,411,361,-1,294,302,279,0,0,0,0,0,0,0,0,0,1,1,1,0,1,1,1
2026-07-03T20:06:18.607,tof2,4x4,side_left,-1,3247,3307,3308,-1,1474,2182,3481,-1,971,1604,-1,-1,818,-1,1051,1,1,1,1,0,1,1,1,0,1,1,0,1,1,1,1
2026-07-03T20:06:18.725,tof1,4x4,side_left,-1,-1,-1,-1,-1,-1,444,-1,-1,524,411,361,-1,297,303,279,1,0,0,0,0,0,1,0,0,1,1,1,0,1,1,1
2026-07-03T20:06:18.771,tof2,4x4,side_left,2963,3245,-1,3308,-1,1473,-1,3481,1604,959,1603,-1,1062,818,-1,1045,1,1,0,1,0,1,1,1,1,1,1,1,1,1,1,1
2026-07-03T20:06:18.896,tof1,4x4,side_left,-1,-1,-1,-1,-1,-1,444,-1,-1,524,411,361,1049,296,304,279,0,0,0,0,0,0,1,0,0,1,1,1,1,1,1,1
2026-07-03T20:06:18.942,tof2,4x4,side_left,2982,3245,-1,3306,-1,1467,2166,-1,1604,967,1603,-1,1061,820,-1,1047,1,1,0,1,1,1,1,0,1,1,1,0,1,1,1,1
2026-07-03T20:06:19.057,tof1,4x4,side_left,-1,-1,-1,-1,-1,-1,-1,-1,-1,524,410,361,-1,297,304,279,0,0,0,0,0,0,0,0,0,1,1,1,0,1,1,1
2026-07-03T20:06:19.106,tof2,4x4,side_left,2984,3247,3322,3303,2122,1473,2166,3481,-1,967,1590,-1,1062,820,1048,1047,1,1,1,1,1,1,1,1,1,1,1,0,1,1,1,1
2026-07-03T20:06:19.239,tof1,4x4,side_left,-1,-1,-1,-1,-1,-1,-1,-1,-1,524,410,361,-1,298,304,280,0,0,0,0,0,0,0,0,0,1,1,1,0,1,1,1
2026-07-03T20:06:19.284,tof2,4x4,side_left,2961,3254,-1,3303,-1,1473,2173,3486,-1,963,1579,-1,1062,820,1048,1047,1,1,0,1,1,1,1,1,1,1,1,0,1,1,1,1
2026-07-03T20:06:19.401,tof1,4x4,side_left,-1,-1,-1,-1,-1,-1,-1,-1,-1,524,409,361,1061,299,304,280,0,0,0,0,0,0,0,0,0,1,1,1,1,1,1,1
2026-07-03T20:06:19.451,tof2,4x4,side_left,2959,3254,-1,3316,-1,1477,2165,3480,1604,963,1579,-1,1062,820,987,1047,1,1,1,1,1,1,1,1,1,1,1,0,1,1,1,1
2026-07-03T20:06:19.559,tof1,4x4,side_left,-1,-1,-1,-1,-1,-1,444,-1,-1,523,409,361,447,299,304,280,1,0,0,0,0,0,1,0,0,1,1,1,1,1,1,1
2026-07-03T20:06:19.609,tof2,4x4,side_left,2984,3254,-1,3296,-1,1477,-1,3480,1586,967,1579,-1,1058,819,987,1049,1,1,0,1,0,1,0,1,1,1,1,0,1,1,1,1
2026-07-03T20:06:19.716,tof1,4x4,side_left,-1,-1,-1,-1,-1,-1,444,-1,-1,523,408,360,-1,299,303,280,0,0,0,0,0,0,1,0,0,1,1,1,0,1,1,1
2026-07-03T20:06:19.796,tof2,4x4,side_left,2944,3254,-1,3316,-1,1480,-1,3480,1586,963,1579,-1,1058,817,981,1051,1,1,1,1,0,1,0,1,1,1,1,0,1,1,1,1
2026-07-03T20:06:19.873,tof1,4x4,side_left,-1,-1,-1,-1,-1,436,443,-1,-1,522,408,359,-1,299,302,277,0,0,0,0,0,1,1,0,0,1,1,1,1,1,1,1
2026-07-03T20:06:19.942,tof2,4x4,side_left,2944,3253,-1,3316,-1,1477,-1,3480,1610,963,1585,-1,1057,819,959,1049,1,1,0,1,1,1,1,1,1,1,1,0,1,1,1,1
2026-07-03T20:06:20.030,tof1,4x4,side_left,-1,-1,-1,-1,-1,-1,-1,-1,-1,523,407,359,-1,296,303,277,0,1,0,0,0,0,0,0,0,1,1,1,0,1,1,1
2026-07-03T20:06:20.113,tof2,4x4,side_left,2965,3253,-1,3323,2122,1471,2173,3480,1610,967,1590,-1,1054,817,-1,1051,1,1,0,1,1,1,1,1,1,1,1,0,1,1,1,1
2026-07-03T20:06:20.202,tof1,4x4,side_left,-1,-1,-1,-1,-1,436,443,-1,-1,522,409,359,-1,293,302,277,0,0,0,0,0,1,1,0,0,1,1,1,0,1,1,1
2026-07-03T20:06:20.272,tof2,4x4,side_left,-1,3253,-1,3296,-1,1471,2173,3481,1610,967,1585,-1,1054,817,974,1051,1,1,0,1,1,1,1,1,1,1,1,0,1,1,1,1
2026-07-03T20:06:20.367,tof1,4x4,side_left,-1,-1,-1,-1,-1,-1,-1,-1,-1,523,409,363,-1,293,303,277,0,0,0,0,0,0,0,0,0,1,1,1,0,1,1,1
2026-07-03T20:06:20.440,tof2,4x4,side_left,2966,3254,-1,3323,2122,1473,-1,-1,-1,968,1585,-1,1054,820,967,1049,1,1,1,1,1,1,0,1,0,1,1,0,1,1,1,1
2026-07-03T20:06:20.531,tof1,4x4,side_left,-1,-1,-1,-1,-1,-1,-1,-1,-1,523,409,363,447,294,302,277,1,0,0,0,0,0,0,0,0,1,1,1,1,1,1,1
2026-07-03T20:06:20.616,tof2,4x4,side_left,2965,3256,3322,3315,-1,1471,-1,3490,1610,968,1590,-1,1063,820,-1,1046,1,1,1,1,1,1,1,1,1,1,1,0,1,1,1,1
2026-07-03T20:06:20.684,tof1,4x4,side_left,-1,-1,-1,-1,-1,-1,-1,-1,-1,523,409,363,-1,293,302,279,0,0,0,0,0,0,0,0,0,1,1,1,0,1,1,1
2026-07-03T20:06:20.785,tof2,4x4,side_left,2966,3256,-1,3320,2122,1471,2180,3490,1660,968,1580,-1,1063,816,-1,1046,1,1,0,1,1,1,1,1,1,1,1,0,1,1,1,1
2026-07-03T20:06:20.863,tof1,4x4,side_left,-1,-1,-1,-1,-1,-1,-1,-1,-1,524,410,363,-1,293,302,279,0,0,0,0,0,0,0,0,0,1,1,1,0,1,1,1
2026-07-03T20:06:20.946,tof2,4x4,side_left,2965,3256,-1,3320,-1,1473,-1,3490,1640,968,1580,-1,1069,823,-1,1046,1,1,0,1,0,1,0,1,1,1,1,0,1,1,1,1
2026-07-03T20:06:21.034,tof1,4x4,side_left,-1,-1,-1,-1,-1,-1,443,-1,-1,525,410,363,-1,291,303,277,0,0,0,0,0,0,1,0,0,1,1,1,0,1,1,1
2026-07-03T20:06:21.097,tof2,4x4,side_left,-1,3256,-1,3320,2082,1471,-1,3481,-1,968,1580,-1,1069,818,-1,1046,0,1,0,1,1,1,0,1,1,1,1,0,1,1,1,1
2026-07-03T20:06:21.193,tof1,4x4,side_left,-1,-1,-1,-1,-1,436,443,-1,-1,524,412,363,-1,290,303,279,0,0,0,0,0,1,1,0,0,1,1,1,0,1,1,1
2026-07-03T20:06:21.264,tof2,4x4,side_left,-1,3256,-1,3320,-1,1471,-1,3490,-1,968,-1,-1,1063,818,967,1047,1,1,1,1,0,1,1,1,0,1,1,0,1,1,1,1
2026-07-03T20:06:21.349,tof1,4x4,side_left,-1,-1,-1,-1,-1,-1,-1,-1,-1,524,412,363,-1,285,305,279,0,0,0,0,0,0,0,0,0,1,1,1,1,1,1,1
2026-07-03T20:06:21.427,tof2,4x4,side_left,-1,3252,-1,3320,-1,1471,-1,3490,1602,964,1579,-1,1063,819,967,1055,1,1,1,1,0,1,0,1,1,1,1,0,1,1,1,1
2026-07-03T20:06:21.524,tof1,4x4,side_left,-1,-1,-1,-1,-1,-1,443,-1,-1,524,412,363,-1,285,306,278,0,0,0,0,0,0,1,0,0,1,1,1,0,1,1,1
2026-07-03T20:06:21.614,tof2,4x4,side_left,2964,3254,-1,3307,2082,-1,2180,3508,1602,963,1579,-1,1066,819,-1,1055,1,1,1,1,1,1,1,1,1,1,1,0,1,1,1,1
2026-07-03T20:06:21.684,tof1,4x4,side_left,-1,-1,-1,-1,-1,-1,445,-1,-1,524,412,363,-1,284,306,278,0,0,0,0,0,0,1,0,0,1,1,1,0,1,1,1
2026-07-03T20:06:21.786,tof2,4x4,side_left,2964,3252,-1,3307,-1,-1,-1,3508,1613,974,1589,-1,1063,818,-1,1055,1,1,0,1,0,0,0,1,1,1,1,0,1,1,1,1
2026-07-03T20:06:21.842,tof1,4x4,side_left,-1,-1,-1,-1,-1,-1,447,-1,-1,523,412,363,-1,284,306,279,1,0,0,0,0,0,1,0,0,1,1,1,0,1,1,1
2026-07-03T20:06:21.949,tof2,4x4,side_left,3011,3252,-1,3309,-1,-1,-1,3508,-1,962,1573,-1,1063,819,-1,-1,1,1,0,1,0,1,1,1,1,1,1,0,1,1,1,1
2026-07-03T20:06:22.005,tof1,4x4,side_left,-1,-1,-1,-1,-1,-1,449,-1,-1,522,411,363,-1,284,306,279,1,0,0,0,0,0,1,0,0,1,1,1,0,1,1,1
2026-07-03T20:06:22.169,tof1,4x4,side_left,-1,-1,-1,-1,-1,-1,-1,-1,-1,522,411,362,-1,285,306,279,0,0,0,0,0,0,0,0,0,1,1,1,0,1,1,1
2026-07-03T20:06:22.212,tof2,4x4,side_left,-1,3252,-1,-1,-1,-1,-1,-1,-1,958,1596,-1,1066,819,-1,1055,1,1,0,1,0,0,0,0,1,1,1,0,1,1,1,1
2026-07-03T20:06:22.375,tof2,4x4,side_left,-1,3252,-1,3307,-1,-1,-1,3508,1613,962,1598,-1,1063,819,-1,1048,0,1,0,1,0,0,0,1,1,1,1,0,1,1,1,1
2026-07-03T20:06:22.380,tof1,4x4,side_left,-1,-1,-1,-1,-1,-1,-1,-1,-1,523,411,362,-1,285,305,279,0,0,0,0,0,0,0,0,0,1,1,1,0,1,1,1
2026-07-03T20:06:22.541,tof2,4x4,side_left,2964,3249,-1,3309,-1,-1,2180,3495,-1,962,1627,-1,1063,821,-1,1048,1,1,1,1,0,0,1,1,0,1,1,0,1,1,1,1
2026-07-03T20:06:22.625,tof1,4x4,side_left,-1,-1,-1,-1,-1,-1,449,-1,-1,523,410,362,-1,292,302,279,0,0,0,0,0,0,1,0,0,1,1,1,1,1,1,1
2026-07-03T20:06:22.806,tof1,4x4,side_left,-1,-1,-1,-1,-1,-1,452,-1,-1,526,410,362,-1,294,302,279,0,0,0,1,0,0,1,0,0,1,1,1,0,1,1,1
2026-07-03T20:06:22.959,tof1,4x4,side_left,-1,-1,-1,-1,-1,-1,453,-1,-1,526,409,362,-1,294,302,278,1,0,0,1,0,0,1,0,0,1,1,1,0,1,1,1
2026-07-03T20:06:23.037,tof2,4x4,side_left,2989,3252,-1,3330,-1,-1,2174,-1,1596,962,1598,-1,1061,821,967,1051,1,1,0,1,1,0,1,1,1,1,1,0,1,1,1,1
2026-07-03T20:06:23.134,tof1,4x4,side_left,-1,-1,-1,-1,-1,440,452,-1,-1,527,408,362,-1,294,302,279,0,0,0,1,0,1,1,0,0,1,1,1,0,1,1,1
2026-07-03T20:06:23.193,tof2,4x4,side_left,2989,3252,-1,3315,-1,-1,-1,-1,-1,-1,1598,-1,1061,822,967,1051,1,1,0,1,1,0,0,0,1,1,1,0,1,1,1,1
2026-07-03T20:06:23.289,tof1,4x4,side_left,-1,-1,-1,-1,-1,438,448,-1,-1,527,409,362,-1,294,303,277,0,0,0,0,0,1,1,0,0,1,1,1,0,1,1,1
2026-07-03T20:06:23.360,tof2,4x4,side_left,-1,3254,-1,3324,-1,-1,2174,3490,-1,955,1577,-1,1057,821,967,1051,1,1,0,1,0,0,1,1,0,1,1,0,1,1,1,1
2026-07-03T20:06:23.454,tof1,4x4,side_left,-1,-1,-1,-1,-1,-1,-1,-1,-1,526,409,359,-1,290,303,277,0,0,0,0,0,0,0,0,0,1,1,1,0,1,1,1
2026-07-03T20:06:23.517,tof2,4x4,side_left,2980,3254,-1,3324,-1,-1,2167,3495,1613,955,1577,-1,-1,821,967,1052,1,1,0,1,1,0,1,1,1,1,1,0,1,1,1,1
2026-07-03T20:06:23.618,tof1,4x4,side_left,-1,-1,-1,-1,-1,-1,446,-1,-1,527,409,361,-1,289,303,278,0,0,0,0,0,0,1,0,0,1,1,1,0,1,1,1
2026-07-03T20:06:23.676,tof2,4x4,side_left,-1,3255,-1,3324,-1,-1,2161,3480,-1,955,1577,-1,1057,820,-1,1051,1,1,1,1,0,1,1,1,0,1,1,0,1,1,1,1
2026-07-03T20:06:23.780,tof1,4x4,side_left,-1,-1,-1,-1,-1,-1,446,-1,-1,527,409,361,-1,290,303,278,0,0,0,0,0,0,1,0,0,1,1,1,0,1,1,1
2026-07-03T20:06:23.831,tof2,4x4,side_left,2980,3263,-1,3324,-1,1490,-1,3471,-1,955,1584,-1,1056,820,967,1052,1,1,0,1,0,1,0,1,1,1,1,1,1,1,1,1
2026-07-03T20:06:23.939,tof1,4x4,side_left,-1,-1,-1,-1,-1,-1,-1,-1,-1,526,409,361,-1,293,303,278,0,0,0,0,1,0,0,0,0,1,1,1,0,1,1,1
2026-07-03T20:06:24.000,tof2,4x4,side_left,2980,3263,-1,3331,-1,1487,2161,3471,1613,955,1584,-1,-1,820,-1,1051,1,1,0,1,0,1,1,1,1,1,1,0,1,1,1,1
2026-07-03T20:06:24.096,tof1,4x4,side_left,-1,-1,-1,-1,-1,-1,446,-1,-1,525,410,361,-1,290,304,278,0,0,0,0,0,0,1,0,0,1,1,1,0,1,1,1
2026-07-03T20:06:24.167,tof2,4x4,side_left,2980,3255,-1,3331,-1,1487,-1,3491,1646,957,1588,-1,-1,819,-1,1052,1,1,0,1,0,1,1,1,1,1,1,0,1,1,1,1
2026-07-03T20:06:24.264,tof1,4x4,side_left,3348,-1,-1,-1,-1,-1,440,-1,-1,526,411,361,-1,293,304,278,1,0,1,0,0,0,1,0,0,1,1,1,0,1,1,1
2026-07-03T20:06:24.336,tof2,4x4,side_left,3002,3255,-1,3335,-1,1492,-1,3478,1584,965,1592,-1,1056,819,-1,1051,1,1,1,1,0,1,0,1,1,1,1,0,1,1,1,1
2026-07-03T20:06:24.419,tof1,4x4,side_left,-1,-1,-1,-1,-1,-1,-1,-1,-1,523,410,361,-1,293,304,278,0,0,0,0,0,0,0,0,0,1,1,1,0,1,1,1
2026-07-03T20:06:24.508,tof2,4x4,side_left,3002,3255,-1,3340,-1,1487,-1,3478,-1,965,1588,1334,1059,819,970,1052,1,1,1,1,0,1,1,1,1,1,1,1,1,1,1,1
2026-07-03T20:06:24.591,tof1,4x4,side_left,-1,-1,-1,-1,-1,-1,-1,-1,-1,523,410,360,-1,292,304,278,0,0,0,0,0,0,0,0,0,1,1,1,1,1,1,1
2026-07-03T20:06:24.668,tof2,4x4,side_left,3002,3255,3322,3331,-1,1487,-1,3478,1644,966,1588,-1,1059,819,-1,1051,1,1,1,1,1,1,0,1,1,1,1,0,1,1,1,1
2026-07-03T20:06:24.749,tof1,4x4,side_left,-1,-1,-1,-1,-1,-1,444,-1,-1,525,410,360,-1,284,304,278,0,0,0,0,0,0,1,0,0,1,1,1,0,1,1,1
2026-07-03T20:06:24.870,tof2,4x4,side_left,3002,3257,-1,3313,-1,1481,-1,3478,1584,965,-1,-1,1059,819,970,1052,1,1,0,1,0,1,0,1,1,1,1,0,1,1,1,1
2026-07-03T20:06:24.915,tof1,4x4,side_left,-1,-1,-1,-1,-1,-1,-1,-1,-1,525,410,360,-1,283,303,278,0,0,0,0,0,0,0,0,0,1,1,1,0,1,1,1
2026-07-03T20:06:25.031,tof2,4x4,side_left,2994,3257,3326,3313,2138,1481,2161,3478,1644,963,1588,-1,1066,818,970,1052,1,1,1,1,1,1,1,1,1,1,1,0,1,1,1,1
2026-07-03T20:06:25.066,tof1,4x4,side_left,-1,-1,-1,-1,-1,-1,444,-1,-1,525,410,360,-1,283,303,278,0,0,0,0,0,0,1,0,0,1,1,1,0,1,1,1
2026-07-03T20:06:25.188,tof2,4x4,side_left,2987,3257,-1,3313,2079,1481,-1,3489,1576,963,1588,-1,-1,818,965,1052,1,1,1,1,1,1,0,1,1,1,1,1,1,1,1,1
2026-07-03T20:06:25.234,tof1,4x4,side_left,-1,-1,-1,-1,-1,-1,-1,-1,-1,529,410,360,-1,286,303,278,1,0,0,0,0,0,0,0,0,1,1,1,0,1,1,1
2026-07-03T20:06:25.337,tof2,4x4,side_left,2987,3257,-1,3313,-1,1491,-1,3499,-1,963,1584,-1,1066,818,970,1049,1,1,0,1,1,1,0,1,1,1,1,0,1,1,1,1
2026-07-03T20:06:25.399,tof1,4x4,side_left,-1,-1,-1,-1,-1,-1,-1,-1,-1,529,410,360,-1,286,303,278,0,0,0,0,0,0,0,0,0,1,1,1,1,1,1,1
2026-07-03T20:06:25.497,tof2,4x4,side_left,2987,3252,-1,3304,-1,1481,2161,3499,1632,963,1588,-1,1066,820,-1,1048,1,1,0,1,0,1,1,1,1,1,1,0,1,1,1,1
2026-07-03T20:06:25.564,tof1,4x4,side_left,-1,-1,-1,-1,-1,-1,-1,-1,-1,528,410,360,-1,286,303,278,1,0,0,0,0,0,0,0,0,1,1,1,1,1,1,1
2026-07-03T20:06:25.672,tof2,4x4,side_left,2976,3252,-1,-1,-1,1482,-1,3499,1628,963,1605,-1,1066,820,977,1048,1,1,1,1,0,1,1,1,1,1,1,0,1,1,1,1
2026-07-03T20:06:25.737,tof1,4x4,side_left,-1,-1,-1,-1,-1,-1,440,-1,-1,528,411,361,-1,286,303,278,0,0,0,0,0,0,1,0,0,1,1,1,0,1,1,1
2026-07-03T20:06:25.833,tof2,4x4,side_left,2976,3253,-1,3323,2119,1482,-1,3493,1632,972,1606,-1,1057,820,-1,1048,1,1,1,1,1,1,1,1,1,1,1,1,1,1,1,1
2026-07-03T20:06:25.903,tof1,4x4,side_left,-1,-1,-1,-1,-1,-1,-1,-1,-1,525,411,362,-1,286,303,281,1,0,0,0,0,0,0,0,0,1,1,1,0,1,1,1
2026-07-03T20:06:25.984,tof2,4x4,side_left,-1,3252,-1,3323,-1,1482,-1,3493,-1,968,1606,-1,1057,819,-1,1048,1,1,1,1,0,1,0,1,1,1,1,0,1,1,1,1
2026-07-03T20:06:26.051,tof1,4x4,side_left,-1,-1,-1,-1,-1,-1,-1,-1,-1,525,411,362,-1,290,303,278,0,0,0,0,0,0,0,0,0,1,1,1,1,1,1,1
2026-07-03T20:06:26.164,tof2,4x4,side_left,2999,3253,-1,3317,-1,1480,-1,3474,-1,976,1606,-1,1057,819,-1,1049,1,1,0,1,0,1,0,1,1,1,1,0,1,1,1,1
2026-07-03T20:06:26.212,tof1,4x4,side_left,-1,-1,-1,-1,-1,438,442,-1,-1,524,411,363,-1,292,301,279,0,0,0,0,0,1,1,0,0,1,1,1,0,1,1,1
2026-07-03T20:06:26.345,tof2,4x4,side_left,2999,3257,-1,3298,-1,1480,-1,3474,1628,976,1606,-1,1057,819,-1,1049,1,1,0,1,0,1,0,1,1,1,1,0,1,1,1,1
2026-07-03T20:06:26.376,tof1,4x4,side_left,-1,-1,-1,-1,-1,-1,-1,-1,-1,522,410,362,-1,292,302,279,0,0,0,0,0,0,0,0,0,1,1,1,0,1,1,1
2026-07-03T20:06:26.497,tof2,4x4,side_left,3000,3259,-1,3317,2194,1480,-1,3474,-1,968,1597,-1,1058,819,977,1046,1,1,0,1,1,1,0,1,1,1,1,0,1,1,1,1
2026-07-03T20:06:26.544,tof1,4x4,side_left,-1,-1,-1,-1,-1,-1,-1,-1,-1,524,410,362,-1,292,301,279,0,0,0,0,0,0,0,0,0,1,1,1,0,1,1,1
2026-07-03T20:06:26.686,tof2,4x4,side_left,3019,3262,-1,3317,-1,1479,-1,3459,1632,963,1597,-1,1058,822,964,1046,1,1,0,1,0,1,0,1,1,1,1,0,1,1,1,1
2026-07-03T20:06:26.716,tof1,4x4,side_left,-1,-1,-1,-1,-1,-1,-1,-1,-1,527,411,362,-1,292,301,279,0,0,0,0,0,0,0,0,0,1,1,1,0,1,1,1
2026-07-03T20:06:26.850,tof2,4x4,side_left,3000,3262,3326,-1,2148,1480,-1,3455,-1,963,1604,-1,1059,822,-1,1046,1,1,1,1,1,1,0,1,1,1,1,0,1,1,1,1
2026-07-03T20:06:26.867,tof1,4x4,side_left,-1,-1,-1,-1,-1,-1,444,-1,-1,524,408,362,-1,292,301,279,0,0,0,0,0,0,1,0,0,1,1,1,0,1,1,1
2026-07-03T20:06:26.998,tof2,4x4,side_left,3000,3262,-1,3323,2148,1480,-1,3455,1634,963,1604,-1,-1,818,-1,1046,1,1,1,1,1,1,0,1,1,1,1,0,1,1,1,1
2026-07-03T20:06:27.044,tof1,4x4,side_left,-1,-1,-1,-1,-1,-1,-1,-1,-1,522,411,362,-1,289,301,278,0,0,0,0,0,0,0,0,0,1,1,1,0,1,1,1
2026-07-03T20:06:27.167,tof2,4x4,side_left,3000,3262,-1,3327,-1,1479,2147,3436,1634,963,1604,-1,1056,818,-1,1046,1,1,0,1,0,1,1,1,1,1,1,0,1,1,1,1
2026-07-03T20:06:27.206,tof1,4x4,side_left,-1,-1,-1,-1,-1,-1,-1,-1,-1,524,411,362,-1,289,301,278,0,0,0,0,0,0,0,0,0,1,1,1,0,1,1,1
2026-07-03T20:06:27.332,tof2,4x4,side_left,2989,3262,-1,3327,-1,1479,2146,3436,1634,966,1604,-1,1059,817,-1,1047,1,1,0,1,1,1,1,1,1,1,1,0,1,1,1,1
2026-07-03T20:06:27.359,tof1,4x4,side_left,-1,-1,-1,-1,-1,-1,-1,-1,-1,522,408,362,-1,289,301,280,0,0,0,0,0,0,0,0,0,1,1,1,0,1,1,1
2026-07-03T20:06:27.512,tof2,4x4,side_left,2986,3262,-1,3327,-1,1473,2146,3486,1641,982,1603,-1,1056,816,-1,1050,1,1,0,1,0,1,1,1,1,1,1,0,1,1,1,1
2026-07-03T20:06:27.532,tof1,4x4,side_left,-1,-1,-1,-1,-1,-1,443,-1,-1,521,408,361,-1,289,304,278,1,0,0,0,0,0,1,0,0,1,1,1,0,1,1,1
2026-07-03T20:06:27.679,tof2,4x4,side_left,2969,3261,-1,3331,-1,1473,2146,3490,1641,982,1597,-1,-1,817,-1,1050,1,1,0,1,0,1,1,1,1,1,1,0,1,1,1,1
2026-07-03T20:06:27.684,tof1,4x4,side_left,-1,-1,-1,-1,-1,-1,443,-1,-1,522,408,361,-1,289,303,278,0,0,0,0,0,0,1,0,0,1,1,1,1,1,1,1
2026-07-03T20:06:27.839,tof2,4x4,side_left,2986,3263,3343,3327,-1,1469,-1,3486,1641,982,1593,-1,1060,818,-1,1049,1,1,1,1,1,1,0,1,1,1,1,0,1,1,1,1
2026-07-03T20:06:27.999,tof2,4x4,side_left,2986,3269,-1,3320,-1,1464,-1,3486,1641,968,1578,-1,-1,819,-1,1055,1,1,0,1,0,1,0,1,1,1,1,0,1,1,1,1
2026-07-03T20:06:28.157,tof2,4x4,side_left,2968,3269,-1,3320,-1,1469,2146,3470,1634,968,1578,-1,1057,819,964,1055,1,1,0,1,1,1,1,1,1,1,1,1,1,1,1,1
2026-07-03T20:06:28.320,tof2,4x4,side_left,2993,3267,-1,3320,-1,1477,-1,3470,-1,967,1574,-1,-1,819,964,1055,1,1,0,1,0,1,1,1,1,1,1,0,1,1,1,1
2026-07-03T20:06:28.477,tof2,4x4,side_left,2997,3267,-1,3320,-1,1477,2168,3470,1634,964,1572,-1,1057,820,-1,1050,1,1,1,1,0,1,1,1,1,1,1,0,1,1,1,1
2026-07-03T20:06:28.631,tof2,4x4,side_left,2997,3257,-1,3325,2167,1487,-1,-1,1634,967,1574,-1,-1,820,964,1050,1,1,0,1,1,1,0,1,1,1,1,0,1,1,1,1
2026-07-03T20:06:28.813,tof2,4x4,side_left,3000,3254,-1,3325,2167,1487,2181,3473,1634,968,1574,-1,1057,820,-1,1050,1,1,1,1,1,1,1,1,1,1,1,0,1,1,1,1
2026-07-03T20:06:28.941,tof1,4x4,side_left,-1,-1,-1,-1,-1,438,443,-1,-1,524,407,360,-1,292,304,278,0,0,0,0,0,1,1,0,0,1,1,1,0,1,1,1
2026-07-03T20:06:28.992,tof2,4x4,side_left,3000,3253,-1,3325,-1,1487,-1,-1,-1,966,1574,-1,1060,820,972,1055,1,1,0,1,0,1,0,1,1,1,1,1,1,1,1,1
2026-07-03T20:06:29.108,tof1,4x4,side_left,-1,-1,-1,-1,-1,-1,445,-1,-1,525,408,360,-1,294,305,277,0,1,0,0,0,0,1,0,0,1,1,1,0,1,1,1
2026-07-03T20:06:29.154,tof2,4x4,side_left,2997,3253,-1,3318,-1,1468,-1,-1,1656,969,1575,-1,1057,820,972,1050,1,1,0,1,1,1,1,1,1,1,1,0,1,1,1,1
2026-07-03T20:06:29.255,tof1,4x4,side_left,-1,-1,-1,-1,-1,-1,445,-1,-1,528,408,361,-1,295,305,277,0,0,0,0,0,0,1,0,0,1,1,1,1,1,1,1
2026-07-03T20:06:29.331,tof2,4x4,side_left,3000,3253,-1,3318,-1,-1,-1,-1,-1,969,1575,-1,-1,821,-1,1050,1,1,1,1,1,1,0,1,0,1,1,0,1,1,1,1
2026-07-03T20:06:29.413,tof1,4x4,side_left,-1,-1,-1,-1,-1,-1,445,-1,-1,528,408,361,-1,295,305,277,0,0,0,0,0,0,1,0,0,1,1,1,0,1,1,1
2026-07-03T20:06:29.695,tof2,4x4,side_left,3000,3253,-1,3318,2148,1468,-1,3473,1673,969,1575,-1,-1,820,-1,1055,1,1,0,1,1,1,1,1,1,1,1,0,1,1,1,1
2026-07-03T20:06:29.785,tof1,4x4,side_left,-1,-1,-1,-1,-1,-1,443,-1,-1,528,409,362,-1,294,305,278,0,0,0,1,0,0,1,0,0,1,1,1,1,1,1,1
2026-07-03T20:06:29.855,tof2,4x4,side_left,-1,3252,-1,3331,-1,1468,-1,3502,1673,972,1575,-1,1067,820,978,1052,1,1,0,1,1,1,1,1,1,1,1,1,1,1,1,1
2026-07-03T20:06:29.933,tof1,4x4,side_left,-1,-1,-1,-1,-1,-1,443,-1,-1,528,410,363,-1,293,304,278,0,0,0,0,0,0,1,0,0,1,1,1,1,1,1,1
2026-07-03T20:06:30.011,tof2,4x4,side_left,-1,3257,-1,3331,-1,1472,-1,3502,1673,972,1581,-1,1067,821,977,1052,0,1,0,1,0,1,1,1,1,1,1,0,1,1,1,1
2026-07-03T20:06:30.103,tof1,4x4,side_left,-1,-1,-1,-1,-1,-1,-1,-1,-1,529,411,363,-1,288,304,279,0,0,0,0,0,0,0,0,0,1,1,1,1,1,1,1
2026-07-03T20:06:30.164,tof2,4x4,side_left,3010,3257,-1,3331,-1,1472,-1,3502,-1,963,1598,-1,1066,819,978,1052,1,1,1,1,0,1,1,1,1,1,1,0,1,1,1,1
2026-07-03T20:06:30.269,tof1,4x4,side_left,-1,-1,-1,-1,-1,-1,443,-1,-1,528,412,363,-1,288,303,279,0,0,0,0,0,0,1,0,0,1,1,1,0,1,1,1
2026-07-03T20:06:30.347,tof2,4x4,side_left,3010,3251,-1,3327,-1,1479,2181,-1,1673,963,1598,-1,1059,819,-1,1053,1,1,0,1,1,1,1,0,1,1,1,0,1,1,1,1
2026-07-03T20:06:30.447,tof1,4x4,side_left,-1,-1,-1,-1,-1,-1,-1,-1,-1,528,412,363,-1,293,303,279,0,0,0,0,0,0,0,0,0,1,1,1,1,1,1,1
2026-07-03T20:06:30.526,tof2,4x4,side_left,3031,3251,3343,3323,-1,1472,-1,3498,1658,963,1587,-1,-1,819,-1,1052,1,1,1,1,1,1,1,1,1,1,1,0,1,1,1,1
2026-07-03T20:06:30.626,tof1,4x4,side_left,-1,-1,-1,-1,-1,-1,-1,-1,-1,528,412,363,-1,294,300,279,0,0,0,0,0,0,0,0,0,1,1,1,0,1,1,1
2026-07-03T20:06:30.679,tof2,4x4,side_left,3031,3252,-1,3323,-1,-1,2194,-1,-1,963,1586,-1,-1,817,978,1053,1,1,1,1,0,1,1,1,1,1,1,0,1,1,1,1
2026-07-03T20:06:30.794,tof1,4x4,side_left,-1,-1,-1,-1,-1,-1,-1,-1,-1,529,412,363,-1,297,299,279,0,0,0,0,0,0,0,0,0,1,1,1,1,1,1,1
2026-07-03T20:06:30.846,tof2,4x4,side_left,3010,3252,-1,3315,-1,1461,2194,3498,1640,967,1586,-1,-1,817,978,1050,1,1,0,1,0,1,1,1,1,1,1,0,1,1,1,1
2026-07-03T20:06:30.950,tof1,4x4,side_left,-1,-1,-1,-1,-1,-1,-1,-1,-1,529,412,362,-1,298,299,279,0,0,0,0,0,0,0,0,0,1,1,1,0,1,1,1
2026-07-03T20:06:31.020,tof2,4x4,side_left,2904,3255,-1,3323,-1,1461,2181,3494,1624,967,1582,-1,1066,819,-1,1053,1,1,1,1,0,1,1,1,1,1,1,0,1,1,1,1
2026-07-03T20:06:31.107,tof1,4x4,side_left,-1,-1,-1,-1,-1,-1,-1,-1,-1,529,411,362,-1,298,299,279,0,0,0,0,0,0,0,0,0,1,1,1,0,1,1,1
2026-07-03T20:06:31.178,tof2,4x4,side_left,2992,3259,-1,3323,-1,1475,2172,3472,-1,971,1582,-1,1066,821,-1,1050,1,1,0,1,0,1,1,1,0,1,1,0,1,1,1,1
2026-07-03T20:06:31.277,tof1,4x4,side_left,-1,-1,-1,-1,-1,-1,-1,-1,-1,530,410,362,-1,298,302,279,0,0,0,0,0,0,0,0,0,1,1,1,0,1,1,1
2026-07-03T20:06:31.367,tof2,4x4,side_left,2921,3260,-1,3315,2142,1475,-1,3494,1582,971,1582,-1,1066,821,-1,1051,1,1,1,1,1,1,0,1,1,1,1,0,1,1,1,1
2026-07-03T20:06:31.458,tof1,4x4,side_left,-1,-1,-1,-1,-1,-1,-1,-1,-1,530,409,362,-1,299,302,280,0,0,0,0,0,0,0,0,0,1,1,1,0,1,1,1
2026-07-03T20:06:31.517,tof2,4x4,side_left,2921,3260,-1,-1,2128,1475,-1,3481,1571,970,1579,-1,1069,822,-1,1050,1,1,1,1,1,1,0,1,1,1,1,0,1,1,1,1
2026-07-03T20:06:32.492,tof1,4x4,side_left,-1,-1,-1,-1,-1,-1,-1,-1,-1,525,408,362,-1,299,304,279,0,0,0,0,0,0,0,0,0,1,1,1,0,1,1,1
2026-07-03T20:06:32.506,tof2,4x4,side_left,2947,3260,-1,3323,-1,-1,-1,3481,1559,970,1585,-1,1069,821,-1,1048,1,1,0,1,0,0,1,1,1,1,1,0,1,1,1,1
2026-07-03T20:06:32.662,tof1,4x4,side_left,-1,-1,-1,-1,-1,-1,443,-1,-1,524,407,362,-1,311,304,279,0,0,0,0,0,0,1,0,0,1,1,1,0,1,1,1
2026-07-03T20:06:32.668,tof2,4x4,side_left,2986,3260,-1,3331,-1,-1,2163,-1,1559,970,1589,-1,1069,821,1063,1048,1,1,0,1,0,0,1,1,1,1,1,0,1,1,1,1
2026-07-03T20:06:32.822,tof1,4x4,side_left,-1,-1,-1,-1,-1,-1,442,-1,-1,523,407,362,-1,311,315,278,0,0,0,0,0,0,1,0,0,1,1,1,0,1,1,1
2026-07-03T20:06:32.843,tof2,4x4,side_left,-1,3262,-1,3323,-1,-1,-1,3481,-1,968,1589,1334,1068,821,-1,1039,0,1,0,1,0,0,0,1,1,1,1,1,1,1,1,1
2026-07-03T20:06:32.979,tof1,4x4,side_left,-1,-1,-1,-1,-1,439,442,-1,-1,523,407,362,-1,300,316,278,0,0,0,0,0,1,1,0,0,1,1,1,0,1,1,1
2026-07-03T20:06:33.019,tof2,4x4,side_left,2986,3256,-1,-1,2109,-1,-1,3481,-1,968,1593,-1,1068,821,-1,1039,1,1,0,1,1,0,0,1,1,1,1,0,1,1,1,1
2026-07-03T20:06:33.141,tof1,4x4,side_left,-1,-1,-1,-1,-1,-1,447,-1,-1,521,407,361,-1,300,317,277,0,0,0,0,0,0,1,0,0,1,1,1,0,1,1,1
2026-07-03T20:06:33.186,tof2,4x4,side_left,3003,3256,-1,3323,2098,-1,2163,3472,1559,969,1593,-1,1066,819,-1,1045,1,1,0,1,1,0,1,1,1,1,1,1,1,1,1,1
2026-07-03T20:06:33.316,tof1,4x4,side_left,-1,-1,-1,-1,-1,438,447,-1,-1,523,407,362,-1,299,316,276,0,0,0,1,0,1,1,0,0,1,1,1,0,1,1,1
2026-07-03T20:06:33.338,tof2,4x4,side_left,3003,3252,-1,3323,-1,-1,2172,3472,-1,967,1595,-1,-1,818,1063,1045,1,1,0,1,0,1,1,1,1,1,1,0,1,1,1,1
2026-07-03T20:06:33.478,tof1,4x4,side_left,-1,-1,-1,-1,-1,-1,-1,-1,-1,523,408,362,-1,298,317,276,0,0,0,0,0,0,0,0,0,1,1,1,1,1,1,1
2026-07-03T20:06:33.515,tof2,4x4,side_left,3003,3250,-1,3331,-1,-1,-1,3446,-1,969,1595,-1,-1,819,-1,1045,1,1,0,1,0,0,0,1,0,1,1,0,1,1,1,1
2026-07-03T20:06:33.635,tof1,4x4,side_left,-1,-1,-1,-1,-1,-1,444,-1,-1,523,408,361,-1,298,317,276,0,0,0,0,0,0,1,0,0,1,1,1,0,1,1,1
2026-07-03T20:06:33.689,tof2,4x4,side_left,2994,3250,-1,3339,2098,-1,-1,3446,-1,969,1595,-1,-1,819,981,1045,1,1,0,1,1,0,0,1,0,1,1,0,1,1,1,1
2026-07-03T20:06:33.791,tof1,4x4,side_left,-1,-1,-1,-1,-1,-1,444,-1,-1,523,409,361,-1,298,317,276,0,0,0,0,0,0,1,0,0,1,1,1,0,1,1,1
2026-07-03T20:06:33.848,tof2,4x4,side_left,-1,3252,-1,3339,-1,1475,2203,3446,-1,973,1595,-1,1064,819,-1,1045,1,1,0,1,0,1,1,1,1,1,1,0,1,1,1,1
2026-07-03T20:06:33.958,tof1,4x4,side_left,-1,-1,-1,-1,-1,-1,446,-1,-1,523,410,362,-1,298,316,277,0,0,0,0,0,0,1,0,0,1,1,1,0,1,1,1
2026-07-03T20:06:34.010,tof2,4x4,side_left,2994,3252,-1,3343,2098,-1,-1,-1,1608,967,1607,-1,1064,818,981,1045,1,1,1,1,1,1,0,1,1,1,1,0,1,1,1,1
2026-07-03T20:06:34.131,tof1,4x4,side_left,-1,-1,-1,-1,-1,-1,-1,-1,-1,523,409,362,-1,298,313,277,0,0,0,0,0,0,0,0,0,1,1,1,1,1,1,1
2026-07-03T20:06:34.178,tof2,4x4,side_left,2994,3259,-1,3343,-1,1475,2214,3448,-1,961,1607,-1,1064,820,-1,1043,1,1,0,1,1,1,1,1,1,1,1,0,1,1,1,1
2026-07-03T20:06:34.297,tof1,4x4,side_left,-1,-1,-1,-1,-1,-1,444,-1,-1,521,410,362,-1,301,313,277,0,0,0,0,0,0,1,0,0,1,1,1,0,1,1,1
2026-07-03T20:06:34.349,tof2,4x4,side_left,3012,3265,-1,3326,-1,1468,-1,3452,1614,961,1567,-1,-1,821,981,1043,1,1,0,1,1,1,1,1,1,1,1,0,1,1,1,1
2026-07-03T20:06:34.462,tof1,4x4,side_left,-1,-1,-1,-1,-1,434,442,-1,-1,521,410,363,-1,301,313,277,0,0,0,0,0,1,1,0,0,1,1,1,0,1,1,1
2026-07-03T20:06:34.520,tof2,4x4,side_left,3012,3259,-1,3324,-1,1468,2214,3452,-1,966,1605,-1,-1,821,-1,1047,1,1,0,1,1,1,1,1,0,1,1,0,1,1,1,1
2026-07-03T20:06:34.624,tof1,4x4,side_left,-1,-1,-1,-1,-1,-1,442,-1,-1,521,410,363,-1,301,315,277,0,0,0,0,0,0,1,0,0,1,1,1,0,1,1,1
2026-07-03T20:06:34.685,tof2,4x4,side_left,3012,3251,-1,3319,-1,1490,2203,-1,1619,961,1588,1330,1061,821,968,1050,1,1,1,1,1,1,1,0,1,1,1,1,1,1,1,1
2026-07-03T20:06:34.782,tof1,4x4,side_left,-1,-1,-1,-1,-1,439,442,-1,-1,521,409,362,-1,311,316,276,0,0,0,0,0,1,1,0,0,1,1,1,0,1,1,1
2026-07-03T20:06:34.854,tof2,4x4,side_left,3012,3251,-1,3319,2123,1490,-1,3452,1646,966,1567,-1,-1,821,-1,1050,1,1,1,1,1,1,0,1,1,1,1,1,1,1,1,1
2026-07-03T20:06:34.943,tof1,4x4,side_left,-1,-1,-1,-1,-1,-1,441,-1,-1,521,410,363,1065,312,316,275,0,0,0,0,0,0,1,0,0,1,1,1,1,1,1,1
2026-07-03T20:06:35.015,tof2,4x4,side_left,2992,3250,-1,3319,-1,1483,2202,3449,1646,967,1570,-1,-1,817,968,1050,1,1,0,1,0,1,1,1,1,1,1,0,1,1,1,1
2026-07-03T20:06:35.094,tof1,4x4,side_left,-1,-1,-1,-1,-1,437,441,-1,-1,525,409,361,-1,312,318,275,1,0,0,0,0,1,1,0,0,1,1,1,0,1,1,1
2026-07-03T20:06:35.171,tof2,4x4,side_left,-1,3250,3343,3323,-1,1483,-1,3449,1646,967,1576,-1,1058,817,-1,1049,1,1,1,1,0,1,1,1,1,1,1,0,1,1,1,1
2026-07-03T20:06:35.260,tof1,4x4,side_left,-1,-1,-1,-1,-1,-1,-1,-1,-1,525,410,361,-1,312,318,275,0,0,0,0,0,0,0,0,0,1,1,1,0,1,1,1
2026-07-03T20:06:35.335,tof2,4x4,side_left,2992,3250,-1,3323,2123,1481,2178,3449,1646,967,1576,-1,1058,817,-1,1047,1,1,1,1,1,1,1,1,1,1,1,0,1,1,1,1
2026-07-03T20:06:35.435,tof1,4x4,side_left,-1,-1,-1,-1,-1,-1,-1,-1,-1,527,409,361,-1,312,318,275,0,0,0,0,0,0,0,0,0,1,1,1,1,1,1,1
2026-07-03T20:06:35.488,tof2,4x4,side_left,3025,3248,-1,3332,-1,1448,2177,3449,1641,967,1576,-1,1058,817,-1,1047,1,1,0,1,0,1,1,1,1,1,1,0,1,1,1,1
2026-07-03T20:06:35.613,tof1,4x4,side_left,-1,-1,-1,-1,-1,-1,-1,-1,-1,525,408,361,-1,297,318,276,0,0,0,0,0,0,0,0,0,1,1,1,0,1,1,1
2026-07-03T20:06:35.663,tof2,4x4,side_left,3025,3250,-1,3323,-1,1448,-1,3449,-1,971,1605,-1,1058,823,968,1047,1,1,0,1,0,1,1,1,0,1,1,0,1,1,1,1
2026-07-03T20:06:35.785,tof1,4x4,side_left,-1,-1,-1,-1,-1,-1,-1,-1,-1,525,407,361,-1,297,318,276,0,0,0,0,0,0,0,0,0,1,1,1,0,1,1,1
2026-07-03T20:06:35.827,tof2,4x4,side_left,-1,3251,-1,3311,-1,1448,-1,3431,1641,963,1660,-1,1061,823,-1,1047,1,1,0,1,0,1,1,1,1,1,1,0,1,1,1,1
2026-07-03T20:06:35.945,tof1,4x4,side_left,-1,-1,-1,-1,-1,-1,-1,-1,-1,523,406,361,-1,299,319,277,0,0,0,0,0,0,0,0,0,1,1,1,0,1,1,1
2026-07-03T20:06:35.986,tof2,4x4,side_left,3000,3255,-1,3311,-1,1448,2177,3482,1603,963,1669,-1,1061,821,968,1046,1,1,0,1,0,1,1,1,1,1,1,0,1,1,1,1
2026-07-03T20:06:36.105,tof1,4x4,side_left,-1,-1,-1,-1,-1,-1,-1,-1,-1,523,406,361,-1,299,319,277,0,0,0,0,0,0,0,0,0,1,1,1,1,1,1,1
2026-07-03T20:06:36.167,tof2,4x4,side_left,-1,3256,-1,3311,-1,1463,2178,3461,1662,966,1669,-1,-1,821,-1,1042,1,1,0,1,0,1,1,1,1,1,1,0,1,1,1,1
2026-07-03T20:06:36.273,tof1,4x4,side_left,-1,-1,-1,-1,-1,-1,441,-1,-1,521,406,360,1065,299,319,277,0,0,0,0,0,0,1,0,0,1,1,1,1,1,1,1
2026-07-03T20:06:36.342,tof2,4x4,side_left,3003,3256,-1,3304,-1,1474,2179,-1,-1,966,1660,-1,1061,821,968,1042,1,1,0,1,0,1,1,0,0,1,1,0,1,1,1,1
2026-07-03T20:06:36.422,tof1,4x4,side_left,-1,-1,-1,-1,-1,-1,-1,-1,-1,521,406,360,-1,302,319,276,0,0,0,1,0,0,0,0,0,1,1,1,0,1,1,1
2026-07-03T20:06:36.508,tof2,4x4,side_left,-1,3255,-1,3304,-1,1474,2183,3461,-1,966,1623,-1,-1,821,-1,1042,1,1,1,1,0,1,1,1,1,1,1,0,1,1,1,1
2026-07-03T20:06:36.593,tof1,4x4,side_left,-1,-1,-1,-1,-1,-1,-1,-1,-1,521,405,361,-1,311,319,277,1,0,0,1,0,0,0,0,0,1,1,1,0,1,1,1
2026-07-03T20:06:36.682,tof2,4x4,side_left,3003,3255,-1,3317,-1,1474,-1,3461,1662,966,1623,1277,1061,818,-1,1054,1,1,1,1,0,1,0,1,1,1,1,1,1,1,1,1
2026-07-03T20:06:36.861,tof2,4x4,side_left,3003,3252,-1,3317,-1,1474,-1,3461,1671,966,1597,-1,1061,817,959,1055,1,1,1,1,1,1,0,1,1,1,1,0,1,1,1,1
2026-07-03T20:06:36.872,tof1,4x4,side_left,-1,-1,-1,-1,-1,-1,-1,-1,-1,521,405,361,-1,313,319,277,0,0,0,0,0,0,0,0,0,1,1,1,0,1,1,1
2026-07-03T20:06:37.018,tof2,4x4,side_left,3003,3250,-1,3333,-1,1474,-1,3458,-1,966,1597,-1,1051,817,-1,1055,1,1,1,1,0,1,0,1,1,1,1,0,1,1,1,1
2026-07-03T20:06:37.033,tof1,4x4,side_left,-1,-1,-1,-1,-1,-1,-1,-1,-1,521,405,361,-1,313,319,277,0,0,0,0,0,0,0,0,0,1,1,1,0,1,1,1
2026-07-03T20:06:37.171,tof2,4x4,side_left,3014,3252,-1,3335,-1,1472,-1,3453,1671,966,1602,-1,-1,817,-1,1054,1,1,1,1,1,1,0,1,1,1,1,1,1,1,1,1
2026-07-03T20:06:37.202,tof1,4x4,side_left,-1,-1,-1,-1,-1,-1,-1,-1,-1,522,407,362,-1,313,319,277,1,0,0,0,0,0,0,0,0,1,1,1,0,1,1,1
2026-07-03T20:06:37.334,tof2,4x4,side_left,3053,3252,-1,3335,2123,1472,-1,3453,1671,962,1602,-1,1050,818,950,1053,1,1,1,1,1,1,1,1,1,1,1,0,1,1,1,1
2026-07-03T20:06:37.366,tof1,4x4,side_left,-1,-1,-1,-1,-1,-1,-1,-1,-1,521,407,362,-1,313,319,277,0,0,0,0,0,0,0,0,0,1,1,1,1,1,1,1
2026-07-03T20:06:37.513,tof2,4x4,side_left,3053,3250,-1,3333,-1,1472,2191,3453,1567,961,1602,-1,1050,818,950,1048,1,1,1,1,0,1,1,1,1,1,1,0,1,1,1,1
2026-07-03T20:06:37.544,tof1,4x4,side_left,-1,-1,-1,-1,-1,-1,441,-1,-1,522,407,362,-1,302,319,277,0,0,0,0,0,0,1,0,0,1,1,1,1,1,1,1
2026-07-03T20:06:37.672,tof2,4x4,side_left,-1,3252,-1,3332,-1,1476,2191,3453,1545,961,1605,-1,1058,823,950,1048,0,1,1,1,1,1,1,1,1,1,1,0,1,1,1,1
2026-07-03T20:06:37.727,tof1,4x4,side_left,-1,-1,-1,-1,-1,-1,440,-1,-1,523,407,362,-1,298,318,277,0,0,0,0,0,0,1,0,0,1,1,1,0,1,1,1
2026-07-03T20:06:37.831,tof2,4x4,side_left,2994,3252,-1,3325,-1,-1,2179,3446,1545,961,1602,-1,1058,823,-1,1046,1,1,0,1,1,1,1,1,1,1,1,0,1,1,1,1
2026-07-03T20:06:37.887,tof1,4x4,side_left,-1,-1,-1,-1,-1,-1,440,-1,-1,522,409,363,-1,298,320,277,0,0,0,0,1,0,1,0,0,1,1,1,0,1,1,1
2026-07-03T20:06:38.013,tof2,4x4,side_left,2961,3251,-1,3309,-1,1476,-1,3474,1545,962,1589,-1,1061,823,-1,1042,1,1,0,1,0,1,0,1,1,1,1,0,1,1,1,1
2026-07-03T20:06:38.141,tof1,4x4,side_left,-1,-1,-1,-1,-1,-1,-1,-1,-1,523,409,363,-1,298,320,277,0,0,0,0,0,0,0,0,0,1,1,1,0,1,1,1
2026-07-03T20:06:38.420,tof2,4x4,side_left,2961,3251,-1,3299,2119,1496,2176,-1,-1,963,1589,-1,1069,823,-1,1046,1,1,0,1,1,1,1,0,1,1,1,0,1,1,1,1
2026-07-03T20:06:38.425,tof1,4x4,side_left,-1,-1,-1,-1,-1,-1,-1,-1,-1,523,408,362,-1,298,320,277,0,0,0,0,0,0,0,0,0,1,1,1,0,1,1,1
2026-07-03T20:06:38.574,tof2,4x4,side_left,2961,3251,3333,3309,-1,1476,2152,3474,1545,964,1589,-1,1069,824,-1,1046,1,1,1,1,1,1,1,1,1,1,1,0,1,1,1,1
2026-07-03T20:06:38.635,tof1,4x4,side_left,-1,-1,-1,-1,-1,-1,-1,-1,-1,526,407,362,-1,298,319,277,0,0,0,0,0,0,0,0,0,1,1,1,1,1,1,1
2026-07-03T20:06:38.750,tof2,4x4,side_left,2990,3251,3308,3322,-1,1472,-1,3452,1545,964,1576,-1,1062,824,-1,1046,1,1,1,1,0,1,1,1,1,1,1,0,1,1,1,1
2026-07-03T20:06:38.801,tof1,4x4,side_left,-1,-1,-1,-1,-1,-1,-1,-1,-1,522,408,362,-1,299,319,277,0,0,0,0,0,0,0,0,0,1,1,1,0,1,1,1
2026-07-03T20:06:38.934,tof2,4x4,side_left,2990,3257,-1,3322,-1,1463,-1,-1,1554,966,1572,-1,1061,824,-1,1046,1,1,1,1,1,1,1,0,1,1,1,0,1,1,1,1
2026-07-03T20:06:38.953,tof1,4x4,side_left,-1,-1,-1,-1,-1,-1,-1,-1,-1,526,408,362,-1,306,319,278,1,0,0,0,0,0,0,0,0,1,1,1,0,1,1,1
2026-07-03T20:06:39.124,tof2,4x4,side_left,-1,3257,-1,3322,-1,1463,-1,3479,1554,966,1576,-1,1058,823,966,1046,1,1,1,1,0,1,1,1,1,1,1,0,1,1,1,1
2026-07-03T20:06:39.145,tof1,4x4,side_left,-1,-1,-1,-1,-1,-1,-1,-1,-1,520,408,362,-1,306,318,279,0,0,0,0,0,0,0,0,0,1,1,1,0,1,1,1
2026-07-03T20:06:39.286,tof2,4x4,side_left,2990,3256,-1,3322,-1,1457,2149,-1,1612,970,1578,-1,1055,823,-1,1049,1,1,1,1,0,1,1,0,1,1,1,0,1,1,1,1
2026-07-03T20:06:39.312,tof1,4x4,side_left,-1,-1,-1,-1,-1,-1,440,-1,-1,522,408,362,-1,310,319,278,0,1,0,0,0,0,1,0,0,1,1,1,0,1,1,1
2026-07-03T20:06:39.458,tof2,4x4,side_left,2990,3257,-1,3309,-1,1463,-1,3479,1612,970,1578,-1,-1,819,-1,1049,1,1,1,1,0,1,1,1,1,1,1,0,1,1,1,1
2026-07-03T20:06:39.482,tof1,4x4,side_left,-1,-1,-1,-1,-1,-1,-1,-1,-1,522,408,360,-1,310,318,278,0,0,0,0,0,0,0,0,0,1,1,1,0,1,1,1
2026-07-03T20:06:39.629,tof2,4x4,side_left,2995,3257,3307,3309,-1,1467,-1,-1,1652,974,1578,-1,1055,819,-1,1049,1,1,1,1,0,1,0,1,1,1,1,0,1,1,1,1
2026-07-03T20:06:39.665,tof1,4x4,side_left,-1,-1,-1,-1,-1,-1,-1,-1,-1,522,408,362,-1,310,318,278,0,0,0,0,0,0,0,0,0,1,1,1,0,1,1,1
2026-07-03T20:06:39.808,tof2,4x4,side_left,2999,3257,-1,3309,2119,1475,-1,3452,1661,974,1581,-1,1055,820,967,1044,1,1,0,1,1,1,1,1,1,1,1,0,1,1,1,1
2026-07-03T20:06:39.837,tof1,4x4,side_left,-1,-1,-1,-1,-1,-1,-1,-1,-1,522,408,362,1065,301,317,277,0,0,0,0,0,0,0,0,0,1,1,1,1,1,1,1
2026-07-03T20:06:39.981,tof2,4x4,side_left,-1,3257,-1,3309,2114,1475,-1,3452,1661,980,1581,-1,-1,820,975,1044,1,1,0,1,1,1,1,1,1,1,1,0,1,1,1,1
2026-07-03T20:06:39.994,tof1,4x4,side_left,-1,-1,-1,-1,-1,-1,-1,-1,-1,522,408,362,-1,301,317,277,0,0,0,0,0,0,0,0,0,1,1,1,0,1,1,1
2026-07-03T20:06:40.147,tof2,4x4,side_left,3003,3257,-1,3332,-1,1475,-1,3480,-1,974,1591,-1,1056,821,-1,1044,1,1,0,1,1,1,0,1,1,1,1,0,1,1,1,1
2026-07-03T20:06:40.174,tof1,4x4,side_left,-1,-1,-1,-1,-1,-1,-1,-1,-1,523,408,362,-1,301,317,277,0,0,0,0,0,0,0,0,0,1,1,1,1,1,1,1
2026-07-03T20:06:40.318,tof2,4x4,side_left,3003,3252,-1,3337,2107,1475,-1,-1,1652,963,1598,-1,1058,821,-1,1044,1,1,0,1,1,1,0,0,1,1,1,1,1,1,1,1
2026-07-03T20:06:40.337,tof1,4x4,side_left,-1,-1,-1,-1,-1,-1,441,-1,-1,523,409,362,-1,301,317,277,0,0,0,0,0,0,1,0,0,1,1,1,0,1,1,1
2026-07-03T20:06:40.489,tof2,4x4,side_left,2999,3248,3307,3337,-1,1475,-1,3487,1592,963,1598,-1,1058,820,-1,1052,1,1,1,1,0,1,1,1,1,1,1,0,1,1,1,1
2026-07-03T20:06:40.515,tof1,4x4,side_left,-1,-1,-1,-1,-1,-1,-1,-1,-1,523,408,362,-1,301,318,277,0,0,0,0,0,0,0,0,0,1,1,1,1,1,1,1
2026-07-03T20:06:40.658,tof2,4x4,side_left,2999,3248,-1,3344,2105,1473,2149,3487,1592,963,1608,-1,1056,819,975,1052,1,1,0,1,1,1,1,1,1,1,1,1,1,1,1,1
2026-07-03T20:06:41.369,tof1,4x4,side_left,-1,-1,-1,-1,-1,437,440,-1,-1,523,409,362,-1,301,318,277,0,0,0,0,0,1,1,0,0,1,1,1,1,1,1,1
2026-07-03T20:06:42.189,tof2,4x4,side_left,3006,3251,-1,3344,-1,1473,-1,3487,1585,-1,1621,-1,1054,819,-1,1053,1,1,0,1,1,1,0,1,1,1,1,0,1,1,1,1
2026-07-03T20:06:42.501,tof1,4x4,side_left,-1,-1,-1,-1,-1,-1,441,-1,-1,523,408,361,-1,312,319,278,0,0,0,0,0,0,1,0,0,1,1,1,0,1,1,1
2026-07-03T20:06:42.509,tof2,4x4,side_left,3006,3252,-1,3336,-1,-1,-1,-1,-1,963,1608,-1,1053,819,-1,1053,1,1,0,1,1,1,1,0,1,1,1,0,1,1,1,1
2026-07-03T20:06:42.680,tof1,4x4,side_left,-1,-1,-1,-1,-1,-1,-1,-1,-1,523,408,361,-1,301,319,278,0,0,0,0,0,0,0,0,0,1,1,1,0,1,1,1
2026-07-03T20:06:42.697,tof2,4x4,side_left,3010,3254,-1,3296,-1,-1,2152,3487,-1,957,1603,-1,1053,821,977,1052,1,1,0,1,0,0,1,1,1,1,1,0,1,1,1,1
2026-07-03T20:06:42.838,tof1,4x4,side_left,-1,-1,-1,-1,-1,-1,-1,-1,-1,523,408,361,-1,312,319,278,0,0,0,0,0,0,0,0,0,1,1,1,0,1,1,1
2026-07-03T20:06:42.863,tof2,4x4,side_left,3010,3254,-1,3296,-1,-1,-1,-1,-1,958,1603,-1,1054,823,977,1053,1,1,0,1,0,0,0,0,0,1,1,0,1,1,1,1
2026-07-03T20:06:43.004,tof1,4x4,side_left,-1,-1,-1,-1,-1,-1,442,-1,-1,522,410,361,-1,312,319,278,0,0,0,0,0,0,1,0,0,1,1,1,0,1,1,1
2026-07-03T20:06:43.031,tof2,4x4,side_left,3006,3265,-1,3296,-1,-1,-1,3496,1592,957,1578,-1,1059,823,-1,1049,1,1,1,1,0,0,0,1,1,1,1,0,1,1,1,1
2026-07-03T20:06:43.167,tof1,4x4,side_left,-1,-1,-1,-1,-1,-1,445,-1,-1,522,409,361,-1,298,317,278,0,0,0,0,0,0,1,0,0,1,1,1,0,1,1,1
2026-07-03T20:06:43.188,tof2,4x4,side_left,2991,3254,-1,3296,-1,-1,-1,3480,1619,958,1578,-1,1059,823,-1,1049,1,1,0,1,1,1,1,1,1,1,1,0,1,1,1,1
2026-07-03T20:06:43.339,tof1,4x4,side_left,-1,-1,-1,-1,-1,-1,445,-1,-1,524,409,361,-1,297,317,275,0,0,0,0,0,0,1,0,0,1,1,1,0,1,1,1
2026-07-03T20:06:43.361,tof2,4x4,side_left,2977,3257,-1,3318,-1,-1,-1,3496,1619,958,1578,-1,1059,821,977,1046,1,1,0,1,0,0,0,1,1,1,1,0,1,1,1,1
2026-07-03T20:06:43.511,tof1,4x4,side_left,-1,-1,-1,-1,-1,-1,445,-1,-1,524,409,361,-1,297,317,275,1,0,0,0,0,0,1,0,0,1,1,1,0,1,1,1
2026-07-03T20:06:43.537,tof2,4x4,side_left,2977,3257,-1,3326,-1,-1,2149,3496,1617,958,1588,-1,1059,821,969,1058,1,1,0,1,0,0,1,1,1,1,1,0,1,1,1,1
2026-07-03T20:06:43.677,tof1,4x4,side_left,-1,-1,-1,-1,-1,-1,-1,-1,-1,522,409,361,-1,297,317,275,0,0,0,0,0,0,0,0,0,1,1,1,0,1,1,1
2026-07-03T20:06:43.725,tof2,4x4,side_left,-1,3257,-1,3328,-1,-1,-1,3463,1617,969,1588,-1,1058,821,972,1053,1,1,0,1,0,0,0,1,1,1,1,1,1,1,1,1
2026-07-03T20:06:43.832,tof1,4x4,side_left,-1,-1,-1,-1,-1,-1,445,-1,-1,525,409,362,-1,299,317,275,0,0,0,0,0,0,1,0,0,1,1,1,0,1,1,1
2026-07-03T20:06:43.925,tof2,4x4,side_left,2977,3246,-1,3328,-1,-1,2172,3463,-1,969,1588,-1,-1,821,966,1053,1,1,0,1,0,1,1,1,0,1,1,0,1,1,1,1
2026-07-03T20:06:43.995,tof1,4x4,side_left,-1,-1,-1,-1,-1,-1,445,-1,-1,525,409,362,-1,299,318,277,1,0,0,0,1,1,1,0,0,1,1,1,0,1,1,1
2026-07-03T20:06:44.099,tof2,4x4,side_left,2981,3257,-1,3328,-1,-1,-1,3497,1601,962,1598,-1,1054,818,-1,1045,1,1,0,1,1,0,1,1,1,1,1,0,1,1,1,1
2026-07-03T20:06:44.163,tof1,4x4,side_left,-1,-1,-1,-1,-1,437,443,-1,-1,525,409,362,-1,299,318,277,0,0,0,0,0,1,1,0,0,1,1,1,0,1,1,1
2026-07-03T20:06:44.265,tof2,4x4,side_left,3012,3246,-1,3328,2105,-1,-1,3464,1568,970,1598,-1,-1,818,963,1045,1,1,0,1,1,1,1,1,1,1,1,0,1,1,1,1
2026-07-03T20:06:44.330,tof1,4x4,side_left,-1,-1,-1,-1,-1,-1,443,-1,-1,525,409,362,-1,299,319,279,0,0,0,0,0,0,1,0,0,1,1,1,0,1,1,1
2026-07-03T20:06:44.419,tof2,4x4,side_left,-1,3246,-1,3317,-1,-1,2172,3497,1565,969,1588,-1,1057,818,-1,1045,0,1,0,1,1,0,1,1,1,1,1,0,1,1,1,1
2026-07-03T20:06:44.485,tof1,4x4,side_left,-1,-1,-1,-1,-1,-1,443,-1,-1,525,408,362,-1,299,320,279,1,0,0,1,0,0,1,0,0,1,1,1,0,1,1,1
2026-07-03T20:06:44.579,tof2,4x4,side_left,3014,3257,-1,3317,-1,-1,-1,-1,1554,969,1591,-1,1057,818,-1,1045,1,1,1,1,1,0,1,1,1,1,1,0,1,1,1,1
2026-07-03T20:06:44.652,tof1,4x4,side_left,-1,-1,-1,-1,-1,438,443,-1,-1,525,408,362,-1,299,320,277,0,0,0,0,0,1,1,0,0,1,1,1,0,1,1,1
2026-07-03T20:06:44.747,tof2,4x4,side_left,3052,3257,-1,3319,-1,1473,-1,3497,-1,969,1591,-1,-1,818,960,1044,1,1,1,1,0,1,0,1,0,1,1,0,1,1,1,1
2026-07-03T20:06:44.825,tof1,4x4,side_left,-1,-1,-1,-1,-1,-1,-1,-1,-1,525,408,361,-1,299,320,279,0,0,0,0,0,0,0,0,0,1,1,1,0,1,1,1
2026-07-03T20:06:44.919,tof2,4x4,side_left,3062,3254,-1,3316,-1,1478,-1,3464,1554,969,1588,-1,1057,822,-1,1044,1,1,0,1,1,1,0,1,1,1,1,0,1,1,1,1
2026-07-03T20:06:45.014,tof1,4x4,side_left,-1,-1,-1,-1,-1,-1,443,-1,-1,524,408,361,-1,310,318,279,0,0,0,0,0,0,1,0,0,1,1,1,0,1,1,1
2026-07-03T20:06:45.085,tof2,4x4,side_left,3062,3254,-1,3319,-1,-1,-1,3464,-1,969,1588,-1,1059,822,-1,1044,1,1,0,1,0,1,1,1,1,1,1,1,1,1,1,1
2026-07-03T20:06:45.183,tof1,4x4,side_left,-1,-1,-1,-1,-1,-1,443,-1,-1,521,409,360,-1,313,318,279,0,0,0,0,0,0,1,0,0,1,1,1,0,1,1,1
2026-07-03T20:06:45.462,tof1,4x4,side_left,-1,-1,-1,-1,-1,-1,-1,-1,-1,521,409,360,-1,313,318,279,0,0,0,0,0,0,0,0,0,1,1,1,0,1,1,1
2026-07-03T20:06:45.476,tof2,4x4,side_left,3052,3254,-1,3344,2105,-1,2172,-1,-1,964,1583,-1,1061,823,-1,1044,1,1,0,1,1,1,1,0,1,1,1,0,1,1,1,1
2026-07-03T20:06:45.630,tof1,4x4,side_left,-1,-1,-1,-1,-1,438,443,-1,-1,523,408,361,-1,313,318,279,0,0,0,0,0,1,1,0,0,1,1,1,0,1,1,1
2026-07-03T20:06:45.641,tof2,4x4,side_left,3022,3254,-1,3344,2105,1478,2181,3462,1565,962,1583,1275,1061,823,-1,1044,1,1,0,1,1,1,1,1,1,1,1,1,1,1,1,1
2026-07-03T20:06:45.820,tof2,4x4,side_left,3016,3254,-1,3349,-1,1480,2222,3443,1595,962,1592,-1,1061,824,-1,1044,1,1,1,1,0,1,1,1,1,1,1,0,1,1,1,1
2026-07-03T20:06:45.821,tof1,4x4,side_left,-1,-1,-1,-1,-1,439,440,-1,-1,523,408,361,-1,312,319,279,0,0,0,0,0,1,1,0,0,1,1,1,1,1,1,1
2026-07-03T20:06:45.989,tof2,4x4,side_left,3007,3259,-1,3349,-1,1480,-1,3443,-1,962,1604,-1,1063,824,958,1048,1,1,1,1,0,1,0,1,1,1,1,0,1,1,1,1
2026-07-03T20:06:46.014,tof1,4x4,side_left,-1,-1,-1,-1,-1,-1,440,-1,-1,521,408,362,-1,312,319,279,0,0,0,0,0,0,1,0,0,1,1,1,0,1,1,1
2026-07-03T20:06:46.156,tof2,4x4,side_left,3003,3259,-1,3338,-1,1486,2222,3448,1595,962,1604,-1,1063,824,956,1048,1,1,1,1,1,1,1,1,1,1,1,0,1,1,1,1
2026-07-03T20:06:46.175,tof1,4x4,side_left,-1,-1,-1,-1,-1,-1,440,-1,-1,523,408,362,-1,311,319,279,0,0,0,0,0,0,1,0,0,1,1,1,1,1,1,1
2026-07-03T20:06:46.400,tof1,4x4,side_left,-1,-1,-1,-1,-1,-1,-1,-1,-1,523,408,363,-1,311,320,279,0,0,0,0,0,0,0,0,0,1,1,1,0,1,1,1
2026-07-03T20:06:46.406,tof2,4x4,side_left,2991,3259,-1,3318,-1,-1,-1,3448,-1,963,1605,-1,1064,821,-1,1048,1,1,1,1,0,1,0,1,0,1,1,0,1,1,1,1
2026-07-03T20:06:46.548,tof1,4x4,side_left,-1,-1,-1,-1,-1,-1,442,-1,-1,523,406,361,-1,300,320,276,0,0,0,0,0,0,1,0,0,1,1,1,1,1,1,1
2026-07-03T20:06:46.571,tof2,4x4,side_left,2991,3258,-1,3323,2105,1480,2222,3463,1629,964,1605,-1,1063,820,956,1044,1,1,0,1,1,1,1,1,1,1,1,1,1,1,1,1
2026-07-03T20:06:46.722,tof1,4x4,side_left,-1,-1,-1,-1,-1,-1,442,-1,-1,523,410,363,-1,298,318,276,0,0,0,0,0,0,1,0,0,1,1,1,0,1,1,1
2026-07-03T20:06:46.731,tof2,4x4,side_left,-1,3260,-1,3306,-1,1480,2194,3464,1599,969,1605,-1,1063,820,-1,1048,1,1,0,1,0,1,1,1,1,1,1,1,1,1,1,1
2026-07-03T20:06:46.885,tof1,4x4,side_left,-1,-1,-1,-1,-1,-1,-1,-1,-1,524,408,363,-1,298,318,277,0,0,0,1,0,0,0,0,0,1,1,1,0,1,1,1
2026-07-03T20:06:46.906,tof2,4x4,side_left,2991,3258,-1,3306,2109,1477,-1,3466,1599,969,1605,-1,1059,821,-1,1049,1,1,0,1,1,1,1,1,1,1,1,0,1,1,1,1
2026-07-03T20:06:47.045,tof1,4x4,side_left,-1,-1,-1,-1,-1,438,442,-1,-1,524,408,363,-1,298,318,277,0,0,0,0,0,1,1,0,0,1,1,1,0,1,1,1
2026-07-03T20:06:47.066,tof2,4x4,side_left,2984,3259,-1,3306,2108,1477,-1,-1,-1,964,1598,-1,1063,815,-1,1044,1,1,0,1,1,1,1,0,0,1,1,0,1,1,1,1
2026-07-03T20:06:47.214,tof1,4x4,side_left,-1,-1,-1,-1,-1,-1,442,-1,-1,524,408,362,-1,297,317,277,0,0,0,0,0,0,1,0,0,1,1,1,1,1,1,1
2026-07-03T20:06:47.235,tof2,4x4,side_left,-1,3259,-1,3323,2108,1471,-1,3467,1580,964,1598,-1,1063,814,-1,1049,1,1,0,1,1,1,0,1,1,1,1,0,1,1,1,1
2026-07-03T20:06:47.364,tof1,4x4,side_left,-1,-1,-1,-1,-1,-1,-1,-1,-1,524,409,363,-1,297,317,277,0,0,0,0,0,0,0,0,0,1,1,1,0,1,1,1
2026-07-03T20:06:47.384,tof2,4x4,side_left,2991,3259,-1,3310,2108,1471,2192,3467,-1,964,1598,-1,1064,814,-1,1049,1,1,0,1,1,1,1,1,0,1,1,1,1,1,1,1
2026-07-03T20:06:47.521,tof1,4x4,side_left,-1,-1,-1,-1,-1,-1,-1,-1,-1,524,409,363,1065,296,317,277,0,0,0,0,0,0,0,0,0,1,1,1,1,1,1,1
2026-07-03T20:06:47.562,tof2,4x4,side_left,2995,3257,-1,3310,2113,1475,2192,3467,-1,964,1605,-1,1066,814,956,1049,1,1,1,1,1,1,1,1,1,1,1,0,1,1,1,1
2026-07-03T20:06:47.681,tof1,4x4,side_left,-1,-1,-1,-1,-1,-1,-1,-1,-1,523,409,363,-1,296,317,278,0,0,0,1,0,0,0,0,0,1,1,1,0,1,1,1
2026-07-03T20:06:47.719,tof2,4x4,side_left,3039,3255,-1,3310,2113,1475,2194,3467,-1,964,1605,-1,-1,814,-1,1041,1,1,1,1,1,1,1,1,1,1,1,1,1,1,1,1
2026-07-03T20:06:47.850,tof1,4x4,side_left,-1,-1,-1,-1,-1,-1,-1,-1,-1,523,409,363,-1,298,317,278,0,0,0,0,0,0,0,0,0,1,1,1,0,1,1,1
2026-07-03T20:06:47.892,tof2,4x4,side_left,3039,3255,-1,3310,-1,1475,2182,3445,1580,964,1605,-1,1066,819,962,1050,1,1,1,1,0,1,1,1,1,1,1,0,1,1,1,1
2026-07-03T20:06:48.016,tof1,4x4,side_left,-1,-1,-1,-1,-1,-1,-1,-1,-1,527,410,363,-1,308,317,278,0,0,0,0,0,0,0,0,0,1,1,1,0,1,1,1
2026-07-03T20:06:48.067,tof2,4x4,side_left,-1,3255,-1,3310,2113,1475,-1,3445,1580,968,1595,-1,-1,822,962,1050,1,1,0,1,1,1,1,1,1,1,1,0,1,1,1,1
2026-07-03T20:06:48.166,tof1,4x4,side_left,-1,-1,-1,-1,-1,-1,442,-1,-1,527,409,363,-1,308,317,276,0,0,0,0,0,0,1,0,0,1,1,1,0,1,1,1
2026-07-03T20:06:48.221,tof2,4x4,side_left,3049,3251,-1,3308,-1,1464,2182,-1,-1,968,1611,-1,1067,822,967,1051,1,1,0,1,0,1,1,1,1,1,1,0,1,1,1,1
2026-07-03T20:06:48.328,tof1,4x4,side_left,-1,-1,-1,-1,-1,-1,446,-1,-1,527,409,361,-1,315,316,276,0,0,0,0,0,0,1,0,0,1,1,1,0,1,1,1
2026-07-03T20:06:48.381,tof2,4x4,side_left,3049,3253,3307,3318,-1,1464,2161,3445,1580,975,1595,-1,1066,822,-1,1051,1,1,1,1,0,1,1,1,1,1,1,0,1,1,1,1
2026-07-03T20:06:48.496,tof1,4x4,side_left,-1,-1,-1,-1,-1,439,446,-1,-1,527,409,361,-1,315,316,276,0,0,0,0,0,1,1,0,0,1,1,1,1,1,1,1
2026-07-03T20:06:48.547,tof2,4x4,side_left,3003,3257,-1,3318,2113,1471,-1,3477,1592,981,1595,-1,1064,822,962,1051,1,1,0,1,1,1,1,1,1,1,1,1,1,1,1,1
2026-07-03T20:06:48.650,tof1,4x4,side_left,-1,-1,-1,-1,-1,-1,-1,-1,-1,526,410,361,-1,315,316,276,1,0,0,0,0,0,0,0,0,1,1,1,0,1,1,1
2026-07-03T20:06:48.701,tof2,4x4,side_left,-1,3253,3302,3312,-1,1471,-1,3477,1608,981,1597,-1,1063,822,967,1051,1,1,1,1,1,1,1,1,1,1,1,0,1,1,1,1
2026-07-03T20:06:48.813,tof1,4x4,side_left,-1,-1,-1,-1,-1,-1,-1,-1,-1,526,409,361,-1,313,316,277,0,0,0,0,0,0,0,0,0,1,1,1,0,1,1,1
2026-07-03T20:06:48.867,tof2,4x4,side_left,-1,3253,-1,3312,-1,1471,2161,3477,1608,963,1597,-1,1063,817,-1,1050,0,1,1,1,1,1,1,1,1,1,1,0,1,1,1,1
2026-07-03T20:06:48.981,tof1,4x4,side_left,-1,-1,-1,-1,-1,440,446,-1,-1,524,408,361,-1,313,318,277,0,0,0,0,0,1,1,0,0,1,1,1,0,1,1,1
2026-07-03T20:06:49.062,tof2,4x4,side_left,2998,3253,-1,3321,2139,1471,-1,3477,1592,963,1551,-1,-1,817,975,1050,1,1,0,1,1,1,0,1,1,1,1,0,1,1,1,1
2026-07-03T20:06:49.150,tof1,4x4,side_left,-1,-1,-1,-1,-1,-1,444,-1,-1,521,407,361,-1,312,319,276,0,0,0,0,0,0,1,0,0,1,1,1,1,1,1,1
2026-07-03T20:06:49.246,tof2,4x4,side_left,-1,3253,-1,3312,-1,-1,2161,3447,-1,960,1577,-1,1063,826,-1,1050,1,1,1,1,1,1,1,1,1,1,1,0,1,1,1,1
2026-07-03T20:06:49.314,tof1,4x4,side_left,-1,-1,-1,-1,-1,-1,-1,-1,-1,521,406,361,-1,312,319,276,0,0,0,0,0,0,0,0,0,1,1,1,0,1,1,1
2026-07-03T20:06:49.398,tof2,4x4,side_left,3003,3252,-1,3312,2139,1484,2161,3447,-1,960,1577,-1,1058,817,975,1051,1,1,0,1,1,1,1,1,1,1,1,0,1,1,1,1
2026-07-03T20:06:49.482,tof1,4x4,side_left,-1,-1,-1,-1,-1,440,-1,-1,-1,529,405,361,-1,313,319,277,0,0,0,0,0,1,0,0,0,1,1,1,1,1,1,1
2026-07-03T20:06:49.662,tof2,4x4,side_left,2990,3251,-1,3321,2139,-1,2179,3487,-1,963,1577,-1,1058,817,-1,1051,1,1,0,1,1,1,1,1,1,1,1,0,1,1,1,1
2026-07-03T20:06:49.665,tof1,4x4,side_left,-1,-1,-1,-1,-1,-1,-1,-1,-1,523,405,360,-1,312,319,277,0,1,0,0,0,0,0,0,0,1,1,1,0,1,1,1
2026-07-03T20:06:49.821,tof2,4x4,side_left,2990,3252,-1,3321,-1,1468,-1,3487,-1,960,1579,-1,1058,821,-1,1056,1,1,1,1,0,1,0,1,0,1,1,0,1,1,1,1
2026-07-03T20:06:49.841,tof1,4x4,side_left,-1,-1,-1,-1,-1,-1,442,-1,-1,523,405,360,-1,312,318,277,0,0,0,0,0,0,1,0,0,1,1,1,0,1,1,1
2026-07-03T20:06:49.979,tof2,4x4,side_left,2990,3252,-1,3327,-1,1468,2207,3483,1592,965,1580,-1,1063,821,-1,1051,1,1,0,1,1,1,1,1,1,1,1,0,1,1,1,1
2026-07-03T20:06:50.004,tof1,4x4,side_left,-1,-1,-1,-1,-1,440,442,-1,-1,523,405,360,-1,315,318,277,0,0,0,0,0,1,1,0,0,1,1,1,0,1,1,1
2026-07-03T20:06:50.154,tof2,4x4,side_left,-1,3253,-1,3327,2139,1470,-1,3487,1661,968,1590,-1,1064,821,-1,1048,1,1,1,1,1,1,0,1,1,1,1,0,1,1,1,1
2026-07-03T20:06:50.175,tof1,4x4,side_left,-1,-1,-1,-1,-1,-1,444,-1,-1,523,406,360,-1,315,317,276,0,0,0,0,0,0,1,0,0,1,1,1,0,1,1,1
2026-07-03T20:06:50.313,tof2,4x4,side_left,3003,3257,-1,3329,2133,1470,2207,-1,1693,968,1609,-1,1066,828,975,1048,1,1,0,1,1,1,1,0,1,1,1,0,1,1,1,1
2026-07-03T20:06:50.332,tof1,4x4,side_left,-1,-1,-1,-1,-1,-1,-1,-1,-1,519,409,360,-1,312,317,276,0,0,0,0,0,0,0,0,0,1,1,1,0,1,1,1
2026-07-03T20:06:50.492,tof1,4x4,side_left,-1,-1,-1,-1,-1,-1,445,-1,-1,519,409,361,-1,298,317,276,0,0,0,0,0,0,1,0,0,1,1,1,0,1,1,1
2026-07-03T20:06:50.496,tof2,4x4,side_left,2993,3257,-1,3329,-1,1468,2207,3483,-1,968,1590,-1,1068,828,1052,1045,1,1,0,1,0,1,1,1,0,1,1,1,1,1,1,1
2026-07-03T20:06:50.655,tof1,4x4,side_left,-1,-1,-1,-1,-1,-1,445,-1,-1,516,409,361,-1,298,318,276,0,0,0,0,0,0,1,0,0,1,1,1,0,1,1,1
2026-07-03T20:06:50.733,tof2,4x4,side_left,3018,3257,-1,3319,-1,1468,2207,-1,-1,976,1580,-1,1068,826,981,1045,1,1,0,1,0,1,1,1,0,1,1,1,1,1,1,1
2026-07-03T20:06:50.821,tof1,4x4,side_left,-1,-1,-1,-1,-1,-1,-1,-1,-1,515,409,361,-1,298,317,276,0,0,0,0,0,0,0,0,0,1,1,1,0,1,1,1
2026-07-03T20:06:50.903,tof2,4x4,side_left,2993,3257,-1,-1,-1,1468,-1,3483,1693,976,1579,-1,1064,826,1052,1048,1,1,0,1,0,1,0,1,1,1,1,1,1,1,1,1
2026-07-03T20:06:50.967,tof1,4x4,side_left,-1,-1,-1,-1,-1,-1,-1,-1,-1,515,409,361,-1,298,318,276,0,0,0,0,0,0,0,0,0,1,1,1,0,1,1,1
2026-07-03T20:06:51.073,tof2,4x4,side_left,3012,3260,-1,3311,-1,1468,-1,3513,-1,967,1579,-1,1063,822,1052,1048,1,1,0,1,0,1,0,1,1,1,1,0,1,1,1,1
2026-07-03T20:06:51.130,tof1,4x4,side_left,-1,-1,-1,-1,-1,-1,-1,-1,-1,518,409,361,-1,298,318,276,0,0,0,0,0,0,0,0,0,1,1,1,0,1,1,1
2026-07-03T20:06:51.242,tof2,4x4,side_left,3002,3257,-1,3311,-1,1468,2162,3513,1693,967,1572,-1,-1,817,-1,1048,1,1,0,1,1,1,1,1,1,1,1,0,1,1,1,1
2026-07-03T20:06:51.309,tof1,4x4,side_left,-1,-1,-1,-1,-1,-1,-1,-1,-1,518,408,361,-1,298,318,276,1,0,0,0,0,0,0,0,0,1,1,1,0,1,1,1
2026-07-03T20:06:51.425,tof2,4x4,side_left,3012,3263,-1,3309,2133,1489,2162,3445,1636,967,1579,-1,-1,822,981,1057,1,1,0,1,1,1,1,1,1,1,1,0,1,1,1,1
2026-07-03T20:06:51.479,tof1,4x4,side_left,-1,-1,-1,-1,-1,-1,446,-1,-1,518,408,361,-1,298,318,279,0,0,0,0,0,0,1,0,0,1,1,1,0,1,1,1
2026-07-03T20:06:51.581,tof2,4x4,side_left,3002,3257,-1,-1,-1,1489,-1,3513,-1,966,1596,-1,1062,820,-1,1048,1,1,0,1,0,1,1,1,1,1,1,0,1,1,1,1
2026-07-03T20:06:51.640,tof1,4x4,side_left,-1,-1,-1,-1,-1,-1,446,-1,-1,525,408,361,-1,294,318,279,0,0,0,0,0,0,1,0,0,1,1,1,0,1,1,1
2026-07-03T20:06:51.753,tof2,4x4,side_left,3012,3263,3290,3309,-1,1470,-1,3481,-1,966,1599,-1,1061,820,-1,1053,1,1,1,1,1,1,1,1,1,1,1,1,1,1,1,1
2026-07-03T20:06:51.819,tof1,4x4,side_left,-1,-1,-1,-1,-1,-1,-1,-1,-1,528,408,361,-1,294,318,279,0,1,0,0,0,0,0,0,0,1,1,1,0,1,1,1
2026-07-03T20:06:51.928,tof2,4x4,side_left,3002,3257,3302,3311,-1,1470,-1,3445,1615,961,1599,-1,-1,822,-1,1058,1,1,1,1,0,1,0,1,1,1,1,0,1,1,1,1
2026-07-03T20:06:52.093,tof2,4x4,side_left,3000,3255,-1,3309,-1,1470,-1,3481,1611,961,1599,1275,1061,822,-1,1053,1,1,0,1,0,1,0,1,1,1,1,1,1,1,1,1
2026-07-03T20:06:52.253,tof2,4x4,side_left,-1,3254,-1,3304,2130,1470,-1,3481,-1,959,1599,1277,1061,821,-1,1050,1,1,0,1,1,1,1,1,0,1,1,1,1,1,1,1
2026-07-03T20:06:52.433,tof2,4x4,side_left,3000,3251,-1,3315,2097,1465,2162,3481,1615,956,1599,-1,-1,821,981,1052,1,1,0,1,1,1,1,1,1,1,1,0,1,1,1,1
2026-07-03T20:06:52.586,tof2,4x4,side_left,-1,3251,-1,3315,2130,1452,2166,3455,1615,961,1593,-1,1056,821,-1,1050,1,1,0,1,1,1,1,1,1,1,1,0,1,1,1,1
2026-07-03T20:06:52.845,tof2,4x4,side_left,3000,3253,-1,3311,-1,1452,-1,3483,1549,963,1569,-1,1061,819,1046,1050,1,1,0,1,0,1,1,1,1,1,1,0,1,1,1,1
2026-07-03T20:06:53.017,tof2,4x4,side_left,3000,3252,-1,3311,-1,-1,-1,3459,1537,956,1567,-1,1061,819,-1,1047,1,1,1,1,0,1,1,1,1,1,1,0,1,1,1,1
2026-07-03T20:06:53.180,tof2,4x4,side_left,3028,3253,3306,3317,2156,-1,-1,3459,-1,967,1569,-1,1061,819,976,1046,1,1,1,1,1,0,1,1,1,1,1,0,1,1,1,1
2026-07-03T20:06:53.346,tof2,4x4,side_left,3033,3253,-1,3322,-1,-1,-1,3447,1498,968,1569,-1,1061,824,-1,1046,1,1,0,1,1,0,0,1,1,1,1,0,1,1,1,1
2026-07-03T20:06:53.502,tof2,4x4,side_left,3033,3253,-1,3322,-1,-1,-1,3459,-1,968,1593,-1,1062,819,1046,1054,1,1,0,1,1,0,1,1,0,1,1,0,1,1,1,1
2026-07-03T20:06:53.656,tof2,4x4,side_left,3033,3253,-1,3332,-1,-1,-1,3459,1498,967,1593,-1,1062,821,1046,1057,1,1,0,1,0,0,0,1,1,1,1,0,1,1,1,1
2026-07-03T20:06:53.819,tof2,4x4,side_left,2988,3257,-1,3332,-1,-1,-1,3471,1537,967,1593,-1,1062,821,982,1057,1,1,0,1,0,0,0,1,1,1,1,0,1,1,1,1
2026-07-03T20:06:53.985,tof2,4x4,side_left,2982,3259,3306,3332,-1,-1,-1,3483,-1,972,1578,-1,1061,821,964,1057,1,1,1,1,1,0,0,1,1,1,1,1,1,1,1,1
2026-07-03T20:06:54.143,tof2,4x4,side_left,2982,3261,-1,3313,-1,-1,-1,3502,1584,972,1578,-1,1061,819,-1,1051,1,1,0,1,1,0,1,1,1,1,1,0,1,1,1,1
2026-07-03T20:06:54.305,tof2,4x4,side_left,2982,3262,-1,3313,2097,-1,2173,3483,1590,972,1578,-1,1061,821,-1,1049,1,1,1,1,1,0,1,1,1,1,1,0,1,1,1,1
2026-07-03T20:06:54.476,tof2,4x4,side_left,2995,3262,-1,3311,-1,-1,2174,3506,1590,980,1579,-1,1061,819,-1,1046,1,1,0,1,0,0,1,1,1,1,1,0,1,1,1,1
2026-07-03T20:06:54.626,tof2,4x4,side_left,3016,3262,3318,3311,-1,-1,-1,3514,1605,980,1589,-1,1060,819,982,1042,1,1,1,1,0,0,0,1,1,1,1,0,1,1,1,1
2026-07-03T20:06:54.802,tof2,4x4,side_left,3019,3261,-1,3328,-1,1452,-1,3514,-1,984,1589,-1,1059,819,-1,1042,1,1,0,1,1,1,0,1,0,1,1,1,1,1,1,1
2026-07-03T20:06:54.951,tof1,4x4,side_left,-1,-1,-1,-1,-1,-1,-1,-1,-1,528,408,361,-1,294,318,277,0,0,0,0,1,0,0,0,0,1,1,1,0,1,1,1
2026-07-03T20:06:54.967,tof2,4x4,side_left,3019,3261,-1,-1,-1,1452,-1,3508,1590,984,1593,-1,1059,819,-1,1042,1,1,1,1,1,1,0,1,1,1,1,0,1,1,1,1
2026-07-03T20:06:55.125,tof1,4x4,side_left,-1,-1,-1,-1,-1,-1,-1,-1,-1,530,408,361,-1,299,318,277,0,0,0,0,0,0,0,0,0,1,1,1,0,1,1,1
2026-07-03T20:06:55.128,tof2,4x4,side_left,3016,3255,3318,3328,-1,1455,2182,3508,1605,957,1593,-1,1059,819,975,1045,1,1,1,1,0,1,1,1,1,1,1,0,1,1,1,1
2026-07-03T20:06:55.300,tof1,4x4,side_left,-1,-1,-1,-1,-1,-1,-1,-1,-1,530,408,361,-1,299,318,277,0,0,0,0,0,0,0,0,0,1,1,1,0,1,1,1
2026-07-03T20:06:55.311,tof2,4x4,side_left,3016,3257,-1,3328,2148,1460,-1,3453,-1,957,1592,-1,1056,819,-1,1049,1,1,0,1,1,1,1,1,0,1,1,0,1,1,1,1
2026-07-03T20:06:55.632,tof2,4x4,side_left,3021,3261,-1,3328,-1,1466,-1,3453,1588,962,1580,-1,1056,819,-1,1054,1,1,1,1,1,1,0,1,1,1,1,1,1,1,1,1
2026-07-03T20:06:55.644,tof1,4x4,side_left,-1,-1,-1,-1,-1,-1,447,-1,-1,530,409,361,-1,299,318,277,0,0,0,0,0,0,1,0,0,1,1,1,0,1,1,1
2026-07-03T20:06:55.795,tof2,4x4,side_left,3021,3264,3309,3328,2156,1478,2189,3433,1605,962,1580,-1,1056,823,966,1054,1,1,1,1,1,1,1,1,1,1,1,0,1,1,1,1
2026-07-03T20:06:55.806,tof1,4x4,side_left,-1,-1,-1,-1,-1,-1,-1,-1,-1,530,409,361,-1,297,317,277,0,0,0,0,0,0,0,0,0,1,1,1,0,1,1,1
2026-07-03T20:06:55.956,tof2,4x4,side_left,3021,3257,-1,3328,2148,1478,2189,3433,-1,964,1580,-1,1058,824,975,1056,1,1,1,1,1,1,1,1,0,1,1,0,1,1,1,1
2026-07-03T20:06:55.979,tof1,4x4,side_left,-1,-1,-1,-1,-1,-1,-1,-1,-1,527,409,361,-1,297,316,277,0,0,0,0,0,0,0,0,0,1,1,1,0,1,1,1
2026-07-03T20:06:56.115,tof2,4x4,side_left,-1,3257,-1,3328,2129,1478,2189,3456,-1,971,1580,-1,1058,824,975,1058,1,1,0,1,1,1,1,1,1,1,1,1,1,1,1,1
2026-07-03T20:06:56.164,tof1,4x4,side_left,-1,-1,-1,-1,-1,-1,-1,-1,-1,525,407,362,-1,297,317,278,0,0,0,0,0,0,0,0,0,1,1,1,0,1,1,1
2026-07-03T20:06:56.282,tof2,4x4,side_left,3021,3266,-1,3325,-1,1478,-1,3468,1639,971,1580,-1,1058,823,-1,1058,1,1,1,1,0,1,1,1,1,1,1,0,1,1,1,1
2026-07-03T20:06:56.343,tof1,4x4,side_left,-1,-1,-1,-1,-1,-1,-1,-1,-1,525,407,362,-1,299,317,278,0,0,0,0,0,0,0,0,0,1,1,1,0,1,1,1
2026-07-03T20:06:56.445,tof2,4x4,side_left,2961,3268,-1,3318,-1,1478,2194,3479,1639,965,-1,-1,1061,820,975,1058,1,1,0,1,0,1,1,1,1,1,1,0,1,1,1,1
2026-07-03T20:06:56.492,tof1,4x4,side_left,-1,-1,-1,-1,-1,-1,-1,-1,-1,521,407,362,-1,299,318,279,0,0,0,0,0,0,0,0,0,1,1,1,0,1,1,1
2026-07-03T20:06:56.595,tof2,4x4,side_left,-1,3251,-1,3318,2148,1478,-1,3479,1592,965,1585,-1,1061,820,966,1058,1,1,0,1,1,1,0,1,1,1,1,0,1,1,1,1
2026-07-03T20:06:56.653,tof1,4x4,side_left,-1,-1,-1,-1,-1,-1,447,-1,-1,521,407,362,-1,308,320,279,0,0,0,0,0,0,1,0,0,1,1,1,0,1,1,1
2026-07-03T20:06:56.757,tof2,4x4,side_left,2961,3255,-1,3318,2129,1478,-1,3479,1632,962,1607,-1,1061,820,-1,1055,1,1,0,1,1,1,1,1,1,1,1,0,1,1,1,1
2026-07-03T20:06:56.820,tof1,4x4,side_left,-1,-1,-1,-1,-1,-1,-1,-1,-1,521,406,362,-1,312,320,279,0,0,0,0,0,0,0,0,0,1,1,1,0,1,1,1
2026-07-03T20:06:56.931,tof2,4x4,side_left,2961,3261,-1,3318,-1,1478,2190,3479,-1,962,1607,-1,1061,822,-1,1048,1,1,0,1,0,1,1,1,1,1,1,0,1,1,1,1
2026-07-03T20:06:56.970,tof1,4x4,side_left,-1,-1,-1,-1,-1,-1,-1,-1,-1,522,406,362,-1,308,320,277,0,0,0,0,0,0,0,0,0,1,1,1,0,1,1,1
2026-07-03T20:06:57.096,tof2,4x4,side_left,2984,3261,-1,3318,2125,1487,2194,3479,1592,964,1583,1289,1061,822,-1,1048,1,1,0,1,1,1,1,1,1,1,1,1,1,1,1,1
2026-07-03T20:06:57.173,tof1,4x4,side_left,-1,-1,-1,-1,-1,-1,-1,-1,-1,522,407,360,-1,312,319,277,0,0,0,0,0,0,0,0,0,1,1,1,0,1,1,1
2026-07-03T20:06:57.278,tof2,4x4,side_left,3038,3257,-1,3329,-1,1487,2194,3517,1550,962,1595,-1,1061,822,-1,1055,1,1,0,1,1,1,1,1,1,1,1,0,1,1,1,1
2026-07-03T20:06:57.337,tof1,4x4,side_left,-1,-1,-1,-1,-1,-1,-1,-1,-1,522,407,360,-1,312,320,277,0,0,0,0,0,0,0,0,0,1,1,1,0,1,1,1
2026-07-03T20:06:57.441,tof2,4x4,side_left,3038,3261,-1,-1,-1,1487,2194,-1,-1,964,1583,-1,1061,821,970,1055,1,1,0,1,1,1,1,0,0,1,1,1,1,1,1,1
2026-07-03T20:06:57.497,tof1,4x4,side_left,-1,-1,-1,-1,-1,-1,447,-1,-1,522,406,360,-1,312,319,277,0,0,0,0,0,0,1,0,0,1,1,1,0,1,1,1
2026-07-03T20:06:57.614,tof2,4x4,side_left,-1,3261,-1,3310,-1,1470,-1,-1,1550,970,1583,-1,1058,818,-1,1051,0,1,0,1,0,1,0,0,1,1,1,0,1,1,1,1
2026-07-03T20:06:57.670,tof1,4x4,side_left,-1,-1,-1,-1,-1,-1,443,-1,-1,522,406,360,-1,302,319,276,0,0,0,0,0,0,1,0,0,1,1,1,0,1,1,1
2026-07-03T20:06:57.863,tof1,4x4,side_left,-1,-1,-1,-1,-1,-1,443,-1,-1,521,403,360,-1,312,318,277,0,0,0,0,0,0,1,0,0,1,1,1,1,1,1,1
2026-07-03T20:06:57.923,tof2,4x4,side_left,3038,3257,-1,3294,-1,1465,-1,-1,1550,975,1583,-1,1057,818,-1,1054,1,1,1,1,1,1,0,0,1,1,1,0,1,1,1,1
2026-07-03T20:06:58.016,tof1,4x4,side_left,-1,-1,-1,-1,-1,-1,436,-1,-1,522,403,360,-1,312,318,277,0,1,0,0,0,0,1,0,0,1,1,1,0,1,1,1
2026-07-03T20:06:58.081,tof2,4x4,side_left,3038,3257,-1,3310,2118,1465,-1,3462,1550,975,1583,-1,-1,818,970,1051,1,1,0,1,1,1,0,1,1,1,1,0,1,1,1,1
2026-07-03T20:06:58.184,tof1,4x4,side_left,-1,-1,-1,-1,-1,-1,436,-1,-1,519,403,360,-1,313,318,276,1,0,0,0,0,0,1,0,0,1,1,1,0,1,1,1
2026-07-03T20:06:58.256,tof2,4x4,side_left,3036,3256,-1,3320,2109,1465,2201,3488,1605,975,1583,-1,-1,818,970,1047,1,1,0,1,1,1,1,1,1,1,1,0,1,1,1,1
2026-07-03T20:06:58.358,tof1,4x4,side_left,-1,-1,-1,-1,-1,-1,-1,-1,-1,519,405,360,-1,315,320,276,1,0,0,0,0,0,0,0,0,1,1,1,1,1,1,1
2026-07-03T20:06:58.412,tof2,4x4,side_left,3015,3255,-1,3320,-1,1465,-1,3488,1605,967,1588,-1,1058,819,-1,1047,1,1,0,1,1,1,0,1,1,1,1,0,1,1,1,1
2026-07-03T20:06:58.531,tof1,4x4,side_left,-1,-1,-1,-1,-1,-1,-1,-1,-1,519,405,361,-1,315,318,276,0,0,0,0,0,0,0,0,0,1,1,1,0,1,1,1
2026-07-03T20:06:58.573,tof2,4x4,side_left,3015,3252,-1,3320,2109,1474,-1,3462,1609,967,1588,-1,1058,823,-1,1046,1,1,0,1,1,1,0,1,1,1,1,0,1,1,1,1
2026-07-03T20:06:58.704,tof1,4x4,side_left,-1,-1,-1,-1,-1,-1,-1,-1,-1,520,406,361,-1,313,318,276,0,0,0,0,0,0,0,0,0,1,1,1,0,1,1,1
2026-07-03T20:06:58.730,tof2,4x4,side_left,2967,3255,3309,3333,-1,1503,2201,3462,1618,967,1588,-1,1063,819,-1,1046,1,1,1,1,0,1,1,1,1,1,1,0,1,1,1,1
2026-07-03T20:06:58.881,tof1,4x4,side_left,-1,-1,-1,-1,-1,-1,-1,-1,-1,520,406,361,-1,300,318,276,0,0,0,0,0,0,0,0,0,1,1,1,1,1,1,1
2026-07-03T20:06:58.940,tof2,4x4,side_left,3015,3255,-1,3340,-1,1474,2190,3444,1618,969,1588,-1,1063,823,-1,1046,1,1,1,1,0,1,1,1,1,1,1,0,1,1,1,1
2026-07-03T20:06:59.077,tof1,4x4,side_left,-1,-1,-1,-1,-1,-1,-1,-1,-1,520,407,361,-1,299,318,278,0,0,0,0,0,0,0,0,0,1,1,1,0,1,1,1
2026-07-03T20:06:59.099,tof2,4x4,side_left,3017,3258,-1,3333,2100,1488,-1,3432,-1,971,1581,-1,-1,823,977,1051,1,1,0,1,1,1,0,1,1,1,1,0,1,1,1,1
2026-07-03T20:06:59.258,tof1,4x4,side_left,-1,-1,-1,-1,-1,-1,-1,-1,-1,521,407,361,-1,298,318,279,0,0,0,0,0,0,0,0,0,1,1,1,0,1,1,1
2026-07-03T20:06:59.278,tof2,4x4,side_left,3022,3263,-1,3312,-1,1488,-1,3050,1618,973,1580,-1,-1,823,-1,1051,1,1,0,1,0,1,0,1,1,1,1,0,1,1,1,1
2026-07-03T20:06:59.431,tof1,4x4,side_left,-1,-1,-1,-1,-1,-1,-1,-1,-1,522,407,361,-1,295,318,278,0,0,0,0,0,0,0,0,0,1,1,1,0,1,1,1
2026-07-03T20:06:59.447,tof2,4x4,side_left,3017,3263,-1,3317,2100,1464,-1,3432,1642,976,1574,-1,-1,821,-1,1056,1,1,1,1,1,1,1,1,1,1,1,0,1,1,1,1
2026-07-03T20:06:59.601,tof1,4x4,side_left,-1,-1,-1,-1,-1,-1,437,-1,-1,522,407,362,-1,295,318,276,0,0,0,0,0,0,1,0,0,1,1,1,1,1,1,1
2026-07-03T20:06:59.611,tof2,4x4,side_left,3017,3263,3299,3312,-1,1464,2190,3432,-1,973,1580,-1,-1,827,-1,1056,1,1,1,1,1,1,1,1,1,1,1,1,1,1,1,1
2026-07-03T20:06:59.765,tof1,4x4,side_left,-1,-1,-1,-1,-1,-1,-1,-1,-1,522,407,362,-1,295,316,278,0,0,0,0,0,0,0,0,0,1,1,1,0,1,1,1
2026-07-03T20:06:59.795,tof2,4x4,side_left,3000,3259,-1,-1,-1,1466,-1,3433,1642,971,1580,-1,-1,821,-1,1056,1,1,0,1,0,1,0,1,1,1,1,1,1,1,1,1
2026-07-03T20:06:59.949,tof1,4x4,side_left,-1,-1,-1,-1,-1,-1,-1,-1,-1,522,407,362,-1,296,316,276,0,0,0,0,0,0,0,0,0,1,1,1,0,1,1,1
2026-07-03T20:06:59.981,tof2,4x4,side_left,2990,3257,-1,3298,-1,1464,-1,3464,1563,971,1583,-1,1067,819,-1,1056,1,1,0,1,0,1,1,1,1,1,1,0,1,1,1,1
2026-07-03T20:07:00.107,tof1,4x4,side_left,-1,-1,-1,-1,-1,-1,-1,-1,-1,524,407,363,-1,296,316,276,1,0,0,0,0,0,0,0,0,1,1,1,0,1,1,1
2026-07-03T20:07:00.134,tof2,4x4,side_left,2990,3257,-1,3298,-1,1466,2190,3475,1563,958,1583,-1,1063,818,979,1049,1,1,0,1,1,1,1,1,1,1,1,0,1,1,1,1
2026-07-03T20:07:00.272,tof1,4x4,side_left,-1,-1,-1,-1,-1,-1,437,-1,-1,522,408,363,-1,296,316,276,0,0,0,0,0,0,1,0,0,1,1,1,0,1,1,1
2026-07-03T20:07:00.292,tof2,4x4,side_left,-1,3255,-1,3298,-1,1466,-1,3521,1563,958,1618,-1,1053,818,979,1047,1,1,1,1,0,1,0,1,1,1,1,1,1,1,1,1
2026-07-03T20:07:00.441,tof1,4x4,side_left,-1,-1,-1,-1,-1,-1,445,-1,-1,524,408,363,-1,296,316,276,0,0,0,0,0,0,1,0,0,1,1,1,1,1,1,1
2026-07-03T20:07:00.475,tof2,4x4,side_left,3000,3259,-1,3298,-1,1463,2183,3518,-1,971,1622,-1,1053,817,-1,1047,1,1,0,1,0,1,1,1,1,1,1,0,1,1,1,1
2026-07-03T20:07:00.614,tof1,4x4,side_left,-1,-1,-1,-1,-1,440,446,-1,-1,522,408,363,-1,298,316,275,0,0,0,0,0,1,1,0,0,1,1,1,0,1,1,1
2026-07-03T20:07:00.639,tof2,4x4,side_left,3000,3256,-1,3324,2144,-1,-1,3482,1563,981,1622,-1,1061,817,977,1045,1,1,0,1,1,1,1,1,1,1,1,0,1,1,1,1
2026-07-03T20:07:00.773,tof1,4x4,side_left,-1,-1,-1,-1,-1,-1,446,-1,-1,524,408,362,-1,299,316,274,0,0,0,0,0,0,1,0,0,1,1,1,0,1,1,1
2026-07-03T20:07:00.789,tof2,4x4,side_left,3004,3258,-1,3324,-1,1463,2183,3518,1598,981,1593,-1,1061,817,979,1049,1,1,1,1,0,1,1,1,1,1,1,0,1,1,1,1
2026-07-03T20:07:00.958,tof1,4x4,side_left,-1,-1,-1,-1,-1,-1,-1,-1,-1,523,408,362,-1,299,316,275,0,0,0,0,0,0,0,0,0,1,1,1,0,1,1,1
2026-07-03T20:07:00.969,tof2,4x4,side_left,3012,3257,-1,3315,-1,1463,2175,3529,1631,981,1626,-1,1064,820,-1,1049,1,1,0,1,1,1,1,1,1,1,1,0,1,1,1,1
2026-07-03T20:07:01.127,tof1,4x4,side_left,-1,-1,-1,-1,-1,-1,-1,-1,-1,523,407,362,1065,311,315,274,0,1,0,0,0,0,0,0,0,1,1,1,1,1,1,1
2026-07-03T20:07:01.147,tof2,4x4,side_left,3012,3257,-1,3316,-1,1463,-1,3518,1638,971,1593,-1,1064,820,-1,1051,1,1,1,1,0,1,0,1,1,1,1,0,1,1,1,1
2026-07-03T20:07:01.294,tof1,4x4,side_left,-1,-1,-1,-1,-1,-1,-1,-1,-1,523,406,362,-1,311,315,274,0,0,0,0,0,0,0,0,0,1,1,1,1,1,1,1
2026-07-03T20:07:01.337,tof2,4x4,side_left,3013,3257,-1,3315,-1,1465,-1,3529,1631,971,1593,-1,1065,820,-1,1054,1,1,0,1,0,1,0,1,1,1,1,1,1,1,1,1
2026-07-03T20:07:01.452,tof1,4x4,side_left,-1,-1,-1,-1,-1,-1,-1,-1,-1,523,405,361,-1,311,317,275,0,0,0,0,0,0,0,0,0,1,1,1,0,1,1,1
2026-07-03T20:07:01.497,tof2,4x4,side_left,3026,3258,-1,3315,-1,1491,2173,-1,1610,963,1594,-1,1064,817,-1,1054,1,1,0,1,0,1,1,0,1,1,1,0,1,1,1,1
2026-07-03T20:07:01.610,tof1,4x4,side_left,-1,-1,-1,-1,-1,438,445,-1,-1,523,406,361,-1,310,317,275,0,0,0,0,0,1,1,0,0,1,1,1,0,1,1,1
2026-07-03T20:07:01.666,tof2,4x4,side_left,3026,3263,-1,3303,-1,1471,2173,-1,1610,971,1594,-1,1062,816,-1,1054,1,1,0,1,0,1,1,1,1,1,1,0,1,1,1,1
2026-07-03T20:07:01.782,tof1,4x4,side_left,-1,-1,-1,-1,-1,-1,441,-1,-1,524,405,361,-1,311,318,275,0,0,0,0,0,0,1,0,0,1,1,1,0,1,1,1
2026-07-03T20:07:01.848,tof2,4x4,side_left,3016,3263,-1,3316,-1,1471,-1,3529,1610,971,1591,-1,1061,816,-1,1054,1,1,0,1,0,1,1,1,1,1,1,1,1,1,1,1
2026-07-03T20:07:01.941,tof1,4x4,side_left,-1,-1,-1,-1,-1,-1,-1,-1,-1,524,405,361,-1,314,318,276,0,0,0,0,0,0,0,0,0,1,1,1,0,1,1,1
2026-07-03T20:07:01.997,tof2,4x4,side_left,3017,3264,-1,3317,-1,1471,-1,3515,1610,966,1591,-1,1062,816,-1,1054,1,1,0,1,0,1,1,1,1,1,1,0,1,1,1,1
2026-07-03T20:07:02.092,tof1,4x4,side_left,-1,-1,-1,-1,-1,-1,-1,-1,-1,522,405,360,-1,314,318,275,0,0,0,0,0,0,0,0,0,1,1,1,1,1,1,1
2026-07-03T20:07:02.168,tof2,4x4,side_left,3016,3263,-1,3327,-1,1471,-1,3476,1644,961,1580,-1,-1,817,979,1054,1,1,0,1,0,1,0,1,1,1,1,0,1,1,1,1
2026-07-03T20:07:02.259,tof1,4x4,side_left,-1,-1,-1,-1,-1,-1,-1,-1,-1,522,405,361,-1,314,318,276,0,0,0,0,0,0,0,0,0,1,1,1,0,1,1,1
2026-07-03T20:07:02.326,tof2,4x4,side_left,3001,3258,-1,3327,-1,1471,-1,3471,1644,966,1580,-1,1061,817,988,1054,1,1,0,1,0,1,0,1,1,1,1,0,1,1,1,1
2026-07-03T20:07:02.416,tof1,4x4,side_left,-1,-1,-1,-1,-1,-1,-1,-1,-1,522,405,361,-1,314,318,276,1,0,0,0,0,0,0,0,0,1,1,1,0,1,1,1
2026-07-03T20:07:02.492,tof2,4x4,side_left,-1,3258,-1,3332,-1,1469,-1,3471,1644,966,1580,1368,1062,817,-1,1055,1,1,0,1,0,1,0,1,1,1,1,1,1,1,1,1
2026-07-03T20:07:02.578,tof1,4x4,side_left,-1,-1,-1,-1,-1,-1,-1,-1,-1,520,405,361,-1,313,319,276,0,0,0,0,0,0,0,0,0,1,1,1,0,1,1,1
2026-07-03T20:07:02.679,tof2,4x4,side_left,3001,3258,-1,3327,-1,1490,-1,3471,-1,968,1574,-1,1063,823,988,1055,1,1,1,1,1,1,0,1,1,1,1,0,1,1,1,1
2026-07-03T20:07:02.732,tof1,4x4,side_left,-1,-1,-1,-1,-1,-1,-1,-1,-1,522,405,361,-1,312,318,275,0,0,0,0,0,0,0,0,0,1,1,1,0,1,1,1
2026-07-03T20:07:02.842,tof2,4x4,side_left,3001,3257,-1,3313,-1,-1,-1,3471,-1,972,1582,-1,1063,822,-1,1054,1,1,0,1,1,0,1,1,1,1,1,0,1,1,1,1
2026-07-03T20:07:02.884,tof1,4x4,side_left,-1,-1,-1,-1,-1,-1,441,-1,-1,522,405,361,-1,301,318,276,0,0,0,0,0,0,1,0,0,1,1,1,0,1,1,1
2026-07-03T20:07:02.999,tof2,4x4,side_left,3001,3257,-1,3308,-1,-1,-1,3468,1614,972,1582,-1,1063,822,-1,1051,1,1,0,1,1,0,0,1,1,1,1,0,1,1,1,1
2026-07-03T20:07:03.074,tof1,4x4,side_left,-1,-1,-1,-1,-1,-1,-1,-1,-1,524,407,360,-1,301,317,276,0,0,0,1,0,0,0,0,0,1,1,1,0,1,1,1
2026-07-03T20:07:03.180,tof2,4x4,side_left,3001,3250,3299,3310,-1,-1,-1,3471,-1,968,1582,1368,-1,822,-1,1051,1,1,1,1,0,0,1,1,0,1,1,1,1,1,1,1
2026-07-03T20:07:03.226,tof1,4x4,side_left,-1,-1,-1,-1,-1,-1,441,-1,-1,524,407,360,-1,308,316,275,0,0,0,0,0,0,1,0,0,1,1,1,0,1,1,1
2026-07-03T20:07:03.342,tof2,4x4,side_left,2991,3250,3299,3308,-1,1490,2173,3471,-1,972,1575,-1,1063,821,-1,1051,1,1,1,1,1,1,1,1,0,1,1,1,1,1,1,1
2026-07-03T20:07:03.392,tof1,4x4,side_left,-1,-1,-1,-1,-1,-1,444,-1,-1,524,407,360,-1,308,314,278,0,0,0,0,0,0,1,0,0,1,1,1,0,1,1,1
2026-07-03T20:07:03.507,tof2,4x4,side_left,-1,3249,-1,3308,-1,-1,-1,-1,1614,962,1575,-1,1063,821,-1,1051,0,1,0,1,0,0,1,0,1,1,1,1,1,1,1,1
2026-07-03T20:07:03.564,tof1,4x4,side_left,-1,-1,-1,-1,-1,-1,444,392,-1,524,407,360,-1,300,314,278,0,0,0,0,0,0,1,1,0,1,1,1,0,1,1,1
2026-07-03T20:07:03.666,tof2,4x4,side_left,-1,3250,-1,3310,-1,-1,2198,3471,-1,962,1574,-1,1063,820,-1,1052,0,1,0,1,0,0,1,1,0,1,1,0,1,1,1,1
2026-07-03T20:07:03.726,tof1,4x4,side_left,-1,-1,-1,-1,-1,-1,444,-1,-1,524,408,360,-1,300,314,278,0,0,0,0,0,0,1,0,0,1,1,1,0,1,1,1
2026-07-03T20:07:03.819,tof2,4x4,side_left,3016,3250,-1,3316,-1,-1,-1,-1,1614,969,1575,-1,1063,821,-1,1052,1,1,0,1,0,0,1,0,1,1,1,0,1,1,1,1
2026-07-03T20:07:03.908,tof1,4x4,side_left,-1,-1,-1,-1,-1,-1,444,-1,-1,522,408,361,-1,298,315,275,0,0,0,0,0,0,1,0,0,1,1,1,1,1,1,1
2026-07-03T20:07:03.990,tof2,4x4,side_left,2997,3252,-1,3316,-1,-1,2198,-1,-1,978,1574,-1,1063,821,988,1052,1,1,0,1,0,1,1,1,0,1,1,0,1,1,1,1
2026-07-03T20:07:04.071,tof1,4x4,side_left,-1,-1,-1,-1,-1,-1,444,-1,-1,522,408,362,-1,298,316,279,0,0,0,0,0,0,1,0,0,1,1,1,0,1,1,1
2026-07-03T20:07:04.168,tof2,4x4,side_left,2997,3252,-1,3316,-1,1490,2198,3468,-1,-1,1574,-1,1061,821,-1,1052,1,1,0,1,0,1,1,1,1,1,1,0,1,1,1,1
2026-07-03T20:07:04.227,tof1,4x4,side_left,-1,-1,-1,-1,-1,-1,447,-1,-1,527,408,362,-1,298,316,278,0,0,0,0,0,0,1,0,0,1,1,1,0,1,1,1
2026-07-03T20:07:04.325,tof2,4x4,side_left,2997,3252,-1,3311,-1,-1,2181,3475,1614,969,1601,-1,1057,820,988,1054,1,1,0,1,0,0,1,1,1,1,1,0,1,1,1,1
2026-07-03T20:07:04.405,tof1,4x4,side_left,-1,-1,-1,-1,-1,-1,448,-1,-1,527,408,362,-1,298,319,278,0,0,0,0,0,0,1,0,0,1,1,1,0,1,1,1
2026-07-03T20:07:04.485,tof2,4x4,side_left,3015,3252,-1,3297,-1,-1,2164,3454,-1,969,1601,-1,1061,820,-1,1054,1,1,1,1,0,0,1,1,1,1,1,0,1,1,1,1
2026-07-03T20:07:04.557,tof1,4x4,side_left,-1,-1,-1,-1,-1,-1,448,-1,-1,525,408,361,-1,298,320,276,0,0,0,0,0,0,1,0,0,1,1,1,0,1,1,1
2026-07-03T20:07:04.637,tof2,4x4,side_left,2997,3252,-1,3297,-1,-1,2164,-1,-1,978,1601,-1,1061,819,-1,1054,1,1,0,1,1,1,1,1,1,1,1,0,1,1,1,1
2026-07-03T20:07:04.715,tof1,4x4,side_left,-1,-1,-1,-1,-1,-1,447,-1,-1,525,408,362,-1,297,320,276,0,0,0,0,0,0,1,0,0,1,1,1,0,1,1,1
2026-07-03T20:07:04.829,tof2,4x4,side_left,2997,3253,3335,3311,-1,-1,-1,3454,1631,966,1601,-1,1062,819,-1,1054,1,1,1,1,1,1,1,1,1,1,1,0,1,1,1,1
2026-07-03T20:07:04.890,tof1,4x4,side_left,-1,-1,-1,-1,-1,-1,-1,-1,-1,524,408,362,-1,297,319,276,0,0,0,0,0,0,1,0,0,1,1,1,0,1,1,1
2026-07-03T20:07:04.983,tof2,4x4,side_left,3013,3248,-1,3328,2147,-1,2181,3454,1654,966,1596,-1,1062,819,-1,1049,1,1,0,1,1,1,1,1,1,1,1,0,1,1,1,1
2026-07-03T20:07:05.069,tof1,4x4,side_left,-1,-1,-1,-1,-1,-1,447,-1,-1,524,408,362,-1,297,319,276,0,0,0,1,0,0,1,0,0,1,1,1,0,1,1,1
2026-07-03T20:07:05.144,tof2,4x4,side_left,2975,3253,-1,3330,-1,1496,-1,3448,-1,963,1594,-1,1062,819,-1,1049,1,1,0,1,0,1,0,1,1,1,1,1,1,1,1,1
2026-07-03T20:07:05.228,tof1,4x4,side_left,-1,-1,-1,-1,-1,-1,-1,-1,-1,524,407,362,-1,297,318,276,1,0,0,0,0,0,0,0,0,1,1,1,1,1,1,1
2026-07-03T20:07:05.339,tof2,4x4,side_left,2975,3253,-1,3330,2147,1496,2181,3448,1654,968,1578,-1,1062,819,-1,1051,1,1,0,1,1,1,1,1,1,1,1,0,1,1,1,1
2026-07-03T20:07:05.396,tof1,4x4,side_left,-1,-1,-1,-1,-1,-1,-1,-1,-1,524,407,362,-1,298,317,275,0,0,0,0,0,0,0,0,0,1,1,1,0,1,1,1
2026-07-03T20:07:05.498,tof2,4x4,side_left,2954,3254,-1,3328,-1,1470,2186,3457,-1,968,1578,-1,1063,819,-1,1046,1,1,0,1,1,1,1,1,1,1,1,1,1,1,1,1
2026-07-03T20:07:05.563,tof1,4x4,side_left,-1,-1,-1,-1,-1,-1,-1,-1,-1,524,407,362,-1,300,317,276,0,0,1,0,0,0,0,0,0,1,1,1,0,1,1,1
2026-07-03T20:07:05.653,tof2,4x4,side_left,-1,3255,-1,3328,-1,1493,-1,-1,-1,968,1566,-1,1060,819,971,1046,1,1,1,1,0,1,0,0,0,1,1,1,1,1,1,1
2026-07-03T20:07:05.741,tof1,4x4,side_left,-1,-1,-1,-1,-1,-1,-1,-1,-1,524,407,361,-1,300,318,276,0,0,0,0,0,0,0,0,0,1,1,1,0,1,1,1
2026-07-03T20:07:05.815,tof2,4x4,side_left,2978,3257,-1,3327,2147,1473,2190,3448,1654,964,1563,-1,-1,819,-1,1046,1,1,1,1,1,1,1,1,1,1,1,1,1,1,1,1
2026-07-03T20:07:05.893,tof1,4x4,side_left,-1,-1,-1,-1,-1,-1,-1,-1,-1,522,407,360,-1,301,318,275,0,0,0,0,0,0,0,0,0,1,1,1,0,1,1,1
2026-07-03T20:07:06.016,tof2,4x4,side_left,2978,3257,-1,3327,-1,-1,2190,3457,1654,967,1578,-1,1063,817,-1,1046,1,1,0,1,1,1,1,1,1,1,1,0,1,1,1,1
2026-07-03T20:07:06.068,tof1,4x4,side_left,-1,-1,-1,-1,-1,-1,-1,-1,-1,521,407,360,-1,301,318,276,0,0,0,1,0,0,0,0,0,1,1,1,0,1,1,1
2026-07-03T20:07:06.188,tof2,4x4,side_left,2981,3257,-1,3325,-1,1473,-1,3457,1711,965,1579,-1,-1,817,-1,1046,1,1,0,1,0,1,1,1,1,1,1,0,1,1,1,1
2026-07-03T20:07:06.229,tof1,4x4,side_left,-1,-1,-1,-1,-1,-1,-1,-1,-1,521,407,360,-1,310,318,276,0,0,0,0,0,0,0,0,0,1,1,1,0,1,1,1
2026-07-03T20:07:06.362,tof2,4x4,side_left,-1,3257,-1,3308,-1,1473,2160,3505,1662,964,1561,-1,1063,822,971,1044,0,1,0,1,0,1,1,1,1,1,1,0,1,1,1,1
2026-07-03T20:07:06.384,tof1,4x4,side_left,-1,-1,-1,-1,-1,-1,-1,-1,-1,521,407,360,-1,301,318,277,1,0,0,0,1,0,0,0,0,1,1,1,1,1,1,1
2026-07-03T20:07:06.527,tof2,4x4,side_left,2981,3257,-1,3308,-1,1473,2189,3505,1662,964,1561,-1,1063,822,-1,1044,1,1,1,1,0,1,1,1,1,1,1,0,1,1,1,1
2026-07-03T20:07:06.537,tof1,4x4,side_left,-1,-1,-1,-1,-1,-1,445,-1,-1,521,406,361,-1,310,318,275,0,0,0,0,0,0,1,0,0,1,1,1,0,1,1,1
2026-07-03T20:07:06.697,tof2,4x4,side_left,2998,3257,-1,3308,2147,1473,2144,3505,1662,965,1566,-1,-1,822,-1,1056,1,1,0,1,1,1,1,1,1,1,1,0,1,1,1,1
2026-07-03T20:07:06.704,tof1,4x4,side_left,-1,-1,-1,-1,-1,-1,444,-1,-1,521,406,361,-1,310,317,275,1,0,0,0,0,0,1,0,0,1,1,1,0,1,1,1
2026-07-03T20:07:06.880,tof2,4x4,side_left,2998,3256,-1,3308,-1,1481,2144,3505,1528,962,1566,-1,1060,822,-1,1052,1,1,0,1,1,1,1,1,1,1,1,0,1,1,1,1
2026-07-03T20:07:07.127,tof2,4x4,side_left,2998,3256,-1,3331,-1,1463,-1,-1,-1,962,1566,-1,-1,823,-1,1052,1,1,0,1,0,1,0,0,1,1,1,0,1,1,1,1
2026-07-03T20:07:07.182,tof1,4x4,side_left,-1,-1,-1,-1,-1,-1,441,-1,-1,523,406,361,-1,310,316,275,1,0,0,1,0,0,1,0,0,1,1,1,0,1,1,1
2026-07-03T20:07:07.287,tof2,4x4,side_left,-1,3256,-1,3331,2127,-1,2189,-1,1528,967,1580,-1,1063,823,969,1052,1,1,0,1,1,1,1,1,1,1,1,0,1,1,1,1
2026-07-03T20:07:07.348,tof1,4x4,side_left,-1,-1,-1,-1,-1,-1,444,-1,-1,523,406,362,-1,310,316,274,0,0,0,0,0,0,1,0,0,1,1,1,0,1,1,1
2026-07-03T20:07:07.468,tof2,4x4,side_left,3001,3256,-1,3330,-1,1463,2203,3505,1528,967,1593,-1,1062,818,969,1051,1,1,0,1,1,1,1,1,1,1,1,0,1,1,1,1
2026-07-03T20:07:07.515,tof1,4x4,side_left,-1,-1,-1,-1,-1,-1,-1,-1,-1,522,407,362,-1,310,316,274,0,0,0,0,0,0,0,0,0,1,1,1,0,1,1,1
2026-07-03T20:07:07.647,tof2,4x4,side_left,3001,3256,-1,3330,-1,1463,-1,3499,1535,963,1593,-1,1062,818,-1,1047,1,1,1,1,0,1,0,1,1,1,1,0,1,1,1,1
2026-07-03T20:07:07.681,tof1,4x4,side_left,-1,-1,-1,-1,-1,-1,444,-1,-1,522,408,362,-1,300,316,274,0,0,0,0,0,0,1,0,0,1,1,1,0,1,1,1
2026-07-03T20:07:07.812,tof2,4x4,side_left,3007,3256,3335,3320,-1,1463,2203,-1,-1,967,1588,-1,-1,822,-1,1047,1,1,1,1,0,1,1,1,0,1,1,0,1,1,1,1
2026-07-03T20:07:07.866,tof1,4x4,side_left,-1,-1,-1,-1,-1,-1,444,-1,-1,525,408,362,-1,297,317,275,0,0,0,0,0,0,1,0,0,1,1,1,0,1,1,1
2026-07-03T20:07:07.990,tof2,4x4,side_left,-1,3256,3335,3320,-1,1463,-1,3495,1609,963,1593,-1,1062,821,966,1047,1,1,1,1,0,1,1,1,1,1,1,0,1,1,1,1
2026-07-03T20:07:08.027,tof1,4x4,side_left,-1,-1,-1,-1,-1,-1,-1,-1,-1,523,408,362,-1,297,318,276,1,0,0,1,0,0,0,0,0,1,1,1,0,1,1,1
2026-07-03T20:07:08.167,tof2,4x4,side_left,2991,3256,3330,3310,-1,1459,2203,3495,-1,962,1588,-1,1063,821,-1,1051,1,1,1,1,0,1,1,1,1,1,1,0,1,1,1,1
2026-07-03T20:07:08.577,tof1,4x4,side_left,-1,-1,-1,-1,-1,-1,-1,-1,-1,524,408,361,-1,297,317,279,0,0,0,0,0,0,0,0,0,1,1,1,0,1,1,1
2026-07-03T20:07:08.702,tof2,4x4,side_left,3005,3256,-1,3315,-1,1465,2203,3492,1617,962,1581,-1,1062,821,969,1055,1,1,0,1,0,1,1,1,1,1,1,0,1,1,1,1
2026-07-03T20:07:08.742,tof1,4x4,side_left,-1,-1,-1,-1,-1,-1,446,-1,-1,528,408,361,-1,297,317,276,0,0,0,0,0,0,1,0,0,1,1,1,0,1,1,1
2026-07-03T20:07:08.851,tof2,4x4,side_left,3005,3253,-1,3315,-1,1467,2190,3492,-1,962,1581,-1,1062,821,-1,1056,1,1,0,1,0,1,1,1,1,1,1,0,1,1,1,1
2026-07-03T20:07:08.944,tof1,4x4,side_left,-1,-1,-1,-1,-1,-1,-1,-1,-1,525,408,361,-1,297,317,276,0,0,0,0,0,0,0,0,0,1,1,1,0,1,1,1
2026-07-03T20:07:09.024,tof2,4x4,side_left,3005,3253,3321,3315,-1,1477,2182,3492,1609,957,1579,1368,-1,821,969,1056,1,1,1,1,0,1,1,1,1,1,1,1,1,1,1,1
2026-07-03T20:07:09.097,tof1,4x4,side_left,-1,-1,-1,-1,-1,-1,-1,-1,-1,524,407,361,-1,299,317,277,0,0,0,0,0,0,0,0,0,1,1,1,0,1,1,1
2026-07-03T20:07:09.183,tof2,4x4,side_left,3001,3248,-1,3315,2119,1482,2190,3492,1609,962,1579,-1,-1,818,-1,1055,1,1,1,1,1,1,1,1,1,1,1,0,1,1,1,1
2026-07-03T20:07:09.266,tof1,4x4,side_left,-1,-1,-1,-1,-1,-1,-1,-1,-1,524,407,361,-1,301,317,277,0,0,0,0,0,0,0,0,0,1,1,1,0,1,1,1
2026-07-03T20:07:09.341,tof2,4x4,side_left,3003,3248,3304,3315,2107,1482,-1,3456,-1,969,1579,-1,1062,819,-1,1047,1,1,1,1,1,1,1,1,0,1,1,0,1,1,1,1
2026-07-03T20:07:09.434,tof1,4x4,side_left,-1,-1,-1,-1,-1,-1,446,-1,-1,524,406,361,-1,309,317,275,0,0,0,1,0,0,1,0,0,1,1,1,0,1,1,1
2026-07-03T20:07:09.499,tof2,4x4,side_left,3001,3253,-1,3320,-1,1482,-1,-1,-1,969,1579,-1,-1,819,-1,1046,1,1,0,1,0,1,0,1,0,1,1,0,1,1,1,1
2026-07-03T20:07:09.593,tof1,4x4,side_left,-1,-1,-1,-1,-1,-1,444,-1,-1,523,405,360,-1,311,316,275,0,0,0,0,0,0,1,0,0,1,1,1,0,1,1,1
2026-07-03T20:07:09.654,tof2,4x4,side_left,2994,3248,-1,3320,-1,1478,-1,3456,-1,969,1579,-1,1062,819,978,1046,1,1,0,1,0,1,0,1,1,1,1,0,1,1,1,1
2026-07-03T20:07:09.763,tof1,4x4,side_left,-1,-1,-1,-1,-1,-1,444,-1,-1,523,405,360,-1,311,316,277,0,0,0,0,0,0,1,0,0,1,1,1,0,1,1,1
2026-07-03T20:07:09.838,tof2,4x4,side_left,-1,3253,3304,3301,2107,1477,2182,3449,-1,969,1563,-1,1062,819,978,1047,1,1,1,1,1,1,1,1,0,1,1,0,1,1,1,1
2026-07-03T20:07:09.931,tof1,4x4,side_left,-1,-1,-1,-1,-1,-1,-1,-1,-1,523,405,360,-1,311,316,278,0,0,0,0,0,0,0,0,0,1,1,1,0,1,1,1
2026-07-03T20:07:10.004,tof2,4x4,side_left,-1,3255,3304,-1,2119,1476,2176,3449,1609,967,1557,-1,-1,819,985,1048,0,1,1,1,1,1,1,1,1,1,1,0,1,1,1,1
2026-07-03T20:07:10.085,tof1,4x4,side_left,-1,-1,-1,-1,-1,-1,-1,-1,-1,523,406,361,-1,311,316,278,0,0,0,0,0,0,0,0,0,1,1,1,0,1,1,1
2026-07-03T20:07:10.160,tof2,4x4,side_left,2994,3255,-1,3299,-1,1468,-1,3434,1564,967,1545,1329,-1,819,-1,1048,1,1,1,1,0,1,0,1,1,1,1,1,1,1,1,1
2026-07-03T20:07:10.246,tof1,4x4,side_left,-1,-1,-1,-1,-1,-1,442,-1,-1,523,406,361,-1,311,318,278,0,0,0,0,0,0,1,0,0,1,1,1,0,1,1,1
2026-07-03T20:07:10.318,tof2,4x4,side_left,-1,3253,3326,3299,-1,1468,2182,3449,1564,962,1545,-1,1059,820,-1,1050,0,1,1,1,1,1,1,1,1,1,1,0,1,1,1,1
2026-07-03T20:07:10.409,tof1,4x4,side_left,-1,-1,-1,-1,-1,-1,-1,-1,-1,523,406,361,-1,296,318,279,0,0,0,0,0,0,0,0,0,1,1,1,0,1,1,1
2026-07-03T20:07:10.496,tof2,4x4,side_left,2994,3253,-1,3299,2129,-1,2197,3444,1620,962,1545,-1,1067,820,985,1048,1,1,0,1,1,1,1,1,1,1,1,0,1,1,1,1
2026-07-03T20:07:10.579,tof1,4x4,side_left,-1,-1,-1,-1,-1,-1,-1,-1,-1,523,407,362,-1,296,318,279,1,0,0,0,0,0,0,0,0,1,1,1,0,1,1,1
2026-07-03T20:07:10.673,tof2,4x4,side_left,2994,3261,-1,3298,2129,1468,2176,3444,1669,967,1559,-1,1063,820,-1,1050,1,1,0,1,1,1,1,1,1,1,1,1,1,1,1,1
2026-07-03T20:07:10.732,tof1,4x4,side_left,-1,-1,-1,-1,-1,437,442,-1,-1,520,407,362,-1,297,316,278,0,0,0,0,0,1,1,0,0,1,1,1,1,1,1,1
2026-07-03T20:07:10.822,tof2,4x4,side_left,2994,3251,-1,-1,2147,1468,-1,3488,1669,967,1579,-1,1063,820,981,1048,1,1,0,1,1,1,0,1,1,1,1,0,1,1,1,1
2026-07-03T20:07:10.918,tof1,4x4,side_left,-1,-1,-1,-1,-1,-1,443,-1,-1,524,407,362,-1,297,316,277,0,0,0,0,0,0,1,0,0,1,1,1,0,1,1,1
2026-07-03T20:07:10.986,tof2,4x4,side_left,2994,3251,-1,3298,-1,1468,-1,3488,1669,967,1579,1329,1062,822,-1,1049,1,1,1,1,0,1,0,1,1,1,1,1,1,1,1,1
2026-07-03T20:07:11.315,tof2,4x4,side_left,2998,3251,-1,3301,2147,1471,2173,3477,1651,972,1615,-1,1063,822,-1,1047,1,1,0,1,1,1,1,1,1,1,1,0,1,1,1,1
2026-07-03T20:07:12.038,tof1,4x4,side_left,-1,-1,-1,-1,-1,-1,-1,-1,-1,525,407,362,-1,296,316,278,0,0,0,0,0,0,0,0,0,1,1,1,0,1,1,1
2026-07-03T20:07:12.192,tof1,4x4,side_left,-1,-1,-1,-1,-1,-1,-1,-1,-1,525,407,362,-1,297,318,276,0,0,0,0,0,0,0,0,0,1,1,1,0,1,1,1
2026-07-03T20:07:12.352,tof1,4x4,side_left,-1,-1,-1,-1,-1,-1,444,-1,-1,525,406,362,-1,297,319,276,0,0,0,0,0,0,1,0,0,1,1,1,0,1,1,1
2026-07-03T20:07:12.531,tof1,4x4,side_left,-1,-1,-1,-1,-1,433,443,-1,-1,525,406,360,-1,301,319,276,0,0,0,0,0,1,1,0,0,1,1,1,0,1,1,1
2026-07-03T20:07:12.698,tof1,4x4,side_left,-1,-1,-1,-1,-1,437,443,-1,-1,525,406,360,-1,309,320,276,0,0,0,0,0,1,1,0,0,1,1,1,0,1,1,1
2026-07-03T20:07:12.861,tof1,4x4,side_left,-1,-1,-1,-1,-1,-1,-1,-1,-1,525,406,360,-1,309,320,276,0,0,0,0,0,0,0,0,0,1,1,1,0,1,1,1
2026-07-03T20:07:13.023,tof1,4x4,side_left,-1,-1,-1,-1,-1,-1,-1,-1,-1,525,406,360,-1,310,320,276,0,0,0,0,0,0,0,0,0,1,1,1,1,1,1,1
2026-07-03T20:07:13.177,tof1,4x4,side_left,-1,-1,-1,-1,-1,-1,445,-1,-1,525,406,360,-1,310,320,277,0,0,0,0,0,0,1,0,0,1,1,1,0,1,1,1
2026-07-03T20:07:13.352,tof1,4x4,side_left,-1,-1,-1,-1,-1,-1,445,-1,-1,521,406,360,-1,313,320,277,0,0,0,0,0,0,1,0,0,1,1,1,1,1,1,1
2026-07-03T20:07:13.523,tof1,4x4,side_left,-1,-1,-1,-1,-1,-1,445,-1,411,521,406,360,-1,313,320,277,0,0,0,0,0,0,1,0,1,1,1,1,0,1,1,1
2026-07-03T20:07:13.715,tof1,4x4,side_left,-1,-1,-1,-1,-1,437,445,-1,-1,520,405,360,-1,313,320,277,0,0,0,0,0,1,1,0,0,1,1,1,1,1,1,1
2026-07-03T20:07:13.865,tof1,4x4,side_left,-1,-1,-1,-1,-1,-1,-1,-1,-1,520,405,360,-1,313,319,277,0,0,0,0,0,0,0,0,0,1,1,1,0,1,1,1
2026-07-03T20:07:14.031,tof1,4x4,side_left,-1,-1,-1,-1,-1,-1,446,-1,-1,526,405,360,-1,311,318,276,0,0,0,0,0,0,1,0,0,1,1,1,0,1,1,1
2026-07-03T20:07:14.185,tof1,4x4,side_left,-1,-1,-1,-1,-1,-1,-1,-1,-1,526,407,361,-1,311,318,277,0,0,0,1,0,0,0,0,0,1,1,1,0,1,1,1
2026-07-03T20:07:14.371,tof2,4x4,side_left,2990,3250,-1,3301,-1,1468,-1,3488,-1,972,1595,-1,1063,820,-1,1047,1,1,1,1,0,1,1,1,1,1,1,1,1,1,1,1
2026-07-03T20:07:14.378,tof1,4x4,side_left,-1,-1,-1,-1,-1,-1,-1,-1,-1,524,407,361,-1,310,319,277,0,0,0,0,0,0,0,0,0,1,1,1,0,1,1,1
2026-07-03T20:07:14.558,tof2,4x4,side_left,-1,3250,-1,3301,-1,-1,-1,3488,1598,970,1615,-1,1062,820,-1,1047,1,1,0,1,1,0,0,1,1,1,1,1,1,1,1,1
2026-07-03T20:07:14.573,tof1,4x4,side_left,-1,-1,-1,-1,-1,-1,446,-1,-1,524,407,361,-1,310,319,276,0,0,0,1,0,0,1,0,0,1,1,1,0,1,1,1
2026-07-03T20:07:14.708,tof2,4x4,side_left,2972,3250,-1,3301,-1,-1,-1,3477,-1,972,1615,-1,1063,822,981,1049,1,1,0,1,0,0,0,1,1,1,1,0,1,1,1,1
2026-07-03T20:07:14.742,tof1,4x4,side_left,-1,-1,-1,-1,-1,437,442,-1,-1,520,407,362,-1,300,320,276,0,0,0,0,0,1,1,0,0,1,1,1,0,1,1,1
2026-07-03T20:07:14.862,tof2,4x4,side_left,2990,3250,-1,3297,-1,1459,2187,3490,-1,972,1615,-1,1063,817,-1,1047,1,1,0,1,0,1,1,1,0,1,1,0,1,1,1,1
2026-07-03T20:07:14.945,tof1,4x4,side_left,-1,-1,-1,-1,-1,-1,442,-1,-1,520,407,362,-1,310,320,276,0,0,0,0,0,0,1,0,0,1,1,1,0,1,1,1
2026-07-03T20:07:15.031,tof2,4x4,side_left,2998,3262,-1,3297,-1,1478,2187,3490,-1,970,1595,-1,1062,822,-1,1053,1,1,0,1,1,1,1,1,1,1,1,0,1,1,1,1
2026-07-03T20:07:15.100,tof1,4x4,side_left,-1,-1,-1,-1,-1,437,442,-1,-1,520,407,362,-1,300,318,274,0,0,0,0,0,1,1,0,0,1,1,1,0,1,1,1
2026-07-03T20:07:15.182,tof2,4x4,side_left,3000,3262,3326,3297,-1,1466,-1,3490,1598,970,1600,-1,1061,823,-1,1053,1,1,1,1,1,1,0,1,1,1,1,0,1,1,1,1
2026-07-03T20:07:15.265,tof1,4x4,side_left,-1,-1,-1,-1,-1,-1,442,-1,-1,520,407,363,-1,296,317,274,1,0,0,0,0,0,1,0,0,1,1,1,0,1,1,1
2026-07-03T20:07:15.365,tof2,4x4,side_left,3023,3260,3326,3297,-1,1466,2187,3487,1598,963,1566,-1,1060,822,-1,1053,1,1,1,1,1,1,1,1,1,1,1,0,1,1,1,1
2026-07-03T20:07:15.421,tof1,4x4,side_left,-1,-1,-1,-1,-1,-1,-1,-1,-1,521,407,362,-1,296,317,276,0,0,0,0,0,0,0,0,0,1,1,1,0,1,1,1
2026-07-03T20:07:15.774,tof2,4x4,side_left,3023,3260,-1,3299,-1,1476,-1,3490,-1,963,1566,-1,1060,816,981,1047,1,1,1,1,1,1,0,1,1,1,1,0,1,1,1,1
2026-07-03T20:07:15.776,tof1,4x4,side_left,-1,-1,-1,-1,-1,-1,-1,-1,-1,521,407,362,-1,300,317,276,1,0,0,0,0,0,0,0,0,1,1,1,0,1,1,1
2026-07-03T20:07:15.926,tof2,4x4,side_left,3023,3260,-1,3301,-1,1478,-1,3487,1598,963,1575,-1,1061,823,-1,1047,1,1,0,1,1,1,1,1,1,1,1,0,1,1,1,1
2026-07-03T20:07:15.982,tof1,4x4,side_left,-1,-1,-1,-1,-1,-1,-1,-1,-1,521,407,363,-1,300,318,276,0,0,1,0,0,0,0,0,0,1,1,1,0,1,1,1
2026-07-03T20:07:16.098,tof2,4x4,side_left,3031,3260,-1,3319,-1,1476,2187,3460,-1,972,1579,-1,1062,821,-1,1047,1,1,0,1,1,1,1,1,1,1,1,0,1,1,1,1
2026-07-03T20:07:16.142,tof1,4x4,side_left,-1,-1,-1,-1,-1,-1,-1,-1,-1,521,407,363,-1,310,318,276,0,0,1,0,0,0,0,0,0,1,1,1,0,1,1,1
2026-07-03T20:07:16.259,tof2,4x4,side_left,3031,3259,-1,3324,-1,1480,2187,-1,1598,973,1579,-1,1070,820,967,1049,1,1,0,1,0,1,1,0,1,1,1,0,1,1,1,1
2026-07-03T20:07:16.301,tof1,4x4,side_left,-1,-1,-1,-1,-1,-1,-1,-1,-1,520,407,362,-1,310,318,277,0,0,0,0,0,0,0,0,0,1,1,1,0,1,1,1
2026-07-03T20:07:16.424,tof2,4x4,side_left,3013,3259,-1,3324,2134,1485,-1,3460,-1,978,1587,-1,1070,820,-1,1047,1,1,0,1,1,1,1,1,1,1,1,0,1,1,1,1
2026-07-03T20:07:16.482,tof1,4x4,side_left,-1,-1,-1,-1,-1,-1,-1,-1,-1,520,405,361,-1,310,318,277,0,0,0,0,0,0,0,0,0,1,1,1,0,1,1,1
2026-07-03T20:07:16.593,tof2,4x4,side_left,3031,3259,3327,3323,-1,1480,-1,3472,1597,973,1587,-1,1070,821,967,1049,1,1,1,1,0,1,1,1,1,1,1,1,1,1,1,1
2026-07-03T20:07:16.634,tof1,4x4,side_left,-1,-1,-1,-1,-1,437,442,-1,-1,522,405,361,-1,310,318,276,0,0,0,0,0,1,1,0,0,1,1,1,0,1,1,1
2026-07-03T20:07:16.757,tof2,4x4,side_left,3013,3259,3307,3323,2132,1480,2181,3472,-1,973,1592,-1,-1,821,967,1049,1,1,1,1,1,1,1,1,1,1,1,0,1,1,1,1
2026-07-03T20:07:16.811,tof1,4x4,side_left,-1,-1,-1,-1,-1,-1,-1,-1,-1,522,404,360,-1,312,319,276,0,0,0,0,0,0,0,0,0,1,1,1,0,1,1,1
2026-07-03T20:07:16.939,tof2,4x4,side_left,3013,3257,3285,3325,-1,1480,2174,3480,1597,978,1594,-1,1060,820,967,1048,1,1,1,1,1,1,1,1,1,1,1,1,1,1,1,1
2026-07-03T20:07:16.973,tof1,4x4,side_left,-1,-1,-1,-1,-1,-1,-1,-1,-1,520,404,360,-1,312,319,276,0,0,0,0,0,0,0,0,0,1,1,1,1,1,1,1
2026-07-03T20:07:17.105,tof2,4x4,side_left,3042,3254,-1,3325,-1,1477,2174,3480,1626,978,1592,-1,-1,821,-1,1046,1,1,0,1,0,1,1,1,1,1,1,0,1,1,1,1
2026-07-03T20:07:17.136,tof1,4x4,side_left,-1,-1,-1,-1,-1,-1,442,-1,-1,520,404,360,-1,310,319,276,0,0,0,0,0,0,1,0,0,1,1,1,1,1,1,1
2026-07-03T20:07:17.264,tof2,4x4,side_left,3042,3257,-1,3335,-1,1477,-1,-1,1626,968,1584,-1,1054,827,-1,1048,1,1,0,1,1,1,0,0,1,1,1,0,1,1,1,1
2026-07-03T20:07:17.330,tof1,4x4,side_left,-1,-1,-1,-1,-1,-1,-1,-1,-1,520,404,360,-1,298,320,277,0,0,0,0,0,0,0,0,0,1,1,1,1,1,1,1
2026-07-03T20:07:17.418,tof2,4x4,side_left,3035,3253,-1,-1,2134,1477,-1,3480,1609,968,1594,-1,1054,821,-1,1048,1,1,1,1,1,1,0,1,1,1,1,0,1,1,1,1
2026-07-03T20:07:17.487,tof1,4x4,side_left,-1,-1,-1,-1,-1,-1,442,-1,-1,518,404,360,-1,298,319,277,0,0,0,0,0,0,1,0,0,1,1,1,0,1,1,1
2026-07-03T20:07:17.577,tof2,4x4,side_left,-1,3253,-1,3335,2132,-1,-1,3447,1609,976,1571,-1,1054,821,967,1048,1,1,0,1,1,1,1,1,1,1,1,1,1,1,1,1
2026-07-03T20:07:17.655,tof1,4x4,side_left,-1,-1,-1,-1,-1,-1,-1,-1,-1,520,404,360,-1,298,319,277,0,0,0,0,0,0,0,0,0,1,1,1,0,1,1,1
2026-07-03T20:07:17.761,tof2,4x4,side_left,3035,3254,-1,3325,-1,1458,2174,3447,1593,976,1571,-1,1056,821,-1,1049,1,1,0,1,0,1,1,1,1,1,1,1,1,1,1,1
2026-07-03T20:07:17.834,tof1,4x4,side_left,-1,-1,-1,-1,-1,-1,-1,-1,-1,522,404,360,-1,297,318,277,0,0,0,0,0,0,0,0,0,1,1,1,0,1,1,1
2026-07-03T20:07:17.924,tof2,4x4,side_left,2939,3254,-1,3318,-1,1474,-1,3447,1593,966,1571,-1,1056,821,967,1049,1,1,0,1,0,1,1,1,1,1,1,0,1,1,1,1
2026-07-03T20:07:17.997,tof1,4x4,side_left,-1,-1,-1,-1,-1,-1,-1,-1,-1,522,406,360,-1,298,318,277,0,0,0,0,0,0,0,0,0,1,1,1,0,1,1,1
2026-07-03T20:07:18.094,tof2,4x4,side_left,-1,3253,-1,3306,-1,1456,2174,3450,1593,966,1573,-1,1065,821,-1,1051,1,1,0,1,1,1,1,1,1,1,1,1,1,1,1,1
2026-07-03T20:07:18.166,tof1,4x4,side_left,-1,-1,-1,-1,-1,-1,-1,-1,-1,522,406,361,-1,299,316,278,0,0,0,0,0,0,0,0,0,1,1,1,0,1,1,1
2026-07-03T20:07:18.251,tof2,4x4,side_left,2939,3254,-1,3302,-1,1449,-1,-1,1608,966,1573,-1,-1,821,-1,1049,1,1,0,1,1,1,1,0,1,1,1,0,1,1,1,1
2026-07-03T20:07:18.337,tof1,4x4,side_left,-1,-1,-1,-1,-1,-1,443,-1,-1,524,406,361,-1,299,316,278,0,0,0,0,0,0,1,0,0,1,1,1,0,1,1,1
2026-07-03T20:07:18.405,tof2,4x4,side_left,3014,3253,-1,3306,-1,1456,2174,3450,1627,966,1584,-1,1058,821,-1,1049,1,1,0,1,1,1,1,1,1,1,1,1,1,1,1,1
2026-07-03T20:07:18.499,tof1,4x4,side_left,-1,-1,-1,-1,-1,-1,443,-1,-1,524,406,361,-1,297,316,278,0,0,0,0,0,0,1,0,0,1,1,1,0,1,1,1
2026-07-03T20:07:18.567,tof2,4x4,side_left,2953,3253,-1,3306,-1,1464,2177,-1,-1,965,1584,-1,1058,821,966,1049,1,1,0,1,0,1,1,1,1,1,1,1,1,1,1,1
2026-07-03T20:07:18.687,tof1,4x4,side_left,-1,-1,-1,-1,-1,-1,443,-1,-1,520,406,361,-1,297,316,276,0,0,0,0,0,0,1,0,0,1,1,1,0,1,1,1
2026-07-03T20:07:18.734,tof2,4x4,side_left,2953,3252,-1,3307,-1,1464,-1,3454,1627,963,1584,-1,1064,821,957,1051,1,1,0,1,0,1,1,1,1,1,1,0,1,1,1,1
2026-07-03T20:07:18.844,tof1,4x4,side_left,-1,-1,-1,-1,-1,-1,-1,-1,-1,522,406,361,-1,297,317,276,0,0,0,0,0,0,0,0,0,1,1,1,0,1,1,1
2026-07-03T20:07:18.890,tof2,4x4,side_left,3006,3259,-1,3323,-1,1464,2184,-1,-1,963,1584,-1,1062,819,-1,1052,1,1,0,1,1,1,1,0,1,1,1,0,1,1,1,1
2026-07-03T20:07:19.005,tof1,4x4,side_left,-1,-1,-1,-1,-1,437,443,-1,-1,519,407,361,-1,297,317,276,0,0,0,0,0,1,1,0,0,1,1,1,0,1,1,1
2026-07-03T20:07:19.053,tof2,4x4,side_left,2953,3252,-1,3329,-1,1465,-1,3478,1632,961,1577,-1,1062,819,-1,1054,1,1,1,1,0,1,0,1,1,1,1,1,1,1,1,1
2026-07-03T20:07:19.161,tof1,4x4,side_left,-1,-1,-1,-1,-1,-1,-1,-1,-1,519,405,361,-1,299,318,278,0,0,0,0,0,0,0,0,0,1,1,1,0,1,1,1
2026-07-03T20:07:19.228,tof2,4x4,side_left,2953,3251,-1,3329,-1,1465,2184,3478,1632,961,1577,-1,1064,819,-1,1054,1,1,0,1,0,1,1,1,1,1,1,1,1,1,1,1
2026-07-03T20:07:19.317,tof1,4x4,side_left,-1,-1,-1,-1,-1,-1,-1,-1,-1,521,405,361,-1,310,318,278,0,0,0,0,0,0,0,0,0,1,1,1,0,1,1,1
2026-07-03T20:07:19.384,tof2,4x4,side_left,3004,3251,3285,3332,-1,1467,2184,-1,1603,966,1589,-1,1064,819,-1,1054,1,1,1,1,0,1,1,0,1,1,1,0,1,1,1,1
2026-07-03T20:07:19.462,tof1,4x4,side_left,-1,-1,-1,-1,-1,-1,-1,-1,-1,521,407,361,-1,310,318,278,0,0,0,0,0,0,0,0,0,1,1,1,0,1,1,1
2026-07-03T20:07:19.572,tof2,4x4,side_left,3006,3251,3293,3329,2134,1479,2193,3478,1589,966,1594,-1,1067,819,966,1054,1,1,1,1,1,1,1,1,1,1,1,1,1,1,1,1
2026-07-03T20:07:19.619,tof1,4x4,side_left,-1,-1,-1,-1,-1,-1,-1,-1,-1,521,407,361,-1,301,318,277,0,0,0,0,0,0,0,0,0,1,1,1,0,1,1,1
2026-07-03T20:07:19.727,tof2,4x4,side_left,3004,3250,-1,3325,-1,1479,2215,3489,1603,966,1594,-1,1067,819,954,1054,1,1,1,1,0,1,1,1,1,1,1,0,1,1,1,1
2026-07-03T20:07:19.785,tof1,4x4,side_left,-1,-1,-1,-1,-1,-1,-1,-1,-1,521,406,361,-1,311,318,277,0,0,0,0,0,0,0,0,0,1,1,1,0,1,1,1
2026-07-03T20:07:19.886,tof2,4x4,side_left,3004,3251,-1,3325,-1,1479,-1,3497,1575,966,1594,-1,1064,819,-1,1051,1,1,0,1,0,1,1,1,1,1,1,0,1,1,1,1
2026-07-03T20:07:19.948,tof1,4x4,side_left,-1,-1,-1,-1,-1,-1,-1,-1,-1,521,406,361,-1,301,318,276,0,0,0,0,0,0,0,0,0,1,1,1,0,1,1,1
2026-07-03T20:07:20.070,tof2,4x4,side_left,3004,3250,-1,3325,-1,1479,-1,3497,1521,959,1591,-1,1056,821,954,1052,1,1,0,1,0,1,0,1,1,1,1,0,1,1,1,1
2026-07-03T20:07:20.104,tof1,4x4,side_left,-1,-1,-1,-1,-1,437,443,-1,-1,521,406,361,-1,297,317,276,0,0,0,0,0,1,1,1,0,1,1,1,0,1,1,1
2026-07-03T20:07:20.217,tof2,4x4,side_left,3004,3250,3293,3325,-1,1479,2198,3497,1560,957,1610,-1,-1,821,966,1051,1,1,1,1,0,1,1,1,1,1,1,0,1,1,1,1
2026-07-03T20:07:20.290,tof1,4x4,side_left,-1,-1,-1,-1,-1,-1,443,-1,-1,521,406,361,-1,301,317,276,0,0,0,0,0,0,1,0,0,1,1,1,0,1,1,1
2026-07-03T20:07:20.384,tof2,4x4,side_left,2984,3258,3293,3327,-1,1478,-1,-1,1560,954,1591,-1,1064,827,-1,1051,1,1,1,1,1,1,0,1,1,1,1,0,1,1,1,1
2026-07-03T20:07:20.480,tof1,4x4,side_left,-1,-1,-1,-1,-1,-1,443,-1,-1,521,406,361,-1,313,317,276,0,0,0,0,0,0,1,0,0,1,1,1,0,1,1,1
2026-07-03T20:07:20.541,tof2,4x4,side_left,3004,3259,-1,3327,-1,1478,-1,-1,1560,953,1587,-1,1060,821,966,1051,1,1,1,1,0,1,0,0,1,1,1,0,1,1,1,1
2026-07-03T20:07:20.627,tof1,4x4,side_left,-1,-1,-1,-1,-1,-1,443,-1,-1,521,406,361,-1,301,317,276,0,0,0,0,0,0,1,0,0,1,1,1,0,1,1,1
2026-07-03T20:07:20.698,tof2,4x4,side_left,2993,3260,-1,3327,2137,1478,2198,3497,1564,953,1587,-1,1060,819,-1,1051,1,1,0,1,1,1,1,1,1,1,1,0,1,1,1,1
2026-07-03T20:07:20.796,tof1,4x4,side_left,-1,-1,-1,-1,-1,-1,-1,-1,-1,521,405,361,-1,313,319,276,1,0,0,0,0,0,0,0,0,1,1,1,1,1,1,1
2026-07-03T20:07:20.860,tof2,4x4,side_left,2993,3260,-1,3330,-1,1478,2198,-1,-1,954,1587,-1,1065,818,966,1051,1,1,0,1,1,1,1,1,0,1,1,0,1,1,1,1
2026-07-03T20:07:20.955,tof1,4x4,side_left,-1,-1,-1,-1,-1,-1,-1,-1,-1,520,406,361,-1,315,319,275,0,0,0,0,0,0,0,0,0,1,1,1,0,1,1,1
2026-07-03T20:07:21.025,tof2,4x4,side_left,2993,3259,-1,3327,-1,1478,-1,3486,1598,957,1581,-1,1065,818,-1,1051,1,1,0,1,0,1,0,1,1,1,1,0,1,1,1,1
2026-07-03T20:07:21.129,tof1,4x4,side_left,-1,-1,-1,-1,-1,-1,-1,-1,-1,519,405,361,-1,313,319,276,0,0,0,0,0,0,0,0,0,1,1,1,0,1,1,1
2026-07-03T20:07:21.182,tof2,4x4,side_left,-1,3263,-1,3330,2140,1478,2183,3437,1598,964,1581,-1,1065,818,966,1050,0,1,0,1,1,1,1,1,1,1,1,1,1,1,1,1
2026-07-03T20:07:21.310,tof1,4x4,side_left,-1,-1,-1,-1,-1,440,443,-1,-1,519,405,361,-1,310,319,276,0,0,0,0,0,1,1,0,0,1,1,1,0,1,1,1
2026-07-03T20:07:21.362,tof2,4x4,side_left,2993,3254,-1,3331,2137,1474,2153,3486,1581,964,1580,-1,1065,817,977,1048,1,1,1,1,1,1,1,1,1,1,1,0,1,1,1,1
2026-07-03T20:07:21.466,tof1,4x4,side_left,-1,-1,-1,-1,-1,436,443,-1,-1,519,405,360,1078,311,320,275,1,1,0,0,0,1,1,0,0,1,1,1,1,1,1,1
2026-07-03T20:07:21.525,tof2,4x4,side_left,2993,3252,-1,3331,-1,1474,-1,3524,1581,966,1580,-1,1053,817,-1,1048,1,1,0,1,0,1,0,1,1,1,1,0,1,1,1,1
2026-07-03T20:07:21.655,tof1,4x4,side_left,-1,-1,-1,-1,-1,-1,438,-1,-1,515,404,360,-1,310,320,276,0,0,0,0,0,0,1,0,0,1,1,1,0,1,1,1
2026-07-03T20:07:21.686,tof2,4x4,side_left,2972,3254,-1,3331,-1,1474,2151,3486,1581,968,1581,-1,1053,817,-1,1048,1,1,0,1,0,1,1,1,1,1,1,0,1,1,1,1
2026-07-03T20:07:21.852,tof1,4x4,side_left,-1,-1,-1,-1,-1,-1,-1,-1,-1,515,404,361,-1,310,321,276,1,0,0,0,0,0,0,0,0,1,1,1,0,1,1,1
2026-07-03T20:07:21.861,tof2,4x4,side_left,2977,3259,3322,3337,2140,1494,-1,3447,1581,968,1576,-1,-1,817,966,1044,1,1,1,1,1,1,0,1,1,1,1,0,1,1,1,1
2026-07-03T20:07:22.046,tof1,4x4,side_left,-1,-1,-1,-1,-1,-1,438,-1,-1,518,404,360,-1,300,321,275,0,0,0,0,0,0,1,0,0,1,1,1,1,1,1,1
2026-07-03T20:07:22.054,tof2,4x4,side_left,2972,3257,-1,3337,-1,1494,2143,3470,1581,968,1597,-1,-1,817,964,1046,1,1,0,1,0,1,1,1,1,1,1,1,1,1,1,1
2026-07-03T20:07:22.235,tof2,4x4,side_left,2977,3259,-1,3337,-1,1494,-1,3470,1584,968,1597,-1,1053,817,966,1044,1,1,0,1,0,1,1,1,1,1,1,0,1,1,1,1
2026-07-03T20:07:22.237,tof1,4x4,side_left,-1,-1,-1,-1,-1,-1,-1,-1,-1,518,404,359,-1,311,321,275,0,0,0,0,0,0,0,0,0,1,1,1,0,1,1,1
2026-07-03T20:07:22.388,tof2,4x4,side_left,2977,3261,3303,3337,-1,-1,-1,3470,1589,968,1597,-1,1061,823,-1,1044,1,1,1,1,0,1,0,1,1,1,1,1,1,1,1,1
2026-07-03T20:07:22.432,tof1,4x4,side_left,-1,-1,-1,-1,-1,-1,-1,-1,-1,519,403,358,1078,312,320,275,0,0,0,0,0,0,0,0,0,1,1,1,1,1,1,1
2026-07-03T20:07:22.546,tof2,4x4,side_left,2979,3259,-1,3324,-1,1492,-1,3479,1589,968,1576,-1,1061,823,966,1044,1,1,1,1,0,1,0,1,1,1,1,0,1,1,1,1
2026-07-03T20:07:22.605,tof1,4x4,side_left,-1,-1,-1,-1,-1,-1,-1,-1,-1,519,404,360,-1,312,319,275,0,0,0,0,0,0,0,0,0,1,1,1,0,1,1,1
2026-07-03T20:07:22.709,tof2,4x4,side_left,2995,3257,-1,3310,-1,-1,2143,3479,1589,977,1586,-1,1065,816,966,1044,1,1,0,1,1,0,1,1,1,1,1,0,1,1,1,1
2026-07-03T20:07:22.786,tof1,4x4,side_left,-1,-1,-1,-1,-1,-1,-1,-1,-1,520,405,359,-1,311,319,275,0,0,0,0,0,0,0,0,0,1,1,1,0,1,1,1
2026-07-03T20:07:22.875,tof2,4x4,side_left,-1,3258,-1,3310,-1,-1,2143,-1,1598,981,1574,-1,1065,816,-1,1044,1,1,0,1,1,1,1,1,1,1,1,1,1,1,1,1
2026-07-03T20:07:22.966,tof1,4x4,side_left,-1,-1,-1,-1,-1,-1,438,-1,-1,520,406,359,-1,311,319,276,0,0,0,0,0,0,1,0,0,1,1,1,0,1,1,1
2026-07-03T20:07:23.064,tof2,4x4,side_left,2995,3254,-1,3309,-1,-1,-1,-1,1598,981,1586,-1,1061,817,966,1046,1,1,0,1,1,1,1,0,1,1,1,0,1,1,1,1
2026-07-03T20:07:23.126,tof1,4x4,side_left,-1,-1,-1,-1,-1,-1,438,-1,-1,520,406,360,-1,301,320,276,0,0,0,0,0,0,1,0,0,1,1,1,0,1,1,1
2026-07-03T20:07:23.222,tof2,4x4,side_left,3000,3254,-1,3309,-1,-1,-1,3479,-1,970,1586,-1,1061,817,968,1050,1,1,1,1,0,0,0,1,0,1,1,0,1,1,1,1
2026-07-03T20:07:23.382,tof2,4x4,side_left,2979,3254,-1,3310,-1,-1,-1,3485,1598,970,1608,-1,1067,817,968,1051,1,1,1,1,0,0,1,1,1,1,1,1,1,1,1,1
2026-07-03T20:07:23.548,tof2,4x4,side_left,-1,3254,-1,3311,-1,1476,-1,3479,-1,970,1608,-1,-1,817,-1,1051,0,1,1,1,0,1,1,1,0,1,1,0,1,1,1,1
2026-07-03T20:07:23.729,tof2,4x4,side_left,-1,3254,3303,3314,-1,-1,2178,3466,1598,966,1609,-1,1067,822,960,1051,1,1,1,1,0,0,1,1,1,1,1,0,1,1,1,1
2026-07-03T20:07:23.965,tof2,4x4,side_left,2981,3254,3294,3317,-1,-1,2187,3463,-1,963,1609,-1,-1,822,-1,1051,1,1,1,1,1,0,1,1,0,1,1,0,1,1,1,1
2026-07-03T20:07:24.097,tof1,4x4,side_left,-1,-1,-1,-1,-1,-1,447,-1,-1,520,406,361,-1,301,321,276,0,0,0,0,0,0,1,0,0,1,1,1,1,1,1,1
2026-07-03T20:07:24.118,tof2,4x4,side_left,2981,3261,-1,3332,-1,-1,2187,3447,-1,963,-1,-1,-1,821,960,1051,1,1,0,1,0,0,1,1,1,1,1,0,1,1,1,1
2026-07-03T20:07:24.281,tof1,4x4,side_left,-1,-1,-1,-1,-1,-1,448,-1,-1,520,407,361,-1,299,322,277,0,0,0,0,0,0,1,0,0,1,1,1,0,1,1,1
2026-07-03T20:07:24.285,tof2,4x4,side_left,3000,3250,-1,3332,-1,-1,-1,3446,1609,971,1612,-1,1069,821,-1,1052,1,1,1,1,1,1,1,1,1,1,1,0,1,1,1,1
2026-07-03T20:07:24.453,tof2,4x4,side_left,2981,3253,3303,3335,-1,-1,-1,3441,-1,963,1542,-1,1070,821,-1,1052,1,1,1,1,0,0,0,1,1,1,1,0,1,1,1,1
2026-07-03T20:07:24.472,tof1,4x4,side_left,-1,-1,-1,-1,-1,-1,448,-1,-1,519,407,361,-1,299,322,277,0,0,0,1,0,0,1,0,0,1,1,1,1,1,1,1
2026-07-03T20:07:24.631,tof2,4x4,side_left,3000,3253,3294,3332,-1,-1,2185,3441,1609,971,1602,-1,1069,821,-1,1052,1,1,1,1,0,0,1,1,1,1,1,0,1,1,1,1
2026-07-03T20:07:24.645,tof1,4x4,side_left,-1,-1,-1,-1,-1,-1,-1,-1,-1,519,407,361,-1,301,321,276,0,0,0,0,0,0,0,0,0,1,1,1,0,1,1,1
2026-07-03T20:07:24.792,tof2,4x4,side_left,3000,3253,3294,3329,-1,-1,2185,3446,1620,971,1581,-1,-1,820,-1,1048,1,1,1,1,0,0,1,1,1,1,1,0,1,1,1,1
2026-07-03T20:07:24.808,tof1,4x4,side_left,-1,-1,-1,-1,-1,437,447,-1,-1,519,406,361,-1,308,321,276,0,0,0,0,0,1,1,0,0,1,1,1,0,1,1,1
2026-07-03T20:07:24.946,tof2,4x4,side_left,-1,3247,-1,3327,-1,-1,2185,3407,1609,964,1602,-1,1069,817,968,1048,1,1,1,1,1,0,1,1,1,1,1,0,1,1,1,1
2026-07-03T20:07:24.982,tof1,4x4,side_left,-1,-1,-1,-1,-1,-1,-1,-1,-1,519,404,360,1087,308,318,275,0,0,0,0,0,0,0,0,0,1,1,1,1,1,1,1
2026-07-03T20:07:25.105,tof2,4x4,side_left,2994,3253,-1,3321,-1,-1,-1,3407,1620,959,1590,-1,1069,817,970,1048,1,1,0,1,1,0,0,1,1,1,1,1,1,1,1,1
2026-07-03T20:07:25.157,tof1,4x4,side_left,-1,-1,-1,-1,-1,440,446,-1,-1,519,404,360,-1,313,318,275,0,0,0,0,0,1,1,0,0,1,1,1,0,1,1,1
2026-07-03T20:07:25.259,tof2,4x4,side_left,2994,3259,3334,3312,-1,1476,-1,3477,-1,964,1590,-1,1062,817,-1,1048,1,1,1,1,0,1,1,1,1,1,1,0,1,1,1,1
2026-07-03T20:07:25.330,tof1,4x4,side_left,-1,-1,-1,-1,-1,-1,445,-1,-1,519,405,360,-1,313,319,275,0,0,0,0,0,0,1,0,0,1,1,1,0,1,1,1
2026-07-03T20:07:25.434,tof2,4x4,side_left,2994,3252,-1,3304,2137,1476,2185,3477,1598,956,1581,-1,1062,824,974,1053,1,1,0,1,1,1,1,1,1,1,1,1,1,1,1,1
2026-07-03T20:07:25.496,tof1,4x4,side_left,-1,-1,-1,-1,-1,-1,-1,-1,-1,520,404,360,-1,314,320,273,0,0,0,0,0,0,0,0,0,1,1,1,0,1,1,1
2026-07-03T20:07:25.582,tof2,4x4,side_left,2994,3259,-1,3312,2140,1480,-1,3424,1620,956,1590,-1,1066,824,-1,1053,1,1,1,1,1,1,0,1,1,1,1,1,1,1,1,1
2026-07-03T20:07:25.655,tof1,4x4,side_left,-1,-1,-1,-1,-1,-1,-1,-1,-1,521,405,360,-1,313,319,275,0,0,0,0,0,0,0,0,0,1,1,1,0,1,1,1
2026-07-03T20:07:25.739,tof2,4x4,side_left,-1,3259,-1,3306,-1,1480,-1,3458,1636,956,1590,-1,-1,824,-1,1053,1,1,0,1,0,1,1,1,1,1,1,1,1,1,1,1
2026-07-03T20:07:25.810,tof1,4x4,side_left,-1,-1,-1,-1,-1,-1,-1,-1,-1,521,405,360,-1,313,320,277,0,0,0,0,0,0,0,0,0,1,1,1,0,1,1,1
2026-07-03T20:07:25.937,tof2,4x4,side_left,3003,3260,-1,3302,-1,1480,2185,3431,-1,963,1612,-1,-1,823,-1,1048,1,1,0,1,1,1,1,1,0,1,1,0,1,1,1,1
2026-07-03T20:07:25.973,tof1,4x4,side_left,-1,-1,-1,-1,-1,-1,-1,-1,-1,521,403,360,1165,313,319,277,0,0,0,0,0,0,0,0,0,1,1,1,1,1,1,1
2026-07-03T20:07:26.086,tof2,4x4,side_left,3003,3260,-1,3306,-1,1473,-1,-1,1636,963,1612,1329,-1,819,-1,1046,1,1,0,1,1,1,0,0,1,1,1,1,1,1,1,1
2026-07-03T20:07:26.141,tof1,4x4,side_left,-1,-1,-1,-1,-1,-1,443,-1,-1,521,403,360,-1,313,319,277,0,0,0,0,0,0,1,0,0,1,1,1,0,1,1,1
2026-07-03T20:07:26.253,tof2,4x4,side_left,2995,3260,-1,3306,2128,1473,-1,3431,1636,963,1612,-1,1066,819,974,1046,1,1,0,1,1,1,1,1,1,1,1,0,1,1,1,1
2026-07-03T20:07:26.321,tof1,4x4,side_left,-1,-1,-1,-1,-1,-1,-1,-1,-1,521,405,360,1087,312,317,279,0,0,0,0,0,0,0,0,0,1,1,1,1,1,1,1
2026-07-03T20:07:26.421,tof2,4x4,side_left,2995,3256,-1,3293,-1,1473,-1,-1,1678,967,1612,-1,1060,817,-1,1048,1,1,0,1,0,1,1,0,1,1,1,0,1,1,1,1
2026-07-03T20:07:26.487,tof1,4x4,side_left,-1,-1,-1,-1,-1,-1,-1,-1,-1,519,406,361,-1,312,318,279,0,0,0,0,0,0,0,0,0,1,1,1,0,1,1,1
2026-07-03T20:07:26.576,tof2,4x4,side_left,2995,3261,-1,3293,2141,1474,-1,-1,1702,969,1606,-1,-1,822,-1,1055,1,1,0,1,1,1,1,0,1,1,1,0,1,1,1,1
2026-07-03T20:07:26.665,tof1,4x4,side_left,-1,-1,-1,-1,-1,-1,445,-1,-1,522,406,360,-1,309,318,279,0,0,0,0,0,0,1,0,0,1,1,1,0,1,1,1
2026-07-03T20:07:26.731,tof2,4x4,side_left,2954,3265,-1,3310,-1,1474,2201,3458,1678,969,1590,-1,1060,817,1052,1055,1,1,0,1,0,1,1,1,1,1,1,0,1,1,1,1
2026-07-03T20:07:26.847,tof1,4x4,side_left,-1,-1,-1,-1,-1,-1,-1,-1,-1,519,408,360,-1,299,318,278,0,0,0,1,0,0,0,0,0,1,1,1,0,1,1,1
2026-07-03T20:07:26.897,tof2,4x4,side_left,2947,3256,3334,3294,-1,1481,-1,3484,1678,969,1589,-1,1060,822,-1,1055,1,1,1,1,0,1,0,1,1,1,1,0,1,1,1,1
2026-07-03T20:07:27.016,tof1,4x4,side_left,-1,-1,-1,-1,-1,-1,-1,-1,-1,521,408,360,-1,299,318,277,0,0,0,0,0,0,0,0,0,1,1,1,0,1,1,1
2026-07-03T20:07:27.070,tof2,4x4,side_left,2947,3255,3302,3310,2153,1480,2201,3484,1627,969,1589,-1,-1,823,-1,1052,1,1,1,1,1,1,1,1,1,1,1,0,1,1,1,1
2026-07-03T20:07:27.178,tof1,4x4,side_left,-1,-1,-1,-1,-1,-1,-1,-1,-1,521,408,360,-1,297,318,276,0,0,0,0,0,0,0,0,0,1,1,1,0,1,1,1
2026-07-03T20:07:27.224,tof2,4x4,side_left,-1,3255,-1,3317,-1,1480,2201,3510,1627,965,1572,-1,-1,824,1052,1046,1,1,1,1,1,1,1,1,1,1,1,0,1,1,1,1
2026-07-03T20:07:27.356,tof1,4x4,side_left,-1,-1,-1,-1,-1,-1,-1,-1,-1,521,408,360,-1,309,318,276,0,0,0,0,0,0,0,0,0,1,1,1,0,1,1,1
2026-07-03T20:07:27.391,tof2,4x4,side_left,2992,3253,-1,3313,-1,1480,-1,3510,-1,965,1589,-1,-1,823,1064,1046,1,1,0,1,0,1,1,1,0,1,1,1,1,1,1,1
2026-07-03T20:07:27.518,tof1,4x4,side_left,-1,-1,-1,-1,-1,-1,-1,-1,-1,519,406,360,-1,301,320,276,0,0,0,0,0,0,0,0,0,1,1,1,0,1,1,1
2026-07-03T20:07:27.553,tof2,4x4,side_left,2934,3253,-1,3320,-1,1480,-1,3472,1627,965,1572,-1,1060,823,-1,1046,1,1,0,1,0,1,1,1,1,1,1,0,1,1,1,1
2026-07-03T20:07:27.685,tof1,4x4,side_left,-1,-1,-1,-1,-1,-1,-1,-1,-1,521,405,360,-1,302,319,276,0,0,0,0,0,0,0,0,0,1,1,1,0,1,1,1
2026-07-03T20:07:27.712,tof2,4x4,side_left,2934,3252,3302,3320,2153,1474,-1,3466,-1,965,1568,-1,1060,822,968,1044,1,1,1,1,1,1,1,1,1,1,1,1,1,1,1,1
2026-07-03T20:07:27.859,tof1,4x4,side_left,-1,-1,-1,-1,-1,-1,443,-1,-1,517,405,360,-1,302,320,276,0,0,0,1,0,0,1,0,0,1,1,1,1,1,1,1
2026-07-03T20:07:27.882,tof2,4x4,side_left,-1,3253,-1,3317,2164,1474,-1,3472,-1,965,1572,-1,-1,819,-1,1044,1,1,0,1,1,1,0,1,1,1,1,0,1,1,1,1
2026-07-03T20:07:28.030,tof1,4x4,side_left,-1,-1,-1,-1,-1,437,440,-1,-1,517,404,360,-1,312,319,276,0,0,0,0,0,1,1,0,0,1,1,1,0,1,1,1
2026-07-03T20:07:28.088,tof2,4x4,side_left,2934,3257,-1,3317,2164,1495,2180,3470,1644,965,1553,-1,1061,815,968,1041,1,1,0,1,1,1,1,1,1,1,1,0,1,1,1,1
2026-07-03T20:07:28.192,tof1,4x4,side_left,-1,-1,-1,-1,-1,-1,-1,-1,-1,517,404,360,-1,314,321,276,1,0,0,0,0,0,0,0,0,1,1,1,0,1,1,1
2026-07-03T20:07:28.243,tof2,4x4,side_left,2934,3258,-1,3320,-1,1474,2191,3472,1680,965,1553,-1,1061,815,960,1041,1,1,0,1,1,1,1,1,1,1,1,0,1,1,1,1
2026-07-03T20:07:28.350,tof1,4x4,side_left,-1,-1,-1,-1,-1,-1,441,-1,-1,521,404,359,-1,314,319,273,0,0,0,0,0,0,1,0,0,1,1,1,0,1,1,1
2026-07-03T20:07:28.402,tof2,4x4,side_left,2931,3261,-1,3323,2131,1473,2180,3488,-1,965,1579,-1,1060,815,-1,1041,1,1,1,1,1,1,1,1,1,1,1,1,1,1,1,1
2026-07-03T20:07:28.571,tof2,4x4,side_left,2931,3261,-1,3335,-1,1470,2166,3492,1680,965,1579,-1,1060,817,-1,1049,1,1,0,1,0,1,1,1,1,1,1,0,1,1,1,1
2026-07-03T20:07:28.607,tof1,4x4,side_left,-1,-1,-1,-1,-1,437,440,-1,-1,517,404,360,-1,314,321,273,0,0,0,0,0,1,1,0,0,1,1,1,0,1,1,1
2026-07-03T20:07:28.734,tof2,4x4,side_left,-1,3261,3302,3335,-1,1470,-1,-1,1644,964,1576,-1,1061,818,-1,1039,0,1,1,1,0,1,0,0,1,1,1,0,1,1,1,1
2026-07-03T20:07:28.793,tof1,4x4,side_left,-1,-1,-1,-1,-1,-1,-1,-1,-1,517,404,359,-1,311,321,275,0,0,0,0,0,0,1,1,0,1,1,1,1,1,1,1
2026-07-03T20:07:28.894,tof2,4x4,side_left,2952,3262,-1,3335,-1,1470,-1,3488,-1,964,1586,-1,1063,819,-1,1050,1,1,0,1,0,1,1,1,1,1,1,0,1,1,1,1
2026-07-03T20:07:28.982,tof1,4x4,side_left,-1,-1,-1,-1,-1,437,440,-1,-1,517,405,360,-1,309,321,276,0,0,0,0,0,1,1,0,0,1,1,1,0,1,1,1
2026-07-03T20:07:29.087,tof2,4x4,side_left,2976,3262,3302,3328,-1,1470,2166,3488,-1,971,1576,-1,1063,821,960,1036,1,1,1,1,1,1,1,1,1,1,1,0,1,1,1,1
2026-07-03T20:07:29.153,tof1,4x4,side_left,-1,-1,-1,-1,-1,-1,-1,-1,-1,522,406,359,-1,309,319,275,0,0,0,0,0,0,0,0,0,1,1,1,0,1,1,1
2026-07-03T20:07:29.245,tof2,4x4,side_left,2976,3263,-1,3328,-1,1473,-1,3488,-1,965,1576,1333,1063,821,-1,1050,1,1,0,1,0,1,0,1,0,1,1,1,1,1,1,1
2026-07-03T20:07:29.342,tof1,4x4,side_left,-1,-1,-1,-1,-1,-1,439,-1,-1,522,407,360,-1,300,320,276,1,0,0,0,0,0,1,0,0,1,1,1,0,1,1,1
2026-07-03T20:07:29.403,tof2,4x4,side_left,2986,3263,-1,3319,-1,1477,-1,-1,1680,965,1584,-1,-1,819,-1,1047,1,1,1,1,1,1,0,1,1,1,1,0,1,1,1,1
2026-07-03T20:07:29.528,tof1,4x4,side_left,-1,-1,-1,-1,-1,-1,-1,-1,-1,522,406,360,-1,300,320,275,0,0,0,0,0,0,0,0,0,1,1,1,0,1,1,1
2026-07-03T20:07:29.569,tof2,4x4,side_left,3008,3263,-1,3328,2105,1480,2178,3494,1684,973,1584,-1,1063,819,-1,1050,1,1,0,1,1,1,1,1,1,1,1,0,1,1,1,1
2026-07-03T20:07:29.708,tof1,4x4,side_left,-1,-1,-1,-1,-1,-1,441,-1,-1,522,407,361,-1,306,319,276,0,0,0,0,0,0,1,0,0,1,1,1,0,1,1,1
2026-07-03T20:07:29.738,tof2,4x4,side_left,3008,3254,-1,3328,-1,1480,2166,3485,-1,966,1584,-1,1065,817,-1,1056,1,1,1,1,0,1,1,1,1,1,1,0,1,1,1,1
2026-07-03T20:07:29.864,tof1,4x4,side_left,-1,-1,-1,-1,-1,-1,-1,-1,-1,522,409,360,-1,306,319,276,0,0,0,0,0,0,0,0,0,1,1,1,0,1,1,1
2026-07-03T20:07:29.932,tof2,4x4,side_left,3027,3254,3343,3319,-1,1480,2178,3480,1644,966,1586,-1,1054,816,953,1056,1,1,1,1,0,1,1,1,1,1,1,0,1,1,1,1
2026-07-03T20:07:30.025,tof1,4x4,side_left,-1,-1,-1,-1,-1,-1,-1,-1,-1,520,407,360,-1,306,320,276,0,0,0,0,0,0,0,0,0,1,1,1,0,1,1,1
2026-07-03T20:07:30.089,tof2,4x4,side_left,3027,3253,-1,3315,-1,1480,2178,3480,1644,974,1584,-1,1062,816,-1,1047,1,1,0,1,0,1,1,1,1,1,1,0,1,1,1,1
2026-07-03T20:07:30.201,tof1,4x4,side_left,-1,-1,-1,-1,-1,-1,-1,-1,-1,520,406,360,-1,306,318,276,0,0,0,0,0,0,0,0,0,1,1,1,0,1,1,1
2026-07-03T20:07:30.248,tof2,4x4,side_left,2987,3254,-1,3315,-1,1480,2185,-1,1644,979,1586,-1,1070,816,960,1047,1,1,1,1,0,1,1,0,1,1,1,0,1,1,1,1
2026-07-03T20:07:30.351,tof1,4x4,side_left,-1,-1,-1,-1,-1,-1,-1,-1,-1,522,407,362,-1,306,318,276,0,0,0,0,0,0,0,0,0,1,1,1,0,1,1,1
2026-07-03T20:07:30.442,tof2,4x4,side_left,2965,3253,-1,3315,-1,1480,2173,3478,1600,974,1586,-1,1067,816,965,1047,1,1,0,1,0,1,1,1,1,1,1,1,1,1,1,1
2026-07-03T20:07:30.520,tof1,4x4,side_left,-1,-1,-1,-1,-1,-1,-1,-1,-1,522,406,360,-1,311,318,276,0,0,0,0,0,0,0,0,0,1,1,1,0,1,1,1
2026-07-03T20:07:30.595,tof2,4x4,side_left,2965,3248,-1,3328,2105,1483,2173,3478,-1,974,1586,-1,1067,816,972,1047,1,1,0,1,1,1,1,1,1,1,1,0,1,1,1,1
2026-07-03T20:07:30.678,tof1,4x4,side_left,-1,-1,-1,-1,-1,-1,-1,-1,-1,522,406,361,-1,311,319,277,0,0,0,0,0,0,0,0,0,1,1,1,0,1,1,1
2026-07-03T20:07:30.761,tof2,4x4,side_left,2965,3253,-1,3328,-1,1483,2173,-1,-1,969,1586,-1,-1,818,972,1052,1,1,1,1,0,1,1,0,1,1,1,0,1,1,1,1
2026-07-03T20:07:30.858,tof1,4x4,side_left,-1,-1,-1,-1,-1,-1,439,-1,-1,522,406,361,-1,316,318,276,1,0,0,0,1,0,1,0,0,1,1,1,1,1,1,1
2026-07-03T20:07:30.959,tof2,4x4,side_left,2965,3256,-1,3328,2105,1473,-1,3465,1600,965,1586,-1,1067,825,977,1055,1,1,0,1,1,1,1,1,1,1,1,1,1,1,1,1
2026-07-03T20:07:31.026,tof1,4x4,side_left,-1,-1,-1,-1,-1,-1,-1,-1,-1,522,404,361,-1,316,318,276,0,0,0,1,0,0,0,0,0,1,1,1,0,1,1,1
2026-07-03T20:07:31.125,tof2,4x4,side_left,-1,3255,-1,3328,-1,-1,-1,3478,1600,965,1586,-1,1067,825,-1,1056,1,1,0,1,0,1,1,1,1,1,1,0,1,1,1,1
2026-07-03T20:07:31.194,tof1,4x4,side_left,-1,-1,-1,-1,-1,-1,439,-1,-1,522,404,361,-1,311,319,277,0,0,0,0,0,0,1,0,0,1,1,1,0,1,1,1
2026-07-03T20:07:31.296,tof2,4x4,side_left,3004,3256,-1,3328,-1,1473,2194,3485,1619,965,1591,-1,1066,825,983,1056,1,1,0,1,1,1,1,1,1,1,1,1,1,1,1,1
2026-07-03T20:07:31.366,tof1,4x4,side_left,-1,-1,-1,-1,-1,-1,-1,-1,-1,519,404,361,1084,311,319,278,0,0,0,0,0,0,0,0,0,1,1,1,1,1,1,1
2026-07-03T20:07:31.465,tof2,4x4,side_left,3004,3256,3343,3318,2150,1472,2173,3485,1619,965,1596,-1,1066,825,-1,1055,1,1,1,1,1,1,1,1,1,1,1,0,1,1,1,1
2026-07-03T20:07:31.545,tof1,4x4,side_left,-1,-1,-1,-1,-1,-1,-1,-1,-1,519,404,359,-1,311,319,278,0,0,0,0,0,0,0,0,0,1,1,1,1,1,1,1
2026-07-03T20:07:31.622,tof2,4x4,side_left,3010,3255,-1,3329,-1,1472,-1,3482,1624,970,1596,-1,-1,825,-1,1053,1,1,0,1,0,1,0,1,1,1,1,0,1,1,1,1
2026-07-03T20:07:31.711,tof1,4x4,side_left,-1,-1,-1,-1,-1,-1,439,-1,-1,519,404,359,-1,308,319,278,0,0,0,0,0,0,1,0,0,1,1,1,0,1,1,1
2026-07-03T20:07:31.801,tof2,4x4,side_left,3004,3255,-1,3296,-1,1472,-1,3485,1619,970,1597,-1,1066,821,-1,1048,1,1,0,1,1,1,1,1,1,1,1,0,1,1,1,1
2026-07-03T20:07:31.879,tof1,4x4,side_left,-1,-1,-1,-1,-1,-1,-1,-1,-1,517,405,358,-1,311,319,277,1,0,0,0,0,0,0,0,0,1,1,1,0,1,1,1
2026-07-03T20:07:31.953,tof2,4x4,side_left,2981,3255,-1,3286,-1,1472,-1,-1,1640,961,1599,-1,1066,821,977,1044,1,1,0,1,0,1,0,0,1,1,1,0,1,1,1,1
2026-07-03T20:07:32.364,tof2,4x4,side_left,2981,3255,3343,3286,2150,1472,2138,3482,1600,961,1596,-1,1062,823,976,1044,1,1,1,1,1,1,1,1,1,1,1,0,1,1,1,1
2026-07-03T20:07:32.367,tof1,4x4,side_left,-1,-1,-1,-1,-1,435,439,-1,-1,519,405,359,-1,313,320,277,0,0,0,0,0,1,1,0,0,1,1,1,0,1,1,1
2026-07-03T20:07:32.523,tof2,4x4,side_left,3005,3261,3343,3296,-1,1483,2191,3482,1588,970,1594,-1,1059,821,-1,1044,1,1,1,1,0,1,1,1,1,1,1,0,1,1,1,1
2026-07-03T20:07:32.546,tof1,4x4,side_left,-1,-1,-1,-1,-1,-1,-1,-1,-1,519,405,360,-1,313,320,275,0,0,0,0,0,0,0,0,0,1,1,1,1,1,1,1
2026-07-03T20:07:32.692,tof2,4x4,side_left,2981,3261,3346,3296,-1,1484,-1,3482,-1,961,1594,-1,1059,821,976,1048,1,1,1,1,0,1,1,1,0,1,1,0,1,1,1,1
2026-07-03T20:07:32.713,tof1,4x4,side_left,-1,-1,-1,-1,-1,-1,439,-1,-1,520,405,360,-1,313,318,275,0,0,0,0,0,0,1,0,0,1,1,1,0,1,1,1
2026-07-03T20:07:32.844,tof2,4x4,side_left,2981,3261,-1,3294,-1,-1,-1,3472,1538,957,1594,-1,1062,821,976,1050,1,1,1,1,1,1,1,1,1,1,1,0,1,1,1,1
2026-07-03T20:07:32.880,tof1,4x4,side_left,-1,-1,-1,-1,-1,-1,442,-1,-1,519,405,360,-1,313,320,275,0,0,0,0,0,0,1,0,0,1,1,1,0,1,1,1
2026-07-03T20:07:33.010,tof2,4x4,side_left,3001,3260,-1,3298,-1,1490,-1,-1,1538,971,1594,-1,-1,819,-1,1050,1,1,0,1,0,1,1,0,1,1,1,1,1,1,1,1
2026-07-03T20:07:33.057,tof1,4x4,side_left,-1,-1,-1,-1,-1,-1,-1,-1,-1,519,406,361,-1,313,320,275,0,0,0,0,0,0,0,0,0,1,1,1,0,1,1,1
2026-07-03T20:07:33.184,tof2,4x4,side_left,-1,3256,-1,3302,-1,1490,2138,3472,-1,959,1594,-1,1062,819,-1,1050,1,1,1,1,0,1,1,1,1,1,1,0,1,1,1,1
2026-07-03T20:07:33.223,tof1,4x4,side_left,-1,-1,-1,-1,-1,-1,-1,-1,-1,517,406,361,-1,311,319,275,0,0,0,0,0,0,0,0,0,1,1,1,0,1,1,1
2026-07-03T20:07:33.346,tof2,4x4,side_left,2981,3251,-1,3302,-1,-1,-1,3478,1538,959,1602,-1,1067,817,-1,1051,1,1,0,1,0,0,0,1,1,1,1,1,1,1,1,1
2026-07-03T20:07:33.397,tof1,4x4,side_left,-1,-1,-1,-1,-1,-1,-1,-1,-1,517,406,360,-1,307,318,276,0,0,0,0,0,0,0,0,0,1,1,1,0,1,1,1
2026-07-03T20:07:33.509,tof2,4x4,side_left,2970,3251,-1,3303,-1,-1,-1,3478,-1,964,1602,-1,-1,817,976,1051,1,1,0,1,1,0,1,1,0,1,1,0,1,1,1,1
2026-07-03T20:07:33.571,tof1,4x4,side_left,-1,-1,-1,-1,-1,-1,442,-1,-1,517,406,360,-1,307,318,276,0,0,0,0,0,0,1,0,0,1,1,1,1,1,1,1
2026-07-03T20:07:33.669,tof2,4x4,side_left,2969,3253,-1,3305,-1,-1,2138,-1,1614,971,1584,-1,1067,819,-1,1051,1,1,0,1,0,0,1,1,1,1,1,0,1,1,1,1
2026-07-03T20:07:33.737,tof1,4x4,side_left,-1,-1,-1,-1,-1,-1,445,-1,-1,517,406,360,1087,299,318,276,0,0,0,0,0,0,1,0,0,1,1,1,1,1,1,1
2026-07-03T20:07:33.826,tof2,4x4,side_left,2969,3253,-1,3313,2150,-1,-1,3478,1619,966,1584,-1,-1,821,977,1051,1,1,0,1,1,0,0,1,1,1,1,0,1,1,1,1
2026-07-03T20:07:33.893,tof1,4x4,side_left,-1,-1,-1,-1,-1,-1,445,-1,-1,524,405,360,-1,297,318,275,0,0,0,0,0,0,1,0,0,1,1,1,0,1,1,1
2026-07-03T20:07:33.979,tof2,4x4,side_left,2969,3253,-1,3329,-1,-1,-1,3478,1628,967,1584,-1,1066,821,977,1045,1,1,1,1,1,0,1,1,1,1,1,0,1,1,1,1
2026-07-03T20:07:34.044,tof1,4x4,side_left,-1,-1,-1,-1,-1,-1,-1,-1,-1,524,405,360,-1,299,318,275,0,0,0,0,0,0,0,0,0,1,1,1,0,1,1,1
2026-07-03T20:07:34.145,tof2,4x4,side_left,-1,3257,-1,3316,-1,-1,2166,3455,-1,967,1569,-1,1066,821,-1,1045,0,1,0,1,1,1,1,1,1,1,1,1,1,1,1,1
2026-07-03T20:07:34.225,tof1,4x4,side_left,-1,-1,-1,-1,-1,435,439,-1,-1,524,405,361,-1,297,318,275,0,0,0,0,0,1,1,0,0,1,1,1,0,1,1,1
2026-07-03T20:07:34.309,tof2,4x4,side_left,2968,3257,-1,3329,-1,-1,2166,-1,-1,967,1567,-1,1067,818,-1,1045,1,1,0,1,0,0,1,0,1,1,1,0,1,1,1,1
2026-07-03T20:07:34.388,tof1,4x4,side_left,-1,-1,-1,-1,-1,-1,-1,-1,-1,523,405,361,-1,297,319,275,0,0,0,0,0,0,0,0,0,1,1,1,1,1,1,1
2026-07-03T20:07:34.471,tof2,4x4,side_left,2999,3257,-1,3329,-1,-1,-1,3455,-1,966,1569,-1,1066,814,-1,1055,1,1,1,1,0,0,0,1,0,1,1,0,1,1,1,1
2026-07-03T20:07:34.542,tof1,4x4,side_left,-1,-1,-1,-1,-1,435,438,-1,-1,521,405,361,-1,298,319,275,0,0,0,0,0,1,1,0,0,1,1,1,0,1,1,1
2026-07-03T20:07:34.641,tof2,4x4,side_left,2999,3257,-1,3329,-1,-1,2166,3423,-1,966,1569,-1,-1,814,-1,1055,1,1,0,1,0,0,1,1,1,1,1,0,1,1,1,1
2026-07-03T20:07:34.694,tof1,4x4,side_left,-1,-1,-1,-1,-1,-1,-1,-1,-1,521,405,361,-1,314,319,275,0,0,0,0,0,0,0,0,0,1,1,1,0,1,1,1
2026-07-03T20:07:34.798,tof2,4x4,side_left,2999,3259,-1,3330,-1,1491,2174,-1,1628,963,1569,-1,-1,815,-1,1055,1,1,0,1,1,1,1,1,1,1,1,0,1,1,1,1
2026-07-03T20:07:34.848,tof1,4x4,side_left,-1,-1,-1,-1,-1,-1,439,-1,-1,523,405,360,-1,299,322,275,1,0,0,0,0,0,1,0,0,1,1,1,0,1,1,1
2026-07-03T20:07:34.957,tof2,4x4,side_left,3019,3259,-1,3330,-1,1491,-1,3455,1619,963,1569,-1,1067,815,-1,1054,1,1,0,1,1,1,1,1,1,1,1,0,1,1,1,1
2026-07-03T20:07:35.004,tof1,4x4,side_left,-1,-1,-1,-1,-1,-1,-1,-1,-1,523,404,360,-1,314,322,276,1,0,0,0,0,0,0,0,0,1,1,1,1,1,1,1
2026-07-03T20:07:35.122,tof2,4x4,side_left,3019,3259,-1,3330,-1,1491,2166,3441,1592,963,1571,-1,-1,817,-1,1051,1,1,1,1,0,1,1,1,1,1,1,0,1,1,1,1
2026-07-03T20:07:35.160,tof1,4x4,side_left,-1,-1,-1,-1,-1,-1,-1,-1,-1,521,404,359,-1,299,319,276,0,0,0,0,0,0,0,0,0,1,1,1,0,1,1,1
2026-07-03T20:07:35.304,tof2,4x4,side_left,2986,3259,-1,3346,-1,1475,-1,3517,1592,963,1580,-1,1067,821,977,1051,1,1,0,1,1,1,0,1,1,1,1,0,1,1,1,1
2026-07-03T20:07:35.327,tof1,4x4,side_left,-1,-1,-1,-1,-1,-1,-1,-1,-1,518,404,359,-1,310,319,276,0,0,0,0,0,0,0,0,0,1,1,1,0,1,1,1
2026-07-03T20:07:35.468,tof2,4x4,side_left,3008,3258,-1,3330,-1,1475,-1,3521,1592,965,1580,-1,1067,821,977,1050,1,1,0,1,0,1,1,1,1,1,1,0,1,1,1,1
2026-07-03T20:07:35.484,tof1,4x4,side_left,-1,-1,-1,-1,-1,435,439,-1,-1,518,404,359,-1,299,318,277,0,0,0,0,0,1,1,0,0,1,1,1,0,1,1,1
2026-07-03T20:07:35.635,tof2,4x4,side_left,2979,3253,-1,3319,2126,1474,-1,3521,1597,968,1571,-1,1060,821,-1,1050,1,1,0,1,1,1,1,1,1,1,1,1,1,1,1,1
2026-07-03T20:07:35.651,tof1,4x4,side_left,-1,-1,-1,-1,-1,-1,-1,-1,-1,518,405,359,-1,310,318,279,0,0,0,0,0,0,0,0,0,1,1,1,0,1,1,1
2026-07-03T20:07:35.800,tof2,4x4,side_left,2973,3253,-1,-1,-1,1474,-1,3504,1597,968,1571,-1,1060,821,-1,1049,1,1,0,1,1,1,0,1,1,1,1,0,1,1,1,1
2026-07-03T20:07:35.812,tof1,4x4,side_left,-1,-1,-1,-1,-1,-1,-1,-1,-1,523,405,360,-1,300,319,277,0,0,0,0,0,0,0,0,0,1,1,1,0,1,1,1
2026-07-03T20:07:35.946,tof2,4x4,side_left,2973,3252,-1,3346,2123,1474,-1,3517,1597,968,1567,-1,1060,821,-1,1048,1,1,0,1,1,1,1,1,1,1,1,0,1,1,1,1
2026-07-03T20:07:35.974,tof1,4x4,side_left,-1,-1,-1,-1,-1,-1,438,-1,-1,523,405,361,-1,310,319,277,0,0,0,1,0,0,1,0,0,1,1,1,0,1,1,1
2026-07-03T20:07:36.120,tof2,4x4,side_left,3008,3252,-1,3331,2107,1474,-1,3504,1538,968,1567,1333,1063,821,-1,1048,1,1,0,1,1,1,0,1,1,1,1,1,1,1,1,1
2026-07-03T20:07:36.125,tof1,4x4,side_left,-1,-1,-1,-1,-1,-1,-1,-1,-1,523,406,361,-1,300,319,279,0,0,0,0,0,0,0,0,0,1,1,1,1,1,1,1
2026-07-03T20:07:36.284,tof2,4x4,side_left,-1,3252,-1,3319,2107,1476,2158,3504,-1,968,1567,-1,1063,819,-1,1048,1,1,0,1,1,1,1,1,0,1,1,0,1,1,1,1
2026-07-03T20:07:36.297,tof1,4x4,side_left,-1,-1,-1,-1,-1,-1,-1,-1,-1,521,406,361,-1,314,319,277,1,0,0,0,0,0,0,0,0,1,1,1,0,1,1,1
2026-07-03T20:07:36.467,tof2,4x4,side_left,2965,3259,-1,3331,-1,1476,2158,3517,-1,968,1574,-1,-1,819,973,1050,1,1,0,1,0,1,1,1,1,1,1,1,1,1,1,1
2026-07-03T20:07:36.486,tof1,4x4,side_left,-1,-1,-1,-1,-1,-1,-1,-1,-1,521,406,362,-1,314,319,275,0,0,0,0,0,0,0,0,0,1,1,1,0,1,1,1
2026-07-03T20:07:36.635,tof2,4x4,side_left,3008,3259,-1,3335,-1,1476,-1,3517,1538,968,1585,-1,1064,816,964,1050,1,1,0,1,0,1,0,1,1,1,1,0,1,1,1,1
2026-07-03T20:07:36.655,tof1,4x4,side_left,-1,-1,-1,-1,-1,-1,-1,-1,-1,521,406,362,-1,314,317,275,1,0,0,0,0,0,0,0,0,1,1,1,0,1,1,1
2026-07-03T20:07:36.805,tof2,4x4,side_left,3008,3259,-1,3331,-1,1476,2157,3517,1528,965,1585,-1,1070,816,-1,1050,1,1,0,1,0,1,1,1,1,1,1,0,1,1,1,1
2026-07-03T20:07:36.814,tof1,4x4,side_left,-1,-1,-1,-1,-1,-1,-1,-1,-1,521,406,361,-1,314,317,277,0,1,0,0,0,0,0,0,0,1,1,1,0,1,1,1
2026-07-03T20:07:36.994,tof2,4x4,side_left,-1,3255,-1,3324,-1,1486,-1,-1,1528,965,1585,-1,1070,819,-1,1044,1,1,0,1,1,1,1,0,1,1,1,1,1,1,1,1
2026-07-03T20:07:37.000,tof1,4x4,side_left,-1,-1,-1,-1,-1,-1,438,-1,-1,521,407,360,-1,314,319,275,0,0,0,0,0,0,1,0,0,1,1,1,0,1,1,1
2026-07-03T20:07:37.152,tof2,4x4,side_left,3001,3253,-1,-1,-1,1501,2156,3517,1584,965,1585,-1,-1,819,973,1044,1,1,0,1,0,1,1,1,1,1,1,0,1,1,1,1
2026-07-03T20:07:37.187,tof1,4x4,side_left,-1,-1,-1,-1,-1,-1,438,-1,-1,519,407,361,-1,313,319,275,0,0,0,0,0,0,1,0,0,1,1,1,0,1,1,1
2026-07-03T20:07:37.301,tof2,4x4,side_left,-1,3253,-1,3324,2107,1501,-1,3504,1593,965,1578,-1,-1,819,978,1044,1,1,0,1,1,1,0,1,1,1,1,0,1,1,1,1
2026-07-03T20:07:37.344,tof1,4x4,side_left,-1,-1,-1,-1,-1,-1,-1,-1,-1,519,407,361,-1,302,319,274,0,0,0,0,0,0,0,0,0,1,1,1,0,1,1,1
2026-07-03T20:07:37.455,tof2,4x4,side_left,2964,3255,-1,3322,-1,1501,2156,3504,-1,970,1578,-1,1066,820,973,1044,1,1,0,1,1,1,1,1,0,1,1,0,1,1,1,1
2026-07-03T20:07:37.511,tof1,4x4,side_left,-1,-1,-1,-1,-1,-1,-1,-1,-1,519,407,361,-1,302,319,274,0,0,1,0,0,0,0,0,0,1,1,1,0,1,1,1
2026-07-03T20:07:37.614,tof2,4x4,side_left,3001,3253,-1,3312,-1,1493,2157,3508,-1,970,1578,-1,1066,820,964,1047,1,1,0,1,0,1,1,1,1,1,1,0,1,1,1,1
2026-07-03T20:07:37.679,tof1,4x4,side_left,-1,-1,-1,-1,-1,438,438,-1,-1,517,407,361,-1,302,319,274,0,0,0,0,0,1,1,0,0,1,1,1,0,1,1,1
2026-07-03T20:07:37.783,tof2,4x4,side_left,2977,3259,-1,3312,-1,1484,2176,3508,1593,970,1578,-1,1065,820,978,1053,1,1,1,1,0,1,1,1,1,1,1,0,1,1,1,1
2026-07-03T20:07:37.839,tof1,4x4,side_left,-1,-1,-1,-1,-1,-1,-1,-1,-1,519,407,361,-1,302,319,274,1,0,0,0,0,0,0,0,0,1,1,1,0,1,1,1
2026-07-03T20:07:37.943,tof2,4x4,side_left,2977,3261,-1,3322,2083,1483,2176,3508,1593,966,1582,-1,1061,820,963,1053,1,1,0,1,1,1,1,1,1,1,1,0,1,1,1,1
2026-07-03T20:07:38.016,tof1,4x4,side_left,-1,-1,-1,-1,-1,-1,-1,-1,-1,521,406,361,-1,301,322,276,1,0,0,0,0,0,0,0,0,1,1,1,0,1,1,1
2026-07-03T20:07:38.179,tof1,4x4,side_left,-1,-1,-1,-1,-1,-1,-1,-1,-1,521,405,360,-1,311,322,276,0,0,0,0,0,0,0,0,0,1,1,1,0,1,1,1
2026-07-03T20:07:38.180,tof2,4x4,side_left,2991,3261,-1,3320,-1,1473,2176,3508,1593,958,1593,-1,1065,820,-1,1053,1,1,0,1,0,1,1,1,1,1,1,0,1,1,1,1
2026-07-03T20:07:38.471,tof2,4x4,side_left,3005,3259,3331,3320,2135,1457,2176,3494,1637,958,1596,-1,1059,820,959,1047,1,1,1,1,1,1,1,1,1,1,1,0,1,1,1,1
2026-07-03T20:07:38.476,tof1,4x4,side_left,-1,-1,-1,-1,-1,-1,437,-1,-1,521,405,360,-1,312,320,276,0,0,0,0,0,0,1,0,0,1,1,1,0,1,1,1
2026-07-03T20:07:38.651,tof2,4x4,side_left,2991,3259,-1,3320,-1,1457,2173,-1,1637,966,1596,-1,1056,821,-1,1050,1,1,1,1,1,1,1,1,1,1,1,0,1,1,1,1
2026-07-03T20:07:38.658,tof1,4x4,side_left,-1,-1,-1,-1,-1,-1,-1,-1,-1,521,405,360,-1,302,320,276,1,0,0,0,0,0,0,0,0,1,1,1,0,1,1,1
2026-07-03T20:07:38.838,tof1,4x4,side_left,-1,-1,-1,-1,-1,-1,-1,-1,-1,521,405,359,-1,312,320,276,0,0,0,0,0,0,0,0,0,1,1,1,0,1,1,1
2026-07-03T20:07:38.982,tof2,4x4,side_left,2991,3259,-1,3320,-1,1473,-1,3483,1631,966,1593,-1,1056,821,959,1050,1,1,0,1,0,1,0,1,1,1,1,0,1,1,1,1
2026-07-03T20:07:39.134,tof1,4x4,side_left,-1,-1,-1,-1,-1,-1,438,-1,-1,521,404,359,-1,313,319,275,0,0,1,0,0,0,1,0,0,1,1,1,1,1,1,1
2026-07-03T20:07:39.188,tof2,4x4,side_left,2980,3256,-1,3316,-1,1473,2161,3483,-1,955,1593,-1,1060,823,-1,1045,1,1,0,1,0,1,1,1,1,1,1,0,1,1,1,1
2026-07-03T20:07:39.303,tof1,4x4,side_left,-1,-1,-1,-1,-1,438,438,-1,-1,521,405,359,-1,312,319,275,0,0,0,0,0,1,1,0,0,1,1,1,0,1,1,1
2026-07-03T20:07:39.349,tof2,4x4,side_left,2970,3256,-1,3297,-1,1478,2173,-1,1631,969,1604,-1,1060,823,-1,1050,1,1,0,1,0,1,1,1,1,1,1,0,1,1,1,1
2026-07-03T20:07:39.467,tof1,4x4,side_left,-1,-1,-1,-1,-1,-1,-1,-1,-1,521,405,361,-1,302,319,275,0,0,0,0,0,0,0,0,0,1,1,1,1,1,1,1
2026-07-03T20:07:39.532,tof2,4x4,side_left,2970,3253,-1,3301,-1,1478,-1,3474,1631,976,1573,-1,1064,823,973,1050,1,1,1,1,0,1,0,1,1,1,1,0,1,1,1,1
2026-07-03T20:07:39.632,tof1,4x4,side_left,-1,-1,-1,-1,-1,-1,-1,-1,-1,521,406,362,-1,298,319,276,0,0,0,0,0,0,0,0,0,1,1,1,0,1,1,1
2026-07-03T20:07:39.685,tof2,4x4,side_left,2970,3259,-1,3301,-1,1474,-1,3466,1631,959,1575,-1,1064,823,-1,1053,1,1,0,1,0,1,1,1,1,1,1,1,1,1,1,1
2026-07-03T20:07:39.812,tof1,4x4,side_left,-1,-1,-1,-1,-1,-1,-1,-1,-1,522,406,362,-1,298,319,276,0,0,0,0,0,0,0,0,0,1,1,1,0,1,1,1
2026-07-03T20:07:39.875,tof2,4x4,side_left,2970,3264,-1,3301,-1,1470,2149,3466,1635,976,1575,-1,-1,823,-1,1052,1,1,1,1,0,1,1,1,1,1,1,0,1,1,1,1
2026-07-03T20:07:39.974,tof1,4x4,side_left,-1,-1,-1,-1,-1,438,438,-1,-1,522,407,362,-1,297,320,276,0,0,0,0,0,1,1,0,0,1,1,1,0,1,1,1
2026-07-03T20:07:40.062,tof2,4x4,side_left,2972,3264,-1,3304,2135,1474,-1,3494,-1,976,1575,-1,1062,823,-1,1052,1,1,1,1,1,1,1,1,1,1,1,1,1,1,1,1
2026-07-03T20:07:40.139,tof1,4x4,side_left,-1,-1,-1,-1,-1,-1,-1,-1,-1,523,407,362,-1,298,320,276,1,0,0,0,0,0,0,0,0,1,1,1,0,1,1,1
2026-07-03T20:07:40.227,tof2,4x4,side_left,2978,3257,3297,3324,-1,1474,2149,3494,1635,971,-1,-1,-1,819,-1,1052,1,1,1,1,0,1,1,1,1,1,1,0,1,1,1,1
2026-07-03T20:07:40.295,tof1,4x4,side_left,-1,-1,-1,-1,-1,441,438,-1,-1,522,407,361,-1,298,320,277,0,0,0,0,0,1,1,0,0,1,1,1,0,1,1,1
2026-07-03T20:07:40.400,tof2,4x4,side_left,-1,3257,-1,3324,-1,1473,2187,3494,-1,964,1575,-1,1064,819,973,1052,0,1,1,1,0,1,1,1,1,1,1,0,1,1,1,1
2026-07-03T20:07:40.463,tof1,4x4,side_left,-1,-1,-1,-1,-1,-1,-1,-1,-1,522,407,361,-1,300,320,277,0,0,0,0,0,0,0,0,0,1,1,1,0,1,1,1
2026-07-03T20:07:40.559,tof2,4x4,side_left,-1,3256,-1,3321,-1,1499,-1,3494,1635,964,1575,-1,1062,819,-1,1052,0,1,0,1,1,1,1,1,1,1,1,0,1,1,1,1
2026-07-03T20:07:40.623,tof1,4x4,side_left,-1,-1,-1,-1,-1,-1,-1,-1,-1,521,408,360,-1,298,320,277,0,0,0,0,0,0,0,0,0,1,1,1,0,1,1,1
2026-07-03T20:07:40.728,tof2,4x4,side_left,2978,3256,-1,3321,-1,1500,2187,3491,1533,964,1577,-1,1062,819,-1,1049,1,1,0,1,0,1,1,1,1,1,1,1,1,1,1,1
2026-07-03T20:07:40.778,tof1,4x4,side_left,-1,-1,-1,-1,-1,441,438,-1,-1,517,408,360,-1,300,319,275,0,0,0,0,0,1,1,0,0,1,1,1,0,1,1,1
2026-07-03T20:07:40.901,tof2,4x4,side_left,2978,3253,-1,3321,-1,1499,-1,3488,-1,971,1578,-1,-1,819,973,1048,1,1,1,1,1,1,1,1,0,1,1,0,1,1,1,1
2026-07-03T20:07:40.964,tof1,4x4,side_left,-1,-1,-1,-1,-1,-1,-1,-1,-1,517,407,360,-1,300,319,277,0,0,0,0,0,0,0,0,0,1,1,1,0,1,1,1
2026-07-03T20:07:41.080,tof2,4x4,side_left,2993,3256,-1,-1,-1,1473,2187,3470,1533,974,1579,-1,-1,821,-1,1048,1,1,0,1,1,1,1,1,1,1,1,0,1,1,1,1
2026-07-03T20:07:41.139,tof1,4x4,side_left,-1,-1,-1,-1,-1,-1,-1,-1,-1,518,407,360,-1,300,318,277,0,0,0,0,0,0,0,0,0,1,1,1,0,1,1,1
2026-07-03T20:07:41.260,tof2,4x4,side_left,2993,3256,-1,3316,-1,1459,-1,3470,-1,974,1579,-1,1063,821,-1,1048,1,1,0,1,0,1,0,1,0,1,1,0,1,1,1,1
2026-07-03T20:07:41.310,tof1,4x4,side_left,-1,-1,-1,-1,-1,-1,438,-1,-1,515,406,360,-1,300,319,277,1,0,0,0,0,0,1,0,0,1,1,1,1,1,1,1
2026-07-03T20:07:41.421,tof2,4x4,side_left,2993,3258,-1,3316,-1,1459,-1,3453,1533,974,1579,-1,-1,822,973,1047,1,1,0,1,1,1,0,1,1,1,1,0,1,1,1,1
2026-07-03T20:07:41.482,tof1,4x4,side_left,-1,-1,-1,-1,-1,-1,-1,-1,-1,518,406,360,-1,300,319,277,1,0,0,0,0,0,0,0,0,1,1,1,0,1,1,1
2026-07-03T20:07:41.586,tof2,4x4,side_left,3002,3262,-1,3292,-1,-1,-1,3453,1568,980,1578,-1,1063,822,-1,1047,1,1,0,1,0,1,0,1,1,1,1,0,1,1,1,1
2026-07-03T20:07:41.641,tof1,4x4,side_left,-1,-1,-1,-1,-1,-1,-1,-1,-1,518,406,361,-1,300,319,278,0,0,0,0,0,0,0,0,0,1,1,1,0,1,1,1
2026-07-03T20:07:41.744,tof2,4x4,side_left,3002,3262,-1,3292,-1,1447,-1,3453,1632,973,1591,-1,1063,822,-1,1047,1,1,0,1,1,1,1,1,1,1,1,0,1,1,1,1
2026-07-03T20:07:41.803,tof1,4x4,side_left,-1,-1,-1,-1,-1,441,438,-1,-1,518,406,362,1084,300,319,277,0,0,0,0,0,1,1,0,0,1,1,1,1,1,1,1
2026-07-03T20:07:41.914,tof2,4x4,side_left,3002,3257,-1,3304,-1,1459,2187,3461,-1,973,1579,-1,1066,822,-1,1047,1,1,0,1,0,1,1,1,1,1,1,1,1,1,1,1
2026-07-03T20:07:41.961,tof1,4x4,side_left,-1,-1,-1,-1,-1,-1,-1,-1,-1,517,405,362,-1,299,319,277,0,0,0,0,0,0,0,0,0,1,1,1,0,1,1,1
2026-07-03T20:07:42.084,tof2,4x4,side_left,3002,3258,3297,3304,2120,1476,2180,3491,1632,964,1575,-1,1063,818,-1,1047,1,1,1,1,1,1,1,1,1,1,1,0,1,1,1,1
2026-07-03T20:07:42.155,tof1,4x4,side_left,-1,-1,-1,-1,-1,441,438,-1,-1,517,403,361,-1,299,319,275,0,0,0,0,0,1,1,0,0,1,1,1,1,1,1,1
2026-07-03T20:07:42.250,tof2,4x4,side_left,2999,3257,3297,3304,-1,1480,2178,3494,1624,962,1575,-1,1061,817,-1,1046,1,1,1,1,0,1,1,1,1,1,1,1,1,1,1,1
2026-07-03T20:07:42.313,tof1,4x4,side_left,-1,-1,-1,-1,-1,444,438,-1,-1,516,403,361,-1,299,319,275,0,0,0,0,0,1,1,0,0,1,1,1,0,1,1,1
2026-07-03T20:07:42.416,tof2,4x4,side_left,2995,3257,-1,3314,-1,-1,2180,3495,-1,962,1575,-1,1061,818,-1,1046,1,1,0,1,1,1,1,1,1,1,1,0,1,1,1,1
2026-07-03T20:07:42.480,tof1,4x4,side_left,-1,-1,-1,-1,-1,-1,434,-1,-1,516,403,361,-1,300,317,275,0,0,0,1,0,0,1,0,0,1,1,1,1,1,1,1
2026-07-03T20:07:42.574,tof2,4x4,side_left,2999,3257,-1,3321,2120,1480,-1,3495,-1,956,1575,-1,1061,817,-1,1046,1,1,0,1,1,1,1,1,1,1,1,0,1,1,1,1
2026-07-03T20:07:42.652,tof1,4x4,side_left,-1,-1,-1,-1,-1,-1,-1,-1,-1,515,403,360,-1,309,320,277,0,0,0,0,0,0,0,0,0,1,1,1,0,1,1,1
2026-07-03T20:07:42.730,tof2,4x4,side_left,2995,3258,-1,3321,-1,-1,2180,3494,1624,956,1575,-1,1061,817,-1,1048,1,1,1,1,0,0,1,1,1,1,1,0,1,1,1,1
2026-07-03T20:07:42.815,tof1,4x4,side_left,-1,-1,-1,-1,-1,-1,-1,-1,-1,515,404,360,-1,313,320,277,0,0,0,0,0,0,0,0,0,1,1,1,0,1,1,1
2026-07-03T20:07:42.881,tof2,4x4,side_left,2999,3257,-1,3324,-1,-1,-1,-1,1618,956,1594,-1,1066,820,962,1049,1,1,0,1,0,1,0,0,1,1,1,0,1,1,1,1
2026-07-03T20:07:42.971,tof1,4x4,side_left,-1,-1,-1,-1,-1,-1,-1,-1,-1,516,405,360,-1,314,320,277,0,0,0,0,0,0,0,0,0,1,1,1,0,1,1,1
2026-07-03T20:07:43.065,tof2,4x4,side_left,-1,3262,-1,3321,-1,-1,2178,3494,1618,962,1599,-1,1066,820,956,1051,1,1,0,1,1,0,1,1,1,1,1,0,1,1,1,1
2026-07-03T20:07:43.420,tof2,4x4,side_left,-1,3255,-1,3307,-1,-1,-1,3500,1618,964,1606,-1,1070,820,-1,1051,1,1,0,1,1,0,1,1,1,1,1,1,1,1,1,1
2026-07-03T20:07:43.424,tof1,4x4,side_left,-1,-1,-1,-1,-1,-1,-1,-1,-1,519,405,360,-1,314,320,278,0,0,0,0,0,0,0,0,0,1,1,1,0,1,1,1
2026-07-03T20:07:43.578,tof2,4x4,side_left,3003,3255,3297,3307,-1,-1,-1,-1,-1,965,1599,-1,1066,820,-1,1060,1,1,1,1,1,0,1,1,0,1,1,0,1,1,1,1
2026-07-03T20:07:43.598,tof1,4x4,side_left,-1,-1,-1,-1,-1,444,434,-1,-1,519,406,361,-1,314,320,278,0,0,0,0,0,1,1,0,0,1,1,1,0,1,1,1
2026-07-03T20:07:43.734,tof2,4x4,side_left,3004,3255,-1,3324,-1,-1,-1,-1,1618,964,1594,-1,1070,820,956,1060,1,1,0,1,1,0,1,0,1,1,1,0,1,1,1,1
2026-07-03T20:07:43.776,tof1,4x4,side_left,-1,-1,-1,-1,-1,436,442,-1,-1,519,406,361,-1,314,321,278,0,0,0,0,0,1,1,0,0,1,1,1,0,1,1,1
2026-07-03T20:07:43.906,tof2,4x4,side_left,-1,3253,-1,3328,-1,-1,-1,-1,-1,965,1605,-1,1070,-1,962,1057,1,1,0,1,0,1,0,0,0,1,1,0,1,1,1,1
2026-07-03T20:07:43.959,tof1,4x4,side_left,-1,-1,-1,-1,-1,448,443,-1,-1,520,406,361,-1,314,321,277,0,0,0,0,0,1,1,0,0,1,1,1,0,1,1,1
2026-07-03T20:07:44.076,tof2,4x4,side_left,3004,3253,3297,3328,-1,-1,-1,3492,-1,964,1605,-1,1070,818,-1,1057,1,1,1,1,0,1,0,1,1,1,1,0,1,1,1,1
2026-07-03T20:07:44.119,tof1,4x4,side_left,-1,-1,-1,-1,-1,-1,444,-1,-1,521,406,361,-1,311,318,277,0,0,0,0,0,0,1,0,0,1,1,1,0,1,1,1
2026-07-03T20:07:44.243,tof2,4x4,side_left,3004,3252,-1,3328,-1,-1,-1,3492,-1,967,1578,-1,1069,815,965,1055,1,1,0,1,1,0,0,1,1,1,1,0,1,1,1,1
2026-07-03T20:07:44.302,tof1,4x4,side_left,-1,-1,-1,-1,-1,-1,448,-1,-1,523,406,361,-1,311,319,277,0,0,0,0,0,0,1,0,0,1,1,1,0,1,1,1
2026-07-03T20:07:44.462,tof1,4x4,side_left,-1,-1,-1,-1,-1,448,444,-1,-1,523,406,361,-1,311,319,278,0,0,0,0,0,1,1,0,0,1,1,1,0,1,1,1
2026-07-03T20:07:44.614,tof1,4x4,side_left,-1,-1,-1,-1,-1,-1,-1,-1,-1,524,407,361,-1,311,319,278,0,0,0,0,0,0,0,0,0,1,1,1,1,1,1,1
2026-07-03T20:07:44.827,tof1,4x4,side_left,-1,-1,-1,-1,-1,-1,-1,-1,-1,524,406,361,-1,311,319,278,0,0,0,0,0,0,0,0,0,1,1,1,0,1,1,1
2026-07-03T20:07:45.021,tof2,4x4,side_left,-1,3255,-1,3328,-1,-1,-1,3473,-1,959,1591,-1,1069,818,965,1055,1,1,0,1,0,1,0,1,0,1,1,0,1,1,1,1
2026-07-03T20:07:45.187,tof1,4x4,side_left,-1,-1,-1,-1,-1,-1,-1,-1,-1,524,406,361,-1,309,320,278,0,0,0,0,0,0,0,0,0,1,1,1,0,1,1,1
2026-07-03T20:07:45.204,tof2,4x4,side_left,3003,3255,-1,3328,2120,-1,-1,3471,-1,971,1591,-1,1064,821,968,1048,1,1,0,1,1,1,1,1,1,1,1,1,1,1,1,1
2026-07-03T20:07:45.362,tof1,4x4,side_left,-1,-1,-1,-1,-1,-1,-1,-1,-1,523,405,361,-1,312,320,278,0,0,0,0,0,1,1,0,0,1,1,1,0,1,1,1
2026-07-03T20:07:45.433,tof2,4x4,side_left,3004,3255,-1,3325,-1,1480,-1,3455,-1,969,1591,-1,1054,818,-1,1048,1,1,0,1,1,1,1,1,0,1,1,0,1,1,1,1
2026-07-03T20:07:45.523,tof1,4x4,side_left,-1,-1,-1,-1,-1,-1,-1,-1,-1,521,405,362,-1,309,318,276,0,1,0,0,0,0,0,0,0,1,1,1,0,1,1,1
2026-07-03T20:07:45.597,tof2,4x4,side_left,2992,3252,-1,3325,-1,1476,2189,3471,1640,969,1586,-1,1054,821,965,1051,1,1,0,1,0,1,1,1,1,1,1,0,1,1,1,1
2026-07-03T20:07:45.682,tof1,4x4,side_left,-1,-1,-1,-1,478,-1,444,-1,425,521,405,362,1080,301,318,276,0,0,0,0,1,0,1,0,1,1,1,1,1,1,1,1
2026-07-03T20:07:45.768,tof2,4x4,side_left,-1,3255,-1,3325,-1,1471,2189,3471,1640,969,1586,1333,1054,821,-1,1051,0,1,0,1,0,1,1,1,1,1,1,1,1,1,1,1
2026-07-03T20:07:45.851,tof1,4x4,side_left,-1,-1,-1,-1,487,-1,446,-1,439,523,405,362,-1,301,318,276,0,0,0,0,1,0,1,0,1,1,1,1,0,1,1,1
2026-07-03T20:07:46.026,tof2,4x4,side_left,2992,3252,-1,3315,-1,1471,2170,3459,1610,969,1586,-1,1055,822,-1,1048,1,1,0,1,0,1,1,1,1,1,1,0,1,1,1,1
2026-07-03T20:07:46.107,tof1,4x4,side_left,-1,-1,-1,-1,2220,-1,446,-1,2185,523,407,361,-1,297,318,276,0,0,0,0,1,0,1,0,1,1,1,1,0,1,1,1
2026-07-03T20:07:46.233,tof2,4x4,side_left,3028,3252,-1,3325,-1,1471,2156,3459,1610,969,1593,-1,1060,820,964,1046,1,1,0,1,1,1,1,1,1,1,1,0,1,1,1,1
2026-07-03T20:07:46.365,tof1,4x4,side_left,-1,-1,-1,-1,2220,-1,-1,-1,2185,523,408,361,1080,297,320,276,0,0,0,0,1,0,0,0,1,1,1,1,1,1,1,1
2026-07-03T20:07:46.431,tof2,4x4,side_left,3028,3252,-1,3329,2120,1479,2139,3484,-1,969,1609,-1,-1,820,-1,1051,1,1,0,1,1,1,1,1,1,1,1,0,1,1,1,1
2026-07-03T20:07:46.618,tof1,4x4,side_left,-1,-1,-1,-1,2220,-1,-1,-1,2185,523,408,361,1122,298,320,275,0,0,0,0,1,0,0,0,1,1,1,1,1,1,1,1
2026-07-03T20:07:46.621,tof2,4x4,side_left,3010,3252,-1,3329,-1,1479,-1,3484,-1,969,1609,-1,1060,820,-1,1046,1,1,0,1,1,1,1,1,0,1,1,1,1,1,1,1
2026-07-03T20:07:46.938,tof1,4x4,side_left,-1,-1,-1,-1,2039,-1,-1,-1,2010,523,408,361,1535,298,320,275,1,0,0,0,1,0,0,0,1,1,1,1,1,1,1,1
2026-07-03T20:07:46.948,tof2,4x4,side_left,3010,3252,-1,3318,-1,1479,-1,3556,-1,969,1609,-1,-1,822,-1,1046,1,1,0,1,0,1,0,1,0,1,1,0,1,1,1,1
2026-07-03T20:07:47.104,tof1,4x4,side_left,-1,-1,-1,-1,1746,-1,-1,-1,-1,521,408,361,-1,299,320,275,0,0,0,0,1,0,0,0,0,1,1,1,0,1,1,1
2026-07-03T20:07:47.119,tof2,4x4,side_left,3010,3252,-1,3318,-1,1468,-1,3556,1616,970,-1,-1,1060,820,-1,1051,1,1,0,1,0,1,0,1,1,1,1,0,1,1,1,1
2026-07-03T20:07:47.291,tof1,4x4,side_left,-1,-1,-1,-1,-1,-1,-1,-1,-1,518,407,361,-1,299,320,277,0,0,0,0,0,0,0,0,0,1,1,1,0,1,1,1
2026-07-03T20:07:47.310,tof2,4x4,side_left,3010,3252,-1,3311,2157,1451,-1,3556,-1,970,1569,-1,1055,823,-1,1051,1,1,0,1,1,1,0,1,0,1,1,0,1,1,1,1
2026-07-03T20:07:47.481,tof1,4x4,side_left,-1,-1,-1,-1,-1,-1,-1,-1,-1,521,405,360,-1,310,322,278,0,0,0,0,0,0,0,0,0,1,1,1,0,1,1,1
2026-07-03T20:07:47.520,tof2,4x4,side_left,3014,3252,-1,3309,-1,1451,2139,3551,1616,970,1569,-1,-1,823,-1,1054,1,1,0,1,0,1,1,1,1,1,1,1,1,1,1,1
2026-07-03T20:07:47.659,tof1,4x4,side_left,-1,-1,-1,-1,-1,-1,445,-1,-1,517,405,359,-1,310,322,278,0,0,0,0,0,0,1,0,0,1,1,1,0,1,1,1
2026-07-03T20:07:47.677,tof2,4x4,side_left,3014,3256,3318,3305,-1,1468,2155,3539,1632,968,1569,-1,1060,823,-1,1056,1,1,1,1,0,1,1,1,1,1,1,0,1,1,1,1
2026-07-03T20:07:47.921,tof2,4x4,side_left,3014,3256,-1,3302,-1,1482,-1,3523,-1,966,1577,-1,1060,821,964,1056,1,1,0,1,0,1,0,1,1,1,1,1,1,1,1,1
2026-07-03T20:07:47.928,tof1,4x4,side_left,-1,-1,-1,-1,-1,448,445,-1,-1,521,404,358,-1,306,318,277,0,0,0,0,0,1,1,0,0,1,1,1,1,1,1,1
2026-07-03T20:07:48.079,tof2,4x4,side_left,3009,3261,-1,3288,-1,1482,-1,3490,-1,960,1577,1333,1061,823,-1,1051,1,1,1,1,0,1,0,1,1,1,1,1,1,1,1,1
2026-07-03T20:07:48.096,tof1,4x4,side_left,-1,-1,-1,-1,-1,-1,444,-1,-1,516,404,358,-1,306,318,276,0,0,0,0,0,0,1,0,0,1,1,1,0,1,1,1
2026-07-03T20:07:48.245,tof2,4x4,side_left,2988,3261,3318,1503,2157,1482,2155,1599,1640,966,1577,1340,1062,821,969,1048,1,1,1,1,1,1,1,1,1,1,1,1,1,1,1,1
2026-07-03T20:07:48.268,tof1,4x4,side_left,-1,-1,-1,-1,-1,438,441,-1,-1,515,404,358,-1,312,318,273,0,0,0,0,0,1,1,0,0,1,1,1,0,1,1,1
2026-07-03T20:07:48.405,tof2,4x4,side_left,2983,3261,-1,1503,2131,1471,2163,1599,-1,960,1579,1634,1062,819,969,1047,1,1,0,1,1,1,1,1,0,1,1,1,1,1,1,1
2026-07-03T20:07:48.436,tof1,4x4,side_left,-1,-1,-1,-1,-1,-1,-1,-1,-1,515,403,358,-1,306,318,273,0,0,0,0,0,0,0,0,0,1,1,1,0,1,1,1
2026-07-03T20:07:48.576,tof2,4x4,side_left,2979,3252,3302,1503,2131,1471,2181,1599,1632,960,1579,1712,1062,818,969,1047,1,1,1,1,1,1,1,1,1,1,1,1,1,1,1,1
2026-07-03T20:07:48.593,tof1,4x4,side_left,-1,-1,-1,-1,-1,-1,-1,-1,-1,517,402,358,-1,312,318,273,0,0,0,0,0,0,0,0,0,1,1,1,0,1,1,1
2026-07-03T20:07:48.748,tof2,4x4,side_left,2980,3252,-1,1663,-1,1469,2181,1776,-1,963,1571,1901,1061,819,-1,1047,1,1,0,1,1,1,1,1,0,1,1,1,1,1,1,1
2026-07-03T20:07:48.878,tof1,4x4,side_left,-1,-1,-1,-1,-1,-1,438,-1,-1,517,402,359,-1,312,319,273,0,0,0,0,0,0,1,0,0,1,1,1,0,1,1,1
2026-07-03T20:07:48.925,tof2,4x4,side_left,-1,3252,-1,1742,2107,1471,2203,1906,1632,963,1571,2079,1062,818,-1,1047,1,1,1,1,1,1,1,1,1,1,1,1,1,1,1,1
2026-07-03T20:07:49.061,tof1,4x4,side_left,-1,-1,-1,-1,-1,442,436,-1,-1,517,403,359,-1,311,320,275,0,0,0,0,0,1,1,0,0,1,1,1,0,1,1,1
2026-07-03T20:07:49.087,tof2,4x4,side_left,2983,3255,3280,1850,-1,1471,2214,2014,1606,962,1557,-1,-1,817,-1,1048,1,1,1,1,1,1,1,1,1,1,1,0,1,1,1,1
2026-07-03T20:07:49.236,tof1,4x4,side_left,-1,-1,-1,-1,-1,438,436,-1,-1,517,404,359,-1,311,319,276,0,0,0,0,0,1,1,0,0,1,1,1,0,1,1,1
2026-07-03T20:07:49.283,tof2,4x4,side_left,2983,3257,3280,1953,-1,1480,2214,2112,1606,963,1557,-1,1070,817,969,1048,1,1,1,1,0,1,1,1,1,1,1,0,1,1,1,1
2026-07-03T20:07:49.393,tof1,4x4,side_left,-1,-1,-1,-1,-1,-1,-1,-1,-1,517,404,359,-1,312,319,276,0,0,0,0,0,0,0,0,0,1,1,1,1,1,1,1
2026-07-03T20:07:49.465,tof2,4x4,side_left,3006,3257,2251,3332,-1,1475,2242,3489,1576,962,1557,-1,1071,818,-1,1047,1,1,1,1,0,1,1,1,1,1,1,1,1,1,1,1
2026-07-03T20:07:50.011,tof1,4x4,side_left,-1,-1,-1,-1,-1,-1,-1,-1,-1,519,404,360,-1,313,320,277,0,0,0,0,0,0,0,0,0,1,1,1,0,1,1,1
2026-07-03T20:07:50.013,tof2,4x4,side_left,3011,3258,-1,3332,2107,1475,-1,-1,-1,962,1590,-1,-1,818,970,1047,1,1,1,1,1,1,0,1,1,1,1,0,1,1,1,1
2026-07-03T20:07:50.173,tof1,4x4,side_left,-1,-1,-1,-1,-1,-1,-1,-1,-1,519,405,361,-1,317,320,277,1,0,0,1,0,0,0,0,0,1,1,1,0,1,1,1
2026-07-03T20:07:50.214,tof2,4x4,side_left,3011,3257,-1,3332,-1,1475,2242,-1,1576,964,1590,2079,-1,818,966,1047,1,1,1,1,0,1,1,1,1,1,1,1,1,1,1,1
2026-07-03T20:07:50.335,tof1,4x4,side_left,-1,-1,-1,-1,-1,-1,-1,-1,-1,519,405,362,-1,317,321,278,0,0,0,0,1,0,0,0,0,1,1,1,0,1,1,1
2026-07-03T20:07:50.380,tof2,4x4,side_left,3028,3251,-1,3331,-1,1475,2242,3530,-1,967,1590,2079,1071,818,-1,1047,1,1,0,1,1,1,1,1,0,1,1,1,1,1,1,1
2026-07-03T20:07:50.486,tof1,4x4,side_left,-1,-1,-1,-1,-1,-1,438,-1,-1,519,405,362,-1,313,321,278,0,0,0,0,0,0,1,0,0,1,1,1,1,1,1,1
2026-07-03T20:07:50.538,tof2,4x4,side_left,3011,3245,-1,3309,-1,1471,-1,3530,1576,977,1590,1374,-1,822,-1,1050,1,1,0,1,0,1,0,1,1,1,1,1,1,1,1,1
2026-07-03T20:07:50.642,tof1,4x4,side_left,-1,-1,-1,-1,-1,-1,438,-1,-1,520,407,362,-1,298,321,277,0,0,0,0,0,0,1,0,0,1,1,1,0,1,1,1
2026-07-03T20:07:50.703,tof2,4x4,side_left,3028,2880,-1,3309,-1,1467,-1,3527,-1,978,1595,-1,-1,822,966,1050,1,1,1,1,1,1,1,1,1,1,1,0,1,1,1,1
2026-07-03T20:07:50.804,tof1,4x4,side_left,-1,-1,-1,-1,-1,-1,-1,-1,-1,520,407,361,-1,297,322,277,0,0,0,0,0,0,0,0,0,1,1,1,0,1,1,1
2026-07-03T20:07:50.857,tof2,4x4,side_left,3060,2880,-1,3309,-1,1471,-1,3527,1572,977,1595,-1,1071,816,-1,1050,1,1,0,1,1,1,0,1,1,1,1,0,1,1,1,1
2026-07-03T20:07:50.964,tof1,4x4,side_left,-1,-1,-1,-1,-1,-1,-1,-1,-1,521,407,362,-1,297,321,277,0,0,0,0,0,0,0,0,0,1,1,1,0,1,1,1
2026-07-03T20:07:51.097,tof2,4x4,side_left,3060,2880,-1,3309,-1,1471,-1,3532,1572,977,1563,1298,1068,817,975,1050,1,1,0,1,1,1,1,1,1,1,1,1,1,1,1,1
2026-07-03T20:07:51.137,tof1,4x4,side_left,-1,-1,-1,-1,-1,-1,-1,-1,-1,521,407,362,1535,297,321,275,0,0,0,0,0,0,0,0,0,1,1,1,1,1,1,1
2026-07-03T20:07:51.258,tof2,4x4,side_left,3052,2935,-1,3309,2107,1480,2214,3544,1559,967,1589,-1,1068,821,990,1048,1,1,0,1,1,1,1,1,1,1,1,0,1,1,1,1
2026-07-03T20:07:51.294,tof1,4x4,side_left,-1,-1,-1,-1,-1,-1,-1,-1,-1,521,406,362,-1,297,322,275,0,0,0,0,0,0,0,0,0,1,1,1,0,1,1,1
2026-07-03T20:07:51.444,tof2,4x4,side_left,-1,3093,-1,3309,-1,1481,2212,3544,1548,966,1589,-1,-1,820,-1,1047,1,1,0,1,0,1,1,1,1,1,1,0,1,1,1,1
2026-07-03T20:07:51.482,tof1,4x4,side_left,-1,-1,-1,-1,-1,438,440,-1,-1,521,406,361,-1,299,321,275,1,0,0,0,0,1,1,0,0,1,1,1,0,1,1,1
2026-07-03T20:07:51.606,tof2,4x4,side_left,3052,3158,-1,3309,2112,1481,-1,3544,-1,965,1589,-1,1068,818,-1,1048,1,1,0,1,1,1,0,1,0,1,1,0,1,1,1,1
2026-07-03T20:07:51.657,tof1,4x4,side_left,-1,-1,-1,-1,-1,-1,-1,-1,-1,521,404,362,-1,301,319,275,0,0,0,0,0,0,0,0,0,1,1,1,1,1,1,1
2026-07-03T20:07:51.761,tof2,4x4,side_left,-1,-1,2251,3313,-1,1481,2194,3544,1548,965,1589,-1,1068,820,-1,1051,1,1,1,1,1,1,1,1,1,1,1,1,1,1,1,1
2026-07-03T20:07:51.938,tof2,4x4,side_left,-1,3337,-1,3313,2128,1483,2194,3544,1556,962,1589,-1,1068,820,-1,1051,0,1,0,1,1,1,1,1,1,1,1,0,1,1,1,1
2026-07-03T20:07:51.993,tof1,4x4,side_left,-1,-1,-1,-1,-1,-1,440,-1,-1,521,403,361,-1,301,321,278,0,0,0,0,0,0,1,0,0,1,1,1,0,1,1,1
2026-07-03T20:07:52.104,tof2,4x4,side_left,3025,-1,-1,3320,-1,1483,2194,3526,1556,965,1594,-1,1070,819,-1,1051,1,0,0,1,0,1,1,1,1,1,1,0,1,1,1,1
2026-07-03T20:07:52.159,tof1,4x4,side_left,-1,-1,-1,-1,-1,-1,-1,-1,-1,520,403,360,-1,311,319,278,0,0,0,0,0,0,0,0,0,1,1,1,0,1,1,1
2026-07-03T20:07:52.267,tof2,4x4,side_left,3025,-1,-1,3322,-1,1472,2184,-1,-1,959,1601,1298,-1,818,977,1053,1,0,0,1,0,1,1,1,1,1,1,1,1,1,1,1
2026-07-03T20:07:52.337,tof1,4x4,side_left,-1,-1,-1,-1,-1,-1,440,-1,-1,522,402,360,-1,311,319,275,1,0,0,0,0,0,1,0,0,1,1,1,0,1,1,1
2026-07-03T20:07:52.432,tof2,4x4,side_left,3025,-1,-1,3322,2133,-1,2169,3544,1598,959,1601,-1,1067,817,981,1053,1,0,0,1,1,1,1,1,1,1,1,0,1,1,1,1
2026-07-03T20:07:52.515,tof1,4x4,side_left,-1,-1,-1,-1,-1,-1,-1,-1,-1,522,402,359,-1,311,319,276,0,0,0,0,0,0,0,0,0,1,1,1,0,1,1,1
2026-07-03T20:07:52.618,tof2,4x4,side_left,2994,-1,-1,3322,-1,1472,-1,3544,-1,968,1601,-1,1062,817,-1,1053,1,0,0,1,0,1,0,1,0,1,1,0,1,1,1,1
2026-07-03T20:07:52.666,tof1,4x4,side_left,-1,-1,-1,-1,-1,-1,439,-1,-1,519,402,359,-1,311,323,275,0,1,0,0,0,0,1,0,0,1,1,1,0,1,1,1
2026-07-03T20:07:52.821,tof2,4x4,side_left,2994,-1,-1,3322,-1,1479,-1,-1,-1,968,1617,1291,-1,819,977,1051,1,0,0,1,1,1,0,1,1,1,1,1,1,1,1,1
2026-07-03T20:07:52.854,tof1,4x4,side_left,-1,-1,-1,-1,-1,-1,439,-1,-1,519,402,359,-1,311,322,275,0,0,0,0,0,0,1,0,0,1,1,1,0,1,1,1
2026-07-03T20:07:52.979,tof2,4x4,side_left,-1,-1,-1,3315,-1,1472,-1,3548,1609,973,1617,-1,1062,823,977,1051,1,0,1,1,0,1,1,1,1,1,1,0,1,1,1,1
2026-07-03T20:07:53.021,tof1,4x4,side_left,-1,-1,-1,-1,-1,-1,-1,-1,-1,519,402,360,-1,311,322,275,0,0,0,0,0,0,0,0,0,1,1,1,0,1,1,1
2026-07-03T20:07:53.141,tof2,4x4,side_left,-1,-1,-1,3315,2128,-1,2155,3531,1626,973,1591,-1,-1,823,-1,1048,1,0,0,1,1,1,1,1,1,1,1,0,1,1,1,1
2026-07-03T20:07:53.181,tof1,4x4,side_left,-1,-1,-1,-1,-1,-1,439,-1,-1,518,402,360,-1,311,321,276,0,0,0,0,0,0,1,0,0,1,1,1,0,1,1,1
2026-07-03T20:07:53.319,tof2,4x4,side_left,3025,-1,-1,3311,2128,-1,2149,3531,1609,966,1591,-1,-1,823,-1,1048,1,0,0,1,1,0,1,1,1,1,1,0,1,1,1,1
2026-07-03T20:07:53.336,tof1,4x4,side_left,-1,-1,-1,-1,-1,-1,437,-1,-1,518,404,360,-1,311,322,276,0,0,0,0,0,0,1,0,0,1,1,1,0,1,1,1
2026-07-03T20:07:53.477,tof2,4x4,side_left,-1,-1,-1,3322,-1,1472,-1,3531,-1,959,1589,1298,1063,820,977,1050,1,0,0,1,0,1,0,1,1,1,1,1,1,1,1,1
2026-07-03T20:07:53.493,tof1,4x4,side_left,-1,-1,-1,-1,-1,438,439,-1,-1,515,405,360,-1,312,321,276,0,0,0,0,0,1,1,0,0,1,1,1,0,1,1,1
2026-07-03T20:07:53.637,tof2,4x4,side_left,-1,-1,-1,3312,2128,-1,-1,3531,-1,966,1589,1312,1062,819,-1,1050,1,0,1,1,1,0,1,1,1,1,1,1,1,1,1,1
2026-07-03T20:07:53.659,tof1,4x4,side_left,-1,-1,-1,-1,-1,-1,-1,-1,-1,515,405,360,-1,313,321,276,0,0,0,0,0,0,0,0,0,1,1,1,0,1,1,1
2026-07-03T20:07:53.791,tof2,4x4,side_left,3004,-1,-1,3325,-1,-1,-1,3527,1609,965,1589,-1,1062,819,-1,1050,1,1,0,1,1,0,1,1,1,1,1,0,1,1,1,1
2026-07-03T20:07:53.831,tof1,4x4,side_left,-1,-1,-1,-1,-1,-1,440,-1,-1,518,405,360,-1,313,322,276,0,0,0,1,0,0,1,0,0,1,1,1,1,1,1,1
2026-07-03T20:07:53.951,tof2,4x4,side_left,-1,3337,-1,3312,-1,-1,2149,3516,1615,959,1589,-1,1059,819,981,1050,0,1,0,1,0,0,1,1,1,1,1,0,1,1,1,1
2026-07-03T20:07:54.005,tof1,4x4,side_left,-1,-1,-1,-1,-1,-1,-1,-1,-1,519,405,360,-1,313,322,276,0,0,0,0,0,0,0,0,0,1,1,1,0,1,1,1
2026-07-03T20:07:54.101,tof2,4x4,side_left,3025,3337,-1,3312,-1,-1,-1,3516,-1,965,1576,1312,-1,821,981,1051,1,1,0,1,0,1,0,1,1,1,1,1,1,1,1,1
2026-07-03T20:07:54.167,tof1,4x4,side_left,-1,-1,-1,-1,-1,-1,-1,-1,-1,520,405,360,-1,312,321,276,0,0,0,0,0,0,0,0,0,1,1,1,1,1,1,1
2026-07-03T20:07:54.254,tof2,4x4,side_left,3025,3255,-1,3312,2126,-1,2149,3514,1615,969,1593,-1,1059,821,-1,1051,1,1,0,1,1,0,1,1,1,1,1,0,1,1,1,1
2026-07-03T20:07:54.319,tof1,4x4,side_left,-1,-1,-1,-1,-1,-1,439,-1,-1,522,405,360,-1,299,321,275,0,0,0,0,0,0,1,0,0,1,1,1,1,1,1,1
2026-07-03T20:07:54.418,tof2,4x4,side_left,3018,3255,-1,3332,-1,-1,-1,3514,-1,969,1593,-1,1059,822,-1,1053,1,1,0,1,1,0,0,1,1,1,1,0,1,1,1,1
2026-07-03T20:07:54.487,tof1,4x4,side_left,-1,-1,-1,-1,-1,-1,-1,-1,-1,520,406,361,-1,299,320,275,0,0,0,0,0,0,0,0,0,1,1,1,0,1,1,1
2026-07-03T20:07:54.584,tof2,4x4,side_left,3017,3250,-1,3332,-1,-1,-1,3514,-1,971,1576,-1,1061,821,-1,1053,1,1,0,1,0,0,1,1,0,1,1,1,1,1,1,1
2026-07-03T20:07:54.646,tof1,4x4,side_left,-1,-1,-1,-1,-1,-1,440,-1,-1,521,406,361,-1,299,319,275,0,0,0,0,0,0,1,0,0,1,1,1,0,1,1,1
2026-07-03T20:07:54.744,tof2,4x4,side_left,3017,3255,-1,3332,-1,-1,2149,3504,1615,972,1594,-1,1061,821,-1,1055,1,1,0,1,1,0,1,1,1,1,1,0,1,1,1,1
2026-07-03T20:07:54.815,tof1,4x4,side_left,-1,-1,-1,-1,-1,-1,443,-1,-1,525,406,360,-1,310,319,276,0,0,0,0,0,0,1,0,0,1,1,1,0,1,1,1
2026-07-03T20:07:54.897,tof2,4x4,side_left,3009,3252,-1,3332,-1,-1,2165,3504,-1,977,1602,-1,1062,821,-1,1053,1,1,0,1,0,0,1,1,1,1,1,0,1,1,1,1
2026-07-03T20:07:54.974,tof1,4x4,side_left,-1,-1,-1,-1,-1,-1,443,-1,-1,521,406,361,-1,310,319,275,0,0,0,0,0,0,1,0,0,1,1,1,0,1,1,1
2026-07-03T20:07:55.071,tof2,4x4,side_left,3005,3257,-1,3327,-1,1472,-1,3508,1615,981,1602,-1,1061,822,981,1053,1,1,0,1,0,1,1,1,1,1,1,0,1,1,1,1
2026-07-03T20:07:55.135,tof1,4x4,side_left,-1,-1,-1,-1,-1,438,443,-1,-1,519,406,360,-1,312,319,275,0,0,0,0,0,1,1,0,0,1,1,1,0,1,1,1
2026-07-03T20:07:55.237,tof2,4x4,side_left,3005,3252,-1,3327,2126,-1,-1,3508,-1,981,1611,-1,1061,822,-1,1049,1,1,1,1,1,0,0,1,1,1,1,0,1,1,1,1
2026-07-03T20:07:55.298,tof1,4x4,side_left,-1,-1,-1,-1,-1,-1,-1,-1,-1,520,406,360,-1,312,320,275,0,0,0,0,0,0,0,0,0,1,1,1,0,1,1,1
2026-07-03T20:07:55.392,tof2,4x4,side_left,3005,3258,-1,3318,-1,-1,-1,3508,1602,981,1611,-1,1061,822,-1,1049,1,1,0,1,0,1,1,1,1,1,1,0,1,1,1,1
2026-07-03T20:07:55.456,tof1,4x4,side_left,-1,-1,-1,-1,-1,-1,443,-1,-1,519,407,361,-1,300,320,276,0,0,0,0,0,0,1,0,0,1,1,1,0,1,1,1
2026-07-03T20:07:55.542,tof2,4x4,side_left,3005,3252,-1,3318,-1,1472,-1,3508,1564,963,1590,-1,1061,819,-1,1049,1,1,0,1,1,1,0,1,1,1,1,0,1,1,1,1
2026-07-03T20:07:55.615,tof1,4x4,side_left,-1,-1,-1,-1,-1,-1,-1,-1,-1,519,407,361,-1,300,320,276,0,0,0,0,0,0,0,0,0,1,1,1,1,1,1,1
2026-07-03T20:07:55.706,tof2,4x4,side_left,3005,3260,-1,3326,-1,1468,2177,3509,1521,959,1577,-1,1061,821,-1,1049,1,1,0,1,1,1,1,1,1,1,1,1,1,1,1,1
2026-07-03T20:07:55.784,tof1,4x4,side_left,-1,-1,-1,-1,-1,-1,-1,-1,-1,518,406,360,-1,312,319,276,0,0,0,0,0,0,0,0,0,1,1,1,0,1,1,1
2026-07-03T20:07:55.856,tof2,4x4,side_left,3018,3262,-1,-1,-1,1472,-1,3513,1521,959,1590,-1,1062,819,-1,1058,1,1,0,1,1,1,1,1,1,1,1,1,1,1,1,1
2026-07-03T20:07:55.958,tof1,4x4,side_left,-1,-1,-1,-1,-1,-1,-1,-1,-1,520,406,361,-1,312,319,276,1,0,0,0,0,0,0,0,0,1,1,1,0,1,1,1
2026-07-03T20:07:56.628,tof2,4x4,side_left,2979,3262,-1,3326,-1,1468,2179,-1,1521,959,1577,1312,1061,819,-1,1062,1,1,0,1,1,1,1,1,1,1,1,1,1,1,1,1
2026-07-03T20:07:57.557,tof1,4x4,side_left,-1,-1,-1,-1,-1,-1,-1,-1,-1,518,406,360,-1,312,319,276,0,0,0,0,0,0,0,0,0,1,1,1,0,1,1,1
2026-07-03T20:07:57.962,tof1,4x4,side_left,-1,-1,-1,-1,-1,-1,-1,-1,-1,517,406,360,-1,313,319,276,0,0,0,0,0,0,0,0,0,1,1,1,0,1,1,1
2026-07-03T20:07:57.973,tof2,4x4,side_left,2995,3259,-1,3318,-1,1480,-1,3526,1550,959,1577,-1,1063,821,-1,1058,1,1,0,1,1,1,0,1,1,1,1,0,1,1,1,1
2026-07-03T20:07:58.129,tof1,4x4,side_left,-1,-1,-1,-1,-1,-1,442,-1,-1,517,405,360,-1,314,319,276,0,0,0,0,0,0,1,0,0,1,1,1,0,1,1,1
2026-07-03T20:07:58.136,tof2,4x4,side_left,-1,3259,-1,3309,-1,1472,2179,3513,1588,969,1572,-1,1063,824,-1,1055,0,1,1,1,0,1,1,1,1,1,1,1,1,1,1,1
2026-07-03T20:07:58.283,tof1,4x4,side_left,-1,-1,-1,-1,-1,-1,-1,-1,-1,517,405,360,-1,313,318,276,1,0,0,0,0,0,0,0,0,1,1,1,0,1,1,1
2026-07-03T20:07:58.294,tof2,4x4,side_left,-1,3259,-1,3309,-1,1473,-1,3513,1622,972,1582,-1,1063,824,981,1055,0,1,0,1,0,1,1,1,1,1,1,1,1,1,1,1
2026-07-03T20:07:58.442,tof1,4x4,side_left,-1,-1,-1,-1,-1,-1,-1,-1,-1,516,406,360,-1,300,322,277,1,0,0,1,0,0,0,0,0,1,1,1,0,1,1,1
2026-07-03T20:07:58.453,tof2,4x4,side_left,3018,3259,-1,3309,-1,1473,2181,3495,1588,972,1572,-1,1065,824,979,1043,1,1,0,1,1,1,1,1,1,1,1,0,1,1,1,1
2026-07-03T20:07:58.596,tof1,4x4,side_left,-1,-1,-1,-1,-1,-1,-1,-1,-1,517,406,360,-1,312,318,276,1,0,0,0,0,0,0,0,0,1,1,1,0,1,1,1
2026-07-03T20:07:58.621,tof2,4x4,side_left,3026,3259,-1,3316,2156,1473,2181,-1,-1,974,1582,-1,1065,823,-1,1043,1,1,0,1,1,1,1,1,1,1,1,0,1,1,1,1
2026-07-03T20:07:59.010,tof1,4x4,side_left,-1,-1,-1,-1,-1,-1,440,-1,-1,521,405,361,-1,308,318,276,0,0,0,0,0,0,1,0,0,1,1,1,0,1,1,1
2026-07-03T20:07:59.173,tof1,4x4,side_left,-1,-1,-1,-1,-1,-1,-1,-1,-1,522,407,361,-1,298,320,277,0,0,0,0,0,0,0,0,0,1,1,1,0,1,1,1
2026-07-03T20:07:59.328,tof1,4x4,side_left,-1,-1,-1,-1,-1,-1,-1,-1,-1,521,405,361,-1,301,320,277,1,0,0,1,0,0,0,0,0,1,1,1,0,1,1,1
2026-07-03T20:07:59.493,tof1,4x4,side_left,-1,-1,-1,-1,-1,-1,-1,-1,-1,523,405,361,-1,301,320,277,0,0,0,0,0,0,0,0,0,1,1,1,0,1,1,1
2026-07-03T20:07:59.653,tof1,4x4,side_left,-1,-1,-1,-1,-1,-1,-1,-1,-1,521,405,361,-1,301,320,277,0,0,0,0,0,0,0,1,0,1,1,1,1,1,1,1
2026-07-03T20:07:59.816,tof1,4x4,side_left,-1,-1,-1,-1,-1,-1,439,-1,-1,523,405,361,1535,298,319,277,0,0,0,0,0,0,1,0,0,1,1,1,1,1,1,1
2026-07-03T20:07:59.976,tof1,4x4,side_left,-1,-1,-1,-1,-1,-1,-1,-1,-1,520,405,360,-1,301,319,277,0,0,0,0,0,0,0,0,0,1,1,1,0,1,1,1
2026-07-03T20:07:59.978,tof2,4x4,side_left,2997,3253,-1,3325,-1,-1,-1,3495,1586,980,1582,-1,1063,820,-1,1043,1,1,0,1,0,1,0,1,1,1,1,0,1,1,1,1
2026-07-03T20:08:00.148,tof1,4x4,side_left,-1,-1,-1,-1,-1,436,439,-1,-1,520,405,360,-1,313,319,274,0,0,0,0,0,1,1,0,0,1,1,1,0,1,1,1
2026-07-03T20:08:00.156,tof2,4x4,side_left,2997,3252,2251,3329,2156,-1,-1,3490,-1,980,1587,-1,1065,818,-1,1049,1,1,1,1,1,1,1,1,1,1,1,0,1,1,1,1
2026-07-03T20:08:00.326,tof1,4x4,side_left,-1,-1,-1,-1,-1,-1,-1,-1,-1,519,405,360,-1,313,319,274,0,0,0,1,0,0,0,0,0,1,1,1,0,1,1,1
2026-07-03T20:08:00.333,tof2,4x4,side_left,3013,3246,-1,-1,-1,1472,2179,3495,1586,975,1588,-1,1065,820,975,1051,1,1,0,1,0,1,1,1,1,1,1,0,1,1,1,1
2026-07-03T20:08:00.472,tof1,4x4,side_left,-1,-1,-1,-1,-1,-1,-1,-1,-1,518,405,359,-1,314,319,274,0,0,0,0,0,0,0,0,0,1,1,1,0,1,1,1
2026-07-03T20:08:00.518,tof2,4x4,side_left,3013,3246,-1,3329,-1,1473,2177,3495,1526,976,1588,-1,1065,820,-1,1051,1,1,0,1,0,1,1,1,1,1,1,0,1,1,1,1
2026-07-03T20:08:00.630,tof1,4x4,side_left,-1,-1,-1,-1,-1,-1,-1,-1,-1,518,404,359,-1,314,319,278,0,0,0,0,0,0,0,0,0,1,1,1,0,1,1,1
2026-07-03T20:08:00.672,tof2,4x4,side_left,-1,3252,-1,3329,-1,1464,-1,-1,1526,975,1608,-1,1069,819,-1,1049,1,1,0,1,1,1,0,1,1,1,1,0,1,1,1,1
2026-07-03T20:08:00.781,tof1,4x4,side_left,-1,-1,-1,-1,-1,-1,-1,-1,-1,514,404,360,-1,313,320,276,0,0,0,0,0,0,0,0,0,1,1,1,0,1,1,1
2026-07-03T20:08:00.832,tof2,4x4,side_left,2997,3252,3280,3328,-1,1464,2177,-1,-1,973,1608,1339,1069,821,975,1048,1,1,1,1,0,1,1,1,1,1,1,1,1,1,1,1
2026-07-03T20:08:00.957,tof1,4x4,side_left,-1,-1,-1,-1,-1,-1,439,-1,-1,515,404,359,-1,312,319,278,0,0,0,0,0,0,1,0,0,1,1,1,0,1,1,1
2026-07-03T20:08:00.992,tof2,4x4,side_left,2993,3254,-1,3317,-1,1474,-1,3521,1526,973,1608,-1,1070,821,-1,1048,1,1,0,1,0,1,0,1,1,1,1,0,1,1,1,1
2026-07-03T20:08:01.117,tof1,4x4,side_left,-1,-1,-1,-1,-1,-1,440,-1,-1,515,403,360,-1,310,320,276,0,0,0,0,0,0,1,0,0,1,1,1,1,1,1,1
2026-07-03T20:08:01.151,tof2,4x4,side_left,2993,3256,-1,3317,2105,1474,-1,3521,-1,964,1597,-1,1070,820,-1,1048,1,1,1,1,1,1,1,1,0,1,1,0,1,1,1,1
2026-07-03T20:08:01.287,tof1,4x4,side_left,-1,-1,-1,-1,-1,-1,-1,-1,-1,515,403,360,-1,302,320,279,0,0,0,0,0,0,0,0,0,1,1,1,1,1,1,1
2026-07-03T20:08:01.300,tof2,4x4,side_left,2955,3256,-1,3317,-1,1466,2177,3530,1581,964,1597,-1,1068,820,979,1048,1,1,0,1,0,1,1,1,1,1,1,0,1,1,1,1
2026-07-03T20:08:01.436,tof1,4x4,side_left,-1,-1,-1,-1,-1,-1,-1,-1,-1,515,404,360,-1,302,320,278,0,0,0,0,0,0,0,0,0,1,1,1,0,1,1,1
2026-07-03T20:08:01.473,tof2,4x4,side_left,2955,3256,-1,3317,-1,1475,2184,3521,1589,964,1579,-1,1067,820,972,1051,1,1,0,1,1,1,1,1,1,1,1,1,1,1,1,1
2026-07-03T20:08:01.588,tof1,4x4,side_left,-1,-1,-1,-1,-1,-1,-1,-1,-1,516,405,360,-1,302,318,278,0,0,0,0,0,0,0,0,0,1,1,1,0,1,1,1
2026-07-03T20:08:01.638,tof2,4x4,side_left,2955,3256,3318,3315,-1,1466,-1,3521,1620,955,1579,-1,1068,820,-1,1051,1,1,1,1,0,1,1,1,1,1,1,0,1,1,1,1
2026-07-03T20:08:01.740,tof1,4x4,side_left,-1,-1,-1,-1,-1,-1,-1,-1,-1,518,405,360,-1,302,320,276,0,0,0,0,0,0,0,0,0,1,1,1,0,1,1,1
2026-07-03T20:08:01.797,tof2,4x4,side_left,2957,3256,3318,3323,-1,1466,2184,3521,-1,955,1579,-1,1067,821,-1,1048,1,1,1,1,1,1,1,1,1,1,1,1,1,1,1,1
2026-07-03T20:08:01.900,tof1,4x4,side_left,-1,-1,-1,-1,-1,-1,-1,-1,-1,-1,406,360,-1,302,318,276,0,0,0,0,0,0,0,0,0,1,1,1,0,1,1,1
2026-07-03T20:08:01.958,tof2,4x4,side_left,-1,3252,-1,3314,2134,1475,2184,3521,1592,958,1576,-1,-1,821,986,1049,0,1,0,1,1,1,1,1,1,1,1,1,1,1,1,1
2026-07-03T20:08:02.057,tof1,4x4,side_left,-1,-1,-1,-1,-1,-1,-1,-1,-1,522,406,360,-1,302,318,275,0,0,0,0,0,0,0,0,0,1,1,1,1,1,1,1
2026-07-03T20:08:02.115,tof2,4x4,side_left,2957,3251,-1,3312,2134,1480,-1,-1,1620,955,1572,1339,1065,817,986,1049,1,1,0,1,1,1,0,1,1,1,1,1,1,1,1,1
2026-07-03T20:08:02.218,tof1,4x4,side_left,-1,-1,-1,-1,-1,-1,-1,-1,-1,524,406,361,-1,296,318,274,1,0,0,0,0,0,0,0,0,1,1,1,1,1,1,1
2026-07-03T20:08:02.278,tof2,4x4,side_left,2989,3249,-1,3314,2111,1486,-1,3515,-1,958,1576,-1,-1,817,-1,1047,1,1,0,1,1,1,0,1,1,1,1,0,1,1,1,1
2026-07-03T20:08:02.401,tof1,4x4,side_left,-1,-1,-1,-1,-1,-1,438,-1,-1,522,406,360,-1,297,317,274,0,1,0,0,0,0,1,0,0,1,1,1,0,1,1,1
2026-07-03T20:08:02.443,tof2,4x4,side_left,2961,3251,-1,3329,2111,1486,-1,3515,-1,972,1586,-1,1065,817,970,1049,1,1,1,1,1,1,0,1,1,1,1,0,1,1,1,1
2026-07-03T20:08:02.580,tof1,4x4,side_left,-1,-1,-1,-1,-1,-1,-1,-1,-1,523,406,360,-1,296,317,274,0,0,0,0,0,0,0,0,0,1,1,1,0,1,1,1
2026-07-03T20:08:02.599,tof2,4x4,side_left,2961,3251,-1,3312,-1,1480,-1,-1,-1,973,1586,-1,1062,817,-1,1050,1,1,1,1,0,1,0,1,1,1,1,0,1,1,1,1
2026-07-03T20:08:02.739,tof1,4x4,side_left,-1,-1,-1,-1,-1,-1,-1,-1,-1,523,406,361,-1,297,317,275,0,0,0,0,0,0,0,0,0,1,1,1,0,1,1,1
2026-07-03T20:08:02.756,tof2,4x4,side_left,3009,3267,-1,3313,-1,1480,-1,3512,1622,972,1586,-1,1061,819,970,1050,1,1,0,1,0,1,0,1,1,1,1,0,1,1,1,1
2026-07-03T20:08:02.926,tof1,4x4,side_left,-1,-1,-1,-1,-1,434,442,-1,-1,523,405,361,-1,297,320,274,1,0,0,0,0,1,1,0,0,1,1,1,1,1,1,1
2026-07-03T20:08:02.931,tof2,4x4,side_left,3009,3267,-1,3313,2116,1456,-1,3515,1622,973,1586,-1,1061,819,-1,1050,1,1,0,1,1,1,0,1,1,1,1,1,1,1,1,1
2026-07-03T20:08:03.110,tof1,4x4,side_left,-1,-1,-1,-1,-1,-1,-1,-1,-1,522,405,360,-1,297,317,278,0,0,0,0,0,0,0,0,0,1,1,1,0,1,1,1
2026-07-03T20:08:03.121,tof2,4x4,side_left,3009,3272,-1,3296,-1,1436,-1,3512,1622,974,1580,-1,1061,822,-1,1050,1,1,0,1,0,1,0,1,1,1,1,0,1,1,1,1
2026-07-03T20:08:03.266,tof1,4x4,side_left,-1,-1,-1,-1,-1,-1,-1,-1,-1,-1,405,360,-1,297,317,278,0,0,0,0,0,0,0,0,0,1,1,1,0,1,1,1
2026-07-03T20:08:03.283,tof2,4x4,side_left,3024,3267,-1,3296,2116,1436,-1,-1,1622,974,1580,-1,1060,822,970,1050,1,1,0,1,1,1,0,1,1,1,1,0,1,1,1,1
2026-07-03T20:08:03.429,tof1,4x4,side_left,-1,-1,-1,-1,-1,-1,-1,-1,-1,522,405,361,-1,299,317,277,0,0,0,0,0,0,0,0,0,1,1,1,0,1,1,1
2026-07-03T20:08:03.436,tof2,4x4,side_left,3024,3261,-1,3304,-1,1456,2170,3512,1622,974,1579,-1,1060,821,968,1049,1,1,0,1,0,1,1,1,1,1,1,0,1,1,1,1
2026-07-03T20:08:03.593,tof1,4x4,side_left,-1,-1,-1,-1,-1,-1,-1,-1,-1,522,405,360,-1,297,316,277,0,0,0,0,0,0,0,0,0,1,1,1,0,1,1,1
2026-07-03T20:08:03.609,tof2,4x4,side_left,3024,3261,-1,3304,-1,1462,-1,3525,1610,974,1579,-1,-1,821,-1,1049,1,1,0,1,0,1,0,1,1,1,1,1,1,1,1,1
2026-07-03T20:08:03.771,tof1,4x4,side_left,-1,-1,-1,-1,-1,-1,443,-1,-1,522,405,360,-1,298,316,277,0,0,0,0,0,0,1,0,0,1,1,1,0,1,1,1
2026-07-03T20:08:03.776,tof2,4x4,side_left,3029,3261,-1,3330,2111,-1,2170,-1,1630,974,1580,-1,1060,821,-1,1046,1,1,0,1,1,1,1,1,1,1,1,0,1,1,1,1
2026-07-03T20:08:03.928,tof1,4x4,side_left,-1,-1,-1,-1,-1,-1,443,-1,-1,521,405,360,-1,298,316,277,0,0,0,0,0,0,1,0,0,1,1,1,0,1,1,1
2026-07-03T20:08:03.965,tof2,4x4,side_left,-1,3261,-1,3330,-1,-1,-1,3525,1610,973,1591,-1,-1,821,-1,1046,1,1,0,1,0,0,1,1,1,1,1,0,1,1,1,1
2026-07-03T20:08:04.080,tof1,4x4,side_left,-1,-1,-1,-1,-1,-1,444,-1,-1,521,406,360,-1,292,317,277,0,0,0,0,0,0,1,0,0,1,1,1,0,1,1,1
2026-07-03T20:08:04.138,tof2,4x4,side_left,3029,3262,-1,3304,-1,-1,2168,3525,1610,973,1591,-1,1060,817,970,1046,1,1,1,1,0,0,1,1,1,1,1,0,1,1,1,1
2026-07-03T20:08:04.244,tof1,4x4,side_left,-1,-1,-1,-1,-1,-1,444,-1,-1,521,407,360,-1,292,317,278,0,0,0,0,0,0,1,0,0,1,1,1,0,1,1,1
2026-07-03T20:08:04.289,tof2,4x4,side_left,3029,3264,-1,3329,2108,-1,-1,3532,-1,968,1606,-1,1054,823,-1,1048,1,1,0,1,1,0,0,1,1,1,1,1,1,1,1,1
2026-07-03T20:08:04.404,tof1,4x4,side_left,-1,-1,-1,-1,-1,-1,448,-1,-1,523,406,360,-1,293,317,278,0,0,0,0,0,0,1,0,0,1,1,1,0,1,1,1
2026-07-03T20:08:04.453,tof2,4x4,side_left,3049,3264,-1,3311,2116,-1,2170,3543,1574,964,1606,-1,1056,817,971,1048,1,1,0,1,1,0,1,1,1,1,1,0,1,1,1,1
2026-07-03T20:08:04.566,tof1,4x4,side_left,-1,-1,-1,-1,-1,438,449,-1,-1,515,406,361,-1,293,317,277,0,0,0,0,1,1,1,0,0,1,1,1,0,1,1,1
2026-07-03T20:08:04.722,tof1,4x4,side_left,-1,-1,-1,-1,-1,-1,444,-1,-1,520,406,361,-1,297,319,277,0,0,0,0,0,0,1,0,0,1,1,1,0,1,1,1
2026-07-03T20:08:04.928,tof1,4x4,side_left,-1,-1,-1,-1,-1,-1,445,-1,-1,520,406,361,-1,297,319,277,0,0,0,0,0,0,1,0,0,1,1,1,0,1,1,1
2026-07-03T20:08:04.993,tof2,4x4,side_left,3049,3264,-1,3301,-1,1468,2180,3543,-1,960,1590,-1,1056,818,963,1048,1,1,0,1,0,1,1,1,0,1,1,0,1,1,1,1
2026-07-03T20:08:05.092,tof1,4x4,side_left,-1,-1,-1,-1,-1,-1,445,-1,-1,520,406,361,-1,293,319,277,0,0,0,0,0,0,1,0,0,1,1,1,1,1,1,1
2026-07-03T20:08:05.156,tof2,4x4,side_left,3024,3264,-1,3309,-1,1484,-1,3547,1574,964,1590,-1,-1,818,971,1049,1,1,0,1,0,1,0,1,1,1,1,0,1,1,1,1
2026-07-03T20:08:05.245,tof1,4x4,side_left,-1,-1,-1,-1,-1,-1,445,-1,-1,515,406,361,-1,298,319,276,1,0,0,0,0,0,1,0,0,1,1,1,0,1,1,1
2026-07-03T20:08:05.310,tof2,4x4,side_left,3024,3256,-1,3311,-1,-1,-1,3547,1574,960,1590,-1,1056,818,-1,1049,1,1,0,1,0,0,0,1,1,1,1,0,1,1,1,1
2026-07-03T20:08:05.413,tof1,4x4,side_left,-1,-1,-1,-1,-1,438,445,-1,-1,520,405,361,-1,298,320,276,0,0,0,0,0,1,1,0,0,1,1,1,0,1,1,1
2026-07-03T20:08:05.469,tof2,4x4,side_left,3010,3256,-1,3311,-1,-1,-1,3515,1579,960,1590,-1,1056,818,-1,1049,1,1,0,1,0,0,0,1,1,1,1,0,1,1,1,1
2026-07-03T20:08:05.572,tof1,4x4,side_left,-1,-1,-1,-1,-1,-1,446,-1,-1,514,405,362,-1,298,321,276,0,0,0,0,0,0,1,0,0,1,1,1,0,1,1,1
2026-07-03T20:08:05.632,tof2,4x4,side_left,2997,3258,-1,3326,2123,-1,2192,-1,-1,962,1595,-1,1063,824,-1,1053,1,1,0,1,1,0,1,1,0,1,1,0,1,1,1,1
2026-07-03T20:08:05.722,tof1,4x4,side_left,-1,-1,-1,-1,-1,-1,446,-1,-1,513,405,361,-1,298,321,276,0,0,0,0,0,0,1,0,0,1,1,1,0,1,1,1
2026-07-03T20:08:05.795,tof2,4x4,side_left,2995,3256,3318,3329,-1,-1,-1,3515,1589,975,1599,1339,1063,825,-1,1055,1,1,1,1,1,0,0,1,1,1,1,1,1,1,1,1
2026-07-03T20:08:05.870,tof1,4x4,side_left,-1,-1,-1,-1,-1,-1,446,-1,-1,513,405,361,-1,299,321,275,0,0,0,0,0,0,1,0,0,1,1,1,0,1,1,1
2026-07-03T20:08:05.952,tof2,4x4,side_left,2995,3256,3318,3334,-1,-1,2193,3515,1589,963,1604,-1,1058,826,-1,1058,1,1,1,1,0,0,1,1,1,1,1,0,1,1,1,1
2026-07-03T20:08:06.027,tof1,4x4,side_left,-1,-1,-1,-1,-1,-1,-1,-1,-1,519,404,361,-1,299,321,277,0,1,0,0,0,0,0,0,0,1,1,1,1,1,1,1
2026-07-03T20:08:06.129,tof2,4x4,side_left,-1,3254,-1,3334,-1,-1,2208,-1,1589,975,1604,-1,1058,826,-1,1055,1,1,0,1,0,0,1,1,1,1,1,0,1,1,1,1
2026-07-03T20:08:06.190,tof1,4x4,side_left,-1,-1,-1,-1,-1,-1,444,-1,-1,519,405,361,-1,300,321,277,0,0,0,0,0,0,1,0,0,1,1,1,0,1,1,1
2026-07-03T20:08:06.286,tof2,4x4,side_left,-1,3248,3318,3334,-1,-1,-1,3504,1579,963,1607,-1,1060,825,-1,1055,1,1,1,1,1,0,1,1,1,1,1,0,1,1,1,1
2026-07-03T20:08:06.357,tof1,4x4,side_left,-1,-1,-1,-1,-1,-1,-1,-1,-1,519,405,360,-1,300,321,277,0,0,0,0,0,0,1,0,0,1,1,1,0,1,1,1
2026-07-03T20:08:06.471,tof2,4x4,side_left,2989,3248,-1,3334,2108,1485,2208,3492,-1,972,1601,-1,1058,819,979,1055,1,1,0,1,1,1,1,1,1,1,1,1,1,1,1,1
2026-07-03T20:08:06.510,tof1,4x4,side_left,-1,-1,-1,-1,-1,-1,-1,-1,-1,519,405,359,-1,313,321,277,0,0,0,0,0,0,0,0,0,1,1,1,0,1,1,1
2026-07-03T20:08:06.618,tof2,4x4,side_left,2989,3248,-1,-1,-1,1485,-1,3490,-1,972,1601,-1,1054,819,-1,1056,1,1,0,1,1,1,0,1,0,1,1,0,1,1,1,1
2026-07-03T20:08:06.672,tof1,4x4,side_left,-1,-1,-1,-1,-1,-1,-1,-1,-1,521,405,359,-1,314,321,277,1,0,0,1,0,0,0,0,0,1,1,1,0,1,1,1
2026-07-03T20:08:06.782,tof2,4x4,side_left,-1,3248,-1,3340,-1,1485,2193,3490,1572,972,1583,-1,1054,819,-1,1051,0,1,1,1,0,1,1,1,1,1,1,0,1,1,1,1
2026-07-03T20:08:06.864,tof1,4x4,side_left,-1,-1,-1,-1,-1,-1,444,-1,-1,519,405,359,-1,314,320,276,0,0,0,0,0,0,1,0,0,1,1,1,1,1,1,1
2026-07-03T20:08:06.936,tof2,4x4,side_left,2995,3256,-1,3334,-1,1481,2193,3490,1572,969,1573,-1,-1,821,-1,1051,1,1,0,1,1,1,1,1,1,1,1,0,1,1,1,1
2026-07-03T20:08:07.026,tof1,4x4,side_left,-1,-1,-1,-1,-1,-1,-1,-1,-1,519,405,361,-1,314,319,276,0,0,0,0,0,0,0,0,0,1,1,1,0,1,1,1
2026-07-03T20:08:07.109,tof2,4x4,side_left,2989,3258,3335,3320,-1,1479,2205,3505,1591,969,1573,-1,-1,821,-1,1051,1,1,1,1,1,1,1,1,1,1,1,0,1,1,1,1
2026-07-03T20:08:07.183,tof1,4x4,side_left,-1,-1,-1,-1,-1,-1,441,-1,-1,519,404,361,-1,314,319,275,0,0,0,0,0,0,1,0,0,1,1,1,0,1,1,1
2026-07-03T20:08:07.274,tof2,4x4,side_left,2989,3258,-1,3314,-1,1462,-1,3505,-1,964,1577,-1,1054,824,-1,1051,1,1,1,1,1,1,0,1,1,1,1,0,1,1,1,1
2026-07-03T20:08:07.352,tof1,4x4,side_left,-1,-1,-1,-1,-1,-1,-1,-1,-1,519,404,361,-1,312,319,275,1,0,0,0,0,0,0,0,0,1,1,1,0,1,1,1
2026-07-03T20:08:07.454,tof2,4x4,side_left,2990,3258,3335,3314,-1,1479,2192,3505,1581,964,1573,-1,1054,824,971,1051,1,1,1,1,0,1,1,1,1,1,1,0,1,1,1,1
2026-07-03T20:08:07.506,tof1,4x4,side_left,-1,-1,-1,-1,-1,435,441,-1,-1,517,404,361,-1,311,319,276,0,0,0,0,0,1,1,0,0,1,1,1,0,1,1,1
2026-07-03T20:08:07.613,tof2,4x4,side_left,3003,3261,-1,-1,-1,1476,2192,3505,-1,958,1577,-1,1054,824,966,1051,1,1,0,1,0,1,1,1,1,1,1,0,1,1,1,1
2026-07-03T20:08:07.668,tof1,4x4,side_left,-1,-1,-1,-1,-1,-1,441,-1,-1,517,405,361,-1,311,319,274,0,0,0,0,0,0,1,0,0,1,1,1,0,1,1,1
2026-07-03T20:08:07.775,tof2,4x4,side_left,3003,3258,-1,-1,-1,1462,2196,3505,1581,963,1603,-1,1054,823,966,1051,1,1,0,1,0,1,1,1,1,1,1,0,1,1,1,1
2026-07-03T20:08:07.823,tof1,4x4,side_left,-1,-1,-1,-1,-1,-1,-1,-1,-1,517,404,361,-1,310,321,274,0,0,0,0,0,0,0,0,0,1,1,1,0,1,1,1
2026-07-03T20:08:07.956,tof2,4x4,side_left,3003,3261,3335,3310,-1,1451,-1,3526,1581,958,1577,-1,1056,816,966,1052,1,1,1,1,0,1,1,1,1,1,1,1,1,1,1,1
2026-07-03T20:08:08.001,tof1,4x4,side_left,-1,-1,-1,-1,-1,-1,-1,-1,-1,519,405,361,-1,312,321,276,1,0,0,0,0,0,0,0,0,1,1,1,0,1,1,1
2026-07-03T20:08:08.181,tof2,4x4,side_left,3008,3266,-1,3314,-1,1476,2192,3536,1580,960,1604,-1,1056,816,950,1052,1,1,0,1,0,1,1,1,1,1,1,0,1,1,1,1
2026-07-03T20:08:08.184,tof1,4x4,side_left,-1,-1,-1,-1,-1,-1,-1,-1,-1,519,405,361,-1,313,319,277,0,0,0,0,0,0,0,0,0,1,1,1,1,1,1,1
2026-07-03T20:08:08.432,tof2,4x4,side_left,3008,3261,-1,3314,-1,1455,-1,3536,1580,960,1609,-1,1058,816,-1,1051,1,1,0,1,1,1,0,1,1,1,1,0,1,1,1,1
2026-07-03T20:08:08.436,tof1,4x4,side_left,-1,-1,-1,-1,-1,-1,443,-1,-1,520,406,361,-1,314,319,277,0,0,0,0,0,0,1,0,0,1,1,1,0,1,1,1
2026-07-03T20:08:08.585,tof2,4x4,side_left,-1,3266,-1,3319,-1,1455,-1,3536,-1,963,1609,-1,1058,816,-1,1047,0,1,0,1,0,1,0,1,1,1,1,0,1,1,1,1
2026-07-03T20:08:08.638,tof1,4x4,side_left,-1,-1,-1,-1,-1,-1,-1,-1,-1,520,406,361,-1,313,319,278,0,0,0,0,0,0,0,0,0,1,1,1,0,1,1,1
2026-07-03T20:08:08.741,tof2,4x4,side_left,3003,3267,-1,-1,-1,1474,2185,3558,1580,968,1595,-1,1059,816,-1,1051,1,1,0,1,0,1,1,1,1,1,1,0,1,1,1,1
2026-07-03T20:08:08.794,tof1,4x4,side_left,-1,-1,-1,-1,-1,-1,-1,-1,-1,523,406,360,-1,313,319,278,0,0,0,0,0,0,0,0,0,1,1,1,1,1,1,1
2026-07-03T20:08:08.901,tof2,4x4,side_left,3003,3267,-1,3324,-1,1474,-1,3558,-1,968,1596,-1,1061,816,966,1045,1,1,0,1,0,1,0,1,1,1,1,1,1,1,1,1
2026-07-03T20:08:08.964,tof1,4x4,side_left,-1,-1,-1,-1,-1,-1,443,-1,-1,523,406,360,-1,302,319,278,0,0,0,0,1,0,1,0,0,1,1,1,0,1,1,1
2026-07-03T20:08:09.083,tof2,4x4,side_left,3013,3259,-1,3335,-1,1474,2185,-1,1617,968,1596,-1,1061,816,-1,1045,1,1,0,1,0,1,1,1,1,1,1,1,1,1,1,1
2026-07-03T20:08:09.141,tof1,4x4,side_left,-1,-1,-1,-1,-1,-1,-1,-1,-1,520,406,360,1137,302,320,277,0,0,0,0,0,0,0,0,0,1,1,1,1,1,1,1
2026-07-03T20:08:09.250,tof2,4x4,side_left,-1,3264,-1,3325,2123,1476,2185,3532,1617,962,1595,-1,-1,816,-1,1045,1,1,1,1,1,1,1,1,1,1,1,0,1,1,1,1
2026-07-03T20:08:09.296,tof1,4x4,side_left,-1,-1,-1,-1,-1,-1,443,-1,-1,521,406,360,-1,302,320,276,0,0,0,0,0,0,1,0,0,1,1,1,1,1,1,1
2026-07-03T20:08:09.406,tof2,4x4,side_left,-1,3250,-1,3325,-1,-1,-1,3548,1625,962,1595,-1,1067,826,-1,1043,0,1,0,1,0,1,0,1,1,1,1,1,1,1,1,1
2026-07-03T20:08:09.462,tof1,4x4,side_left,-1,-1,-1,-1,-1,-1,-1,-1,-1,520,406,359,-1,302,321,275,0,0,0,0,0,0,0,0,0,1,1,1,0,1,1,1
2026-07-03T20:08:09.566,tof2,4x4,side_left,3025,3250,-1,3325,2133,1474,-1,3550,1617,962,1587,-1,1067,819,-1,1043,1,1,0,1,1,1,1,1,1,1,1,0,1,1,1,1
2026-07-03T20:08:09.626,tof1,4x4,side_left,-1,-1,-1,-1,-1,-1,-1,-1,-1,518,405,359,-1,309,321,275,0,0,0,0,0,0,0,0,0,1,1,1,0,1,1,1
2026-07-03T20:08:09.768,tof2,4x4,side_left,3025,3248,-1,3325,-1,1481,-1,3548,1617,962,1587,-1,-1,825,-1,1046,1,1,0,1,1,1,0,1,1,1,1,0,1,1,1,1
2026-07-03T20:08:09.793,tof1,4x4,side_left,-1,-1,-1,-1,-1,-1,-1,-1,-1,517,405,360,-1,313,321,275,0,0,0,0,0,0,0,0,0,1,1,1,0,1,1,1
2026-07-03T20:08:09.935,tof2,4x4,side_left,3025,3249,-1,3324,-1,1481,-1,3548,-1,965,1570,-1,1063,819,-1,1046,1,1,0,1,0,1,0,1,1,1,1,0,1,1,1,1
2026-07-03T20:08:09.951,tof1,4x4,side_left,-1,-1,-1,-1,-1,-1,-1,-1,-1,517,404,360,-1,313,319,275,0,1,0,0,0,0,0,0,0,1,1,1,0,1,1,1
2026-07-03T20:08:10.093,tof2,4x4,side_left,3036,3249,-1,3324,-1,1482,2185,3548,1664,970,1570,-1,1067,823,-1,1048,1,1,0,1,0,1,1,1,1,1,1,1,1,1,1,1
2026-07-03T20:08:10.108,tof1,4x4,side_left,-1,-1,-1,-1,-1,-1,443,-1,-1,516,404,360,-1,311,319,276,0,0,0,0,0,0,1,0,0,1,1,1,0,1,1,1
2026-07-03T20:08:10.262,tof2,4x4,side_left,3000,3249,-1,3326,-1,1479,2188,-1,1664,965,1570,-1,1070,819,-1,1049,1,1,0,1,0,1,1,1,1,1,1,0,1,1,1,1
2026-07-03T20:08:10.276,tof1,4x4,side_left,-1,-1,-1,-1,-1,-1,-1,-1,-1,516,404,360,-1,311,319,276,0,0,0,0,0,0,0,0,0,1,1,1,0,1,1,1
2026-07-03T20:08:10.420,tof2,4x4,side_left,3000,3249,-1,3330,-1,1490,-1,3548,-1,965,1574,-1,1067,817,-1,1049,1,1,0,1,0,1,0,1,1,1,1,0,1,1,1,1
2026-07-03T20:08:10.458,tof1,4x4,side_left,-1,-1,-1,-1,-1,-1,-1,-1,-1,516,404,361,-1,311,319,278,0,0,0,0,0,0,0,0,0,1,1,1,0,1,1,1
2026-07-03T20:08:10.591,tof2,4x4,side_left,2984,3252,-1,3333,-1,1479,-1,-1,1664,965,1574,-1,1067,816,967,1051,1,1,0,1,0,1,1,1,1,1,1,0,1,1,1,1
2026-07-03T20:08:10.619,tof1,4x4,side_left,-1,-1,-1,-1,-1,-1,441,-1,-1,518,404,361,-1,302,320,276,0,0,0,0,0,0,1,0,0,1,1,1,0,1,1,1
2026-07-03T20:08:10.759,tof2,4x4,side_left,3001,3259,3342,3333,-1,1482,2188,3525,-1,976,1583,-1,1070,817,-1,1050,1,1,1,1,1,1,1,1,1,1,1,0,1,1,1,1
2026-07-03T20:08:10.780,tof1,4x4,side_left,-1,-1,-1,-1,-1,-1,-1,-1,-1,520,404,361,-1,302,321,278,0,0,0,0,0,0,0,0,0,1,1,1,0,1,1,1
2026-07-03T20:08:10.933,tof2,4x4,side_left,3001,3268,-1,3333,-1,1459,2171,-1,1664,966,1583,-1,1067,817,-1,1051,1,1,0,1,0,1,1,1,1,1,1,0,1,1,1,1
2026-07-03T20:08:10.939,tof1,4x4,side_left,-1,-1,-1,-1,-1,-1,-1,-1,-1,520,405,361,-1,299,321,277,0,0,0,0,0,0,0,0,0,1,1,1,1,1,1,1
2026-07-03T20:08:11.094,tof2,4x4,side_left,-1,3268,-1,3303,2134,1482,-1,3525,1603,976,1583,-1,-1,822,-1,1050,1,1,0,1,1,1,1,1,1,1,1,0,1,1,1,1
2026-07-03T20:08:11.116,tof1,4x4,side_left,-1,-1,-1,-1,-1,-1,-1,-1,-1,520,405,361,-1,302,321,277,0,0,0,0,0,0,0,0,0,1,1,1,0,1,1,1
2026-07-03T20:08:11.249,tof2,4x4,side_left,3017,3268,-1,3303,2134,1473,2202,3524,1603,976,1580,-1,1063,823,-1,1050,1,1,1,1,1,1,1,1,1,1,1,0,1,1,1,1
2026-07-03T20:08:11.268,tof1,4x4,side_left,-1,-1,-1,-1,-1,-1,-1,-1,-1,520,405,360,-1,299,318,277,0,0,0,0,0,0,0,0,0,1,1,1,0,1,1,1
2026-07-03T20:08:11.409,tof2,4x4,side_left,3009,3265,-1,3295,-1,1473,2180,3539,1606,969,1580,-1,1061,823,979,1050,1,1,0,1,1,1,1,1,1,1,1,0,1,1,1,1
2026-07-03T20:08:11.424,tof1,4x4,side_left,-1,-1,-1,-1,-1,-1,-1,-1,-1,522,405,360,-1,299,318,279,0,1,0,0,0,0,0,0,0,1,1,1,0,1,1,1
2026-07-03T20:08:11.563,tof2,4x4,side_left,3009,3258,-1,-1,-1,1467,-1,3539,1606,967,1570,-1,1061,823,-1,1055,1,1,0,1,1,1,1,1,1,1,1,0,1,1,1,1
2026-07-03T20:08:11.593,tof1,4x4,side_left,-1,-1,-1,-1,-1,-1,-1,-1,-1,523,405,360,-1,299,318,277,0,0,0,0,0,0,0,0,0,1,1,1,0,1,1,1
2026-07-03T20:08:11.729,tof2,4x4,side_left,3015,3258,-1,3303,-1,1467,-1,3539,1606,967,1568,-1,1061,823,-1,1052,1,1,0,1,0,1,0,1,1,1,1,0,1,1,1,1
2026-07-03T20:08:11.753,tof1,4x4,side_left,-1,-1,-1,-1,-1,-1,-1,-1,-1,517,406,360,-1,299,319,276,1,0,0,0,0,0,0,0,0,1,1,1,1,1,1,1
2026-07-03T20:08:11.890,tof2,4x4,side_left,3009,3258,-1,3325,2134,1464,-1,3520,1606,967,1568,-1,1066,819,979,1052,1,1,1,1,1,1,0,1,1,1,1,0,1,1,1,1
2026-07-03T20:08:11.915,tof1,4x4,side_left,-1,-1,-1,-1,-1,-1,436,-1,-1,517,406,360,-1,299,320,277,0,0,0,0,0,0,1,0,0,1,1,1,0,1,1,1
2026-07-03T20:08:12.045,tof2,4x4,side_left,2997,3261,-1,3325,-1,1464,-1,3526,1599,965,1570,-1,1066,819,1027,1052,1,1,0,1,0,1,1,1,1,1,1,0,1,1,1,1
2026-07-03T20:08:12.077,tof1,4x4,side_left,-1,-1,-1,-1,-1,-1,436,-1,-1,520,406,361,-1,299,320,276,0,0,0,0,0,0,1,0,0,1,1,1,0,1,1,1
2026-07-03T20:08:12.212,tof2,4x4,side_left,2997,3261,-1,3325,2134,1460,2180,3520,1596,965,1570,-1,1072,819,-1,1052,1,1,0,1,1,1,1,1,1,1,1,0,1,1,1,1
2026-07-03T20:08:12.240,tof1,4x4,side_left,-1,-1,-1,-1,-1,-1,438,-1,-1,520,406,362,-1,299,320,276,0,0,0,0,0,0,1,0,0,1,1,1,0,1,1,1
2026-07-03T20:08:12.382,tof2,4x4,side_left,2999,3261,-1,3329,2163,1460,-1,3520,-1,965,1600,1349,1072,819,-1,1051,1,1,0,1,1,1,0,1,0,1,1,1,1,1,1,1
2026-07-03T20:08:12.404,tof1,4x4,side_left,-1,-1,-1,-1,-1,-1,438,-1,-1,520,406,362,-1,299,320,276,0,0,0,0,0,0,1,0,0,1,1,1,0,1,1,1
2026-07-03T20:08:12.533,tof2,4x4,side_left,-1,3252,3335,3325,2126,1460,2180,3526,1587,963,1600,-1,1065,823,-1,1050,0,1,1,1,1,1,1,1,1,1,1,0,1,1,1,1
2026-07-03T20:08:12.561,tof1,4x4,side_left,-1,-1,-1,-1,-1,-1,-1,-1,-1,522,406,362,-1,299,319,277,0,0,0,0,0,0,0,0,0,1,1,1,0,1,1,1
2026-07-03T20:08:12.681,tof2,4x4,side_left,-1,3252,-1,3314,2165,1464,2202,3526,1587,963,1600,-1,-1,823,1027,1050,0,1,0,1,1,1,1,1,1,1,1,0,1,1,1,1
2026-07-03T20:08:12.733,tof1,4x4,side_left,-1,-1,-1,-1,-1,-1,-1,-1,-1,522,408,360,-1,299,319,278,0,0,0,0,0,0,0,0,0,1,1,1,0,1,1,1
2026-07-03T20:08:12.837,tof2,4x4,side_left,2999,3252,-1,3303,2170,1486,-1,3532,-1,967,1597,-1,-1,823,981,1049,1,1,0,1,1,1,0,1,1,1,1,0,1,1,1,1
2026-07-03T20:08:13.120,tof2,4x4,side_left,2999,3253,3303,3303,-1,1486,-1,3532,1587,963,1595,-1,-1,819,973,1047,1,1,1,1,1,1,0,1,1,1,1,1,1,1,1,1
2026-07-03T20:08:13.135,tof1,4x4,side_left,-1,-1,-1,-1,-1,-1,-1,-1,-1,522,406,360,-1,299,319,278,0,0,0,0,0,0,0,0,0,1,1,1,0,1,1,1
2026-07-03T20:08:13.271,tof2,4x4,side_left,2999,3253,-1,3303,2165,1495,-1,3557,1587,965,1595,-1,1065,817,-1,1047,1,1,1,1,1,1,1,1,1,1,1,1,1,1,1,1
2026-07-03T20:08:13.448,tof1,4x4,side_left,-1,-1,-1,-1,-1,-1,-1,-1,-1,522,405,360,-1,299,320,278,0,0,0,0,0,0,0,0,0,1,1,1,1,1,1,1
2026-07-03T20:08:13.448,tof2,4x4,side_left,3014,3254,-1,3313,-1,1495,-1,3521,1626,965,1597,-1,1065,817,-1,1047,1,1,1,1,0,1,0,1,1,1,1,1,1,1,1,1
2026-07-03T20:08:13.632,tof1,4x4,side_left,-1,-1,-1,-1,-1,-1,439,-1,-1,522,408,361,-1,299,320,278,0,0,0,0,0,0,1,0,0,1,1,1,0,1,1,1
2026-07-03T20:08:13.645,tof2,4x4,side_left,3014,3254,-1,3313,-1,1474,-1,3521,1626,965,1598,-1,1061,818,-1,1047,1,1,0,1,0,1,0,1,1,1,1,0,1,1,1,1
2026-07-03T20:08:13.790,tof1,4x4,side_left,-1,-1,-1,-1,-1,-1,-1,-1,-1,522,405,361,-1,299,322,277,0,0,0,0,0,0,0,0,0,1,1,1,0,1,1,1
2026-07-03T20:08:13.804,tof2,4x4,side_left,2996,3262,-1,3322,-1,-1,-1,3519,1644,965,1598,-1,1056,819,973,1047,1,1,1,1,0,0,0,1,1,1,1,0,1,1,1,1
2026-07-03T20:08:13.954,tof1,4x4,side_left,-1,-1,-1,-1,-1,-1,441,-1,-1,526,405,361,-1,299,322,274,0,0,0,0,0,0,1,0,0,1,1,1,0,1,1,1
2026-07-03T20:08:13.973,tof2,4x4,side_left,3003,3262,-1,3313,-1,-1,-1,3519,1648,965,1598,-1,1056,821,-1,1049,1,1,0,1,0,0,0,1,1,1,1,0,1,1,1,1
2026-07-03T20:08:14.112,tof1,4x4,side_left,-1,-1,-1,-1,-1,-1,443,-1,-1,526,405,361,-1,300,320,274,0,0,0,0,0,0,1,0,0,1,1,1,0,1,1,1
2026-07-03T20:08:14.137,tof2,4x4,side_left,3003,3262,3342,3313,-1,-1,-1,-1,1644,965,1580,-1,1056,825,-1,1049,1,1,1,1,1,0,0,1,1,1,1,0,1,1,1,1
2026-07-03T20:08:14.274,tof1,4x4,side_left,-1,-1,-1,-1,-1,-1,441,-1,-1,523,405,360,-1,300,318,274,0,0,0,0,0,0,1,0,0,1,1,1,0,1,1,1
2026-07-03T20:08:14.309,tof2,4x4,side_left,-1,3259,-1,3322,-1,-1,2184,-1,-1,965,1580,-1,1064,825,-1,1054,0,1,1,1,0,0,1,1,1,1,1,0,1,1,1,1
2026-07-03T20:08:14.442,tof1,4x4,side_left,-1,-1,-1,-1,-1,-1,441,392,-1,522,404,359,-1,311,318,274,0,0,0,1,0,0,1,1,0,1,1,1,0,1,1,1
2026-07-03T20:08:14.479,tof2,4x4,side_left,3000,3259,-1,3322,-1,-1,2184,3519,1597,961,1580,-1,1066,825,973,1054,1,1,1,1,0,1,1,1,1,1,1,1,1,1,1,1
2026-07-03T20:08:14.589,tof1,4x4,side_left,-1,-1,-1,-1,-1,-1,441,-1,-1,522,403,359,-1,311,318,276,0,0,0,0,0,0,1,0,0,1,1,1,0,1,1,1
2026-07-03T20:08:14.633,tof2,4x4,side_left,2996,3258,-1,3319,-1,-1,2184,3519,1648,959,1589,-1,-1,825,-1,1055,1,1,0,1,0,0,1,1,1,1,1,0,1,1,1,1
2026-07-03T20:08:14.738,tof1,4x4,side_left,-1,-1,-1,-1,-1,-1,441,-1,-1,521,403,359,-1,311,319,276,0,0,0,0,0,0,1,0,0,1,1,1,0,1,1,1
2026-07-03T20:08:14.804,tof2,4x4,side_left,3000,3259,3354,3319,-1,-1,-1,3495,-1,965,1589,-1,1068,825,-1,1054,1,1,1,1,0,0,0,1,1,1,1,0,1,1,1,1
2026-07-03T20:08:14.896,tof1,4x4,side_left,-1,-1,-1,-1,-1,435,440,-1,-1,521,403,359,-1,312,319,275,0,0,0,0,0,1,1,0,0,1,1,1,0,1,1,1
2026-07-03T20:08:14.977,tof2,4x4,side_left,2971,3250,-1,3319,2091,-1,-1,3493,1619,965,1589,-1,1068,821,981,1052,1,1,0,1,1,1,0,1,1,1,1,1,1,1,1,1
2026-07-03T20:08:15.063,tof1,4x4,side_left,-1,-1,-1,-1,-1,435,441,-1,-1,521,403,359,-1,312,319,275,0,0,0,0,0,1,1,0,0,1,1,1,0,1,1,1
2026-07-03T20:08:15.133,tof2,4x4,side_left,2971,3250,-1,3315,-1,-1,2184,3493,1619,964,1585,-1,-1,827,-1,1049,1,1,0,1,0,1,1,1,1,1,1,0,1,1,1,1
2026-07-03T20:08:15.218,tof1,4x4,side_left,-1,-1,-1,-1,-1,-1,440,-1,-1,521,403,360,-1,312,321,275,0,0,0,0,0,0,1,0,0,1,1,1,0,1,1,1
2026-07-03T20:08:15.305,tof2,4x4,side_left,-1,3248,-1,3298,-1,-1,-1,3493,1637,964,1585,-1,1068,820,973,1052,1,1,1,1,1,0,0,1,1,1,1,0,1,1,1,1
2026-07-03T20:08:15.371,tof1,4x4,side_left,-1,-1,-1,-1,-1,-1,-1,-1,-1,521,403,360,-1,313,321,275,0,0,0,1,0,0,0,0,0,1,1,1,0,1,1,1
2026-07-03T20:08:15.463,tof2,4x4,side_left,-1,3250,-1,3315,-1,-1,-1,3523,1637,966,1570,-1,1066,823,-1,1049,1,1,0,1,0,0,0,1,1,1,1,1,1,1,1,1
2026-07-03T20:08:15.517,tof1,4x4,side_left,-1,-1,-1,-1,-1,-1,-1,-1,-1,517,403,360,-1,313,321,275,0,0,0,0,0,0,0,0,0,1,1,1,0,1,1,1
2026-07-03T20:08:15.622,tof2,4x4,side_left,2987,3250,3303,3298,-1,1474,2184,3523,1637,966,1570,-1,1063,819,-1,1048,1,1,1,1,1,1,1,1,1,1,1,0,1,1,1,1
2026-07-03T20:08:15.704,tof1,4x4,side_left,-1,-1,-1,-1,-1,-1,441,-1,-1,517,403,360,-1,313,321,275,0,0,0,0,0,0,1,0,0,1,1,1,0,1,1,1
2026-07-03T20:08:15.781,tof2,4x4,side_left,3011,3251,-1,3298,2120,-1,-1,3523,1637,966,1585,-1,1059,823,-1,1049,1,1,0,1,1,1,1,1,1,1,1,0,1,1,1,1
2026-07-03T20:08:15.863,tof1,4x4,side_left,-1,-1,-1,-1,-1,-1,-1,-1,-1,517,404,360,-1,313,321,275,0,0,0,1,0,0,0,0,0,1,1,1,0,1,1,1
2026-07-03T20:08:15.953,tof2,4x4,side_left,3011,3260,-1,3333,-1,1445,2201,3523,1579,966,1576,-1,1059,819,1060,1050,1,1,0,1,0,1,1,1,1,1,1,0,1,1,1,1
2026-07-03T20:08:16.019,tof1,4x4,side_left,-1,-1,-1,-1,-1,-1,441,-1,-1,521,405,360,-1,313,319,274,0,0,0,0,0,0,1,0,0,1,1,1,0,1,1,1
2026-07-03T20:08:16.126,tof2,4x4,side_left,3012,3260,-1,3333,-1,1445,-1,3501,-1,966,1576,-1,-1,817,1060,1043,1,1,0,1,0,1,1,1,1,1,1,0,1,1,1,1
2026-07-03T20:08:16.183,tof1,4x4,side_left,-1,-1,-1,-1,-1,-1,441,-1,-1,521,405,361,-1,313,317,274,0,0,0,0,0,0,1,0,0,1,1,1,1,1,1,1
2026-07-03T20:08:16.281,tof2,4x4,side_left,3017,3255,-1,3318,-1,1457,-1,3501,-1,958,1595,1339,-1,817,1065,1046,1,1,1,1,0,1,0,1,1,1,1,1,1,1,1,1
2026-07-03T20:08:16.344,tof1,4x4,side_left,-1,-1,-1,-1,-1,-1,441,-1,-1,522,405,362,-1,313,317,274,0,0,0,0,0,0,1,0,0,1,1,1,0,1,1,1
2026-07-03T20:08:16.465,tof2,4x4,side_left,3012,3255,-1,3318,-1,1479,-1,3514,1579,958,1610,-1,1059,816,985,1050,1,1,0,1,0,1,1,1,1,1,1,1,1,1,1,1
2026-07-03T20:08:16.497,tof1,4x4,side_left,-1,-1,-1,-1,-1,-1,-1,-1,-1,522,405,362,-1,312,317,274,0,0,0,0,0,0,0,0,0,1,1,1,1,1,1,1
2026-07-03T20:08:16.643,tof2,4x4,side_left,3024,3258,-1,3318,-1,1479,2201,3517,1584,958,1610,-1,1062,816,-1,1050,1,1,1,1,0,1,1,1,1,1,1,1,1,1,1,1
2026-07-03T20:08:16.674,tof1,4x4,side_left,-1,-1,-1,-1,-1,435,441,-1,-1,521,406,362,1128,313,317,274,0,0,0,0,0,1,1,0,0,1,1,1,1,1,1,1
2026-07-03T20:08:16.812,tof2,4x4,side_left,3024,3255,3309,3306,2093,1479,-1,3517,-1,958,1610,-1,1062,821,985,1046,1,1,1,1,1,1,0,1,1,1,1,0,1,1,1,1
2026-07-03T20:08:16.848,tof1,4x4,side_left,-1,-1,-1,-1,-1,-1,-1,-1,-1,520,406,362,-1,313,319,276,1,0,0,0,0,0,0,0,0,1,1,1,0,1,1,1
2026-07-03T20:08:16.960,tof2,4x4,side_left,3003,3255,-1,3306,2093,1479,2183,3519,1584,966,1597,-1,1062,822,-1,1056,1,1,0,1,1,1,1,1,1,1,1,1,1,1,1,1
2026-07-03T20:08:17.024,tof1,4x4,side_left,-1,-1,-1,-1,-1,-1,441,-1,-1,521,406,362,-1,313,319,276,0,0,0,0,0,0,1,0,0,1,1,1,1,1,1,1
2026-07-03T20:08:17.120,tof2,4x4,side_left,3003,3252,-1,-1,-1,1468,2163,3520,1600,966,1597,-1,-1,822,979,1056,1,1,0,1,1,1,1,1,1,1,1,0,1,1,1,1
2026-07-03T20:08:17.181,tof1,4x4,side_left,-1,-1,-1,-1,-1,-1,440,-1,-1,521,406,362,-1,313,319,276,1,0,0,0,0,0,1,0,0,1,1,1,0,1,1,1
2026-07-03T20:08:17.274,tof2,4x4,side_left,3035,3247,-1,3332,-1,-1,-1,3520,1617,966,1580,-1,1062,822,966,1048,1,1,0,1,1,1,1,1,1,1,1,0,1,1,1,1
2026-07-03T20:08:17.337,tof1,4x4,side_left,-1,-1,-1,-1,-1,-1,440,-1,-1,520,405,361,-1,313,319,276,0,0,0,0,0,0,1,0,0,1,1,1,0,1,1,1
2026-07-03T20:08:17.434,tof2,4x4,side_left,-1,3247,-1,3335,-1,1468,2163,3520,1628,964,1580,-1,1061,822,966,1048,1,1,0,1,0,1,1,1,1,1,1,0,1,1,1,1
2026-07-03T20:08:17.511,tof1,4x4,side_left,-1,-1,-1,-1,-1,-1,441,-1,-1,521,405,361,-1,311,319,275,0,0,0,0,0,0,1,0,0,1,1,1,0,1,1,1
2026-07-03T20:08:17.612,tof2,4x4,side_left,3003,3252,-1,3332,-1,1467,-1,-1,1628,963,1573,-1,-1,822,-1,1048,1,1,0,1,1,1,0,1,1,1,1,0,1,1,1,1
2026-07-03T20:08:17.670,tof1,4x4,side_left,-1,-1,-1,-1,-1,-1,-1,-1,-1,521,405,361,-1,296,320,275,0,0,0,1,0,0,0,0,0,1,1,1,0,1,1,1
2026-07-03T20:08:17.835,tof2,4x4,side_left,2962,3250,-1,3332,-1,1468,2163,3513,1617,962,1561,-1,1061,818,-1,1048,1,1,1,1,0,1,1,1,1,1,1,0,1,1,1,1
2026-07-03T20:08:17.837,tof1,4x4,side_left,-1,-1,-1,-1,-1,-1,441,-1,-1,523,405,362,-1,296,320,275,0,0,0,0,0,0,1,0,0,1,1,1,0,1,1,1
2026-07-03T20:08:18.005,tof2,4x4,side_left,3008,3250,-1,3335,-1,1469,-1,3503,1617,960,1561,-1,1069,818,-1,1050,1,1,0,1,0,1,0,1,1,1,1,0,1,1,1,1
2026-07-03T20:08:18.035,tof1,4x4,side_left,-1,-1,-1,-1,-1,-1,-1,-1,-1,523,405,362,-1,296,321,277,0,0,0,0,0,0,0,0,0,1,1,1,0,1,1,1
2026-07-03T20:08:18.173,tof2,4x4,side_left,2981,3250,-1,3325,-1,1470,2169,3492,1609,962,1561,-1,1069,818,971,1052,1,1,1,1,0,1,1,1,1,1,1,0,1,1,1,1
2026-07-03T20:08:18.338,tof2,4x4,side_left,2981,3250,-1,3314,-1,1470,2186,3492,-1,960,1561,-1,1069,818,965,1050,1,1,0,1,0,1,1,1,1,1,1,1,1,1,1,1
2026-07-03T20:08:18.351,tof1,4x4,side_left,-1,-1,-1,-1,-1,-1,-1,-1,-1,523,405,362,-1,299,321,277,0,0,0,0,0,0,0,0,0,1,1,1,0,1,1,1
2026-07-03T20:08:18.508,tof2,4x4,side_left,3008,3250,-1,3303,2109,1471,-1,3492,1609,960,1562,-1,1069,819,-1,1052,1,1,0,1,1,1,0,1,1,1,1,0,1,1,1,1
2026-07-03T20:08:18.546,tof1,4x4,side_left,-1,-1,-1,-1,-1,-1,441,-1,-1,519,404,361,-1,301,321,277,0,0,0,0,0,0,1,0,0,1,1,1,0,1,1,1
2026-07-03T20:08:18.678,tof2,4x4,side_left,3008,3249,-1,3303,-1,1471,2190,3502,1679,965,1572,-1,-1,819,963,1050,1,1,0,1,0,1,1,1,1,1,1,0,1,1,1,1
2026-07-03T20:08:18.701,tof1,4x4,side_left,-1,-1,-1,-1,-1,-1,-1,-1,-1,522,403,361,-1,312,321,277,0,0,0,0,0,0,0,0,0,1,1,1,0,1,1,1
2026-07-03T20:08:18.841,tof2,4x4,side_left,2981,3256,-1,3303,-1,1481,-1,3539,1679,965,1576,-1,1066,821,-1,1052,1,1,0,1,0,1,1,1,1,1,1,0,1,1,1,1
2026-07-03T20:08:18.862,tof1,4x4,side_left,-1,-1,-1,-1,-1,-1,441,-1,-1,522,403,360,-1,301,318,277,0,0,0,0,0,0,1,0,0,1,1,1,1,1,1,1
2026-07-03T20:08:19.001,tof2,4x4,side_left,3022,3256,-1,-1,2120,1480,-1,3539,1673,969,1576,-1,1063,825,-1,1048,1,1,0,1,1,1,0,1,1,1,1,0,1,1,1,1
2026-07-03T20:08:19.015,tof1,4x4,side_left,-1,-1,-1,-1,-1,-1,-1,-1,-1,522,403,360,-1,311,318,274,0,0,0,0,0,0,0,0,0,1,1,1,0,1,1,1
2026-07-03T20:08:19.152,tof2,4x4,side_left,-1,3258,-1,3316,-1,1471,-1,3539,1673,969,1601,-1,1063,821,-1,1051,0,1,0,1,0,1,0,1,1,1,1,0,1,1,1,1
2026-07-03T20:08:19.184,tof1,4x4,side_left,-1,-1,-1,-1,-1,435,441,-1,-1,522,403,359,-1,301,318,274,0,0,0,0,0,1,1,0,0,1,1,1,0,1,1,1
2026-07-03T20:08:19.308,tof2,4x4,side_left,3004,3258,-1,3320,-1,1467,2190,3524,1661,964,1576,-1,-1,818,971,1051,1,1,0,1,0,1,1,1,1,1,1,0,1,1,1,1
2026-07-03T20:08:19.356,tof1,4x4,side_left,-1,-1,-1,-1,-1,-1,-1,-1,-1,522,403,359,-1,311,318,274,0,0,0,0,0,0,0,0,0,1,1,1,0,1,1,1
2026-07-03T20:08:19.477,tof2,4x4,side_left,3004,3258,-1,3330,-1,1477,2201,3515,1648,959,1601,-1,1066,818,975,1051,1,1,0,1,0,1,1,1,1,1,1,0,1,1,1,1
2026-07-03T20:08:19.521,tof1,4x4,side_left,-1,-1,-1,-1,-1,-1,-1,-1,-1,518,404,360,-1,311,322,275,0,0,0,0,0,0,0,0,0,1,1,1,0,1,1,1
2026-07-03T20:08:19.630,tof2,4x4,side_left,3004,3260,-1,3330,2145,1462,2201,3515,-1,964,1601,1330,1066,818,1021,1051,1,1,1,1,1,1,1,1,1,1,1,1,1,1,1,1
2026-07-03T20:08:19.685,tof1,4x4,side_left,-1,-1,-1,-1,-1,-1,438,-1,-1,518,404,361,-1,312,322,276,0,0,0,0,0,0,1,0,0,1,1,1,0,1,1,1
2026-07-03T20:08:19.791,tof2,4x4,side_left,3022,3260,-1,3329,-1,1462,-1,3504,1636,959,1601,-1,1066,817,-1,1051,1,1,1,1,0,1,0,1,1,1,1,0,1,1,1,1
2026-07-03T20:08:19.850,tof1,4x4,side_left,-1,-1,-1,-1,-1,-1,-1,-1,-1,518,404,361,-1,312,321,276,0,0,0,0,0,0,0,0,0,1,1,1,0,1,1,1
2026-07-03T20:08:19.945,tof2,4x4,side_left,3004,3248,-1,3329,2145,1465,-1,3524,-1,959,1601,-1,-1,818,-1,1051,1,1,1,1,1,1,1,1,1,1,1,1,1,1,1,1
2026-07-03T20:08:20.012,tof1,4x4,side_left,-1,-1,-1,-1,-1,-1,-1,-1,-1,518,404,361,-1,312,321,276,0,0,0,0,0,0,0,0,0,1,1,1,0,1,1,1
2026-07-03T20:08:20.111,tof2,4x4,side_left,3025,3241,-1,3330,2175,1475,-1,3537,-1,952,1601,-1,1066,822,-1,1052,1,1,0,1,1,1,0,1,1,1,1,0,1,1,1,1
2026-07-03T20:08:20.190,tof1,4x4,side_left,3348,-1,-1,-1,-1,-1,-1,-1,-1,520,405,361,-1,308,319,276,1,0,0,0,0,0,0,0,0,1,1,1,1,1,1,1
2026-07-03T20:08:20.264,tof2,4x4,side_left,3000,3248,-1,3330,-1,1465,2185,3537,-1,952,1612,-1,1067,822,1021,1052,1,1,0,1,1,1,1,1,1,1,1,0,1,1,1,1
2026-07-03T20:08:20.345,tof1,4x4,side_left,-1,-1,-1,-1,-1,-1,-1,-1,-1,523,405,360,-1,308,319,276,0,0,0,0,0,0,0,0,0,1,1,1,0,1,1,1
2026-07-03T20:08:20.420,tof2,4x4,side_left,3025,3248,-1,3330,2175,1475,-1,3504,1636,952,1605,-1,1064,822,1021,1052,1,1,0,1,1,1,1,1,1,1,1,0,1,1,1,1
2026-07-03T20:08:20.503,tof1,4x4,side_left,-1,-1,-1,-1,-1,-1,-1,-1,-1,523,405,360,-1,308,319,278,0,0,0,0,0,0,0,0,0,1,1,1,0,1,1,1
2026-07-03T20:08:20.588,tof2,4x4,side_left,-1,3250,-1,-1,-1,1479,-1,3517,1636,965,1605,-1,1056,823,-1,1054,0,1,0,1,0,1,0,1,1,1,1,1,1,1,1,1
2026-07-03T20:08:20.668,tof1,4x4,side_left,-1,-1,-1,-1,-1,-1,-1,-1,-1,520,405,360,-1,311,319,278,0,0,0,0,0,0,0,0,0,1,1,1,0,1,1,1
2026-07-03T20:08:20.747,tof2,4x4,side_left,2962,3254,-1,3330,-1,-1,2185,3517,-1,970,1597,-1,1064,822,972,1054,1,1,1,1,0,1,1,1,1,1,1,0,1,1,1,1
2026-07-03T20:08:20.851,tof1,4x4,side_left,-1,-1,-1,-1,-1,-1,-1,-1,-1,521,405,360,-1,313,319,279,0,0,0,0,0,0,0,0,0,1,1,1,1,1,1,1
2026-07-03T20:08:20.904,tof2,4x4,side_left,2962,3254,-1,3315,-1,1475,2205,3488,1630,970,1597,-1,1064,820,970,1054,1,1,0,1,0,1,1,1,1,1,1,0,1,1,1,1
2026-07-03T20:08:21.014,tof1,4x4,side_left,-1,-1,-1,-1,-1,-1,-1,-1,-1,521,405,360,-1,313,319,279,0,0,0,0,0,0,0,0,0,1,1,1,0,1,1,1
2026-07-03T20:08:21.069,tof2,4x4,side_left,-1,3260,3354,3315,-1,1467,-1,3488,1630,970,1595,-1,1064,821,-1,1054,1,1,1,1,0,1,0,1,1,1,1,0,1,1,1,1
2026-07-03T20:08:21.189,tof1,4x4,side_left,-1,-1,-1,-1,-1,-1,-1,-1,-1,520,405,360,-1,313,319,279,0,0,0,1,0,0,0,0,0,1,1,1,1,1,1,1
2026-07-03T20:08:21.244,tof2,4x4,side_left,-1,3260,-1,-1,2144,1479,-1,3472,1635,969,1592,-1,1061,820,970,1046,1,1,0,1,1,1,0,1,1,1,1,0,1,1,1,1
2026-07-03T20:08:21.342,tof1,4x4,side_left,-1,-1,-1,-1,-1,-1,-1,-1,-1,520,405,360,-1,311,319,278,1,0,0,0,0,0,0,0,0,1,1,1,0,1,1,1
2026-07-03T20:08:21.406,tof2,4x4,side_left,2962,3262,-1,3302,-1,1479,-1,3472,1635,969,1589,-1,1061,820,-1,1046,1,1,0,1,1,1,1,1,1,1,1,0,1,1,1,1
2026-07-03T20:08:21.507,tof1,4x4,side_left,-1,-1,-1,-1,-1,-1,-1,-1,-1,-1,405,360,-1,311,319,275,0,0,0,0,0,0,0,0,0,1,1,1,0,1,1,1
2026-07-03T20:08:21.568,tof2,4x4,side_left,-1,3251,-1,3303,-1,1488,-1,-1,1635,969,1589,-1,-1,821,-1,1055,1,1,0,1,1,1,0,1,1,1,1,0,1,1,1,1
2026-07-03T20:08:21.657,tof1,4x4,side_left,-1,-1,-1,-1,-1,-1,-1,-1,-1,520,405,360,-1,311,319,274,0,0,0,0,0,0,0,0,0,1,1,1,0,1,1,1
2026-07-03T20:08:21.925,tof2,4x4,side_left,-1,3260,-1,3302,-1,1488,-1,3472,1635,969,1595,-1,1056,821,-1,1055,1,1,1,1,0,1,0,1,1,1,1,1,1,1,1,1
2026-07-03T20:08:21.927,tof1,4x4,side_left,-1,-1,-1,-1,-1,-1,-1,-1,-1,519,405,360,-1,314,319,275,1,0,0,0,0,0,0,0,0,1,1,1,1,1,1,1
2026-07-03T20:08:22.093,tof2,4x4,side_left,-1,3260,-1,3303,2135,1488,-1,3549,1628,969,1589,-1,1056,821,970,1059,1,1,0,1,1,1,0,1,1,1,1,0,1,1,1,1
2026-07-03T20:08:22.102,tof1,4x4,side_left,-1,-1,-1,-1,-1,-1,-1,-1,-1,520,404,360,-1,314,321,274,0,0,0,0,0,0,0,0,0,1,1,1,0,1,1,1
2026-07-03T20:08:22.257,tof2,4x4,side_left,-1,3260,-1,3303,2144,1487,2185,3549,-1,967,1599,-1,1056,821,970,1059,1,1,0,1,1,1,1,1,1,1,1,0,1,1,1,1
2026-07-03T20:08:22.273,tof1,4x4,side_left,-1,-1,-1,-1,-1,-1,-1,-1,-1,520,405,360,-1,316,321,275,0,0,0,0,0,0,0,0,0,1,1,1,0,1,1,1
2026-07-03T20:08:22.407,tof2,4x4,side_left,-1,3260,-1,3303,-1,1482,-1,-1,1628,966,1599,-1,1056,818,-1,1059,1,1,0,1,0,1,0,1,1,1,1,0,1,1,1,1
2026-07-03T20:08:22.431,tof1,4x4,side_left,-1,-1,-1,-1,-1,-1,438,-1,-1,520,405,360,-1,316,321,275,0,0,0,0,0,0,1,0,0,1,1,1,0,1,1,1
2026-07-03T20:08:22.572,tof2,4x4,side_left,-1,3260,-1,3295,2144,-1,-1,3549,-1,966,1576,-1,-1,818,-1,1053,0,1,0,1,1,1,0,1,1,1,1,0,1,1,1,1
2026-07-03T20:08:22.589,tof1,4x4,side_left,-1,-1,-1,-1,-1,-1,435,-1,-1,520,404,360,-1,316,320,275,0,0,0,0,0,0,1,0,0,1,1,1,0,1,1,1
2026-07-03T20:08:22.725,tof2,4x4,side_left,3036,3257,-1,3298,2135,1482,-1,3543,1548,966,1567,-1,1060,818,-1,1048,1,1,0,1,1,1,0,1,1,1,1,0,1,1,1,1
2026-07-03T20:08:22.745,tof1,4x4,side_left,-1,-1,-1,-1,-1,-1,-1,-1,-1,520,403,361,-1,315,320,275,1,0,0,0,0,0,0,0,0,1,1,1,0,1,1,1
2026-07-03T20:08:22.880,tof2,4x4,side_left,-1,3257,-1,3298,-1,1487,2184,3543,-1,962,1576,-1,1062,818,-1,1048,1,1,0,1,0,1,1,1,1,1,1,1,1,1,1,1
2026-07-03T20:08:22.904,tof1,4x4,side_left,-1,-1,-1,-1,-1,-1,-1,-1,-1,518,403,360,-1,312,320,275,1,0,0,0,0,0,0,0,0,1,1,1,0,1,1,1
2026-07-03T20:08:23.044,tof2,4x4,side_left,3036,3257,-1,3298,-1,1489,-1,3543,1628,963,1576,-1,1062,820,964,1043,1,1,0,1,0,1,1,1,1,1,1,0,1,1,1,1
2026-07-03T20:08:23.090,tof1,4x4,side_left,-1,-1,-1,-1,-1,-1,438,-1,-1,517,403,360,-1,312,320,275,0,0,0,0,0,0,1,0,0,1,1,1,0,1,1,1
2026-07-03T20:08:23.202,tof2,4x4,side_left,3036,3254,-1,3301,-1,1489,-1,3543,-1,968,1579,-1,-1,821,970,1043,1,1,0,1,0,1,0,1,1,1,1,0,1,1,1,1
2026-07-03T20:08:23.252,tof1,4x4,side_left,-1,-1,-1,-1,-1,-1,438,-1,-1,517,403,359,-1,312,320,274,0,0,0,0,0,0,1,0,0,1,1,1,0,1,1,1
2026-07-03T20:08:23.370,tof2,4x4,side_left,3036,3257,-1,3308,-1,-1,-1,3540,1644,963,1615,-1,1062,820,-1,1043,1,1,0,1,0,1,1,1,1,1,1,0,1,1,1,1
2026-07-03T20:08:23.415,tof1,4x4,side_left,-1,-1,-1,-1,-1,-1,-1,-1,-1,517,403,360,-1,312,321,276,0,0,0,0,0,0,0,0,0,1,1,1,0,1,1,1
2026-07-03T20:08:23.527,tof2,4x4,side_left,3008,3262,-1,3313,-1,-1,-1,3540,1644,963,1617,-1,1063,825,-1,1053,1,1,0,1,0,1,1,1,1,1,1,0,1,1,1,1
2026-07-03T20:08:23.574,tof1,4x4,side_left,-1,-1,-1,-1,-1,-1,438,-1,-1,517,403,360,-1,311,321,276,0,0,0,0,0,0,1,0,0,1,1,1,0,1,1,1
2026-07-03T20:08:23.713,tof2,4x4,side_left,3008,3262,-1,3313,2135,-1,2184,3528,1615,963,1617,-1,1063,825,-1,1050,1,1,0,1,1,0,1,1,1,1,1,0,1,1,1,1
2026-07-03T20:08:23.727,tof1,4x4,side_left,-1,-1,-1,-1,-1,-1,-1,-1,-1,519,402,360,-1,311,321,277,0,0,0,0,0,0,0,0,0,1,1,1,0,1,1,1
2026-07-03T20:08:23.880,tof2,4x4,side_left,-1,3262,-1,3314,-1,-1,-1,3528,1615,967,1608,-1,1062,823,-1,1050,0,1,0,1,0,0,0,1,1,1,1,0,1,1,1,1
2026-07-03T20:08:23.904,tof1,4x4,side_left,-1,-1,-1,-1,-1,-1,-1,-1,-1,520,402,361,-1,299,320,277,0,0,0,0,0,0,0,0,0,1,1,1,0,1,1,1
2026-07-03T20:08:24.033,tof2,4x4,side_left,3008,3262,-1,3325,-1,1497,-1,3540,-1,967,1608,-1,-1,818,-1,1048,1,1,1,1,0,1,0,1,1,1,1,0,1,1,1,1
2026-07-03T20:08:24.053,tof1,4x4,side_left,-1,-1,-1,-1,-1,-1,441,-1,-1,521,403,361,-1,311,319,277,1,0,0,0,0,0,1,0,0,1,1,1,0,1,1,1
2026-07-03T20:08:24.193,tof2,4x4,side_left,3008,3262,3309,-1,-1,-1,-1,3543,-1,982,1592,-1,-1,818,970,1050,1,1,1,1,0,1,0,1,0,1,1,0,1,1,1,1
2026-07-03T20:08:24.209,tof1,4x4,side_left,-1,-1,-1,-1,-1,-1,444,-1,-1,521,404,361,-1,310,319,277,0,0,0,0,0,0,1,0,0,1,1,1,1,1,1,1
2026-07-03T20:08:24.348,tof2,4x4,side_left,3006,3261,-1,3314,-1,-1,-1,3543,1615,982,1592,-1,1062,818,-1,1048,1,1,0,1,1,0,0,1,1,1,1,0,1,1,1,1
2026-07-03T20:08:24.361,tof1,4x4,side_left,-1,-1,-1,-1,-1,-1,-1,-1,-1,520,405,361,-1,310,318,276,0,0,0,0,0,0,0,0,0,1,1,1,0,1,1,1
2026-07-03T20:08:24.521,tof2,4x4,side_left,2955,3254,3298,3314,-1,-1,-1,3543,-1,982,-1,-1,1062,818,-1,1048,1,1,1,1,0,1,0,1,0,1,1,0,1,1,1,1
2026-07-03T20:08:24.525,tof1,4x4,side_left,-1,-1,-1,-1,-1,-1,444,-1,-1,521,406,361,1128,310,319,276,0,0,0,1,0,0,1,0,0,1,1,1,1,1,1,1
2026-07-03T20:08:24.680,tof2,4x4,side_left,2955,3253,-1,3314,-1,1489,-1,3543,-1,977,1572,-1,1062,818,971,1048,1,1,0,1,1,1,0,1,0,1,1,0,1,1,1,1
2026-07-03T20:08:24.717,tof1,4x4,side_left,-1,-1,-1,-1,-1,-1,444,-1,-1,517,406,361,-1,310,318,276,0,0,0,0,0,0,1,0,0,1,1,1,0,1,1,1
2026-07-03T20:08:24.842,tof2,4x4,side_left,-1,3253,-1,3323,-1,-1,-1,-1,-1,968,1592,-1,1062,816,-1,1048,0,1,0,1,0,1,0,0,0,1,1,0,1,1,1,1
2026-07-03T20:08:24.888,tof1,4x4,side_left,-1,-1,-1,-1,-1,-1,447,-1,-1,517,406,361,-1,301,318,276,0,0,0,0,0,0,1,0,0,1,1,1,0,1,1,1
2026-07-03T20:08:25.016,tof2,4x4,side_left,2953,3252,3309,3306,-1,-1,-1,-1,-1,967,1588,-1,1065,818,972,1048,1,1,1,1,1,0,0,1,1,1,1,0,1,1,1,1
2026-07-03T20:08:25.035,tof1,4x4,side_left,-1,-1,-1,2190,-1,-1,447,-1,-1,517,407,362,-1,301,318,276,0,0,0,1,0,0,1,0,0,1,1,1,0,1,1,1
2026-07-03T20:08:25.199,tof2,4x4,side_left,2955,3252,-1,3323,-1,-1,-1,3533,1602,967,1595,-1,1067,817,-1,1048,1,1,0,1,0,1,0,1,1,1,1,0,1,1,1,1
2026-07-03T20:08:25.202,tof1,4x4,side_left,-1,-1,-1,-1,-1,-1,447,-1,-1,517,407,362,-1,296,321,276,0,0,0,0,0,0,1,0,0,1,1,1,0,1,1,1
2026-07-03T20:08:25.369,tof2,4x4,side_left,3010,3255,-1,3312,-1,-1,-1,3533,1602,967,1595,1349,1067,818,975,1048,1,1,1,1,0,1,1,1,1,1,1,1,1,1,1,1
2026-07-03T20:08:25.375,tof1,4x4,side_left,-1,-1,-1,-1,-1,-1,449,-1,-1,517,406,361,-1,296,318,276,0,0,0,1,0,0,1,0,0,1,1,1,0,1,1,1
2026-07-03T20:08:25.570,tof2,4x4,side_left,3010,3255,-1,3325,-1,1441,-1,3533,1647,969,1595,-1,1068,821,-1,1049,1,1,0,1,0,1,0,1,1,1,1,0,1,1,1,1
2026-07-03T20:08:25.574,tof1,4x4,side_left,3380,-1,-1,-1,-1,-1,447,-1,-1,524,406,360,-1,298,321,276,1,0,0,0,0,0,1,0,0,1,1,1,0,1,1,1
2026-07-03T20:08:25.724,tof2,4x4,side_left,3028,3253,-1,3318,-1,-1,2184,3506,-1,969,1595,-1,1068,821,-1,1049,1,1,0,1,0,1,1,1,1,1,1,1,1,1,1,1
2026-07-03T20:08:25.749,tof1,4x4,side_left,-1,-1,-1,-1,-1,-1,445,-1,-1,519,406,361,-1,296,322,276,0,0,0,0,0,0,1,0,0,1,1,1,1,1,1,1
2026-07-03T20:08:25.886,tof2,4x4,side_left,3028,3255,-1,3318,2201,1441,2184,3526,-1,969,1605,-1,1066,821,-1,1054,1,1,0,1,1,1,1,1,1,1,1,0,1,1,1,1
2026-07-03T20:08:25.907,tof1,4x4,side_left,-1,-1,-1,-1,-1,435,445,-1,-1,519,406,359,1119,298,321,276,0,0,0,0,0,1,1,0,0,1,1,1,1,1,1,1
2026-07-03T20:08:26.051,tof2,4x4,side_left,3001,3253,-1,3312,-1,1480,-1,-1,-1,969,1605,-1,1054,823,-1,1049,1,1,0,1,0,1,1,1,0,1,1,0,1,1,1,1
2026-07-03T20:08:26.071,tof1,4x4,side_left,-1,-1,-1,-1,-1,-1,444,-1,-1,524,405,359,-1,301,321,276,0,0,0,0,0,0,1,0,0,1,1,1,0,1,1,1
2026-07-03T20:08:26.442,tof1,4x4,side_left,-1,-1,-1,-1,-1,-1,-1,-1,-1,524,405,360,-1,299,322,275,0,0,0,1,0,0,0,0,0,1,1,1,1,1,1,1
2026-07-03T20:08:26.451,tof2,4x4,side_left,2961,3253,-1,3318,-1,1459,2184,3510,1647,975,1580,-1,1054,823,-1,1048,1,1,0,1,0,1,1,1,1,1,1,0,1,1,1,1
2026-07-03T20:08:26.592,tof1,4x4,side_left,-1,-1,-1,-1,-1,-1,-1,-1,-1,519,405,361,-1,301,321,276,0,0,0,0,0,0,0,0,0,1,1,1,0,1,1,1
2026-07-03T20:08:26.609,tof2,4x4,side_left,2997,3253,-1,3301,-1,1480,2184,3510,1647,975,1592,-1,1054,825,-1,1048,1,1,0,1,0,1,1,1,1,1,1,0,1,1,1,1
2026-07-03T20:08:26.750,tof1,4x4,side_left,-1,-1,-1,-1,-1,-1,-1,-1,-1,521,404,361,-1,313,321,276,0,0,0,0,0,0,0,0,0,1,1,1,1,1,1,1
2026-07-03T20:08:26.782,tof2,4x4,side_left,2997,3263,-1,3301,2104,1485,-1,-1,-1,975,1592,-1,1055,823,972,1048,1,1,0,1,1,1,0,1,0,1,1,0,1,1,1,1
2026-07-03T20:08:26.905,tof1,4x4,side_left,-1,-1,-1,-1,-1,-1,-1,-1,-1,526,404,361,-1,313,320,275,0,0,0,0,0,0,0,0,0,1,1,1,0,1,1,1
2026-07-03T20:08:26.957,tof2,4x4,side_left,2997,3263,-1,3322,-1,1480,-1,3510,1647,971,1592,-1,1061,823,975,1048,1,1,0,1,1,1,1,1,1,1,1,1,1,1,1,1
2026-07-03T20:08:27.162,tof2,4x4,side_left,3023,3263,-1,3333,2104,1479,-1,3520,1640,969,1599,-1,1063,818,-1,1048,1,1,1,1,1,1,1,1,1,1,1,0,1,1,1,1
2026-07-03T20:08:27.176,tof1,4x4,side_left,-1,-1,-1,-1,-1,-1,-1,-1,-1,521,404,360,-1,313,320,275,0,0,0,0,0,0,0,0,0,1,1,1,0,1,1,1
2026-07-03T20:08:27.329,tof2,4x4,side_left,3023,3265,-1,3322,2116,1485,-1,3520,-1,965,1599,-1,1061,814,-1,1051,1,1,0,1,1,1,1,1,1,1,1,0,1,1,1,1
2026-07-03T20:08:27.349,tof1,4x4,side_left,-1,-1,-1,-1,-1,-1,442,-1,-1,519,404,360,-1,313,320,275,0,0,0,0,0,0,1,0,0,1,1,1,0,1,1,1
2026-07-03T20:08:27.514,tof2,4x4,side_left,3023,3265,3337,3329,2138,1479,-1,3532,1627,965,1599,-1,-1,813,975,1051,1,1,1,1,1,1,1,1,1,1,1,0,1,1,1,1
2026-07-03T20:08:27.562,tof1,4x4,side_left,-1,-1,-1,-1,-1,-1,-1,-1,-1,519,404,359,-1,312,320,275,0,1,0,0,0,0,0,0,0,1,1,1,0,1,1,1
2026-07-03T20:08:27.673,tof2,4x4,side_left,3022,3260,-1,3329,-1,1479,-1,-1,1640,969,1599,-1,1061,813,964,1051,1,1,1,1,0,1,0,1,1,1,1,1,1,1,1,1
2026-07-03T20:08:27.726,tof1,4x4,side_left,-1,-1,-1,-1,-1,-1,442,-1,-1,519,404,359,-1,310,320,275,0,0,0,0,0,0,1,0,0,1,1,1,0,1,1,1
2026-07-03T20:08:27.824,tof2,4x4,side_left,3012,3260,3298,3329,-1,1479,2186,3532,-1,969,1599,-1,-1,815,-1,1049,1,1,1,1,0,1,1,1,1,1,1,1,1,1,1,1
2026-07-03T20:08:27.895,tof1,4x4,side_left,-1,-1,-1,-1,-1,-1,-1,-1,-1,519,405,359,-1,310,320,275,0,0,0,0,0,0,0,0,0,1,1,1,0,1,1,1
2026-07-03T20:08:27.989,tof2,4x4,side_left,2948,3266,-1,3291,-1,1477,-1,3554,1640,974,1599,-1,1061,815,-1,1049,1,1,0,1,0,1,1,1,1,1,1,0,1,1,1,1
2026-07-03T20:08:28.049,tof1,4x4,side_left,-1,-1,-1,-1,-1,-1,442,-1,-1,519,405,360,-1,308,320,275,0,0,0,0,1,0,1,0,0,1,1,1,1,1,1,1
2026-07-03T20:08:28.146,tof2,4x4,side_left,2983,3252,-1,3329,-1,-1,2186,3532,1699,974,1599,-1,1061,819,-1,1049,1,1,0,1,1,1,1,1,1,1,1,1,1,1,1,1
2026-07-03T20:08:28.230,tof1,4x4,side_left,-1,-1,-1,-1,-1,-1,441,-1,-1,519,405,360,-1,312,319,276,0,0,0,0,0,0,1,0,0,1,1,1,0,1,1,1
2026-07-03T20:08:28.303,tof2,4x4,side_left,3012,3256,-1,3291,2134,1464,-1,3505,1699,974,1599,-1,1061,819,-1,1049,1,1,0,1,1,1,0,1,1,1,1,1,1,1,1,1
2026-07-03T20:08:28.386,tof1,4x4,side_left,3415,-1,-1,-1,-1,-1,441,-1,-1,518,406,361,-1,308,318,276,1,0,0,0,0,0,1,0,0,1,1,1,0,1,1,1
2026-07-03T20:08:28.472,tof2,4x4,side_left,2986,3256,-1,3294,-1,1477,2173,3496,1708,972,1589,-1,1061,820,-1,1049,1,1,0,1,0,1,1,1,1,1,1,1,1,1,1,1
2026-07-03T20:08:28.539,tof1,4x4,side_left,-1,-1,-1,-1,-1,-1,441,-1,-1,518,406,361,-1,299,318,276,0,0,0,0,0,0,1,0,0,1,1,1,1,1,1,1
2026-07-03T20:08:28.655,tof2,4x4,side_left,2983,3256,-1,3294,-1,1464,-1,3505,1699,972,1589,-1,1063,820,-1,1049,1,1,0,1,1,1,0,1,1,1,1,0,1,1,1,1
2026-07-03T20:08:28.735,tof1,4x4,side_left,-1,-1,-1,-1,-1,-1,439,-1,-1,517,407,361,-1,299,318,276,0,0,0,1,0,0,1,0,0,1,1,1,1,1,1,1
2026-07-03T20:08:29.000,tof1,4x4,side_left,-1,-1,-1,-1,-1,-1,444,-1,-1,521,407,361,-1,299,318,276,0,0,0,0,0,0,1,0,0,1,1,1,0,1,1,1
2026-07-03T20:08:29.050,tof2,4x4,side_left,2983,3256,-1,3314,2138,1477,2173,-1,1658,967,1589,-1,1061,822,-1,1047,1,1,1,1,1,1,1,1,1,1,1,0,1,1,1,1
2026-07-03T20:08:29.156,tof1,4x4,side_left,-1,-1,-1,-1,-1,-1,-1,-1,-1,521,407,361,-1,299,317,276,0,0,0,0,0,0,0,0,0,1,1,1,0,1,1,1
2026-07-03T20:08:29.230,tof2,4x4,side_left,2971,3256,3337,3303,2165,1464,2199,3505,-1,967,1595,-1,1061,823,964,1047,1,1,1,1,1,1,1,1,1,1,1,0,1,1,1,1
2026-07-03T20:08:29.345,tof1,4x4,side_left,-1,-1,-1,-1,-1,-1,-1,-1,-1,524,406,361,1119,313,317,278,0,0,0,0,0,0,0,0,0,1,1,1,1,1,1,1
2026-07-03T20:08:29.397,tof2,4x4,side_left,2971,3258,-1,3314,-1,1457,-1,3547,1638,967,1595,-1,1057,825,969,1052,1,1,1,1,0,1,1,1,1,1,1,0,1,1,1,1
2026-07-03T20:08:29.526,tof1,4x4,side_left,-1,-1,-1,-1,-1,-1,-1,-1,-1,524,406,361,-1,314,317,277,0,0,0,0,0,0,0,0,0,1,1,1,0,1,1,1
2026-07-03T20:08:29.557,tof2,4x4,side_left,2971,3258,-1,3314,2165,1457,-1,3547,1650,967,1595,1330,1057,825,-1,1052,1,1,1,1,1,1,0,1,1,1,1,1,1,1,1,1
2026-07-03T20:08:29.708,tof1,4x4,side_left,-1,-1,-1,-1,-1,-1,-1,-1,-1,527,406,361,-1,313,317,277,0,0,0,0,0,0,0,0,0,1,1,1,0,1,1,1
2026-07-03T20:08:29.738,tof2,4x4,side_left,2995,3260,-1,3314,-1,1473,2192,3556,1595,967,1578,-1,-1,823,969,1052,1,1,0,1,0,1,1,1,1,1,1,0,1,1,1,1
2026-07-03T20:08:29.883,tof1,4x4,side_left,-1,-1,-1,-1,-1,-1,-1,-1,-1,528,406,361,-1,313,319,278,0,0,0,0,0,0,0,0,0,1,1,1,0,1,1,1
2026-07-03T20:08:29.891,tof2,4x4,side_left,3005,3260,-1,3303,-1,1473,2162,3554,1595,963,1578,-1,1057,823,974,1054,1,1,1,1,0,1,1,1,1,1,1,1,1,1,1,1
2026-07-03T20:08:30.052,tof1,4x4,side_left,-1,-1,-1,-1,-1,-1,444,-1,-1,529,406,361,-1,313,319,278,0,0,0,0,0,0,1,0,0,1,1,1,0,1,1,1
2026-07-03T20:08:30.076,tof2,4x4,side_left,-1,3258,3352,-1,-1,1473,-1,3547,1563,963,1565,-1,1057,821,974,1052,1,1,1,1,0,1,0,1,1,1,1,1,1,1,1,1
2026-07-03T20:08:30.523,tof1,4x4,side_left,-1,-1,-1,-1,-1,-1,-1,-1,-1,528,405,361,-1,311,322,278,0,0,0,0,0,0,0,0,0,1,1,1,0,1,1,1
2026-07-03T20:08:30.523,tof2,4x4,side_left,3005,3264,-1,3302,-1,1473,-1,3542,-1,968,1576,-1,1057,821,976,1052,1,1,1,1,0,1,0,1,0,1,1,0,1,1,1,1
2026-07-03T20:08:30.707,tof1,4x4,side_left,-1,-1,-1,-1,-1,-1,-1,-1,-1,528,405,360,-1,311,321,278,0,0,0,0,0,0,0,0,0,1,1,1,1,1,1,1
2026-07-03T20:08:30.708,tof2,4x4,side_left,3006,3264,-1,3302,-1,1480,-1,3553,1595,963,1578,-1,1059,820,-1,1049,1,1,0,1,0,1,0,1,1,1,1,0,1,1,1,1
2026-07-03T20:08:30.875,tof1,4x4,side_left,-1,-1,-1,-1,-1,-1,444,-1,-1,518,405,360,-1,301,321,276,0,0,0,0,0,0,1,0,0,1,1,1,0,1,1,1
2026-07-03T20:08:30.933,tof2,4x4,side_left,2995,3259,-1,3296,-1,1480,-1,3542,1595,968,1602,-1,-1,820,978,1052,1,1,0,1,0,1,0,1,1,1,1,0,1,1,1,1
2026-07-03T20:08:31.085,tof1,4x4,side_left,-1,-1,-1,-1,-1,-1,-1,-1,-1,517,405,359,-1,301,321,276,0,0,0,0,0,0,0,0,0,1,1,1,0,1,1,1
2026-07-03T20:08:31.167,tof2,4x4,side_left,3018,3259,-1,-1,-1,1474,2162,3496,1652,968,1583,-1,1060,820,-1,1048,1,1,1,1,0,1,1,1,1,1,1,0,1,1,1,1
2026-07-03T20:08:31.252,tof1,4x4,side_left,-1,-1,-1,-1,-1,-1,442,-1,-1,517,404,359,-1,301,321,274,0,0,0,0,0,0,1,0,0,1,1,1,0,1,1,1
2026-07-03T20:08:31.354,tof2,4x4,side_left,3018,3259,-1,3302,2150,1474,-1,3496,1652,966,1602,-1,1063,822,978,1046,1,1,0,1,1,1,1,1,1,1,1,0,1,1,1,1
2026-07-03T20:08:31.419,tof1,4x4,side_left,-1,-1,-1,-1,-1,-1,-1,-1,-1,517,403,359,-1,299,321,274,0,0,0,0,0,0,0,0,0,1,1,1,0,1,1,1
2026-07-03T20:08:31.516,tof2,4x4,side_left,3018,3258,-1,-1,-1,1480,-1,3521,-1,966,1602,1330,-1,822,-1,1046,1,1,0,1,0,1,0,1,1,1,1,1,1,1,1,1
2026-07-03T20:08:31.588,tof1,4x4,side_left,-1,-1,-1,-1,-1,-1,-1,-1,-1,517,404,359,-1,299,318,274,1,0,0,0,0,0,0,0,0,1,1,1,0,1,1,1
2026-07-03T20:08:31.691,tof2,4x4,side_left,-1,3259,-1,3308,-1,1483,-1,3496,1661,967,1583,-1,-1,822,-1,1048,1,1,1,1,1,1,0,1,1,1,1,0,1,1,1,1
2026-07-03T20:08:31.767,tof1,4x4,side_left,-1,-1,-1,-1,-1,-1,444,-1,-1,517,403,359,-1,310,318,274,0,0,0,0,0,0,1,0,0,1,1,1,0,1,1,1
2026-07-03T20:08:31.938,tof1,4x4,side_left,-1,-1,-1,-1,-1,-1,-1,-1,-1,517,404,359,-1,312,318,274,0,0,0,0,0,0,0,0,0,1,1,1,1,1,1,1
2026-07-03T20:08:31.981,tof2,4x4,side_left,3018,3258,-1,3316,-1,1474,2192,3521,1661,966,1582,-1,1071,817,-1,1048,1,1,1,1,0,1,1,1,1,1,1,0,1,1,1,1
2026-07-03T20:08:32.102,tof1,4x4,side_left,-1,-1,-1,-1,-1,-1,-1,-1,-1,517,405,359,-1,315,318,275,0,0,0,0,0,0,0,0,0,1,1,1,1,1,1,1
2026-07-03T20:08:32.143,tof2,4x4,side_left,3018,3258,3352,3316,-1,1475,-1,3521,1580,967,1582,1342,1072,822,-1,1048,1,1,1,1,0,1,0,1,1,1,1,1,1,1,1,1
2026-07-03T20:08:32.268,tof1,4x4,side_left,-1,-1,-1,-1,-1,-1,-1,-1,-1,517,406,359,-1,315,318,276,1,0,0,0,0,0,0,0,0,1,1,1,0,1,1,1
2026-07-03T20:08:32.301,tof2,4x4,side_left,3017,3257,-1,3323,-1,1475,-1,3494,1580,968,1582,-1,1072,822,-1,1049,1,1,1,1,1,1,0,1,1,1,1,0,1,1,1,1
2026-07-03T20:08:32.445,tof1,4x4,side_left,-1,-1,-1,-1,-1,-1,-1,-1,-1,519,406,359,-1,315,319,276,0,0,0,0,0,0,0,0,0,1,1,1,0,1,1,1
2026-07-03T20:08:32.451,tof2,4x4,side_left,-1,3257,-1,3323,2167,1463,-1,3494,-1,968,1582,-1,1072,820,-1,1052,1,1,0,1,1,1,0,1,1,1,1,0,1,1,1,1
2026-07-03T20:08:32.613,tof1,4x4,side_left,-1,-1,-1,-1,-1,-1,-1,-1,-1,522,406,360,-1,314,320,277,0,0,0,0,0,0,0,0,0,1,1,1,0,1,1,1
2026-07-03T20:08:32.635,tof2,4x4,side_left,3013,3257,-1,3323,-1,1450,2179,3497,1648,971,1586,-1,1068,821,978,1049,1,1,0,1,0,1,1,1,1,1,1,0,1,1,1,1
2026-07-03T20:08:32.779,tof1,4x4,side_left,-1,-1,-1,-1,-1,436,442,-1,-1,522,406,362,-1,309,320,276,0,0,0,0,0,1,1,0,0,1,1,1,0,1,1,1
2026-07-03T20:08:32.813,tof2,4x4,side_left,3003,3257,-1,3320,2150,1463,-1,3487,-1,971,1586,-1,-1,825,980,1049,1,1,1,1,1,1,0,1,1,1,1,0,1,1,1,1
2026-07-03T20:08:32.981,tof1,4x4,side_left,-1,-1,-1,-1,-1,-1,-1,-1,-1,524,406,362,-1,299,319,277,0,0,0,0,0,0,0,0,0,1,1,1,0,1,1,1
2026-07-03T20:08:32.995,tof2,4x4,side_left,2988,3256,-1,3320,-1,1463,-1,3497,1572,971,1581,-1,-1,825,-1,1049,1,1,1,1,1,1,0,1,1,1,1,0,1,1,1,1
2026-07-03T20:08:33.143,tof1,4x4,side_left,-1,-1,-1,-1,-1,-1,-1,-1,-1,524,406,362,-1,299,320,275,0,0,0,0,0,0,0,0,0,1,1,1,0,1,1,1
2026-07-03T20:08:33.165,tof2,4x4,side_left,2988,3253,-1,3312,-1,1468,-1,3503,1583,965,1581,-1,1068,821,-1,1057,1,1,0,1,1,1,1,1,1,1,1,0,1,1,1,1
2026-07-03T20:08:33.317,tof1,4x4,side_left,-1,-1,-1,-1,-1,437,442,-1,-1,524,405,362,-1,299,319,275,0,0,0,0,0,1,1,0,0,1,1,1,0,1,1,1
2026-07-03T20:08:33.329,tof2,4x4,side_left,-1,3253,-1,3312,-1,1469,2162,3503,1604,965,1578,-1,1067,825,-1,1049,0,1,1,1,0,1,1,1,1,1,1,1,1,1,1,1
2026-07-03T20:08:33.503,tof1,4x4,side_left,-1,-1,-1,-1,-1,-1,-1,-1,-1,522,405,362,-1,296,319,275,0,0,0,0,1,0,0,0,0,1,1,1,0,1,1,1
2026-07-03T20:08:33.505,tof2,4x4,side_left,-1,3253,-1,3302,2125,1469,-1,3503,-1,965,1578,-1,-1,825,-1,1052,1,1,1,1,1,1,0,1,0,1,1,0,1,1,1,1
2026-07-03T20:08:33.655,tof1,4x4,side_left,-1,-1,-1,-1,-1,-1,-1,-1,-1,522,405,361,1111,296,318,278,0,0,0,0,0,0,0,0,0,1,1,1,1,1,1,1
2026-07-03T20:08:33.670,tof2,4x4,side_left,3003,3247,-1,3318,-1,1469,-1,3503,1604,965,1579,-1,1065,822,-1,1053,1,1,1,1,1,1,1,1,1,1,1,0,1,1,1,1
2026-07-03T20:08:33.855,tof1,4x4,side_left,-1,-1,-1,-1,-1,-1,-1,-1,-1,522,405,361,-1,299,318,279,0,0,0,0,0,0,0,0,0,1,1,1,0,1,1,1
2026-07-03T20:08:33.861,tof2,4x4,side_left,3003,3247,3352,3318,-1,1471,-1,3509,1604,961,1584,-1,1064,822,-1,1052,1,1,1,1,1,1,1,1,1,1,1,0,1,1,1,1
2026-07-03T20:08:34.021,tof1,4x4,side_left,-1,-1,-1,-1,-1,-1,442,-1,-1,522,405,361,-1,297,318,279,0,0,0,0,0,0,1,0,0,1,1,1,0,1,1,1
2026-07-03T20:08:34.050,tof2,4x4,side_left,3027,3250,-1,3326,2115,1475,-1,3509,1611,961,1584,-1,1064,823,978,1047,1,1,1,1,1,1,0,1,1,1,1,0,1,1,1,1
2026-07-03T20:08:34.191,tof1,4x4,side_left,-1,-1,-1,-1,-1,-1,442,-1,-1,522,405,361,-1,298,319,279,0,0,0,1,0,0,1,0,0,1,1,1,1,1,1,1
2026-07-03T20:08:34.231,tof2,4x4,side_left,3027,3261,-1,3318,-1,-1,2159,3511,1668,961,1585,-1,1058,823,-1,1052,1,1,0,1,0,0,1,1,1,1,1,0,1,1,1,1
2026-07-03T20:08:34.354,tof1,4x4,side_left,-1,-1,-1,-1,-1,-1,-1,-1,-1,519,405,361,-1,298,318,279,0,0,0,0,0,0,0,0,0,1,1,1,0,1,1,1
2026-07-03T20:08:34.414,tof2,4x4,side_left,3013,3261,-1,3318,-1,-1,-1,3511,1668,971,1585,-1,1058,823,-1,1053,1,1,0,1,0,0,0,1,1,1,1,0,1,1,1,1
2026-07-03T20:08:34.529,tof1,4x4,side_left,-1,-1,-1,-1,-1,-1,442,-1,-1,519,405,361,-1,298,319,277,0,0,0,0,0,0,1,0,0,1,1,1,0,1,1,1
2026-07-03T20:08:34.584,tof2,4x4,side_left,3013,3261,-1,3311,-1,-1,-1,3519,1611,971,1584,-1,1058,826,-1,1048,1,1,0,1,0,1,0,1,1,1,1,1,1,1,1,1
2026-07-03T20:08:34.778,tof2,4x4,side_left,3013,3266,-1,3303,-1,-1,2179,3521,1589,977,1585,-1,1059,826,977,1048,1,1,1,1,1,0,1,1,1,1,1,0,1,1,1,1
2026-07-03T20:08:34.993,tof2,4x4,side_left,3013,3266,-1,3303,-1,-1,-1,3519,-1,978,1585,-1,1061,824,973,1048,1,1,0,1,0,0,0,1,0,1,1,1,1,1,1,1
2026-07-03T20:08:35.165,tof2,4x4,side_left,3013,3266,-1,3306,-1,-1,-1,-1,1589,979,1579,-1,1061,821,-1,1047,1,1,0,1,0,0,1,1,1,1,1,0,1,1,1,1
2026-07-03T20:08:35.334,tof2,4x4,side_left,2978,3261,-1,3311,2099,-1,2170,3519,1586,978,1579,-1,1061,821,-1,1046,1,1,0,1,1,0,1,1,1,1,1,0,1,1,1,1
2026-07-03T20:08:35.487,tof2,4x4,side_left,2949,3253,-1,3314,-1,-1,-1,-1,-1,978,1579,-1,1061,821,-1,1046,1,1,0,1,0,0,0,1,0,1,1,0,1,1,1,1
2026-07-03T20:08:35.648,tof2,4x4,side_left,2965,3253,3354,3314,2099,-1,-1,2783,1580,973,1579,-1,1061,821,-1,1046,1,1,1,1,1,0,0,1,1,1,1,1,1,1,1,1
2026-07-03T20:08:35.805,tof2,4x4,side_left,-1,3255,3352,3306,-1,-1,2170,2585,1561,957,1579,-1,1061,821,959,1048,1,1,1,1,1,0,1,1,1,1,1,1,1,1,1,1
2026-07-03T20:08:35.964,tof2,4x4,side_left,2965,3253,-1,3314,-1,-1,2175,2549,-1,956,1578,-1,1061,820,-1,1048,1,1,0,1,1,1,1,1,0,1,1,1,1,1,1,1
2026-07-03T20:08:36.118,tof2,4x4,side_left,2965,3255,-1,3321,-1,-1,2175,2516,-1,956,1602,-1,1060,819,959,1050,1,1,0,1,1,0,1,1,1,1,1,0,1,1,1,1
2026-07-03T20:08:36.281,tof2,4x4,side_left,-1,3256,-1,-1,-1,1471,2170,2516,1561,954,1602,-1,1055,819,-1,1049,0,1,0,1,0,1,1,1,1,1,1,0,1,1,1,1
2026-07-03T20:08:36.440,tof2,4x4,side_left,2983,3256,-1,3303,-1,1475,-1,2516,1534,954,1613,-1,1060,819,-1,1050,1,1,1,1,1,1,1,1,1,1,1,1,1,1,1,1
2026-07-03T20:08:36.601,tof2,4x4,side_left,-1,3256,-1,3303,2109,1488,-1,2517,1450,974,1600,-1,1058,819,-1,1049,1,1,1,1,1,1,1,1,1,1,1,1,1,1,1,1
2026-07-03T20:08:36.765,tof2,4x4,side_left,2983,3257,-1,3303,2114,1488,-1,2561,-1,975,1611,-1,1060,819,962,1049,1,1,0,1,1,1,0,1,1,1,1,1,1,1,1,1
2026-07-03T20:08:36.916,tof2,4x4,side_left,2985,3258,-1,3303,-1,1487,-1,2565,-1,975,1600,-1,1066,820,-1,-1,1,1,1,1,1,1,0,1,0,1,1,0,1,1,1,1
2026-07-03T20:08:37.097,tof2,4x4,side_left,2985,3258,-1,3293,-1,1487,2175,2604,1450,975,1596,-1,-1,820,962,1049,1,1,0,1,1,1,1,1,1,1,1,1,1,1,1,1
2026-07-03T20:08:37.257,tof2,4x4,side_left,2985,3256,3337,3291,-1,1478,-1,2640,1541,974,1596,-1,1066,820,-1,1052,1,1,1,1,1,1,0,1,1,1,1,1,1,1,1,1
2026-07-03T20:08:37.426,tof2,4x4,side_left,2986,3258,-1,3293,-1,1477,-1,2654,1536,969,1587,-1,1066,820,964,1049,1,1,0,1,1,1,0,1,1,1,1,0,1,1,1,1
2026-07-03T20:08:37.456,tof1,4x4,side_left,-1,-1,-1,-1,-1,-1,-1,-1,-1,516,405,360,-1,297,321,277,0,0,0,0,0,0,0,0,0,1,1,1,0,1,1,1
2026-07-03T20:08:37.627,tof2,4x4,side_left,-1,3258,-1,3305,-1,1477,-1,2691,1536,969,1572,-1,-1,822,964,1052,1,1,1,1,1,1,0,1,1,1,1,0,1,1,1,1
2026-07-03T20:08:37.628,tof1,4x4,side_left,-1,-1,-1,-1,-1,-1,444,-1,-1,516,405,360,-1,298,321,277,0,0,0,0,0,0,1,0,0,1,1,1,0,1,1,1
2026-07-03T20:08:37.820,tof1,4x4,side_left,-1,-1,-1,-1,-1,-1,444,-1,-1,518,405,360,-1,309,318,277,0,0,0,0,0,0,1,0,0,1,1,1,1,1,1,1
2026-07-03T20:08:37.821,tof2,4x4,side_left,2986,3257,-1,3305,-1,1477,-1,2726,-1,968,1572,-1,1066,822,-1,1052,1,1,1,1,0,1,0,1,1,1,1,1,1,1,1,1
2026-07-03T20:08:37.980,tof1,4x4,side_left,-1,-1,-1,-1,-1,-1,444,-1,-1,519,407,360,1111,309,320,274,0,0,0,1,0,0,1,0,0,1,1,1,1,1,1,1
2026-07-03T20:08:38.025,tof2,4x4,side_left,2986,3257,-1,3305,-1,1478,-1,2754,1541,969,1587,-1,1064,822,-1,1052,1,1,0,1,0,1,0,1,1,1,1,0,1,1,1,1
2026-07-03T20:08:38.967,tof1,4x4,side_left,-1,-1,-1,-1,-1,-1,-1,-1,-1,518,407,361,-1,309,320,274,0,0,0,0,0,0,0,0,0,1,1,1,0,1,1,1
2026-07-03T20:08:38.976,tof2,4x4,side_left,3024,3257,-1,3305,2109,1490,-1,3441,1541,969,1587,-1,1057,822,-1,1051,1,1,0,1,1,1,0,1,1,1,1,0,1,1,1,1
2026-07-03T20:08:39.130,tof1,4x4,side_left,-1,-1,-1,-1,-1,-1,444,-1,-1,518,407,361,-1,309,320,274,0,0,0,0,0,0,1,0,0,1,1,1,1,1,1,1
2026-07-03T20:08:39.174,tof2,4x4,side_left,3024,3255,3335,3316,-1,1490,-1,3441,-1,972,1588,-1,-1,822,-1,1054,1,1,1,1,0,1,1,1,1,1,1,0,1,1,1,1
2026-07-03T20:08:39.289,tof1,4x4,side_left,-1,-1,-1,-1,-1,-1,-1,-1,-1,517,407,361,-1,301,320,275,0,0,0,0,0,0,0,0,0,1,1,1,0,1,1,1
2026-07-03T20:08:39.344,tof2,4x4,side_left,2994,3255,-1,3299,-1,1486,-1,3415,1536,972,1596,-1,1054,814,969,1054,1,1,0,1,0,1,1,1,1,1,1,1,1,1,1,1
2026-07-03T20:08:39.458,tof1,4x4,side_left,-1,-1,-1,-1,-1,-1,-1,-1,-1,517,406,361,1079,300,320,276,1,0,1,0,0,0,0,0,0,1,1,1,1,1,1,1
2026-07-03T20:08:39.565,tof2,4x4,side_left,3024,3255,-1,3299,-1,1486,2163,3415,1594,972,1596,-1,-1,814,-1,1054,1,1,1,1,1,1,1,1,1,1,1,0,1,1,1,1
2026-07-03T20:08:39.633,tof1,4x4,side_left,-1,-1,-1,-1,-1,-1,443,-1,-1,517,405,361,-1,300,320,276,0,0,0,0,0,0,1,0,0,1,1,1,0,1,1,1
2026-07-03T20:08:39.738,tof2,4x4,side_left,2994,3262,-1,3310,-1,1481,2163,3415,1594,964,1623,-1,1054,820,-1,1054,1,1,0,1,0,1,1,1,1,1,1,0,1,1,1,1
2026-07-03T20:08:39.818,tof1,4x4,side_left,-1,-1,-1,-1,-1,-1,-1,-1,-1,520,405,361,-1,300,320,278,0,0,0,0,0,0,0,0,0,1,1,1,0,1,1,1
2026-07-03T20:08:39.894,tof2,4x4,side_left,2984,3262,-1,3316,-1,1481,-1,2797,1517,972,1623,-1,-1,822,-1,1056,1,1,0,1,0,1,1,1,1,1,1,0,1,1,1,1
2026-07-03T20:08:39.979,tof1,4x4,side_left,-1,-1,-1,-1,-1,-1,-1,-1,-1,520,405,361,-1,299,319,279,0,0,0,0,0,0,0,0,0,1,1,1,0,1,1,1
2026-07-03T20:08:40.063,tof2,4x4,side_left,2972,3262,-1,3310,-1,1486,-1,3415,-1,973,1596,-1,1054,820,-1,1054,1,1,1,1,1,1,1,1,1,1,1,0,1,1,1,1
2026-07-03T20:08:40.146,tof1,4x4,side_left,-1,-1,-1,-1,-1,441,443,-1,-1,520,406,361,-1,297,319,279,0,0,0,0,0,1,1,0,0,1,1,1,0,1,1,1
2026-07-03T20:08:40.231,tof2,4x4,side_left,2972,3262,-1,3310,-1,1483,2174,3443,1517,973,1594,1342,1053,824,-1,1054,1,1,0,1,0,1,1,1,1,1,1,1,1,1,1,1
2026-07-03T20:08:40.341,tof1,4x4,side_left,-1,-1,-1,-1,-1,-1,443,-1,-1,523,405,361,-1,302,320,276,0,0,0,0,0,0,1,0,0,1,1,1,0,1,1,1
2026-07-03T20:08:40.393,tof2,4x4,side_left,2972,3262,3335,3336,-1,1483,2174,3443,1594,973,1594,-1,1054,824,-1,1054,1,1,1,1,1,1,1,1,1,1,1,0,1,1,1,1
2026-07-03T20:08:40.502,tof1,4x4,side_left,-1,-1,-1,-1,-1,-1,-1,-1,-1,519,405,360,-1,297,319,276,0,0,0,0,0,0,0,0,0,1,1,1,1,1,1,1
2026-07-03T20:08:40.565,tof2,4x4,side_left,2936,3255,-1,3350,-1,1483,-1,3443,1594,973,1594,-1,1054,820,969,1054,1,1,0,1,0,1,1,1,1,1,1,0,1,1,1,1
2026-07-03T20:08:40.664,tof1,4x4,side_left,-1,-1,-1,-1,-1,-1,443,-1,-1,517,405,359,-1,297,319,275,0,0,0,0,0,0,1,0,0,1,1,1,1,1,1,1
2026-07-03T20:08:40.725,tof2,4x4,side_left,2919,3255,-1,3309,-1,1474,-1,3443,-1,979,1609,-1,1059,820,-1,1052,1,1,0,1,1,1,0,1,1,1,1,1,1,1,1,1
2026-07-03T20:08:40.827,tof1,4x4,side_left,-1,-1,-1,-1,-1,-1,-1,-1,-1,517,404,359,-1,301,321,275,0,0,0,0,0,0,0,0,0,1,1,1,0,1,1,1
2026-07-03T20:08:40.909,tof2,4x4,side_left,3004,3256,-1,3336,-1,1446,2174,3426,-1,964,1618,-1,1059,824,-1,1050,1,1,1,1,0,1,1,1,1,1,1,0,1,1,1,1
2026-07-03T20:08:40.993,tof1,4x4,side_left,-1,-1,-1,-1,-1,444,439,-1,-1,523,404,360,-1,301,321,276,1,0,0,0,0,1,1,0,0,1,1,1,0,1,1,1
2026-07-03T20:08:41.079,tof2,4x4,side_left,2936,3256,-1,3336,-1,1446,2174,3426,1594,964,1618,-1,1059,821,972,1050,1,1,0,1,0,1,1,1,1,1,1,0,1,1,1,1
2026-07-03T20:08:41.156,tof1,4x4,side_left,-1,-1,-1,-1,-1,-1,-1,-1,-1,517,404,360,-1,301,323,276,0,0,0,1,0,0,0,0,0,1,1,1,1,1,1,1
2026-07-03T20:08:41.250,tof2,4x4,side_left,2925,3251,-1,3296,-1,1474,2173,2812,1600,982,1618,-1,1054,824,-1,1051,1,1,0,1,0,1,1,1,1,1,1,0,1,1,1,1
2026-07-03T20:08:41.325,tof1,4x4,side_left,-1,-1,-1,-1,-1,-1,438,-1,-1,523,404,360,-1,301,323,276,0,0,0,1,0,0,1,0,0,1,1,1,0,1,1,1
2026-07-03T20:08:41.407,tof2,4x4,side_left,2936,3256,3335,3296,-1,1460,-1,2806,1600,983,1619,-1,-1,826,974,1050,1,1,1,1,0,1,0,1,1,1,1,0,1,1,1,1
2026-07-03T20:08:41.495,tof1,4x4,side_left,-1,-1,-1,-1,-1,-1,438,-1,-1,523,404,361,-1,311,321,276,0,0,0,0,0,0,1,0,0,1,1,1,0,1,1,1
2026-07-03T20:08:41.576,tof2,4x4,side_left,-1,3256,-1,-1,-1,1486,-1,2806,1594,983,1615,-1,-1,824,-1,1050,1,1,0,1,0,1,0,1,1,1,1,1,1,1,1,1
2026-07-03T20:08:41.665,tof1,4x4,side_left,-1,-1,-1,-1,-1,-1,438,-1,-1,520,404,361,-1,301,320,276,0,0,0,0,0,0,1,0,0,1,1,1,0,1,1,1
2026-07-03T20:08:41.724,tof2,4x4,side_left,3004,3256,-1,3300,-1,1486,-1,2841,1632,983,1604,-1,1056,821,-1,1051,1,1,0,1,0,1,0,1,1,1,1,0,1,1,1,1
2026-07-03T20:08:41.839,tof1,4x4,side_left,-1,-1,-1,-1,-1,-1,-1,-1,-1,518,405,362,-1,312,319,277,0,0,0,0,0,0,0,0,0,1,1,1,0,1,1,1
2026-07-03T20:08:41.889,tof2,4x4,side_left,-1,3254,-1,3300,-1,1483,-1,2806,1632,978,1604,-1,1056,821,976,1047,1,1,0,1,1,1,1,1,1,1,1,0,1,1,1,1
2026-07-03T20:08:42.007,tof1,4x4,side_left,-1,-1,-1,-1,-1,-1,-1,-1,-1,520,406,361,-1,301,319,277,0,0,0,0,0,0,0,0,0,1,1,1,0,1,1,1
2026-07-03T20:08:42.048,tof2,4x4,side_left,3001,3255,-1,3300,-1,1483,2157,2806,-1,971,1604,-1,1056,819,-1,1047,1,1,0,1,1,1,1,1,1,1,1,1,1,1,1,1
2026-07-03T20:08:42.167,tof1,4x4,side_left,-1,-1,-1,-1,-1,-1,-1,-1,-1,520,406,362,-1,312,319,277,0,0,0,0,0,0,0,0,0,1,1,1,0,1,1,1
2026-07-03T20:08:42.223,tof2,4x4,side_left,3001,3254,-1,3303,-1,1483,2173,2815,-1,963,1595,-1,1056,819,-1,1047,1,1,0,1,0,1,1,1,1,1,1,1,1,1,1,1
2026-07-03T20:08:42.333,tof1,4x4,side_left,-1,-1,-1,-1,-1,-1,-1,-1,-1,521,406,361,-1,301,319,277,0,0,0,0,0,0,0,0,0,1,1,1,0,1,1,1
2026-07-03T20:08:42.385,tof2,4x4,side_left,3010,3254,-1,3307,-1,1468,2173,2815,1619,971,1602,-1,-1,821,-1,1050,1,1,0,1,0,1,1,1,1,1,1,0,1,1,1,1
2026-07-03T20:08:42.489,tof1,4x4,side_left,-1,-1,-1,-1,-1,444,438,-1,-1,524,405,361,-1,298,320,276,0,0,0,0,0,1,1,0,0,1,1,1,0,1,1,1
2026-07-03T20:08:42.571,tof2,4x4,side_left,-1,3254,-1,3308,2114,1467,2186,2815,1619,971,1595,-1,1063,821,-1,1047,0,1,0,1,1,1,1,1,1,1,1,0,1,1,1,1
2026-07-03T20:08:42.677,tof1,4x4,side_left,-1,-1,-1,-1,-1,-1,-1,-1,-1,524,405,361,-1,297,320,276,0,0,0,0,0,0,0,0,0,1,1,1,1,1,1,1
2026-07-03T20:08:42.752,tof2,4x4,side_left,3001,3254,-1,3308,-1,1467,-1,3455,-1,960,1591,-1,1067,819,-1,1049,1,1,1,1,0,1,1,1,1,1,1,0,1,1,1,1
2026-07-03T20:08:42.836,tof1,4x4,side_left,-1,-1,-1,-1,-1,-1,441,-1,-1,521,405,362,-1,297,318,275,0,0,0,0,0,0,1,0,0,1,1,1,0,1,1,1
2026-07-03T20:08:42.913,tof2,4x4,side_left,3001,3254,-1,3309,-1,1467,-1,3455,1619,960,1591,-1,1067,816,976,1049,1,1,0,1,0,1,1,1,1,1,1,0,1,1,1,1
2026-07-03T20:08:42.998,tof1,4x4,side_left,-1,-1,-1,-1,-1,-1,-1,-1,-1,520,406,361,-1,297,318,275,1,0,0,0,0,0,0,0,0,1,1,1,0,1,1,1
2026-07-03T20:08:43.105,tof2,4x4,side_left,3014,3255,-1,3308,-1,1467,-1,3459,-1,962,1598,-1,1067,816,-1,1049,1,1,1,1,0,1,0,1,1,1,1,1,1,1,1,1
2026-07-03T20:08:43.159,tof1,4x4,side_left,-1,-1,-1,-1,-1,-1,-1,-1,-1,520,406,361,-1,298,319,275,0,0,0,1,0,0,0,1,0,1,1,1,0,1,1,1
2026-07-03T20:08:43.289,tof2,4x4,side_left,3027,3257,3322,3300,-1,1472,2186,3455,1619,960,1598,-1,1067,816,974,1046,1,1,1,1,0,1,1,1,1,1,1,0,1,1,1,1
2026-07-03T20:08:43.349,tof1,4x4,side_left,-1,-1,-1,-1,-1,-1,-1,-1,-1,520,407,361,-1,299,318,277,0,0,0,0,0,0,0,0,0,1,1,1,0,1,1,1
2026-07-03T20:08:43.458,tof2,4x4,side_left,-1,3255,-1,3300,-1,1472,2186,2807,-1,962,1601,-1,1067,817,-1,1043,1,1,0,1,1,1,1,1,1,1,1,0,1,1,1,1
2026-07-03T20:08:43.531,tof1,4x4,side_left,-1,-1,-1,-1,-1,444,441,-1,-1,520,407,361,-1,299,318,277,0,0,0,0,0,1,1,0,0,1,1,1,0,1,1,1
2026-07-03T20:08:43.634,tof2,4x4,side_left,3027,3257,-1,3309,-1,1479,-1,2804,1619,962,1606,-1,1067,817,-1,1043,1,1,1,1,0,1,0,1,1,1,1,0,1,1,1,1
2026-07-03T20:08:43.684,tof1,4x4,side_left,-1,-1,-1,-1,-1,-1,-1,-1,-1,523,406,361,-1,310,318,278,0,0,0,0,0,0,0,0,0,1,1,1,0,1,1,1
2026-07-03T20:08:43.839,tof2,4x4,side_left,3027,3258,3322,3300,2114,1480,-1,2804,-1,959,1601,-1,1062,818,-1,1043,1,1,1,1,1,1,0,1,1,1,1,0,1,1,1,1
2026-07-03T20:08:43.852,tof1,4x4,side_left,-1,-1,-1,-1,-1,-1,-1,-1,-1,523,407,361,-1,310,318,278,0,0,0,0,0,0,0,0,0,1,1,1,0,1,1,1
2026-07-03T20:08:44.011,tof2,4x4,side_left,3027,3258,-1,3300,-1,1480,-1,2804,-1,953,1601,-1,1062,818,-1,1051,1,1,0,1,1,1,1,1,0,1,1,0,1,1,1,1
2026-07-03T20:08:44.023,tof1,4x4,side_left,-1,-1,-1,-1,-1,444,441,-1,-1,525,407,361,-1,302,318,278,0,0,0,0,0,1,1,0,0,1,1,1,0,1,1,1
2026-07-03T20:08:44.180,tof2,4x4,side_left,3028,3257,-1,3297,-1,1483,-1,2804,1619,953,1585,-1,1068,818,963,1051,1,1,0,1,0,1,0,1,1,1,1,0,1,1,1,1
2026-07-03T20:08:44.189,tof1,4x4,side_left,-1,-1,-1,-1,-1,-1,-1,-1,-1,525,407,361,-1,302,318,277,0,0,0,0,0,0,0,0,0,1,1,1,0,1,1,1
2026-07-03T20:08:44.350,tof2,4x4,side_left,3021,3257,-1,3297,-1,1483,2191,2804,1611,953,1581,-1,1068,821,-1,1051,1,1,0,1,1,1,1,1,1,1,1,0,1,1,1,1
2026-07-03T20:08:44.360,tof1,4x4,side_left,-1,-1,-1,-1,-1,441,441,-1,-1,519,406,360,-1,307,318,277,0,0,0,0,0,1,1,0,0,1,1,1,0,1,1,1
2026-07-03T20:08:44.521,tof2,4x4,side_left,2951,3252,3322,3297,2143,-1,-1,2804,1611,959,1581,-1,1062,818,960,1051,1,1,1,1,1,0,1,1,1,1,1,0,1,1,1,1
2026-07-03T20:08:44.566,tof1,4x4,side_left,-1,-1,-1,-1,-1,-1,441,-1,-1,518,406,360,-1,302,318,277,0,0,0,0,0,0,1,0,0,1,1,1,0,1,1,1
2026-07-03T20:08:44.688,tof2,4x4,side_left,-1,3252,3307,3324,-1,-1,-1,2812,-1,979,1581,-1,1062,821,-1,1052,0,1,1,1,0,0,0,1,1,1,1,0,1,1,1,1
2026-07-03T20:08:44.731,tof1,4x4,side_left,-1,-1,-1,-1,-1,-1,441,-1,-1,519,406,361,-1,307,319,273,0,0,0,0,0,0,1,0,0,1,1,1,0,1,1,1
2026-07-03T20:08:44.882,tof2,4x4,side_left,2963,3252,3307,3324,-1,-1,-1,2816,1611,979,1581,-1,1069,817,960,1052,1,1,1,1,0,0,0,1,1,1,1,0,1,1,1,1
2026-07-03T20:08:44.890,tof1,4x4,side_left,-1,-1,-1,-1,-1,441,441,-1,-1,518,406,361,-1,311,322,276,0,0,0,0,0,1,1,0,0,1,1,1,0,1,1,1
2026-07-03T20:08:45.094,tof2,4x4,side_left,-1,3256,-1,3324,2143,-1,2191,2816,-1,979,1581,-1,1069,822,952,1053,1,1,0,1,1,1,1,1,1,1,1,0,1,1,1,1
2026-07-03T20:08:45.106,tof1,4x4,side_left,-1,-1,-1,-1,-1,-1,439,-1,-1,519,406,361,1057,312,323,274,0,0,0,0,0,0,1,0,0,1,1,1,1,1,1,1
2026-07-03T20:08:45.263,tof2,4x4,side_left,3013,3256,-1,3324,2143,-1,-1,2808,-1,975,1581,-1,1068,822,960,1057,1,1,0,1,1,1,1,1,0,1,1,0,1,1,1,1
2026-07-03T20:08:45.279,tof1,4x4,side_left,-1,-1,-1,-1,-1,441,439,-1,-1,522,406,361,-1,312,323,274,0,0,0,0,0,1,1,0,0,1,1,1,0,1,1,1
2026-07-03T20:08:45.425,tof2,4x4,side_left,-1,3262,-1,3324,-1,-1,-1,2808,-1,975,1567,-1,-1,822,-1,1057,1,1,1,1,0,1,1,1,0,1,1,0,1,1,1,1
2026-07-03T20:08:45.455,tof1,4x4,side_left,-1,-1,-1,-1,-1,-1,441,-1,-1,522,404,361,-1,312,323,276,0,0,0,0,0,0,1,0,0,1,1,1,0,1,1,1
2026-07-03T20:08:45.605,tof2,4x4,side_left,3013,3262,-1,3322,2130,-1,-1,2808,-1,972,1567,-1,1068,822,965,1057,1,1,1,1,1,0,1,1,0,1,1,0,1,1,1,1
2026-07-03T20:08:45.648,tof1,4x4,side_left,-1,-1,-1,-1,-1,-1,-1,-1,-1,518,406,361,-1,312,322,277,0,0,0,0,0,0,0,0,0,1,1,1,1,1,1,1
2026-07-03T20:08:45.820,tof2,4x4,side_left,2964,3262,-1,3313,-1,-1,-1,2807,-1,959,1562,-1,1068,823,-1,1058,1,1,0,1,0,0,0,1,1,1,1,0,1,1,1,1
2026-07-03T20:08:45.870,tof1,4x4,side_left,-1,-1,-1,-1,-1,-1,439,-1,-1,522,404,360,-1,312,321,277,0,0,0,0,0,0,1,0,0,1,1,1,0,1,1,1
2026-07-03T20:08:46.001,tof2,4x4,side_left,-1,3262,3298,3313,-1,-1,2149,2796,-1,969,1562,-1,-1,823,965,1059,1,1,1,1,0,1,1,1,1,1,1,0,1,1,1,1
2026-07-03T20:08:46.051,tof1,4x4,side_left,-1,-1,-1,-1,-1,-1,441,-1,-1,521,405,360,-1,311,321,277,0,0,0,1,0,0,1,0,0,1,1,1,0,1,1,1
2026-07-03T20:08:46.185,tof2,4x4,side_left,2996,3263,-1,3313,-1,-1,2191,2796,1584,971,1562,-1,1057,820,-1,1058,1,1,0,1,0,0,1,1,1,1,1,1,1,1,1,1
2026-07-03T20:08:46.235,tof1,4x4,side_left,-1,-1,-1,-1,-1,444,445,-1,-1,518,404,360,-1,311,321,276,0,0,0,0,0,1,1,0,0,1,1,1,0,1,1,1
2026-07-03T20:08:46.367,tof2,4x4,side_left,2996,3263,-1,3301,-1,-1,-1,2809,-1,971,1616,-1,1057,819,-1,1059,1,1,0,1,0,0,0,1,1,1,1,1,1,1,1,1
2026-07-03T20:08:46.407,tof1,4x4,side_left,-1,-1,-1,-1,-1,443,442,-1,-1,521,404,360,-1,311,321,276,0,0,0,0,0,1,1,0,0,1,1,1,0,1,1,1
2026-07-03T20:08:46.563,tof2,4x4,side_left,-1,3259,-1,3301,-1,1483,2191,2796,-1,969,1555,-1,1055,818,-1,1058,0,1,0,1,0,1,1,1,0,1,1,0,1,1,1,1
2026-07-03T20:08:46.616,tof1,4x4,side_left,-1,-1,-1,-1,-1,-1,442,-1,-1,521,404,360,-1,311,322,276,0,0,0,0,0,0,1,0,0,1,1,1,1,1,1,1
2026-07-03T20:08:46.745,tof2,4x4,side_left,2996,3263,-1,3301,2130,1477,-1,2796,-1,969,1536,-1,1057,818,-1,1055,1,1,0,1,1,1,0,1,0,1,1,1,1,1,1,1
2026-07-03T20:08:46.779,tof1,4x4,side_left,-1,-1,-1,-1,-1,-1,442,-1,-1,520,405,360,-1,311,322,277,0,0,0,0,0,0,1,0,0,1,1,1,0,1,1,1
2026-07-03T20:08:46.948,tof2,4x4,side_left,2990,3259,-1,3311,2130,1473,2197,2809,1584,965,1536,-1,1065,819,-1,1046,1,1,0,1,1,1,1,1,1,1,1,0,1,1,1,1
2026-07-03T20:08:46.965,tof1,4x4,side_left,-1,-1,-1,-1,-1,-1,-1,-1,-1,520,405,360,-1,312,322,277,0,0,0,0,0,0,0,0,0,1,1,1,1,1,1,1
2026-07-03T20:08:47.109,tof2,4x4,side_left,2996,3257,3298,3302,2131,1473,2197,2786,1622,965,1579,-1,1065,823,-1,1049,1,1,1,1,1,1,1,1,1,1,1,0,1,1,1,1
2026-07-03T20:08:47.432,tof2,4x4,side_left,3024,3257,-1,3311,-1,1473,2197,2786,1622,965,1579,-1,1066,823,-1,1046,1,1,1,1,0,1,1,1,1,1,1,0,1,1,1,1
2026-07-03T20:08:47.519,tof1,4x4,side_left,-1,-1,-1,-1,-1,-1,-1,-1,-1,523,406,360,-1,312,322,277,0,0,0,0,0,0,0,0,0,1,1,1,0,1,1,1
2026-07-03T20:08:47.684,tof1,4x4,side_left,-1,-1,-1,-1,-1,-1,441,-1,-1,521,406,360,-1,312,322,277,0,0,0,0,0,0,1,0,0,1,1,1,1,1,1,1
2026-07-03T20:08:47.875,tof1,4x4,side_left,-1,-1,-1,-1,-1,-1,441,-1,-1,521,406,360,-1,310,318,277,0,0,0,0,0,0,1,0,0,1,1,1,0,1,1,1
2026-07-03T20:08:48.001,tof2,4x4,side_left,3024,3257,-1,3323,-1,1473,-1,3459,-1,965,1579,1342,1070,823,-1,1049,1,1,0,1,1,1,0,1,0,1,1,1,1,1,1,1
2026-07-03T20:08:48.047,tof1,4x4,side_left,-1,-1,-1,-1,-1,-1,-1,-1,-1,523,406,361,-1,301,318,275,0,0,0,0,0,0,0,0,0,1,1,1,0,1,1,1
2026-07-03T20:08:48.174,tof2,4x4,side_left,3024,3257,-1,3311,2131,1481,2207,3472,1619,965,1579,-1,1070,821,-1,1049,1,1,0,1,1,1,1,1,1,1,1,0,1,1,1,1
2026-07-03T20:08:48.201,tof1,4x4,side_left,-1,-1,-1,-1,-1,-1,-1,-1,-1,521,406,361,-1,301,318,275,0,0,0,0,0,0,0,0,0,1,1,1,0,1,1,1
2026-07-03T20:08:48.326,tof2,4x4,side_left,3024,3260,-1,3323,-1,1481,-1,3472,1619,968,1579,-1,1070,821,967,1051,1,1,0,1,0,1,0,1,1,1,1,0,1,1,1,1
2026-07-03T20:08:48.364,tof1,4x4,side_left,-1,-1,-1,-1,-1,443,441,-1,-1,521,406,362,-1,301,318,274,0,0,0,0,0,1,1,0,0,1,1,1,1,1,1,1
2026-07-03T20:08:48.483,tof2,4x4,side_left,3017,3260,-1,3323,2131,1481,-1,3474,1619,965,1592,-1,1070,821,-1,1051,1,1,1,1,1,1,0,1,1,1,1,0,1,1,1,1
2026-07-03T20:08:48.523,tof1,4x4,side_left,-1,-1,-1,-1,-1,443,441,-1,-1,517,406,362,-1,302,316,276,0,0,0,0,0,1,1,0,0,1,1,1,0,1,1,1
2026-07-03T20:08:48.643,tof2,4x4,side_left,3017,3256,-1,3310,-1,-1,-1,3492,1613,964,1574,-1,-1,821,-1,1051,1,1,1,1,0,1,0,1,1,1,1,0,1,1,1,1
2026-07-03T20:08:48.681,tof1,4x4,side_left,-1,-1,-1,-1,-1,-1,-1,-1,-1,517,406,361,-1,302,319,276,0,0,0,0,0,0,0,0,0,1,1,1,1,1,1,1
2026-07-03T20:08:48.789,tof2,4x4,side_left,3016,3257,-1,3310,-1,1481,2207,3499,-1,957,1578,-1,1065,821,-1,1053,1,1,0,1,0,1,1,1,0,1,1,1,1,1,1,1
2026-07-03T20:08:48.852,tof1,4x4,side_left,-1,-1,-1,-1,-1,-1,-1,-1,-1,515,405,360,-1,309,319,276,0,0,0,0,0,0,0,0,0,1,1,1,0,1,1,1
2026-07-03T20:08:48.986,tof2,4x4,side_left,3016,3257,-1,3326,2134,1480,2203,3508,-1,957,1592,-1,1062,822,-1,1049,1,1,1,1,1,1,1,1,0,1,1,0,1,1,1,1
2026-07-03T20:08:49.012,tof1,4x4,side_left,-1,-1,-1,-1,-1,-1,438,-1,-1,514,405,360,-1,309,316,275,0,0,0,0,0,0,1,0,0,1,1,1,1,1,1,1
2026-07-03T20:08:49.153,tof2,4x4,side_left,3033,3256,3298,3311,-1,1480,-1,3499,-1,957,1578,-1,1065,821,-1,1049,1,1,1,1,0,1,1,1,1,1,1,0,1,1,1,1
2026-07-03T20:08:49.176,tof1,4x4,side_left,-1,-1,-1,-1,-1,-1,-1,-1,-1,514,405,360,-1,310,316,276,0,0,0,0,0,0,0,0,0,1,1,1,0,1,1,1
2026-07-03T20:08:49.306,tof2,4x4,side_left,-1,3253,-1,3325,2108,1480,2183,3512,-1,960,1574,-1,1062,821,-1,1053,1,1,0,1,1,1,1,1,1,1,1,1,1,1,1,1
2026-07-03T20:08:49.337,tof1,4x4,side_left,-1,-1,-1,-1,-1,440,438,-1,-1,514,405,360,-1,311,318,275,1,0,0,0,1,1,1,0,0,1,1,1,0,1,1,1
2026-07-03T20:08:49.487,tof2,4x4,side_left,-1,3257,-1,3325,-1,1480,-1,3514,1584,967,1574,-1,1062,821,-1,1053,0,1,1,1,1,1,1,1,1,1,1,0,1,1,1,1
2026-07-03T20:08:49.527,tof1,4x4,side_left,-1,-1,-1,-1,-1,-1,438,-1,-1,514,406,360,-1,311,318,275,0,0,0,0,0,0,1,0,0,1,1,1,1,1,1,1
2026-07-03T20:08:49.640,tof2,4x4,side_left,-1,3261,-1,3312,-1,1473,-1,3514,1584,970,1563,-1,1062,822,-1,1051,0,1,0,1,0,1,0,1,1,1,1,1,1,1,1,1
2026-07-03T20:08:49.685,tof1,4x4,side_left,-1,-1,-1,-1,-1,439,437,-1,-1,515,406,360,-1,311,320,275,0,0,0,0,0,1,1,0,0,1,1,1,0,1,1,1
2026-07-03T20:08:49.800,tof2,4x4,side_left,3033,3253,-1,3312,2105,1458,2185,3468,1606,968,1563,-1,1065,822,967,1053,1,1,1,1,1,1,1,1,1,1,1,0,1,1,1,1
2026-07-03T20:08:49.848,tof1,4x4,side_left,-1,-1,-1,-1,-1,-1,437,-1,-1,515,405,361,-1,311,320,275,0,0,0,0,0,0,1,0,0,1,1,1,0,1,1,1
2026-07-03T20:08:49.957,tof2,4x4,side_left,-1,3258,-1,3312,-1,1458,2183,3514,-1,970,1560,-1,-1,823,-1,1051,1,1,0,1,1,1,1,1,0,1,1,0,1,1,1,1
2026-07-03T20:08:50.020,tof1,4x4,side_left,-1,-1,-1,-1,-1,-1,-1,-1,-1,515,405,361,-1,311,322,275,0,0,0,0,0,0,0,0,0,1,1,1,0,1,1,1
2026-07-03T20:08:50.123,tof2,4x4,side_left,3029,3258,-1,3308,2091,1458,-1,3493,-1,975,1559,-1,1058,825,-1,1050,1,1,0,1,1,1,0,1,1,1,1,0,1,1,1,1
2026-07-03T20:08:50.182,tof1,4x4,side_left,-1,-1,-1,-1,-1,-1,-1,-1,-1,517,405,361,-1,311,322,275,0,0,0,0,0,0,0,0,0,1,1,1,0,1,1,1
2026-07-03T20:08:50.284,tof2,4x4,side_left,-1,3258,-1,3312,2094,1458,2147,3493,-1,975,1560,-1,1063,825,-1,1047,0,1,1,1,1,1,1,1,0,1,1,0,1,1,1,1
2026-07-03T20:08:50.341,tof1,4x4,side_left,-1,-1,-1,-1,-1,-1,437,-1,-1,519,405,361,-1,303,319,275,0,0,0,0,0,0,1,0,0,1,1,1,0,1,1,1
2026-07-03T20:08:50.449,tof2,4x4,side_left,3029,3258,-1,3322,-1,1464,2147,3493,1593,968,1580,-1,1063,823,-1,1050,1,1,1,1,0,1,1,1,1,1,1,0,1,1,1,1
2026-07-03T20:08:50.508,tof1,4x4,side_left,-1,-1,-1,-1,-1,-1,-1,-1,-1,514,405,359,-1,301,319,275,0,0,0,0,0,0,0,0,0,1,1,1,0,1,1,1
2026-07-03T20:08:50.615,tof2,4x4,side_left,3025,3258,-1,3308,-1,1477,-1,3493,1606,964,1571,-1,1061,823,965,1050,1,1,0,1,0,1,0,1,1,1,1,1,1,1,1,1
2026-07-03T20:08:50.676,tof1,4x4,side_left,-1,-1,-1,-1,-1,-1,-1,-1,-1,519,405,359,1057,303,319,275,0,0,0,0,0,0,0,0,0,1,1,1,1,1,1,1
2026-07-03T20:08:50.775,tof2,4x4,side_left,3003,3259,-1,3273,-1,1477,2158,3466,1606,964,1577,-1,-1,821,965,1050,1,1,0,1,1,1,1,1,1,1,1,0,1,1,1,1
2026-07-03T20:08:50.837,tof1,4x4,side_left,-1,-1,-1,-1,-1,-1,441,-1,-1,519,405,360,-1,301,319,275,1,0,0,0,0,0,1,0,0,1,1,1,0,1,1,1
2026-07-03T20:08:50.951,tof2,4x4,side_left,3024,3259,-1,3304,2094,1483,2152,2824,-1,957,1577,-1,1061,821,965,1050,1,1,0,1,1,1,1,1,0,1,1,0,1,1,1,1
2026-07-03T20:08:51.002,tof1,4x4,side_left,-1,-1,-1,-1,-1,-1,-1,-1,-1,519,405,360,-1,303,320,277,0,0,0,0,0,0,0,0,0,1,1,1,0,1,1,1
2026-07-03T20:08:51.111,tof2,4x4,side_left,2986,3262,-1,3304,-1,1477,2158,2822,1593,957,1577,-1,-1,823,965,1050,1,1,1,1,1,1,1,1,1,1,1,0,1,1,1,1
2026-07-03T20:08:51.159,tof1,4x4,side_left,-1,-1,-1,-1,-1,-1,-1,-1,-1,519,406,360,-1,301,324,277,1,0,0,0,0,0,0,0,0,1,1,1,1,1,1,1
2026-07-03T20:08:51.519,tof1,4x4,side_left,-1,-1,-1,-1,-1,-1,-1,-1,-1,521,405,362,-1,313,321,273,0,0,0,0,0,0,0,0,0,1,1,1,0,1,1,1
2026-07-03T20:08:51.733,tof2,4x4,side_left,3005,3262,-1,3304,-1,1484,2158,2822,1593,981,1574,-1,1063,820,-1,1050,1,1,0,1,0,1,1,1,1,1,1,1,1,1,1,1
2026-07-03T20:08:51.943,tof1,4x4,side_left,-1,-1,-1,-1,-1,-1,-1,-1,-1,522,405,362,-1,313,321,273,0,0,0,0,0,0,0,0,0,1,1,1,0,1,1,1
2026-07-03T20:08:52.000,tof2,4x4,side_left,2981,3259,-1,3304,-1,1480,2158,2823,-1,981,1577,-1,1061,821,968,1050,1,1,0,1,0,1,1,1,1,1,1,0,1,1,1,1
2026-07-03T20:08:52.100,tof1,4x4,side_left,-1,-1,-1,-1,-1,-1,-1,-1,-1,522,405,363,-1,313,321,277,0,0,0,1,0,0,0,0,0,1,1,1,1,1,1,1
2026-07-03T20:08:52.164,tof2,4x4,side_left,2981,3262,-1,3304,2094,1484,-1,2822,1579,959,1574,-1,-1,821,968,1050,1,1,0,1,1,1,0,1,1,1,1,0,1,1,1,1
2026-07-03T20:08:52.266,tof1,4x4,side_left,-1,-1,-1,-1,-1,-1,-1,-1,-1,522,407,362,-1,313,321,277,0,0,0,0,0,0,0,0,0,1,1,1,0,1,1,1
2026-07-03T20:08:52.332,tof2,4x4,side_left,-1,3264,-1,3304,-1,1484,2158,2823,1557,969,1582,-1,1063,821,-1,1050,1,1,1,1,1,1,1,1,1,1,1,0,1,1,1,1
2026-07-03T20:08:52.434,tof1,4x4,side_left,-1,-1,-1,-1,-1,436,442,-1,-1,522,407,362,-1,313,319,277,0,0,0,0,0,1,1,0,0,1,1,1,0,1,1,1
2026-07-03T20:08:52.490,tof2,4x4,side_left,-1,3265,-1,3292,-1,-1,-1,2902,-1,969,1582,-1,1063,820,963,1050,1,1,0,1,0,1,0,1,0,1,1,1,1,1,1,1
2026-07-03T20:08:52.590,tof1,4x4,side_left,-1,-1,-1,-1,-1,-1,-1,-1,-1,521,407,362,-1,311,319,277,0,0,0,1,0,0,0,0,0,1,1,1,0,1,1,1
2026-07-03T20:08:52.653,tof2,4x4,side_left,2981,3265,-1,3291,-1,1484,2165,3427,-1,969,1582,-1,1063,821,962,1051,1,1,0,1,0,1,1,1,1,1,1,0,1,1,1,1
2026-07-03T20:08:52.740,tof1,4x4,side_left,-1,-1,-1,-1,-1,-1,-1,-1,-1,521,408,362,-1,311,321,277,0,0,0,0,0,0,0,0,0,1,1,1,0,1,1,1
2026-07-03T20:08:53.026,tof1,4x4,side_left,-1,-1,-1,-1,-1,-1,-1,-1,-1,519,408,361,-1,311,321,277,0,0,0,0,0,0,0,0,0,1,1,1,0,1,1,1
2026-07-03T20:08:53.112,tof2,4x4,side_left,2999,3265,-1,3291,-1,1483,-1,3427,1576,969,1574,-1,-1,822,-1,1051,1,1,0,1,0,1,1,1,1,1,1,0,1,1,1,1
2026-07-03T20:08:53.214,tof1,4x4,side_left,-1,-1,-1,-1,-1,-1,-1,-1,-1,520,408,362,-1,311,321,278,1,0,0,0,0,0,0,0,0,1,1,1,0,1,1,1
2026-07-03T20:08:53.290,tof2,4x4,side_left,2999,3264,-1,3290,-1,1483,-1,3443,-1,971,1582,-1,-1,822,962,1051,1,1,0,1,1,1,0,1,1,1,1,0,1,1,1,1
2026-07-03T20:08:53.374,tof1,4x4,side_left,-1,-1,-1,-1,-1,-1,442,-1,-1,520,406,362,-1,300,321,278,0,0,0,0,0,0,1,0,0,1,1,1,0,1,1,1
2026-07-03T20:08:53.454,tof2,4x4,side_left,2999,3261,-1,3291,-1,1474,-1,3443,1579,971,1586,-1,-1,822,962,1048,1,1,1,1,0,1,0,1,1,1,1,1,1,1,1,1
2026-07-03T20:08:53.533,tof1,4x4,side_left,-1,-1,-1,-1,-1,-1,442,-1,-1,521,404,362,-1,313,321,278,0,0,0,0,0,0,1,0,0,1,1,1,0,1,1,1
2026-07-03T20:08:53.613,tof2,4x4,side_left,2999,3254,-1,3329,-1,1471,-1,3427,-1,969,1574,-1,1062,822,-1,1051,1,1,1,1,1,1,0,1,1,1,1,0,1,1,1,1
2026-07-03T20:08:53.702,tof1,4x4,side_left,-1,-1,-1,-1,-1,-1,-1,-1,-1,521,404,361,-1,314,319,278,0,0,0,0,0,0,0,0,0,1,1,1,0,1,1,1
2026-07-03T20:08:53.779,tof2,4x4,side_left,-1,3250,-1,3329,-1,1469,-1,2863,1579,959,1567,-1,-1,822,-1,1044,1,1,1,1,0,1,0,1,1,1,1,0,1,1,1,1
2026-07-03T20:08:53.868,tof1,4x4,side_left,-1,-1,-1,-1,-1,-1,-1,-1,-1,521,404,360,-1,314,319,275,0,0,0,0,0,0,0,0,0,1,1,1,0,1,1,1
2026-07-03T20:08:53.949,tof2,4x4,side_left,-1,3250,-1,3312,-1,1468,-1,2845,1576,959,1567,-1,1063,821,969,1044,0,1,1,1,0,1,1,1,1,1,1,0,1,1,1,1
2026-07-03T20:08:54.020,tof1,4x4,side_left,-1,-1,-1,-1,-1,-1,442,-1,-1,521,404,360,-1,314,319,274,0,0,0,0,0,0,1,0,0,1,1,1,1,1,1,1
2026-07-03T20:08:54.099,tof2,4x4,side_left,2989,3251,-1,3312,-1,1457,-1,2815,1576,959,1567,-1,1063,821,-1,1044,1,1,0,1,0,1,0,1,1,1,1,0,1,1,1,1
2026-07-03T20:08:54.186,tof1,4x4,side_left,-1,-1,-1,-1,-1,-1,-1,-1,-1,517,403,360,-1,314,321,274,0,0,0,0,0,0,0,0,0,1,1,1,0,1,1,1
2026-07-03T20:08:54.264,tof2,4x4,side_left,2981,3245,-1,3299,-1,1457,-1,2815,1565,955,1567,-1,-1,821,-1,1053,1,1,1,1,0,1,1,1,1,1,1,0,1,1,1,1
2026-07-03T20:08:54.361,tof1,4x4,side_left,-1,-1,-1,-1,-1,-1,442,-1,-1,511,403,360,-1,315,320,277,0,0,0,0,0,0,1,0,0,1,1,1,1,1,1,1
2026-07-03T20:08:54.425,tof2,4x4,side_left,2981,3251,-1,3299,-1,1451,2158,2822,-1,964,1567,-1,1062,821,-1,1051,1,1,0,1,1,1,1,1,1,1,1,0,1,1,1,1
2026-07-03T20:08:54.513,tof1,4x4,side_left,-1,-1,-1,-1,-1,-1,-1,-1,-1,511,403,360,-1,316,321,275,0,0,0,0,0,0,0,0,0,1,1,1,1,1,1,1
2026-07-03T20:08:54.587,tof2,4x4,side_left,2988,3260,-1,3312,-1,1457,2165,2845,1565,964,1576,-1,1062,821,969,1053,1,1,1,1,1,1,1,1,1,1,1,0,1,1,1,1
2026-07-03T20:08:54.670,tof1,4x4,side_left,-1,-1,-1,-1,-1,-1,443,-1,-1,511,402,360,-1,316,321,276,0,0,0,0,0,0,1,0,0,1,1,1,1,1,1,1
2026-07-03T20:08:54.751,tof2,4x4,side_left,-1,3255,-1,3312,-1,1462,-1,2851,1565,964,1591,-1,1061,821,-1,1051,1,1,0,1,0,1,1,1,1,1,1,0,1,1,1,1
2026-07-03T20:08:54.823,tof1,4x4,side_left,-1,-1,-1,-1,-1,-1,443,-1,-1,511,402,360,-1,315,321,277,0,0,0,0,0,0,1,0,0,1,1,1,0,1,1,1
2026-07-03T20:08:54.907,tof2,4x4,side_left,2981,3255,-1,3318,2112,-1,2188,2851,1619,956,1591,-1,1060,819,973,1051,1,1,0,1,1,1,1,1,1,1,1,0,1,1,1,1
2026-07-03T20:08:54.983,tof1,4x4,side_left,-1,-1,-1,-1,-1,-1,-1,-1,-1,516,402,360,-1,314,321,277,0,0,0,0,0,0,0,0,0,1,1,1,0,1,1,1
2026-07-03T20:08:55.069,tof2,4x4,side_left,-1,3255,-1,3318,2152,-1,-1,2851,1673,963,1577,1342,1060,821,973,1051,0,1,1,1,1,0,0,1,1,1,1,1,1,1,1,1
2026-07-03T20:08:55.180,tof1,4x4,side_left,-1,-1,-1,-1,-1,-1,-1,-1,-1,519,402,360,-1,314,321,278,0,0,0,0,0,0,0,0,0,1,1,1,0,1,1,1
2026-07-03T20:08:55.245,tof2,4x4,side_left,2988,3255,-1,3318,-1,-1,-1,3459,1673,962,1591,-1,1060,821,-1,1046,1,1,0,1,0,0,1,1,1,1,1,0,1,1,1,1
2026-07-03T20:08:55.337,tof1,4x4,side_left,-1,-1,-1,-1,-1,-1,443,-1,-1,519,404,360,-1,314,322,279,0,0,0,0,0,0,1,0,0,1,1,1,1,1,1,1
2026-07-03T20:08:55.413,tof2,4x4,side_left,2988,3255,-1,3306,-1,-1,-1,3463,-1,962,1577,-1,1060,823,973,1042,1,1,0,1,0,1,0,1,0,1,1,0,1,1,1,1
2026-07-03T20:08:55.515,tof1,4x4,side_left,-1,-1,-1,2202,-1,-1,443,-1,-1,519,404,360,-1,313,319,279,0,0,0,1,0,0,1,0,0,1,1,1,0,1,1,1
2026-07-03T20:08:55.571,tof2,4x4,side_left,2971,3250,-1,3306,-1,-1,-1,3464,1673,960,1577,-1,1060,823,-1,1042,1,1,1,1,0,0,0,1,1,1,1,0,1,1,1,1
2026-07-03T20:08:55.694,tof1,4x4,side_left,-1,-1,-1,-1,-1,439,-1,-1,-1,519,404,361,-1,311,322,278,0,0,0,0,0,1,0,0,0,1,1,1,0,1,1,1
2026-07-03T20:08:55.737,tof2,4x4,side_left,2971,3255,-1,3306,2172,-1,-1,3464,1670,960,1610,-1,1064,825,-1,1046,1,1,0,1,1,0,0,1,1,1,1,0,1,1,1,1
2026-07-03T20:08:55.855,tof1,4x4,side_left,-1,-1,-1,-1,-1,-1,443,-1,-1,519,404,362,-1,309,321,277,0,0,0,0,0,0,1,0,0,1,1,1,0,1,1,1
2026-07-03T20:08:55.903,tof2,4x4,side_left,2959,3255,3298,3309,2172,-1,2188,3500,1632,960,1610,-1,1064,825,-1,1046,1,1,1,1,1,0,1,1,1,1,1,1,1,1,1,1
2026-07-03T20:08:56.013,tof1,4x4,side_left,-1,-1,-1,-1,-1,440,441,-1,-1,514,404,362,-1,309,321,277,0,0,0,0,0,1,1,0,0,1,1,1,0,1,1,1
2026-07-03T20:08:56.063,tof2,4x4,side_left,2959,3253,-1,3309,-1,-1,2170,3464,1620,960,1585,-1,1064,825,-1,1046,1,1,0,1,1,0,1,1,1,1,1,0,1,1,1,1
2026-07-03T20:08:56.187,tof1,4x4,side_left,-1,-1,-1,-1,-1,-1,-1,-1,-1,514,405,362,-1,300,321,277,0,0,0,0,0,0,0,0,0,1,1,1,0,1,1,1
2026-07-03T20:08:56.227,tof2,4x4,side_left,2984,3253,-1,-1,-1,-1,-1,2872,1620,966,1585,-1,1056,824,973,1054,1,1,0,1,0,0,0,1,1,1,1,0,1,1,1,1
2026-07-03T20:08:56.347,tof1,4x4,side_left,-1,-1,-1,-1,-1,-1,443,-1,-1,514,406,361,-1,300,321,277,0,0,0,0,0,0,1,0,0,1,1,1,0,1,1,1
2026-07-03T20:08:56.638,tof1,4x4,side_left,-1,-1,-1,-1,-1,438,442,-1,-1,521,406,361,-1,300,321,277,0,0,0,0,0,1,1,0,0,1,1,1,0,1,1,1
2026-07-03T20:08:56.648,tof2,4x4,side_left,2990,3258,-1,3309,2172,-1,-1,2872,1620,975,1585,-1,1066,824,-1,1054,1,1,0,1,1,1,0,1,1,1,1,0,1,1,1,1
2026-07-03T20:08:56.806,tof1,4x4,side_left,-1,-1,-1,-1,-1,-1,-1,-1,-1,521,406,361,-1,311,321,277,0,0,0,1,0,0,0,0,0,1,1,1,0,1,1,1
2026-07-03T20:08:56.844,tof2,4x4,side_left,2990,3255,-1,3306,-1,-1,-1,3432,-1,975,1575,-1,-1,822,-1,1054,1,1,0,1,0,1,1,1,1,1,1,0,1,1,1,1
2026-07-03T20:08:56.970,tof1,4x4,side_left,-1,-1,-1,-1,-1,-1,-1,-1,-1,521,406,361,-1,300,321,277,0,0,0,0,0,0,0,0,0,1,1,1,0,1,1,1
2026-07-03T20:08:57.027,tof2,4x4,side_left,2997,3255,-1,3296,-1,1468,2170,3432,-1,-1,1575,-1,1066,824,973,1053,1,1,0,1,1,1,1,1,1,1,1,0,1,1,1,1
2026-07-03T20:08:57.141,tof1,4x4,side_left,-1,-1,-1,-1,-1,-1,-1,-1,-1,521,406,361,-1,298,321,277,0,0,0,0,0,0,0,0,0,1,1,1,0,1,1,1
2026-07-03T20:08:57.180,tof2,4x4,side_left,3034,3255,-1,3294,-1,1462,-1,3432,1620,971,1575,-1,1050,822,-1,1053,1,1,0,1,0,1,0,1,1,1,1,0,1,1,1,1
2026-07-03T20:08:57.310,tof1,4x4,side_left,-1,-1,-1,-1,-1,-1,-1,-1,-1,521,405,361,-1,311,321,279,0,0,0,0,0,0,0,0,0,1,1,1,0,1,1,1
2026-07-03T20:08:57.335,tof2,4x4,side_left,3034,3255,-1,3286,-1,1490,-1,3468,1660,971,1570,-1,-1,824,-1,1053,1,1,0,1,0,1,0,1,1,1,1,0,1,1,1,1
2026-07-03T20:08:57.486,tof1,4x4,side_left,-1,-1,-1,-1,-1,-1,-1,-1,-1,521,404,361,-1,312,320,279,1,1,0,0,0,0,0,0,0,1,1,1,1,1,1,1
2026-07-03T20:08:57.492,tof2,4x4,side_left,-1,3255,-1,3283,-1,1490,2165,3468,-1,971,1570,-1,1069,822,1038,1053,0,1,0,1,1,1,1,1,0,1,1,0,1,1,1,1
2026-07-03T20:08:57.661,tof1,4x4,side_left,-1,-1,-1,-1,-1,-1,-1,-1,-1,519,404,361,-1,299,320,279,0,0,0,0,0,0,0,0,0,1,1,1,0,1,1,1
2026-07-03T20:08:57.765,tof2,4x4,side_left,3034,3255,-1,3282,2172,1490,2165,3468,1660,970,1586,-1,1069,822,980,1053,1,1,0,1,1,1,1,1,1,1,1,0,1,1,1,1
2026-07-03T20:08:57.826,tof1,4x4,side_left,-1,-1,-1,-1,-1,-1,-1,-1,-1,516,404,361,-1,312,320,277,0,0,0,0,0,0,0,0,0,1,1,1,0,1,1,1
2026-07-03T20:08:57.921,tof2,4x4,side_left,2995,3255,-1,3282,-1,1462,2165,3450,1617,963,1593,-1,1066,820,-1,1047,1,1,0,1,0,1,1,1,1,1,1,1,1,1,1,1
2026-07-03T20:08:58.008,tof1,4x4,side_left,-1,-1,-1,-1,-1,-1,-1,-1,-1,516,403,361,-1,312,320,277,0,0,0,0,0,0,0,0,0,1,1,1,0,1,1,1
2026-07-03T20:08:58.077,tof2,4x4,side_left,2982,3251,-1,3282,2160,1462,2165,3450,1660,965,1594,-1,1064,820,981,1050,1,1,0,1,1,1,1,1,1,1,1,0,1,1,1,1
2026-07-03T20:08:58.192,tof1,4x4,side_left,-1,-1,-1,-1,-1,-1,-1,-1,-1,516,404,361,-1,311,320,277,0,0,0,0,0,0,0,0,0,1,1,1,0,1,1,1
2026-07-03T20:08:58.241,tof2,4x4,side_left,-1,3249,-1,3282,-1,1462,-1,3450,1688,965,1594,-1,1065,820,980,1047,1,1,1,1,0,1,0,1,1,1,1,0,1,1,1,1
2026-07-03T20:08:58.358,tof1,4x4,side_left,-1,-1,-1,-1,-1,-1,442,-1,-1,515,404,361,-1,310,320,277,0,0,0,0,0,0,1,0,0,1,1,1,0,1,1,1
2026-07-03T20:08:58.411,tof2,4x4,side_left,2974,3249,-1,3308,2102,1464,2196,3450,-1,965,1594,-1,1064,818,980,1047,1,1,1,1,1,1,1,1,1,1,1,0,1,1,1,1
2026-07-03T20:08:58.530,tof1,4x4,side_left,-1,-1,-1,-1,-1,-1,-1,-1,-1,515,404,360,-1,311,320,276,0,0,0,0,0,0,0,1,0,1,1,1,1,1,1,1
2026-07-03T20:08:58.610,tof2,4x4,side_left,2982,3251,-1,3308,-1,1464,2196,3450,1591,967,1594,-1,1064,818,975,-1,1,1,0,1,1,1,1,1,1,1,1,0,1,1,1,1
2026-07-03T20:08:58.696,tof1,4x4,side_left,-1,-1,-1,-1,-1,-1,-1,-1,-1,519,404,359,-1,311,320,276,0,0,0,0,0,0,0,0,0,1,1,1,0,1,1,1
2026-07-03T20:08:58.764,tof2,4x4,side_left,2995,3261,-1,3300,2099,1483,2196,2823,1591,971,1585,-1,-1,818,-1,1047,1,1,0,1,1,1,1,1,1,1,1,0,1,1,1,1
2026-07-03T20:08:58.870,tof1,4x4,side_left,-1,-1,-1,-1,-1,-1,441,-1,-1,519,404,359,-1,313,320,276,0,0,0,0,0,0,1,0,0,1,1,1,0,1,1,1
2026-07-03T20:08:58.943,tof2,4x4,side_left,2972,3261,-1,3289,-1,1483,-1,2833,1550,971,1584,-1,1062,820,-1,1048,1,1,0,1,1,1,0,1,1,1,1,1,1,1,1,1
2026-07-03T20:08:59.039,tof1,4x4,side_left,-1,-1,-1,-1,-1,-1,-1,-1,-1,519,404,359,-1,313,323,276,0,0,0,0,0,0,0,0,0,1,1,1,0,1,1,1
2026-07-03T20:08:59.112,tof2,4x4,side_left,2972,3261,-1,3289,-1,1483,-1,2823,-1,969,1581,-1,1064,820,975,1048,1,1,1,1,0,1,0,1,1,1,1,0,1,1,1,1
2026-07-03T20:08:59.206,tof1,4x4,side_left,-1,-1,-1,-1,-1,-1,-1,-1,-1,519,403,359,-1,314,323,276,0,0,0,0,0,0,0,0,0,1,1,1,0,1,1,1
2026-07-03T20:08:59.267,tof2,4x4,side_left,3006,3247,-1,3289,-1,1480,-1,2833,-1,969,1579,-1,1063,820,975,1048,1,1,0,1,1,1,0,1,1,1,1,0,1,1,1,1
2026-07-03T20:08:59.382,tof1,4x4,side_left,-1,-1,-1,-1,-1,-1,-1,-1,-1,518,403,359,-1,314,321,276,0,0,0,0,0,0,0,0,0,1,1,1,0,1,1,1
2026-07-03T20:08:59.435,tof2,4x4,side_left,-1,3247,-1,3289,-1,1480,-1,2833,1550,969,1579,-1,1063,823,-1,1048,1,1,0,1,0,1,0,1,1,1,1,0,1,1,1,1
2026-07-03T20:08:59.567,tof1,4x4,side_left,-1,-1,-1,-1,-1,-1,-1,-1,-1,518,404,360,-1,301,319,276,0,0,0,0,0,0,0,0,0,1,1,1,0,1,1,1
2026-07-03T20:08:59.598,tof2,4x4,side_left,-1,3247,-1,3300,2099,1473,2196,2833,1550,969,1581,-1,-1,823,975,1048,0,1,0,1,1,1,1,1,1,1,1,0,1,1,1,1
2026-07-03T20:08:59.733,tof1,4x4,side_left,-1,-1,-1,-1,-1,-1,-1,-1,-1,518,404,360,-1,301,320,275,0,0,0,0,0,0,0,0,0,1,1,1,0,1,1,1
2026-07-03T20:08:59.756,tof2,4x4,side_left,3017,3251,-1,3301,-1,1473,-1,2831,1573,972,1581,-1,1061,818,-1,1054,1,1,0,1,1,1,1,1,1,1,1,0,1,1,1,1
2026-07-03T20:08:59.887,tof1,4x4,side_left,-1,-1,-1,-1,-1,446,442,-1,-1,518,404,361,-1,310,319,276,0,0,0,1,0,1,1,0,0,1,1,1,0,1,1,1
2026-07-03T20:08:59.938,tof2,4x4,side_left,2977,3253,-1,3301,-1,1447,2187,2833,1586,972,1581,-1,1061,818,975,1048,1,1,0,1,0,1,1,1,1,1,1,0,1,1,1,1
2026-07-03T20:09:00.052,tof1,4x4,side_left,-1,-1,-1,-1,-1,-1,-1,-1,-1,519,405,360,-1,301,319,275,0,0,0,0,0,0,0,0,0,1,1,1,0,1,1,1
2026-07-03T20:09:00.094,tof2,4x4,side_left,-1,3265,-1,3301,-1,1466,2178,2847,1614,967,1581,-1,1059,822,971,1044,1,1,1,1,0,1,1,1,1,1,1,0,1,1,1,1
2026-07-03T20:09:00.220,tof1,4x4,side_left,-1,-1,-1,-1,-1,-1,-1,-1,-1,519,405,360,1057,296,319,275,1,0,0,0,0,0,0,0,0,1,1,1,1,1,1,1
2026-07-03T20:09:00.248,tof2,4x4,side_left,2977,3265,-1,3309,-1,1466,-1,2847,1586,967,1584,-1,-1,822,971,1052,1,1,0,1,0,1,0,1,1,1,1,0,1,1,1,1
2026-07-03T20:09:00.436,tof2,4x4,side_left,2977,3265,-1,3310,-1,1469,2166,2867,-1,967,1581,-1,1058,822,969,1039,1,1,0,1,0,1,1,1,1,1,1,0,1,1,1,1
2026-07-03T20:09:00.533,tof1,4x4,side_left,-1,-1,-1,-1,-1,-1,441,-1,-1,519,405,360,-1,310,320,274,0,0,0,0,0,0,1,0,0,1,1,1,0,1,1,1
2026-07-03T20:09:00.588,tof2,4x4,side_left,-1,3263,-1,3310,-1,1469,-1,3489,1586,967,1576,-1,1058,823,969,1039,0,1,1,1,0,1,0,1,1,1,1,0,1,1,1,1
2026-07-03T20:09:00.685,tof1,4x4,side_left,-1,-1,-1,-1,-1,-1,-1,-1,-1,522,405,360,-1,310,320,275,0,0,0,0,0,0,0,0,0,1,1,1,0,1,1,1
2026-07-03T20:09:00.750,tof2,4x4,side_left,2977,3263,-1,3310,-1,1469,-1,3489,1614,-1,1576,-1,1059,824,982,1042,1,1,0,1,1,1,1,1,1,1,1,0,1,1,1,1
2026-07-03T20:09:00.854,tof1,4x4,side_left,-1,-1,-1,-1,-1,-1,-1,-1,-1,522,405,360,-1,310,320,275,0,0,0,0,0,0,0,0,0,1,1,1,1,1,1,1
2026-07-03T20:09:00.952,tof2,4x4,side_left,-1,3250,-1,3309,-1,1473,-1,3489,-1,967,1584,-1,1062,825,982,1050,1,1,0,1,0,1,1,1,1,1,1,1,1,1,1,1
2026-07-03T20:09:01.016,tof1,4x4,side_left,-1,-1,-1,-1,-1,-1,-1,-1,-1,520,405,360,-1,313,320,275,0,0,0,0,0,0,0,0,0,1,1,1,0,1,1,1
2026-07-03T20:09:01.108,tof2,4x4,side_left,2977,3250,-1,3323,-1,1469,2164,3450,1670,966,1576,-1,1062,825,-1,1050,1,1,0,1,1,1,1,1,1,1,1,0,1,1,1,1
2026-07-03T20:09:01.188,tof1,4x4,side_left,-1,-1,-1,-1,-1,-1,-1,-1,-1,520,406,360,1117,314,320,276,0,0,0,0,0,0,0,0,0,1,1,1,1,1,1,1
2026-07-03T20:09:01.270,tof2,4x4,side_left,2953,3237,-1,3303,-1,1473,-1,3436,1691,967,1576,-1,1063,825,982,1050,1,1,0,1,0,1,1,1,1,1,1,0,1,1,1,1
2026-07-03T20:09:01.362,tof1,4x4,side_left,-1,-1,-1,-1,-1,-1,-1,-1,-1,519,405,360,-1,314,321,276,0,0,0,1,0,0,0,0,0,1,1,1,1,1,1,1
2026-07-03T20:09:01.423,tof2,4x4,side_left,-1,3237,-1,3303,-1,1473,-1,2840,1691,966,1590,-1,1063,821,984,1049,0,1,0,1,1,1,1,1,1,1,1,0,1,1,1,1
2026-07-03T20:09:01.519,tof1,4x4,side_left,-1,-1,-1,-1,-1,-1,-1,-1,-1,519,405,360,-1,314,319,276,0,0,0,0,0,0,0,0,0,1,1,1,0,1,1,1
2026-07-03T20:09:01.584,tof2,4x4,side_left,2953,3250,3309,-1,-1,1473,-1,2840,1682,966,1590,-1,1063,821,-1,1054,1,1,1,1,1,1,0,1,1,1,1,1,1,1,1,1
2026-07-03T20:09:01.685,tof1,4x4,side_left,-1,-1,-1,-1,-1,-1,-1,-1,-1,519,405,360,-1,314,318,276,0,0,0,0,0,0,0,0,0,1,1,1,0,1,1,1
2026-07-03T20:09:01.754,tof2,4x4,side_left,2991,3250,-1,3303,-1,1469,2164,2834,1682,966,1590,-1,1063,821,984,1052,1,1,0,1,1,1,1,1,1,1,1,0,1,1,1,1
2026-07-03T20:09:01.853,tof1,4x4,side_left,-1,-1,-1,-1,-1,-1,-1,-1,-1,519,405,361,-1,314,319,276,0,0,0,0,0,0,0,0,0,1,1,1,0,1,1,1
2026-07-03T20:09:01.922,tof2,4x4,side_left,3006,3250,-1,3292,-1,1496,2166,2834,1681,961,-1,-1,1071,821,-1,1052,1,1,0,1,0,1,1,1,1,1,1,0,1,1,1,1
2026-07-03T20:09:02.012,tof1,4x4,side_left,-1,-1,-1,-1,-1,-1,439,-1,-1,520,405,361,-1,313,319,275,0,0,0,0,0,0,1,0,0,1,1,1,0,1,1,1
2026-07-03T20:09:02.098,tof2,4x4,side_left,2993,3250,-1,3292,-1,1469,-1,2834,1595,961,1592,-1,1071,822,-1,1052,1,1,1,1,0,1,1,1,1,1,1,0,1,1,1,1
2026-07-03T20:09:02.182,tof1,4x4,side_left,-1,-1,-1,-1,-1,-1,441,389,-1,520,405,361,-1,313,319,275,0,0,0,0,0,0,1,1,0,1,1,1,0,1,1,1
2026-07-03T20:09:02.274,tof2,4x4,side_left,3006,3252,3309,3278,-1,1469,2164,3478,1595,968,1601,1342,1070,822,-1,1052,1,1,1,1,0,1,1,1,1,1,1,1,1,1,1,1
2026-07-03T20:09:02.345,tof1,4x4,side_left,-1,-1,-1,-1,-1,-1,-1,-1,-1,519,405,361,-1,313,319,275,0,0,0,0,0,0,0,0,0,1,1,1,1,1,1,1
2026-07-03T20:09:02.439,tof2,4x4,side_left,3006,3261,-1,3276,-1,1469,-1,3500,1589,969,1603,-1,1070,822,976,1052,1,1,0,1,0,1,1,1,1,1,1,0,1,1,1,1
2026-07-03T20:09:02.499,tof1,4x4,side_left,-1,-1,-1,-1,-1,-1,-1,-1,-1,519,405,361,-1,313,324,275,0,0,0,0,0,0,0,0,0,1,1,1,0,1,1,1
2026-07-03T20:09:02.610,tof2,4x4,side_left,2994,3261,-1,3278,-1,1480,2164,3500,1589,971,1607,-1,1070,819,976,1050,1,1,1,1,1,1,1,1,1,1,1,0,1,1,1,1
2026-07-03T20:09:02.662,tof1,4x4,side_left,-1,-1,-1,-1,-1,-1,-1,-1,-1,518,405,360,-1,311,324,275,0,0,0,0,0,0,0,0,0,1,1,1,0,1,1,1
2026-07-03T20:09:02.764,tof2,4x4,side_left,-1,3270,-1,3289,-1,1469,-1,3478,1637,971,1607,-1,-1,817,976,1050,1,1,1,1,1,1,0,1,1,1,1,0,1,1,1,1
2026-07-03T20:09:02.815,tof1,4x4,side_left,-1,-1,-1,-1,-1,446,441,-1,-1,517,404,360,-1,315,324,276,0,0,0,0,0,1,1,0,0,1,1,1,0,1,1,1
2026-07-03T20:09:02.960,tof2,4x4,side_left,2994,3270,3287,3288,-1,1475,2164,2851,1646,971,1607,-1,-1,817,975,1053,1,1,1,1,0,1,1,1,1,1,1,0,1,1,1,1
2026-07-03T20:09:02.969,tof1,4x4,side_left,-1,-1,-1,-1,-1,-1,-1,-1,-1,518,402,360,-1,317,324,276,0,0,0,0,0,0,0,0,0,1,1,1,0,1,1,1
2026-07-03T20:09:03.122,tof2,4x4,side_left,2994,3259,3320,3288,-1,1480,-1,2851,1637,971,1582,-1,1070,817,-1,1053,1,1,1,1,1,1,1,1,1,1,1,0,1,1,1,1
2026-07-03T20:09:03.137,tof1,4x4,side_left,-1,-1,-1,-1,-1,-1,-1,-1,-1,518,402,360,-1,317,321,276,0,0,0,0,0,0,0,0,0,1,1,1,0,1,1,1
2026-07-03T20:09:03.275,tof2,4x4,side_left,2994,3259,-1,3289,-1,1478,-1,2851,-1,956,1582,-1,1070,817,970,1044,1,1,0,1,0,1,0,1,1,1,1,0,1,1,1,1
2026-07-03T20:09:03.319,tof1,4x4,side_left,-1,-1,-1,-1,-1,444,439,-1,-1,518,404,361,-1,311,321,276,0,0,0,0,0,1,1,0,0,1,1,1,1,1,1,1
2026-07-03T20:09:03.434,tof2,4x4,side_left,2994,3259,-1,3289,-1,1475,2180,2851,1639,956,1582,-1,1067,817,970,1046,1,1,0,1,0,1,1,1,1,1,1,0,1,1,1,1
2026-07-03T20:09:03.494,tof1,4x4,side_left,-1,-1,-1,-1,-1,-1,439,-1,-1,517,404,361,-1,314,319,276,0,0,0,0,0,0,1,0,0,1,1,1,0,1,1,1
2026-07-03T20:09:03.597,tof2,4x4,side_left,2998,3259,-1,3288,-1,1478,-1,2844,1637,969,1593,-1,1067,819,970,1044,1,1,1,1,0,1,0,1,1,1,1,0,1,1,1,1
2026-07-03T20:09:03.662,tof1,4x4,side_left,-1,-1,-1,-1,-1,-1,-1,-1,-1,518,405,360,-1,314,318,276,0,0,0,0,0,0,0,0,0,1,1,1,0,1,1,1
2026-07-03T20:09:03.746,tof2,4x4,side_left,2998,3259,-1,3303,-1,1478,2180,2847,1639,969,1593,-1,1067,819,-1,1044,1,1,0,1,0,1,1,1,1,1,1,0,1,1,1,1
2026-07-03T20:09:03.822,tof1,4x4,side_left,-1,-1,-1,-1,-1,441,441,-1,-1,517,406,361,-1,313,319,275,0,0,0,0,0,1,1,0,0,1,1,1,0,1,1,1
2026-07-03T20:09:03.913,tof2,4x4,side_left,2998,3259,-1,3306,2099,1470,-1,2847,-1,969,1593,-1,-1,821,-1,1044,1,1,0,1,1,1,0,1,0,1,1,0,1,1,1,1
2026-07-03T20:09:03.994,tof1,4x4,side_left,-1,-1,-1,-1,-1,-1,-1,-1,-1,517,406,360,-1,313,318,275,1,0,0,0,0,0,0,0,0,1,1,1,0,1,1,1
2026-07-03T20:09:04.080,tof2,4x4,side_left,2998,3258,-1,3306,2117,1459,2190,2847,1639,969,1583,-1,1059,821,970,1045,1,1,1,1,1,1,1,1,1,1,1,0,1,1,1,1
2026-07-03T20:09:04.164,tof1,4x4,side_left,-1,-1,-1,-1,-1,-1,-1,-1,-1,517,406,360,-1,313,318,277,0,0,0,0,0,0,0,0,0,1,1,1,0,1,1,1
2026-07-03T20:09:04.247,tof2,4x4,side_left,3011,3258,-1,3305,-1,1459,-1,3452,1639,969,1583,-1,1059,822,1021,1045,1,1,0,1,0,1,0,1,1,1,1,0,1,1,1,1
2026-07-03T20:09:04.321,tof1,4x4,side_left,-1,-1,-1,-1,-1,-1,-1,-1,-1,518,407,361,-1,301,319,277,0,0,0,0,0,0,0,0,0,1,1,1,0,1,1,1
2026-07-03T20:09:04.418,tof2,4x4,side_left,3028,3254,-1,3305,2134,1459,2195,3452,1616,965,1569,-1,1059,821,1021,1045,1,1,0,1,1,1,1,1,1,1,1,0,1,1,1,1
2026-07-03T20:09:04.479,tof1,4x4,side_left,-1,-1,-1,-1,-1,-1,441,-1,-1,518,407,361,-1,301,319,277,0,0,0,0,0,0,1,0,0,1,1,1,0,1,1,1
2026-07-03T20:09:04.573,tof2,4x4,side_left,3033,3258,-1,3289,-1,-1,-1,3459,1609,963,1569,-1,-1,819,1047,1045,1,1,0,1,1,0,0,1,1,1,1,0,1,1,1,1
2026-07-03T20:09:04.638,tof1,4x4,side_left,-1,-1,-1,-1,-1,-1,-1,-1,-1,520,406,361,-1,301,319,277,0,0,0,0,0,0,0,0,0,1,1,1,0,1,1,1
2026-07-03T20:09:04.744,tof2,4x4,side_left,3033,3252,-1,3289,2138,-1,-1,3459,1609,963,1562,-1,-1,819,-1,1043,1,1,0,1,1,0,1,1,1,1,1,1,1,1,1,1
2026-07-03T20:09:04.795,tof1,4x4,side_left,-1,-1,-1,-1,-1,-1,442,-1,-1,520,406,362,-1,311,320,277,0,0,0,1,0,0,1,0,0,1,1,1,0,1,1,1
2026-07-03T20:09:04.904,tof2,4x4,side_left,3033,3252,-1,3289,-1,-1,-1,3415,1609,963,1562,-1,1059,819,1047,1043,1,1,1,1,0,0,1,1,1,1,1,0,1,1,1,1
2026-07-03T20:09:05.002,tof1,4x4,side_left,-1,-1,-1,-1,-1,441,445,-1,-1,520,405,362,-1,311,320,276,0,0,0,0,0,1,1,0,0,1,1,1,0,1,1,1
2026-07-03T20:09:05.142,tof2,4x4,side_left,-1,3267,-1,3289,2134,-1,-1,2834,1581,968,1562,-1,-1,819,-1,1043,0,1,0,1,1,0,1,1,1,1,1,1,1,1,1,1
2026-07-03T20:09:05.163,tof1,4x4,side_left,-1,-1,-1,-1,-1,-1,446,-1,-1,520,405,360,-1,311,320,277,0,0,0,0,0,0,1,0,0,1,1,1,0,1,1,1
2026-07-03T20:09:05.302,tof2,4x4,side_left,-1,3267,-1,3308,-1,-1,-1,2834,-1,971,1572,-1,1058,819,973,1046,1,1,1,1,0,1,0,1,0,1,1,1,1,1,1,1
2026-07-03T20:09:05.336,tof1,4x4,side_left,-1,-1,-1,-1,-1,-1,446,-1,-1,516,405,360,1117,311,320,276,0,0,0,1,0,0,1,0,0,1,1,1,1,1,1,1
2026-07-03T20:09:05.467,tof2,4x4,side_left,2995,3262,-1,3308,2134,-1,-1,2834,1617,971,1572,-1,1058,819,973,1046,1,1,1,1,1,0,1,1,1,1,1,0,1,1,1,1
2026-07-03T20:09:05.484,tof1,4x4,side_left,-1,-1,-1,-1,-1,431,445,-1,-1,516,405,360,-1,312,320,276,0,0,0,0,0,1,1,0,0,1,1,1,0,1,1,1
2026-07-03T20:09:05.651,tof2,4x4,side_left,-1,3262,-1,3299,-1,1470,-1,2846,-1,971,1582,-1,1061,819,-1,1052,0,1,0,1,0,1,1,1,0,1,1,0,1,1,1,1
2026-07-03T20:09:05.686,tof1,4x4,side_left,-1,-1,-1,-1,-1,-1,445,-1,-1,516,405,360,-1,300,317,276,0,0,0,0,0,0,1,0,0,1,1,1,0,1,1,1
2026-07-03T20:09:05.814,tof2,4x4,side_left,2995,3255,-1,3308,2138,-1,-1,2847,-1,968,1582,-1,1061,819,-1,1054,1,1,0,1,1,1,1,1,0,1,1,0,1,1,1,1
2026-07-03T20:09:05.857,tof1,4x4,side_left,-1,-1,-1,-1,-1,431,445,-1,-1,516,406,361,-1,312,317,276,0,0,0,0,0,1,1,0,0,1,1,1,0,1,1,1
2026-07-03T20:09:05.984,tof2,4x4,side_left,-1,3244,-1,3299,-1,-1,-1,2857,-1,967,1570,-1,1062,819,969,1054,0,1,0,1,0,0,1,1,1,1,1,0,1,1,1,1
2026-07-03T20:09:06.062,tof1,4x4,side_left,-1,-1,-1,-1,-1,-1,445,-1,-1,518,406,361,-1,312,319,275,0,0,0,0,0,0,1,0,0,1,1,1,0,1,1,1
2026-07-03T20:09:06.218,tof1,4x4,side_left,-1,-1,-1,-1,-1,-1,-1,-1,-1,519,406,362,-1,312,320,275,0,0,0,0,0,0,0,0,0,1,1,1,0,1,1,1
2026-07-03T20:09:06.273,tof2,4x4,side_left,2988,3244,-1,3299,-1,-1,2218,3421,1617,963,1570,-1,1063,827,969,1054,1,1,0,1,0,0,1,1,1,1,1,0,1,1,1,1
2026-07-03T20:09:06.377,tof1,4x4,side_left,-1,-1,-1,-1,-1,-1,-1,-1,-1,519,406,361,-1,312,320,275,0,0,0,0,0,0,0,0,0,1,1,1,0,1,1,1
2026-07-03T20:09:06.427,tof2,4x4,side_left,-1,3244,-1,3299,-1,-1,-1,-1,-1,959,1582,-1,1062,832,-1,1054,1,1,0,1,0,1,1,0,0,1,1,0,1,1,1,1
2026-07-03T20:09:06.543,tof1,4x4,side_left,-1,-1,-1,-1,-1,-1,445,-1,-1,518,406,361,-1,312,320,275,0,0,0,0,0,0,1,0,0,1,1,1,0,1,1,1
2026-07-03T20:09:06.592,tof2,4x4,side_left,2988,3255,3287,3306,-1,-1,2218,3421,1581,955,1574,-1,1063,827,-1,1055,1,1,1,1,0,0,1,1,1,1,1,0,1,1,1,1
2026-07-03T20:09:06.703,tof1,4x4,side_left,-1,-1,-1,-1,-1,-1,-1,-1,-1,519,405,360,-1,313,320,276,1,0,0,0,0,0,0,0,0,1,1,1,0,1,1,1
2026-07-03T20:09:06.767,tof2,4x4,side_left,2987,3254,3287,3299,-1,-1,2199,3421,1581,959,1601,-1,-1,820,-1,1055,1,1,1,1,0,0,1,1,1,1,1,0,1,1,1,1
2026-07-03T20:09:06.873,tof1,4x4,side_left,-1,-1,-1,-1,-1,-1,445,-1,-1,518,405,359,-1,313,320,276,0,0,0,1,0,0,1,0,0,1,1,1,0,1,1,1
2026-07-03T20:09:06.925,tof2,4x4,side_left,2936,3254,-1,3299,-1,-1,-1,3473,1672,959,1601,-1,1062,820,-1,1055,1,1,0,1,0,0,1,1,1,1,1,1,1,1,1,1
2026-07-03T20:09:07.025,tof1,4x4,side_left,-1,-1,-1,-1,-1,-1,447,-1,-1,518,405,359,-1,313,320,275,0,0,0,0,0,1,1,0,0,1,1,1,1,1,1,1
2026-07-03T20:09:07.083,tof2,4x4,side_left,2936,3254,-1,3299,-1,1481,2199,3421,-1,-1,1601,-1,1059,820,-1,1054,1,1,0,1,0,1,1,1,0,1,1,0,1,1,1,1
2026-07-03T20:09:07.187,tof1,4x4,side_left,-1,-1,-1,-1,-1,-1,443,-1,-1,518,405,361,-1,313,320,275,0,0,0,0,0,0,1,0,0,1,1,1,0,1,1,1
2026-07-03T20:09:07.247,tof2,4x4,side_left,2960,3254,-1,3314,-1,1484,-1,3473,-1,959,1574,-1,1059,819,-1,1054,1,1,0,1,0,1,0,1,1,1,1,0,1,1,1,1
2026-07-03T20:09:07.346,tof1,4x4,side_left,-1,-1,-1,-1,-1,-1,441,-1,-1,518,405,361,-1,313,320,275,0,0,0,0,0,0,1,0,0,1,1,1,0,1,1,1
2026-07-03T20:09:07.411,tof2,4x4,side_left,2960,3252,-1,3295,-1,1484,-1,3460,1687,965,1576,-1,1058,819,-1,1054,1,1,0,1,0,1,0,1,1,1,1,0,1,1,1,1
2026-07-03T20:09:07.506,tof1,4x4,side_left,-1,-1,-1,-1,-1,-1,-1,-1,-1,518,405,361,-1,313,318,275,0,0,0,0,0,0,0,0,0,1,1,1,0,1,1,1
2026-07-03T20:09:07.571,tof2,4x4,side_left,2960,3252,-1,3314,-1,-1,2175,3460,1687,970,1571,-1,1058,819,-1,1053,1,1,0,1,1,1,1,1,1,1,1,0,1,1,1,1
2026-07-03T20:09:07.670,tof1,4x4,side_left,-1,-1,-1,-1,-1,-1,-1,-1,-1,519,405,361,-1,312,322,275,0,0,0,0,0,0,0,0,0,1,1,1,1,1,1,1
2026-07-03T20:09:07.731,tof2,4x4,side_left,3018,3261,-1,3314,-1,1484,-1,2842,1690,970,1571,-1,1058,817,969,1053,1,1,0,1,1,1,0,1,1,1,1,1,1,1,1,1
2026-07-03T20:09:07.833,tof1,4x4,side_left,-1,-1,-1,-1,-1,-1,438,-1,-1,518,403,361,-1,314,319,276,0,1,0,0,0,0,1,0,0,1,1,1,0,1,1,1
2026-07-03T20:09:07.897,tof2,4x4,side_left,2960,3261,-1,3314,-1,1479,2175,3440,1687,970,1559,-1,1058,817,969,1053,1,1,0,1,0,1,1,1,1,1,1,1,1,1,1,1
2026-07-03T20:09:08.020,tof1,4x4,side_left,-1,-1,-1,-1,-1,-1,-1,-1,-1,517,402,361,-1,312,319,276,0,0,0,0,0,0,0,0,0,1,1,1,0,1,1,1
2026-07-03T20:09:08.051,tof2,4x4,side_left,2989,3258,3308,3291,2137,1478,-1,3440,1590,961,1576,-1,1058,817,969,1054,1,1,1,1,1,1,1,1,1,1,1,1,1,1,1,1
2026-07-03T20:09:08.237,tof1,4x4,side_left,-1,-1,-1,-1,-1,-1,-1,-1,-1,517,403,360,-1,312,321,278,0,0,0,0,0,0,0,0,0,1,1,1,0,1,1,1
2026-07-03T20:09:08.238,tof2,4x4,side_left,3030,3258,-1,3314,-1,1478,-1,2842,-1,961,1593,-1,-1,817,-1,1054,1,1,0,1,0,1,0,1,1,1,1,0,1,1,1,1
2026-07-03T20:09:08.460,tof1,4x4,side_left,-1,-1,-1,-1,-1,431,438,-1,-1,517,404,361,-1,312,321,276,0,0,0,0,0,1,1,0,0,1,1,1,0,1,1,1
2026-07-03T20:09:08.460,tof2,4x4,side_left,-1,3255,-1,3301,-1,1478,2175,2819,-1,961,1593,-1,1058,818,-1,1054,1,1,0,1,0,1,1,1,1,1,1,0,1,1,1,1
2026-07-03T20:09:08.629,tof1,4x4,side_left,-1,-1,-1,-1,-1,-1,-1,-1,-1,517,404,361,-1,312,321,274,0,0,0,0,0,0,0,0,0,1,1,1,0,1,1,1
2026-07-03T20:09:08.721,tof2,4x4,side_left,3046,3252,-1,3301,-1,1478,2195,2831,-1,970,1579,-1,1060,820,-1,1053,1,1,0,1,0,1,1,1,1,1,1,0,1,1,1,1
2026-07-03T20:09:08.784,tof1,4x4,side_left,-1,-1,-1,-1,-1,-1,-1,-1,-1,519,405,362,-1,312,321,274,0,0,0,0,0,0,0,0,0,1,1,1,1,1,1,1
2026-07-03T20:09:08.883,tof2,4x4,side_left,2989,3252,-1,3296,-1,1468,-1,2831,1590,970,1579,-1,1057,818,969,1050,1,1,1,1,0,1,1,1,1,1,1,0,1,1,1,1
2026-07-03T20:09:08.953,tof1,4x4,side_left,-1,-1,-1,-1,-1,-1,438,-1,-1,519,405,360,-1,310,321,274,0,0,0,0,0,0,1,0,0,1,1,1,0,1,1,1
2026-07-03T20:09:09.058,tof2,4x4,side_left,3028,3252,-1,3301,-1,1480,-1,2831,1640,970,1579,-1,1057,820,-1,1047,1,1,0,1,1,1,0,1,1,1,1,0,1,1,1,1
2026-07-03T20:09:09.127,tof1,4x4,side_left,-1,-1,-1,-1,-1,-1,442,-1,-1,521,405,362,-1,310,320,274,0,0,0,0,0,0,1,0,0,1,1,1,0,1,1,1
2026-07-03T20:09:09.227,tof2,4x4,side_left,3028,3252,-1,3300,-1,1483,-1,3489,-1,970,1579,-1,1057,824,967,1047,1,1,0,1,0,1,1,1,1,1,1,0,1,1,1,1
2026-07-03T20:09:09.291,tof1,4x4,side_left,-1,-1,-1,-1,-1,-1,442,-1,-1,521,405,361,-1,312,320,274,0,0,0,0,0,0,1,0,0,1,1,1,1,1,1,1
2026-07-03T20:09:09.383,tof2,4x4,side_left,3028,3271,-1,3300,-1,1483,-1,3489,1640,970,1570,-1,1056,821,-1,1048,1,1,1,1,0,1,0,1,1,1,1,0,1,1,1,1
2026-07-03T20:09:09.490,tof1,4x4,side_left,-1,-1,-1,-1,-1,-1,-1,-1,-1,521,405,362,-1,313,320,275,0,0,0,0,0,0,0,0,0,1,1,1,0,1,1,1
2026-07-03T20:09:09.543,tof2,4x4,side_left,3003,3271,3319,3300,-1,1477,2195,3489,1664,970,1570,-1,1056,821,-1,1048,1,1,1,1,1,1,1,1,1,1,1,1,1,1,1,1
2026-07-03T20:09:09.645,tof1,4x4,side_left,-1,-1,-1,-1,-1,-1,-1,-1,-1,522,405,361,-1,312,319,275,1,0,0,0,0,0,0,0,0,1,1,1,0,1,1,1
2026-07-03T20:09:09.689,tof2,4x4,side_left,3028,3268,-1,3308,2137,1477,-1,3472,1686,974,1570,-1,1060,824,967,1048,1,1,0,1,1,1,1,1,1,1,1,0,1,1,1,1
2026-07-03T20:09:09.840,tof1,4x4,side_left,-1,-1,-1,-1,-1,430,442,-1,-1,522,405,362,-1,312,320,274,0,0,0,0,0,1,1,0,0,1,1,1,0,1,1,1
2026-07-03T20:09:09.883,tof2,4x4,side_left,3003,3269,-1,3300,-1,1477,-1,3472,1664,974,1570,-1,-1,824,-1,1048,1,1,0,1,0,1,1,1,1,1,1,0,1,1,1,1
2026-07-03T20:09:10.012,tof1,4x4,side_left,-1,-1,-1,-1,-1,-1,-1,-1,-1,521,404,362,-1,312,321,274,0,0,0,0,0,0,0,0,0,1,1,1,0,1,1,1
2026-07-03T20:09:10.047,tof2,4x4,side_left,3003,3268,-1,3295,-1,1477,-1,3472,1664,970,1570,-1,1062,823,-1,1050,1,1,0,1,1,1,0,1,1,1,1,1,1,1,1,1
2026-07-03T20:09:10.169,tof1,4x4,side_left,-1,-1,-1,-1,-1,-1,441,-1,-1,521,404,362,-1,311,321,274,0,0,0,0,0,0,1,0,0,1,1,1,0,1,1,1
2026-07-03T20:09:10.212,tof2,4x4,side_left,2999,3264,-1,3274,-1,1478,2195,3472,1664,970,1570,-1,1062,823,-1,1050,1,1,0,1,0,1,1,1,1,1,1,1,1,1,1,1
2026-07-03T20:09:10.321,tof1,4x4,side_left,-1,-1,-1,-1,-1,-1,-1,-1,-1,518,403,361,-1,311,320,274,0,0,0,0,0,0,0,0,0,1,1,1,0,1,1,1
2026-07-03T20:09:10.401,tof2,4x4,side_left,2999,3268,3312,3295,2137,1478,2187,2826,-1,971,1573,-1,1067,823,-1,1050,1,1,1,1,1,1,1,1,1,1,1,0,1,1,1,1
2026-07-03T20:09:10.497,tof1,4x4,side_left,-1,-1,-1,-1,-1,-1,-1,-1,-1,518,403,362,-1,312,321,274,1,0,0,0,0,0,0,0,0,1,1,1,1,1,1,1
2026-07-03T20:09:10.566,tof2,4x4,side_left,-1,3264,-1,3295,-1,1478,-1,2830,1649,971,1573,-1,1062,823,-1,1047,0,1,1,1,1,1,1,1,1,1,1,0,1,1,1,1
2026-07-03T20:09:10.659,tof1,4x4,side_left,-1,-1,-1,-1,-1,-1,439,-1,-1,518,403,361,-1,314,323,276,0,0,0,0,0,0,1,0,0,1,1,1,0,1,1,1
2026-07-03T20:09:10.719,tof2,4x4,side_left,2984,3254,3312,3295,-1,1478,-1,2830,1649,971,1573,-1,-1,822,-1,1047,1,1,1,1,1,1,0,1,1,1,1,0,1,1,1,1
2026-07-03T20:09:10.839,tof1,4x4,side_left,-1,-1,-1,-1,-1,-1,439,-1,-1,517,404,361,-1,314,321,274,1,0,0,0,0,0,1,0,0,1,1,1,0,1,1,1
2026-07-03T20:09:10.897,tof2,4x4,side_left,2999,3261,-1,3287,-1,1476,2168,2830,-1,971,1601,-1,1062,822,-1,1043,1,1,0,1,1,1,1,1,1,1,1,0,1,1,1,1
2026-07-03T20:09:10.993,tof1,4x4,side_left,-1,-1,-1,-1,-1,-1,-1,-1,-1,518,403,361,-1,314,321,274,0,0,0,0,0,0,0,0,0,1,1,1,0,1,1,1
2026-07-03T20:09:11.052,tof2,4x4,side_left,2969,3258,-1,3301,-1,1472,2168,2830,1649,971,1601,-1,1067,819,-1,1043,1,1,1,1,1,1,1,1,1,1,1,0,1,1,1,1
2026-07-03T20:09:12.134,tof1,4x4,side_left,-1,-1,-1,-1,-1,-1,-1,-1,-1,520,404,361,-1,314,321,274,0,0,0,0,0,0,0,0,0,1,1,1,0,1,1,1
2026-07-03T20:09:12.915,tof2,4x4,side_left,2976,3256,3312,3301,-1,1459,2168,2857,-1,986,1601,-1,1067,819,-1,1043,1,1,1,1,1,1,1,1,1,1,1,0,1,1,1,1
2026-07-03T20:09:13.321,tof1,4x4,side_left,-1,-1,-1,-1,-1,-1,437,-1,-1,520,404,361,-1,309,321,276,0,0,0,0,0,0,1,0,0,1,1,1,1,1,1,1
2026-07-03T20:09:13.444,tof2,4x4,side_left,2972,3258,3310,3301,-1,1451,-1,2857,1634,986,1601,-1,1062,819,-1,1043,1,1,1,1,0,1,1,1,1,1,1,0,1,1,1,1
2026-07-03T20:09:13.486,tof1,4x4,side_left,-1,-1,-1,-1,-1,-1,-1,-1,-1,520,404,360,-1,309,321,274,0,0,0,0,0,0,0,0,0,1,1,1,0,1,1,1
2026-07-03T20:09:13.613,tof2,4x4,side_left,2976,3258,-1,3301,-1,1451,-1,3426,1622,986,1601,-1,1057,821,-1,1046,1,1,0,1,0,1,0,1,1,1,1,0,1,1,1,1
2026-07-03T20:09:13.666,tof1,4x4,side_left,-1,-1,-1,-1,-1,-1,439,-1,-1,521,405,361,-1,301,320,274,0,0,0,0,0,0,1,0,0,1,1,1,0,1,1,1
2026-07-03T20:09:13.798,tof2,4x4,side_left,2972,3256,-1,3337,-1,1459,-1,3426,1634,986,1600,1342,-1,818,-1,1049,1,1,0,1,0,1,0,1,1,1,1,1,1,1,1,1
2026-07-03T20:09:13.845,tof1,4x4,side_left,-1,-1,-1,-1,-1,-1,-1,-1,-1,521,406,360,-1,309,320,276,0,0,0,0,0,0,0,0,0,1,1,1,0,1,1,1
2026-07-03T20:09:13.975,tof2,4x4,side_left,2976,3250,-1,3337,2138,1464,2168,3440,-1,986,1608,-1,1062,821,-1,1055,1,1,0,1,1,1,1,1,1,1,1,0,1,1,1,1
2026-07-03T20:09:14.007,tof1,4x4,side_left,-1,-1,-1,-1,-1,-1,443,-1,-1,521,406,360,-1,312,320,276,0,0,0,0,0,0,1,0,0,1,1,1,0,1,1,1
2026-07-03T20:09:14.129,tof2,4x4,side_left,2972,3250,-1,3335,2137,1482,2172,3462,-1,-1,1583,-1,1057,827,-1,1055,1,1,0,1,1,1,1,1,0,1,1,0,1,1,1,1
2026-07-03T20:09:14.187,tof1,4x4,side_left,-1,-1,-1,-1,-1,-1,443,-1,-1,518,405,361,-1,316,320,275,0,0,0,0,0,0,1,0,0,1,1,1,0,1,1,1
2026-07-03T20:09:14.297,tof2,4x4,side_left,-1,3250,-1,3335,-1,1482,2180,3470,1590,964,1583,-1,1057,827,-1,1051,0,1,0,1,0,1,1,1,1,1,1,0,1,1,1,1
2026-07-03T20:09:14.351,tof1,4x4,side_left,-1,-1,-1,-1,-1,-1,-1,-1,-1,520,405,361,-1,316,319,276,0,0,0,0,0,0,0,0,0,1,1,1,0,1,1,1
2026-07-03T20:09:14.492,tof2,4x4,side_left,-1,3251,3310,3325,-1,1482,2172,3486,1590,960,1581,-1,1060,822,-1,1052,1,1,1,1,1,1,1,1,1,1,1,0,1,1,1,1
2026-07-03T20:09:14.550,tof1,4x4,side_left,-1,-1,-1,-1,-1,-1,-1,-1,-1,520,405,361,-1,316,319,277,0,1,0,0,0,0,0,0,0,1,1,1,0,1,1,1
2026-07-03T20:09:14.667,tof2,4x4,side_left,3038,3259,-1,3325,-1,1470,2162,3486,-1,960,1581,-1,1060,822,967,1051,1,1,1,1,1,1,1,1,1,1,1,1,1,1,1,1
2026-07-03T20:09:14.715,tof1,4x4,side_left,-1,-1,-1,-1,-1,-1,442,-1,-1,520,405,361,-1,317,320,277,0,0,0,0,0,0,1,0,0,1,1,1,1,1,1,1
2026-07-03T20:09:14.822,tof2,4x4,side_left,2984,3259,-1,3300,-1,1470,2162,3487,1590,964,1581,-1,1058,820,-1,1050,1,1,0,1,0,1,1,1,1,1,1,0,1,1,1,1
2026-07-03T20:09:14.883,tof1,4x4,side_left,-1,-1,-1,-1,-1,-1,442,-1,-1,520,405,361,-1,317,321,275,0,0,0,0,0,0,1,0,0,1,1,1,0,1,1,1
2026-07-03T20:09:14.984,tof2,4x4,side_left,2984,3265,-1,3300,2138,1470,2158,3506,-1,966,1583,-1,1060,819,-1,1050,1,1,1,1,1,1,1,1,1,1,1,0,1,1,1,1
2026-07-03T20:09:15.044,tof1,4x4,side_left,-1,-1,-1,-1,-1,-1,442,-1,-1,520,405,361,1117,315,321,277,0,0,0,0,0,0,1,0,0,1,1,1,1,1,1,1
2026-07-03T20:09:15.140,tof2,4x4,side_left,2984,3265,-1,3300,-1,1484,2158,3506,1579,971,1583,-1,-1,818,957,1050,1,1,0,1,0,1,1,1,1,1,1,0,1,1,1,1
2026-07-03T20:09:15.217,tof1,4x4,side_left,-1,-1,-1,-1,-1,437,440,-1,-1,520,405,360,-1,315,321,277,0,0,0,0,0,1,1,0,0,1,1,1,0,1,1,1
2026-07-03T20:09:15.325,tof2,4x4,side_left,3042,3268,-1,3303,-1,-1,-1,3506,1561,972,1583,1359,-1,817,-1,1049,1,1,0,1,1,0,1,1,1,1,1,1,1,1,1,1
2026-07-03T20:09:15.380,tof1,4x4,side_left,-1,-1,-1,-1,-1,-1,440,-1,-1,519,405,361,-1,315,321,276,0,0,0,0,0,0,1,0,0,1,1,1,0,1,1,1
2026-07-03T20:09:15.491,tof2,4x4,side_left,2984,3268,-1,3303,-1,-1,-1,3482,1540,972,1586,-1,1060,817,-1,1049,1,1,0,1,0,0,0,1,1,1,1,0,1,1,1,1
2026-07-03T20:09:15.547,tof1,4x4,side_left,-1,-1,-1,-1,-1,-1,-1,-1,-1,519,404,361,-1,314,322,277,0,0,0,0,0,0,0,0,0,1,1,1,0,1,1,1
2026-07-03T20:09:15.648,tof2,4x4,side_left,2976,3268,-1,3310,2138,-1,-1,3474,1540,968,1583,-1,-1,817,-1,1055,1,1,0,1,1,0,0,1,1,1,1,1,1,1,1,1
2026-07-03T20:09:15.707,tof1,4x4,side_left,-1,-1,-1,-1,-1,437,440,-1,-1,519,404,361,-1,314,321,277,0,0,0,1,0,1,1,0,0,1,1,1,1,1,1,1
2026-07-03T20:09:15.820,tof2,4x4,side_left,2976,3268,-1,3310,-1,-1,-1,3442,1540,968,1588,-1,1058,817,-1,1051,1,1,0,1,0,0,0,1,1,1,1,0,1,1,1,1
2026-07-03T20:09:15.891,tof1,4x4,side_left,-1,-1,-1,-1,-1,-1,440,-1,-1,519,404,361,-1,313,322,276,0,0,0,1,0,0,1,0,0,1,1,1,0,1,1,1
2026-07-03T20:09:15.972,tof2,4x4,side_left,2976,3264,-1,3328,-1,-1,-1,3442,-1,965,1580,-1,-1,817,-1,1051,1,1,0,1,0,1,1,1,1,1,1,1,1,1,1,1
2026-07-03T20:09:16.044,tof1,4x4,side_left,-1,-1,-1,-1,-1,-1,-1,-1,-1,522,404,361,-1,313,322,276,0,0,0,1,0,0,0,1,0,1,1,1,0,1,1,1
2026-07-03T20:09:16.129,tof2,4x4,side_left,2976,3264,-1,3328,-1,-1,-1,3442,1603,965,1610,-1,1059,822,-1,1051,1,1,0,1,0,0,1,1,1,1,1,0,1,1,1,1
2026-07-03T20:09:16.209,tof1,4x4,side_left,-1,-1,-1,-1,-1,-1,440,-1,-1,522,404,361,-1,299,324,276,0,0,0,0,0,0,1,0,0,1,1,1,0,1,1,1
2026-07-03T20:09:16.294,tof2,4x4,side_left,2989,3256,-1,3328,-1,-1,-1,3442,1603,965,1605,-1,1060,821,957,1050,1,1,1,1,0,0,0,1,1,1,1,0,1,1,1,1
2026-07-03T20:09:16.366,tof1,4x4,side_left,-1,-1,-1,-1,-1,-1,440,-1,-1,522,404,361,-1,299,321,276,0,0,0,0,0,0,1,0,0,1,1,1,0,1,1,1
2026-07-03T20:09:16.448,tof2,4x4,side_left,2996,3256,-1,3334,2153,-1,-1,3463,1621,967,1605,-1,1060,821,-1,1050,1,1,0,1,1,0,0,1,1,1,1,0,1,1,1,1
2026-07-03T20:09:16.555,tof1,4x4,side_left,-1,-1,-1,-1,-1,-1,-1,-1,-1,522,404,361,-1,314,320,276,0,0,0,0,0,0,0,0,0,1,1,1,0,1,1,1
2026-07-03T20:09:16.621,tof2,4x4,side_left,2996,3256,-1,3301,-1,-1,-1,3463,1621,977,1605,-1,-1,822,966,1050,1,1,1,1,1,0,0,1,1,1,1,0,1,1,1,1
2026-07-03T20:09:16.708,tof1,4x4,side_left,-1,-1,-1,-1,-1,-1,-1,-1,-1,522,405,361,-1,316,319,276,0,0,0,1,0,0,0,0,0,1,1,1,0,1,1,1
2026-07-03T20:09:16.771,tof2,4x4,side_left,-1,3266,-1,3301,-1,-1,2158,3450,-1,977,1610,-1,-1,822,-1,1050,0,1,0,1,0,0,1,1,1,1,1,0,1,1,1,1
2026-07-03T20:09:16.874,tof1,4x4,side_left,-1,-1,-1,-1,-1,-1,-1,-1,-1,520,405,362,-1,314,318,276,0,0,0,0,0,0,0,0,0,1,1,1,1,1,1,1
2026-07-03T20:09:16.957,tof2,4x4,side_left,2996,3252,-1,3301,-1,-1,-1,2784,-1,967,1614,-1,1059,822,973,1054,1,1,0,1,0,1,0,1,1,1,1,0,1,1,1,1
2026-07-03T20:09:17.040,tof1,4x4,side_left,-1,-1,-1,-1,-1,-1,-1,-1,-1,522,405,362,-1,314,317,276,0,0,0,0,0,0,0,0,0,1,1,1,0,1,1,1
2026-07-03T20:09:17.119,tof2,4x4,side_left,2996,3273,3310,3296,-1,-1,-1,2798,1603,966,1633,-1,1060,822,-1,1054,1,1,1,1,0,1,1,1,1,1,1,0,1,1,1,1
2026-07-03T20:09:17.218,tof1,4x4,side_left,-1,-1,-1,-1,-1,-1,440,-1,-1,522,405,361,-1,313,317,274,0,0,0,0,0,0,1,0,0,1,1,1,0,1,1,1
2026-07-03T20:09:17.282,tof2,4x4,side_left,2996,3273,-1,3296,-1,-1,-1,2780,1610,966,1633,-1,1060,819,-1,1048,1,1,1,1,1,0,0,1,1,1,1,0,1,1,1,1
2026-07-03T20:09:17.371,tof1,4x4,side_left,-1,-1,-1,-1,-1,-1,-1,-1,-1,524,405,361,-1,301,317,274,0,0,0,1,0,0,0,0,0,1,1,1,1,1,1,1
2026-07-03T20:09:17.454,tof2,4x4,side_left,2982,3252,-1,-1,2156,1484,-1,2772,1610,962,1614,-1,1061,819,-1,1048,1,1,1,1,1,1,0,1,1,1,1,0,1,1,1,1
2026-07-03T20:09:17.551,tof1,4x4,side_left,-1,-1,-1,-1,-1,-1,435,-1,-1,521,406,361,-1,301,317,274,0,0,0,0,0,0,1,0,0,1,1,1,0,1,1,1
2026-07-03T20:09:17.627,tof2,4x4,side_left,2987,3249,-1,3296,-1,1484,-1,2780,1610,966,1593,-1,1066,819,-1,1047,1,1,0,1,0,1,0,1,1,1,1,0,1,1,1,1
2026-07-03T20:09:17.712,tof1,4x4,side_left,-1,-1,-1,-1,-1,-1,440,-1,-1,521,406,360,-1,301,318,274,0,0,0,0,0,0,1,0,0,1,1,1,0,1,1,1
2026-07-03T20:09:17.784,tof2,4x4,side_left,-1,3251,-1,3316,-1,1469,-1,2798,1608,966,1593,-1,1066,822,966,1047,0,1,1,1,1,1,1,1,1,1,1,1,1,1,1,1
2026-07-03T20:09:17.881,tof1,4x4,side_left,-1,-1,-1,-1,-1,-1,440,-1,-1,521,405,360,-1,308,322,274,0,0,0,0,0,0,1,0,0,1,1,1,0,1,1,1
2026-07-03T20:09:17.950,tof2,4x4,side_left,2987,3251,-1,3298,2156,1469,-1,2780,-1,968,1586,-1,1066,822,983,1050,1,1,0,1,1,1,0,1,1,1,1,0,1,1,1,1
2026-07-03T20:09:18.041,tof1,4x4,side_left,-1,-1,-1,-1,-1,-1,441,-1,-1,521,405,360,-1,308,322,274,0,0,0,0,0,0,1,0,0,1,1,1,1,1,1,1
2026-07-03T20:09:18.101,tof2,4x4,side_left,2990,3252,3310,3316,2155,1469,-1,2801,1608,966,1589,-1,1063,822,-1,1050,1,1,1,1,1,1,1,1,1,1,1,1,1,1,1,1
2026-07-03T20:09:18.203,tof1,4x4,side_left,-1,-1,-1,-1,-1,-1,443,-1,-1,521,406,360,-1,308,318,274,0,0,0,0,0,0,1,0,0,1,1,1,1,1,1,1
2026-07-03T20:09:18.261,tof2,4x4,side_left,2990,3251,-1,3324,-1,1473,-1,3450,-1,966,1589,-1,-1,820,966,1050,1,1,0,1,1,1,0,1,1,1,1,0,1,1,1,1
2026-07-03T20:09:18.375,tof1,4x4,side_left,-1,-1,-1,-1,-1,-1,-1,-1,-1,521,405,361,-1,308,322,274,0,0,0,0,0,0,0,0,0,1,1,1,0,1,1,1
2026-07-03T20:09:18.421,tof2,4x4,side_left,-1,3253,-1,3324,-1,1478,-1,2801,1608,964,1589,-1,1062,819,-1,1050,0,1,1,1,0,1,0,1,1,1,1,0,1,1,1,1
2026-07-03T20:09:18.535,tof1,4x4,side_left,-1,-1,-1,-1,-1,-1,-1,-1,-1,521,405,361,-1,308,321,276,0,1,0,0,0,0,0,0,0,1,1,1,0,1,1,1
2026-07-03T20:09:18.580,tof2,4x4,side_left,2996,3253,-1,3319,2153,1478,2181,2801,1628,964,1589,-1,-1,819,-1,1050,1,1,0,1,1,1,1,1,1,1,1,1,1,1,1,1
2026-07-03T20:09:18.689,tof1,4x4,side_left,-1,-1,-1,-1,-1,-1,-1,-1,-1,521,406,361,-1,308,318,274,0,0,0,0,0,0,0,0,0,1,1,1,0,1,1,1
2026-07-03T20:09:18.738,tof2,4x4,side_left,2996,3253,-1,-1,-1,1479,-1,2801,1628,959,1589,-1,1061,820,-1,1050,1,1,0,1,0,1,0,1,1,1,1,1,1,1,1,1
2026-07-03T20:09:18.852,tof1,4x4,side_left,-1,-1,-1,-1,-1,-1,-1,-1,-1,521,405,361,-1,313,318,276,0,0,0,0,0,0,0,0,0,1,1,1,0,1,1,1
2026-07-03T20:09:18.922,tof2,4x4,side_left,2996,3247,-1,3319,-1,1487,2195,2776,-1,964,1598,1342,-1,820,-1,1052,1,1,0,1,0,1,1,1,1,1,1,1,1,1,1,1
