timestamp,sensor,resolution,label,d0,d1,d2,d3,d4,d5,d6,d7,d8,d9,d10,d11,d12,d13,d14,d15,t0,t1,t2,t3,t4,t5,t6,t7,t8,t9,t10,t11,t12,t13,t14,t15
2026-07-03T19:37:07.830,tof1,4x4,lying,-1,-1,-1,-1,-1,-1,-1,-1,206,219,-1,1907,191,194,203,212,1,0,0,1,0,0,0,0,1,1,0,1,1,1,1,1
2026-07-03T19:37:08.156,tof2,4x4,lying,2980,3255,-1,3310,2152,2201,1264,2774,1598,1438,951,863,1098,-1,-1,921,1,1,0,1,1,1,1,1,1,1,1,1,1,1,1,1
2026-07-03T19:37:08.332,tof2,4x4,lying,3004,3250,-1,3321,2068,2174,-1,2723,1472,1534,984,856,-1,928,1040,920,1,1,0,1,1,1,0,1,1,1,1,1,1,1,1,1
2026-07-03T19:37:08.540,tof2,4x4,lying,-1,3266,-1,3290,2145,2078,-1,2750,-1,1489,921,856,1074,943,1037,932,0,1,1,1,1,1,0,1,1,1,1,1,1,1,1,1
2026-07-03T19:37:08.716,tof2,4x4,lying,3012,3250,-1,3311,2127,-1,1337,2798,1478,1489,969,853,-1,939,1040,925,1,1,1,1,1,1,1,1,1,1,1,1,1,1,1,1
2026-07-03T19:37:08.911,tof2,4x4,lying,3006,3266,-1,3323,2104,2102,-1,2724,1507,1391,937,851,-1,951,1039,921,1,1,0,1,1,1,0,1,1,1,1,1,1,1,1,1
2026-07-03T19:37:09.120,tof2,4x4,lying,3020,3261,3346,3323,2144,-1,-1,2768,-1,1490,1009,853,1095,952,1037,928,1,1,1,1,1,1,0,1,1,1,1,1,1,1,1,1
2026-07-03T19:37:09.317,tof2,4x4,lying,2869,3257,-1,3313,2141,-1,-1,2747,-1,-1,974,850,1100,953,1033,920,1,1,1,1,1,1,0,1,1,1,1,1,1,1,1,1
2026-07-03T19:37:09.553,tof2,4x4,lying,2969,3255,3254,3330,2166,-1,-1,2750,1521,1549,940,871,1083,921,1044,930,1,1,1,1,1,1,1,1,1,1,1,1,1,1,1,1
2026-07-03T19:37:09.783,tof2,4x4,lying,2993,3252,-1,3316,2101,1765,1315,2781,1429,1487,935,847,1085,930,1038,921,1,1,1,1,1,1,1,1,1,1,1,1,1,1,1,1
2026-07-03T19:37:09.972,tof2,4x4,lying,2914,3253,-1,3277,2133,2069,1248,2712,1433,1555,976,858,1085,959,1029,931,1,1,0,1,1,1,1,1,1,1,1,1,1,1,1,1
2026-07-03T19:37:10.181,tof2,4x4,lying,3000,3258,-1,3311,2087,2067,-1,842,1444,1533,971,858,1090,-1,1039,917,1,1,1,1,1,1,0,1,1,1,1,1,1,1,1,1
2026-07-03T19:37:10.377,tof2,4x4,lying,2893,3260,-1,3322,-1,1915,-1,2730,1369,1553,937,854,1089,918,1030,920,1,1,0,1,0,1,0,1,1,1,1,1,1,1,1,1
2026-07-03T19:37:10.570,tof2,4x4,lying,2997,3258,3267,3293,2145,1998,-1,2760,-1,1552,972,855,-1,930,1039,922,1,1,1,1,1,1,0,1,1,1,1,1,1,1,1,1
2026-07-03T19:37:10.748,tof2,4x4,lying,2997,3260,-1,3320,2122,-1,-1,2720,-1,1503,934,854,-1,930,1038,920,1,1,0,1,1,1,1,1,1,1,1,1,1,1,1,1
2026-07-03T19:37:10.902,tof2,4x4,lying,2962,3252,-1,3343,2079,-1,1372,2742,1493,-1,929,844,-1,924,1036,915,1,1,0,1,1,1,1,1,1,1,1,1,1,1,1,1
2026-07-03T19:37:10.964,tof1,4x4,lying,-1,-1,-1,-1,-1,-1,-1,-1,205,218,2039,-1,190,194,205,211,0,0,0,0,0,0,0,0,1,1,1,1,1,1,1,1
2026-07-03T19:37:11.089,tof2,4x4,lying,-1,3248,-1,3310,2159,-1,-1,2711,1410,1523,1007,846,1091,-1,1038,924,0,1,0,1,1,1,0,1,1,1,1,1,1,1,1,1
2026-07-03T19:37:11.183,tof1,4x4,lying,-1,-1,-1,-1,-1,-1,-1,-1,207,221,1952,-1,191,195,205,211,0,0,0,0,0,0,0,0,1,1,1,0,1,1,1,1
2026-07-03T19:37:11.374,tof2,4x4,lying,2977,3261,-1,3303,2178,2075,-1,2765,-1,1558,950,848,1089,927,1036,-1,1,1,1,1,1,1,1,1,1,1,1,1,1,1,1,1
2026-07-03T19:37:11.975,tof1,4x4,lying,-1,-1,-1,-1,-1,-1,306,-1,205,217,-1,1990,190,195,204,212,0,0,0,0,0,0,1,0,1,1,0,1,1,1,1,1
2026-07-03T19:37:12.848,tof2,4x4,lying,3048,3258,3234,3305,-1,-1,-1,2784,-1,1514,1147,840,1090,-1,1016,834,1,1,1,1,1,1,1,1,1,1,1,1,1,1,1,1
2026-07-03T19:37:13.358,tof1,4x4,lying,-1,-1,-1,-1,-1,-1,-1,-1,206,221,-1,-1,190,198,205,215,0,0,0,0,0,0,0,0,1,1,0,1,1,1,1,1
2026-07-03T19:37:13.362,tof2,4x4,lying,-1,3250,-1,3311,-1,-1,1308,3374,1627,1493,1229,835,1097,915,-1,818,0,1,1,1,0,0,1,1,1,1,1,1,1,1,1,1
2026-07-03T19:37:13.562,tof1,4x4,lying,-1,-1,-1,-1,-1,-1,-1,-1,207,220,-1,-1,191,194,204,215,0,0,0,0,0,0,0,0,1,1,1,1,1,1,1,1
2026-07-03T19:37:13.622,tof2,4x4,lying,2999,3275,-1,3327,-1,-1,-1,2749,1476,1504,-1,876,1088,942,1004,815,1,1,0,1,0,1,1,1,1,1,0,1,1,1,1,1
2026-07-03T19:37:13.799,tof1,4x4,lying,-1,-1,-1,-1,-1,-1,-1,-1,209,221,-1,-1,192,195,205,213,0,0,0,0,0,0,1,0,1,1,0,0,1,1,1,1
2026-07-03T19:37:13.847,tof2,4x4,lying,2983,3267,-1,3288,-1,-1,-1,2720,1516,1488,1250,922,1087,978,1024,840,1,1,0,1,0,0,0,1,1,1,1,1,1,1,1,1
2026-07-03T19:37:14.026,tof1,4x4,lying,-1,301,-1,-1,-1,-1,-1,-1,207,220,-1,-1,192,194,205,216,0,1,0,0,0,0,1,0,1,1,0,1,1,1,1,1
2026-07-03T19:37:14.055,tof2,4x4,lying,-1,3253,-1,3348,2125,-1,-1,2775,1578,1526,-1,875,-1,959,-1,827,0,1,1,1,1,0,1,1,1,1,0,1,1,1,1,1
2026-07-03T19:37:14.233,tof1,4x4,lying,-1,-1,-1,-1,-1,-1,-1,-1,205,221,-1,-1,192,195,205,217,0,0,0,0,0,0,1,0,1,1,0,1,1,1,1,1
2026-07-03T19:37:14.254,tof2,4x4,lying,3002,3261,-1,3286,-1,-1,-1,2736,1448,-1,1230,917,1087,978,-1,810,1,1,0,1,0,0,1,1,1,1,1,1,1,1,1,1
2026-07-03T19:37:14.414,tof1,4x4,lying,-1,-1,-1,-1,-1,-1,-1,-1,207,218,-1,-1,190,195,205,215,0,0,0,0,0,0,0,0,1,1,0,0,1,1,1,1
2026-07-03T19:37:14.477,tof2,4x4,lying,3002,3252,-1,3314,2120,-1,-1,2750,1473,1526,1245,-1,1097,-1,-1,827,1,1,0,1,1,0,0,1,1,1,1,0,1,1,1,1
2026-07-03T19:37:14.701,tof1,4x4,lying,-1,-1,-1,-1,-1,-1,-1,-1,205,218,-1,2075,189,193,202,210,0,0,0,0,0,0,0,0,1,1,0,1,1,1,1,1
2026-07-03T19:37:14.754,tof2,4x4,lying,2941,3271,-1,3315,2108,-1,-1,2741,1424,-1,-1,-1,1091,930,998,884,1,1,0,1,1,0,0,1,1,1,0,0,1,1,1,1
2026-07-03T19:37:14.881,tof1,4x4,lying,-1,-1,-1,-1,-1,-1,-1,-1,210,224,1950,-1,196,200,211,222,0,0,0,0,0,0,0,0,1,1,1,0,1,1,1,1
2026-07-03T19:37:14.978,tof2,4x4,lying,2972,3255,3323,3344,2037,-1,-1,2789,1414,1534,-1,-1,-1,-1,1006,884,1,1,1,1,1,0,0,1,1,1,0,0,1,1,1,1
2026-07-03T19:37:15.058,tof1,4x4,lying,-1,-1,-1,-1,-1,-1,-1,-1,209,224,-1,2073,195,200,209,220,0,0,0,0,0,0,0,0,1,1,0,1,1,1,1,1
2026-07-03T19:37:15.157,tof2,4x4,lying,3042,3261,-1,3296,2227,-1,1420,2757,1626,-1,1236,-1,1076,-1,1002,900,1,1,0,1,1,0,1,1,1,1,1,0,1,1,1,1
2026-07-03T19:37:15.254,tof1,4x4,lying,-1,-1,-1,-1,-1,-1,-1,-1,208,223,-1,-1,193,199,211,220,0,0,0,0,0,0,0,0,1,1,0,0,1,1,1,1
2026-07-03T19:37:15.321,tof2,4x4,lying,2977,3262,3325,3287,2120,-1,-1,2732,1432,1511,1312,-1,1085,954,994,896,1,1,1,1,1,1,1,1,1,1,1,0,1,1,1,1
2026-07-03T19:37:15.415,tof1,4x4,lying,-1,-1,-1,-1,-1,-1,-1,-1,210,220,-1,-1,193,198,210,218,0,0,0,0,0,0,0,0,1,1,1,0,1,1,1,1
2026-07-03T19:37:15.495,tof2,4x4,lying,3001,3253,-1,3295,2112,1792,1372,2780,1469,1520,1292,-1,1090,893,1010,898,1,1,0,1,1,1,1,1,1,1,1,0,1,1,1,1
2026-07-03T19:37:15.585,tof1,4x4,lying,-1,-1,-1,-1,-1,-1,-1,-1,211,225,-1,-1,194,201,211,220,0,0,0,0,0,0,0,0,1,1,1,1,1,1,1,1
2026-07-03T19:37:15.667,tof2,4x4,lying,2970,3258,-1,3288,2111,-1,1318,2784,-1,1569,-1,-1,1079,912,1008,890,1,1,0,1,1,0,1,1,1,1,0,0,1,1,1,1
2026-07-03T19:37:15.744,tof1,4x4,lying,-1,-1,-1,-1,-1,-1,-1,-1,212,226,-1,-1,196,200,210,220,1,0,0,0,0,0,0,0,1,1,0,1,1,1,1,1
2026-07-03T19:37:15.816,tof2,4x4,lying,3041,3257,3275,3311,2136,-1,1345,2763,1454,1520,-1,-1,-1,923,1013,899,1,1,1,1,1,1,1,1,1,1,0,0,1,1,1,1
2026-07-03T19:37:15.900,tof1,4x4,lying,-1,-1,-1,-1,-1,-1,-1,-1,213,225,1967,-1,198,203,211,223,0,0,0,0,0,0,0,0,1,1,1,1,1,1,1,1
2026-07-03T19:37:15.976,tof2,4x4,lying,3009,3250,-1,3326,2113,-1,1306,2765,-1,-1,1266,-1,941,971,1020,890,1,1,0,1,1,0,1,1,1,1,1,0,1,1,1,1
2026-07-03T19:37:16.069,tof1,4x4,lying,-1,-1,-1,-1,-1,-1,-1,-1,214,227,-1,-1,199,202,212,222,0,0,0,0,0,0,0,0,1,1,0,0,1,1,1,1
2026-07-03T19:37:16.243,tof1,4x4,lying,-1,-1,-1,-1,-1,-1,-1,-1,213,228,-1,-1,197,203,211,222,1,0,0,0,0,0,0,0,1,1,0,0,1,1,1,1
2026-07-03T19:37:16.154,tof2,4x4,lying,2983,3248,-1,3295,2170,-1,-1,2753,1503,1133,-1,-1,-1,1014,1016,901,1,1,1,1,1,1,1,1,1,1,0,0,1,1,1,1
2026-07-03T19:37:16.320,tof2,4x4,lying,3078,3238,-1,3282,2094,1906,-1,2760,1170,1102,-1,-1,-1,1021,1034,895,1,1,0,1,1,1,0,1,1,1,0,0,1,1,1,1
2026-07-03T19:37:16.407,tof1,4x4,lying,-1,-1,-1,-1,-1,-1,-1,-1,214,226,1980,-1,196,202,212,220,0,0,0,0,0,0,0,0,1,1,1,0,1,1,1,1
2026-07-03T19:37:16.489,tof2,4x4,lying,-1,3259,-1,3270,2116,2106,-1,2727,1654,-1,-1,-1,1037,986,1000,902,1,1,0,1,1,1,1,1,1,1,0,0,1,1,1,1
2026-07-03T19:37:16.594,tof1,4x4,lying,-1,-1,-1,-1,-1,-1,-1,-1,213,226,-1,-1,194,200,208,220,0,0,0,0,0,0,0,0,1,1,1,1,1,1,1,1
2026-07-03T19:37:16.651,tof2,4x4,lying,2934,3262,-1,3306,2139,2097,-1,2727,1651,-1,-1,-1,1029,980,993,897,1,1,0,1,1,1,1,1,1,1,0,0,1,1,1,1
2026-07-03T19:37:16.790,tof1,4x4,lying,-1,-1,-1,-1,-1,-1,-1,-1,208,222,-1,-1,192,198,206,216,0,0,0,0,0,0,0,0,1,1,0,1,1,1,1,1
2026-07-03T19:37:16.826,tof2,4x4,lying,-1,3269,-1,3286,2134,2085,-1,2785,1619,-1,-1,-1,-1,957,997,894,1,1,0,1,1,1,0,1,1,1,0,0,1,1,1,1
2026-07-03T19:37:16.956,tof1,4x4,lying,-1,-1,-1,-1,-1,-1,-1,-1,208,221,-1,-1,193,198,205,216,0,0,0,0,0,0,0,0,1,1,0,0,1,1,1,1
2026-07-03T19:37:17.000,tof2,4x4,lying,3015,3261,-1,3302,2077,1989,1348,2731,1685,1542,-1,-1,-1,922,1008,899,1,1,1,1,1,1,1,1,1,1,0,1,1,1,1,1
2026-07-03T19:37:17.129,tof1,4x4,lying,-1,-1,-1,-1,-1,-1,-1,-1,208,223,1953,-1,193,197,208,217,0,0,0,0,0,0,0,0,1,1,1,0,1,1,1,1
2026-07-03T19:37:17.170,tof2,4x4,lying,3003,3258,-1,3319,2138,2062,1277,-1,-1,1544,-1,-1,-1,896,1009,886,1,1,0,1,1,1,1,1,1,1,0,1,1,1,1,1
2026-07-03T19:37:17.295,tof1,4x4,lying,-1,-1,-1,-1,-1,-1,-1,-1,208,223,-1,-1,193,199,207,215,0,0,0,0,0,0,0,0,1,1,1,0,1,1,1,1
2026-07-03T19:37:17.345,tof2,4x4,lying,-1,3248,-1,3307,2212,-1,1315,2752,1545,1504,-1,-1,1076,880,1013,899,1,1,0,1,1,1,1,1,1,1,0,0,1,1,1,1
2026-07-03T19:37:17.447,tof1,4x4,lying,-1,-1,-1,-1,-1,-1,-1,-1,208,223,-1,-1,193,197,207,217,0,0,0,0,0,0,0,0,1,1,0,0,1,1,1,1
2026-07-03T19:37:17.522,tof2,4x4,lying,3005,3258,-1,3332,2092,-1,-1,2726,-1,1486,-1,-1,-1,875,1008,901,1,1,1,1,1,1,1,1,1,1,0,0,1,1,1,1
2026-07-03T19:37:17.639,tof1,4x4,lying,3383,-1,-1,-1,-1,-1,-1,-1,210,223,-1,-1,194,197,209,216,1,0,0,1,0,0,0,0,1,1,1,0,1,1,1,1
2026-07-03T19:37:17.701,tof2,4x4,lying,3019,3258,-1,3250,2148,2018,-1,2766,1490,1480,-1,-1,1094,876,999,906,1,1,0,1,1,1,1,1,1,1,0,0,1,1,1,1
2026-07-03T19:37:17.824,tof1,4x4,lying,3328,-1,-1,-1,-1,-1,-1,-1,209,222,-1,-1,193,198,208,218,1,0,0,0,0,0,0,0,1,1,1,0,1,1,1,1
2026-07-03T19:37:17.861,tof2,4x4,lying,2987,3248,-1,3306,2129,1957,1355,2748,1465,1474,-1,-1,1080,926,1004,895,1,1,0,1,1,1,1,1,1,1,0,0,1,1,1,1
2026-07-03T19:37:18.020,tof1,4x4,lying,-1,-1,-1,-1,-1,-1,-1,-1,209,223,-1,-1,193,198,209,219,0,0,0,0,0,0,0,0,1,1,1,0,1,1,1,1
2026-07-03T19:37:18.024,tof2,4x4,lying,2994,3243,3311,3310,2078,-1,1344,2754,1679,1563,-1,-1,1085,924,965,899,1,1,1,1,1,1,1,1,1,1,0,0,1,1,1,1
2026-07-03T19:37:18.179,tof1,4x4,lying,-1,-1,-1,-1,-1,-1,-1,-1,209,222,1990,-1,193,196,207,218,0,0,0,0,0,0,0,0,1,1,1,1,1,1,1,1
2026-07-03T19:37:18.213,tof2,4x4,lying,2991,3262,-1,3306,2141,1947,-1,2785,1629,-1,-1,-1,1081,-1,942,892,1,1,0,1,1,1,0,1,1,1,0,0,1,1,1,1
2026-07-03T19:37:18.369,tof1,4x4,lying,-1,-1,-1,-1,-1,-1,-1,-1,209,222,1999,-1,192,197,206,217,0,0,0,0,0,0,0,0,1,1,1,1,1,1,1,1
2026-07-03T19:37:18.370,tof2,4x4,lying,3031,3259,-1,3296,-1,2143,1333,2745,-1,1502,1288,-1,1088,905,-1,888,1,1,0,1,1,1,1,1,1,1,1,0,1,1,1,1
2026-07-03T19:37:18.551,tof1,4x4,lying,-1,-1,-1,-1,-1,-1,-1,-1,213,225,1993,-1,195,201,210,220,0,0,0,0,0,0,0,0,1,1,1,0,1,1,1,1
2026-07-03T19:37:18.557,tof2,4x4,lying,2993,3266,-1,3296,2158,2103,1313,2761,-1,-1,1130,-1,-1,-1,980,893,1,1,0,1,1,1,1,1,1,1,1,0,1,1,1,1
2026-07-03T19:37:18.715,tof1,4x4,lying,-1,-1,-1,-1,-1,-1,-1,-1,209,223,1987,-1,194,199,208,220,0,0,0,0,0,0,0,0,1,1,1,0,1,1,1,1
2026-07-03T19:37:18.748,tof2,4x4,lying,3046,3266,-1,3259,2098,2099,-1,2755,-1,1536,-1,-1,1088,924,-1,913,1,1,0,1,1,1,1,1,1,1,0,0,1,1,1,1
2026-07-03T19:37:18.886,tof1,4x4,lying,-1,-1,-1,-1,-1,-1,-1,-1,211,225,-1,-1,195,200,209,220,0,0,0,0,0,0,1,0,1,1,0,0,1,1,1,1
2026-07-03T19:37:18.900,tof2,4x4,lying,2932,3262,-1,3297,2126,2084,1343,2758,1427,1498,-1,-1,-1,920,989,896,1,1,1,1,1,1,1,1,1,1,0,0,1,1,1,1
2026-07-03T19:37:19.057,tof1,4x4,lying,-1,-1,-1,-1,-1,-1,-1,-1,210,223,-1,-1,195,200,209,219,0,0,0,0,0,0,0,0,1,1,0,0,1,1,1,1
2026-07-03T19:37:19.066,tof2,4x4,lying,2939,3271,-1,3289,2126,2130,1314,2737,1453,1463,-1,-1,1074,935,971,901,1,1,1,1,1,1,1,1,1,1,0,0,1,1,1,1
2026-07-03T19:37:19.227,tof1,4x4,lying,-1,-1,-1,-1,-1,-1,-1,-1,212,224,-1,-1,195,200,209,220,1,0,0,0,0,0,0,0,1,1,1,0,1,1,1,1
2026-07-03T19:37:19.228,tof2,4x4,lying,3049,3265,-1,3320,2096,-1,-1,2740,1417,1478,-1,-1,1085,908,-1,896,1,1,0,1,1,1,0,1,1,1,0,0,1,1,1,1
2026-07-03T19:37:19.401,tof1,4x4,lying,-1,-1,-1,-1,-1,-1,-1,-1,213,225,1992,-1,196,201,210,220,0,0,0,0,0,0,0,0,1,1,1,0,1,1,1,1
2026-07-03T19:37:19.447,tof2,4x4,lying,-1,3262,3324,3276,2099,2096,-1,2729,-1,-1,1184,-1,1083,922,988,908,0,1,1,1,1,1,0,1,1,1,1,0,1,1,1,1
2026-07-03T19:37:19.555,tof1,4x4,lying,-1,-1,-1,-1,-1,-1,-1,-1,212,225,-1,2021,196,201,212,218,0,0,0,0,0,0,0,0,1,1,1,1,1,1,1,1
2026-07-03T19:37:19.595,tof2,4x4,lying,3035,3236,-1,3314,2174,-1,1331,2703,1528,-1,1293,-1,1086,933,-1,904,1,1,1,1,1,1,1,1,1,1,1,0,1,1,1,1
2026-07-03T19:37:19.725,tof1,4x4,lying,-1,-1,-1,-1,-1,-1,-1,-1,212,224,-1,-1,195,201,211,222,0,0,0,1,0,0,0,0,1,1,1,0,1,1,1,1
2026-07-03T19:37:19.773,tof2,4x4,lying,2906,3249,-1,3296,2175,2050,-1,2773,1423,1519,-1,-1,1080,934,998,894,1,1,1,1,1,1,0,1,1,1,0,0,1,1,1,1
2026-07-03T19:37:19.913,tof1,4x4,lying,-1,-1,-1,-1,-1,-1,-1,-1,210,225,1986,-1,196,199,210,223,0,0,0,0,0,0,0,0,1,1,1,0,1,1,1,1
2026-07-03T19:37:19.932,tof2,4x4,lying,3035,3245,-1,3335,2124,-1,1334,2746,1527,-1,1299,-1,1093,943,985,893,1,1,0,1,1,0,1,1,1,1,1,0,1,1,1,1
2026-07-03T19:37:20.078,tof1,4x4,lying,-1,-1,-1,-1,-1,-1,-1,-1,213,225,-1,-1,194,198,209,220,0,0,0,0,0,0,0,0,1,1,1,1,1,1,1,1
2026-07-03T19:37:20.106,tof2,4x4,lying,2974,3255,-1,3300,2162,2169,1389,2767,1436,-1,-1,-1,-1,892,967,888,1,1,0,1,1,1,1,1,1,1,0,0,1,1,1,1
2026-07-03T19:37:20.226,tof1,4x4,lying,-1,-1,-1,-1,-1,-1,-1,-1,210,223,-1,-1,196,201,210,219,1,0,0,0,0,0,0,0,1,1,1,0,1,1,1,1
2026-07-03T19:37:20.301,tof2,4x4,lying,3016,3263,-1,3310,2134,-1,-1,2735,1388,-1,1295,-1,-1,926,985,898,1,1,0,1,1,1,1,1,1,1,1,0,1,1,1,1
2026-07-03T19:37:20.389,tof1,4x4,lying,-1,-1,-1,-1,-1,-1,-1,-1,210,225,-1,-1,195,200,210,222,0,0,0,0,0,0,0,0,1,1,0,1,1,1,1,1
2026-07-03T19:37:20.545,tof1,4x4,lying,-1,-1,-1,-1,-1,-1,-1,-1,214,223,1961,1971,196,201,209,221,1,0,0,0,0,0,0,0,1,1,1,1,1,1,1,1
2026-07-03T19:37:20.469,tof2,4x4,lying,3021,3255,-1,3322,-1,1940,1299,2744,1403,1497,1269,-1,1095,-1,986,892,1,1,0,1,1,1,1,1,1,1,1,0,1,1,1,1
2026-07-03T19:37:20.625,tof2,4x4,lying,-1,3251,-1,3285,2125,2102,1362,2729,1474,-1,-1,-1,1086,913,-1,896,0,1,0,1,1,1,1,1,1,1,1,0,1,1,1,1
2026-07-03T19:37:20.712,tof1,4x4,lying,-1,-1,-1,-1,-1,-1,-1,-1,211,222,1976,-1,198,203,210,221,0,0,0,0,0,0,0,0,1,1,1,0,1,1,1,1
2026-07-03T19:37:20.783,tof2,4x4,lying,2986,3262,-1,3317,2130,-1,1390,2762,-1,1527,-1,-1,1086,923,985,908,1,1,1,1,1,1,1,1,1,1,0,0,1,1,1,1
2026-07-03T19:37:20.880,tof1,4x4,lying,-1,-1,-1,-1,-1,-1,-1,-1,211,228,-1,-1,195,201,211,223,0,0,0,0,0,0,0,0,1,1,0,0,1,1,1,1
2026-07-03T19:37:20.944,tof2,4x4,lying,3036,3269,-1,-1,2130,2147,1397,2742,1468,1485,-1,-1,1087,915,-1,902,1,1,0,1,1,1,1,1,1,1,1,0,1,1,1,1
2026-07-03T19:37:21.054,tof1,4x4,lying,-1,-1,-1,-1,-1,-1,-1,-1,211,225,-1,-1,197,200,210,221,0,0,0,0,0,0,0,0,1,1,1,0,1,1,1,1
2026-07-03T19:37:21.117,tof2,4x4,lying,3052,3255,3332,3286,-1,-1,-1,2747,-1,-1,1268,-1,1088,917,982,896,1,1,1,1,1,1,1,1,1,1,1,0,1,1,1,1
2026-07-03T19:37:21.220,tof1,4x4,lying,-1,-1,-1,-1,-1,-1,-1,-1,211,227,-1,-1,195,201,209,222,0,0,0,0,0,0,0,0,1,1,0,0,1,1,1,1
2026-07-03T19:37:21.275,tof2,4x4,lying,3077,3247,-1,3302,2135,-1,1320,2743,1433,1476,-1,-1,1087,922,993,907,1,1,0,1,1,1,1,1,1,1,0,0,1,1,1,1
2026-07-03T19:37:21.394,tof1,4x4,lying,-1,-1,-1,-1,-1,-1,-1,-1,211,226,2033,-1,195,201,209,220,0,0,0,0,0,0,0,0,1,1,1,1,1,1,1,1
2026-07-03T19:37:21.431,tof2,4x4,lying,2982,3253,-1,3321,-1,2072,1297,2793,1421,-1,-1,-1,1083,-1,980,885,1,1,0,1,1,1,1,1,1,1,0,0,1,1,1,1
2026-07-03T19:37:21.602,tof1,4x4,lying,-1,-1,-1,-1,-1,-1,-1,-1,212,226,1952,-1,195,199,211,221,0,0,0,0,0,0,0,0,1,1,1,0,1,1,1,1
2026-07-03T19:37:21.611,tof2,4x4,lying,3037,3255,-1,3263,2184,2052,-1,2753,1458,1491,1143,-1,1090,923,-1,895,1,1,1,1,1,1,0,1,1,1,1,0,1,1,1,1
2026-07-03T19:37:21.756,tof1,4x4,lying,-1,-1,-1,-1,-1,-1,-1,-1,211,223,-1,1986,195,201,210,217,0,0,0,0,0,0,0,0,1,1,1,1,1,1,1,1
2026-07-03T19:37:21.777,tof2,4x4,lying,2990,3275,-1,3309,2117,2012,-1,2733,1420,1527,-1,-1,1084,902,980,896,1,1,0,1,1,1,1,1,1,1,0,0,1,1,1,1
2026-07-03T19:37:21.918,tof1,4x4,lying,-1,-1,-1,-1,-1,-1,-1,-1,212,225,-1,1971,196,200,209,221,0,0,0,0,0,0,0,0,1,1,1,1,1,1,1,1
2026-07-03T19:37:21.945,tof2,4x4,lying,3021,3268,-1,3318,2130,2136,-1,2786,1451,1527,-1,-1,1076,-1,982,896,1,1,1,1,1,1,0,1,1,1,0,0,1,1,1,1
2026-07-03T19:37:22.105,tof1,4x4,lying,-1,-1,-1,-1,-1,-1,-1,-1,207,219,-1,-1,194,197,206,214,1,0,0,0,0,0,0,0,1,1,0,0,1,1,1,1
2026-07-03T19:37:22.132,tof2,4x4,lying,3038,3268,-1,3300,2149,2030,1294,2713,-1,-1,1265,-1,-1,926,-1,895,1,1,0,1,1,1,1,1,1,1,1,0,1,1,1,1
2026-07-03T19:37:22.269,tof1,4x4,lying,-1,-1,-1,-1,-1,-1,-1,-1,204,213,-1,1965,189,191,199,204,0,0,0,0,0,0,0,0,1,1,1,1,1,1,1,1
2026-07-03T19:37:22.332,tof2,4x4,lying,3011,3260,-1,3271,2129,2071,-1,2701,1461,-1,-1,-1,1088,909,981,902,1,1,0,1,1,1,0,1,1,1,0,0,1,1,1,1
2026-07-03T19:37:22.557,tof2,4x4,lying,3019,3252,-1,3307,2148,1800,1353,2727,1452,-1,-1,-1,1086,921,974,892,1,1,0,1,1,1,1,1,1,1,0,0,1,1,1,1
2026-07-03T19:37:22.615,tof1,4x4,lying,-1,-1,-1,-1,-1,-1,-1,-1,205,217,-1,-1,193,196,201,206,0,0,0,0,0,0,0,0,1,1,0,0,1,1,1,1
2026-07-03T19:37:22.772,tof1,4x4,lying,-1,-1,-1,-1,-1,-1,298,-1,199,206,-1,-1,185,186,191,194,0,0,0,0,0,0,1,0,1,1,0,0,1,1,1,1
2026-07-03T19:37:22.765,tof2,4x4,lying,3047,3261,-1,3320,2171,-1,-1,2755,-1,1547,-1,-1,1093,943,924,798,1,1,0,1,1,0,1,1,1,1,1,0,1,1,1,1
2026-07-03T19:37:22.963,tof1,4x4,lying,-1,-1,-1,-1,-1,-1,308,-1,207,216,-1,-1,194,198,201,205,0,1,0,0,0,0,1,0,1,1,0,0,1,1,1,1
2026-07-03T19:37:22.938,tof2,4x4,lying,3015,3263,-1,3315,2121,-1,1289,2731,1335,1572,915,826,1092,960,947,757,1,1,0,1,1,0,1,1,1,1,1,1,1,1,1,1
2026-07-03T19:37:23.144,tof2,4x4,lying,3064,3244,-1,3329,2102,-1,-1,2744,1502,1539,876,783,-1,949,936,764,1,1,0,1,1,0,1,1,1,1,1,1,1,1,1,1
2026-07-03T19:37:23.440,tof1,4x4,lying,-1,-1,-1,-1,-1,-1,-1,-1,213,222,-1,1954,200,203,210,216,0,0,0,0,0,0,0,0,1,1,0,1,1,1,1,1
2026-07-03T19:37:23.435,tof2,4x4,lying,2929,3273,-1,3335,2134,-1,879,2726,1434,-1,902,837,1085,957,933,919,1,1,0,1,1,0,1,1,1,1,1,1,1,1,1,1
2026-07-03T19:37:23.618,tof1,4x4,lying,-1,-1,-1,-1,-1,-1,-1,-1,211,220,-1,-1,196,199,204,210,0,0,0,0,0,0,0,0,1,1,0,0,1,1,1,1
2026-07-03T19:37:23.589,tof2,4x4,lying,-1,3266,-1,3284,2146,-1,859,2761,1444,1547,862,832,-1,965,952,-1,0,1,0,1,1,0,1,1,1,1,1,1,1,1,1,1
2026-07-03T19:37:23.794,tof1,4x4,lying,-1,-1,-1,-1,-1,-1,309,-1,210,222,-1,-1,198,200,208,213,0,0,0,0,0,0,1,0,1,1,0,0,1,1,1,1
2026-07-03T19:37:23.782,tof2,4x4,lying,2976,3254,-1,3297,2067,-1,831,2726,1665,1522,843,-1,1087,928,908,929,1,1,0,1,1,0,1,1,1,1,1,0,1,1,1,1
2026-07-03T19:37:23.950,tof2,4x4,lying,3076,3245,-1,3297,2156,-1,-1,2757,1400,1516,812,-1,1083,925,917,964,1,1,0,1,1,0,0,1,1,1,1,0,1,1,1,1
2026-07-03T19:37:23.966,tof1,4x4,lying,-1,-1,-1,-1,-1,-1,349,-1,206,217,-1,-1,191,195,200,206,0,0,0,0,0,0,1,0,1,1,0,1,1,1,1,1
2026-07-03T19:37:24.155,tof2,4x4,lying,2989,3265,-1,3300,-1,-1,-1,2743,-1,824,803,-1,1079,910,863,1061,1,1,0,1,1,0,0,1,1,1,1,0,1,1,1,1
2026-07-03T19:37:24.208,tof1,4x4,lying,-1,-1,-1,-1,-1,-1,305,-1,202,215,-1,-1,190,192,198,203,0,0,0,1,0,0,1,0,1,1,1,0,1,1,1,1
2026-07-03T19:37:24.484,tof1,4x4,lying,-1,-1,-1,-1,-1,-1,363,-1,197,206,-1,-1,188,186,194,203,0,0,0,0,0,0,1,0,1,1,0,0,1,1,1,1
2026-07-03T19:37:24.404,tof2,4x4,lying,3035,3252,-1,3306,2094,-1,-1,2727,1411,798,809,-1,-1,914,829,1041,1,1,0,1,1,0,0,1,1,1,1,0,1,1,1,1
2026-07-03T19:37:24.575,tof2,4x4,lying,3009,3261,-1,3314,-1,-1,-1,2750,1671,821,1465,1335,-1,844,805,1050,1,1,0,1,1,0,0,1,1,1,1,1,1,1,1,1
2026-07-03T19:37:24.682,tof1,4x4,lying,-1,-1,-1,-1,195,-1,270,-1,179,186,198,762,182,175,182,192,0,0,0,0,1,0,1,0,1,1,1,1,1,1,1,1
2026-07-03T19:37:24.841,tof1,4x4,lying,-1,-1,-1,-1,-1,177,183,-1,200,173,172,183,203,178,166,169,0,0,0,0,0,1,1,1,1,1,1,1,1,1,1,1
2026-07-03T19:37:24.769,tof2,4x4,lying,3043,3256,-1,3326,2128,-1,-1,2744,1533,814,1528,-1,-1,815,805,-1,1,1,0,1,1,0,0,1,1,1,1,0,1,1,1,1
2026-07-03T19:37:24.921,tof2,4x4,lying,-1,3261,-1,3329,-1,1323,-1,2718,1410,819,1535,1323,-1,826,803,1028,1,1,1,1,0,1,1,1,1,1,1,1,1,1,1,1
2026-07-03T19:37:25.006,tof1,4x4,lying,-1,-1,-1,-1,-1,212,181,169,246,211,183,165,258,211,191,169,0,0,0,0,0,1,1,1,1,1,1,1,1,1,1,1
2026-07-03T19:37:25.087,tof2,4x4,lying,-1,3271,-1,3288,-1,-1,-1,2766,1636,813,1585,-1,-1,835,808,1021,0,1,0,1,0,1,0,1,1,1,1,1,1,1,1,1
2026-07-03T19:37:25.167,tof1,4x4,lying,-1,-1,-1,-1,-1,232,203,178,269,236,206,177,278,240,206,183,0,0,0,0,0,1,1,1,1,1,1,1,1,1,1,1
2026-07-03T19:37:25.326,tof1,4x4,lying,-1,-1,-1,-1,-1,250,223,194,283,259,230,196,294,256,215,202,0,0,0,0,0,1,1,1,1,1,1,1,1,1,1,1
2026-07-03T19:37:25.596,tof2,4x4,lying,2964,3266,-1,3286,2150,1391,-1,2764,1639,823,1503,-1,1119,824,793,1035,1,1,1,1,1,1,0,1,1,1,1,0,1,1,1,1
2026-07-03T19:37:25.757,tof2,4x4,lying,-1,3279,-1,3355,-1,1524,-1,2738,1564,876,1490,-1,1107,797,788,1051,1,1,1,1,0,1,1,1,1,1,1,0,1,1,1,1
2026-07-03T19:37:25.798,tof1,4x4,lying,-1,-1,-1,-1,-1,372,380,388,360,357,375,386,325,285,212,267,0,0,0,0,0,1,1,1,1,1,1,1,1,1,1,1
2026-07-03T19:37:25.960,tof1,4x4,lying,-1,-1,-1,-1,-1,388,401,410,361,366,391,406,331,287,213,260,0,0,0,0,0,1,1,1,1,1,1,1,1,1,1,1
2026-07-03T19:37:26.153,tof1,4x4,lying,-1,-1,-1,-1,-1,405,416,389,368,377,411,372,341,267,219,278,1,0,0,0,0,1,1,1,1,1,1,1,1,1,1,1
2026-07-03T19:37:26.337,tof1,4x4,lying,-1,-1,-1,-1,-1,403,422,-1,371,382,388,231,340,238,221,212,1,0,0,0,0,1,1,0,1,1,1,1,1,1,1,1
2026-07-03T19:37:26.522,tof1,4x4,lying,-1,-1,-1,-1,-1,407,361,-1,374,293,260,-1,318,213,196,200,0,0,0,0,0,1,1,0,1,1,1,0,1,1,1,1
2026-07-03T19:37:26.476,tof2,4x4,lying,2969,3257,3294,3311,-1,-1,-1,2756,863,896,1515,1430,864,794,1099,1043,1,1,1,1,0,1,1,1,1,1,1,1,1,1,1,1
2026-07-03T19:37:26.687,tof1,4x4,lying,-1,-1,-1,-1,-1,408,361,-1,331,327,284,-1,280,211,199,222,0,0,0,0,0,1,1,0,1,1,1,1,1,1,1,1
2026-07-03T19:37:26.644,tof2,4x4,lying,2980,3256,-1,3340,2142,1492,1433,2747,982,-1,1600,-1,843,979,1087,1053,1,1,0,1,1,1,1,1,1,0,1,0,1,1,1,1
2026-07-03T19:37:26.813,tof2,4x4,lying,3035,3255,3311,3317,-1,1485,-1,2789,965,-1,-1,-1,850,966,1083,1037,1,1,1,1,1,1,0,1,1,0,1,0,1,1,1,1
2026-07-03T19:37:26.896,tof1,4x4,lying,-1,-1,-1,-1,-1,420,388,-1,364,362,309,-1,311,222,202,239,0,0,0,0,0,1,1,0,1,1,1,0,1,1,1,1
2026-07-03T19:37:26.971,tof2,4x4,lying,-1,3257,-1,3301,-1,1484,1505,2757,975,-1,-1,-1,852,970,1076,1042,1,1,0,1,1,1,1,1,1,0,1,0,1,1,1,1
2026-07-03T19:37:27.067,tof1,4x4,lying,-1,-1,-1,-1,-1,427,413,-1,383,377,324,-1,316,220,208,273,0,0,0,0,0,1,1,0,1,1,1,0,1,1,1,1
2026-07-03T19:37:27.145,tof2,4x4,lying,3025,3270,3276,3319,2191,1494,-1,2757,997,-1,1541,-1,854,979,1084,1052,1,1,1,1,1,1,0,1,1,0,1,0,1,1,1,1
2026-07-03T19:37:27.451,tof1,4x4,lying,-1,-1,-1,-1,-1,407,304,-1,382,330,242,231,329,211,200,206,1,1,0,0,0,1,1,0,1,1,1,1,1,1,1,1
2026-07-03T19:37:27.444,tof2,4x4,lying,2894,3268,-1,3294,2146,1485,-1,2760,994,-1,1610,-1,888,982,1093,1060,1,1,0,1,1,1,1,1,1,0,1,0,1,1,1,1
2026-07-03T19:37:27.616,tof1,4x4,lying,-1,-1,-1,-1,-1,402,330,259,377,380,341,235,348,245,190,202,0,0,0,0,0,1,1,1,1,1,1,1,1,1,1,1
2026-07-03T19:37:27.601,tof2,4x4,lying,2996,3248,-1,3299,2185,1515,-1,2737,1017,-1,1551,-1,902,991,-1,1065,1,1,0,1,1,1,0,1,1,0,1,0,1,1,1,1
2026-07-03T19:37:27.768,tof2,4x4,lying,3002,3247,-1,3272,-1,1487,-1,2770,1026,-1,1525,-1,911,984,1094,1051,1,1,0,1,0,1,1,1,1,0,1,0,1,1,1,1
2026-07-03T19:37:27.921,tof2,4x4,lying,2988,3258,-1,3278,-1,1544,2163,2753,1001,-1,1523,-1,903,981,1090,1043,1,1,0,1,0,1,1,1,1,0,1,0,1,1,1,1
2026-07-03T19:37:28.082,tof2,4x4,lying,2980,3256,-1,3298,2180,1528,-1,2769,988,-1,-1,-1,908,980,1091,1063,1,1,0,1,1,1,1,1,1,0,1,0,1,1,1,1
2026-07-03T19:37:28.241,tof2,4x4,lying,3065,3280,-1,3298,2111,1512,2009,2789,1756,-1,1484,-1,910,997,1096,1056,1,1,0,1,1,1,1,1,1,0,1,0,1,1,1,1
2026-07-03T19:37:28.402,tof2,4x4,lying,2968,3235,3316,3296,2189,1511,2129,2784,-1,-1,1570,-1,923,989,1098,1065,1,1,1,1,1,1,1,1,0,0,1,1,1,1,1,1
2026-07-03T19:37:28.571,tof2,4x4,lying,3073,3244,-1,3329,-1,1561,2178,2774,-1,-1,-1,1344,932,1002,1094,1049,1,1,1,1,0,1,1,1,0,0,1,1,1,1,1,1
2026-07-03T19:37:28.727,tof2,4x4,lying,2994,3254,-1,3313,2082,-1,-1,2786,1760,1437,-1,-1,931,1004,-1,1051,1,1,0,1,1,1,1,1,1,1,1,1,1,1,1,1
2026-07-03T19:37:28.844,tof1,4x4,lying,-1,-1,-1,-1,-1,403,425,327,375,376,394,290,347,316,223,190,0,0,0,0,0,1,1,1,1,1,1,1,1,1,1,1
2026-07-03T19:37:28.899,tof2,4x4,lying,3035,3261,-1,3281,-1,1612,2157,2790,-1,1436,1492,-1,939,1004,1086,1051,1,1,1,1,0,1,1,1,0,1,1,0,1,1,1,1
2026-07-03T19:37:29.049,tof2,4x4,lying,3034,3254,-1,3279,2156,1470,-1,2805,-1,1444,1559,-1,930,1001,1085,1048,1,1,1,1,1,1,0,1,1,1,1,0,1,1,1,1
2026-07-03T19:37:29.220,tof2,4x4,lying,3012,3250,-1,3295,2111,1457,-1,2771,-1,-1,1461,1329,916,1002,1101,1057,1,1,0,1,1,1,1,1,0,1,1,1,1,1,1,1
2026-07-03T19:37:29.289,tof1,4x4,lying,-1,-1,-1,-1,410,362,305,-1,377,371,263,256,345,328,238,220,0,0,0,0,1,1,1,0,1,1,1,1,1,1,1,1
2026-07-03T19:37:29.387,tof2,4x4,lying,3060,3269,-1,3338,-1,-1,1571,2779,976,-1,1523,-1,899,991,1101,1051,1,1,1,1,1,1,1,1,1,0,1,1,1,1,1,1
2026-07-03T19:37:29.489,tof1,4x4,lying,-1,-1,-1,-1,422,353,-1,-1,396,306,269,259,356,296,223,232,0,0,0,0,1,1,0,0,1,1,1,1,1,1,1,1
2026-07-03T19:37:29.651,tof1,4x4,lying,-1,-1,-1,-1,373,-1,-1,-1,378,267,254,-1,343,233,220,225,0,0,0,0,1,0,0,0,1,1,1,0,1,1,1,1
2026-07-03T19:37:29.823,tof1,4x4,lying,-1,-1,-1,-1,365,-1,-1,-1,345,275,-1,-1,297,223,217,224,0,0,0,0,1,0,0,0,1,1,0,0,1,1,1,1
2026-07-03T19:37:30.006,tof1,4x4,lying,-1,-1,-1,-1,367,-1,-1,-1,324,-1,351,-1,242,216,222,242,0,0,0,0,1,0,0,0,1,0,1,0,1,1,1,1
2026-07-03T19:37:30.606,tof2,4x4,lying,3026,3272,-1,3300,2106,1739,-1,2737,1630,901,-1,-1,1117,818,1074,1057,1,1,1,1,1,1,0,1,1,1,1,0,1,1,1,1
2026-07-03T19:37:30.755,tof2,4x4,lying,3018,3269,3317,3280,-1,1788,1457,2762,-1,887,1380,-1,1094,800,1065,1048,1,1,1,1,0,1,1,1,1,1,1,0,1,1,1,1
2026-07-03T19:37:30.925,tof2,4x4,lying,3024,3265,-1,3299,2135,1756,-1,2774,1495,858,-1,-1,1091,789,1073,1061,1,1,0,1,1,1,0,1,1,1,0,0,1,1,1,1
2026-07-03T19:37:31.107,tof2,4x4,lying,3043,3260,-1,3292,2105,1730,-1,2788,1623,866,1300,-1,-1,774,1053,1057,1,1,0,1,1,1,1,1,1,1,1,1,1,1,1,1
2026-07-03T19:37:31.259,tof2,4x4,lying,2947,3257,-1,3313,2121,1792,-1,2795,1516,855,-1,1287,-1,755,1047,1050,1,1,0,1,1,1,0,1,1,1,0,1,1,1,1,1
2026-07-03T19:37:31.427,tof2,4x4,lying,3023,3263,-1,3343,2062,-1,1283,2766,-1,866,-1,-1,-1,770,1045,1042,1,1,0,1,1,1,1,1,1,1,0,0,1,1,1,1
2026-07-03T19:37:31.580,tof2,4x4,lying,3000,3240,-1,3305,-1,1812,-1,2793,1613,877,950,-1,-1,768,1042,1055,1,1,0,1,1,1,1,1,1,1,1,0,1,1,1,1
2026-07-03T19:37:31.740,tof2,4x4,lying,2997,3264,3292,3307,-1,-1,-1,2771,1522,885,916,-1,-1,768,-1,1048,1,1,1,1,1,1,0,1,1,1,1,0,1,1,1,1
2026-07-03T19:37:31.895,tof2,4x4,lying,2974,3244,-1,3281,2138,1789,-1,2748,1460,929,976,-1,-1,786,-1,1046,1,1,1,1,1,1,1,1,1,1,1,1,1,1,1,1
2026-07-03T19:37:32.047,tof2,4x4,lying,2952,3250,3301,3294,2125,1843,-1,2814,1426,1692,1205,-1,-1,804,-1,1054,1,1,1,1,1,1,1,1,1,1,1,0,1,1,1,1
2026-07-03T19:37:32.201,tof2,4x4,lying,2940,3252,-1,3270,2191,1824,1724,2752,-1,-1,977,-1,-1,842,1038,1051,1,1,1,1,1,1,1,1,1,0,1,1,1,1,1,1
2026-07-03T19:37:32.366,tof2,4x4,lying,3005,3260,-1,3303,2134,-1,1345,2755,1493,-1,-1,-1,-1,883,906,1050,1,1,0,1,1,1,1,1,1,0,0,0,1,1,1,1
2026-07-03T19:37:32.521,tof2,4x4,lying,3023,3262,-1,3297,2124,1850,-1,2795,1478,1480,-1,-1,-1,934,922,1048,1,1,1,1,1,1,0,1,1,1,0,0,1,1,1,1
2026-07-03T19:37:32.682,tof2,4x4,lying,3021,3264,-1,3300,2141,1819,1417,2771,1651,1287,-1,-1,-1,926,897,1047,1,1,0,1,1,1,1,1,1,1,0,0,1,1,1,1
2026-07-03T19:37:32.919,tof1,4x4,lying,-1,-1,-1,-1,-1,-1,-1,-1,306,508,497,-1,226,218,228,299,0,0,0,0,0,0,0,0,1,1,1,0,1,1,1,1
2026-07-03T19:37:32.978,tof2,4x4,lying,-1,3267,-1,3284,2112,1806,1784,2777,-1,1493,-1,-1,-1,914,907,1031,1,1,0,1,1,1,1,1,1,1,0,0,1,1,1,1
2026-07-03T19:37:33.081,tof1,4x4,lying,-1,-1,-1,-1,-1,-1,-1,-1,254,245,236,235,256,269,246,237,0,0,0,0,0,0,0,0,1,1,1,1,1,1,1,1
2026-07-03T19:37:33.143,tof2,4x4,lying,2986,3264,3336,3292,2068,1779,1339,2754,1475,-1,-1,-1,-1,919,913,1030,1,1,1,1,1,1,1,1,1,1,0,0,1,1,1,1
2026-07-03T19:37:33.269,tof1,4x4,lying,-1,-1,-1,-1,-1,260,257,260,252,246,249,256,282,306,270,262,0,0,0,0,0,1,1,1,1,1,1,1,1,1,1,1
2026-07-03T19:37:33.313,tof2,4x4,lying,-1,3269,-1,3293,2083,1818,1331,2784,1437,1453,-1,-1,-1,926,906,1039,1,1,1,1,1,1,1,1,1,1,0,0,1,1,1,1
2026-07-03T19:37:33.435,tof1,4x4,lying,-1,-1,-1,-1,269,273,282,-1,256,265,278,-1,303,313,287,1043,0,0,0,0,1,1,1,0,1,1,1,0,1,1,1,1
2026-07-03T19:37:33.493,tof2,4x4,lying,2982,3262,-1,3292,2158,1756,1319,2782,1461,1415,-1,-1,-1,921,899,1036,1,1,1,1,1,1,1,1,1,1,0,0,1,1,1,1
2026-07-03T19:37:33.604,tof1,4x4,lying,-1,-1,-1,-1,276,283,-1,-1,265,286,301,1914,306,303,306,1095,0,0,0,0,1,1,0,0,1,1,1,1,1,1,1,1
2026-07-03T19:37:33.689,tof2,4x4,lying,2960,3251,-1,3308,2080,-1,1350,2739,1476,1317,-1,-1,1082,915,918,-1,1,1,1,1,1,1,1,1,1,1,0,0,1,1,1,1
2026-07-03T19:37:33.781,tof1,4x4,lying,-1,-1,-1,-1,286,308,-1,-1,276,303,-1,-1,312,301,330,1125,0,0,0,0,1,1,0,0,1,1,0,1,1,1,1,1
2026-07-03T19:37:33.931,tof1,4x4,lying,-1,-1,-1,-1,283,308,-1,-1,275,304,-1,-1,310,306,331,1049,0,0,0,0,1,1,0,0,1,1,0,1,1,1,1,1
2026-07-03T19:37:33.874,tof2,4x4,lying,-1,3251,-1,3268,2104,-1,1344,2714,1616,1499,1266,-1,-1,912,905,1031,1,1,0,1,1,0,1,1,1,1,1,0,1,1,1,1
2026-07-03T19:37:34.028,tof2,4x4,lying,3035,3253,-1,3306,-1,-1,-1,2764,1673,1556,-1,-1,-1,914,913,1032,1,1,0,1,0,0,1,1,1,1,0,0,1,1,1,1
2026-07-03T19:37:34.095,tof1,4x4,lying,-1,-1,-1,-1,283,309,-1,-1,275,306,-1,1990,318,313,332,1056,0,0,0,0,1,1,0,0,1,1,0,1,1,1,1,1
2026-07-03T19:37:34.192,tof2,4x4,lying,3000,3258,-1,3284,2052,-1,-1,2768,-1,-1,1172,-1,1075,917,909,1034,1,1,0,1,1,1,0,1,1,1,1,0,1,1,1,1
2026-07-03T19:37:34.264,tof1,4x4,lying,-1,-1,-1,-1,285,306,-1,-1,273,305,329,-1,309,317,332,1042,0,0,0,0,1,1,0,0,1,1,1,0,1,1,1,1
2026-07-03T19:37:34.348,tof2,4x4,lying,2967,3269,-1,3300,2126,-1,-1,2746,1486,1592,-1,-1,1066,920,922,1023,1,1,0,1,1,0,0,1,1,1,0,0,1,1,1,1
2026-07-03T19:37:34.436,tof1,4x4,lying,-1,-1,-1,-1,274,293,-1,-1,267,293,319,-1,292,314,323,1043,1,0,0,0,1,1,0,0,1,1,1,0,1,1,1,1
2026-07-03T19:37:34.533,tof2,4x4,lying,3020,3282,-1,3314,2034,-1,-1,2787,1484,1583,-1,-1,-1,923,912,1029,1,1,1,1,1,1,0,1,1,1,0,0,1,1,1,1
2026-07-03T19:37:34.607,tof1,4x4,lying,-1,-1,-1,-1,268,284,-1,-1,261,286,304,-1,293,312,317,1028,0,0,0,1,1,1,1,0,1,1,1,0,1,1,1,1
2026-07-03T19:37:34.700,tof2,4x4,lying,-1,3258,3316,3349,2082,-1,1335,2784,-1,-1,-1,-1,1088,919,917,1031,0,1,1,1,1,0,1,1,1,1,0,1,1,1,1,1
2026-07-03T19:37:34.763,tof1,4x4,lying,-1,-1,-1,-1,260,272,-1,-1,249,271,291,-1,276,291,303,1024,0,0,0,0,1,1,0,0,1,1,1,0,1,1,1,1
2026-07-03T19:37:34.850,tof2,4x4,lying,3046,3279,-1,3354,-1,-1,1783,2769,1654,1606,-1,-1,1097,918,917,1031,1,1,0,1,0,0,1,1,1,1,0,0,1,1,1,1
2026-07-03T19:37:34.941,tof1,4x4,lying,-1,-1,-1,-1,263,270,-1,-1,245,265,290,-1,273,286,294,1022,0,0,0,1,1,1,0,0,1,1,1,0,1,1,1,1
2026-07-03T19:37:35.016,tof2,4x4,lying,3013,3265,-1,3286,-1,2004,1777,2746,-1,1517,-1,-1,1073,918,914,1021,1,1,0,1,0,1,1,1,1,1,0,0,1,1,1,1
2026-07-03T19:37:35.110,tof1,4x4,lying,-1,-1,-1,-1,266,272,285,-1,245,261,284,2063,263,294,289,1141,1,0,0,0,1,1,1,0,1,1,1,1,1,1,1,1
2026-07-03T19:37:35.185,tof2,4x4,lying,3030,3248,-1,3278,2150,-1,-1,2775,1539,-1,-1,-1,-1,917,923,1019,1,1,0,1,1,1,0,1,1,1,0,1,1,1,1,1
2026-07-03T19:37:35.267,tof1,4x4,lying,-1,-1,-1,-1,275,274,302,-1,250,263,291,-1,263,309,297,1045,0,0,0,0,1,1,1,0,1,1,1,0,1,1,1,1
2026-07-03T19:37:35.360,tof2,4x4,lying,3039,3261,-1,3335,2158,1736,1404,2783,1664,1557,1202,-1,1079,915,923,1029,1,1,1,1,1,1,1,1,1,1,1,0,1,1,1,1
2026-07-03T19:37:35.430,tof1,4x4,lying,-1,-1,-1,-1,-1,279,290,-1,251,268,291,366,257,316,307,348,0,0,0,0,0,1,1,0,1,1,1,1,1,1,1,1
2026-07-03T19:37:35.525,tof2,4x4,lying,-1,3254,-1,3323,2115,1749,1307,2796,-1,1672,-1,-1,-1,912,924,1046,1,1,0,1,1,1,1,1,1,1,0,0,1,1,1,1
2026-07-03T19:37:35.591,tof1,4x4,lying,-1,-1,-1,-1,-1,271,279,-1,247,255,271,298,248,298,299,329,0,0,0,0,0,1,1,0,1,1,1,1,1,1,1,1
2026-07-03T19:37:35.690,tof2,4x4,lying,3027,3252,-1,3349,2118,-1,-1,2787,-1,1459,-1,-1,1080,921,909,1028,1,1,0,1,1,0,1,1,1,1,0,0,1,1,1,1
2026-07-03T19:37:35.767,tof1,4x4,lying,-1,-1,-1,-1,-1,-1,261,-1,241,237,238,248,232,252,253,259,0,0,0,0,0,0,1,0,1,1,1,1,1,1,1,1
2026-07-03T19:37:35.882,tof2,4x4,lying,3008,3262,-1,3292,-1,-1,-1,-1,1561,1645,-1,-1,1070,909,923,1051,1,1,0,1,0,1,0,1,1,1,0,0,1,1,1,1
2026-07-03T19:37:35.945,tof1,4x4,lying,-1,-1,-1,-1,-1,-1,-1,-1,233,222,222,227,222,225,220,232,0,0,0,0,0,0,1,0,1,1,1,1,1,1,1,1
2026-07-03T19:37:36.065,tof2,4x4,lying,3007,3247,-1,3291,-1,-1,-1,2788,1513,-1,-1,-1,1076,928,923,1030,1,1,0,1,1,0,0,1,1,1,1,0,1,1,1,1
2026-07-03T19:37:36.125,tof1,4x4,lying,-1,-1,-1,-1,-1,-1,-1,-1,231,223,224,230,225,228,223,236,0,0,0,0,0,0,0,0,1,1,1,1,1,1,1,1
2026-07-03T19:37:36.227,tof2,4x4,lying,2993,3262,-1,3316,2090,-1,-1,2759,-1,1571,-1,-1,-1,918,915,1029,1,1,1,1,1,0,0,1,1,1,0,0,1,1,1,1
2026-07-03T19:37:36.414,tof1,4x4,lying,-1,-1,-1,-1,-1,-1,256,-1,239,235,236,249,233,255,252,259,1,0,0,1,0,0,1,0,1,1,1,1,1,1,1,1
2026-07-03T19:37:36.409,tof2,4x4,lying,2976,3252,-1,3324,2149,-1,-1,2762,-1,1613,-1,-1,-1,916,916,1022,1,1,1,1,1,0,1,1,1,1,1,0,1,1,1,1
2026-07-03T19:37:36.569,tof2,4x4,lying,3035,3246,-1,3319,-1,1711,-1,2773,1507,1666,-1,-1,-1,914,918,1025,1,1,0,1,1,1,1,1,1,1,0,0,1,1,1,1
2026-07-03T19:37:36.678,tof1,4x4,lying,-1,-1,-1,-1,-1,274,281,-1,253,264,275,-1,255,318,300,1005,0,0,0,0,0,1,1,0,1,1,1,1,1,1,1,1
2026-07-03T19:37:36.754,tof2,4x4,lying,2972,3253,-1,3297,2151,1701,1282,2780,1480,1640,-1,-1,1069,903,918,1037,1,1,0,1,1,1,1,1,1,1,1,0,1,1,1,1
2026-07-03T19:37:36.864,tof1,4x4,lying,-1,-1,-1,-1,-1,306,324,-1,270,297,326,-1,266,361,341,1018,0,0,0,0,0,1,1,0,1,1,1,0,1,1,1,1
2026-07-03T19:37:37.024,tof2,4x4,lying,3015,3249,-1,3275,2105,1734,1316,2766,1549,1472,-1,-1,-1,895,926,1028,1,1,0,1,1,1,1,1,1,1,0,0,1,1,1,1
2026-07-03T19:37:37.075,tof1,4x4,lying,-1,-1,-1,-1,-1,302,328,-1,270,295,324,-1,268,366,341,1040,0,1,0,0,0,1,1,0,1,1,1,1,1,1,1,1
2026-07-03T19:37:37.386,tof2,4x4,lying,-1,3244,-1,3286,2117,1744,1631,2780,-1,1430,-1,-1,-1,933,915,1041,1,1,1,1,1,1,1,1,1,1,0,0,1,1,1,1
2026-07-03T19:37:37.586,tof1,4x4,lying,-1,-1,-1,-1,-1,292,309,-1,258,281,305,-1,261,356,329,1090,0,0,0,0,0,1,1,0,1,1,1,0,1,1,1,1
2026-07-03T19:37:37.600,tof2,4x4,lying,2928,3264,-1,3326,2112,1710,1688,2726,1582,1656,-1,-1,1091,910,917,1024,1,1,0,1,1,1,1,1,1,1,0,0,1,1,1,1
2026-07-03T19:37:38.692,tof1,4x4,lying,-1,-1,-1,-1,-1,294,306,-1,266,286,305,319,262,352,331,322,1,0,0,0,0,1,1,0,1,1,1,1,1,1,1,1
2026-07-03T19:37:38.513,tof2,4x4,lying,2999,3263,-1,3273,2172,1728,1315,2781,-1,1389,1260,-1,-1,895,919,1031,1,1,0,1,1,1,1,1,1,1,1,0,1,1,1,1
2026-07-03T19:37:38.812,tof2,4x4,lying,-1,3269,-1,3285,-1,1737,-1,2792,1441,1538,-1,-1,1104,918,918,1033,1,1,0,1,1,1,1,1,1,1,0,1,1,1,1,1
2026-07-03T19:37:38.870,tof1,4x4,lying,-1,-1,-1,-1,-1,293,301,-1,264,277,294,309,259,344,324,315,0,0,0,0,0,1,1,0,1,1,1,1,1,1,1,1
2026-07-03T19:37:38.971,tof2,4x4,lying,2915,3252,-1,3315,2118,1771,-1,2731,1479,1383,-1,-1,-1,916,916,1030,1,1,0,1,1,1,1,1,1,1,0,0,1,1,1,1
2026-07-03T19:37:39.044,tof1,4x4,lying,-1,-1,-1,-1,-1,282,297,-1,260,271,289,307,255,339,322,311,1,0,0,0,0,1,1,0,1,1,1,1,1,1,1,1
2026-07-03T19:37:39.126,tof2,4x4,lying,-1,3263,-1,3328,2161,1736,-1,2714,1487,1563,-1,-1,-1,917,916,1037,1,1,0,1,1,1,1,1,1,1,0,0,1,1,1,1
2026-07-03T19:37:39.218,tof1,4x4,lying,-1,-1,-1,-1,-1,284,293,-1,260,272,290,305,255,337,319,309,1,0,0,0,0,1,1,0,1,1,1,1,1,1,1,1
2026-07-03T19:37:39.282,tof2,4x4,lying,3044,3269,-1,3312,-1,1663,-1,2757,1562,1459,-1,-1,1090,914,908,1018,1,1,0,1,0,1,0,1,1,1,0,0,1,1,1,1
2026-07-03T19:37:39.376,tof1,4x4,lying,-1,-1,-1,-1,-1,285,296,-1,261,272,288,305,257,335,319,308,0,0,0,0,0,1,1,0,1,1,1,1,1,1,1,1
2026-07-03T19:37:39.457,tof2,4x4,lying,2995,3260,-1,3318,2240,1743,1795,2734,-1,1555,-1,-1,1087,914,916,1026,1,1,0,1,1,1,1,1,1,1,0,0,1,1,1,1
2026-07-03T19:37:39.557,tof1,4x4,lying,-1,-1,-1,-1,-1,286,297,-1,263,273,288,305,259,339,320,311,0,0,0,0,0,1,1,0,1,1,1,1,1,1,1,1
2026-07-03T19:37:39.653,tof2,4x4,lying,2993,3257,-1,3308,2179,1735,1288,2738,1543,-1,1190,-1,1087,899,915,1021,1,1,1,1,1,1,1,1,1,1,1,0,1,1,1,1
2026-07-03T19:37:39.872,tof1,4x4,lying,292,-1,-1,-1,301,321,334,-1,337,352,351,350,303,378,391,366,1,0,0,0,1,1,1,0,1,1,1,1,1,1,1,1
2026-07-03T19:37:39.844,tof2,4x4,lying,2973,3255,-1,3315,2085,1686,-1,2760,1416,1664,-1,-1,-1,923,922,1025,1,1,1,1,1,1,0,1,1,1,1,0,1,1,1,1
2026-07-03T19:37:40.040,tof2,4x4,lying,2991,3248,-1,3307,-1,1692,-1,2766,1458,-1,-1,-1,1073,919,912,1032,1,1,0,1,0,1,0,1,1,1,0,0,1,1,1,1
2026-07-03T19:37:40.171,tof1,4x4,lying,-1,-1,-1,-1,301,-1,450,-1,295,313,337,331,296,398,395,343,0,0,0,0,1,0,1,0,1,1,1,1,1,1,1,1
2026-07-03T19:37:40.262,tof2,4x4,lying,3015,3269,-1,3282,-1,1633,-1,2820,-1,1570,-1,-1,-1,913,924,1040,1,1,1,1,0,1,0,1,1,1,0,0,1,1,1,1
2026-07-03T19:37:40.339,tof1,4x4,lying,-1,-1,-1,-1,-1,-1,-1,-1,238,248,258,269,234,259,281,272,0,0,0,0,0,0,0,0,1,1,1,1,1,1,1,1
2026-07-03T19:37:40.436,tof2,4x4,lying,2984,3256,3304,3354,2133,1624,1319,2756,-1,1469,-1,-1,1086,917,920,1044,1,1,1,1,1,1,1,1,1,1,0,0,1,1,1,1
2026-07-03T19:37:40.529,tof1,4x4,lying,3272,-1,-1,-1,-1,-1,-1,-1,237,250,-1,-1,223,230,241,251,1,0,0,0,0,0,0,0,1,1,0,0,1,1,1,1
2026-07-03T19:37:40.611,tof2,4x4,lying,2965,3257,3321,3296,-1,1536,1321,2769,1495,1513,-1,-1,-1,913,922,1030,1,1,1,1,1,1,1,1,1,1,0,1,1,1,1,1
2026-07-03T19:37:40.696,tof1,4x4,lying,-1,-1,-1,-1,-1,-1,-1,-1,253,262,-1,1930,234,246,254,256,0,0,0,0,0,0,0,0,1,1,0,1,1,1,1,1
2026-07-03T19:37:40.797,tof2,4x4,lying,3049,3247,-1,3298,2060,1498,1371,2778,-1,1543,-1,-1,-1,917,920,1032,1,1,0,1,1,1,1,1,1,1,0,1,1,1,1,1
2026-07-03T19:37:41.076,tof1,4x4,lying,-1,-1,-1,-1,396,-1,-1,-1,245,262,1975,-1,230,240,246,253,0,0,0,0,1,0,0,0,1,1,1,0,1,1,1,1
2026-07-03T19:37:41.087,tof2,4x4,lying,2972,3255,-1,3285,2161,1508,-1,2780,1503,1528,-1,-1,1081,921,913,1039,1,1,0,1,1,1,0,1,1,1,0,0,1,1,1,1
2026-07-03T19:37:41.245,tof1,4x4,lying,-1,-1,-1,-1,-1,-1,-1,-1,245,261,1899,-1,232,242,251,256,0,0,0,0,0,0,0,0,1,1,1,0,1,1,1,1
2026-07-03T19:37:41.284,tof2,4x4,lying,3017,3259,-1,3289,2112,2104,-1,2773,1409,1533,-1,-1,-1,918,916,1046,1,1,0,1,1,1,0,1,1,1,0,0,1,1,1,1
2026-07-03T19:37:41.412,tof1,4x4,lying,-1,-1,-1,-1,-1,-1,-1,-1,246,260,1894,-1,230,241,248,256,0,0,0,0,0,0,0,0,1,1,1,0,1,1,1,1
2026-07-03T19:37:41.468,tof2,4x4,lying,3057,3267,-1,3279,2148,2134,1311,2789,1486,-1,-1,-1,1085,909,918,1021,1,1,0,1,1,1,1,1,1,1,0,0,1,1,1,1
2026-07-03T19:37:41.575,tof1,4x4,lying,-1,-1,-1,-1,-1,-1,-1,-1,248,259,-1,-1,230,238,247,253,0,0,0,0,0,0,0,0,1,1,1,0,1,1,1,1
2026-07-03T19:37:41.623,tof2,4x4,lying,3029,3251,-1,3328,2112,-1,1405,2778,1526,1530,-1,-1,-1,919,929,1026,1,1,1,1,1,1,1,1,1,1,1,0,1,1,1,1
2026-07-03T19:37:41.732,tof1,4x4,lying,-1,-1,-1,-1,-1,-1,-1,-1,246,262,1968,-1,229,242,247,252,0,0,0,0,0,0,0,0,1,1,1,0,1,1,1,1
2026-07-03T19:37:41.781,tof2,4x4,lying,3039,3267,-1,3282,2110,2147,-1,2764,1570,1555,-1,-1,1093,915,922,1024,1,1,0,1,1,1,1,1,1,1,0,0,1,1,1,1
2026-07-03T19:37:41.904,tof1,4x4,lying,-1,-1,-1,-1,-1,-1,-1,-1,249,264,-1,-1,228,241,247,252,0,0,0,0,0,0,0,0,1,1,0,1,1,1,1,1
2026-07-03T19:37:41.940,tof2,4x4,lying,-1,3253,3294,3336,2108,2066,1326,2782,1471,1564,-1,-1,1071,910,919,1033,0,1,1,1,1,1,1,1,1,1,0,0,1,1,1,1
2026-07-03T19:37:42.062,tof1,4x4,lying,-1,-1,-1,-1,-1,-1,-1,-1,246,262,-1,-1,229,241,246,252,0,0,0,0,0,0,0,0,1,1,0,1,1,1,1,1
2026-07-03T19:37:42.104,tof2,4x4,lying,-1,3268,-1,3284,2115,2084,1316,2756,1477,1516,-1,-1,1075,914,914,1038,1,1,0,1,1,1,1,1,1,1,0,0,1,1,1,1
2026-07-03T19:37:42.212,tof1,4x4,lying,-1,-1,-1,-1,-1,-1,-1,-1,251,264,-1,-1,233,242,250,253,0,0,0,0,0,0,0,0,1,1,0,0,1,1,1,1
2026-07-03T19:37:42.279,tof2,4x4,lying,2921,3262,3336,3308,2087,2076,-1,2810,1515,1470,-1,-1,-1,925,920,1036,1,1,1,1,1,1,1,1,1,1,0,0,1,1,1,1
2026-07-03T19:37:42.380,tof1,4x4,lying,-1,-1,-1,-1,-1,-1,-1,-1,252,267,2037,-1,232,244,250,254,0,0,0,0,0,0,0,0,1,1,1,0,1,1,1,1
2026-07-03T19:37:42.434,tof2,4x4,lying,3028,3257,-1,3321,2157,2030,1335,2758,-1,1547,-1,-1,-1,908,917,1029,1,1,0,1,1,1,1,1,1,1,0,0,1,1,1,1
2026-07-03T19:37:42.533,tof1,4x4,lying,-1,-1,-1,-1,-1,-1,-1,-1,251,267,1985,2014,232,241,251,256,0,0,0,0,0,0,0,0,1,1,1,1,1,1,1,1
2026-07-03T19:37:42.605,tof2,4x4,lying,-1,3260,-1,3320,2090,1744,-1,2790,-1,1520,1137,-1,1081,900,904,1040,1,1,0,1,1,1,0,1,1,1,1,0,1,1,1,1
2026-07-03T19:37:42.708,tof1,4x4,lying,-1,-1,-1,-1,-1,-1,-1,-1,253,270,-1,-1,232,243,251,257,0,0,0,0,0,0,0,0,1,1,0,1,1,1,1,1
2026-07-03T19:37:42.762,tof2,4x4,lying,2957,3262,-1,3290,2115,1471,-1,2780,-1,1522,-1,-1,-1,916,917,1047,1,1,0,1,1,1,0,1,1,1,0,0,1,1,1,1
2026-07-03T19:37:42.882,tof1,4x4,lying,-1,-1,-1,-1,-1,-1,-1,-1,252,271,-1,1928,233,242,250,256,0,0,0,0,0,0,0,0,1,1,0,1,1,1,1,1
2026-07-03T19:37:42.935,tof2,4x4,lying,3006,3260,-1,3273,2159,2128,-1,2752,1526,1529,1152,-1,1092,922,917,1032,1,1,0,1,1,1,0,1,1,1,1,0,1,1,1,1
2026-07-03T19:37:43.038,tof1,4x4,lying,-1,-1,-1,-1,-1,-1,-1,-1,253,269,1943,1977,233,243,250,257,0,0,0,0,0,0,0,0,1,1,1,1,1,1,1,1
2026-07-03T19:37:43.102,tof2,4x4,lying,2934,3269,-1,3296,2127,1461,-1,2757,-1,1539,-1,-1,1089,903,915,1036,1,1,0,1,1,1,1,1,1,1,0,0,1,1,1,1
2026-07-03T19:37:43.225,tof1,4x4,lying,-1,-1,-1,-1,-1,-1,-1,-1,251,267,1965,-1,234,244,251,258,0,0,0,0,0,0,0,0,1,1,1,0,1,1,1,1
2026-07-03T19:37:43.259,tof2,4x4,lying,2991,3251,3350,3308,-1,-1,-1,2775,1508,1513,-1,-1,-1,919,919,1029,1,1,1,1,0,1,0,1,1,1,0,0,1,1,1,1
2026-07-03T19:37:44.341,tof1,4x4,lying,-1,-1,-1,-1,-1,-1,-1,-1,232,241,256,-1,222,228,233,232,0,0,0,0,0,0,0,0,1,1,1,0,1,1,1,1
2026-07-03T19:37:44.497,tof1,4x4,lying,-1,-1,-1,-1,-1,-1,-1,-1,234,240,252,822,222,224,228,229,0,0,0,0,0,0,0,0,1,1,1,1,1,1,1,1
2026-07-03T19:37:44.711,tof2,4x4,lying,2997,3272,3350,3316,2107,2130,-1,2750,1486,1477,-1,-1,1091,914,925,1023,1,1,1,1,1,1,0,1,1,1,0,0,1,1,1,1
2026-07-03T19:37:44.852,tof1,4x4,lying,-1,-1,-1,-1,280,-1,-1,-1,269,263,265,-1,256,249,250,250,0,0,0,0,1,0,0,0,1,1,1,0,1,1,1,1
2026-07-03T19:37:44.871,tof2,4x4,lying,3019,3259,-1,3303,2105,-1,1340,2737,1391,1576,-1,-1,-1,916,908,1029,1,1,1,1,1,0,1,1,1,1,0,0,1,1,1,1
2026-07-03T19:37:45.007,tof1,4x4,lying,-1,-1,-1,-1,-1,323,-1,-1,337,313,300,298,295,280,301,284,0,0,0,0,0,1,0,0,1,1,1,1,1,1,1,1
2026-07-03T19:37:45.025,tof2,4x4,lying,2979,3244,-1,3293,2133,-1,1418,2759,1440,-1,-1,-1,971,951,899,1036,1,1,0,1,1,0,1,1,1,1,1,0,1,1,1,1
2026-07-03T19:37:45.174,tof1,4x4,lying,-1,-1,-1,-1,-1,412,399,-1,397,416,397,365,349,271,296,380,0,0,0,0,0,1,1,0,1,1,1,1,1,1,1,1
2026-07-03T19:37:45.193,tof2,4x4,lying,3057,3244,-1,3308,2091,1762,1386,2782,1464,-1,1279,-1,-1,936,900,1053,1,1,0,1,1,1,1,1,1,1,1,0,1,1,1,1
2026-07-03T19:37:45.369,tof1,4x4,lying,-1,-1,-1,-1,-1,-1,-1,-1,406,446,454,421,352,289,271,430,0,0,0,0,0,0,0,0,1,1,1,1,1,1,1,1
2026-07-03T19:37:45.386,tof2,4x4,lying,-1,3243,-1,3318,-1,-1,1420,2792,1517,1589,-1,-1,1097,937,895,1047,1,1,0,1,0,0,1,1,1,1,1,1,1,1,1,1
2026-07-03T19:37:45.524,tof1,4x4,lying,-1,-1,-1,-1,-1,-1,-1,-1,400,447,478,476,365,309,276,346,0,0,0,0,0,0,0,0,1,1,1,1,1,1,1,1
2026-07-03T19:37:45.584,tof2,4x4,lying,2996,3265,3313,3331,-1,-1,1385,2792,1568,-1,-1,-1,1071,949,890,1056,1,1,1,1,0,0,1,1,1,1,0,0,1,1,1,1
2026-07-03T19:37:45.680,tof1,4x4,lying,-1,-1,-1,-1,-1,-1,-1,-1,394,435,484,501,370,323,283,279,0,0,0,0,0,0,0,0,1,1,1,1,1,1,1,1
2026-07-03T19:37:45.749,tof2,4x4,lying,3006,3266,-1,3283,1523,-1,1353,2747,1549,1292,-1,-1,1105,946,897,1036,1,1,0,1,1,0,1,1,1,1,0,0,1,1,1,1
2026-07-03T19:37:45.839,tof1,4x4,lying,-1,-1,-1,-1,-1,-1,478,-1,389,427,484,509,373,347,287,298,0,0,0,0,0,0,1,0,1,1,1,1,1,1,1,1
2026-07-03T19:37:45.915,tof2,4x4,lying,3061,3252,-1,3282,1536,-1,1448,2765,1511,1229,1259,-1,885,924,852,1061,1,1,0,1,1,0,1,1,1,1,1,0,1,1,1,1
2026-07-03T19:37:46.071,tof1,4x4,lying,-1,-1,-1,-1,-1,424,-1,-1,385,406,457,509,368,357,246,244,0,0,0,0,0,1,0,0,1,1,1,1,1,1,1,1
2026-07-03T19:37:46.081,tof2,4x4,lying,2939,3262,-1,3277,-1,-1,1412,2743,1525,1173,-1,-1,898,885,1024,1050,1,1,0,1,0,0,1,1,1,1,1,0,1,1,1,1
2026-07-03T19:37:46.222,tof1,4x4,lying,-1,-1,-1,-1,-1,414,433,-1,381,392,416,481,360,358,252,204,0,0,0,0,0,1,1,0,1,1,1,1,1,1,1,1
2026-07-03T19:37:46.259,tof2,4x4,lying,3094,3242,-1,3282,-1,1431,1419,2751,-1,925,1319,-1,957,810,1085,1059,1,1,0,1,0,1,1,1,1,1,1,0,1,1,1,1
2026-07-03T19:37:46.388,tof1,4x4,lying,-1,-1,-1,-1,-1,406,419,-1,-1,390,404,465,367,362,317,220,0,0,0,0,0,1,1,0,0,1,1,1,1,1,1,1
2026-07-03T19:37:46.416,tof2,4x4,lying,3048,3276,-1,3290,-1,1406,-1,2751,1534,896,1542,-1,-1,814,1082,1049,1,1,0,1,0,1,1,1,1,1,1,0,1,1,1,1
2026-07-03T19:37:46.570,tof1,4x4,lying,-1,-1,-1,-1,-1,-1,410,-1,-1,394,394,392,-1,370,350,242,0,0,0,0,0,0,1,0,0,1,1,1,1,1,1,1
2026-07-03T19:37:46.589,tof2,4x4,lying,-1,3258,-1,3293,-1,1407,2184,2774,1571,933,1532,-1,-1,803,1098,1032,1,1,0,1,0,1,1,1,1,1,1,1,1,1,1,1
2026-07-03T19:37:46.729,tof1,4x4,lying,-1,-1,-1,-1,-1,-1,407,412,-1,404,390,394,-1,377,349,270,0,0,0,0,0,0,1,1,0,1,1,1,1,1,1,1
2026-07-03T19:37:46.742,tof2,4x4,lying,3020,3260,-1,3245,-1,1402,-1,2750,1574,-1,-1,-1,809,816,1096,1060,1,1,0,1,0,1,1,1,1,0,1,1,1,1,1,1
2026-07-03T19:37:46.918,tof1,4x4,lying,-1,-1,-1,-1,-1,-1,-1,407,-1,-1,391,392,-1,419,354,329,0,0,0,0,0,0,0,1,0,0,1,1,0,1,1,1
2026-07-03T19:37:46.943,tof2,4x4,lying,2983,3265,-1,3289,-1,1368,2092,2778,874,-1,1502,-1,810,-1,1085,1051,1,1,0,1,0,1,1,1,1,0,1,0,1,1,1,1
2026-07-03T19:37:47.186,tof1,4x4,lying,-1,-1,-1,-1,-1,-1,-1,406,-1,-1,401,388,-1,458,361,336,0,0,0,0,0,0,0,1,0,0,1,1,1,1,1,1
2026-07-03T19:37:47.193,tof2,4x4,lying,2895,3249,-1,3306,1547,1402,-1,2777,923,-1,1549,-1,798,868,1100,1039,1,1,0,1,1,1,1,1,1,0,1,0,1,1,1,1
2026-07-03T19:37:47.357,tof1,4x4,lying,-1,-1,-1,-1,-1,-1,-1,-1,-1,-1,418,377,1105,-1,365,336,0,0,0,0,0,0,0,0,0,0,1,1,1,1,1,1
2026-07-03T19:37:47.402,tof2,4x4,lying,3011,3252,-1,3330,1521,1396,2120,2750,906,-1,1539,-1,813,991,1098,1042,1,1,1,1,1,1,1,1,1,0,1,0,1,1,1,1
2026-07-03T19:37:47.519,tof1,4x4,lying,-1,-1,-1,-1,-1,-1,-1,-1,-1,-1,426,374,-1,-1,369,336,0,0,0,0,0,0,0,0,0,0,1,1,0,1,1,1
2026-07-03T19:37:47.558,tof2,4x4,lying,3023,3268,3338,3317,1476,1379,2178,2773,948,-1,1510,-1,801,-1,1096,1055,1,1,1,1,1,1,1,1,1,0,1,1,1,1,1,1
2026-07-03T19:37:47.676,tof1,4x4,lying,-1,-1,-1,-1,-1,-1,-1,-1,-1,-1,429,366,1123,1090,373,334,0,0,0,0,0,0,0,0,0,0,1,1,1,1,1,1
2026-07-03T19:37:47.736,tof2,4x4,lying,2953,3259,-1,3322,1513,1380,-1,2762,937,-1,1420,-1,809,1023,1099,1058,1,1,0,1,1,1,1,1,1,0,1,0,1,1,1,1
2026-07-03T19:37:47.846,tof1,4x4,lying,-1,-1,-1,-1,-1,-1,-1,-1,-1,-1,439,364,1099,1061,375,330,0,0,0,0,0,0,0,0,0,0,1,1,1,1,1,1
2026-07-03T19:37:47.900,tof2,4x4,lying,-1,3262,-1,-1,-1,1404,2183,2795,932,-1,1491,-1,811,1029,1103,1056,1,1,1,1,1,1,1,1,1,0,1,0,1,1,1,1
2026-07-03T19:37:48.017,tof1,4x4,lying,-1,-1,-1,-1,-1,-1,-1,-1,-1,585,436,364,1157,1122,370,329,1,0,0,0,0,0,0,0,0,1,1,1,1,1,1,1
2026-07-03T19:37:48.063,tof2,4x4,lying,3025,3265,-1,3313,-1,-1,2124,2765,1615,-1,1486,-1,830,1026,1093,1046,1,1,0,1,1,1,1,1,1,0,1,1,1,1,1,1
2026-07-03T19:37:48.184,tof1,4x4,lying,-1,-1,-1,-1,-1,-1,-1,-1,-1,-1,431,361,-1,-1,368,327,0,0,0,0,0,0,0,0,0,0,1,1,0,1,1,1
2026-07-03T19:37:48.239,tof2,4x4,lying,3064,3262,-1,3313,1493,1389,2156,2759,1763,-1,1700,1192,828,1035,1096,1045,1,1,0,1,1,1,1,1,1,0,1,1,1,1,1,1
2026-07-03T19:37:48.353,tof1,4x4,lying,-1,-1,-1,-1,-1,-1,-1,-1,-1,-1,426,361,-1,-1,369,325,0,0,0,0,0,0,0,0,0,0,1,1,1,1,1,1
2026-07-03T19:37:48.432,tof2,4x4,lying,3003,3263,-1,3291,1472,1420,2086,2805,1630,-1,1505,-1,854,1032,1104,1061,1,1,0,1,1,1,1,1,1,0,1,0,1,1,1,1
2026-07-03T19:37:48.537,tof1,4x4,lying,-1,-1,-1,-1,-1,-1,-1,-1,-1,-1,430,360,-1,1257,364,325,0,0,0,0,0,0,0,0,0,0,1,1,0,1,1,1
2026-07-03T19:37:48.688,tof1,4x4,lying,-1,-1,-1,-1,-1,-1,-1,-1,-1,-1,432,357,1125,1133,369,325,0,0,0,0,0,0,0,0,0,0,1,1,1,1,1,1
2026-07-03T19:37:48.743,tof2,4x4,lying,3016,3245,-1,3305,1476,-1,2155,2802,1633,-1,1475,-1,832,1028,1102,1059,1,1,0,1,1,1,1,1,1,0,1,1,1,1,1,1
2026-07-03T19:37:48.851,tof1,4x4,lying,-1,-1,-1,-1,-1,-1,-1,-1,-1,-1,-1,353,-1,1181,368,323,0,0,0,0,0,0,0,0,0,0,0,1,1,1,1,1
2026-07-03T19:37:48.922,tof2,4x4,lying,3014,3271,-1,3307,1510,1355,2012,2741,1708,-1,-1,-1,827,1033,1094,1057,1,1,0,1,1,1,1,1,1,0,1,0,1,1,1,1
2026-07-03T19:37:49.046,tof1,4x4,lying,-1,-1,-1,-1,-1,-1,-1,-1,-1,-1,-1,356,1085,1116,367,322,0,0,0,0,0,0,0,0,0,0,0,1,1,1,1,1
2026-07-03T19:37:49.095,tof2,4x4,lying,-1,3251,-1,3311,-1,1352,2052,2765,-1,-1,1454,-1,816,1030,1089,1058,0,1,0,1,0,1,1,1,0,0,1,0,1,1,1,1
2026-07-03T19:37:49.225,tof1,4x4,lying,-1,-1,-1,-1,-1,-1,-1,-1,-1,-1,-1,358,-1,1189,372,324,0,1,0,0,0,0,0,0,0,0,0,1,0,1,1,1
2026-07-03T19:37:49.276,tof2,4x4,lying,3040,3240,-1,3296,1553,1358,-1,2777,1633,-1,-1,1371,813,1035,1096,1047,1,1,1,1,1,1,1,1,1,0,1,1,1,1,1,1
2026-07-03T19:37:49.396,tof1,4x4,lying,-1,-1,-1,-1,-1,-1,-1,-1,-1,-1,-1,358,-1,1072,371,325,0,0,0,0,0,0,0,0,0,0,0,1,1,1,1,1
2026-07-03T19:37:49.432,tof2,4x4,lying,3034,3253,-1,3306,1532,2184,2136,2765,925,-1,1565,-1,799,1022,1105,1056,1,1,0,1,1,1,1,1,1,0,1,1,1,1,1,1
2026-07-03T19:37:49.584,tof1,4x4,lying,-1,-1,-1,-1,-1,-1,-1,-1,-1,-1,-1,360,1074,1223,370,326,1,0,0,0,0,0,0,0,0,1,0,1,1,1,1,1
2026-07-03T19:37:49.598,tof2,4x4,lying,-1,3263,-1,3298,1525,1349,-1,-1,1686,-1,1503,1399,789,1008,1085,1043,1,1,0,1,1,1,1,1,1,1,1,1,1,1,1,1
2026-07-03T19:37:49.767,tof1,4x4,lying,-1,-1,-1,-1,-1,-1,-1,-1,-1,-1,439,363,1029,509,368,328,0,0,0,0,0,0,0,0,0,0,1,1,1,1,1,1
2026-07-03T19:37:49.786,tof2,4x4,lying,2959,3262,3332,3310,-1,1464,-1,2750,1677,-1,1669,-1,-1,998,1087,1050,1,1,1,1,1,1,1,1,1,0,1,0,1,1,1,1
2026-07-03T19:37:49.961,tof1,4x4,lying,-1,-1,-1,-1,-1,-1,-1,-1,-1,-1,438,364,1176,512,370,330,0,0,0,0,0,0,0,0,0,0,1,1,1,1,1,1
2026-07-03T19:37:49.980,tof2,4x4,lying,2972,3256,-1,3319,1556,1257,-1,2781,1699,-1,1544,-1,755,1005,1100,1051,1,1,0,1,1,1,1,1,1,0,1,0,1,1,1,1
2026-07-03T19:37:50.566,tof1,4x4,lying,-1,-1,-1,-1,-1,-1,-1,-1,-1,669,441,365,-1,529,373,330,0,0,0,0,0,0,0,0,0,1,1,1,0,1,1,1
2026-07-03T19:37:50.584,tof2,4x4,lying,3006,3286,-1,3280,-1,-1,-1,2791,1629,-1,-1,1386,757,1004,1098,1056,1,1,0,1,1,0,1,1,1,0,1,1,1,1,1,1
2026-07-03T19:37:50.723,tof1,4x4,lying,-1,-1,-1,-1,-1,-1,-1,-1,-1,-1,438,367,-1,532,374,335,0,0,0,0,0,0,0,0,0,1,1,1,1,1,1,1
2026-07-03T19:37:50.736,tof2,4x4,lying,3043,3261,-1,3325,1485,1431,2154,2737,1576,-1,1497,-1,904,831,1107,1059,1,1,0,1,1,1,1,1,1,0,1,0,1,1,1,1
2026-07-03T19:37:50.892,tof1,4x4,lying,-1,-1,-1,-1,-1,-1,-1,-1,-1,-1,441,368,-1,534,375,336,0,0,0,0,0,0,0,0,0,0,1,1,1,1,1,1
2026-07-03T19:37:51.054,tof1,4x4,lying,-1,-1,-1,-1,-1,-1,-1,-1,-1,-1,442,368,1075,527,377,335,0,0,0,0,0,0,0,0,0,1,1,1,1,1,1,1
2026-07-03T19:37:51.002,tof2,4x4,lying,2964,3260,-1,3313,1557,1287,2168,2767,1585,-1,-1,-1,1106,850,-1,1051,1,1,0,1,1,1,1,1,1,1,1,0,1,1,1,1
2026-07-03T19:37:51.176,tof2,4x4,lying,3054,3275,-1,3332,1546,1367,2158,2787,-1,-1,1480,-1,1097,-1,-1,1057,1,1,0,1,1,1,1,1,1,0,1,1,1,1,1,1
2026-07-03T19:37:51.240,tof1,4x4,lying,-1,-1,-1,-1,-1,-1,-1,-1,-1,-1,-1,371,1007,-1,377,336,1,0,0,0,0,0,0,0,0,1,0,1,1,1,1,1
2026-07-03T19:37:51.368,tof2,4x4,lying,3002,3266,-1,3274,1489,-1,2153,2770,1581,-1,1493,1418,1123,-1,1093,1053,1,1,0,1,1,0,1,1,1,0,1,1,1,1,1,1
2026-07-03T19:37:51.437,tof1,4x4,lying,-1,-1,-1,-1,-1,-1,-1,-1,-1,-1,-1,369,1109,-1,381,335,0,0,0,0,0,0,0,0,0,0,0,1,1,1,1,1
2026-07-03T19:37:51.543,tof2,4x4,lying,2994,3252,3262,3322,1486,-1,2170,2767,1548,-1,-1,-1,812,925,-1,1052,1,1,1,1,1,1,1,1,1,0,1,0,1,1,1,1
2026-07-03T19:37:51.627,tof1,4x4,lying,-1,-1,-1,-1,-1,-1,-1,-1,-1,-1,-1,371,-1,-1,378,335,0,0,0,0,0,0,0,0,0,0,0,1,0,1,1,1
2026-07-03T19:37:51.733,tof2,4x4,lying,-1,3267,-1,3345,1518,2148,-1,2737,1621,-1,1532,1335,1076,-1,1098,1051,0,1,0,1,1,1,0,1,1,0,1,1,1,1,1,1
2026-07-03T19:37:51.811,tof1,4x4,lying,-1,-1,-1,-1,-1,-1,-1,-1,-1,-1,435,370,1089,519,379,336,1,0,0,0,0,0,0,0,0,1,1,1,1,1,1,1
2026-07-03T19:37:51.916,tof2,4x4,lying,3002,3250,-1,3321,1467,2035,2103,2768,1621,-1,1637,-1,1099,-1,1098,1065,1,1,0,1,1,1,1,1,1,0,1,1,1,1,1,1
2026-07-03T19:37:51.998,tof1,4x4,lying,-1,-1,-1,-1,-1,-1,-1,-1,-1,-1,450,371,-1,-1,379,334,0,0,0,0,0,0,0,0,0,0,1,1,1,1,1,1
2026-07-03T19:37:52.069,tof2,4x4,lying,3016,3281,-1,3278,1493,-1,2149,2788,1573,-1,1509,-1,841,-1,1097,1067,1,1,1,1,1,0,1,1,1,0,1,1,1,1,1,1
2026-07-03T19:37:52.241,tof2,4x4,lying,3077,3268,-1,3278,1486,1428,2198,2746,1623,-1,-1,-1,873,-1,1092,1048,1,1,0,1,1,1,1,1,1,0,1,0,1,1,1,1
2026-07-03T19:37:52.419,tof2,4x4,lying,3006,3258,-1,3318,1516,1337,2177,2759,1619,-1,1421,-1,1131,-1,1094,1051,1,1,1,1,1,1,1,1,1,0,1,0,1,1,1,1
2026-07-03T19:37:52.579,tof2,4x4,lying,-1,3265,3348,3285,1518,1398,2182,2796,1635,-1,1577,-1,1086,-1,1096,1046,1,1,1,1,1,1,1,1,1,0,1,0,1,1,1,1
2026-07-03T19:37:52.678,tof1,4x4,lying,-1,-1,-1,-1,-1,-1,-1,-1,-1,-1,-1,368,1122,-1,380,335,1,0,0,0,0,0,0,0,0,0,0,1,1,1,1,1
2026-07-03T19:37:52.853,tof1,4x4,lying,-1,-1,-1,-1,-1,-1,-1,-1,-1,688,448,369,1163,-1,379,336,0,0,0,0,0,0,0,0,0,1,1,1,1,1,1,1
2026-07-03T19:37:52.793,tof2,4x4,lying,2987,3271,-1,3278,1568,1415,2143,2789,1608,-1,1501,-1,1102,-1,1082,1052,1,1,0,1,1,1,1,1,1,1,1,0,1,1,1,1
2026-07-03T19:37:52.970,tof2,4x4,lying,-1,3250,3303,3286,1502,-1,-1,2772,1604,-1,1573,-1,1079,-1,1100,1051,0,1,1,1,1,1,1,1,1,0,1,0,1,1,1,1
2026-07-03T19:37:53.046,tof1,4x4,lying,-1,-1,-1,-1,-1,-1,-1,-1,-1,734,-1,370,-1,529,381,335,0,0,0,0,0,0,0,0,0,1,0,1,0,1,1,1
2026-07-03T19:37:53.147,tof2,4x4,lying,2968,3263,-1,3311,1499,1409,2136,2742,1621,-1,-1,-1,890,-1,1100,1051,1,1,0,1,1,1,1,1,1,0,1,0,1,1,1,1
2026-07-03T19:37:53.265,tof1,4x4,lying,-1,-1,-1,-1,-1,-1,-1,-1,-1,599,-1,371,1092,547,377,336,0,0,0,0,0,0,0,0,0,1,0,1,1,1,1,1
2026-07-03T19:37:53.470,tof2,4x4,lying,3033,3249,-1,3307,1557,1400,2201,2775,1698,-1,1517,-1,1098,930,1091,1057,1,1,0,1,1,1,1,1,1,1,1,0,1,1,1,1
2026-07-03T19:37:53.688,tof2,4x4,lying,2976,3239,-1,3310,-1,2143,2109,2768,1617,-1,1534,-1,1127,-1,1091,1056,1,1,1,1,1,1,1,1,1,0,1,0,1,1,1,1
2026-07-03T19:37:53.837,tof1,4x4,lying,-1,-1,-1,-1,-1,-1,-1,-1,-1,509,-1,372,1181,513,377,337,0,0,0,0,0,0,0,0,0,1,0,1,1,1,1,1
2026-07-03T19:37:54.110,tof1,4x4,lying,-1,-1,-1,-1,-1,-1,-1,-1,-1,-1,-1,371,-1,-1,382,334,0,0,0,0,0,0,0,0,0,0,0,1,0,1,1,1
2026-07-03T19:37:53.971,tof2,4x4,lying,3011,3251,-1,3309,1523,1453,-1,2781,-1,-1,-1,-1,1115,955,1105,1050,1,1,0,1,1,1,0,1,1,0,1,0,1,1,1,1
2026-07-03T19:37:54.227,tof2,4x4,lying,-1,3247,3337,3313,1488,1394,2178,2739,1564,-1,1613,-1,1071,-1,1099,1057,1,1,1,1,1,1,1,1,1,0,1,0,1,1,1,1
2026-07-03T19:37:54.709,tof1,4x4,lying,-1,-1,-1,-1,-1,-1,-1,-1,-1,667,-1,372,1044,-1,378,336,0,0,0,0,0,0,0,0,0,1,0,1,1,1,1,1
2026-07-03T19:37:54.861,tof2,4x4,lying,2965,3237,-1,3308,1557,1427,2145,2754,1665,-1,1534,-1,858,-1,1104,1052,1,1,0,1,1,1,1,1,1,0,1,1,1,1,1,1
2026-07-03T19:37:55.026,tof1,4x4,lying,-1,-1,-1,-1,-1,-1,-1,-1,-1,751,-1,370,-1,-1,378,337,0,0,0,0,0,0,1,0,0,1,0,1,0,1,1,1
2026-07-03T19:37:55.251,tof1,4x4,lying,-1,-1,-1,-1,-1,-1,-1,-1,-1,-1,-1,372,1087,-1,379,337,0,0,0,0,0,0,0,0,0,0,0,1,1,1,1,1
2026-07-03T19:37:55.258,tof2,4x4,lying,-1,3250,-1,3289,1410,-1,-1,2804,1598,-1,-1,-1,1097,-1,-1,1041,1,1,0,1,1,0,1,1,1,1,1,0,1,1,1,1
2026-07-03T19:37:55.495,tof1,4x4,lying,-1,-1,-1,-1,-1,-1,-1,-1,-1,658,-1,373,981,-1,380,336,0,0,0,0,0,0,0,0,0,1,0,1,1,1,1,1
2026-07-03T19:37:55.606,tof2,4x4,lying,2927,3262,-1,3286,-1,-1,2105,2771,1581,-1,1599,-1,1112,885,1101,1059,1,1,1,1,0,0,1,1,1,0,1,1,1,1,1,1
2026-07-03T19:37:55.815,tof1,4x4,lying,-1,-1,-1,-1,-1,-1,-1,-1,-1,-1,-1,372,-1,-1,381,337,0,0,0,0,0,0,0,0,0,1,0,1,0,1,1,1
2026-07-03T19:37:55.838,tof2,4x4,lying,3040,3270,-1,3316,1538,-1,2136,2780,1551,-1,-1,-1,808,-1,1096,1036,1,1,0,1,1,1,1,1,1,1,1,0,1,1,1,1
2026-07-03T19:37:56.051,tof1,4x4,lying,-1,-1,-1,-1,-1,-1,-1,-1,-1,-1,-1,372,-1,-1,381,337,0,0,0,0,0,0,0,0,0,0,0,1,1,1,1,1
2026-07-03T19:37:56.105,tof2,4x4,lying,3003,3273,-1,3294,-1,-1,-1,2777,-1,-1,-1,-1,-1,-1,1099,1056,1,1,0,1,0,0,1,1,1,0,1,1,1,1,1,1
2026-07-03T19:37:56.216,tof1,4x4,lying,-1,-1,-1,-1,-1,-1,-1,-1,-1,627,-1,372,-1,-1,381,335,0,0,0,0,0,0,0,0,0,1,0,1,0,1,1,1
2026-07-03T19:37:56.273,tof2,4x4,lying,3025,3253,-1,3300,-1,-1,-1,3498,1598,-1,-1,-1,817,930,1084,1055,1,1,0,1,1,1,0,1,1,0,1,1,1,1,1,1
2026-07-03T19:37:56.375,tof1,4x4,lying,-1,-1,-1,-1,-1,-1,-1,-1,-1,-1,-1,370,1107,-1,380,336,0,0,0,0,0,0,0,0,0,0,0,1,1,1,1,1
2026-07-03T19:37:56.439,tof2,4x4,lying,3025,3270,-1,3289,1496,-1,2205,2805,-1,-1,1538,-1,-1,928,1094,1053,1,1,1,1,1,0,1,1,1,0,1,1,1,1,1,1
2026-07-03T19:37:56.541,tof1,4x4,lying,-1,-1,-1,-1,-1,-1,-1,-1,-1,-1,-1,371,1073,540,381,336,0,0,0,0,0,0,0,0,0,1,0,1,1,1,1,1
2026-07-03T19:37:56.742,tof1,4x4,lying,-1,-1,-1,-1,-1,-1,-1,-1,-1,-1,-1,370,-1,542,380,337,0,0,0,0,0,0,1,0,0,0,0,1,1,1,1,1
2026-07-03T19:37:56.746,tof2,4x4,lying,2983,3259,-1,3296,1471,-1,2174,2796,1618,-1,1692,-1,1089,-1,1082,1045,1,1,0,1,1,1,1,1,1,0,1,0,1,1,1,1
2026-07-03T19:37:56.903,tof1,4x4,lying,-1,-1,-1,-1,-1,-1,-1,-1,-1,-1,-1,369,-1,-1,381,336,0,0,0,0,0,0,0,0,0,0,0,1,0,1,1,1
2026-07-03T19:37:56.984,tof2,4x4,lying,3086,3261,-1,3301,1581,-1,2091,2803,1628,-1,1493,-1,1102,955,1087,1051,1,1,0,1,1,0,1,1,1,0,1,0,1,1,1,1
2026-07-03T19:37:57.064,tof1,4x4,lying,-1,-1,-1,-1,-1,-1,-1,-1,-1,-1,-1,370,-1,533,382,337,0,0,0,0,0,0,0,0,0,0,0,1,0,1,1,1
2026-07-03T19:37:57.149,tof2,4x4,lying,3027,3260,-1,3305,-1,-1,-1,2780,1524,-1,-1,-1,1095,916,1109,1050,1,1,0,1,1,0,0,1,1,0,1,0,1,1,1,1
2026-07-03T19:37:57.248,tof1,4x4,lying,-1,-1,-1,-1,-1,-1,-1,-1,-1,-1,-1,371,-1,-1,376,338,0,0,0,0,0,0,0,0,0,0,0,1,1,1,1,1
2026-07-03T19:37:57.308,tof2,4x4,lying,2914,3262,3306,3266,-1,1355,-1,2741,1620,-1,-1,-1,763,939,1092,1048,1,1,1,1,0,1,1,1,1,0,1,0,1,1,1,1
2026-07-03T19:37:57.408,tof1,4x4,lying,-1,-1,-1,-1,-1,-1,-1,-1,-1,-1,445,370,989,-1,378,338,0,0,0,0,0,0,1,0,0,0,1,1,1,1,1,1
2026-07-03T19:37:57.515,tof2,4x4,lying,3047,3262,-1,3321,1537,-1,2002,2794,-1,-1,1494,-1,819,-1,1083,1056,1,1,0,1,1,0,1,1,1,0,1,0,1,1,1,1
2026-07-03T19:37:57.578,tof1,4x4,lying,-1,-1,-1,-1,-1,-1,-1,-1,-1,571,-1,370,-1,537,380,338,0,0,0,0,0,0,1,0,0,1,0,1,1,1,1,1
2026-07-03T19:37:57.679,tof2,4x4,lying,3006,3262,-1,3258,-1,-1,2025,2771,1613,-1,-1,1277,799,-1,1096,1062,1,1,0,1,1,0,1,1,1,0,1,1,1,1,1,1
2026-07-03T19:37:57.753,tof1,4x4,lying,-1,-1,-1,-1,-1,-1,-1,-1,-1,-1,-1,372,1057,-1,376,338,0,0,0,0,0,0,0,0,0,0,0,1,1,1,1,1
2026-07-03T19:37:57.912,tof1,4x4,lying,-1,-1,-1,-1,-1,-1,-1,-1,-1,-1,-1,369,-1,-1,376,338,0,0,0,0,0,0,0,0,0,1,0,1,1,1,1,1
2026-07-03T19:37:57.855,tof2,4x4,lying,2907,3241,-1,3320,1405,-1,-1,2740,1595,-1,1625,-1,798,1006,1105,1051,1,1,0,1,1,1,0,1,1,0,1,0,1,1,1,1
2026-07-03T19:37:58.013,tof2,4x4,lying,2863,3258,-1,3308,1508,-1,2125,2757,1664,-1,1555,-1,786,-1,-1,1066,1,1,0,1,1,0,1,1,1,0,1,0,1,1,1,1
2026-07-03T19:37:58.108,tof1,4x4,lying,-1,-1,-1,-1,-1,-1,-1,-1,-1,616,-1,373,-1,-1,376,338,0,0,0,0,0,0,0,0,0,1,0,1,0,1,1,1
2026-07-03T19:37:58.196,tof2,4x4,lying,2965,3252,-1,3284,1552,1384,2162,2789,1624,-1,1580,-1,760,1000,1103,1058,1,1,0,1,1,1,1,1,1,1,1,1,1,1,1,1
2026-07-03T19:37:58.293,tof1,4x4,lying,-1,-1,-1,-1,-1,-1,-1,-1,-1,676,-1,371,-1,534,376,339,0,0,0,0,0,0,0,0,0,1,0,1,0,1,1,1
2026-07-03T19:37:58.358,tof2,4x4,lying,2924,3273,3308,3319,1547,1321,2069,2733,1626,-1,1474,-1,796,971,1083,1040,1,1,1,1,1,1,1,1,1,0,1,0,1,1,1,1
2026-07-03T19:37:58.490,tof1,4x4,lying,-1,-1,-1,-1,-1,-1,-1,-1,-1,653,-1,372,-1,-1,377,339,0,0,0,0,0,0,0,0,0,1,0,1,0,1,1,1
2026-07-03T19:37:58.559,tof2,4x4,lying,-1,3258,-1,3305,1527,1386,2169,2747,1603,-1,1452,1320,787,-1,1098,1047,0,1,0,1,1,1,1,1,1,0,1,1,1,1,1,1
2026-07-03T19:37:58.674,tof1,4x4,lying,-1,-1,-1,-1,-1,-1,-1,-1,-1,-1,-1,372,1037,-1,382,338,0,0,0,0,0,0,0,0,0,0,0,1,1,1,1,1
2026-07-03T19:37:58.721,tof2,4x4,lying,2977,3256,-1,3301,-1,1384,2125,2771,1608,-1,1491,-1,790,965,1096,1053,1,1,0,1,1,1,1,1,1,0,1,1,1,1,1,1
2026-07-03T19:37:58.891,tof1,4x4,lying,-1,-1,-1,-1,-1,-1,-1,-1,-1,-1,-1,371,1158,546,382,338,0,0,0,0,0,0,0,0,0,0,0,1,1,1,1,1
2026-07-03T19:37:58.898,tof2,4x4,lying,2957,3258,-1,3293,1518,1407,-1,2762,1610,-1,-1,-1,822,954,1100,1052,1,1,1,1,1,1,0,1,1,0,1,0,1,1,1,1
2026-07-03T19:37:59.119,tof1,4x4,lying,-1,-1,-1,-1,-1,-1,-1,-1,-1,-1,-1,371,1120,-1,380,338,0,0,0,0,0,0,0,0,0,1,0,1,1,1,1,1
2026-07-03T19:37:59.345,tof1,4x4,lying,-1,-1,-1,-1,-1,-1,-1,-1,-1,-1,452,371,-1,-1,385,338,0,0,0,0,0,0,0,0,0,1,1,1,0,1,1,1
2026-07-03T19:37:59.219,tof2,4x4,lying,3015,3266,3350,3299,1486,1386,2083,2822,1624,-1,1491,-1,805,-1,-1,1046,1,1,1,1,1,1,1,1,1,0,1,1,1,1,1,1
2026-07-03T19:37:59.437,tof2,4x4,lying,2936,3254,-1,3307,1538,1348,2154,2750,1660,-1,-1,-1,801,830,1101,1046,1,1,1,1,1,1,1,1,1,0,1,0,1,1,1,1
2026-07-03T19:37:59.523,tof1,4x4,lying,-1,-1,-1,-1,-1,-1,-1,-1,-1,517,-1,371,-1,525,383,335,0,0,0,0,0,0,0,0,0,1,0,1,0,1,1,1
2026-07-03T19:37:59.598,tof2,4x4,lying,2980,3270,-1,3310,-1,1446,2105,2776,1638,-1,1446,-1,819,845,1091,1054,1,1,0,1,0,1,1,1,1,0,1,0,1,1,1,1
2026-07-03T19:37:59.692,tof1,4x4,lying,-1,-1,-1,-1,-1,-1,-1,-1,-1,-1,-1,371,1080,536,382,336,0,0,0,0,0,0,0,0,0,1,0,1,1,1,1,1
2026-07-03T19:37:59.759,tof2,4x4,lying,3018,3245,-1,3302,1462,1454,2157,2772,1598,-1,-1,-1,827,853,1094,1054,1,1,0,1,1,1,1,1,1,0,1,1,1,1,1,1
2026-07-03T19:37:59.848,tof1,4x4,lying,-1,-1,-1,-1,-1,-1,-1,-1,-1,-1,-1,372,1070,-1,382,336,0,0,0,0,0,0,0,0,0,0,0,1,1,1,1,1
2026-07-03T19:37:59.944,tof2,4x4,lying,-1,3266,3295,3333,1504,1351,2135,2770,-1,-1,1463,-1,1121,844,1104,1047,1,1,1,1,1,1,1,1,1,1,1,1,1,1,1,1
2026-07-03T19:38:00.041,tof1,4x4,lying,-1,-1,-1,-1,-1,-1,-1,-1,-1,-1,-1,375,1120,548,382,338,0,0,0,0,0,0,0,0,0,0,0,1,1,1,1,1
2026-07-03T19:38:00.130,tof2,4x4,lying,3032,3252,-1,3276,1555,2132,-1,2762,1598,-1,1613,-1,1108,840,1094,1052,1,1,1,1,1,1,0,1,1,0,1,1,1,1,1,1
2026-07-03T19:38:00.251,tof1,4x4,lying,-1,-1,-1,-1,-1,-1,-1,-1,-1,-1,-1,372,1081,547,384,338,1,0,0,0,0,0,0,0,0,1,0,1,1,1,1,1
2026-07-03T19:38:00.334,tof2,4x4,lying,-1,3252,3299,3313,1537,2145,2129,2806,1635,-1,1505,-1,859,855,1092,1053,1,1,1,1,1,1,1,1,1,0,1,1,1,1,1,1
2026-07-03T19:38:00.442,tof1,4x4,lying,-1,-1,-1,-1,-1,-1,-1,-1,-1,743,-1,372,-1,-1,382,338,0,0,0,0,0,0,0,0,0,1,0,1,0,1,1,1
2026-07-03T19:38:00.518,tof2,4x4,lying,2967,3239,-1,3352,1524,1330,-1,2781,1442,-1,1419,-1,1106,838,1103,1049,1,1,0,1,1,1,0,1,1,0,1,0,1,1,1,1
2026-07-03T19:38:00.611,tof1,4x4,lying,-1,-1,-1,-1,-1,-1,-1,-1,-1,523,-1,372,-1,-1,380,339,0,0,0,0,0,0,0,0,0,1,0,1,0,1,1,1
2026-07-03T19:38:00.771,tof1,4x4,lying,-1,-1,-1,-1,-1,-1,-1,-1,-1,-1,-1,370,-1,-1,382,338,0,0,0,0,0,0,0,0,0,1,0,1,0,1,1,1
2026-07-03T19:38:00.714,tof2,4x4,lying,2976,3265,-1,3315,1473,1359,2147,2774,-1,-1,1478,-1,834,838,1097,1048,1,1,1,1,1,1,1,1,1,0,1,0,1,1,1,1
2026-07-03T19:38:00.862,tof2,4x4,lying,2981,3273,-1,3299,1485,1414,2134,2821,1633,-1,1579,-1,880,857,1089,1057,1,1,1,1,1,1,1,1,1,0,1,1,1,1,1,1
2026-07-03T19:38:00.933,tof1,4x4,lying,-1,-1,-1,-1,-1,-1,-1,-1,-1,667,-1,370,975,-1,378,339,0,0,0,0,0,0,0,0,0,1,0,1,1,1,1,1
2026-07-03T19:38:01.099,tof1,4x4,lying,-1,-1,-1,-1,-1,-1,-1,-1,-1,507,450,370,-1,-1,379,336,0,0,0,0,0,0,0,0,0,1,1,1,0,1,1,1
2026-07-03T19:38:01.267,tof1,4x4,lying,-1,-1,-1,-1,-1,-1,-1,-1,-1,-1,-1,375,-1,-1,380,337,0,0,0,0,0,0,0,0,0,0,0,1,1,1,1,1
2026-07-03T19:38:01.450,tof1,4x4,lying,-1,-1,-1,-1,-1,-1,-1,-1,-1,-1,-1,370,-1,546,384,339,0,0,0,0,0,0,0,0,0,0,0,1,0,1,1,1
2026-07-03T19:38:01.610,tof1,4x4,lying,-1,-1,-1,-1,-1,-1,-1,-1,-1,-1,-1,369,1122,534,381,337,0,0,0,0,0,0,0,0,0,1,0,1,1,1,1,1
2026-07-03T19:38:01.654,tof2,4x4,lying,3020,3270,-1,3333,1456,1376,2045,2773,1575,995,1654,-1,881,849,1091,1052,1,1,0,1,1,1,1,1,1,1,1,0,1,1,1,1
2026-07-03T19:38:01.781,tof1,4x4,lying,-1,-1,-1,-1,-1,-1,-1,-1,-1,721,-1,369,-1,545,380,338,0,0,0,0,0,0,0,0,0,1,0,1,1,1,1,1
2026-07-03T19:38:01.827,tof2,4x4,lying,-1,3268,-1,3317,1580,1425,-1,2778,1645,-1,-1,-1,1110,856,1095,1059,1,1,1,1,1,1,0,1,1,0,1,1,1,1,1,1
2026-07-03T19:38:02.007,tof2,4x4,lying,3009,3262,-1,3295,1493,-1,2123,2822,-1,-1,-1,-1,849,846,1100,1048,1,1,0,1,1,1,1,1,1,0,1,0,1,1,1,1
2026-07-03T19:38:02.053,tof1,4x4,lying,-1,-1,-1,-1,-1,-1,-1,-1,-1,-1,-1,371,-1,545,381,338,0,0,0,0,0,0,0,0,0,0,0,1,0,1,1,1
2026-07-03T19:38:02.168,tof2,4x4,lying,3004,3249,3257,3278,1560,-1,2081,2763,1610,-1,-1,-1,1137,853,1096,1039,1,1,1,1,1,1,1,1,1,0,1,0,1,1,1,1
2026-07-03T19:38:02.217,tof1,4x4,lying,-1,-1,-1,-1,-1,-1,-1,-1,-1,-1,-1,370,-1,548,383,337,0,0,0,0,0,0,0,0,0,0,0,1,0,1,1,1
2026-07-03T19:38:02.338,tof2,4x4,lying,2989,3270,-1,3281,1549,1430,2176,2754,1676,-1,1462,-1,859,849,1094,1047,1,1,0,1,1,1,1,1,1,0,1,1,1,1,1,1
2026-07-03T19:38:02.402,tof1,4x4,lying,-1,-1,-1,-1,-1,-1,-1,-1,-1,620,-1,373,-1,543,382,338,1,0,0,0,0,0,0,0,0,1,0,1,0,1,1,1
2026-07-03T19:38:02.500,tof2,4x4,lying,3002,3247,-1,3323,1535,1398,2159,2813,1594,-1,1454,-1,869,848,1097,1063,1,1,0,1,1,1,1,1,1,1,1,1,1,1,1,1
2026-07-03T19:38:02.570,tof1,4x4,lying,-1,-1,-1,-1,-1,-1,-1,-1,-1,-1,-1,371,-1,-1,382,338,0,0,0,0,0,0,0,0,0,0,0,1,1,1,1,1
2026-07-03T19:38:02.674,tof2,4x4,lying,2952,3258,-1,3325,1424,1368,2074,2805,1622,-1,1701,-1,849,857,1095,1064,1,1,0,1,1,1,1,1,1,0,1,1,1,1,1,1
2026-07-03T19:38:02.738,tof1,4x4,lying,-1,-1,-1,-1,-1,-1,-1,-1,-1,537,-1,372,-1,549,383,340,0,0,0,0,0,0,0,0,0,1,0,1,1,1,1,1
2026-07-03T19:38:02.896,tof1,4x4,lying,-1,-1,-1,-1,-1,-1,-1,-1,-1,-1,-1,373,1087,-1,383,338,0,0,0,0,0,0,0,0,0,0,0,1,1,1,1,1
2026-07-03T19:38:02.866,tof2,4x4,lying,-1,3260,-1,3294,1514,1353,2134,2786,1584,-1,1585,1318,828,846,1097,-1,1,1,0,1,1,1,1,1,1,0,1,1,1,1,1,1
2026-07-03T19:38:03.023,tof2,4x4,lying,2990,3247,3278,3313,1511,1451,1999,2777,1598,-1,-1,-1,857,855,1100,1047,1,1,1,1,1,1,1,1,1,1,1,1,1,1,1,1
2026-07-03T19:38:03.064,tof1,4x4,lying,-1,-1,-1,-1,-1,-1,-1,-1,-1,710,-1,372,1041,530,382,337,0,0,0,0,0,0,0,0,0,1,0,1,1,1,1,1
2026-07-03T19:38:03.182,tof2,4x4,lying,3021,3255,-1,3301,1500,1412,-1,2785,1617,-1,1592,-1,886,850,1091,1050,1,1,0,1,1,1,1,1,1,0,1,0,1,1,1,1
2026-07-03T19:38:03.216,tof1,4x4,lying,-1,-1,-1,-1,-1,-1,-1,-1,-1,515,-1,373,1053,-1,382,339,0,0,0,0,0,0,0,0,0,1,0,1,1,1,1,1
2026-07-03T19:38:03.408,tof1,4x4,lying,-1,-1,-1,-1,-1,-1,-1,-1,-1,-1,-1,370,-1,551,381,337,0,0,0,0,0,0,0,0,0,0,0,1,0,1,1,1
2026-07-03T19:38:03.395,tof2,4x4,lying,2976,3264,3336,3292,1561,-1,2119,2755,1691,-1,1497,-1,886,833,1087,1056,1,1,1,1,1,1,1,1,1,0,1,0,1,1,1,1
2026-07-03T19:38:03.606,tof1,4x4,lying,-1,-1,-1,-1,-1,-1,-1,-1,-1,677,-1,371,-1,553,383,338,0,0,0,0,0,0,0,0,0,1,0,1,0,1,1,1
2026-07-03T19:38:03.591,tof2,4x4,lying,2994,3254,-1,3313,-1,1396,2173,2775,1540,-1,1487,1380,850,853,1092,1046,1,1,0,1,0,1,1,1,1,0,1,1,1,1,1,1
2026-07-03T19:38:03.757,tof2,4x4,lying,2997,3258,-1,3297,1578,2158,2114,2803,1612,-1,-1,-1,1088,845,1092,1063,1,1,0,1,1,1,1,1,1,0,1,0,1,1,1,1
2026-07-03T19:38:03.800,tof1,4x4,lying,-1,-1,-1,-1,-1,-1,-1,-1,-1,-1,-1,373,-1,560,382,336,0,0,0,0,0,0,0,0,0,0,0,1,0,1,1,1
2026-07-03T19:38:03.954,tof1,4x4,lying,-1,-1,-1,-1,-1,-1,-1,-1,-1,-1,-1,372,1146,-1,382,339,0,0,0,0,0,0,0,0,0,0,0,1,1,1,1,1
2026-07-03T19:38:03.928,tof2,4x4,lying,-1,3254,3235,3286,1449,1380,2032,2757,1568,-1,1477,-1,826,853,1090,1048,1,1,1,1,1,1,1,1,1,0,1,0,1,1,1,1
2026-07-03T19:38:04.124,tof1,4x4,lying,-1,-1,-1,-1,-1,-1,-1,-1,-1,636,-1,371,-1,551,382,337,0,0,0,0,0,0,0,0,0,1,0,1,0,1,1,1
2026-07-03T19:38:04.094,tof2,4x4,lying,3021,3263,-1,3308,-1,1412,2141,2782,-1,-1,1430,-1,894,832,1090,1046,1,1,0,1,1,1,1,1,1,0,1,0,1,1,1,1
2026-07-03T19:38:04.305,tof1,4x4,lying,-1,-1,-1,-1,-1,-1,-1,-1,-1,637,-1,371,-1,-1,383,338,0,0,0,0,0,0,0,0,0,1,0,1,0,1,1,1
2026-07-03T19:38:04.266,tof2,4x4,lying,3016,3251,-1,3262,-1,1366,2214,2788,1654,-1,1567,-1,1101,856,1100,1056,1,1,1,1,0,1,1,1,1,0,1,1,1,1,1,1
2026-07-03T19:38:04.437,tof2,4x4,lying,2990,3272,-1,3340,1516,1408,-1,2777,1618,-1,1398,-1,840,850,1101,1061,1,1,0,1,1,1,1,1,1,0,1,0,1,1,1,1
2026-07-03T19:38:04.489,tof1,4x4,lying,-1,-1,-1,-1,-1,-1,-1,-1,-1,-1,-1,370,1084,553,383,339,0,0,0,0,0,0,0,0,0,0,0,1,1,1,1,1
2026-07-03T19:38:04.617,tof2,4x4,lying,2938,3247,-1,3309,1487,1402,-1,2773,1588,-1,1463,-1,850,846,1090,1052,1,1,0,1,1,1,0,1,1,1,1,1,1,1,1,1
2026-07-03T19:38:04.677,tof1,4x4,lying,-1,-1,-1,-1,-1,-1,-1,-1,-1,-1,-1,371,-1,549,383,337,0,0,0,0,0,0,0,0,0,0,0,1,0,1,1,1
2026-07-03T19:38:04.852,tof1,4x4,lying,-1,-1,-1,-1,-1,-1,-1,-1,-1,-1,-1,372,-1,-1,381,337,0,0,1,0,0,0,0,0,0,0,0,1,0,1,1,1
2026-07-03T19:38:04.797,tof2,4x4,lying,-1,3256,-1,3280,1503,1426,2199,2778,1609,-1,1525,-1,901,858,1095,1051,1,1,0,1,1,1,1,1,1,0,1,0,1,1,1,1
2026-07-03T19:38:05.023,tof1,4x4,lying,-1,-1,-1,-1,-1,-1,-1,-1,-1,-1,-1,370,1067,554,383,337,0,0,0,0,0,0,0,0,0,0,0,1,1,1,1,1
2026-07-03T19:38:04.977,tof2,4x4,lying,3045,3247,-1,3263,1532,1373,2217,2760,1636,-1,1527,1264,850,859,1107,1060,1,1,0,1,1,1,1,1,1,0,1,1,1,1,1,1
2026-07-03T19:38:05.148,tof2,4x4,lying,2987,3268,-1,3288,1552,1440,2144,2768,-1,-1,1482,-1,870,847,1091,1045,1,1,0,1,1,1,1,1,1,0,1,0,1,1,1,1
2026-07-03T19:38:05.220,tof1,4x4,lying,-1,-1,-1,-1,-1,-1,-1,-1,-1,691,-1,371,-1,-1,383,338,0,0,0,0,0,0,0,0,0,1,0,1,1,1,1,1
2026-07-03T19:38:05.385,tof1,4x4,lying,-1,-1,-1,-1,-1,-1,-1,-1,-1,540,-1,370,1035,564,382,338,0,0,0,0,0,0,0,0,0,1,0,1,1,1,1,1
2026-07-03T19:38:05.337,tof2,4x4,lying,2977,3245,-1,3317,1412,-1,2133,2719,1530,-1,1417,-1,882,850,1092,1048,1,1,0,1,1,0,1,1,1,0,1,0,1,1,1,1
2026-07-03T19:38:05.556,tof1,4x4,lying,-1,-1,-1,-1,-1,-1,-1,-1,-1,713,-1,370,1092,556,379,338,0,0,0,0,0,0,0,0,0,1,0,1,1,1,1,1
2026-07-03T19:38:05.493,tof2,4x4,lying,2991,3249,3352,3281,1534,-1,-1,2764,1484,-1,1455,-1,-1,847,1092,1056,1,1,1,1,1,0,1,1,1,0,1,1,1,1,1,1
2026-07-03T19:38:05.660,tof2,4x4,lying,3015,3265,-1,3312,1493,-1,2114,2749,1509,-1,1510,-1,856,840,-1,1036,1,1,0,1,1,0,1,1,1,0,1,0,1,1,1,1
2026-07-03T19:38:05.741,tof1,4x4,lying,-1,-1,-1,-1,-1,-1,-1,-1,-1,753,-1,369,-1,541,379,338,0,0,0,0,0,0,0,0,0,1,0,1,0,1,1,1
2026-07-03T19:38:05.830,tof2,4x4,lying,2979,3260,-1,3276,1517,-1,-1,2784,1587,-1,-1,-1,820,852,1091,1051,1,1,0,1,1,0,0,1,1,0,1,1,1,1,1,1
2026-07-03T19:38:05.891,tof1,4x4,lying,-1,-1,-1,-1,-1,-1,-1,-1,-1,708,-1,372,1118,554,385,338,0,0,0,0,0,0,0,0,0,1,0,1,1,1,1,1
2026-07-03T19:38:05.980,tof2,4x4,lying,2992,3257,-1,3297,-1,-1,2116,2781,-1,-1,1555,-1,903,831,1097,1046,1,1,0,1,0,0,1,1,1,0,1,0,1,1,1,1
2026-07-03T19:38:06.067,tof1,4x4,lying,-1,-1,-1,-1,-1,-1,-1,-1,-1,701,452,373,1007,543,385,338,0,0,0,0,0,0,0,0,0,1,1,1,1,1,1,1
2026-07-03T19:38:06.168,tof2,4x4,lying,3016,3262,-1,3262,1591,-1,1975,2767,-1,-1,1578,-1,-1,864,1091,1051,1,1,0,1,1,0,1,1,1,0,1,0,1,1,1,1
2026-07-03T19:38:06.243,tof1,4x4,lying,-1,-1,-1,-1,-1,-1,-1,-1,-1,649,-1,370,1105,549,383,337,0,0,0,0,0,0,0,0,0,1,0,1,1,1,1,1
2026-07-03T19:38:06.322,tof2,4x4,lying,3003,3266,-1,3279,1485,-1,-1,2814,-1,-1,1595,-1,856,839,1077,1057,1,1,1,1,1,0,1,1,1,0,1,1,1,1,1,1
2026-07-03T19:38:06.417,tof1,4x4,lying,-1,-1,-1,-1,-1,-1,-1,-1,-1,520,-1,372,-1,562,382,340,0,0,0,0,0,0,0,0,0,1,0,1,0,1,1,1
2026-07-03T19:38:06.503,tof2,4x4,lying,3016,3266,-1,3290,-1,-1,2159,2768,1621,-1,1499,1280,823,851,1081,1051,1,1,0,1,1,0,1,1,1,0,1,1,1,1,1,1
2026-07-03T19:38:06.612,tof1,4x4,lying,-1,-1,-1,-1,-1,-1,-1,-1,-1,-1,-1,374,-1,598,384,339,0,0,0,0,0,0,0,0,0,0,0,1,0,1,1,1
2026-07-03T19:38:06.681,tof2,4x4,lying,-1,3268,3351,3283,1577,-1,2131,2812,-1,-1,1463,1282,825,837,1095,1059,1,1,1,1,1,0,1,1,1,1,1,1,1,1,1,1
2026-07-03T19:38:06.793,tof1,4x4,lying,-1,-1,-1,-1,-1,-1,-1,-1,-1,-1,-1,369,1065,-1,382,339,0,0,0,1,0,0,0,0,0,1,0,1,1,1,1,1
2026-07-03T19:38:06.852,tof2,4x4,lying,3001,3253,-1,3288,1530,-1,2211,2801,1667,-1,-1,-1,845,846,1086,1053,1,1,0,1,1,0,1,1,1,0,1,0,1,1,1,1
2026-07-03T19:38:06.961,tof1,4x4,lying,-1,-1,-1,-1,-1,-1,-1,-1,-1,-1,-1,373,-1,525,382,338,0,0,0,0,0,0,0,0,0,0,0,1,1,1,1,1
2026-07-03T19:38:07.031,tof2,4x4,lying,-1,3249,-1,3269,1517,-1,2106,2765,1573,-1,-1,-1,867,860,1096,1053,0,1,0,1,1,0,1,1,1,0,1,0,1,1,1,1
2026-07-03T19:38:07.128,tof1,4x4,lying,-1,-1,-1,-1,-1,-1,-1,-1,-1,-1,-1,372,-1,541,383,338,0,0,0,0,0,0,0,0,0,1,0,1,0,1,1,1
2026-07-03T19:38:07.202,tof2,4x4,lying,2974,3256,-1,3331,-1,-1,2176,2750,1593,-1,1554,-1,866,851,1086,1051,1,1,0,1,0,0,1,1,1,0,1,0,1,1,1,1
2026-07-03T19:38:07.305,tof1,4x4,lying,-1,-1,-1,-1,-1,-1,-1,-1,-1,537,-1,373,-1,-1,386,340,0,0,0,0,0,0,0,0,0,1,0,1,0,1,1,1
2026-07-03T19:38:07.370,tof2,4x4,lying,-1,3253,-1,3303,1554,-1,2147,2753,-1,-1,1510,-1,842,852,-1,1064,1,1,0,1,1,0,1,1,1,0,1,0,1,1,1,1
2026-07-03T19:38:07.593,tof1,4x4,lying,-1,-1,-1,-1,-1,-1,-1,-1,-1,684,-1,370,-1,564,383,340,0,0,0,0,0,0,0,0,0,1,0,1,0,1,1,1
2026-07-03T19:38:07.603,tof2,4x4,lying,2944,3257,-1,3305,1531,-1,2160,2786,1690,-1,1464,-1,827,859,1102,1052,1,1,0,1,1,0,1,1,1,1,1,1,1,1,1,1
2026-07-03T19:38:07.849,tof1,4x4,lying,-1,-1,-1,-1,-1,-1,-1,-1,-1,-1,-1,372,-1,542,381,340,0,0,0,0,0,0,0,0,0,0,0,1,0,1,1,1
2026-07-03T19:38:08.053,tof1,4x4,lying,-1,-1,-1,-1,-1,-1,-1,-1,-1,650,-1,373,1084,537,378,340,0,0,0,0,0,0,0,0,0,1,0,1,1,1,1,1
2026-07-03T19:38:08.127,tof2,4x4,lying,2996,3260,3286,3316,1482,-1,2045,2771,1614,-1,1511,-1,1117,832,-1,1041,1,1,1,1,1,0,1,1,1,0,1,0,1,1,1,1
2026-07-03T19:38:08.365,tof1,4x4,lying,-1,-1,-1,-1,-1,-1,-1,-1,-1,619,-1,370,-1,542,380,337,0,0,0,1,0,0,0,0,0,1,0,1,1,1,1,1
2026-07-03T19:38:08.380,tof2,4x4,lying,3017,3250,-1,3295,1569,1278,2128,2763,1608,-1,-1,-1,958,832,1093,1049,1,1,1,1,1,1,1,1,1,0,1,0,1,1,1,1
2026-07-03T19:38:08.544,tof1,4x4,lying,-1,-1,-1,-1,-1,-1,-1,-1,-1,-1,440,372,-1,543,377,339,1,0,1,0,0,0,0,0,0,0,1,1,1,1,1,1
2026-07-03T19:38:08.545,tof2,4x4,lying,2922,3262,-1,3275,1479,1380,2181,2767,1437,-1,1555,-1,986,839,-1,1061,1,1,1,1,1,1,1,1,1,1,1,1,1,1,1,1
2026-07-03T19:38:08.710,tof1,4x4,lying,-1,-1,-1,-1,-1,-1,-1,-1,-1,677,433,367,-1,543,378,337,0,0,0,0,0,0,0,0,0,1,1,1,0,1,1,1
2026-07-03T19:38:08.841,tof2,4x4,lying,2966,3259,-1,3318,1637,1342,2205,2753,1558,-1,1513,-1,976,912,1105,1049,1,1,0,1,1,1,1,1,1,0,1,0,1,1,1,1
2026-07-03T19:38:08.901,tof1,4x4,lying,-1,-1,-1,-1,-1,-1,-1,-1,-1,533,427,361,1108,521,375,334,0,0,0,0,0,0,0,0,0,1,1,1,1,1,1,1
2026-07-03T19:38:09.014,tof2,4x4,lying,2976,3255,-1,3318,1554,-1,2120,2764,1580,-1,1503,-1,-1,957,896,1050,1,1,0,1,1,1,1,1,1,0,1,1,1,1,1,1
2026-07-03T19:38:09.075,tof1,4x4,lying,-1,-1,-1,-1,-1,-1,-1,-1,-1,509,419,360,-1,527,372,334,0,0,0,0,0,0,0,0,0,1,1,1,1,1,1,1
2026-07-03T19:38:09.171,tof2,4x4,lying,3067,3269,-1,3325,1548,1355,-1,2782,1579,-1,1460,-1,-1,965,928,1056,1,1,0,1,1,1,1,1,1,0,1,1,1,1,1,1
2026-07-03T19:38:09.242,tof1,4x4,lying,-1,-1,-1,-1,-1,-1,-1,-1,-1,-1,398,357,-1,500,357,332,0,0,0,0,0,0,0,0,0,0,1,1,1,1,1,1
2026-07-03T19:38:09.331,tof2,4x4,lying,3010,3266,3292,3323,1539,1393,-1,2756,1577,1212,1582,-1,968,969,932,1065,1,1,1,1,1,1,0,1,1,1,1,0,1,1,1,1
2026-07-03T19:38:09.392,tof1,4x4,lying,-1,-1,-1,-1,-1,-1,-1,370,-1,-1,378,353,-1,470,346,328,0,0,0,0,0,0,0,1,0,0,1,1,0,1,1,1
2026-07-03T19:38:09.558,tof1,4x4,lying,-1,-1,-1,-1,-1,-1,-1,362,-1,-1,359,344,-1,404,335,326,0,0,0,0,0,0,0,1,0,0,1,1,0,1,1,1
2026-07-03T19:38:09.507,tof2,4x4,lying,2978,3271,-1,3288,1509,-1,-1,2788,-1,-1,1465,-1,963,983,922,1054,1,1,0,1,1,1,0,1,1,1,1,0,1,1,1,1
2026-07-03T19:38:09.663,tof2,4x4,lying,2994,3264,-1,3257,1528,1395,2195,2810,1618,1266,1381,-1,968,980,925,1050,1,1,0,1,1,1,1,1,1,1,1,0,1,1,1,1
2026-07-03T19:38:09.737,tof1,4x4,lying,-1,-1,-1,-1,-1,-1,371,359,-1,-1,352,345,1092,373,332,323,0,0,0,0,0,0,1,1,0,0,1,1,1,1,1,1
2026-07-03T19:38:09.836,tof2,4x4,lying,2980,3251,-1,3298,1537,1428,-1,2812,-1,1208,-1,-1,-1,983,917,1036,1,1,1,1,1,1,1,1,1,1,1,0,1,1,1,1
2026-07-03T19:38:09.895,tof1,4x4,lying,-1,-1,-1,-1,-1,-1,372,-1,-1,368,348,354,-1,348,333,328,0,0,0,0,0,0,1,0,0,1,1,1,1,1,1,1
2026-07-03T19:38:10.061,tof1,4x4,lying,-1,-1,-1,-1,-1,-1,365,-1,-1,361,343,363,-1,339,333,329,0,0,0,0,0,0,1,0,0,1,1,1,1,1,1,1
2026-07-03T19:38:10.030,tof2,4x4,lying,-1,3260,3274,3311,-1,1430,-1,2733,-1,1273,-1,1356,985,989,934,1045,1,1,1,1,0,1,0,1,1,1,0,1,1,1,1,1
2026-07-03T19:38:10.180,tof2,4x4,lying,2955,3261,-1,3328,-1,-1,-1,2767,1571,1250,-1,-1,977,991,918,1046,1,1,0,1,0,1,1,1,1,1,0,0,1,1,1,1
2026-07-03T19:38:10.267,tof1,4x4,lying,-1,-1,-1,-1,-1,-1,363,-1,-1,351,344,379,-1,333,331,328,0,0,0,0,0,0,1,0,0,1,1,1,1,1,1,1
2026-07-03T19:38:10.345,tof2,4x4,lying,-1,3262,-1,3301,-1,-1,2137,2794,1512,1239,-1,-1,973,997,925,1041,1,1,0,1,0,1,1,1,1,1,1,0,1,1,1,1
2026-07-03T19:38:10.452,tof1,4x4,lying,-1,-1,-1,-1,-1,-1,372,-1,-1,345,354,392,336,332,333,293,1,0,0,0,0,0,1,0,0,1,1,1,1,1,1,1
2026-07-03T19:38:10.513,tof2,4x4,lying,2998,3238,-1,3270,-1,1532,-1,3507,-1,-1,-1,-1,-1,999,931,1047,1,1,0,1,0,1,1,1,1,1,0,0,1,1,1,1
2026-07-03T19:38:10.613,tof1,4x4,lying,-1,-1,-1,-1,-1,-1,385,399,347,346,367,394,328,326,325,279,0,0,0,0,0,0,1,1,1,1,1,1,1,1,1,1
2026-07-03T19:38:10.685,tof2,4x4,lying,-1,3256,-1,3291,-1,1431,-1,2814,-1,1259,-1,-1,-1,999,929,1067,1,1,1,1,1,1,0,1,1,1,0,0,1,1,1,1
2026-07-03T19:38:10.770,tof1,4x4,lying,-1,-1,-1,-1,-1,378,392,378,339,351,381,368,322,327,309,271,0,0,0,0,0,1,1,1,1,1,1,1,1,1,1,1
2026-07-03T19:38:10.873,tof2,4x4,lying,2982,3262,-1,3272,-1,1538,-1,2815,1617,1277,-1,-1,-1,994,928,1032,1,1,0,1,1,1,0,1,1,1,0,0,1,1,1,1
2026-07-03T19:38:10.942,tof1,4x4,lying,-1,-1,-1,-1,-1,384,366,307,341,369,392,277,318,334,300,255,0,0,0,0,1,1,1,1,1,1,1,1,1,1,1,1
2026-07-03T19:38:11.022,tof2,4x4,lying,3051,3246,-1,3323,2138,1463,-1,2788,1612,1289,-1,-1,-1,974,949,1038,1,1,1,1,1,1,0,1,1,1,0,0,1,1,1,1
2026-07-03T19:38:11.109,tof1,4x4,lying,-1,-1,-1,-1,372,358,295,-1,350,384,280,247,328,344,259,218,0,0,0,0,1,1,1,0,1,1,1,1,1,1,1,1
2026-07-03T19:38:11.176,tof2,4x4,lying,3070,3254,-1,3324,2139,-1,1406,2776,1583,1250,-1,-1,-1,970,946,-1,1,1,0,1,1,1,1,1,1,1,0,0,1,1,1,1
2026-07-03T19:38:11.285,tof1,4x4,lying,-1,-1,-1,-1,297,-1,242,-1,289,238,230,242,341,228,219,-1,0,0,0,0,1,0,1,0,1,1,1,1,1,1,1,0
2026-07-03T19:38:11.451,tof1,4x4,lying,-1,-1,-1,-1,238,-1,-1,-1,221,236,250,-1,221,217,213,344,0,0,0,0,1,0,0,0,1,1,1,0,1,1,1,1
2026-07-03T19:38:11.374,tof2,4x4,lying,3003,3274,-1,3301,2206,-1,-1,2782,-1,-1,-1,-1,1088,967,969,1045,1,1,1,1,1,1,0,1,1,1,0,0,1,1,1,1
2026-07-03T19:38:11.578,tof2,4x4,lying,2954,3250,-1,3255,-1,-1,-1,2800,1470,1622,1178,-1,-1,958,953,-1,1,1,0,1,1,1,0,1,1,1,1,0,1,1,1,1
2026-07-03T19:38:11.632,tof1,4x4,lying,-1,-1,-1,-1,-1,-1,239,-1,-1,225,210,242,195,200,198,372,0,0,0,0,0,0,1,0,0,1,1,1,1,1,1,1
2026-07-03T19:38:11.738,tof2,4x4,lying,2879,3255,-1,3299,2159,1672,-1,2780,1617,1637,-1,-1,1062,930,958,-1,1,1,0,1,1,1,1,1,1,1,0,0,1,1,1,1
2026-07-03T19:38:11.793,tof1,4x4,lying,-1,-1,-1,-1,-1,231,-1,-1,211,217,254,325,200,239,380,394,0,0,0,0,0,1,0,0,1,1,1,1,1,1,1,1
2026-07-03T19:38:11.909,tof2,4x4,lying,2988,3260,-1,3275,2189,1663,1311,2749,1443,-1,-1,-1,1083,895,962,995,1,1,1,1,1,1,1,1,1,1,0,0,1,1,1,1
2026-07-03T19:38:11.981,tof1,4x4,lying,3199,-1,-1,-1,-1,256,-1,-1,241,240,284,340,218,289,408,399,1,0,0,0,0,1,0,0,1,1,1,1,1,1,1,1
2026-07-03T19:38:12.096,tof2,4x4,lying,2971,3250,-1,3334,2136,1668,-1,2800,-1,1592,-1,-1,1083,912,956,976,1,1,1,1,1,1,0,1,1,1,0,0,1,1,1,1
2026-07-03T19:38:12.144,tof1,4x4,lying,-1,-1,-1,-1,-1,287,-1,-1,274,270,325,388,215,321,425,419,0,0,0,0,0,1,0,0,1,1,1,1,1,1,1,1
2026-07-03T19:38:12.250,tof2,4x4,lying,3032,3254,-1,3298,2147,1632,-1,2754,1566,1546,-1,-1,1095,969,958,970,1,1,0,1,1,1,0,1,1,1,0,0,1,1,1,1
2026-07-03T19:38:12.321,tof1,4x4,lying,-1,-1,-1,-1,-1,299,-1,-1,268,276,354,413,210,311,436,429,0,0,0,0,0,1,0,0,1,1,1,1,1,1,1,1
2026-07-03T19:38:12.419,tof2,4x4,lying,2987,3258,-1,3297,2102,1578,-1,2780,1719,1388,-1,-1,1070,960,960,987,1,1,0,1,1,1,0,1,1,1,1,0,1,1,1,1
2026-07-03T19:38:12.518,tof1,4x4,lying,-1,-1,-1,-1,302,330,406,-1,287,343,439,459,201,400,417,413,1,0,0,0,1,1,1,0,1,1,1,1,1,1,1,1
2026-07-03T19:38:12.588,tof2,4x4,lying,2906,3257,-1,3321,-1,1627,1335,2766,1622,1514,1127,-1,-1,952,-1,-1,1,1,1,1,1,1,1,1,1,1,1,0,1,1,1,1
2026-07-03T19:38:12.708,tof1,4x4,lying,-1,-1,-1,-1,325,407,-1,-1,344,458,489,-1,381,411,407,416,0,0,0,0,1,1,0,0,1,1,1,0,1,1,1,1
2026-07-03T19:38:12.908,tof1,4x4,lying,-1,-1,-1,-1,304,-1,-1,-1,285,437,462,2119,382,393,396,1018,0,0,0,0,1,0,0,0,1,1,1,1,1,1,1,1
2026-07-03T19:38:12.816,tof2,4x4,lying,3013,3268,-1,3320,2162,-1,1706,2777,-1,1538,-1,-1,1086,923,956,969,1,1,0,1,1,1,1,1,1,1,0,0,1,1,1,1
2026-07-03T19:38:13.018,tof2,4x4,lying,2996,3262,-1,3312,2125,-1,1341,2768,-1,1681,-1,-1,1082,926,958,957,1,1,1,1,1,1,1,1,1,1,0,0,1,1,1,1
2026-07-03T19:38:13.088,tof1,4x4,lying,-1,-1,-1,-1,-1,374,400,-1,320,384,402,2037,335,369,377,1022,0,0,0,1,0,1,1,0,1,1,1,1,1,1,1,1
2026-07-03T19:38:13.182,tof2,4x4,lying,3008,3256,-1,3303,2088,-1,-1,2776,1595,1637,-1,-1,1090,964,971,953,1,1,1,1,1,1,0,1,1,1,0,0,1,1,1,1
2026-07-03T19:38:13.284,tof1,4x4,lying,-1,-1,-1,-1,-1,309,333,-1,261,297,347,-1,257,344,346,1020,0,0,0,0,0,1,1,0,1,1,1,0,1,1,1,1
2026-07-03T19:38:13.521,tof1,4x4,lying,-1,-1,-1,-1,-1,285,-1,-1,235,267,321,-1,219,327,343,1057,0,0,0,0,0,1,0,0,1,1,1,0,1,1,1,1
2026-07-03T19:38:13.532,tof2,4x4,lying,3135,3263,-1,3298,2136,1707,-1,2754,1655,1744,-1,-1,-1,948,968,957,1,1,0,1,1,1,0,1,1,1,1,0,1,1,1,1
2026-07-03T19:38:13.762,tof1,4x4,lying,-1,-1,-1,-1,247,281,321,-1,241,303,334,-1,375,337,328,1058,0,0,0,0,1,1,1,0,1,1,1,0,1,1,1,1
2026-07-03T19:38:13.767,tof2,4x4,lying,3050,3244,-1,3279,2137,2114,1353,2780,1565,1420,-1,-1,1087,949,970,952,1,1,0,1,1,1,1,1,1,1,0,0,1,1,1,1
2026-07-03T19:38:13.966,tof1,4x4,lying,-1,-1,-1,-1,273,328,-1,-1,303,335,1960,-1,358,320,335,1069,0,0,0,0,1,1,0,0,1,1,1,0,1,1,1,1
2026-07-03T19:38:13.968,tof2,4x4,lying,3001,3263,-1,3303,2112,1701,-1,2767,1460,-1,1190,-1,1088,954,973,-1,1,1,0,1,1,1,0,1,1,1,1,0,1,1,1,1
2026-07-03T19:38:14.259,tof2,4x4,lying,3053,3269,-1,3330,2152,2202,-1,2769,1431,1321,-1,-1,1082,919,969,965,1,1,0,1,1,1,1,1,1,1,0,0,1,1,1,1
2026-07-03T19:38:14.295,tof1,4x4,lying,-1,-1,-1,-1,274,325,-1,-1,293,327,1962,-1,355,315,337,1032,0,0,0,0,1,1,0,0,1,1,1,1,1,1,1,1
2026-07-03T19:38:14.483,tof2,4x4,lying,3035,3261,-1,3303,2054,2130,-1,2809,-1,1600,-1,-1,1094,964,971,969,1,1,1,1,1,1,0,1,1,1,0,1,1,1,1,1
2026-07-03T19:38:14.557,tof1,4x4,lying,-1,-1,-1,-1,265,316,-1,-1,280,319,1975,1934,364,312,337,1034,0,0,0,0,1,1,0,0,1,1,1,1,1,1,1,1
2026-07-03T19:38:14.694,tof2,4x4,lying,2942,3248,-1,3276,2113,-1,1323,2775,1694,1630,-1,-1,1092,923,975,953,1,1,1,1,1,1,1,1,1,1,0,0,1,1,1,1
2026-07-03T19:38:14.753,tof1,4x4,lying,-1,-1,-1,-1,264,316,-1,-1,280,320,2016,-1,366,312,336,1091,1,0,0,0,1,1,0,0,1,1,1,0,1,1,1,1
2026-07-03T19:38:14.857,tof2,4x4,lying,2981,3265,-1,3312,-1,2133,1326,2760,-1,-1,-1,-1,1086,950,964,938,1,1,1,1,1,1,1,1,1,1,0,0,1,1,1,1
2026-07-03T19:38:14.930,tof1,4x4,lying,-1,-1,-1,-1,264,314,-1,-1,276,318,1993,2122,368,313,340,1024,1,0,0,1,1,1,0,0,1,1,1,1,1,1,1,1
2026-07-03T19:38:15.017,tof2,4x4,lying,-1,3270,-1,3275,2182,2140,-1,2801,1648,1542,-1,-1,1094,922,968,953,1,1,0,1,1,1,0,1,1,1,0,0,1,1,1,1
2026-07-03T19:38:15.106,tof1,4x4,lying,-1,-1,-1,-1,264,314,-1,-1,276,318,1989,-1,369,314,338,1034,0,0,0,0,1,1,0,0,1,1,1,0,1,1,1,1
2026-07-03T19:38:15.185,tof2,4x4,lying,2980,3253,-1,3270,2087,1668,-1,2756,-1,1669,-1,-1,1091,918,981,952,1,1,0,1,1,1,1,1,1,1,0,0,1,1,1,1
2026-07-03T19:38:15.297,tof1,4x4,lying,-1,-1,-1,-1,264,318,-1,-1,277,319,-1,1944,370,313,339,1040,1,0,0,0,1,1,0,0,1,1,0,1,1,1,1,1
2026-07-03T19:38:15.369,tof2,4x4,lying,-1,3258,-1,3303,2117,1874,1361,2756,1503,1761,-1,-1,1092,955,967,954,0,1,0,1,1,1,1,1,1,1,0,0,1,1,1,1
2026-07-03T19:38:15.482,tof1,4x4,lying,-1,-1,-1,-1,266,316,-1,-1,275,320,1964,-1,375,313,339,1044,0,0,0,0,1,1,0,0,1,1,1,1,1,1,1,1
2026-07-03T19:38:15.539,tof2,4x4,lying,3039,3264,-1,3326,2045,2035,1325,2762,1440,-1,-1,-1,1095,922,975,952,1,1,1,1,1,1,1,1,1,1,0,0,1,1,1,1
2026-07-03T19:38:15.895,tof1,4x4,lying,-1,-1,-1,-1,264,316,-1,-1,276,320,-1,-1,376,315,332,1039,0,0,0,0,1,1,0,0,1,1,0,0,1,1,1,1
2026-07-03T19:38:15.905,tof2,4x4,lying,3000,3253,-1,3292,2151,-1,1349,2757,-1,1785,-1,-1,1070,950,968,958,1,1,0,1,1,0,1,1,1,1,0,0,1,1,1,1
2026-07-03T19:38:16.087,tof1,4x4,lying,-1,-1,-1,-1,264,313,-1,-1,275,322,-1,1989,375,314,336,1044,0,0,0,0,1,1,0,0,1,1,1,1,1,1,1,1
2026-07-03T19:38:16.108,tof2,4x4,lying,2981,3259,-1,3315,2089,-1,1299,2775,-1,1537,-1,-1,1082,964,965,-1,1,1,0,1,1,0,1,1,1,1,0,0,1,1,1,1
2026-07-03T19:38:16.411,tof1,4x4,lying,-1,-1,-1,-1,264,314,-1,-1,275,318,-1,-1,373,315,334,1033,0,0,0,0,1,1,0,0,1,1,0,0,1,1,1,1
2026-07-03T19:38:16.394,tof2,4x4,lying,2971,3257,-1,3289,-1,-1,-1,2798,1566,1473,-1,-1,1079,973,964,952,1,1,0,1,0,0,0,1,1,1,0,0,1,1,1,1
2026-07-03T19:38:16.587,tof1,4x4,lying,-1,-1,-1,-1,264,315,414,-1,275,320,-1,-1,373,314,339,1091,0,0,0,0,1,1,1,0,1,1,0,0,1,1,1,1
2026-07-03T19:38:16.588,tof2,4x4,lying,2982,3268,-1,3305,2177,-1,1402,2778,1514,1511,-1,-1,1092,952,971,951,1,1,0,1,1,0,1,1,1,1,0,0,1,1,1,1
2026-07-03T19:38:16.776,tof1,4x4,lying,-1,-1,-1,-1,264,314,-1,-1,276,319,-1,-1,370,316,336,1152,0,0,0,1,1,1,0,0,1,1,1,0,1,1,1,1
2026-07-03T19:38:16.802,tof2,4x4,lying,-1,3261,-1,-1,-1,-1,1373,2799,1581,1463,-1,-1,1086,953,973,-1,1,1,0,1,0,0,1,1,1,1,0,0,1,1,1,1
2026-07-03T19:38:16.966,tof1,4x4,lying,-1,-1,-1,-1,262,316,-1,-1,273,319,-1,1969,376,315,340,1036,0,0,0,0,1,1,0,0,1,1,0,1,1,1,1,1
2026-07-03T19:38:16.995,tof2,4x4,lying,3045,3265,-1,3334,2121,-1,1321,2738,1449,-1,-1,-1,-1,947,972,936,1,1,0,1,1,1,1,1,1,1,0,0,1,1,1,1
2026-07-03T19:38:17.141,tof1,4x4,lying,-1,-1,-1,-1,264,316,-1,-1,273,319,-1,-1,375,315,338,1035,0,0,0,0,1,1,0,0,1,1,0,0,1,1,1,1
2026-07-03T19:38:17.157,tof2,4x4,lying,2971,3256,-1,3320,2108,-1,-1,2771,-1,1591,-1,-1,1086,962,977,951,1,1,1,1,1,0,0,1,1,1,0,0,1,1,1,1
2026-07-03T19:38:17.321,tof1,4x4,lying,-1,-1,-1,-1,266,314,430,-1,275,318,1939,-1,376,314,338,1047,0,0,0,0,1,1,1,0,1,1,1,1,1,1,1,1
2026-07-03T19:38:17.336,tof2,4x4,lying,2952,3260,-1,3302,2144,-1,-1,2769,1574,1668,-1,-1,1083,943,973,952,1,1,0,1,1,1,1,1,1,1,0,0,1,1,1,1
2026-07-03T19:38:17.514,tof1,4x4,lying,-1,-1,-1,-1,264,314,-1,-1,274,318,1942,1990,375,314,334,1012,0,0,0,1,1,1,1,0,1,1,1,1,1,1,1,1
2026-07-03T19:38:17.531,tof2,4x4,lying,2981,3255,-1,3301,2088,2169,1344,2782,-1,1515,-1,-1,1081,956,968,954,1,1,0,1,1,1,1,1,1,1,0,1,1,1,1,1
2026-07-03T19:38:17.679,tof1,4x4,lying,-1,-1,-1,-1,263,314,-1,-1,273,316,-1,-1,375,314,334,1012,0,0,0,0,1,1,1,0,1,1,1,1,1,1,1,1
2026-07-03T19:38:17.732,tof2,4x4,lying,-1,3265,-1,3332,2136,-1,-1,3459,1712,1739,-1,-1,1097,936,979,-1,1,1,0,1,1,0,0,1,1,1,0,0,1,1,1,1
2026-07-03T19:38:17.840,tof1,4x4,lying,-1,-1,-1,-1,266,312,-1,-1,272,316,-1,2081,375,313,335,1034,1,0,0,0,1,1,0,0,1,1,0,1,1,1,1,1
2026-07-03T19:38:17.903,tof2,4x4,lying,2924,3268,3321,3292,2109,-1,-1,2768,1539,1406,-1,-1,1072,945,978,972,1,1,1,1,1,0,1,1,1,1,0,0,1,1,1,1
2026-07-03T19:38:17.994,tof1,4x4,lying,-1,-1,-1,-1,263,314,-1,-1,274,317,-1,-1,373,315,332,1046,1,0,0,1,1,1,1,0,1,1,0,1,1,1,1,1
2026-07-03T19:38:18.060,tof2,4x4,lying,3027,3254,-1,3339,2117,-1,1336,2778,1437,1689,-1,-1,1076,947,963,970,1,1,0,1,1,0,1,1,1,1,0,0,1,1,1,1
2026-07-03T19:38:18.173,tof1,4x4,lying,-1,-1,-1,-1,265,316,-1,-1,272,316,-1,2003,375,312,338,1040,0,0,0,0,1,1,0,0,1,1,0,1,1,1,1,1
2026-07-03T19:38:18.234,tof2,4x4,lying,3012,3257,-1,3283,-1,-1,1384,3492,1563,1664,-1,-1,1086,923,976,955,1,1,0,1,1,1,1,1,1,1,0,0,1,1,1,1
2026-07-03T19:38:18.335,tof1,4x4,lying,-1,-1,-1,-1,263,314,-1,-1,271,316,-1,-1,377,314,340,1020,0,0,0,0,1,1,0,0,1,1,0,0,1,1,1,1
2026-07-03T19:38:18.391,tof2,4x4,lying,2979,3250,-1,3320,-1,-1,1332,2771,1484,1533,-1,-1,1075,938,970,965,1,1,0,1,1,0,1,1,1,1,0,0,1,1,1,1
2026-07-03T19:38:18.492,tof1,4x4,lying,-1,-1,-1,-1,265,314,-1,-1,273,319,-1,-1,376,315,334,1019,0,0,0,0,1,1,0,0,1,1,0,0,1,1,1,1
2026-07-03T19:38:18.560,tof2,4x4,lying,2973,3277,-1,3344,-1,-1,-1,2764,1477,-1,1225,-1,1073,952,968,955,1,1,0,1,1,0,0,1,1,1,1,0,1,1,1,1
2026-07-03T19:38:18.673,tof1,4x4,lying,-1,-1,-1,-1,262,314,-1,-1,270,314,1977,1947,377,314,334,997,0,0,0,0,1,1,0,0,1,1,1,1,1,1,1,1
2026-07-03T19:38:18.739,tof2,4x4,lying,2986,3258,-1,3319,2091,1932,1351,2773,-1,-1,-1,-1,-1,948,970,-1,1,1,0,1,1,1,1,1,1,1,0,0,1,1,1,1
2026-07-03T19:38:18.852,tof1,4x4,lying,-1,-1,-1,-1,262,309,-1,-1,267,313,-1,1973,380,315,331,1028,1,0,0,0,1,1,0,0,1,1,1,1,1,1,1,1
2026-07-03T19:38:18.903,tof2,4x4,lying,3045,3268,-1,3333,-1,1807,1375,2711,1476,1784,-1,-1,1074,958,973,950,1,1,0,1,0,1,1,1,1,1,0,0,1,1,1,1
2026-07-03T19:38:19.011,tof1,4x4,lying,-1,-1,-1,-1,257,310,-1,-1,265,314,-1,-1,381,315,334,1039,0,0,0,0,1,1,0,0,1,1,0,1,1,1,1,1
2026-07-03T19:38:19.081,tof2,4x4,lying,2954,3251,-1,3263,2160,2062,1435,2778,1660,1653,-1,-1,1094,948,975,963,1,1,0,1,1,1,1,1,1,1,0,0,1,1,1,1
2026-07-03T19:38:19.168,tof1,4x4,lying,-1,-1,-1,-1,260,307,-1,-1,267,309,-1,1994,379,315,336,1010,0,0,0,0,1,1,0,0,1,1,0,1,1,1,1,1
2026-07-03T19:38:19.250,tof2,4x4,lying,-1,3266,3332,3328,2094,2174,1338,2761,1601,1733,1194,-1,1095,961,970,953,1,1,1,1,1,1,1,1,1,1,1,1,1,1,1,1
2026-07-03T19:38:19.325,tof1,4x4,lying,-1,-1,-1,-1,259,310,-1,-1,266,310,-1,-1,380,314,332,1095,0,0,0,0,1,1,0,0,1,1,0,1,1,1,1,1
2026-07-03T19:38:19.402,tof2,4x4,lying,3034,3253,-1,3330,2142,-1,-1,2755,-1,1458,-1,-1,1085,953,964,948,1,1,0,1,1,1,0,1,1,1,0,0,1,1,1,1
2026-07-03T19:38:19.493,tof1,4x4,lying,-1,-1,-1,-1,261,309,-1,-1,265,313,-1,-1,380,313,332,1046,0,0,0,0,1,1,0,0,1,1,1,0,1,1,1,1
2026-07-03T19:38:19.585,tof2,4x4,lying,3025,3253,3276,3376,2137,1706,1421,2750,1479,-1,-1,-1,1088,-1,962,949,1,1,1,1,1,1,1,1,1,1,1,0,1,1,1,1
2026-07-03T19:38:19.666,tof1,4x4,lying,-1,-1,-1,-1,259,311,-1,-1,266,309,-1,-1,379,313,331,1036,0,0,0,0,1,1,0,0,1,1,1,0,1,1,1,1
2026-07-03T19:38:19.734,tof2,4x4,lying,2961,3275,-1,3324,-1,-1,-1,2771,1501,1519,-1,-1,-1,952,974,947,1,1,0,1,1,1,0,1,1,1,0,0,1,1,1,1
2026-07-03T19:38:19.818,tof1,4x4,lying,-1,-1,-1,-1,260,305,-1,-1,263,313,-1,-1,380,312,332,1050,0,0,0,0,1,1,0,0,1,1,1,0,1,1,1,1
2026-07-03T19:38:19.902,tof2,4x4,lying,2990,3249,-1,3261,2137,-1,-1,2725,1550,1625,-1,-1,1084,953,976,966,1,1,0,1,1,1,0,1,1,1,1,0,1,1,1,1
2026-07-03T19:38:19.984,tof1,4x4,lying,-1,-1,-1,-1,259,303,-1,-1,264,308,-1,1939,385,314,334,1054,0,0,0,0,1,1,0,0,1,1,1,1,1,1,1,1
2026-07-03T19:38:20.076,tof2,4x4,lying,3010,3243,3332,3332,2126,1756,1348,-1,-1,-1,-1,-1,1086,947,972,939,1,1,1,1,1,1,1,1,1,1,0,0,1,1,1,1
2026-07-03T19:38:20.143,tof1,4x4,lying,-1,-1,-1,-1,260,307,-1,-1,263,313,-1,-1,379,313,333,967,0,0,0,0,1,1,0,0,1,1,1,0,1,1,1,1
2026-07-03T19:38:20.234,tof2,4x4,lying,2957,3257,-1,3308,2146,2022,-1,2730,1629,1647,-1,-1,1080,960,971,-1,1,1,0,1,1,1,0,1,1,1,0,0,1,1,1,1
2026-07-03T19:38:20.303,tof1,4x4,lying,-1,-1,-1,-1,259,307,-1,-1,263,308,-1,-1,382,315,333,1016,0,0,0,0,1,1,0,0,1,1,1,1,1,1,1,1
2026-07-03T19:38:20.484,tof1,4x4,lying,-1,-1,-1,-1,259,308,-1,-1,263,309,-1,-1,386,313,329,1170,0,0,0,0,1,1,0,0,1,1,1,1,1,1,1,1
2026-07-03T19:38:20.417,tof2,4x4,lying,2999,3252,-1,3319,2052,1782,-1,2712,1409,1655,-1,-1,-1,920,971,957,1,1,1,1,1,1,0,1,1,1,0,1,1,1,1,1
2026-07-03T19:38:20.590,tof2,4x4,lying,2907,3249,-1,3315,2125,1740,1345,2756,1679,-1,-1,-1,1084,949,972,956,1,1,1,1,1,1,1,1,1,1,0,0,1,1,1,1
2026-07-03T19:38:20.635,tof1,4x4,lying,-1,-1,-1,-1,260,307,-1,-1,262,313,-1,-1,378,314,331,1083,0,0,0,0,1,1,0,0,1,1,0,1,1,1,1,1
2026-07-03T19:38:20.796,tof1,4x4,lying,-1,-1,-1,-1,256,306,-1,-1,263,312,-1,-1,387,313,330,1026,1,0,0,0,1,1,0,0,1,1,0,0,1,1,1,1
2026-07-03T19:38:20.753,tof2,4x4,lying,3007,3253,-1,3351,2115,1764,1350,2737,1485,-1,1291,-1,-1,943,966,967,1,1,0,1,1,1,1,1,1,1,1,0,1,1,1,1
2026-07-03T19:38:20.915,tof2,4x4,lying,3003,3252,-1,3298,2086,2157,-1,2721,1716,1659,-1,-1,1081,952,980,953,1,1,0,1,1,1,0,1,1,1,0,0,1,1,1,1
2026-07-03T19:38:20.950,tof1,4x4,lying,-1,-1,-1,-1,258,306,-1,-1,262,307,-1,1980,380,315,331,1037,0,0,0,0,1,1,0,0,1,1,1,1,1,1,1,1
2026-07-03T19:38:21.076,tof2,4x4,lying,3028,3254,-1,3292,2184,-1,1346,2715,-1,1617,-1,-1,-1,924,979,955,1,1,0,1,1,1,1,1,1,1,0,0,1,1,1,1
2026-07-03T19:38:21.127,tof1,4x4,lying,-1,-1,-1,-1,258,303,-1,-1,259,306,-1,1940,378,313,327,1018,0,0,0,1,1,1,0,0,1,1,1,1,1,1,1,1
2026-07-03T19:38:21.232,tof2,4x4,lying,2969,3265,-1,3318,2106,2121,1336,2764,1482,1589,-1,-1,1092,923,977,955,1,1,0,1,1,1,1,1,1,1,0,0,1,1,1,1
2026-07-03T19:38:21.296,tof1,4x4,lying,-1,-1,-1,-1,258,308,-1,-1,259,307,-1,1975,385,311,332,1071,0,0,0,0,1,1,0,0,1,1,0,1,1,1,1,1
2026-07-03T19:38:21.449,tof1,4x4,lying,-1,-1,-1,-1,259,304,-1,-1,262,306,-1,1982,387,314,330,1054,0,0,0,0,1,1,0,0,1,1,1,1,1,1,1,1
2026-07-03T19:38:21.396,tof2,4x4,lying,-1,3259,-1,3327,2136,2134,-1,2737,-1,1561,1161,-1,1092,955,970,945,1,1,0,1,1,1,0,1,1,1,1,0,1,1,1,1
2026-07-03T19:38:21.639,tof1,4x4,lying,-1,-1,-1,-1,257,306,-1,-1,259,307,-1,-1,381,313,333,1017,1,0,0,0,1,1,0,0,1,1,1,1,1,1,1,1
2026-07-03T19:38:21.551,tof2,4x4,lying,2997,3261,-1,3323,2198,2102,1345,3500,1641,1526,-1,-1,-1,925,963,942,1,1,0,1,1,1,1,1,1,1,0,0,1,1,1,1
2026-07-03T19:38:21.748,tof2,4x4,lying,3004,3255,-1,3316,2137,-1,1398,2762,-1,1581,-1,-1,1091,954,967,962,1,1,0,1,1,1,1,1,1,1,0,0,1,1,1,1
2026-07-03T19:38:21.829,tof1,4x4,lying,-1,-1,-1,-1,258,305,-1,-1,262,311,-1,-1,379,311,336,1010,0,1,0,0,1,1,0,0,1,1,0,0,1,1,1,1
2026-07-03T19:38:21.939,tof2,4x4,lying,3027,3250,-1,3325,-1,2080,-1,2723,1441,1699,-1,-1,1094,950,981,938,1,1,0,1,1,1,0,1,1,1,0,0,1,1,1,1
2026-07-03T19:38:21.988,tof1,4x4,lying,-1,-1,-1,-1,257,303,-1,-1,261,305,-1,-1,379,313,333,1024,0,0,0,0,1,1,0,0,1,1,1,0,1,1,1,1
2026-07-03T19:38:22.160,tof1,4x4,lying,-1,-1,-1,-1,256,307,-1,-1,262,309,-1,-1,381,314,329,1048,0,0,0,0,1,1,0,0,1,1,0,0,1,1,1,1
2026-07-03T19:38:22.117,tof2,4x4,lying,2957,3251,-1,3287,2107,1844,1361,2743,1584,1444,-1,-1,1081,959,961,943,1,1,1,1,1,1,1,1,1,1,0,0,1,1,1,1
2026-07-03T19:38:22.286,tof2,4x4,lying,3032,3261,3272,3292,2159,-1,1392,2754,-1,1594,-1,-1,1091,942,963,-1,1,1,1,1,1,1,1,1,1,1,0,0,1,1,1,1
2026-07-03T19:38:22.375,tof1,4x4,lying,-1,-1,-1,-1,258,303,-1,-1,263,312,-1,1979,382,315,331,1020,0,0,0,0,1,1,0,0,1,1,1,1,1,1,1,1
2026-07-03T19:38:22.476,tof2,4x4,lying,3026,3241,-1,3307,2145,2143,-1,2752,-1,1512,-1,-1,1084,957,962,955,1,1,0,1,1,1,0,1,1,1,0,0,1,1,1,1
2026-07-03T19:38:22.564,tof1,4x4,lying,-1,-1,-1,-1,259,305,-1,-1,262,309,-1,-1,380,314,333,1083,0,0,0,0,1,1,0,0,1,1,1,1,1,1,1,1
2026-07-03T19:38:22.696,tof2,4x4,lying,2996,3260,-1,3296,2151,1737,-1,2762,-1,-1,-1,-1,1086,933,973,951,1,1,0,1,1,1,0,1,1,1,0,0,1,1,1,1
2026-07-03T19:38:22.766,tof1,4x4,lying,3321,-1,-1,-1,258,306,-1,-1,262,309,-1,-1,378,313,333,1098,1,0,0,0,1,1,0,0,1,1,0,1,1,1,1,1
2026-07-03T19:38:22.865,tof2,4x4,lying,2972,3256,-1,3341,2113,2127,-1,2793,1477,1691,-1,-1,1072,951,975,-1,1,1,1,1,1,1,0,1,1,1,0,0,1,1,1,1
2026-07-03T19:38:22.940,tof1,4x4,lying,-1,-1,-1,-1,260,305,-1,-1,262,309,-1,2026,380,314,332,1097,0,0,0,0,1,1,0,0,1,1,1,1,1,1,1,1
2026-07-03T19:38:23.052,tof2,4x4,lying,2977,3263,-1,3308,2116,-1,1374,2708,1539,1447,-1,-1,1081,960,968,953,1,1,0,1,1,1,1,1,1,1,0,0,1,1,1,1
2026-07-03T19:38:23.113,tof1,4x4,lying,-1,-1,-1,-1,260,305,-1,-1,260,306,-1,1980,379,314,332,1056,0,0,0,0,1,1,0,0,1,1,1,1,1,1,1,1
2026-07-03T19:38:23.228,tof2,4x4,lying,3025,3255,-1,3331,2167,2074,-1,3462,-1,1520,1344,-1,1086,949,967,954,1,1,0,1,1,1,0,1,1,1,1,0,1,1,1,1
2026-07-03T19:38:23.286,tof1,4x4,lying,-1,-1,-1,-1,258,304,-1,-1,261,308,-1,-1,380,314,331,1048,0,0,0,0,1,1,0,0,1,1,0,0,1,1,1,1
2026-07-03T19:38:23.384,tof2,4x4,lying,3008,3255,-1,3297,2151,2179,1365,2747,1631,1413,-1,-1,1085,927,972,-1,1,1,1,1,1,1,1,1,1,1,0,0,1,1,1,1
2026-07-03T19:38:23.465,tof1,4x4,lying,-1,-1,-1,-1,255,305,-1,-1,260,306,-1,-1,380,312,331,1015,0,0,0,0,1,1,0,0,1,1,0,0,1,1,1,1
2026-07-03T19:38:23.549,tof2,4x4,lying,3060,3277,-1,3296,2156,-1,1344,2704,-1,1688,-1,-1,1081,923,973,936,1,1,0,1,1,1,1,1,1,1,0,0,1,1,1,1
2026-07-03T19:38:23.653,tof1,4x4,lying,-1,-1,-1,-1,255,302,-1,-1,260,306,-1,1967,385,312,334,1083,0,0,0,0,1,1,0,0,1,1,0,1,1,1,1,1
2026-07-03T19:38:23.715,tof2,4x4,lying,2988,3278,-1,3328,-1,1799,1371,2710,1517,1710,-1,-1,1082,929,968,935,1,1,1,1,0,1,1,1,1,1,0,0,1,1,1,1
2026-07-03T19:38:23.856,tof1,4x4,lying,-1,-1,-1,-1,256,298,-1,-1,256,305,328,-1,382,312,333,1066,0,0,0,0,1,1,0,0,1,1,1,0,1,1,1,1
2026-07-03T19:38:23.906,tof2,4x4,lying,3008,3266,-1,3288,2149,1776,-1,2726,1560,1650,-1,-1,1089,928,970,-1,1,1,0,1,1,1,0,1,1,1,0,0,1,1,1,1
2026-07-03T19:38:24.016,tof1,4x4,lying,-1,-1,-1,-1,252,296,-1,-1,258,303,326,-1,380,314,329,1028,0,0,0,0,1,1,0,0,1,1,1,0,1,1,1,1
2026-07-03T19:38:24.073,tof2,4x4,lying,3003,3256,-1,3327,2088,1801,1355,2716,1754,1521,-1,-1,1092,928,959,-1,1,1,1,1,1,1,1,1,1,1,0,0,1,1,1,1
2026-07-03T19:38:24.175,tof1,4x4,lying,-1,-1,-1,-1,254,299,-1,-1,256,304,325,-1,379,313,330,1002,0,0,0,0,1,1,0,0,1,1,1,0,1,1,1,1
2026-07-03T19:38:24.227,tof2,4x4,lying,2936,3256,-1,3339,2161,1747,-1,2744,1505,1774,-1,-1,1094,940,971,-1,1,1,0,1,1,1,0,1,1,1,0,0,1,1,1,1
2026-07-03T19:38:24.329,tof1,4x4,lying,-1,-1,-1,-1,254,295,-1,-1,255,303,329,-1,381,312,331,1048,0,0,0,0,1,1,0,0,1,1,1,1,1,1,1,1
2026-07-03T19:38:24.388,tof2,4x4,lying,2963,3253,-1,3311,2143,-1,1351,2712,1463,1595,-1,-1,1074,952,974,959,1,1,0,1,1,1,1,1,1,1,0,0,1,1,1,1
2026-07-03T19:38:24.507,tof1,4x4,lying,-1,-1,-1,-1,251,296,-1,-1,254,307,327,1946,380,312,327,1215,0,0,0,0,1,1,0,0,1,1,1,1,1,1,1,1
2026-07-03T19:38:24.559,tof2,4x4,lying,-1,3265,-1,-1,2111,1816,1343,2761,-1,-1,-1,-1,1087,917,964,950,1,1,0,1,1,1,1,1,1,1,0,0,1,1,1,1
2026-07-03T19:38:24.733,tof1,4x4,lying,3359,-1,-1,-1,253,295,-1,-1,255,306,328,-1,382,313,332,1037,1,0,0,0,1,1,1,0,1,1,1,0,1,1,1,1
2026-07-03T19:38:24.764,tof2,4x4,lying,2948,3265,3322,3293,2166,1792,1364,2708,1450,1685,-1,-1,1092,946,970,947,1,1,1,1,1,1,1,1,1,1,0,0,1,1,1,1
2026-07-03T19:38:24.923,tof1,4x4,lying,-1,-1,-1,-1,256,302,-1,-1,257,306,-1,-1,388,314,332,1165,0,0,0,0,1,1,0,0,1,1,0,1,1,1,1,1
2026-07-03T19:38:25.104,tof1,4x4,lying,-1,-1,-1,-1,256,300,-1,-1,258,307,332,-1,391,315,331,1021,1,0,0,0,1,1,0,0,1,1,1,0,1,1,1,1
2026-07-03T19:38:25.084,tof2,4x4,lying,2993,3276,-1,3272,2132,2145,1308,2735,1471,-1,-1,-1,1084,918,983,944,1,1,1,1,1,1,1,1,1,1,0,0,1,1,1,1
2026-07-03T19:38:25.241,tof2,4x4,lying,2991,3273,-1,3310,2105,1755,-1,2763,-1,1432,-1,-1,1087,953,972,-1,1,1,0,1,1,1,0,1,1,1,0,1,1,1,1,1
2026-07-03T19:38:25.399,tof1,4x4,lying,-1,-1,-1,-1,252,298,-1,-1,257,305,-1,-1,388,314,332,1020,1,0,0,0,1,1,0,0,1,1,0,0,1,1,1,1
2026-07-03T19:38:25.404,tof2,4x4,lying,2987,3272,3290,3313,-1,1924,1344,2727,1758,1667,-1,-1,1085,951,970,-1,1,1,1,1,0,1,1,1,1,1,0,1,1,1,1,1
2026-07-03T19:38:25.553,tof1,4x4,lying,-1,-1,-1,-1,253,299,-1,-1,256,304,324,-1,388,314,329,1055,0,0,0,0,1,1,0,0,1,1,1,0,1,1,1,1
2026-07-03T19:38:25.592,tof2,4x4,lying,2841,3255,-1,3303,2168,2135,1384,2696,1518,1530,-1,-1,1083,921,972,960,1,1,0,1,1,1,1,1,1,1,0,1,1,1,1,1
2026-07-03T19:38:25.741,tof1,4x4,lying,-1,-1,-1,-1,256,299,-1,-1,257,305,328,-1,388,313,331,1090,1,0,0,0,1,1,0,0,1,1,1,0,1,1,1,1
2026-07-03T19:38:25.754,tof2,4x4,lying,2938,3265,-1,3283,2129,-1,-1,2735,1524,1773,-1,-1,-1,961,963,953,1,1,1,1,1,0,0,1,1,1,1,0,1,1,1,1
2026-07-03T19:38:25.906,tof1,4x4,lying,-1,-1,-1,-1,255,301,-1,-1,255,304,325,-1,388,313,329,1044,0,0,0,1,1,1,0,0,1,1,1,1,1,1,1,1
2026-07-03T19:38:25.908,tof2,4x4,lying,-1,3258,-1,3306,2102,-1,-1,2727,-1,1683,-1,-1,1091,952,967,-1,1,1,0,1,1,0,0,1,1,1,0,1,1,1,1,1
2026-07-03T19:38:26.070,tof1,4x4,lying,-1,-1,-1,-1,256,300,-1,-1,256,303,329,-1,389,313,329,1053,0,0,0,0,1,1,0,0,1,1,1,0,1,1,1,1
2026-07-03T19:38:26.092,tof2,4x4,lying,2947,3253,3319,3284,2148,-1,-1,3456,1627,1429,-1,-1,1093,950,968,948,1,1,1,1,1,0,0,1,1,1,0,0,1,1,1,1
2026-07-03T19:38:26.254,tof1,4x4,lying,-1,-1,-1,-1,253,298,-1,-1,255,306,325,-1,387,315,332,1044,0,0,0,0,1,1,0,0,1,1,1,0,1,1,1,1
2026-07-03T19:38:26.261,tof2,4x4,lying,2928,3261,-1,3308,2148,-1,1329,2793,1629,-1,1324,-1,1089,940,977,927,1,1,0,1,1,0,1,1,1,1,1,0,1,1,1,1
2026-07-03T19:38:26.448,tof1,4x4,lying,-1,-1,-1,-1,254,297,-1,-1,254,305,-1,1905,387,314,328,1037,0,0,0,0,1,1,0,0,1,1,1,1,1,1,1,1
2026-07-03T19:38:26.475,tof2,4x4,lying,3031,3270,-1,3328,2082,-1,-1,2742,1479,1561,-1,-1,1075,944,967,-1,1,1,1,1,1,0,0,1,1,1,0,0,1,1,1,1
2026-07-03T19:38:26.636,tof1,4x4,lying,-1,-1,-1,-1,252,300,416,-1,252,302,329,1994,388,313,331,1032,0,0,0,0,1,1,1,0,1,1,1,1,1,1,1,1
2026-07-03T19:38:26.665,tof2,4x4,lying,-1,3253,-1,-1,2109,-1,1359,2733,1553,1565,-1,-1,1092,939,984,967,1,1,0,1,1,0,1,1,1,1,0,0,1,1,1,1
2026-07-03T19:38:26.885,tof1,4x4,lying,-1,-1,-1,-1,254,297,412,-1,255,303,325,-1,384,313,329,1007,0,0,0,0,1,1,1,0,1,1,1,0,1,1,1,1
2026-07-03T19:38:26.874,tof2,4x4,lying,-1,3258,-1,3276,2119,-1,-1,2688,1475,1497,1216,-1,-1,973,968,-1,0,1,0,1,1,0,0,1,1,1,1,0,1,1,1,1
2026-07-03T19:38:27.070,tof1,4x4,lying,-1,-1,-1,-1,246,287,-1,-1,247,297,324,-1,387,315,327,1061,1,0,0,0,1,1,0,0,1,1,1,1,1,1,1,1
2026-07-03T19:38:27.060,tof2,4x4,lying,-1,3262,-1,3338,2102,-1,-1,2708,-1,1538,-1,-1,1088,961,970,970,1,1,0,1,1,0,0,1,1,1,0,1,1,1,1,1
2026-07-03T19:38:27.257,tof1,4x4,lying,-1,-1,-1,-1,237,271,-1,-1,227,278,320,-1,377,327,322,1040,1,0,0,0,1,1,0,0,1,1,1,0,1,1,1,1
2026-07-03T19:38:27.253,tof2,4x4,lying,3013,3253,-1,3296,2049,-1,-1,2724,1527,-1,-1,-1,1098,931,975,962,1,1,1,1,1,1,0,1,1,1,0,0,1,1,1,1
2026-07-03T19:38:27.449,tof1,4x4,lying,-1,-1,-1,-1,-1,258,292,-1,198,243,305,-1,217,345,329,1005,0,1,0,0,0,1,1,0,1,1,1,0,1,1,1,1
2026-07-03T19:38:27.415,tof2,4x4,lying,-1,3268,-1,3325,-1,1685,1396,2735,-1,1437,-1,-1,1093,946,976,949,1,1,1,1,1,1,1,1,1,1,0,0,1,1,1,1
2026-07-03T19:38:27.572,tof2,4x4,lying,2991,3257,-1,3348,2144,1674,-1,2738,-1,1648,1220,-1,1092,956,979,963,1,1,0,1,1,1,0,1,1,1,1,0,1,1,1,1
2026-07-03T19:38:27.640,tof1,4x4,lying,-1,-1,-1,-1,-1,-1,289,-1,193,220,276,-1,164,242,338,1047,0,0,0,0,0,0,1,0,1,1,1,0,1,1,1,1
2026-07-03T19:38:27.734,tof2,4x4,lying,2952,3274,-1,3299,-1,-1,1340,2724,1491,1594,-1,-1,1089,941,978,956,1,1,0,1,1,0,1,1,1,1,0,0,1,1,1,1
2026-07-03T19:38:27.801,tof1,4x4,lying,-1,-1,-1,-1,-1,-1,-1,-1,200,211,240,313,156,179,303,347,0,0,0,0,0,0,0,0,1,1,1,1,1,1,1,1
2026-07-03T19:38:27.906,tof2,4x4,lying,3029,3267,-1,3292,2144,-1,-1,2726,-1,1677,-1,-1,1090,920,976,-1,1,1,1,1,1,0,0,1,1,1,0,0,1,1,1,1
2026-07-03T19:38:27.976,tof1,4x4,lying,-1,-1,-1,-1,-1,217,248,-1,164,180,215,319,144,162,303,365,0,0,0,0,0,1,1,0,1,1,1,1,1,1,1,1
2026-07-03T19:38:28.072,tof2,4x4,lying,2998,3270,3226,3291,2151,1637,1466,2745,1534,1289,1319,-1,1103,940,970,-1,1,1,1,1,1,1,1,1,1,1,1,1,1,1,1,1
2026-07-03T19:38:28.134,tof1,4x4,lying,202,221,252,-1,220,215,277,357,-1,222,300,443,182,186,222,416,1,1,1,0,1,1,1,1,0,1,1,1,1,1,1,1
2026-07-03T19:38:28.246,tof2,4x4,lying,2997,3278,-1,3331,2121,-1,-1,2719,979,1085,-1,-1,919,1037,957,992,1,1,1,1,1,0,1,1,1,1,1,0,1,1,1,1
2026-07-03T19:38:28.313,tof1,4x4,lying,-1,414,372,385,511,-1,-1,476,446,-1,259,286,370,225,208,219,0,1,1,1,1,0,0,1,1,0,1,1,1,1,1,1
2026-07-03T19:38:28.401,tof2,4x4,lying,2956,3266,-1,3365,-1,-1,1467,2758,1001,1134,-1,-1,979,1061,957,997,1,1,1,1,0,1,1,1,1,1,0,0,1,1,1,1
2026-07-03T19:38:28.495,tof1,4x4,lying,-1,501,480,448,477,537,472,540,396,448,310,-1,359,322,246,226,0,1,1,1,1,1,1,1,1,1,1,1,1,1,1,1
2026-07-03T19:38:28.562,tof2,4x4,lying,-1,3265,-1,3348,-1,1492,1378,2716,1032,-1,-1,-1,993,1065,952,997,1,1,1,1,1,1,1,1,1,1,0,0,1,1,1,1
2026-07-03T19:38:28.684,tof1,4x4,lying,-1,513,540,537,402,457,522,605,358,382,373,641,343,342,230,208,0,1,1,1,1,1,1,1,1,1,1,1,1,1,1,1
2026-07-03T19:38:28.746,tof2,4x4,lying,2969,3245,-1,3284,1349,1464,1367,2715,1568,-1,-1,-1,999,1067,935,1042,1,1,1,1,1,1,1,1,1,1,0,0,1,1,1,1
2026-07-03T19:38:28.850,tof1,4x4,lying,-1,519,564,-1,402,401,-1,-1,352,350,394,685,356,341,318,237,0,1,1,1,1,1,0,0,1,1,1,1,1,1,1,1
2026-07-03T19:38:28.909,tof2,4x4,lying,3001,3256,3323,3336,-1,1355,1491,2746,1515,1236,-1,-1,998,-1,822,1049,1,1,1,1,0,1,1,1,1,1,0,0,1,1,1,1
2026-07-03T19:38:29.019,tof1,4x4,lying,-1,-1,-1,-1,530,562,-1,-1,414,414,426,360,359,350,300,215,0,0,0,0,1,1,0,0,1,1,1,1,1,1,1,1
2026-07-03T19:38:29.092,tof2,4x4,lying,3003,3265,-1,3350,-1,1337,1495,2762,1599,1173,1523,-1,962,832,1105,1047,1,1,0,1,0,1,1,1,1,1,1,0,1,1,1,1
2026-07-03T19:38:29.188,tof1,4x4,lying,-1,-1,-1,-1,-1,-1,-1,-1,794,-1,429,275,428,422,232,191,0,0,0,0,0,0,0,0,1,0,1,1,1,1,1,1
2026-07-03T19:38:29.248,tof2,4x4,lying,3072,3257,-1,3296,2127,-1,-1,2736,1537,871,859,-1,964,-1,871,1041,1,1,1,1,1,1,1,1,1,1,1,0,1,1,1,1
2026-07-03T19:38:29.370,tof1,4x4,lying,-1,-1,-1,-1,-1,-1,-1,-1,-1,423,246,232,415,391,196,168,0,0,0,0,0,0,0,0,0,1,1,1,1,1,1,1
2026-07-03T19:38:29.444,tof2,4x4,lying,-1,3237,-1,3323,2115,906,-1,2731,1673,951,941,-1,997,1054,1024,1053,0,1,1,1,1,1,0,1,1,1,1,0,1,1,1,1
2026-07-03T19:38:29.600,tof1,4x4,lying,-1,-1,-1,-1,-1,-1,-1,-1,-1,471,321,-1,405,275,184,173,0,0,0,0,0,0,0,0,0,1,1,0,1,1,1,1
2026-07-03T19:38:29.635,tof2,4x4,lying,3065,3241,-1,-1,-1,-1,889,2721,1672,1130,935,-1,966,1055,1014,1052,1,1,0,1,1,0,1,1,1,1,1,0,1,1,1,1
2026-07-03T19:38:29.756,tof1,4x4,lying,-1,-1,-1,-1,-1,-1,-1,-1,-1,488,-1,-1,425,349,193,184,1,0,0,0,0,0,0,0,0,1,0,0,1,1,1,1
2026-07-03T19:38:29.807,tof2,4x4,lying,-1,3276,-1,3298,2154,-1,890,2726,900,1071,934,-1,904,-1,1035,-1,1,1,0,1,1,0,1,1,1,1,1,1,1,1,1,1
2026-07-03T19:38:29.913,tof1,4x4,lying,-1,-1,-1,-1,-1,-1,-1,-1,483,525,-1,-1,415,378,208,194,1,0,0,0,0,0,0,0,1,1,1,0,1,1,1,1
2026-07-03T19:38:29.966,tof2,4x4,lying,3008,3252,-1,3281,2103,2145,861,2730,778,871,927,833,1085,785,1049,1050,1,1,0,1,1,1,1,1,1,1,1,1,1,1,1,1
2026-07-03T19:38:30.098,tof1,4x4,lying,-1,-1,-1,-1,-1,-1,-1,-1,-1,491,493,-1,401,382,280,259,0,0,0,0,0,0,0,0,0,1,1,0,1,1,1,1
2026-07-03T19:38:30.134,tof2,4x4,lying,2999,3251,3387,3308,-1,-1,884,823,1635,782,910,851,1084,713,-1,1024,1,1,1,1,0,0,1,1,1,1,1,1,1,1,1,1
2026-07-03T19:38:30.290,tof1,4x4,lying,-1,-1,-1,-1,-1,-1,-1,-1,-1,490,485,456,399,372,272,260,0,0,0,0,0,0,0,0,0,1,1,1,1,1,1,1
2026-07-03T19:38:30.310,tof2,4x4,lying,3011,3263,-1,3323,2138,-1,933,2750,747,812,981,913,1089,728,1034,1033,1,1,0,1,1,1,1,1,1,1,1,1,1,1,1,1
2026-07-03T19:38:30.445,tof1,4x4,lying,-1,-1,-1,-1,-1,-1,-1,-1,-1,1066,-1,261,413,403,211,182,0,0,0,0,0,0,0,0,0,1,0,1,1,1,1,1
2026-07-03T19:38:30.508,tof2,4x4,lying,3003,3247,-1,3282,-1,-1,927,2732,814,1017,985,-1,773,935,1034,1038,1,1,0,1,0,1,1,1,1,1,1,1,1,1,1,1
2026-07-03T19:38:30.659,tof2,4x4,lying,-1,3256,-1,3289,2097,-1,867,2735,854,992,916,-1,793,1043,1028,1041,1,1,0,1,1,0,1,1,1,1,1,0,1,1,1,1
2026-07-03T19:38:30.771,tof1,4x4,lying,-1,-1,-1,-1,-1,-1,-1,-1,-1,-1,-1,-1,420,423,328,214,0,0,0,0,0,0,0,0,0,0,0,0,1,1,1,1
2026-07-03T19:38:30.928,tof2,4x4,lying,3035,3264,-1,3305,2047,844,841,2741,932,889,861,-1,825,1054,1022,1051,1,1,0,1,1,1,1,1,1,1,1,0,1,1,1,1
2026-07-03T19:38:31.036,tof1,4x4,lying,-1,-1,-1,-1,-1,-1,-1,-1,-1,-1,-1,-1,393,378,351,227,0,0,0,0,0,0,0,0,0,0,0,0,1,1,1,1
2026-07-03T19:38:31.135,tof2,4x4,lying,-1,3250,-1,3291,2102,818,-1,2796,959,855,855,-1,841,1044,-1,1041,1,1,0,1,1,1,1,1,1,1,1,0,1,1,1,1
2026-07-03T19:38:31.205,tof1,4x4,lying,-1,-1,-1,-1,-1,-1,-1,-1,428,408,-1,-1,388,368,356,245,1,0,0,0,0,0,0,0,1,1,0,0,1,1,1,1
2026-07-03T19:38:31.297,tof2,4x4,lying,2969,3252,-1,3324,2170,805,-1,2815,948,884,858,-1,863,1056,1028,1047,1,1,1,1,1,1,0,1,1,1,1,0,1,1,1,1
2026-07-03T19:38:31.376,tof1,4x4,lying,-1,-1,-1,-1,-1,-1,-1,-1,-1,718,-1,-1,424,406,390,230,0,0,0,0,0,0,0,0,0,1,1,0,1,1,1,1
2026-07-03T19:38:31.479,tof2,4x4,lying,2966,3258,-1,3278,2042,825,2147,2801,1236,894,871,-1,839,1054,1012,1042,1,1,1,1,1,1,1,1,1,1,1,0,1,1,1,1
2026-07-03T19:38:31.552,tof1,4x4,lying,-1,-1,-1,-1,-1,-1,-1,-1,-1,-1,-1,-1,-1,441,394,202,0,0,0,0,0,0,0,0,0,0,1,1,0,1,1,1
2026-07-03T19:38:31.646,tof2,4x4,lying,3038,3252,-1,3311,-1,834,-1,2819,1408,866,868,-1,830,-1,1022,-1,1,1,1,1,1,1,0,1,1,1,1,0,1,1,1,1
2026-07-03T19:38:31.755,tof1,4x4,lying,-1,-1,-1,-1,-1,-1,-1,-1,-1,-1,-1,243,416,424,219,179,0,0,0,0,0,0,0,0,0,0,0,1,1,1,1,1
2026-07-03T19:38:31.807,tof2,4x4,lying,3015,3260,-1,3285,-1,850,-1,2841,1440,907,881,-1,855,1040,1012,1051,1,1,0,1,1,1,1,1,1,1,1,0,1,1,1,1
2026-07-03T19:38:34.819,tof2,4x4,lying,3003,3251,-1,3324,2101,868,2194,3443,1486,912,879,-1,861,-1,1005,1030,1,1,0,1,1,1,1,1,1,1,1,0,1,1,1,1
2026-07-03T19:38:34.922,tof1,4x4,lying,-1,-1,-1,-1,-1,-1,-1,-1,-1,496,489,-1,-1,432,332,194,0,0,0,0,0,0,0,0,0,1,1,0,0,1,1,1
2026-07-03T19:38:35.222,tof2,4x4,lying,2968,3255,-1,3304,-1,1236,2175,3529,1589,1227,871,-1,-1,948,844,826,1,1,0,1,0,1,1,1,1,1,1,1,1,1,1,1
2026-07-03T19:38:35.269,tof1,4x4,lying,-1,-1,-1,-1,-1,-1,-1,-1,-1,-1,-1,-1,-1,433,412,224,0,1,0,0,0,0,0,0,0,0,0,0,0,1,1,1
2026-07-03T19:38:35.381,tof2,4x4,lying,2896,3268,-1,3337,-1,2156,2207,3434,1406,1240,837,-1,-1,-1,759,1032,1,1,0,1,0,1,1,1,1,1,1,0,1,1,1,1
2026-07-03T19:38:35.455,tof1,4x4,lying,-1,-1,-1,-1,-1,-1,-1,-1,-1,-1,-1,-1,-1,431,407,225,1,0,0,0,1,0,0,0,0,0,0,0,0,1,1,1
2026-07-03T19:38:35.541,tof2,4x4,lying,3013,3248,-1,3295,-1,1293,-1,3482,1438,1227,835,-1,1043,941,767,1053,1,1,0,1,0,1,0,1,1,1,1,0,1,1,1,1
2026-07-03T19:38:35.668,tof1,4x4,lying,-1,-1,-1,-1,-1,-1,-1,-1,-1,-1,-1,-1,-1,435,411,222,0,0,0,0,0,0,0,0,0,0,0,0,0,1,1,1
2026-07-03T19:38:35.689,tof2,4x4,lying,-1,3261,-1,3260,2081,1351,2204,3507,-1,1230,899,-1,-1,927,780,1069,1,1,0,1,1,1,1,1,1,1,1,0,1,1,1,1
2026-07-03T19:38:35.850,tof1,4x4,lying,-1,-1,-1,-1,-1,-1,-1,-1,-1,-1,-1,-1,-1,438,410,224,0,0,0,0,0,0,0,0,0,0,0,0,0,1,1,1
2026-07-03T19:38:35.867,tof2,4x4,lying,2952,3248,-1,3316,2145,1302,2120,3474,-1,1282,1608,-1,927,924,810,1047,1,1,1,1,1,1,1,1,1,1,1,0,1,1,1,1
2026-07-03T19:38:36.003,tof1,4x4,lying,-1,-1,-1,-1,-1,-1,-1,-1,-1,-1,-1,-1,-1,438,419,225,0,0,0,0,0,0,0,0,0,0,0,0,0,1,1,1
2026-07-03T19:38:36.684,tof2,4x4,lying,-1,3247,-1,3313,2107,2155,2155,3560,935,1213,1436,1350,884,986,-1,1056,0,1,0,1,1,1,1,1,1,1,1,1,1,1,1,1
2026-07-03T19:38:37.620,tof1,4x4,lying,-1,-1,-1,-1,-1,-1,-1,-1,-1,-1,-1,1033,-1,446,427,230,1,0,0,0,0,0,0,0,1,0,0,1,0,1,1,1
2026-07-03T19:38:38.099,tof1,4x4,lying,-1,-1,-1,-1,-1,-1,-1,-1,-1,-1,-1,1050,-1,441,423,228,1,0,0,0,0,0,1,0,0,0,0,1,0,1,1,1
2026-07-03T19:38:38.110,tof2,4x4,lying,2970,3266,-1,3313,952,-1,-1,3453,954,1181,1409,-1,1002,1019,-1,1051,1,1,0,1,1,1,0,1,1,1,1,0,1,1,1,1
2026-07-03T19:38:38.258,tof1,4x4,lying,-1,-1,-1,-1,-1,-1,-1,-1,-1,-1,-1,1041,-1,441,416,228,0,0,0,0,0,0,0,0,0,0,0,1,0,1,1,1
2026-07-03T19:38:38.293,tof2,4x4,lying,2966,3257,-1,3329,939,-1,-1,3467,943,1180,1384,-1,1003,1026,-1,1061,1,1,0,1,1,0,0,1,1,1,1,0,1,1,1,1
2026-07-03T19:38:38.520,tof1,4x4,lying,-1,-1,-1,-1,-1,-1,-1,-1,-1,-1,-1,1041,-1,439,419,224,0,0,0,1,0,0,1,0,0,0,0,1,0,1,1,1
2026-07-03T19:38:38.602,tof2,4x4,lying,2990,3254,-1,3322,918,-1,2140,3539,952,-1,1380,-1,1005,1010,-1,1033,1,1,1,1,1,1,1,1,1,1,1,0,1,1,1,1
2026-07-03T19:38:38.731,tof1,4x4,lying,-1,-1,-1,-1,-1,-1,-1,-1,-1,-1,-1,1065,-1,437,422,229,0,0,0,0,0,0,0,0,0,0,0,1,0,1,1,1
2026-07-03T19:38:38.789,tof2,4x4,lying,3026,3253,-1,3283,936,-1,-1,3470,953,1217,1354,-1,1002,1026,938,1054,1,1,0,1,1,1,0,1,1,1,1,0,1,1,1,1
2026-07-03T19:38:38.905,tof1,4x4,lying,-1,-1,-1,-1,-1,-1,467,-1,-1,-1,-1,1042,-1,440,421,228,0,1,0,0,0,1,1,0,0,0,0,1,0,1,1,1
2026-07-03T19:38:38.975,tof2,4x4,lying,3081,3266,-1,3346,911,-1,-1,3480,958,1201,-1,-1,1005,1020,980,1043,1,1,0,1,1,0,0,1,1,1,1,0,1,1,1,1
2026-07-03T19:38:39.057,tof1,4x4,lying,-1,-1,-1,-1,-1,-1,-1,-1,-1,-1,-1,1054,-1,439,418,228,0,0,0,0,0,0,1,0,0,0,0,1,1,1,1,1
2026-07-03T19:38:39.146,tof2,4x4,lying,3052,3244,-1,3338,921,-1,2227,2841,943,1179,1380,-1,1004,1014,998,1047,1,1,0,1,1,1,1,1,1,1,1,0,1,1,1,1
2026-07-03T19:38:39.235,tof1,4x4,lying,-1,-1,-1,-1,-1,-1,-1,-1,-1,-1,-1,1055,-1,439,422,226,0,0,0,0,0,0,1,0,0,0,0,1,0,1,1,1
2026-07-03T19:38:39.385,tof1,4x4,lying,-1,-1,-1,-1,-1,-1,-1,-1,-1,-1,-1,1031,-1,435,417,229,0,0,0,0,0,0,0,1,0,0,0,1,0,1,1,1
2026-07-03T19:38:39.656,tof1,4x4,lying,-1,-1,-1,-1,-1,-1,-1,-1,-1,-1,-1,1080,-1,439,418,227,0,0,0,0,0,0,0,0,0,0,0,1,0,1,1,1
2026-07-03T19:38:39.576,tof2,4x4,lying,2971,3244,-1,3304,919,-1,-1,3454,960,-1,-1,-1,-1,1021,1059,1041,1,1,0,1,1,0,1,1,1,1,1,0,1,1,1,1
2026-07-03T19:38:39.840,tof1,4x4,lying,-1,-1,-1,-1,-1,-1,-1,-1,-1,-1,-1,1042,-1,441,417,230,0,0,0,0,0,0,0,1,0,0,0,1,0,1,1,1
2026-07-03T19:38:39.769,tof2,4x4,lying,3027,3255,-1,3333,914,-1,-1,3488,951,1180,-1,-1,1005,1019,959,1047,1,1,1,1,1,1,0,1,1,1,1,0,1,1,1,1
2026-07-03T19:38:39.943,tof2,4x4,lying,-1,3254,-1,3300,946,-1,-1,3412,951,-1,1357,-1,997,1015,999,1050,1,1,0,1,1,1,1,1,1,1,1,0,1,1,1,1
2026-07-03T19:38:40.021,tof1,4x4,lying,-1,-1,-1,-1,-1,-1,-1,-1,-1,-1,-1,1068,-1,440,417,229,0,0,0,0,0,0,0,0,0,0,0,1,0,1,1,1
2026-07-03T19:38:40.104,tof2,4x4,lying,3035,3246,-1,3313,939,-1,2145,3457,950,-1,-1,-1,1013,1032,1006,1051,1,1,1,1,1,0,1,1,1,0,1,0,1,1,1,1
2026-07-03T19:38:40.182,tof1,4x4,lying,-1,-1,-1,-1,-1,-1,-1,-1,-1,-1,-1,1027,-1,440,413,231,0,0,0,0,0,1,1,0,0,0,0,1,0,1,1,1
2026-07-03T19:38:40.266,tof2,4x4,lying,3050,3256,-1,3351,919,-1,2195,3499,953,-1,1351,-1,1004,1019,-1,1035,1,1,0,1,1,0,1,1,1,1,1,0,1,1,1,1
2026-07-03T19:38:40.362,tof1,4x4,lying,-1,-1,-1,-1,-1,-1,-1,-1,-1,-1,-1,1013,-1,441,418,228,0,0,0,0,0,0,1,0,0,0,0,1,0,1,1,1
2026-07-03T19:38:40.424,tof2,4x4,lying,2980,3260,-1,3351,927,-1,2195,3535,952,-1,1409,-1,1016,1033,960,1043,1,1,1,1,1,0,1,1,1,1,1,0,1,1,1,1
2026-07-03T19:38:40.521,tof1,4x4,lying,-1,-1,-1,-1,-1,-1,-1,-1,-1,-1,-1,1062,-1,442,423,229,0,0,0,0,0,0,0,0,0,0,0,1,0,1,1,1
2026-07-03T19:38:40.595,tof2,4x4,lying,-1,3257,-1,3281,924,-1,2238,3461,956,1201,1463,-1,997,1010,-1,1055,1,1,1,1,1,0,1,1,1,1,1,0,1,1,1,1
2026-07-03T19:38:40.685,tof1,4x4,lying,-1,-1,-1,-1,-1,-1,-1,-1,-1,-1,-1,1062,-1,441,416,227,0,0,0,0,0,0,0,1,0,0,0,1,0,1,1,1
2026-07-03T19:38:40.787,tof2,4x4,lying,3011,3261,-1,3304,921,-1,2160,3469,951,-1,1453,-1,1009,1007,-1,1047,1,1,0,1,1,0,1,1,1,1,1,0,1,1,1,1
2026-07-03T19:38:40.892,tof1,4x4,lying,-1,-1,-1,-1,-1,-1,-1,-1,-1,-1,-1,1074,-1,445,427,225,0,0,1,0,0,0,0,0,0,0,0,1,0,1,1,1
2026-07-03T19:38:41.072,tof1,4x4,lying,-1,-1,-1,-1,-1,-1,-1,-1,-1,-1,-1,1074,-1,447,420,229,0,0,0,0,0,0,0,1,0,0,0,1,0,1,1,1
2026-07-03T19:38:41.070,tof2,4x4,lying,-1,3245,-1,3275,925,2137,2182,2835,954,1214,1396,-1,1007,-1,-1,1054,0,1,1,1,1,1,1,1,1,1,1,0,1,1,1,1
2026-07-03T19:38:41.262,tof2,4x4,lying,3034,3247,-1,3309,914,2161,2138,3439,956,-1,1337,-1,1018,1014,-1,1043,1,1,0,1,1,1,1,1,1,1,1,1,1,1,1,1
2026-07-03T19:38:41.393,tof1,4x4,lying,-1,-1,-1,-1,-1,-1,-1,-1,-1,-1,-1,1048,-1,447,423,228,0,0,0,0,0,0,0,0,0,0,0,1,0,1,1,1
2026-07-03T19:38:41.432,tof2,4x4,lying,2960,3240,-1,3349,931,1368,2175,3523,955,-1,1505,-1,1014,1023,971,1048,1,1,1,1,1,1,1,1,1,0,1,0,1,1,1,1
2026-07-03T19:38:41.568,tof1,4x4,lying,-1,-1,-1,-1,-1,-1,-1,-1,-1,-1,-1,1068,-1,445,425,231,0,0,0,0,0,0,0,0,0,0,0,1,0,1,1,1
2026-07-03T19:38:41.623,tof2,4x4,lying,2901,3269,-1,3296,914,2140,2196,3483,955,1240,1500,-1,1021,1025,952,1044,1,1,1,1,1,1,1,1,1,1,1,0,1,1,1,1
2026-07-03T19:38:41.726,tof1,4x4,lying,-1,-1,-1,-1,-1,-1,-1,-1,-1,-1,-1,1046,-1,443,424,227,0,0,0,0,0,0,0,0,0,0,0,1,0,1,1,1
2026-07-03T19:38:41.823,tof2,4x4,lying,-1,3251,-1,3299,924,2146,2186,3498,956,-1,1428,-1,1011,1023,1000,1040,1,1,0,1,1,1,1,1,1,1,1,0,1,1,1,1
2026-07-03T19:38:42.389,tof1,4x4,lying,-1,-1,-1,-1,-1,-1,-1,-1,-1,-1,-1,1026,-1,442,424,230,0,0,0,0,0,0,0,0,0,0,0,1,0,1,1,1
2026-07-03T19:38:42.391,tof2,4x4,lying,2972,3236,-1,-1,936,1320,2145,3493,949,-1,1412,-1,1013,1006,-1,1054,1,1,0,1,1,1,1,1,1,1,1,0,1,1,1,1
2026-07-03T19:38:42.549,tof1,4x4,lying,-1,-1,-1,-1,-1,-1,-1,-1,-1,-1,-1,1038,-1,443,418,229,0,0,0,1,0,0,0,0,0,0,0,1,0,1,1,1
2026-07-03T19:38:42.571,tof2,4x4,lying,3069,3267,-1,3309,935,2111,-1,3513,956,-1,-1,-1,-1,1032,1001,1041,1,1,1,1,1,1,0,1,1,1,1,0,1,1,1,1
2026-07-03T19:38:42.732,tof1,4x4,lying,-1,-1,-1,-1,-1,-1,-1,-1,-1,-1,-1,1041,-1,442,422,230,0,0,0,0,0,0,0,0,0,0,0,1,0,1,1,1
2026-07-03T19:38:42.801,tof2,4x4,lying,2996,3258,3312,3301,918,-1,2179,3417,952,-1,-1,-1,1012,1008,961,1046,1,1,1,1,1,1,1,1,1,1,0,0,1,1,1,1
2026-07-03T19:38:42.926,tof1,4x4,lying,-1,-1,-1,-1,-1,-1,-1,-1,-1,-1,-1,1023,-1,439,423,227,0,0,0,0,0,0,0,0,0,0,0,1,0,1,1,1
2026-07-03T19:38:42.963,tof2,4x4,lying,3001,3247,-1,3337,925,2149,2127,3565,953,1216,1508,-1,1019,1017,-1,1044,1,1,1,1,1,1,1,1,1,1,1,1,1,1,1,1
2026-07-03T19:38:43.102,tof1,4x4,lying,-1,-1,-1,-1,-1,-1,-1,-1,-1,-1,-1,1032,-1,444,422,227,0,0,0,0,0,0,0,0,0,0,0,1,0,1,1,1
2026-07-03T19:38:43.160,tof2,4x4,lying,-1,3243,-1,3305,920,-1,-1,3484,951,-1,1523,-1,1015,1027,-1,1055,1,1,0,1,1,1,1,1,1,0,1,0,1,1,1,1
2026-07-03T19:38:43.273,tof1,4x4,lying,-1,-1,-1,-1,-1,-1,-1,-1,-1,-1,-1,1063,-1,441,423,229,0,0,0,0,0,0,0,0,0,0,0,1,0,1,1,1
2026-07-03T19:38:43.344,tof2,4x4,lying,2996,3253,-1,3318,935,2123,2122,3429,946,-1,-1,-1,-1,1010,-1,1047,1,1,1,1,1,1,1,1,1,1,1,0,1,1,1,1
2026-07-03T19:38:43.459,tof1,4x4,lying,-1,-1,-1,-1,-1,-1,-1,-1,-1,-1,-1,1088,-1,446,425,228,1,0,0,0,0,0,0,0,0,0,0,1,0,1,1,1
2026-07-03T19:38:43.866,tof2,4x4,lying,2945,3253,-1,3348,907,1327,2219,3511,949,-1,1525,-1,1018,1016,-1,1055,1,1,0,1,1,1,1,1,1,0,1,0,1,1,1,1
2026-07-03T19:38:43.935,tof1,4x4,lying,-1,-1,-1,-1,-1,-1,-1,-1,-1,-1,-1,1069,-1,447,424,226,0,0,0,0,0,0,0,0,0,0,0,1,0,1,1,1
2026-07-03T19:38:44.057,tof2,4x4,lying,3011,3251,-1,3341,907,2130,2195,3528,922,-1,1389,-1,-1,1008,978,1051,1,1,0,1,1,1,1,1,1,0,1,0,1,1,1,1
2026-07-03T19:38:44.130,tof1,4x4,lying,-1,-1,-1,-1,-1,-1,-1,-1,-1,-1,-1,1053,-1,447,425,228,0,0,0,0,0,0,0,0,0,0,0,1,0,1,1,1
2026-07-03T19:38:44.311,tof1,4x4,lying,-1,-1,-1,-1,-1,-1,-1,-1,-1,-1,-1,1089,-1,443,421,227,1,0,0,0,0,0,0,0,0,0,0,1,0,1,1,1
2026-07-03T19:38:44.288,tof2,4x4,lying,3005,3260,-1,3310,875,1320,-1,3480,910,1195,1430,-1,1015,-1,964,-1,1,1,0,1,1,1,1,1,1,1,1,0,1,1,1,1
2026-07-03T19:38:44.528,tof1,4x4,lying,-1,-1,-1,-1,-1,-1,-1,-1,-1,-1,-1,1131,-1,443,422,230,0,0,0,0,0,0,0,0,0,0,0,1,0,1,1,1
2026-07-03T19:38:44.491,tof2,4x4,lying,3027,3253,3315,3306,905,-1,2122,2905,910,-1,-1,-1,-1,-1,-1,1038,1,1,1,1,1,1,1,1,1,1,1,0,1,1,1,1
2026-07-03T19:38:44.679,tof1,4x4,lying,-1,-1,-1,-1,-1,-1,-1,-1,-1,-1,-1,1073,-1,441,424,229,1,0,0,0,0,0,0,0,0,0,0,1,0,1,1,1
2026-07-03T19:38:44.653,tof2,4x4,lying,3053,3258,-1,3345,880,1345,-1,3496,889,1092,-1,-1,992,1018,-1,1051,1,1,0,1,1,1,1,1,1,1,1,0,1,1,1,1
2026-07-03T19:38:44.833,tof1,4x4,lying,-1,-1,-1,-1,-1,-1,-1,-1,-1,-1,-1,-1,-1,447,423,232,0,0,0,0,0,0,0,0,0,0,0,0,0,1,1,1
2026-07-03T19:38:44.812,tof2,4x4,lying,-1,3253,3355,3310,876,1270,-1,3453,889,1140,1474,-1,940,1004,1006,1061,0,1,1,1,1,1,0,1,1,1,1,0,1,1,1,1
2026-07-03T19:38:44.992,tof1,4x4,lying,-1,-1,-1,-1,-1,-1,-1,-1,-1,-1,-1,1071,-1,449,429,230,0,0,0,0,0,0,0,0,0,0,0,1,0,1,1,1
2026-07-03T19:38:44.968,tof2,4x4,lying,2939,3253,-1,3301,885,1270,2168,3429,886,-1,1330,-1,951,1019,-1,1051,1,1,0,1,1,1,1,1,1,1,1,0,1,1,1,1
2026-07-03T19:38:45.171,tof1,4x4,lying,-1,-1,-1,-1,-1,-1,-1,-1,-1,-1,-1,979,-1,448,425,231,0,0,0,0,0,0,0,0,0,0,0,1,1,1,1,1
2026-07-03T19:38:45.140,tof2,4x4,lying,2958,3266,-1,-1,867,2121,2158,3479,877,-1,-1,-1,900,1006,997,1055,1,1,1,1,1,1,1,1,1,0,1,0,1,1,1,1
2026-07-03T19:38:45.300,tof2,4x4,lying,2998,3265,-1,3316,874,2176,2195,3489,871,-1,1365,-1,925,1004,-1,1048,1,1,0,1,1,1,1,1,1,1,1,0,1,1,1,1
2026-07-03T19:38:45.367,tof1,4x4,lying,-1,-1,-1,-1,-1,-1,-1,-1,-1,-1,-1,-1,-1,444,431,234,0,0,0,0,0,0,0,0,0,0,0,0,0,1,1,1
2026-07-03T19:38:45.465,tof2,4x4,lying,3062,3251,-1,3306,896,2152,-1,3456,877,-1,1443,1304,903,-1,961,1045,1,1,0,1,1,1,1,1,1,0,1,1,1,1,1,1
2026-07-03T19:38:45.533,tof1,4x4,lying,-1,-1,-1,-1,-1,-1,-1,-1,-1,-1,-1,1058,-1,444,431,239,0,0,0,0,0,0,0,0,0,0,0,1,0,1,1,1
2026-07-03T19:38:45.624,tof2,4x4,lying,-1,3242,-1,3295,857,-1,2174,3509,877,-1,-1,-1,935,1011,-1,1039,1,1,0,1,1,0,1,1,1,1,1,0,1,1,1,1
2026-07-03T19:38:45.697,tof1,4x4,lying,-1,-1,-1,-1,-1,-1,-1,-1,-1,-1,-1,-1,-1,443,426,232,0,0,0,0,0,0,0,0,0,0,0,0,0,1,1,1
2026-07-03T19:38:45.783,tof2,4x4,lying,2973,3270,-1,3367,883,1276,-1,3508,878,1216,-1,-1,932,1006,-1,1057,1,1,0,1,1,1,1,1,1,1,1,0,1,1,1,1
2026-07-03T19:38:45.885,tof1,4x4,lying,-1,-1,-1,-1,-1,-1,-1,-1,-1,-1,-1,-1,-1,443,429,231,0,0,0,0,0,0,0,0,0,0,0,0,0,1,1,1
2026-07-03T19:38:45.947,tof2,4x4,lying,2943,3253,-1,3281,849,2130,2202,3492,878,1105,1463,-1,902,1008,974,1058,1,1,0,1,1,1,1,1,1,1,1,0,1,1,1,1
2026-07-03T19:38:46.048,tof1,4x4,lying,-1,-1,-1,-1,-1,-1,-1,-1,-1,-1,-1,1049,-1,441,424,236,0,0,0,0,0,0,0,0,0,0,0,1,0,1,1,1
2026-07-03T19:38:46.113,tof2,4x4,lying,2999,3271,-1,3319,884,2142,2162,3479,876,1137,-1,-1,935,1013,1018,1048,1,1,0,1,1,1,1,1,1,1,1,0,1,1,1,1
2026-07-03T19:38:46.209,tof1,4x4,lying,-1,-1,-1,-1,-1,-1,-1,-1,-1,-1,-1,1042,-1,445,423,232,0,0,0,0,0,0,0,0,0,1,0,1,0,1,1,1
2026-07-03T19:38:46.279,tof2,4x4,lying,2904,3254,-1,3319,889,2081,2193,2904,880,-1,1427,-1,921,1020,1002,1054,1,1,0,1,1,1,1,1,1,1,1,0,1,1,1,1
2026-07-03T19:38:46.386,tof1,4x4,lying,-1,-1,-1,-1,-1,-1,-1,-1,-1,-1,-1,1052,-1,445,427,232,0,0,0,0,0,0,0,0,0,0,0,1,0,1,1,1
2026-07-03T19:38:46.454,tof2,4x4,lying,-1,3267,-1,3309,878,1338,2210,3554,877,-1,1372,-1,935,1009,-1,1041,1,1,1,1,1,1,1,1,1,1,1,1,1,1,1,1
2026-07-03T19:38:46.568,tof1,4x4,lying,-1,-1,-1,-1,-1,-1,-1,-1,-1,-1,-1,1010,-1,447,427,233,0,0,0,1,0,0,0,0,0,0,0,1,0,1,1,1
2026-07-03T19:38:46.631,tof2,4x4,lying,3056,3256,-1,3323,875,2110,2082,3542,878,-1,1551,-1,923,1012,1006,1046,1,1,0,1,1,1,1,1,1,1,1,0,1,1,1,1
2026-07-03T19:38:46.731,tof1,4x4,lying,-1,-1,-1,-1,-1,-1,-1,-1,-1,-1,-1,1034,-1,448,430,232,0,0,0,0,0,0,0,0,0,0,0,1,0,1,1,1
2026-07-03T19:38:46.805,tof2,4x4,lying,3011,3264,-1,3306,880,2169,2139,3495,875,-1,1347,-1,923,1007,951,1053,1,1,0,1,1,1,1,1,1,1,1,0,1,1,1,1
2026-07-03T19:38:46.899,tof1,4x4,lying,-1,-1,-1,-1,-1,-1,-1,-1,-1,-1,-1,1060,-1,447,429,234,0,0,0,0,0,0,0,0,0,0,1,1,0,1,1,1
2026-07-03T19:38:46.990,tof2,4x4,lying,3074,3254,-1,3305,-1,-1,2105,3471,886,1202,1418,-1,935,1006,-1,1055,1,1,0,1,0,1,1,1,1,1,1,0,1,1,1,1
2026-07-03T19:38:47.079,tof1,4x4,lying,-1,-1,-1,-1,-1,-1,-1,-1,-1,-1,-1,1071,-1,444,419,234,0,0,0,0,0,0,0,0,0,0,0,1,0,1,1,1
2026-07-03T19:38:47.163,tof2,4x4,lying,-1,3263,-1,3325,890,-1,2216,3554,887,1192,1434,-1,927,1025,-1,1040,1,1,1,1,1,1,1,1,1,1,1,0,1,1,1,1
2026-07-03T19:38:47.247,tof1,4x4,lying,-1,-1,-1,-1,-1,-1,-1,-1,-1,-1,-1,1048,447,441,425,232,1,0,0,0,0,0,0,0,0,0,0,1,1,1,1,1
2026-07-03T19:38:47.336,tof2,4x4,lying,3006,3263,-1,3312,873,2147,2163,3450,876,-1,1391,1336,939,1013,1012,1054,1,1,0,1,1,1,1,1,1,1,1,1,1,1,1,1
2026-07-03T19:38:47.419,tof1,4x4,lying,-1,-1,-1,-1,-1,-1,-1,-1,-1,-1,-1,1033,-1,441,424,232,1,0,0,0,0,0,0,0,0,0,0,1,0,1,1,1
2026-07-03T19:38:47.497,tof2,4x4,lying,3076,3265,-1,3313,884,1273,2121,3521,879,-1,-1,-1,933,1004,-1,1042,1,1,0,1,1,1,1,1,1,0,1,0,1,1,1,1
2026-07-03T19:38:47.576,tof1,4x4,lying,-1,-1,-1,-1,-1,-1,-1,-1,-1,-1,-1,-1,456,440,419,233,0,0,0,0,0,0,0,0,0,0,0,0,1,1,1,1
2026-07-03T19:38:47.666,tof2,4x4,lying,2988,3262,-1,3306,871,2137,-1,3450,868,-1,1457,-1,893,1000,994,1043,1,1,0,1,1,1,1,1,1,1,1,0,1,1,1,1
2026-07-03T19:38:47.746,tof1,4x4,lying,-1,-1,-1,-1,-1,-1,-1,-1,-1,-1,-1,-1,-1,437,416,232,0,0,0,0,0,0,0,0,0,0,0,0,0,1,1,1
2026-07-03T19:38:47.831,tof2,4x4,lying,2984,3273,-1,3300,-1,1259,2192,2916,883,1173,-1,-1,926,1015,990,1057,1,1,0,1,0,1,1,1,1,1,1,0,1,1,1,1
2026-07-03T19:38:47.930,tof1,4x4,lying,-1,-1,-1,-1,-1,-1,-1,-1,-1,-1,-1,1088,438,439,413,235,0,0,0,0,0,0,0,0,0,0,0,1,1,1,1,1
2026-07-03T19:38:47.999,tof2,4x4,lying,2941,3267,-1,3321,887,2155,2159,2894,881,-1,1364,-1,933,-1,-1,1052,1,1,0,1,1,1,1,1,1,1,1,0,1,1,1,1
2026-07-03T19:38:48.100,tof1,4x4,lying,-1,-1,-1,-1,-1,-1,-1,-1,-1,-1,-1,1031,454,436,418,228,0,0,0,0,0,0,0,0,0,0,0,1,1,1,1,1
2026-07-03T19:38:48.167,tof2,4x4,lying,2981,3268,-1,3357,885,-1,2190,2867,875,-1,1303,-1,929,-1,-1,1041,1,1,1,1,1,1,1,1,1,0,1,1,1,1,1,1
2026-07-03T19:38:48.266,tof1,4x4,lying,-1,-1,-1,-1,-1,-1,-1,-1,-1,-1,-1,-1,-1,431,412,230,0,0,0,0,0,0,0,0,0,0,1,1,0,1,1,1
2026-07-03T19:38:48.362,tof2,4x4,lying,3031,3240,-1,3325,865,1384,2178,3463,878,1237,1407,-1,923,1022,998,1055,1,1,1,1,1,1,1,1,1,1,1,0,1,1,1,1
2026-07-03T19:38:48.446,tof1,4x4,lying,-1,-1,-1,-1,-1,-1,-1,-1,-1,-1,-1,1081,442,432,415,229,0,0,0,0,0,0,0,0,0,0,0,1,1,1,1,1
2026-07-03T19:38:48.595,tof2,4x4,lying,2986,3258,-1,3340,848,1281,-1,3472,880,-1,-1,1294,915,1015,1007,1033,1,1,0,1,1,1,1,1,1,1,1,1,1,1,1,1
2026-07-03T19:38:48.755,tof1,4x4,lying,-1,-1,-1,-1,-1,-1,-1,-1,-1,-1,-1,-1,461,436,411,228,0,0,0,0,0,0,0,0,0,0,0,0,1,1,1,1
2026-07-03T19:38:48.840,tof2,4x4,lying,-1,3251,-1,3302,859,-1,-1,3472,866,1089,1437,-1,928,1010,947,1049,1,1,0,1,1,0,0,1,1,1,1,0,1,1,1,1
2026-07-03T19:38:48.909,tof1,4x4,lying,-1,-1,-1,-1,-1,-1,-1,-1,-1,-1,-1,-1,446,432,411,227,0,0,0,0,0,0,0,0,0,0,1,0,1,1,1,1
2026-07-03T19:38:49.009,tof2,4x4,lying,2959,3254,3351,3322,854,-1,2183,3470,865,1095,1422,-1,892,-1,994,1048,1,1,1,1,1,0,1,1,1,1,1,1,1,1,1,1
2026-07-03T19:38:49.091,tof1,4x4,lying,-1,-1,-1,-1,-1,-1,-1,-1,-1,-1,-1,-1,442,437,416,228,0,0,0,0,0,0,0,0,0,0,0,1,1,1,1,1
2026-07-03T19:38:49.196,tof2,4x4,lying,3034,3245,-1,3241,867,-1,-1,3454,870,1243,1328,-1,905,1027,-1,1055,1,1,0,1,1,0,1,1,1,1,1,0,1,1,1,1
2026-07-03T19:38:49.367,tof2,4x4,lying,-1,3271,-1,3330,852,-1,-1,3538,882,1080,-1,-1,925,1026,-1,1058,1,1,0,1,1,0,0,1,1,1,1,0,1,1,1,1
2026-07-03T19:38:49.554,tof2,4x4,lying,3079,3259,3281,3317,-1,-1,2200,3456,893,-1,1407,-1,939,-1,866,1046,1,1,1,1,0,0,1,1,1,1,1,1,1,1,1,1
2026-07-03T19:38:49.721,tof2,4x4,lying,3070,3275,-1,3325,771,-1,2117,3466,786,996,1526,-1,865,1015,903,1046,1,1,0,1,1,0,1,1,1,1,1,1,1,1,1,1
2026-07-03T19:38:50.240,tof2,4x4,lying,3043,3253,-1,3331,793,-1,-1,3577,778,860,1527,-1,881,1042,982,1032,1,1,0,1,1,0,1,1,1,1,1,0,1,1,1,1
2026-07-03T19:38:50.437,tof2,4x4,lying,2991,3264,-1,3351,-1,-1,2121,3606,783,810,1581,-1,-1,-1,983,1046,1,1,0,1,0,0,1,1,1,1,1,0,1,1,1,1
2026-07-03T19:38:51.736,tof2,4x4,lying,3008,3278,-1,3316,2053,1185,1304,2786,1538,985,-1,-1,1070,-1,790,1049,1,1,0,1,1,1,1,1,1,1,1,1,1,1,1,1
2026-07-03T19:38:51.945,tof1,4x4,lying,-1,-1,-1,-1,-1,-1,-1,-1,-1,-1,-1,-1,452,435,412,227,0,0,0,0,0,0,0,0,0,0,0,0,1,1,1,1
2026-07-03T19:38:51.913,tof2,4x4,lying,3000,3264,-1,3298,2140,1183,1262,3543,1585,1064,-1,-1,1075,-1,748,1053,1,1,0,1,1,1,1,1,1,1,1,0,1,1,1,1
2026-07-03T19:38:52.139,tof1,4x4,lying,397,-1,-1,-1,411,493,515,-1,505,527,483,462,674,562,505,462,1,0,0,1,1,1,1,0,1,1,1,1,1,1,1,1
2026-07-03T19:38:52.071,tof2,4x4,lying,3007,3247,-1,3340,2121,1193,1290,3495,1616,-1,1542,-1,1075,705,733,1048,1,1,0,1,1,1,1,1,1,1,1,0,1,1,1,1
2026-07-03T19:38:52.239,tof2,4x4,lying,2991,3256,-1,3335,-1,1267,1374,3527,1614,-1,1622,-1,1070,743,781,1050,1,1,0,1,0,1,1,1,1,1,1,0,1,1,1,1
2026-07-03T19:38:52.296,tof1,4x4,lying,296,293,-1,-1,313,308,354,444,441,345,422,442,632,539,482,441,1,1,0,0,1,1,1,1,1,1,1,1,1,1,1,1
2026-07-03T19:38:52.392,tof2,4x4,lying,3006,3276,-1,3273,-1,1318,1458,3480,1606,964,1672,-1,1077,799,809,1034,1,1,0,1,1,1,1,1,1,1,1,0,1,1,1,1
2026-07-03T19:38:52.465,tof1,4x4,lying,-1,260,246,-1,-1,269,254,281,559,314,290,379,616,-1,445,422,0,1,1,0,0,1,1,1,1,1,1,1,1,1,1,1
2026-07-03T19:38:52.549,tof2,4x4,lying,3022,3262,-1,3297,-1,1405,1456,3485,1500,-1,1702,-1,1091,868,846,1051,1,1,0,1,1,1,1,1,1,0,1,0,1,1,1,1
2026-07-03T19:38:52.676,tof1,4x4,lying,-1,-1,-1,-1,-1,197,187,196,232,191,182,190,-1,206,196,261,0,0,0,0,0,1,1,1,1,1,1,1,1,1,1,1
2026-07-03T19:38:52.731,tof2,4x4,lying,-1,3253,-1,3302,-1,-1,-1,3473,-1,958,914,-1,1099,783,850,1031,1,1,0,1,0,1,1,1,1,1,1,1,1,1,1,1
2026-07-03T19:38:52.842,tof1,4x4,lying,259,243,247,-1,180,183,191,244,139,142,146,173,117,119,133,235,1,1,1,0,1,1,1,1,1,1,1,1,1,1,1,1
2026-07-03T19:38:52.906,tof2,4x4,lying,2972,3258,-1,3329,2151,1553,1559,2837,-1,954,916,-1,1111,745,902,1049,1,1,0,1,1,1,1,1,1,1,1,0,1,1,1,1
2026-07-03T19:38:53.004,tof1,4x4,lying,186,165,194,-1,-1,-1,-1,196,104,106,-1,-1,95,102,121,233,1,1,1,0,0,0,0,1,1,1,0,0,1,1,1,1
2026-07-03T19:38:53.084,tof2,4x4,lying,-1,3263,-1,3289,2128,1506,1595,3531,-1,983,935,-1,1082,701,1047,-1,1,1,1,1,1,1,1,1,1,1,1,0,1,1,1,1
2026-07-03T19:38:53.170,tof1,4x4,lying,179,-1,145,-1,-1,95,-1,-1,85,83,94,-1,77,82,94,-1,1,0,1,0,0,1,0,0,1,1,1,0,1,1,1,0
2026-07-03T19:38:53.244,tof2,4x4,lying,2984,3253,-1,3317,2202,1494,1635,3470,1502,-1,1004,-1,1084,-1,893,1047,1,1,1,1,1,1,1,1,1,0,1,0,1,1,1,1
2026-07-03T19:38:53.322,tof1,4x4,lying,184,187,-1,-1,154,119,117,172,109,90,94,-1,87,82,85,101,1,1,0,0,1,1,1,1,1,1,1,0,1,1,1,1
2026-07-03T19:38:53.391,tof2,4x4,lying,3006,3261,-1,3284,2097,1566,-1,3492,-1,-1,-1,-1,1070,-1,968,1059,1,1,1,1,1,1,0,1,1,0,0,0,1,1,1,1
2026-07-03T19:38:53.488,tof1,4x4,lying,-1,149,149,-1,158,-1,-1,-1,110,109,97,98,89,86,79,77,0,1,1,0,1,0,0,0,1,1,1,1,1,1,1,1
2026-07-03T19:38:53.580,tof2,4x4,lying,-1,3255,-1,-1,2111,1565,-1,3417,1564,-1,-1,-1,1090,-1,989,1040,0,1,0,1,1,1,0,1,1,0,1,0,1,1,1,1
2026-07-03T19:38:53.672,tof1,4x4,lying,-1,-1,-1,-1,-1,-1,-1,-1,120,161,364,-1,102,96,115,313,0,0,0,0,0,0,0,0,1,1,1,0,1,1,1,1
2026-07-03T19:38:53.743,tof2,4x4,lying,3026,3245,-1,3278,-1,1603,-1,3453,1558,1392,-1,-1,-1,968,993,1051,1,1,0,1,1,1,0,1,1,1,0,0,1,1,1,1
2026-07-03T19:38:53.828,tof1,4x4,lying,-1,-1,-1,-1,169,145,157,-1,103,98,107,172,77,75,88,-1,0,1,1,0,1,1,1,0,1,1,1,1,1,1,1,0
2026-07-03T19:38:53.908,tof2,4x4,lying,3032,3258,-1,3340,2138,1562,-1,3515,1488,-1,1607,-1,1081,982,991,1056,1,1,0,1,1,1,0,1,1,0,1,0,1,1,1,1
2026-07-03T19:38:54.039,tof1,4x4,lying,-1,-1,-1,-1,193,159,-1,-1,117,111,110,-1,79,80,95,206,0,0,0,0,1,1,0,0,1,1,1,0,1,1,1,1
2026-07-03T19:38:54.097,tof2,4x4,lying,-1,3259,-1,3321,2174,1492,-1,3519,1524,-1,1516,-1,1068,976,-1,1043,1,1,0,1,1,1,0,1,1,1,1,0,1,1,1,1
2026-07-03T19:38:54.203,tof1,4x4,lying,-1,-1,-1,-1,202,269,-1,-1,154,144,277,-1,112,109,118,310,0,0,0,0,1,1,0,0,1,1,1,1,1,1,1,1
2026-07-03T19:38:54.265,tof2,4x4,lying,2992,3267,-1,3319,2139,-1,1625,2839,1531,-1,1517,-1,-1,965,976,1048,1,1,0,1,1,0,1,1,1,0,1,0,1,1,1,1
2026-07-03T19:38:54.374,tof1,4x4,lying,-1,-1,-1,-1,-1,-1,-1,-1,165,-1,402,338,117,110,229,311,0,0,0,0,0,0,0,0,1,0,1,1,1,1,1,1
2026-07-03T19:38:54.440,tof2,4x4,lying,3001,3244,-1,3308,2093,1571,-1,3475,-1,-1,-1,-1,1065,964,-1,1049,1,1,0,1,1,1,0,1,1,1,0,0,1,1,1,1
2026-07-03T19:38:54.537,tof1,4x4,lying,-1,-1,-1,-1,-1,-1,-1,-1,162,-1,407,-1,117,110,219,311,1,0,0,0,0,0,0,0,1,0,1,0,1,1,1,1
2026-07-03T19:38:54.606,tof2,4x4,lying,2978,3268,-1,3314,2117,1589,-1,2813,1582,-1,-1,-1,1078,972,970,1054,1,1,0,1,1,1,0,1,1,0,0,0,1,1,1,1
2026-07-03T19:38:54.712,tof1,4x4,lying,-1,-1,-1,-1,-1,-1,-1,-1,172,-1,-1,-1,122,113,230,314,0,0,0,0,0,0,0,0,1,0,0,0,1,1,1,1
2026-07-03T19:38:54.776,tof2,4x4,lying,2992,3250,-1,3313,2147,1560,-1,3452,-1,-1,-1,-1,1078,980,976,1044,1,1,0,1,1,1,0,1,1,1,1,0,1,1,1,1
2026-07-03T19:38:54.883,tof1,4x4,lying,-1,-1,-1,-1,-1,-1,-1,-1,170,-1,411,-1,120,112,220,312,0,0,0,0,0,0,0,0,1,0,1,0,1,1,1,1
2026-07-03T19:38:54.932,tof2,4x4,lying,2996,3264,-1,3306,2122,1466,1543,3486,1541,-1,1461,-1,1075,959,-1,1053,1,1,0,1,1,1,1,1,1,0,1,0,1,1,1,1
2026-07-03T19:38:55.034,tof1,4x4,lying,-1,-1,-1,-1,-1,402,-1,-1,172,-1,409,363,120,111,219,310,0,0,0,1,0,1,0,0,1,0,1,1,1,1,1,1
2026-07-03T19:38:55.120,tof2,4x4,lying,-1,3265,-1,3329,2117,1584,-1,3501,1569,-1,1586,1426,1067,957,972,1061,1,1,0,1,1,1,0,1,1,0,1,1,1,1,1,1
2026-07-03T19:38:55.200,tof1,4x4,lying,-1,-1,-1,-1,-1,-1,-1,-1,169,226,-1,-1,121,114,219,308,0,0,0,1,0,0,0,0,1,1,0,0,1,1,1,1
2026-07-03T19:38:55.280,tof2,4x4,lying,-1,3271,-1,3321,2105,2095,-1,3453,1498,-1,-1,-1,1061,962,992,1060,1,1,0,1,1,1,0,1,1,1,0,0,1,1,1,1
2026-07-03T19:38:55.367,tof1,4x4,lying,-1,-1,-1,-1,-1,-1,-1,-1,172,-1,-1,-1,123,113,231,314,0,0,0,0,0,0,0,0,1,0,0,0,1,1,1,1
2026-07-03T19:38:55.441,tof2,4x4,lying,2977,3252,-1,3334,2086,1601,-1,2855,1508,-1,1476,-1,1058,966,973,1045,1,1,0,1,1,1,0,1,1,1,1,0,1,1,1,1
2026-07-03T19:38:55.533,tof1,4x4,lying,-1,-1,-1,-1,-1,-1,-1,-1,171,-1,412,-1,119,114,226,314,0,0,0,0,0,0,0,0,1,0,1,0,1,1,1,1
2026-07-03T19:38:55.600,tof2,4x4,lying,3049,3269,-1,3312,2107,1510,2125,3463,-1,-1,1551,-1,1087,967,979,1053,1,1,1,1,1,1,1,1,1,0,1,0,1,1,1,1
2026-07-03T19:38:55.703,tof1,4x4,lying,-1,-1,-1,-1,205,-1,-1,-1,162,150,-1,-1,115,112,116,304,0,0,0,0,1,1,0,0,1,1,1,0,1,1,1,1
2026-07-03T19:38:55.774,tof2,4x4,lying,3006,3259,-1,3298,2089,1562,-1,3549,1572,-1,-1,-1,1079,969,974,1054,1,1,1,1,1,1,0,1,1,0,0,0,1,1,1,1
2026-07-03T19:38:55.863,tof1,4x4,lying,-1,200,-1,-1,161,-1,-1,167,110,104,107,118,86,86,92,110,0,1,0,0,1,0,0,1,1,1,1,1,1,1,1,1
2026-07-03T19:38:55.945,tof2,4x4,lying,2993,3271,-1,3326,-1,1540,1638,3473,1631,-1,1506,-1,-1,967,980,1046,1,1,0,1,0,1,1,1,1,1,1,0,1,1,1,1
2026-07-03T19:38:56.031,tof1,4x4,lying,-1,-1,-1,187,126,121,-1,-1,113,112,120,-1,108,107,116,138,0,0,0,1,1,1,0,0,1,1,1,0,1,1,1,1
2026-07-03T19:38:56.121,tof2,4x4,lying,3010,3271,-1,3252,2102,1488,1571,3460,-1,-1,1558,-1,-1,952,-1,1050,1,1,1,1,1,1,1,1,1,0,1,0,1,1,1,1
2026-07-03T19:38:56.194,tof1,4x4,lying,184,180,195,193,135,-1,-1,-1,114,112,118,119,109,107,111,117,1,1,1,1,1,0,0,1,1,1,1,1,1,1,1,1
2026-07-03T19:38:56.279,tof2,4x4,lying,2974,3246,-1,3331,2121,-1,-1,2891,-1,-1,1564,-1,1074,958,970,1053,1,1,0,1,1,0,0,1,1,0,1,0,1,1,1,1
2026-07-03T19:38:56.345,tof1,4x4,lying,-1,197,196,-1,170,156,-1,157,124,117,118,123,107,97,91,103,0,1,1,0,1,1,0,1,1,1,1,1,1,1,1,1
2026-07-03T19:38:56.458,tof2,4x4,lying,-1,3270,3313,3312,2139,1494,1628,2816,1563,-1,1587,-1,1077,949,-1,1052,1,1,1,1,1,1,1,1,1,0,1,0,1,1,1,1
2026-07-03T19:38:56.508,tof1,4x4,lying,-1,194,178,-1,161,-1,-1,-1,131,117,111,113,113,101,98,95,0,1,1,0,1,0,0,0,1,1,1,1,1,1,1,1
2026-07-03T19:38:56.622,tof2,4x4,lying,-1,3249,-1,3293,2074,1524,1636,2878,-1,-1,1571,-1,-1,960,1003,1055,1,1,0,1,1,1,1,1,1,0,1,0,1,1,1,1
2026-07-03T19:38:56.701,tof1,4x4,lying,188,-1,-1,187,-1,129,-1,-1,123,115,111,113,113,106,106,110,1,0,0,1,0,1,0,0,1,1,1,1,1,1,1,1
2026-07-03T19:38:56.772,tof2,4x4,lying,2971,3235,-1,3328,-1,1538,-1,3436,-1,-1,1688,-1,1076,952,976,1055,1,1,0,1,1,1,0,1,1,0,1,0,1,1,1,1
2026-07-03T19:38:56.873,tof1,4x4,lying,192,-1,-1,183,-1,-1,-1,-1,121,116,113,-1,109,104,106,113,1,0,0,1,0,0,0,0,1,1,1,1,1,1,1,1
2026-07-03T19:38:56.969,tof2,4x4,lying,3042,3251,-1,3333,2118,1499,-1,3515,-1,1441,1672,-1,-1,-1,990,1066,1,1,0,1,1,1,0,1,1,1,1,0,1,1,1,1
2026-07-03T19:38:57.077,tof1,4x4,lying,195,180,-1,184,-1,-1,-1,-1,128,117,117,-1,112,105,106,109,1,1,0,1,0,0,0,0,1,1,1,0,1,1,1,1
2026-07-03T19:38:57.151,tof2,4x4,lying,2967,3254,-1,3345,-1,1539,-1,3579,1630,-1,1618,-1,1069,961,987,1054,1,1,0,1,1,1,1,1,1,1,1,1,1,1,1,1
2026-07-03T19:38:57.269,tof1,4x4,lying,191,-1,-1,188,-1,-1,-1,-1,128,117,115,120,114,106,108,115,1,0,0,1,0,0,0,0,1,1,1,1,1,1,1,1
2026-07-03T19:38:57.318,tof2,4x4,lying,3011,3238,-1,3287,2121,1497,-1,3512,-1,-1,1617,-1,1088,961,977,1051,1,1,0,1,1,1,1,1,1,0,1,0,1,1,1,1
2026-07-03T19:38:57.430,tof1,4x4,lying,-1,-1,-1,-1,149,158,-1,-1,143,155,209,-1,146,163,247,313,0,0,0,0,1,1,0,0,1,1,1,0,1,1,1,1
2026-07-03T19:38:57.491,tof2,4x4,lying,3001,3249,-1,3324,2134,1530,1548,3472,1593,-1,1575,-1,-1,952,963,1044,1,1,0,1,1,1,1,1,1,0,1,0,1,1,1,1
2026-07-03T19:38:57.598,tof1,4x4,lying,248,-1,-1,-1,253,308,-1,-1,259,345,367,357,365,368,352,335,1,0,0,0,1,1,0,0,1,1,1,1,1,1,1,1
2026-07-03T19:38:57.655,tof2,4x4,lying,2917,3260,-1,3335,2102,1406,1495,3497,-1,-1,1431,-1,-1,965,910,1036,1,1,0,1,1,1,1,1,1,0,1,0,1,1,1,1
2026-07-03T19:38:57.780,tof1,4x4,lying,-1,-1,-1,-1,357,391,-1,-1,389,378,347,-1,483,399,347,358,0,0,0,0,1,1,0,0,1,1,1,0,1,1,1,1
2026-07-03T19:38:57.828,tof2,4x4,lying,3035,3261,-1,3293,2078,1322,1416,2834,1533,-1,1538,-1,1077,951,-1,1043,1,1,1,1,1,1,1,1,1,0,1,0,1,1,1,1
2026-07-03T19:38:57.929,tof1,4x4,lying,-1,-1,-1,-1,-1,-1,-1,-1,401,439,-1,585,362,361,434,564,0,0,0,0,0,0,0,0,1,1,0,1,1,1,1,1
2026-07-03T19:38:57.993,tof2,4x4,lying,3015,3277,-1,3306,2123,1332,1445,3515,-1,-1,1467,-1,1067,924,1008,1045,1,1,0,1,1,1,1,1,1,0,1,0,1,1,1,1
2026-07-03T19:38:58.101,tof1,4x4,lying,-1,-1,-1,-1,-1,-1,-1,-1,429,476,552,-1,358,366,452,573,0,0,0,0,0,0,0,0,1,1,1,0,1,1,1,1
2026-07-03T19:38:58.161,tof2,4x4,lying,2999,3273,-1,3303,2090,2143,1447,3477,-1,-1,1428,1384,1074,931,960,1054,1,1,1,1,1,1,1,1,1,0,1,1,1,1,1,1
2026-07-03T19:38:58.265,tof1,4x4,lying,-1,-1,-1,-1,-1,-1,-1,-1,405,446,525,-1,345,352,401,533,1,0,0,0,0,0,0,0,1,1,1,1,1,1,1,1
2026-07-03T19:38:58.320,tof2,4x4,lying,3025,3250,3308,3323,2087,1419,1488,-1,1453,-1,-1,2865,1054,-1,986,1051,1,1,1,1,1,1,1,1,1,0,1,1,1,1,1,1
2026-07-03T19:38:58.433,tof1,4x4,lying,-1,-1,-1,-1,-1,-1,-1,-1,340,437,492,-1,310,353,377,482,0,0,0,0,0,0,0,0,1,1,1,1,1,1,1,1
2026-07-03T19:38:58.493,tof2,4x4,lying,2920,3261,-1,3367,-1,1408,1482,2868,1670,1007,1482,-1,1050,878,1111,1050,1,1,0,1,0,1,1,1,1,1,1,0,1,1,1,1
2026-07-03T19:38:58.598,tof1,4x4,lying,-1,-1,-1,-1,280,-1,-1,-1,250,417,468,561,242,352,367,445,0,0,0,0,1,0,0,0,1,1,1,1,1,1,1,1
2026-07-03T19:38:58.676,tof2,4x4,lying,2923,3279,-1,3339,-1,1404,1515,3450,-1,1011,1512,-1,1046,837,1098,1064,1,1,0,1,1,1,1,1,0,1,1,0,1,1,1,1
2026-07-03T19:38:58.748,tof1,4x4,lying,-1,-1,-1,-1,242,-1,-1,-1,209,229,418,492,201,215,353,414,0,0,0,0,1,0,0,0,1,1,1,1,1,1,1,1
2026-07-03T19:38:58.834,tof2,4x4,lying,3021,3258,-1,3299,2132,1401,-1,2844,-1,1392,1477,-1,-1,834,1115,1050,1,1,0,1,1,1,0,1,0,1,1,0,1,1,1,1
2026-07-03T19:38:58.916,tof1,4x4,lying,269,313,299,304,-1,-1,299,362,195,201,234,463,177,179,202,405,1,1,1,1,0,0,1,1,1,1,1,1,1,1,1,1
2026-07-03T19:38:59.082,tof2,4x4,lying,2972,3260,-1,3272,-1,1464,-1,3506,-1,1387,1512,-1,1022,885,1095,1059,1,1,1,1,1,1,0,1,0,1,1,0,1,1,1,1
2026-07-03T19:38:59.251,tof1,4x4,lying,-1,-1,-1,-1,-1,391,393,365,-1,203,212,384,152,155,160,193,0,0,0,0,0,1,1,1,0,1,1,1,1,1,1,1
2026-07-03T19:38:59.422,tof1,4x4,lying,-1,-1,-1,-1,-1,-1,386,369,-1,433,364,336,246,215,209,206,0,0,0,0,0,0,1,1,0,1,1,1,1,1,1,1
2026-07-03T19:38:59.413,tof2,4x4,lying,3035,3271,-1,3341,-1,1429,-1,3474,-1,1376,-1,-1,742,-1,-1,1047,1,1,0,1,0,1,1,1,0,1,1,0,1,1,1,1
2026-07-03T19:38:59.608,tof1,4x4,lying,-1,-1,-1,-1,-1,-1,385,360,-1,-1,370,336,-1,221,230,241,0,0,0,1,0,0,1,1,0,0,1,1,0,1,1,1
2026-07-03T19:38:59.580,tof2,4x4,lying,3035,3265,-1,3246,-1,-1,2207,3543,-1,1048,1521,-1,769,-1,1104,1025,1,1,1,1,1,0,1,1,0,1,1,1,1,1,1,1
2026-07-03T19:38:59.800,tof1,4x4,lying,-1,-1,-1,-1,-1,418,387,347,-1,454,359,334,-1,-1,257,282,0,0,0,0,0,1,1,1,0,1,1,1,0,0,1,1
2026-07-03T19:38:59.770,tof2,4x4,lying,3047,3253,-1,3304,-1,-1,2176,3423,930,1398,1517,1332,780,-1,1104,1051,1,1,0,1,0,1,1,1,1,1,1,1,1,1,1,1
2026-07-03T19:38:59.958,tof1,4x4,lying,-1,-1,-1,-1,-1,-1,368,339,-1,423,346,324,-1,-1,279,283,0,0,0,0,0,0,1,1,0,1,1,1,0,0,1,1
2026-07-03T19:38:59.946,tof2,4x4,lying,3026,3254,-1,3331,-1,1473,2148,3456,922,1421,1525,-1,758,-1,1114,1058,1,1,0,1,0,1,1,1,1,1,1,1,1,1,1,1
2026-07-03T19:39:00.112,tof2,4x4,lying,2996,3282,-1,3246,-1,-1,2080,2882,914,1382,1499,-1,753,-1,1115,1057,1,1,0,1,0,0,1,1,1,1,1,0,1,1,1,1
2026-07-03T19:39:00.145,tof1,4x4,lying,-1,-1,-1,-1,-1,-1,380,348,-1,-1,355,330,-1,-1,287,293,1,1,0,1,0,0,1,1,0,0,1,1,0,0,1,1
2026-07-03T19:39:00.321,tof1,4x4,lying,-1,-1,-1,-1,-1,-1,378,349,-1,-1,356,332,-1,-1,300,293,0,0,0,0,0,0,1,1,0,0,1,1,0,0,1,1
2026-07-03T19:39:00.271,tof2,4x4,lying,3035,3270,-1,3288,-1,-1,2086,2783,902,1385,1501,-1,763,993,1100,1046,1,1,0,1,0,0,1,1,1,1,1,0,1,1,1,1
2026-07-03T19:39:00.446,tof2,4x4,lying,2974,3261,-1,-1,-1,1444,-1,2869,928,1388,1502,-1,773,1002,1109,1041,1,1,0,1,0,1,1,1,1,1,1,0,1,1,1,1
2026-07-03T19:39:00.557,tof1,4x4,lying,-1,-1,-1,-1,-1,-1,373,350,-1,-1,357,332,-1,-1,297,292,1,0,0,0,0,0,1,1,0,0,1,1,0,0,1,1
2026-07-03T19:39:00.735,tof1,4x4,lying,-1,-1,-1,-1,-1,-1,389,351,-1,-1,357,333,-1,-1,295,294,0,0,0,0,0,0,1,1,0,0,1,1,0,0,1,1
2026-07-03T19:39:00.743,tof2,4x4,lying,3031,3256,3251,3295,-1,-1,-1,2843,938,1404,-1,-1,746,-1,1109,1048,1,1,1,1,0,0,1,1,1,1,1,0,1,1,1,1
2026-07-03T19:39:00.909,tof1,4x4,lying,-1,-1,-1,-1,-1,-1,384,350,-1,-1,357,332,-1,-1,295,295,0,0,0,0,0,0,1,1,0,0,1,1,0,0,1,1
2026-07-03T19:39:00.923,tof2,4x4,lying,3029,3260,-1,-1,-1,1429,2117,2876,909,1391,-1,-1,775,-1,1112,1058,1,1,0,1,1,1,1,1,1,1,1,0,1,1,1,1
2026-07-03T19:39:01.070,tof1,4x4,lying,-1,-1,-1,-1,-1,-1,377,347,-1,-1,349,330,-1,492,298,291,0,0,0,0,0,0,1,1,0,0,1,1,0,1,1,1
2026-07-03T19:39:01.117,tof2,4x4,lying,3020,3263,3320,-1,2063,1458,2138,3509,949,1384,-1,-1,763,-1,-1,1072,1,1,1,1,1,1,1,1,1,1,1,0,1,1,1,1
2026-07-03T19:39:01.242,tof1,4x4,lying,-1,-1,-1,-1,-1,-1,374,349,-1,-1,352,329,-1,470,301,291,0,0,0,0,0,0,1,1,0,0,1,1,0,1,1,1
2026-07-03T19:39:01.280,tof2,4x4,lying,-1,3276,-1,-1,-1,1433,2137,3482,-1,1375,1511,-1,756,912,1098,1034,1,1,1,1,0,1,1,1,0,1,1,0,1,1,1,1
2026-07-03T19:39:01.401,tof1,4x4,lying,-1,-1,-1,-1,-1,-1,370,351,-1,419,353,330,-1,460,305,296,0,0,0,0,0,0,1,1,0,1,1,1,0,1,1,1
2026-07-03T19:39:01.442,tof2,4x4,lying,2949,3265,-1,3310,-1,1444,2045,2957,-1,1375,-1,1232,763,934,1111,1062,1,1,1,1,1,1,1,1,0,1,1,1,1,1,1,1
2026-07-03T19:39:01.582,tof1,4x4,lying,-1,-1,-1,-1,-1,-1,376,352,-1,-1,352,331,-1,457,307,293,0,0,0,0,0,0,1,1,0,0,1,1,0,1,1,1
2026-07-03T19:39:01.640,tof2,4x4,lying,-1,3271,-1,3337,-1,1444,2177,3479,-1,1400,1500,-1,756,-1,1103,1049,1,1,0,1,0,1,1,1,0,1,1,0,1,1,1,1
2026-07-03T19:39:01.754,tof1,4x4,lying,-1,-1,-1,-1,-1,-1,375,348,-1,-1,354,329,-1,-1,301,293,0,0,0,0,0,0,1,1,0,0,1,1,0,0,1,1
2026-07-03T19:39:01.801,tof2,4x4,lying,3043,3282,-1,3328,-1,1462,2089,3504,945,1400,-1,-1,751,-1,1103,1055,1,1,0,1,0,1,1,1,1,1,1,0,1,1,1,1
2026-07-03T19:39:01.916,tof1,4x4,lying,-1,-1,-1,-1,-1,-1,374,347,-1,-1,351,332,-1,470,304,293,0,0,0,0,0,0,1,1,0,0,1,1,0,1,1,1
2026-07-03T19:39:02.007,tof2,4x4,lying,-1,3250,-1,3337,-1,1456,2144,2830,924,1416,1516,-1,754,-1,1087,1044,0,1,1,1,0,1,1,1,1,1,1,0,1,1,1,1
2026-07-03T19:39:02.090,tof1,4x4,lying,-1,-1,-1,-1,-1,-1,371,347,-1,415,350,328,-1,-1,303,294,0,0,0,0,1,0,1,1,0,1,1,1,0,0,1,1
2026-07-03T19:39:02.166,tof2,4x4,lying,3009,3246,-1,3316,-1,1449,2198,3546,924,1388,1512,-1,743,923,1096,1072,1,1,1,1,0,1,1,1,1,1,1,0,1,1,1,1
2026-07-03T19:39:02.263,tof1,4x4,lying,-1,-1,-1,-1,-1,-1,369,342,-1,402,346,330,-1,-1,300,289,0,0,0,0,0,0,1,1,0,1,1,1,0,0,1,1
2026-07-03T19:39:02.323,tof2,4x4,lying,2993,3278,-1,3309,-1,1458,2160,3528,943,1407,1505,-1,741,924,1112,1043,1,1,1,1,1,1,1,1,1,1,1,0,1,1,1,1
2026-07-03T19:39:02.427,tof1,4x4,lying,-1,-1,-1,-1,-1,-1,366,339,-1,401,345,327,-1,452,301,289,0,0,0,0,0,0,1,1,0,1,1,1,0,1,1,1
2026-07-03T19:39:02.507,tof2,4x4,lying,3052,3259,-1,3331,-1,1456,2177,3463,-1,1373,1548,-1,765,969,-1,1055,1,1,0,1,0,1,1,1,0,1,1,0,1,1,1,1
2026-07-03T19:39:02.601,tof1,4x4,lying,-1,-1,-1,-1,-1,-1,363,342,-1,403,346,327,-1,442,299,289,1,0,0,0,0,0,1,1,0,1,1,1,0,1,1,1
2026-07-03T19:39:02.680,tof2,4x4,lying,2983,3280,-1,3329,-1,1468,2212,3471,944,1393,1483,-1,737,-1,1112,1061,1,1,0,1,0,1,1,1,1,1,1,0,1,1,1,1
2026-07-03T19:39:02.770,tof1,4x4,lying,-1,-1,-1,-1,-1,-1,364,340,-1,403,344,325,-1,-1,298,284,0,0,0,1,0,0,1,1,0,1,1,1,1,0,1,1
2026-07-03T19:39:02.837,tof2,4x4,lying,2981,3259,-1,3317,-1,1456,-1,2869,932,1366,1563,-1,755,-1,1100,1050,1,1,0,1,0,1,0,1,1,1,1,0,1,1,1,1
2026-07-03T19:39:02.926,tof1,4x4,lying,-1,-1,-1,-1,-1,-1,365,343,-1,402,344,326,-1,-1,293,285,0,0,0,0,0,0,1,1,0,1,1,1,0,0,1,1
2026-07-03T19:39:03.011,tof2,4x4,lying,-1,3256,-1,3281,-1,1468,-1,2818,947,1417,1498,-1,757,921,-1,1047,1,1,0,1,1,1,1,1,1,1,1,0,1,1,1,1
2026-07-03T19:39:03.103,tof1,4x4,lying,-1,-1,-1,-1,-1,-1,363,344,-1,400,344,326,-1,445,296,289,0,0,0,0,0,0,1,1,0,1,1,1,0,1,1,1
2026-07-03T19:39:03.176,tof2,4x4,lying,-1,3268,-1,3294,-1,1443,2099,2794,918,1380,1523,1349,1009,926,-1,1051,1,1,0,1,0,1,1,1,1,1,1,1,1,1,1,1
2026-07-03T19:39:03.280,tof1,4x4,lying,-1,-1,-1,-1,-1,-1,366,345,-1,405,345,328,-1,-1,294,290,0,0,0,0,0,0,1,1,0,1,1,1,0,0,1,1
2026-07-03T19:39:03.346,tof2,4x4,lying,-1,3263,-1,3306,-1,1482,2086,3439,958,1394,1532,-1,761,960,1105,1054,1,1,0,1,1,1,1,1,1,1,1,0,1,1,1,1
2026-07-03T19:39:03.438,tof1,4x4,lying,-1,-1,-1,-1,-1,-1,366,344,-1,402,345,327,-1,-1,300,290,0,0,0,0,1,0,1,1,0,1,1,1,0,0,1,1
2026-07-03T19:39:03.542,tof2,4x4,lying,2901,3248,-1,3290,-1,1435,-1,3487,925,1374,1522,-1,754,932,1106,1047,1,1,0,1,0,1,0,1,1,1,1,0,1,1,1,1
2026-07-03T19:39:03.630,tof1,4x4,lying,-1,-1,-1,-1,-1,-1,366,348,-1,405,347,326,-1,-1,298,289,0,0,0,0,1,0,1,1,0,1,1,1,0,0,1,1
2026-07-03T19:39:03.729,tof2,4x4,lying,-1,3255,-1,3340,-1,1467,-1,3470,937,1404,1531,-1,774,-1,1105,1052,1,1,1,1,0,1,1,1,1,1,1,1,1,1,1,1
2026-07-03T19:39:03.823,tof1,4x4,lying,-1,-1,-1,-1,-1,-1,363,343,-1,398,344,325,-1,-1,303,291,0,0,0,0,0,0,1,1,0,1,1,1,0,0,1,1
2026-07-03T19:39:03.902,tof2,4x4,lying,2972,3255,-1,3308,-1,1459,2173,3436,978,1373,-1,-1,766,966,-1,1053,1,1,0,1,1,1,1,1,1,1,1,0,1,1,1,1
2026-07-03T19:39:04.005,tof1,4x4,lying,-1,-1,-1,-1,-1,-1,368,347,-1,400,347,327,-1,457,298,289,0,0,0,0,0,0,1,1,0,1,1,1,0,1,1,1
2026-07-03T19:39:04.062,tof2,4x4,lying,-1,3268,-1,3313,-1,1446,-1,3445,936,1343,1522,-1,773,-1,-1,1068,0,1,0,1,0,1,0,1,1,1,1,1,1,1,1,1
2026-07-03T19:39:04.175,tof1,4x4,lying,-1,-1,-1,-1,-1,-1,365,339,-1,400,344,326,-1,-1,295,290,0,0,0,0,0,0,1,1,0,1,1,1,0,0,1,1
2026-07-03T19:39:04.349,tof1,4x4,lying,-1,-1,-1,-1,-1,-1,368,344,-1,399,343,327,-1,-1,300,288,1,0,0,0,0,0,1,1,0,1,1,1,0,0,1,1
2026-07-03T19:39:04.418,tof2,4x4,lying,2983,3277,-1,3276,-1,1438,-1,3495,946,1390,-1,-1,763,960,-1,1050,1,1,1,1,0,1,0,1,1,1,1,0,1,1,1,1
2026-07-03T19:39:04.521,tof1,4x4,lying,-1,-1,-1,-1,-1,-1,365,343,-1,404,347,327,-1,-1,299,290,1,0,0,0,0,0,1,1,0,1,1,1,0,0,1,1
2026-07-03T19:39:04.579,tof2,4x4,lying,3006,3250,-1,3317,2240,1454,-1,2803,965,1362,1532,-1,764,-1,1113,1061,1,1,0,1,1,1,0,1,1,1,1,0,1,1,1,1
2026-07-03T19:39:04.685,tof1,4x4,lying,-1,-1,-1,-1,-1,-1,369,346,-1,407,346,329,-1,-1,298,293,0,0,0,0,0,0,1,1,0,1,1,1,0,0,1,1
2026-07-03T19:39:04.743,tof2,4x4,lying,-1,3256,-1,3321,-1,1449,2196,2762,929,1389,1507,-1,769,934,-1,1049,1,1,1,1,0,1,1,1,1,1,1,1,1,1,1,1
2026-07-03T19:39:04.858,tof1,4x4,lying,-1,-1,-1,-1,-1,-1,371,347,-1,407,350,330,-1,447,300,290,1,0,0,0,0,0,1,1,0,1,1,1,0,1,1,1
2026-07-03T19:39:04.927,tof2,4x4,lying,-1,3255,-1,3275,-1,1479,-1,2734,-1,1380,1514,1291,744,918,-1,1054,1,1,0,1,0,1,0,1,0,1,1,1,1,1,1,1
2026-07-03T19:39:05.022,tof1,4x4,lying,-1,-1,-1,-1,-1,-1,371,345,-1,403,351,328,-1,-1,298,292,0,0,0,0,0,0,1,1,0,1,1,1,0,0,1,1
2026-07-03T19:39:05.089,tof2,4x4,lying,3002,3250,-1,3308,-1,1475,-1,2749,-1,1407,1525,1272,751,918,-1,1053,1,1,0,1,0,1,1,1,0,1,1,1,1,1,1,1
2026-07-03T19:39:05.180,tof1,4x4,lying,-1,-1,-1,-1,-1,-1,374,348,-1,407,350,330,-1,-1,299,292,0,0,0,0,0,0,1,1,0,1,1,1,0,0,1,1
2026-07-03T19:39:05.253,tof2,4x4,lying,-1,3250,-1,3347,-1,1449,-1,3463,920,1391,1487,-1,753,917,1110,1042,1,1,0,1,0,1,1,1,1,1,1,0,1,1,1,1
2026-07-03T19:39:05.547,tof1,4x4,lying,-1,-1,-1,-1,-1,-1,372,349,-1,410,352,329,-1,-1,300,290,0,0,0,0,0,0,1,1,0,1,1,1,0,0,1,1
2026-07-03T19:39:05.648,tof2,4x4,lying,3008,3261,3188,3276,-1,1460,-1,3399,918,1370,1527,1333,764,928,-1,1047,1,1,1,1,0,1,1,1,1,1,1,1,1,1,1,1
2026-07-03T19:39:05.738,tof1,4x4,lying,-1,-1,-1,-1,-1,-1,368,348,-1,407,348,331,-1,-1,302,294,0,0,0,0,0,0,1,1,0,1,1,1,0,0,1,1
2026-07-03T19:39:05.810,tof2,4x4,lying,3030,3253,-1,3286,-1,1472,-1,2810,952,1377,1477,-1,777,905,1111,1057,1,1,0,1,1,1,0,1,1,1,1,0,1,1,1,1
2026-07-03T19:39:05.911,tof1,4x4,lying,3215,-1,-1,-1,-1,-1,372,348,-1,417,350,331,-1,-1,303,294,1,0,0,0,0,0,1,1,0,1,1,1,0,0,1,1
2026-07-03T19:39:05.978,tof2,4x4,lying,2947,3261,-1,3314,2173,1463,-1,2818,895,1378,1503,-1,753,923,-1,1052,1,1,1,1,1,1,0,1,1,1,1,0,1,1,1,1
2026-07-03T19:39:06.092,tof1,4x4,lying,-1,-1,-1,-1,-1,-1,371,352,-1,408,351,328,-1,-1,302,291,0,0,0,0,0,0,1,1,0,1,1,1,0,0,1,1
2026-07-03T19:39:06.160,tof2,4x4,lying,2970,3258,-1,3290,2176,1472,2109,2791,931,1403,1492,-1,744,936,-1,1058,1,1,0,1,1,1,1,1,1,1,1,1,1,1,1,1
2026-07-03T19:39:06.264,tof1,4x4,lying,-1,-1,-1,-1,-1,-1,372,344,-1,403,348,328,-1,-1,302,291,0,0,0,0,0,0,1,1,0,1,1,1,0,0,1,1
2026-07-03T19:39:06.374,tof2,4x4,lying,2931,3268,-1,3320,2073,1447,2171,2785,934,1463,1507,-1,753,990,1105,1052,1,1,0,1,1,1,1,1,1,1,1,0,1,1,1,1
2026-07-03T19:39:06.522,tof1,4x4,lying,-1,-1,-1,-1,-1,-1,372,347,-1,407,351,330,-1,-1,300,291,0,0,0,0,0,0,1,1,0,1,1,1,0,0,1,1
2026-07-03T19:39:06.566,tof2,4x4,lying,2987,3261,3235,3313,-1,-1,2149,2774,892,1393,1499,-1,755,920,-1,1059,1,1,1,1,0,1,1,1,1,1,1,0,1,1,1,1
2026-07-03T19:39:06.808,tof1,4x4,lying,-1,-1,-1,-1,-1,-1,366,352,-1,402,351,329,-1,467,299,292,0,0,0,0,0,0,1,1,0,1,1,1,0,1,1,1
2026-07-03T19:39:06.811,tof2,4x4,lying,2955,3271,-1,3288,-1,1421,2206,2762,931,1378,1469,-1,740,-1,-1,1050,1,1,0,1,0,1,1,1,1,1,1,0,1,1,1,1
2026-07-03T19:39:07.019,tof1,4x4,lying,-1,-1,-1,-1,-1,-1,361,345,-1,390,339,323,-1,-1,297,290,0,0,0,0,0,0,1,1,0,1,1,1,0,0,1,1
2026-07-03T19:39:07.117,tof2,4x4,lying,-1,3257,-1,3310,2175,1456,-1,2736,964,1349,1521,-1,736,901,1106,1049,1,1,0,1,1,1,1,1,1,1,1,0,1,1,1,1
2026-07-03T19:39:07.215,tof1,4x4,lying,-1,-1,-1,-1,-1,-1,361,348,-1,391,344,328,-1,-1,302,290,1,0,0,0,0,0,1,1,0,1,1,1,0,0,1,1
2026-07-03T19:39:07.412,tof1,4x4,lying,-1,-1,-1,-1,-1,-1,365,346,-1,394,349,326,-1,295,301,289,0,0,0,0,0,0,1,1,1,1,1,1,0,1,1,1
2026-07-03T19:39:07.328,tof2,4x4,lying,2973,3261,3335,3311,2113,1459,2121,2772,-1,1397,1527,-1,768,926,-1,1046,1,1,1,1,1,1,1,1,0,1,1,0,1,1,1,1
2026-07-03T19:39:07.679,tof1,4x4,lying,-1,-1,-1,-1,-1,-1,364,344,-1,403,348,329,-1,294,300,289,0,0,0,0,0,0,1,1,0,1,1,1,0,1,1,1
2026-07-03T19:39:07.668,tof2,4x4,lying,2913,3259,-1,3247,-1,1448,2192,2744,949,1392,-1,-1,755,-1,1101,1052,1,1,0,1,0,1,1,1,1,1,1,0,1,1,1,1
2026-07-03T19:39:08.195,tof1,4x4,lying,-1,-1,-1,-1,-1,-1,370,350,-1,416,353,329,-1,-1,312,296,0,0,0,0,0,0,1,1,0,1,1,1,0,0,1,1
2026-07-03T19:39:08.181,tof2,4x4,lying,3025,3273,-1,3317,-1,-1,-1,2738,943,1353,-1,-1,760,-1,1106,1051,1,1,0,1,0,1,0,1,1,1,1,0,1,1,1,1
2026-07-03T19:39:08.454,tof1,4x4,lying,-1,-1,-1,-1,-1,-1,375,351,-1,431,354,331,-1,512,293,289,0,0,0,0,0,0,1,1,0,1,1,1,0,1,1,1
2026-07-03T19:39:08.469,tof2,4x4,lying,2979,3277,-1,3316,-1,1477,-1,2715,938,1016,1530,-1,753,948,1108,1050,1,1,1,1,0,1,0,1,1,1,1,0,1,1,1,1
2026-07-03T19:39:08.774,tof1,4x4,lying,-1,-1,-1,-1,-1,-1,357,335,215,187,156,159,148,125,126,129,1,0,0,0,0,0,1,1,1,1,1,1,1,1,1,1
2026-07-03T19:39:08.800,tof2,4x4,lying,3018,3265,-1,3345,-1,1487,2174,2706,960,1383,1507,-1,744,-1,-1,1056,1,1,0,1,1,1,1,1,1,1,1,0,1,1,1,1
2026-07-03T19:39:08.929,tof1,4x4,lying,-1,-1,-1,-1,-1,-1,358,334,-1,178,144,129,167,125,118,119,0,1,0,0,0,0,1,1,0,1,1,1,1,1,1,1
2026-07-03T19:39:08.978,tof2,4x4,lying,2943,3258,-1,3285,-1,1494,2161,2818,1594,1394,1563,-1,753,928,-1,1048,1,1,0,1,1,1,1,1,1,1,1,0,1,1,1,1
2026-07-03T19:39:09.137,tof1,4x4,lying,3473,-1,-1,-1,-1,212,182,206,213,-1,129,125,-1,120,116,115,1,0,0,0,0,1,1,1,1,0,1,1,0,1,1,1
2026-07-03T19:39:09.223,tof2,4x4,lying,3089,3256,-1,3299,-1,-1,2149,2723,945,1445,1600,1321,763,-1,1102,1064,1,1,0,1,1,1,1,1,1,1,1,1,1,1,1,1
2026-07-03T19:39:09.323,tof1,4x4,lying,-1,-1,-1,-1,-1,-1,391,340,-1,365,299,177,203,143,124,114,1,0,0,0,0,0,1,1,0,1,1,1,1,1,1,1
2026-07-03T19:39:09.445,tof2,4x4,lying,-1,3269,-1,3279,-1,1487,-1,2765,923,1393,1555,-1,760,-1,1094,1052,0,1,0,1,0,1,0,1,1,1,1,0,1,1,1,1
2026-07-03T19:39:09.502,tof1,4x4,lying,-1,-1,-1,-1,-1,-1,393,335,-1,499,357,316,290,222,157,134,0,0,0,0,0,0,1,1,0,1,1,1,1,1,1,1
2026-07-03T19:39:09.625,tof2,4x4,lying,3104,3245,-1,3325,2142,1485,2153,2747,977,1431,1501,-1,754,-1,1101,1041,1,1,1,1,1,1,1,1,1,1,1,1,1,1,1,1
2026-07-03T19:39:09.678,tof1,4x4,lying,-1,-1,-1,-1,-1,-1,394,333,-1,487,362,318,279,209,144,133,0,0,0,0,0,0,1,1,0,1,1,1,1,1,1,1
2026-07-03T19:39:09.781,tof2,4x4,lying,3017,3258,3325,3335,-1,1494,-1,2774,941,1375,1586,-1,757,-1,1093,1057,1,1,1,1,1,1,1,1,1,1,1,0,1,1,1,1
2026-07-03T19:39:09.841,tof1,4x4,lying,-1,-1,-1,-1,-1,-1,398,336,-1,500,363,318,243,202,141,132,0,0,0,0,0,0,1,1,0,1,1,1,1,1,1,1
2026-07-03T19:39:10.001,tof1,4x4,lying,-1,-1,-1,-1,-1,-1,392,338,-1,487,356,318,225,209,137,141,0,0,0,0,0,0,1,1,0,1,1,1,1,1,1,1
2026-07-03T19:39:09.947,tof2,4x4,lying,3012,3274,-1,3338,-1,1461,2170,2792,941,1346,1483,-1,761,969,1117,1048,1,1,0,1,0,1,1,1,1,1,1,0,1,1,1,1
2026-07-03T19:39:10.102,tof2,4x4,lying,2974,3260,-1,3288,-1,1512,-1,2843,945,1419,-1,-1,744,-1,1099,1042,1,1,0,1,0,1,0,1,1,1,1,0,1,1,1,1
2026-07-03T19:39:10.161,tof1,4x4,lying,-1,-1,-1,-1,-1,-1,402,337,-1,487,359,321,203,216,142,141,0,0,0,0,0,0,1,1,0,1,1,1,1,1,1,1
2026-07-03T19:39:10.264,tof2,4x4,lying,2916,3274,-1,-1,-1,1478,-1,3553,972,1419,1553,1293,757,897,1097,1054,1,1,0,1,0,1,0,1,1,1,1,1,1,1,1,1
2026-07-03T19:39:10.316,tof1,4x4,lying,-1,-1,-1,-1,-1,-1,403,336,-1,487,356,322,202,226,143,138,0,0,0,0,0,0,1,1,0,1,1,1,1,1,1,1
2026-07-03T19:39:10.467,tof1,4x4,lying,-1,-1,-1,-1,-1,-1,396,337,-1,492,357,318,246,222,142,135,0,0,0,0,0,0,1,1,0,1,1,1,1,1,1,1
2026-07-03T19:39:10.444,tof2,4x4,lying,2934,3256,-1,3346,-1,1484,-1,3499,950,1368,1521,-1,757,-1,1098,1058,1,1,0,1,0,1,0,1,1,1,1,0,1,1,1,1
2026-07-03T19:39:10.622,tof1,4x4,lying,-1,-1,-1,-1,-1,-1,391,334,-1,465,357,317,-1,160,133,140,0,0,0,0,0,0,1,1,0,1,1,1,0,1,1,1
2026-07-03T19:39:10.602,tof2,4x4,lying,-1,3255,-1,3306,-1,-1,-1,3514,953,1375,1558,-1,786,929,1102,1045,1,1,1,1,1,0,0,1,1,1,1,0,1,1,1,1
2026-07-03T19:39:10.828,tof1,4x4,lying,-1,-1,-1,-1,-1,-1,393,334,-1,-1,286,310,202,147,137,144,0,0,0,0,0,0,1,1,0,0,1,1,1,1,1,1
2026-07-03T19:39:10.808,tof2,4x4,lying,-1,3245,-1,3316,-1,-1,2137,3477,928,1180,-1,-1,798,976,1108,1052,0,1,0,1,0,1,1,1,1,1,1,1,1,1,1,1
2026-07-03T19:39:11.132,tof2,4x4,lying,2961,3247,-1,3334,-1,-1,-1,3491,942,1405,1478,-1,808,991,-1,1054,1,1,0,1,0,0,0,1,1,1,1,1,1,1,1,1
2026-07-03T19:39:11.148,tof1,4x4,lying,-1,-1,-1,-1,-1,-1,386,337,-1,215,184,286,168,143,137,143,1,0,0,1,0,0,1,1,0,1,1,1,1,1,1,1
2026-07-03T19:39:11.345,tof1,4x4,lying,-1,-1,-1,-1,-1,-1,389,337,-1,466,355,321,237,199,248,300,0,0,0,1,0,0,1,1,0,1,1,1,1,1,1,1
2026-07-03T19:39:11.335,tof2,4x4,lying,2991,3269,-1,3343,-1,-1,-1,3481,931,1405,1554,-1,813,969,1110,1045,1,1,0,1,1,1,1,1,1,1,1,1,1,1,1,1
2026-07-03T19:39:11.531,tof2,4x4,lying,3022,3257,-1,3315,-1,1523,2143,3417,915,-1,1575,-1,791,-1,1109,1036,1,1,1,1,0,1,1,1,1,1,1,0,1,1,1,1
2026-07-03T19:39:12.100,tof1,4x4,lying,-1,-1,-1,-1,-1,-1,386,336,-1,448,344,320,-1,-1,310,301,0,0,0,0,0,0,1,1,0,1,1,1,0,0,1,1
2026-07-03T19:39:12.206,tof2,4x4,lying,2998,3258,-1,3314,-1,1483,-1,2810,956,1428,1608,-1,785,-1,1113,1052,1,1,0,1,0,1,1,1,1,1,1,1,1,1,1,1
2026-07-03T19:39:12.270,tof1,4x4,lying,-1,-1,-1,-1,-1,-1,378,335,-1,449,346,321,-1,-1,311,304,0,0,0,0,0,0,1,1,0,1,1,1,0,0,1,1
2026-07-03T19:39:12.409,tof2,4x4,lying,3018,3257,-1,3333,-1,1459,-1,3478,931,1378,1507,-1,772,993,1113,1043,1,1,0,1,0,1,0,1,1,1,1,0,1,1,1,1
2026-07-03T19:39:12.455,tof1,4x4,lying,-1,-1,-1,-1,-1,-1,-1,335,-1,452,348,323,-1,-1,311,304,0,0,0,0,0,0,0,1,0,1,1,1,0,0,1,1
2026-07-03T19:39:12.606,tof2,4x4,lying,2938,3255,-1,3314,-1,1476,2144,3450,932,-1,-1,-1,777,989,1103,1053,1,1,1,1,0,1,1,1,1,1,1,0,1,1,1,1
2026-07-03T19:39:12.731,tof1,4x4,lying,-1,-1,-1,-1,-1,-1,384,336,-1,441,346,322,-1,-1,312,303,0,0,0,0,0,0,1,1,0,1,1,1,0,0,1,1
2026-07-03T19:39:12.775,tof2,4x4,lying,3012,3269,-1,3324,-1,1489,2120,2814,935,1428,1507,-1,776,960,1111,1053,1,1,1,1,0,1,1,1,1,1,1,0,1,1,1,1
2026-07-03T19:39:12.883,tof1,4x4,lying,-1,-1,-1,-1,-1,-1,378,339,-1,447,348,324,-1,-1,315,303,0,0,0,0,0,0,1,1,0,1,1,1,0,0,1,1
2026-07-03T19:39:12.948,tof2,4x4,lying,-1,3259,3261,3318,-1,1488,2120,2878,962,1362,-1,-1,758,-1,1102,1047,1,1,1,1,0,1,1,1,1,1,1,0,1,1,1,1
2026-07-03T19:39:13.065,tof1,4x4,lying,-1,-1,-1,-1,-1,-1,381,339,-1,439,344,323,-1,476,315,304,0,0,0,0,0,0,1,1,0,1,1,1,0,1,1,1
2026-07-03T19:39:13.139,tof2,4x4,lying,2997,3257,-1,-1,2096,1486,2160,3485,929,1368,1523,-1,779,-1,-1,1038,1,1,0,1,1,1,1,1,1,1,1,0,1,1,1,1
2026-07-03T19:39:13.227,tof1,4x4,lying,-1,-1,-1,-1,-1,-1,381,340,-1,442,346,323,-1,-1,318,304,0,0,0,0,0,0,1,1,0,1,1,1,0,0,1,1
2026-07-03T19:39:13.297,tof2,4x4,lying,2991,3260,-1,3312,-1,1497,-1,3459,950,1397,1608,-1,769,984,1105,1051,1,1,1,1,1,1,1,1,1,1,1,1,1,1,1,1
2026-07-03T19:39:13.384,tof1,4x4,lying,-1,-1,-1,-1,-1,-1,386,335,-1,444,349,323,-1,-1,314,303,0,0,0,0,0,0,1,1,0,1,1,1,0,0,1,1
2026-07-03T19:39:13.476,tof2,4x4,lying,2990,3270,-1,3325,-1,1492,2183,2855,924,1418,1544,-1,773,989,-1,1042,1,1,0,1,0,1,1,1,1,1,1,1,1,1,1,1
2026-07-03T19:39:13.556,tof1,4x4,lying,-1,-1,-1,-1,-1,-1,-1,343,-1,446,347,324,-1,-1,318,305,0,0,0,0,0,0,0,1,0,1,1,1,0,0,1,1
2026-07-03T19:39:13.665,tof2,4x4,lying,3030,3278,-1,3314,-1,1468,2183,2875,938,1372,-1,-1,794,-1,1112,1057,1,1,1,1,0,1,1,1,1,1,1,1,1,1,1,1
2026-07-03T19:39:13.758,tof1,4x4,lying,-1,-1,-1,-1,-1,-1,380,343,-1,447,346,323,-1,-1,314,302,0,1,0,0,0,0,1,1,0,1,1,1,0,0,1,1
2026-07-03T19:39:13.858,tof2,4x4,lying,3004,3244,-1,3300,2241,1459,-1,2877,930,1366,-1,-1,773,990,-1,1037,1,1,0,1,1,1,1,1,1,1,1,0,1,1,1,1
2026-07-03T19:39:13.938,tof1,4x4,lying,-1,-1,-1,-1,-1,-1,378,336,-1,440,345,323,-1,473,316,303,0,0,0,0,0,0,1,1,0,1,1,1,0,1,1,1
2026-07-03T19:39:14.040,tof2,4x4,lying,3023,3271,-1,3318,-1,1518,-1,3577,939,1362,-1,-1,773,983,1068,1042,1,1,0,1,0,1,1,1,1,1,1,0,1,1,1,1
2026-07-03T19:39:14.130,tof1,4x4,lying,-1,-1,-1,-1,-1,-1,375,335,-1,432,344,321,-1,-1,313,303,0,0,0,0,0,0,1,1,0,1,1,1,0,0,1,1
2026-07-03T19:39:14.200,tof2,4x4,lying,2938,3247,-1,3286,-1,1485,2148,3486,946,1389,-1,-1,775,-1,1102,1055,1,1,1,1,0,1,1,1,1,1,1,0,1,1,1,1
2026-07-03T19:39:14.313,tof1,4x4,lying,-1,-1,-1,-1,-1,-1,379,338,-1,431,344,321,-1,-1,315,302,0,0,0,0,0,0,1,1,0,1,1,1,0,0,1,1
2026-07-03T19:39:14.398,tof2,4x4,lying,3006,3265,-1,3335,-1,1457,-1,2841,958,1338,1558,-1,777,973,1103,1057,1,1,1,1,1,1,1,1,1,1,1,0,1,1,1,1
2026-07-03T19:39:14.486,tof1,4x4,lying,-1,-1,-1,-1,-1,-1,375,337,-1,436,342,323,-1,-1,319,304,0,0,0,0,0,0,1,1,0,1,1,1,0,0,1,1
2026-07-03T19:39:14.587,tof2,4x4,lying,2922,3269,-1,3371,-1,1494,2113,3458,937,1371,-1,-1,768,-1,1103,1053,1,1,0,1,1,1,1,1,1,1,1,0,1,1,1,1
2026-07-03T19:39:14.687,tof1,4x4,lying,-1,-1,-1,-1,-1,-1,376,336,-1,433,343,321,-1,-1,316,304,0,0,0,0,0,0,1,1,0,1,1,1,0,0,1,1
2026-07-03T19:39:14.805,tof2,4x4,lying,3038,3259,-1,3316,-1,1472,-1,2876,925,1359,-1,-1,776,-1,1100,1046,1,1,1,1,0,1,0,1,1,1,1,1,1,1,1,1
2026-07-03T19:39:14.900,tof1,4x4,lying,-1,-1,-1,-1,-1,-1,372,341,-1,434,344,323,-1,-1,318,303,0,0,0,0,0,0,1,1,0,1,1,1,0,0,1,1
2026-07-03T19:39:14.967,tof2,4x4,lying,2968,3248,3304,3290,-1,1509,2142,2830,929,1356,1540,-1,764,992,1107,1056,1,1,1,1,0,1,1,1,1,1,1,0,1,1,1,1
2026-07-03T19:39:15.091,tof1,4x4,lying,-1,-1,-1,-1,-1,401,371,340,-1,434,342,323,-1,-1,317,303,1,0,0,0,0,1,1,1,0,1,1,1,0,0,1,1
2026-07-03T19:39:15.325,tof1,4x4,lying,-1,-1,-1,-1,-1,-1,375,341,-1,432,341,322,-1,475,318,301,0,0,0,0,0,0,1,1,0,1,1,1,0,1,1,1
2026-07-03T19:39:15.173,tof2,4x4,lying,2959,3259,-1,3337,-1,1465,-1,3502,921,1345,-1,-1,783,-1,-1,1043,1,1,0,1,0,1,0,1,1,1,1,1,1,1,1,1
2026-07-03T19:39:15.340,tof2,4x4,lying,3000,3259,-1,3306,-1,1482,-1,3473,939,1344,1596,-1,767,959,-1,1047,1,1,0,1,0,1,0,1,1,1,1,0,1,1,1,1
2026-07-03T19:39:15.519,tof1,4x4,lying,-1,-1,-1,-1,-1,-1,375,337,-1,428,344,321,-1,-1,319,303,0,0,0,1,0,0,1,1,0,1,1,1,0,0,1,1
2026-07-03T19:39:15.518,tof2,4x4,lying,2927,3262,-1,3336,-1,1465,-1,2849,943,1354,1564,-1,764,959,1099,1065,1,1,0,1,1,1,1,1,1,1,1,0,1,1,1,1
2026-07-03T19:39:15.705,tof1,4x4,lying,-1,-1,-1,-1,-1,-1,375,335,-1,435,341,322,-1,-1,317,303,0,0,0,0,0,0,1,1,0,1,1,1,0,0,1,1
2026-07-03T19:39:15.694,tof2,4x4,lying,2983,3254,3259,3322,-1,1479,-1,3472,923,1352,1536,-1,781,977,1107,1058,1,1,1,1,1,1,0,1,1,1,1,1,1,1,1,1
2026-07-03T19:39:15.845,tof2,4x4,lying,-1,3268,-1,3326,-1,1436,2117,3499,933,1366,1579,-1,778,988,1095,1053,1,1,0,1,0,1,1,1,1,1,1,0,1,1,1,1
2026-07-03T19:39:15.904,tof1,4x4,lying,-1,-1,-1,-1,-1,-1,370,334,-1,428,343,322,-1,471,320,302,1,1,0,0,0,0,1,1,0,1,1,1,0,1,1,1
2026-07-03T19:39:16.028,tof2,4x4,lying,2967,3254,-1,3301,-1,1503,-1,3473,922,1415,1572,-1,776,973,1098,1054,1,1,0,1,1,1,0,1,1,1,1,0,1,1,1,1
2026-07-03T19:39:16.069,tof1,4x4,lying,-1,-1,-1,-1,-1,-1,378,341,-1,429,345,323,-1,-1,319,303,0,0,0,0,0,0,1,1,0,1,1,1,0,0,1,1
2026-07-03T19:39:16.183,tof2,4x4,lying,3063,3261,-1,3323,-1,1487,2196,2827,924,1392,1505,-1,779,959,1104,1050,1,1,0,1,0,1,1,1,1,1,1,0,1,1,1,1
2026-07-03T19:39:16.227,tof1,4x4,lying,-1,-1,-1,-1,-1,-1,379,339,-1,430,343,323,-1,-1,321,304,0,0,0,0,0,0,1,1,0,1,1,1,0,0,1,1
2026-07-03T19:39:16.400,tof1,4x4,lying,-1,-1,-1,-1,-1,-1,375,342,-1,434,344,322,-1,-1,318,302,0,0,0,0,0,0,1,1,0,1,1,1,0,0,1,1
2026-07-03T19:39:16.343,tof2,4x4,lying,2948,3259,-1,3309,-1,1528,2214,3564,932,1367,1483,-1,788,-1,1111,1059,1,1,0,1,1,1,1,1,1,1,1,1,1,1,1,1
2026-07-03T19:39:16.602,tof1,4x4,lying,-1,-1,-1,-1,-1,-1,370,340,-1,427,341,323,-1,-1,323,303,0,0,0,0,0,0,1,1,0,1,1,1,0,0,1,1
2026-07-03T19:39:16.528,tof2,4x4,lying,2888,3263,3290,3326,-1,1458,2141,3455,938,1406,1515,-1,-1,987,1100,1073,1,1,1,1,0,1,1,1,1,1,1,0,1,1,1,1
2026-07-03T19:39:16.770,tof1,4x4,lying,-1,-1,-1,-1,-1,-1,-1,341,-1,433,344,324,-1,-1,318,302,0,0,0,0,0,0,0,1,0,1,1,1,0,0,1,1
2026-07-03T19:39:16.711,tof2,4x4,lying,3024,3255,-1,3322,2106,1481,2112,3502,957,1383,-1,-1,773,959,-1,1063,1,1,1,1,1,1,1,1,1,1,1,1,1,1,1,1
2026-07-03T19:39:16.946,tof1,4x4,lying,-1,-1,-1,-1,-1,-1,374,342,-1,431,345,323,-1,471,319,303,0,0,0,0,0,0,1,1,0,1,1,1,0,1,1,1
2026-07-03T19:39:16.887,tof2,4x4,lying,2941,3247,3311,3299,-1,1466,-1,3501,945,1443,-1,-1,769,987,1086,1052,1,1,1,1,0,1,1,1,1,1,1,0,1,1,1,1
2026-07-03T19:39:17.049,tof2,4x4,lying,-1,3240,-1,3306,-1,1487,-1,3426,946,1379,1562,-1,778,983,1099,1045,1,1,0,1,1,1,0,1,1,1,1,0,1,1,1,1
2026-07-03T19:39:17.117,tof1,4x4,lying,-1,-1,-1,-1,-1,-1,381,340,-1,433,346,323,-1,-1,322,304,0,0,0,0,0,0,1,1,0,1,1,1,0,0,1,1
2026-07-03T19:39:17.238,tof2,4x4,lying,2922,3267,-1,3335,-1,1481,-1,2853,931,1373,1507,-1,782,990,1098,1051,1,1,0,1,0,1,0,1,1,1,1,0,1,1,1,1
2026-07-03T19:39:17.276,tof1,4x4,lying,-1,-1,-1,-1,-1,-1,381,343,-1,425,345,327,-1,-1,319,301,0,0,0,0,0,0,1,1,0,1,1,1,0,0,1,1
2026-07-03T19:39:17.460,tof1,4x4,lying,-1,-1,-1,-1,-1,-1,381,342,-1,434,343,322,-1,-1,323,304,0,0,0,0,0,0,1,1,0,1,1,1,0,0,1,1
2026-07-03T19:39:17.411,tof2,4x4,lying,3019,3289,-1,3295,-1,1485,2189,2830,937,1370,-1,1328,773,-1,1084,1055,1,1,0,1,0,1,1,1,1,1,1,1,1,1,1,1
2026-07-03T19:39:17.629,tof1,4x4,lying,-1,-1,-1,-1,-1,-1,374,335,-1,431,343,323,-1,-1,323,303,0,0,0,0,0,0,1,1,0,1,1,1,0,0,1,1
2026-07-03T19:39:17.571,tof2,4x4,lying,2931,3239,3311,3298,-1,1497,2210,3520,937,1409,1555,-1,789,-1,1102,1044,1,1,1,1,0,1,1,1,1,1,1,0,1,1,1,1
2026-07-03T19:39:17.732,tof2,4x4,lying,2972,3268,-1,3314,-1,1482,-1,3462,922,1422,1567,-1,767,991,-1,1046,1,1,0,1,0,1,0,1,1,1,1,0,1,1,1,1
2026-07-03T19:39:17.822,tof1,4x4,lying,-1,-1,-1,-1,-1,-1,375,337,-1,430,341,323,-1,-1,319,303,0,0,0,0,0,0,1,1,0,1,1,1,0,0,1,1
2026-07-03T19:39:17.882,tof2,4x4,lying,3023,3254,-1,3298,-1,1505,2176,2836,925,1391,1549,-1,752,963,1102,1050,1,1,0,1,0,1,1,1,1,1,1,0,1,1,1,1
2026-07-03T19:39:17.982,tof1,4x4,lying,-1,-1,-1,-1,-1,-1,374,340,-1,424,342,323,-1,-1,323,303,0,0,0,0,0,0,1,1,0,1,1,1,0,0,1,1
2026-07-03T19:39:18.065,tof2,4x4,lying,-1,3260,-1,3323,-1,1490,2126,3459,934,1347,-1,1247,781,-1,1109,1051,1,1,0,1,0,1,1,1,1,1,1,1,1,1,1,1
2026-07-03T19:39:18.165,tof1,4x4,lying,-1,-1,-1,-1,-1,-1,372,343,-1,426,341,323,-1,-1,321,303,0,0,0,0,0,0,1,1,0,1,1,1,0,0,1,1
2026-07-03T19:39:18.239,tof2,4x4,lying,-1,3241,-1,3308,-1,1472,2126,3483,939,1387,-1,-1,771,977,1102,1040,1,1,1,1,0,1,1,1,1,1,1,0,1,1,1,1
2026-07-03T19:39:18.344,tof1,4x4,lying,-1,-1,-1,-1,-1,-1,370,339,-1,429,341,323,-1,-1,318,301,0,0,0,0,0,0,1,1,0,1,1,1,0,0,1,1
2026-07-03T19:39:18.403,tof2,4x4,lying,-1,3245,3293,3357,-1,1516,-1,3444,952,1384,-1,-1,775,971,1110,1043,0,1,1,1,1,1,0,1,1,1,1,0,1,1,1,1
2026-07-03T19:39:18.551,tof1,4x4,lying,-1,-1,-1,-1,-1,-1,368,343,-1,430,342,323,-1,-1,320,303,0,0,0,0,0,0,1,1,0,1,1,1,0,0,1,1
2026-07-03T19:39:18.573,tof2,4x4,lying,3036,3260,-1,3336,-1,1478,-1,3437,939,1332,-1,-1,750,990,1106,1059,1,1,0,1,1,1,0,1,1,1,1,1,1,1,1,1
2026-07-03T19:39:18.708,tof1,4x4,lying,-1,-1,-1,-1,-1,-1,371,336,-1,423,341,325,-1,-1,323,304,0,0,0,0,0,0,1,1,0,1,1,1,0,0,1,1
2026-07-03T19:39:18.753,tof2,4x4,lying,2918,3258,-1,3311,2064,1478,-1,2819,943,1391,-1,-1,778,996,1102,1056,1,1,0,1,1,1,0,1,1,1,1,0,1,1,1,1
2026-07-03T19:39:18.884,tof1,4x4,lying,-1,-1,-1,-1,-1,-1,376,339,-1,421,345,324,-1,-1,320,304,0,0,0,0,0,0,1,1,0,1,1,1,0,0,1,1
2026-07-03T19:39:18.904,tof2,4x4,lying,2945,3259,-1,3369,-1,1497,2146,2834,932,1391,1537,-1,782,960,1106,1049,1,1,1,1,0,1,1,1,1,1,1,1,1,1,1,1
2026-07-03T19:39:19.058,tof1,4x4,lying,-1,-1,-1,-1,-1,-1,373,339,-1,434,344,324,-1,472,323,303,0,0,0,0,0,0,1,1,0,1,1,1,0,1,1,1
2026-07-03T19:39:19.065,tof2,4x4,lying,2996,3248,-1,3298,-1,1480,-1,3499,940,1357,-1,-1,786,-1,1107,1062,1,1,0,1,0,1,1,1,1,1,1,1,1,1,1,1
2026-07-03T19:39:19.230,tof1,4x4,lying,-1,-1,-1,-1,-1,-1,376,342,-1,434,344,326,-1,-1,323,305,0,0,0,0,0,0,1,1,0,1,1,1,0,0,1,1
2026-07-03T19:39:19.253,tof2,4x4,lying,3035,3274,3293,3322,-1,1490,2187,2847,934,1365,-1,-1,783,982,-1,1035,1,1,1,1,0,1,1,1,1,1,1,0,1,1,1,1
2026-07-03T19:39:19.465,tof1,4x4,lying,-1,-1,-1,-1,-1,-1,374,341,-1,427,344,325,-1,-1,323,304,1,0,0,0,0,0,1,1,0,1,1,1,0,0,1,1
2026-07-03T19:39:19.465,tof2,4x4,lying,3033,3262,-1,3342,-1,1482,-1,2842,942,1420,1561,-1,753,-1,-1,1037,1,1,0,1,0,1,1,1,1,1,1,0,1,1,1,1
2026-07-03T19:39:19.674,tof1,4x4,lying,-1,-1,-1,-1,-1,-1,376,344,-1,433,346,327,-1,-1,324,304,0,0,0,0,0,0,1,1,0,1,1,1,0,0,1,1
2026-07-03T19:39:19.617,tof2,4x4,lying,3011,3260,-1,3339,-1,1517,-1,2846,932,1406,-1,-1,762,998,1120,1052,1,1,0,1,0,1,0,1,1,1,1,0,1,1,1,1
2026-07-03T19:39:19.793,tof2,4x4,lying,3063,3260,-1,3308,-1,1479,2195,3433,940,1387,1529,-1,751,-1,1103,1060,1,1,0,1,0,1,1,1,1,1,1,1,1,1,1,1
2026-07-03T19:39:19.841,tof1,4x4,lying,-1,-1,-1,-1,-1,-1,381,342,-1,430,347,325,-1,-1,326,306,0,0,0,0,0,0,1,1,0,1,1,1,0,0,1,1
2026-07-03T19:39:19.974,tof2,4x4,lying,2986,3259,-1,3311,-1,1501,2163,3512,950,1385,1562,-1,766,-1,1106,1058,1,1,0,1,0,1,1,1,1,1,1,1,1,1,1,1
2026-07-03T19:39:20.005,tof1,4x4,lying,-1,-1,-1,-1,-1,-1,-1,340,-1,434,348,327,-1,-1,325,305,0,0,0,1,0,0,0,1,0,1,1,1,0,0,1,1
2026-07-03T19:39:20.184,tof1,4x4,lying,-1,-1,-1,-1,-1,-1,-1,341,-1,437,346,327,-1,-1,323,305,0,0,0,0,0,0,0,1,0,1,1,1,0,0,1,1
2026-07-03T19:39:20.144,tof2,4x4,lying,2946,3268,-1,3295,-1,-1,2176,3462,939,1366,1582,1363,783,947,1109,1049,1,1,0,1,0,0,1,1,1,1,1,1,1,1,1,1
2026-07-03T19:39:20.369,tof1,4x4,lying,-1,-1,-1,-1,-1,-1,-1,343,-1,447,346,328,-1,-1,327,303,0,0,0,0,0,0,0,1,0,1,1,1,0,0,1,1
2026-07-03T19:39:20.306,tof2,4x4,lying,-1,3248,-1,3315,-1,-1,-1,-1,944,1384,-1,-1,793,996,-1,1041,0,1,0,1,0,0,1,0,1,1,1,0,1,1,1,1
2026-07-03T19:39:20.525,tof1,4x4,lying,-1,-1,-1,-1,-1,-1,390,341,-1,437,347,327,-1,-1,324,306,0,1,0,0,0,0,1,1,0,1,1,1,0,0,1,1
2026-07-03T19:39:20.471,tof2,4x4,lying,3001,3268,-1,3344,-1,1466,2117,3493,943,1385,-1,-1,783,-1,-1,1054,1,1,0,1,1,1,1,1,1,1,1,0,1,1,1,1
2026-07-03T19:39:20.626,tof2,4x4,lying,2973,3255,3348,3307,-1,-1,2159,3448,937,1385,1672,-1,767,988,-1,1052,1,1,1,1,0,0,1,1,1,1,1,1,1,1,1,1
2026-07-03T19:39:20.695,tof1,4x4,lying,-1,-1,-1,-1,-1,-1,-1,342,-1,438,347,327,-1,-1,327,304,0,0,0,1,0,0,0,1,0,1,1,1,0,0,1,1
2026-07-03T19:39:20.828,tof2,4x4,lying,-1,3276,-1,3316,-1,-1,-1,3483,940,1394,1529,-1,780,994,1101,1040,0,1,0,1,0,0,0,1,1,1,1,0,1,1,1,1
2026-07-03T19:39:21.035,tof1,4x4,lying,-1,-1,-1,-1,-1,-1,-1,341,-1,437,348,326,-1,-1,327,304,0,0,0,0,0,0,0,1,0,1,1,1,0,0,1,1
2026-07-03T19:39:21.025,tof2,4x4,lying,-1,3276,3299,3338,-1,-1,-1,2825,952,1324,-1,-1,756,990,1106,1051,0,1,1,1,0,0,0,1,1,1,1,0,1,1,1,1
2026-07-03T19:39:21.237,tof1,4x4,lying,-1,-1,-1,-1,-1,-1,-1,339,-1,437,348,327,-1,-1,326,305,0,0,0,0,0,0,0,1,0,1,1,1,0,0,1,1
2026-07-03T19:39:21.236,tof2,4x4,lying,2977,3252,-1,3324,-1,-1,2090,3427,938,1401,1510,-1,758,939,1109,1043,1,1,0,1,0,0,1,1,1,1,1,0,1,1,1,1
2026-07-03T19:39:21.513,tof2,4x4,lying,3018,3245,-1,3324,-1,1434,-1,2834,949,1410,1604,-1,763,-1,1112,1035,1,1,0,1,0,1,0,1,1,1,1,0,1,1,1,1
2026-07-03T19:39:21.620,tof1,4x4,lying,-1,-1,-1,-1,-1,-1,-1,345,-1,433,346,326,-1,-1,325,303,0,0,0,0,0,0,0,1,0,1,1,1,0,0,1,1
2026-07-03T19:39:21.674,tof2,4x4,lying,2983,3257,-1,3312,-1,-1,2124,3457,924,1399,1601,-1,775,945,1108,1058,1,1,1,1,0,1,1,1,1,1,1,0,1,1,1,1
2026-07-03T19:39:21.799,tof1,4x4,lying,-1,-1,-1,-1,-1,-1,-1,341,-1,426,346,327,-1,-1,325,303,1,0,0,0,0,0,0,1,0,1,1,1,0,0,1,1
2026-07-03T19:39:21.846,tof2,4x4,lying,3052,3255,-1,3328,-1,-1,2162,3481,956,-1,1528,1316,785,969,1110,1053,1,1,0,1,0,0,1,1,1,1,1,1,1,1,1,1
2026-07-03T19:39:21.967,tof1,4x4,lying,-1,-1,-1,-1,-1,-1,-1,343,-1,-1,346,327,-1,-1,324,305,0,0,0,0,0,0,0,1,0,0,1,1,0,0,1,1
2026-07-03T19:39:22.043,tof2,4x4,lying,-1,3268,-1,3310,-1,-1,-1,3463,982,1342,1473,-1,766,968,1102,1038,0,1,0,1,0,0,0,1,1,1,1,1,1,1,1,1
2026-07-03T19:39:22.148,tof1,4x4,lying,-1,-1,-1,-1,-1,-1,-1,344,-1,434,346,327,-1,-1,329,306,0,0,0,0,0,0,0,1,0,1,1,1,0,0,1,1
2026-07-03T19:39:22.226,tof2,4x4,lying,2979,3255,-1,3332,-1,-1,-1,3523,952,1434,1576,-1,780,-1,1105,1047,1,1,1,1,0,0,0,1,1,1,1,0,1,1,1,1
2026-07-03T19:39:22.359,tof1,4x4,lying,-1,-1,-1,-1,-1,-1,-1,339,-1,433,344,326,-1,-1,324,306,0,0,0,1,0,0,0,1,0,1,1,1,0,0,1,1
2026-07-03T19:39:22.404,tof2,4x4,lying,3040,3245,-1,3304,-1,1400,-1,2825,905,1355,1429,-1,768,-1,1108,1052,1,1,0,1,0,1,0,1,1,1,1,1,1,1,1,1
2026-07-03T19:39:22.546,tof1,4x4,lying,-1,-1,-1,-1,-1,-1,-1,342,-1,430,345,327,-1,-1,325,305,0,0,0,0,0,0,0,1,0,1,1,1,0,0,1,1
2026-07-03T19:39:22.579,tof2,4x4,lying,2933,3251,-1,3307,-1,-1,2143,3476,925,1413,1594,-1,764,984,1106,1049,1,1,0,1,0,1,1,1,1,1,1,0,1,1,1,1
2026-07-03T19:39:22.735,tof1,4x4,lying,-1,-1,-1,-1,-1,-1,-1,345,-1,438,346,327,-1,-1,325,304,0,0,0,0,0,0,0,1,0,1,1,1,0,0,1,1
2026-07-03T19:39:22.769,tof2,4x4,lying,3048,3256,-1,3291,-1,1467,-1,3495,943,1393,-1,-1,785,-1,-1,1041,1,1,0,1,0,1,1,1,1,1,1,0,1,1,1,1
2026-07-03T19:39:22.929,tof1,4x4,lying,-1,-1,-1,-1,-1,-1,378,344,-1,-1,349,327,-1,468,326,305,1,0,0,0,0,0,1,1,0,0,1,1,0,1,1,1
2026-07-03T19:39:22.954,tof2,4x4,lying,3052,3249,-1,3292,-1,1492,2176,2849,942,1378,1532,-1,762,-1,1103,1055,1,1,0,1,0,1,1,1,1,1,1,1,1,1,1,1
2026-07-03T19:39:23.129,tof1,4x4,lying,-1,-1,-1,-1,-1,-1,-1,346,-1,433,348,326,-1,-1,327,304,0,0,0,0,0,0,0,1,0,1,1,1,0,0,1,1
2026-07-03T19:39:23.129,tof2,4x4,lying,3054,3259,-1,3316,2109,1450,2173,2795,943,1377,-1,-1,758,974,1100,1050,1,1,0,1,1,1,1,1,1,1,1,0,1,1,1,1
2026-07-03T19:39:23.287,tof2,4x4,lying,2979,3258,-1,3325,-1,1487,-1,2830,934,1445,-1,-1,781,972,1109,1049,1,1,0,1,1,1,0,1,1,1,1,1,1,1,1,1
2026-07-03T19:39:23.341,tof1,4x4,lying,-1,-1,-1,-1,-1,-1,379,338,-1,440,346,329,-1,475,329,305,0,0,0,0,0,0,1,1,0,1,1,1,0,1,1,1
2026-07-03T19:39:23.453,tof2,4x4,lying,3077,3246,-1,3313,-1,1487,2198,2897,934,-1,-1,-1,779,944,-1,1045,1,1,1,1,0,1,1,1,1,1,1,0,1,1,1,1
2026-07-03T19:39:23.508,tof1,4x4,lying,-1,-1,-1,-1,-1,-1,-1,342,-1,442,348,325,-1,-1,328,305,0,0,0,0,0,0,0,1,0,1,1,1,0,0,1,1
2026-07-03T19:39:23.621,tof2,4x4,lying,3077,3248,-1,3310,-1,1490,2173,-1,943,1415,1472,-1,790,979,1103,1048,1,1,0,1,0,1,1,1,1,1,1,0,1,1,1,1
2026-07-03T19:39:23.692,tof1,4x4,lying,-1,-1,-1,-1,-1,-1,-1,344,-1,438,350,329,-1,-1,326,304,0,0,0,0,0,0,0,1,0,1,1,1,0,0,1,1
2026-07-03T19:39:23.800,tof2,4x4,lying,2901,3266,-1,3287,-1,1472,-1,2818,935,1375,-1,-1,791,-1,1099,1048,1,1,0,1,0,1,0,1,1,1,1,0,1,1,1,1
2026-07-03T19:39:23.858,tof1,4x4,lying,-1,-1,-1,-1,-1,-1,-1,341,-1,441,346,327,-1,469,326,305,0,0,0,0,0,0,0,1,0,1,1,1,0,1,1,1
2026-07-03T19:39:23.976,tof2,4x4,lying,3026,3245,-1,-1,-1,1467,-1,3501,907,1380,1520,-1,760,971,1102,1045,1,1,0,1,0,1,0,1,1,1,1,0,1,1,1,1
2026-07-03T19:39:24.019,tof1,4x4,lying,-1,-1,-1,-1,-1,-1,-1,340,-1,434,348,327,-1,-1,328,305,0,0,0,0,0,0,0,1,0,1,1,1,0,0,1,1
2026-07-03T19:39:24.154,tof2,4x4,lying,3022,3263,-1,-1,-1,1475,2173,3524,939,1400,1478,-1,784,964,1101,1037,1,1,0,1,0,1,1,1,1,1,1,0,1,1,1,1
2026-07-03T19:39:24.180,tof1,4x4,lying,-1,-1,-1,-1,-1,-1,-1,-1,-1,435,345,328,-1,466,326,306,0,0,0,0,0,0,0,0,0,1,1,1,0,1,1,1
2026-07-03T19:39:24.341,tof1,4x4,lying,-1,-1,-1,-1,-1,-1,-1,-1,-1,438,347,327,-1,-1,327,305,0,0,0,0,0,0,0,0,0,1,1,1,0,0,1,1
2026-07-03T19:39:24.311,tof2,4x4,lying,-1,3266,-1,3311,-1,1500,2150,3483,943,1426,1559,-1,783,953,1112,1040,1,1,0,1,0,1,1,1,1,1,1,0,1,1,1,1
2026-07-03T19:39:24.545,tof1,4x4,lying,-1,-1,-1,-1,-1,-1,-1,-1,-1,434,347,327,-1,-1,327,305,0,0,0,0,0,0,0,0,0,1,1,1,0,0,1,1
2026-07-03T19:39:24.544,tof2,4x4,lying,3014,3255,-1,3354,-1,1480,-1,2914,932,1388,-1,-1,768,-1,1102,1056,1,1,0,1,0,1,0,1,1,1,1,0,1,1,1,1
2026-07-03T19:39:24.729,tof1,4x4,lying,-1,-1,-1,-1,-1,-1,-1,-1,-1,430,347,327,-1,-1,327,305,0,0,0,1,0,0,0,0,0,1,1,1,0,0,1,1
2026-07-03T19:39:24.722,tof2,4x4,lying,3028,3244,-1,3339,-1,1488,-1,2881,926,1418,1604,-1,771,992,-1,1056,1,1,0,1,0,1,0,1,1,1,1,0,1,1,1,1
2026-07-03T19:39:24.887,tof2,4x4,lying,3025,3261,3377,3300,-1,1464,-1,3456,938,1365,1576,-1,784,976,1097,1047,1,1,1,1,1,1,1,1,1,1,1,0,1,1,1,1
2026-07-03T19:39:24.938,tof1,4x4,lying,-1,-1,-1,-1,-1,-1,376,342,-1,435,345,327,-1,-1,325,305,0,0,0,0,0,0,1,1,0,1,1,1,0,0,1,1
2026-07-03T19:39:25.034,tof2,4x4,lying,2908,3263,-1,3293,-1,1480,-1,2887,930,1396,-1,-1,783,-1,1110,1049,1,1,0,1,1,1,0,1,1,1,1,0,1,1,1,1
2026-07-03T19:39:25.110,tof1,4x4,lying,-1,-1,-1,-1,-1,-1,371,342,-1,432,342,324,-1,-1,325,304,0,0,1,0,0,0,1,1,0,1,1,1,0,0,1,1
2026-07-03T19:39:25.202,tof2,4x4,lying,-1,3258,-1,-1,-1,1505,-1,2865,935,1384,-1,-1,758,994,-1,1052,0,1,0,1,1,1,0,1,1,1,1,0,1,1,1,1
2026-07-03T19:39:25.273,tof1,4x4,lying,-1,-1,-1,-1,-1,-1,374,341,-1,432,343,325,-1,-1,328,303,0,0,0,0,0,0,1,1,0,1,1,1,0,0,1,1
2026-07-03T19:39:25.353,tof2,4x4,lying,2978,3252,-1,3327,-1,1468,2157,3458,946,1368,-1,-1,778,975,1102,1052,1,1,0,1,0,1,1,1,1,1,1,1,1,1,1,1
2026-07-03T19:39:25.433,tof1,4x4,lying,-1,-1,-1,-1,-1,-1,372,339,-1,427,341,326,-1,-1,324,303,0,0,0,0,0,0,1,1,0,1,1,1,0,0,1,1
2026-07-03T19:39:25.517,tof2,4x4,lying,3061,3273,3315,3291,-1,1468,2169,2847,922,1365,-1,-1,788,947,-1,1044,1,1,1,1,0,1,1,1,1,1,1,0,1,1,1,1
2026-07-03T19:39:25.605,tof1,4x4,lying,-1,-1,-1,-1,-1,-1,372,342,-1,430,342,325,-1,-1,323,304,0,0,0,0,0,0,1,1,0,1,1,1,0,0,1,1
2026-07-03T19:39:25.694,tof2,4x4,lying,2967,3255,3301,3332,-1,1454,-1,3475,952,1385,1577,-1,785,952,1107,1035,1,1,1,1,0,1,1,1,1,1,1,0,1,1,1,1
2026-07-03T19:39:25.754,tof1,4x4,lying,-1,-1,-1,-1,-1,-1,370,-1,-1,421,344,324,-1,462,322,304,1,0,0,0,0,0,1,0,0,1,1,1,0,1,1,1
2026-07-03T19:39:25.853,tof2,4x4,lying,2983,3259,-1,3324,-1,1470,-1,3535,940,1402,1599,-1,836,970,-1,1042,1,1,0,1,0,1,1,1,1,1,1,1,1,1,1,1
2026-07-03T19:39:25.943,tof1,4x4,lying,-1,-1,-1,-1,-1,-1,373,-1,-1,429,340,323,-1,-1,323,304,0,0,0,0,0,0,1,0,0,1,1,1,0,0,1,1
2026-07-03T19:39:26.042,tof2,4x4,lying,-1,3263,-1,3327,-1,1484,-1,2838,946,1401,1518,-1,786,968,1107,1046,1,1,0,1,0,1,0,1,1,1,1,0,1,1,1,1
2026-07-03T19:39:26.113,tof1,4x4,lying,-1,-1,-1,-1,-1,-1,371,-1,-1,-1,344,324,-1,-1,324,304,0,0,0,0,0,0,1,0,0,0,1,1,0,0,1,1
2026-07-03T19:39:26.217,tof2,4x4,lying,3040,3252,-1,3334,-1,1500,-1,3485,945,1372,1585,-1,794,963,1081,1053,1,1,0,1,0,1,0,1,1,1,1,1,1,1,1,1
2026-07-03T19:39:26.271,tof1,4x4,lying,-1,-1,-1,-1,-1,-1,370,-1,-1,419,343,324,-1,-1,327,302,0,0,0,0,0,0,1,0,0,1,1,1,0,0,1,1
2026-07-03T19:39:26.389,tof2,4x4,lying,-1,3254,-1,3306,-1,1506,-1,2876,937,1400,1579,1358,750,940,1107,1046,1,1,0,1,0,1,0,1,1,1,1,1,1,1,1,1
2026-07-03T19:39:26.632,tof1,4x4,lying,-1,-1,-1,-1,-1,-1,376,-1,-1,427,345,324,-1,-1,324,304,0,0,0,0,0,0,1,0,0,1,1,1,0,0,1,1
2026-07-03T19:39:26.791,tof1,4x4,lying,-1,-1,-1,-1,-1,-1,377,-1,-1,-1,343,327,-1,-1,325,305,0,0,0,0,0,0,1,0,0,0,1,1,0,0,1,1
2026-07-03T19:39:26.740,tof2,4x4,lying,2950,3268,-1,3313,-1,1473,2186,3497,938,1426,-1,1240,783,961,1107,1058,1,1,1,1,0,1,1,1,1,1,1,1,1,1,1,1
2026-07-03T19:39:26.896,tof2,4x4,lying,2991,3268,-1,3316,-1,1487,-1,2843,943,1368,1516,-1,775,-1,1111,1058,1,1,0,1,0,1,0,1,1,1,1,0,1,1,1,1
2026-07-03T19:39:26.964,tof1,4x4,lying,-1,-1,-1,-1,-1,-1,370,-1,-1,428,341,325,-1,-1,327,306,0,0,0,0,0,0,1,0,0,1,1,1,0,0,1,1
2026-07-03T19:39:27.115,tof1,4x4,lying,-1,-1,-1,-1,-1,-1,374,-1,-1,427,347,327,-1,-1,326,305,0,0,0,0,0,0,1,0,0,1,1,1,0,0,1,1
2026-07-03T19:39:27.079,tof2,4x4,lying,3013,3262,-1,3344,-1,1488,2005,3498,942,1394,1559,-1,796,986,1104,1046,1,1,0,1,0,1,1,1,1,1,1,0,1,1,1,1
2026-07-03T19:39:27.279,tof1,4x4,lying,-1,-1,-1,-1,-1,-1,375,-1,-1,430,345,327,-1,-1,326,304,0,0,0,0,0,0,1,0,0,1,1,1,0,0,1,1
2026-07-03T19:39:27.276,tof2,4x4,lying,3034,3255,-1,3323,-1,1495,-1,2869,916,1395,-1,-1,775,957,1107,1056,1,1,0,1,0,1,0,1,1,1,1,0,1,1,1,1
2026-07-03T19:39:27.456,tof1,4x4,lying,-1,-1,-1,-1,-1,-1,-1,344,-1,425,347,328,-1,464,327,304,0,0,0,0,0,0,0,1,0,1,1,1,0,1,1,1
2026-07-03T19:39:27.613,tof1,4x4,lying,-1,-1,-1,-1,-1,-1,-1,-1,-1,431,346,326,-1,-1,326,304,0,0,0,0,0,0,0,0,0,1,1,1,0,0,1,1
2026-07-03T19:39:27.691,tof2,4x4,lying,3040,3252,-1,3311,-1,1450,-1,3521,944,1368,-1,-1,797,1004,1103,1067,1,1,0,1,0,1,1,1,1,1,1,1,1,1,1,1
2026-07-03T19:39:27.789,tof1,4x4,lying,-1,-1,-1,-1,-1,-1,-1,-1,-1,430,345,328,-1,469,323,305,0,0,0,0,0,0,0,0,0,1,1,1,0,1,1,1
2026-07-03T19:39:27.874,tof2,4x4,lying,3006,3260,-1,3289,-1,1488,2072,2834,945,1376,1475,-1,773,962,1117,1035,1,1,0,1,0,1,1,1,1,1,1,1,1,1,1,1
2026-07-03T19:39:27.956,tof1,4x4,lying,-1,-1,-1,-1,-1,-1,376,-1,-1,426,345,327,-1,-1,325,303,0,0,0,0,0,0,1,0,0,1,1,1,0,0,1,1
2026-07-03T19:39:28.060,tof2,4x4,lying,3007,3247,3272,3295,-1,1508,2127,2846,928,1425,-1,-1,778,992,-1,1048,1,1,1,1,0,1,1,1,1,1,1,1,1,1,1,1
2026-07-03T19:39:28.118,tof1,4x4,lying,-1,-1,-1,-1,-1,-1,-1,-1,-1,-1,346,329,-1,-1,327,304,0,0,0,0,0,0,0,0,0,0,1,1,0,0,1,1
2026-07-03T19:39:28.220,tof2,4x4,lying,2956,3269,-1,3295,-1,-1,2191,2850,939,1426,1567,-1,768,1001,1104,1059,1,1,0,1,0,1,1,1,1,1,1,0,1,1,1,1
2026-07-03T19:39:28.295,tof1,4x4,lying,-1,-1,-1,-1,-1,-1,-1,-1,-1,428,345,328,-1,465,326,307,0,0,0,0,0,0,0,0,0,1,1,1,0,1,1,1
2026-07-03T19:39:28.395,tof2,4x4,lying,-1,3259,-1,3323,-1,1471,-1,3447,935,1426,1446,-1,773,976,-1,1051,1,1,0,1,0,1,0,1,1,1,1,0,1,1,1,1
2026-07-03T19:39:28.469,tof1,4x4,lying,-1,-1,-1,-1,-1,-1,-1,-1,-1,427,345,329,-1,469,329,303,0,0,0,0,0,0,0,0,0,1,1,1,0,1,1,1
2026-07-03T19:39:28.545,tof2,4x4,lying,2953,3268,-1,3327,-1,1483,2208,3488,946,-1,-1,-1,786,962,-1,1055,1,1,1,1,0,1,1,1,1,1,1,0,1,1,1,1
2026-07-03T19:39:28.619,tof1,4x4,lying,-1,-1,-1,-1,-1,-1,-1,-1,-1,425,346,327,-1,479,327,304,0,0,0,0,0,0,0,0,0,1,1,1,0,1,1,1
2026-07-03T19:39:28.723,tof2,4x4,lying,2902,3260,-1,3335,2134,1477,-1,3437,947,1401,1484,-1,784,-1,-1,1049,1,1,0,1,1,1,0,1,1,1,1,0,1,1,1,1
2026-07-03T19:39:28.814,tof1,4x4,lying,-1,-1,-1,-1,-1,-1,-1,-1,-1,427,345,329,-1,-1,325,305,0,0,0,0,0,0,0,0,0,1,1,1,0,0,1,1
2026-07-03T19:39:28.893,tof2,4x4,lying,2994,3246,-1,3311,-1,1489,-1,2840,978,1391,-1,-1,777,981,1117,1037,1,1,0,1,1,1,1,1,1,1,1,1,1,1,1,1
2026-07-03T19:39:28.993,tof1,4x4,lying,-1,-1,-1,-1,-1,-1,382,340,-1,-1,344,328,-1,-1,327,305,1,0,0,0,0,0,1,1,0,0,1,1,0,0,1,1
2026-07-03T19:39:29.055,tof2,4x4,lying,3034,3253,-1,3323,-1,1503,-1,3496,903,1385,-1,-1,760,-1,1106,1056,1,1,0,1,0,1,1,1,1,1,1,0,1,1,1,1
2026-07-03T19:39:29.156,tof1,4x4,lying,-1,-1,-1,-1,-1,-1,-1,-1,-1,428,345,327,-1,-1,325,304,0,0,1,0,0,0,0,0,0,1,1,1,0,0,1,1
2026-07-03T19:39:29.224,tof2,4x4,lying,-1,3280,-1,3338,-1,1497,-1,3449,979,1393,-1,-1,777,963,1106,1052,0,1,1,1,1,1,0,1,1,1,1,1,1,1,1,1
2026-07-03T19:39:29.336,tof1,4x4,lying,-1,-1,-1,-1,-1,-1,376,-1,-1,426,343,325,-1,-1,324,304,0,0,0,0,0,0,1,0,0,1,1,1,0,0,1,1
2026-07-03T19:39:29.423,tof2,4x4,lying,2952,3254,-1,3324,-1,1433,-1,3515,943,1393,-1,-1,772,-1,1125,1036,1,1,0,1,0,1,0,1,1,1,1,0,1,1,1,1
2026-07-03T19:39:29.493,tof1,4x4,lying,-1,-1,-1,-1,-1,-1,374,345,-1,-1,344,327,-1,-1,323,303,0,0,0,0,0,0,1,1,0,0,1,1,0,0,1,1
2026-07-03T19:39:29.596,tof2,4x4,lying,3067,3248,-1,3338,-1,1463,-1,2849,948,1374,1574,-1,776,966,-1,1039,1,1,1,1,0,1,0,1,1,1,1,0,1,1,1,1
2026-07-03T19:39:29.662,tof1,4x4,lying,-1,-1,-1,-1,-1,-1,373,-1,-1,-1,344,323,-1,-1,325,303,1,0,0,0,0,0,1,1,0,0,1,1,0,0,1,1
2026-07-03T19:39:29.749,tof2,4x4,lying,2992,3270,-1,3289,-1,1442,-1,2872,-1,1386,1521,1325,783,-1,1112,1053,1,1,0,1,0,1,0,1,0,1,1,1,1,1,1,1
2026-07-03T19:39:29.828,tof1,4x4,lying,-1,-1,-1,-1,-1,-1,368,-1,-1,417,342,325,-1,-1,326,304,0,0,0,0,0,0,1,0,0,1,1,1,0,0,1,1
2026-07-03T19:39:29.934,tof2,4x4,lying,2934,3249,3317,3313,-1,1520,-1,3510,954,1389,-1,-1,793,987,1110,1047,1,1,1,1,0,1,0,1,1,1,1,1,1,1,1,1
2026-07-03T19:39:29.992,tof1,4x4,lying,-1,-1,-1,-1,-1,-1,368,-1,-1,-1,342,325,-1,-1,324,305,0,0,0,0,0,0,1,0,0,0,1,1,0,0,1,1
2026-07-03T19:39:30.097,tof2,4x4,lying,-1,3264,-1,3313,-1,1472,-1,2814,957,1366,1519,-1,771,964,1104,1045,1,1,0,1,1,1,1,1,1,1,1,1,1,1,1,1
2026-07-03T19:39:30.151,tof1,4x4,lying,-1,-1,-1,-1,-1,-1,371,-1,-1,-1,341,325,-1,-1,325,304,0,0,0,0,0,0,1,0,0,0,1,1,0,0,1,1
2026-07-03T19:39:30.253,tof2,4x4,lying,3055,3269,-1,3325,-1,1457,2217,2850,926,1398,-1,1363,787,935,1114,1055,1,1,1,1,0,1,1,1,1,1,1,1,1,1,1,1
2026-07-03T19:39:30.345,tof1,4x4,lying,-1,-1,-1,-1,-1,-1,372,-1,-1,421,343,328,-1,-1,327,301,0,0,0,0,0,0,1,0,0,1,1,1,0,0,1,1
2026-07-03T19:39:30.414,tof2,4x4,lying,2979,3265,-1,3296,-1,1467,2109,3489,955,1420,1565,-1,764,-1,1106,1058,1,1,0,1,0,1,1,1,1,1,1,1,1,1,1,1
2026-07-03T19:39:30.523,tof1,4x4,lying,-1,-1,-1,-1,-1,-1,380,-1,-1,-1,343,329,-1,-1,325,307,0,0,0,0,0,0,1,0,0,0,1,1,0,0,1,1
2026-07-03T19:39:30.583,tof2,4x4,lying,2935,3281,-1,3352,-1,1477,-1,2833,949,1406,1479,-1,790,972,1093,1053,1,1,0,1,0,1,0,1,1,1,1,0,1,1,1,1
2026-07-03T19:39:30.686,tof1,4x4,lying,3409,-1,-1,-1,-1,-1,375,-1,-1,-1,344,327,-1,-1,325,304,1,0,0,0,0,0,1,0,0,0,1,1,0,0,1,1
2026-07-03T19:39:30.763,tof2,4x4,lying,2993,3257,-1,3339,-1,1511,-1,2858,959,1411,-1,1293,778,-1,1107,1062,1,1,0,1,0,1,0,1,1,1,1,1,1,1,1,1
2026-07-03T19:39:30.856,tof1,4x4,lying,-1,-1,-1,-1,-1,-1,-1,-1,-1,432,345,327,-1,-1,323,305,1,0,0,0,0,0,0,0,0,1,1,1,0,0,1,1
2026-07-03T19:39:30.928,tof2,4x4,lying,3046,3259,-1,3347,-1,1495,-1,3485,943,1377,1509,-1,760,-1,1106,1038,1,1,0,1,0,1,1,1,1,1,1,1,1,1,1,1
2026-07-03T19:39:31.041,tof1,4x4,lying,-1,-1,-1,-1,-1,-1,380,346,-1,435,347,327,-1,-1,328,305,0,0,0,0,0,0,1,1,0,1,1,1,0,0,1,1
2026-07-03T19:39:31.086,tof2,4x4,lying,2970,3266,-1,3307,-1,1522,2215,3419,959,1378,1546,-1,779,-1,1114,1047,1,1,0,1,0,1,1,1,1,1,1,0,1,1,1,1
2026-07-03T19:39:31.187,tof1,4x4,lying,-1,-1,-1,-1,-1,-1,380,-1,-1,435,346,328,-1,-1,328,306,1,0,0,0,0,0,1,0,0,1,1,1,0,0,1,1
2026-07-03T19:39:31.350,tof1,4x4,lying,-1,-1,-1,-1,-1,-1,373,-1,-1,433,346,326,-1,-1,326,305,1,0,0,0,0,0,1,0,0,1,1,1,0,0,1,1
2026-07-03T19:39:31.292,tof2,4x4,lying,2970,3295,-1,3349,2113,-1,2164,2839,933,1376,1459,-1,776,-1,-1,1039,1,1,0,1,1,0,1,1,1,1,1,0,1,1,1,1
2026-07-03T19:39:31.521,tof1,4x4,lying,-1,-1,-1,-1,-1,-1,-1,343,-1,428,347,330,-1,-1,323,304,0,0,0,0,0,0,0,1,0,1,1,1,0,0,1,1
2026-07-03T19:39:31.462,tof2,4x4,lying,-1,3256,-1,3309,-1,1506,2183,3488,937,1369,-1,-1,787,-1,1109,1047,1,1,0,1,0,1,1,1,1,1,1,0,1,1,1,1
2026-07-03T19:39:31.730,tof1,4x4,lying,-1,-1,-1,-1,-1,-1,-1,-1,-1,430,347,329,-1,477,324,304,0,0,0,0,0,0,0,0,0,1,1,1,0,1,1,1
2026-07-03T19:39:31.711,tof2,4x4,lying,2957,3244,-1,3329,-1,-1,2190,3536,955,1361,-1,-1,783,987,1106,1046,1,1,1,1,1,1,1,1,1,1,1,0,1,1,1,1
2026-07-03T19:39:31.889,tof1,4x4,lying,-1,-1,-1,-1,-1,-1,-1,-1,-1,426,347,326,-1,-1,327,306,0,0,0,1,0,0,0,0,0,1,1,1,0,0,1,1
2026-07-03T19:39:31.873,tof2,4x4,lying,-1,3268,-1,3316,-1,-1,-1,2864,936,1367,1512,-1,759,938,1116,1048,1,1,0,1,0,0,0,1,1,1,1,0,1,1,1,1
2026-07-03T19:39:32.024,tof2,4x4,lying,3013,3276,-1,3301,-1,-1,2215,3493,930,1366,-1,-1,770,961,1105,1044,1,1,1,1,0,0,1,1,1,1,1,0,1,1,1,1
2026-07-03T19:39:32.070,tof1,4x4,lying,-1,-1,-1,-1,-1,-1,-1,-1,-1,430,346,330,-1,-1,326,306,0,0,0,0,0,0,0,0,0,1,1,1,0,0,1,1
2026-07-03T19:39:32.194,tof2,4x4,lying,3032,3252,-1,-1,-1,1473,-1,3448,946,1383,1561,-1,784,990,-1,1057,1,1,0,1,1,1,0,1,1,1,1,0,1,1,1,1
2026-07-03T19:39:32.243,tof1,4x4,lying,-1,-1,-1,-1,-1,-1,-1,-1,-1,434,347,327,-1,-1,326,306,0,0,0,0,0,0,0,0,0,1,1,1,0,0,1,1
2026-07-03T19:39:32.384,tof2,4x4,lying,-1,3255,-1,3300,-1,1496,2139,3518,939,1365,-1,-1,778,951,1102,1043,0,1,0,1,1,1,1,1,1,1,1,1,1,1,1,1
2026-07-03T19:39:32.406,tof1,4x4,lying,-1,-1,-1,-1,-1,-1,-1,-1,-1,433,349,329,-1,-1,329,306,0,0,0,0,0,0,0,0,0,1,1,1,0,0,1,1
2026-07-03T19:39:32.576,tof2,4x4,lying,3074,3260,-1,3304,-1,1521,-1,2861,946,1354,1564,-1,766,984,1109,1047,1,1,0,1,0,1,0,1,1,1,1,0,1,1,1,1
2026-07-03T19:39:32.592,tof1,4x4,lying,-1,-1,-1,-1,-1,-1,-1,-1,-1,-1,347,332,-1,-1,329,304,0,0,0,0,0,0,0,0,0,0,1,1,0,0,1,1
2026-07-03T19:39:32.736,tof2,4x4,lying,3015,3261,-1,3311,-1,-1,2130,3493,922,1415,1594,-1,780,947,1106,1050,1,1,0,1,0,0,1,1,1,1,1,1,1,1,1,1
2026-07-03T19:39:32.775,tof1,4x4,lying,-1,-1,-1,-1,-1,-1,-1,-1,-1,431,346,327,-1,-1,326,304,0,0,0,0,0,0,0,0,0,1,1,1,0,0,1,1
2026-07-03T19:39:32.930,tof1,4x4,lying,-1,-1,-1,-1,-1,-1,-1,-1,-1,-1,348,328,-1,466,326,303,0,0,0,0,0,0,0,0,0,0,1,1,0,1,1,1
2026-07-03T19:39:32.914,tof2,4x4,lying,-1,3249,-1,3327,-1,-1,2129,3529,-1,1400,1541,-1,774,962,-1,1048,1,1,0,1,1,0,1,1,0,1,1,1,1,1,1,1
2026-07-03T19:39:33.114,tof1,4x4,lying,-1,-1,-1,2242,-1,-1,-1,-1,-1,427,346,328,-1,471,327,306,1,0,0,1,0,0,0,0,0,1,1,1,0,1,1,1
2026-07-03T19:39:33.113,tof2,4x4,lying,3024,3247,-1,3313,-1,-1,2207,2887,922,1363,1463,-1,757,952,1104,1046,1,1,0,1,0,0,1,1,1,1,1,1,1,1,1,1
2026-07-03T19:39:33.312,tof1,4x4,lying,-1,-1,-1,-1,-1,-1,-1,-1,-1,433,349,327,-1,469,325,303,0,0,0,1,0,0,0,0,0,1,1,1,0,1,1,1
2026-07-03T19:39:33.314,tof2,4x4,lying,3006,3255,-1,3324,-1,1482,2157,3510,945,1340,1498,-1,-1,990,1099,1056,1,1,0,1,0,1,1,1,1,1,1,0,1,1,1,1
2026-07-03T19:39:33.463,tof1,4x4,lying,-1,-1,-1,-1,-1,-1,-1,-1,-1,426,344,327,-1,-1,325,304,0,0,0,0,0,0,0,0,0,1,1,1,0,0,1,1
2026-07-03T19:39:33.519,tof2,4x4,lying,2997,3258,-1,-1,-1,1436,2132,2842,924,1436,-1,-1,772,997,-1,1066,1,1,0,1,0,1,1,1,1,1,1,0,1,1,1,1
2026-07-03T19:39:33.633,tof1,4x4,lying,-1,-1,-1,-1,-1,-1,371,-1,-1,-1,344,329,-1,465,326,304,1,1,0,0,0,0,1,0,0,0,1,1,0,1,1,1
2026-07-03T19:39:34.319,tof2,4x4,lying,3013,3260,3309,-1,-1,1492,-1,2847,945,1393,-1,-1,760,970,1112,1040,1,1,1,1,0,1,0,1,1,1,1,0,1,1,1,1
2026-07-03T19:39:34.421,tof1,4x4,lying,-1,-1,-1,-1,-1,-1,374,-1,-1,429,346,327,-1,-1,326,305,0,0,0,0,0,0,1,0,0,1,1,1,0,0,1,1
2026-07-03T19:39:34.517,tof2,4x4,lying,3005,3250,-1,3323,2074,1490,2203,3432,918,1376,1584,-1,782,-1,1100,1044,1,1,0,1,1,1,1,1,1,1,1,0,1,1,1,1
2026-07-03T19:39:34.584,tof1,4x4,lying,-1,-1,-1,-1,-1,-1,376,-1,-1,430,343,330,-1,-1,327,302,1,0,0,0,0,0,1,0,0,1,1,1,0,0,1,1
2026-07-03T19:39:34.678,tof2,4x4,lying,2993,3260,3328,3334,-1,1482,-1,3453,950,1401,-1,-1,792,954,-1,1053,1,1,1,1,0,1,0,1,1,1,1,0,1,1,1,1
2026-07-03T19:39:34.760,tof1,4x4,lying,-1,-1,-1,-1,-1,-1,374,-1,-1,-1,344,327,-1,-1,326,304,0,0,0,0,0,0,1,0,0,0,1,1,0,0,1,1
2026-07-03T19:39:34.864,tof2,4x4,lying,3040,3261,-1,3328,-1,1501,2081,3480,951,1391,-1,1340,813,-1,1098,1032,1,1,0,1,0,1,1,1,1,1,1,1,1,1,1,1
2026-07-03T19:39:34.946,tof1,4x4,lying,-1,-1,-1,-1,-1,-1,370,-1,-1,-1,345,327,-1,-1,326,305,0,0,0,0,0,0,1,0,0,0,1,1,0,0,1,1
2026-07-03T19:39:35.049,tof2,4x4,lying,3008,3272,-1,3310,-1,1473,2212,2805,931,1395,1559,-1,778,965,1113,1056,1,1,1,1,1,1,1,1,1,1,1,0,1,1,1,1
2026-07-03T19:39:35.113,tof1,4x4,lying,-1,-1,-1,-1,-1,-1,-1,-1,-1,-1,345,326,-1,466,326,303,0,0,0,0,0,0,0,0,0,0,1,1,0,1,1,1
2026-07-03T19:39:35.205,tof2,4x4,lying,2988,3257,-1,3327,-1,1475,2232,2823,946,1389,1507,-1,777,973,1088,1049,1,1,1,1,0,1,1,1,1,1,1,1,1,1,1,1
2026-07-03T19:39:35.274,tof1,4x4,lying,-1,-1,-1,-1,-1,-1,-1,-1,-1,433,346,327,-1,-1,324,309,0,0,0,0,0,0,0,0,0,1,1,1,0,0,1,1
2026-07-03T19:39:35.503,tof1,4x4,lying,-1,-1,-1,-1,-1,-1,-1,-1,-1,426,347,327,-1,-1,327,305,0,1,0,0,0,0,0,0,0,1,1,1,0,0,1,1
2026-07-03T19:39:35.386,tof2,4x4,lying,2974,3269,-1,3298,-1,1483,2177,2820,936,1383,-1,1271,767,957,1108,1049,1,1,1,1,0,1,1,1,1,1,1,1,1,1,1,1
2026-07-03T19:39:35.585,tof2,4x4,lying,3029,3260,-1,-1,-1,-1,2144,3495,917,1395,1575,-1,766,-1,-1,1054,1,1,1,1,0,1,1,1,1,1,1,0,1,1,1,1
2026-07-03T19:39:35.685,tof1,4x4,lying,-1,-1,-1,-1,-1,-1,378,-1,-1,438,345,327,-1,471,331,304,0,0,0,0,0,0,1,0,0,1,1,1,0,1,1,1
2026-07-03T19:39:35.752,tof2,4x4,lying,3023,3257,-1,3338,-1,1471,2208,2833,969,1407,-1,-1,774,990,1098,1036,1,1,0,1,0,1,1,1,1,1,1,0,1,1,1,1
2026-07-03T19:39:35.860,tof1,4x4,lying,-1,-1,-1,-1,-1,-1,-1,-1,-1,-1,348,328,-1,-1,326,306,0,0,0,0,0,0,0,0,0,0,1,1,0,0,1,1
2026-07-03T19:39:35.911,tof2,4x4,lying,3064,3260,-1,-1,-1,1499,-1,2826,939,1374,1576,-1,786,946,-1,1056,1,1,0,1,0,1,0,1,1,1,1,0,1,1,1,1
2026-07-03T19:39:36.081,tof1,4x4,lying,-1,-1,-1,-1,-1,-1,-1,-1,-1,-1,345,328,-1,-1,326,304,0,0,0,0,0,0,0,0,0,0,1,1,0,0,1,1
2026-07-03T19:39:36.091,tof2,4x4,lying,3038,3246,-1,3313,-1,1478,-1,2791,925,1377,1481,1344,757,983,-1,1058,1,1,1,1,0,1,0,1,1,1,1,1,1,1,1,1
2026-07-03T19:39:36.255,tof1,4x4,lying,-1,-1,-1,-1,-1,-1,-1,-1,-1,437,346,329,-1,-1,327,306,0,0,0,0,0,0,0,0,0,1,1,1,0,0,1,1
2026-07-03T19:39:36.282,tof2,4x4,lying,-1,3271,-1,3288,-1,1480,2145,3408,932,1403,1560,-1,769,957,1098,1043,1,1,1,1,0,1,1,1,1,1,1,0,1,1,1,1
2026-07-03T19:39:36.434,tof1,4x4,lying,-1,-1,-1,-1,-1,-1,-1,-1,-1,433,345,329,-1,470,324,303,0,0,0,0,0,0,0,0,0,1,1,1,0,1,1,1
2026-07-03T19:39:36.500,tof2,4x4,lying,2955,3226,-1,3306,-1,1495,2179,2779,935,1407,-1,-1,780,-1,-1,1051,1,1,0,1,0,1,1,1,1,1,1,0,1,1,1,1
2026-07-03T19:39:36.603,tof1,4x4,lying,-1,-1,-1,-1,-1,-1,-1,-1,-1,-1,348,331,-1,-1,328,305,0,0,0,0,0,0,0,0,0,0,1,1,0,0,1,1
2026-07-03T19:39:36.673,tof2,4x4,lying,3031,3257,-1,3288,-1,1477,2161,2772,954,1406,1457,-1,778,975,1107,1053,1,1,0,1,0,1,1,1,1,1,1,0,1,1,1,1
2026-07-03T19:39:36.775,tof1,4x4,lying,-1,-1,-1,-1,-1,-1,-1,-1,-1,-1,347,327,-1,-1,327,304,0,0,0,1,0,0,0,0,0,0,1,1,0,0,1,1
2026-07-03T19:39:36.843,tof2,4x4,lying,2979,3268,3297,3286,-1,1501,-1,-1,947,1381,1615,-1,780,957,1088,1056,1,1,1,1,0,1,0,1,1,1,1,1,1,1,1,1
2026-07-03T19:39:36.942,tof1,4x4,lying,-1,-1,-1,-1,-1,-1,375,-1,-1,427,348,328,-1,-1,325,305,0,0,0,0,1,0,1,0,0,1,1,1,0,0,1,1
2026-07-03T19:39:37.017,tof2,4x4,lying,3070,3256,-1,3327,2138,1461,-1,3443,959,1385,1578,-1,771,952,-1,1049,1,1,0,1,1,1,0,1,1,1,1,0,1,1,1,1
2026-07-03T19:39:37.125,tof1,4x4,lying,-1,-1,-1,-1,-1,-1,-1,-1,-1,430,344,326,-1,-1,325,303,0,0,0,0,0,0,0,0,0,1,1,1,0,0,1,1
2026-07-03T19:39:37.221,tof2,4x4,lying,-1,3247,-1,3307,-1,1485,-1,2773,946,1385,-1,-1,787,994,-1,1043,0,1,0,1,1,1,1,1,1,1,1,0,1,1,1,1
2026-07-03T19:39:37.328,tof1,4x4,lying,-1,-1,-1,-1,-1,-1,-1,-1,-1,430,346,327,-1,-1,324,303,0,0,0,0,0,0,0,0,0,1,1,1,0,0,1,1
2026-07-03T19:39:37.451,tof2,4x4,lying,-1,3259,-1,3283,-1,1471,2216,2785,954,1387,-1,-1,785,-1,-1,1058,0,1,0,1,0,1,1,1,1,1,1,0,1,1,1,1
2026-07-03T19:39:37.689,tof1,4x4,lying,-1,-1,-1,-1,-1,-1,376,-1,-1,428,344,328,-1,-1,324,305,0,0,0,0,0,0,1,0,0,1,1,1,0,0,1,1
2026-07-03T19:39:37.890,tof1,4x4,lying,-1,-1,-1,-1,-1,-1,371,-1,-1,419,343,326,-1,-1,325,305,0,0,0,0,0,0,1,0,0,1,1,1,0,0,1,1
2026-07-03T19:39:38.064,tof1,4x4,lying,-1,-1,-1,-1,-1,-1,367,-1,-1,-1,342,327,-1,-1,324,302,0,0,0,0,0,0,1,0,0,0,1,1,0,0,1,1
2026-07-03T19:39:38.232,tof1,4x4,lying,-1,-1,-1,-1,-1,-1,374,-1,-1,426,343,328,-1,-1,325,307,0,0,0,0,0,0,1,0,0,1,1,1,0,0,1,1
2026-07-03T19:39:38.399,tof1,4x4,lying,-1,-1,-1,-1,-1,-1,373,-1,-1,420,344,328,-1,470,324,304,0,0,0,0,0,0,1,0,0,1,1,1,0,1,1,1
2026-07-03T19:39:38.571,tof1,4x4,lying,-1,-1,-1,-1,-1,-1,-1,-1,-1,-1,342,325,-1,-1,325,303,0,0,0,0,0,0,0,0,0,0,1,1,0,0,1,1
2026-07-03T19:39:38.595,tof2,4x4,lying,3016,3252,-1,3336,-1,1484,2156,2763,943,1381,-1,-1,789,983,-1,1040,1,1,0,1,0,1,1,1,1,1,1,0,1,1,1,1
2026-07-03T19:39:38.762,tof1,4x4,lying,-1,-1,-1,-1,-1,-1,378,-1,-1,-1,344,327,-1,-1,325,303,0,0,0,0,0,0,1,0,0,0,1,1,0,0,1,1
2026-07-03T19:39:38.776,tof2,4x4,lying,3051,3256,-1,3342,-1,1487,2179,2802,936,1367,1497,-1,784,-1,1102,1046,1,1,0,1,0,1,1,1,1,1,1,1,1,1,1,1
2026-07-03T19:39:38.931,tof1,4x4,lying,-1,-1,-1,-1,-1,-1,371,-1,-1,-1,344,326,-1,-1,325,306,0,0,0,0,0,0,1,0,0,0,1,1,0,0,1,1
2026-07-03T19:39:38.944,tof2,4x4,lying,2937,3267,-1,3336,-1,1474,-1,2776,963,1406,-1,-1,798,-1,1098,1040,1,1,0,1,0,1,0,1,1,1,1,0,1,1,1,1
2026-07-03T19:39:39.094,tof1,4x4,lying,-1,-1,-1,-1,-1,-1,-1,-1,-1,-1,345,326,-1,-1,326,303,0,0,0,0,0,0,0,0,0,0,1,1,0,0,1,1
2026-07-03T19:39:39.118,tof2,4x4,lying,2923,3244,-1,3316,-1,1457,-1,2752,935,1374,-1,-1,798,-1,1105,1042,1,1,0,1,1,1,1,1,1,1,1,0,1,1,1,1
2026-07-03T19:39:39.289,tof1,4x4,lying,-1,-1,-1,-1,-1,-1,-1,-1,-1,428,344,326,-1,-1,325,306,0,0,0,0,0,0,0,0,0,1,1,1,0,0,1,1
2026-07-03T19:39:39.357,tof2,4x4,lying,2981,3249,-1,3335,-1,1500,2163,2768,932,1405,1604,-1,766,-1,1098,1054,1,1,1,1,1,1,1,1,1,1,1,0,1,1,1,1
2026-07-03T19:39:39.463,tof1,4x4,lying,-1,-1,-1,-1,-1,-1,-1,-1,-1,-1,345,327,-1,-1,327,305,0,0,0,0,0,0,0,0,0,0,1,1,0,0,1,1
2026-07-03T19:39:39.565,tof2,4x4,lying,3059,3261,-1,3325,-1,1473,-1,2777,930,1393,1595,-1,767,976,1106,1043,1,1,0,1,0,1,0,1,1,1,1,0,1,1,1,1
2026-07-03T19:39:39.674,tof1,4x4,lying,-1,-1,-1,-1,-1,-1,-1,-1,-1,431,346,328,-1,-1,326,304,0,0,0,0,0,0,0,0,0,1,1,1,0,0,1,1
2026-07-03T19:39:39.789,tof2,4x4,lying,3024,3265,-1,3329,-1,1506,-1,2778,935,1405,1433,1309,788,957,1115,1050,1,1,0,1,0,1,1,1,1,1,1,1,1,1,1,1
2026-07-03T19:39:39.877,tof1,4x4,lying,-1,-1,-1,-1,-1,-1,-1,-1,-1,428,349,330,-1,477,328,304,0,0,0,0,0,0,0,0,0,1,1,1,0,1,1,1
2026-07-03T19:39:39.964,tof2,4x4,lying,2957,3270,-1,3285,-1,1501,2136,3478,912,1347,1584,-1,785,-1,1108,1048,1,1,0,1,1,1,1,1,1,1,1,0,1,1,1,1
2026-07-03T19:39:40.085,tof1,4x4,lying,-1,-1,-1,-1,-1,-1,-1,-1,-1,432,346,328,-1,-1,326,306,0,0,0,0,0,0,0,0,0,1,1,1,0,0,1,1
2026-07-03T19:39:40.173,tof2,4x4,lying,3017,3255,-1,3322,2133,1499,2240,3513,932,1357,-1,-1,787,968,1115,1050,1,1,1,1,1,1,1,1,1,1,1,0,1,1,1,1
2026-07-03T19:39:40.276,tof1,4x4,lying,-1,-1,-1,-1,-1,-1,-1,-1,-1,430,345,327,-1,-1,325,305,0,0,0,0,0,0,0,0,0,1,1,1,0,0,1,1
2026-07-03T19:39:40.401,tof2,4x4,lying,3001,3270,-1,3338,-1,-1,2207,3521,938,1430,1582,-1,762,950,1103,1041,1,1,0,1,1,1,1,1,1,1,1,0,1,1,1,1
2026-07-03T19:39:40.437,tof1,4x4,lying,-1,-1,-1,-1,-1,-1,378,-1,-1,-1,344,330,-1,-1,328,305,0,0,0,0,0,0,1,0,0,0,1,1,0,0,1,1
2026-07-03T19:39:40.566,tof2,4x4,lying,2958,3260,-1,3348,-1,1451,-1,3469,926,1357,-1,-1,772,-1,1113,1068,1,1,0,1,0,1,1,1,1,1,1,1,1,1,1,1
2026-07-03T19:39:40.620,tof1,4x4,lying,-1,-1,-1,-1,-1,-1,377,-1,-1,423,344,328,-1,-1,327,305,0,0,0,0,0,0,1,0,0,1,1,1,0,0,1,1
2026-07-03T19:39:40.720,tof2,4x4,lying,3038,3242,-1,3328,-1,1481,2053,3466,958,1356,-1,-1,778,933,1105,1058,1,1,0,1,0,1,1,1,1,1,1,0,1,1,1,1
2026-07-03T19:39:40.899,tof2,4x4,lying,2993,3260,-1,3328,-1,1436,1478,3456,938,1397,-1,-1,785,-1,1095,1046,1,1,0,1,0,1,1,1,1,1,1,0,1,1,1,1
2026-07-03T19:39:40.951,tof1,4x4,lying,-1,-1,-1,-1,-1,-1,-1,-1,-1,-1,346,326,-1,-1,325,305,0,0,0,0,0,0,0,0,0,0,1,1,0,0,1,1
2026-07-03T19:39:41.202,tof1,4x4,lying,-1,-1,-1,-1,-1,-1,371,-1,-1,427,345,327,-1,-1,324,304,0,0,0,0,0,0,1,0,0,1,1,1,0,0,1,1
2026-07-03T19:39:41.154,tof2,4x4,lying,-1,3252,-1,3351,-1,1478,2172,2753,929,1377,1564,-1,777,988,-1,1040,1,1,1,1,0,1,1,1,1,1,1,1,1,1,1,1
2026-07-03T19:39:41.358,tof2,4x4,lying,3035,3251,-1,3327,-1,1462,2158,3528,932,1382,1578,1306,781,951,1096,1067,1,1,1,1,0,1,1,1,1,1,1,1,1,1,1,1
2026-07-03T19:39:41.403,tof1,4x4,lying,-1,-1,-1,-1,-1,-1,375,-1,-1,-1,341,329,-1,-1,327,303,0,0,0,0,0,0,1,0,0,0,1,1,0,0,1,1
2026-07-03T19:39:41.511,tof2,4x4,lying,2941,3270,3240,3296,-1,1498,2194,2738,940,1379,-1,-1,772,976,1105,1062,1,1,1,1,1,1,1,1,1,1,1,0,1,1,1,1
2026-07-03T19:39:41.575,tof1,4x4,lying,-1,-1,-1,-1,-1,-1,373,-1,-1,-1,344,327,-1,-1,324,306,0,0,0,0,0,0,1,0,0,0,1,1,0,0,1,1
2026-07-03T19:39:41.865,tof1,4x4,lying,-1,-1,-1,-1,-1,-1,373,-1,-1,-1,345,325,-1,-1,330,304,0,0,0,0,0,0,1,0,0,0,1,1,0,0,1,1
2026-07-03T19:39:41.704,tof2,4x4,lying,3074,3262,-1,3332,-1,1463,-1,3464,914,1371,1565,-1,763,944,1105,1048,1,1,1,1,0,1,0,1,1,1,1,1,1,1,1,1
2026-07-03T19:39:42.123,tof1,4x4,lying,-1,-1,-1,-1,-1,-1,-1,-1,-1,-1,343,327,-1,-1,327,304,0,0,0,0,0,0,0,0,0,0,1,1,0,0,1,1
2026-07-03T19:39:42.080,tof2,4x4,lying,2962,3273,-1,3307,-1,-1,-1,2722,920,1394,1521,-1,770,-1,1108,1052,1,1,0,1,0,0,1,1,1,1,1,0,1,1,1,1
2026-07-03T19:39:42.308,tof1,4x4,lying,-1,-1,-1,-1,-1,409,-1,-1,-1,416,347,327,-1,-1,325,305,0,0,0,0,0,1,0,0,0,1,1,1,0,0,1,1
2026-07-03T19:39:42.334,tof2,4x4,lying,3054,3241,-1,3266,-1,-1,-1,3462,922,1396,-1,-1,839,942,-1,1044,1,1,0,1,0,0,0,1,1,1,1,0,1,1,1,1
2026-07-03T19:39:42.539,tof1,4x4,lying,-1,-1,-1,-1,-1,-1,-1,-1,-1,-1,345,329,-1,-1,328,306,0,0,0,0,0,0,0,0,0,0,1,1,0,0,1,1
2026-07-03T19:39:42.544,tof2,4x4,lying,-1,3265,-1,3311,-1,-1,-1,2761,930,1377,-1,-1,785,-1,1108,1046,0,1,0,1,0,0,1,1,1,1,1,0,1,1,1,1
2026-07-03T19:39:42.745,tof1,4x4,lying,-1,-1,-1,-1,-1,-1,-1,-1,-1,-1,349,327,-1,-1,328,305,0,0,0,0,0,0,0,0,0,0,1,1,0,0,1,1
2026-07-03T19:39:42.749,tof2,4x4,lying,-1,3251,3324,3240,2148,-1,-1,2733,926,1360,-1,1309,773,-1,1109,1046,0,1,1,1,1,0,0,1,1,1,1,1,1,1,1,1
2026-07-03T19:39:42.952,tof1,4x4,lying,-1,-1,-1,-1,-1,-1,380,-1,-1,432,345,330,-1,-1,327,305,0,0,0,1,0,0,1,0,0,1,1,1,0,0,1,1
2026-07-03T19:39:43.011,tof2,4x4,lying,-1,3273,-1,3291,-1,-1,-1,2733,921,1363,-1,-1,785,993,1113,1045,0,1,0,1,0,0,0,1,1,1,1,1,1,1,1,1
2026-07-03T19:39:43.144,tof1,4x4,lying,-1,-1,-1,-1,-1,-1,-1,-1,-1,-1,347,328,-1,-1,327,306,0,0,0,0,0,0,0,0,0,0,1,1,0,0,1,1
2026-07-03T19:39:43.184,tof2,4x4,lying,2976,3276,-1,3328,-1,-1,-1,3501,960,1384,1561,-1,760,-1,1105,1050,1,1,1,1,0,0,1,1,1,1,1,0,1,1,1,1
2026-07-03T19:39:43.332,tof1,4x4,lying,-1,-1,-1,-1,-1,-1,-1,-1,-1,-1,346,330,-1,-1,326,305,0,0,0,0,0,0,0,0,0,0,1,1,0,0,1,1
2026-07-03T19:39:43.352,tof2,4x4,lying,2894,3274,3320,3302,-1,-1,-1,2720,948,1377,-1,-1,763,-1,1128,1035,1,1,1,1,0,1,0,1,1,1,1,0,1,1,1,1
2026-07-03T19:39:43.486,tof1,4x4,lying,-1,-1,-1,-1,-1,-1,-1,-1,-1,425,346,327,-1,-1,326,306,0,0,0,0,0,0,0,0,0,1,1,1,0,0,1,1
2026-07-03T19:39:44.076,tof1,4x4,lying,-1,-1,-1,-1,-1,-1,-1,-1,-1,432,347,328,-1,468,328,306,0,0,0,0,0,0,0,0,0,1,1,1,0,1,1,1
2026-07-03T19:39:44.276,tof1,4x4,lying,-1,-1,-1,-1,-1,-1,-1,-1,-1,-1,348,328,-1,-1,326,304,0,0,0,0,0,0,0,0,0,0,1,1,0,0,1,1
2026-07-03T19:39:44.492,tof1,4x4,lying,-1,-1,-1,-1,-1,-1,-1,-1,-1,-1,345,327,-1,-1,327,305,0,0,0,0,0,0,0,0,0,0,1,1,0,0,1,1
2026-07-03T19:39:44.626,tof2,4x4,lying,3021,3250,-1,3285,-1,-1,-1,2784,934,1375,1548,-1,757,960,1109,1040,1,1,0,1,0,0,0,1,1,1,1,0,1,1,1,1
2026-07-03T19:39:44.690,tof1,4x4,lying,-1,-1,-1,-1,-1,-1,-1,-1,-1,-1,345,327,-1,472,326,304,0,0,0,0,0,0,0,0,0,0,1,1,0,1,1,1
2026-07-03T19:39:44.797,tof2,4x4,lying,3058,3273,-1,3305,-1,1479,-1,2756,921,1406,1561,-1,777,995,1092,1043,1,1,0,1,1,1,0,1,1,1,1,0,1,1,1,1
2026-07-03T19:39:44.888,tof1,4x4,lying,-1,-1,-1,-1,-1,-1,-1,-1,-1,-1,348,325,-1,464,325,305,0,0,0,0,0,0,0,0,0,0,1,1,0,1,1,1
2026-07-03T19:39:44.972,tof2,4x4,lying,2925,3250,-1,3308,-1,1469,-1,2745,-1,1350,1561,-1,762,957,1114,1052,1,1,0,1,1,1,0,1,0,1,1,0,1,1,1,1
2026-07-03T19:39:45.075,tof1,4x4,lying,-1,-1,-1,-1,-1,-1,376,-1,-1,-1,344,327,-1,-1,326,306,0,0,0,0,0,0,1,0,0,0,1,1,0,0,1,1
2026-07-03T19:39:45.140,tof2,4x4,lying,2941,3242,3316,3329,-1,1487,-1,2734,935,1445,-1,-1,784,975,1103,1057,1,1,1,1,0,1,1,1,1,1,1,0,1,1,1,1
2026-07-03T19:39:45.264,tof1,4x4,lying,-1,-1,-1,-1,-1,-1,375,-1,-1,-1,344,328,-1,-1,327,304,0,0,0,0,0,0,1,0,0,0,1,1,0,0,1,1
2026-07-03T19:39:45.306,tof2,4x4,lying,-1,3255,3323,3289,-1,1483,-1,2746,941,1415,-1,-1,760,-1,1103,1058,1,1,1,1,1,1,1,1,1,1,1,0,1,1,1,1
2026-07-03T19:39:45.437,tof1,4x4,lying,-1,-1,-1,-1,-1,-1,-1,-1,-1,-1,345,327,-1,-1,324,305,0,0,0,0,0,0,0,0,0,0,1,1,0,0,1,1
2026-07-03T19:39:45.506,tof2,4x4,lying,-1,3255,-1,3284,-1,1491,-1,2749,929,1358,1605,-1,782,968,-1,1051,1,1,0,1,0,1,1,1,1,1,1,1,1,1,1,1
2026-07-03T19:39:45.618,tof1,4x4,lying,-1,-1,-1,-1,-1,-1,372,-1,-1,429,345,327,-1,-1,329,306,1,0,0,0,0,0,1,0,0,1,1,1,0,0,1,1
2026-07-03T19:39:45.694,tof2,4x4,lying,3016,3248,-1,3271,-1,1489,2092,3459,948,1357,-1,-1,790,986,1100,1038,1,1,0,1,0,1,1,1,1,1,1,0,1,1,1,1
2026-07-03T19:39:45.803,tof1,4x4,lying,-1,-1,-1,-1,-1,-1,-1,-1,-1,-1,346,327,-1,469,328,303,0,0,0,0,0,0,0,0,0,0,1,1,0,1,1,1
2026-07-03T19:39:45.890,tof2,4x4,lying,3043,3265,-1,3330,-1,1494,2174,2771,939,1388,1505,-1,780,952,1103,1056,1,1,1,1,1,1,1,1,1,1,1,1,1,1,1,1
2026-07-03T19:39:46.007,tof1,4x4,lying,-1,-1,-1,-1,-1,-1,-1,-1,-1,-1,345,326,-1,467,326,306,0,0,0,0,0,0,0,0,0,0,1,1,0,1,1,1
2026-07-03T19:39:46.058,tof2,4x4,lying,3047,3265,-1,3291,-1,1483,2169,2777,955,1401,1529,1379,775,-1,-1,1056,1,1,0,1,0,1,1,1,1,1,1,1,1,1,1,1
2026-07-03T19:39:46.202,tof1,4x4,lying,-1,-1,-1,-1,-1,-1,-1,-1,-1,-1,347,328,-1,-1,327,305,0,0,0,0,0,0,0,0,0,0,1,1,0,0,1,1
2026-07-03T19:39:46.229,tof2,4x4,lying,-1,3266,-1,3321,-1,1483,-1,3450,924,1368,1498,-1,772,942,1104,1052,1,1,0,1,0,1,1,1,1,1,1,0,1,1,1,1
2026-07-03T19:39:46.362,tof1,4x4,lying,-1,-1,-1,-1,-1,-1,-1,-1,-1,432,348,328,-1,-1,327,306,0,0,0,0,0,0,0,0,0,1,1,1,0,0,1,1
2026-07-03T19:39:46.393,tof2,4x4,lying,2974,3252,-1,3319,-1,1495,2118,2728,932,1442,1523,-1,758,943,1106,1054,1,1,1,1,0,1,1,1,1,1,1,0,1,1,1,1
2026-07-03T19:39:46.536,tof1,4x4,lying,-1,-1,-1,-1,-1,-1,-1,-1,-1,-1,347,327,-1,463,329,304,0,0,0,0,0,0,0,0,0,0,1,1,0,1,1,1
2026-07-03T19:39:46.565,tof2,4x4,lying,2919,3261,-1,3290,-1,1461,2141,2754,941,1367,-1,-1,767,961,1105,1050,1,1,1,1,1,1,1,1,1,1,1,0,1,1,1,1
2026-07-03T19:39:46.710,tof1,4x4,lying,-1,-1,-1,-1,-1,-1,-1,-1,-1,432,348,326,-1,-1,326,306,0,0,0,1,0,0,0,0,0,1,1,1,0,0,1,1
2026-07-03T19:39:46.750,tof2,4x4,lying,2968,3254,3362,3302,-1,1477,2183,3495,949,1404,1475,-1,765,989,-1,1054,1,1,1,1,0,1,1,1,1,1,1,0,1,1,1,1
2026-07-03T19:39:46.866,tof1,4x4,lying,-1,-1,-1,-1,-1,-1,-1,-1,-1,431,348,327,-1,-1,325,306,0,0,0,0,0,0,0,0,0,1,1,1,0,0,1,1
2026-07-03T19:39:47.043,tof1,4x4,lying,-1,-1,-1,-1,-1,-1,-1,-1,-1,420,345,327,-1,-1,328,305,0,0,0,0,0,0,0,0,0,1,1,1,0,0,1,1
2026-07-03T19:39:47.037,tof2,4x4,lying,-1,3245,-1,3306,-1,1467,-1,3480,953,1387,1588,-1,763,952,1102,1036,0,1,0,1,0,1,0,1,1,1,1,0,1,1,1,1
2026-07-03T19:39:47.343,tof1,4x4,lying,-1,-1,-1,-1,-1,-1,-1,-1,-1,434,349,330,-1,-1,327,306,0,0,0,0,0,0,0,0,0,1,1,1,0,0,1,1
2026-07-03T19:39:47.325,tof2,4x4,lying,2972,3271,-1,3307,-1,1452,-1,2793,928,1442,1560,-1,773,945,1102,1045,1,1,1,1,0,1,0,1,1,1,1,1,1,1,1,1
2026-07-03T19:39:47.525,tof1,4x4,lying,-1,-1,-1,-1,-1,-1,-1,-1,-1,428,346,328,-1,468,328,306,0,0,0,0,0,0,0,0,0,1,1,1,0,1,1,1
2026-07-03T19:39:47.495,tof2,4x4,lying,2966,3251,-1,3328,-1,1476,-1,3425,942,1382,-1,-1,780,993,-1,1046,1,1,0,1,1,1,0,1,1,1,1,0,1,1,1,1
2026-07-03T19:39:47.665,tof2,4x4,lying,3078,3248,-1,3314,-1,1486,2200,2849,-1,1410,-1,-1,765,990,1120,1048,1,1,0,1,0,1,1,1,0,1,1,0,1,1,1,1
2026-07-03T19:39:47.728,tof1,4x4,lying,-1,-1,-1,-1,-1,-1,-1,-1,-1,-1,344,329,-1,-1,325,306,1,0,0,0,0,0,0,0,0,0,1,1,0,0,1,1
2026-07-03T19:39:47.883,tof1,4x4,lying,-1,-1,-1,-1,-1,-1,-1,-1,-1,-1,346,329,-1,-1,327,305,0,0,0,0,0,0,0,0,0,0,1,1,0,0,1,1
2026-07-03T19:39:47.938,tof2,4x4,lying,3016,3256,-1,3323,-1,1479,2203,3483,934,1399,-1,1325,772,974,1112,1057,1,1,0,1,1,1,1,1,1,1,1,1,1,1,1,1
2026-07-03T19:39:48.747,tof1,4x4,lying,-1,-1,-1,-1,-1,-1,376,-1,-1,-1,346,329,-1,-1,326,306,0,0,0,0,0,0,1,0,0,0,1,1,0,0,1,1
2026-07-03T19:39:49.592,tof2,4x4,lying,2960,3275,-1,3334,-1,1467,-1,3541,911,1403,1564,-1,763,-1,-1,1035,1,1,1,1,0,1,0,1,1,1,1,0,1,1,1,1
2026-07-03T19:39:49.689,tof1,4x4,lying,-1,-1,-1,-1,-1,-1,-1,-1,-1,430,345,328,-1,472,327,305,0,0,0,0,0,0,0,0,0,1,1,1,0,1,1,1
2026-07-03T19:39:49.753,tof2,4x4,lying,3094,3237,-1,3308,-1,1493,-1,3516,960,1432,1529,1304,787,941,1105,1053,1,1,0,1,0,1,0,1,1,1,1,1,1,1,1,1
2026-07-03T19:39:49.845,tof1,4x4,lying,-1,-1,-1,-1,-1,-1,-1,-1,-1,426,347,331,-1,-1,323,306,0,0,0,0,0,0,0,0,0,1,1,1,0,0,1,1
2026-07-03T19:39:49.912,tof2,4x4,lying,2968,3265,-1,3302,-1,1508,2136,3494,965,1366,1504,-1,779,960,1102,1051,1,1,0,1,0,1,1,1,1,1,1,0,1,1,1,1
2026-07-03T19:39:50.026,tof1,4x4,lying,-1,-1,-1,-1,-1,-1,-1,-1,-1,431,347,329,-1,471,327,305,0,0,0,0,0,0,0,0,0,1,1,1,0,1,1,1
2026-07-03T19:39:50.109,tof2,4x4,lying,3015,3259,-1,3335,-1,1489,-1,3463,936,1403,1642,-1,761,965,1101,1057,1,1,1,1,0,1,0,1,1,1,1,0,1,1,1,1
2026-07-03T19:39:50.190,tof1,4x4,lying,-1,-1,-1,-1,-1,-1,-1,-1,-1,-1,345,329,-1,478,329,305,0,0,0,0,0,0,0,0,0,0,1,1,0,1,1,1
2026-07-03T19:39:50.282,tof2,4x4,lying,3017,3247,-1,3325,-1,1476,-1,3464,922,1444,-1,-1,771,952,1104,-1,1,1,0,1,1,1,0,1,1,1,1,0,1,1,1,1
2026-07-03T19:39:50.346,tof1,4x4,lying,-1,-1,-1,-1,-1,-1,-1,-1,-1,-1,346,329,-1,-1,329,304,1,0,0,0,0,0,0,0,0,0,1,1,0,0,1,1
2026-07-03T19:39:50.433,tof2,4x4,lying,2980,3239,-1,3305,-1,1488,-1,3434,938,1370,-1,-1,790,-1,1110,1043,1,1,0,1,1,1,0,1,1,1,1,0,1,1,1,1
2026-07-03T19:39:50.517,tof1,4x4,lying,-1,-1,-1,-1,-1,-1,-1,-1,-1,428,345,329,-1,-1,327,306,1,0,0,0,0,0,0,0,0,1,1,1,0,0,1,1
2026-07-03T19:39:50.597,tof2,4x4,lying,3041,3252,-1,3357,-1,1501,-1,3454,945,1387,1573,-1,762,977,1105,1046,1,1,0,1,0,1,0,1,1,1,1,0,1,1,1,1
2026-07-03T19:39:50.664,tof1,4x4,lying,-1,-1,-1,-1,-1,-1,-1,-1,-1,434,346,326,-1,-1,325,304,0,0,0,0,0,0,0,0,0,1,1,1,0,0,1,1
2026-07-03T19:39:50.757,tof2,4x4,lying,2935,3259,3342,3327,-1,1477,-1,3490,951,1404,-1,1379,798,977,1102,1045,1,1,1,1,0,1,1,1,1,1,1,1,1,1,1,1
2026-07-03T19:39:50.844,tof1,4x4,lying,-1,-1,-1,-1,-1,-1,-1,-1,-1,425,347,326,-1,-1,330,305,0,0,0,0,0,0,0,0,0,1,1,1,0,0,1,1
2026-07-03T19:39:50.927,tof2,4x4,lying,2973,3252,-1,3310,-1,1488,2190,3394,936,1436,-1,-1,766,953,1102,1048,1,1,0,1,1,1,1,1,1,1,1,0,1,1,1,1
2026-07-03T19:39:51.017,tof1,4x4,lying,-1,-1,-1,-1,-1,-1,-1,-1,-1,430,348,328,-1,460,328,305,0,0,0,0,0,0,0,0,0,1,1,1,0,1,1,1
2026-07-03T19:39:51.108,tof2,4x4,lying,3009,3262,-1,3337,-1,1494,-1,3481,922,1396,-1,-1,766,956,1108,1056,1,1,0,1,0,1,0,1,1,1,1,0,1,1,1,1
2026-07-03T19:39:51.187,tof1,4x4,lying,-1,-1,-1,-1,-1,-1,-1,-1,-1,425,345,329,-1,-1,327,305,0,0,0,0,0,0,0,0,0,1,1,1,0,0,1,1
2026-07-03T19:39:51.257,tof2,4x4,lying,3060,3267,-1,3327,-1,1460,-1,3471,932,1378,1614,-1,769,-1,-1,1038,1,1,0,1,0,1,1,1,1,1,1,1,1,1,1,1
2026-07-03T19:39:51.338,tof1,4x4,lying,-1,-1,-1,-1,-1,-1,-1,-1,-1,427,349,328,-1,-1,327,305,0,0,0,0,0,0,0,0,0,1,1,1,0,0,1,1
2026-07-03T19:39:51.436,tof2,4x4,lying,-1,3243,-1,3312,-1,1474,2090,3504,932,1375,-1,-1,781,-1,1112,1039,1,1,1,1,1,1,1,1,1,1,1,0,1,1,1,1
2026-07-03T19:39:51.525,tof1,4x4,lying,-1,-1,-1,-1,-1,-1,-1,-1,-1,-1,346,327,-1,-1,326,305,0,0,0,0,0,0,0,0,0,0,1,1,0,0,1,1
2026-07-03T19:39:51.637,tof2,4x4,lying,2954,3261,-1,3311,-1,1475,-1,3433,939,1380,-1,-1,792,957,1109,1050,1,1,0,1,0,1,1,1,1,1,1,1,1,1,1,1
2026-07-03T19:39:51.688,tof1,4x4,lying,-1,-1,-1,-1,-1,-1,378,-1,-1,433,344,327,-1,-1,329,307,0,0,0,0,0,0,1,0,0,1,1,1,0,0,1,1
2026-07-03T19:39:51.804,tof2,4x4,lying,2993,3257,-1,3311,-1,1472,-1,3502,940,1403,1565,-1,779,-1,-1,1054,1,1,0,1,0,1,0,1,1,1,1,0,1,1,1,1
2026-07-03T19:39:51.855,tof1,4x4,lying,-1,-1,-1,-1,-1,-1,377,-1,-1,427,347,327,-1,464,327,305,1,0,0,0,0,0,1,0,0,1,1,1,0,1,1,1
2026-07-03T19:39:52.002,tof2,4x4,lying,2989,3257,-1,3298,-1,1467,2243,3572,942,1392,-1,-1,773,950,1108,1050,1,1,0,1,0,1,1,1,1,1,1,1,1,1,1,1
2026-07-03T19:39:52.054,tof1,4x4,lying,-1,-1,-1,-1,-1,-1,-1,-1,-1,-1,348,327,-1,-1,324,306,0,0,0,0,0,0,0,0,0,0,1,1,0,0,1,1
2026-07-03T19:39:52.174,tof2,4x4,lying,3068,3250,-1,3299,-1,1458,-1,3422,928,1379,1458,-1,766,982,1104,1039,1,1,0,1,0,1,0,1,1,1,1,0,1,1,1,1
2026-07-03T19:39:52.240,tof1,4x4,lying,-1,-1,-1,-1,-1,-1,-1,-1,-1,-1,346,328,-1,-1,327,305,0,0,0,0,0,0,0,0,0,0,1,1,0,0,1,1
2026-07-03T19:39:52.338,tof2,4x4,lying,2926,3251,-1,3318,-1,1498,2146,3432,920,1399,-1,-1,775,992,1088,1060,1,1,1,1,0,1,1,1,1,1,1,1,1,1,1,1
2026-07-03T19:39:52.404,tof1,4x4,lying,-1,-1,-1,-1,-1,-1,-1,-1,-1,-1,344,330,-1,-1,327,305,0,0,0,0,0,0,0,0,0,0,1,1,0,0,1,1
2026-07-03T19:39:52.481,tof2,4x4,lying,2951,3269,-1,3340,-1,1455,2106,3480,937,1373,1610,-1,777,982,-1,1054,1,1,1,1,0,1,1,1,1,1,1,0,1,1,1,1
2026-07-03T19:39:52.574,tof1,4x4,lying,-1,-1,-1,-1,-1,-1,-1,-1,-1,-1,345,327,-1,464,327,305,1,0,0,0,0,0,0,0,0,0,1,1,0,1,1,1
2026-07-03T19:39:52.684,tof2,4x4,lying,3037,3245,-1,3329,-1,1479,-1,3496,936,1386,-1,-1,783,949,-1,1042,1,1,0,1,0,1,0,1,1,1,1,0,1,1,1,1
2026-07-03T19:39:52.752,tof1,4x4,lying,-1,-1,-1,-1,-1,-1,377,-1,-1,-1,347,328,-1,-1,327,306,0,0,0,0,0,0,1,0,0,0,1,1,0,1,1,1
2026-07-03T19:39:52.855,tof2,4x4,lying,2966,3267,-1,-1,-1,1466,-1,3584,957,1446,-1,-1,756,952,1117,1049,1,1,0,1,0,1,0,1,1,1,1,0,1,1,1,1
2026-07-03T19:39:52.932,tof1,4x4,lying,-1,-1,-1,-1,-1,-1,-1,-1,-1,-1,346,330,-1,-1,327,304,0,0,0,0,0,0,0,0,0,0,1,1,0,0,1,1
2026-07-03T19:39:53.009,tof2,4x4,lying,-1,3257,-1,3324,-1,1463,-1,2893,951,1366,1624,-1,785,971,1100,1063,1,1,0,1,0,1,1,1,1,1,1,1,1,1,1,1
2026-07-03T19:39:53.097,tof1,4x4,lying,-1,-1,-1,-1,-1,-1,-1,-1,-1,431,345,329,-1,-1,325,307,0,0,0,0,0,0,0,0,0,1,1,1,0,0,1,1
2026-07-03T19:39:53.177,tof2,4x4,lying,2966,3272,3316,3298,-1,1468,-1,3493,939,1368,-1,-1,770,984,1102,1050,1,1,1,1,1,1,0,1,1,1,1,1,1,1,1,1
2026-07-03T19:39:53.290,tof1,4x4,lying,-1,-1,-1,-1,-1,-1,-1,-1,-1,-1,347,330,-1,-1,327,305,0,0,0,0,0,0,0,0,0,0,1,1,0,0,1,1
2026-07-03T19:39:53.351,tof2,4x4,lying,3018,3244,-1,3319,-1,-1,-1,3446,917,1389,-1,-1,773,953,1104,1040,1,1,0,1,1,1,1,1,1,1,1,0,1,1,1,1
2026-07-03T19:39:53.444,tof1,4x4,lying,-1,-1,-1,-1,-1,-1,-1,-1,-1,426,345,330,-1,-1,328,305,1,0,0,0,0,0,0,0,0,1,1,1,0,0,1,1
2026-07-03T19:39:53.523,tof2,4x4,lying,3036,3250,-1,3327,-1,-1,-1,3463,945,1385,1443,-1,782,954,1102,1051,1,1,0,1,0,0,1,1,1,1,1,0,1,1,1,1
2026-07-03T19:39:53.615,tof1,4x4,lying,-1,-1,-1,-1,-1,-1,-1,-1,-1,429,345,327,-1,-1,330,304,0,0,0,0,0,0,0,0,0,1,1,1,0,0,1,1
2026-07-03T19:39:53.694,tof2,4x4,lying,2929,3248,-1,3313,-1,1473,-1,3463,924,1385,1609,-1,767,938,1099,1043,1,1,1,1,0,1,0,1,1,1,1,0,1,1,1,1
2026-07-03T19:39:53.782,tof1,4x4,lying,-1,-1,-1,-1,-1,-1,-1,-1,-1,-1,347,328,-1,-1,330,307,0,0,0,0,0,0,0,0,0,0,1,1,0,0,1,1
2026-07-03T19:39:53.878,tof2,4x4,lying,2996,3255,-1,3310,-1,-1,-1,3452,915,1380,1508,-1,774,948,1094,1054,1,1,0,1,0,1,1,1,1,1,1,0,1,1,1,1
2026-07-03T19:39:53.938,tof1,4x4,lying,-1,-1,-1,-1,-1,-1,-1,-1,-1,427,345,328,-1,464,328,306,0,0,0,1,0,0,0,0,0,1,1,1,0,1,1,1
2026-07-03T19:39:54.038,tof2,4x4,lying,2936,3251,-1,3349,-1,-1,-1,2820,951,1391,1554,-1,779,1002,1097,1051,1,1,0,1,0,0,1,1,1,1,1,0,1,1,1,1
2026-07-03T19:39:54.098,tof1,4x4,lying,-1,-1,-1,-1,-1,-1,-1,-1,-1,-1,346,330,-1,-1,328,306,0,0,0,0,0,0,0,0,0,0,1,1,0,0,1,1
2026-07-03T19:39:54.205,tof2,4x4,lying,-1,3275,-1,3294,-1,-1,-1,2847,943,1468,1464,-1,771,991,-1,1053,0,1,1,1,0,1,0,1,1,1,1,0,1,1,1,1
2026-07-03T19:39:54.276,tof1,4x4,lying,-1,-1,-1,-1,-1,-1,-1,-1,-1,432,347,331,-1,-1,328,308,0,0,0,0,0,0,0,0,0,1,1,1,0,0,1,1
2026-07-03T19:39:54.371,tof2,4x4,lying,3025,3256,-1,-1,-1,-1,-1,3518,961,1371,-1,-1,789,971,1116,1055,1,1,1,1,0,0,0,1,1,1,1,0,1,1,1,1
2026-07-03T19:39:54.427,tof1,4x4,lying,-1,-1,-1,-1,-1,-1,-1,-1,-1,431,344,328,-1,-1,328,306,0,0,0,0,0,0,0,0,0,1,1,1,0,0,1,1
2026-07-03T19:39:54.526,tof2,4x4,lying,3025,3248,3321,3316,-1,-1,-1,2803,947,1387,1492,-1,787,952,-1,1042,1,1,1,1,0,0,1,1,1,1,1,0,1,1,1,1
2026-07-03T19:39:54.605,tof1,4x4,lying,-1,-1,-1,-1,-1,-1,-1,-1,-1,428,345,328,-1,-1,327,304,0,0,0,0,0,0,0,0,0,1,1,1,0,0,1,1
2026-07-03T19:39:54.694,tof2,4x4,lying,3020,3245,-1,3318,-1,-1,-1,3416,932,1379,1567,-1,771,-1,-1,1048,1,1,1,1,0,0,1,1,1,1,1,0,1,1,1,1
2026-07-03T19:39:54.789,tof1,4x4,lying,-1,-1,-1,-1,-1,-1,-1,-1,-1,-1,346,329,-1,-1,325,305,0,0,0,0,0,0,0,0,0,0,1,1,0,0,1,1
2026-07-03T19:39:54.853,tof2,4x4,lying,3059,3262,-1,3296,-1,1451,-1,2873,956,1407,-1,-1,777,949,1090,1041,1,1,0,1,0,1,0,1,1,1,1,0,1,1,1,1
2026-07-03T19:39:54.940,tof1,4x4,lying,-1,-1,-1,-1,-1,-1,-1,-1,-1,-1,346,328,-1,457,326,305,0,0,0,0,0,0,0,0,0,0,1,1,0,1,1,1
2026-07-03T19:39:55.024,tof2,4x4,lying,2916,3263,-1,3327,-1,-1,-1,3524,929,1366,1520,-1,760,989,-1,1052,1,1,0,1,0,0,1,1,1,1,1,0,1,1,1,1
2026-07-03T19:39:55.125,tof1,4x4,lying,-1,-1,-1,-1,-1,-1,-1,-1,-1,-1,346,328,-1,-1,328,306,0,0,0,0,0,0,0,0,0,0,1,1,0,0,1,1
2026-07-03T19:39:55.244,tof2,4x4,lying,3003,3255,-1,3422,-1,-1,-1,3475,930,1395,-1,-1,784,-1,1101,1054,1,1,0,1,0,0,0,1,1,1,1,0,1,1,1,1
2026-07-03T19:39:55.471,tof1,4x4,lying,-1,-1,-1,-1,-1,-1,-1,-1,-1,-1,345,326,-1,468,329,306,0,0,0,0,0,0,0,0,0,0,1,1,0,1,1,1
2026-07-03T19:39:55.590,tof2,4x4,lying,3011,3255,-1,3340,-1,1544,-1,3484,916,1362,-1,-1,777,947,1105,1044,1,1,0,1,0,1,0,1,1,1,1,0,1,1,1,1
2026-07-03T19:39:55.655,tof1,4x4,lying,-1,-1,-1,-1,-1,-1,371,-1,-1,-1,344,327,-1,-1,327,304,0,0,0,0,0,0,1,0,0,0,1,1,0,0,1,1
2026-07-03T19:39:55.747,tof2,4x4,lying,2887,3257,-1,3336,-1,1449,-1,3510,945,1361,-1,-1,775,951,1108,1046,1,1,0,1,1,1,0,1,1,1,1,0,1,1,1,1
2026-07-03T19:39:55.813,tof1,4x4,lying,-1,-1,-1,-1,-1,-1,375,-1,-1,426,344,328,-1,-1,326,305,1,0,0,0,0,0,1,0,0,1,1,1,0,0,1,1
2026-07-03T19:39:55.918,tof2,4x4,lying,3008,3256,-1,3327,-1,1491,2131,3475,964,1368,-1,-1,787,998,1104,1044,1,1,1,1,0,1,1,1,1,1,1,0,1,1,1,1
2026-07-03T19:39:55.979,tof1,4x4,lying,-1,-1,-1,-1,-1,-1,373,-1,-1,-1,345,327,-1,-1,326,304,0,0,0,0,0,0,1,0,0,0,1,1,0,0,1,1
2026-07-03T19:39:56.091,tof2,4x4,lying,2943,3258,-1,3318,-1,1467,2162,3459,930,1367,-1,1323,780,959,1105,1057,1,1,0,1,1,1,1,1,1,1,1,1,1,1,1,1
2026-07-03T19:39:56.152,tof1,4x4,lying,-1,-1,-1,-1,-1,-1,372,-1,-1,-1,343,327,-1,-1,329,303,0,0,0,1,0,0,1,0,0,0,1,1,0,0,1,1
2026-07-03T19:39:56.332,tof1,4x4,lying,-1,-1,-1,-1,-1,-1,372,-1,-1,-1,345,327,-1,-1,327,305,0,0,0,0,0,0,1,0,0,0,1,1,0,0,1,1
2026-07-03T19:39:56.534,tof1,4x4,lying,-1,-1,-1,-1,-1,-1,-1,-1,-1,-1,345,330,-1,473,329,305,0,0,0,0,0,0,0,0,0,0,1,1,0,1,1,1
2026-07-03T19:39:56.614,tof2,4x4,lying,2992,3249,-1,3298,-1,1464,-1,3417,919,1390,-1,1332,798,991,1085,1051,1,1,0,1,0,1,1,1,1,1,1,1,1,1,1,1
2026-07-03T19:39:56.690,tof1,4x4,lying,-1,-1,-1,-1,-1,-1,-1,-1,-1,425,346,328,-1,464,323,303,0,0,0,0,0,0,0,0,0,1,1,1,0,1,1,1
2026-07-03T19:39:56.771,tof2,4x4,lying,3012,3257,-1,3329,-1,1468,-1,3489,947,1367,1547,-1,763,-1,1094,1054,1,1,1,1,0,1,0,1,1,1,1,0,1,1,1,1
2026-07-03T19:39:56.867,tof1,4x4,lying,-1,-1,-1,-1,-1,-1,-1,-1,-1,-1,344,327,-1,470,325,304,0,0,0,1,0,0,0,0,0,0,1,1,0,1,1,1
2026-07-03T19:39:56.943,tof2,4x4,lying,3016,3250,-1,3352,-1,1485,2262,3464,955,1370,-1,1324,783,990,1113,1034,1,1,0,1,0,1,1,1,1,1,1,1,1,1,1,1
2026-07-03T19:39:57.043,tof1,4x4,lying,-1,-1,-1,-1,-1,-1,-1,-1,-1,-1,346,329,-1,-1,328,305,0,0,0,0,0,0,0,0,0,0,1,1,0,0,1,1
2026-07-03T19:39:57.112,tof2,4x4,lying,-1,3269,-1,3311,-1,1460,2175,3498,954,1312,-1,-1,789,985,-1,1053,0,1,0,1,0,1,1,1,1,1,1,0,1,1,1,1
2026-07-03T19:39:57.200,tof1,4x4,lying,-1,-1,-1,-1,-1,-1,-1,-1,-1,-1,346,328,-1,-1,328,306,0,0,0,0,0,0,0,0,0,0,1,1,0,0,1,1
2026-07-03T19:39:57.311,tof2,4x4,lying,3088,3261,-1,3290,-1,1449,2170,3477,966,1384,-1,-1,782,-1,1104,1057,1,1,0,1,0,1,1,1,1,1,1,0,1,1,1,1
2026-07-03T19:39:57.362,tof1,4x4,lying,-1,-1,-1,-1,-1,-1,-1,-1,-1,429,347,328,-1,-1,326,305,1,0,0,0,0,0,0,0,0,1,1,1,0,0,1,1
2026-07-03T19:39:57.482,tof2,4x4,lying,2982,3273,-1,3328,-1,1461,-1,3505,949,1381,1581,-1,773,971,1108,1045,1,1,0,1,0,1,1,1,1,1,1,1,1,1,1,1
2026-07-03T19:39:57.528,tof1,4x4,lying,-1,-1,-1,-1,-1,-1,-1,-1,-1,-1,346,330,-1,-1,327,306,0,0,0,0,0,0,0,0,0,0,1,1,0,0,1,1
2026-07-03T19:39:57.641,tof2,4x4,lying,3047,3270,-1,3337,-1,1486,2040,3450,913,1377,1513,-1,775,934,1098,1045,1,1,0,1,1,1,1,1,1,1,1,1,1,1,1,1
2026-07-03T19:39:57.707,tof1,4x4,lying,-1,-1,-1,-1,-1,-1,-1,-1,-1,-1,345,329,-1,468,329,306,0,0,0,0,0,0,0,0,0,0,1,1,0,1,1,1
2026-07-03T19:39:57.797,tof2,4x4,lying,3025,3275,-1,3317,-1,1488,2237,3504,940,1333,1638,1243,772,995,-1,1050,1,1,0,1,0,1,1,1,1,1,1,1,1,1,1,1
2026-07-03T19:39:57.899,tof1,4x4,lying,-1,-1,-1,-1,-1,-1,-1,-1,-1,429,347,331,-1,-1,327,305,0,0,0,0,0,0,0,0,0,1,1,1,0,0,1,1
2026-07-03T19:39:57.982,tof2,4x4,lying,3059,3256,-1,3282,-1,1492,2151,3517,942,1388,-1,-1,774,-1,1113,1056,1,1,0,1,1,1,1,1,1,1,1,1,1,1,1,1
2026-07-03T19:39:58.066,tof1,4x4,lying,-1,-1,-1,-1,-1,-1,-1,-1,-1,426,345,328,-1,-1,328,307,1,0,0,0,0,0,0,0,0,1,1,1,0,0,1,1
2026-07-03T19:39:58.142,tof2,4x4,lying,2959,3254,-1,3326,-1,1505,-1,3457,930,1438,1560,1338,788,983,1107,1053,1,1,0,1,0,1,1,1,1,1,1,1,1,1,1,1
2026-07-03T19:39:58.216,tof1,4x4,lying,-1,-1,-1,-1,-1,404,-1,-1,-1,428,346,330,-1,464,328,305,0,0,0,0,0,1,0,0,0,1,1,1,0,1,1,1
2026-07-03T19:39:58.304,tof2,4x4,lying,2960,3266,-1,3316,-1,1476,2229,3488,962,1364,-1,-1,775,984,1104,1063,1,1,0,1,0,1,1,1,1,1,1,0,1,1,1,1
2026-07-03T19:39:58.393,tof1,4x4,lying,-1,-1,-1,-1,-1,-1,-1,-1,-1,-1,347,327,-1,-1,325,306,0,0,0,0,0,0,0,0,0,0,1,1,0,0,1,1
2026-07-03T19:39:58.474,tof2,4x4,lying,2963,3256,-1,3319,-1,1477,2137,3468,945,1380,-1,-1,-1,-1,1103,1056,1,1,0,1,1,1,1,1,1,1,1,0,1,1,1,1
2026-07-03T19:39:58.551,tof1,4x4,lying,-1,-1,-1,-1,-1,-1,-1,-1,-1,-1,345,329,-1,-1,328,305,0,0,0,0,0,0,0,0,0,0,1,1,0,0,1,1
2026-07-03T19:39:58.896,tof1,4x4,lying,-1,-1,-1,-1,-1,-1,373,-1,-1,421,348,328,-1,-1,327,304,0,0,0,0,0,0,1,0,0,1,1,1,0,0,1,1
2026-07-03T19:39:58.891,tof2,4x4,lying,2957,3260,-1,3329,-1,1469,2152,3489,923,1372,1466,-1,779,988,1117,1058,1,1,1,1,0,1,1,1,1,1,1,1,1,1,1,1
2026-07-03T19:39:59.056,tof2,4x4,lying,3017,3268,-1,3310,-1,1476,-1,3537,940,1397,1542,-1,773,-1,1118,1051,1,1,0,1,0,1,0,1,1,1,1,0,1,1,1,1
2026-07-03T19:39:59.102,tof1,4x4,lying,-1,-1,-1,-1,-1,-1,370,-1,-1,-1,343,327,-1,-1,326,304,0,0,0,0,0,0,1,0,0,0,1,1,0,0,1,1
2026-07-03T19:39:59.218,tof2,4x4,lying,2913,3253,-1,3342,-1,1453,-1,3390,947,1432,-1,1276,776,956,1098,1043,1,1,1,1,0,1,1,1,1,1,1,1,1,1,1,1
2026-07-03T19:39:59.263,tof1,4x4,lying,-1,-1,-1,-1,-1,-1,377,-1,-1,-1,344,328,-1,473,327,305,0,0,0,0,0,0,1,0,0,0,1,1,0,1,1,1
2026-07-03T19:39:59.366,tof2,4x4,lying,3017,3261,-1,3339,-1,1459,-1,3506,908,1408,1462,1266,794,965,-1,1035,1,1,0,1,1,1,0,1,1,1,1,1,1,1,1,1
2026-07-03T19:39:59.426,tof1,4x4,lying,-1,-1,-1,-1,-1,-1,369,-1,-1,-1,343,328,-1,-1,329,304,0,0,0,0,0,0,1,0,0,0,1,1,0,0,1,1
2026-07-03T19:39:59.530,tof2,4x4,lying,3038,3266,-1,3301,-1,1459,-1,2910,949,1376,1490,-1,784,998,1107,1055,1,1,0,1,0,1,0,1,1,1,1,0,1,1,1,1
2026-07-03T19:39:59.605,tof1,4x4,lying,-1,-1,-1,-1,-1,-1,372,-1,-1,419,345,325,-1,-1,324,305,0,0,0,0,0,0,1,0,0,1,1,1,0,0,1,1
2026-07-03T19:39:59.761,tof1,4x4,lying,-1,-1,-1,-1,-1,-1,375,-1,-1,-1,343,326,-1,-1,328,303,0,0,0,0,0,0,1,0,0,0,1,1,0,0,1,1
2026-07-03T19:39:59.699,tof2,4x4,lying,3040,3261,-1,3319,-1,1487,-1,3539,941,1352,-1,1259,788,949,-1,1054,1,1,1,1,0,1,1,1,1,1,1,1,1,1,1,1
2026-07-03T19:39:59.852,tof2,4x4,lying,2954,3274,-1,3310,-1,1473,-1,3469,953,1343,-1,-1,776,989,1097,1045,1,1,0,1,0,1,0,1,1,1,1,1,1,1,1,1
2026-07-03T19:39:59.940,tof1,4x4,lying,-1,-1,-1,-1,-1,-1,372,-1,-1,421,347,328,-1,466,326,305,0,0,0,0,0,0,1,0,0,1,1,1,0,1,1,1
2026-07-03T19:40:00.125,tof1,4x4,lying,-1,-1,-1,-1,-1,-1,372,-1,-1,-1,346,328,-1,-1,330,305,0,0,0,0,0,0,1,0,0,0,1,1,0,0,1,1
2026-07-03T19:40:00.030,tof2,4x4,lying,3061,3250,-1,3297,-1,1483,2149,3603,945,1380,1601,-1,776,-1,1118,1042,1,1,0,1,0,1,1,1,1,1,1,0,1,1,1,1
2026-07-03T19:40:00.218,tof2,4x4,lying,2970,3261,-1,3279,-1,1470,2203,3504,931,1441,-1,1287,758,-1,1095,1048,1,1,0,1,0,1,1,1,1,1,1,1,1,1,1,1
2026-07-03T19:40:00.326,tof1,4x4,lying,-1,-1,-1,-1,-1,-1,-1,-1,-1,-1,345,329,-1,-1,327,305,0,0,0,0,0,0,0,0,0,0,1,1,0,0,1,1
2026-07-03T19:40:00.427,tof2,4x4,lying,3036,3254,-1,3300,-1,1476,-1,3535,934,1377,-1,-1,773,938,1101,1054,1,1,1,1,0,1,0,1,1,1,1,0,1,1,1,1
2026-07-03T19:40:00.542,tof1,4x4,lying,-1,-1,-1,-1,-1,-1,-1,-1,-1,425,346,328,-1,-1,329,304,0,0,0,0,0,0,0,0,0,1,1,1,0,0,1,1
2026-07-03T19:40:00.664,tof2,4x4,lying,2964,3247,-1,3319,-1,1472,-1,2835,931,1354,1539,-1,771,-1,1103,1047,1,1,0,1,0,1,0,1,1,1,1,0,1,1,1,1
2026-07-03T19:40:00.877,tof1,4x4,lying,-1,-1,-1,-1,-1,-1,-1,-1,-1,-1,347,328,-1,-1,328,306,0,0,0,0,0,0,0,0,0,0,1,1,0,0,1,1
2026-07-03T19:40:00.971,tof2,4x4,lying,2983,3248,3337,3364,-1,1462,2229,3489,944,1387,1484,-1,784,-1,-1,1048,1,1,1,1,0,1,1,1,1,1,1,0,1,1,1,1
2026-07-03T19:40:01.105,tof1,4x4,lying,-1,-1,-1,-1,-1,-1,-1,-1,-1,-1,345,329,-1,-1,329,304,0,0,0,0,0,0,0,0,0,0,1,1,0,0,1,1
2026-07-03T19:40:01.294,tof1,4x4,lying,-1,-1,-1,-1,-1,-1,-1,-1,-1,421,348,329,-1,-1,328,306,0,0,0,0,0,0,0,0,0,1,1,1,0,0,1,1
2026-07-03T19:40:01.206,tof2,4x4,lying,2978,3274,-1,3309,-1,1470,2063,3450,925,1264,-1,-1,771,956,1096,1047,1,1,0,1,1,1,1,1,1,1,1,0,1,1,1,1
2026-07-03T19:40:01.384,tof2,4x4,lying,3027,3257,-1,3311,-1,1477,-1,-1,944,1397,1524,-1,754,975,1114,1036,1,1,0,1,0,1,0,0,1,1,1,0,1,1,1,1
2026-07-03T19:40:01.474,tof1,4x4,lying,-1,-1,-1,-1,-1,-1,-1,-1,-1,-1,348,327,-1,-1,326,305,0,0,0,0,0,0,0,0,0,0,1,1,0,0,1,1
2026-07-03T19:40:01.555,tof2,4x4,lying,2976,3262,-1,3313,-1,-1,2180,3486,933,1402,1587,-1,764,-1,-1,1050,1,1,1,1,0,1,1,1,1,1,1,1,1,1,1,1
2026-07-03T19:40:01.654,tof1,4x4,lying,-1,-1,-1,-1,-1,-1,-1,-1,-1,-1,346,328,-1,-1,329,304,0,0,0,0,0,0,0,0,0,0,1,1,0,0,1,1
2026-07-03T19:40:01.727,tof2,4x4,lying,3050,3256,-1,3344,-1,1475,2169,2806,940,1351,-1,-1,783,-1,1101,1047,1,1,0,1,0,1,1,1,1,1,1,0,1,1,1,1
2026-07-03T19:40:01.817,tof1,4x4,lying,-1,-1,-1,-1,-1,-1,-1,-1,-1,431,345,329,-1,-1,327,305,0,0,0,0,0,0,0,0,0,1,1,1,0,0,1,1
2026-07-03T19:40:01.909,tof2,4x4,lying,-1,3268,-1,3303,-1,1483,-1,3491,977,1343,1536,1351,792,991,1105,1051,0,1,0,1,1,1,0,1,1,1,1,1,1,1,1,1
2026-07-03T19:40:01.975,tof1,4x4,lying,-1,-1,-1,-1,-1,-1,-1,-1,-1,-1,344,328,-1,-1,329,305,0,0,0,0,0,0,0,0,0,0,1,1,0,0,1,1
2026-07-03T19:40:02.088,tof2,4x4,lying,3030,3247,-1,3336,-1,1495,-1,3474,938,1403,1480,-1,776,948,-1,1042,1,1,0,1,0,1,0,1,1,1,1,0,1,1,1,1
2026-07-03T19:40:02.189,tof1,4x4,lying,-1,-1,-1,-1,-1,-1,-1,-1,-1,-1,343,327,-1,-1,326,307,0,0,0,0,0,0,0,0,0,0,1,1,0,0,1,1
2026-07-03T19:40:02.277,tof2,4x4,lying,3031,3259,-1,3317,-1,1469,-1,3484,945,1353,1589,-1,790,966,-1,1060,1,1,0,1,1,1,1,1,1,1,1,1,1,1,1,1
2026-07-03T19:40:02.349,tof1,4x4,lying,-1,-1,-1,-1,-1,-1,-1,-1,-1,-1,343,328,-1,-1,326,304,0,0,0,0,0,0,0,0,0,0,1,1,0,0,1,1
2026-07-03T19:40:02.503,tof1,4x4,lying,-1,-1,-1,-1,-1,-1,371,-1,-1,-1,344,326,-1,-1,328,305,0,0,0,0,0,0,1,0,0,0,1,1,0,0,1,1
2026-07-03T19:40:02.506,tof2,4x4,lying,-1,3261,-1,3301,-1,1478,-1,3505,939,1392,1434,-1,756,935,1105,1057,0,1,0,1,0,1,1,1,1,1,1,1,1,1,1,1
2026-07-03T19:40:02.686,tof1,4x4,lying,-1,-1,-1,-1,-1,-1,374,-1,-1,425,343,330,-1,-1,332,304,0,0,0,0,0,0,1,0,0,1,1,1,0,0,1,1
2026-07-03T19:40:02.716,tof2,4x4,lying,-1,3261,-1,3312,-1,1468,-1,3510,942,1392,1533,-1,775,-1,1104,1048,0,1,0,1,0,1,1,1,1,1,1,1,1,1,1,1
2026-07-03T19:40:02.847,tof1,4x4,lying,-1,-1,-1,-1,-1,-1,374,-1,-1,-1,344,326,-1,-1,328,305,0,0,0,0,0,0,1,0,0,0,1,1,0,0,1,1
2026-07-03T19:40:02.910,tof2,4x4,lying,3007,3255,-1,3339,-1,1458,2119,3454,950,-1,-1,-1,780,-1,1101,1053,1,1,0,1,0,1,1,1,1,1,1,0,1,1,1,1
2026-07-03T19:40:03.014,tof1,4x4,lying,-1,-1,-1,-1,-1,-1,374,-1,-1,-1,344,329,-1,472,327,305,0,0,0,0,0,0,1,0,0,0,1,1,0,1,1,1
2026-07-03T19:40:03.083,tof2,4x4,lying,3007,3250,-1,3335,-1,1498,-1,3497,935,1382,-1,-1,768,975,1113,1036,1,1,0,1,1,1,0,1,1,1,1,0,1,1,1,1
2026-07-03T19:40:03.212,tof1,4x4,lying,-1,-1,-1,-1,-1,-1,-1,-1,-1,-1,346,327,-1,-1,325,306,1,0,0,0,0,0,0,0,0,0,1,1,0,0,1,1
2026-07-03T19:40:03.266,tof2,4x4,lying,2996,3261,-1,3314,-1,1488,-1,3445,939,1389,-1,-1,775,961,1104,1043,1,1,0,1,0,1,0,1,1,1,1,0,1,1,1,1
2026-07-03T19:40:03.378,tof1,4x4,lying,-1,-1,-1,-1,-1,-1,376,-1,-1,-1,345,329,-1,-1,326,305,0,0,0,0,0,0,1,0,0,0,1,1,0,0,1,1
2026-07-03T19:40:03.438,tof2,4x4,lying,3023,3259,-1,3322,-1,1495,2174,3446,952,1376,1447,-1,766,-1,-1,1035,1,1,0,1,0,1,1,1,1,1,1,1,1,1,1,1
2026-07-03T19:40:03.541,tof1,4x4,lying,-1,-1,-1,-1,-1,-1,-1,-1,-1,421,346,331,-1,467,328,305,0,0,0,0,0,0,0,0,0,1,1,1,0,1,1,1
2026-07-03T19:40:03.639,tof2,4x4,lying,3024,3251,3325,3293,-1,1475,-1,2853,932,1353,-1,1349,763,956,-1,1030,1,1,1,1,1,1,0,1,1,1,1,1,1,1,1,1
2026-07-03T19:40:03.710,tof1,4x4,lying,-1,-1,-1,-1,-1,-1,-1,-1,-1,-1,345,329,-1,-1,327,304,0,0,0,0,0,0,0,0,0,0,1,1,0,0,1,1
2026-07-03T19:40:03.865,tof1,4x4,lying,-1,-1,-1,-1,-1,-1,-1,-1,-1,-1,346,328,-1,-1,326,306,0,0,0,0,0,0,0,0,0,0,1,1,0,0,1,1
2026-07-03T19:40:03.855,tof2,4x4,lying,2935,3246,-1,3337,-1,-1,-1,3451,930,1394,1664,-1,767,964,1107,1047,1,1,0,1,0,1,0,1,1,1,1,0,1,1,1,1
2026-07-03T19:40:04.050,tof1,4x4,lying,-1,-1,-1,-1,-1,-1,-1,-1,-1,424,347,328,-1,475,329,306,0,0,0,1,0,0,0,0,0,1,1,1,0,1,1,1
2026-07-03T19:40:04.027,tof2,4x4,lying,2968,3256,-1,3311,-1,-1,2168,3464,952,1375,-1,-1,772,990,-1,1050,1,1,0,1,0,0,1,1,1,1,1,0,1,1,1,1
2026-07-03T19:40:04.185,tof2,4x4,lying,2949,3253,-1,3340,-1,-1,2178,3450,963,1372,1576,-1,767,942,1104,1049,1,1,0,1,0,0,1,1,1,1,1,1,1,1,1,1
2026-07-03T19:40:04.218,tof1,4x4,lying,-1,-1,-1,-1,-1,-1,-1,-1,-1,-1,347,329,-1,-1,328,304,0,0,0,0,0,0,0,0,0,0,1,1,0,0,1,1
2026-07-03T19:40:04.380,tof1,4x4,lying,-1,-1,-1,-1,-1,-1,389,-1,-1,-1,346,328,-1,-1,327,306,0,0,0,0,0,0,1,0,0,0,1,1,0,0,1,1
2026-07-03T19:40:04.369,tof2,4x4,lying,2968,3263,-1,3298,-1,-1,-1,3436,960,1396,1538,-1,766,-1,-1,1044,1,1,1,1,0,1,1,1,1,1,1,0,1,1,1,1
2026-07-03T19:40:04.564,tof1,4x4,lying,-1,-1,-1,-1,-1,-1,-1,-1,-1,432,346,328,-1,-1,328,305,0,0,0,0,0,0,0,0,0,1,1,1,0,0,1,1
2026-07-03T19:40:04.606,tof2,4x4,lying,2956,3265,-1,3277,-1,-1,-1,3572,941,1380,1528,-1,793,985,1100,1040,1,1,1,1,1,0,0,1,1,1,1,0,1,1,1,1
2026-07-03T19:40:04.742,tof1,4x4,lying,-1,-1,-1,-1,-1,-1,380,-1,-1,-1,348,328,-1,-1,329,306,0,0,0,1,0,0,1,0,0,0,1,1,0,0,1,1
2026-07-03T19:40:04.807,tof2,4x4,lying,2989,3243,-1,3316,-1,-1,-1,3516,949,1406,1553,-1,788,-1,1101,1057,1,1,0,1,0,0,1,1,1,1,1,0,1,1,1,1
2026-07-03T19:40:04.911,tof1,4x4,lying,-1,-1,-1,-1,-1,-1,-1,-1,-1,-1,345,329,-1,-1,329,305,0,0,0,0,0,0,0,0,0,0,1,1,0,0,1,1
2026-07-03T19:40:05.001,tof2,4x4,lying,3012,3258,-1,3351,-1,-1,2174,3522,909,1387,1561,-1,790,970,1097,1045,1,1,0,1,0,0,1,1,1,1,1,0,1,1,1,1
2026-07-03T19:40:05.079,tof1,4x4,lying,-1,-1,-1,-1,-1,-1,392,-1,-1,-1,347,330,-1,-1,326,306,0,0,0,0,0,0,1,0,0,0,1,1,0,0,1,1
2026-07-03T19:40:05.173,tof2,4x4,lying,3047,3244,-1,3316,-1,-1,-1,-1,919,1418,-1,-1,796,982,-1,1052,1,1,0,1,0,0,0,0,1,1,1,0,1,1,1,1
2026-07-03T19:40:05.262,tof1,4x4,lying,-1,-1,-1,-1,-1,-1,-1,-1,-1,-1,346,328,-1,-1,327,304,0,0,0,0,0,0,0,0,0,0,1,1,0,0,1,1
2026-07-03T19:40:05.369,tof2,4x4,lying,2969,3243,-1,3330,-1,-1,2197,3543,945,1379,1533,-1,789,-1,1110,1056,1,1,0,1,1,0,1,1,1,1,1,0,1,1,1,1
2026-07-03T19:40:05.438,tof1,4x4,lying,-1,-1,-1,-1,-1,-1,-1,-1,-1,-1,346,327,-1,468,324,305,0,0,0,0,0,0,0,0,0,0,1,1,0,1,1,1
2026-07-03T19:40:05.599,tof1,4x4,lying,-1,-1,-1,-1,-1,-1,-1,-1,-1,-1,343,329,-1,-1,324,305,0,0,0,0,0,0,0,0,0,0,1,1,0,0,1,1
2026-07-03T19:40:05.542,tof2,4x4,lying,3004,3268,-1,3342,-1,-1,-1,2823,957,1374,-1,-1,766,1001,1119,1048,1,1,1,1,0,0,1,1,1,1,1,0,1,1,1,1
2026-07-03T19:40:05.699,tof2,4x4,lying,2902,3249,-1,3315,-1,-1,-1,3493,945,1368,-1,1345,778,996,-1,1060,1,1,1,1,0,0,0,1,1,1,1,1,1,1,1,1
2026-07-03T19:40:05.778,tof1,4x4,lying,-1,-1,-1,-1,-1,-1,381,-1,-1,-1,345,328,-1,-1,328,305,0,0,0,0,0,0,1,0,0,0,1,1,0,0,1,1
2026-07-03T19:40:05.887,tof2,4x4,lying,2979,3265,-1,3284,-1,-1,-1,3506,962,1372,1423,-1,770,-1,1103,1049,1,1,0,1,0,0,0,1,1,1,1,0,1,1,1,1
2026-07-03T19:40:05.949,tof1,4x4,lying,-1,-1,-1,-1,-1,-1,-1,-1,-1,-1,344,328,-1,472,329,306,0,0,0,0,0,0,0,0,0,0,1,1,0,1,1,1
2026-07-03T19:40:06.058,tof2,4x4,lying,3007,3257,3321,3291,-1,-1,-1,3501,948,1420,1563,-1,776,951,1113,1055,1,1,1,1,0,1,0,1,1,1,1,0,1,1,1,1
2026-07-03T19:40:06.109,tof1,4x4,lying,-1,-1,-1,-1,-1,-1,370,-1,-1,-1,344,328,-1,-1,326,304,0,0,0,0,0,0,1,0,0,0,1,1,0,0,1,1
2026-07-03T19:40:06.285,tof2,4x4,lying,2962,3268,-1,3329,2216,1493,2190,3426,927,1345,1530,-1,777,976,1105,1044,1,1,1,1,1,1,1,1,1,1,1,0,1,1,1,1
2026-07-03T19:40:06.369,tof1,4x4,lying,-1,-1,-1,-1,-1,-1,371,-1,-1,416,344,327,-1,-1,325,305,0,0,0,1,0,0,1,0,0,1,1,1,0,0,1,1
2026-07-03T19:40:06.538,tof1,4x4,lying,-1,-1,-1,-1,-1,-1,369,-1,-1,414,344,327,-1,-1,324,303,0,0,0,0,0,0,1,0,0,1,1,1,0,0,1,1
2026-07-03T19:40:06.462,tof2,4x4,lying,3039,3253,-1,3304,-1,1471,2188,3521,943,1360,1557,-1,792,-1,-1,1054,1,1,0,1,0,1,1,1,1,1,1,0,1,1,1,1
2026-07-03T19:40:06.706,tof1,4x4,lying,-1,-1,-1,-1,-1,-1,374,-1,-1,415,343,326,-1,-1,326,304,1,0,0,0,0,0,1,0,0,1,1,1,0,0,1,1
2026-07-03T19:40:06.654,tof2,4x4,lying,-1,3259,3325,3333,-1,1481,-1,3485,956,1354,1545,-1,769,939,1107,1054,1,1,1,1,1,1,0,1,1,1,1,0,1,1,1,1
2026-07-03T19:40:06.897,tof1,4x4,lying,-1,-1,-1,-1,-1,-1,369,-1,-1,-1,343,327,-1,-1,325,305,0,0,0,0,0,0,1,0,0,0,1,1,0,0,1,1
2026-07-03T19:40:06.817,tof2,4x4,lying,2963,3274,-1,3311,-1,1429,2174,3491,964,1372,1580,-1,782,996,-1,1040,1,1,1,1,0,1,1,1,1,1,1,0,1,1,1,1
2026-07-03T19:40:07.004,tof2,4x4,lying,3028,3258,-1,3317,-1,1475,2186,3449,948,1327,1559,-1,776,-1,1092,1050,1,1,1,1,0,1,1,1,1,1,1,0,1,1,1,1
2026-07-03T19:40:07.073,tof1,4x4,lying,-1,-1,-1,-1,-1,-1,370,-1,-1,419,343,327,-1,-1,326,305,0,0,0,0,0,0,1,0,0,1,1,1,0,0,1,1
2026-07-03T19:40:07.154,tof2,4x4,lying,-1,3267,-1,3332,-1,1445,2168,3523,937,1419,-1,1378,769,973,1109,1049,1,1,1,1,0,1,1,1,1,1,1,1,1,1,1,1
2026-07-03T19:40:07.249,tof1,4x4,lying,-1,-1,-1,-1,-1,-1,-1,-1,-1,426,343,327,-1,-1,327,303,1,0,0,0,0,0,0,0,0,1,1,1,0,0,1,1
2026-07-03T19:40:07.325,tof2,4x4,lying,3007,3259,-1,3291,-1,1492,-1,3437,905,1405,1492,-1,752,-1,-1,1050,1,1,1,1,1,1,1,1,1,1,1,0,1,1,1,1
2026-07-03T19:40:07.417,tof1,4x4,lying,-1,-1,-1,-1,-1,-1,-1,-1,-1,-1,345,328,-1,-1,330,305,0,0,0,0,0,0,0,0,0,0,1,1,0,0,1,1
2026-07-03T19:40:07.689,tof1,4x4,lying,-1,-1,-1,-1,-1,-1,373,-1,-1,-1,344,327,-1,460,324,306,0,0,0,0,0,0,1,0,0,0,1,1,0,1,1,1
2026-07-03T19:40:07.488,tof2,4x4,lying,2979,3264,-1,3293,-1,1508,2176,2817,922,1383,1447,-1,798,-1,1103,1052,1,1,1,1,0,1,1,1,1,1,1,0,1,1,1,1
2026-07-03T19:40:07.704,tof2,4x4,lying,2970,3256,-1,3297,-1,1494,-1,3499,941,1403,-1,-1,776,-1,1109,1040,1,1,0,1,0,1,1,1,1,1,1,0,1,1,1,1
2026-07-03T19:40:07.908,tof1,4x4,lying,-1,-1,-1,-1,-1,-1,-1,-1,-1,-1,343,328,-1,469,330,305,0,0,0,0,0,0,0,0,0,0,1,1,0,1,1,1
2026-07-03T19:40:07.923,tof2,4x4,lying,3016,3248,-1,3293,-1,1487,-1,3460,931,1380,1546,-1,767,966,1114,1037,1,1,1,1,0,1,1,1,1,1,1,0,1,1,1,1
2026-07-03T19:40:08.058,tof1,4x4,lying,-1,-1,-1,-1,-1,-1,-1,-1,-1,425,346,329,-1,460,327,305,0,0,0,0,0,0,0,0,0,1,1,1,0,1,1,1
2026-07-03T19:40:08.112,tof2,4x4,lying,2931,3270,3283,3323,-1,1486,-1,3539,946,1371,1566,-1,769,958,1109,1053,1,1,1,1,0,1,1,1,1,1,1,0,1,1,1,1
2026-07-03T19:40:08.226,tof1,4x4,lying,-1,-1,-1,-1,-1,-1,-1,-1,-1,-1,345,327,-1,-1,328,305,0,0,0,0,0,0,0,0,0,0,1,1,0,0,1,1
2026-07-03T19:40:08.300,tof2,4x4,lying,2995,3254,-1,3303,-1,1471,-1,2798,954,1379,-1,1277,782,-1,-1,1059,1,1,1,1,0,1,0,1,1,1,1,1,1,1,1,1
2026-07-03T19:40:08.379,tof1,4x4,lying,-1,-1,-1,-1,-1,-1,-1,-1,-1,-1,347,327,-1,-1,326,305,0,0,0,0,0,0,0,0,0,0,1,1,0,0,1,1
2026-07-03T19:40:08.462,tof2,4x4,lying,3042,3255,-1,3289,-1,1488,-1,3489,-1,1389,1553,-1,798,984,1105,1057,1,1,0,1,0,1,0,1,0,1,1,0,1,1,1,1
2026-07-03T19:40:08.545,tof1,4x4,lying,-1,-1,-1,-1,-1,-1,-1,-1,-1,-1,346,328,-1,-1,329,305,0,0,0,0,0,0,0,0,0,0,1,1,0,0,1,1
2026-07-03T19:40:08.625,tof2,4x4,lying,3109,3259,-1,3337,-1,1445,2146,2772,942,1377,-1,-1,772,957,1105,1055,1,1,1,1,0,1,1,1,1,1,1,1,1,1,1,1
2026-07-03T19:40:08.725,tof1,4x4,lying,-1,-1,-1,-1,-1,-1,-1,-1,-1,-1,344,330,-1,-1,329,307,0,0,0,0,0,0,0,0,0,0,1,1,0,0,1,1
2026-07-03T19:40:08.786,tof2,4x4,lying,3045,3240,-1,3326,-1,1487,2189,3444,932,1370,1560,-1,789,991,1110,1047,1,1,1,1,0,1,1,1,1,1,1,0,1,1,1,1
2026-07-03T19:40:08.876,tof1,4x4,lying,-1,-1,-1,-1,-1,-1,-1,-1,-1,-1,347,330,-1,464,328,304,0,1,0,0,0,0,0,0,0,0,1,1,0,1,1,1
2026-07-03T19:40:08.954,tof2,4x4,lying,2982,3256,-1,3323,-1,1473,2191,3475,922,1377,-1,-1,775,975,1105,1047,1,1,0,1,1,1,1,1,1,1,1,1,1,1,1,1
2026-07-03T19:40:09.053,tof1,4x4,lying,-1,-1,-1,-1,-1,-1,-1,-1,-1,-1,345,328,-1,-1,330,305,0,1,0,0,0,0,0,0,0,0,1,1,0,0,1,1
2026-07-03T19:40:09.124,tof2,4x4,lying,2929,3259,-1,3319,2121,1484,2119,3469,923,1385,1490,-1,789,-1,-1,1053,1,1,0,1,1,1,1,1,1,1,1,0,1,1,1,1
2026-07-03T19:40:09.228,tof1,4x4,lying,-1,-1,-1,-1,-1,-1,375,-1,-1,-1,345,330,-1,460,327,306,0,0,0,0,0,0,1,0,0,0,1,1,0,1,1,1
2026-07-03T19:40:09.276,tof2,4x4,lying,2952,3281,-1,3274,-1,1475,-1,3483,936,1345,1562,-1,788,-1,1112,1064,1,1,1,1,0,1,1,1,1,1,1,0,1,1,1,1
2026-07-03T19:40:09.382,tof1,4x4,lying,-1,-1,-1,-1,-1,-1,-1,-1,-1,-1,346,327,-1,462,327,304,1,0,0,0,0,0,0,0,0,0,1,1,0,1,1,1
2026-07-03T19:40:09.442,tof2,4x4,lying,2983,3268,-1,3309,-1,1481,-1,3494,946,1370,-1,-1,777,994,1100,1032,1,1,1,1,0,1,1,1,1,1,1,0,1,1,1,1
2026-07-03T19:40:09.543,tof1,4x4,lying,-1,-1,-1,-1,-1,-1,369,-1,-1,-1,345,326,-1,-1,324,304,0,0,0,0,0,0,1,0,0,0,1,1,0,0,1,1
2026-07-03T19:40:09.590,tof2,4x4,lying,2909,3255,-1,3310,-1,1483,-1,3508,939,1376,1520,-1,785,952,-1,1056,1,1,0,1,1,1,0,1,1,1,1,1,1,1,1,1
2026-07-03T19:40:09.694,tof1,4x4,lying,-1,-1,-1,-1,-1,-1,-1,-1,-1,421,345,327,-1,-1,326,305,0,0,0,0,0,0,0,0,0,1,1,1,0,0,1,1
2026-07-03T19:40:09.768,tof2,4x4,lying,2966,3246,3318,3297,-1,1500,2139,3551,937,1355,1590,-1,791,-1,1110,1040,1,1,1,1,1,1,1,1,1,1,1,0,1,1,1,1
2026-07-03T19:40:09.869,tof1,4x4,lying,-1,-1,-1,-1,-1,-1,372,-1,-1,426,346,330,-1,-1,330,306,0,0,0,0,0,0,1,0,0,1,1,1,0,0,1,1
2026-07-03T19:40:09.948,tof2,4x4,lying,3003,3265,3310,3321,-1,1465,-1,2857,951,1416,-1,-1,774,937,1108,1056,1,1,1,1,0,1,0,1,1,1,1,1,1,1,1,1
2026-07-03T19:40:10.018,tof1,4x4,lying,-1,-1,-1,-1,-1,-1,371,-1,-1,-1,343,327,-1,-1,327,304,0,0,0,0,0,0,1,0,0,0,1,1,0,0,1,1
2026-07-03T19:40:10.104,tof2,4x4,lying,2979,3274,-1,3320,-1,1490,2105,3514,947,1400,-1,-1,783,-1,1104,1057,1,1,0,1,0,1,1,1,1,1,1,1,1,1,1,1
2026-07-03T19:40:10.212,tof1,4x4,lying,-1,-1,-1,-1,-1,-1,372,-1,-1,422,346,328,-1,-1,329,306,0,1,0,0,0,0,1,0,0,1,1,1,0,0,1,1
2026-07-03T19:40:10.276,tof2,4x4,lying,2897,3251,-1,3312,-1,1484,-1,3480,956,1431,1547,-1,773,-1,1120,1061,1,1,1,1,1,1,0,1,1,1,1,0,1,1,1,1
2026-07-03T19:40:10.384,tof1,4x4,lying,-1,-1,-1,-1,-1,-1,-1,-1,-1,416,344,328,-1,-1,327,304,0,0,0,0,0,0,0,0,0,1,1,1,0,0,1,1
2026-07-03T19:40:10.442,tof2,4x4,lying,2985,3258,3343,3301,-1,1478,-1,3493,939,1342,1581,-1,789,990,1089,1059,1,1,1,1,0,1,1,1,1,1,1,0,1,1,1,1
2026-07-03T19:40:10.588,tof1,4x4,lying,-1,-1,-1,-1,-1,-1,374,-1,-1,-1,344,327,-1,-1,325,304,0,0,0,0,0,0,1,0,0,0,1,1,0,0,1,1
2026-07-03T19:40:10.660,tof2,4x4,lying,2979,3266,-1,3284,-1,1496,2207,3442,952,1357,-1,-1,783,987,1110,1061,1,1,1,1,0,1,1,1,1,1,1,1,1,1,1,1
2026-07-03T19:40:10.747,tof1,4x4,lying,-1,-1,-1,-1,-1,-1,-1,-1,-1,-1,346,328,-1,461,323,304,0,0,0,0,0,0,0,0,0,0,1,1,0,1,1,1
2026-07-03T19:40:10.816,tof2,4x4,lying,2968,3269,-1,3311,-1,1483,-1,3455,932,1400,-1,1407,775,990,1098,1054,1,1,1,1,1,1,1,1,1,1,1,1,1,1,1,1
2026-07-03T19:40:10.918,tof1,4x4,lying,-1,-1,-1,-1,-1,-1,-1,-1,-1,-1,343,328,-1,-1,327,304,0,0,0,0,0,0,0,0,0,0,1,1,0,0,1,1
2026-07-03T19:40:10.980,tof2,4x4,lying,2999,3276,-1,3296,-1,1463,-1,3455,931,1371,-1,-1,783,982,1096,1054,1,1,0,1,0,1,0,1,1,1,1,0,1,1,1,1
2026-07-03T19:40:11.093,tof1,4x4,lying,-1,-1,-1,-1,-1,-1,374,-1,-1,417,344,330,-1,-1,328,305,0,0,0,0,0,0,1,0,0,1,1,1,0,0,1,1
2026-07-03T19:40:11.197,tof2,4x4,lying,2954,3254,-1,3333,-1,1462,2227,3483,945,1365,-1,-1,774,931,1111,1045,1,1,1,1,0,1,1,1,1,1,1,0,1,1,1,1
2026-07-03T19:40:11.308,tof1,4x4,lying,-1,-1,-1,-1,-1,-1,376,-1,-1,-1,347,328,-1,-1,328,306,0,0,0,0,0,0,1,0,0,0,1,1,0,0,1,1
2026-07-03T19:40:11.405,tof2,4x4,lying,3064,3255,-1,3342,-1,-1,-1,3470,926,1369,-1,-1,764,992,1098,1048,1,1,0,1,0,1,1,1,1,1,1,0,1,1,1,1
2026-07-03T19:40:11.508,tof1,4x4,lying,-1,-1,-1,-1,-1,-1,-1,-1,-1,-1,344,331,-1,-1,328,306,0,0,0,0,0,0,0,0,0,0,1,1,0,0,1,1
2026-07-03T19:40:11.715,tof1,4x4,lying,-1,-1,-1,-1,-1,-1,-1,-1,-1,-1,346,329,-1,-1,328,306,1,0,0,0,0,0,0,0,0,0,1,1,0,0,1,1
2026-07-03T19:40:11.626,tof2,4x4,lying,2971,3270,-1,3345,-1,1485,-1,3534,973,1379,1570,-1,772,958,-1,1035,1,1,0,1,0,1,0,1,1,1,1,0,1,1,1,1
2026-07-03T19:40:11.810,tof2,4x4,lying,3010,3259,-1,3300,-1,1484,-1,3487,935,1390,-1,-1,780,973,1108,1054,1,1,0,1,0,1,0,1,1,1,1,0,1,1,1,1
2026-07-03T19:40:11.920,tof1,4x4,lying,-1,-1,-1,-1,-1,-1,-1,-1,-1,-1,345,327,-1,-1,327,305,0,0,0,0,0,0,0,0,0,0,1,1,0,0,1,1
2026-07-03T19:40:11.981,tof2,4x4,lying,3012,3251,-1,3323,-1,1467,2176,3488,926,1365,-1,-1,775,1002,1112,1053,1,1,0,1,1,1,1,1,1,1,1,0,1,1,1,1
2026-07-03T19:40:12.126,tof1,4x4,lying,-1,-1,-1,-1,-1,-1,-1,-1,-1,418,346,328,-1,468,328,305,0,0,0,0,0,0,0,0,0,1,1,1,0,1,1,1
2026-07-03T19:40:12.138,tof2,4x4,lying,2963,3260,-1,3309,2117,1500,-1,3488,913,1373,-1,-1,774,996,1093,1057,1,1,0,1,1,1,0,1,1,1,1,1,1,1,1,1
2026-07-03T19:40:12.312,tof1,4x4,lying,-1,-1,-1,-1,-1,-1,-1,-1,-1,-1,346,330,-1,-1,329,305,0,0,0,0,0,0,0,0,0,0,1,1,0,0,1,1
2026-07-03T19:40:12.333,tof2,4x4,lying,3030,3255,-1,3304,-1,1477,2149,3404,947,1144,1549,-1,788,955,1102,1053,1,1,0,1,0,1,1,1,1,1,1,0,1,1,1,1
2026-07-03T19:40:12.484,tof1,4x4,lying,-1,-1,-1,-1,-1,-1,-1,-1,-1,-1,347,328,-1,-1,329,306,0,0,0,0,0,0,0,0,0,0,1,1,0,0,1,1
2026-07-03T19:40:12.518,tof2,4x4,lying,2944,3269,3340,3326,-1,1505,-1,3562,940,1371,-1,-1,775,998,1093,1035,1,1,1,1,1,1,1,1,1,1,1,0,1,1,1,1
2026-07-03T19:40:12.650,tof1,4x4,lying,-1,-1,-1,-1,-1,-1,-1,-1,-1,-1,346,327,-1,-1,327,306,0,0,0,0,0,0,0,0,0,0,1,1,0,0,1,1
2026-07-03T19:40:12.717,tof2,4x4,lying,2948,3274,-1,3317,-1,1484,2146,3504,937,1375,1486,-1,777,-1,-1,1053,1,1,0,1,0,1,1,1,1,1,1,1,1,1,1,1
2026-07-03T19:40:12.843,tof1,4x4,lying,-1,-1,-1,-1,-1,-1,-1,-1,-1,-1,346,329,-1,-1,329,305,0,0,1,0,0,0,0,0,0,0,1,1,0,0,1,1
2026-07-03T19:40:12.886,tof2,4x4,lying,3012,3265,-1,3360,-1,1464,2125,3505,929,1403,1568,-1,800,-1,1111,1053,1,1,1,1,0,1,1,1,1,1,1,0,1,1,1,1
2026-07-03T19:40:13.028,tof1,4x4,lying,-1,-1,-1,-1,-1,-1,-1,-1,-1,-1,344,328,-1,-1,328,305,0,0,0,0,0,0,0,0,0,0,1,1,0,0,1,1
2026-07-03T19:40:13.064,tof2,4x4,lying,3000,3242,-1,3345,2130,1491,-1,3456,924,1431,-1,-1,783,983,1104,1046,1,1,0,1,1,1,1,1,1,1,1,0,1,1,1,1
2026-07-03T19:40:13.246,tof1,4x4,lying,-1,-1,-1,-1,-1,-1,369,-1,-1,-1,343,328,-1,-1,326,303,0,0,1,0,0,0,1,0,0,0,1,1,0,0,1,1
2026-07-03T19:40:13.261,tof2,4x4,lying,2964,3259,-1,3309,2107,1494,2219,3533,951,1389,-1,-1,757,993,1113,1052,1,1,0,1,1,1,1,1,1,1,1,0,1,1,1,1
2026-07-03T19:40:13.455,tof1,4x4,lying,-1,-1,-1,-1,-1,-1,-1,-1,-1,-1,343,329,-1,-1,325,305,0,0,0,0,0,0,0,0,0,0,1,1,0,0,1,1
2026-07-03T19:40:13.464,tof2,4x4,lying,3025,3262,-1,3328,-1,1499,-1,3441,943,1402,1512,-1,790,961,-1,1057,1,1,0,1,0,1,1,1,1,1,1,1,1,1,1,1
2026-07-03T19:40:13.731,tof1,4x4,lying,-1,-1,-1,-1,-1,-1,-1,-1,-1,412,346,327,-1,-1,327,306,0,0,0,0,0,0,0,0,0,1,1,1,0,0,1,1
2026-07-03T19:40:13.733,tof2,4x4,lying,3003,3256,-1,3330,-1,1471,-1,3484,929,1385,-1,1217,785,949,1088,1048,1,1,0,1,1,1,0,1,1,1,1,1,1,1,1,1
2026-07-03T19:40:13.941,tof1,4x4,lying,-1,-1,-1,-1,-1,-1,370,-1,-1,415,344,328,-1,-1,329,306,0,1,0,0,0,0,1,0,0,1,1,1,0,0,1,1
2026-07-03T19:40:13.963,tof2,4x4,lying,2964,3259,-1,3320,-1,1481,-1,3493,909,1339,1537,-1,786,997,1108,1028,1,1,0,1,0,1,1,1,1,1,1,1,1,1,1,1
2026-07-03T19:40:14.179,tof1,4x4,lying,-1,-1,-1,-1,-1,-1,374,-1,-1,424,343,328,-1,-1,329,303,0,0,0,0,0,0,1,0,0,1,1,1,0,0,1,1
2026-07-03T19:40:14.177,tof2,4x4,lying,3006,3259,-1,3296,-1,1494,-1,3515,947,1421,1534,-1,761,985,1099,1056,1,1,0,1,0,1,0,1,1,1,1,0,1,1,1,1
2026-07-03T19:40:14.385,tof2,4x4,lying,2981,3260,-1,-1,-1,-1,-1,3458,946,1364,-1,-1,791,976,1106,1041,1,1,1,1,0,0,0,1,1,1,1,1,1,1,1,1
2026-07-03T19:40:14.691,tof2,4x4,lying,2962,3250,-1,3303,-1,1499,2142,3464,934,1407,-1,-1,793,968,-1,1055,1,1,1,1,0,1,1,1,1,1,1,0,1,1,1,1
2026-07-03T19:40:14.767,tof1,4x4,lying,-1,-1,-1,-1,-1,-1,-1,-1,-1,-1,342,328,-1,-1,328,305,0,0,0,0,0,0,0,0,0,0,1,1,0,0,1,1
2026-07-03T19:40:14.885,tof2,4x4,lying,3087,3269,-1,3314,-1,-1,-1,3492,960,1365,-1,-1,780,995,-1,1054,1,1,0,1,0,1,0,1,1,1,1,0,1,1,1,1
2026-07-03T19:40:14.932,tof1,4x4,lying,-1,-1,-1,-1,-1,-1,372,-1,-1,-1,342,331,-1,-1,329,303,0,0,0,0,0,0,1,0,0,0,1,1,0,0,1,1
2026-07-03T19:40:15.041,tof2,4x4,lying,3062,3247,-1,3324,-1,-1,2145,2891,959,1355,1583,-1,793,978,1109,1050,1,1,1,1,0,0,1,1,1,1,1,1,1,1,1,1
2026-07-03T19:40:15.113,tof1,4x4,lying,-1,-1,-1,-1,-1,-1,370,-1,-1,-1,345,330,-1,458,332,304,0,0,0,0,0,0,1,0,0,0,1,1,0,1,1,1
2026-07-03T19:40:15.297,tof1,4x4,lying,-1,-1,-1,-1,-1,-1,-1,-1,-1,-1,344,331,-1,-1,325,306,0,0,0,0,0,0,0,0,0,0,1,1,0,0,1,1
2026-07-03T19:40:15.253,tof2,4x4,lying,3051,3265,-1,3351,-1,-1,-1,3478,950,1366,-1,-1,775,961,1110,1049,1,1,0,1,0,0,1,1,1,1,1,0,1,1,1,1
2026-07-03T19:40:15.434,tof2,4x4,lying,3023,3269,-1,3317,1433,-1,-1,3498,927,1377,1594,-1,778,997,1098,1043,1,1,1,1,1,1,0,1,1,1,1,0,1,1,1,1
2026-07-03T19:40:15.496,tof1,4x4,lying,-1,-1,-1,-1,-1,-1,-1,-1,-1,-1,344,328,-1,-1,327,303,0,0,0,0,0,0,0,0,0,0,1,1,0,0,1,1
2026-07-03T19:40:15.683,tof1,4x4,lying,-1,-1,-1,-1,-1,-1,-1,-1,-1,-1,347,331,-1,-1,327,306,0,0,0,0,0,0,0,0,0,0,1,1,0,0,1,1
2026-07-03T19:40:15.619,tof2,4x4,lying,-1,3253,-1,3310,-1,1485,-1,3517,944,1401,1544,-1,768,966,1111,1042,0,1,0,1,0,1,0,1,1,1,1,0,1,1,1,1
2026-07-03T19:40:15.796,tof2,4x4,lying,2959,3259,-1,3325,-1,-1,-1,3554,958,1384,-1,-1,787,947,1092,1044,1,1,0,1,0,0,1,1,1,1,1,0,1,1,1,1
2026-07-03T19:40:15.908,tof1,4x4,lying,-1,-1,-1,-1,-1,-1,-1,-1,-1,-1,349,330,-1,-1,326,305,0,0,0,0,0,0,0,0,0,0,1,1,0,0,1,1
2026-07-03T19:40:15.986,tof2,4x4,lying,2982,3279,-1,3302,-1,-1,1440,3385,941,1358,-1,-1,776,986,1099,1047,1,1,0,1,1,1,1,1,1,1,1,0,1,1,1,1
2026-07-03T19:40:16.096,tof1,4x4,lying,-1,-1,-1,-1,-1,-1,-1,-1,-1,-1,346,329,-1,461,329,305,0,0,0,1,0,0,0,0,0,0,1,1,0,1,1,1
2026-07-03T19:40:16.156,tof2,4x4,lying,2953,3267,-1,3348,-1,1452,2182,3535,938,1410,-1,-1,771,949,1107,1045,1,1,0,1,0,1,1,1,1,1,1,0,1,1,1,1
2026-07-03T19:40:16.268,tof1,4x4,lying,-1,-1,-1,-1,-1,-1,-1,-1,-1,-1,346,329,-1,-1,329,305,0,0,0,1,0,0,0,0,0,0,1,1,0,0,1,1
2026-07-03T19:40:16.361,tof2,4x4,lying,3054,3267,-1,3332,-1,-1,2153,3466,926,1402,1595,-1,778,960,-1,1047,1,1,0,1,0,0,1,1,1,1,1,0,1,1,1,1
2026-07-03T19:40:16.462,tof1,4x4,lying,-1,-1,-1,-1,-1,-1,-1,-1,-1,-1,346,331,-1,-1,328,305,0,0,0,0,0,0,0,0,0,0,1,1,0,0,1,1
2026-07-03T19:40:16.544,tof2,4x4,lying,3035,3268,-1,3305,-1,1509,-1,3500,928,1358,-1,-1,788,994,1096,1049,1,1,0,1,0,1,0,1,1,1,1,1,1,1,1,1
2026-07-03T19:40:16.656,tof1,4x4,lying,-1,-1,-1,-1,-1,-1,-1,-1,-1,-1,344,331,-1,-1,327,305,0,0,0,0,0,0,0,0,0,0,1,1,0,0,1,1
2026-07-03T19:40:16.753,tof2,4x4,lying,-1,3233,-1,3328,-1,1522,-1,3524,943,1364,1567,-1,785,944,1103,1053,1,1,0,1,0,1,1,1,1,1,1,0,1,1,1,1
2026-07-03T19:40:16.848,tof1,4x4,lying,-1,-1,-1,-1,-1,-1,-1,-1,-1,-1,344,329,-1,-1,329,304,0,0,0,0,0,0,0,0,0,0,1,1,0,0,1,1
2026-07-03T19:40:16.939,tof2,4x4,lying,2955,3260,-1,3297,-1,1480,-1,3463,946,1368,1551,-1,762,-1,1101,1045,1,1,0,1,1,1,1,1,1,1,1,0,1,1,1,1
2026-07-03T19:40:17.043,tof1,4x4,lying,-1,-1,-1,-1,-1,-1,-1,-1,-1,-1,345,330,-1,460,327,307,0,0,0,0,0,0,0,0,0,0,1,1,0,1,1,1
2026-07-03T19:40:17.117,tof2,4x4,lying,2966,3266,-1,3309,-1,1488,-1,3489,929,1389,1591,-1,785,-1,1104,1067,1,1,0,1,0,1,1,1,1,1,1,1,1,1,1,1
2026-07-03T19:40:17.227,tof1,4x4,lying,-1,-1,-1,-1,-1,-1,-1,-1,-1,415,345,329,-1,-1,326,306,0,0,0,0,0,0,0,0,0,1,1,1,0,0,1,1
2026-07-03T19:40:17.283,tof2,4x4,lying,-1,3257,-1,3289,-1,1489,2161,3497,922,1423,1513,-1,783,-1,1100,1043,0,1,1,1,0,1,1,1,1,1,1,0,1,1,1,1
2026-07-03T19:40:17.415,tof1,4x4,lying,-1,-1,-1,-1,-1,-1,-1,-1,-1,-1,343,328,-1,-1,326,306,0,0,0,0,0,0,0,0,0,0,1,1,0,0,1,1
2026-07-03T19:40:17.455,tof2,4x4,lying,3025,3268,3252,3370,-1,1463,-1,2880,960,1404,-1,1431,763,948,1104,1051,1,1,1,1,0,1,0,1,1,1,1,1,1,1,1,1
2026-07-03T19:40:17.571,tof1,4x4,lying,-1,-1,-1,-1,-1,-1,369,-1,-1,-1,344,326,-1,-1,325,305,0,0,0,0,0,0,1,0,0,0,1,1,0,0,1,1
2026-07-03T19:40:17.639,tof2,4x4,lying,2984,3270,-1,3302,-1,1477,2115,3496,938,1361,-1,-1,783,-1,-1,1058,1,1,0,1,0,1,1,1,1,1,1,0,1,1,1,1
2026-07-03T19:40:17.761,tof1,4x4,lying,-1,-1,-1,-1,-1,-1,367,-1,-1,417,343,331,-1,-1,323,304,0,0,0,0,0,0,1,0,0,1,1,1,0,0,1,1
2026-07-03T19:40:17.796,tof2,4x4,lying,2985,3262,-1,3321,-1,1490,2171,3504,938,1391,-1,-1,785,976,1113,1046,1,1,0,1,0,1,1,1,1,1,1,0,1,1,1,1
2026-07-03T19:40:17.935,tof1,4x4,lying,-1,-1,-1,-1,-1,-1,371,-1,-1,413,342,327,-1,-1,325,305,0,0,0,0,0,0,1,0,0,1,1,1,0,0,1,1
2026-07-03T19:40:17.984,tof2,4x4,lying,3013,3248,-1,3296,-1,1453,-1,3446,935,1454,1507,-1,777,974,1101,1038,1,1,1,1,0,1,1,1,1,1,1,0,1,1,1,1
2026-07-03T19:40:18.092,tof1,4x4,lying,3412,-1,-1,-1,-1,-1,-1,-1,-1,416,343,327,-1,-1,327,305,1,0,0,0,0,0,0,0,0,1,1,1,0,0,1,1
2026-07-03T19:40:18.270,tof1,4x4,lying,-1,-1,-1,-1,-1,-1,370,-1,-1,417,344,327,-1,465,326,303,0,0,0,0,0,0,1,0,0,1,1,1,0,1,1,1
2026-07-03T19:40:18.442,tof1,4x4,lying,-1,-1,-1,-1,-1,-1,372,-1,-1,412,343,328,-1,-1,327,305,0,0,0,0,0,0,1,0,0,1,1,1,0,0,1,1
2026-07-03T19:40:18.615,tof1,4x4,lying,-1,-1,-1,-1,-1,-1,366,-1,-1,414,343,328,-1,-1,324,305,0,0,0,0,0,0,1,0,0,1,1,1,0,0,1,1
2026-07-03T19:40:18.644,tof2,4x4,lying,2960,3246,-1,3296,2137,1482,2159,2795,946,1377,-1,-1,770,-1,1102,1050,1,1,1,1,1,1,1,1,1,1,1,0,1,1,1,1
2026-07-03T19:40:18.785,tof1,4x4,lying,-1,-1,-1,-1,-1,-1,366,-1,-1,414,344,327,-1,458,327,303,0,0,0,0,0,0,1,0,0,1,1,1,0,1,1,1
2026-07-03T19:40:18.814,tof2,4x4,lying,2957,3268,-1,3330,-1,1462,-1,3492,934,1377,-1,1294,789,984,1103,1042,1,1,1,1,0,1,0,1,1,1,1,1,1,1,1,1
2026-07-03T19:40:18.950,tof1,4x4,lying,-1,-1,-1,-1,-1,-1,370,-1,-1,409,343,329,-1,-1,326,304,0,0,0,0,0,0,1,0,0,1,1,1,0,0,1,1
2026-07-03T19:40:18.981,tof2,4x4,lying,3036,3254,-1,3303,-1,1477,2180,3545,958,1374,-1,1429,763,944,1113,1054,1,1,0,1,0,1,1,1,1,1,1,1,1,1,1,1
2026-07-03T19:40:19.124,tof1,4x4,lying,-1,-1,-1,-1,-1,-1,-1,-1,-1,-1,344,326,-1,-1,326,304,1,0,0,0,0,0,0,0,0,0,1,1,0,0,1,1
2026-07-03T19:40:19.142,tof2,4x4,lying,3066,3249,-1,3347,-1,1473,2184,3403,946,1376,-1,-1,763,1006,-1,1055,1,1,0,1,0,1,1,1,1,1,1,0,1,1,1,1
2026-07-03T19:40:19.307,tof1,4x4,lying,-1,-1,-1,-1,-1,-1,-1,-1,-1,-1,344,329,-1,-1,329,305,0,0,0,0,0,0,0,0,0,0,1,1,0,0,1,1
2026-07-03T19:40:19.313,tof2,4x4,lying,2920,3257,-1,3305,-1,1497,-1,3510,942,1430,-1,-1,765,935,-1,1055,1,1,0,1,0,1,1,1,1,1,1,0,1,1,1,1
2026-07-03T19:40:19.489,tof1,4x4,lying,-1,-1,-1,-1,-1,-1,-1,-1,-1,-1,345,332,-1,-1,328,303,0,0,0,0,0,0,0,0,0,0,1,1,0,0,1,1
2026-07-03T19:40:19.504,tof2,4x4,lying,3014,3245,-1,3309,-1,1513,2222,3442,940,1374,1504,-1,774,-1,1092,1038,1,1,0,1,0,1,1,1,1,1,1,0,1,1,1,1
2026-07-03T19:40:19.682,tof1,4x4,lying,-1,-1,-1,-1,-1,-1,368,-1,-1,-1,344,330,-1,-1,324,303,0,0,0,0,0,0,1,0,0,1,1,1,0,0,1,1
2026-07-03T19:40:19.690,tof2,4x4,lying,2920,3252,-1,3355,-1,1473,-1,3475,948,1372,1553,1429,760,1005,1103,1052,1,1,0,1,0,1,0,1,1,1,1,1,1,1,1,1
2026-07-03T19:40:19.899,tof1,4x4,lying,-1,-1,-1,-1,-1,-1,-1,-1,-1,408,345,329,-1,-1,324,304,1,0,0,0,0,0,0,0,0,1,1,1,0,0,1,1
2026-07-03T19:40:19.900,tof2,4x4,lying,2965,3268,-1,3281,2136,1478,-1,3461,949,1379,1560,-1,779,989,1113,1043,1,1,0,1,1,1,0,1,1,1,1,0,1,1,1,1
2026-07-03T19:40:20.078,tof2,4x4,lying,-1,3255,-1,3327,2107,1467,2180,3505,948,1380,1581,-1,766,981,1104,1037,0,1,0,1,1,1,1,1,1,1,1,0,1,1,1,1
2026-07-03T19:40:20.121,tof1,4x4,lying,-1,-1,-1,-1,-1,-1,372,-1,-1,-1,346,330,-1,-1,327,305,0,0,0,0,0,0,1,0,0,0,1,1,0,0,1,1
2026-07-03T19:40:20.301,tof2,4x4,lying,3040,3260,-1,3322,-1,1471,-1,3546,948,1392,1585,-1,762,931,1102,1049,1,1,1,1,0,1,1,1,1,1,1,0,1,1,1,1
2026-07-03T19:40:20.323,tof1,4x4,lying,-1,-1,-1,-1,-1,-1,371,-1,-1,416,344,329,-1,456,325,305,0,0,0,0,0,0,1,0,0,1,1,1,0,1,1,1
2026-07-03T19:40:20.478,tof2,4x4,lying,3000,3256,-1,3304,-1,1502,2172,3446,959,1409,1556,-1,782,952,-1,1052,1,1,0,1,0,1,1,1,1,1,1,0,1,1,1,1
2026-07-03T19:40:20.523,tof1,4x4,lying,-1,-1,-1,-1,-1,-1,-1,-1,-1,-1,348,327,-1,-1,326,304,0,0,0,0,0,0,0,0,0,0,1,1,0,0,1,1
2026-07-03T19:40:20.691,tof1,4x4,lying,-1,-1,-1,-1,-1,-1,-1,-1,-1,-1,346,329,-1,-1,327,304,0,0,0,0,0,0,0,0,0,0,1,1,0,0,1,1
2026-07-03T19:40:20.664,tof2,4x4,lying,2992,3262,-1,3350,-1,1489,-1,3486,942,1352,1526,-1,780,957,1104,1053,1,1,0,1,0,1,0,1,1,1,1,0,1,1,1,1
2026-07-03T19:40:20.909,tof1,4x4,lying,-1,-1,-1,-1,-1,-1,367,-1,-1,-1,345,330,-1,-1,331,305,0,0,0,0,0,0,1,0,0,0,1,1,0,0,1,1
2026-07-03T19:40:20.908,tof2,4x4,lying,-1,3265,-1,3335,-1,1458,2182,3461,957,1370,-1,-1,755,952,-1,1052,1,1,0,1,0,1,1,1,1,1,1,0,1,1,1,1
2026-07-03T19:40:21.094,tof2,4x4,lying,2983,3256,-1,3303,-1,-1,2198,3498,939,1397,-1,-1,766,-1,-1,1046,1,1,0,1,0,1,1,1,1,1,1,0,1,1,1,1
2026-07-03T19:40:21.134,tof1,4x4,lying,-1,-1,-1,-1,-1,-1,370,-1,-1,407,343,328,-1,-1,328,303,0,0,0,0,0,0,1,0,0,1,1,1,0,0,1,1
2026-07-03T19:40:21.265,tof2,4x4,lying,2941,3268,3295,3321,-1,1484,2126,3461,950,1367,1583,-1,787,951,1102,1058,1,1,1,1,0,1,1,1,1,1,1,0,1,1,1,1
2026-07-03T19:40:21.312,tof1,4x4,lying,-1,-1,-1,-1,-1,-1,368,-1,-1,408,343,328,-1,-1,326,302,0,0,0,0,0,0,1,0,0,1,1,1,0,0,1,1
2026-07-03T19:40:21.485,tof1,4x4,lying,-1,-1,-1,-1,-1,-1,368,-1,-1,407,342,327,-1,-1,325,305,0,0,0,0,0,0,1,0,0,1,1,1,0,0,1,1
2026-07-03T19:40:21.438,tof2,4x4,lying,2930,3258,-1,3330,2174,1455,-1,3430,926,1395,1548,-1,761,-1,1099,1051,1,1,0,1,1,1,1,1,1,1,1,1,1,1,1,1
2026-07-03T19:40:21.625,tof2,4x4,lying,3030,3252,-1,3303,-1,1485,2165,3521,930,1392,1536,-1,768,-1,1109,-1,1,1,1,1,1,1,1,1,1,1,1,0,1,1,1,1
2026-07-03T19:40:21.676,tof1,4x4,lying,-1,-1,-1,-1,-1,-1,365,-1,-1,413,339,328,-1,-1,325,305,0,0,0,0,0,0,1,0,0,1,1,1,0,0,1,1
2026-07-03T19:40:21.792,tof2,4x4,lying,2919,3257,-1,3308,-1,1486,2205,3440,945,1416,1564,-1,777,-1,1105,1038,1,1,0,1,0,1,1,1,1,1,1,0,1,1,1,1
2026-07-03T19:40:21.847,tof1,4x4,lying,-1,-1,-1,-1,-1,-1,367,-1,-1,404,341,325,-1,-1,325,305,0,0,0,0,0,0,1,0,0,1,1,1,0,0,1,1
2026-07-03T19:40:22.006,tof1,4x4,lying,-1,-1,-1,-1,-1,-1,367,-1,-1,403,342,328,-1,-1,327,303,0,0,0,0,0,0,1,0,0,1,1,1,0,0,1,1
2026-07-03T19:40:21.951,tof2,4x4,lying,3009,3258,-1,3305,-1,1464,-1,2813,964,1382,-1,-1,763,1002,1110,-1,1,1,1,1,0,1,0,1,1,1,1,0,1,1,1,1
2026-07-03T19:40:22.113,tof2,4x4,lying,2966,3245,-1,3306,-1,1468,2148,3526,940,1375,1497,-1,770,-1,-1,1052,1,1,1,1,0,1,1,1,1,1,1,0,1,1,1,1
2026-07-03T19:40:22.175,tof1,4x4,lying,-1,-1,-1,-1,-1,-1,371,-1,-1,407,340,328,-1,-1,328,304,0,0,0,0,0,0,1,0,0,1,1,1,0,0,1,1
2026-07-03T19:40:22.268,tof2,4x4,lying,2991,3270,-1,3324,-1,1481,2172,2840,947,1344,1597,-1,762,964,1108,1057,1,1,0,1,0,1,1,1,1,1,1,1,1,1,1,1
2026-07-03T19:40:22.339,tof1,4x4,lying,-1,-1,-1,-1,-1,-1,364,-1,-1,407,342,326,-1,459,325,303,0,0,0,0,0,0,1,0,0,1,1,1,0,1,1,1
2026-07-03T19:40:22.434,tof2,4x4,lying,2956,3249,-1,3311,-1,1468,2177,3534,939,1333,-1,1312,775,987,1099,1052,1,1,0,1,0,1,1,1,1,1,1,1,1,1,1,1
2026-07-03T19:40:22.494,tof1,4x4,lying,-1,-1,-1,-1,-1,-1,365,-1,-1,409,340,326,-1,-1,327,303,0,0,0,0,0,0,1,0,0,1,1,1,0,0,1,1
2026-07-03T19:40:22.594,tof2,4x4,lying,2979,3268,-1,3326,-1,1474,-1,3494,943,1362,-1,-1,766,-1,1113,1050,1,1,0,1,0,1,0,1,1,1,1,0,1,1,1,1
2026-07-03T19:40:22.689,tof1,4x4,lying,-1,-1,-1,-1,-1,-1,369,-1,-1,407,341,329,-1,-1,327,305,0,0,0,0,0,0,1,0,0,1,1,1,0,0,1,1
2026-07-03T19:40:22.802,tof2,4x4,lying,2947,3261,-1,3308,-1,1494,2200,3456,920,1359,-1,-1,781,943,1102,1047,1,1,0,1,0,1,1,1,1,1,1,0,1,1,1,1
2026-07-03T19:40:22.867,tof1,4x4,lying,-1,-1,-1,-1,-1,-1,367,-1,-1,409,342,327,-1,462,326,306,0,0,0,0,0,0,1,0,0,1,1,1,0,1,1,1
2026-07-03T19:40:22.959,tof2,4x4,lying,2904,3249,3376,3286,-1,1482,2225,3451,926,1376,-1,-1,774,977,1107,1053,1,1,1,1,0,1,1,1,1,1,1,0,1,1,1,1
2026-07-03T19:40:23.034,tof1,4x4,lying,-1,-1,-1,-1,-1,-1,367,-1,-1,410,343,328,-1,-1,328,304,0,0,0,0,0,0,1,0,0,1,1,1,0,0,1,1
2026-07-03T19:40:23.117,tof2,4x4,lying,-1,3264,-1,3313,-1,1470,2135,3573,931,1356,1592,-1,780,967,1103,1039,1,1,1,1,0,1,1,1,1,1,1,0,1,1,1,1
2026-07-03T19:40:23.277,tof2,4x4,lying,2974,3257,-1,3291,-1,1500,2151,3500,931,1373,1618,-1,777,986,1108,1058,1,1,0,1,0,1,1,1,1,1,1,0,1,1,1,1
2026-07-03T19:40:23.426,tof2,4x4,lying,2921,3274,-1,3340,-1,1478,2209,3506,956,1365,1492,-1,772,-1,-1,1047,1,1,0,1,0,1,1,1,1,1,1,0,1,1,1,1
2026-07-03T19:40:23.593,tof2,4x4,lying,2914,3246,3318,3304,-1,1476,2215,3505,957,1369,1659,-1,773,-1,1098,1065,1,1,1,1,0,1,1,1,1,1,1,1,1,1,1,1
2026-07-03T19:40:23.740,tof2,4x4,lying,3000,3244,3346,3328,-1,1488,2226,2807,945,1375,-1,-1,783,962,1108,1059,1,1,1,1,0,1,1,1,1,1,1,1,1,1,1,1
2026-07-03T19:40:23.907,tof2,4x4,lying,2949,3284,-1,3315,-1,1500,-1,3462,949,1373,-1,-1,760,-1,1104,1041,1,1,0,1,0,1,1,1,1,1,1,1,1,1,1,1
2026-07-03T19:40:24.100,tof2,4x4,lying,-1,3263,-1,3296,-1,1501,-1,3480,940,1369,1606,-1,757,951,1103,1066,1,1,1,1,0,1,1,1,1,1,1,1,1,1,1,1
2026-07-03T19:40:24.271,tof2,4x4,lying,3010,3256,-1,3308,-1,1485,-1,3466,934,1384,-1,-1,776,969,1107,1053,1,1,0,1,1,1,1,1,1,1,1,0,1,1,1,1
2026-07-03T19:40:24.446,tof2,4x4,lying,3008,3258,-1,3299,-1,1475,2160,3456,915,1401,-1,-1,757,-1,1098,1056,1,1,0,1,0,1,1,1,1,1,1,0,1,1,1,1
2026-07-03T19:40:24.551,tof1,4x4,lying,-1,-1,-1,-1,-1,-1,367,-1,-1,408,342,327,-1,459,325,305,0,0,0,0,0,0,1,0,0,1,1,1,0,1,1,1
2026-07-03T19:40:24.622,tof2,4x4,lying,2996,3243,-1,3333,-1,1463,2171,3486,966,1417,1458,-1,763,994,1121,1060,1,1,0,1,1,1,1,1,1,1,1,0,1,1,1,1
2026-07-03T19:40:24.718,tof1,4x4,lying,-1,-1,-1,-1,-1,-1,371,-1,-1,-1,348,330,-1,-1,331,306,0,0,0,0,0,0,1,0,0,0,1,1,0,0,1,1
2026-07-03T19:40:24.801,tof2,4x4,lying,2993,3255,-1,3288,-1,-1,2190,3519,949,1390,1617,-1,778,986,1102,1055,1,1,1,1,0,0,1,1,1,1,1,0,1,1,1,1
2026-07-03T19:40:24.898,tof1,4x4,lying,-1,-1,-1,-1,-1,-1,371,-1,-1,-1,343,331,-1,444,327,304,0,0,0,0,0,0,1,0,0,0,1,1,0,1,1,1
2026-07-03T19:40:25.054,tof1,4x4,lying,-1,-1,-1,-1,-1,-1,369,-1,-1,408,344,329,-1,-1,327,304,0,0,0,0,0,0,1,0,0,1,1,1,0,0,1,1
2026-07-03T19:40:24.982,tof2,4x4,lying,3034,3253,-1,3320,-1,-1,-1,3508,933,1349,1528,1257,778,-1,-1,1059,1,1,0,1,0,0,0,1,1,1,1,1,1,1,1,1
2026-07-03T19:40:25.142,tof2,4x4,lying,3028,3247,-1,3305,-1,-1,-1,3473,937,1426,-1,-1,785,-1,1089,1047,1,1,0,1,0,1,1,1,1,1,1,0,1,1,1,1
2026-07-03T19:40:25.241,tof1,4x4,lying,-1,-1,-1,-1,-1,-1,-1,-1,-1,-1,344,329,-1,-1,328,305,0,0,0,1,0,0,0,0,0,0,1,1,0,0,1,1
2026-07-03T19:40:25.339,tof2,4x4,lying,2971,3258,-1,3297,-1,-1,-1,3452,948,1367,-1,-1,793,984,-1,1063,1,1,0,1,0,0,0,1,1,1,1,0,1,1,1,1
2026-07-03T19:40:25.452,tof1,4x4,lying,-1,-1,-1,-1,-1,-1,369,-1,-1,404,343,328,-1,-1,326,303,0,0,0,0,0,0,1,0,0,1,1,1,0,0,1,1
2026-07-03T19:40:25.646,tof1,4x4,lying,-1,-1,-1,-1,-1,-1,372,-1,-1,407,343,330,-1,-1,328,304,0,1,0,0,0,0,1,0,0,1,1,1,0,0,1,1
2026-07-03T19:40:25.555,tof2,4x4,lying,2980,3269,3299,3315,-1,1466,-1,2816,949,1399,1648,-1,784,974,1104,1047,1,1,1,1,0,1,0,1,1,1,1,0,1,1,1,1
2026-07-03T19:40:25.826,tof1,4x4,lying,-1,-1,-1,-1,-1,-1,369,-1,-1,412,346,328,-1,-1,325,303,0,0,0,0,0,0,1,0,0,1,1,1,0,0,1,1
2026-07-03T19:40:25.761,tof2,4x4,lying,2985,3251,3315,3335,2105,1470,-1,3462,940,1355,-1,-1,791,957,-1,1051,1,1,1,1,1,1,0,1,1,1,1,0,1,1,1,1
2026-07-03T19:40:25.988,tof1,4x4,lying,-1,-1,-1,-1,-1,-1,372,-1,-1,407,342,328,-1,-1,323,306,1,0,0,0,0,0,1,0,0,1,1,1,0,0,1,1
2026-07-03T19:40:25.951,tof2,4x4,lying,-1,3255,-1,3308,-1,1478,-1,3470,940,1429,1521,-1,784,963,-1,1041,0,1,0,1,1,1,0,1,1,1,1,1,1,1,1,1
2026-07-03T19:40:26.161,tof1,4x4,lying,-1,-1,-1,-1,-1,-1,372,-1,-1,406,340,326,-1,-1,329,303,0,0,0,0,0,0,1,0,0,1,1,1,0,0,1,1
2026-07-03T19:40:26.149,tof2,4x4,lying,3036,3257,-1,3323,-1,1473,-1,3467,969,1389,1462,-1,780,-1,1112,1049,1,1,1,1,0,1,1,1,1,1,1,0,1,1,1,1
2026-07-03T19:40:26.344,tof1,4x4,lying,-1,-1,-1,-1,-1,-1,371,-1,-1,410,341,326,-1,-1,326,304,1,0,0,0,0,0,1,0,0,1,1,1,0,0,1,1
2026-07-03T19:40:26.322,tof2,4x4,lying,-1,3262,-1,3355,-1,1480,2155,2832,932,1398,-1,-1,784,964,1109,1046,0,1,0,1,0,1,1,1,1,1,1,1,1,1,1,1
2026-07-03T19:40:26.486,tof2,4x4,lying,3042,3258,-1,3337,-1,1464,2155,3433,920,1405,-1,-1,771,992,-1,1038,1,1,1,1,0,1,1,1,1,1,1,0,1,1,1,1
2026-07-03T19:40:26.540,tof1,4x4,lying,-1,-1,-1,-1,-1,-1,365,-1,-1,400,340,327,-1,-1,327,303,0,0,0,0,0,0,1,0,0,1,1,1,0,0,1,1
2026-07-03T19:40:26.672,tof2,4x4,lying,2977,3266,-1,3340,-1,1480,2175,3558,937,1396,1461,-1,781,994,1102,1045,1,1,0,1,1,1,1,1,1,1,1,1,1,1,1,1
2026-07-03T19:40:26.732,tof1,4x4,lying,-1,-1,-1,-1,-1,-1,363,-1,-1,404,340,328,-1,-1,326,305,0,0,0,0,0,0,1,0,0,1,1,1,0,0,1,1
2026-07-03T19:40:26.834,tof2,4x4,lying,2962,3265,-1,3329,-1,1473,2203,2899,965,1363,-1,-1,806,-1,1104,1046,1,1,0,1,1,1,1,1,1,1,1,0,1,1,1,1
2026-07-03T19:40:26.897,tof1,4x4,lying,-1,-1,-1,-1,-1,-1,364,-1,-1,403,342,327,-1,-1,326,303,0,0,0,0,0,0,1,0,0,1,1,1,0,0,1,1
2026-07-03T19:40:26.988,tof2,4x4,lying,2991,3260,-1,3359,-1,1463,-1,3458,941,1381,1545,-1,769,987,1099,1062,1,1,0,1,0,1,0,1,1,1,1,1,1,1,1,1
2026-07-03T19:40:27.061,tof1,4x4,lying,-1,-1,-1,-1,-1,-1,366,-1,-1,408,343,328,-1,-1,324,304,0,0,0,0,0,0,1,0,0,1,1,1,0,0,1,1
2026-07-03T19:40:27.152,tof2,4x4,lying,2975,3255,-1,3322,2112,1491,2207,3442,942,1395,-1,-1,782,949,1104,1046,1,1,0,1,1,1,1,1,1,1,1,0,1,1,1,1
2026-07-03T19:40:27.246,tof1,4x4,lying,-1,-1,-1,-1,-1,-1,371,-1,-1,398,343,327,-1,-1,332,303,0,0,0,0,0,0,1,0,0,1,1,1,0,0,1,1
2026-07-03T19:40:27.319,tof2,4x4,lying,-1,3261,3273,3320,-1,1463,2120,3459,925,1364,1570,-1,765,-1,1102,1049,1,1,1,1,0,1,1,1,1,1,1,0,1,1,1,1
2026-07-03T19:40:27.424,tof1,4x4,lying,-1,-1,-1,-1,-1,-1,369,-1,-1,407,343,329,-1,-1,327,305,1,0,0,0,0,0,1,0,0,1,1,1,0,0,1,1
2026-07-03T19:40:27.481,tof2,4x4,lying,-1,3235,-1,3348,-1,1495,2167,3521,935,1414,-1,-1,775,-1,1107,1059,1,1,0,1,1,1,1,1,1,1,1,0,1,1,1,1
2026-07-03T19:40:27.599,tof1,4x4,lying,-1,-1,-1,-1,-1,-1,367,-1,-1,407,342,328,-1,-1,327,303,0,0,0,0,0,0,1,0,0,1,1,1,0,0,1,1
2026-07-03T19:40:27.654,tof2,4x4,lying,2989,3247,-1,3339,-1,1498,2174,3537,945,1389,1540,1253,765,972,1104,1053,1,1,0,1,0,1,1,1,1,1,1,1,1,1,1,1
2026-07-03T19:40:27.777,tof1,4x4,lying,-1,-1,-1,-1,-1,-1,-1,-1,-1,-1,344,329,-1,-1,328,304,0,0,0,0,0,0,0,0,0,0,1,1,0,0,1,1
2026-07-03T19:40:27.829,tof2,4x4,lying,2972,3258,-1,3318,-1,1478,2155,3450,921,1373,-1,-1,776,954,1104,1039,1,1,1,1,1,1,1,1,1,1,1,1,1,1,1,1
2026-07-03T19:40:27.950,tof1,4x4,lying,-1,-1,-1,-1,-1,-1,372,-1,-1,410,344,327,-1,-1,327,306,0,0,0,0,0,0,1,0,0,1,1,1,0,0,1,1
2026-07-03T19:40:28.006,tof2,4x4,lying,-1,3251,-1,3336,-1,1488,-1,3428,937,1380,-1,-1,755,955,1097,1044,1,1,0,1,0,1,1,1,1,1,1,0,1,1,1,1
2026-07-03T19:40:28.112,tof1,4x4,lying,-1,-1,-1,-1,-1,-1,368,-1,-1,404,345,331,-1,-1,326,303,0,0,0,0,0,0,1,0,0,1,1,1,0,0,1,1
2026-07-03T19:40:28.182,tof2,4x4,lying,2998,3263,-1,3338,-1,1496,2176,3488,943,1407,1499,-1,757,-1,1115,1049,1,1,1,1,0,1,1,1,1,1,1,0,1,1,1,1
2026-07-03T19:40:28.341,tof2,4x4,lying,-1,3258,-1,3268,-1,1470,2179,3500,935,1376,1494,-1,774,991,1108,1053,0,1,0,1,0,1,1,1,1,1,1,1,1,1,1,1
2026-07-03T19:40:28.390,tof1,4x4,lying,-1,-1,-1,-1,-1,-1,370,-1,-1,412,342,331,-1,-1,325,306,1,0,0,0,0,0,1,0,0,1,1,1,0,0,1,1
2026-07-03T19:40:28.550,tof1,4x4,lying,-1,-1,-1,-1,-1,-1,-1,-1,-1,399,343,330,-1,-1,328,303,0,0,0,0,0,0,0,0,0,1,1,1,0,0,1,1
2026-07-03T19:40:28.509,tof2,4x4,lying,3036,3257,-1,3289,-1,1477,-1,3467,947,1380,-1,-1,783,939,1100,1033,1,1,0,1,0,1,1,1,1,1,1,0,1,1,1,1
2026-07-03T19:40:28.726,tof1,4x4,lying,-1,-1,-1,-1,-1,-1,373,-1,-1,403,344,328,-1,-1,328,305,0,0,0,0,0,0,1,0,0,1,1,1,0,0,1,1
2026-07-03T19:40:28.696,tof2,4x4,lying,2995,3269,-1,3322,-1,1480,2255,3474,918,1397,1565,-1,776,986,1099,1047,1,1,0,1,0,1,1,1,1,1,1,0,1,1,1,1
2026-07-03T19:40:28.860,tof2,4x4,lying,2940,3278,3255,3333,-1,1495,-1,3469,937,1404,1626,-1,789,988,1099,1062,1,1,1,1,1,1,1,1,1,1,1,0,1,1,1,1
2026-07-03T19:40:29.513,tof2,4x4,lying,3017,3266,-1,3307,2160,1485,2141,3483,914,1377,-1,-1,775,992,1117,1044,1,1,0,1,1,1,1,1,1,1,1,0,1,1,1,1
2026-07-03T19:40:29.529,tof1,4x4,lying,-1,-1,-1,-1,-1,-1,-1,-1,-1,-1,344,331,-1,-1,328,304,0,0,0,0,0,0,0,0,0,0,1,1,0,0,1,1
2026-07-03T19:40:29.706,tof1,4x4,lying,-1,-1,-1,-1,-1,-1,370,-1,-1,409,343,331,-1,-1,330,302,1,0,0,0,0,0,1,0,0,1,1,1,0,0,1,1
2026-07-03T19:40:29.671,tof2,4x4,lying,3028,3249,-1,3302,-1,1486,-1,3518,917,1369,1515,-1,783,949,-1,1053,1,1,0,1,1,1,1,1,1,1,1,1,1,1,1,1
2026-07-03T19:40:29.879,tof1,4x4,lying,-1,-1,-1,-1,-1,-1,365,-1,-1,402,343,330,-1,-1,330,305,0,0,0,0,0,0,1,0,0,1,1,1,0,0,1,1
2026-07-03T19:40:29.837,tof2,4x4,lying,3049,3270,-1,3317,-1,1474,2156,3455,939,1378,-1,-1,768,949,1106,1059,1,1,0,1,1,1,1,1,1,1,1,0,1,1,1,1
2026-07-03T19:40:30.056,tof1,4x4,lying,-1,-1,-1,-1,-1,-1,367,-1,-1,407,343,328,-1,-1,325,304,0,0,0,0,0,0,1,0,0,1,1,1,0,0,1,1
2026-07-03T19:40:29.999,tof2,4x4,lying,3038,3280,-1,3306,-1,1480,2198,3473,943,1394,-1,-1,785,958,1109,1049,1,1,0,1,1,1,1,1,1,1,1,0,1,1,1,1
2026-07-03T19:40:30.238,tof1,4x4,lying,-1,-1,-1,-1,-1,-1,366,-1,-1,403,341,327,-1,-1,326,303,0,0,0,0,0,0,1,0,0,1,1,1,0,0,1,1
2026-07-03T19:40:30.162,tof2,4x4,lying,2938,3257,-1,3331,-1,1491,2204,3447,929,1405,-1,-1,787,-1,1104,1066,1,1,0,1,0,1,1,1,1,1,1,0,1,1,1,1
2026-07-03T19:40:30.398,tof1,4x4,lying,-1,-1,-1,-1,-1,-1,367,-1,-1,410,341,328,-1,-1,329,303,1,0,0,0,0,0,1,0,0,1,1,1,0,0,1,1
2026-07-03T19:40:30.345,tof2,4x4,lying,2954,3268,-1,3298,-1,1479,2174,2868,937,1369,-1,-1,770,-1,1102,1052,1,1,0,1,0,1,1,1,1,1,1,0,1,1,1,1
2026-07-03T19:40:30.562,tof1,4x4,lying,-1,-1,-1,-1,-1,-1,366,-1,-1,404,342,328,-1,-1,330,304,0,0,0,0,0,0,1,0,0,1,1,1,0,0,1,1
2026-07-03T19:40:30.526,tof2,4x4,lying,3044,3270,-1,3309,-1,1490,-1,3504,955,1384,1622,-1,790,-1,1098,1051,1,1,0,1,0,1,1,1,1,1,1,1,1,1,1,1
2026-07-03T19:40:30.684,tof2,4x4,lying,-1,3262,-1,3308,-1,1482,2168,3489,967,1376,1470,-1,780,943,1101,1051,1,1,0,1,0,1,1,1,1,1,1,1,1,1,1,1
2026-07-03T19:40:30.741,tof1,4x4,lying,-1,-1,-1,-1,-1,-1,366,-1,-1,405,342,326,-1,-1,327,303,0,0,0,0,0,0,1,0,0,1,1,1,0,0,1,1
2026-07-03T19:40:30.897,tof1,4x4,lying,-1,-1,-1,-1,-1,-1,366,-1,-1,405,345,329,-1,459,327,304,0,0,0,0,0,0,1,0,0,1,1,1,0,1,1,1
2026-07-03T19:40:30.872,tof2,4x4,lying,3033,3262,-1,3324,2068,1479,-1,3483,950,1380,1643,-1,759,957,1105,1048,1,1,0,1,1,1,1,1,1,1,1,0,1,1,1,1
2026-07-03T19:40:31.075,tof1,4x4,lying,-1,-1,-1,-1,-1,-1,364,-1,-1,405,343,329,-1,-1,327,304,0,0,0,0,0,0,1,0,0,1,1,1,0,0,1,1
2026-07-03T19:40:31.059,tof2,4x4,lying,2958,3248,-1,3326,-1,1464,2145,3471,957,1390,-1,-1,761,975,1113,1032,1,1,0,1,1,1,1,1,1,1,1,0,1,1,1,1
2026-07-03T19:40:31.253,tof2,4x4,lying,2958,3241,-1,3301,-1,1475,2159,3553,939,1398,-1,-1,753,954,1101,1036,1,1,0,1,0,1,1,1,1,1,1,0,1,1,1,1
2026-07-03T19:40:31.356,tof1,4x4,lying,-1,-1,-1,-1,-1,-1,366,-1,-1,408,343,327,-1,-1,327,305,0,0,0,0,0,0,1,0,0,1,1,1,0,0,1,1
2026-07-03T19:40:31.422,tof2,4x4,lying,2974,3256,-1,3321,-1,1464,2208,3497,931,1334,-1,-1,783,990,1109,1069,1,1,1,1,0,1,1,1,1,1,1,0,1,1,1,1
2026-07-03T19:40:31.534,tof1,4x4,lying,-1,-1,-1,-1,-1,-1,368,-1,-1,403,345,328,-1,-1,328,304,0,0,0,0,0,0,1,0,0,1,1,1,0,0,1,1
2026-07-03T19:40:31.584,tof2,4x4,lying,3019,3259,-1,3333,-1,1474,2177,3500,951,1374,-1,-1,776,958,-1,1045,1,1,0,1,0,1,1,1,1,1,1,1,1,1,1,1
2026-07-03T19:40:31.697,tof1,4x4,lying,-1,-1,-1,-1,-1,-1,-1,-1,-1,-1,342,329,-1,-1,330,303,1,0,0,0,0,0,0,0,0,0,1,1,0,0,1,1
2026-07-03T19:40:31.754,tof2,4x4,lying,3012,3259,-1,-1,-1,1487,-1,2852,932,1390,-1,-1,769,989,1107,1055,1,1,0,1,0,1,1,1,1,1,1,0,1,1,1,1
2026-07-03T19:40:31.885,tof1,4x4,lying,-1,-1,-1,-1,-1,-1,367,-1,-1,-1,343,328,-1,-1,326,304,0,0,0,0,0,0,1,0,0,0,1,1,0,0,1,1
2026-07-03T19:40:31.918,tof2,4x4,lying,2994,3258,-1,3321,-1,1482,2011,3502,942,1368,1549,-1,781,983,1105,1046,1,1,0,1,0,1,1,1,1,1,1,0,1,1,1,1
2026-07-03T19:40:32.039,tof1,4x4,lying,-1,-1,-1,-1,-1,-1,-1,-1,-1,408,344,330,-1,-1,328,303,0,0,0,0,0,0,0,0,0,1,1,1,0,0,1,1
2026-07-03T19:40:32.089,tof2,4x4,lying,2980,3235,-1,3318,-1,1505,2187,3465,952,1398,1531,-1,786,950,1115,1051,1,1,0,1,0,1,1,1,1,1,1,0,1,1,1,1
2026-07-03T19:40:32.202,tof1,4x4,lying,-1,-1,-1,-1,-1,-1,368,-1,-1,-1,344,328,-1,-1,327,303,0,0,0,0,0,0,1,0,0,0,1,1,0,0,1,1
2026-07-03T19:40:32.276,tof2,4x4,lying,3088,3242,-1,3317,-1,1495,-1,3497,940,1369,1460,-1,772,991,1116,1046,1,1,0,1,0,1,0,1,1,1,1,0,1,1,1,1
2026-07-03T19:40:32.380,tof1,4x4,lying,-1,-1,-1,-1,-1,-1,369,-1,-1,-1,342,329,-1,-1,327,304,0,0,0,0,0,0,1,0,0,0,1,1,0,0,1,1
2026-07-03T19:40:32.541,tof1,4x4,lying,-1,-1,-1,-1,-1,-1,-1,-1,-1,404,345,329,-1,-1,327,303,0,0,0,0,0,0,0,0,0,1,1,1,0,0,1,1
2026-07-03T19:40:32.678,tof2,4x4,lying,2991,3265,-1,3321,-1,1507,-1,3470,949,1389,-1,-1,780,-1,1108,1048,1,1,0,1,0,1,1,1,1,1,1,0,1,1,1,1
2026-07-03T19:40:32.711,tof1,4x4,lying,-1,-1,-1,-1,-1,-1,-1,-1,-1,-1,346,330,-1,457,329,304,0,0,0,0,0,0,0,0,0,0,1,1,0,1,1,1
2026-07-03T19:40:32.894,tof1,4x4,lying,-1,-1,-1,-1,-1,-1,-1,-1,-1,411,345,327,-1,-1,329,306,0,0,0,0,0,0,0,0,0,1,1,1,0,0,1,1
2026-07-03T19:40:32.849,tof2,4x4,lying,3007,3258,-1,3316,-1,1458,2153,3492,-1,1382,1542,-1,779,945,1099,1048,1,1,0,1,0,1,1,1,0,1,1,0,1,1,1,1
2026-07-03T19:40:33.056,tof1,4x4,lying,-1,-1,-1,-1,-1,-1,-1,-1,-1,-1,345,331,-1,-1,327,304,0,0,0,0,0,0,0,0,0,0,1,1,0,0,1,1
2026-07-03T19:40:33.026,tof2,4x4,lying,2974,3261,-1,3317,-1,1466,-1,3490,914,1371,1605,-1,764,945,1100,1029,1,1,0,1,0,1,1,1,1,1,1,0,1,1,1,1
2026-07-03T19:40:33.245,tof1,4x4,lying,-1,-1,-1,-1,-1,-1,370,-1,-1,408,343,329,-1,-1,329,303,0,0,0,0,0,0,1,0,0,1,1,1,0,0,1,1
2026-07-03T19:40:33.236,tof2,4x4,lying,2998,3272,3319,3327,-1,1480,2151,2818,947,1431,-1,-1,763,962,-1,1045,1,1,1,1,0,1,1,1,1,1,1,0,1,1,1,1
2026-07-03T19:40:33.439,tof1,4x4,lying,-1,-1,-1,-1,-1,-1,-1,-1,-1,-1,347,329,-1,-1,328,304,0,0,0,0,0,0,0,0,0,0,1,1,0,0,1,1
2026-07-03T19:40:33.425,tof2,4x4,lying,3005,3252,-1,3301,-1,1498,-1,3538,943,1381,1565,-1,773,946,1102,1052,1,1,0,1,0,1,1,1,1,1,1,1,1,1,1,1
2026-07-03T19:40:33.618,tof1,4x4,lying,-1,-1,-1,-1,-1,-1,366,-1,-1,-1,345,328,-1,-1,325,304,0,0,0,0,0,0,1,0,0,0,1,1,0,0,1,1
2026-07-03T19:40:33.624,tof2,4x4,lying,2988,3251,-1,3314,-1,1466,2209,2860,959,1442,1551,-1,784,955,1099,1053,1,1,0,1,1,1,1,1,1,1,1,1,1,1,1,1
2026-07-03T19:40:33.776,tof1,4x4,lying,-1,-1,-1,-1,-1,-1,369,-1,-1,404,345,329,-1,-1,330,304,0,0,0,0,0,0,1,0,0,1,1,1,0,0,1,1
2026-07-03T19:40:33.923,tof2,4x4,lying,3037,3239,-1,-1,1353,1455,-1,2845,938,1413,1465,-1,787,-1,-1,1038,1,1,0,1,1,1,1,1,1,1,1,0,1,1,1,1
2026-07-03T19:40:33.970,tof1,4x4,lying,-1,-1,-1,-1,-1,-1,372,-1,-1,405,345,330,-1,-1,328,306,0,0,0,0,0,0,1,0,0,1,1,1,0,0,1,1
2026-07-03T19:40:34.126,tof2,4x4,lying,3028,3257,-1,3314,-1,1463,-1,2843,933,1365,-1,-1,783,984,-1,1049,1,1,0,1,0,1,0,1,1,1,1,1,1,1,1,1
2026-07-03T19:40:34.145,tof1,4x4,lying,-1,-1,-1,-1,-1,-1,367,-1,-1,404,344,329,-1,-1,327,306,0,0,0,0,0,0,1,0,0,1,1,1,0,0,1,1
2026-07-03T19:40:34.284,tof2,4x4,lying,3020,3243,-1,3327,-1,1479,-1,3450,933,1366,1551,-1,792,941,1106,1058,1,1,0,1,0,1,0,1,1,1,1,0,1,1,1,1
2026-07-03T19:40:34.327,tof1,4x4,lying,-1,-1,-1,-1,-1,-1,364,-1,-1,404,344,330,-1,-1,326,303,0,0,0,0,0,0,1,0,0,1,1,1,0,0,1,1
2026-07-03T19:40:34.524,tof1,4x4,lying,3400,-1,-1,-1,-1,-1,367,-1,-1,404,344,328,-1,-1,328,304,1,0,0,1,0,0,1,0,0,1,1,1,0,0,1,1
2026-07-03T19:40:34.472,tof2,4x4,lying,2991,3242,-1,3316,-1,1468,2173,2810,934,1416,-1,-1,776,-1,1109,1053,1,1,0,1,0,1,1,1,1,1,1,1,1,1,1,1
2026-07-03T19:40:34.685,tof1,4x4,lying,-1,-1,-1,-1,-1,-1,364,-1,-1,399,343,328,-1,448,326,304,1,0,0,0,0,0,1,0,0,1,1,1,0,1,1,1
2026-07-03T19:40:34.641,tof2,4x4,lying,2997,3258,-1,3322,-1,1476,-1,2830,929,1396,1640,1231,779,955,1099,1048,1,1,1,1,0,1,1,1,1,1,1,1,1,1,1,1
2026-07-03T19:40:34.797,tof2,4x4,lying,2976,3261,-1,3322,-1,1460,2196,3525,943,1380,1537,1442,775,-1,1095,1062,1,1,1,1,0,1,1,1,1,1,1,1,1,1,1,1
2026-07-03T19:40:34.869,tof1,4x4,lying,-1,-1,-1,-1,-1,-1,369,-1,-1,403,342,327,-1,-1,327,303,0,0,0,0,0,0,1,0,0,1,1,1,0,0,1,1
2026-07-03T19:40:34.963,tof2,4x4,lying,3014,3267,-1,3346,-1,1473,2179,3503,932,1368,-1,-1,778,955,1100,1046,1,1,1,1,0,1,1,1,1,1,1,1,1,1,1,1
2026-07-03T19:40:35.045,tof1,4x4,lying,-1,-1,-1,-1,-1,-1,361,-1,-1,406,344,328,-1,-1,330,303,0,0,0,0,0,0,1,0,0,1,1,1,0,0,1,1
2026-07-03T19:40:35.133,tof2,4x4,lying,2990,3273,-1,3352,-1,1487,2162,3502,947,1361,-1,-1,783,998,1100,1047,1,1,1,1,1,1,1,1,1,1,1,1,1,1,1,1
2026-07-03T19:40:35.210,tof1,4x4,lying,-1,-1,-1,-1,-1,-1,367,-1,-1,406,342,328,-1,-1,329,305,0,0,0,0,0,0,1,0,0,1,1,1,0,0,1,1
2026-07-03T19:40:35.281,tof2,4x4,lying,-1,3268,3330,3295,-1,1486,2161,3432,917,1367,1562,1412,777,987,1099,1053,1,1,1,1,1,1,1,1,1,1,1,1,1,1,1,1
2026-07-03T19:40:35.391,tof1,4x4,lying,-1,-1,-1,-1,-1,-1,366,-1,-1,405,346,330,-1,463,328,304,0,0,0,0,0,0,1,0,0,1,1,1,0,1,1,1
2026-07-03T19:40:35.459,tof2,4x4,lying,2930,3253,-1,3298,-1,1471,2165,3459,937,1396,1606,-1,788,992,1097,1061,1,1,0,1,0,1,1,1,1,1,1,1,1,1,1,1
2026-07-03T19:40:35.558,tof1,4x4,lying,-1,-1,-1,-1,-1,-1,-1,-1,-1,406,344,328,-1,-1,327,306,0,0,0,0,0,0,0,0,0,1,1,1,0,0,1,1
2026-07-03T19:40:35.630,tof2,4x4,lying,-1,3257,-1,3305,-1,1463,2171,3456,-1,1423,-1,-1,767,953,-1,1047,0,1,0,1,0,1,1,1,0,1,1,0,1,1,1,1
2026-07-03T19:40:35.720,tof1,4x4,lying,-1,-1,-1,-1,-1,-1,371,-1,-1,-1,345,330,-1,-1,325,304,0,0,0,0,0,0,1,0,0,0,1,1,0,0,1,1
2026-07-03T19:40:35.788,tof2,4x4,lying,3011,3272,-1,3322,-1,-1,-1,3468,942,1363,1637,1416,780,-1,1095,1036,1,1,0,1,0,0,1,1,1,1,1,1,1,1,1,1
2026-07-03T19:40:35.898,tof1,4x4,lying,-1,-1,-1,-1,-1,-1,371,-1,-1,407,343,331,-1,-1,325,305,0,0,0,0,0,0,1,0,0,1,1,1,0,0,1,1
2026-07-03T19:40:35.958,tof2,4x4,lying,2991,3241,-1,3335,-1,-1,2195,3482,916,1379,-1,-1,-1,977,1102,1044,1,1,1,1,0,0,1,1,1,1,1,0,1,1,1,1
2026-07-03T19:40:36.065,tof1,4x4,lying,-1,-1,-1,-1,-1,-1,367,-1,-1,410,345,330,-1,-1,331,304,0,0,0,0,0,0,1,0,0,1,1,1,0,0,1,1
2026-07-03T19:40:36.145,tof2,4x4,lying,2935,3251,-1,3322,-1,-1,-1,2818,957,1381,1488,-1,780,985,1121,1042,1,1,0,1,1,1,0,1,1,1,1,0,1,1,1,1
2026-07-03T19:40:36.224,tof1,4x4,lying,-1,-1,-1,-1,-1,-1,364,-1,-1,408,344,329,-1,-1,330,303,0,0,0,0,0,0,1,0,0,1,1,1,0,0,1,1
2026-07-03T19:40:36.324,tof2,4x4,lying,2995,3235,-1,3316,-1,-1,-1,3471,959,1400,-1,-1,793,937,-1,1036,1,1,0,1,0,1,0,1,1,1,1,0,1,1,1,1
2026-07-03T19:40:36.392,tof1,4x4,lying,-1,-1,-1,-1,-1,-1,366,-1,-1,-1,344,330,-1,-1,331,305,0,0,0,0,0,0,1,0,0,0,1,1,0,0,1,1
2026-07-03T19:40:36.493,tof2,4x4,lying,3035,3241,-1,3307,-1,-1,2204,2841,932,1412,1556,1299,786,949,1104,1054,1,1,0,1,1,0,1,1,1,1,1,1,1,1,1,1
2026-07-03T19:40:36.588,tof1,4x4,lying,-1,-1,-1,-1,-1,-1,-1,-1,-1,-1,344,330,-1,-1,329,304,0,0,0,0,0,0,0,0,0,0,1,1,0,0,1,1
2026-07-03T19:40:36.698,tof2,4x4,lying,2948,3270,-1,3315,-1,-1,-1,3544,960,1363,-1,-1,800,982,1107,1049,1,1,1,1,1,1,0,1,1,1,1,0,1,1,1,1
2026-07-03T19:40:36.770,tof1,4x4,lying,-1,-1,-1,-1,-1,-1,-1,-1,-1,398,342,331,-1,-1,329,305,0,0,0,0,0,0,0,0,0,1,1,1,0,0,1,1
2026-07-03T19:40:36.850,tof2,4x4,lying,3039,3256,-1,3325,-1,-1,2186,3523,945,1415,-1,-1,776,987,1115,1052,1,1,0,1,1,1,1,1,1,1,1,0,1,1,1,1
2026-07-03T19:40:36.949,tof1,4x4,lying,-1,-1,-1,-1,-1,-1,368,-1,-1,403,344,331,-1,454,329,305,0,0,0,0,0,0,1,0,0,1,1,1,0,1,1,1
2026-07-03T19:40:37.020,tof2,4x4,lying,-1,3264,-1,3293,2147,-1,-1,3457,940,1387,1616,-1,789,981,1104,1047,1,1,0,1,1,0,1,1,1,1,1,0,1,1,1,1
2026-07-03T19:40:37.138,tof1,4x4,lying,-1,-1,-1,-1,-1,-1,366,-1,-1,410,345,330,-1,-1,326,303,0,0,0,0,0,0,1,0,0,1,1,1,0,0,1,1
2026-07-03T19:40:37.201,tof2,4x4,lying,2997,3243,-1,3313,-1,1485,2215,3481,950,1375,-1,-1,769,-1,-1,1043,1,1,0,1,0,1,1,1,1,1,1,0,1,1,1,1
2026-07-03T19:40:37.313,tof1,4x4,lying,-1,-1,-1,-1,-1,-1,-1,-1,-1,400,345,330,-1,-1,327,304,0,0,0,0,0,0,0,0,0,1,1,1,0,0,1,1
2026-07-03T19:40:37.386,tof2,4x4,lying,2992,3267,-1,3300,-1,-1,-1,3519,956,-1,1509,-1,781,937,-1,1045,1,1,0,1,0,1,0,1,1,1,1,0,1,1,1,1
2026-07-03T19:40:37.488,tof1,4x4,lying,-1,-1,-1,-1,-1,-1,-1,-1,-1,-1,344,329,-1,-1,328,305,0,0,0,0,0,0,0,0,0,0,1,1,0,0,1,1
2026-07-03T19:40:37.728,tof1,4x4,lying,-1,-1,-1,-1,-1,-1,367,-1,-1,-1,343,331,-1,-1,329,303,0,0,0,0,0,0,1,0,0,0,1,1,0,0,1,1
2026-07-03T19:40:37.706,tof2,4x4,lying,3035,3260,-1,3336,-1,1491,2095,2888,940,1427,1478,-1,777,-1,1109,1036,1,1,0,1,1,1,1,1,1,1,1,1,1,1,1,1
2026-07-03T19:40:37.941,tof1,4x4,lying,-1,-1,-1,-1,-1,-1,367,-1,-1,405,344,328,-1,-1,326,303,0,0,0,0,0,0,1,0,0,1,1,1,0,0,1,1
2026-07-03T19:40:37.938,tof2,4x4,lying,3011,3254,-1,3328,-1,1511,2202,3470,929,1414,1558,1344,779,931,1101,1050,1,1,0,1,1,1,1,1,1,1,1,1,1,1,1,1
2026-07-03T19:40:38.349,tof1,4x4,lying,-1,-1,-1,-1,-1,-1,370,-1,-1,410,343,327,-1,-1,325,303,0,0,0,0,0,0,1,0,0,1,1,1,0,0,1,1
2026-07-03T19:40:38.375,tof2,4x4,lying,2924,3263,-1,3344,-1,1480,2207,3422,936,1377,1559,-1,786,995,-1,1053,1,1,0,1,0,1,1,1,1,1,1,0,1,1,1,1
2026-07-03T19:40:38.561,tof1,4x4,lying,-1,-1,-1,-1,-1,-1,366,-1,-1,404,343,328,-1,-1,325,305,0,0,0,0,0,0,1,0,0,1,1,1,0,0,1,1
2026-07-03T19:40:38.543,tof2,4x4,lying,3004,3252,3320,3335,-1,1489,-1,3538,932,1378,-1,-1,775,989,1099,1054,1,1,1,1,1,1,0,1,1,1,1,0,1,1,1,1
2026-07-03T19:40:38.723,tof2,4x4,lying,2902,3251,-1,3334,-1,1469,2140,3511,945,1374,1468,-1,783,982,1105,1047,1,1,0,1,0,1,1,1,1,1,1,0,1,1,1,1
2026-07-03T19:40:38.884,tof2,4x4,lying,2986,3243,3314,3323,-1,1488,2122,3497,942,1403,-1,-1,773,965,1103,1058,1,1,1,1,0,1,1,1,1,1,1,0,1,1,1,1
2026-07-03T19:40:39.054,tof2,4x4,lying,3123,3265,3261,3317,-1,1467,-1,3478,969,1382,-1,-1,773,-1,1110,1050,1,1,1,1,0,1,1,1,1,1,1,1,1,1,1,1
2026-07-03T19:40:39.202,tof2,4x4,lying,2972,3246,-1,3330,-1,1496,2162,3501,949,1357,1528,-1,770,959,1102,1037,1,1,1,1,1,1,1,1,1,1,1,0,1,1,1,1
2026-07-03T19:40:39.375,tof2,4x4,lying,3004,3259,-1,3346,-1,1475,2176,3477,943,1353,1607,-1,779,973,1106,1055,1,1,0,1,0,1,1,1,1,1,1,0,1,1,1,1
2026-07-03T19:40:39.545,tof2,4x4,lying,2984,3256,3291,3330,-1,1466,-1,3489,937,1352,-1,-1,764,987,1100,1032,1,1,1,1,0,1,1,1,1,1,1,1,1,1,1,1
2026-07-03T19:40:39.658,tof1,4x4,lying,-1,-1,-1,-1,-1,-1,369,-1,-1,406,342,330,-1,-1,328,303,0,0,0,0,0,0,1,0,0,1,1,1,0,0,1,1
2026-07-03T19:40:39.710,tof2,4x4,lying,3022,3250,-1,3320,-1,1453,-1,3552,927,1370,1563,-1,788,-1,1100,1044,1,1,0,1,0,1,0,1,1,1,1,0,1,1,1,1
2026-07-03T19:40:39.840,tof1,4x4,lying,-1,-1,-1,-1,-1,-1,368,-1,-1,407,345,329,-1,-1,331,304,1,0,0,0,0,0,1,0,0,1,1,1,0,0,1,1
2026-07-03T19:40:39.880,tof2,4x4,lying,2992,3259,-1,3330,-1,1490,-1,3468,937,1359,-1,-1,773,939,1098,1055,1,1,1,1,1,1,1,1,1,1,1,0,1,1,1,1
2026-07-03T19:40:40.018,tof1,4x4,lying,-1,-1,-1,-1,-1,-1,366,-1,-1,405,344,329,-1,-1,328,304,0,0,0,0,0,0,1,0,0,1,1,1,0,0,1,1
2026-07-03T19:40:40.062,tof2,4x4,lying,2927,3261,-1,3322,-1,1471,2211,3450,956,1373,-1,-1,781,975,1108,1059,1,1,0,1,1,1,1,1,1,1,1,1,1,1,1,1
2026-07-03T19:40:40.207,tof1,4x4,lying,-1,-1,-1,-1,-1,-1,369,-1,-1,-1,346,328,-1,-1,329,303,0,0,0,0,0,0,1,0,0,0,1,1,0,0,1,1
2026-07-03T19:40:40.227,tof2,4x4,lying,3036,3267,-1,3318,-1,1485,2103,3544,951,1409,1485,-1,772,-1,1097,1063,1,1,0,1,0,1,1,1,1,1,1,0,1,1,1,1
2026-07-03T19:40:40.369,tof1,4x4,lying,-1,-1,-1,-1,-1,-1,372,-1,-1,404,343,329,-1,-1,328,305,0,0,0,0,0,0,1,0,0,1,1,1,0,0,1,1
2026-07-03T19:40:40.392,tof2,4x4,lying,2884,3259,3349,3319,-1,1481,2154,3407,925,1362,1584,-1,787,-1,-1,1037,1,1,1,1,0,1,1,1,1,1,1,1,1,1,1,1
2026-07-03T19:40:40.525,tof1,4x4,lying,-1,-1,-1,-1,-1,-1,372,-1,-1,-1,345,329,-1,-1,327,304,0,0,0,0,0,0,1,0,0,0,1,1,0,0,1,1
2026-07-03T19:40:40.569,tof2,4x4,lying,3027,3256,-1,3336,-1,1461,2144,3541,938,1376,1541,-1,779,987,1100,1048,1,1,0,1,1,1,1,1,1,1,1,0,1,1,1,1
2026-07-03T19:40:40.706,tof1,4x4,lying,-1,-1,-1,-1,-1,-1,-1,-1,-1,400,344,329,-1,-1,328,304,0,0,0,0,0,0,0,0,0,1,1,1,0,0,1,1
2026-07-03T19:40:40.750,tof2,4x4,lying,2987,3253,-1,3306,-1,1471,-1,3483,917,1367,1580,-1,783,941,1104,1068,1,1,0,1,0,1,1,1,1,1,1,0,1,1,1,1
2026-07-03T19:40:40.977,tof1,4x4,lying,-1,-1,-1,-1,-1,-1,-1,-1,-1,407,345,328,-1,-1,327,304,0,0,0,0,0,0,0,0,0,1,1,1,0,0,1,1
2026-07-03T19:40:40.936,tof2,4x4,lying,2986,3255,-1,3317,-1,1474,-1,3486,961,1363,-1,-1,788,-1,1100,1050,1,1,0,1,1,1,1,1,1,1,1,1,1,1,1,1
2026-07-03T19:40:41.108,tof2,4x4,lying,3035,3246,-1,3311,-1,1476,2176,3461,910,1385,-1,-1,768,-1,1110,1053,1,1,0,1,0,1,1,1,1,1,1,0,1,1,1,1
2026-07-03T19:40:41.178,tof1,4x4,lying,-1,-1,-1,-1,-1,-1,373,-1,-1,410,345,329,-1,-1,329,303,1,0,0,0,0,0,1,0,0,1,1,1,0,0,1,1
2026-07-03T19:40:41.284,tof2,4x4,lying,2969,3260,-1,3357,-1,1466,-1,3535,936,1379,-1,-1,780,961,1108,1055,1,1,1,1,1,1,0,1,1,1,1,0,1,1,1,1
2026-07-03T19:40:41.493,tof1,4x4,lying,-1,-1,-1,-1,-1,-1,365,-1,-1,405,345,330,-1,-1,329,304,0,0,0,0,0,0,1,0,0,1,1,1,0,0,1,1
2026-07-03T19:40:41.592,tof2,4x4,lying,3006,3265,-1,-1,-1,1489,-1,3516,939,1385,1482,-1,780,980,1103,1045,1,1,0,1,0,1,1,1,1,1,1,0,1,1,1,1
2026-07-03T19:40:41.675,tof1,4x4,lying,-1,-1,-1,-1,-1,-1,366,-1,-1,404,344,327,-1,-1,331,304,0,0,0,0,0,0,1,0,0,1,1,1,0,0,1,1
2026-07-03T19:40:41.832,tof1,4x4,lying,-1,-1,-1,-1,-1,-1,365,-1,-1,405,342,329,-1,-1,328,303,0,0,0,0,0,0,1,0,0,1,1,1,0,0,1,1
2026-07-03T19:40:41.763,tof2,4x4,lying,2990,3263,3341,3305,-1,1456,-1,3529,932,1369,-1,-1,785,974,1108,1051,1,1,1,1,0,1,1,1,1,1,1,0,1,1,1,1
2026-07-03T19:40:42.011,tof1,4x4,lying,-1,-1,-1,-1,-1,-1,369,-1,-1,400,343,329,-1,-1,330,305,0,0,0,0,0,0,1,0,0,1,1,1,0,0,1,1
2026-07-03T19:40:41.948,tof2,4x4,lying,2984,3278,-1,3305,-1,1488,2145,3539,947,1377,-1,1304,793,-1,1110,1054,1,1,0,1,0,1,1,1,1,1,1,1,1,1,1,1
2026-07-03T19:40:42.125,tof2,4x4,lying,3053,3275,-1,3323,-1,1475,2195,3493,941,1375,1484,-1,781,-1,1090,1053,1,1,0,1,0,1,1,1,1,1,1,1,1,1,1,1
2026-07-03T19:40:42.405,tof1,4x4,lying,-1,-1,-1,-1,-1,-1,369,-1,-1,403,343,328,-1,-1,326,303,1,0,0,0,0,0,1,0,0,1,1,1,0,0,1,1
2026-07-03T19:40:42.300,tof2,4x4,lying,2990,3263,-1,3306,-1,1478,2168,3508,919,1371,1398,-1,763,995,1105,1053,1,1,0,1,0,1,1,1,1,1,1,0,1,1,1,1
2026-07-03T19:40:42.452,tof2,4x4,lying,3092,3241,-1,3346,-1,1453,2122,3408,965,1356,-1,-1,789,988,1099,1038,1,1,0,1,0,1,1,1,1,1,1,0,1,1,1,1
2026-07-03T19:40:42.572,tof1,4x4,lying,-1,-1,-1,-1,-1,-1,364,-1,-1,408,343,331,-1,-1,327,304,1,0,0,0,0,0,1,0,0,1,1,1,0,0,1,1
2026-07-03T19:40:42.641,tof2,4x4,lying,3141,3260,-1,3347,-1,1478,2236,2912,938,1358,1641,-1,756,952,1101,1047,1,1,0,1,0,1,1,1,1,1,1,0,1,1,1,1
2026-07-03T19:40:42.733,tof1,4x4,lying,-1,-1,-1,-1,-1,-1,364,-1,-1,402,341,327,-1,-1,326,304,0,0,0,0,0,0,1,0,0,1,1,1,0,0,1,1
2026-07-03T19:40:42.826,tof2,4x4,lying,-1,3258,3344,3314,-1,1487,2117,3476,927,1383,1558,-1,772,-1,-1,1051,1,1,1,1,0,1,1,1,1,1,1,1,1,1,1,1
2026-07-03T19:40:42.946,tof1,4x4,lying,-1,-1,-1,-1,-1,-1,366,-1,-1,411,342,327,-1,448,329,304,0,0,0,0,0,0,1,0,0,1,1,1,0,1,1,1
2026-07-03T19:40:42.985,tof2,4x4,lying,2968,3257,3363,3374,-1,1480,-1,3460,951,1369,1521,-1,760,962,-1,1044,1,1,1,1,1,1,0,1,1,1,1,0,1,1,1,1
2026-07-03T19:40:43.123,tof1,4x4,lying,-1,-1,-1,-1,-1,-1,366,-1,-1,401,342,329,-1,-1,329,304,0,0,0,0,0,0,1,0,0,1,1,1,0,0,1,1
2026-07-03T19:40:43.162,tof2,4x4,lying,3037,3266,-1,3305,-1,1467,2151,3481,962,1366,1589,-1,793,-1,1109,1061,1,1,0,1,1,1,1,1,1,1,1,1,1,1,1,1
2026-07-03T19:40:43.299,tof1,4x4,lying,-1,-1,-1,-1,-1,-1,365,-1,-1,404,342,329,-1,-1,328,304,0,0,0,0,0,0,1,0,0,1,1,1,0,0,1,1
2026-07-03T19:40:43.355,tof2,4x4,lying,3023,3277,-1,3287,-1,1484,2218,3519,955,-1,1619,-1,771,947,1109,1048,1,1,0,1,0,1,1,1,1,1,1,0,1,1,1,1
2026-07-03T19:40:43.472,tof1,4x4,lying,-1,-1,-1,-1,-1,-1,365,-1,-1,400,343,329,-1,-1,329,303,0,0,0,0,0,0,1,0,0,1,1,1,0,0,1,1
2026-07-03T19:40:43.548,tof2,4x4,lying,2991,3255,-1,3348,-1,1468,-1,3432,944,1348,-1,-1,783,-1,1109,1048,1,1,1,1,0,1,1,1,1,1,1,0,1,1,1,1
2026-07-03T19:40:43.941,tof2,4x4,lying,3009,3267,3335,3325,-1,1463,2150,3569,924,1398,-1,-1,779,-1,1103,1052,1,1,1,1,0,1,1,1,1,1,1,0,1,1,1,1
2026-07-03T19:40:44.284,tof2,4x4,lying,3014,3255,-1,3324,-1,1482,-1,3506,937,1411,-1,-1,776,960,1111,1042,1,1,0,1,1,1,0,1,1,1,1,1,1,1,1,1
2026-07-03T19:40:44.484,tof2,4x4,lying,-1,3246,-1,3328,-1,1468,-1,3479,916,1402,1562,-1,778,950,1100,1041,0,1,0,1,0,1,0,1,1,1,1,1,1,1,1,1
2026-07-03T19:40:44.971,tof1,4x4,lying,-1,-1,-1,-1,-1,-1,364,-1,-1,404,342,330,-1,-1,327,305,0,0,0,0,0,0,1,0,0,1,1,1,0,0,1,1
2026-07-03T19:40:44.992,tof2,4x4,lying,2883,3246,-1,3342,-1,1476,2189,3468,948,1397,1544,-1,759,976,-1,1046,1,1,0,1,0,1,1,1,1,1,1,1,1,1,1,1
2026-07-03T19:40:45.164,tof1,4x4,lying,-1,-1,-1,-1,-1,-1,367,-1,-1,402,344,328,-1,446,329,303,0,0,0,0,0,0,1,0,0,1,1,1,0,1,1,1
2026-07-03T19:40:45.200,tof2,4x4,lying,3012,3252,-1,3333,-1,1465,2182,3479,934,1387,-1,-1,789,976,1099,1061,1,1,0,1,1,1,1,1,1,1,1,0,1,1,1,1
2026-07-03T19:40:45.605,tof1,4x4,lying,-1,-1,-1,-1,-1,-1,368,-1,-1,404,344,327,-1,-1,326,306,0,0,0,0,0,0,1,0,0,1,1,1,0,0,1,1
2026-07-03T19:40:45.594,tof2,4x4,lying,3031,3262,3350,3313,-1,1514,-1,3514,951,1379,1544,-1,792,959,-1,1025,1,1,1,1,0,1,0,1,1,1,1,0,1,1,1,1
2026-07-03T19:40:45.770,tof2,4x4,lying,3056,3251,-1,3303,-1,1496,2210,3473,935,1401,-1,-1,800,970,1104,1042,1,1,0,1,0,1,1,1,1,1,1,0,1,1,1,1
2026-07-03T19:40:45.827,tof1,4x4,lying,-1,-1,-1,-1,-1,-1,-1,-1,-1,405,342,329,-1,-1,328,303,0,0,0,0,0,0,0,0,0,1,1,1,0,0,1,1
2026-07-03T19:40:45.953,tof2,4x4,lying,3049,3264,-1,3334,-1,1481,2179,3523,951,1390,1587,-1,788,950,1104,1052,1,1,0,1,0,1,1,1,1,1,1,0,1,1,1,1
2026-07-03T19:40:46.024,tof1,4x4,lying,-1,-1,-1,-1,-1,-1,363,-1,-1,404,340,327,-1,-1,329,304,0,0,0,0,0,0,1,0,0,1,1,1,0,0,1,1
2026-07-03T19:40:46.127,tof2,4x4,lying,3039,3252,-1,3325,-1,1474,-1,3523,928,1372,1580,-1,758,-1,1104,1047,1,1,0,1,0,1,0,1,1,1,1,0,1,1,1,1
2026-07-03T19:40:46.199,tof1,4x4,lying,-1,-1,-1,-1,-1,-1,367,-1,-1,398,342,326,-1,-1,327,305,0,0,0,0,0,0,1,0,0,1,1,1,0,0,1,1
2026-07-03T19:40:46.282,tof2,4x4,lying,3050,3260,-1,3339,-1,1462,2180,3488,946,1372,-1,-1,786,964,1111,1045,1,1,0,1,0,1,1,1,1,1,1,0,1,1,1,1
2026-07-03T19:40:46.393,tof1,4x4,lying,-1,-1,-1,-1,-1,-1,362,-1,-1,403,344,328,-1,-1,328,304,0,0,0,0,0,0,1,0,0,1,1,1,0,0,1,1
2026-07-03T19:40:46.448,tof2,4x4,lying,2999,3252,-1,3349,-1,1467,-1,3486,939,1369,-1,-1,785,956,1107,1051,1,1,1,1,0,1,0,1,1,1,1,0,1,1,1,1
2026-07-03T19:40:46.559,tof1,4x4,lying,-1,-1,-1,-1,-1,-1,368,-1,-1,404,344,328,-1,-1,325,303,0,0,0,0,0,0,1,0,0,1,1,1,0,0,1,1
2026-07-03T19:40:46.623,tof2,4x4,lying,2996,3266,-1,3291,-1,1482,2172,3510,951,1369,-1,-1,783,-1,1104,1048,1,1,0,1,1,1,1,1,1,1,1,0,1,1,1,1
2026-07-03T19:40:46.739,tof1,4x4,lying,-1,-1,-1,-1,-1,-1,364,-1,-1,402,341,326,-1,-1,324,304,1,0,0,0,0,0,1,0,0,1,1,1,0,0,1,1
2026-07-03T19:40:46.805,tof2,4x4,lying,-1,3266,-1,3307,-1,1471,2220,2871,947,1355,-1,-1,795,953,-1,1049,1,1,0,1,0,1,1,1,1,1,1,0,1,1,1,1
2026-07-03T19:40:46.928,tof1,4x4,lying,-1,-1,-1,-1,-1,-1,367,-1,-1,400,341,327,-1,-1,329,303,0,0,0,0,0,0,1,0,0,1,1,1,0,0,1,1
2026-07-03T19:40:46.968,tof2,4x4,lying,2910,3239,-1,3301,-1,1492,-1,3505,927,1378,1505,-1,773,952,1112,1039,1,1,0,1,1,1,1,1,1,1,1,1,1,1,1,1
2026-07-03T19:40:47.085,tof1,4x4,lying,-1,-1,-1,-1,-1,-1,363,-1,-1,403,341,329,-1,-1,325,303,0,0,0,0,0,0,1,0,0,1,1,1,0,0,1,1
2026-07-03T19:40:47.143,tof2,4x4,lying,-1,3257,-1,3297,-1,1475,2205,3496,943,1361,-1,1376,753,951,1095,1051,1,1,0,1,1,1,1,1,1,1,1,1,1,1,1,1
2026-07-03T19:40:47.267,tof1,4x4,lying,-1,-1,-1,-1,-1,-1,360,-1,-1,397,342,328,-1,-1,327,304,0,0,0,0,0,0,1,0,0,1,1,1,0,0,1,1
2026-07-03T19:40:47.355,tof2,4x4,lying,3013,3274,-1,3324,-1,1473,-1,3455,950,1384,-1,-1,758,972,1106,1046,1,1,0,1,1,1,1,1,1,1,1,0,1,1,1,1
2026-07-03T19:40:47.435,tof1,4x4,lying,-1,-1,-1,-1,-1,-1,365,-1,-1,402,343,328,-1,-1,328,303,0,0,0,0,0,0,1,0,0,1,1,1,0,0,1,1
2026-07-03T19:40:47.543,tof2,4x4,lying,-1,3255,-1,3354,-1,1489,2097,3505,962,1326,1563,-1,799,988,1109,1049,1,1,0,1,0,1,1,1,1,1,1,0,1,1,1,1
2026-07-03T19:40:47.594,tof1,4x4,lying,-1,-1,-1,-1,-1,-1,361,-1,-1,398,342,327,-1,-1,326,303,0,0,0,0,0,0,1,0,0,1,1,1,0,0,1,1
2026-07-03T19:40:47.714,tof2,4x4,lying,-1,3240,3267,3313,-1,1468,-1,3466,942,1419,1493,-1,771,975,1101,1052,1,1,1,1,1,1,1,1,1,1,1,0,1,1,1,1
2026-07-03T19:40:47.775,tof1,4x4,lying,-1,-1,-1,-1,-1,-1,364,-1,-1,396,340,327,-1,-1,327,305,0,0,0,0,0,0,1,0,0,1,1,1,0,0,1,1
2026-07-03T19:40:47.879,tof2,4x4,lying,2955,3260,-1,3321,-1,1475,-1,3473,930,1371,1592,-1,761,949,1087,1048,1,1,1,1,0,1,1,1,1,1,1,0,1,1,1,1
2026-07-03T19:40:47.948,tof1,4x4,lying,-1,-1,-1,-1,-1,-1,368,-1,-1,400,344,328,-1,-1,328,304,0,0,0,0,0,0,1,0,0,1,1,1,0,0,1,1
2026-07-03T19:40:48.052,tof2,4x4,lying,3003,3270,-1,3346,-1,1472,2191,3476,907,1366,-1,-1,785,976,1097,1050,1,1,0,1,0,1,1,1,1,1,1,1,1,1,1,1
2026-07-03T19:40:48.124,tof1,4x4,lying,-1,-1,-1,-1,-1,-1,365,-1,-1,404,344,329,-1,-1,328,304,1,0,0,0,0,0,1,0,0,1,1,1,0,0,1,1
2026-07-03T19:40:48.225,tof2,4x4,lying,2960,3250,-1,3302,-1,1483,2122,3504,935,1358,1566,-1,778,951,1095,1049,1,1,0,1,0,1,1,1,1,1,1,1,1,1,1,1
2026-07-03T19:40:48.313,tof1,4x4,lying,-1,-1,-1,-1,-1,-1,367,-1,-1,400,343,327,-1,-1,325,303,1,0,0,0,0,0,1,0,0,1,1,1,0,0,1,1
2026-07-03T19:40:48.399,tof2,4x4,lying,2954,3255,-1,3308,-1,1470,2082,3529,940,1417,-1,-1,765,940,1095,1059,1,1,0,1,1,1,1,1,1,1,1,0,1,1,1,1
2026-07-03T19:40:48.488,tof1,4x4,lying,-1,-1,-1,-1,-1,-1,-1,-1,-1,406,346,330,-1,-1,330,303,0,0,0,0,0,0,0,0,0,1,1,1,0,0,1,1
2026-07-03T19:40:48.582,tof2,4x4,lying,3016,3254,-1,3323,-1,1481,-1,3445,940,1375,1549,-1,787,956,1107,1046,1,1,0,1,1,1,1,1,1,1,1,0,1,1,1,1
2026-07-03T19:40:48.659,tof1,4x4,lying,-1,-1,-1,-1,-1,-1,369,-1,-1,398,342,327,-1,-1,328,304,0,0,0,0,0,0,1,0,0,1,1,1,0,0,1,1
2026-07-03T19:40:48.739,tof2,4x4,lying,2951,3270,-1,3305,-1,1486,2197,3515,940,1335,1539,-1,761,991,1098,1046,1,1,0,1,0,1,1,1,1,1,1,0,1,1,1,1
2026-07-03T19:40:48.819,tof1,4x4,lying,-1,-1,-1,-1,-1,-1,365,-1,-1,403,345,328,-1,-1,331,304,0,0,0,0,0,0,1,0,0,1,1,1,0,0,1,1
2026-07-03T19:40:48.908,tof2,4x4,lying,-1,3247,-1,3342,-1,1430,2184,3458,924,1393,1616,-1,783,-1,1094,1064,1,1,0,1,1,1,1,1,1,1,1,0,1,1,1,1
2026-07-03T19:40:49.004,tof1,4x4,lying,-1,-1,-1,-1,-1,-1,369,-1,-1,-1,345,330,-1,-1,327,304,0,0,0,0,0,0,1,0,0,0,1,1,0,0,1,1
2026-07-03T19:40:49.092,tof2,4x4,lying,2987,3251,-1,3315,-1,1482,-1,3470,959,1391,-1,-1,767,950,-1,1045,1,1,0,1,0,1,1,1,1,1,1,1,1,1,1,1
2026-07-03T19:40:49.270,tof2,4x4,lying,2995,3273,-1,3324,-1,1483,-1,3501,914,1356,1605,-1,790,-1,1097,1050,1,1,0,1,0,1,0,1,1,1,1,0,1,1,1,1
2026-07-03T19:40:49.428,tof2,4x4,lying,3057,3282,-1,3360,-1,1438,-1,3480,946,1363,1629,-1,775,982,1117,1043,1,1,1,1,1,1,0,1,1,1,1,0,1,1,1,1
2026-07-03T19:40:49.612,tof2,4x4,lying,3036,3251,3287,3331,-1,1474,-1,3451,945,1380,1574,-1,774,991,-1,1049,1,1,1,1,0,1,0,1,1,1,1,0,1,1,1,1
2026-07-03T19:40:49.813,tof2,4x4,lying,-1,3245,-1,3316,-1,1483,-1,3543,931,1374,-1,-1,756,959,-1,1057,1,1,0,1,0,1,0,1,1,1,1,0,1,1,1,1
2026-07-03T19:40:49.999,tof2,4x4,lying,3002,3251,-1,3299,-1,1462,-1,3503,945,1391,-1,-1,787,989,-1,1052,1,1,0,1,0,1,1,1,1,1,1,1,1,1,1,1
2026-07-03T19:40:50.213,tof1,4x4,lying,-1,-1,-1,-1,-1,-1,-1,-1,-1,403,345,328,-1,-1,328,304,0,0,0,0,0,0,0,0,0,1,1,1,0,0,1,1
2026-07-03T19:40:50.184,tof2,4x4,lying,3024,3269,-1,3335,2119,1496,2216,3517,954,1404,1536,-1,792,-1,-1,1051,1,1,0,1,1,1,1,1,1,1,1,0,1,1,1,1
2026-07-03T19:40:50.351,tof2,4x4,lying,-1,3264,-1,3334,-1,1472,-1,3503,947,1380,1576,-1,772,948,-1,1053,0,1,0,1,0,1,0,1,1,1,1,1,1,1,1,1
2026-07-03T19:40:50.419,tof1,4x4,lying,-1,-1,-1,-1,-1,-1,363,-1,-1,402,343,327,-1,-1,325,302,0,0,0,0,0,0,1,0,0,1,1,1,0,0,1,1
2026-07-03T19:40:50.532,tof2,4x4,lying,2945,3265,-1,3323,-1,1479,2154,3586,938,1416,1621,-1,792,952,1100,1044,1,1,0,1,0,1,1,1,1,1,1,0,1,1,1,1
2026-07-03T19:40:50.592,tof1,4x4,lying,-1,-1,-1,-1,-1,-1,365,-1,-1,405,345,328,-1,-1,324,303,0,0,0,0,0,0,1,0,0,1,1,1,0,0,1,1
2026-07-03T19:40:50.735,tof2,4x4,lying,-1,3244,-1,3325,-1,1467,2137,3495,947,1385,1551,-1,782,970,1098,1043,1,1,1,1,0,1,1,1,1,1,1,0,1,1,1,1
2026-07-03T19:40:50.749,tof1,4x4,lying,-1,-1,-1,-1,-1,-1,369,-1,-1,398,342,327,-1,-1,328,305,0,0,0,0,0,0,1,0,0,1,1,1,0,0,1,1
2026-07-03T19:40:50.962,tof1,4x4,lying,-1,-1,-1,-1,-1,-1,364,-1,-1,405,343,328,-1,-1,326,304,0,0,0,0,0,0,1,0,0,1,1,1,0,0,1,1
2026-07-03T19:40:50.954,tof2,4x4,lying,3027,3249,-1,3322,-1,1469,2140,2796,918,1353,-1,-1,788,951,-1,1055,1,1,0,1,0,1,1,1,1,1,1,1,1,1,1,1
2026-07-03T19:40:51.145,tof1,4x4,lying,-1,-1,-1,-1,-1,-1,368,-1,-1,400,341,327,-1,-1,328,304,0,0,0,0,0,0,1,0,0,1,1,1,0,0,1,1
2026-07-03T19:40:51.134,tof2,4x4,lying,3056,3281,-1,3337,-1,1453,2221,2826,950,1354,-1,-1,778,983,1114,1058,1,1,0,1,1,1,1,1,1,1,1,0,1,1,1,1
2026-07-03T19:40:51.285,tof2,4x4,lying,2983,3274,-1,3317,-1,1468,-1,3450,924,1374,1552,-1,762,956,-1,1034,1,1,0,1,0,1,1,1,1,1,1,0,1,1,1,1
2026-07-03T19:40:51.349,tof1,4x4,lying,-1,-1,-1,-1,-1,-1,366,-1,-1,397,343,327,-1,-1,328,302,0,0,0,0,0,0,1,0,0,1,1,1,0,0,1,1
2026-07-03T19:40:51.462,tof2,4x4,lying,2970,3259,-1,3310,-1,1470,2183,3476,933,1369,1558,-1,785,991,1110,1045,1,1,0,1,0,1,1,1,1,1,1,1,1,1,1,1
2026-07-03T19:40:51.533,tof1,4x4,lying,-1,-1,-1,-1,-1,-1,363,-1,-1,400,341,329,-1,-1,327,304,0,0,0,0,0,0,1,0,0,1,1,1,0,0,1,1
2026-07-03T19:40:51.630,tof2,4x4,lying,3016,3248,-1,3315,-1,1482,-1,2826,955,1374,-1,-1,-1,964,-1,1051,1,1,1,1,0,1,1,1,1,1,1,0,1,1,1,1
2026-07-03T19:40:51.709,tof1,4x4,lying,-1,-1,-1,-1,-1,-1,363,-1,-1,399,342,328,-1,-1,328,303,0,0,0,0,0,0,1,0,0,1,1,1,0,0,1,1
2026-07-03T19:40:51.802,tof2,4x4,lying,2981,3274,-1,3359,-1,1496,-1,3529,937,1385,1566,-1,784,990,1104,1064,1,1,0,1,0,1,1,1,1,1,1,0,1,1,1,1
2026-07-03T19:40:51.883,tof1,4x4,lying,-1,-1,-1,-1,-1,-1,363,-1,-1,401,343,332,-1,-1,329,303,0,0,0,0,1,0,1,0,0,1,1,1,0,0,1,1
2026-07-03T19:40:51.963,tof2,4x4,lying,3016,3279,-1,3305,2074,1490,-1,3473,935,1412,-1,-1,781,947,1109,1066,1,1,0,1,1,1,0,1,1,1,1,0,1,1,1,1
2026-07-03T19:40:52.055,tof1,4x4,lying,-1,-1,-1,-1,-1,-1,367,-1,-1,405,343,327,-1,-1,325,304,0,0,0,0,0,0,1,0,0,1,1,1,0,0,1,1
2026-07-03T19:40:52.138,tof2,4x4,lying,2921,3254,-1,3291,-1,1514,2199,3469,932,1376,1601,-1,765,-1,1101,1046,1,1,0,1,0,1,1,1,1,1,1,0,1,1,1,1
2026-07-03T19:40:52.218,tof1,4x4,lying,-1,-1,-1,-1,-1,-1,372,-1,-1,405,343,329,-1,-1,325,304,0,0,0,0,0,0,1,0,0,1,1,1,0,0,1,1
2026-07-03T19:40:52.373,tof1,4x4,lying,-1,-1,-1,-1,-1,-1,371,-1,-1,397,344,328,-1,-1,326,303,0,0,0,0,0,0,1,0,0,1,1,1,0,0,1,1
2026-07-03T19:40:52.307,tof2,4x4,lying,3068,3261,-1,3309,-1,1480,-1,3470,958,1396,1561,-1,776,977,1106,1039,1,1,0,1,0,1,0,1,1,1,1,1,1,1,1,1
2026-07-03T19:40:52.473,tof2,4x4,lying,3059,3268,-1,3291,-1,1482,2177,3506,944,1362,1614,1449,782,1000,1102,1046,1,1,1,1,0,1,1,1,1,1,1,1,1,1,1,1
2026-07-03T19:40:52.554,tof1,4x4,lying,-1,-1,-1,-1,-1,-1,364,-1,-1,401,345,330,-1,-1,327,305,1,0,0,0,0,0,1,0,0,1,1,1,0,0,1,1
2026-07-03T19:40:52.730,tof1,4x4,lying,-1,-1,-1,-1,-1,-1,366,-1,-1,401,344,328,-1,-1,328,304,1,0,0,0,0,0,1,0,0,1,1,1,0,0,1,1
2026-07-03T19:40:52.654,tof2,4x4,lying,3003,3261,-1,3299,-1,1506,2230,3462,978,1369,1558,-1,784,951,1109,1051,1,1,1,1,0,1,1,1,1,1,1,0,1,1,1,1
2026-07-03T19:40:52.810,tof2,4x4,lying,2947,3253,-1,3324,-1,1482,-1,2856,944,1353,1556,-1,783,-1,1108,1054,1,1,0,1,0,1,1,1,1,1,1,0,1,1,1,1
2026-07-03T19:40:52.906,tof1,4x4,lying,-1,-1,-1,-1,-1,-1,364,-1,-1,403,343,329,-1,-1,327,305,0,0,0,0,0,0,1,0,0,1,1,1,0,0,1,1
2026-07-03T19:40:52.970,tof2,4x4,lying,3032,3262,-1,3338,-1,1478,-1,3484,920,1386,1548,-1,774,933,1101,1046,1,1,0,1,0,1,1,1,1,1,1,0,1,1,1,1
2026-07-03T19:40:53.080,tof1,4x4,lying,-1,-1,-1,-1,-1,-1,368,-1,-1,405,344,329,-1,-1,330,302,0,0,0,0,0,0,1,0,0,1,1,1,0,0,1,1
2026-07-03T19:40:53.122,tof2,4x4,lying,2974,3273,-1,3326,-1,1501,-1,3505,923,1351,1545,-1,774,984,-1,1058,1,1,0,1,1,1,0,1,1,1,1,0,1,1,1,1
2026-07-03T19:40:53.255,tof1,4x4,lying,-1,-1,-1,-1,-1,-1,367,-1,-1,402,344,330,-1,-1,327,304,0,0,0,0,0,0,1,0,0,1,1,1,0,0,1,1
2026-07-03T19:40:53.302,tof2,4x4,lying,2991,3251,-1,3332,-1,1506,2148,3459,900,1376,1607,-1,-1,985,1115,1054,1,1,0,1,0,1,1,1,1,1,1,0,1,1,1,1
2026-07-03T19:40:53.416,tof1,4x4,lying,-1,-1,-1,-1,-1,-1,-1,-1,-1,400,342,329,-1,-1,328,304,0,0,0,0,0,0,0,0,0,1,1,1,0,0,1,1
2026-07-03T19:40:53.470,tof2,4x4,lying,2985,3269,-1,3298,-1,1460,2182,3491,933,1400,-1,-1,768,934,1099,1056,1,1,1,1,0,1,1,1,1,1,1,0,1,1,1,1
2026-07-03T19:40:53.577,tof1,4x4,lying,-1,-1,-1,-1,-1,-1,367,-1,-1,401,344,329,-1,-1,325,303,0,0,0,0,0,0,1,0,0,1,1,1,0,0,1,1
2026-07-03T19:40:53.626,tof2,4x4,lying,3024,3257,3350,3333,2161,1489,2217,3508,925,1372,1527,-1,783,949,-1,1054,1,1,1,1,1,1,1,1,1,1,1,0,1,1,1,1
2026-07-03T19:40:53.743,tof1,4x4,lying,-1,-1,-1,-1,-1,-1,366,-1,-1,401,344,329,-1,-1,327,303,0,0,0,0,0,0,1,0,0,1,1,1,0,0,1,1
2026-07-03T19:40:53.800,tof2,4x4,lying,-1,3256,-1,3335,-1,1488,2159,2854,966,1396,1512,-1,764,-1,1102,1057,1,1,0,1,0,1,1,1,1,1,1,0,1,1,1,1
2026-07-03T19:40:53.908,tof1,4x4,lying,-1,-1,-1,-1,-1,-1,366,-1,-1,406,344,328,-1,-1,326,304,0,0,0,0,0,0,1,0,0,1,1,1,0,0,1,1
2026-07-03T19:40:53.984,tof2,4x4,lying,-1,3265,-1,-1,-1,1454,2155,3479,942,1412,1517,-1,785,985,-1,1043,0,1,0,1,1,1,1,1,1,1,1,0,1,1,1,1
2026-07-03T19:40:54.090,tof1,4x4,lying,-1,-1,-1,-1,-1,-1,363,-1,-1,402,343,329,-1,-1,327,303,1,0,0,0,0,0,1,0,0,1,1,1,0,0,1,1
2026-07-03T19:40:54.135,tof2,4x4,lying,2954,3259,-1,3312,-1,1454,2197,3524,921,1380,-1,-1,783,-1,1099,1035,1,1,0,1,0,1,1,1,1,1,1,0,1,1,1,1
2026-07-03T19:40:54.245,tof1,4x4,lying,-1,-1,-1,-1,-1,-1,366,-1,-1,401,341,329,-1,-1,325,303,1,0,0,0,0,0,1,0,0,1,1,1,0,0,1,1
2026-07-03T19:40:54.300,tof2,4x4,lying,-1,3256,-1,3302,-1,1464,2210,3553,941,1402,-1,-1,-1,954,1110,1040,1,1,0,1,0,1,1,1,1,1,1,0,1,1,1,1
2026-07-03T19:40:54.410,tof1,4x4,lying,-1,-1,-1,-1,-1,-1,364,-1,-1,396,343,327,-1,-1,326,303,0,0,0,0,0,0,1,0,0,1,1,1,0,0,1,1
2026-07-03T19:40:54.462,tof2,4x4,lying,-1,3258,-1,3309,-1,1470,2203,3494,934,1372,-1,-1,799,985,1108,1050,0,1,0,1,1,1,1,1,1,1,1,0,1,1,1,1
2026-07-03T19:40:54.595,tof1,4x4,lying,-1,-1,-1,-1,-1,-1,362,-1,-1,399,341,327,-1,-1,325,303,0,0,0,0,0,0,1,0,0,1,1,1,0,0,1,1
2026-07-03T19:40:54.638,tof2,4x4,lying,2990,3274,-1,3300,-1,1486,2200,3476,923,1373,-1,-1,771,956,1104,1055,1,1,1,1,0,1,1,1,1,1,1,0,1,1,1,1
2026-07-03T19:40:54.778,tof1,4x4,lying,-1,-1,-1,-1,-1,-1,366,-1,-1,402,343,329,-1,459,324,303,0,1,0,0,0,0,1,0,0,1,1,1,0,1,1,1
2026-07-03T19:40:54.826,tof2,4x4,lying,2955,3272,-1,3329,-1,1477,-1,3444,939,1365,1529,1344,787,-1,-1,1051,1,1,1,1,0,1,0,1,1,1,1,1,1,1,1,1
2026-07-03T19:40:54.945,tof1,4x4,lying,-1,-1,-1,-1,-1,-1,363,-1,-1,397,343,330,-1,-1,326,305,0,0,0,0,0,0,1,0,0,1,1,1,0,0,1,1
2026-07-03T19:40:55.048,tof2,4x4,lying,2989,3266,-1,3329,-1,1511,2205,2852,921,1385,1561,-1,770,974,1095,1059,1,1,0,1,1,1,1,1,1,1,1,0,1,1,1,1
2026-07-03T19:40:55.113,tof1,4x4,lying,-1,-1,-1,-1,-1,-1,361,-1,-1,401,343,327,-1,-1,327,305,0,0,0,0,0,0,1,0,0,1,1,1,0,0,1,1
2026-07-03T19:40:55.223,tof2,4x4,lying,3014,3248,-1,3303,-1,1488,-1,3483,929,1444,-1,-1,789,-1,1112,1056,1,1,1,1,1,1,1,1,1,1,1,0,1,1,1,1
2026-07-03T19:40:55.273,tof1,4x4,lying,-1,-1,-1,-1,-1,-1,365,-1,-1,399,342,329,-1,-1,327,304,0,0,0,0,0,0,1,0,0,1,1,1,0,0,1,1
2026-07-03T19:40:55.384,tof2,4x4,lying,-1,3252,3335,3322,1245,1478,2195,2894,935,1414,1562,-1,773,981,1103,1054,1,1,1,1,1,1,1,1,1,1,1,0,1,1,1,1
2026-07-03T19:40:55.436,tof1,4x4,lying,-1,-1,-1,-1,-1,-1,368,-1,-1,400,343,330,-1,438,326,303,0,0,0,0,0,0,1,0,0,1,1,1,0,1,1,1
2026-07-03T19:40:55.548,tof2,4x4,lying,2970,3256,-1,3312,-1,1515,2151,3507,946,1383,-1,-1,760,982,1115,1056,1,1,0,1,0,1,1,1,1,1,1,0,1,1,1,1
2026-07-03T19:40:55.628,tof1,4x4,lying,-1,-1,-1,-1,-1,-1,363,-1,-1,399,344,331,-1,-1,328,305,0,0,0,0,0,0,1,0,0,1,1,1,0,0,1,1
2026-07-03T19:40:55.719,tof2,4x4,lying,3013,3265,-1,3331,2057,1504,2131,3505,939,1377,-1,-1,775,962,1109,1059,1,1,1,1,1,1,1,1,1,1,1,0,1,1,1,1
2026-07-03T19:40:55.786,tof1,4x4,lying,-1,-1,-1,-1,-1,-1,364,-1,-1,405,343,328,-1,-1,330,305,0,0,0,0,0,0,1,0,0,1,1,1,0,0,1,1
2026-07-03T19:40:55.940,tof1,4x4,lying,-1,-1,-1,-1,-1,-1,370,-1,-1,403,344,328,-1,-1,327,303,0,0,0,1,0,0,1,0,0,1,1,1,0,0,1,1
2026-07-03T19:40:55.873,tof2,4x4,lying,2998,3271,-1,3327,1437,1455,2113,3514,941,1390,1479,-1,762,952,1107,1052,1,1,0,1,1,1,1,1,1,1,1,0,1,1,1,1
2026-07-03T19:40:56.108,tof1,4x4,lying,-1,-1,-1,-1,-1,-1,367,-1,-1,400,344,329,-1,-1,325,303,0,0,0,0,0,0,1,0,0,1,1,1,0,0,1,1
2026-07-03T19:40:56.039,tof2,4x4,lying,2956,3251,-1,3323,2132,1477,2197,3424,933,1364,-1,-1,792,971,1101,1056,1,1,0,1,1,1,1,1,1,1,1,0,1,1,1,1
2026-07-03T19:40:56.271,tof1,4x4,lying,-1,-1,-1,-1,-1,-1,367,-1,-1,401,344,330,-1,-1,329,303,0,0,0,0,0,0,1,0,0,1,1,1,0,0,1,1
2026-07-03T19:40:56.217,tof2,4x4,lying,-1,3275,-1,3301,-1,1501,-1,3479,941,1360,1430,-1,790,1003,1099,1051,1,1,0,1,1,1,1,1,1,1,1,1,1,1,1,1
2026-07-03T19:40:56.395,tof2,4x4,lying,2975,3243,-1,3333,-1,1467,2200,3521,959,1385,-1,-1,762,953,1109,1048,1,1,0,1,0,1,1,1,1,1,1,0,1,1,1,1
2026-07-03T19:40:56.469,tof1,4x4,lying,-1,-1,-1,-1,-1,-1,367,-1,-1,398,343,331,-1,-1,330,305,0,0,0,0,0,0,1,0,0,1,1,1,0,0,1,1
2026-07-03T19:40:56.553,tof2,4x4,lying,2973,3279,3371,3312,-1,1467,2197,2853,969,1373,1552,-1,784,982,1102,1048,1,1,1,1,0,1,1,1,1,1,1,0,1,1,1,1
2026-07-03T19:40:56.640,tof1,4x4,lying,-1,-1,-1,-1,-1,-1,367,-1,-1,401,344,330,-1,442,327,305,0,0,1,0,0,0,1,0,0,1,1,1,0,1,1,1
2026-07-03T19:40:56.725,tof2,4x4,lying,3053,3258,-1,3320,-1,1486,2166,3444,941,1377,-1,1382,777,-1,1102,1050,1,1,1,1,0,1,1,1,1,1,1,1,1,1,1,1
2026-07-03T19:40:56.799,tof1,4x4,lying,-1,-1,-1,-1,-1,-1,369,-1,-1,401,344,329,-1,-1,334,305,0,0,0,0,0,0,1,0,0,1,1,1,0,0,1,1
2026-07-03T19:40:56.887,tof2,4x4,lying,3003,3255,3348,3314,-1,1458,2189,3502,949,1413,-1,-1,770,-1,-1,1052,1,1,1,1,0,1,1,1,1,1,1,0,1,1,1,1
2026-07-03T19:40:56.961,tof1,4x4,lying,-1,-1,-1,-1,-1,-1,365,-1,-1,403,346,328,-1,-1,326,304,0,0,0,0,0,0,1,0,0,1,1,1,0,0,1,1
2026-07-03T19:40:57.048,tof2,4x4,lying,2955,3266,-1,3333,-1,1427,2170,3475,922,1416,1506,-1,764,958,1097,1064,1,1,0,1,1,1,1,1,1,1,1,0,1,1,1,1
2026-07-03T19:40:57.121,tof1,4x4,lying,-1,-1,-1,-1,-1,-1,365,-1,-1,405,343,329,-1,-1,327,304,0,0,0,0,0,0,1,0,0,1,1,1,0,0,1,1
2026-07-03T19:40:57.201,tof2,4x4,lying,2971,3265,-1,3330,-1,-1,2194,3421,916,1415,1570,-1,777,963,1104,-1,1,1,0,1,0,1,1,1,1,1,1,1,1,1,1,1
2026-07-03T19:40:57.281,tof1,4x4,lying,-1,-1,-1,-1,-1,-1,365,-1,-1,405,344,330,-1,-1,327,304,0,0,0,0,0,0,1,0,0,1,1,1,0,0,1,1
2026-07-03T19:40:57.365,tof2,4x4,lying,2959,3241,-1,3306,-1,1476,2197,3481,941,1381,-1,-1,780,961,-1,1055,1,1,0,1,0,1,1,1,1,1,1,0,1,1,1,1
2026-07-03T19:40:57.477,tof1,4x4,lying,-1,-1,-1,-1,-1,-1,372,-1,-1,402,344,331,-1,447,329,304,0,0,0,0,0,0,1,0,0,1,1,1,0,1,1,1
2026-07-03T19:40:57.546,tof2,4x4,lying,3022,3247,-1,3355,-1,1492,-1,3490,-1,1389,-1,-1,764,963,1113,1056,1,1,0,1,0,1,1,1,0,1,1,1,1,1,1,1
2026-07-03T19:40:57.660,tof1,4x4,lying,-1,-1,-1,-1,-1,-1,368,-1,-1,398,345,330,-1,-1,326,304,1,0,0,0,0,0,1,0,0,1,1,1,0,0,1,1
2026-07-03T19:40:57.708,tof2,4x4,lying,2994,3257,3253,3301,-1,1473,2169,3479,950,1368,-1,-1,779,-1,1099,1062,1,1,1,1,0,1,1,1,1,1,1,0,1,1,1,1
2026-07-03T19:40:57.837,tof1,4x4,lying,-1,-1,-1,-1,-1,-1,361,-1,-1,403,343,329,-1,-1,325,304,0,1,0,1,0,0,1,0,0,1,1,1,0,0,1,1
2026-07-03T19:40:57.901,tof2,4x4,lying,2990,3282,-1,3293,-1,1478,2127,3494,927,1372,-1,-1,774,978,-1,1055,1,1,1,1,0,1,1,1,1,1,1,1,1,1,1,1
2026-07-03T19:40:58.005,tof1,4x4,lying,-1,-1,-1,-1,-1,-1,363,-1,-1,399,342,328,-1,-1,327,304,0,0,0,0,0,0,1,0,0,1,1,1,0,0,1,1
2026-07-03T19:40:58.073,tof2,4x4,lying,3042,3237,-1,3329,-1,1467,-1,3517,922,1362,-1,-1,769,988,-1,1052,1,1,0,1,0,1,1,1,1,1,1,1,1,1,1,1
2026-07-03T19:40:58.181,tof1,4x4,lying,-1,-1,-1,-1,-1,-1,367,-1,-1,398,344,329,-1,-1,326,303,0,0,0,0,0,0,1,0,0,1,1,1,0,0,1,1
2026-07-03T19:40:58.223,tof2,4x4,lying,2952,3231,-1,3304,-1,1462,2146,3524,955,1360,1525,-1,786,961,1105,1057,1,1,1,1,1,1,1,1,1,1,1,1,1,1,1,1
2026-07-03T19:40:58.350,tof1,4x4,lying,-1,-1,-1,-1,-1,-1,368,-1,-1,401,344,328,-1,-1,325,303,0,0,0,0,0,0,1,0,0,1,1,1,0,0,1,1
2026-07-03T19:40:58.410,tof2,4x4,lying,2957,3268,3301,3274,-1,1485,2205,3502,926,1400,-1,1366,788,976,1097,1049,1,1,1,1,1,1,1,1,1,1,1,1,1,1,1,1
2026-07-03T19:40:58.536,tof1,4x4,lying,-1,-1,-1,-1,-1,-1,362,-1,-1,402,343,327,-1,-1,327,303,0,0,0,0,0,0,1,0,0,1,1,1,0,0,1,1
2026-07-03T19:40:58.596,tof2,4x4,lying,3052,3250,-1,3296,-1,1471,2176,3450,955,1385,1656,-1,762,966,1094,1043,1,1,0,1,0,1,1,1,1,1,1,0,1,1,1,1
2026-07-03T19:40:58.697,tof1,4x4,lying,3265,-1,-1,-1,-1,-1,-1,-1,-1,404,342,331,-1,-1,328,303,1,0,0,0,0,0,0,0,0,1,1,1,0,0,1,1
2026-07-03T19:40:58.788,tof2,4x4,lying,-1,3253,-1,3363,-1,1483,2222,3472,960,1393,1482,1323,770,932,-1,1052,1,1,0,1,0,1,1,1,1,1,1,1,1,1,1,1
2026-07-03T19:40:58.949,tof2,4x4,lying,2970,3266,3369,3311,-1,1482,2210,3493,928,1392,-1,-1,788,960,1099,1045,1,1,1,1,0,1,1,1,1,1,1,0,1,1,1,1
2026-07-03T19:40:59.128,tof2,4x4,lying,3067,3274,-1,3301,-1,1448,2155,3529,964,1376,1644,-1,769,958,1110,1050,1,1,0,1,1,1,1,1,1,1,1,0,1,1,1,1
2026-07-03T19:40:59.300,tof2,4x4,lying,3090,3254,-1,3302,-1,1492,-1,3507,933,1395,-1,-1,768,-1,1119,1051,1,1,0,1,1,1,1,1,1,1,1,0,1,1,1,1
2026-07-03T19:40:59.514,tof1,4x4,lying,-1,-1,-1,-1,-1,-1,369,-1,-1,405,343,328,-1,-1,326,303,0,0,0,0,0,0,1,0,0,1,1,1,0,0,1,1
2026-07-03T19:40:59.460,tof2,4x4,lying,-1,3246,-1,-1,-1,1492,2108,3472,946,1391,-1,-1,774,-1,1118,1043,1,1,0,1,0,1,1,1,1,1,1,0,1,1,1,1
2026-07-03T19:40:59.666,tof1,4x4,lying,-1,-1,-1,-1,-1,-1,-1,-1,-1,402,343,330,-1,-1,327,303,1,0,0,0,0,0,0,0,0,1,1,1,0,0,1,1
2026-07-03T19:40:59.626,tof2,4x4,lying,2971,3232,-1,3325,-1,1471,2178,3500,915,1405,-1,-1,774,-1,1112,1056,1,1,0,1,0,1,1,1,1,1,1,0,1,1,1,1
2026-07-03T19:40:59.850,tof1,4x4,lying,-1,-1,-1,-1,-1,-1,367,-1,-1,401,344,327,-1,-1,328,304,0,0,0,0,0,0,1,0,0,1,1,1,0,0,1,1
2026-07-03T19:40:59.790,tof2,4x4,lying,2920,3258,-1,3300,-1,1504,2221,3503,938,1380,-1,-1,767,955,1105,1040,1,1,0,1,0,1,1,1,1,1,1,0,1,1,1,1
2026-07-03T19:41:00.027,tof1,4x4,lying,-1,-1,-1,-1,-1,-1,365,-1,-1,400,341,329,-1,-1,326,304,0,0,0,0,0,0,1,0,0,1,1,1,0,0,1,1
2026-07-03T19:40:59.955,tof2,4x4,lying,3001,3277,-1,3304,-1,1479,2161,3459,922,1377,1566,-1,775,994,1098,1056,1,1,0,1,0,1,1,1,1,1,1,1,1,1,1,1
2026-07-03T19:41:00.196,tof1,4x4,lying,-1,-1,-1,-1,-1,-1,365,-1,-1,401,343,331,-1,-1,327,304,0,0,0,0,0,0,1,0,0,1,1,1,0,0,1,1
2026-07-03T19:41:00.140,tof2,4x4,lying,2997,3261,-1,3311,-1,1492,2127,3468,937,1388,1467,-1,776,972,1109,1053,1,1,0,1,1,1,1,1,1,1,1,1,1,1,1,1
2026-07-03T19:41:00.366,tof1,4x4,lying,-1,-1,-1,-1,-1,-1,369,-1,-1,404,342,329,-1,-1,327,304,1,0,0,0,0,0,1,0,0,1,1,1,0,0,1,1
2026-07-03T19:41:00.319,tof2,4x4,lying,2993,3252,-1,3309,-1,1484,2205,3486,929,1389,1503,-1,786,979,1104,1056,1,1,1,1,0,1,1,1,1,1,1,1,1,1,1,1
2026-07-03T19:41:00.640,tof1,4x4,lying,-1,-1,-1,-1,-1,-1,368,-1,-1,-1,344,331,-1,452,330,304,0,0,0,0,0,0,1,0,0,0,1,1,0,1,1,1
2026-07-03T19:41:00.657,tof2,4x4,lying,3054,3240,-1,3347,-1,1507,-1,2835,932,1379,-1,1306,780,970,1105,1042,1,1,0,1,0,1,1,1,1,1,1,1,1,1,1,1
2026-07-03T19:41:00.792,tof1,4x4,lying,-1,-1,-1,-1,-1,-1,-1,-1,-1,402,345,329,-1,460,327,304,0,0,0,0,0,0,0,0,0,1,1,1,0,1,1,1
2026-07-03T19:41:00.835,tof2,4x4,lying,3067,3240,-1,3316,-1,1464,-1,3542,959,1376,-1,-1,786,-1,1103,1038,1,1,1,1,0,1,0,1,1,1,1,1,1,1,1,1
2026-07-03T19:41:00.983,tof1,4x4,lying,-1,-1,-1,-1,-1,-1,366,-1,-1,401,346,331,-1,-1,328,304,0,0,0,0,0,0,1,0,0,1,1,1,0,0,1,1
2026-07-03T19:41:00.997,tof2,4x4,lying,3055,3253,-1,3322,-1,1458,2143,3565,930,1379,1544,-1,784,-1,-1,1037,1,1,0,1,0,1,1,1,1,1,1,0,1,1,1,1
2026-07-03T19:41:01.171,tof1,4x4,lying,-1,-1,-1,-1,-1,-1,368,-1,-1,-1,345,331,-1,-1,325,303,1,0,0,0,0,0,1,0,0,0,1,1,0,1,1,1
2026-07-03T19:41:01.333,tof1,4x4,lying,-1,-1,-1,-1,-1,-1,365,-1,-1,397,344,331,-1,-1,327,304,0,0,0,0,0,0,1,0,0,1,1,1,0,0,1,1
2026-07-03T19:41:01.268,tof2,4x4,lying,2979,3253,-1,3310,-1,1453,-1,2852,931,1353,-1,1338,778,951,1102,1048,1,1,1,1,0,1,0,1,1,1,1,1,1,1,1,1
2026-07-03T19:41:01.488,tof1,4x4,lying,-1,-1,-1,-1,-1,-1,-1,-1,-1,398,344,331,-1,-1,329,304,0,0,0,0,0,0,0,0,0,1,1,1,0,0,1,1
2026-07-03T19:41:01.447,tof2,4x4,lying,3037,3265,-1,3289,-1,1484,2085,3490,944,1374,-1,-1,756,-1,1095,1059,1,1,0,1,0,1,1,1,1,1,1,0,1,1,1,1
2026-07-03T19:41:01.669,tof1,4x4,lying,-1,-1,-1,-1,-1,-1,364,-1,-1,402,346,328,-1,-1,327,306,0,0,0,0,0,0,1,0,0,1,1,1,0,0,1,1
2026-07-03T19:41:01.623,tof2,4x4,lying,2962,3254,-1,3305,-1,1470,2220,3473,925,1376,-1,-1,805,-1,1110,1053,1,1,1,1,0,1,1,1,1,1,1,1,1,1,1,1
2026-07-03T19:41:01.828,tof1,4x4,lying,-1,-1,-1,-1,-1,-1,371,-1,-1,401,344,331,-1,-1,326,304,0,0,0,0,0,0,1,0,0,1,1,1,0,0,1,1
2026-07-03T19:41:01.785,tof2,4x4,lying,3015,3248,-1,3357,-1,1484,-1,3530,927,1374,-1,-1,792,-1,1116,1040,1,1,0,1,0,1,1,1,1,1,1,0,1,1,1,1
2026-07-03T19:41:01.937,tof2,4x4,lying,2890,3248,-1,-1,-1,1461,2174,3488,949,1360,1469,-1,758,981,1106,1046,1,1,0,1,0,1,1,1,1,1,1,0,1,1,1,1
2026-07-03T19:41:02.005,tof1,4x4,lying,-1,-1,-1,-1,-1,-1,364,-1,-1,398,344,327,-1,-1,331,303,0,0,0,0,0,0,1,0,0,1,1,1,0,0,1,1
2026-07-03T19:41:02.172,tof1,4x4,lying,-1,-1,-1,-1,-1,-1,368,-1,-1,402,345,329,-1,-1,326,303,0,0,0,0,0,0,1,0,0,1,1,1,0,0,1,1
2026-07-03T19:41:02.102,tof2,4x4,lying,-1,3260,-1,3349,2116,1481,2142,3481,965,1344,-1,-1,771,934,1114,-1,1,1,1,1,1,1,1,1,1,1,1,0,1,1,1,1
2026-07-03T19:41:02.275,tof2,4x4,lying,2950,3263,-1,3315,-1,1490,2194,3442,935,1358,1589,1280,774,932,1096,1037,1,1,0,1,0,1,1,1,1,1,1,1,1,1,1,1
2026-07-03T19:41:02.362,tof1,4x4,lying,-1,-1,-1,-1,-1,-1,360,-1,559,402,345,327,-1,445,328,303,1,0,0,0,0,0,1,0,1,1,1,1,0,1,1,1
2026-07-03T19:41:02.442,tof2,4x4,lying,3020,3260,-1,3335,-1,1435,-1,3488,922,1416,1576,-1,776,932,1100,1046,1,1,1,1,0,1,1,1,1,1,1,0,1,1,1,1
2026-07-03T19:41:02.545,tof1,4x4,lying,-1,-1,-1,-1,-1,-1,364,-1,-1,396,342,329,-1,442,327,303,0,0,0,0,0,0,1,0,0,1,1,1,0,1,1,1
2026-07-03T19:41:02.616,tof2,4x4,lying,3074,3268,-1,3317,-1,1461,-1,3456,961,1379,1558,-1,790,953,1115,1050,1,1,0,1,0,1,1,1,1,1,1,0,1,1,1,1
2026-07-03T19:41:02.717,tof1,4x4,lying,-1,-1,-1,-1,-1,-1,366,-1,-1,399,343,328,-1,-1,327,304,0,0,0,0,0,0,1,0,0,1,1,1,0,0,1,1
2026-07-03T19:41:02.817,tof2,4x4,lying,-1,3271,-1,3330,-1,1477,2248,3506,948,1383,-1,-1,766,-1,1115,1046,0,1,0,1,1,1,1,1,1,1,1,0,1,1,1,1
2026-07-03T19:41:02.889,tof1,4x4,lying,-1,-1,-1,-1,-1,-1,367,-1,-1,400,343,329,-1,-1,328,303,0,0,0,0,0,0,1,0,0,1,1,1,0,0,1,1
2026-07-03T19:41:02.982,tof2,4x4,lying,2940,3256,-1,3328,2136,1497,2196,3470,916,1357,1506,-1,785,961,1106,1040,1,1,1,1,1,1,1,1,1,1,1,0,1,1,1,1
2026-07-03T19:41:03.044,tof1,4x4,lying,-1,-1,-1,-1,-1,-1,367,-1,-1,400,345,331,-1,-1,326,303,0,0,0,0,0,0,1,0,0,1,1,1,0,0,1,1
2026-07-03T19:41:03.137,tof2,4x4,lying,2947,3254,-1,3320,-1,1484,2176,3526,939,1391,1553,-1,773,-1,1108,1052,1,1,0,1,0,1,1,1,1,1,1,0,1,1,1,1
2026-07-03T19:41:03.205,tof1,4x4,lying,-1,-1,-1,-1,-1,-1,365,-1,-1,402,344,327,-1,-1,327,303,0,0,0,0,0,0,1,0,0,1,1,1,0,0,1,1
2026-07-03T19:41:03.319,tof2,4x4,lying,-1,3263,3299,3327,-1,1488,2147,2857,958,1412,-1,-1,781,951,1113,1059,1,1,1,1,0,1,1,1,1,1,1,0,1,1,1,1
2026-07-03T19:41:03.382,tof1,4x4,lying,-1,-1,-1,-1,-1,-1,365,-1,-1,401,344,327,-1,-1,328,304,0,0,0,0,0,0,1,0,0,1,1,1,0,0,1,1
2026-07-03T19:41:03.535,tof1,4x4,lying,-1,-1,-1,-1,-1,-1,365,-1,-1,396,341,329,-1,-1,328,304,0,0,0,0,0,0,1,0,0,1,1,1,0,0,1,1
2026-07-03T19:41:03.472,tof2,4x4,lying,3056,3271,-1,3309,-1,1472,2191,3468,937,1363,1583,-1,774,943,1117,1054,1,1,1,1,0,1,1,1,1,1,1,0,1,1,1,1
2026-07-03T19:41:03.638,tof2,4x4,lying,3014,3254,3327,3316,-1,1445,2188,2895,942,1353,-1,-1,757,992,-1,1039,1,1,1,1,1,1,1,1,1,1,1,0,1,1,1,1
2026-07-03T19:41:03.711,tof1,4x4,lying,-1,-1,-1,-1,-1,-1,365,-1,-1,397,346,331,-1,-1,325,303,0,0,0,0,0,0,1,0,0,1,1,1,0,0,1,1
2026-07-03T19:41:03.863,tof1,4x4,lying,-1,-1,-1,-1,-1,-1,365,-1,-1,401,344,329,-1,-1,327,305,0,0,0,0,0,0,1,0,0,1,1,1,0,0,1,1
2026-07-03T19:41:03.811,tof2,4x4,lying,-1,3258,-1,3326,-1,1486,2196,3428,935,1383,-1,-1,770,954,-1,1048,0,1,0,1,0,1,1,1,1,1,1,0,1,1,1,1
2026-07-03T19:41:03.961,tof2,4x4,lying,2965,3255,-1,3333,-1,1487,-1,3469,923,1360,1565,-1,765,923,-1,1050,1,1,0,1,0,1,0,1,1,1,1,1,1,1,1,1
2026-07-03T19:41:04.039,tof1,4x4,lying,-1,-1,-1,-1,-1,-1,369,-1,-1,395,344,329,-1,-1,328,303,0,0,0,0,0,0,1,0,0,1,1,1,0,0,1,1
2026-07-03T19:41:04.149,tof2,4x4,lying,2979,3248,-1,3313,2069,1479,2184,3465,947,1380,1544,-1,774,952,1101,1047,1,1,0,1,1,1,1,1,1,1,1,0,1,1,1,1
2026-07-03T19:41:04.232,tof1,4x4,lying,-1,-1,-1,-1,-1,-1,366,-1,-1,402,346,329,-1,-1,328,306,0,0,0,0,0,0,1,0,0,1,1,1,0,0,1,1
2026-07-03T19:41:04.320,tof2,4x4,lying,2939,3264,-1,3325,-1,1472,-1,3472,943,1410,-1,1366,785,993,1089,1050,1,1,1,1,0,1,1,1,1,1,1,1,1,1,1,1
2026-07-03T19:41:04.405,tof1,4x4,lying,-1,-1,-1,-1,-1,-1,369,-1,-1,401,346,328,-1,-1,329,304,0,0,0,0,0,0,1,0,0,1,1,1,0,0,1,1
2026-07-03T19:41:04.484,tof2,4x4,lying,3021,3255,-1,3358,-1,1470,2168,3514,972,1392,-1,-1,771,-1,-1,1048,1,1,0,1,0,1,1,1,1,1,1,0,1,1,1,1
2026-07-03T19:41:04.570,tof1,4x4,lying,-1,-1,-1,-1,-1,-1,366,-1,-1,401,345,331,-1,444,328,304,0,0,0,0,0,0,1,0,0,1,1,1,0,1,1,1
2026-07-03T19:41:04.778,tof1,4x4,lying,-1,-1,-1,-1,-1,-1,365,-1,-1,404,344,331,-1,-1,327,305,1,0,0,0,0,0,1,0,0,1,1,1,0,0,1,1
2026-07-03T19:41:04.797,tof2,4x4,lying,2970,3250,-1,3338,-1,1455,-1,3529,944,1373,1574,-1,792,994,1109,1051,1,1,0,1,1,1,0,1,1,1,1,0,1,1,1,1
2026-07-03T19:41:04.961,tof1,4x4,lying,-1,-1,-1,-1,-1,-1,-1,-1,-1,397,344,329,-1,-1,328,304,0,0,0,0,0,0,0,0,0,1,1,1,0,0,1,1
2026-07-03T19:41:04.994,tof2,4x4,lying,2981,3263,-1,3312,-1,1486,-1,2833,932,1358,1463,-1,780,938,1109,1049,1,1,0,1,0,1,0,1,1,1,1,0,1,1,1,1
2026-07-03T19:41:05.111,tof1,4x4,lying,-1,-1,-1,-1,-1,-1,364,-1,-1,401,346,328,-1,-1,329,305,0,0,0,0,0,0,1,0,0,1,1,1,0,0,1,1
2026-07-03T19:41:05.165,tof2,4x4,lying,2972,3267,-1,3296,-1,1479,2174,3495,937,1390,-1,-1,758,953,1110,1049,1,1,0,1,0,1,1,1,1,1,1,0,1,1,1,1
2026-07-03T19:41:05.287,tof1,4x4,lying,-1,-1,-1,-1,-1,-1,-1,-1,-1,402,346,329,-1,-1,330,305,0,0,0,0,0,0,0,0,0,1,1,1,0,0,1,1
2026-07-03T19:41:05.342,tof2,4x4,lying,2947,3260,-1,3319,2069,1471,-1,3526,939,1414,1471,-1,770,953,1098,1048,1,1,1,1,1,1,0,1,1,1,1,1,1,1,1,1
2026-07-03T19:41:05.444,tof1,4x4,lying,-1,-1,-1,-1,-1,-1,367,-1,-1,401,344,329,-1,-1,327,302,0,0,0,0,0,0,1,0,0,1,1,1,0,0,1,1
2026-07-03T19:41:05.499,tof2,4x4,lying,2969,3261,-1,3307,-1,1483,-1,3422,947,1381,-1,-1,787,-1,1113,1039,1,1,1,1,1,1,1,1,1,1,1,1,1,1,1,1
2026-07-03T19:41:05.670,tof1,4x4,lying,-1,-1,-1,-1,-1,-1,364,-1,-1,400,346,331,-1,-1,331,305,0,0,0,0,0,0,1,0,0,1,1,1,0,0,1,1
2026-07-03T19:41:05.678,tof2,4x4,lying,3027,3263,-1,3340,-1,1506,2182,3468,962,1422,-1,-1,756,994,1099,1049,1,1,1,1,0,1,1,1,1,1,1,1,1,1,1,1
2026-07-03T19:41:05.828,tof1,4x4,lying,-1,-1,-1,-1,-1,-1,366,-1,-1,399,343,330,-1,445,330,307,1,0,0,0,0,0,1,0,0,1,1,1,0,1,1,1
2026-07-03T19:41:05.850,tof2,4x4,lying,2940,3278,-1,3347,2082,1457,-1,3499,929,1367,-1,-1,-1,958,1097,1053,1,1,0,1,1,1,1,1,1,1,1,0,1,1,1,1
2026-07-03T19:41:05.997,tof1,4x4,lying,-1,-1,-1,-1,-1,-1,363,-1,-1,397,345,330,-1,-1,329,303,0,0,0,0,0,0,1,0,0,1,1,1,0,0,1,1
2026-07-03T19:41:06.004,tof2,4x4,lying,3014,3240,-1,3319,-1,1494,2149,3554,950,1392,-1,-1,755,-1,1108,1057,1,1,0,1,1,1,1,1,1,1,1,1,1,1,1,1
2026-07-03T19:41:06.178,tof1,4x4,lying,-1,-1,-1,-1,-1,-1,368,-1,-1,401,343,330,-1,-1,328,303,1,0,0,0,0,0,1,0,0,1,1,1,0,0,1,1
2026-07-03T19:41:06.193,tof2,4x4,lying,2997,3258,-1,3323,2098,1452,2221,3564,945,1345,-1,-1,793,971,1101,1049,1,1,0,1,1,1,1,1,1,1,1,1,1,1,1,1
2026-07-03T19:41:06.345,tof1,4x4,lying,-1,-1,-1,-1,-1,-1,368,-1,-1,403,345,328,-1,-1,328,303,0,0,0,0,0,0,1,0,0,1,1,1,0,0,1,1
2026-07-03T19:41:06.347,tof2,4x4,lying,3029,3261,-1,3295,-1,1469,-1,3507,926,1397,-1,1318,757,985,1102,1052,1,1,0,1,0,1,0,1,1,1,1,1,1,1,1,1
2026-07-03T19:41:06.523,tof1,4x4,lying,-1,-1,-1,-1,-1,-1,-1,-1,-1,397,343,329,-1,-1,327,303,0,0,0,0,0,0,0,0,0,1,1,1,0,0,1,1
2026-07-03T19:41:06.533,tof2,4x4,lying,2879,3256,-1,3325,-1,1475,-1,3473,947,1415,-1,-1,788,938,1105,1039,1,1,0,1,1,1,0,1,1,1,1,0,1,1,1,1
2026-07-03T19:41:06.693,tof1,4x4,lying,-1,-1,-1,-1,-1,-1,366,-1,-1,403,345,328,-1,-1,329,304,0,0,0,0,0,0,1,0,0,1,1,1,0,0,1,1
2026-07-03T19:41:06.710,tof2,4x4,lying,2977,3257,-1,3309,-1,-1,2176,3450,928,1349,1572,-1,775,949,1103,1052,1,1,0,1,0,1,1,1,1,1,1,1,1,1,1,1
2026-07-03T19:41:06.889,tof1,4x4,lying,-1,-1,-1,-1,-1,-1,367,-1,-1,401,344,331,-1,-1,326,303,0,0,0,0,0,0,1,0,0,1,1,1,0,0,1,1
2026-07-03T19:41:06.909,tof2,4x4,lying,3062,3266,-1,3343,-1,1488,-1,3508,926,1382,1585,-1,786,964,1105,1041,1,1,0,1,0,1,1,1,1,1,1,0,1,1,1,1
2026-07-03T19:41:07.045,tof1,4x4,lying,-1,-1,-1,-1,-1,-1,370,-1,-1,403,345,328,-1,-1,327,305,0,0,0,0,0,0,1,0,0,1,1,1,0,0,1,1
2026-07-03T19:41:07.061,tof2,4x4,lying,-1,3248,3377,3304,-1,1472,-1,3501,939,1374,1487,-1,756,-1,-1,1051,1,1,1,1,1,1,1,1,1,1,1,0,1,1,1,1
2026-07-03T19:41:07.213,tof1,4x4,lying,-1,-1,-1,-1,-1,-1,364,-1,-1,403,344,329,-1,448,328,305,0,0,0,0,0,0,1,0,0,1,1,1,0,1,1,1
2026-07-03T19:41:08.035,tof2,4x4,lying,3030,3255,-1,3327,-1,1475,2179,2846,963,1393,-1,-1,776,-1,-1,1049,1,1,0,1,1,1,1,1,1,1,1,1,1,1,1,1
2026-07-03T19:41:08.933,tof1,4x4,lying,-1,-1,-1,-1,-1,-1,366,-1,-1,401,345,329,-1,-1,328,304,0,0,0,0,0,0,1,0,0,1,1,1,0,0,1,1
2026-07-03T19:41:09.095,tof1,4x4,lying,-1,-1,-1,-1,-1,-1,-1,-1,-1,396,344,330,-1,-1,329,303,0,0,0,0,0,0,0,0,0,1,1,1,0,0,1,1
2026-07-03T19:41:09.147,tof2,4x4,lying,2975,3261,-1,3308,-1,-1,-1,2847,963,1417,1582,1352,795,-1,1101,1061,1,1,0,1,0,0,0,1,1,1,1,1,1,1,1,1
2026-07-03T19:41:09.254,tof1,4x4,lying,-1,-1,-1,-1,-1,-1,365,-1,-1,399,345,332,-1,443,330,304,0,0,0,1,0,0,1,0,0,1,1,1,0,1,1,1
2026-07-03T19:41:09.307,tof2,4x4,lying,3044,3252,-1,3298,-1,-1,-1,3471,949,1356,1581,-1,770,942,1105,1052,1,1,0,1,0,0,0,1,1,1,1,0,1,1,1,1
2026-07-03T19:41:09.411,tof1,4x4,lying,-1,-1,-1,-1,-1,-1,370,-1,-1,399,345,329,-1,-1,331,305,0,0,0,0,0,0,1,0,0,1,1,1,0,0,1,1
2026-07-03T19:41:09.480,tof2,4x4,lying,2974,3255,-1,3276,-1,1481,2154,2825,936,1388,-1,-1,762,982,-1,1055,1,1,0,1,0,1,1,1,1,1,1,0,1,1,1,1
2026-07-03T19:41:09.590,tof1,4x4,lying,-1,-1,-1,-1,-1,-1,365,-1,-1,397,344,330,-1,-1,327,303,1,0,0,1,0,0,1,0,0,1,1,1,0,0,1,1
2026-07-03T19:41:09.676,tof2,4x4,lying,2984,3255,-1,3335,-1,1482,-1,2799,945,1382,-1,-1,769,973,1105,1050,1,1,0,1,1,1,0,1,1,1,1,0,1,1,1,1
2026-07-03T19:41:09.767,tof1,4x4,lying,-1,-1,-1,-1,-1,-1,365,-1,-1,398,344,329,-1,-1,330,302,0,0,0,0,0,0,1,0,0,1,1,1,0,1,1,1
2026-07-03T19:41:09.848,tof2,4x4,lying,-1,3263,-1,3286,-1,1494,-1,2823,935,1357,-1,-1,758,-1,-1,1046,1,1,0,1,0,1,0,1,1,1,1,0,1,1,1,1
2026-07-03T19:41:09.921,tof1,4x4,lying,-1,-1,-1,-1,-1,-1,369,-1,-1,398,342,328,-1,-1,329,304,0,0,0,0,0,0,1,0,0,1,1,1,0,0,1,1
2026-07-03T19:41:10.071,tof1,4x4,lying,-1,-1,-1,-1,-1,-1,364,-1,-1,404,343,328,-1,-1,325,303,0,0,0,0,0,0,1,0,0,1,1,1,0,0,1,1
2026-07-03T19:41:10.049,tof2,4x4,lying,3067,3260,-1,3313,-1,1482,2202,3467,953,1380,1588,-1,778,955,1110,1041,1,1,0,1,0,1,1,1,1,1,1,0,1,1,1,1
2026-07-03T19:41:10.241,tof1,4x4,lying,-1,-1,-1,-1,-1,-1,365,-1,-1,395,342,327,-1,-1,326,304,0,0,0,0,0,0,1,0,0,1,1,1,0,0,1,1
2026-07-03T19:41:10.223,tof2,4x4,lying,-1,3256,-1,3339,-1,1465,2201,2834,923,1342,-1,-1,775,951,1112,1035,0,1,1,1,1,1,1,1,1,1,1,0,1,1,1,1
2026-07-03T19:41:10.459,tof1,4x4,lying,-1,-1,-1,-1,-1,-1,364,-1,-1,401,344,328,-1,-1,327,303,0,0,0,0,0,0,1,0,0,1,1,1,0,0,1,1
2026-07-03T19:41:10.406,tof2,4x4,lying,-1,3255,-1,3273,-1,1500,2161,2825,960,1355,1519,-1,779,966,1106,1054,0,1,0,1,0,1,1,1,1,1,1,1,1,1,1,1
2026-07-03T19:41:10.595,tof2,4x4,lying,3047,3246,-1,3313,-1,1477,-1,2829,923,1419,1584,-1,768,950,1102,1036,1,1,0,1,0,1,0,1,1,1,1,0,1,1,1,1
2026-07-03T19:41:10.672,tof1,4x4,lying,-1,-1,-1,-1,-1,-1,364,-1,-1,400,340,329,-1,-1,327,306,0,0,0,0,0,0,1,0,0,1,1,1,0,0,1,1
2026-07-03T19:41:10.774,tof2,4x4,lying,2969,3256,3294,3324,-1,1470,-1,3475,931,1342,1549,-1,794,970,-1,1051,1,1,1,1,1,1,0,1,1,1,1,0,1,1,1,1
2026-07-03T19:41:10.838,tof1,4x4,lying,-1,-1,-1,-1,-1,-1,364,-1,-1,401,343,330,-1,-1,328,304,1,0,0,0,0,0,1,0,0,1,1,1,0,0,1,1
2026-07-03T19:41:10.937,tof2,4x4,lying,2875,3249,-1,3344,-1,1467,2118,2821,966,1394,1552,-1,760,958,1094,1055,1,1,0,1,0,1,1,1,1,1,1,0,1,1,1,1
2026-07-03T19:41:11.013,tof1,4x4,lying,-1,-1,-1,-1,-1,-1,364,-1,-1,402,342,327,-1,-1,327,302,1,0,0,0,0,0,1,0,0,1,1,1,0,0,1,1
2026-07-03T19:41:11.101,tof2,4x4,lying,-1,3258,3325,3315,-1,1473,2179,3455,930,1400,-1,-1,773,982,1114,1050,0,1,1,1,0,1,1,1,1,1,1,0,1,1,1,1
2026-07-03T19:41:11.194,tof1,4x4,lying,-1,-1,-1,-1,-1,-1,365,-1,-1,403,341,328,-1,-1,328,304,0,0,0,0,0,0,1,0,0,1,1,1,0,0,1,1
2026-07-03T19:41:11.270,tof2,4x4,lying,2975,3278,-1,3300,2167,1506,2187,2841,950,1372,1529,-1,-1,955,1117,1050,1,1,0,1,1,1,1,1,1,1,1,1,1,1,1,1
2026-07-03T19:41:11.379,tof1,4x4,lying,-1,-1,-1,-1,-1,-1,363,-1,-1,395,341,329,-1,-1,328,303,0,0,0,0,0,0,1,0,0,1,1,1,0,0,1,1
2026-07-03T19:41:11.428,tof2,4x4,lying,2962,3257,-1,3322,-1,1499,2228,3433,940,1400,1495,-1,746,-1,1100,1051,1,1,1,1,0,1,1,1,1,1,1,0,1,1,1,1
2026-07-03T19:41:11.534,tof1,4x4,lying,-1,-1,-1,-1,-1,-1,363,-1,-1,400,342,327,-1,-1,324,304,0,0,0,0,0,0,1,0,0,1,1,1,0,0,1,1
2026-07-03T19:41:11.618,tof2,4x4,lying,2881,3260,-1,3312,-1,1474,2199,2866,953,1418,1547,-1,796,954,-1,1050,1,1,0,1,0,1,1,1,1,1,1,1,1,1,1,1
2026-07-03T19:41:11.730,tof1,4x4,lying,-1,-1,-1,-1,-1,-1,365,-1,-1,402,343,327,-1,-1,327,303,1,0,0,0,0,0,1,0,0,1,1,1,0,0,1,1
2026-07-03T19:41:11.768,tof2,4x4,lying,2984,3252,-1,3282,-1,1461,2128,2846,943,1404,1559,-1,770,947,1107,1061,1,1,1,1,1,1,1,1,1,1,1,0,1,1,1,1
2026-07-03T19:41:11.895,tof1,4x4,lying,-1,-1,-1,-1,-1,-1,369,-1,-1,400,344,329,-1,-1,327,305,0,0,0,0,0,0,1,0,0,1,1,1,0,0,1,1
2026-07-03T19:41:11.936,tof2,4x4,lying,2978,3273,-1,3316,-1,-1,2162,3481,937,1411,-1,-1,758,-1,1099,1048,1,1,0,1,1,1,1,1,1,1,1,0,1,1,1,1
2026-07-03T19:41:12.049,tof1,4x4,lying,-1,-1,-1,-1,-1,-1,360,-1,-1,400,344,330,-1,-1,328,302,0,0,0,0,0,0,1,0,0,1,1,1,0,0,1,1
2026-07-03T19:41:12.127,tof2,4x4,lying,3006,3261,-1,3318,-1,1456,-1,2793,945,1333,-1,-1,793,970,1099,1045,1,1,0,1,0,1,0,1,1,1,1,0,1,1,1,1
2026-07-03T19:41:12.228,tof1,4x4,lying,-1,-1,-1,-1,-1,-1,366,-1,-1,400,344,330,-1,-1,327,304,0,0,0,0,0,0,1,0,0,1,1,1,0,0,1,1
2026-07-03T19:41:12.325,tof2,4x4,lying,3025,3265,-1,3342,-1,1479,2170,2838,939,1380,-1,-1,753,-1,1111,1051,1,1,0,1,0,1,1,1,1,1,1,1,1,1,1,1
2026-07-03T19:41:12.403,tof1,4x4,lying,-1,-1,-1,-1,-1,-1,370,-1,-1,401,342,330,-1,446,327,304,0,0,0,0,0,0,1,0,0,1,1,1,0,1,1,1
2026-07-03T19:41:12.473,tof2,4x4,lying,3023,3263,-1,3305,-1,1495,-1,2840,-1,1394,-1,-1,766,-1,1095,1051,1,1,0,1,0,1,0,1,0,1,1,1,1,1,1,1
2026-07-03T19:41:12.559,tof1,4x4,lying,-1,-1,-1,-1,-1,-1,367,-1,-1,400,343,329,-1,-1,326,304,0,0,0,0,0,0,1,0,0,1,1,1,0,0,1,1
2026-07-03T19:41:12.657,tof2,4x4,lying,3011,3258,-1,3315,-1,1464,-1,3457,914,1380,1459,-1,757,971,1108,1045,1,1,0,1,0,1,0,1,1,1,1,0,1,1,1,1
2026-07-03T19:41:12.744,tof1,4x4,lying,-1,-1,-1,-1,-1,-1,367,-1,-1,398,343,329,-1,-1,326,304,1,0,0,0,0,0,1,0,0,1,1,1,0,0,1,1
2026-07-03T19:41:12.846,tof2,4x4,lying,2870,3269,-1,3315,-1,1491,-1,3522,946,1403,-1,-1,765,959,1103,1043,1,1,1,1,1,1,1,1,1,1,1,0,1,1,1,1
2026-07-03T19:41:12.917,tof1,4x4,lying,3415,-1,-1,-1,-1,-1,365,-1,-1,398,344,331,-1,-1,329,303,1,0,0,0,0,0,1,0,0,1,1,1,0,0,1,1
2026-07-03T19:41:13.000,tof2,4x4,lying,3001,3251,-1,3294,-1,1475,2205,2844,947,1394,1489,-1,782,-1,1102,1049,1,1,0,1,0,1,1,1,1,1,1,0,1,1,1,1
2026-07-03T19:41:13.070,tof1,4x4,lying,-1,-1,-1,-1,-1,-1,366,-1,-1,400,344,328,-1,-1,327,304,0,0,0,0,0,0,1,0,0,1,1,1,0,0,1,1
2026-07-03T19:41:13.162,tof2,4x4,lying,3007,3257,3338,3290,-1,1512,2152,2809,950,1350,-1,-1,790,968,1107,1040,1,1,1,1,0,1,1,1,1,1,1,0,1,1,1,1
2026-07-03T19:41:13.236,tof1,4x4,lying,-1,-1,-1,-1,-1,-1,367,-1,-1,397,344,329,-1,-1,327,303,0,0,0,0,0,0,1,0,0,1,1,1,0,0,1,1
2026-07-03T19:41:13.329,tof2,4x4,lying,2988,3265,-1,3305,-1,1485,2185,2867,945,1376,-1,-1,756,-1,-1,1056,1,1,0,1,0,1,1,1,1,1,1,1,1,1,1,1
2026-07-03T19:41:13.394,tof1,4x4,lying,-1,-1,-1,-1,-1,-1,367,-1,-1,398,345,329,-1,-1,327,302,0,0,0,0,0,0,1,0,0,1,1,1,0,0,1,1
2026-07-03T19:41:13.560,tof1,4x4,lying,-1,-1,-1,-1,-1,-1,364,-1,-1,397,341,327,-1,-1,325,304,1,0,0,0,0,0,1,0,0,1,1,1,0,0,1,1
2026-07-03T19:41:13.508,tof2,4x4,lying,2979,3246,-1,3294,-1,1447,2146,3490,961,1376,1572,-1,782,951,1103,1057,1,1,0,1,0,1,1,1,1,1,1,0,1,1,1,1
2026-07-03T19:41:13.682,tof2,4x4,lying,2999,3265,-1,3324,-1,1509,2184,3489,954,1353,1554,-1,774,-1,-1,1053,1,1,0,1,1,1,1,1,1,1,1,0,1,1,1,1
2026-07-03T19:41:13.847,tof2,4x4,lying,2950,3258,-1,3263,-1,1492,-1,2850,917,1370,-1,-1,782,-1,1114,1050,1,1,0,1,0,1,1,1,1,1,1,0,1,1,1,1
2026-07-03T19:41:14.000,tof2,4x4,lying,2984,3256,-1,3323,-1,1479,-1,2832,943,1384,1588,-1,790,975,1104,1056,1,1,0,1,0,1,0,1,1,1,1,0,1,1,1,1
2026-07-03T19:41:14.159,tof2,4x4,lying,-1,3250,-1,3275,-1,1475,-1,2874,969,1406,1593,-1,787,958,-1,1034,0,1,0,1,0,1,1,1,1,1,1,0,1,1,1,1
2026-07-03T19:41:14.349,tof2,4x4,lying,-1,3263,-1,3326,-1,1456,-1,3497,930,1401,1578,-1,785,972,-1,1056,0,1,1,1,0,1,1,1,1,1,1,0,1,1,1,1
2026-07-03T19:41:14.530,tof1,4x4,lying,-1,-1,-1,-1,-1,-1,367,-1,-1,398,340,329,-1,-1,326,303,1,0,0,0,0,0,1,0,0,1,1,1,0,0,1,1
2026-07-03T19:41:14.520,tof2,4x4,lying,3012,3255,-1,3317,-1,1480,2164,2851,971,1337,-1,-1,773,948,1101,1058,1,1,0,1,0,1,1,1,1,1,1,1,1,1,1,1
2026-07-03T19:41:14.702,tof1,4x4,lying,-1,-1,-1,-1,-1,-1,365,-1,-1,402,340,328,-1,-1,328,305,0,0,0,0,0,0,1,0,0,1,1,1,0,0,1,1
2026-07-03T19:41:14.686,tof2,4x4,lying,3038,3266,-1,3308,-1,1469,-1,2829,934,1384,1590,-1,774,984,1104,1050,1,1,0,1,0,1,1,1,1,1,1,0,1,1,1,1
2026-07-03T19:41:14.899,tof1,4x4,lying,-1,-1,-1,-1,-1,-1,365,-1,-1,398,343,328,-1,-1,325,303,0,0,0,0,0,0,1,0,0,1,1,1,0,0,1,1
2026-07-03T19:41:14.852,tof2,4x4,lying,3037,3260,-1,3252,-1,1477,2136,2851,933,1349,-1,-1,762,948,1095,1047,1,1,0,1,1,1,1,1,1,1,1,1,1,1,1,1
2026-07-03T19:41:15.020,tof2,4x4,lying,2963,3250,-1,3343,2156,1474,2172,2859,940,1374,1617,-1,764,951,-1,1051,1,1,0,1,1,1,1,1,1,1,1,0,1,1,1,1
2026-07-03T19:41:15.091,tof1,4x4,lying,-1,-1,-1,-1,-1,-1,366,-1,-1,400,341,328,-1,-1,329,304,0,0,0,0,0,0,1,0,0,1,1,1,0,0,1,1
2026-07-03T19:41:15.264,tof1,4x4,lying,-1,-1,-1,-1,-1,-1,368,-1,-1,397,341,329,-1,-1,327,303,0,0,0,0,0,0,1,0,0,1,1,1,0,0,1,1
2026-07-03T19:41:15.191,tof2,4x4,lying,-1,3255,-1,3320,-1,1472,-1,2847,944,1416,1501,-1,799,952,1098,1035,0,1,0,1,1,1,0,1,1,1,1,0,1,1,1,1
2026-07-03T19:41:15.438,tof1,4x4,lying,-1,-1,-1,-1,-1,-1,367,-1,-1,401,343,329,-1,-1,325,303,0,0,0,0,0,0,1,0,0,1,1,1,0,0,1,1
2026-07-03T19:41:15.342,tof2,4x4,lying,3052,3249,-1,3325,-1,1473,-1,3409,942,1392,1594,-1,761,-1,1117,-1,1,1,0,1,0,1,1,1,1,1,1,0,1,1,1,1
2026-07-03T19:41:15.519,tof2,4x4,lying,3006,3267,-1,3310,-1,1436,-1,2871,935,1397,1653,-1,786,-1,1106,1041,1,1,0,1,0,1,1,1,1,1,1,1,1,1,1,1
2026-07-03T19:41:15.600,tof1,4x4,lying,-1,-1,-1,-1,-1,-1,362,-1,-1,403,341,329,-1,-1,327,303,0,0,0,0,0,0,1,0,0,1,1,1,0,0,1,1
2026-07-03T19:41:15.700,tof2,4x4,lying,3025,3249,-1,3304,-1,1468,2188,3504,972,1316,1503,-1,780,-1,1110,1042,1,1,0,1,0,1,1,1,1,1,1,0,1,1,1,1
2026-07-03T19:41:15.788,tof1,4x4,lying,-1,-1,-1,-1,-1,-1,368,-1,-1,400,343,328,-1,-1,326,305,0,0,0,0,0,0,1,0,0,1,1,1,0,0,1,1
2026-07-03T19:41:15.854,tof2,4x4,lying,3019,3258,-1,3307,-1,1506,2131,2875,949,1380,-1,-1,765,981,-1,1043,1,1,0,1,1,1,1,1,1,1,1,0,1,1,1,1
2026-07-03T19:41:15.965,tof1,4x4,lying,-1,-1,-1,-1,-1,-1,366,-1,-1,400,346,329,-1,-1,331,304,0,0,0,0,0,0,1,0,0,1,1,1,0,0,1,1
2026-07-03T19:41:16.012,tof2,4x4,lying,2995,3258,-1,3339,-1,1495,2188,2856,948,1394,1577,-1,783,-1,1100,1051,1,1,0,1,1,1,1,1,1,1,1,0,1,1,1,1
2026-07-03T19:41:16.128,tof1,4x4,lying,-1,-1,-1,-1,-1,-1,365,-1,-1,397,345,328,-1,-1,326,303,0,0,0,0,0,0,1,0,0,1,1,1,0,0,1,1
2026-07-03T19:41:16.170,tof2,4x4,lying,-1,3254,-1,3271,-1,1448,2199,3550,936,1370,1592,-1,783,982,1102,1058,1,1,1,1,0,1,1,1,1,1,1,0,1,1,1,1
2026-07-03T19:41:16.300,tof1,4x4,lying,-1,-1,-1,-1,-1,-1,367,-1,-1,405,342,330,-1,-1,327,304,0,0,0,0,0,0,1,0,0,1,1,1,0,0,1,1
2026-07-03T19:41:16.356,tof2,4x4,lying,2951,3252,-1,3286,-1,1494,2122,2849,945,1368,1571,-1,769,974,1102,1054,1,1,0,1,0,1,1,1,1,1,1,0,1,1,1,1
2026-07-03T19:41:16.460,tof1,4x4,lying,-1,-1,-1,-1,-1,-1,369,-1,-1,397,342,332,-1,-1,327,304,0,0,0,0,0,0,1,0,0,1,1,1,0,0,1,1
2026-07-03T19:41:16.564,tof2,4x4,lying,3021,3255,-1,3281,-1,1447,-1,2887,952,1369,-1,-1,763,-1,1096,1067,1,1,0,1,0,1,1,1,1,1,1,1,1,1,1,1
2026-07-03T19:41:16.821,tof1,4x4,lying,-1,-1,-1,-1,-1,-1,364,-1,-1,399,343,328,-1,-1,326,305,0,0,0,0,0,0,1,0,0,1,1,1,0,0,1,1
2026-07-03T19:41:17.071,tof1,4x4,lying,-1,-1,-1,-1,-1,-1,366,-1,-1,396,343,327,-1,451,329,306,0,0,0,0,0,0,1,0,0,1,1,1,0,1,1,1
2026-07-03T19:41:17.020,tof2,4x4,lying,2984,3258,-1,3295,-1,1483,2177,2798,940,1375,-1,-1,764,954,1098,1057,1,1,1,1,1,1,1,1,1,1,1,1,1,1,1,1
2026-07-03T19:41:17.251,tof1,4x4,lying,-1,-1,-1,-1,-1,-1,368,-1,-1,396,342,327,-1,452,328,302,0,0,0,0,0,0,1,0,0,1,1,1,0,1,1,1
2026-07-03T19:41:17.232,tof2,4x4,lying,3025,3257,-1,3297,2006,1491,2196,3468,939,1385,-1,-1,794,-1,1099,1063,1,1,1,1,1,1,1,1,1,1,1,0,1,1,1,1
2026-07-03T19:41:17.392,tof2,4x4,lying,-1,3249,-1,3315,-1,1479,2073,3497,939,1421,-1,-1,761,979,1113,1050,1,1,1,1,0,1,1,1,1,1,1,0,1,1,1,1
2026-07-03T19:41:17.468,tof1,4x4,lying,-1,-1,-1,-1,-1,-1,365,-1,-1,403,341,327,-1,-1,328,305,0,0,0,0,0,0,1,0,0,1,1,1,0,0,1,1
2026-07-03T19:41:17.564,tof2,4x4,lying,2992,3252,-1,3330,-1,1461,2182,2788,945,1361,1532,-1,753,976,-1,1046,1,1,0,1,1,1,1,1,1,1,1,0,1,1,1,1
2026-07-03T19:41:17.674,tof1,4x4,lying,-1,-1,-1,-1,-1,-1,366,-1,-1,400,342,329,-1,-1,327,304,0,0,0,0,0,0,1,0,0,1,1,1,0,0,1,1
2026-07-03T19:41:17.771,tof2,4x4,lying,-1,3260,-1,3294,-1,1464,2141,3535,956,1368,1535,-1,792,-1,1114,1057,1,1,0,1,0,1,1,1,1,1,1,0,1,1,1,1
2026-07-03T19:41:17.867,tof1,4x4,lying,-1,-1,-1,-1,-1,-1,365,-1,-1,399,343,328,-1,457,328,302,0,0,0,0,0,0,1,0,0,1,1,1,0,1,1,1
2026-07-03T19:41:17.966,tof2,4x4,lying,3001,3253,-1,3301,-1,1467,-1,3445,945,1375,-1,-1,-1,-1,1102,1050,1,1,0,1,0,1,1,1,1,1,1,1,1,1,1,1
2026-07-03T19:41:18.063,tof1,4x4,lying,-1,-1,-1,-1,-1,-1,365,-1,-1,397,343,328,-1,-1,329,303,0,0,0,0,0,0,1,0,0,1,1,1,0,0,1,1
2026-07-03T19:41:18.152,tof2,4x4,lying,3064,3265,-1,3284,-1,1481,2214,2816,928,1381,-1,-1,798,955,1108,1039,1,1,1,1,0,1,1,1,1,1,1,0,1,1,1,1
2026-07-03T19:41:18.258,tof1,4x4,lying,-1,-1,-1,-1,-1,-1,366,-1,-1,396,342,328,-1,-1,326,304,0,0,0,0,0,0,1,0,0,1,1,1,0,0,1,1
2026-07-03T19:41:18.335,tof2,4x4,lying,-1,3251,-1,3283,-1,1480,-1,3492,960,1364,1603,-1,781,969,1127,1046,1,1,1,1,0,1,1,1,1,1,1,0,1,1,1,1
2026-07-03T19:41:18.436,tof1,4x4,lying,-1,-1,-1,-1,-1,-1,364,-1,-1,395,343,327,-1,-1,325,303,0,0,0,0,0,0,1,0,0,1,1,1,0,0,1,1
2026-07-03T19:41:18.541,tof2,4x4,lying,2914,3256,-1,3293,-1,1491,2191,2837,931,1388,-1,-1,793,959,1104,1055,1,1,0,1,1,1,1,1,1,1,1,0,1,1,1,1
2026-07-03T19:41:18.596,tof1,4x4,lying,-1,-1,-1,-1,-1,-1,364,-1,-1,398,341,327,-1,-1,327,303,0,0,0,0,0,0,1,0,0,1,1,1,0,0,1,1
2026-07-03T19:41:18.786,tof1,4x4,lying,-1,-1,-1,-1,-1,-1,364,-1,-1,402,341,328,-1,-1,326,303,0,0,0,0,0,0,1,0,0,1,1,1,0,0,1,1
2026-07-03T19:41:18.794,tof2,4x4,lying,3004,3245,-1,3333,-1,1501,-1,2858,927,1344,1580,-1,775,964,1109,1042,1,1,0,1,0,1,1,1,1,1,1,0,1,1,1,1
2026-07-03T19:41:18.971,tof1,4x4,lying,-1,-1,-1,-1,-1,-1,368,-1,-1,398,343,326,-1,-1,325,303,0,0,0,0,0,0,1,0,0,1,1,1,0,0,1,1
2026-07-03T19:41:18.994,tof2,4x4,lying,2957,3268,-1,3301,-1,1477,2186,3506,953,1352,1545,-1,774,-1,1101,1051,1,1,0,1,1,1,1,1,1,1,1,0,1,1,1,1
2026-07-03T19:41:19.153,tof1,4x4,lying,-1,-1,-1,-1,-1,-1,366,-1,-1,400,342,328,-1,-1,332,301,0,0,0,0,0,0,1,0,0,1,1,1,0,0,1,1
2026-07-03T19:41:19.183,tof2,4x4,lying,3014,3248,-1,3289,-1,1430,-1,2815,956,1397,-1,-1,779,976,1106,1044,1,1,0,1,0,1,1,1,1,1,1,1,1,1,1,1
2026-07-03T19:41:19.347,tof1,4x4,lying,-1,-1,-1,-1,-1,-1,360,-1,-1,407,347,328,-1,-1,325,304,0,0,0,0,0,0,1,0,0,1,1,1,0,0,1,1
2026-07-03T19:41:19.368,tof2,4x4,lying,3015,3271,-1,3307,-1,1485,2025,3492,942,1407,1551,-1,792,958,1099,1045,1,1,1,1,1,1,1,1,1,1,1,1,1,1,1,1
2026-07-03T19:41:19.527,tof1,4x4,lying,-1,-1,-1,-1,-1,-1,368,-1,-1,400,343,331,-1,-1,326,304,0,0,0,0,0,0,1,0,0,1,1,1,0,0,1,1
2026-07-03T19:41:19.530,tof2,4x4,lying,2949,3261,-1,3304,-1,1472,2097,2858,934,1367,1624,-1,777,976,1102,1053,1,1,0,1,0,1,1,1,1,1,1,0,1,1,1,1
2026-07-03T19:41:19.699,tof1,4x4,lying,-1,-1,-1,-1,-1,-1,366,-1,-1,398,343,328,-1,453,327,304,0,0,0,0,0,0,1,0,0,1,1,1,0,1,1,1
2026-07-03T19:41:19.726,tof2,4x4,lying,-1,3247,-1,3270,-1,1467,-1,2860,944,1415,1532,-1,763,966,1105,1037,0,1,0,1,1,1,0,1,1,1,1,0,1,1,1,1
2026-07-03T19:41:19.889,tof1,4x4,lying,-1,-1,-1,-1,-1,-1,360,-1,-1,399,343,331,-1,-1,327,303,1,0,0,0,0,0,1,0,0,1,1,1,0,0,1,1
2026-07-03T19:41:19.912,tof2,4x4,lying,2969,3242,-1,3339,-1,1455,2155,2825,936,1382,-1,-1,768,980,1099,1048,1,1,1,1,0,1,1,1,1,1,1,0,1,1,1,1
2026-07-03T19:41:20.073,tof1,4x4,lying,-1,-1,-1,-1,-1,-1,366,-1,-1,398,345,331,-1,-1,325,304,0,0,0,0,0,0,1,0,0,1,1,1,0,0,1,1
2026-07-03T19:41:20.094,tof2,4x4,lying,2930,3267,-1,3310,-1,1475,2227,3470,963,1347,1540,-1,769,959,1104,1057,1,1,0,1,0,1,1,1,1,1,1,1,1,1,1,1
2026-07-03T19:41:20.254,tof1,4x4,lying,-1,-1,-1,-1,-1,-1,366,-1,-1,401,345,330,-1,446,328,305,0,0,0,0,0,0,1,0,0,1,1,1,0,1,1,1
2026-07-03T19:41:20.301,tof2,4x4,lying,3023,3251,-1,3330,-1,1488,2180,2806,963,1395,-1,-1,772,981,1104,1056,1,1,0,1,0,1,1,1,1,1,1,0,1,1,1,1
2026-07-03T19:41:20.434,tof1,4x4,lying,-1,-1,-1,-1,-1,-1,366,-1,-1,400,345,331,-1,-1,326,305,0,0,0,0,0,0,1,0,0,1,1,1,0,0,1,1
2026-07-03T19:41:20.474,tof2,4x4,lying,2942,3255,-1,3345,-1,1504,2187,2858,945,1386,-1,1301,799,959,1088,1035,1,1,0,1,0,1,1,1,1,1,1,1,1,1,1,1
2026-07-03T19:41:20.599,tof1,4x4,lying,-1,-1,-1,-1,-1,-1,369,-1,-1,407,344,327,-1,-1,327,303,0,0,0,0,0,0,1,0,0,1,1,1,0,0,1,1
2026-07-03T19:41:20.649,tof2,4x4,lying,2954,3244,-1,3280,-1,1476,2207,2857,917,1380,1525,-1,777,-1,1113,1049,1,1,0,1,1,1,1,1,1,1,1,0,1,1,1,1
2026-07-03T19:41:20.805,tof1,4x4,lying,-1,-1,-1,-1,-1,-1,366,-1,-1,396,347,327,-1,-1,328,305,0,0,0,0,1,0,1,0,0,1,1,1,0,0,1,1
2026-07-03T19:41:20.835,tof2,4x4,lying,2950,3253,-1,3316,-1,1478,2145,2820,924,1372,-1,-1,773,-1,1102,1063,1,1,0,1,0,1,1,1,1,1,1,0,1,1,1,1
2026-07-03T19:41:20.985,tof1,4x4,lying,-1,-1,-1,-1,-1,-1,364,-1,-1,401,345,330,-1,-1,328,306,0,0,0,0,0,0,1,0,0,1,1,1,0,0,1,1
2026-07-03T19:41:21.018,tof2,4x4,lying,2913,3256,-1,3301,-1,1474,2168,2861,926,1361,1510,-1,779,990,1108,1046,1,1,0,1,0,1,1,1,1,1,1,0,1,1,1,1
2026-07-03T19:41:21.160,tof1,4x4,lying,-1,-1,-1,-1,-1,-1,366,-1,-1,402,342,330,-1,326,327,303,0,0,0,0,0,0,1,0,0,1,1,1,0,1,1,1
2026-07-03T19:41:21.212,tof2,4x4,lying,2977,3253,3338,3298,-1,1480,-1,2857,941,1377,1534,-1,776,986,-1,1059,1,1,1,1,0,1,1,1,1,1,1,0,1,1,1,1
2026-07-03T19:41:21.344,tof1,4x4,lying,-1,-1,-1,-1,-1,-1,364,-1,-1,398,344,329,-1,-1,326,304,0,0,0,0,0,0,1,0,0,1,1,1,0,0,1,1
2026-07-03T19:41:21.372,tof2,4x4,lying,2991,3256,-1,3296,-1,1431,2170,2884,957,1357,1580,-1,785,949,-1,1048,1,1,0,1,0,1,1,1,1,1,1,0,1,1,1,1
2026-07-03T19:41:21.546,tof1,4x4,lying,-1,-1,-1,-1,-1,-1,363,-1,-1,399,344,326,-1,442,329,303,0,0,0,0,0,0,1,0,0,1,1,1,0,1,1,1
2026-07-03T19:41:21.559,tof2,4x4,lying,2993,3248,-1,3284,-1,1481,-1,3519,940,1428,-1,-1,779,-1,-1,1058,1,1,1,1,0,1,0,1,1,1,1,0,1,1,1,1
2026-07-03T19:41:21.741,tof1,4x4,lying,-1,-1,-1,-1,-1,-1,366,-1,-1,398,342,328,-1,-1,327,304,0,0,0,0,0,0,1,0,0,1,1,1,0,0,1,1
2026-07-03T19:41:21.770,tof2,4x4,lying,-1,3263,3374,3264,-1,1470,-1,2845,938,1364,-1,-1,772,971,1108,1055,1,1,1,1,1,1,0,1,1,1,1,0,1,1,1,1
2026-07-03T19:41:21.940,tof1,4x4,lying,-1,-1,-1,-1,-1,-1,360,-1,-1,397,342,328,-1,-1,325,303,0,0,0,0,0,0,1,0,0,1,1,1,0,0,1,1
2026-07-03T19:41:21.965,tof2,4x4,lying,-1,3262,-1,3323,-1,1454,2132,2833,915,1384,1550,-1,-1,995,1109,1045,1,1,0,1,0,1,1,1,1,1,1,1,1,1,1,1
2026-07-03T19:41:22.137,tof1,4x4,lying,-1,-1,-1,-1,-1,-1,367,-1,-1,399,341,326,-1,-1,329,303,0,0,0,0,0,0,1,0,0,1,1,1,0,0,1,1
2026-07-03T19:41:22.152,tof2,4x4,lying,3021,3254,-1,-1,-1,1480,2220,2849,928,1381,1556,-1,779,949,1097,1049,1,1,1,1,0,1,1,1,1,1,1,0,1,1,1,1
2026-07-03T19:41:22.305,tof1,4x4,lying,-1,-1,-1,-1,-1,-1,368,-1,-1,396,342,327,-1,443,327,302,0,0,0,0,0,0,1,0,0,1,1,1,0,1,1,1
2026-07-03T19:41:22.366,tof2,4x4,lying,3035,3260,-1,3317,-1,1474,-1,2814,948,1372,1538,-1,780,931,1110,1049,1,1,0,1,0,1,1,1,1,1,1,0,1,1,1,1
2026-07-03T19:41:22.479,tof1,4x4,lying,-1,-1,-1,-1,-1,-1,366,-1,-1,401,343,328,-1,-1,327,303,0,0,0,0,0,0,1,0,0,1,1,1,0,0,1,1
2026-07-03T19:41:22.581,tof2,4x4,lying,3036,3260,-1,3285,-1,1467,2174,3454,942,1374,1607,-1,792,949,1105,1055,1,1,0,1,0,1,1,1,1,1,1,0,1,1,1,1
2026-07-03T19:41:22.680,tof1,4x4,lying,-1,-1,-1,-1,-1,-1,364,-1,-1,404,341,329,-1,-1,327,305,0,0,0,0,0,0,1,0,0,1,1,1,0,0,1,1
2026-07-03T19:41:22.787,tof2,4x4,lying,2991,3251,-1,3281,-1,1474,2213,3555,953,1394,1560,-1,822,-1,1105,1054,1,1,1,1,0,1,1,1,1,1,1,0,1,1,1,1
2026-07-03T19:41:22.886,tof1,4x4,lying,-1,-1,-1,-1,-1,-1,366,-1,-1,400,344,327,-1,-1,327,303,0,0,0,0,0,0,1,0,0,1,1,1,0,0,1,1
2026-07-03T19:41:22.971,tof2,4x4,lying,2966,3245,-1,3306,-1,1483,2121,3486,936,1381,1574,-1,767,983,1104,1053,1,1,0,1,0,1,1,1,1,1,1,0,1,1,1,1
2026-07-03T19:41:23.087,tof1,4x4,lying,-1,-1,-1,-1,-1,-1,364,-1,-1,398,344,327,-1,-1,326,304,0,0,0,0,0,0,1,0,0,1,1,1,0,0,1,1
2026-07-03T19:41:23.124,tof2,4x4,lying,2993,3260,-1,3321,-1,1474,2175,2862,920,1362,1468,-1,778,955,-1,1058,1,1,1,1,0,1,1,1,1,1,1,0,1,1,1,1
2026-07-03T19:41:23.270,tof1,4x4,lying,-1,-1,-1,-1,-1,-1,362,-1,-1,399,344,329,-1,-1,328,304,0,0,0,1,0,0,1,0,0,1,1,1,0,0,1,1
2026-07-03T19:41:23.298,tof2,4x4,lying,3034,3261,-1,3300,-1,1480,-1,2838,-1,1361,1565,-1,777,978,1096,1049,1,1,1,1,0,1,1,1,0,1,1,0,1,1,1,1
2026-07-03T19:41:23.463,tof1,4x4,lying,-1,-1,-1,-1,-1,-1,367,-1,-1,396,341,328,-1,-1,330,304,0,0,0,0,0,0,1,0,0,1,1,1,0,0,1,1
2026-07-03T19:41:23.472,tof2,4x4,lying,2922,3255,-1,3304,-1,1520,2104,2879,954,1381,-1,-1,778,924,-1,1060,1,1,0,1,0,1,1,1,1,1,1,0,1,1,1,1
2026-07-03T19:41:23.906,tof1,4x4,lying,-1,-1,-1,-1,-1,-1,361,-1,-1,393,345,330,-1,-1,328,305,0,0,0,0,0,0,1,0,0,1,1,1,0,0,1,1
2026-07-03T19:41:23.906,tof2,4x4,lying,3030,3248,-1,3322,-1,1485,2072,3455,931,1358,1569,-1,783,983,1105,1052,1,1,0,1,0,1,1,1,1,1,1,1,1,1,1,1
2026-07-03T19:41:24.112,tof1,4x4,lying,-1,-1,-1,-1,-1,-1,367,-1,-1,399,344,327,-1,-1,327,304,0,0,0,0,1,0,1,0,0,1,1,1,0,0,1,1
2026-07-03T19:41:24.189,tof2,4x4,lying,2981,3261,-1,3328,-1,1471,-1,2854,931,1361,1622,-1,763,-1,1107,1053,1,1,1,1,0,1,0,1,1,1,1,0,1,1,1,1
2026-07-03T19:41:24.315,tof1,4x4,lying,-1,-1,-1,-1,-1,-1,365,-1,-1,398,344,330,-1,-1,328,303,0,1,0,0,0,0,1,0,0,1,1,1,0,0,1,1
2026-07-03T19:41:24.358,tof2,4x4,lying,3014,3265,-1,3312,-1,1490,2159,2820,960,1385,1558,1369,780,998,1120,1057,1,1,0,1,0,1,1,1,1,1,1,1,1,1,1,1
2026-07-03T19:41:24.499,tof1,4x4,lying,-1,-1,-1,-1,-1,-1,366,-1,-1,402,345,329,-1,-1,329,303,0,0,0,0,0,0,1,0,0,1,1,1,0,0,1,1
2026-07-03T19:41:24.564,tof2,4x4,lying,3013,3246,-1,3318,-1,1495,2149,2824,922,1398,-1,-1,773,956,1113,1058,1,1,0,1,0,1,1,1,1,1,1,0,1,1,1,1
2026-07-03T19:41:24.723,tof1,4x4,lying,-1,-1,-1,-1,-1,-1,368,-1,-1,392,344,330,-1,-1,329,305,1,0,0,0,0,0,1,0,0,1,1,1,0,0,1,1
2026-07-03T19:41:24.733,tof2,4x4,lying,2938,3260,-1,3343,-1,1471,2153,3499,943,1420,1514,-1,765,945,1096,1067,1,1,0,1,0,1,1,1,1,1,1,1,1,1,1,1
2026-07-03T19:41:24.936,tof1,4x4,lying,-1,-1,-1,-1,-1,-1,369,-1,-1,401,344,332,-1,-1,327,303,0,0,0,0,0,0,1,0,0,1,1,1,0,0,1,1
2026-07-03T19:41:24.938,tof2,4x4,lying,-1,3261,-1,3308,-1,1478,2176,2834,952,1358,1572,-1,760,-1,-1,1058,0,1,0,1,1,1,1,1,1,1,1,0,1,1,1,1
2026-07-03T19:41:25.138,tof1,4x4,lying,-1,-1,-1,-1,-1,-1,365,-1,-1,398,344,329,-1,-1,328,303,1,0,0,0,0,0,1,0,0,1,1,1,0,0,1,1
2026-07-03T19:41:25.219,tof2,4x4,lying,3008,3253,-1,3287,-1,1479,2188,3518,948,1370,1606,-1,785,947,1117,1050,1,1,0,1,0,1,1,1,1,1,1,0,1,1,1,1
2026-07-03T19:41:25.298,tof1,4x4,lying,-1,-1,-1,-1,-1,-1,363,-1,-1,399,346,330,-1,443,331,303,0,0,0,0,0,0,1,0,0,1,1,1,0,1,1,1
2026-07-03T19:41:25.449,tof1,4x4,lying,-1,-1,-1,-1,-1,-1,-1,-1,-1,394,344,328,-1,-1,326,303,0,0,0,0,0,0,0,0,0,1,1,1,0,0,1,1
2026-07-03T19:41:25.649,tof1,4x4,lying,-1,-1,-1,-1,-1,-1,367,-1,-1,403,345,329,-1,-1,329,305,0,0,0,0,0,0,1,0,0,1,1,1,0,0,1,1
2026-07-03T19:41:25.744,tof2,4x4,lying,3029,3261,3328,3320,-1,1481,-1,2871,956,1375,1481,-1,782,967,1110,1059,1,1,1,1,0,1,0,1,1,1,1,0,1,1,1,1
2026-07-03T19:41:25.850,tof1,4x4,lying,-1,-1,-1,-1,-1,-1,363,-1,-1,403,343,328,-1,-1,328,303,0,0,0,0,0,0,1,0,0,1,1,1,0,0,1,1
2026-07-03T19:41:25.953,tof2,4x4,lying,3007,3260,-1,3336,-1,1495,-1,2872,962,1341,1573,-1,771,-1,-1,1048,1,1,1,1,0,1,1,1,1,1,1,1,1,1,1,1
2026-07-03T19:41:26.033,tof1,4x4,lying,-1,-1,-1,-1,-1,-1,368,-1,-1,398,344,327,-1,-1,326,303,0,0,0,0,0,0,1,0,0,1,1,1,0,0,1,1
2026-07-03T19:41:26.131,tof2,4x4,lying,3001,3262,-1,3332,-1,1480,-1,2832,930,1396,1561,-1,784,972,1100,1043,1,1,1,1,0,1,0,1,1,1,1,0,1,1,1,1
2026-07-03T19:41:26.219,tof1,4x4,lying,-1,-1,-1,-1,-1,-1,362,-1,-1,392,343,328,-1,327,327,303,0,0,0,0,0,0,1,0,0,1,1,1,0,1,1,1
2026-07-03T19:41:26.352,tof2,4x4,lying,2973,3257,-1,3302,-1,1477,2142,3510,928,1369,1582,-1,767,943,1107,1054,1,1,1,1,0,1,1,1,1,1,1,1,1,1,1,1
2026-07-03T19:41:26.473,tof1,4x4,lying,-1,-1,-1,-1,-1,-1,361,-1,-1,397,343,331,-1,-1,327,304,0,0,0,0,0,0,1,0,0,1,1,1,0,0,1,1
2026-07-03T19:41:26.661,tof1,4x4,lying,-1,-1,-1,-1,-1,-1,365,-1,-1,398,341,327,-1,-1,325,301,0,0,0,0,0,0,1,0,0,1,1,1,0,0,1,1
2026-07-03T19:41:26.726,tof2,4x4,lying,2966,3251,-1,3296,-1,1493,-1,2818,930,1397,-1,-1,775,946,1099,1050,1,1,0,1,0,1,0,1,1,1,1,1,1,1,1,1
2026-07-03T19:41:26.832,tof1,4x4,lying,-1,-1,-1,-1,-1,-1,365,-1,-1,397,343,327,-1,-1,326,303,0,0,0,1,0,0,1,0,0,1,1,1,0,0,1,1
2026-07-03T19:41:26.895,tof2,4x4,lying,-1,3268,3311,3322,-1,1517,-1,2828,952,1417,-1,-1,764,961,1113,1037,1,1,1,1,1,1,1,1,1,1,1,1,1,1,1,1
2026-07-03T19:41:27.022,tof1,4x4,lying,-1,-1,-1,-1,-1,-1,367,-1,-1,394,346,326,-1,-1,331,303,0,0,0,0,0,0,1,0,0,1,1,1,0,0,1,1
2026-07-03T19:41:27.092,tof2,4x4,lying,2970,3280,-1,3291,-1,1458,2154,2812,937,1385,-1,1352,793,994,1106,1040,1,1,1,1,0,1,1,1,1,1,1,1,1,1,1,1
2026-07-03T19:41:27.194,tof1,4x4,lying,-1,-1,-1,-1,-1,-1,361,-1,-1,396,343,327,-1,-1,325,303,1,0,0,0,0,0,1,0,0,1,1,1,1,0,1,1
2026-07-03T19:41:27.264,tof2,4x4,lying,3056,3253,-1,3306,-1,1488,2164,2845,929,1372,-1,-1,775,998,1113,1054,1,1,0,1,1,1,1,1,1,1,1,1,1,1,1,1
2026-07-03T19:41:27.360,tof1,4x4,lying,-1,-1,-1,-1,-1,-1,364,-1,-1,394,343,329,-1,-1,328,303,0,0,0,0,0,0,1,0,0,1,1,1,0,0,1,1
2026-07-03T19:41:27.424,tof2,4x4,lying,3030,3259,-1,3315,-1,1473,-1,2830,961,1379,-1,-1,772,-1,1100,1065,1,1,0,1,0,1,0,1,1,1,1,1,1,1,1,1
2026-07-03T19:41:27.517,tof1,4x4,lying,-1,-1,-1,-1,-1,-1,366,-1,-1,393,343,327,-1,-1,328,306,0,0,0,0,0,0,1,0,0,1,1,1,0,0,1,1
2026-07-03T19:41:27.583,tof2,4x4,lying,-1,3269,-1,3276,-1,1457,2185,2797,926,1385,-1,-1,783,950,1112,1056,1,1,0,1,1,1,1,1,1,1,1,0,1,1,1,1
2026-07-03T19:41:27.685,tof1,4x4,lying,3271,-1,-1,-1,-1,-1,360,-1,-1,394,344,329,-1,-1,324,304,1,1,0,0,0,0,1,0,0,1,1,1,0,0,1,1
2026-07-03T19:41:27.764,tof2,4x4,lying,-1,3259,-1,3292,-1,1483,2172,3521,944,1418,1621,-1,762,956,-1,1056,0,1,0,1,0,1,1,1,1,1,1,0,1,1,1,1
2026-07-03T19:41:27.875,tof1,4x4,lying,-1,-1,-1,-1,-1,-1,367,-1,-1,390,345,327,-1,-1,329,303,0,0,0,0,0,0,1,0,0,1,1,1,0,0,1,1
2026-07-03T19:41:28.008,tof2,4x4,lying,2978,3256,-1,3311,-1,1489,-1,2827,917,1389,-1,-1,780,-1,-1,1054,1,1,0,1,0,1,0,1,1,1,1,0,1,1,1,1
2026-07-03T19:41:28.094,tof1,4x4,lying,-1,-1,-1,-1,-1,-1,364,-1,-1,392,345,327,-1,-1,325,303,0,0,0,0,0,0,1,0,0,1,1,1,0,0,1,1
2026-07-03T19:41:28.214,tof2,4x4,lying,2956,3237,-1,-1,-1,1448,-1,3415,942,1382,1598,-1,789,965,-1,1038,1,1,1,1,1,1,1,1,1,1,1,1,1,1,1,1
2026-07-03T19:41:28.291,tof1,4x4,lying,-1,-1,-1,-1,-1,-1,370,-1,-1,395,346,331,-1,-1,329,306,0,0,0,0,0,0,1,0,0,1,1,1,0,0,1,1
2026-07-03T19:41:28.409,tof2,4x4,lying,2987,3264,-1,3315,-1,1478,-1,3467,964,1362,-1,-1,780,958,-1,1054,1,1,0,1,1,1,1,1,1,1,1,0,1,1,1,1
2026-07-03T19:41:28.455,tof1,4x4,lying,-1,-1,-1,-1,-1,-1,366,-1,-1,392,344,328,-1,-1,327,304,0,0,0,0,0,0,1,0,0,1,1,1,0,0,1,1
2026-07-03T19:41:28.630,tof1,4x4,lying,-1,-1,-1,-1,-1,-1,365,-1,-1,396,346,331,-1,-1,330,304,0,0,0,0,0,0,1,0,0,1,1,1,0,0,1,1
2026-07-03T19:41:28.586,tof2,4x4,lying,2927,3252,-1,3269,2107,1477,2209,3408,930,1426,-1,-1,781,960,1095,1055,1,1,0,1,1,1,1,1,1,1,1,1,1,1,1,1
2026-07-03T19:41:28.736,tof2,4x4,lying,2988,3259,-1,3322,-1,1482,-1,3477,964,1392,1551,-1,775,958,-1,1055,1,1,0,1,0,1,0,1,1,1,1,1,1,1,1,1
2026-07-03T19:41:28.811,tof1,4x4,lying,-1,-1,-1,-1,-1,-1,365,-1,-1,395,347,331,-1,-1,329,304,0,0,0,0,0,0,1,0,0,1,1,1,0,0,1,1
2026-07-03T19:41:28.905,tof2,4x4,lying,-1,3288,-1,3346,-1,1484,2141,3501,924,1376,-1,-1,776,936,1099,1038,1,1,0,1,0,1,1,1,1,1,1,0,1,1,1,1
2026-07-03T19:41:29.001,tof1,4x4,lying,-1,-1,-1,-1,-1,-1,365,-1,-1,395,342,330,-1,-1,327,305,0,0,0,0,0,0,1,0,0,1,1,1,0,0,1,1
2026-07-03T19:41:29.154,tof1,4x4,lying,-1,-1,-1,-1,-1,-1,365,-1,-1,392,344,331,-1,-1,327,305,0,0,0,0,0,0,1,0,0,1,1,1,0,0,1,1
2026-07-03T19:41:29.095,tof2,4x4,lying,-1,3265,3335,3301,-1,1471,-1,-1,934,1383,1502,-1,786,987,1099,1040,1,1,1,1,0,1,0,0,1,1,1,0,1,1,1,1
2026-07-03T19:41:29.261,tof2,4x4,lying,2981,3264,-1,3293,-1,1485,2172,3435,969,1347,1557,-1,762,972,1107,1040,1,1,1,1,1,1,1,1,1,1,1,0,1,1,1,1
2026-07-03T19:41:29.329,tof1,4x4,lying,-1,-1,-1,-1,-1,-1,367,-1,-1,400,343,329,-1,-1,326,306,0,0,0,0,0,0,1,0,0,1,1,1,0,0,1,1
2026-07-03T19:41:29.434,tof2,4x4,lying,2966,3253,-1,3248,-1,1490,2207,2873,942,1388,-1,-1,771,938,1109,1047,1,1,0,1,1,1,1,1,1,1,1,0,1,1,1,1
2026-07-03T19:41:29.510,tof1,4x4,lying,-1,-1,-1,-1,-1,-1,360,-1,-1,394,346,329,-1,-1,318,303,0,0,0,1,0,0,1,0,0,1,1,1,0,0,1,1
2026-07-03T19:41:29.669,tof1,4x4,lying,-1,-1,-1,-1,-1,360,361,350,-1,251,310,333,164,159,163,243,0,0,0,0,0,1,1,1,0,1,1,1,1,1,1,1
2026-07-03T19:41:29.718,tof2,4x4,lying,2978,3252,-1,3320,2196,1457,2092,2952,996,1390,1507,-1,786,-1,1115,1055,1,1,1,1,1,1,1,1,1,1,1,0,1,1,1,1
2026-07-03T19:41:29.857,tof1,4x4,lying,3178,-1,-1,-1,-1,-1,228,319,-1,170,172,218,147,146,146,152,1,0,0,0,0,0,1,1,0,1,1,1,1,1,1,1
2026-07-03T19:41:29.886,tof2,4x4,lying,2964,3251,-1,3292,2092,1494,-1,3466,937,1387,1585,-1,789,-1,-1,1053,1,1,0,1,1,1,0,1,1,1,1,0,1,1,1,1
2026-07-03T19:41:30.075,tof1,4x4,lying,-1,-1,-1,-1,230,203,184,210,-1,157,157,162,146,139,141,148,1,0,0,0,1,1,1,1,0,1,1,1,1,1,1,1
2026-07-03T19:41:30.092,tof2,4x4,lying,3009,3255,-1,3336,-1,1476,-1,3460,918,1378,1598,-1,791,-1,1100,1039,1,1,0,1,1,1,0,1,1,1,1,0,1,1,1,1
2026-07-03T19:41:30.248,tof1,4x4,lying,-1,-1,240,-1,230,-1,179,200,163,155,151,157,145,134,140,141,0,0,1,0,1,0,1,1,1,1,1,1,1,1,1,1
2026-07-03T19:41:30.255,tof2,4x4,lying,-1,3247,-1,3329,-1,1451,-1,3464,973,1402,1557,-1,784,966,-1,1056,1,1,0,1,0,1,0,1,1,1,1,0,1,1,1,1
2026-07-03T19:41:30.443,tof1,4x4,lying,-1,-1,-1,-1,229,183,-1,338,175,160,163,250,151,145,149,-1,1,0,0,0,1,1,0,1,1,1,1,1,1,1,1,0
2026-07-03T19:41:30.471,tof2,4x4,lying,3034,3274,-1,3325,-1,1464,-1,3554,957,1417,-1,-1,762,-1,1113,1044,1,1,0,1,0,1,1,1,1,1,1,0,1,1,1,1
2026-07-03T19:41:30.621,tof1,4x4,lying,-1,-1,-1,-1,225,202,290,365,174,171,194,326,157,152,185,293,0,0,0,0,1,1,1,1,1,1,1,1,1,1,1,1
2026-07-03T19:41:30.675,tof2,4x4,lying,2957,3245,-1,3323,-1,1455,-1,2877,965,1417,-1,-1,788,970,1108,1050,1,1,0,1,0,1,1,1,1,1,1,0,1,1,1,1
2026-07-03T19:41:30.814,tof1,4x4,lying,-1,-1,-1,-1,224,193,264,352,173,169,190,323,153,148,174,286,0,0,0,0,1,1,1,1,1,1,1,1,1,1,1,1
2026-07-03T19:41:30.867,tof2,4x4,lying,2987,3271,-1,3286,-1,1441,-1,3457,951,1358,1641,-1,752,985,-1,1049,1,1,1,1,0,1,0,1,1,1,1,1,1,1,1,1
2026-07-03T19:41:30.983,tof1,4x4,lying,-1,-1,-1,-1,211,195,264,356,171,168,195,332,149,150,183,292,0,0,0,0,1,1,1,1,1,1,1,1,1,1,1,1
2026-07-03T19:41:31.317,tof1,4x4,lying,-1,-1,-1,-1,207,195,254,350,173,169,205,337,151,152,188,300,0,1,0,0,1,1,1,1,1,1,1,1,1,1,1,1
2026-07-03T19:41:31.484,tof1,4x4,lying,-1,-1,-1,-1,201,192,250,349,169,166,210,340,149,149,186,292,0,0,0,0,1,1,1,1,1,1,1,1,1,1,1,1
2026-07-03T19:41:31.664,tof1,4x4,lying,-1,-1,-1,-1,200,186,223,341,170,166,190,332,153,152,178,286,0,0,0,0,1,1,1,1,1,1,1,1,1,1,1,1
2026-07-03T19:41:31.821,tof1,4x4,lying,-1,-1,-1,-1,202,182,217,318,169,163,187,331,154,148,174,284,0,0,0,0,1,1,1,1,1,1,1,1,1,1,1,1
2026-07-03T19:41:31.984,tof1,4x4,lying,-1,-1,-1,-1,203,193,251,-1,173,170,206,339,153,154,199,306,0,0,0,0,1,1,1,0,1,1,1,1,1,1,1,1
2026-07-03T19:41:32.302,tof1,4x4,lying,-1,-1,-1,-1,205,192,244,-1,175,170,205,342,168,162,189,305,0,0,0,0,1,1,1,0,1,1,1,1,1,1,1,1
2026-07-03T19:41:32.489,tof1,4x4,lying,225,238,245,-1,204,180,185,259,176,164,174,245,167,151,160,227,1,1,1,0,1,1,1,1,1,1,1,1,1,1,1,1
2026-07-03T19:41:32.654,tof1,4x4,lying,-1,-1,-1,-1,202,184,206,293,173,163,179,320,165,150,174,273,0,0,1,0,1,1,1,1,1,1,1,1,1,1,1,1
2026-07-03T19:41:32.820,tof1,4x4,lying,-1,238,-1,-1,206,183,200,282,178,167,176,301,164,153,169,252,0,1,0,0,1,1,1,1,1,1,1,1,1,1,1,1
2026-07-03T19:41:32.989,tof1,4x4,lying,246,201,211,-1,194,171,172,188,174,161,159,168,203,161,158,164,1,1,1,0,1,1,1,1,1,1,1,1,1,1,1,1
2026-07-03T19:41:33.147,tof1,4x4,lying,-1,217,196,-1,190,163,167,172,184,157,156,160,207,181,160,161,0,1,1,0,1,1,1,1,1,1,1,1,1,1,1,1
2026-07-03T19:41:33.315,tof1,4x4,lying,-1,-1,-1,200,-1,164,159,167,201,163,149,156,203,179,157,158,0,0,0,1,0,1,1,1,1,1,1,1,1,1,1,1
2026-07-03T19:41:33.474,tof1,4x4,lying,226,-1,-1,-1,237,166,158,161,206,161,146,145,214,174,152,144,1,0,0,0,1,1,1,1,1,1,1,1,1,1,1,1
2026-07-03T19:41:33.635,tof1,4x4,lying,-1,226,201,194,-1,177,151,155,229,163,142,132,227,169,149,126,0,1,1,1,0,1,1,1,1,1,1,1,1,1,1,1
2026-07-03T19:41:33.806,tof1,4x4,lying,-1,-1,201,195,-1,192,154,153,248,169,145,134,247,172,150,128,0,0,1,1,0,1,1,1,1,1,1,1,1,1,1,1
2026-07-03T19:41:33.826,tof2,4x4,lying,2975,3258,-1,3302,-1,1449,2187,3451,971,1397,-1,-1,797,-1,1117,1050,1,1,0,1,0,1,1,1,1,1,1,0,1,1,1,1
2026-07-03T19:41:33.970,tof1,4x4,lying,-1,-1,203,194,-1,194,159,151,252,173,143,136,291,174,150,131,0,0,1,1,0,1,1,1,1,1,1,1,1,1,1,1
2026-07-03T19:41:33.985,tof2,4x4,lying,-1,3259,3333,3274,-1,1444,-1,2882,931,1365,-1,-1,752,964,1106,1043,0,1,1,1,0,1,0,1,1,1,1,0,1,1,1,1
2026-07-03T19:41:34.123,tof1,4x4,lying,-1,-1,201,198,-1,194,155,150,291,171,143,134,290,170,146,128,0,0,1,1,0,1,1,1,1,1,1,1,1,1,1,1
2026-07-03T19:41:34.137,tof2,4x4,lying,3023,3259,-1,3279,-1,1486,-1,3460,954,1326,-1,-1,782,-1,-1,1034,1,1,1,1,0,1,0,1,1,1,1,1,1,1,1,1
2026-07-03T19:41:34.276,tof1,4x4,lying,-1,-1,204,196,-1,186,151,147,339,167,138,134,304,166,140,124,0,0,1,1,0,1,1,1,1,1,1,1,1,1,1,1
2026-07-03T19:41:34.292,tof2,4x4,lying,2964,3260,-1,3322,-1,1525,-1,2849,964,1380,-1,-1,757,949,1106,1051,1,1,0,1,0,1,1,1,1,1,1,1,1,1,1,1
2026-07-03T19:41:34.462,tof1,4x4,lying,-1,-1,209,195,-1,183,145,146,342,166,137,132,303,162,138,121,0,0,1,1,0,1,1,1,1,1,1,1,1,1,1,1
2026-07-03T19:41:34.472,tof2,4x4,lying,3052,3261,-1,3312,-1,1523,-1,3452,924,1357,1494,-1,773,951,1097,1058,1,1,0,1,0,1,1,1,1,1,1,0,1,1,1,1
2026-07-03T19:41:34.642,tof1,4x4,lying,-1,-1,207,198,-1,184,151,145,366,169,139,131,301,162,138,125,0,0,1,1,0,1,1,1,1,1,1,1,1,1,1,1
2026-07-03T19:41:34.658,tof2,4x4,lying,-1,3261,-1,3304,-1,1488,2098,3448,941,1346,1480,-1,788,-1,-1,1045,0,1,0,1,0,1,1,1,1,1,1,1,1,1,1,1
2026-07-03T19:41:34.841,tof1,4x4,lying,-1,-1,203,-1,-1,276,174,146,364,236,156,135,366,230,151,132,1,0,1,0,0,1,1,1,1,1,1,1,1,1,1,1
2026-07-03T19:41:34.948,tof2,4x4,lying,3006,3262,3284,3318,-1,1503,-1,3469,941,1371,1490,-1,792,991,-1,1053,1,1,1,1,0,1,0,1,1,1,1,1,1,1,1,1
2026-07-03T19:41:35.024,tof1,4x4,lying,-1,-1,207,-1,-1,306,181,149,389,260,162,140,391,230,163,138,0,0,1,0,0,1,1,1,1,1,1,1,1,1,1,1
2026-07-03T19:41:35.128,tof2,4x4,lying,2924,3258,-1,3305,-1,1459,-1,2833,930,1418,-1,-1,765,979,1111,1041,1,1,0,1,0,1,0,1,1,1,1,0,1,1,1,1
2026-07-03T19:41:35.191,tof1,4x4,lying,-1,-1,210,-1,-1,324,-1,150,362,263,163,138,430,220,161,137,1,0,1,0,0,1,0,1,1,1,1,1,1,1,1,1
2026-07-03T19:41:35.355,tof1,4x4,lying,-1,-1,-1,-1,-1,328,-1,152,-1,279,163,139,413,229,156,136,0,0,0,0,0,1,0,1,1,1,1,1,1,1,1,1
2026-07-03T19:41:35.282,tof2,4x4,lying,-1,3244,3444,3303,-1,1502,-1,3466,947,1347,1536,1229,773,994,1101,1049,1,1,1,1,1,1,1,1,1,1,1,1,1,1,1,1
2026-07-03T19:41:35.447,tof2,4x4,lying,2991,3269,-1,3319,-1,1481,2180,3521,946,1373,-1,-1,772,979,1111,1049,1,1,0,1,1,1,1,1,1,1,1,1,1,1,1,1
2026-07-03T19:41:35.516,tof1,4x4,lying,-1,-1,-1,-1,-1,347,248,151,-1,367,173,140,406,231,155,134,0,0,0,0,0,1,1,1,1,1,1,1,1,1,1,1
2026-07-03T19:41:35.673,tof1,4x4,lying,-1,-1,-1,190,-1,368,298,150,412,399,178,141,388,254,160,134,0,0,0,1,0,1,1,1,1,1,1,1,1,1,1,1
2026-07-03T19:41:35.829,tof1,4x4,lying,-1,-1,-1,-1,-1,377,359,174,415,398,227,148,357,365,172,137,1,0,0,0,0,1,1,1,1,1,1,1,1,1,1,1
2026-07-03T19:41:35.996,tof1,4x4,lying,-1,-1,-1,-1,-1,374,362,196,407,397,263,153,353,374,176,140,0,0,0,0,0,1,1,1,1,1,1,1,1,1,1,1
2026-07-03T19:41:36.164,tof1,4x4,lying,-1,-1,-1,-1,-1,376,361,-1,405,397,252,150,366,368,175,140,0,0,0,0,0,1,1,0,1,1,1,1,1,1,1,1
2026-07-03T19:41:36.321,tof1,4x4,lying,-1,-1,-1,-1,-1,360,359,173,407,405,225,149,363,346,172,136,0,0,0,0,0,1,1,1,1,1,1,1,1,1,1,1
2026-07-03T19:41:36.540,tof2,4x4,lying,2999,3255,-1,3267,-1,1503,2147,2858,921,1368,1557,-1,767,958,1100,1044,1,1,0,1,0,1,1,1,1,1,1,0,1,1,1,1
2026-07-03T19:41:37.009,tof1,4x4,lying,-1,-1,-1,-1,-1,319,202,148,408,307,161,133,363,221,147,128,0,0,0,0,0,1,1,1,1,1,1,1,1,1,1,1
2026-07-03T19:41:37.012,tof2,4x4,lying,2936,3269,-1,3290,-1,1522,2156,3511,959,1411,1513,-1,748,-1,1105,1048,1,1,0,1,0,1,1,1,1,1,1,0,1,1,1,1
2026-07-03T19:41:37.158,tof1,4x4,lying,-1,-1,-1,-1,-1,313,187,149,398,262,156,132,358,218,147,128,0,0,0,0,0,1,1,1,1,1,1,1,1,1,1,1
2026-07-03T19:41:37.190,tof2,4x4,lying,3035,3270,-1,3295,1225,1510,-1,2851,922,1375,-1,-1,756,935,1087,1046,1,1,1,1,1,1,1,1,1,1,1,0,1,1,1,1
2026-07-03T19:41:37.318,tof1,4x4,lying,-1,-1,-1,-1,-1,301,-1,145,393,255,152,130,364,206,144,126,0,0,0,0,0,1,0,1,1,1,1,1,1,1,1,1
2026-07-03T19:41:37.350,tof2,4x4,lying,3082,3267,-1,3303,-1,1508,-1,3474,947,1369,-1,-1,752,-1,1096,1050,1,1,0,1,0,1,1,1,1,1,1,0,1,1,1,1
2026-07-03T19:41:37.470,tof1,4x4,lying,-1,-1,-1,-1,-1,310,-1,145,408,230,151,129,366,196,142,124,0,0,0,0,0,1,0,1,1,1,1,1,1,1,1,1
2026-07-03T19:41:37.511,tof2,4x4,lying,3015,3257,-1,3272,-1,1515,2173,3439,958,1400,-1,-1,780,-1,1108,1048,1,1,0,1,0,1,1,1,1,1,1,0,1,1,1,1
2026-07-03T19:41:37.707,tof1,4x4,lying,-1,-1,-1,182,257,338,177,142,441,237,147,128,392,183,141,120,0,0,0,1,1,1,1,1,1,1,1,1,1,1,1,1
2026-07-03T19:41:37.712,tof2,4x4,lying,2909,3252,-1,3325,-1,1484,-1,2885,928,1358,1579,-1,793,-1,1108,1055,1,1,0,1,1,1,1,1,1,1,1,0,1,1,1,1
2026-07-03T19:41:37.949,tof1,4x4,lying,-1,-1,-1,-1,-1,-1,164,142,412,208,151,129,383,210,145,128,0,0,0,0,0,0,1,1,1,1,1,1,1,1,1,1
2026-07-03T19:41:38.045,tof2,4x4,lying,3048,3264,-1,3318,-1,1495,-1,3516,932,1379,1554,-1,775,-1,-1,1048,1,1,0,1,0,1,0,1,1,1,1,1,1,1,1,1
2026-07-03T19:41:38.115,tof1,4x4,lying,-1,-1,204,-1,-1,252,161,141,455,219,154,132,424,204,149,133,0,1,1,0,0,1,1,1,1,1,1,1,1,1,1,1
2026-07-03T19:41:38.227,tof2,4x4,lying,3016,3250,-1,3304,-1,1524,1855,3586,934,1358,1642,-1,784,-1,1109,1051,1,1,0,1,0,1,1,1,1,1,1,1,1,1,1,1
2026-07-03T19:41:38.289,tof1,4x4,lying,-1,-1,194,-1,-1,194,148,134,427,170,140,123,372,170,137,118,0,0,1,0,0,1,1,1,1,1,1,1,1,1,1,1
2026-07-03T19:41:38.456,tof1,4x4,lying,-1,234,194,-1,-1,-1,154,137,428,176,142,126,405,176,143,124,0,1,1,0,0,0,1,1,1,1,1,1,1,1,1,1
2026-07-03T19:41:38.428,tof2,4x4,lying,-1,3252,-1,3292,-1,1495,-1,3440,939,1368,-1,-1,765,-1,1101,1054,1,1,0,1,0,1,1,1,1,1,1,0,1,1,1,1
2026-07-03T19:41:38.623,tof1,4x4,lying,3469,-1,206,188,-1,201,152,139,497,180,137,126,-1,173,138,122,1,0,1,1,0,1,1,1,1,1,1,1,1,1,1,1
2026-07-03T19:41:38.620,tof2,4x4,lying,2994,3256,-1,3278,-1,1499,-1,3552,940,1392,-1,-1,768,962,1115,1054,1,1,0,1,1,1,0,1,1,1,1,0,1,1,1,1
2026-07-03T19:41:38.784,tof2,4x4,lying,-1,3276,-1,-1,-1,1480,-1,2850,960,1100,-1,-1,760,972,1105,1052,1,1,0,1,1,1,0,1,1,1,1,0,1,1,1,1
2026-07-03T19:41:38.846,tof1,4x4,lying,-1,-1,-1,186,-1,180,144,134,458,173,128,117,447,163,125,111,0,0,0,1,0,1,1,1,1,1,1,1,1,1,1,1
2026-07-03T19:41:38.944,tof2,4x4,lying,2991,3256,3324,3308,-1,1482,2172,3459,918,1408,-1,-1,759,-1,1109,1052,1,1,1,1,1,1,1,1,1,1,1,1,1,1,1,1
2026-07-03T19:41:38.997,tof1,4x4,lying,-1,-1,-1,-1,-1,-1,-1,213,-1,225,154,129,-1,155,126,112,0,0,0,1,0,0,1,1,0,1,1,1,1,1,1,1
2026-07-03T19:41:39.173,tof1,4x4,lying,-1,-1,-1,-1,-1,-1,-1,368,-1,554,431,341,-1,230,213,165,0,0,0,1,0,0,0,1,0,1,1,1,1,1,1,1
2026-07-03T19:41:39.104,tof2,4x4,lying,2999,3253,-1,3301,-1,1475,-1,2881,956,1391,-1,-1,745,-1,1118,1044,1,1,0,1,0,1,0,1,1,1,1,1,1,1,1,1
2026-07-03T19:41:39.254,tof2,4x4,lying,3059,3256,-1,3305,-1,-1,-1,2811,920,1345,-1,-1,759,894,1089,1053,1,1,0,1,0,1,1,1,1,1,1,0,1,1,1,1
2026-07-03T19:41:39.339,tof1,4x4,lying,-1,-1,-1,-1,-1,-1,424,363,-1,510,430,329,-1,258,229,180,0,0,0,0,0,0,1,1,0,1,1,1,0,1,1,1
2026-07-03T19:41:39.413,tof2,4x4,lying,2876,3242,3296,3312,-1,1471,-1,3432,955,1456,1575,-1,745,904,1099,1052,1,1,1,1,0,1,1,1,1,1,1,0,1,1,1,1
2026-07-03T19:41:39.495,tof1,4x4,lying,-1,-1,-1,-1,-1,-1,-1,357,-1,488,406,325,-1,370,292,212,0,0,0,0,0,0,0,1,0,1,1,1,1,1,1,1
2026-07-03T19:41:39.588,tof2,4x4,lying,3028,3249,-1,3271,-1,1508,2180,3463,949,1426,1666,-1,757,-1,1103,1053,1,1,0,1,0,1,1,1,1,1,1,0,1,1,1,1
2026-07-03T19:41:39.790,tof1,4x4,lying,-1,-1,-1,-1,-1,-1,411,353,-1,484,395,318,-1,-1,293,242,0,0,0,0,0,0,1,1,0,1,1,1,0,1,1,1
2026-07-03T19:41:39.751,tof2,4x4,lying,3062,3268,-1,3302,-1,1629,-1,3459,-1,1412,-1,1312,762,876,1096,1032,1,1,0,1,0,1,1,1,0,1,1,1,1,1,1,1
2026-07-03T19:41:39.954,tof1,4x4,lying,-1,-1,-1,-1,-1,-1,415,351,-1,494,392,320,-1,362,291,239,0,0,0,1,0,0,1,1,0,1,1,1,0,1,1,1
2026-07-03T19:41:39.909,tof2,4x4,lying,2952,3258,-1,3312,-1,-1,-1,3476,-1,951,-1,-1,765,-1,1098,1051,1,1,1,1,0,1,0,1,0,1,1,1,1,1,1,1
2026-07-03T19:41:40.070,tof2,4x4,lying,-1,3263,-1,3315,-1,-1,2123,2849,-1,966,1557,-1,763,872,1106,1058,1,1,0,1,0,0,1,1,1,1,1,1,1,1,1,1
2026-07-03T19:41:40.144,tof1,4x4,lying,-1,-1,-1,-1,-1,-1,414,353,-1,494,393,322,-1,368,291,235,0,0,0,1,0,0,1,1,0,1,1,1,1,1,1,1
2026-07-03T19:41:40.238,tof2,4x4,lying,2957,3247,-1,3328,-1,1518,-1,3472,-1,941,1579,-1,787,881,1098,1048,1,1,0,1,0,1,0,1,0,1,1,0,1,1,1,1
2026-07-03T19:41:40.328,tof1,4x4,lying,-1,-1,-1,-1,-1,-1,-1,369,-1,519,407,330,-1,281,256,194,0,0,0,0,0,0,0,1,0,1,1,1,0,1,1,1
2026-07-03T19:41:40.411,tof2,4x4,lying,2982,3237,-1,3295,-1,-1,-1,2845,-1,1369,-1,-1,809,904,-1,1035,1,1,1,1,1,0,0,1,0,1,1,1,1,1,1,1
2026-07-03T19:41:40.533,tof1,4x4,lying,-1,-1,-1,-1,-1,-1,-1,390,-1,532,459,345,515,215,189,169,0,0,0,1,0,0,0,1,0,1,1,1,1,1,1,1
2026-07-03T19:41:40.600,tof2,4x4,lying,3040,3253,-1,3287,-1,-1,-1,3418,957,935,-1,-1,807,883,1105,1053,1,1,0,1,0,1,1,1,1,1,1,0,1,1,1,1
2026-07-03T19:41:40.701,tof1,4x4,lying,-1,-1,-1,-1,-1,-1,-1,425,496,515,-1,368,503,335,179,165,0,0,0,0,0,0,0,1,1,1,1,1,1,1,1,1
2026-07-03T19:41:40.778,tof2,4x4,lying,2984,3278,-1,-1,-1,-1,2164,2870,935,1365,1499,1349,840,918,1112,1041,1,1,0,1,0,0,1,1,1,1,1,1,1,1,1,1
2026-07-03T19:41:40.859,tof1,4x4,lying,-1,-1,-1,-1,-1,-1,-1,452,-1,524,-1,371,-1,-1,182,157,0,0,0,0,0,0,0,1,0,1,1,1,0,1,1,1
2026-07-03T19:41:40.933,tof2,4x4,lying,2968,3260,-1,-1,1409,-1,-1,3488,948,-1,1617,-1,814,895,-1,1050,1,1,1,1,1,0,0,1,1,1,1,0,1,1,1,1
2026-07-03T19:41:41.019,tof1,4x4,lying,-1,-1,-1,-1,-1,-1,-1,453,-1,-1,383,313,-1,425,187,154,0,0,0,0,0,0,1,1,0,0,1,1,0,1,1,1
2026-07-03T19:41:41.089,tof2,4x4,lying,2914,3246,-1,3307,1456,-1,-1,3525,947,1399,1582,-1,820,899,-1,1046,1,1,0,1,1,0,1,1,1,1,1,0,1,1,1,1
2026-07-03T19:41:41.246,tof2,4x4,lying,2972,3274,-1,3286,1455,-1,-1,3542,960,-1,1526,-1,817,-1,1099,1049,1,1,0,1,1,0,0,1,1,1,1,0,1,1,1,1
2026-07-03T19:41:41.327,tof1,4x4,lying,-1,-1,-1,-1,-1,-1,-1,375,-1,535,437,339,-1,338,206,207,0,0,0,0,0,0,0,1,0,1,1,1,0,1,1,1
2026-07-03T19:41:41.401,tof2,4x4,lying,3015,3250,-1,3329,-1,-1,2096,3463,940,954,-1,1312,816,881,1106,1049,1,1,0,1,0,0,1,1,1,1,1,1,1,1,1,1
2026-07-03T19:41:41.504,tof1,4x4,lying,-1,-1,-1,-1,-1,-1,408,352,-1,475,379,327,-1,405,273,245,0,0,0,0,0,0,1,1,0,1,1,1,0,1,1,1
2026-07-03T19:41:41.578,tof2,4x4,lying,2976,3269,3332,3307,-1,1497,-1,2872,947,918,1508,-1,799,898,1099,1048,1,1,1,1,0,1,1,1,1,1,1,0,1,1,1,1
2026-07-03T19:41:41.691,tof1,4x4,lying,-1,-1,-1,-1,-1,-1,380,345,-1,444,354,326,-1,421,286,277,0,0,0,0,0,0,1,1,0,1,1,1,0,1,1,1
2026-07-03T19:41:41.767,tof2,4x4,lying,2972,3244,-1,3331,-1,1531,-1,3469,-1,935,-1,-1,802,888,-1,1043,1,1,0,1,0,1,1,1,1,1,1,0,1,1,1,1
2026-07-03T19:41:41.923,tof1,4x4,lying,-1,-1,-1,-1,-1,-1,379,349,-1,449,356,324,-1,425,295,284,0,0,0,0,0,0,1,1,0,1,1,1,0,1,1,1
2026-07-03T19:41:41.935,tof2,4x4,lying,2925,3268,3302,3289,-1,1507,2164,2867,-1,940,1508,-1,758,893,1097,1053,1,1,1,1,0,1,1,1,0,1,1,0,1,1,1,1
2026-07-03T19:41:42.121,tof1,4x4,lying,-1,-1,-1,-1,-1,-1,396,347,-1,463,367,318,-1,428,299,281,0,0,0,0,0,0,1,1,0,1,1,1,0,1,1,1
2026-07-03T19:41:42.124,tof2,4x4,lying,-1,3268,-1,3313,-1,1460,2231,3464,1634,986,1519,-1,787,-1,-1,1063,1,1,0,1,0,1,1,1,1,1,1,0,1,1,1,1
2026-07-03T19:41:42.281,tof2,4x4,lying,3077,3248,-1,3301,-1,1515,2191,2869,-1,971,-1,1293,1075,856,-1,1046,1,1,0,1,0,1,1,1,0,1,1,1,1,1,1,1
2026-07-03T19:41:42.449,tof2,4x4,lying,3001,3273,-1,3311,-1,1541,2148,3480,1536,996,-1,-1,1053,844,-1,1052,1,1,0,1,0,1,1,1,1,1,1,0,1,1,1,1
2026-07-03T19:41:42.616,tof2,4x4,lying,3026,3259,-1,3314,-1,1544,2202,3442,-1,1032,-1,-1,1028,922,-1,1049,1,1,0,1,0,1,1,1,0,1,1,0,1,1,1,1
2026-07-03T19:41:42.729,tof1,4x4,lying,-1,-1,-1,-1,-1,-1,388,339,439,447,360,315,-1,383,287,257,0,0,0,0,0,0,1,1,1,1,1,1,0,1,1,1
2026-07-03T19:41:42.789,tof2,4x4,lying,3028,3258,-1,3327,-1,1537,-1,2866,1558,1053,1621,-1,1033,956,1049,1052,1,1,0,1,0,1,1,1,1,1,1,0,1,1,1,1
2026-07-03T19:41:42.898,tof1,4x4,lying,-1,-1,-1,-1,-1,-1,375,333,-1,416,342,312,-1,333,272,232,0,0,0,0,0,0,1,1,0,1,1,1,0,1,1,1
2026-07-03T19:41:42.951,tof2,4x4,lying,3034,3250,-1,3281,-1,1521,-1,3485,1662,1058,1647,-1,1052,965,1027,1049,1,1,0,1,0,1,0,1,1,1,1,0,1,1,1,1
2026-07-03T19:41:43.063,tof1,4x4,lying,-1,-1,-1,-1,-1,-1,363,338,458,403,331,314,-1,284,245,197,0,0,0,0,0,0,1,1,1,1,1,1,0,1,1,1
2026-07-03T19:41:43.141,tof2,4x4,lying,3065,3257,-1,3305,-1,1551,-1,2825,1605,-1,1720,-1,-1,957,1021,1053,1,1,1,1,0,1,0,1,1,1,1,0,1,1,1,1
2026-07-03T19:41:43.240,tof1,4x4,lying,-1,-1,-1,-1,-1,-1,379,344,-1,426,342,316,-1,222,187,143,0,0,0,0,0,0,1,1,0,1,1,1,0,1,1,1
2026-07-03T19:41:43.305,tof2,4x4,lying,3033,3243,3282,3307,-1,1507,-1,2898,-1,1064,1612,-1,-1,955,1017,1049,1,1,1,1,0,1,0,1,1,1,1,0,1,1,1,1
2026-07-03T19:41:43.419,tof1,4x4,lying,-1,-1,-1,-1,-1,468,422,360,-1,283,334,316,423,185,142,123,0,0,0,0,0,1,1,1,0,1,1,1,1,1,1,1
2026-07-03T19:41:43.479,tof2,4x4,lying,3010,3244,-1,3294,-1,1449,2169,3501,1584,1023,1614,-1,-1,924,1005,1052,1,1,0,1,0,1,1,1,1,1,1,0,1,1,1,1
2026-07-03T19:41:43.635,tof1,4x4,lying,-1,-1,-1,-1,-1,-1,423,357,522,286,196,140,-1,151,128,115,0,0,0,0,0,1,1,1,1,1,1,1,1,1,1,1
2026-07-03T19:41:43.656,tof2,4x4,lying,2980,3246,3380,3297,-1,-1,-1,2866,1663,969,1570,-1,1049,822,-1,1040,1,1,1,1,1,1,1,1,1,1,1,0,1,1,1,1
2026-07-03T19:41:44.078,tof2,4x4,lying,2930,3252,-1,3343,-1,1429,-1,3481,942,942,1524,-1,1048,825,1114,1048,1,1,0,1,0,1,0,1,1,1,1,0,1,1,1,1
2026-07-03T19:41:44.236,tof2,4x4,lying,2970,3261,-1,3348,-1,1637,-1,2839,836,894,-1,1475,863,969,-1,1043,1,1,0,1,0,1,1,1,1,1,1,1,1,1,1,1
2026-07-03T19:41:44.397,tof2,4x4,lying,2992,3263,-1,3320,-1,967,2136,2867,952,998,1532,-1,962,-1,-1,1050,1,1,0,1,0,1,1,1,1,1,1,0,1,1,1,1
2026-07-03T19:41:44.572,tof2,4x4,lying,2948,3244,-1,3291,-1,966,-1,3522,965,996,1526,-1,999,1021,1094,1055,1,1,0,1,0,1,1,1,1,1,1,1,1,1,1,1
2026-07-03T19:41:44.646,tof1,4x4,lying,-1,192,190,213,200,173,174,182,-1,178,165,193,280,252,214,237,0,1,1,1,1,1,1,1,0,1,1,1,1,1,1,1
2026-07-03T19:41:44.740,tof2,4x4,lying,2916,3263,-1,3305,871,-1,-1,3486,924,1418,1489,-1,988,1016,-1,1032,1,1,1,1,1,1,0,1,1,1,1,1,1,1,1,1
2026-07-03T19:41:44.823,tof1,4x4,lying,-1,-1,-1,-1,-1,-1,-1,-1,-1,249,279,416,154,158,185,311,0,0,0,0,0,0,0,0,0,1,1,1,1,1,1,1
2026-07-03T19:41:44.906,tof2,4x4,lying,2992,3249,-1,3294,885,1421,2193,3506,930,-1,1438,-1,1012,-1,1110,1044,1,1,1,1,1,1,1,1,1,1,1,0,1,1,1,1
2026-07-03T19:41:44.990,tof1,4x4,lying,-1,-1,-1,-1,-1,-1,-1,-1,-1,-1,293,426,156,157,180,313,1,0,0,0,0,0,0,0,0,0,1,1,1,1,1,1
2026-07-03T19:41:45.078,tof2,4x4,lying,3004,3258,-1,3314,876,1422,2190,2873,936,1440,1462,-1,978,-1,1104,1048,1,1,0,1,1,1,1,1,1,1,1,0,1,1,1,1
2026-07-03T19:41:45.165,tof1,4x4,lying,-1,-1,-1,-1,-1,-1,-1,-1,-1,-1,-1,433,153,156,177,314,0,0,0,0,0,0,0,0,0,0,0,1,1,1,1,1
2026-07-03T19:41:45.236,tof2,4x4,lying,3017,3258,-1,3275,907,-1,2198,3521,947,1496,1466,-1,931,-1,1099,1066,1,1,0,1,1,1,1,1,1,1,1,0,1,1,1,1
2026-07-03T19:41:45.598,tof1,4x4,lying,-1,-1,-1,-1,-1,-1,-1,-1,-1,-1,-1,453,149,148,162,290,1,0,0,0,0,0,0,0,0,1,1,1,1,1,1,1
2026-07-03T19:41:45.612,tof2,4x4,lying,2883,3252,-1,3326,906,-1,2184,2847,990,965,1481,-1,1055,926,1098,1048,1,1,0,1,1,1,1,1,1,1,1,0,1,1,1,1
2026-07-03T19:41:45.752,tof1,4x4,lying,-1,-1,-1,-1,-1,-1,283,-1,-1,258,329,438,152,138,145,175,0,0,0,0,0,0,1,1,0,1,1,1,1,1,1,1
2026-07-03T19:41:45.765,tof2,4x4,lying,3017,3260,-1,3287,921,987,-1,3508,964,1058,982,-1,-1,1076,1070,1047,1,1,0,1,1,1,0,1,1,1,1,0,1,1,1,1
2026-07-03T19:41:45.909,tof1,4x4,lying,-1,-1,-1,-1,-1,-1,-1,523,-1,398,440,414,168,149,150,195,1,0,0,0,0,0,0,1,0,1,1,1,1,1,1,1
2026-07-03T19:41:45.925,tof2,4x4,lying,2966,3244,-1,3309,927,902,-1,2881,963,947,940,-1,1065,-1,1090,1040,1,1,1,1,1,1,0,1,1,1,1,0,1,1,1,1
2026-07-03T19:41:46.061,tof1,4x4,lying,-1,-1,-1,-1,-1,-1,495,-1,-1,440,412,391,205,203,213,293,0,0,0,0,0,0,1,0,0,1,1,1,1,1,1,1
2026-07-03T19:41:46.102,tof2,4x4,lying,2991,3258,-1,3335,956,831,-1,2829,976,868,1440,-1,1056,-1,1095,1057,1,1,1,1,1,1,0,1,1,1,1,0,1,1,1,1
2026-07-03T19:41:46.236,tof1,4x4,lying,-1,-1,-1,-1,-1,-1,-1,-1,-1,473,456,430,173,195,224,315,0,0,0,0,0,0,0,0,0,1,1,1,1,1,1,1
2026-07-03T19:41:46.257,tof2,4x4,lying,3028,3246,-1,3306,949,841,-1,2890,998,901,888,-1,1062,1078,1098,1054,1,1,0,1,1,1,0,1,1,1,1,1,1,1,1,1
2026-07-03T19:41:46.382,tof1,4x4,lying,-1,-1,-1,-1,-1,-1,-1,-1,-1,-1,-1,440,158,160,175,250,0,0,0,0,0,0,0,0,0,0,1,1,1,1,1,1
2026-07-03T19:41:46.443,tof2,4x4,lying,2981,3258,-1,3298,949,889,-1,3548,997,957,926,-1,1057,1062,-1,1055,1,1,0,1,1,1,1,1,1,1,1,0,1,1,1,1
2026-07-03T19:41:46.558,tof1,4x4,lying,-1,-1,-1,-1,-1,-1,-1,989,-1,266,259,-1,170,152,156,190,0,0,0,0,0,0,0,1,0,1,1,1,1,1,1,1
2026-07-03T19:41:46.623,tof2,4x4,lying,3003,3269,-1,3313,939,898,-1,3452,1008,977,909,-1,1055,1072,1073,1048,1,1,1,1,1,1,0,1,1,1,1,0,1,1,1,1
2026-07-03T19:41:46.727,tof1,4x4,lying,-1,-1,-1,-1,-1,-1,-1,959,-1,322,316,355,209,156,151,174,0,0,0,0,0,0,0,1,0,1,1,1,1,1,1,1
2026-07-03T19:41:46.778,tof2,4x4,lying,-1,3236,-1,3299,960,893,-1,2840,1015,962,934,-1,1056,1058,1089,1067,1,1,0,1,1,1,0,1,1,1,1,0,1,1,1,1
2026-07-03T19:41:46.881,tof1,4x4,lying,3397,-1,-1,-1,-1,-1,-1,975,-1,-1,355,310,249,154,151,174,1,0,0,0,1,0,0,1,0,0,1,1,1,1,1,1
2026-07-03T19:41:46.954,tof2,4x4,lying,-1,3265,-1,3279,994,903,-1,3481,1032,973,950,-1,1048,1068,1084,1061,1,1,1,1,1,1,0,1,1,1,1,0,1,1,1,1
2026-07-03T19:41:47.061,tof1,4x4,lying,-1,-1,-1,-1,-1,-1,-1,968,-1,-1,424,-1,387,208,149,156,0,0,1,0,0,0,0,1,0,0,1,1,1,1,1,1
2026-07-03T19:41:47.139,tof2,4x4,lying,-1,3262,-1,3306,999,912,2166,3473,1033,963,1681,-1,1057,1056,1078,1053,1,1,0,1,1,1,1,1,1,1,1,1,1,1,1,1
2026-07-03T19:41:47.238,tof1,4x4,lying,-1,-1,-1,-1,-1,-1,-1,981,-1,-1,-1,-1,412,329,151,146,0,0,0,0,0,0,0,1,0,0,1,1,1,1,1,1
2026-07-03T19:41:47.323,tof2,4x4,lying,2972,3244,3277,3322,1004,891,-1,3462,1044,958,928,-1,1047,1053,-1,1056,1,1,1,1,1,1,0,1,1,1,1,0,1,1,1,1
2026-07-03T19:41:47.404,tof1,4x4,lying,-1,-1,-1,-1,-1,-1,-1,993,-1,-1,-1,-1,416,285,153,145,0,0,0,0,0,0,0,1,0,0,1,1,1,1,1,1
2026-07-03T19:41:47.519,tof2,4x4,lying,3046,3258,-1,3278,1007,887,-1,3483,1039,957,950,-1,1046,1059,-1,1056,1,1,0,1,1,1,0,1,1,1,1,0,1,1,1,1
2026-07-03T19:41:47.576,tof1,4x4,lying,-1,-1,-1,-1,-1,-1,-1,971,-1,-1,-1,366,411,247,150,148,0,0,0,0,0,0,0,1,0,0,1,1,1,1,1,1
2026-07-03T19:41:47.676,tof2,4x4,lying,2910,3263,-1,3321,996,894,-1,3458,1049,955,948,-1,1050,1050,1085,1048,1,1,1,1,1,1,1,1,1,1,1,0,1,1,1,1
2026-07-03T19:41:47.740,tof1,4x4,lying,-1,-1,-1,-1,-1,-1,-1,978,-1,-1,-1,400,417,295,152,148,0,0,0,0,0,0,0,1,0,0,1,1,1,1,1,1
2026-07-03T19:41:47.892,tof2,4x4,lying,3035,3246,3363,3317,1016,901,2212,3494,1047,950,1553,-1,1050,1056,1074,1054,1,1,1,1,1,1,1,1,1,1,1,0,1,1,1,1
2026-07-03T19:41:48.026,tof1,4x4,lying,-1,-1,-1,-1,-1,-1,-1,-1,-1,-1,416,394,418,331,157,148,0,0,0,0,0,0,0,0,0,0,1,1,1,1,1,1
2026-07-03T19:41:48.233,tof1,4x4,lying,-1,-1,-1,-1,-1,-1,-1,990,-1,428,421,396,415,311,157,149,0,0,0,0,0,0,0,1,0,1,1,1,1,1,1,1
2026-07-03T19:41:48.202,tof2,4x4,lying,2969,3263,-1,3310,1023,908,2146,3504,1049,949,1401,-1,1043,1060,1072,1051,1,1,0,1,1,1,1,1,1,1,1,0,1,1,1,1
2026-07-03T19:41:48.384,tof2,4x4,lying,3002,3265,-1,3322,-1,905,-1,2751,1037,935,937,-1,1001,1049,1075,1052,1,1,0,1,0,1,0,1,1,1,1,0,1,1,1,1
2026-07-03T19:41:48.469,tof1,4x4,lying,-1,-1,-1,-1,-1,-1,-1,-1,-1,429,440,-1,419,335,157,150,0,0,0,0,0,0,0,0,0,1,1,1,1,1,1,1
2026-07-03T19:41:48.570,tof2,4x4,lying,2960,3253,-1,-1,-1,885,2116,2722,1003,951,945,-1,-1,1056,1072,1054,1,1,1,1,1,1,1,1,1,1,1,0,1,1,1,1
2026-07-03T19:41:48.637,tof1,4x4,lying,-1,-1,-1,-1,-1,-1,-1,-1,-1,-1,437,366,428,346,162,151,0,0,0,0,0,0,0,0,0,0,1,1,1,1,1,1
2026-07-03T19:41:48.729,tof2,4x4,lying,2978,3257,-1,3329,-1,888,-1,2721,987,934,963,-1,940,1044,1075,1045,1,1,0,1,1,1,1,1,1,1,1,0,1,1,1,1
2026-07-03T19:41:48.798,tof1,4x4,lying,-1,-1,-1,-1,-1,-1,-1,-1,-1,-1,-1,370,435,350,161,151,0,0,0,0,0,0,0,0,0,0,1,1,1,1,1,1
2026-07-03T19:41:48.882,tof2,4x4,lying,3001,3252,-1,3320,-1,893,2107,2731,959,936,-1,-1,928,1036,-1,1041,1,1,1,1,0,1,1,1,1,1,1,0,1,1,1,1
2026-07-03T19:41:48.969,tof1,4x4,lying,-1,-1,-1,-1,-1,-1,-1,-1,-1,-1,454,253,450,366,172,152,0,0,0,0,0,0,0,0,0,1,1,1,1,1,1,1
2026-07-03T19:41:49.038,tof2,4x4,lying,3003,3257,3186,3290,-1,880,2196,2736,944,919,1602,-1,908,-1,1072,1050,1,1,1,1,1,1,1,1,1,1,1,0,1,1,1,1
2026-07-03T19:41:49.127,tof1,4x4,lying,-1,-1,-1,-1,-1,-1,-1,-1,-1,-1,452,213,433,386,183,152,0,0,0,0,0,0,0,0,0,0,1,1,1,1,1,1
2026-07-03T19:41:49.216,tof2,4x4,lying,2964,3265,-1,3306,-1,899,-1,3467,966,930,1468,-1,919,1028,-1,1046,1,1,0,1,0,1,1,1,1,1,1,1,1,1,1,1
2026-07-03T19:41:49.344,tof1,4x4,lying,-1,-1,-1,-1,-1,-1,-1,-1,-1,-1,411,239,424,385,180,152,0,0,0,1,0,0,0,0,0,0,1,1,1,1,1,1
2026-07-03T19:41:49.425,tof2,4x4,lying,2990,3251,-1,3297,-1,931,-1,2687,930,924,-1,1323,926,1032,1072,1037,1,1,0,1,0,1,0,1,1,1,1,1,1,1,1,1
2026-07-03T19:41:49.514,tof1,4x4,lying,-1,-1,-1,-1,-1,-1,-1,-1,-1,-1,467,200,441,387,202,154,0,0,0,1,0,0,0,0,0,0,1,1,1,1,1,1
2026-07-03T19:41:49.590,tof2,4x4,lying,2997,3248,-1,3288,-1,886,2083,2764,929,910,1324,-1,930,1042,1069,1049,1,1,0,1,0,1,1,1,1,1,1,0,1,1,1,1
2026-07-03T19:41:49.688,tof1,4x4,lying,-1,-1,-1,-1,-1,-1,-1,442,-1,-1,468,244,433,395,252,162,1,0,0,0,0,0,0,1,0,0,1,1,1,1,1,1
2026-07-03T19:41:49.844,tof1,4x4,lying,-1,-1,-1,-1,-1,-1,-1,-1,-1,-1,471,290,446,394,253,161,0,0,0,0,0,0,0,0,0,0,1,1,1,1,1,1
2026-07-03T19:41:50.021,tof1,4x4,lying,-1,-1,-1,-1,-1,-1,-1,-1,-1,-1,475,348,461,400,218,157,0,0,0,0,0,0,0,0,0,0,1,1,1,1,1,1
2026-07-03T19:41:50.192,tof1,4x4,lying,-1,-1,-1,-1,-1,-1,-1,-1,-1,-1,469,393,462,396,193,154,0,0,0,0,0,0,0,0,0,0,1,1,1,1,1,1
2026-07-03T19:41:50.363,tof1,4x4,lying,-1,-1,-1,-1,-1,-1,-1,-1,-1,-1,447,463,469,412,225,156,0,0,0,0,0,0,0,0,0,0,1,1,1,1,1,1
2026-07-03T19:41:50.633,tof1,4x4,lying,-1,-1,-1,-1,-1,-1,-1,-1,-1,-1,457,469,-1,422,239,166,0,0,0,0,0,0,0,0,0,0,1,1,0,1,1,1
2026-07-03T19:41:50.733,tof2,4x4,lying,3026,3264,-1,3308,-1,-1,2185,2799,891,856,1427,-1,958,1042,1076,1040,1,1,0,1,1,0,1,1,1,1,1,0,1,1,1,1
2026-07-03T19:41:50.827,tof1,4x4,lying,-1,-1,-1,-1,-1,-1,-1,-1,-1,-1,455,478,525,418,201,172,0,0,0,0,0,0,0,0,0,0,1,1,1,1,1,1
2026-07-03T19:41:50.979,tof1,4x4,lying,-1,-1,-1,-1,-1,-1,-1,-1,-1,-1,469,485,569,367,186,184,0,0,0,0,0,0,0,0,0,1,1,1,1,1,1,1
2026-07-03T19:41:50.922,tof2,4x4,lying,2977,3257,-1,3287,768,-1,-1,3498,825,856,-1,-1,959,-1,-1,1048,1,1,0,1,1,0,1,1,1,1,1,0,1,1,1,1
2026-07-03T19:41:51.086,tof2,4x4,lying,2980,3233,-1,3329,-1,-1,2171,2797,857,860,1481,-1,975,-1,-1,1045,1,1,0,1,0,0,1,1,1,1,1,1,1,1,1,1
2026-07-03T19:41:51.141,tof1,4x4,lying,-1,-1,-1,-1,-1,-1,-1,-1,-1,-1,456,483,-1,261,179,207,0,0,0,0,0,0,0,0,0,0,1,1,0,1,1,1
2026-07-03T19:41:51.318,tof1,4x4,lying,-1,-1,-1,-1,-1,-1,-1,-1,-1,-1,446,482,578,255,180,208,0,0,0,0,0,0,1,0,0,0,1,1,1,1,1,1
2026-07-03T19:41:51.263,tof2,4x4,lying,3069,3243,-1,3344,1709,-1,-1,2834,847,863,1475,-1,977,-1,-1,1048,1,1,1,1,1,1,1,1,1,1,1,0,1,1,1,1
2026-07-03T19:41:51.469,tof1,4x4,lying,-1,-1,339,-1,-1,-1,-1,337,349,361,438,477,251,201,179,207,1,1,1,1,0,0,1,1,1,1,1,1,1,1,1,1
2026-07-03T19:41:51.448,tof2,4x4,lying,-1,3288,-1,3290,792,-1,2081,2794,830,858,1542,-1,964,1041,-1,1052,1,1,1,1,1,0,1,1,1,1,1,1,1,1,1,1
2026-07-03T19:41:51.647,tof1,4x4,lying,-1,-1,-1,-1,-1,-1,-1,-1,-1,-1,427,478,-1,187,188,207,0,0,0,0,0,0,0,0,0,0,1,1,0,1,1,1
2026-07-03T19:41:51.645,tof2,4x4,lying,3024,3262,-1,3297,801,-1,2163,3484,888,852,1549,-1,957,-1,1090,1047,1,1,0,1,1,0,1,1,1,1,1,0,1,1,1,1
2026-07-03T19:41:51.831,tof2,4x4,lying,2873,3266,-1,3273,-1,847,-1,2773,-1,861,1447,-1,957,-1,-1,1056,1,1,0,1,0,1,0,1,1,1,1,0,1,1,1,1
2026-07-03T19:41:51.845,tof1,4x4,lying,-1,255,252,261,-1,260,256,282,-1,-1,327,437,-1,188,201,228,0,1,1,1,0,1,1,1,0,0,1,1,0,1,1,1
2026-07-03T19:41:51.995,tof1,4x4,lying,-1,-1,-1,255,-1,275,267,256,268,280,311,349,-1,202,213,274,0,0,0,1,0,1,1,1,1,1,1,1,0,1,1,1
2026-07-03T19:41:52.005,tof2,4x4,lying,3040,3261,-1,3290,-1,807,2113,2754,-1,865,1488,-1,961,1046,1059,1052,1,1,1,1,0,1,1,1,1,1,1,1,1,1,1,1
2026-07-03T19:41:52.167,tof1,4x4,lying,-1,-1,-1,238,-1,257,241,223,266,259,258,259,247,206,221,303,1,0,0,1,0,1,1,1,1,1,1,1,1,1,1,1
2026-07-03T19:41:52.244,tof2,4x4,lying,-1,3275,-1,3284,1977,832,2128,2733,-1,881,1617,-1,955,1049,1070,1053,1,1,0,1,1,1,1,1,0,1,1,0,1,1,1,1
2026-07-03T19:41:52.443,tof2,4x4,lying,3029,3254,-1,3285,2189,849,2212,2818,1669,905,883,-1,959,1050,1065,1051,1,1,1,1,1,1,1,1,1,1,1,0,1,1,1,1
2026-07-03T19:41:52.564,tof1,4x4,lying,-1,-1,-1,185,-1,203,186,174,217,201,189,181,215,198,215,308,0,0,0,1,0,1,1,1,1,1,1,1,1,1,1,1
2026-07-03T19:41:52.594,tof2,4x4,lying,2925,3265,3302,3313,2078,864,2177,2741,-1,921,917,-1,946,1045,-1,1057,1,1,1,1,1,1,1,1,0,1,1,1,1,1,1,1
2026-07-03T19:41:52.724,tof1,4x4,lying,-1,-1,-1,201,-1,214,199,183,230,217,206,200,210,192,209,315,0,0,0,1,0,1,1,1,1,1,1,1,1,1,1,1
2026-07-03T19:41:52.780,tof2,4x4,lying,3057,3265,-1,3289,-1,856,-1,3493,1697,917,918,-1,956,1055,1070,1033,1,1,0,1,1,1,1,1,1,1,1,0,1,1,1,1
2026-07-03T19:41:52.894,tof1,4x4,lying,-1,-1,-1,217,-1,227,211,200,240,226,223,219,206,186,198,317,0,0,0,1,0,1,1,1,1,1,1,1,1,1,1,1
2026-07-03T19:41:52.946,tof2,4x4,lying,2980,3247,-1,3287,2165,870,2219,3445,1644,921,940,-1,948,-1,1064,1050,1,1,0,1,1,1,1,1,1,1,1,0,1,1,1,1
2026-07-03T19:41:53.062,tof1,4x4,lying,-1,-1,-1,220,-1,234,219,212,240,235,237,250,208,181,200,332,0,0,0,1,0,1,1,1,1,1,1,1,1,1,1,1
2026-07-03T19:41:53.369,tof1,4x4,lying,-1,-1,-1,213,-1,213,195,192,215,204,193,192,205,181,170,198,0,0,0,1,0,1,1,1,1,1,1,1,1,1,1,1
2026-07-03T19:41:53.378,tof2,4x4,lying,2945,3256,-1,3265,2191,843,2164,3493,1735,913,891,-1,949,1036,-1,1062,1,1,1,1,1,1,1,1,1,1,1,0,1,1,1,1
2026-07-03T19:41:53.527,tof1,4x4,lying,-1,-1,-1,218,-1,215,203,203,212,199,195,203,200,192,188,228,0,0,0,1,0,1,1,1,1,1,1,1,1,1,1,1
2026-07-03T19:41:53.538,tof2,4x4,lying,3028,3261,-1,3280,2089,850,-1,2891,1573,902,1523,-1,-1,1042,-1,1046,1,1,1,1,1,1,1,1,1,1,1,0,1,1,1,1
2026-07-03T19:41:53.687,tof1,4x4,lying,-1,-1,-1,210,-1,211,200,197,213,202,194,196,209,197,186,198,0,0,0,1,0,1,1,1,1,1,1,1,1,1,1,1
2026-07-03T19:41:53.719,tof2,4x4,lying,3015,3265,-1,3278,2126,845,2157,2875,-1,909,919,-1,944,1047,-1,1053,1,1,0,1,1,1,1,1,0,1,1,0,1,1,1,1
2026-07-03T19:41:53.846,tof1,4x4,lying,-1,-1,-1,-1,-1,-1,190,185,207,186,180,178,195,182,179,182,0,0,0,0,0,0,1,1,1,1,1,1,1,1,1,1
2026-07-03T19:41:53.884,tof2,4x4,lying,2978,3248,-1,3309,-1,860,-1,2890,1552,910,884,-1,953,1052,-1,1044,1,1,0,1,0,1,0,1,1,1,1,0,1,1,1,1
2026-07-03T19:41:54.026,tof1,4x4,lying,-1,-1,-1,-1,-1,190,181,180,185,175,171,177,180,172,173,185,0,0,0,0,0,1,1,1,1,1,1,1,1,1,1,1
2026-07-03T19:41:54.053,tof2,4x4,lying,3013,3244,-1,3317,-1,872,-1,3470,-1,909,904,-1,948,1034,1061,1045,1,1,0,1,0,1,0,1,1,1,1,0,1,1,1,1
2026-07-03T19:41:54.197,tof1,4x4,lying,-1,-1,-1,-1,-1,184,177,172,182,171,166,170,172,169,171,175,1,0,0,0,0,1,1,1,1,1,1,1,1,1,1,1
2026-07-03T19:41:54.264,tof2,4x4,lying,3029,3252,-1,3382,-1,847,-1,2935,-1,906,925,-1,941,1041,1064,1053,1,1,1,1,0,1,0,1,1,1,1,1,1,1,1,1
2026-07-03T19:41:54.419,tof1,4x4,lying,-1,-1,-1,-1,-1,185,176,171,180,168,165,167,171,167,171,174,1,0,0,0,0,1,1,1,1,1,1,1,1,1,1,1
2026-07-03T19:41:54.465,tof2,4x4,lying,3008,3264,3333,3291,-1,857,2199,3459,-1,920,905,-1,942,1038,-1,1046,1,1,1,1,1,1,1,1,1,1,1,1,1,1,1,1
2026-07-03T19:41:54.626,tof1,4x4,lying,-1,-1,-1,-1,-1,182,175,169,183,170,162,163,172,167,168,171,1,0,0,0,0,1,1,1,1,1,1,1,1,1,1,1
2026-07-03T19:41:54.733,tof2,4x4,lying,-1,3243,-1,3354,-1,867,2174,2907,1488,909,1622,-1,941,-1,1065,1043,1,1,1,1,1,1,1,1,1,1,1,0,1,1,1,1
2026-07-03T19:41:54.791,tof1,4x4,lying,-1,-1,-1,-1,-1,-1,173,165,181,168,161,160,171,164,165,168,0,0,0,0,0,0,1,1,1,1,1,1,1,1,1,1
2026-07-03T19:41:54.892,tof2,4x4,lying,2983,3260,-1,3337,-1,861,-1,3461,1691,902,1373,-1,961,1042,1063,1049,1,1,0,1,0,1,0,1,1,1,1,0,1,1,1,1
2026-07-03T19:41:54.952,tof1,4x4,lying,-1,-1,-1,-1,-1,-1,175,169,183,168,163,161,171,167,166,168,1,0,0,0,0,0,1,1,1,1,1,1,1,1,1,1
2026-07-03T19:41:55.044,tof2,4x4,lying,2932,3248,-1,3304,-1,859,2073,3505,-1,904,928,1235,940,1032,1059,1043,1,1,0,1,0,1,1,1,1,1,1,1,1,1,1,1
2026-07-03T19:41:55.128,tof1,4x4,lying,-1,-1,-1,-1,-1,-1,174,169,183,171,162,162,171,167,168,168,0,0,0,0,0,0,1,1,1,1,1,1,1,1,1,1
2026-07-03T19:41:55.246,tof2,4x4,lying,2966,3232,-1,3325,2094,866,-1,2894,1435,914,1655,-1,948,1036,1067,1039,1,1,0,1,1,1,0,1,1,1,1,0,1,1,1,1
2026-07-03T19:41:55.286,tof1,4x4,lying,-1,-1,-1,-1,-1,-1,175,168,186,173,163,162,174,166,167,168,0,0,0,0,0,0,1,1,1,1,1,1,1,1,1,1
2026-07-03T19:41:55.448,tof1,4x4,lying,-1,-1,-1,-1,-1,-1,177,170,183,172,162,165,173,168,168,169,0,1,0,0,0,0,1,1,1,1,1,1,1,1,1,1
2026-07-03T19:41:55.434,tof2,4x4,lying,3001,3268,-1,3288,-1,870,-1,2944,1391,916,916,-1,940,1034,1054,1054,1,1,0,1,0,1,1,1,1,1,1,0,1,1,1,1
2026-07-03T19:41:55.589,tof2,4x4,lying,2969,3256,-1,3289,2098,860,-1,2872,1536,908,1470,-1,942,1032,1061,1055,1,1,1,1,1,1,0,1,1,1,1,0,1,1,1,1
2026-07-03T19:41:55.627,tof1,4x4,lying,-1,-1,-1,-1,-1,-1,177,170,188,172,164,162,175,168,169,169,0,0,0,0,0,0,1,1,1,1,1,1,1,1,1,1
2026-07-03T19:41:55.762,tof2,4x4,lying,3013,3266,-1,3286,-1,861,2174,2892,1536,906,1518,-1,947,1036,1069,1034,1,1,0,1,0,1,1,1,1,1,1,0,1,1,1,1
2026-07-03T19:41:55.845,tof1,4x4,lying,-1,-1,-1,-1,-1,-1,176,172,189,174,167,165,176,170,170,169,0,0,0,0,0,0,1,1,1,1,1,1,1,1,1,1
2026-07-03T19:41:56.014,tof1,4x4,lying,-1,-1,-1,-1,-1,-1,177,171,185,174,164,163,175,169,168,168,0,0,0,0,0,0,1,1,1,1,1,1,1,1,1,1
2026-07-03T19:41:56.185,tof1,4x4,lying,-1,-1,-1,-1,-1,-1,178,169,186,173,162,165,175,169,168,169,0,0,0,0,0,0,1,1,1,1,1,1,1,1,1,1
2026-07-03T19:41:56.364,tof1,4x4,lying,-1,-1,-1,-1,-1,-1,177,170,185,169,165,161,175,168,166,169,0,0,0,0,0,0,1,1,1,1,1,1,1,1,1,1
2026-07-03T19:41:56.543,tof1,4x4,lying,-1,-1,-1,-1,-1,-1,177,169,187,170,162,163,173,167,167,168,0,0,0,0,0,0,1,1,1,1,1,1,1,1,1,1
2026-07-03T19:41:56.693,tof1,4x4,lying,-1,-1,-1,-1,-1,-1,177,169,183,170,164,162,173,167,166,166,0,0,0,0,0,0,1,1,1,1,1,1,1,1,1,1
2026-07-03T19:41:56.763,tof2,4x4,lying,-1,3248,-1,-1,2151,859,2230,2884,-1,897,890,-1,926,1036,1064,1057,1,1,0,1,1,1,1,1,0,1,1,0,1,1,1,1
2026-07-03T19:41:56.860,tof1,4x4,lying,-1,-1,-1,-1,-1,-1,178,171,184,170,163,162,172,168,168,168,0,0,0,0,0,0,1,1,1,1,1,1,1,1,1,1
2026-07-03T19:41:56.938,tof2,4x4,lying,2959,3270,-1,3306,-1,868,-1,2875,-1,911,931,-1,937,1039,1060,1060,1,1,0,1,1,1,0,1,1,1,1,0,1,1,1,1
2026-07-03T19:41:57.027,tof1,4x4,lying,-1,-1,-1,-1,-1,-1,177,168,188,169,161,162,171,167,168,168,0,0,0,0,0,0,1,1,1,1,1,1,1,1,1,1
2026-07-03T19:41:57.094,tof2,4x4,lying,3083,3253,-1,3325,2153,855,-1,3459,1610,923,915,-1,936,1045,1072,1062,1,1,0,1,1,1,1,1,1,1,1,0,1,1,1,1
2026-07-03T19:41:57.193,tof1,4x4,lying,-1,-1,-1,-1,-1,-1,177,168,188,171,162,163,175,168,167,169,0,0,0,0,0,0,1,1,1,1,1,1,1,1,1,1
2026-07-03T19:41:57.264,tof2,4x4,lying,2961,3253,-1,3291,2094,854,2176,2852,1539,916,-1,-1,934,-1,1074,1043,1,1,0,1,1,1,1,1,1,1,1,0,1,1,1,1
2026-07-03T19:41:57.371,tof1,4x4,lying,-1,-1,-1,-1,-1,-1,176,170,189,171,162,163,173,168,166,167,0,0,0,0,0,0,1,1,1,1,1,1,1,1,1,1
2026-07-03T19:41:57.415,tof2,4x4,lying,3051,3261,-1,3330,2204,859,-1,2927,-1,914,914,-1,954,1028,1067,1050,1,1,0,1,1,1,0,1,1,1,1,1,1,1,1,1
2026-07-03T19:41:57.523,tof1,4x4,lying,-1,-1,-1,-1,-1,-1,175,170,187,172,163,163,174,168,168,171,0,0,0,0,0,0,1,1,1,1,1,1,1,1,1,1
2026-07-03T19:41:57.573,tof2,4x4,lying,3020,3280,-1,3328,-1,861,2188,2881,1451,917,922,-1,932,1031,1060,1060,1,1,0,1,0,1,1,1,1,1,1,0,1,1,1,1
2026-07-03T19:41:57.683,tof1,4x4,lying,-1,-1,-1,-1,-1,-1,175,170,188,172,165,164,175,168,166,168,0,0,0,0,0,0,1,1,1,1,1,1,1,1,1,1
2026-07-03T19:41:57.733,tof2,4x4,lying,3071,3240,-1,3301,2112,857,-1,2926,1457,907,923,1333,938,1050,1053,1036,1,1,1,1,1,1,1,1,1,1,1,1,1,1,1,1
2026-07-03T19:41:57.849,tof1,4x4,lying,-1,-1,-1,-1,-1,-1,176,170,186,173,164,165,175,167,168,168,0,0,0,0,0,0,1,1,1,1,1,1,1,1,1,1
2026-07-03T19:41:57.923,tof2,4x4,lying,2955,3252,-1,3294,-1,856,2194,2894,-1,927,1485,1275,950,1036,1062,1041,1,1,1,1,0,1,1,1,0,1,1,1,1,1,1,1
2026-07-03T19:41:58.009,tof1,4x4,lying,-1,-1,-1,-1,-1,-1,177,171,190,174,164,164,176,168,169,170,0,0,0,0,0,0,1,1,1,1,1,1,1,1,1,1
2026-07-03T19:41:58.081,tof2,4x4,lying,2969,3261,3313,3300,2163,859,2075,2868,-1,914,911,-1,943,1039,1070,1054,1,1,1,1,1,1,1,1,1,1,1,0,1,1,1,1
2026-07-03T19:41:58.155,tof1,4x4,lying,-1,-1,-1,-1,-1,-1,179,171,191,174,167,167,176,169,171,171,0,0,0,0,0,0,1,1,1,1,1,1,1,1,1,1
2026-07-03T19:41:58.256,tof2,4x4,lying,3038,3236,-1,3295,-1,864,-1,2860,1516,913,-1,-1,937,1040,1062,1046,1,1,0,1,1,1,0,1,1,1,1,0,1,1,1,1
2026-07-03T19:41:58.318,tof1,4x4,lying,-1,-1,-1,-1,-1,-1,180,173,191,174,167,168,176,171,170,172,0,0,0,0,0,0,1,1,1,1,1,1,1,1,1,1
2026-07-03T19:41:58.467,tof1,4x4,lying,-1,-1,-1,-1,-1,-1,179,172,190,173,168,167,176,170,170,171,0,0,0,0,0,0,1,1,1,1,1,1,1,1,1,1
2026-07-03T19:41:58.422,tof2,4x4,lying,2985,3266,-1,3303,2104,855,2162,2873,1626,921,1412,-1,942,1041,1044,1042,1,1,0,1,1,1,1,1,1,1,1,0,1,1,1,1
2026-07-03T19:41:58.626,tof1,4x4,lying,-1,-1,-1,-1,-1,-1,179,171,190,175,165,165,176,170,170,170,0,0,0,0,0,0,1,1,1,1,1,1,1,1,1,1
2026-07-03T19:41:58.595,tof2,4x4,lying,-1,3245,3358,3316,-1,853,2105,3440,1497,914,911,-1,941,1041,-1,1044,0,1,1,1,0,1,1,1,1,1,1,0,1,1,1,1
2026-07-03T19:41:58.806,tof1,4x4,lying,-1,-1,-1,-1,-1,-1,180,171,192,174,165,167,179,170,171,170,0,0,0,0,0,0,1,1,1,1,1,1,1,1,1,1
2026-07-03T19:41:58.772,tof2,4x4,lying,3017,3257,-1,3307,-1,874,-1,2881,1706,906,-1,-1,932,1040,-1,1050,1,1,0,1,0,1,0,1,1,1,1,0,1,1,1,1
2026-07-03T19:41:58.958,tof1,4x4,lying,-1,-1,-1,-1,-1,-1,180,171,192,175,167,165,178,171,170,170,0,0,0,0,0,0,1,1,1,1,1,1,1,1,1,1
2026-07-03T19:41:58.947,tof2,4x4,lying,3034,3254,-1,3282,2161,861,-1,3472,1528,921,906,-1,930,1041,1062,1053,1,1,0,1,1,1,1,1,1,1,1,0,1,1,1,1
2026-07-03T19:41:59.112,tof2,4x4,lying,3048,3260,-1,3321,2145,859,2156,2849,1577,922,909,-1,928,1041,1066,1051,1,1,1,1,1,1,1,1,1,1,1,0,1,1,1,1
2026-07-03T19:41:59.152,tof1,4x4,lying,-1,-1,-1,-1,-1,-1,180,170,191,175,165,164,176,170,170,172,1,0,0,0,0,0,1,1,1,1,1,1,1,1,1,1
2026-07-03T19:41:59.264,tof2,4x4,lying,2978,3268,3288,3317,-1,867,-1,2902,1569,920,1397,-1,940,1031,1069,1046,1,1,1,1,0,1,0,1,1,1,1,1,1,1,1,1
2026-07-03T19:41:59.321,tof1,4x4,lying,-1,-1,-1,-1,-1,-1,178,172,191,174,165,166,174,168,169,170,1,0,0,0,0,0,1,1,1,1,1,1,1,1,1,1
2026-07-03T19:41:59.422,tof2,4x4,lying,3059,3269,3337,3362,-1,871,-1,2885,1792,914,1520,-1,947,1035,1067,1053,1,1,1,1,0,1,1,1,1,1,1,0,1,1,1,1
2026-07-03T19:41:59.481,tof1,4x4,lying,-1,-1,-1,-1,-1,-1,176,171,190,174,166,164,174,170,169,172,0,0,0,0,0,0,1,1,1,1,1,1,1,1,1,1
2026-07-03T19:41:59.645,tof1,4x4,lying,-1,-1,-1,-1,-1,-1,177,171,190,174,165,163,175,169,167,171,0,0,0,0,0,0,1,1,1,1,1,1,1,1,1,1
2026-07-03T19:41:59.587,tof2,4x4,lying,2917,3252,-1,3333,2085,850,2178,2864,-1,906,1485,-1,942,1037,1066,1059,1,1,0,1,1,1,1,1,0,1,1,0,1,1,1,1
2026-07-03T19:41:59.811,tof1,4x4,lying,-1,-1,-1,-1,-1,-1,180,171,190,175,167,166,176,171,171,171,0,0,0,0,0,0,1,1,1,1,1,1,1,1,1,1
2026-07-03T19:41:59.755,tof2,4x4,lying,2993,3250,3275,3276,2113,857,-1,2833,1685,910,928,-1,939,1036,-1,1049,1,1,1,1,1,1,1,1,1,1,1,1,1,1,1,1
2026-07-03T19:41:59.934,tof2,4x4,lying,2947,3249,-1,3286,2091,870,-1,3468,1579,911,1555,-1,935,1035,1065,1030,1,1,1,1,1,1,1,1,1,1,1,1,1,1,1,1
2026-07-03T19:41:59.965,tof1,4x4,lying,-1,-1,-1,-1,-1,-1,177,172,189,174,166,164,175,168,166,171,0,0,0,0,0,0,1,1,1,1,1,1,1,1,1,1
2026-07-03T19:42:00.137,tof1,4x4,lying,-1,-1,-1,-1,-1,-1,178,172,189,173,167,165,175,169,167,171,0,0,0,0,0,0,1,1,1,1,1,1,1,1,1,1
2026-07-03T19:42:00.124,tof2,4x4,lying,2952,3246,-1,-1,-1,857,2200,3397,1621,903,1549,-1,949,1045,1061,1029,1,1,0,1,0,1,1,1,1,1,1,0,1,1,1,1
2026-07-03T19:42:00.303,tof1,4x4,lying,-1,-1,-1,-1,-1,183,176,170,183,172,163,166,174,167,169,171,0,0,0,0,0,1,1,1,1,1,1,1,1,1,1,1
2026-07-03T19:42:00.281,tof2,4x4,lying,-1,3268,-1,3287,2115,849,-1,2836,1481,911,1564,1268,956,1036,1046,1051,1,1,0,1,1,1,1,1,1,1,1,1,1,1,1,1
2026-07-03T19:42:00.444,tof2,4x4,lying,2952,3249,-1,3308,-1,855,2181,2872,1755,904,1536,-1,945,1033,-1,1038,1,1,0,1,0,1,1,1,1,1,1,1,1,1,1,1
2026-07-03T19:42:00.471,tof1,4x4,lying,-1,-1,-1,-1,-1,185,176,171,182,170,164,169,172,169,169,174,0,0,0,0,0,1,1,1,1,1,1,1,1,1,1,1
2026-07-03T19:42:00.600,tof2,4x4,lying,3015,3248,-1,3287,-1,858,-1,3469,1571,913,916,-1,940,1044,1059,1041,1,1,1,1,0,1,0,1,1,1,1,0,1,1,1,1
2026-07-03T19:42:00.666,tof1,4x4,lying,-1,-1,-1,-1,-1,-1,176,171,184,170,163,162,173,166,168,168,0,0,0,0,0,0,1,1,1,1,1,1,1,1,1,1
2026-07-03T19:42:00.756,tof2,4x4,lying,2999,3265,-1,3319,2017,856,2183,2881,1601,906,1542,-1,938,1037,-1,1043,1,1,0,1,1,1,1,1,1,1,1,0,1,1,1,1
2026-07-03T19:42:00.842,tof1,4x4,lying,-1,-1,-1,-1,-1,-1,173,165,180,167,159,160,170,164,165,167,0,0,0,0,0,0,1,1,1,1,1,1,1,1,1,1
2026-07-03T19:42:00.899,tof2,4x4,lying,3012,3259,-1,3327,-1,865,-1,3453,-1,907,1536,-1,949,1032,1069,1051,1,1,0,1,0,1,0,1,1,1,1,0,1,1,1,1
2026-07-03T19:42:01.006,tof1,4x4,lying,-1,-1,-1,-1,-1,-1,175,167,183,170,163,162,173,165,165,168,0,0,0,0,0,0,1,1,1,1,1,1,1,1,1,1
2026-07-03T19:42:01.064,tof2,4x4,lying,2976,3253,-1,3292,-1,853,2120,2851,-1,901,1607,-1,941,1029,1070,1056,1,1,1,1,0,1,1,1,1,1,1,0,1,1,1,1
2026-07-03T19:42:01.190,tof1,4x4,lying,-1,-1,-1,-1,-1,-1,177,170,184,171,163,163,170,166,166,167,0,0,0,0,0,0,1,1,1,1,1,1,1,1,1,1
2026-07-03T19:42:01.254,tof2,4x4,lying,-1,3256,-1,3298,2116,853,-1,2881,-1,911,1501,-1,948,1034,1070,1055,1,1,0,1,1,1,0,1,1,1,1,1,1,1,1,1
2026-07-03T19:42:01.371,tof1,4x4,lying,-1,-1,-1,-1,-1,-1,176,170,188,172,163,163,173,168,167,168,0,0,0,0,0,0,1,1,1,1,1,1,1,1,1,1
2026-07-03T19:42:01.429,tof2,4x4,lying,3050,3252,-1,3304,-1,862,-1,2861,1642,911,1412,-1,943,1039,-1,1050,1,1,0,1,0,1,0,1,1,1,1,1,1,1,1,1
2026-07-03T19:42:01.555,tof1,4x4,lying,-1,-1,-1,-1,-1,-1,178,169,185,171,164,164,175,167,165,169,1,0,0,0,0,0,1,1,1,1,1,1,1,1,1,1
2026-07-03T19:42:01.608,tof2,4x4,lying,-1,3278,-1,3377,-1,858,-1,3376,-1,917,945,-1,930,1041,1068,1052,1,1,0,1,1,1,0,1,1,1,1,0,1,1,1,1
2026-07-03T19:42:01.715,tof1,4x4,lying,-1,-1,-1,-1,-1,-1,178,169,187,171,161,163,173,168,166,167,0,0,0,0,0,0,1,1,1,1,1,1,1,1,1,1
2026-07-03T19:42:01.794,tof2,4x4,lying,3041,3266,-1,3324,2119,855,2117,2851,1579,918,1514,-1,948,-1,-1,1048,1,1,0,1,1,1,1,1,1,1,1,1,1,1,1,1
2026-07-03T19:42:01.887,tof1,4x4,lying,-1,-1,-1,-1,-1,-1,177,169,187,171,162,162,174,168,168,169,0,0,0,0,0,0,1,1,1,1,1,1,1,1,1,1
2026-07-03T19:42:01.955,tof2,4x4,lying,2954,3269,3254,3294,2115,861,-1,2801,1570,904,1488,-1,936,1031,-1,1047,1,1,1,1,1,1,0,1,1,1,1,1,1,1,1,1
2026-07-03T19:42:02.062,tof1,4x4,lying,-1,-1,-1,-1,-1,-1,178,171,189,172,165,164,173,167,166,168,0,0,0,0,0,0,1,1,1,1,1,1,1,1,1,1
2026-07-03T19:42:02.127,tof2,4x4,lying,3031,3254,-1,3293,2190,858,2238,2816,-1,908,1522,-1,934,-1,1072,1048,1,1,1,1,1,1,1,1,1,1,1,0,1,1,1,1
2026-07-03T19:42:02.226,tof1,4x4,lying,-1,-1,-1,-1,-1,-1,177,171,187,172,164,162,173,167,168,168,0,0,0,0,0,0,1,1,1,1,1,1,1,1,1,1
2026-07-03T19:42:02.311,tof2,4x4,lying,2988,3263,-1,3328,-1,858,-1,2755,-1,913,909,-1,936,1035,-1,1061,1,1,0,1,0,1,1,1,1,1,1,1,1,1,1,1
2026-07-03T19:42:02.386,tof1,4x4,lying,-1,-1,-1,-1,-1,-1,178,171,190,173,165,162,174,168,168,168,0,0,0,0,0,0,1,1,1,1,1,1,1,1,1,1
2026-07-03T19:42:02.479,tof2,4x4,lying,3016,3261,-1,3302,-1,862,2113,2728,1630,911,914,-1,934,1037,1069,1049,1,1,0,1,0,1,1,1,1,1,1,0,1,1,1,1
2026-07-03T19:42:02.804,tof1,4x4,lying,-1,-1,-1,-1,-1,-1,176,171,189,172,162,162,174,167,166,167,0,0,0,0,0,0,1,1,1,1,1,1,1,1,1,1
2026-07-03T19:42:02.816,tof2,4x4,lying,2902,3253,-1,3302,2143,862,-1,2694,1700,904,1528,1394,945,1049,1066,1052,1,1,0,1,1,1,1,1,1,1,1,1,1,1,1,1
2026-07-03T19:42:02.963,tof1,4x4,lying,-1,-1,-1,-1,-1,-1,177,168,189,173,163,162,175,168,167,169,0,0,0,0,0,0,1,1,1,1,1,1,1,1,1,1
2026-07-03T19:42:03.122,tof1,4x4,lying,-1,-1,-1,-1,-1,-1,176,171,187,173,165,162,175,169,166,168,0,0,0,0,0,0,1,1,1,1,1,1,1,1,1,1
2026-07-03T19:42:03.105,tof2,4x4,lying,2940,3246,-1,3289,2122,857,2161,2709,-1,915,-1,1264,954,1035,1065,1053,1,1,0,1,1,1,1,1,0,1,1,1,1,1,1,1
2026-07-03T19:42:03.283,tof1,4x4,lying,-1,-1,-1,-1,-1,-1,176,168,189,172,164,162,175,167,168,168,1,0,0,0,0,0,1,1,1,1,1,1,1,1,1,1
2026-07-03T19:42:03.260,tof2,4x4,lying,2982,3269,-1,3320,-1,854,-1,2740,1671,917,1557,-1,944,1041,-1,1048,1,1,0,1,1,1,0,1,1,1,1,0,1,1,1,1
2026-07-03T19:42:03.435,tof1,4x4,lying,-1,-1,-1,-1,-1,-1,176,170,185,172,163,162,175,166,167,167,0,0,0,0,0,0,1,1,1,1,1,1,1,1,1,1
2026-07-03T19:42:03.492,tof2,4x4,lying,2950,3260,-1,3331,2127,861,2085,2717,1500,921,1525,-1,947,1034,1070,1036,1,1,0,1,1,1,1,1,1,1,1,1,1,1,1,1
2026-07-03T19:42:03.634,tof1,4x4,lying,-1,-1,-1,-1,-1,-1,176,168,188,170,163,163,175,167,167,167,0,0,0,0,0,0,1,1,1,1,1,1,1,1,1,1
2026-07-03T19:42:03.647,tof2,4x4,lying,2987,3254,-1,3284,2135,855,-1,2753,1568,920,1557,-1,934,1042,1064,1037,1,1,0,1,1,1,0,1,1,1,1,0,1,1,1,1
2026-07-03T19:42:03.812,tof1,4x4,lying,-1,-1,-1,-1,-1,-1,177,168,189,173,163,163,175,166,168,167,0,0,0,0,0,0,1,1,1,1,1,1,1,1,1,1
2026-07-03T19:42:03.851,tof2,4x4,lying,3059,3280,-1,3299,-1,855,-1,2784,1698,923,1616,-1,936,1034,1044,1051,1,1,0,1,0,1,1,1,1,1,1,0,1,1,1,1
2026-07-03T19:42:03.975,tof1,4x4,lying,-1,-1,-1,-1,-1,-1,173,166,183,170,163,162,172,166,165,166,0,0,0,0,0,0,1,1,1,1,1,1,1,1,1,1
2026-07-03T19:42:04.027,tof2,4x4,lying,3071,3269,3320,3298,2118,850,-1,2761,1723,914,1360,-1,949,1035,1077,1052,1,1,1,1,1,1,0,1,1,1,1,0,1,1,1,1
2026-07-03T19:42:04.147,tof1,4x4,lying,-1,-1,-1,-1,-1,-1,177,168,183,171,164,163,174,170,169,171,0,0,0,0,0,0,1,1,1,1,1,1,1,1,1,1
2026-07-03T19:42:04.191,tof2,4x4,lying,2993,3261,-1,3304,2173,853,2129,2772,-1,911,1545,-1,946,-1,1065,1047,1,1,1,1,1,1,1,1,1,1,1,0,1,1,1,1
2026-07-03T19:42:04.338,tof1,4x4,lying,-1,-1,-1,-1,-1,-1,173,166,184,169,161,162,172,167,167,169,0,0,0,0,0,0,1,1,1,1,1,1,1,1,1,1
2026-07-03T19:42:04.361,tof2,4x4,lying,2960,3275,-1,3312,-1,852,-1,2824,-1,899,1589,-1,933,1038,1067,1043,1,1,0,1,1,1,0,1,0,1,1,0,1,1,1,1
2026-07-03T19:42:04.701,tof1,4x4,lying,-1,-1,-1,-1,-1,-1,174,167,185,168,161,162,173,167,168,169,0,0,0,0,0,0,1,1,1,1,1,1,1,1,1,1
2026-07-03T19:42:04.703,tof2,4x4,lying,2932,3272,-1,3322,-1,864,-1,2799,1709,908,1458,-1,943,1028,1069,1051,1,1,1,1,1,1,0,1,1,1,1,1,1,1,1,1
2026-07-03T19:42:04.893,tof1,4x4,lying,-1,226,-1,-1,229,-1,169,162,178,165,155,152,168,161,158,162,0,1,0,0,1,0,1,1,1,1,1,1,1,1,1,1
2026-07-03T19:42:04.894,tof2,4x4,lying,3032,3243,3363,3296,2142,855,2173,2812,-1,920,1526,-1,940,1029,1062,1035,1,1,1,1,1,1,1,1,1,1,1,0,1,1,1,1
2026-07-03T19:42:05.151,tof1,4x4,lying,-1,228,-1,-1,229,-1,168,160,178,164,155,151,164,161,159,161,0,1,0,0,1,0,1,1,1,1,1,1,1,1,1,1
2026-07-03T19:42:05.216,tof2,4x4,lying,3109,3253,3309,3313,2163,855,-1,2786,1679,909,1588,-1,941,1036,-1,1058,1,1,1,1,1,1,1,1,1,1,1,0,1,1,1,1
2026-07-03T19:42:05.317,tof1,4x4,lying,-1,-1,-1,-1,-1,-1,168,161,177,162,154,153,167,159,158,161,0,0,0,0,0,0,1,1,1,1,1,1,1,1,1,1
2026-07-03T19:42:05.404,tof2,4x4,lying,2956,3264,3337,3290,-1,861,2153,2832,1528,919,1523,-1,927,1039,1077,1054,1,1,1,1,0,1,1,1,1,1,1,0,1,1,1,1
2026-07-03T19:42:05.489,tof1,4x4,lying,-1,-1,-1,-1,-1,-1,169,162,179,165,157,154,168,161,157,163,0,0,0,0,0,0,1,1,1,1,1,1,1,1,1,1
2026-07-03T19:42:05.579,tof2,4x4,lying,3016,3257,-1,3296,2130,860,-1,2819,1663,901,1577,-1,950,1046,1067,1041,1,1,0,1,1,1,0,1,1,1,1,0,1,1,1,1
2026-07-03T19:42:05.663,tof1,4x4,lying,-1,-1,-1,-1,-1,-1,173,164,182,168,157,157,171,163,163,162,0,0,0,0,0,0,1,1,1,1,1,1,1,1,1,1
2026-07-03T19:42:05.744,tof2,4x4,lying,2998,3249,-1,3318,-1,859,-1,2818,-1,903,1559,-1,948,1033,1059,1060,1,1,1,1,0,1,1,1,1,1,1,1,1,1,1,1
2026-07-03T19:42:05.816,tof1,4x4,lying,-1,-1,-1,-1,-1,-1,176,171,186,170,163,163,175,165,168,165,0,0,0,0,0,0,1,1,1,1,1,1,1,1,1,1
2026-07-03T19:42:05.904,tof2,4x4,lying,3032,3257,-1,3308,-1,867,-1,2779,-1,901,1529,-1,936,1032,1070,1037,1,1,0,1,1,1,0,1,1,1,1,1,1,1,1,1
2026-07-03T19:42:05.977,tof1,4x4,lying,-1,-1,-1,-1,-1,-1,173,167,184,170,160,159,172,164,164,165,0,0,0,0,0,0,1,1,1,1,1,1,1,1,1,1
2026-07-03T19:42:06.141,tof1,4x4,lying,-1,-1,-1,-1,-1,-1,177,169,188,170,164,159,174,167,166,165,0,0,0,0,0,0,1,1,1,1,1,1,1,1,1,1
2026-07-03T19:42:06.070,tof2,4x4,lying,2936,3269,3346,3295,2102,857,-1,2790,1408,902,1600,-1,941,1037,1067,1056,1,1,1,1,1,1,0,1,1,1,1,1,1,1,1,1
2026-07-03T19:42:06.235,tof2,4x4,lying,3009,3261,-1,3315,-1,848,2126,2796,1530,895,1555,-1,943,1047,1057,1050,1,1,0,1,0,1,1,1,1,1,1,0,1,1,1,1
2026-07-03T19:42:06.311,tof1,4x4,lying,-1,-1,-1,-1,-1,-1,175,170,186,170,162,160,174,166,166,167,0,0,0,0,0,0,1,1,1,1,1,1,1,1,1,1
2026-07-03T19:42:06.394,tof2,4x4,lying,2974,3258,-1,3271,-1,869,2083,2792,1595,906,1583,-1,943,1035,1066,1056,1,1,0,1,1,1,1,1,1,1,1,0,1,1,1,1
2026-07-03T19:42:06.517,tof1,4x4,lying,-1,-1,-1,-1,-1,-1,174,167,189,170,163,158,174,167,166,164,0,0,0,0,1,0,1,1,1,1,1,1,1,1,1,1
2026-07-03T19:42:06.610,tof2,4x4,lying,2968,3271,-1,3306,2216,872,-1,2804,-1,900,1636,-1,933,1033,1066,1033,1,1,1,1,1,1,0,1,1,1,1,0,1,1,1,1
2026-07-03T19:42:06.714,tof1,4x4,lying,-1,-1,-1,-1,-1,-1,176,167,186,170,162,159,174,166,166,166,0,0,0,0,0,0,1,1,1,1,1,1,1,1,1,1
2026-07-03T19:42:06.782,tof2,4x4,lying,-1,3258,-1,3306,2103,848,2051,2784,-1,912,1547,-1,937,1044,1074,1050,0,1,0,1,1,1,1,1,0,1,1,1,1,1,1,1
2026-07-03T19:42:06.907,tof1,4x4,lying,-1,-1,-1,-1,-1,-1,175,166,188,170,161,158,171,165,165,164,0,0,0,0,0,0,1,1,1,1,1,1,1,1,1,1
2026-07-03T19:42:06.936,tof2,4x4,lying,3034,3268,-1,3296,-1,854,2144,2816,1743,910,1447,1261,944,-1,1069,1031,1,1,0,1,0,1,1,1,1,1,1,1,1,1,1,1
2026-07-03T19:42:07.064,tof1,4x4,lying,-1,-1,-1,-1,-1,-1,173,166,183,168,161,159,172,165,164,165,0,0,0,0,0,0,1,1,1,1,1,1,1,1,1,1
2026-07-03T19:42:07.105,tof2,4x4,lying,3065,3242,3389,3315,2112,868,2192,3446,-1,908,1502,-1,947,1038,1074,1051,1,1,1,1,1,1,1,1,1,1,1,0,1,1,1,1
2026-07-03T19:42:07.235,tof1,4x4,lying,-1,-1,-1,-1,-1,-1,173,164,183,167,159,158,170,165,164,163,0,0,0,0,0,0,1,1,1,1,1,1,1,1,1,1
2026-07-03T19:42:07.268,tof2,4x4,lying,2969,3263,-1,3295,-1,853,-1,2796,-1,911,1521,-1,949,1033,-1,1047,1,1,1,1,1,1,1,1,1,1,1,0,1,1,1,1
2026-07-03T19:42:07.445,tof1,4x4,lying,-1,-1,-1,-1,-1,-1,172,166,179,169,160,160,170,164,165,166,0,0,0,0,0,0,1,1,1,1,1,1,1,1,1,1
2026-07-03T19:42:07.571,tof2,4x4,lying,2997,3253,-1,3306,-1,863,2203,2812,1630,910,1503,-1,941,1034,1061,1064,1,1,0,1,0,1,1,1,1,1,1,1,1,1,1,1
2026-07-03T19:42:07.964,tof2,4x4,lying,-1,3251,3337,3292,2141,842,2188,2795,-1,910,1400,-1,957,1032,1034,1053,1,1,1,1,1,1,1,1,0,1,1,0,1,1,1,1
2026-07-03T19:42:08.022,tof1,4x4,lying,-1,-1,-1,-1,-1,-1,177,170,185,170,162,161,177,168,167,168,0,0,0,0,0,0,1,1,1,1,1,1,1,1,1,1
2026-07-03T19:42:08.119,tof2,4x4,lying,2940,3260,-1,3320,2083,819,-1,2828,-1,883,1614,-1,962,1028,1078,1051,1,1,0,1,1,1,1,1,0,1,1,1,1,1,1,1
2026-07-03T19:42:08.173,tof1,4x4,lying,-1,-1,-1,-1,-1,-1,182,172,195,177,170,164,180,171,170,170,0,0,0,0,0,0,1,1,1,1,1,1,1,1,1,1
2026-07-03T19:42:08.287,tof2,4x4,lying,2942,3264,-1,3308,-1,838,-1,2802,1499,866,1556,-1,963,1035,-1,1056,1,1,1,1,0,1,0,1,1,1,1,0,1,1,1,1
2026-07-03T19:42:08.348,tof1,4x4,lying,-1,-1,-1,-1,-1,-1,185,179,199,180,173,170,184,172,174,173,0,0,0,0,0,0,1,1,1,1,1,1,1,1,1,1
2026-07-03T19:42:08.454,tof2,4x4,lying,3055,3253,-1,3266,2080,810,2249,2821,-1,869,1545,-1,964,1040,-1,1049,1,1,0,1,1,1,1,1,1,1,1,0,1,1,1,1
2026-07-03T19:42:08.533,tof1,4x4,lying,-1,-1,-1,-1,-1,-1,182,174,198,179,170,167,180,171,172,172,0,0,0,0,0,0,1,1,1,1,1,1,1,1,1,1
2026-07-03T19:42:08.625,tof2,4x4,lying,2948,3257,-1,3264,2101,834,2051,2804,1697,873,1518,-1,970,1051,-1,1051,1,1,0,1,1,1,1,1,1,1,1,0,1,1,1,1
2026-07-03T19:42:08.690,tof1,4x4,lying,-1,-1,-1,-1,-1,-1,184,176,199,178,169,168,182,170,173,171,0,0,0,0,0,0,1,1,1,1,1,1,1,1,1,1
2026-07-03T19:42:08.774,tof2,4x4,lying,3055,3245,-1,3295,-1,819,-1,2781,-1,882,1508,1346,958,-1,1083,1053,1,1,0,1,1,1,0,1,1,1,1,1,1,1,1,1
2026-07-03T19:42:08.845,tof1,4x4,lying,-1,-1,-1,-1,-1,-1,182,174,195,178,169,167,182,171,171,171,0,0,0,0,0,0,1,1,1,1,1,1,1,1,1,1
2026-07-03T19:42:08.934,tof2,4x4,lying,3059,3249,-1,3263,-1,838,-1,2809,-1,890,1600,-1,956,1033,-1,1045,1,1,0,1,0,1,0,1,0,1,1,0,1,1,1,1
2026-07-03T19:42:09.008,tof1,4x4,lying,-1,-1,-1,-1,-1,-1,180,172,195,176,167,165,180,170,173,171,0,1,0,0,0,0,1,1,1,1,1,1,1,1,1,1
2026-07-03T19:42:09.094,tof2,4x4,lying,2987,3232,-1,3298,2104,864,2197,2847,-1,895,1371,-1,949,1042,1061,1052,1,1,0,1,1,1,1,1,1,1,1,0,1,1,1,1
2026-07-03T19:42:09.173,tof1,4x4,lying,-1,-1,-1,-1,-1,-1,183,172,196,178,170,168,179,171,170,172,1,0,0,0,0,0,1,1,1,1,1,1,1,1,1,1
2026-07-03T19:42:09.271,tof2,4x4,lying,2988,3255,-1,3300,2105,875,2141,2805,1727,924,911,-1,947,1030,1068,1049,1,1,0,1,1,1,1,1,1,1,1,0,1,1,1,1
2026-07-03T19:42:09.328,tof1,4x4,lying,-1,-1,-1,-1,-1,-1,182,173,193,178,168,168,179,170,170,173,0,0,1,0,0,0,1,1,1,1,1,1,1,1,1,1
2026-07-03T19:42:09.440,tof2,4x4,lying,-1,3244,-1,3308,2115,883,2143,2851,-1,927,915,-1,934,1039,1058,1059,0,1,0,1,1,1,1,1,1,1,1,0,1,1,1,1
2026-07-03T19:42:09.485,tof1,4x4,lying,-1,-1,-1,-1,-1,-1,180,172,194,176,168,168,176,169,171,171,0,0,0,0,0,0,1,1,1,1,1,1,1,1,1,1
2026-07-03T19:42:09.603,tof2,4x4,lying,3000,3264,-1,3282,2153,874,2156,2823,1587,922,-1,-1,939,1045,1071,1059,1,1,1,1,1,1,1,1,1,1,1,0,1,1,1,1
2026-07-03T19:42:09.678,tof1,4x4,lying,-1,-1,-1,-1,-1,-1,180,175,196,179,170,168,179,174,173,174,0,0,0,0,0,0,1,1,1,1,1,1,1,1,1,1
2026-07-03T19:42:09.790,tof2,4x4,lying,2907,3267,-1,3297,-1,873,2197,2766,1648,917,924,-1,933,1039,1062,1051,1,1,0,1,0,1,1,1,1,1,1,0,1,1,1,1
2026-07-03T19:42:09.841,tof1,4x4,lying,-1,-1,-1,-1,-1,-1,184,178,198,177,169,169,183,174,172,175,0,0,0,0,0,0,1,1,1,1,1,1,1,1,1,1
2026-07-03T19:42:09.997,tof1,4x4,lying,-1,-1,-1,-1,-1,-1,182,175,196,177,169,171,181,171,171,171,1,0,0,0,0,0,1,1,1,1,1,1,1,1,1,1
2026-07-03T19:42:09.968,tof2,4x4,lying,2931,3267,-1,-1,2239,876,2013,2800,1636,923,1428,-1,925,1033,1066,1050,1,1,1,1,1,1,1,1,1,1,1,1,1,1,1,1
2026-07-03T19:42:10.136,tof2,4x4,lying,2998,3252,-1,3241,-1,868,2110,2805,-1,920,1455,-1,932,1031,1055,1045,1,1,1,1,0,1,1,1,1,1,1,0,1,1,1,1
2026-07-03T19:42:10.189,tof1,4x4,lying,-1,-1,-1,-1,-1,-1,181,174,192,175,168,166,177,171,168,171,0,0,0,0,0,0,1,1,1,1,1,1,1,1,1,1
2026-07-03T19:42:10.306,tof2,4x4,lying,3043,3255,3308,3297,-1,883,-1,2794,1585,919,1520,-1,925,1031,1068,1052,1,1,1,1,0,1,0,1,1,1,1,1,1,1,1,1
2026-07-03T19:42:10.365,tof1,4x4,lying,-1,-1,-1,-1,-1,-1,181,174,195,178,168,169,179,172,170,172,1,0,0,0,0,0,1,1,1,1,1,1,1,1,1,1
2026-07-03T19:42:10.546,tof1,4x4,lying,-1,-1,-1,-1,-1,-1,180,175,192,177,168,168,176,170,170,172,0,0,0,0,0,0,1,1,1,1,1,1,1,1,1,1
2026-07-03T19:42:10.489,tof2,4x4,lying,2932,3259,3306,3325,2121,878,-1,2806,1590,919,1361,-1,922,1038,1059,1043,1,1,1,1,1,1,0,1,1,1,1,0,1,1,1,1
2026-07-03T19:42:10.706,tof1,4x4,lying,3321,-1,-1,-1,-1,-1,177,174,191,175,166,167,178,170,168,171,1,0,0,0,0,0,1,1,1,1,1,1,1,1,1,1
2026-07-03T19:42:10.662,tof2,4x4,lying,2993,3266,3294,3282,2108,876,2212,2874,1640,905,1534,-1,930,1030,1065,1048,1,1,1,1,1,1,1,1,1,1,1,1,1,1,1,1
2026-07-03T19:42:10.813,tof2,4x4,lying,3005,3255,-1,3325,2090,858,2206,2815,1571,907,1509,-1,931,1032,1059,1042,1,1,0,1,1,1,1,1,1,1,1,1,1,1,1,1
2026-07-03T19:42:10.866,tof1,4x4,lying,-1,-1,-1,-1,-1,-1,178,174,191,175,167,168,177,169,171,169,0,0,0,0,0,0,1,1,1,1,1,1,1,1,1,1
2026-07-03T19:42:11.026,tof1,4x4,lying,-1,-1,-1,-1,-1,-1,180,173,189,172,166,168,174,169,170,172,0,0,0,0,0,0,1,1,1,1,1,1,1,1,1,1
2026-07-03T19:42:10.996,tof2,4x4,lying,2991,3247,-1,3276,2117,877,2145,2801,-1,915,1581,-1,923,1026,1072,1043,1,1,0,1,1,1,1,1,1,1,1,0,1,1,1,1
2026-07-03T19:42:11.190,tof1,4x4,lying,-1,-1,-1,-1,-1,-1,180,178,192,176,168,171,176,172,173,171,0,0,0,0,0,0,1,1,1,1,1,1,1,1,1,1
2026-07-03T19:42:11.169,tof2,4x4,lying,2985,3260,3301,3291,2134,874,-1,2805,1715,907,1610,-1,936,1030,1076,1043,1,1,1,1,1,1,1,1,1,1,1,0,1,1,1,1
2026-07-03T19:42:11.355,tof1,4x4,lying,-1,-1,-1,-1,-1,-1,178,174,192,175,167,169,175,169,167,171,0,0,0,0,0,0,1,1,1,1,1,1,1,1,1,1
2026-07-03T19:42:11.326,tof2,4x4,lying,2990,3262,-1,3293,-1,877,2146,2768,1606,916,-1,-1,923,1037,1074,1055,1,1,0,1,1,1,1,1,1,1,1,0,1,1,1,1
2026-07-03T19:42:11.523,tof1,4x4,lying,-1,-1,-1,-1,-1,-1,179,173,190,173,165,166,175,169,170,170,0,0,0,0,0,0,1,1,1,1,1,1,1,1,1,1
2026-07-03T19:42:11.494,tof2,4x4,lying,3041,3265,3319,3313,-1,878,-1,2797,1531,918,1332,-1,931,1037,1054,1053,1,1,1,1,1,1,0,1,1,1,1,1,1,1,1,1
2026-07-03T19:42:11.672,tof1,4x4,lying,-1,-1,-1,-1,-1,-1,177,172,191,173,165,165,174,168,167,169,0,0,0,0,0,0,1,1,1,1,1,1,1,1,1,1
2026-07-03T19:42:11.651,tof2,4x4,lying,2987,3269,-1,3287,2124,871,2207,2793,1671,908,1550,-1,948,1039,-1,1063,1,1,1,1,1,1,1,1,1,1,1,1,1,1,1,1
2026-07-03T19:42:11.860,tof1,4x4,lying,-1,-1,-1,-1,-1,-1,178,173,189,172,166,165,175,169,166,170,0,0,0,0,0,0,1,1,1,1,1,1,1,1,1,1
2026-07-03T19:42:11.826,tof2,4x4,lying,-1,3254,3257,3334,2154,871,-1,2798,1451,904,1581,1252,932,1030,1063,1051,1,1,1,1,1,1,1,1,1,1,1,1,1,1,1,1
2026-07-03T19:42:12.037,tof1,4x4,lying,-1,-1,-1,-1,-1,-1,181,173,191,174,166,166,175,167,169,169,0,0,0,0,0,0,1,1,1,1,1,1,1,1,1,1
2026-07-03T19:42:11.992,tof2,4x4,lying,2953,3247,-1,3283,2153,873,2139,2771,1756,915,1557,-1,931,1027,-1,1053,1,1,0,1,1,1,1,1,1,1,1,0,1,1,1,1
2026-07-03T19:42:12.143,tof2,4x4,lying,2960,3270,-1,3324,-1,883,2132,2813,1638,917,1510,-1,947,1029,1074,1053,1,1,0,1,1,1,1,1,1,1,1,0,1,1,1,1
2026-07-03T19:42:12.218,tof1,4x4,lying,-1,-1,-1,-1,-1,-1,179,173,189,174,166,166,175,167,168,170,0,0,0,0,0,0,1,1,1,1,1,1,1,1,1,1
2026-07-03T19:42:12.322,tof2,4x4,lying,2963,3254,-1,3292,-1,865,2179,2814,1566,919,1521,-1,-1,1037,1070,1050,1,1,0,1,0,1,1,1,1,1,1,0,1,1,1,1
2026-07-03T19:42:12.367,tof1,4x4,lying,-1,-1,-1,-1,-1,-1,180,173,191,174,166,167,174,170,171,172,0,0,0,0,0,0,1,1,1,1,1,1,1,1,1,1
2026-07-03T19:42:12.554,tof1,4x4,lying,-1,-1,-1,-1,-1,-1,179,174,194,177,170,169,177,171,172,173,0,0,0,0,0,0,1,1,1,1,1,1,1,1,1,1
2026-07-03T19:42:12.499,tof2,4x4,lying,2927,3261,-1,3278,2171,876,2139,2829,1574,919,1541,1345,943,1036,-1,1052,1,1,1,1,1,1,1,1,1,1,1,1,1,1,1,1
2026-07-03T19:42:12.654,tof2,4x4,lying,3078,3250,-1,3282,2126,876,-1,2778,1674,909,1501,1282,938,1033,1068,1048,1,1,0,1,1,1,1,1,1,1,1,1,1,1,1,1
2026-07-03T19:42:12.731,tof1,4x4,lying,-1,-1,-1,-1,-1,-1,183,175,195,177,170,166,178,171,172,172,0,0,0,0,0,0,1,1,1,1,1,1,1,1,1,1
2026-07-03T19:42:12.852,tof2,4x4,lying,-1,3275,-1,3316,2146,870,2207,2864,1528,919,1415,-1,941,1028,-1,1055,1,1,1,1,1,1,1,1,1,1,1,0,1,1,1,1
2026-07-03T19:42:12.900,tof1,4x4,lying,-1,-1,-1,-1,-1,-1,181,175,195,178,169,168,180,170,171,173,1,0,0,0,0,0,1,1,1,1,1,1,1,1,1,1
2026-07-03T19:42:13.070,tof1,4x4,lying,-1,-1,-1,-1,-1,-1,181,176,194,176,169,166,176,169,171,171,0,0,0,0,0,0,1,1,1,1,1,1,1,1,1,1
2026-07-03T19:42:13.015,tof2,4x4,lying,3083,3250,3295,3315,2117,868,2176,2787,1599,915,1491,-1,-1,1038,1065,1060,1,1,1,1,1,1,1,1,1,1,1,0,1,1,1,1
2026-07-03T19:42:13.172,tof2,4x4,lying,2996,3227,3296,3328,2099,871,2131,2847,1648,917,1474,-1,946,1034,1063,1054,1,1,1,1,1,1,1,1,1,1,1,0,1,1,1,1
2026-07-03T19:42:13.243,tof1,4x4,lying,-1,-1,-1,-1,-1,-1,180,173,194,176,167,167,176,169,169,170,0,0,0,0,0,0,1,1,1,1,1,1,1,1,1,1
2026-07-03T19:42:13.395,tof1,4x4,lying,-1,-1,-1,-1,-1,-1,181,173,192,175,166,166,175,170,170,169,0,0,0,0,0,0,1,1,1,1,1,1,1,1,1,1
2026-07-03T19:42:13.344,tof2,4x4,lying,3033,3283,-1,3309,-1,881,-1,2817,-1,918,1421,-1,943,1042,1061,1048,1,1,0,1,1,1,1,1,1,1,1,0,1,1,1,1
2026-07-03T19:42:13.499,tof2,4x4,lying,2915,3256,-1,3313,-1,870,2141,2828,1629,910,1547,-1,937,1035,1039,1046,1,1,0,1,1,1,1,1,1,1,1,0,1,1,1,1
2026-07-03T19:42:13.554,tof1,4x4,lying,-1,-1,-1,-1,-1,-1,178,171,191,173,164,166,171,166,166,169,0,0,0,0,0,0,1,1,1,1,1,1,1,1,1,1
2026-07-03T19:42:13.773,tof1,4x4,lying,-1,-1,-1,-1,-1,-1,180,174,193,174,166,166,174,170,168,168,0,0,0,0,0,0,1,1,1,1,1,1,1,1,1,1
2026-07-03T19:42:13.701,tof2,4x4,lying,-1,3257,-1,3326,-1,887,-1,2811,-1,915,1470,-1,949,1028,1063,1051,0,1,0,1,0,1,1,1,1,1,1,0,1,1,1,1
2026-07-03T19:42:13.891,tof2,4x4,lying,3045,3248,-1,3350,2018,857,2130,2778,1685,916,1429,-1,933,1026,1071,1050,1,1,1,1,1,1,1,1,1,1,1,1,1,1,1,1
2026-07-03T19:42:13.966,tof1,4x4,lying,-1,-1,-1,-1,-1,-1,178,171,190,175,166,165,175,167,168,168,1,0,0,0,0,0,1,1,1,1,1,1,1,1,1,1
2026-07-03T19:42:14.125,tof1,4x4,lying,-1,-1,-1,-1,-1,-1,180,174,192,175,167,165,175,169,169,170,0,0,0,0,0,0,1,1,1,1,1,1,1,1,1,1
2026-07-03T19:42:14.061,tof2,4x4,lying,-1,3239,3342,3276,-1,877,-1,2797,1543,920,1448,-1,932,1038,1069,1046,1,1,1,1,1,1,1,1,1,1,1,0,1,1,1,1
2026-07-03T19:42:14.225,tof2,4x4,lying,2961,3236,-1,3315,-1,878,2056,2826,1615,918,1588,-1,943,1032,1066,1035,1,1,1,1,0,1,1,1,1,1,1,0,1,1,1,1
2026-07-03T19:42:14.295,tof1,4x4,lying,-1,-1,-1,-1,-1,-1,178,175,192,175,166,165,175,167,168,169,0,0,0,0,0,0,1,1,1,1,1,1,1,1,1,1
2026-07-03T19:42:14.392,tof2,4x4,lying,3030,3264,-1,3332,2099,865,-1,2833,1787,904,1579,-1,-1,1034,-1,1055,1,1,0,1,1,1,1,1,1,1,1,0,1,1,1,1
2026-07-03T19:42:14.462,tof1,4x4,lying,-1,-1,-1,-1,-1,-1,180,173,190,175,166,165,175,169,168,168,1,0,0,0,0,0,1,1,1,1,1,1,1,1,1,1
2026-07-03T19:42:14.578,tof2,4x4,lying,3038,3259,-1,3305,2111,865,2003,2826,1648,915,1552,-1,934,1030,1056,1053,1,1,0,1,1,1,1,1,1,1,1,0,1,1,1,1
2026-07-03T19:42:14.623,tof1,4x4,lying,-1,-1,-1,-1,-1,-1,180,175,193,175,167,165,173,168,167,169,0,0,0,0,0,0,1,1,1,1,1,1,1,1,1,1
2026-07-03T19:42:15.008,tof1,4x4,lying,-1,-1,-1,-1,-1,-1,180,174,193,173,166,165,175,168,169,169,1,0,0,0,0,0,1,1,1,1,1,1,1,1,1,1
2026-07-03T19:42:14.995,tof2,4x4,lying,3010,3256,-1,3335,-1,870,2250,2818,1555,915,1437,-1,935,1029,1068,1043,1,1,0,1,1,1,1,1,1,1,1,0,1,1,1,1
2026-07-03T19:42:15.166,tof2,4x4,lying,2991,3250,-1,3360,-1,891,-1,2798,1622,911,1454,-1,927,1031,1066,1051,1,1,0,1,0,1,0,1,1,1,1,0,1,1,1,1
2026-07-03T19:42:15.176,tof1,4x4,lying,-1,-1,-1,-1,-1,-1,181,174,192,176,166,166,176,169,169,169,0,0,0,0,0,0,1,1,1,1,1,1,1,1,1,1
2026-07-03T19:42:15.337,tof1,4x4,lying,-1,-1,-1,-1,-1,-1,180,173,192,175,167,167,176,169,168,169,0,0,0,1,0,0,1,1,1,1,1,1,1,1,1,1
2026-07-03T19:42:15.338,tof2,4x4,lying,3013,3241,-1,3304,2145,871,2222,2825,1533,914,1533,-1,943,1033,1066,1052,1,1,0,1,1,1,1,1,1,1,1,0,1,1,1,1
2026-07-03T19:42:15.518,tof1,4x4,lying,-1,-1,-1,-1,-1,-1,184,176,194,176,169,166,176,170,169,171,0,0,0,0,0,0,1,1,1,1,1,1,1,1,1,1
2026-07-03T19:42:15.589,tof2,4x4,lying,3023,3251,-1,3311,-1,862,2001,2821,1670,898,1638,-1,939,1038,-1,1054,1,1,0,1,0,1,1,1,1,1,1,0,1,1,1,1
2026-07-03T19:42:15.689,tof1,4x4,lying,-1,-1,-1,-1,-1,-1,183,178,195,178,169,168,179,171,170,172,0,0,0,0,0,0,1,1,1,1,1,1,1,1,1,1
2026-07-03T19:42:15.758,tof2,4x4,lying,2986,3260,-1,3312,-1,871,2105,2810,1478,919,1486,-1,940,1026,1072,1053,1,1,1,1,0,1,1,1,1,1,1,1,1,1,1,1
2026-07-03T19:42:15.840,tof1,4x4,lying,-1,-1,-1,-1,-1,-1,184,177,197,177,168,170,181,170,170,170,0,0,0,0,0,0,1,1,1,1,1,1,1,1,1,1
2026-07-03T19:42:15.926,tof2,4x4,lying,3033,3247,-1,3300,2209,885,-1,2842,1547,917,1470,-1,942,1029,1070,1051,1,1,0,1,1,1,1,1,1,1,1,1,1,1,1,1
2026-07-03T19:42:16.005,tof1,4x4,lying,-1,-1,-1,-1,-1,-1,181,177,196,179,169,169,180,172,171,171,1,0,0,0,0,0,1,1,1,1,1,1,1,1,1,1
2026-07-03T19:42:16.087,tof2,4x4,lying,3071,3261,-1,3314,2113,864,2138,2794,1657,914,1356,-1,944,1033,1064,1049,1,1,0,1,1,1,1,1,1,1,1,0,1,1,1,1
2026-07-03T19:42:16.163,tof1,4x4,lying,-1,-1,-1,-1,-1,-1,181,176,196,177,167,168,177,169,170,169,0,0,0,0,0,0,1,1,1,1,1,1,1,1,1,1
2026-07-03T19:42:16.246,tof2,4x4,lying,3003,3258,-1,3280,2134,874,-1,2855,1685,916,1571,-1,947,1027,1074,1048,1,1,1,1,1,1,1,1,1,1,1,1,1,1,1,1
2026-07-03T19:42:16.335,tof1,4x4,lying,-1,-1,-1,-1,-1,-1,183,175,195,177,169,168,179,170,172,172,0,0,0,0,0,0,1,1,1,1,1,1,1,1,1,1
2026-07-03T19:42:16.424,tof2,4x4,lying,-1,3259,-1,3305,-1,878,-1,2819,1581,922,1479,-1,940,1035,1064,1062,1,1,0,1,1,1,0,1,1,1,1,0,1,1,1,1
2026-07-03T19:42:16.509,tof1,4x4,lying,-1,-1,-1,-1,-1,-1,180,176,195,176,170,166,177,169,169,169,0,0,0,0,0,0,1,1,1,1,1,1,1,1,1,1
2026-07-03T19:42:16.581,tof2,4x4,lying,2999,3263,-1,3354,-1,875,2116,2810,1641,907,1344,-1,939,1030,1061,1046,1,1,0,1,0,1,1,1,1,1,1,1,1,1,1,1
2026-07-03T19:42:16.672,tof1,4x4,lying,-1,-1,-1,-1,-1,-1,180,175,194,176,168,167,177,171,169,171,0,0,0,0,0,0,1,1,1,1,1,1,1,1,1,1
2026-07-03T19:42:16.745,tof2,4x4,lying,-1,3262,-1,3326,-1,874,-1,2764,1600,920,1556,-1,939,1046,1062,1057,1,1,0,1,0,1,0,1,1,1,1,0,1,1,1,1
2026-07-03T19:42:16.846,tof1,4x4,lying,-1,-1,-1,-1,-1,-1,182,174,194,175,169,167,176,168,168,171,0,0,0,0,0,0,1,1,1,1,1,1,1,1,1,1
2026-07-03T19:42:16.935,tof2,4x4,lying,2944,3256,-1,3287,2094,869,2242,2750,1555,906,1473,-1,943,1033,1061,1048,1,1,0,1,1,1,1,1,1,1,1,0,1,1,1,1
2026-07-03T19:42:17.010,tof1,4x4,lying,-1,-1,-1,-1,-1,-1,181,174,193,174,166,166,176,169,168,170,0,0,0,0,0,0,1,1,1,1,1,1,1,1,1,1
2026-07-03T19:42:17.091,tof2,4x4,lying,2969,3254,-1,3314,-1,862,-1,2829,1564,920,1434,-1,937,1026,-1,1052,1,1,0,1,1,1,0,1,1,1,1,1,1,1,1,1
2026-07-03T19:42:17.170,tof1,4x4,lying,-1,-1,-1,-1,-1,-1,181,173,192,175,166,167,176,169,167,169,0,0,0,0,0,0,1,1,1,1,1,1,1,1,1,1
2026-07-03T19:42:17.259,tof2,4x4,lying,3013,3256,-1,3349,2165,870,2064,2764,1551,913,1602,-1,939,1027,1075,1046,1,1,0,1,1,1,1,1,1,1,1,0,1,1,1,1
2026-07-03T19:42:17.331,tof1,4x4,lying,-1,-1,-1,-1,-1,-1,179,175,193,177,168,166,176,171,169,168,0,0,0,0,0,0,1,1,1,1,1,1,1,1,1,1
2026-07-03T19:42:17.437,tof2,4x4,lying,3023,3275,-1,3340,2090,881,-1,2754,1640,907,1482,-1,928,1042,1069,1040,1,1,0,1,1,1,1,1,1,1,1,0,1,1,1,1
2026-07-03T19:42:17.484,tof1,4x4,lying,-1,-1,-1,-1,-1,-1,183,175,192,175,165,167,178,169,170,170,0,0,0,0,0,0,1,1,1,1,1,1,1,1,1,1
2026-07-03T19:42:17.600,tof2,4x4,lying,2958,3256,-1,3300,2178,875,2112,2750,1649,896,1586,-1,951,1021,1068,1056,1,1,0,1,1,1,1,1,1,1,1,0,1,1,1,1
2026-07-03T19:42:17.648,tof1,4x4,lying,-1,-1,-1,-1,-1,-1,179,174,195,175,167,168,177,170,169,171,0,0,0,0,0,0,1,1,1,1,1,1,1,1,1,1
2026-07-03T19:42:17.769,tof2,4x4,lying,3006,3258,-1,3279,2062,886,2213,2747,1530,908,1531,1341,940,1032,1073,1052,1,1,0,1,1,1,1,1,1,1,1,1,1,1,1,1
2026-07-03T19:42:17.806,tof1,4x4,lying,-1,-1,-1,-1,-1,-1,181,175,195,177,168,167,178,170,171,171,0,0,0,0,0,0,1,1,1,1,1,1,1,1,1,1
2026-07-03T19:42:17.920,tof2,4x4,lying,2991,3260,-1,3329,-1,881,2108,2775,1744,906,1434,-1,934,1021,1057,1038,1,1,0,1,1,1,1,1,1,1,1,0,1,1,1,1
2026-07-03T19:42:17.978,tof1,4x4,lying,-1,-1,-1,-1,-1,-1,183,178,194,178,168,168,178,170,167,171,0,0,0,0,0,0,1,1,1,1,1,1,1,1,1,1
2026-07-03T19:42:18.086,tof2,4x4,lying,3038,3252,-1,3343,-1,879,-1,2720,1669,914,1545,-1,916,1020,1077,1031,1,1,0,1,0,1,1,1,1,1,1,0,1,1,1,1
2026-07-03T19:42:18.156,tof1,4x4,lying,-1,-1,-1,-1,-1,-1,182,177,197,178,168,168,176,170,170,171,0,0,0,0,0,0,1,1,1,1,1,1,1,1,1,1
2026-07-03T19:42:18.250,tof2,4x4,lying,2951,3268,-1,3326,2127,865,-1,2757,1692,916,1469,-1,931,1038,1067,1035,1,1,0,1,1,1,0,1,1,1,1,0,1,1,1,1
2026-07-03T19:42:18.311,tof1,4x4,lying,-1,-1,-1,-1,-1,-1,182,177,195,176,168,167,177,169,171,173,0,0,0,0,0,0,1,1,1,1,1,1,1,1,1,1
2026-07-03T19:42:18.426,tof2,4x4,lying,3025,3252,-1,3334,-1,858,2199,2806,1543,915,1382,-1,936,1027,1074,1050,1,1,0,1,0,1,1,1,1,1,1,0,1,1,1,1
2026-07-03T19:42:18.492,tof1,4x4,lying,-1,-1,-1,-1,-1,-1,183,176,194,176,168,170,176,169,171,171,0,0,0,0,0,0,1,1,1,1,1,1,1,1,1,1
2026-07-03T19:42:18.593,tof2,4x4,lying,-1,3262,-1,3316,2138,868,2172,2758,1650,907,1632,-1,944,1032,1050,1048,1,1,0,1,1,1,1,1,1,1,1,0,1,1,1,1
2026-07-03T19:42:18.673,tof1,4x4,lying,-1,-1,-1,-1,-1,-1,180,174,195,177,169,166,179,168,170,170,0,0,0,0,0,0,1,1,1,1,1,1,1,1,1,1
2026-07-03T19:42:18.818,tof2,4x4,lying,3042,3263,-1,3301,-1,877,2203,2778,1608,921,1581,-1,930,1038,-1,1034,1,1,0,1,0,1,1,1,1,1,1,0,1,1,1,1
2026-07-03T19:42:18.873,tof1,4x4,lying,-1,-1,-1,-1,-1,-1,182,174,195,176,170,168,176,170,170,170,0,0,0,0,0,0,1,1,1,1,1,1,1,1,1,1
2026-07-03T19:42:18.982,tof2,4x4,lying,3012,3257,-1,3310,-1,878,2154,2768,1625,916,1549,-1,927,1023,-1,1048,1,1,0,1,1,1,1,1,1,1,1,0,1,1,1,1
2026-07-03T19:42:19.033,tof1,4x4,lying,-1,-1,-1,-1,-1,-1,182,175,194,177,166,166,178,170,169,170,0,0,0,0,0,0,1,1,1,1,1,1,1,1,1,1
2026-07-03T19:42:19.146,tof2,4x4,lying,2998,3260,-1,3297,2085,872,2165,2833,1533,900,1680,-1,946,1023,1059,1036,1,1,0,1,1,1,1,1,1,1,1,1,1,1,1,1
2026-07-03T19:42:19.201,tof1,4x4,lying,-1,-1,-1,-1,-1,-1,181,175,196,176,167,167,177,168,169,170,0,0,0,0,0,0,1,1,1,1,1,1,1,1,1,1
2026-07-03T19:42:19.309,tof2,4x4,lying,2924,3261,-1,3318,-1,869,2123,2801,1377,907,1464,-1,952,-1,1069,1046,1,1,0,1,1,1,1,1,1,1,1,0,1,1,1,1
2026-07-03T19:42:19.360,tof1,4x4,lying,-1,-1,-1,-1,-1,-1,179,174,196,174,167,166,177,168,170,172,0,0,0,0,0,0,1,1,1,1,1,1,1,1,1,1
2026-07-03T19:42:19.519,tof1,4x4,lying,-1,-1,-1,-1,-1,-1,180,175,195,176,167,168,177,170,169,171,0,0,0,0,0,0,1,1,1,1,1,1,1,1,1,1
2026-07-03T19:42:19.479,tof2,4x4,lying,2975,3263,-1,3328,2088,869,-1,2784,-1,905,1390,-1,938,1030,1060,1051,1,1,0,1,1,1,0,1,1,1,1,0,1,1,1,1
2026-07-03T19:42:19.688,tof1,4x4,lying,-1,-1,-1,-1,-1,-1,181,174,195,176,166,164,177,168,169,170,0,1,0,0,0,0,1,1,1,1,1,1,1,1,1,1
2026-07-03T19:42:19.635,tof2,4x4,lying,3015,3256,-1,3308,2135,875,2177,2767,1603,918,1439,-1,937,1029,1066,1031,1,1,0,1,1,1,1,1,1,1,1,1,1,1,1,1
2026-07-03T19:42:19.807,tof2,4x4,lying,3012,3264,-1,3313,-1,874,-1,2774,1663,915,1512,-1,935,-1,1081,1048,1,1,0,1,0,1,0,1,1,1,1,0,1,1,1,1
2026-07-03T19:42:19.858,tof1,4x4,lying,-1,-1,-1,-1,-1,-1,180,175,193,176,166,164,178,169,169,169,1,0,0,1,0,0,1,1,1,1,1,1,1,1,1,1
2026-07-03T19:42:19.963,tof2,4x4,lying,2952,3259,-1,3303,-1,863,2162,2788,1603,907,1534,-1,927,1025,1065,1047,1,1,0,1,0,1,1,1,1,1,1,1,1,1,1,1
2026-07-03T19:42:20.021,tof1,4x4,lying,-1,-1,-1,-1,-1,-1,182,173,192,175,165,164,177,170,168,168,0,0,0,0,0,0,1,1,1,1,1,1,1,1,1,1
2026-07-03T19:42:20.131,tof2,4x4,lying,2989,3266,-1,3262,2127,883,2133,2752,1610,911,1331,-1,931,1023,1055,1043,1,1,1,1,1,1,1,1,1,1,1,0,1,1,1,1
2026-07-03T19:42:20.185,tof1,4x4,lying,-1,-1,-1,-1,-1,-1,178,173,191,176,166,162,177,168,168,168,0,0,0,0,0,0,1,1,1,1,1,1,1,1,1,1
2026-07-03T19:42:20.353,tof1,4x4,lying,-1,-1,-1,-1,-1,-1,180,171,192,174,165,164,177,167,168,170,0,0,0,0,0,0,1,1,1,1,1,1,1,1,1,1
2026-07-03T19:42:20.302,tof2,4x4,lying,2940,3255,-1,3301,2107,863,-1,2774,1614,920,1515,-1,940,1028,1060,1047,1,1,1,1,1,1,1,1,1,1,1,1,1,1,1,1
2026-07-03T19:42:20.462,tof2,4x4,lying,2954,3266,3304,3311,-1,869,-1,2780,1692,909,1504,-1,942,1028,1069,1042,1,1,1,1,1,1,0,1,1,1,1,0,1,1,1,1
2026-07-03T19:42:20.542,tof1,4x4,lying,-1,-1,-1,-1,-1,-1,180,172,193,176,164,164,178,166,167,169,1,0,0,0,0,0,1,1,1,1,1,1,1,1,1,1
2026-07-03T19:42:20.623,tof2,4x4,lying,3046,3288,-1,3291,-1,871,-1,2815,1529,919,1562,-1,925,1028,1063,1059,1,1,0,1,0,1,1,1,1,1,1,0,1,1,1,1
2026-07-03T19:42:20.706,tof1,4x4,lying,-1,-1,-1,-1,-1,-1,181,173,195,176,168,167,179,168,168,170,0,0,0,0,0,0,1,1,1,1,1,1,1,1,1,1
2026-07-03T19:42:20.778,tof2,4x4,lying,2979,3260,-1,3289,-1,879,-1,2839,1588,910,1467,-1,939,1028,-1,1051,1,1,1,1,1,1,1,1,1,1,1,0,1,1,1,1
2026-07-03T19:42:20.897,tof1,4x4,lying,-1,-1,-1,-1,-1,-1,182,176,196,175,167,166,178,170,169,169,0,0,0,0,0,0,1,1,1,1,1,1,1,1,1,1
2026-07-03T19:42:20.985,tof2,4x4,lying,2926,3260,-1,3361,2142,880,2184,2818,-1,911,1503,-1,935,1025,-1,1058,1,1,0,1,1,1,1,1,1,1,1,0,1,1,1,1
2026-07-03T19:42:21.082,tof1,4x4,lying,-1,-1,-1,-1,-1,-1,182,178,194,176,167,166,178,168,169,169,0,0,0,0,0,0,1,1,1,1,1,1,1,1,1,1
2026-07-03T19:42:21.164,tof2,4x4,lying,2973,3248,-1,3312,2103,865,-1,2837,1568,904,1493,-1,943,1036,-1,1034,1,1,1,1,1,1,1,1,1,1,1,1,1,1,1,1
2026-07-03T19:42:21.289,tof1,4x4,lying,-1,-1,-1,-1,-1,-1,181,176,195,178,168,168,179,171,171,170,0,0,0,0,0,0,1,1,1,1,1,1,1,1,1,1
2026-07-03T19:42:21.370,tof2,4x4,lying,3064,3271,-1,3309,2159,881,-1,2904,1454,902,1567,2944,926,1035,1071,1049,1,1,0,1,1,1,1,1,1,1,1,1,1,1,1,1
2026-07-03T19:42:21.480,tof1,4x4,lying,-1,-1,-1,-1,-1,-1,182,176,196,176,168,166,177,170,169,170,0,0,0,0,0,0,1,1,1,1,1,1,1,1,1,1
2026-07-03T19:42:21.563,tof2,4x4,lying,2986,3267,-1,3330,2052,874,2214,2888,1768,914,1649,-1,934,1034,-1,1050,1,1,0,1,1,1,1,1,1,1,1,0,1,1,1,1
2026-07-03T19:42:21.679,tof1,4x4,lying,-1,-1,-1,-1,-1,-1,181,175,194,175,167,166,178,171,168,168,0,0,0,0,0,0,1,1,1,1,1,1,1,1,1,1
2026-07-03T19:42:21.739,tof2,4x4,lying,2969,3261,-1,3304,2130,865,-1,2864,1589,913,1312,-1,939,1035,1078,1035,1,1,0,1,1,1,0,1,1,1,1,0,1,1,1,1
2026-07-03T19:42:21.871,tof1,4x4,lying,-1,-1,-1,-1,-1,-1,182,171,195,175,168,166,177,169,168,167,0,0,0,0,0,0,1,1,1,1,1,1,1,1,1,1
2026-07-03T19:42:21.908,tof2,4x4,lying,3057,3262,-1,3329,-1,874,2146,3423,1636,916,1437,-1,947,1039,1065,1053,1,1,0,1,1,1,1,1,1,1,1,0,1,1,1,1
2026-07-03T19:42:22.044,tof1,4x4,lying,-1,-1,-1,-1,-1,-1,182,174,196,177,167,166,178,168,168,168,1,0,0,0,0,0,1,1,1,1,1,1,1,1,1,1
2026-07-03T19:42:22.091,tof2,4x4,lying,3039,3249,-1,-1,-1,883,-1,3506,1593,910,1482,-1,928,1035,-1,1044,1,1,1,1,1,1,1,1,1,1,1,1,1,1,1,1
2026-07-03T19:42:22.202,tof1,4x4,lying,-1,-1,-1,-1,-1,-1,182,174,195,174,166,167,178,170,169,169,0,0,0,0,0,0,1,1,1,1,1,1,1,1,1,1
2026-07-03T19:42:22.256,tof2,4x4,lying,-1,3242,-1,3324,2117,880,-1,2880,1608,918,1488,-1,934,1033,1052,1041,1,1,0,1,1,1,1,1,1,1,1,1,1,1,1,1
2026-07-03T19:42:22.359,tof1,4x4,lying,-1,-1,-1,-1,-1,-1,181,175,196,176,167,166,178,169,170,168,0,1,0,0,0,0,1,1,1,1,1,1,1,1,1,1
2026-07-03T19:42:22.408,tof2,4x4,lying,3018,3234,-1,3320,-1,869,-1,2881,1523,910,1432,-1,953,1032,1067,1042,1,1,0,1,1,1,1,1,1,1,1,1,1,1,1,1
2026-07-03T19:42:22.518,tof1,4x4,lying,-1,-1,-1,-1,-1,-1,180,173,196,176,169,166,175,170,169,168,0,0,0,0,0,0,1,1,1,1,1,1,1,1,1,1
2026-07-03T19:42:22.589,tof2,4x4,lying,3104,3256,-1,3284,2100,868,2169,2888,1540,911,1503,-1,935,1028,1059,1052,1,1,1,1,1,1,1,1,1,1,1,0,1,1,1,1
2026-07-03T19:42:22.688,tof1,4x4,lying,-1,-1,-1,-1,-1,-1,180,174,196,176,167,164,175,169,169,168,0,0,0,0,0,0,1,1,1,1,1,1,1,1,1,1
2026-07-03T19:42:22.786,tof2,4x4,lying,2945,3249,-1,3289,2095,863,-1,2856,1558,915,1550,-1,926,1034,1066,1041,1,1,0,1,1,1,0,1,1,1,1,1,1,1,1,1
2026-07-03T19:42:22.867,tof1,4x4,lying,-1,-1,-1,-1,-1,-1,181,171,195,176,165,164,178,169,168,168,0,0,0,0,0,0,1,1,1,1,1,1,1,1,1,1
2026-07-03T19:42:22.961,tof2,4x4,lying,-1,3246,-1,3309,-1,882,2174,2878,1749,909,1589,-1,930,1028,-1,1048,0,1,1,1,0,1,1,1,1,1,1,0,1,1,1,1
2026-07-03T19:42:23.029,tof1,4x4,lying,-1,-1,-1,-1,-1,-1,179,173,196,175,166,166,177,168,168,169,1,0,0,0,0,0,1,1,1,1,1,1,1,1,1,1
2026-07-03T19:42:23.138,tof2,4x4,lying,2997,3248,-1,3304,-1,874,2122,3434,1599,917,1474,-1,926,1026,1069,1045,1,1,0,1,0,1,1,1,1,1,1,0,1,1,1,1
2026-07-03T19:42:23.197,tof1,4x4,lying,-1,-1,-1,-1,-1,-1,179,171,194,173,166,166,178,169,168,166,0,0,0,0,0,0,1,1,1,1,1,1,1,1,1,1
2026-07-03T19:42:23.308,tof2,4x4,lying,2985,3261,-1,3324,-1,868,2163,2876,1544,908,1595,-1,935,1031,1073,1035,1,1,0,1,0,1,1,1,1,1,1,0,1,1,1,1
2026-07-03T19:42:23.375,tof1,4x4,lying,-1,-1,-1,-1,-1,-1,181,173,196,175,166,166,177,169,168,168,0,0,0,0,0,0,1,1,1,1,1,1,1,1,1,1
2026-07-03T19:42:23.546,tof1,4x4,lying,-1,-1,-1,-1,-1,-1,180,173,195,175,166,164,179,167,167,167,0,0,0,0,0,0,1,1,1,1,1,1,1,1,1,1
2026-07-03T19:42:23.487,tof2,4x4,lying,2953,3250,-1,3296,2113,870,-1,2849,1643,912,1391,-1,936,1029,1071,1056,1,1,0,1,1,1,0,1,1,1,1,0,1,1,1,1
2026-07-03T19:42:23.653,tof2,4x4,lying,-1,3246,-1,3286,-1,870,-1,2898,1559,910,1432,-1,931,1034,1072,1051,1,1,0,1,0,1,1,1,1,1,1,0,1,1,1,1
2026-07-03T19:42:23.717,tof1,4x4,lying,-1,-1,-1,-1,-1,-1,178,173,193,175,165,163,175,168,169,167,0,0,0,0,1,0,1,1,1,1,1,1,1,1,1,1
2026-07-03T19:42:23.816,tof2,4x4,lying,3026,3260,-1,3304,-1,878,-1,2910,1537,905,1586,-1,933,1034,1066,1063,1,1,0,1,0,1,1,1,1,1,1,0,1,1,1,1
2026-07-03T19:42:23.890,tof1,4x4,lying,-1,-1,-1,-1,-1,-1,181,172,194,174,167,164,177,166,167,167,0,0,0,0,0,0,1,1,1,1,1,1,1,1,1,1
2026-07-03T19:42:23.991,tof2,4x4,lying,2993,3260,3276,3340,-1,862,2116,2870,1555,916,1490,-1,927,1035,1071,1045,1,1,1,1,0,1,1,1,1,1,1,1,1,1,1,1
2026-07-03T19:42:24.062,tof1,4x4,lying,-1,-1,-1,-1,-1,-1,180,172,193,174,166,165,179,167,167,167,0,0,0,0,0,0,1,1,1,1,1,1,1,1,1,1
2026-07-03T19:42:24.155,tof2,4x4,lying,2939,3251,3319,3299,2164,873,2198,3446,1505,914,1513,-1,942,1027,1064,1046,1,1,1,1,1,1,1,1,1,1,1,0,1,1,1,1
2026-07-03T19:42:24.226,tof1,4x4,lying,-1,-1,-1,-1,-1,-1,180,171,196,175,165,165,177,168,169,170,0,0,0,0,0,0,1,1,1,1,1,1,1,1,1,1
2026-07-03T19:42:24.346,tof2,4x4,lying,2947,3265,-1,3348,-1,882,2180,3413,1493,916,1448,-1,928,1030,1063,1053,1,1,0,1,0,1,1,1,1,1,1,0,1,1,1,1
2026-07-03T19:42:24.425,tof1,4x4,lying,-1,-1,-1,-1,-1,-1,179,172,196,174,166,165,175,168,167,167,0,0,0,0,0,0,1,1,1,1,1,1,1,1,1,1
2026-07-03T19:42:24.570,tof2,4x4,lying,2986,3244,-1,3320,2106,861,2147,2896,1682,905,1503,-1,944,1039,1063,1057,1,1,1,1,1,1,1,1,1,1,1,0,1,1,1,1
2026-07-03T19:42:24.617,tof1,4x4,lying,-1,-1,-1,-1,-1,-1,182,173,194,176,166,165,176,168,166,169,0,0,0,0,0,0,1,1,1,1,1,1,1,1,1,1
2026-07-03T19:42:24.789,tof1,4x4,lying,-1,-1,-1,-1,-1,-1,180,173,194,176,167,165,177,168,167,168,0,0,0,0,0,0,1,1,1,1,1,1,1,1,1,1
2026-07-03T19:42:24.743,tof2,4x4,lying,3010,3260,-1,3346,-1,876,-1,2889,1603,913,1438,-1,931,1037,1066,1040,1,1,0,1,1,1,0,1,1,1,1,0,1,1,1,1
2026-07-03T19:42:24.954,tof1,4x4,lying,-1,-1,-1,-1,-1,-1,181,173,194,176,167,166,180,169,167,168,0,0,0,0,0,0,1,1,1,1,1,1,1,1,1,1
2026-07-03T19:42:24.927,tof2,4x4,lying,3007,3266,-1,3303,2168,884,2103,2885,1581,916,1436,1254,935,1033,1074,1046,1,1,0,1,1,1,1,1,1,1,1,1,1,1,1,1
2026-07-03T19:42:25.117,tof1,4x4,lying,-1,-1,-1,-1,-1,-1,179,172,194,176,167,165,178,169,169,169,0,0,0,0,0,0,1,1,1,1,1,1,1,1,1,1
2026-07-03T19:42:25.087,tof2,4x4,lying,2991,3284,-1,3312,-1,884,2146,2883,1526,907,1496,-1,931,1034,-1,1040,1,1,0,1,0,1,1,1,1,1,1,0,1,1,1,1
2026-07-03T19:42:25.275,tof1,4x4,lying,-1,-1,-1,-1,-1,-1,179,173,195,175,168,164,177,168,167,169,0,0,0,0,0,0,1,1,1,1,1,1,1,1,1,1
2026-07-03T19:42:25.253,tof2,4x4,lying,-1,3247,-1,3339,-1,866,-1,2875,1575,910,1445,-1,935,1026,-1,1058,1,1,1,1,1,1,0,1,1,1,1,0,1,1,1,1
2026-07-03T19:42:25.457,tof1,4x4,lying,-1,-1,-1,-1,-1,-1,180,173,194,175,167,165,177,168,168,168,0,0,0,0,0,0,1,1,1,1,1,1,1,1,1,1
2026-07-03T19:42:25.448,tof2,4x4,lying,3041,3274,-1,3341,-1,893,2175,2926,1446,910,1432,-1,943,1038,1067,1034,1,1,0,1,1,1,1,1,1,1,1,0,1,1,1,1
2026-07-03T19:42:25.650,tof1,4x4,lying,-1,-1,-1,-1,-1,-1,179,171,196,174,169,165,177,169,167,167,0,0,0,0,0,0,1,1,1,1,1,1,1,1,1,1
2026-07-03T19:42:25.630,tof2,4x4,lying,-1,3281,-1,3342,-1,875,2192,2896,1590,917,1607,-1,935,1036,-1,1057,1,1,0,1,0,1,1,1,1,1,1,0,1,1,1,1
2026-07-03T19:42:25.812,tof1,4x4,lying,-1,-1,-1,-1,-1,-1,178,173,194,173,167,164,175,168,167,169,0,0,0,0,0,0,1,1,1,1,1,1,1,1,1,1
2026-07-03T19:42:25.791,tof2,4x4,lying,3023,3275,-1,3324,2135,872,2175,2886,1522,919,1500,-1,928,1041,1067,1043,1,1,0,1,1,1,1,1,1,1,1,0,1,1,1,1
2026-07-03T19:42:25.989,tof1,4x4,lying,-1,-1,-1,-1,-1,-1,179,171,195,175,165,163,176,168,167,167,0,0,0,0,0,0,1,1,1,1,1,1,1,1,1,1
2026-07-03T19:42:25.985,tof2,4x4,lying,2981,3263,3319,3325,2180,880,-1,2854,1601,907,1492,-1,946,1032,1070,1029,1,1,1,1,1,1,0,1,1,1,1,0,1,1,1,1
2026-07-03T19:42:26.174,tof1,4x4,lying,-1,-1,-1,-1,-1,-1,180,174,190,174,166,163,177,169,168,167,0,0,0,0,0,0,1,1,1,1,1,1,1,1,1,1
2026-07-03T19:42:26.157,tof2,4x4,lying,2990,3267,-1,3307,2104,870,2137,2882,1572,909,1531,-1,939,1032,1064,1038,1,1,1,1,1,1,1,1,1,1,1,0,1,1,1,1
2026-07-03T19:42:26.427,tof2,4x4,lying,2920,3259,-1,3318,2119,870,2071,2886,1637,918,1323,-1,946,1032,1069,1046,1,1,0,1,1,1,1,1,1,1,1,1,1,1,1,1
2026-07-03T19:42:26.521,tof1,4x4,lying,-1,-1,-1,-1,-1,-1,179,170,193,174,165,164,174,167,167,167,0,0,0,0,0,0,1,1,1,1,1,1,1,1,1,1
2026-07-03T19:42:26.663,tof2,4x4,lying,-1,3274,-1,3337,-1,882,2131,2955,1543,906,1538,-1,948,1030,1065,1044,1,1,0,1,0,1,1,1,1,1,1,0,1,1,1,1
2026-07-03T19:42:26.718,tof1,4x4,lying,-1,-1,-1,-1,-1,-1,181,173,192,173,166,163,174,166,167,168,0,0,0,0,0,0,1,1,1,1,1,1,1,1,1,1
2026-07-03T19:42:26.838,tof2,4x4,lying,2986,3246,-1,3351,2131,872,2137,2874,1650,900,1499,-1,936,1038,1070,1045,1,1,0,1,1,1,1,1,1,1,1,0,1,1,1,1
2026-07-03T19:42:27.600,tof1,4x4,lying,-1,-1,-1,-1,-1,-1,173,166,178,166,158,158,166,159,161,163,0,0,0,0,0,0,1,1,1,1,1,1,1,1,1,1
2026-07-03T19:42:28.507,tof2,4x4,lying,3018,3263,-1,3324,-1,869,2206,3518,1608,911,1462,1261,936,1034,1073,1055,1,1,0,1,0,1,1,1,1,1,1,1,1,1,1,1
2026-07-03T19:42:29.108,tof1,4x4,lying,-1,-1,-1,-1,235,-1,173,166,183,168,158,157,168,162,161,161,0,0,0,0,1,0,1,1,1,1,1,1,1,1,1,1
2026-07-03T19:42:29.111,tof2,4x4,lying,3009,3245,-1,3285,-1,869,-1,2894,1665,914,1448,-1,937,1035,-1,1048,1,1,1,1,0,1,0,1,1,1,1,1,1,1,1,1
2026-07-03T19:42:29.268,tof1,4x4,lying,-1,228,228,-1,232,-1,173,167,183,166,157,157,167,160,162,162,0,1,1,0,1,0,1,1,1,1,1,1,1,1,1,1
2026-07-03T19:42:29.282,tof2,4x4,lying,2989,3261,3329,3335,-1,885,-1,3548,1507,909,-1,-1,944,1035,1065,1041,1,1,1,1,0,1,0,1,1,1,1,1,1,1,1,1
2026-07-03T19:42:29.433,tof1,4x4,lying,-1,-1,-1,-1,-1,-1,173,167,185,166,160,157,167,162,162,162,1,0,0,0,0,0,1,1,1,1,1,1,1,1,1,1
2026-07-03T19:42:29.460,tof2,4x4,lying,3045,3260,-1,3315,-1,875,2222,3395,1602,916,-1,-1,927,1038,1067,1053,1,1,0,1,0,1,1,1,1,1,1,0,1,1,1,1
2026-07-03T19:42:29.605,tof1,4x4,lying,-1,-1,-1,-1,-1,-1,173,165,183,169,160,158,169,162,162,162,1,0,0,0,0,0,1,1,1,1,1,1,1,1,1,1
2026-07-03T19:42:29.656,tof2,4x4,lying,2910,3260,-1,3326,2096,881,-1,2852,1677,922,1702,-1,934,1034,1066,1050,1,1,0,1,1,1,0,1,1,1,1,0,1,1,1,1
2026-07-03T19:42:29.780,tof1,4x4,lying,-1,-1,-1,-1,-1,-1,175,167,185,169,160,159,171,163,162,163,0,0,0,0,0,0,1,1,1,1,1,1,1,1,1,1
2026-07-03T19:42:29.838,tof2,4x4,lying,2987,3264,-1,3287,2117,885,-1,2867,1559,917,1577,-1,936,1026,-1,1043,1,1,0,1,1,1,0,1,1,1,1,0,1,1,1,1
2026-07-03T19:42:29.944,tof1,4x4,lying,-1,-1,-1,-1,-1,-1,175,167,183,168,160,158,168,162,163,163,0,0,0,0,0,0,1,1,1,1,1,1,1,1,1,1
2026-07-03T19:42:29.997,tof2,4x4,lying,2973,3245,-1,3305,2100,873,2059,2864,1621,898,1451,-1,936,1038,1043,1053,1,1,0,1,1,1,1,1,1,1,1,0,1,1,1,1
2026-07-03T19:42:30.170,tof1,4x4,lying,-1,-1,-1,-1,-1,-1,176,168,188,168,161,159,171,163,165,163,0,0,0,0,0,0,1,1,1,1,1,1,1,1,1,1
2026-07-03T19:42:30.176,tof2,4x4,lying,3037,3256,-1,3308,2157,876,-1,2922,1555,911,1278,-1,931,1028,1068,1045,1,1,0,1,1,1,0,1,1,1,1,1,1,1,1,1
2026-07-03T19:42:30.356,tof1,4x4,lying,-1,233,231,-1,232,-1,175,167,184,169,163,159,170,164,164,164,0,1,1,0,1,0,1,1,1,1,1,1,1,1,1,1
2026-07-03T19:42:30.368,tof2,4x4,lying,2996,3242,-1,3312,2162,879,-1,2875,1610,903,1551,-1,932,1030,1072,1042,1,1,0,1,1,1,1,1,1,1,1,0,1,1,1,1
2026-07-03T19:42:30.506,tof1,4x4,lying,-1,-1,-1,-1,-1,-1,175,168,184,170,158,160,171,163,163,164,0,0,0,0,0,0,1,1,1,1,1,1,1,1,1,1
2026-07-03T19:42:30.566,tof2,4x4,lying,2936,3256,-1,3293,-1,884,-1,2877,1339,917,1557,-1,938,1032,1069,1057,1,1,0,1,1,1,0,1,1,1,1,0,1,1,1,1
2026-07-03T19:42:30.732,tof2,4x4,lying,3023,3249,-1,3324,2114,865,-1,2872,1645,901,1435,-1,924,1041,1064,1057,1,1,1,1,1,1,1,1,1,1,1,0,1,1,1,1
2026-07-03T19:42:30.771,tof1,4x4,lying,-1,-1,-1,-1,-1,-1,177,170,183,171,160,160,171,163,163,164,0,0,0,1,0,0,1,1,1,1,1,1,1,1,1,1
2026-07-03T19:42:30.921,tof1,4x4,lying,-1,-1,-1,-1,-1,-1,176,170,188,171,164,161,172,166,166,166,0,0,0,0,0,0,1,1,1,1,1,1,1,1,1,1
2026-07-03T19:42:30.901,tof2,4x4,lying,3052,3255,-1,-1,-1,881,-1,2859,1579,909,1487,1260,931,1022,1069,1049,1,1,0,1,0,1,0,1,1,1,1,1,1,1,1,1
2026-07-03T19:42:31.266,tof2,4x4,lying,2984,3258,-1,3328,2079,887,2177,2861,1502,913,1588,-1,931,1041,1063,1049,1,1,0,1,1,1,1,1,1,1,1,1,1,1,1,1
2026-07-03T19:42:31.377,tof1,4x4,lying,-1,-1,-1,-1,-1,-1,175,170,187,170,162,161,170,164,163,165,0,0,0,0,0,0,1,1,1,1,1,1,1,1,1,1
2026-07-03T19:42:31.447,tof2,4x4,lying,3026,3250,-1,3287,2162,883,2031,2853,1514,920,1504,-1,934,1038,1064,1036,1,1,0,1,1,1,1,1,1,1,1,0,1,1,1,1
2026-07-03T19:42:31.547,tof1,4x4,lying,-1,-1,-1,-1,-1,-1,174,169,188,169,162,161,171,163,165,165,0,0,0,0,0,0,1,1,1,1,1,1,1,1,1,1
2026-07-03T19:42:31.620,tof2,4x4,lying,3004,3259,-1,3318,-1,877,-1,2839,1554,913,1468,-1,926,1028,-1,1045,1,1,1,1,0,1,0,1,1,1,1,0,1,1,1,1
2026-07-03T19:42:31.707,tof1,4x4,lying,-1,-1,-1,-1,-1,-1,176,170,187,170,162,161,170,163,164,165,0,0,0,0,0,0,1,1,1,1,1,1,1,1,1,1
2026-07-03T19:42:31.797,tof2,4x4,lying,3000,3255,-1,3290,-1,864,2036,2869,1598,913,1565,-1,938,1032,-1,1045,1,1,1,1,0,1,1,1,1,1,1,0,1,1,1,1
2026-07-03T19:42:31.879,tof1,4x4,lying,-1,-1,-1,-1,-1,-1,175,168,185,169,161,160,172,163,164,166,0,0,0,0,0,0,1,1,1,1,1,1,1,1,1,1
2026-07-03T19:42:31.977,tof2,4x4,lying,2964,3253,3397,3314,-1,888,-1,2853,1707,925,1580,-1,927,1023,1067,1045,1,1,1,1,1,1,0,1,1,1,1,0,1,1,1,1
2026-07-03T19:42:32.034,tof1,4x4,lying,-1,-1,-1,-1,-1,-1,176,169,185,171,162,161,171,163,165,164,0,0,0,0,0,0,1,1,1,1,1,1,1,1,1,1
2026-07-03T19:42:32.190,tof1,4x4,lying,-1,-1,-1,-1,-1,-1,175,169,185,170,159,160,170,162,162,163,0,0,0,0,0,0,1,1,1,1,1,1,1,1,1,1
2026-07-03T19:42:32.136,tof2,4x4,lying,2995,3246,-1,3311,2167,871,-1,2880,1643,922,1603,-1,930,1033,1056,1048,1,1,0,1,1,1,0,1,1,1,1,0,1,1,1,1
2026-07-03T19:42:32.350,tof1,4x4,lying,-1,-1,-1,-1,-1,-1,176,171,184,169,162,160,168,163,164,165,0,0,0,0,0,0,1,1,1,1,1,1,1,1,1,1
2026-07-03T19:42:32.294,tof2,4x4,lying,-1,3261,-1,3308,2125,855,2140,2899,1647,914,1600,-1,932,1030,-1,1044,1,1,0,1,1,1,1,1,1,1,1,0,1,1,1,1
2026-07-03T19:42:32.541,tof1,4x4,lying,-1,-1,-1,-1,-1,-1,178,170,184,170,159,160,171,162,163,164,0,0,0,0,0,0,1,1,1,1,1,1,1,1,1,1
2026-07-03T19:42:32.491,tof2,4x4,lying,2957,3270,3320,-1,-1,881,2131,2915,1607,915,1655,-1,935,1028,1059,1036,1,1,1,1,1,1,1,1,1,1,1,0,1,1,1,1
2026-07-03T19:42:32.723,tof1,4x4,lying,-1,-1,-1,-1,-1,-1,176,168,188,169,161,160,170,163,163,165,0,0,0,0,0,0,1,1,1,1,1,1,1,1,1,1
2026-07-03T19:42:32.648,tof2,4x4,lying,2982,3232,-1,3308,2142,879,2178,2920,1611,918,1511,-1,946,1037,1076,1057,1,1,0,1,1,1,1,1,1,1,1,0,1,1,1,1
2026-07-03T19:42:32.843,tof2,4x4,lying,2956,3247,-1,3294,2158,872,2164,2872,1628,908,1402,-1,933,1029,1061,1056,1,1,1,1,1,1,1,1,1,1,1,0,1,1,1,1
2026-07-03T19:42:32.925,tof1,4x4,lying,-1,-1,-1,-1,-1,-1,175,170,184,169,160,158,169,163,163,164,0,0,0,0,0,0,1,1,1,1,1,1,1,1,1,1
2026-07-03T19:42:33.012,tof2,4x4,lying,3028,3263,-1,3296,2107,873,2139,2896,1721,916,1362,-1,937,1026,-1,1045,1,1,0,1,1,1,1,1,1,1,1,0,1,1,1,1
2026-07-03T19:42:33.087,tof1,4x4,lying,-1,-1,-1,-1,-1,-1,176,170,182,171,160,160,170,163,164,166,0,0,0,0,0,0,1,1,1,1,1,1,1,1,1,1
2026-07-03T19:42:33.174,tof2,4x4,lying,-1,3245,-1,3309,2091,883,2104,2886,1560,909,1476,-1,941,1038,-1,1054,1,1,0,1,1,1,1,1,1,1,1,0,1,1,1,1
2026-07-03T19:42:33.245,tof1,4x4,lying,-1,-1,-1,-1,-1,-1,176,168,185,170,161,161,169,163,164,164,0,0,0,0,0,0,1,1,1,1,1,1,1,1,1,1
2026-07-03T19:42:33.347,tof2,4x4,lying,-1,3257,-1,3304,-1,869,2157,2891,1598,913,1545,-1,936,1029,1074,1045,0,1,1,1,1,1,1,1,1,1,1,0,1,1,1,1
2026-07-03T19:42:33.426,tof1,4x4,lying,-1,-1,-1,-1,-1,-1,176,169,185,168,162,160,170,164,164,164,0,0,0,0,0,0,1,1,1,1,1,1,1,1,1,1
2026-07-03T19:42:33.521,tof2,4x4,lying,2997,3268,-1,3320,2037,880,2095,2874,1602,903,1632,-1,939,1042,1072,1052,1,1,0,1,1,1,1,1,1,1,1,0,1,1,1,1
2026-07-03T19:42:33.580,tof1,4x4,lying,-1,-1,-1,-1,-1,-1,176,169,188,171,159,160,171,162,164,165,0,0,0,0,0,0,1,1,1,1,1,1,1,1,1,1
2026-07-03T19:42:33.685,tof2,4x4,lying,2972,3249,-1,3304,-1,871,-1,2895,1645,922,1380,-1,939,1035,1075,1052,1,1,0,1,1,1,0,1,1,1,1,0,1,1,1,1
2026-07-03T19:42:33.742,tof1,4x4,lying,-1,-1,-1,-1,-1,-1,174,168,185,170,162,159,170,163,165,166,0,0,0,0,0,0,1,1,1,1,1,1,1,1,1,1
2026-07-03T19:42:33.858,tof2,4x4,lying,2979,3265,3307,3307,2121,876,-1,2896,1592,914,1553,-1,933,1030,-1,1049,1,1,1,1,1,1,1,1,1,1,1,0,1,1,1,1
2026-07-03T19:42:33.914,tof1,4x4,lying,-1,-1,-1,-1,-1,-1,176,170,187,171,161,159,170,164,165,165,0,0,0,0,0,0,1,1,1,1,1,1,1,1,1,1
2026-07-03T19:42:34.033,tof2,4x4,lying,2991,3250,-1,3286,2137,875,2139,2886,1613,917,1390,-1,939,1030,-1,1051,1,1,0,1,1,1,1,1,1,1,1,1,1,1,1,1
2026-07-03T19:42:34.075,tof1,4x4,lying,-1,-1,-1,-1,-1,-1,175,168,185,168,163,159,168,163,163,162,1,0,0,0,0,0,1,1,1,1,1,1,1,1,1,1
2026-07-03T19:42:34.209,tof2,4x4,lying,3044,3268,-1,3314,2094,880,-1,2854,1635,916,-1,-1,927,1026,1064,1059,1,1,0,1,1,1,0,1,1,1,1,0,1,1,1,1
2026-07-03T19:42:34.258,tof1,4x4,lying,-1,-1,-1,-1,-1,-1,176,169,187,170,161,160,171,162,163,164,0,0,0,0,0,0,1,1,1,1,1,1,1,1,1,1
2026-07-03T19:42:34.380,tof2,4x4,lying,-1,3244,-1,3332,-1,880,-1,2908,1609,916,1503,-1,933,1032,-1,1048,0,1,0,1,0,1,1,1,1,1,1,0,1,1,1,1
2026-07-03T19:42:34.436,tof1,4x4,lying,-1,-1,-1,-1,-1,-1,175,169,184,171,162,160,170,162,162,165,0,0,0,0,0,0,1,1,1,1,1,1,1,1,1,1
2026-07-03T19:42:34.549,tof2,4x4,lying,3034,3273,-1,3334,2099,861,-1,2872,1633,916,1546,-1,929,-1,1064,1050,1,1,0,1,1,1,0,1,1,1,1,0,1,1,1,1
2026-07-03T19:42:34.592,tof1,4x4,lying,-1,-1,-1,-1,-1,-1,175,170,185,170,160,158,170,163,164,165,0,0,0,0,0,0,1,1,1,1,1,1,1,1,1,1
2026-07-03T19:42:34.758,tof1,4x4,lying,-1,-1,-1,-1,-1,-1,174,169,185,169,160,159,172,164,163,165,0,0,0,0,0,0,1,1,1,1,1,1,1,1,1,1
2026-07-03T19:42:34.736,tof2,4x4,lying,-1,3251,-1,3290,-1,868,2168,2868,1683,916,1609,-1,935,1026,1070,1046,1,1,0,1,0,1,1,1,1,1,1,1,1,1,1,1
2026-07-03T19:42:34.919,tof1,4x4,lying,-1,-1,-1,-1,-1,-1,176,167,185,170,162,160,168,162,165,164,0,0,0,0,0,0,1,1,1,1,1,1,1,1,1,1
2026-07-03T19:42:34.915,tof2,4x4,lying,2929,3248,-1,3331,-1,880,-1,2843,1565,905,1547,-1,925,1040,1064,1042,1,1,0,1,0,1,0,1,1,1,1,0,1,1,1,1
2026-07-03T19:42:35.094,tof2,4x4,lying,2985,3269,-1,3355,-1,876,2058,2887,1639,908,1515,-1,927,1048,-1,1056,1,1,1,1,1,1,1,1,1,1,1,0,1,1,1,1
2026-07-03T19:42:35.122,tof1,4x4,lying,-1,-1,-1,-1,-1,-1,174,169,188,168,160,159,170,161,162,162,0,0,0,0,0,0,1,1,1,1,1,1,1,1,1,1
2026-07-03T19:42:35.274,tof2,4x4,lying,3045,3268,-1,3297,2082,871,1980,2885,-1,903,1437,-1,933,1036,-1,1053,1,1,0,1,1,1,1,1,1,1,1,0,1,1,1,1
2026-07-03T19:42:35.293,tof1,4x4,lying,-1,-1,-1,-1,-1,-1,175,170,187,169,162,158,171,162,164,164,0,0,0,0,0,0,1,1,1,1,1,1,1,1,1,1
2026-07-03T19:42:35.470,tof1,4x4,lying,-1,-1,-1,-1,-1,-1,176,167,181,169,161,159,171,161,163,163,0,0,0,0,0,0,1,1,1,1,1,1,1,1,1,1
2026-07-03T19:42:35.439,tof2,4x4,lying,3092,3252,-1,3330,2051,877,-1,2871,1588,909,1412,-1,935,-1,1061,1050,1,1,0,1,1,1,1,1,1,1,1,0,1,1,1,1
2026-07-03T19:42:35.658,tof1,4x4,lying,-1,-1,-1,-1,-1,-1,176,167,189,171,161,160,169,163,162,163,0,0,0,0,0,0,1,1,1,1,1,1,1,1,1,1
2026-07-03T19:42:35.605,tof2,4x4,lying,2942,3264,-1,3281,-1,870,2190,2896,1688,904,1521,-1,941,1032,1073,1039,1,1,1,1,0,1,1,1,1,1,1,0,1,1,1,1
2026-07-03T19:42:35.823,tof1,4x4,lying,-1,-1,-1,-1,-1,-1,176,167,183,170,162,159,170,163,162,164,0,0,0,0,0,0,1,1,1,1,1,1,1,1,1,1
2026-07-03T19:42:35.769,tof2,4x4,lying,3003,3256,-1,3352,2101,890,2184,2905,-1,915,1553,-1,931,1026,1052,1046,1,1,0,1,1,1,1,1,1,1,1,0,1,1,1,1
2026-07-03T19:42:35.992,tof1,4x4,lying,-1,-1,-1,-1,-1,-1,176,169,189,170,161,158,170,163,164,163,0,0,0,0,0,0,1,1,1,1,1,1,1,1,1,1
2026-07-03T19:42:35.941,tof2,4x4,lying,2949,3249,-1,3276,2157,879,-1,2900,1749,910,1529,-1,943,1024,1066,1060,1,1,0,1,1,1,1,1,1,1,1,0,1,1,1,1
2026-07-03T19:42:36.111,tof2,4x4,lying,2897,3248,-1,3317,2090,872,-1,2878,1685,912,1532,-1,932,1032,1067,1061,1,1,0,1,1,1,0,1,1,1,1,0,1,1,1,1
2026-07-03T19:42:36.175,tof1,4x4,lying,-1,-1,-1,-1,-1,-1,176,166,187,169,159,159,170,163,162,163,0,0,0,0,0,0,1,1,1,1,1,1,1,1,1,1
2026-07-03T19:42:36.287,tof2,4x4,lying,2917,3272,-1,3279,-1,881,2177,2906,1716,909,1604,-1,935,1039,1070,1051,1,1,1,1,1,1,1,1,1,1,1,0,1,1,1,1
2026-07-03T19:42:36.339,tof1,4x4,lying,-1,-1,-1,-1,-1,-1,175,168,189,170,162,160,170,164,164,164,0,0,0,0,0,0,1,1,1,1,1,1,1,1,1,1
2026-07-03T19:42:36.452,tof2,4x4,lying,2966,3247,-1,3303,-1,870,2144,2925,1713,925,-1,-1,947,1043,1069,1039,1,1,0,1,1,1,1,1,1,1,1,0,1,1,1,1
2026-07-03T19:42:36.509,tof1,4x4,lying,-1,-1,-1,-1,-1,-1,176,169,186,170,163,160,173,164,165,163,0,0,0,0,0,0,1,1,1,1,1,1,1,1,1,1
2026-07-03T19:42:36.617,tof2,4x4,lying,3055,3220,-1,3299,2131,877,2205,2874,1643,916,1546,-1,926,1036,1057,1056,1,1,0,1,1,1,1,1,1,1,1,0,1,1,1,1
2026-07-03T19:42:36.812,tof1,4x4,lying,-1,-1,-1,-1,-1,-1,176,169,185,169,160,161,169,163,164,163,0,0,0,0,0,0,1,1,1,1,1,1,1,1,1,1
2026-07-03T19:42:36.790,tof2,4x4,lying,3000,3252,-1,3295,-1,858,2062,2875,1573,911,1517,-1,940,1033,1061,1047,1,1,0,1,0,1,1,1,1,1,1,1,1,1,1,1
2026-07-03T19:42:36.976,tof1,4x4,lying,-1,-1,-1,-1,-1,-1,177,169,187,169,162,160,170,163,164,164,0,0,0,0,0,0,1,1,1,1,1,1,1,1,1,1
2026-07-03T19:42:36.952,tof2,4x4,lying,3038,3276,-1,3366,-1,866,-1,2879,1553,915,1487,1368,932,1028,-1,1048,1,1,0,1,0,1,0,1,1,1,1,1,1,1,1,1
2026-07-03T19:42:37.132,tof1,4x4,lying,-1,-1,-1,-1,-1,-1,175,168,187,169,160,160,170,163,164,164,0,0,0,0,0,0,1,1,1,1,1,1,1,1,1,1
2026-07-03T19:42:37.131,tof2,4x4,lying,3042,3267,-1,3304,2130,871,-1,2886,1596,911,1617,-1,938,1035,-1,1064,1,1,1,1,1,1,0,1,1,1,1,0,1,1,1,1
2026-07-03T19:42:37.301,tof2,4x4,lying,3008,3256,-1,3331,-1,870,2190,2874,1621,913,1474,-1,934,1027,1079,1036,1,1,1,1,0,1,1,1,1,1,1,0,1,1,1,1
2026-07-03T19:42:37.317,tof1,4x4,lying,-1,-1,-1,-1,-1,-1,175,170,187,169,160,160,170,163,163,164,0,0,0,0,0,0,1,1,1,1,1,1,1,1,1,1
2026-07-03T19:42:37.475,tof1,4x4,lying,-1,-1,-1,-1,-1,-1,175,169,184,170,160,158,169,162,162,162,0,0,0,0,0,0,1,1,1,1,1,1,1,1,1,1
2026-07-03T19:42:37.457,tof2,4x4,lying,2957,3263,-1,3306,2113,862,-1,2869,1652,912,1635,-1,936,1029,1068,1052,1,1,0,1,1,1,0,1,1,1,1,0,1,1,1,1
2026-07-03T19:42:37.748,tof1,4x4,lying,-1,-1,-1,-1,-1,-1,176,171,187,168,160,160,171,162,162,162,1,0,0,0,0,0,1,1,1,1,1,1,1,1,1,1
2026-07-03T19:42:37.751,tof2,4x4,lying,2985,3235,-1,3313,2169,884,-1,2854,1655,909,-1,-1,930,1023,1053,1045,1,1,0,1,1,1,0,1,1,1,1,0,1,1,1,1
2026-07-03T19:42:37.969,tof1,4x4,lying,-1,-1,-1,-1,-1,-1,175,169,186,169,160,159,171,163,164,163,0,0,0,0,0,0,1,1,1,1,1,1,1,1,1,1
2026-07-03T19:42:37.973,tof2,4x4,lying,2945,3272,-1,-1,-1,878,2150,2826,1594,916,1396,-1,936,1021,1060,1036,1,1,0,1,1,1,1,1,1,1,1,1,1,1,1,1
2026-07-03T19:42:38.127,tof1,4x4,lying,-1,-1,-1,-1,-1,-1,175,166,185,170,162,160,171,163,163,163,1,0,0,0,0,0,1,1,1,1,1,1,1,1,1,1
2026-07-03T19:42:38.153,tof2,4x4,lying,2990,3278,-1,3344,-1,877,2175,2814,-1,913,1473,-1,938,1028,-1,1054,1,1,0,1,1,1,1,1,1,1,1,0,1,1,1,1
2026-07-03T19:42:38.279,tof1,4x4,lying,-1,-1,-1,-1,-1,-1,174,168,185,170,161,158,169,164,162,165,0,0,0,0,0,0,1,1,1,1,1,1,1,1,1,1
2026-07-03T19:42:38.319,tof2,4x4,lying,3002,3254,3311,3326,2164,864,-1,2864,1576,917,1651,-1,930,1031,1064,1049,1,1,1,1,1,1,1,1,1,1,1,0,1,1,1,1
2026-07-03T19:42:38.498,tof2,4x4,lying,2989,3274,-1,3319,-1,871,2225,2843,1601,915,1422,-1,937,1027,1057,1052,1,1,0,1,0,1,1,1,1,1,1,0,1,1,1,1
2026-07-03T19:42:38.560,tof1,4x4,lying,-1,-1,-1,-1,-1,-1,175,169,188,168,161,159,170,163,164,163,0,0,0,0,0,0,1,1,1,1,1,1,1,1,1,1
2026-07-03T19:42:38.650,tof2,4x4,lying,3022,3257,-1,3316,2142,878,-1,2821,1578,904,1388,-1,930,1029,1064,1063,1,1,0,1,1,1,0,1,1,1,1,0,1,1,1,1
2026-07-03T19:42:38.738,tof1,4x4,lying,-1,-1,-1,-1,-1,-1,177,170,184,170,161,159,170,162,163,164,1,0,0,0,0,0,1,1,1,1,1,1,1,1,1,1
2026-07-03T19:42:38.817,tof2,4x4,lying,3019,3279,3361,3316,2071,881,2209,2828,1592,916,1609,-1,940,1035,1065,1053,1,1,1,1,1,1,1,1,1,1,1,0,1,1,1,1
2026-07-03T19:42:38.898,tof1,4x4,lying,-1,-1,-1,-1,-1,-1,174,167,184,171,162,159,168,163,163,162,0,0,0,0,0,0,1,1,1,1,1,1,1,1,1,1
2026-07-03T19:42:38.971,tof2,4x4,lying,-1,3242,-1,3300,2074,881,2211,2808,1578,916,1377,-1,931,1032,1067,1047,1,1,0,1,1,1,1,1,1,1,1,1,1,1,1,1
2026-07-03T19:42:39.053,tof1,4x4,lying,-1,-1,-1,-1,-1,-1,177,167,184,170,160,160,171,162,162,164,0,0,0,0,0,0,1,1,1,1,1,1,1,1,1,1
2026-07-03T19:42:39.149,tof2,4x4,lying,3049,3269,-1,3313,2074,870,2243,2843,1609,914,1637,-1,935,1044,1070,1045,1,1,0,1,1,1,1,1,1,1,1,0,1,1,1,1
2026-07-03T19:42:39.244,tof1,4x4,lying,-1,-1,-1,-1,-1,-1,174,166,183,170,160,160,171,163,161,164,0,0,0,0,0,0,1,1,1,1,1,1,1,1,1,1
2026-07-03T19:42:39.328,tof2,4x4,lying,2931,3252,-1,3324,2118,878,-1,3455,1693,914,1656,1364,934,1037,-1,1056,1,1,0,1,1,1,0,1,1,1,1,1,1,1,1,1
2026-07-03T19:42:39.402,tof1,4x4,lying,-1,-1,-1,-1,-1,-1,175,167,184,167,159,158,168,162,162,162,0,0,0,0,0,0,1,1,1,1,1,1,1,1,1,1
2026-07-03T19:42:39.485,tof2,4x4,lying,2965,3260,-1,3312,2187,880,2219,2790,1555,896,1746,-1,934,1028,-1,1056,1,1,0,1,1,1,1,1,1,1,1,0,1,1,1,1
2026-07-03T19:42:39.584,tof1,4x4,lying,-1,-1,-1,-1,-1,-1,174,168,183,167,159,158,169,163,161,162,0,0,0,0,0,0,1,1,1,1,1,1,1,1,1,1
2026-07-03T19:42:39.668,tof2,4x4,lying,2958,3260,3325,3301,-1,884,2196,2782,1557,909,1610,-1,927,1024,1062,1046,1,1,1,1,1,1,1,1,1,1,1,1,1,1,1,1
2026-07-03T19:42:39.752,tof1,4x4,lying,-1,-1,-1,-1,-1,-1,175,166,183,168,160,157,168,161,164,163,0,0,0,0,0,0,1,1,1,1,1,1,1,1,1,1
2026-07-03T19:42:39.825,tof2,4x4,lying,3020,3274,-1,3314,2126,864,-1,2853,1655,924,1460,-1,927,1033,1082,1050,1,1,0,1,1,1,0,1,1,1,1,0,1,1,1,1
2026-07-03T19:42:39.915,tof1,4x4,lying,-1,-1,-1,-1,-1,-1,174,167,185,169,158,158,168,161,160,162,0,0,0,0,0,0,1,1,1,1,1,1,1,1,1,1
2026-07-03T19:42:39.995,tof2,4x4,lying,3023,3254,-1,3288,2080,866,2159,3452,1650,906,1557,-1,937,1037,-1,1052,1,1,0,1,1,1,1,1,1,1,1,0,1,1,1,1
2026-07-03T19:42:40.090,tof1,4x4,lying,-1,-1,-1,-1,-1,-1,174,168,182,168,160,157,168,161,163,162,0,0,0,0,0,0,1,1,1,1,1,1,1,1,1,1
2026-07-03T19:42:40.161,tof2,4x4,lying,3080,3248,-1,3300,2140,873,2192,2791,1620,915,1537,-1,934,1033,1059,1033,1,1,0,1,1,1,1,1,1,1,1,0,1,1,1,1
2026-07-03T19:42:40.268,tof1,4x4,lying,-1,-1,-1,-1,-1,-1,174,167,182,168,160,158,169,161,162,162,0,0,0,0,0,0,1,1,1,1,1,1,1,1,1,1
2026-07-03T19:42:40.390,tof2,4x4,lying,2996,3250,-1,3331,2137,881,2178,3472,1661,904,1448,-1,942,1033,1061,1042,1,1,0,1,1,1,1,1,1,1,1,0,1,1,1,1
2026-07-03T19:42:40.468,tof1,4x4,lying,-1,-1,-1,-1,-1,-1,173,166,185,169,160,157,170,162,162,163,0,0,0,0,0,0,1,1,1,1,1,1,1,1,1,1
2026-07-03T19:42:40.584,tof2,4x4,lying,3009,3255,-1,3315,2139,882,2182,2838,1481,917,1394,-1,937,1033,-1,1061,1,1,1,1,1,1,1,1,1,1,1,0,1,1,1,1
2026-07-03T19:42:40.629,tof1,4x4,lying,-1,-1,-1,-1,-1,-1,175,166,186,168,158,157,168,162,162,161,0,0,0,0,0,0,1,1,1,1,1,1,1,1,1,1
2026-07-03T19:42:40.742,tof2,4x4,lying,3032,3282,-1,3299,2124,872,-1,3459,1646,918,1438,-1,937,1035,-1,1044,1,1,1,1,1,1,1,1,1,1,1,0,1,1,1,1
2026-07-03T19:42:40.812,tof1,4x4,lying,-1,-1,-1,-1,-1,-1,174,165,185,167,160,156,169,162,163,163,0,0,0,0,0,0,1,1,1,1,1,1,1,1,1,1
2026-07-03T19:42:40.919,tof2,4x4,lying,3036,3259,3264,3307,-1,873,-1,2844,1631,913,1535,-1,944,1032,1057,1055,1,1,1,1,0,1,1,1,1,1,1,0,1,1,1,1
2026-07-03T19:42:40.982,tof1,4x4,lying,-1,-1,-1,-1,-1,-1,174,167,182,167,160,157,168,161,161,162,0,0,0,0,0,0,1,1,1,1,1,1,1,1,1,1
2026-07-03T19:42:41.092,tof2,4x4,lying,2976,3273,-1,-1,-1,867,-1,3529,1679,912,1630,-1,937,1029,1065,1042,1,1,0,1,1,1,0,1,1,1,1,1,1,1,1,1
2026-07-03T19:42:41.137,tof1,4x4,lying,-1,-1,-1,-1,-1,-1,176,168,184,169,159,160,170,162,163,161,0,0,0,0,0,0,1,1,1,1,1,1,1,1,1,1
2026-07-03T19:42:41.249,tof2,4x4,lying,3021,3267,-1,3358,2127,881,2217,2825,1566,903,1515,-1,929,1026,1069,1044,1,1,0,1,1,1,1,1,1,1,1,0,1,1,1,1
2026-07-03T19:42:41.307,tof1,4x4,lying,-1,-1,-1,-1,-1,-1,174,167,187,167,159,158,170,162,162,161,0,0,0,0,0,0,1,1,1,1,1,1,1,1,1,1
2026-07-03T19:42:41.426,tof2,4x4,lying,2972,3246,-1,3321,2122,870,2151,2704,1412,911,1471,-1,931,1035,-1,1033,1,1,0,1,1,1,1,1,1,1,1,1,1,1,1,1
2026-07-03T19:42:41.485,tof1,4x4,lying,-1,-1,-1,-1,-1,-1,173,167,185,167,161,157,166,162,162,160,0,0,0,0,0,0,1,1,1,1,1,1,1,1,1,1
2026-07-03T19:42:41.603,tof2,4x4,lying,3063,3267,-1,3328,2105,879,-1,2868,1583,923,-1,-1,943,1032,-1,1042,1,1,1,1,1,1,0,1,1,1,1,0,1,1,1,1
2026-07-03T19:42:41.638,tof1,4x4,lying,-1,-1,-1,-1,-1,-1,175,168,183,168,160,158,169,161,161,162,0,0,0,0,0,0,1,1,1,1,1,1,1,1,1,1
2026-07-03T19:42:41.756,tof2,4x4,lying,2998,3254,-1,3310,2128,884,2153,-1,1546,905,1512,-1,933,1034,1066,1028,1,1,0,1,1,1,1,1,1,1,1,0,1,1,1,1
2026-07-03T19:42:41.816,tof1,4x4,lying,-1,-1,-1,-1,-1,-1,174,166,183,168,158,157,169,161,160,160,0,0,0,0,0,0,1,1,1,1,1,1,1,1,1,1
2026-07-03T19:42:41.970,tof1,4x4,lying,-1,-1,-1,-1,-1,-1,176,168,185,166,160,158,170,163,163,160,0,0,0,0,0,0,1,1,1,1,1,1,1,1,1,1
2026-07-03T19:42:41.926,tof2,4x4,lying,2983,3268,-1,3327,2093,895,-1,2861,1622,914,1376,-1,933,1029,1061,1050,1,1,0,1,1,1,0,1,1,1,1,0,1,1,1,1
2026-07-03T19:42:42.109,tof2,4x4,lying,3045,3261,-1,3285,2079,878,-1,2834,1720,916,1403,-1,930,1038,1062,1040,1,1,0,1,1,1,1,1,1,1,1,1,1,1,1,1
2026-07-03T19:42:42.149,tof1,4x4,lying,-1,-1,-1,-1,-1,-1,173,166,184,166,160,157,170,162,162,162,1,0,0,0,0,0,1,1,1,1,1,1,1,1,1,1
2026-07-03T19:42:42.299,tof2,4x4,lying,-1,3253,-1,3308,2115,869,-1,2835,1678,917,1651,-1,939,1030,1064,1043,1,1,0,1,1,1,1,1,1,1,1,0,1,1,1,1
2026-07-03T19:42:42.335,tof1,4x4,lying,-1,-1,-1,-1,-1,-1,176,168,188,171,160,157,169,163,162,163,0,0,0,0,0,0,1,1,1,1,1,1,1,1,1,1
2026-07-03T19:42:42.459,tof2,4x4,lying,2945,3257,-1,3316,-1,873,2207,2898,1520,915,1317,-1,936,1025,1071,1057,1,1,0,1,1,1,1,1,1,1,1,0,1,1,1,1
2026-07-03T19:42:42.516,tof1,4x4,lying,-1,-1,-1,-1,-1,-1,178,167,184,168,161,157,168,163,163,161,0,0,0,0,0,0,1,1,1,1,1,1,1,1,1,1
2026-07-03T19:42:42.634,tof2,4x4,lying,2963,3255,-1,3327,2117,882,2083,2828,1670,912,1482,-1,944,1025,1066,1051,1,1,1,1,1,1,1,1,1,1,1,1,1,1,1,1
2026-07-03T19:42:42.707,tof1,4x4,lying,-1,-1,-1,-1,-1,-1,173,168,184,167,161,156,172,163,163,161,0,0,0,0,0,0,1,1,1,1,1,1,1,1,1,1
2026-07-03T19:42:42.813,tof2,4x4,lying,3118,3255,-1,3280,-1,867,2190,2858,1644,925,1382,-1,938,1041,1068,1048,1,1,0,1,0,1,1,1,1,1,1,0,1,1,1,1
2026-07-03T19:42:42.867,tof1,4x4,lying,-1,-1,-1,-1,-1,-1,174,167,188,169,160,157,168,162,163,163,0,0,0,0,0,0,1,1,1,1,1,1,1,1,1,1
2026-07-03T19:42:42.980,tof2,4x4,lying,2959,3267,-1,3344,2119,865,2148,3455,1731,918,1527,1335,930,1033,1068,1042,1,1,1,1,1,1,1,1,1,1,1,1,1,1,1,1
2026-07-03T19:42:43.062,tof1,4x4,lying,-1,-1,-1,-1,-1,-1,174,167,184,167,160,158,170,160,162,162,0,0,0,0,0,0,1,1,1,1,1,1,1,1,1,1
2026-07-03T19:42:43.151,tof2,4x4,lying,3014,3258,-1,3308,2086,881,2161,2867,1651,909,1563,-1,935,1037,1061,1051,1,1,0,1,1,1,1,1,1,1,1,0,1,1,1,1
2026-07-03T19:42:43.277,tof1,4x4,lying,-1,-1,-1,-1,-1,-1,173,167,185,168,160,156,170,163,161,162,0,0,0,0,0,0,1,1,1,1,1,1,1,1,1,1
2026-07-03T19:42:43.327,tof2,4x4,lying,2996,3262,3266,3323,-1,880,2192,2800,1511,908,1444,-1,925,1030,1069,1058,1,1,1,1,1,1,1,1,1,1,1,0,1,1,1,1
2026-07-03T19:42:43.461,tof1,4x4,lying,-1,-1,-1,-1,-1,-1,174,165,187,168,160,158,168,162,162,163,0,0,0,0,0,0,1,1,1,1,1,1,1,1,1,1
2026-07-03T19:42:43.484,tof2,4x4,lying,3048,3250,-1,3324,2137,872,2156,2871,1565,908,1491,-1,936,1036,1063,1039,1,1,0,1,1,1,1,1,1,1,1,0,1,1,1,1
2026-07-03T19:42:43.643,tof1,4x4,lying,-1,-1,-1,-1,-1,-1,174,166,183,168,158,156,169,161,162,161,0,0,0,0,0,0,1,1,1,1,1,1,1,1,1,1
2026-07-03T19:42:43.666,tof2,4x4,lying,2983,3273,-1,3303,-1,871,2195,2835,1488,916,1534,-1,932,1034,1065,1061,1,1,1,1,0,1,1,1,1,1,1,0,1,1,1,1
2026-07-03T19:42:43.859,tof1,4x4,lying,-1,-1,-1,-1,-1,-1,174,166,182,169,160,156,170,161,163,161,0,0,0,0,0,0,1,1,1,1,1,1,1,1,1,1
2026-07-03T19:42:43.834,tof2,4x4,lying,3011,3255,-1,3302,2110,860,-1,2771,1580,915,1429,-1,930,1025,1064,1056,1,1,0,1,1,1,0,1,1,1,1,0,1,1,1,1
2026-07-03T19:42:44.072,tof1,4x4,lying,-1,-1,-1,-1,-1,-1,171,168,184,168,160,158,168,161,162,161,0,0,0,0,0,0,1,1,1,1,1,1,1,1,1,1
2026-07-03T19:42:44.004,tof2,4x4,lying,2961,3246,-1,3334,2128,873,2168,2848,1470,910,1703,2868,926,1027,1065,1048,1,1,0,1,1,1,1,1,1,1,1,1,1,1,1,1
2026-07-03T19:42:44.192,tof2,4x4,lying,2990,3263,3287,-1,-1,868,-1,2841,1591,914,1504,-1,936,1026,-1,1047,1,1,1,1,1,1,1,1,1,1,1,0,1,1,1,1
2026-07-03T19:42:44.268,tof1,4x4,lying,-1,-1,-1,-1,-1,-1,174,167,184,167,160,158,168,161,163,162,0,0,1,0,0,0,1,1,1,1,1,1,1,1,1,1
2026-07-03T19:42:44.429,tof1,4x4,lying,-1,-1,-1,-1,-1,-1,173,168,183,166,158,157,169,160,162,162,0,0,0,0,0,0,1,1,1,1,1,1,1,1,1,1
2026-07-03T19:42:44.364,tof2,4x4,lying,3010,3255,3289,3309,-1,856,2183,2814,1575,920,1648,-1,929,1033,1071,1037,1,1,1,1,1,1,1,1,1,1,1,1,1,1,1,1
2026-07-03T19:42:44.610,tof1,4x4,lying,-1,-1,-1,-1,-1,-1,174,166,184,167,160,156,169,161,162,160,0,0,0,0,0,0,1,1,1,1,1,1,1,1,1,1
2026-07-03T19:42:44.563,tof2,4x4,lying,2948,3253,3316,3294,2060,871,-1,2825,1578,908,1514,-1,933,1036,1063,1044,1,1,1,1,1,1,0,1,1,1,1,1,1,1,1,1
2026-07-03T19:42:44.719,tof2,4x4,lying,2979,3242,-1,3299,-1,878,2151,2870,1617,916,1476,2725,933,1037,1068,1046,1,1,1,1,1,1,1,1,1,1,1,1,1,1,1,1
2026-07-03T19:42:44.784,tof1,4x4,lying,-1,-1,-1,-1,-1,-1,173,166,185,167,160,157,168,161,161,160,0,0,0,0,0,0,1,1,1,1,1,1,1,1,1,1
2026-07-03T19:42:44.882,tof2,4x4,lying,2969,3261,-1,3299,-1,882,2164,2769,1708,916,1467,-1,932,1024,1072,1042,1,1,0,1,0,1,1,1,1,1,1,1,1,1,1,1
2026-07-03T19:42:44.952,tof1,4x4,lying,-1,-1,-1,-1,-1,-1,175,167,183,169,157,157,169,160,162,162,0,0,0,0,0,0,1,1,1,1,1,1,1,1,1,1
2026-07-03T19:42:45.294,tof1,4x4,lying,-1,-1,-1,-1,-1,-1,176,166,188,169,159,157,169,162,161,161,0,0,0,0,0,0,1,1,1,1,1,1,1,1,1,1
2026-07-03T19:42:45.293,tof2,4x4,lying,2974,3253,-1,3340,2131,895,-1,3488,1559,910,1515,-1,947,1036,1067,1046,1,1,0,1,1,1,1,1,1,1,1,0,1,1,1,1
2026-07-03T19:42:45.477,tof1,4x4,lying,-1,-1,-1,-1,-1,-1,174,167,183,168,158,158,168,161,161,161,0,0,0,0,0,0,1,1,1,1,1,1,1,1,1,1
2026-07-03T19:42:45.520,tof2,4x4,lying,3004,3257,-1,3329,-1,878,2148,3494,1656,903,1471,-1,940,1033,1068,1042,1,1,0,1,1,1,1,1,1,1,1,1,1,1,1,1
2026-07-03T19:42:45.634,tof1,4x4,lying,-1,-1,-1,-1,-1,-1,177,166,184,167,159,156,170,161,162,161,0,0,0,0,0,0,1,1,1,1,1,1,1,1,1,1
2026-07-03T19:42:45.680,tof2,4x4,lying,2872,3254,-1,3297,2152,874,-1,3464,1553,912,1420,-1,943,1038,-1,1054,1,1,0,1,1,1,1,1,1,1,1,0,1,1,1,1
2026-07-03T19:42:45.804,tof1,4x4,lying,-1,-1,-1,-1,-1,-1,174,167,186,169,160,157,169,161,162,162,0,0,0,0,0,0,1,1,1,1,1,1,1,1,1,1
2026-07-03T19:42:45.850,tof2,4x4,lying,3034,3260,3288,3319,2087,868,-1,2844,1583,916,1505,-1,932,1041,1065,1034,1,1,1,1,1,1,0,1,1,1,1,0,1,1,1,1
2026-07-03T19:42:45.971,tof1,4x4,lying,-1,-1,-1,-1,-1,-1,174,166,186,168,158,158,169,160,162,163,0,0,0,0,0,0,1,1,1,1,1,1,1,1,1,1
2026-07-03T19:42:46.028,tof2,4x4,lying,2958,3271,-1,3278,-1,867,-1,3490,1558,916,1413,-1,942,1035,1058,1042,1,1,0,1,0,1,0,1,1,1,1,0,1,1,1,1
2026-07-03T19:42:46.140,tof1,4x4,lying,-1,-1,-1,-1,-1,-1,172,167,184,169,159,156,170,161,162,161,0,0,0,0,1,0,1,1,1,1,1,1,1,1,1,1
2026-07-03T19:42:46.205,tof2,4x4,lying,2962,3253,-1,3329,-1,870,-1,2831,1671,921,1548,-1,937,1044,1075,1054,1,1,1,1,0,1,1,1,1,1,1,0,1,1,1,1
2026-07-03T19:42:46.337,tof1,4x4,lying,-1,-1,-1,-1,-1,-1,173,167,187,168,160,158,169,162,160,161,0,0,0,0,0,0,1,1,1,1,1,1,1,1,1,1
2026-07-03T19:42:46.369,tof2,4x4,lying,2928,3269,-1,3318,2218,880,2122,2834,1616,913,1560,-1,938,1034,1068,1061,1,1,0,1,1,1,1,1,1,1,1,0,1,1,1,1
2026-07-03T19:42:46.522,tof1,4x4,lying,-1,-1,-1,-1,-1,-1,175,169,189,168,158,158,168,161,162,162,0,0,0,0,0,0,1,1,1,1,1,1,1,1,1,1
2026-07-03T19:42:46.560,tof2,4x4,lying,-1,3261,-1,3291,2120,876,2173,3473,-1,915,1631,-1,930,1034,1070,1045,1,1,0,1,1,1,1,1,1,1,1,1,1,1,1,1
2026-07-03T19:42:46.688,tof1,4x4,lying,-1,-1,-1,-1,-1,-1,174,168,187,168,160,156,169,162,162,162,0,0,0,0,0,0,1,1,1,1,1,1,1,1,1,1
2026-07-03T19:42:46.725,tof2,4x4,lying,3017,3248,-1,3292,2093,891,2117,2882,1614,912,1660,-1,933,1029,1054,1051,1,1,0,1,1,1,1,1,1,1,1,1,1,1,1,1
2026-07-03T19:42:46.860,tof1,4x4,lying,-1,-1,-1,-1,-1,-1,174,168,185,168,160,157,171,162,162,161,0,0,0,0,0,0,1,1,1,1,1,1,1,1,1,1
2026-07-03T19:42:46.881,tof2,4x4,lying,2962,3277,3282,3317,2139,873,2193,3493,1582,913,1582,-1,926,1035,-1,1051,1,1,1,1,1,1,1,1,1,1,1,0,1,1,1,1
2026-07-03T19:42:47.027,tof1,4x4,lying,-1,-1,-1,-1,-1,-1,174,166,188,167,159,157,169,160,161,162,0,0,0,0,0,0,1,1,1,1,1,1,1,1,1,1
2026-07-03T19:42:47.037,tof2,4x4,lying,3067,3280,-1,3341,2151,876,-1,2852,1559,914,1468,-1,938,1025,1059,1046,1,1,0,1,1,1,1,1,1,1,1,0,1,1,1,1
2026-07-03T19:42:47.178,tof1,4x4,lying,-1,-1,-1,-1,-1,-1,174,166,183,168,159,157,169,162,162,161,0,0,0,0,0,0,1,1,1,1,1,1,1,1,1,1
2026-07-03T19:42:47.237,tof2,4x4,lying,3114,3249,-1,3329,2128,884,2139,2860,1604,913,1612,-1,940,1033,1058,1034,1,1,1,1,1,1,1,1,1,1,1,0,1,1,1,1
2026-07-03T19:42:47.354,tof1,4x4,lying,-1,-1,-1,-1,-1,-1,175,166,185,169,159,158,169,162,163,160,0,0,0,0,0,0,1,1,1,1,1,1,1,1,1,1
2026-07-03T19:42:47.393,tof2,4x4,lying,3027,3248,-1,3323,2126,878,-1,2816,1537,912,1566,1309,951,1030,1064,1049,1,1,0,1,1,1,1,1,1,1,1,1,1,1,1,1
2026-07-03T19:42:47.526,tof1,4x4,lying,-1,-1,-1,-1,-1,-1,173,167,185,168,159,157,169,162,161,161,0,0,0,0,0,0,1,1,1,1,1,1,1,1,1,1
2026-07-03T19:42:47.552,tof2,4x4,lying,2964,3246,-1,3331,2129,869,-1,2796,1627,911,1539,-1,940,1033,-1,1050,1,1,0,1,1,1,0,1,1,1,1,0,1,1,1,1
2026-07-03T19:42:47.681,tof1,4x4,lying,-1,-1,-1,-1,-1,-1,172,166,183,168,158,157,168,162,162,161,0,0,0,0,0,0,1,1,1,1,1,1,1,1,1,1
2026-07-03T19:42:47.740,tof2,4x4,lying,3033,3255,-1,3331,2147,879,2207,3371,1576,918,1644,-1,940,1027,1050,1043,1,1,0,1,1,1,1,1,1,1,1,0,1,1,1,1
2026-07-03T19:42:47.837,tof1,4x4,lying,-1,-1,-1,-1,-1,-1,173,167,185,167,158,158,169,162,161,160,0,0,0,0,0,0,1,1,1,1,1,1,1,1,1,1
2026-07-03T19:42:47.905,tof2,4x4,lying,3079,3258,-1,3316,-1,870,2159,2810,1684,907,1530,-1,944,1035,1065,1053,1,1,0,1,0,1,1,1,1,1,1,0,1,1,1,1
2026-07-03T19:42:47.995,tof1,4x4,lying,-1,-1,-1,-1,-1,-1,175,167,183,170,159,158,171,161,162,161,0,0,0,0,0,0,1,1,1,1,1,1,1,1,1,1
2026-07-03T19:42:48.063,tof2,4x4,lying,-1,3256,-1,3310,-1,891,-1,2824,1712,921,1637,-1,952,1029,1063,1049,1,1,0,1,0,1,0,1,1,1,1,1,1,1,1,1
2026-07-03T19:42:48.165,tof1,4x4,lying,-1,-1,-1,-1,-1,-1,175,168,183,168,160,156,167,160,160,162,0,0,0,0,0,0,1,1,1,1,1,1,1,1,1,1
2026-07-03T19:42:48.232,tof2,4x4,lying,2966,3265,-1,3348,-1,888,2168,3525,1623,912,1399,-1,931,1033,1057,1047,1,1,0,1,0,1,1,1,1,1,1,0,1,1,1,1
2026-07-03T19:42:48.323,tof1,4x4,lying,-1,-1,-1,-1,-1,-1,176,167,184,169,159,158,169,161,163,161,0,0,0,0,0,0,1,1,1,1,1,1,1,1,1,1
2026-07-03T19:42:48.429,tof2,4x4,lying,2970,3247,-1,3323,2064,872,-1,2820,1567,904,1555,-1,933,1033,1065,1053,1,1,0,1,1,1,0,1,1,1,1,0,1,1,1,1
2026-07-03T19:42:48.478,tof1,4x4,lying,-1,-1,-1,-1,-1,-1,173,168,184,167,158,156,169,161,160,162,0,0,0,0,0,0,1,1,1,1,1,1,1,1,1,1
2026-07-03T19:42:48.575,tof2,4x4,lying,3029,3259,-1,3321,-1,886,-1,2788,1509,911,1521,-1,942,1028,-1,1050,1,1,1,1,0,1,1,1,1,1,1,0,1,1,1,1
2026-07-03T19:42:48.637,tof1,4x4,lying,-1,-1,-1,-1,-1,-1,175,165,186,169,159,157,169,162,162,160,0,0,0,0,0,0,1,1,1,1,1,1,1,1,1,1
2026-07-03T19:42:48.729,tof2,4x4,lying,-1,3265,-1,3310,2115,883,2136,2771,1693,904,1635,-1,941,1036,1067,1046,0,1,0,1,1,1,1,1,1,1,1,0,1,1,1,1
2026-07-03T19:42:48.806,tof1,4x4,lying,-1,-1,-1,-1,-1,-1,175,166,184,170,159,158,169,163,162,160,0,0,0,0,0,0,1,1,1,1,1,1,1,1,1,1
2026-07-03T19:42:48.989,tof1,4x4,lying,-1,-1,-1,-1,-1,-1,176,169,185,167,159,158,169,162,161,162,0,0,0,0,0,0,1,1,1,1,1,1,1,1,1,1
2026-07-03T19:42:48.938,tof2,4x4,lying,2904,3269,-1,3299,2091,881,2092,3463,1677,914,1564,-1,932,1034,1060,1054,1,1,0,1,1,1,1,1,1,1,1,0,1,1,1,1
2026-07-03T19:42:49.164,tof1,4x4,lying,-1,-1,-1,-1,-1,-1,174,165,184,169,161,156,169,162,163,161,0,0,0,0,0,0,1,1,1,1,1,1,1,1,1,1
2026-07-03T19:42:49.122,tof2,4x4,lying,3023,3260,-1,3317,2187,873,2192,3453,1664,907,1340,-1,940,1023,1061,1057,1,1,0,1,1,1,1,1,1,1,1,0,1,1,1,1
2026-07-03T19:42:49.318,tof1,4x4,lying,-1,232,229,-1,230,-1,174,166,185,170,159,156,170,162,163,162,0,1,1,0,1,0,1,1,1,1,1,1,1,1,1,1
2026-07-03T19:42:49.289,tof2,4x4,lying,3050,3268,-1,3328,2112,878,-1,2821,1546,906,1314,-1,945,1020,1061,1041,1,1,0,1,1,1,0,1,1,1,1,0,1,1,1,1
2026-07-03T19:42:49.510,tof1,4x4,lying,-1,-1,-1,-1,-1,-1,174,166,185,169,161,156,169,163,162,162,0,0,0,0,0,0,1,1,1,1,1,1,1,1,1,1
2026-07-03T19:42:49.453,tof2,4x4,lying,-1,3268,-1,3293,-1,876,-1,2832,1490,925,1585,-1,929,1034,-1,1050,0,1,0,1,1,1,0,1,1,1,1,0,1,1,1,1
2026-07-03T19:42:49.601,tof2,4x4,lying,3029,3260,-1,3343,2152,871,2190,3455,1680,910,1505,-1,937,1025,1074,1054,1,1,1,1,1,1,1,1,1,1,1,0,1,1,1,1
2026-07-03T19:42:49.664,tof1,4x4,lying,-1,-1,-1,-1,-1,-1,176,167,190,168,159,156,170,162,162,161,0,0,0,0,0,0,1,1,1,1,1,1,1,1,1,1
2026-07-03T19:42:49.757,tof2,4x4,lying,3002,3255,-1,3317,-1,862,-1,2809,1618,915,1570,-1,940,1025,-1,1052,1,1,0,1,0,1,0,1,1,1,1,1,1,1,1,1
2026-07-03T19:42:49.833,tof1,4x4,lying,-1,-1,-1,-1,-1,-1,174,166,183,168,161,157,169,161,162,160,0,0,0,0,0,0,1,1,1,1,1,1,1,1,1,1
2026-07-03T19:42:49.933,tof2,4x4,lying,2910,3259,-1,3325,2144,879,-1,2810,1529,916,1551,1293,940,1030,-1,1057,1,1,0,1,1,1,1,1,1,1,1,1,1,1,1,1
2026-07-03T19:42:50.022,tof1,4x4,lying,-1,-1,-1,-1,-1,-1,175,166,188,168,161,158,172,162,162,161,0,0,0,0,0,0,1,1,1,1,1,1,1,1,1,1
2026-07-03T19:42:50.098,tof2,4x4,lying,2976,3271,-1,3303,2155,867,-1,2827,1654,917,1468,-1,927,1033,1072,1045,1,1,0,1,1,1,0,1,1,1,1,1,1,1,1,1
2026-07-03T19:42:50.183,tof1,4x4,lying,-1,-1,-1,-1,-1,-1,173,166,187,167,159,157,171,161,161,161,0,1,0,0,0,0,1,1,1,1,1,1,1,1,1,1
2026-07-03T19:42:50.261,tof2,4x4,lying,3004,3261,-1,3317,2165,862,-1,2846,1669,914,1471,-1,938,1033,1053,1062,1,1,0,1,1,1,0,1,1,1,1,0,1,1,1,1
2026-07-03T19:42:50.342,tof1,4x4,lying,-1,-1,-1,-1,-1,-1,174,167,187,168,160,156,170,164,161,159,0,0,1,0,0,0,1,1,1,1,1,1,1,1,1,1
2026-07-03T19:42:50.436,tof2,4x4,lying,-1,3257,-1,3308,-1,873,2170,2824,1597,916,1674,-1,931,1037,1068,1050,1,1,0,1,1,1,1,1,1,1,1,0,1,1,1,1
2026-07-03T19:42:50.517,tof1,4x4,lying,-1,232,-1,-1,231,-1,175,167,187,167,159,155,169,161,162,160,0,1,0,0,1,0,1,1,1,1,1,1,1,1,1,1
2026-07-03T19:42:50.616,tof2,4x4,lying,2951,3246,-1,3318,2111,873,-1,2772,1594,915,1480,-1,932,1035,1064,1044,1,1,0,1,1,1,0,1,1,1,1,1,1,1,1,1
2026-07-03T19:42:50.685,tof1,4x4,lying,-1,-1,-1,-1,-1,-1,176,166,188,169,159,156,168,163,162,162,0,0,0,0,0,0,1,1,1,1,1,1,1,1,1,1
2026-07-03T19:42:50.769,tof2,4x4,lying,-1,3254,-1,3354,-1,867,2224,2829,-1,914,1439,-1,926,1026,-1,1065,1,1,1,1,1,1,1,1,1,1,1,0,1,1,1,1
2026-07-03T19:42:50.844,tof1,4x4,lying,-1,-1,-1,-1,-1,-1,175,166,188,168,159,157,171,162,162,162,0,0,0,0,0,0,1,1,1,1,1,1,1,1,1,1
2026-07-03T19:42:50.945,tof2,4x4,lying,3015,3253,-1,3278,-1,888,2188,2806,1550,924,1593,-1,929,1035,1064,1041,1,1,1,1,0,1,1,1,1,1,1,0,1,1,1,1
2026-07-03T19:42:51.016,tof1,4x4,lying,-1,230,229,-1,232,-1,173,166,185,169,159,156,169,162,162,160,0,1,1,0,1,0,1,1,1,1,1,1,1,1,1,1
2026-07-03T19:42:51.171,tof1,4x4,lying,-1,-1,-1,-1,-1,-1,172,167,184,170,161,158,171,162,161,162,1,0,0,0,0,0,1,1,1,1,1,1,1,1,1,1
2026-07-03T19:42:51.122,tof2,4x4,lying,2998,3262,-1,3323,-1,877,-1,2878,1606,908,1505,-1,935,-1,1061,1046,1,1,0,1,0,1,1,1,1,1,1,0,1,1,1,1
2026-07-03T19:42:51.282,tof2,4x4,lying,2972,3247,-1,3314,2079,874,2149,2829,1622,906,1471,-1,933,1032,1070,1037,1,1,0,1,1,1,1,1,1,1,1,0,1,1,1,1
2026-07-03T19:42:51.337,tof1,4x4,lying,-1,-1,-1,-1,-1,-1,175,167,183,168,161,157,170,160,163,161,0,0,0,0,0,0,1,1,1,1,1,1,1,1,1,1
2026-07-03T19:42:51.489,tof1,4x4,lying,-1,-1,-1,-1,-1,-1,176,166,186,167,158,157,170,162,162,163,0,0,0,0,0,0,1,1,1,1,1,1,1,1,1,1
2026-07-03T19:42:51.437,tof2,4x4,lying,3033,3265,-1,3313,-1,880,2137,2788,1791,912,1521,-1,929,1038,1060,1033,1,1,0,1,0,1,1,1,1,1,1,1,1,1,1,1
2026-07-03T19:42:51.649,tof1,4x4,lying,-1,-1,-1,-1,-1,-1,173,168,188,169,159,157,170,162,162,161,0,0,0,0,0,0,1,1,1,1,1,1,1,1,1,1
2026-07-03T19:42:51.619,tof2,4x4,lying,2989,3268,-1,3318,2200,861,-1,2770,1519,917,1565,-1,929,1041,-1,1031,1,1,0,1,1,1,0,1,1,1,1,0,1,1,1,1
2026-07-03T19:42:51.807,tof1,4x4,lying,-1,-1,-1,-1,-1,-1,175,166,188,169,157,156,168,161,162,161,0,0,0,0,0,0,1,1,1,1,1,1,1,1,1,1
2026-07-03T19:42:51.794,tof2,4x4,lying,2999,3277,-1,3263,-1,855,2143,2816,1568,913,1537,-1,941,1031,1067,1056,1,1,0,1,1,1,1,1,1,1,1,0,1,1,1,1
2026-07-03T19:42:51.978,tof1,4x4,lying,-1,-1,-1,-1,-1,-1,176,167,188,168,158,156,169,162,162,159,0,0,0,0,0,0,1,1,1,1,1,1,1,1,1,1
2026-07-03T19:42:51.971,tof2,4x4,lying,3029,3244,-1,3343,2104,867,2128,2826,1660,917,1537,-1,933,1038,1058,1057,1,1,0,1,1,1,1,1,1,1,1,0,1,1,1,1
2026-07-03T19:42:52.154,tof1,4x4,lying,-1,-1,-1,-1,-1,-1,173,166,184,169,161,157,169,161,161,162,1,0,0,0,0,0,1,1,1,1,1,1,1,1,1,1
2026-07-03T19:42:52.131,tof2,4x4,lying,2872,3257,-1,3286,2162,868,-1,2862,1690,916,1434,-1,942,1026,-1,1050,1,1,0,1,1,1,0,1,1,1,1,1,1,1,1,1
2026-07-03T19:42:52.326,tof2,4x4,lying,2937,3257,3331,3323,-1,875,2168,2849,1572,917,1484,-1,936,1029,1064,1046,1,1,1,1,0,1,1,1,1,1,1,0,1,1,1,1
2026-07-03T19:42:52.465,tof1,4x4,lying,-1,-1,-1,-1,-1,-1,174,165,-1,168,160,155,168,162,162,161,0,0,0,0,0,0,1,1,0,1,1,1,1,1,1,1
2026-07-03T19:42:52.489,tof2,4x4,lying,3025,3248,-1,3320,2142,872,-1,2735,1716,926,1384,1279,933,1020,1066,1047,1,1,1,1,1,1,1,1,1,1,1,1,1,1,1,1
2026-07-03T19:42:52.643,tof1,4x4,lying,-1,-1,-1,-1,-1,-1,174,164,183,166,159,154,169,162,159,159,0,0,0,0,0,0,1,1,1,1,1,1,1,1,1,1
2026-07-03T19:42:52.685,tof2,4x4,lying,2931,3259,3332,3330,-1,873,-1,3450,1559,923,1566,-1,935,1024,-1,1049,1,1,1,1,0,1,1,1,1,1,1,0,1,1,1,1
2026-07-03T19:42:52.806,tof1,4x4,lying,-1,-1,-1,-1,-1,-1,172,164,-1,167,160,156,169,161,162,160,0,0,0,0,0,0,1,1,0,1,1,1,1,1,1,1
2026-07-03T19:42:52.853,tof2,4x4,lying,-1,3268,-1,3311,2103,859,2074,3488,1493,913,1423,-1,932,1036,1066,1055,1,1,0,1,1,1,1,1,1,1,1,0,1,1,1,1
2026-07-03T19:42:52.972,tof1,4x4,lying,-1,-1,-1,-1,-1,-1,174,168,-1,170,162,155,171,162,161,160,0,0,0,0,0,0,1,1,0,1,1,1,1,1,1,1
2026-07-03T19:42:53.006,tof2,4x4,lying,3000,3264,-1,3323,2141,862,2200,2818,-1,918,1497,-1,935,1029,1058,1048,1,1,1,1,1,1,1,1,1,1,1,0,1,1,1,1
2026-07-03T19:42:53.320,tof1,4x4,lying,-1,232,228,-1,233,-1,172,165,-1,169,159,155,170,162,160,160,1,1,1,0,1,0,1,1,0,1,1,1,1,1,1,1
2026-07-03T19:42:53.330,tof2,4x4,lying,3003,3267,-1,3290,-1,836,-1,2868,1691,914,1522,1273,937,1039,1071,1039,1,1,0,1,0,1,1,1,1,1,1,1,1,1,1,1
2026-07-03T19:42:53.494,tof1,4x4,lying,-1,-1,-1,-1,-1,-1,173,167,184,169,158,156,170,162,161,159,1,0,0,0,0,0,1,1,1,1,1,1,1,1,1,1
2026-07-03T19:42:53.588,tof2,4x4,lying,3024,3260,-1,3308,-1,-1,-1,2798,1539,918,1556,-1,933,1027,1064,1050,1,1,0,1,1,0,0,1,1,1,1,0,1,1,1,1
2026-07-03T19:42:53.666,tof1,4x4,lying,-1,229,232,-1,232,-1,175,167,183,168,155,155,170,162,160,161,0,1,1,0,1,0,1,1,1,1,1,1,1,1,1,1
2026-07-03T19:42:53.770,tof2,4x4,lying,2990,3244,-1,3310,-1,880,2218,2844,1570,898,1431,-1,935,1032,1053,1044,1,1,0,1,1,1,1,1,1,1,1,0,1,1,1,1
2026-07-03T19:42:53.849,tof1,4x4,lying,-1,-1,-1,-1,-1,-1,173,165,184,169,158,154,170,162,161,159,1,0,0,0,0,0,1,1,1,1,1,1,1,1,1,1
2026-07-03T19:42:53.935,tof2,4x4,lying,-1,3275,-1,3308,-1,840,-1,2758,1535,919,1684,-1,933,1029,1063,1054,0,1,0,1,0,1,1,1,1,1,1,0,1,1,1,1
2026-07-03T19:42:54.004,tof1,4x4,lying,-1,229,230,-1,230,-1,175,167,-1,169,158,156,170,162,162,160,0,1,1,0,1,0,1,1,0,1,1,1,1,1,1,1
2026-07-03T19:42:54.170,tof1,4x4,lying,-1,-1,-1,-1,-1,-1,172,165,-1,168,158,155,170,159,161,159,0,0,0,0,0,0,1,1,0,1,1,1,1,1,1,1
2026-07-03T19:42:54.260,tof2,4x4,lying,2962,3268,-1,3324,-1,-1,-1,2811,1593,906,1580,-1,936,1034,1078,1033,1,1,0,1,1,0,0,1,1,1,1,1,1,1,1,1
2026-07-03T19:42:54.334,tof1,4x4,lying,-1,-1,-1,-1,-1,-1,173,166,188,168,157,155,170,161,161,159,1,0,0,0,0,0,1,1,1,1,1,1,1,1,1,1
2026-07-03T19:42:54.424,tof2,4x4,lying,2990,3276,-1,3304,-1,-1,-1,2837,1511,919,1511,-1,941,1042,1057,1047,1,1,0,1,0,0,0,1,1,1,1,0,1,1,1,1
2026-07-03T19:42:54.502,tof1,4x4,lying,-1,-1,-1,-1,-1,-1,174,167,-1,168,160,155,168,161,161,160,0,0,0,0,0,0,1,1,0,1,1,1,1,1,1,1
2026-07-03T19:42:54.574,tof2,4x4,lying,-1,3254,-1,3324,-1,-1,-1,2811,1626,905,1409,-1,946,1032,1064,1037,0,1,1,1,0,0,0,1,1,1,1,0,1,1,1,1
2026-07-03T19:42:54.650,tof1,4x4,lying,-1,-1,-1,-1,234,-1,174,165,-1,167,156,154,169,161,160,160,0,0,0,0,1,0,1,1,0,1,1,1,1,1,1,1
2026-07-03T19:42:54.744,tof2,4x4,lying,3106,3258,-1,3309,-1,-1,-1,2788,1661,914,1641,-1,933,1036,1063,1057,1,1,0,1,0,0,0,1,1,1,1,0,1,1,1,1
2026-07-03T19:42:54.837,tof1,4x4,lying,-1,-1,-1,-1,-1,-1,174,165,-1,169,160,155,170,161,159,160,0,0,0,0,0,0,1,1,0,1,1,1,1,1,1,1
2026-07-03T19:42:54.918,tof2,4x4,lying,2972,3246,-1,3333,2081,-1,-1,3440,1666,917,1451,1354,930,1031,-1,1057,1,1,0,1,1,1,0,1,1,1,1,1,1,1,1,1
2026-07-03T19:42:55.010,tof1,4x4,lying,-1,-1,-1,-1,-1,-1,172,165,-1,167,158,155,170,161,160,158,0,0,0,0,0,0,1,1,0,1,1,1,1,1,1,1
2026-07-03T19:42:55.073,tof2,4x4,lying,2977,3259,-1,3307,-1,882,-1,2874,1595,907,-1,-1,935,1033,1068,1056,1,1,0,1,0,1,1,1,1,1,1,0,1,1,1,1
2026-07-03T19:42:55.164,tof1,4x4,lying,-1,-1,-1,-1,-1,-1,173,167,-1,168,159,154,169,162,161,158,0,0,0,0,0,0,1,1,0,1,1,1,1,1,1,1
2026-07-03T19:42:55.251,tof2,4x4,lying,2925,3267,-1,3282,-1,-1,-1,3468,1752,911,1519,2617,934,1035,1065,1052,1,1,0,1,0,0,1,1,1,1,1,1,1,1,1,1
2026-07-03T19:42:55.333,tof1,4x4,lying,-1,-1,-1,-1,-1,-1,171,164,-1,168,158,154,169,162,160,159,0,0,0,0,0,0,1,1,0,1,1,1,1,1,1,1
2026-07-03T19:42:55.411,tof2,4x4,lying,2997,3259,-1,3283,2029,840,2162,2821,1627,919,1527,-1,938,1032,-1,1053,1,1,1,1,1,1,1,1,1,1,1,1,1,1,1,1
2026-07-03T19:42:55.489,tof1,4x4,lying,-1,-1,-1,-1,-1,-1,175,166,-1,167,158,155,169,161,161,158,0,0,0,0,0,0,1,1,0,1,1,1,1,1,1,1
2026-07-03T19:42:55.565,tof2,4x4,lying,-1,3260,-1,3311,2128,861,2171,2751,1646,907,1725,-1,929,1027,1070,1047,0,1,0,1,1,1,1,1,1,1,1,1,1,1,1,1
2026-07-03T19:42:55.655,tof1,4x4,lying,223,230,230,-1,233,-1,175,165,-1,168,159,155,168,162,162,158,1,1,1,1,1,0,1,1,0,1,1,1,1,1,1,1
2026-07-03T19:42:55.731,tof2,4x4,lying,3002,3241,-1,3320,-1,882,2166,2772,1578,906,1583,-1,939,1032,1079,1040,1,1,1,1,1,1,1,1,1,1,1,0,1,1,1,1
2026-07-03T19:42:55.842,tof1,4x4,lying,-1,229,-1,-1,230,-1,173,165,-1,167,159,153,168,161,162,160,0,1,0,0,1,0,1,1,0,1,1,1,1,1,1,1
2026-07-03T19:42:55.879,tof2,4x4,lying,2970,3257,-1,3293,-1,877,-1,2847,1599,930,1561,-1,940,1027,-1,1045,1,1,0,1,0,1,1,1,1,1,1,0,1,1,1,1
2026-07-03T19:42:55.996,tof1,4x4,lying,-1,229,-1,-1,233,-1,172,165,-1,167,157,154,169,161,162,156,0,1,0,0,1,0,1,1,0,1,1,1,1,1,1,1
2026-07-03T19:42:56.076,tof2,4x4,lying,2992,3254,-1,3352,2074,879,-1,2798,1611,910,1525,-1,935,1030,1052,1041,1,1,0,1,1,1,1,1,1,1,1,1,1,1,1,1
2026-07-03T19:42:56.158,tof1,4x4,lying,-1,-1,-1,-1,-1,-1,172,166,-1,166,158,154,169,159,159,159,0,0,0,0,0,0,1,1,0,1,1,1,1,1,1,1
2026-07-03T19:42:56.229,tof2,4x4,lying,3006,3255,-1,3319,2109,873,-1,3420,1692,913,1330,2571,925,1022,1064,1057,1,1,1,1,1,1,1,1,1,1,1,1,1,1,1,1
2026-07-03T19:42:56.327,tof1,4x4,lying,-1,229,-1,-1,231,-1,171,164,-1,167,157,153,169,162,161,158,0,1,0,0,1,0,1,1,0,1,1,1,1,1,1,1
2026-07-03T19:42:56.406,tof2,4x4,lying,2996,3256,-1,3303,-1,876,2193,2855,-1,923,1501,-1,946,1037,1064,1047,1,1,0,1,1,1,1,1,1,1,1,1,1,1,1,1
2026-07-03T19:42:56.489,tof1,4x4,lying,-1,229,-1,-1,231,-1,174,166,-1,167,159,155,169,160,160,158,0,1,0,0,1,0,1,1,0,1,1,1,1,1,1,1
2026-07-03T19:42:56.579,tof2,4x4,lying,2993,3253,-1,3330,-1,867,-1,2809,1681,915,1343,-1,939,1030,1057,1045,1,1,0,1,0,1,1,1,1,1,1,1,1,1,1,1
2026-07-03T19:42:56.650,tof1,4x4,lying,-1,-1,-1,-1,-1,-1,173,165,-1,168,156,156,169,160,161,158,1,0,0,0,0,0,1,1,0,1,1,1,1,1,1,1
2026-07-03T19:42:56.739,tof2,4x4,lying,2946,3270,3282,3314,-1,883,2128,2852,1617,915,1490,-1,933,1023,1076,1040,1,1,1,1,0,1,1,1,1,1,1,0,1,1,1,1
2026-07-03T19:42:56.810,tof1,4x4,lying,-1,-1,-1,-1,-1,-1,173,166,-1,166,158,154,168,160,159,157,0,0,0,0,0,0,1,1,0,1,1,1,1,1,1,1
2026-07-03T19:42:56.892,tof2,4x4,lying,3060,3262,-1,3322,2117,872,2115,2830,1509,912,1518,-1,928,1031,-1,1041,1,1,0,1,1,1,1,1,1,1,1,0,1,1,1,1
2026-07-03T19:42:56.963,tof1,4x4,lying,-1,-1,-1,-1,-1,-1,173,163,-1,167,158,154,168,160,159,158,0,0,0,0,0,0,1,1,0,1,1,1,1,1,1,1
2026-07-03T19:42:57.061,tof2,4x4,lying,3006,3269,-1,3323,-1,875,2156,3433,1580,931,1492,-1,928,1043,1069,1051,1,1,1,1,0,1,1,1,1,1,1,0,1,1,1,1
2026-07-03T19:42:57.135,tof1,4x4,lying,-1,228,-1,-1,228,-1,172,164,-1,166,158,154,169,160,160,158,0,1,1,0,1,0,1,1,0,1,1,1,1,1,1,1
2026-07-03T19:42:57.221,tof2,4x4,lying,3053,3256,-1,3330,2093,886,-1,2854,1580,921,1463,-1,933,1031,1062,1032,1,1,0,1,1,1,1,1,1,1,1,0,1,1,1,1
2026-07-03T19:42:57.304,tof1,4x4,lying,-1,229,231,-1,232,-1,172,164,-1,167,158,154,170,160,158,158,0,1,1,0,1,0,1,1,0,1,1,1,1,1,1,1
2026-07-03T19:42:57.680,tof2,4x4,lying,-1,3248,-1,3332,2135,875,-1,2823,1661,916,1461,-1,944,1030,-1,1051,1,1,0,1,1,1,1,1,1,1,1,0,1,1,1,1
2026-07-03T19:42:57.711,tof1,4x4,lying,222,229,-1,-1,230,-1,172,165,-1,167,156,150,169,161,159,157,1,1,0,0,1,0,1,1,0,1,1,1,1,1,1,1
2026-07-03T19:42:57.894,tof1,4x4,lying,-1,-1,-1,-1,-1,-1,172,165,-1,168,159,156,169,160,160,158,0,0,0,0,0,0,1,1,0,1,1,1,1,1,1,1
2026-07-03T19:42:57.847,tof2,4x4,lying,3012,3248,-1,3313,2121,866,-1,2897,1540,914,1511,-1,950,1029,1069,1035,1,1,0,1,1,1,1,1,1,1,1,0,1,1,1,1
2026-07-03T19:42:58.053,tof1,4x4,lying,-1,-1,-1,-1,-1,-1,172,165,-1,168,157,154,168,160,158,158,0,0,0,0,0,0,1,1,0,1,1,1,1,1,1,1
2026-07-03T19:42:58.013,tof2,4x4,lying,3031,3256,-1,3307,-1,873,2203,2859,1581,905,1605,-1,936,1034,1069,1050,1,1,1,1,1,1,1,1,1,1,1,0,1,1,1,1
2026-07-03T19:42:58.173,tof2,4x4,lying,3018,3269,3333,3375,2157,862,-1,2865,1528,911,1400,-1,927,1032,1071,1056,1,1,1,1,1,1,0,1,1,1,1,0,1,1,1,1
2026-07-03T19:42:58.228,tof1,4x4,lying,-1,229,228,-1,231,-1,172,164,-1,168,158,155,169,159,162,158,0,1,1,0,1,0,1,1,0,1,1,1,1,1,1,1
2026-07-03T19:42:58.335,tof2,4x4,lying,2969,3250,-1,3315,2116,869,2175,2929,-1,920,1569,-1,942,1032,-1,1046,1,1,1,1,1,1,1,1,1,1,1,0,1,1,1,1
2026-07-03T19:42:58.406,tof1,4x4,lying,-1,231,-1,-1,231,-1,173,164,-1,167,157,152,169,161,158,158,0,1,0,0,1,0,1,1,0,1,1,1,1,1,1,1
2026-07-03T19:42:58.566,tof1,4x4,lying,-1,228,-1,-1,231,-1,173,164,-1,167,158,153,169,159,157,157,0,1,0,0,1,0,1,1,0,1,1,1,1,1,1,1
2026-07-03T19:42:58.508,tof2,4x4,lying,-1,3262,-1,3286,2202,879,2198,2885,1761,915,1509,-1,-1,1036,1052,1052,1,1,0,1,1,1,1,1,1,1,1,0,1,1,1,1
2026-07-03T19:42:58.689,tof2,4x4,lying,2906,3260,-1,3342,2176,874,-1,2860,1643,920,1496,-1,941,1031,1063,1049,1,1,0,1,1,1,0,1,1,1,1,0,1,1,1,1
2026-07-03T19:42:58.769,tof1,4x4,lying,-1,-1,-1,-1,-1,-1,173,163,-1,166,158,154,169,160,158,157,1,0,0,0,0,0,1,1,0,1,1,1,1,1,1,1
2026-07-03T19:42:58.883,tof2,4x4,lying,3006,3263,-1,3316,-1,882,-1,2871,1842,906,1496,-1,932,1038,1058,1054,1,1,0,1,1,1,0,1,1,1,1,1,1,1,1,1
2026-07-03T19:42:58.956,tof1,4x4,lying,-1,226,-1,-1,229,-1,172,163,-1,165,157,151,168,160,158,157,0,1,0,0,1,0,1,1,0,1,1,1,1,1,1,1
2026-07-03T19:42:59.046,tof2,4x4,lying,2977,3248,3318,3320,2065,875,-1,2880,1661,904,1381,-1,928,1041,1057,1050,1,1,1,1,1,1,1,1,1,1,1,0,1,1,1,1
2026-07-03T19:42:59.118,tof1,4x4,lying,224,225,-1,-1,229,-1,173,163,-1,166,157,151,170,159,160,157,1,1,0,0,1,0,1,1,0,1,1,1,1,1,1,1
2026-07-03T19:42:59.213,tof2,4x4,lying,2922,3249,-1,3303,-1,868,-1,2957,1718,904,1344,-1,935,1039,1054,-1,1,1,0,1,1,1,0,1,1,1,1,1,1,1,1,1
2026-07-03T19:42:59.285,tof1,4x4,lying,-1,230,-1,-1,231,-1,172,163,-1,165,156,151,168,160,158,155,0,1,0,0,1,0,1,1,0,1,1,1,1,1,1,1
2026-07-03T19:42:59.646,tof1,4x4,lying,-1,228,-1,-1,233,-1,173,162,-1,166,158,154,167,161,159,156,0,1,0,0,1,0,1,1,0,1,1,1,1,1,1,1
2026-07-03T19:42:59.675,tof2,4x4,lying,3079,3248,-1,3344,-1,872,-1,2883,1606,919,1427,-1,929,1027,1067,1052,1,1,0,1,0,1,0,1,1,1,1,0,1,1,1,1
2026-07-03T19:42:59.808,tof1,4x4,lying,-1,229,-1,-1,231,-1,172,164,-1,165,156,154,167,159,158,156,0,1,0,0,1,0,1,1,0,1,1,1,1,1,1,1
2026-07-03T19:42:59.873,tof2,4x4,lying,2992,3234,-1,3296,-1,876,2162,3513,1509,908,1527,-1,940,1027,1054,1048,1,1,0,1,1,1,1,1,1,1,1,0,1,1,1,1
2026-07-03T19:42:59.976,tof1,4x4,lying,-1,232,-1,-1,233,-1,171,164,-1,168,157,152,168,159,158,156,0,1,0,0,1,0,1,1,0,1,1,1,1,1,1,1
2026-07-03T19:43:00.076,tof2,4x4,lying,-1,3254,-1,3296,2274,883,2180,2878,1559,914,1484,-1,945,1034,1062,1051,1,1,0,1,1,1,1,1,1,1,1,0,1,1,1,1
2026-07-03T19:43:00.154,tof1,4x4,lying,-1,228,-1,-1,232,-1,172,162,-1,165,156,153,166,158,156,156,0,1,0,0,1,0,1,1,0,1,1,1,1,1,1,1
2026-07-03T19:43:00.250,tof2,4x4,lying,3000,3244,-1,3346,2122,874,2114,2872,1621,910,1475,-1,933,1036,-1,1056,1,1,0,1,1,1,1,1,1,1,1,0,1,1,1,1
2026-07-03T19:43:00.357,tof1,4x4,lying,220,228,232,-1,231,-1,170,163,-1,165,157,152,167,158,157,155,1,1,1,0,1,0,1,1,0,1,1,1,1,1,1,1
2026-07-03T19:43:00.450,tof2,4x4,lying,2931,3271,-1,3321,2107,884,2167,2885,1512,911,1625,-1,935,1026,1065,1031,1,1,0,1,1,1,1,1,1,1,1,0,1,1,1,1
2026-07-03T19:43:00.517,tof1,4x4,lying,223,230,-1,-1,233,-1,172,163,-1,166,156,151,169,160,159,155,1,1,0,0,1,0,1,1,0,1,1,1,1,1,1,1
2026-07-03T19:43:00.610,tof2,4x4,lying,2965,3245,-1,3331,-1,884,2110,2892,1652,912,1443,-1,932,1034,1065,1045,1,1,0,1,1,1,1,1,1,1,1,0,1,1,1,1
2026-07-03T19:43:00.698,tof1,4x4,lying,-1,227,229,-1,233,-1,173,164,-1,167,157,153,167,160,158,157,1,1,1,0,1,0,1,1,0,1,1,1,1,1,1,1
2026-07-03T19:43:00.785,tof2,4x4,lying,3054,3253,-1,3322,-1,879,2174,-1,1678,919,1503,-1,935,-1,1068,1042,1,1,1,1,0,1,1,1,1,1,1,0,1,1,1,1
2026-07-03T19:43:00.917,tof1,4x4,lying,-1,227,-1,-1,233,-1,172,164,-1,167,156,153,167,159,157,156,0,1,0,0,1,0,1,1,0,1,1,1,1,1,1,1
2026-07-03T19:43:00.983,tof2,4x4,lying,3004,3266,-1,3360,2139,875,2143,2935,1546,911,1463,-1,935,1027,1069,1048,1,1,0,1,1,1,1,1,1,1,1,1,1,1,1,1
2026-07-03T19:43:01.071,tof1,4x4,lying,-1,229,-1,-1,231,-1,172,163,-1,165,156,154,166,159,157,157,0,1,0,0,1,0,1,1,0,1,1,1,1,1,1,1
2026-07-03T19:43:01.162,tof2,4x4,lying,3045,3259,-1,3286,2163,871,2154,2856,1627,906,1498,-1,936,1034,1059,1038,1,1,0,1,1,1,1,1,1,1,1,0,1,1,1,1
2026-07-03T19:43:01.251,tof1,4x4,lying,-1,229,-1,-1,229,-1,172,163,-1,166,155,152,168,160,160,155,1,1,0,1,1,0,1,1,0,1,1,1,1,1,1,1
2026-07-03T19:43:01.315,tof2,4x4,lying,2978,3278,-1,3317,-1,877,2184,2904,1606,916,1459,-1,935,1031,-1,1043,1,1,0,1,0,1,1,1,1,1,1,0,1,1,1,1
2026-07-03T19:43:01.429,tof1,4x4,lying,-1,232,-1,-1,230,-1,173,164,-1,165,156,153,167,159,160,156,0,1,1,0,1,0,1,1,0,1,1,1,1,1,1,1
2026-07-03T19:43:01.478,tof2,4x4,lying,2960,3250,-1,3275,-1,865,-1,2876,1562,919,1498,-1,932,1025,1065,1040,1,1,1,1,1,1,0,1,1,1,1,0,1,1,1,1
2026-07-03T19:43:01.600,tof1,4x4,lying,-1,227,-1,-1,230,-1,173,162,-1,165,156,151,167,159,159,157,0,1,0,0,1,0,1,1,0,1,1,1,1,1,1,1
2026-07-03T19:43:01.638,tof2,4x4,lying,2989,3237,-1,3305,-1,867,-1,2901,1572,915,1498,-1,932,1039,1062,1051,1,1,0,1,0,1,0,1,1,1,1,0,1,1,1,1
2026-07-03T19:43:01.793,tof1,4x4,lying,-1,230,-1,-1,232,-1,172,163,-1,164,157,152,169,159,160,156,0,1,0,0,1,0,1,1,0,1,1,1,1,1,1,1
2026-07-03T19:43:01.836,tof2,4x4,lying,2962,3265,-1,3308,2107,867,2155,2830,1514,909,1544,-1,939,1035,-1,1057,1,1,1,1,1,1,1,1,1,1,1,0,1,1,1,1
2026-07-03T19:43:01.981,tof1,4x4,lying,-1,229,-1,-1,228,-1,171,163,-1,167,157,151,170,158,158,156,0,1,0,0,1,0,1,1,0,1,1,1,1,1,1,1
2026-07-03T19:43:02.010,tof2,4x4,lying,-1,3267,-1,3316,-1,861,2121,2896,1589,909,1546,-1,945,1033,1074,1051,1,1,1,1,0,1,1,1,1,1,1,0,1,1,1,1
2026-07-03T19:43:02.139,tof1,4x4,lying,-1,-1,-1,-1,234,-1,171,162,-1,167,156,152,168,159,157,154,0,0,0,0,1,0,1,1,0,1,1,1,1,1,1,1
2026-07-03T19:43:02.216,tof2,4x4,lying,2977,3275,-1,3349,-1,865,2136,2872,1618,916,1454,-1,943,1029,1057,1049,1,1,0,1,1,1,1,1,1,1,1,0,1,1,1,1
2026-07-03T19:43:02.327,tof1,4x4,lying,3460,-1,227,-1,231,-1,169,162,-1,166,155,151,167,158,157,155,1,0,1,0,1,0,1,1,0,1,1,1,1,1,1,1
2026-07-03T19:43:02.398,tof2,4x4,lying,2968,3260,3283,3333,2146,881,2172,3399,1574,912,1460,-1,942,1036,1064,1052,1,1,1,1,1,1,1,1,1,1,1,0,1,1,1,1
2026-07-03T19:43:02.502,tof1,4x4,lying,225,228,227,-1,230,-1,171,161,-1,166,155,150,167,159,157,154,1,1,1,0,1,0,1,1,0,1,1,1,1,1,1,1
2026-07-03T19:43:02.600,tof2,4x4,lying,3027,3254,-1,3305,2142,865,-1,2913,1571,906,1430,-1,935,1030,1074,1051,1,1,1,1,1,1,0,1,1,1,1,1,1,1,1,1
2026-07-03T19:43:02.668,tof1,4x4,lying,-1,226,-1,-1,231,-1,170,161,-1,164,155,151,169,160,157,154,0,1,0,0,1,0,1,1,0,1,1,1,1,1,1,1
2026-07-03T19:43:02.766,tof2,4x4,lying,2930,3253,-1,3297,2107,867,2161,2877,1611,916,1361,-1,935,1017,1064,1055,1,1,1,1,1,1,1,1,1,1,1,0,1,1,1,1
2026-07-03T19:43:02.847,tof1,4x4,lying,-1,-1,-1,-1,231,-1,169,162,-1,165,155,150,167,159,157,154,0,0,0,0,1,0,1,1,0,1,1,1,1,1,1,1
2026-07-03T19:43:02.944,tof2,4x4,lying,2980,3267,-1,3286,2079,871,-1,2885,1631,916,1480,-1,924,1032,1060,1057,1,1,0,1,1,1,0,1,1,1,1,0,1,1,1,1
2026-07-03T19:43:03.013,tof1,4x4,lying,-1,229,-1,-1,232,-1,170,161,-1,164,154,151,166,158,157,154,0,1,0,0,1,0,1,1,0,1,1,1,1,1,1,1
2026-07-03T19:43:03.176,tof1,4x4,lying,-1,229,-1,-1,230,-1,170,162,-1,164,156,149,167,159,157,154,0,1,0,0,1,0,1,1,0,1,1,1,1,1,1,1
2026-07-03T19:43:03.120,tof2,4x4,lying,2986,3255,-1,3309,2142,868,2224,2891,1550,913,1478,-1,927,1031,1066,1041,1,1,0,1,1,1,1,1,1,1,1,0,1,1,1,1
2026-07-03T19:43:03.319,tof2,4x4,lying,3013,3248,-1,3329,2095,883,2058,2926,1648,898,1567,-1,941,1025,1061,1051,1,1,0,1,1,1,1,1,1,1,1,0,1,1,1,1
2026-07-03T19:43:03.346,tof1,4x4,lying,-1,229,-1,-1,230,-1,170,162,-1,164,157,152,167,158,158,154,0,1,0,0,1,0,1,1,0,1,1,1,1,1,1,1
2026-07-03T19:43:03.514,tof1,4x4,lying,-1,231,-1,-1,229,-1,168,162,-1,164,154,149,167,158,159,154,0,1,0,0,1,0,1,1,0,1,1,1,1,1,1,1
2026-07-03T19:43:03.495,tof2,4x4,lying,3010,3267,-1,3350,2149,874,-1,2909,1640,920,1642,-1,926,1034,1060,1052,1,1,0,1,1,1,1,1,1,1,1,0,1,1,1,1
2026-07-03T19:43:03.688,tof1,4x4,lying,-1,228,-1,-1,231,-1,170,162,-1,166,156,150,166,159,155,153,0,1,0,0,1,0,1,1,0,1,1,1,1,1,1,1
2026-07-03T19:43:03.656,tof2,4x4,lying,2966,3261,-1,3310,-1,894,2116,2901,1518,913,1485,-1,932,1034,1069,1038,1,1,0,1,0,1,1,1,1,1,1,1,1,1,1,1
2026-07-03T19:43:03.864,tof1,4x4,lying,-1,227,-1,-1,230,-1,172,163,-1,164,155,151,167,158,157,153,0,1,0,0,1,0,1,1,0,1,1,1,1,1,1,1
2026-07-03T19:43:03.827,tof2,4x4,lying,2977,3250,3319,3337,2133,875,2183,2898,1678,918,1596,-1,943,1031,1057,1062,1,1,1,1,1,1,1,1,1,1,1,0,1,1,1,1
2026-07-03T19:43:03.991,tof2,4x4,lying,3011,3260,-1,3343,-1,844,2196,2876,1612,913,1533,-1,925,1035,-1,1052,1,1,0,1,1,1,1,1,1,1,1,1,1,1,1,1
2026-07-03T19:43:04.035,tof1,4x4,lying,216,227,214,217,234,-1,171,161,-1,165,155,148,167,159,155,155,1,1,1,1,1,0,1,1,0,1,1,1,1,1,1,1
2026-07-03T19:43:04.213,tof1,4x4,lying,-1,225,-1,-1,234,-1,170,161,-1,164,156,151,168,158,158,154,0,1,0,0,1,0,1,1,0,1,1,1,1,1,1,1
2026-07-03T19:43:04.178,tof2,4x4,lying,2990,3246,-1,3301,-1,855,-1,2892,1553,917,-1,-1,927,1031,1069,1061,1,1,0,1,0,1,0,1,1,1,1,0,1,1,1,1
2026-07-03T19:43:04.403,tof1,4x4,lying,-1,226,-1,-1,229,-1,171,160,-1,164,156,151,166,158,154,154,0,1,0,1,1,0,1,1,0,1,1,1,1,1,1,1
2026-07-03T19:43:04.373,tof2,4x4,lying,2942,3236,-1,3320,-1,910,-1,2858,1634,910,1555,-1,946,1029,1064,1052,1,1,0,1,1,1,0,1,1,1,1,0,1,1,1,1
2026-07-03T19:43:04.584,tof1,4x4,lying,-1,224,-1,-1,229,-1,171,163,-1,163,155,150,167,158,155,154,0,1,0,0,1,0,1,1,0,1,1,1,1,1,1,1
2026-07-03T19:43:04.576,tof2,4x4,lying,-1,3252,-1,3278,-1,883,2156,2864,1655,913,1402,-1,939,1043,1066,1053,0,1,1,1,0,1,1,1,1,1,1,0,1,1,1,1
2026-07-03T19:43:04.910,tof1,4x4,lying,-1,227,-1,-1,231,-1,172,161,-1,167,155,150,166,158,156,154,0,1,0,0,1,0,1,1,0,1,1,1,1,1,1,1
2026-07-03T19:43:04.881,tof2,4x4,lying,2995,3260,-1,3263,2110,-1,2095,2886,1583,911,1554,-1,944,1024,1064,1035,1,1,1,1,1,0,1,1,1,1,1,0,1,1,1,1
2026-07-03T19:43:05.126,tof1,4x4,lying,-1,226,-1,-1,231,-1,171,161,-1,165,155,150,168,158,156,155,0,1,0,0,1,0,1,1,0,1,1,1,1,1,1,1
2026-07-03T19:43:05.127,tof2,4x4,lying,3044,3257,-1,3301,-1,859,-1,2903,1543,906,-1,-1,939,1032,1059,1048,1,1,0,1,1,1,0,1,1,1,1,0,1,1,1,1
2026-07-03T19:43:05.478,tof1,4x4,lying,-1,227,-1,-1,232,-1,169,162,-1,164,155,149,168,158,157,154,0,1,0,0,1,0,1,1,0,1,1,1,1,1,1,1
2026-07-03T19:43:05.361,tof2,4x4,lying,-1,3262,-1,3297,2141,870,-1,2886,1579,921,1468,-1,946,1036,1057,1045,1,1,0,1,1,1,0,1,1,1,1,0,1,1,1,1
2026-07-03T19:43:05.677,tof1,4x4,lying,-1,227,-1,-1,231,-1,173,161,-1,164,156,151,167,157,157,153,0,1,0,0,1,0,1,1,0,1,1,1,1,1,1,1
2026-07-03T19:43:05.569,tof2,4x4,lying,2933,3257,-1,3310,2140,840,2166,2907,1657,913,1374,-1,934,1032,1061,1058,1,1,1,1,1,1,1,1,1,1,1,1,1,1,1,1
2026-07-03T19:43:06.702,tof1,4x4,lying,-1,226,-1,-1,228,-1,171,162,-1,165,154,150,168,158,158,153,0,1,0,0,1,0,1,1,0,1,1,1,1,1,1,1
2026-07-03T19:43:06.699,tof2,4x4,lying,3019,3257,-1,3306,-1,891,-1,2870,1483,915,1513,-1,928,1036,1061,1049,1,1,0,1,0,1,1,1,1,1,1,0,1,1,1,1
2026-07-03T19:43:06.950,tof1,4x4,lying,216,224,-1,-1,228,-1,162,155,171,159,150,145,160,151,152,146,1,1,0,0,1,0,1,1,1,1,1,1,1,1,1,1
2026-07-03T19:43:07.119,tof2,4x4,lying,-1,3254,-1,3321,2113,872,-1,2896,1588,917,1532,-1,941,-1,1066,1050,0,1,1,1,1,1,0,1,1,1,1,1,1,1,1,1
2026-07-03T19:43:07.333,tof1,4x4,lying,217,-1,-1,-1,233,-1,163,155,175,158,150,144,160,154,151,150,1,0,0,0,1,0,1,1,1,1,1,1,1,1,1,1
2026-07-03T19:43:07.315,tof2,4x4,lying,3007,3235,-1,3329,2124,880,-1,2908,1569,917,1459,-1,940,1039,-1,1051,1,1,0,1,1,1,0,1,1,1,1,0,1,1,1,1
2026-07-03T19:43:07.743,tof1,4x4,lying,220,225,-1,-1,229,-1,163,158,174,159,150,145,161,153,151,150,1,1,0,0,1,0,1,1,1,1,1,1,1,1,1,1
2026-07-03T19:43:07.745,tof2,4x4,lying,-1,3251,-1,3338,2168,877,2099,2901,1602,914,1505,-1,932,1038,1068,1046,1,1,0,1,1,1,1,1,1,1,1,0,1,1,1,1
2026-07-03T19:43:08.124,tof1,4x4,lying,-1,-1,-1,-1,233,-1,163,158,175,161,151,147,161,153,153,150,0,0,0,0,1,0,1,1,1,1,1,1,1,1,1,1
2026-07-03T19:43:08.132,tof2,4x4,lying,2958,3254,3242,3368,2080,883,-1,2908,1598,910,1606,-1,939,1029,1057,1058,1,1,1,1,1,1,0,1,1,1,1,0,1,1,1,1
2026-07-03T19:43:08.345,tof1,4x4,lying,-1,224,-1,-1,-1,-1,167,158,175,161,154,147,163,153,153,151,0,1,0,0,0,0,1,1,1,1,1,1,1,1,1,1
2026-07-03T19:43:08.570,tof1,4x4,lying,223,226,-1,214,230,-1,167,158,178,161,151,146,163,155,153,152,1,1,0,1,1,0,1,1,1,1,1,1,1,1,1,1
2026-07-03T19:43:08.485,tof2,4x4,lying,2967,3262,-1,3340,2099,881,-1,2867,1559,918,1512,-1,937,1041,1059,1057,1,1,0,1,1,1,1,1,1,1,1,0,1,1,1,1
2026-07-03T19:43:08.735,tof1,4x4,lying,-1,225,-1,-1,230,-1,168,159,175,159,152,147,165,155,154,151,0,1,0,0,1,0,1,1,1,1,1,1,1,1,1,1
2026-07-03T19:43:08.651,tof2,4x4,lying,-1,3261,-1,3348,-1,879,-1,2913,1710,909,1605,-1,933,1032,-1,1052,0,1,0,1,0,1,1,1,1,1,1,1,1,1,1,1
2026-07-03T19:43:08.893,tof1,4x4,lying,217,225,-1,-1,226,-1,166,159,-1,162,153,148,163,156,154,151,1,1,0,0,1,0,1,1,0,1,1,1,1,1,1,1
2026-07-03T19:43:08.805,tof2,4x4,lying,2997,3257,3415,3313,-1,880,2187,2904,1536,916,1453,-1,934,1031,-1,1049,1,1,1,1,1,1,1,1,1,1,1,0,1,1,1,1
2026-07-03T19:43:09.055,tof1,4x4,lying,222,225,-1,-1,229,-1,166,158,-1,159,149,148,164,154,152,152,1,1,0,0,1,0,1,1,0,1,1,1,1,1,1,1
2026-07-03T19:43:08.967,tof2,4x4,lying,3023,3263,3320,3324,2022,865,2205,2910,1597,914,1423,-1,925,1028,1072,1059,1,1,1,1,1,1,1,1,1,1,1,0,1,1,1,1
2026-07-03T19:43:09.133,tof2,4x4,lying,3051,3258,-1,3323,2092,878,-1,2888,1546,914,1395,-1,941,1027,1063,1051,1,1,1,1,1,1,1,1,1,1,1,1,1,1,1,1
2026-07-03T19:43:09.218,tof1,4x4,lying,-1,226,-1,-1,-1,-1,167,160,-1,162,153,148,163,156,154,151,0,1,0,0,0,0,1,1,0,1,1,1,1,1,1,1
2026-07-03T19:43:09.331,tof2,4x4,lying,3045,3239,-1,3300,-1,878,2181,2866,1659,913,1579,-1,933,1039,1064,1053,1,1,0,1,1,1,1,1,1,1,1,0,1,1,1,1
2026-07-03T19:43:09.389,tof1,4x4,lying,222,223,-1,-1,227,-1,164,160,-1,163,152,147,164,155,154,151,1,1,0,0,1,0,1,1,0,1,1,1,1,1,1,1
2026-07-03T19:43:09.484,tof2,4x4,lying,2988,3252,-1,3319,2112,875,2154,2893,1548,915,1541,-1,933,1035,1066,1066,1,1,0,1,1,1,1,1,1,1,1,0,1,1,1,1
2026-07-03T19:43:09.573,tof1,4x4,lying,-1,228,-1,-1,231,-1,166,160,-1,161,152,148,165,154,153,151,1,1,0,0,1,0,1,1,0,1,1,1,1,1,1,1
2026-07-03T19:43:09.657,tof2,4x4,lying,2991,3272,-1,3307,-1,875,2169,2908,1629,917,1505,-1,938,1028,-1,-1,1,1,0,1,1,1,1,1,1,1,1,1,1,1,1,1
2026-07-03T19:43:09.728,tof1,4x4,lying,222,224,-1,-1,230,-1,166,158,-1,162,152,148,166,155,155,150,1,1,0,0,1,0,1,1,0,1,1,1,1,1,1,1
2026-07-03T19:43:09.828,tof2,4x4,lying,2981,3259,-1,3345,2118,889,2190,2859,-1,912,1381,-1,934,1035,1078,1046,1,1,0,1,1,1,1,1,1,1,1,1,1,1,1,1
2026-07-03T19:43:09.905,tof1,4x4,lying,218,227,-1,-1,230,-1,167,159,-1,161,151,147,163,155,154,151,1,1,0,0,1,0,1,1,0,1,1,1,1,1,1,1
2026-07-03T19:43:09.998,tof2,4x4,lying,2970,3253,-1,3299,2124,891,2118,2894,1681,914,-1,-1,931,1023,1062,1050,1,1,1,1,1,1,1,1,1,1,1,0,1,1,1,1
2026-07-03T19:43:10.076,tof1,4x4,lying,222,226,-1,-1,-1,-1,166,159,-1,161,152,150,164,156,155,151,1,1,0,0,0,0,1,1,0,1,1,1,1,1,1,1
2026-07-03T19:43:10.174,tof2,4x4,lying,3012,3273,-1,3295,-1,889,1970,2905,1525,910,1487,-1,932,1042,-1,1041,1,1,0,1,0,1,1,1,1,1,1,0,1,1,1,1
2026-07-03T19:43:10.236,tof1,4x4,lying,-1,221,-1,-1,230,-1,168,159,-1,160,152,148,164,156,154,150,0,1,0,0,1,0,1,1,0,1,1,1,1,1,1,1
2026-07-03T19:43:10.332,tof2,4x4,lying,-1,3269,-1,3309,-1,879,-1,2863,1579,921,1642,-1,930,1022,1058,1044,0,1,0,1,0,1,1,1,1,1,1,0,1,1,1,1
2026-07-03T19:43:10.389,tof1,4x4,lying,219,224,-1,-1,228,-1,167,158,-1,162,151,147,163,153,152,151,1,1,0,0,1,0,1,1,0,1,1,1,1,1,1,1
2026-07-03T19:43:10.495,tof2,4x4,lying,3001,3251,-1,3370,-1,886,2196,2916,1644,921,-1,1327,935,1026,-1,1051,1,1,0,1,1,1,1,1,1,1,1,1,1,1,1,1
2026-07-03T19:43:10.584,tof1,4x4,lying,219,222,-1,-1,229,-1,167,158,178,161,150,148,163,153,154,150,1,1,0,0,1,0,1,1,1,1,1,1,1,1,1,1
2026-07-03T19:43:10.656,tof2,4x4,lying,3072,3254,-1,3324,2146,886,2157,2870,1612,899,1646,-1,952,1007,-1,1047,1,1,0,1,1,1,1,1,1,1,1,0,1,1,1,1
2026-07-03T19:43:10.741,tof1,4x4,lying,-1,225,-1,-1,229,-1,167,159,-1,161,152,149,163,155,155,153,0,1,0,1,1,0,1,1,0,1,1,1,1,1,1,1
2026-07-03T19:43:10.815,tof2,4x4,lying,3024,3251,-1,3335,-1,855,2138,2896,1639,856,1430,-1,925,957,-1,1050,1,1,0,1,0,1,1,1,1,1,1,0,1,1,1,1
2026-07-03T19:43:10.921,tof1,4x4,lying,-1,224,-1,-1,228,-1,169,162,-1,163,155,149,165,157,155,154,0,1,0,0,1,0,1,1,0,1,1,1,1,1,1,1
2026-07-03T19:43:11.005,tof2,4x4,lying,3008,3245,-1,3314,2193,1911,-1,2899,1577,826,1463,-1,933,835,1082,1046,1,1,0,1,1,1,1,1,1,1,1,1,1,1,1,1
2026-07-03T19:43:11.095,tof1,4x4,lying,-1,232,-1,-1,228,-1,173,165,-1,165,158,153,170,160,159,157,1,1,0,0,1,0,1,1,0,1,1,1,1,1,1,1
2026-07-03T19:43:11.163,tof2,4x4,lying,2953,3253,-1,3316,2148,1916,-1,2913,1583,817,1414,-1,932,785,1071,1040,1,1,0,1,1,1,0,1,1,1,1,1,1,1,1,1
2026-07-03T19:43:11.253,tof1,4x4,lying,-1,-1,-1,-1,-1,-1,172,164,-1,166,155,154,167,157,157,156,0,0,0,0,0,0,1,1,0,1,1,1,1,1,1,1
2026-07-03T19:43:11.337,tof2,4x4,lying,2949,3253,-1,3339,-1,1336,2240,2902,1546,823,1609,-1,921,774,1087,1054,1,1,0,1,1,1,1,1,1,1,1,0,1,1,1,1
2026-07-03T19:43:11.417,tof1,4x4,lying,-1,228,-1,-1,231,-1,172,165,-1,166,155,151,168,158,158,156,0,1,0,0,1,0,1,1,0,1,1,1,1,1,1,1
2026-07-03T19:43:11.499,tof2,4x4,lying,3110,3252,-1,3331,2059,1324,-1,2847,-1,814,1409,-1,935,827,1114,1046,1,1,0,1,1,1,1,1,1,1,1,0,1,1,1,1
2026-07-03T19:43:11.628,tof1,4x4,lying,-1,225,-1,-1,231,-1,172,163,-1,166,154,150,167,157,156,155,0,1,0,0,1,0,1,1,0,1,1,1,1,1,1,1
2026-07-03T19:43:11.717,tof2,4x4,lying,2932,3264,-1,3293,2095,1326,2200,2881,1590,858,1524,-1,935,820,1111,1047,1,1,0,1,1,1,1,1,1,1,1,0,1,1,1,1
2026-07-03T19:43:11.819,tof1,4x4,lying,-1,-1,-1,-1,-1,-1,174,166,-1,166,157,155,169,161,160,159,0,0,0,0,0,0,1,1,0,1,1,1,1,1,1,1
2026-07-03T19:43:11.891,tof2,4x4,lying,-1,3266,-1,3287,2071,1320,2171,2924,1617,936,1459,-1,930,820,1108,1039,0,1,0,1,1,1,1,1,1,1,1,0,1,1,1,1
2026-07-03T19:43:11.981,tof1,4x4,lying,-1,-1,-1,-1,232,-1,173,165,-1,165,158,153,167,160,158,156,0,0,0,0,1,0,1,1,0,1,1,1,1,1,1,1
2026-07-03T19:43:12.047,tof2,4x4,lying,-1,3262,-1,3280,2131,1373,-1,2904,-1,1317,1437,-1,923,908,1106,1044,0,1,0,1,1,1,1,1,1,1,1,0,1,1,1,1
2026-07-03T19:43:12.130,tof1,4x4,lying,222,226,229,-1,234,-1,172,165,-1,166,157,152,168,160,160,156,1,1,1,0,1,0,1,1,0,1,1,1,1,1,1,1
2026-07-03T19:43:12.202,tof2,4x4,lying,3075,3248,-1,3317,2113,1331,2165,2919,1559,-1,-1,-1,914,914,-1,1038,1,1,1,1,1,1,1,1,1,1,1,0,1,1,1,1
2026-07-03T19:43:12.284,tof1,4x4,lying,-1,230,-1,-1,232,-1,176,166,-1,166,158,154,167,160,158,158,0,1,0,0,1,0,1,1,1,1,1,1,1,1,1,1
2026-07-03T19:43:12.362,tof2,4x4,lying,-1,3252,-1,3313,2141,1364,-1,2895,1617,-1,1483,-1,931,947,1063,1059,0,1,0,1,1,1,0,1,1,0,1,0,1,1,1,1
2026-07-03T19:43:12.455,tof1,4x4,lying,-1,-1,-1,-1,-1,-1,173,165,-1,166,160,155,168,160,159,159,0,0,0,0,0,0,1,1,0,1,1,1,1,1,1,1
2026-07-03T19:43:12.529,tof2,4x4,lying,-1,3280,-1,3333,-1,1363,2171,2884,1574,1375,1494,-1,932,930,1066,1049,1,1,1,1,0,1,1,1,1,1,1,1,1,1,1,1
2026-07-03T19:43:12.631,tof1,4x4,lying,-1,-1,-1,-1,-1,-1,177,171,-1,173,162,159,174,165,165,163,0,0,0,1,0,0,1,1,0,1,1,1,1,1,1,1
2026-07-03T19:43:12.686,tof2,4x4,lying,2985,3271,-1,3328,-1,1460,-1,2849,1604,-1,-1,-1,928,944,-1,1056,1,1,0,1,1,1,0,1,1,1,1,0,1,1,1,1
2026-07-03T19:43:12.796,tof1,4x4,lying,-1,-1,-1,-1,-1,-1,178,169,-1,170,160,157,173,163,165,162,0,0,0,0,0,0,1,1,0,1,1,1,1,1,1,1
2026-07-03T19:43:12.865,tof2,4x4,lying,3007,3249,-1,3328,2174,1404,2156,2918,1653,-1,1549,-1,926,951,-1,1042,1,1,1,1,1,1,1,1,1,0,1,0,1,1,1,1
2026-07-03T19:43:12.968,tof1,4x4,lying,-1,-1,-1,-1,-1,-1,177,169,-1,173,162,158,173,162,163,163,0,0,0,0,0,0,1,1,0,1,1,1,1,1,1,1
2026-07-03T19:43:13.065,tof2,4x4,lying,2989,3268,-1,3314,2082,1348,2153,2933,1535,1234,1470,-1,922,948,1081,1049,1,1,0,1,1,1,1,1,1,1,1,0,1,1,1,1
2026-07-03T19:43:13.135,tof1,4x4,lying,-1,-1,-1,-1,-1,-1,178,170,-1,172,165,161,173,167,166,165,0,0,0,0,0,0,1,1,0,1,1,1,1,1,1,1
2026-07-03T19:43:13.236,tof2,4x4,lying,2945,3245,-1,3294,2159,1385,-1,2910,1536,1313,-1,-1,931,954,1068,1049,1,1,1,1,1,1,1,1,1,1,1,0,1,1,1,1
2026-07-03T19:43:13.312,tof1,4x4,lying,-1,-1,-1,-1,-1,-1,178,170,-1,174,163,161,174,166,165,163,0,0,0,0,0,0,1,1,0,1,1,1,1,1,1,1
2026-07-03T19:43:13.386,tof2,4x4,lying,2992,3247,-1,3336,2162,1858,-1,2896,1613,1293,-1,-1,950,957,1055,1052,1,1,0,1,1,1,0,1,1,1,1,0,1,1,1,1
2026-07-03T19:43:13.471,tof1,4x4,lying,-1,-1,-1,-1,-1,-1,178,171,-1,174,164,161,174,165,166,166,0,0,0,0,0,0,1,1,0,1,1,1,1,1,1,1
2026-07-03T19:43:13.571,tof2,4x4,lying,2994,3252,3285,3336,2040,1352,2162,2863,1455,1283,-1,-1,935,949,1076,1052,1,1,1,1,1,1,1,1,1,1,1,0,1,1,1,1
2026-07-03T19:43:13.687,tof1,4x4,lying,-1,-1,-1,-1,-1,-1,179,171,-1,173,163,159,175,165,165,164,0,0,0,0,0,0,1,1,0,1,1,1,1,1,1,1
2026-07-03T19:43:13.762,tof2,4x4,lying,3013,3257,3318,3330,2123,1887,2142,2881,1509,1238,-1,-1,923,957,-1,1046,1,1,1,1,1,1,1,1,1,1,1,1,1,1,1,1
2026-07-03T19:43:13.872,tof1,4x4,lying,-1,-1,-1,-1,-1,-1,177,170,-1,172,165,161,173,164,165,164,0,1,0,0,0,0,1,1,0,1,1,1,1,1,1,1
2026-07-03T19:43:13.923,tof2,4x4,lying,3065,3259,-1,3341,-1,1365,2125,2893,1479,1271,1505,-1,936,956,1068,1047,1,1,0,1,0,1,1,1,1,1,1,0,1,1,1,1
2026-07-03T19:43:14.033,tof1,4x4,lying,-1,-1,-1,-1,-1,-1,176,167,-1,171,162,159,173,162,164,161,0,0,0,0,0,0,1,1,0,1,1,1,1,1,1,1
2026-07-03T19:43:14.089,tof2,4x4,lying,-1,3261,-1,3319,-1,-1,-1,2899,1553,1298,1457,-1,927,948,1059,1061,0,1,0,1,0,1,1,1,1,1,1,1,1,1,1,1
2026-07-03T19:43:14.201,tof1,4x4,lying,-1,-1,-1,-1,230,-1,167,161,178,164,158,152,167,159,157,158,0,0,0,0,1,0,1,1,1,1,1,1,1,1,1,1
2026-07-03T19:43:14.269,tof2,4x4,lying,3060,3268,-1,3319,2270,1339,2156,2879,1704,1258,-1,-1,926,948,1078,1051,1,1,0,1,1,1,1,1,1,1,1,0,1,1,1,1
2026-07-03T19:43:14.387,tof1,4x4,lying,-1,225,-1,-1,-1,-1,166,158,174,162,153,148,164,158,157,156,0,1,0,0,0,0,1,1,1,1,1,1,1,1,1,1
2026-07-03T19:43:14.442,tof2,4x4,lying,2953,3249,3281,3306,2113,1917,2158,2889,-1,1243,1418,-1,943,952,-1,1059,1,1,1,1,1,1,1,1,1,1,1,0,1,1,1,1
2026-07-03T19:43:14.592,tof1,4x4,lying,-1,-1,-1,-1,-1,167,159,154,166,153,148,146,158,153,155,155,0,0,0,0,0,1,1,1,1,1,1,1,1,1,1,1
2026-07-03T19:43:14.607,tof2,4x4,lying,-1,3248,-1,3296,2142,1924,2040,3488,1592,-1,1558,-1,935,956,1069,1048,1,1,0,1,1,1,1,1,1,0,1,1,1,1,1,1
2026-07-03T19:43:14.750,tof1,4x4,lying,215,222,-1,-1,224,-1,159,154,169,155,147,142,159,153,151,153,1,1,0,0,1,0,1,1,1,1,1,1,1,1,1,1
2026-07-03T19:43:14.791,tof2,4x4,lying,2993,3267,-1,3296,2102,1886,-1,2874,-1,-1,1441,-1,939,946,1071,1049,1,1,0,1,1,1,0,1,1,1,1,1,1,1,1,1
2026-07-03T19:43:14.946,tof1,4x4,lying,-1,-1,-1,-1,-1,-1,158,154,167,154,146,144,156,149,149,147,0,0,0,0,0,0,1,1,1,1,1,1,1,1,1,1
2026-07-03T19:43:14.951,tof2,4x4,lying,3017,3261,-1,3328,2092,1915,-1,2903,1530,-1,-1,-1,929,947,-1,1046,1,1,0,1,1,1,1,1,1,1,1,0,1,1,1,1
2026-07-03T19:43:15.104,tof1,4x4,lying,216,225,-1,-1,228,-1,163,157,170,156,150,145,157,150,149,148,1,1,0,0,1,0,1,1,1,1,1,1,1,1,1,1
2026-07-03T19:43:15.143,tof2,4x4,lying,2985,3253,-1,3283,2179,1908,-1,2881,1539,-1,1372,-1,934,955,-1,1051,1,1,0,1,1,1,1,1,1,1,1,0,1,1,1,1
2026-07-03T19:43:15.285,tof1,4x4,lying,215,224,-1,-1,228,-1,162,157,171,156,149,146,158,152,151,147,1,1,0,0,1,0,1,1,1,1,1,1,1,1,1,1
2026-07-03T19:43:15.299,tof2,4x4,lying,2954,3261,3271,3327,-1,1373,2236,3427,1669,-1,1378,-1,930,956,1064,1048,1,1,1,1,1,1,1,1,1,1,1,0,1,1,1,1
2026-07-03T19:43:15.455,tof1,4x4,lying,219,226,-1,-1,-1,-1,165,160,171,159,150,148,159,151,153,151,1,1,0,0,0,0,1,1,1,1,1,1,1,1,1,1
2026-07-03T19:43:15.506,tof2,4x4,lying,3002,3256,3340,3318,-1,1376,2116,2857,1707,1245,-1,-1,921,949,1070,1050,1,1,1,1,1,1,1,1,1,1,1,0,1,1,1,1
2026-07-03T19:43:15.624,tof1,4x4,lying,219,225,-1,-1,229,-1,163,158,171,157,152,147,159,152,150,150,1,1,0,0,1,0,1,1,1,1,1,1,1,1,1,1
2026-07-03T19:43:15.689,tof2,4x4,lying,2923,3244,-1,3293,2152,1401,2215,2887,1566,1269,1386,-1,927,951,1073,1051,1,1,0,1,1,1,1,1,1,1,1,1,1,1,1,1
2026-07-03T19:43:15.809,tof1,4x4,lying,-1,-1,-1,-1,-1,-1,158,156,163,152,146,145,151,147,148,147,0,0,0,0,0,0,1,1,1,1,1,1,1,1,1,1
2026-07-03T19:43:16.037,tof1,4x4,lying,215,-1,-1,-1,227,-1,163,157,168,154,147,145,156,148,148,148,1,0,0,0,1,0,1,1,1,1,1,1,1,1,1,1
2026-07-03T19:43:16.078,tof2,4x4,lying,3003,3274,-1,3331,2018,1372,2129,-1,1631,-1,-1,-1,935,945,1071,1050,1,1,0,1,1,1,1,1,1,1,1,0,1,1,1,1
2026-07-03T19:43:16.223,tof1,4x4,lying,-1,-1,-1,-1,227,-1,164,161,169,157,151,149,155,149,151,150,0,0,0,0,1,0,1,1,1,1,1,1,1,1,1,1
2026-07-03T19:43:16.252,tof2,4x4,lying,3043,3266,3250,3309,2122,1387,2177,2911,-1,-1,1470,-1,930,950,1064,1053,1,1,1,1,1,1,1,1,1,0,1,0,1,1,1,1
2026-07-03T19:43:16.389,tof1,4x4,lying,-1,-1,-1,-1,-1,-1,166,161,168,158,150,148,157,149,150,152,0,0,0,0,0,0,1,1,1,1,1,1,1,1,1,1
2026-07-03T19:43:16.441,tof2,4x4,lying,2968,3255,3328,3319,2126,1351,-1,2883,1656,-1,-1,-1,929,955,1080,1052,1,1,1,1,1,1,0,1,1,0,1,0,1,1,1,1
2026-07-03T19:43:16.587,tof1,4x4,lying,-1,227,-1,-1,230,-1,170,162,174,162,154,151,160,154,155,155,0,1,0,0,1,0,1,1,1,1,1,1,1,1,1,1
2026-07-03T19:43:16.635,tof2,4x4,lying,2937,3258,-1,3312,2091,1360,2225,2914,1590,1301,-1,-1,933,945,1065,1052,1,1,0,1,1,1,1,1,1,1,1,0,1,1,1,1
2026-07-03T19:43:16.790,tof1,4x4,lying,-1,224,-1,-1,229,-1,169,163,171,159,152,149,158,151,152,153,1,1,0,0,1,0,1,1,1,1,1,1,1,1,1,1
2026-07-03T19:43:16.845,tof2,4x4,lying,2997,3249,-1,3299,-1,-1,2141,2894,1544,-1,-1,1346,933,952,-1,1050,1,1,0,1,0,0,1,1,1,0,1,1,1,1,1,1
2026-07-03T19:43:16.970,tof1,4x4,lying,221,229,-1,-1,230,-1,168,162,170,159,155,149,158,152,153,153,1,1,0,0,1,0,1,1,1,1,1,1,1,1,1,1
2026-07-03T19:43:17.029,tof2,4x4,lying,2964,3255,-1,3323,-1,-1,-1,2870,1588,1270,-1,-1,935,950,-1,1054,1,1,0,1,1,1,1,1,1,1,1,0,1,1,1,1
2026-07-03T19:43:17.141,tof1,4x4,lying,-1,227,-1,-1,-1,-1,166,161,173,160,152,151,158,151,149,152,1,1,0,0,0,0,1,1,1,1,1,1,1,1,1,1
2026-07-03T19:43:17.186,tof2,4x4,lying,2993,3254,-1,3308,2128,1869,-1,2904,1602,-1,1456,-1,919,950,1075,1039,1,1,0,1,1,1,0,1,1,1,1,1,1,1,1,1
2026-07-03T19:43:17.299,tof1,4x4,lying,218,226,-1,-1,228,-1,169,163,172,159,154,150,158,153,152,155,1,1,0,0,1,0,1,1,1,1,1,1,1,1,1,1
2026-07-03T19:43:17.355,tof2,4x4,lying,2915,3274,-1,3293,-1,1399,-1,2864,1659,1261,-1,-1,935,948,-1,1050,1,1,0,1,0,1,0,1,1,1,1,0,1,1,1,1
2026-07-03T19:43:17.458,tof1,4x4,lying,-1,229,-1,-1,232,-1,169,164,173,159,155,150,160,153,154,153,0,1,0,0,1,0,1,1,1,1,1,1,1,1,1,1
2026-07-03T19:43:17.547,tof2,4x4,lying,2947,3261,-1,3334,2126,1366,-1,2883,1673,1235,-1,-1,924,945,-1,1034,1,1,1,1,1,1,0,1,1,1,1,0,1,1,1,1
2026-07-03T19:43:17.631,tof1,4x4,lying,218,225,-1,-1,229,-1,167,164,172,159,153,148,158,153,153,154,1,1,0,0,1,0,1,1,1,1,1,1,1,1,1,1
2026-07-03T19:43:17.714,tof2,4x4,lying,2992,3243,-1,3310,-1,1860,-1,3493,-1,-1,-1,-1,935,944,-1,1051,1,1,0,1,0,1,0,1,1,0,1,1,1,1,1,1
2026-07-03T19:43:17.788,tof1,4x4,lying,220,225,-1,-1,230,-1,170,162,175,161,154,150,161,153,154,153,1,1,0,0,1,0,1,1,1,1,1,1,1,1,1,1
2026-07-03T19:43:17.878,tof2,4x4,lying,2904,3269,-1,3337,-1,1387,2131,2925,1565,-1,-1,-1,927,949,1071,1054,1,1,0,1,1,1,1,1,1,0,1,0,1,1,1,1
2026-07-03T19:43:17.966,tof1,4x4,lying,-1,-1,-1,-1,232,-1,169,164,175,161,157,153,160,156,155,154,0,0,0,0,1,0,1,1,1,1,1,1,1,1,1,1
2026-07-03T19:43:18.040,tof2,4x4,lying,3019,3257,3316,3291,-1,1357,-1,2914,1565,-1,1455,-1,918,933,1085,1046,1,1,1,1,1,1,0,1,1,0,1,0,1,1,1,1
2026-07-03T19:43:18.121,tof1,4x4,lying,-1,226,-1,-1,229,-1,169,163,175,164,154,152,161,154,155,153,0,1,0,0,1,0,1,1,1,1,1,1,1,1,1,1
2026-07-03T19:43:18.195,tof2,4x4,lying,3026,3266,-1,3320,2177,1380,2203,2880,1546,1245,1421,-1,930,943,1073,1050,1,1,0,1,1,1,1,1,1,1,1,0,1,1,1,1
2026-07-03T19:43:18.302,tof1,4x4,lying,3390,-1,-1,-1,231,-1,172,165,176,165,158,154,163,156,157,156,1,0,0,0,1,0,1,1,1,1,1,1,1,1,1,1
2026-07-03T19:43:18.371,tof2,4x4,lying,3043,3261,-1,3289,2182,-1,2163,2890,1613,1320,1514,-1,925,951,1057,1051,1,1,1,1,1,1,1,1,1,1,1,0,1,1,1,1
2026-07-03T19:43:18.472,tof1,4x4,lying,-1,-1,-1,-1,-1,-1,173,166,178,164,158,156,163,156,156,156,0,0,0,1,0,0,1,1,1,1,1,1,1,1,1,1
2026-07-03T19:43:18.630,tof1,4x4,lying,-1,228,-1,-1,230,-1,171,166,177,163,156,153,162,155,155,155,0,1,0,0,1,0,1,1,1,1,1,1,1,1,1,1
2026-07-03T19:43:18.573,tof2,4x4,lying,3028,3252,3331,3284,2121,1869,2165,2886,1564,-1,1473,-1,935,964,-1,1046,1,1,1,1,1,1,1,1,1,1,1,0,1,1,1,1
2026-07-03T19:43:18.742,tof2,4x4,lying,2998,3255,-1,3308,2055,1328,-1,2883,1597,-1,-1,-1,924,947,-1,1056,1,1,1,1,1,1,1,1,1,0,1,1,1,1,1,1
2026-07-03T19:43:18.825,tof1,4x4,lying,-1,229,-1,-1,232,-1,172,166,178,164,156,154,163,156,156,157,0,1,0,0,1,0,1,1,1,1,1,1,1,1,1,1
2026-07-03T19:43:18.924,tof2,4x4,lying,3055,3257,-1,3287,2128,1351,2199,2885,1636,-1,-1,-1,928,949,1062,1053,1,1,0,1,1,1,1,1,1,0,1,0,1,1,1,1
2026-07-03T19:43:18.993,tof1,4x4,lying,-1,-1,-1,-1,231,-1,174,166,179,164,158,153,161,156,155,156,1,0,0,0,1,0,1,1,1,1,1,1,1,1,1,1
2026-07-03T19:43:19.090,tof2,4x4,lying,-1,3264,-1,3260,2124,1361,2108,2834,1674,1337,-1,-1,931,956,1072,1051,1,1,0,1,1,1,1,1,1,1,1,0,1,1,1,1
2026-07-03T19:43:19.518,tof1,4x4,lying,-1,-1,-1,-1,-1,-1,173,169,178,166,157,155,163,156,158,157,0,0,0,0,0,0,1,1,1,1,1,1,1,1,1,1
2026-07-03T19:43:19.520,tof2,4x4,lying,3033,3278,-1,3337,-1,1332,-1,2826,1462,1270,-1,-1,926,942,1055,1050,1,1,0,1,0,1,1,1,1,1,1,0,1,1,1,1
2026-07-03T19:43:19.676,tof1,4x4,lying,-1,-1,-1,-1,234,-1,172,166,179,165,157,155,165,157,157,157,0,0,0,0,1,0,1,1,1,1,1,1,1,1,1,1
2026-07-03T19:43:19.722,tof2,4x4,lying,-1,3257,-1,3289,2141,1926,-1,2853,1579,1201,1490,-1,935,-1,-1,1056,0,1,0,1,1,1,1,1,1,1,1,0,1,1,1,1
2026-07-03T19:43:19.833,tof1,4x4,lying,-1,-1,-1,-1,-1,-1,174,168,178,164,158,156,164,159,156,158,0,0,0,0,0,0,1,1,1,1,1,1,1,1,1,1
2026-07-03T19:43:19.883,tof2,4x4,lying,-1,3273,-1,3320,2153,-1,-1,2847,1634,-1,1366,-1,923,956,1057,1056,1,1,0,1,1,1,1,1,1,0,1,0,1,1,1,1
2026-07-03T19:43:19.996,tof1,4x4,lying,-1,-1,-1,-1,-1,-1,173,167,181,162,159,155,165,158,155,158,0,0,0,0,0,0,1,1,1,1,1,1,1,1,1,1
2026-07-03T19:43:20.041,tof2,4x4,lying,3053,3261,-1,3259,2158,1931,-1,2818,-1,1317,1540,1321,925,955,-1,1050,1,1,0,1,1,1,0,1,1,1,1,1,1,1,1,1
2026-07-03T19:43:20.153,tof1,4x4,lying,-1,-1,-1,-1,-1,-1,173,169,179,166,160,156,162,159,157,160,0,0,0,0,0,0,1,1,1,1,1,1,1,1,1,1
2026-07-03T19:43:20.231,tof2,4x4,lying,3015,3242,-1,3308,-1,1358,2141,2858,1551,-1,-1,-1,922,952,1057,1060,1,1,1,1,1,1,1,1,1,1,1,0,1,1,1,1
2026-07-03T19:43:20.321,tof1,4x4,lying,-1,-1,-1,-1,-1,-1,174,165,179,165,158,156,164,159,157,158,1,0,0,0,0,0,1,1,1,1,1,1,1,1,1,1
2026-07-03T19:43:20.414,tof2,4x4,lying,-1,3252,-1,3303,2092,1889,2129,2833,1475,-1,1483,-1,930,949,-1,1058,1,1,0,1,1,1,1,1,1,1,1,1,1,1,1,1
2026-07-03T19:43:20.525,tof1,4x4,lying,-1,230,228,-1,229,-1,172,166,179,167,157,157,163,157,158,158,0,1,1,0,1,0,1,1,1,1,1,1,1,1,1,1
2026-07-03T19:43:20.583,tof2,4x4,lying,2958,3267,3342,3299,2082,1875,-1,2854,1595,-1,1433,-1,932,954,1058,1046,1,1,1,1,1,1,1,1,1,0,1,0,1,1,1,1
2026-07-03T19:43:20.691,tof1,4x4,lying,-1,230,-1,-1,233,-1,175,167,179,164,156,154,163,156,158,157,0,1,0,0,1,0,1,1,1,1,1,1,1,1,1,1
2026-07-03T19:43:20.853,tof1,4x4,lying,-1,232,-1,-1,231,-1,175,168,182,166,159,155,165,157,156,156,0,1,0,0,1,0,1,1,1,1,1,1,1,1,1,1
2026-07-03T19:43:20.766,tof2,4x4,lying,3049,3277,-1,3300,2017,1411,2140,2839,1590,1310,-1,-1,935,948,1063,1041,1,1,1,1,1,1,1,1,1,1,1,0,1,1,1,1
2026-07-03T19:43:20.953,tof2,4x4,lying,2972,3247,-1,3323,-1,1891,-1,2812,1438,-1,-1,-1,938,954,-1,1053,1,1,0,1,1,1,1,1,1,1,1,0,1,1,1,1
2026-07-03T19:43:21.031,tof1,4x4,lying,-1,-1,-1,-1,-1,-1,173,167,179,164,157,156,165,159,159,158,0,0,0,0,0,0,1,1,1,1,1,1,1,1,1,1
2026-07-03T19:43:21.100,tof2,4x4,lying,-1,3252,-1,3330,-1,-1,-1,2825,1624,1284,1461,-1,927,953,1059,1041,1,1,1,1,0,1,0,1,1,1,1,0,1,1,1,1
2026-07-03T19:43:21.194,tof1,4x4,lying,-1,-1,-1,-1,-1,-1,175,167,179,165,159,155,163,157,156,156,0,0,0,0,0,0,1,1,1,1,1,1,1,1,1,1
2026-07-03T19:43:21.282,tof2,4x4,lying,2894,3261,-1,3313,-1,1363,2045,2809,1624,-1,1487,-1,940,943,-1,1051,1,1,0,1,1,1,1,1,1,0,1,0,1,1,1,1
2026-07-03T19:43:21.368,tof1,4x4,lying,-1,-1,-1,-1,-1,-1,175,168,179,166,159,154,165,158,158,157,0,0,0,0,0,0,1,1,1,1,1,1,1,1,1,1
2026-07-03T19:43:21.448,tof2,4x4,lying,3014,3246,-1,3336,2053,1370,2145,2813,-1,-1,1489,-1,938,952,1069,1056,1,1,0,1,1,1,1,1,1,1,1,0,1,1,1,1
2026-07-03T19:43:21.523,tof1,4x4,lying,-1,-1,-1,-1,-1,-1,174,166,180,166,158,156,164,157,157,156,0,0,0,0,0,0,1,1,1,1,1,1,1,1,1,1
2026-07-03T19:43:21.692,tof1,4x4,lying,-1,-1,-1,-1,-1,-1,175,167,178,166,159,154,165,157,157,159,0,0,0,0,0,0,1,1,1,1,1,1,1,1,1,1
2026-07-03T19:43:21.664,tof2,4x4,lying,2975,3274,-1,3289,2126,1847,2207,2805,-1,1258,1470,-1,926,947,1065,1041,1,1,1,1,1,1,1,1,1,1,1,0,1,1,1,1
2026-07-03T19:43:21.877,tof1,4x4,lying,-1,-1,-1,-1,-1,-1,174,168,179,164,160,156,164,157,156,156,0,0,1,0,0,0,1,1,1,1,1,1,1,1,1,1
2026-07-03T19:43:21.870,tof2,4x4,lying,3000,3252,-1,3330,2072,1375,2099,2817,1644,1302,1407,-1,927,959,1072,1038,1,1,0,1,1,1,1,1,1,1,1,0,1,1,1,1
2026-07-03T19:43:22.119,tof1,4x4,lying,-1,-1,-1,-1,-1,-1,176,170,181,163,157,154,165,156,155,158,0,0,0,0,0,0,1,1,1,1,1,1,1,1,1,1
2026-07-03T19:43:22.067,tof2,4x4,lying,-1,3270,-1,3286,2104,1942,2206,2792,-1,1241,-1,-1,925,938,1068,1053,0,1,0,1,1,1,1,1,1,1,1,0,1,1,1,1
2026-07-03T19:43:22.257,tof2,4x4,lying,2974,3263,-1,3276,-1,1374,2174,2850,1683,-1,1523,-1,929,966,1060,1052,1,1,0,1,1,1,1,1,1,0,1,0,1,1,1,1
2026-07-03T19:43:22.309,tof1,4x4,lying,-1,-1,-1,-1,-1,-1,174,167,179,163,158,155,162,156,156,157,0,0,0,0,0,0,1,1,1,1,1,1,1,1,1,1
2026-07-03T19:43:22.426,tof2,4x4,lying,-1,3246,-1,3292,-1,1378,-1,2804,1623,1216,-1,-1,939,963,1069,1054,1,1,0,1,0,1,1,1,1,1,1,0,1,1,1,1
2026-07-03T19:43:22.477,tof1,4x4,lying,-1,-1,-1,-1,-1,-1,173,167,180,165,156,156,163,157,155,158,0,0,0,1,0,0,1,1,1,1,1,1,1,1,1,1
2026-07-03T19:43:22.677,tof1,4x4,lying,-1,230,-1,-1,229,-1,171,164,178,165,158,154,163,157,155,156,0,1,0,0,1,0,1,1,1,1,1,1,1,1,1,1
2026-07-03T19:43:22.595,tof2,4x4,lying,2997,3241,-1,3296,2163,1872,-1,2827,1685,-1,-1,-1,933,960,1062,1041,1,1,0,1,1,1,0,1,1,0,1,0,1,1,1,1
2026-07-03T19:43:22.770,tof2,4x4,lying,-1,3265,-1,3302,-1,1832,2074,2849,-1,1264,-1,-1,928,957,1073,1058,1,1,1,1,1,1,1,1,1,1,1,0,1,1,1,1
2026-07-03T19:43:22.840,tof1,4x4,lying,-1,-1,-1,-1,-1,-1,174,167,178,165,157,156,165,157,156,156,0,0,0,0,0,0,1,1,1,1,1,1,1,1,1,1
2026-07-03T19:43:22.940,tof2,4x4,lying,3050,3255,-1,3305,2117,2013,-1,2803,1626,1300,-1,-1,934,950,1070,1051,1,1,1,1,1,1,1,1,1,1,1,0,1,1,1,1
2026-07-03T19:43:23.010,tof1,4x4,lying,-1,-1,-1,-1,-1,-1,176,168,180,166,158,156,164,158,156,156,0,0,0,0,0,0,1,1,1,1,1,1,1,1,1,1
2026-07-03T19:43:23.126,tof2,4x4,lying,3020,3268,-1,3310,2126,-1,2154,2824,1540,-1,1449,-1,938,956,1073,1036,1,1,0,1,1,0,1,1,1,0,1,0,1,1,1,1
2026-07-03T19:43:23.217,tof1,4x4,lying,-1,-1,-1,-1,-1,-1,174,167,180,164,157,156,163,156,155,156,0,0,0,0,0,0,1,1,1,1,1,1,1,1,1,1
2026-07-03T19:43:23.309,tof2,4x4,lying,2999,3246,-1,3322,2141,-1,-1,2834,1586,1227,-1,-1,935,960,1064,1051,1,1,0,1,1,1,0,1,1,1,1,0,1,1,1,1
2026-07-03T19:43:23.405,tof1,4x4,lying,-1,-1,-1,-1,-1,-1,174,168,178,165,158,156,164,158,157,157,0,0,0,0,0,0,1,1,1,1,1,1,1,1,1,1
2026-07-03T19:43:23.508,tof2,4x4,lying,3029,3264,-1,3287,2188,1925,-1,2849,1561,1261,1551,-1,924,950,-1,1039,1,1,0,1,1,1,1,1,1,1,1,1,1,1,1,1
2026-07-03T19:43:23.619,tof1,4x4,lying,-1,-1,-1,-1,-1,-1,174,168,181,166,159,156,163,158,157,157,0,0,0,0,0,0,1,1,1,1,1,1,1,1,1,1
2026-07-03T19:43:23.691,tof2,4x4,lying,2998,3259,-1,3293,-1,1386,-1,2823,1544,1294,1500,1368,928,947,1050,1040,1,1,1,1,0,1,0,1,1,1,1,1,1,1,1,1
2026-07-03T19:43:23.788,tof1,4x4,lying,-1,-1,-1,-1,-1,-1,176,167,179,165,160,157,166,157,157,156,0,0,0,0,0,0,1,1,1,1,1,1,1,1,1,1
2026-07-03T19:43:23.894,tof2,4x4,lying,2928,3262,-1,3325,2118,1935,2166,2820,-1,1286,1494,-1,931,947,-1,1059,1,1,0,1,1,1,1,1,1,1,1,0,1,1,1,1
2026-07-03T19:43:23.980,tof1,4x4,lying,-1,-1,-1,-1,-1,-1,175,168,179,165,157,156,163,157,157,158,0,0,0,0,0,0,1,1,1,1,1,1,1,1,1,1
2026-07-03T19:43:24.069,tof2,4x4,lying,3016,3265,-1,3325,2135,-1,-1,2824,1577,1236,1508,-1,926,953,-1,1051,1,1,0,1,1,1,0,1,1,1,1,1,1,1,1,1
2026-07-03T19:43:24.145,tof1,4x4,lying,-1,-1,-1,-1,-1,-1,175,168,182,165,159,155,165,158,158,157,0,0,0,0,0,0,1,1,1,1,1,1,1,1,1,1
2026-07-03T19:43:24.240,tof2,4x4,lying,3033,3240,-1,3292,2071,1371,2175,2838,-1,-1,1461,-1,932,954,1061,1051,1,1,0,1,1,1,1,1,1,1,1,1,1,1,1,1
2026-07-03T19:43:24.315,tof1,4x4,lying,-1,-1,-1,-1,-1,-1,176,168,180,166,158,156,165,157,159,156,0,0,0,0,0,0,1,1,1,1,1,1,1,1,1,1
2026-07-03T19:43:24.417,tof2,4x4,lying,-1,3256,-1,3303,-1,1345,2175,2813,1614,1285,-1,-1,924,949,1058,1054,0,1,1,1,0,1,1,1,1,1,1,0,1,1,1,1
2026-07-03T19:43:24.479,tof1,4x4,lying,-1,-1,-1,-1,-1,-1,175,168,179,165,158,157,166,156,157,157,1,0,0,0,0,0,1,1,1,1,1,1,1,1,1,1
2026-07-03T19:43:24.579,tof2,4x4,lying,-1,3267,3273,3319,2144,-1,2156,2840,1613,1275,-1,-1,936,951,1076,1042,0,1,1,1,1,0,1,1,1,1,1,0,1,1,1,1
2026-07-03T19:43:24.645,tof1,4x4,lying,-1,-1,-1,-1,-1,-1,176,167,182,165,158,155,163,157,157,158,0,0,0,0,0,0,1,1,1,1,1,1,1,1,1,1
2026-07-03T19:43:24.743,tof2,4x4,lying,2975,3266,3316,3318,-1,-1,2191,2840,1607,-1,1438,-1,930,945,-1,-1,1,1,1,1,0,0,1,1,1,0,1,1,1,1,1,1
2026-07-03T19:43:24.811,tof1,4x4,lying,-1,227,229,-1,230,-1,176,168,179,164,157,154,163,157,156,155,0,1,1,1,1,0,1,1,1,1,1,1,1,1,1,1
2026-07-03T19:43:25.004,tof1,4x4,lying,-1,-1,-1,-1,233,-1,176,168,180,163,157,154,165,159,157,156,0,0,0,0,1,0,1,1,1,1,1,1,1,1,1,1
2026-07-03T19:43:24.944,tof2,4x4,lying,2999,3255,-1,3312,2201,-1,2173,2812,1665,-1,1457,-1,930,944,-1,1054,1,1,1,1,1,0,1,1,1,1,1,1,1,1,1,1
2026-07-03T19:43:25.167,tof1,4x4,lying,-1,231,-1,-1,231,-1,175,166,180,165,157,156,164,156,156,155,0,1,0,0,1,0,1,1,1,1,1,1,1,1,1,1
2026-07-03T19:43:25.118,tof2,4x4,lying,-1,3258,3291,3306,-1,-1,-1,2830,1639,-1,1510,-1,918,952,1085,1063,1,1,1,1,1,0,1,1,1,1,1,0,1,1,1,1
2026-07-03T19:43:25.272,tof2,4x4,lying,3013,3258,-1,3313,-1,-1,2159,2829,-1,-1,1564,-1,930,952,-1,1029,1,1,0,1,1,0,1,1,1,0,1,0,1,1,1,1
2026-07-03T19:43:25.354,tof1,4x4,lying,-1,-1,-1,-1,-1,-1,176,169,178,165,157,156,165,156,157,157,0,0,0,0,0,0,1,1,1,1,1,1,1,1,1,1
2026-07-03T19:43:25.445,tof2,4x4,lying,2979,3231,-1,3266,-1,-1,2200,2869,1526,1314,1478,-1,924,951,1079,1056,1,1,0,1,1,0,1,1,1,1,1,0,1,1,1,1
2026-07-03T19:43:25.517,tof1,4x4,lying,-1,-1,-1,-1,-1,-1,175,167,180,163,157,156,163,157,156,154,0,0,0,1,0,0,1,1,1,1,1,1,1,1,1,1
2026-07-03T19:43:25.602,tof2,4x4,lying,-1,3249,-1,3325,-1,-1,2174,2826,1565,1337,1481,-1,926,949,1075,1061,0,1,1,1,0,0,1,1,1,1,1,0,1,1,1,1
2026-07-03T19:43:25.675,tof1,4x4,lying,-1,-1,-1,-1,-1,-1,176,168,176,165,157,155,164,157,158,159,0,0,0,0,0,0,1,1,1,1,1,1,1,1,1,1
2026-07-03T19:43:25.857,tof1,4x4,lying,-1,-1,231,-1,232,-1,176,168,182,165,158,155,163,158,157,158,0,0,1,0,1,0,1,1,1,1,1,1,1,1,1,1
2026-07-03T19:43:25.769,tof2,4x4,lying,3010,3278,-1,3328,-1,-1,-1,2813,1570,-1,1637,-1,929,939,1076,1052,1,1,0,1,1,0,1,1,1,1,1,0,1,1,1,1
2026-07-03T19:43:25.945,tof2,4x4,lying,2962,3268,-1,3308,-1,-1,2141,2843,1460,1313,1455,-1,924,942,1069,1061,1,1,1,1,0,0,1,1,1,1,1,0,1,1,1,1
2026-07-03T19:43:26.030,tof1,4x4,lying,-1,231,231,-1,230,-1,175,167,182,166,158,156,164,159,158,157,0,1,1,0,1,0,1,1,1,1,1,1,1,1,1,1
2026-07-03T19:43:26.109,tof2,4x4,lying,2973,3266,-1,3298,2135,-1,2189,2848,-1,1319,1451,-1,925,957,1064,1046,1,1,0,1,1,0,1,1,1,1,1,0,1,1,1,1
2026-07-03T19:43:26.193,tof1,4x4,lying,-1,-1,-1,-1,-1,-1,174,168,182,166,157,155,166,159,158,156,0,0,0,0,0,0,1,1,1,1,1,1,1,1,1,1
2026-07-03T19:43:26.282,tof2,4x4,lying,-1,3255,-1,3311,-1,-1,-1,2867,1539,1273,1532,-1,934,949,1068,1059,1,1,0,1,0,0,0,1,1,1,1,0,1,1,1,1
2026-07-03T19:43:26.380,tof1,4x4,lying,-1,-1,-1,-1,-1,-1,176,167,180,164,160,155,166,157,159,156,1,0,0,1,0,0,1,1,1,1,1,1,1,1,1,1
2026-07-03T19:43:26.446,tof2,4x4,lying,-1,3259,-1,3295,-1,-1,-1,2860,1618,1322,-1,-1,938,948,-1,1045,0,1,0,1,0,0,0,1,1,1,1,0,1,1,1,1
2026-07-03T19:43:26.596,tof1,4x4,lying,-1,-1,-1,-1,-1,-1,177,168,181,165,157,156,165,157,157,158,0,0,0,0,0,1,1,1,1,1,1,1,1,1,1,1
2026-07-03T19:43:26.599,tof2,4x4,lying,3033,3260,-1,3323,-1,-1,-1,2812,1629,-1,1546,-1,937,947,-1,1049,1,1,0,1,0,0,0,1,1,0,1,0,1,1,1,1
2026-07-03T19:43:26.775,tof1,4x4,lying,-1,228,231,-1,233,-1,174,167,182,166,157,155,165,159,156,157,1,1,1,0,1,0,1,1,1,1,1,1,1,1,1,1
2026-07-03T19:43:26.795,tof2,4x4,lying,3047,3263,-1,3323,2167,-1,-1,2814,1621,1266,-1,-1,943,957,1062,1048,1,1,0,1,1,0,0,1,1,1,1,0,1,1,1,1
2026-07-03T19:43:26.933,tof1,4x4,lying,-1,-1,-1,-1,-1,-1,176,167,179,167,159,156,166,158,157,157,0,0,0,0,0,0,1,1,1,1,1,1,1,1,1,1
2026-07-03T19:43:26.992,tof2,4x4,lying,-1,3258,-1,3315,2053,-1,-1,2843,1459,1277,1511,-1,929,955,1078,1048,0,1,0,1,1,0,0,1,1,1,1,0,1,1,1,1
2026-07-03T19:43:27.099,tof1,4x4,lying,-1,-1,-1,-1,-1,-1,173,166,181,166,159,157,165,157,155,156,1,0,0,1,0,0,1,1,1,1,1,1,1,1,1,1
2026-07-03T19:43:27.155,tof2,4x4,lying,3045,3254,-1,3329,-1,-1,2149,2851,1604,1173,1433,-1,919,946,1060,1048,1,1,1,1,0,1,1,1,1,1,1,0,1,1,1,1
2026-07-03T19:43:27.268,tof1,4x4,lying,-1,229,-1,-1,230,-1,172,166,181,165,158,154,166,157,158,156,0,1,0,0,1,0,1,1,1,1,1,1,1,1,1,1
2026-07-03T19:43:27.312,tof2,4x4,lying,2979,3243,3320,3338,-1,1359,2224,2842,-1,-1,1467,1344,928,950,1073,1049,1,1,1,1,1,1,1,1,1,0,1,1,1,1,1,1
2026-07-03T19:43:27.423,tof1,4x4,lying,-1,-1,-1,-1,231,-1,172,167,180,165,158,152,165,157,156,156,1,0,0,0,1,0,1,1,1,1,1,1,1,1,1,1
2026-07-03T19:43:27.489,tof2,4x4,lying,2965,3264,-1,3316,2093,1332,2197,2879,1621,1194,1422,-1,930,957,1073,1048,1,1,0,1,1,1,1,1,1,1,1,1,1,1,1,1
2026-07-03T19:43:27.588,tof1,4x4,lying,-1,230,-1,-1,230,-1,173,165,182,165,157,155,164,157,157,155,0,1,0,0,1,0,1,1,1,1,1,1,1,1,1,1
2026-07-03T19:43:27.642,tof2,4x4,lying,3063,3271,-1,3305,2082,1378,2149,2832,1617,1300,1481,-1,932,948,1056,1050,1,1,0,1,1,1,1,1,1,1,1,0,1,1,1,1
2026-07-03T19:43:27.743,tof1,4x4,lying,-1,228,-1,-1,230,-1,175,166,183,165,156,153,166,159,156,156,1,1,0,0,1,0,1,1,1,1,1,1,1,1,1,1
2026-07-03T19:43:27.808,tof2,4x4,lying,2845,3244,-1,3289,-1,1327,-1,2831,1563,-1,1353,-1,927,943,1071,1048,1,1,0,1,0,1,0,1,1,1,1,0,1,1,1,1
2026-07-03T19:43:27.908,tof1,4x4,lying,-1,228,-1,-1,231,-1,172,166,181,165,157,153,167,159,156,156,0,1,0,0,1,0,1,1,1,1,1,1,1,1,1,1
2026-07-03T19:43:27.972,tof2,4x4,lying,3021,3269,-1,3320,-1,1334,2184,2865,-1,1300,1433,-1,930,961,1069,1046,1,1,0,1,1,1,1,1,1,1,1,0,1,1,1,1
2026-07-03T19:43:28.103,tof1,4x4,lying,-1,232,-1,-1,233,-1,174,167,182,166,157,155,166,158,156,156,0,1,0,0,1,0,1,1,1,1,1,1,1,1,1,1
2026-07-03T19:43:28.145,tof2,4x4,lying,3038,3263,-1,3273,-1,1331,2187,2836,1699,1275,1622,-1,929,950,-1,1048,1,1,0,1,0,1,1,1,1,1,1,0,1,1,1,1
2026-07-03T19:43:28.289,tof1,4x4,lying,-1,-1,230,-1,230,-1,173,166,183,166,157,154,164,157,155,155,0,0,1,0,1,0,1,1,1,1,1,1,1,1,1,1
2026-07-03T19:43:28.333,tof2,4x4,lying,3025,3249,-1,3311,2076,1355,2113,2825,1752,1276,1488,1352,920,946,-1,1056,1,1,1,1,1,1,1,1,1,1,1,1,1,1,1,1
2026-07-03T19:43:28.585,tof1,4x4,lying,-1,233,229,-1,232,-1,174,166,180,168,158,155,166,158,158,155,0,1,1,0,1,0,1,1,1,1,1,1,1,1,1,1
2026-07-03T19:43:28.613,tof2,4x4,lying,3029,3257,-1,3273,2076,1369,-1,2841,1548,1281,1451,-1,925,939,1067,1062,1,1,1,1,1,1,1,1,1,1,1,0,1,1,1,1
2026-07-03T19:43:28.752,tof1,4x4,lying,-1,231,-1,-1,233,-1,175,166,180,164,157,156,167,160,157,155,0,1,0,0,1,0,1,1,1,1,1,1,1,1,1,1
2026-07-03T19:43:28.779,tof2,4x4,lying,3013,3265,3284,3323,2097,-1,2218,2778,1610,-1,-1,-1,925,951,1065,1050,1,1,1,1,1,1,1,1,1,0,1,0,1,1,1,1
2026-07-03T19:43:28.928,tof1,4x4,lying,-1,-1,-1,-1,-1,-1,173,166,183,166,158,156,166,157,157,157,0,0,0,0,0,0,1,1,1,1,1,1,1,1,1,1
2026-07-03T19:43:28.958,tof2,4x4,lying,-1,3271,-1,3222,2090,1913,-1,2849,1597,1267,1426,-1,944,949,1069,1068,1,1,0,1,1,1,1,1,1,1,1,0,1,1,1,1
2026-07-03T19:43:29.142,tof1,4x4,lying,-1,226,230,-1,231,-1,173,168,180,166,159,154,166,156,157,156,0,1,1,0,1,0,1,1,1,1,1,1,1,1,1,1
2026-07-03T19:43:29.160,tof2,4x4,lying,3025,3263,-1,3299,2114,1915,2174,2856,1577,-1,1391,-1,942,950,1068,1040,1,1,0,1,1,1,1,1,1,0,1,0,1,1,1,1
2026-07-03T19:43:29.323,tof1,4x4,lying,-1,232,230,-1,232,-1,175,166,179,166,158,155,165,158,156,156,0,1,1,0,1,0,1,1,1,1,1,1,1,1,1,1
2026-07-03T19:43:29.355,tof2,4x4,lying,3040,3259,-1,3319,-1,1331,2171,2811,1683,1271,1456,-1,921,954,-1,1044,1,1,0,1,0,1,1,1,1,1,1,0,1,1,1,1
2026-07-03T19:43:29.480,tof1,4x4,lying,-1,229,229,-1,231,-1,174,167,183,163,157,154,168,159,157,156,0,1,1,0,1,0,1,1,1,1,1,1,1,1,1,1
2026-07-03T19:43:29.526,tof2,4x4,lying,2973,3252,-1,3316,-1,1927,2141,2802,1465,1273,-1,-1,925,940,-1,1048,1,1,1,1,0,1,1,1,1,1,1,0,1,1,1,1
2026-07-03T19:43:29.999,tof1,4x4,lying,-1,-1,-1,-1,-1,-1,176,166,183,165,159,156,166,158,158,158,0,0,0,0,0,0,1,1,1,1,1,1,1,1,1,1
2026-07-03T19:43:29.986,tof2,4x4,lying,3033,3274,-1,3315,2073,1363,-1,2861,-1,1294,1448,-1,917,933,-1,1038,1,1,0,1,1,1,0,1,1,1,1,0,1,1,1,1
2026-07-03T19:43:30.194,tof1,4x4,lying,-1,-1,-1,-1,-1,-1,175,166,181,166,159,155,166,159,159,157,0,0,1,0,0,0,1,1,1,1,1,1,1,1,1,1
2026-07-03T19:43:30.205,tof2,4x4,lying,3004,3278,-1,3350,-1,-1,2119,2822,1687,-1,1387,-1,932,951,-1,1052,1,1,0,1,0,0,1,1,1,1,1,0,1,1,1,1
2026-07-03T19:43:30.389,tof1,4x4,lying,-1,-1,-1,-1,-1,-1,175,167,182,166,158,155,167,157,157,156,0,0,0,0,0,0,1,1,1,1,1,1,1,1,1,1
2026-07-03T19:43:30.412,tof2,4x4,lying,3040,3257,-1,3361,2101,-1,2140,2872,-1,-1,-1,-1,930,951,-1,1052,1,1,0,1,1,0,1,1,1,0,1,0,1,1,1,1
2026-07-03T19:43:30.581,tof1,4x4,lying,-1,-1,-1,-1,-1,-1,174,169,186,166,159,156,167,160,158,158,1,1,1,0,0,0,1,1,1,1,1,1,1,1,1,1
2026-07-03T19:43:30.596,tof2,4x4,lying,2896,3247,-1,3347,-1,1889,-1,2838,1565,-1,-1,-1,944,953,1057,1053,1,1,0,1,0,1,1,1,1,0,1,0,1,1,1,1
2026-07-03T19:43:30.760,tof1,4x4,lying,225,226,230,-1,232,-1,175,169,183,168,159,156,165,157,159,159,1,1,1,0,1,0,1,1,1,1,1,1,1,1,1,1
2026-07-03T19:43:30.771,tof2,4x4,lying,2954,3260,-1,3292,-1,-1,2223,2845,1539,-1,1467,-1,933,948,1059,1052,1,1,0,1,0,1,1,1,1,0,1,0,1,1,1,1
2026-07-03T19:43:30.912,tof1,4x4,lying,-1,231,228,-1,233,-1,174,167,183,167,157,156,166,158,158,156,0,1,1,0,1,0,1,1,1,1,1,1,1,1,1,1
2026-07-03T19:43:30.963,tof2,4x4,lying,2976,3284,-1,3286,2066,1459,-1,2862,-1,-1,-1,-1,939,955,1071,1049,1,1,1,1,1,1,0,1,1,0,1,0,1,1,1,1
2026-07-03T19:43:31.079,tof1,4x4,lying,222,226,231,-1,231,-1,175,166,182,167,159,153,166,158,159,156,1,1,1,0,1,0,1,1,1,1,1,1,1,1,1,1
2026-07-03T19:43:31.156,tof2,4x4,lying,2994,3257,-1,3316,2192,-1,-1,2840,1595,-1,-1,-1,946,955,1060,1042,1,1,0,1,1,0,0,1,1,0,1,1,1,1,1,1
2026-07-03T19:43:31.246,tof1,4x4,lying,3307,230,-1,-1,229,-1,174,167,182,166,158,155,166,158,154,155,1,1,0,0,1,0,1,1,1,1,1,1,1,1,1,1
2026-07-03T19:43:31.329,tof2,4x4,lying,-1,3242,-1,3267,-1,1860,2191,2847,1561,1277,1522,1339,-1,953,-1,1049,1,1,0,1,1,1,1,1,1,1,1,1,1,1,1,1
2026-07-03T19:43:31.406,tof1,4x4,lying,-1,229,229,-1,230,-1,175,166,178,166,159,154,164,157,158,155,0,1,1,0,1,0,1,1,1,1,1,1,1,1,1,1
2026-07-03T19:43:31.492,tof2,4x4,lying,3058,3251,-1,3311,-1,1904,-1,2812,1607,1241,-1,-1,930,954,1062,1053,1,1,1,1,0,1,0,1,1,1,1,0,1,1,1,1
2026-07-03T19:43:31.584,tof1,4x4,lying,-1,-1,-1,-1,234,-1,175,166,179,166,159,154,166,158,157,156,0,0,0,0,1,0,1,1,1,1,1,1,1,1,1,1
2026-07-03T19:43:31.655,tof2,4x4,lying,3033,3247,-1,3321,2103,1855,2156,2852,-1,-1,1496,-1,925,948,1077,1050,1,1,1,1,1,1,1,1,1,0,1,0,1,1,1,1
2026-07-03T19:43:31.733,tof1,4x4,lying,-1,-1,-1,-1,-1,-1,176,165,181,166,159,154,166,158,156,156,1,0,0,0,0,0,1,1,1,1,1,1,1,1,1,1
2026-07-03T19:43:31.892,tof1,4x4,lying,-1,230,230,-1,232,-1,175,165,-1,165,160,155,166,157,156,156,1,1,1,0,1,0,1,1,0,1,1,1,1,1,1,1
2026-07-03T19:43:31.817,tof2,4x4,lying,-1,3248,-1,3304,2142,1357,-1,2840,1658,1259,1505,-1,931,948,1070,1043,0,1,1,1,1,1,1,1,1,1,1,0,1,1,1,1
2026-07-03T19:43:31.992,tof2,4x4,lying,-1,3263,-1,3301,-1,1385,-1,2843,1560,1240,1457,-1,921,952,1061,1047,1,1,0,1,1,1,0,1,1,1,1,0,1,1,1,1
2026-07-03T19:43:32.066,tof1,4x4,lying,-1,233,-1,-1,231,-1,173,167,182,165,158,155,166,158,157,156,1,1,0,0,1,0,1,1,1,1,1,1,1,1,1,1
2026-07-03T19:43:32.182,tof2,4x4,lying,2936,3248,3341,3306,-1,-1,2173,2834,1618,-1,1530,-1,933,953,1055,1059,1,1,1,1,0,0,1,1,1,1,1,0,1,1,1,1
2026-07-03T19:43:32.235,tof1,4x4,lying,-1,-1,-1,-1,-1,-1,172,168,181,165,157,155,166,156,158,156,1,0,0,0,0,0,1,1,1,1,1,1,1,1,1,1
2026-07-03T19:43:32.337,tof2,4x4,lying,2969,3262,-1,3305,2074,1819,-1,2850,1480,1281,-1,-1,927,947,-1,1054,1,1,0,1,1,1,0,1,1,1,1,0,1,1,1,1
2026-07-03T19:43:32.401,tof1,4x4,lying,-1,-1,232,-1,230,-1,175,168,182,166,159,156,165,157,156,156,0,0,1,0,1,0,1,1,1,1,1,1,1,1,1,1
2026-07-03T19:43:32.512,tof2,4x4,lying,-1,3254,-1,3309,2085,1324,2172,2833,1666,1275,-1,-1,930,949,1074,1050,1,1,1,1,1,1,1,1,1,1,1,1,1,1,1,1
2026-07-03T19:43:32.595,tof1,4x4,lying,-1,230,-1,-1,230,-1,175,167,183,167,159,153,165,157,157,157,0,1,0,0,1,0,1,1,1,1,1,1,1,1,1,1
2026-07-03T19:43:32.681,tof2,4x4,lying,2966,3253,-1,3337,2103,-1,-1,2854,1440,-1,1444,-1,930,956,-1,1033,1,1,0,1,1,1,0,1,1,0,1,0,1,1,1,1
2026-07-03T19:43:32.764,tof1,4x4,lying,-1,-1,-1,-1,-1,-1,175,168,183,167,160,155,166,158,158,156,0,0,0,0,0,0,1,1,1,1,1,1,1,1,1,1
2026-07-03T19:43:32.974,tof1,4x4,lying,-1,-1,-1,-1,-1,-1,175,167,186,168,158,155,166,158,158,157,0,0,0,0,0,0,1,1,1,1,1,1,1,1,1,1
2026-07-03T19:43:32.923,tof2,4x4,lying,2938,3252,-1,3299,-1,1339,2112,2840,-1,-1,1489,-1,924,954,1070,1039,1,1,0,1,0,1,1,1,1,1,1,0,1,1,1,1
2026-07-03T19:43:33.108,tof2,4x4,lying,3037,3242,-1,3354,2107,-1,2198,2842,1657,-1,-1,-1,932,952,-1,1040,1,1,0,1,1,0,1,1,1,1,1,0,1,1,1,1
2026-07-03T19:43:33.154,tof1,4x4,lying,-1,-1,-1,-1,233,-1,174,167,183,166,158,155,166,157,158,158,0,0,0,0,1,0,1,1,1,1,1,1,1,1,1,1
2026-07-03T19:43:33.279,tof2,4x4,lying,3072,3256,3303,3344,2082,1348,-1,2876,1591,1243,-1,-1,932,950,-1,1047,1,1,1,1,1,1,0,1,1,1,1,0,1,1,1,1
2026-07-03T19:43:33.329,tof1,4x4,lying,-1,-1,-1,-1,-1,-1,175,167,179,167,158,157,165,156,155,157,0,0,0,0,0,0,1,1,1,1,1,1,1,1,1,1
2026-07-03T19:43:33.454,tof2,4x4,lying,3009,3262,-1,3320,2136,1362,2200,2833,1627,1286,1433,-1,929,945,-1,1060,1,1,0,1,1,1,1,1,1,1,1,1,1,1,1,1
2026-07-03T19:43:33.534,tof1,4x4,lying,-1,-1,-1,-1,-1,-1,174,167,181,167,157,155,168,158,156,156,0,0,0,0,0,0,1,1,1,1,1,1,1,1,1,1
2026-07-03T19:43:33.694,tof1,4x4,lying,-1,229,-1,-1,231,-1,174,167,181,167,158,153,166,158,159,156,0,1,0,0,1,0,1,1,1,1,1,1,1,1,1,1
2026-07-03T19:43:33.619,tof2,4x4,lying,2984,3246,-1,3333,2080,1416,2175,2827,1510,1300,1452,-1,937,952,1068,1041,1,1,1,1,1,1,1,1,1,1,1,0,1,1,1,1
2026-07-03T19:43:33.789,tof2,4x4,lying,-1,3256,-1,3339,-1,1346,-1,2874,-1,-1,1444,-1,928,943,1083,1047,0,1,0,1,0,1,1,1,1,1,1,0,1,1,1,1
2026-07-03T19:43:33.884,tof1,4x4,lying,-1,234,-1,-1,231,-1,173,168,182,167,159,154,167,158,158,157,0,1,0,0,1,0,1,1,1,1,1,1,1,1,1,1
2026-07-03T19:43:33.986,tof2,4x4,lying,2992,3244,-1,3333,-1,1340,2165,2847,-1,1266,1532,-1,925,960,-1,1036,1,1,0,1,1,1,1,1,1,1,1,0,1,1,1,1
2026-07-03T19:43:34.082,tof1,4x4,lying,-1,-1,-1,-1,-1,-1,176,167,-1,166,157,156,167,159,157,156,0,0,0,0,0,0,1,1,0,1,1,1,1,1,1,1
2026-07-03T19:43:34.145,tof2,4x4,lying,3041,3250,-1,3327,-1,1912,2184,2898,1611,1316,1610,-1,928,962,1068,1049,1,1,0,1,1,1,1,1,1,1,1,1,1,1,1,1
2026-07-03T19:43:34.257,tof1,4x4,lying,-1,-1,-1,-1,-1,-1,173,167,184,166,160,154,165,158,156,156,0,0,0,0,0,0,1,1,1,1,1,1,1,1,1,1
2026-07-03T19:43:34.307,tof2,4x4,lying,3085,3275,-1,3372,-1,1892,2178,2902,1556,1260,1553,-1,930,944,-1,1046,1,1,0,1,0,1,1,1,1,1,1,0,1,1,1,1
2026-07-03T19:43:34.444,tof1,4x4,lying,-1,-1,-1,-1,-1,-1,173,167,184,167,160,156,166,159,158,158,0,0,0,0,0,0,1,1,1,1,1,1,1,1,1,1
2026-07-03T19:43:34.483,tof2,4x4,lying,3076,3266,-1,3342,2074,1371,2179,2895,1641,1281,-1,-1,935,947,1069,1053,1,1,0,1,1,1,1,1,1,1,1,0,1,1,1,1
2026-07-03T19:43:34.607,tof1,4x4,lying,-1,229,232,-1,229,-1,177,167,184,167,159,153,165,158,156,156,0,1,1,0,1,0,1,1,1,1,1,1,1,1,1,1
2026-07-03T19:43:34.670,tof2,4x4,lying,3001,3252,-1,3310,2115,-1,2106,2890,1550,1279,1430,-1,935,947,1081,1054,1,1,1,1,1,0,1,1,1,1,1,0,1,1,1,1
2026-07-03T19:43:34.773,tof1,4x4,lying,-1,-1,-1,-1,-1,-1,177,167,182,165,159,154,168,158,157,157,0,0,0,0,0,0,1,1,1,1,1,1,1,1,1,1
2026-07-03T19:43:34.852,tof2,4x4,lying,2920,3251,-1,3346,2127,-1,2214,2932,1639,-1,1429,-1,933,946,-1,1047,1,1,0,1,1,0,1,1,1,0,1,0,1,1,1,1
2026-07-03T19:43:34.977,tof1,4x4,lying,-1,-1,-1,-1,-1,-1,173,167,182,167,159,158,164,158,159,158,0,0,0,0,0,0,1,1,1,1,1,1,1,1,1,1
2026-07-03T19:43:35.014,tof2,4x4,lying,2970,3266,-1,3343,-1,-1,-1,2888,1587,1282,-1,-1,931,945,-1,1059,1,1,1,1,0,0,0,1,1,1,1,0,1,1,1,1
2026-07-03T19:43:35.138,tof1,4x4,lying,-1,-1,-1,-1,-1,-1,177,166,183,167,156,155,166,157,157,157,0,0,0,1,0,0,1,1,1,1,1,1,1,1,1,1
2026-07-03T19:43:35.202,tof2,4x4,lying,2994,3252,-1,3335,2134,-1,-1,2923,1504,-1,1494,-1,924,953,-1,1061,1,1,0,1,1,0,1,1,1,1,1,1,1,1,1,1
2026-07-03T19:43:35.301,tof1,4x4,lying,-1,229,-1,-1,231,-1,177,167,181,166,158,154,166,159,157,156,0,1,0,0,1,0,1,1,1,1,1,1,1,1,1,1
2026-07-03T19:43:35.384,tof2,4x4,lying,-1,3255,3306,3320,2127,-1,2230,2869,1595,1338,1499,-1,940,-1,1058,1058,0,1,1,1,1,0,1,1,1,1,1,0,1,1,1,1
2026-07-03T19:43:35.499,tof1,4x4,lying,-1,-1,-1,-1,-1,-1,174,168,181,167,158,155,165,158,158,157,0,0,0,1,0,0,1,1,1,1,1,1,1,1,1,1
2026-07-03T19:43:35.571,tof2,4x4,lying,2957,3243,-1,3303,2129,-1,-1,2870,1676,-1,-1,-1,941,949,1078,1045,1,1,1,1,1,1,1,1,1,1,1,0,1,1,1,1
2026-07-03T19:43:35.683,tof1,4x4,lying,-1,234,-1,-1,232,-1,177,168,183,166,158,155,167,157,156,156,0,1,0,0,1,0,1,1,1,1,1,1,1,1,1,1
2026-07-03T19:43:35.774,tof2,4x4,lying,2997,3265,-1,3315,2151,-1,-1,2906,1551,1292,-1,-1,923,955,1073,1064,1,1,0,1,1,1,1,1,1,1,1,0,1,1,1,1
2026-07-03T19:43:35.885,tof1,4x4,lying,-1,230,-1,-1,233,-1,178,167,181,168,158,154,167,158,156,157,0,1,0,0,1,0,1,1,1,1,1,1,1,1,1,1
2026-07-03T19:43:35.959,tof2,4x4,lying,3066,3250,-1,3325,-1,-1,-1,2890,1600,1317,-1,-1,925,951,1080,1050,1,1,1,1,0,0,0,1,1,1,1,0,1,1,1,1
2026-07-03T19:43:36.052,tof1,4x4,lying,-1,-1,-1,-1,-1,-1,176,169,182,165,158,155,166,159,159,156,0,0,0,0,0,0,1,1,1,1,1,1,1,1,1,1
2026-07-03T19:43:36.123,tof2,4x4,lying,3025,3249,-1,3303,2114,-1,-1,2885,1597,1288,1412,-1,923,961,-1,1055,1,1,1,1,1,0,0,1,1,1,1,0,1,1,1,1
2026-07-03T19:43:36.218,tof1,4x4,lying,-1,230,-1,-1,232,-1,176,168,183,166,157,154,168,157,156,156,0,1,0,0,1,0,1,1,1,1,1,1,1,1,1,1
2026-07-03T19:43:36.390,tof1,4x4,lying,-1,-1,-1,-1,235,-1,180,168,181,166,159,155,167,158,158,158,0,1,0,1,1,0,1,1,1,1,1,1,1,1,1,1
2026-07-03T19:43:36.398,tof2,4x4,lying,3109,3245,-1,3253,-1,-1,-1,-1,1656,1236,1428,-1,920,957,-1,1054,1,1,0,1,0,1,0,1,1,1,1,0,1,1,1,1
2026-07-03T19:43:36.631,tof1,4x4,lying,-1,-1,-1,-1,-1,-1,175,167,183,165,159,155,166,158,157,158,0,0,0,0,0,0,1,1,1,1,1,1,1,1,1,1
2026-07-03T19:43:36.619,tof2,4x4,lying,2958,3260,-1,3314,-1,-1,-1,2905,1636,1272,1484,-1,935,951,1066,1050,1,1,0,1,1,0,0,1,1,1,1,0,1,1,1,1
2026-07-03T19:43:36.801,tof2,4x4,lying,2970,3270,-1,3309,-1,-1,-1,2887,1593,1215,-1,-1,931,959,1064,1049,1,1,0,1,0,0,1,1,1,1,1,0,1,1,1,1
2026-07-03T19:43:36.887,tof1,4x4,lying,-1,-1,-1,-1,-1,-1,173,167,180,166,158,155,165,156,157,156,0,0,0,0,0,0,1,1,1,1,1,1,1,1,1,1
2026-07-03T19:43:36.968,tof2,4x4,lying,3023,3245,-1,3293,-1,-1,-1,2857,1567,1256,1533,-1,929,957,1069,1053,1,1,1,1,0,1,0,1,1,1,1,0,1,1,1,1
2026-07-03T19:43:37.045,tof1,4x4,lying,-1,-1,-1,-1,-1,-1,175,168,183,167,158,154,166,158,157,157,0,0,0,0,0,0,1,1,1,1,1,1,1,1,1,1
2026-07-03T19:43:37.213,tof1,4x4,lying,-1,-1,-1,-1,235,-1,177,167,184,168,160,155,165,160,159,157,0,0,0,0,1,0,1,1,1,1,1,1,1,1,1,1
2026-07-03T19:43:37.145,tof2,4x4,lying,3026,3279,-1,-1,2107,-1,-1,2924,1487,1307,-1,-1,923,946,-1,1054,1,1,1,1,1,0,0,1,1,1,1,0,1,1,1,1
2026-07-03T19:43:37.378,tof1,4x4,lying,-1,-1,-1,-1,-1,-1,175,168,181,166,157,157,167,159,160,158,0,0,0,0,0,0,1,1,1,1,1,1,1,1,1,1
2026-07-03T19:43:37.332,tof2,4x4,lying,3012,3266,-1,3341,-1,-1,-1,2888,1494,-1,-1,-1,919,963,1062,1031,1,1,0,1,0,0,0,1,1,1,1,1,1,1,1,1
2026-07-03T19:43:37.568,tof1,4x4,lying,-1,228,228,-1,230,-1,175,168,183,167,160,155,165,159,157,158,1,1,1,0,1,0,1,1,1,1,1,1,1,1,1,1
2026-07-03T19:43:37.529,tof2,4x4,lying,2990,3256,-1,3316,2125,-1,-1,2892,-1,1245,1418,-1,939,946,1058,1053,1,1,0,1,1,0,0,1,1,1,1,0,1,1,1,1
2026-07-03T19:43:37.767,tof2,4x4,lying,3070,3276,-1,3314,2104,-1,-1,2883,1633,-1,1453,-1,927,939,1070,1049,1,1,0,1,1,0,1,1,1,1,1,0,1,1,1,1
2026-07-03T19:43:38.004,tof2,4x4,lying,3013,3258,-1,3317,-1,1959,2129,2868,-1,1237,-1,-1,924,960,1065,1051,1,1,0,1,1,1,1,1,1,1,1,0,1,1,1,1
2026-07-03T19:43:38.110,tof1,4x4,lying,-1,-1,-1,-1,-1,-1,176,168,182,168,158,156,166,160,159,157,0,0,0,0,0,0,1,1,1,1,1,1,1,1,1,1
2026-07-03T19:43:38.197,tof2,4x4,lying,-1,3264,-1,3299,2036,1344,-1,2864,1594,1313,1471,-1,937,945,-1,1048,1,1,0,1,1,1,1,1,1,1,1,0,1,1,1,1
2026-07-03T19:43:38.278,tof1,4x4,lying,-1,-1,-1,-1,-1,-1,175,168,186,166,158,155,164,160,157,157,0,0,0,0,0,0,1,1,1,1,1,1,1,1,1,1
2026-07-03T19:43:38.368,tof2,4x4,lying,2945,3249,-1,3319,2131,1361,-1,2941,1569,1279,1401,-1,929,957,1061,1047,1,1,0,1,1,1,1,1,1,1,1,0,1,1,1,1
2026-07-03T19:43:38.457,tof1,4x4,lying,-1,235,231,-1,231,-1,177,169,183,165,159,156,166,158,159,159,0,1,1,0,1,0,1,1,1,1,1,1,1,1,1,1
2026-07-03T19:43:38.662,tof1,4x4,lying,-1,-1,-1,-1,232,-1,175,167,-1,165,158,153,166,158,156,156,0,0,0,0,1,0,1,1,0,1,1,1,1,1,1,1
2026-07-03T19:43:38.636,tof2,4x4,lying,2940,3265,-1,3307,2160,1952,2217,2898,1484,-1,1403,-1,930,957,-1,1047,1,1,1,1,1,1,1,1,1,1,1,0,1,1,1,1
2026-07-03T19:43:38.848,tof1,4x4,lying,-1,-1,-1,-1,-1,-1,174,168,181,167,159,154,165,158,158,156,0,0,0,0,0,0,1,1,1,1,1,1,1,1,1,1
2026-07-03T19:43:38.810,tof2,4x4,lying,2958,3262,-1,-1,2075,2003,2195,2856,1575,1242,-1,-1,928,956,1069,1049,1,1,0,1,1,1,1,1,1,1,1,0,1,1,1,1
2026-07-03T19:43:39.669,tof2,4x4,lying,2979,3267,-1,3320,2130,1353,-1,2877,1575,1255,1400,-1,932,946,1070,1049,1,1,0,1,1,1,0,1,1,1,1,0,1,1,1,1
2026-07-03T19:43:39.801,tof1,4x4,lying,-1,-1,-1,-1,-1,-1,175,167,181,166,159,157,165,158,158,158,1,0,0,0,0,0,1,1,1,1,1,1,1,1,1,1
2026-07-03T19:43:39.855,tof2,4x4,lying,3003,3261,-1,3304,2115,-1,-1,2922,-1,1317,-1,-1,927,952,1075,1060,1,1,0,1,1,0,1,1,1,1,1,0,1,1,1,1
2026-07-03T19:43:39.984,tof1,4x4,lying,-1,-1,-1,-1,-1,-1,175,167,181,166,159,157,167,158,157,158,0,0,0,0,0,0,1,1,1,1,1,1,1,1,1,1
2026-07-03T19:43:40.005,tof2,4x4,lying,3063,3243,-1,3275,2121,1967,2224,2886,-1,-1,1382,-1,931,953,1067,1049,1,1,1,1,1,1,1,1,1,0,1,1,1,1,1,1
2026-07-03T19:43:40.145,tof1,4x4,lying,-1,230,-1,-1,232,-1,174,165,182,166,160,154,167,158,156,156,0,1,0,0,1,0,1,1,1,1,1,1,1,1,1,1
2026-07-03T19:43:40.216,tof2,4x4,lying,3019,3266,-1,3325,-1,1921,-1,2882,1699,1279,1473,-1,922,952,1074,1056,1,1,0,1,0,1,0,1,1,1,1,1,1,1,1,1
2026-07-03T19:43:40.330,tof1,4x4,lying,-1,-1,-1,-1,-1,-1,175,166,186,168,159,155,166,157,157,158,0,0,0,0,0,0,1,1,1,1,1,1,1,1,1,1
2026-07-03T19:43:40.392,tof2,4x4,lying,-1,3254,-1,3307,-1,1320,2039,2888,1514,1316,1478,-1,932,949,1068,1040,1,1,0,1,1,1,1,1,1,1,1,0,1,1,1,1
2026-07-03T19:43:40.488,tof1,4x4,lying,-1,-1,-1,-1,-1,-1,175,167,180,167,159,155,166,158,157,156,0,0,0,0,0,0,1,1,1,1,1,1,1,1,1,1
2026-07-03T19:43:40.591,tof2,4x4,lying,3115,3249,-1,3347,2106,1340,-1,2903,1585,1259,1504,-1,922,943,1061,1051,1,1,0,1,1,1,0,1,1,1,1,0,1,1,1,1
2026-07-03T19:43:40.689,tof1,4x4,lying,-1,-1,-1,-1,-1,-1,175,168,182,168,159,155,166,158,158,156,0,0,0,0,0,0,1,1,1,1,1,1,1,1,1,1
2026-07-03T19:43:40.770,tof2,4x4,lying,3019,3262,-1,3300,-1,1365,2138,2890,1550,1308,1390,-1,927,961,1076,1044,1,1,1,1,0,1,1,1,1,1,1,1,1,1,1,1
2026-07-03T19:43:40.851,tof1,4x4,lying,-1,-1,-1,-1,-1,-1,175,169,184,168,159,155,168,159,158,156,0,0,0,0,0,0,1,1,1,1,1,1,1,1,1,1
2026-07-03T19:43:40.960,tof2,4x4,lying,3088,3274,-1,3308,2133,1863,2198,2909,1415,1313,1443,-1,936,948,-1,1043,1,1,0,1,1,1,1,1,1,1,1,1,1,1,1,1
2026-07-03T19:43:41.019,tof1,4x4,lying,-1,-1,-1,-1,234,-1,176,166,183,166,158,155,166,158,157,157,0,0,0,0,1,0,1,1,1,1,1,1,1,1,1,1
2026-07-03T19:43:41.179,tof1,4x4,lying,-1,230,229,-1,230,-1,174,167,181,168,160,157,166,159,158,159,0,1,1,0,1,0,1,1,1,1,1,1,1,1,1,1
2026-07-03T19:43:41.143,tof2,4x4,lying,2928,3252,3370,3316,2133,1359,-1,2888,1601,-1,1411,-1,936,951,1064,1042,1,1,1,1,1,1,0,1,1,1,1,0,1,1,1,1
2026-07-03T19:43:41.347,tof1,4x4,lying,-1,-1,-1,-1,-1,-1,176,168,-1,165,159,158,165,157,156,158,0,0,0,0,0,0,1,1,0,1,1,1,1,1,1,1
2026-07-03T19:43:41.309,tof2,4x4,lying,3016,3260,-1,3300,-1,1404,-1,2906,1611,-1,-1,-1,930,952,-1,1050,1,1,0,1,0,1,0,1,1,1,1,0,1,1,1,1
2026-07-03T19:43:41.510,tof1,4x4,lying,-1,-1,-1,-1,-1,-1,175,168,187,168,160,158,166,160,159,159,0,0,0,0,0,0,1,1,1,1,1,1,1,1,1,1
2026-07-03T19:43:41.468,tof2,4x4,lying,2997,3257,-1,3304,-1,1933,-1,2885,1575,1258,1438,-1,926,960,1063,1051,1,1,0,1,0,1,1,1,1,1,1,0,1,1,1,1
2026-07-03T19:43:41.690,tof1,4x4,lying,-1,229,228,-1,233,-1,175,168,182,168,158,156,169,159,159,157,0,1,1,0,1,0,1,1,1,1,1,1,1,1,1,1
2026-07-03T19:43:41.648,tof2,4x4,lying,3061,3258,-1,3322,-1,1906,-1,2876,1644,-1,1442,-1,928,956,-1,1048,1,1,0,1,0,1,0,1,1,0,1,0,1,1,1,1
2026-07-03T19:43:41.865,tof1,4x4,lying,-1,-1,-1,-1,-1,-1,175,169,-1,167,159,156,167,159,157,156,0,0,0,0,0,0,1,1,0,1,1,1,1,1,1,1
2026-07-03T19:43:41.858,tof2,4x4,lying,2963,3259,-1,3309,2135,2027,-1,3463,1505,1316,1313,-1,928,947,1060,1048,1,1,0,1,1,1,0,1,1,1,1,0,1,1,1,1
2026-07-03T19:43:42.046,tof1,4x4,lying,-1,-1,-1,-1,-1,-1,176,168,185,169,159,157,166,158,158,155,0,0,0,0,0,0,1,1,1,1,1,1,1,1,1,1
2026-07-03T19:43:42.034,tof2,4x4,lying,-1,3247,-1,3333,2113,1374,2124,2856,1537,1272,1471,-1,924,951,-1,1055,1,1,0,1,1,1,1,1,1,1,1,0,1,1,1,1
2026-07-03T19:43:42.221,tof1,4x4,lying,-1,230,228,-1,230,-1,174,168,183,166,160,155,165,158,156,156,0,1,1,0,1,0,1,1,1,1,1,1,1,1,1,1
2026-07-03T19:43:42.202,tof2,4x4,lying,3062,3256,-1,3286,2136,1342,2133,2885,1703,-1,1501,-1,937,952,1066,1049,1,1,0,1,1,1,1,1,1,0,1,0,1,1,1,1
2026-07-03T19:43:42.435,tof1,4x4,lying,-1,-1,-1,-1,-1,-1,174,168,-1,168,159,155,164,159,158,158,0,0,0,0,0,0,1,1,0,1,1,1,1,1,1,1
2026-07-03T19:43:42.390,tof2,4x4,lying,2992,3243,-1,3334,2104,1926,-1,2893,1661,-1,1611,-1,931,956,1065,1050,1,1,0,1,1,1,1,1,1,0,1,0,1,1,1,1
2026-07-03T19:43:42.588,tof1,4x4,lying,-1,230,-1,-1,231,-1,176,166,183,165,160,154,166,159,160,157,0,1,0,0,1,0,1,1,1,1,1,1,1,1,1,1
2026-07-03T19:43:42.567,tof2,4x4,lying,2982,3254,-1,3318,2111,1910,2190,2889,1617,-1,1473,-1,930,947,-1,1022,1,1,0,1,1,1,1,1,1,0,1,0,1,1,1,1
2026-07-03T19:43:42.786,tof1,4x4,lying,-1,-1,-1,-1,-1,-1,175,169,-1,167,159,155,166,158,157,159,0,0,0,0,0,0,1,1,0,1,1,1,1,1,1,1
2026-07-03T19:43:42.766,tof2,4x4,lying,2992,3253,-1,3317,2159,1906,-1,2909,1582,1269,1474,-1,934,946,1076,1046,1,1,0,1,1,1,1,1,1,1,1,1,1,1,1,1
2026-07-03T19:43:42.964,tof1,4x4,lying,-1,-1,-1,-1,-1,-1,174,168,183,168,160,157,166,158,157,158,0,0,0,0,0,0,1,1,1,1,1,1,1,1,1,1
2026-07-03T19:43:42.941,tof2,4x4,lying,2966,3257,-1,3332,-1,1325,-1,2871,-1,-1,1475,2744,933,945,-1,1052,1,1,0,1,0,1,1,1,1,1,1,1,1,1,1,1
2026-07-03T19:43:43.108,tof2,4x4,lying,-1,3256,-1,3291,2116,1360,2112,2875,1603,-1,1399,-1,918,960,1070,1061,1,1,1,1,1,1,1,1,1,0,1,1,1,1,1,1
2026-07-03T19:43:43.159,tof1,4x4,lying,-1,-1,-1,-1,-1,-1,175,168,183,167,158,154,167,158,158,157,0,0,0,0,0,0,1,1,1,1,1,1,1,1,1,1
2026-07-03T19:43:43.293,tof2,4x4,lying,2952,3265,-1,3329,2095,1893,-1,2897,1654,1326,-1,1400,930,948,-1,1045,1,1,0,1,1,1,0,1,1,1,1,1,1,1,1,1
2026-07-03T19:43:43.374,tof1,4x4,lying,-1,-1,-1,-1,-1,-1,174,168,182,166,158,156,165,158,156,157,0,0,0,0,0,0,1,1,1,1,1,1,1,1,1,1
2026-07-03T19:43:43.459,tof2,4x4,lying,-1,3248,-1,3325,2007,-1,2155,2877,1534,-1,1366,-1,925,947,1072,1049,1,1,0,1,1,0,1,1,1,0,1,0,1,1,1,1
2026-07-03T19:43:43.624,tof1,4x4,lying,-1,-1,-1,-1,-1,-1,175,169,184,168,158,155,166,157,158,157,0,0,0,0,0,0,1,1,1,1,1,1,1,1,1,1
2026-07-03T19:43:43.628,tof2,4x4,lying,2911,3257,-1,3343,2070,-1,2188,2918,-1,1231,-1,-1,930,946,-1,1044,1,1,0,1,1,1,1,1,1,1,1,0,1,1,1,1
2026-07-03T19:43:43.846,tof1,4x4,lying,-1,-1,-1,-1,-1,-1,176,169,-1,168,159,156,167,159,158,156,0,0,0,0,0,0,1,1,0,1,1,1,1,1,1,1
2026-07-03T19:43:43.873,tof2,4x4,lying,-1,3265,-1,-1,2082,1351,-1,2895,-1,-1,1442,-1,931,961,1051,1052,1,1,0,1,1,1,0,1,1,0,1,0,1,1,1,1
2026-07-03T19:43:44.072,tof1,4x4,lying,-1,-1,-1,-1,-1,-1,176,168,182,166,158,155,166,159,156,156,0,0,0,0,0,0,1,1,1,1,1,1,1,1,1,1
2026-07-03T19:43:44.092,tof2,4x4,lying,2899,3247,-1,3313,-1,1851,2151,2844,1569,1258,1453,-1,933,951,1071,1056,1,1,0,1,0,1,1,1,1,1,1,0,1,1,1,1
2026-07-03T19:43:44.302,tof2,4x4,lying,-1,3251,-1,3308,2139,1349,2154,2925,-1,1267,-1,-1,932,951,1051,1047,0,1,0,1,1,1,1,1,1,1,1,0,1,1,1,1
2026-07-03T19:43:44.522,tof2,4x4,lying,3045,3253,3305,3323,2085,1905,-1,2924,-1,1301,-1,2882,925,950,1061,1039,1,1,1,1,1,1,0,1,1,1,1,1,1,1,1,1
2026-07-03T19:43:44.649,tof1,4x4,lying,-1,-1,-1,-1,-1,-1,175,167,181,167,159,156,167,160,157,159,0,0,0,0,0,0,1,1,1,1,1,1,1,1,1,1
2026-07-03T19:43:44.798,tof2,4x4,lying,-1,3246,-1,3323,-1,1330,-1,2882,1695,1316,1493,-1,933,949,1053,1038,0,1,1,1,0,1,0,1,1,1,1,0,1,1,1,1
2026-07-03T19:43:44.836,tof1,4x4,lying,-1,-1,-1,-1,-1,-1,176,168,183,167,158,157,164,158,159,157,0,0,0,0,0,0,1,1,1,1,1,1,1,1,1,1
2026-07-03T19:43:44.973,tof2,4x4,lying,2987,3249,-1,3314,2159,1329,-1,2870,-1,1287,-1,-1,924,960,1063,1061,1,1,0,1,1,1,0,1,1,1,1,0,1,1,1,1
2026-07-03T19:43:45.030,tof1,4x4,lying,-1,-1,-1,-1,-1,-1,176,168,182,166,160,156,166,159,159,158,0,0,0,0,0,0,1,1,1,1,1,1,1,1,1,1
2026-07-03T19:43:45.156,tof2,4x4,lying,2966,3265,-1,3315,-1,-1,2112,3458,1605,1275,-1,-1,926,947,1064,1053,1,1,0,1,0,1,1,1,1,1,1,0,1,1,1,1
2026-07-03T19:43:45.230,tof1,4x4,lying,-1,-1,-1,-1,-1,-1,176,166,185,164,158,155,167,158,158,155,0,0,0,0,0,0,1,1,1,1,1,1,1,1,1,1
2026-07-03T19:43:45.326,tof2,4x4,lying,3044,3265,-1,3369,-1,1411,-1,2890,-1,1305,1474,-1,930,-1,1061,1034,1,1,0,1,0,1,1,1,1,1,1,1,1,1,1,1
2026-07-03T19:43:45.418,tof1,4x4,lying,-1,232,-1,-1,234,-1,175,166,184,165,159,156,167,158,159,157,1,1,0,0,1,0,1,1,1,1,1,1,1,1,1,1
2026-07-03T19:43:45.515,tof2,4x4,lying,3041,3252,-1,3281,2151,1966,2144,2935,1668,1294,1436,-1,939,947,-1,1056,1,1,0,1,1,1,1,1,1,1,1,0,1,1,1,1
2026-07-03T19:43:45.653,tof1,4x4,lying,-1,-1,-1,-1,-1,-1,175,167,183,166,157,156,166,158,158,158,0,0,0,0,0,0,1,1,1,1,1,1,1,1,1,1
2026-07-03T19:43:45.737,tof2,4x4,lying,3034,3253,-1,3351,-1,1954,-1,2905,1466,-1,1467,-1,933,947,-1,1039,1,1,0,1,1,1,0,1,1,1,1,0,1,1,1,1
2026-07-03T19:43:47.265,tof1,4x4,lying,-1,-1,-1,-1,-1,-1,177,167,183,168,158,155,166,158,158,157,0,0,0,0,0,0,1,1,1,1,1,1,1,1,1,1
2026-07-03T19:43:47.251,tof2,4x4,lying,-1,3244,-1,3323,-1,-1,2150,2866,1586,1287,1502,1377,931,944,-1,1045,0,1,0,1,1,0,1,1,1,1,1,1,1,1,1,1
2026-07-03T19:43:47.449,tof1,4x4,lying,-1,-1,-1,-1,-1,-1,177,169,185,167,159,156,164,160,158,158,0,0,0,0,0,0,1,1,1,1,1,1,1,1,1,1
2026-07-03T19:43:47.408,tof2,4x4,lying,3010,3259,-1,3294,-1,-1,-1,2922,1555,1276,1502,-1,926,953,-1,1043,1,1,0,1,0,0,0,1,1,1,1,0,1,1,1,1
2026-07-03T19:43:47.656,tof1,4x4,lying,-1,232,230,-1,232,-1,179,167,183,168,159,155,166,158,157,156,0,1,1,0,1,0,1,1,1,1,1,1,1,1,1,1
2026-07-03T19:43:47.623,tof2,4x4,lying,-1,3246,-1,3290,-1,-1,-1,2883,1559,-1,-1,-1,933,951,1068,1052,0,1,0,1,0,0,0,1,1,0,1,0,1,1,1,1
2026-07-03T19:43:47.834,tof1,4x4,lying,-1,-1,-1,-1,-1,-1,178,166,185,167,160,156,166,159,158,158,0,0,0,0,0,0,1,1,1,1,1,1,1,1,1,1
2026-07-03T19:43:47.792,tof2,4x4,lying,2983,3265,-1,3316,-1,-1,2084,2919,1535,1322,-1,-1,931,947,1072,1056,1,1,0,1,1,0,1,1,1,1,1,1,1,1,1,1
2026-07-03T19:43:47.995,tof1,4x4,lying,-1,-1,-1,-1,-1,-1,177,167,-1,166,158,156,166,158,158,156,0,0,0,0,0,0,1,1,0,1,1,1,1,1,1,1
2026-07-03T19:43:47.964,tof2,4x4,lying,2876,3258,-1,3350,2073,-1,-1,2936,1636,1298,1433,-1,940,947,-1,1051,1,1,1,1,1,0,1,1,1,1,1,0,1,1,1,1
2026-07-03T19:43:48.130,tof2,4x4,lying,-1,3264,-1,3313,2138,-1,-1,2881,1594,1298,1363,-1,933,950,1062,1050,1,1,1,1,1,0,0,1,1,1,1,0,1,1,1,1
2026-07-03T19:43:48.177,tof1,4x4,lying,-1,231,-1,-1,232,-1,178,166,181,168,159,156,167,159,157,157,0,1,0,0,1,0,1,1,1,1,1,1,1,1,1,1
2026-07-03T19:43:48.295,tof2,4x4,lying,3062,3257,-1,3358,-1,-1,2180,2923,1538,1294,1380,-1,916,959,1070,1038,1,1,0,1,0,0,1,1,1,1,1,1,1,1,1,1
2026-07-03T19:43:48.364,tof1,4x4,lying,-1,-1,-1,-1,-1,-1,177,167,186,166,160,156,165,159,157,158,0,0,0,0,0,0,1,1,1,1,1,1,1,1,1,1
2026-07-03T19:43:48.450,tof2,4x4,lying,3014,3250,-1,3309,2084,-1,-1,2894,-1,-1,-1,-1,939,947,1065,1062,1,1,1,1,1,0,0,1,1,0,1,0,1,1,1,1
2026-07-03T19:43:48.627,tof2,4x4,lying,-1,3253,-1,3351,2096,-1,-1,2870,-1,-1,-1,-1,934,953,-1,1054,1,1,0,1,1,1,0,1,1,1,1,0,1,1,1,1
2026-07-03T19:43:48.847,tof1,4x4,lying,-1,-1,-1,-1,-1,-1,175,168,182,167,159,156,166,159,157,156,0,0,0,0,0,0,1,1,1,1,1,1,1,1,1,1
2026-07-03T19:43:48.862,tof2,4x4,lying,3026,3254,-1,3308,2050,-1,-1,2889,1621,1280,1526,-1,930,941,-1,1051,1,1,1,1,1,0,0,1,1,1,1,0,1,1,1,1
2026-07-03T19:43:49.054,tof1,4x4,lying,-1,-1,-1,-1,-1,-1,177,167,184,169,158,156,168,158,158,159,0,0,0,0,0,0,1,1,1,1,1,1,1,1,1,1
2026-07-03T19:43:49.082,tof2,4x4,lying,3055,3262,3306,3300,2106,-1,2182,2894,1626,1263,1429,-1,930,945,1056,1055,1,1,1,1,1,1,1,1,1,1,1,0,1,1,1,1
2026-07-03T19:43:49.297,tof1,4x4,lying,-1,229,229,-1,230,-1,176,168,183,166,159,156,168,159,157,158,1,1,1,0,1,0,1,1,1,1,1,1,1,1,1,1
2026-07-03T19:43:49.373,tof2,4x4,lying,3027,3265,-1,3338,2052,-1,2193,3469,1635,1281,1396,-1,922,959,-1,1046,1,1,0,1,1,1,1,1,1,1,1,0,1,1,1,1
2026-07-03T19:43:49.487,tof1,4x4,lying,-1,231,229,-1,230,-1,177,167,184,169,160,156,165,160,157,157,0,1,1,0,1,0,1,1,1,1,1,1,1,1,1,1
2026-07-03T19:43:49.560,tof2,4x4,lying,2989,3271,-1,3328,2096,2045,-1,2906,1547,-1,1458,-1,935,948,-1,1059,1,1,1,1,1,1,1,1,1,0,1,1,1,1,1,1
2026-07-03T19:43:49.651,tof1,4x4,lying,-1,-1,-1,-1,-1,-1,174,167,188,167,160,157,167,159,158,158,0,0,0,0,0,0,1,1,1,1,1,1,1,1,1,1
2026-07-03T19:43:49.748,tof2,4x4,lying,2988,3259,-1,3311,2113,1936,-1,2877,1657,-1,-1,-1,936,952,1072,1047,1,1,0,1,1,1,0,1,1,0,1,0,1,1,1,1
2026-07-03T19:43:49.825,tof1,4x4,lying,-1,232,-1,-1,231,-1,175,168,-1,168,161,155,166,158,158,158,1,1,0,0,1,0,1,1,0,1,1,1,1,1,1,1
2026-07-03T19:43:49.935,tof2,4x4,lying,2947,3253,3373,3315,-1,1351,-1,2868,1486,-1,-1,-1,927,944,1067,1051,1,1,1,1,0,1,0,1,1,0,1,0,1,1,1,1
2026-07-03T19:43:50.013,tof1,4x4,lying,-1,230,-1,-1,235,-1,173,168,183,167,159,155,167,160,158,157,1,1,0,0,1,0,1,1,1,1,1,1,1,1,1,1
2026-07-03T19:43:50.100,tof2,4x4,lying,3026,3251,-1,3327,2126,1348,-1,2909,1633,-1,1442,-1,936,938,-1,1049,1,1,0,1,1,1,0,1,1,1,1,0,1,1,1,1
2026-07-03T19:43:50.182,tof1,4x4,lying,-1,231,228,-1,229,-1,177,168,187,167,159,155,166,157,161,158,0,1,1,0,1,0,1,1,1,1,1,1,1,1,1,1
2026-07-03T19:43:50.268,tof2,4x4,lying,2992,3265,3363,3363,2129,-1,2150,2925,1543,1273,1512,-1,932,964,1061,1048,1,1,1,1,1,1,1,1,1,1,1,0,1,1,1,1
2026-07-03T19:43:50.342,tof1,4x4,lying,-1,-1,-1,-1,-1,-1,176,167,184,166,159,155,167,157,158,157,0,0,0,0,0,0,1,1,1,1,1,1,1,1,1,1
2026-07-03T19:43:50.444,tof2,4x4,lying,2965,3253,-1,3308,2200,1913,-1,2864,1523,-1,1429,-1,922,944,1071,1056,1,1,0,1,1,1,0,1,1,0,1,0,1,1,1,1
2026-07-03T19:43:50.518,tof1,4x4,lying,-1,-1,-1,-1,-1,-1,176,167,-1,169,158,157,166,159,157,156,0,0,0,0,0,0,1,1,0,1,1,1,1,1,1,1
2026-07-03T19:43:50.629,tof2,4x4,lying,2918,3261,-1,3322,-1,1935,2168,2901,1575,-1,1424,-1,930,954,-1,1045,1,1,0,1,1,1,1,1,1,1,1,0,1,1,1,1
2026-07-03T19:43:50.676,tof1,4x4,lying,225,225,228,-1,229,-1,175,166,182,166,160,155,166,158,156,158,1,1,1,0,1,0,1,1,1,1,1,1,1,1,1,1
2026-07-03T19:43:50.778,tof2,4x4,lying,2991,3251,-1,3323,-1,1364,2189,3442,-1,-1,1464,-1,934,957,1065,1048,1,1,0,1,0,1,1,1,1,1,1,0,1,1,1,1
2026-07-03T19:43:50.840,tof1,4x4,lying,-1,-1,-1,-1,-1,-1,177,168,182,168,158,156,167,158,158,157,0,0,0,0,0,0,1,1,1,1,1,1,1,1,1,1
2026-07-03T19:43:50.953,tof2,4x4,lying,3025,3260,-1,3331,2149,1361,-1,2873,1697,1295,1470,-1,916,951,-1,1047,1,1,0,1,1,1,1,1,1,1,1,1,1,1,1,1
2026-07-03T19:43:51.012,tof1,4x4,lying,-1,-1,-1,-1,235,-1,176,167,-1,166,160,156,167,158,159,157,0,0,0,0,1,0,1,1,0,1,1,1,1,1,1,1
2026-07-03T19:43:51.101,tof2,4x4,lying,2936,3257,3286,3303,-1,1882,-1,2914,1652,-1,1530,1371,928,951,1062,1053,1,1,1,1,1,1,1,1,1,1,1,1,1,1,1,1
2026-07-03T19:43:51.168,tof1,4x4,lying,-1,231,229,-1,231,-1,176,168,182,167,157,156,166,158,156,158,1,1,1,0,1,0,1,1,1,1,1,1,1,1,1,1
2026-07-03T19:43:51.265,tof2,4x4,lying,2944,3250,3286,-1,2133,1371,2156,2910,-1,-1,-1,-1,937,952,1074,1049,1,1,1,1,1,1,1,1,1,0,1,0,1,1,1,1
2026-07-03T19:43:51.339,tof1,4x4,lying,-1,-1,-1,-1,-1,-1,173,167,184,168,159,156,166,158,155,158,0,0,0,0,0,0,1,1,1,1,1,1,1,1,1,1
2026-07-03T19:43:51.456,tof2,4x4,lying,-1,3257,-1,3284,-1,1366,2162,2889,1543,1290,1454,-1,923,939,1064,1050,0,1,0,1,1,1,1,1,1,1,1,1,1,1,1,1
2026-07-03T19:43:51.503,tof1,4x4,lying,-1,-1,-1,-1,-1,-1,177,167,-1,168,158,155,165,158,158,157,0,0,0,0,0,0,1,1,0,1,1,1,1,1,1,1
2026-07-03T19:43:51.630,tof2,4x4,lying,3024,3246,-1,3307,-1,-1,-1,2897,1487,1269,1482,-1,930,952,-1,1036,1,1,0,1,1,1,0,1,1,1,1,0,1,1,1,1
2026-07-03T19:43:51.657,tof1,4x4,lying,-1,-1,-1,-1,-1,-1,174,168,179,166,160,155,167,157,156,157,0,0,0,0,0,0,1,1,1,1,1,1,1,1,1,1
2026-07-03T19:43:51.819,tof1,4x4,lying,-1,-1,-1,-1,-1,-1,176,168,181,167,159,157,167,158,159,156,0,0,0,0,0,0,1,1,1,1,1,1,1,1,1,1
2026-07-03T19:43:51.794,tof2,4x4,lying,3015,3245,-1,3325,-1,1968,2110,2904,1573,1265,-1,-1,921,949,1067,1048,1,1,1,1,0,1,1,1,1,1,1,0,1,1,1,1
2026-07-03T19:43:52.000,tof1,4x4,lying,-1,-1,-1,-1,235,-1,174,168,181,166,159,155,166,159,157,156,0,0,0,0,1,0,1,1,1,1,1,1,1,1,1,1
2026-07-03T19:43:51.987,tof2,4x4,lying,2986,3272,-1,3295,2083,1382,-1,2845,1566,-1,1432,-1,929,948,-1,1062,1,1,1,1,1,1,1,1,1,0,1,1,1,1,1,1
2026-07-03T19:43:52.180,tof1,4x4,lying,-1,-1,-1,-1,-1,-1,175,167,182,166,159,155,165,158,156,159,0,0,0,0,0,0,1,1,1,1,1,1,1,1,1,1
2026-07-03T19:43:52.179,tof2,4x4,lying,2984,3251,-1,3324,-1,1340,2196,2902,1519,-1,1553,-1,925,956,1063,1041,1,1,1,1,0,1,1,1,1,1,1,0,1,1,1,1
2026-07-03T19:43:52.397,tof1,4x4,lying,-1,230,227,-1,230,-1,175,167,183,166,159,154,166,159,159,157,0,1,1,0,1,0,1,1,1,1,1,1,1,1,1,1
2026-07-03T19:43:52.385,tof2,4x4,lying,-1,3243,-1,3304,-1,1366,2201,3481,1629,-1,-1,-1,927,948,-1,1032,0,1,0,1,1,1,1,1,1,1,1,0,1,1,1,1
2026-07-03T19:43:52.604,tof1,4x4,lying,-1,-1,-1,-1,-1,-1,175,166,182,166,158,155,165,158,157,156,0,0,0,0,0,0,1,1,1,1,1,1,1,1,1,1
2026-07-03T19:43:52.683,tof2,4x4,lying,2924,3268,-1,3318,-1,1386,-1,2889,1435,-1,1430,2655,944,956,-1,1047,1,1,0,1,0,1,0,1,1,0,1,1,1,1,1,1
2026-07-03T19:43:52.801,tof1,4x4,lying,-1,-1,-1,-1,-1,-1,176,167,184,167,158,155,168,159,157,156,0,0,0,0,0,0,1,1,1,1,1,1,1,1,1,1
2026-07-03T19:43:52.876,tof2,4x4,lying,2960,3268,3308,3309,2161,1379,2136,2887,1644,1297,1436,-1,926,956,-1,1046,1,1,1,1,1,1,1,1,1,1,1,0,1,1,1,1
2026-07-03T19:43:53.006,tof1,4x4,lying,-1,-1,-1,-1,-1,-1,174,169,-1,166,161,157,166,158,156,158,0,0,0,0,0,0,1,1,0,1,1,1,1,1,1,1
2026-07-03T19:43:53.033,tof2,4x4,lying,-1,3248,-1,-1,-1,1905,-1,2855,1538,1285,1465,-1,924,955,-1,1045,1,1,0,1,1,1,0,1,1,1,1,0,1,1,1,1
2026-07-03T19:43:53.177,tof1,4x4,lying,-1,-1,-1,-1,-1,-1,177,167,184,166,160,154,168,158,158,159,0,0,0,0,0,0,1,1,1,1,1,1,1,1,1,1
2026-07-03T19:43:53.238,tof2,4x4,lying,2977,3281,-1,3360,2136,1890,-1,2892,1594,-1,1485,-1,928,954,-1,1049,1,1,0,1,1,1,1,1,1,1,1,1,1,1,1,1
2026-07-03T19:43:53.350,tof1,4x4,lying,-1,-1,-1,-1,-1,-1,175,167,-1,166,159,153,167,157,156,156,0,1,0,0,0,0,1,1,0,1,1,1,1,1,1,1
2026-07-03T19:43:53.437,tof2,4x4,lying,2964,3252,-1,3317,2120,1320,2164,2888,-1,1343,-1,-1,930,951,-1,1047,1,1,1,1,1,1,1,1,1,1,1,0,1,1,1,1
2026-07-03T19:43:53.527,tof1,4x4,lying,-1,-1,-1,-1,-1,-1,176,168,183,167,160,156,168,158,158,156,0,0,0,0,0,0,1,1,1,1,1,1,1,1,1,1
2026-07-03T19:43:53.617,tof2,4x4,lying,2968,3264,-1,3330,2098,-1,2144,2879,1641,-1,-1,-1,929,945,-1,1052,1,1,0,1,1,1,1,1,1,1,1,0,1,1,1,1
2026-07-03T19:43:53.689,tof1,4x4,lying,-1,-1,-1,-1,-1,-1,177,170,183,168,157,155,166,158,159,159,0,0,0,0,0,0,1,1,1,1,1,1,1,1,1,1
2026-07-03T19:43:53.777,tof2,4x4,lying,2958,3264,-1,3349,-1,-1,2267,2901,1607,1297,1412,-1,942,949,1068,1051,1,1,0,1,1,0,1,1,1,1,1,0,1,1,1,1
2026-07-03T19:43:53.861,tof1,4x4,lying,-1,-1,-1,-1,-1,-1,173,166,183,166,160,156,168,158,158,157,0,0,0,0,0,0,1,1,1,1,1,1,1,1,1,1
2026-07-03T19:43:54.064,tof1,4x4,lying,-1,-1,-1,-1,-1,-1,172,166,-1,167,158,156,168,160,159,158,0,0,0,0,0,0,1,1,0,1,1,1,1,1,1,1
2026-07-03T19:43:54.005,tof2,4x4,lying,2989,3248,-1,3300,2121,1918,-1,2907,1602,1309,-1,-1,929,956,-1,1053,1,1,1,1,1,1,1,1,1,1,1,0,1,1,1,1
