timestamp,sensor,resolution,label,d0,d1,d2,d3,d4,d5,d6,d7,d8,d9,d10,d11,d12,d13,d14,d15,t0,t1,t2,t3,t4,t5,t6,t7,t8,t9,t10,t11,t12,t13,t14,t15
2026-07-03T20:04:32.242,tof1,4x4,side_left,-1,-1,-1,-1,-1,-1,408,366,-1,475,391,361,-1,213,215,241,0,0,0,0,0,0,1,1,0,1,1,1,0,1,1,1
2026-07-03T20:04:32.353,tof2,4x4,side_left,2952,3251,-1,3313,-1,1429,2133,2804,1391,967,1554,1375,1063,-1,1090,1048,1,1,1,1,0,1,1,1,1,1,1,1,1,1,1,1
2026-07-03T20:04:32.413,tof1,4x4,side_left,-1,-1,-1,-1,-1,-1,410,366,-1,478,389,359,-1,211,216,240,0,0,0,0,0,0,1,1,0,1,1,1,0,1,1,1
2026-07-03T20:04:32.595,tof1,4x4,side_left,-1,-1,-1,-1,-1,-1,412,377,-1,476,391,360,-1,210,216,239,0,0,0,0,0,0,1,1,0,1,1,1,0,1,1,1
2026-07-03T20:04:32.510,tof2,4x4,side_left,2997,3273,-1,3321,-1,1480,-1,2831,1593,969,1547,-1,-1,844,1076,1056,1,1,1,1,0,1,0,1,1,1,1,0,1,1,1,1
2026-07-03T20:04:32.691,tof2,4x4,side_left,2978,3261,-1,3296,-1,1482,-1,2811,-1,954,1520,-1,1058,-1,-1,1052,1,1,0,1,0,1,0,1,1,1,1,1,1,1,1,1
2026-07-03T20:04:32.774,tof1,4x4,side_left,-1,-1,-1,-1,-1,-1,411,368,-1,479,389,360,-1,208,213,242,1,0,0,0,0,0,1,1,0,1,1,1,0,1,1,1
2026-07-03T20:04:32.850,tof2,4x4,side_left,2972,3247,-1,3303,-1,1448,-1,2837,1567,958,1525,1379,1075,846,-1,1070,1,1,0,1,1,1,0,1,1,1,1,1,1,1,1,1
2026-07-03T20:04:32.944,tof1,4x4,side_left,-1,-1,-1,-1,-1,-1,410,-1,-1,477,388,359,-1,215,215,239,0,0,0,0,0,0,1,0,0,1,1,1,0,1,1,1
2026-07-03T20:04:33.022,tof2,4x4,side_left,-1,3253,3302,3302,2119,1486,-1,2806,1599,956,1553,1424,1064,831,-1,1056,1,1,1,1,1,1,0,1,1,1,1,1,1,1,1,1
2026-07-03T20:04:33.121,tof1,4x4,side_left,-1,-1,-1,-1,-1,-1,411,368,-1,482,390,358,-1,212,218,243,0,0,0,0,0,0,1,1,0,1,1,1,0,1,1,1
2026-07-03T20:04:33.201,tof2,4x4,side_left,2949,3261,-1,3305,-1,1409,-1,2826,1532,986,-1,-1,1075,828,-1,1062,1,1,0,1,0,1,1,1,1,1,1,0,1,1,1,1
2026-07-03T20:04:33.301,tof1,4x4,side_left,-1,-1,-1,-1,-1,-1,410,373,-1,483,390,361,-1,212,215,242,0,0,0,0,0,0,1,1,0,1,1,1,0,1,1,1
2026-07-03T20:04:33.390,tof2,4x4,side_left,3016,3257,-1,3274,-1,1450,-1,2881,1592,969,1556,1331,1055,-1,-1,1041,1,1,0,1,1,1,1,1,1,1,1,1,1,1,1,1
2026-07-03T20:04:33.471,tof1,4x4,side_left,-1,-1,-1,-1,-1,-1,410,370,-1,483,389,361,-1,210,219,244,0,0,0,0,0,0,1,1,0,1,1,1,0,1,1,1
2026-07-03T20:04:33.542,tof2,4x4,side_left,3032,3244,-1,3320,2105,1460,-1,2851,-1,965,1576,-1,1058,830,-1,1047,1,1,0,1,1,1,0,1,1,1,1,0,1,1,1,1
2026-07-03T20:04:33.645,tof1,4x4,side_left,-1,-1,-1,-1,-1,-1,411,368,-1,475,390,360,-1,211,217,241,0,0,0,1,0,0,1,1,0,1,1,1,0,1,1,1
2026-07-03T20:04:33.884,tof1,4x4,side_left,-1,-1,-1,-1,-1,-1,411,373,-1,495,390,363,-1,210,219,244,0,0,0,0,1,0,1,1,0,1,1,1,0,1,1,1
2026-07-03T20:04:33.876,tof2,4x4,side_left,2990,3252,-1,3292,-1,1460,-1,2809,1685,974,1542,-1,1070,843,-1,1044,1,1,0,1,1,1,0,1,1,1,1,0,1,1,1,1
2026-07-03T20:04:34.059,tof1,4x4,side_left,-1,-1,-1,-1,-1,-1,414,372,-1,471,392,362,-1,212,215,244,0,0,0,0,0,0,1,1,0,1,1,1,0,1,1,1
2026-07-03T20:04:34.046,tof2,4x4,side_left,2945,3263,-1,3300,-1,1453,-1,2900,1514,945,1538,-1,1058,813,-1,1035,1,1,0,1,1,1,1,1,1,1,1,0,1,1,1,1
2026-07-03T20:04:34.229,tof1,4x4,side_left,-1,-1,-1,-1,-1,-1,414,373,-1,484,390,361,-1,211,216,244,0,0,0,0,0,0,1,1,0,1,1,1,0,1,1,1
2026-07-03T20:04:34.224,tof2,4x4,side_left,3012,3252,-1,3316,2138,-1,2207,2830,-1,970,1617,-1,1053,830,-1,1052,1,1,1,1,1,1,1,1,1,1,1,0,1,1,1,1
2026-07-03T20:04:34.393,tof2,4x4,side_left,2959,3256,-1,3331,-1,1445,-1,2817,1624,963,1515,-1,1060,-1,-1,1036,1,1,0,1,1,1,1,1,1,1,1,0,1,1,1,1
2026-07-03T20:04:34.492,tof1,4x4,side_left,-1,-1,-1,-1,-1,-1,414,-1,-1,481,395,360,-1,211,217,243,0,0,0,0,0,0,1,0,0,1,1,1,0,1,1,1
2026-07-03T20:04:34.574,tof2,4x4,side_left,2996,3249,-1,3330,-1,1497,-1,2822,1739,958,1558,-1,1063,829,-1,1035,1,1,0,1,0,1,1,1,1,1,1,0,1,1,1,1
2026-07-03T20:04:34.665,tof1,4x4,side_left,-1,-1,-1,-1,-1,-1,414,378,-1,490,391,361,-1,215,214,242,0,0,0,0,0,0,1,1,0,1,1,1,0,1,1,1
2026-07-03T20:04:34.741,tof2,4x4,side_left,2942,3253,3330,3310,-1,1443,-1,2827,1635,971,1551,-1,-1,836,-1,1059,1,1,1,1,0,1,1,1,1,1,1,0,1,1,1,1
2026-07-03T20:04:34.838,tof1,4x4,side_left,-1,-1,-1,-1,-1,-1,411,374,-1,491,393,358,-1,213,217,243,0,0,0,0,0,0,1,1,0,1,1,1,0,1,1,1
2026-07-03T20:04:34.899,tof2,4x4,side_left,-1,3255,-1,3321,2168,1469,-1,2804,-1,967,1551,-1,1077,835,1092,1062,1,1,0,1,1,1,0,1,1,1,1,0,1,1,1,1
2026-07-03T20:04:35.003,tof1,4x4,side_left,-1,-1,-1,-1,-1,-1,411,370,-1,493,392,360,-1,213,217,244,1,0,0,0,0,0,1,1,0,1,1,1,0,1,1,1
2026-07-03T20:04:35.061,tof2,4x4,side_left,-1,3254,-1,3294,-1,1436,-1,2854,-1,963,-1,-1,1066,833,-1,1056,0,1,0,1,1,1,0,1,0,1,1,1,1,1,1,1
2026-07-03T20:04:35.166,tof1,4x4,side_left,-1,-1,-1,-1,-1,-1,415,-1,-1,481,392,361,-1,211,217,240,0,0,0,0,0,0,1,0,0,1,1,1,0,1,1,1
2026-07-03T20:04:35.236,tof2,4x4,side_left,2969,3252,-1,3317,2112,1463,-1,2831,1640,969,1531,-1,1073,842,-1,1052,1,1,1,1,1,1,0,1,1,1,1,0,1,1,1,1
2026-07-03T20:04:35.335,tof1,4x4,side_left,-1,-1,-1,-1,-1,-1,418,377,-1,485,392,360,-1,213,213,241,0,0,0,0,0,0,1,1,0,1,1,1,0,1,1,1
2026-07-03T20:04:35.411,tof2,4x4,side_left,3064,3250,-1,3292,-1,1458,-1,2830,-1,962,1565,-1,-1,842,1106,1052,1,1,0,1,1,1,0,1,1,1,1,0,1,1,1,1
2026-07-03T20:04:35.493,tof1,4x4,side_left,-1,-1,-1,-1,-1,-1,409,369,-1,474,391,359,-1,211,216,242,0,0,0,0,0,0,1,1,0,1,1,1,0,1,1,1
2026-07-03T20:04:35.573,tof2,4x4,side_left,3017,3254,-1,3257,-1,1451,-1,2831,-1,954,1500,-1,-1,-1,1106,1047,1,1,0,1,1,1,1,1,0,1,1,0,1,1,1,1
2026-07-03T20:04:35.658,tof1,4x4,side_left,-1,-1,-1,-1,-1,-1,412,-1,-1,475,391,358,-1,210,217,240,1,0,0,0,0,0,1,0,0,1,1,1,0,1,1,1
2026-07-03T20:04:36.029,tof1,4x4,side_left,-1,-1,-1,-1,-1,-1,408,366,-1,469,390,360,-1,213,219,242,0,0,0,0,0,0,1,1,0,1,1,1,0,1,1,1
2026-07-03T20:04:36.026,tof2,4x4,side_left,2976,3243,-1,3283,-1,1440,-1,2843,-1,980,-1,1322,1069,836,-1,1047,1,1,0,1,1,1,0,1,0,1,1,1,1,1,1,1
2026-07-03T20:04:36.207,tof1,4x4,side_left,-1,-1,-1,-1,-1,-1,411,368,-1,485,388,359,-1,211,220,245,0,0,0,0,0,0,1,1,0,1,1,1,0,1,1,1
2026-07-03T20:04:36.205,tof2,4x4,side_left,2977,3258,3303,3294,-1,1456,-1,2835,1732,985,1578,-1,1060,829,-1,1054,1,1,1,1,0,1,0,1,1,1,1,1,1,1,1,1
2026-07-03T20:04:36.375,tof1,4x4,side_left,-1,-1,-1,-1,-1,-1,409,-1,-1,482,388,358,-1,212,220,243,0,0,0,0,0,0,1,0,0,1,1,1,0,1,1,1
2026-07-03T20:04:36.375,tof2,4x4,side_left,-1,3257,-1,3293,-1,1482,2188,2818,-1,978,1547,-1,1066,-1,-1,1048,0,1,1,1,0,1,1,1,1,1,1,0,1,1,1,1
2026-07-03T20:04:36.539,tof2,4x4,side_left,3026,3255,3295,3349,-1,1478,-1,2838,1554,947,1568,-1,-1,838,-1,1052,1,1,1,1,0,1,0,1,1,1,1,0,1,1,1,1
2026-07-03T20:04:36.554,tof1,4x4,side_left,-1,-1,-1,-1,-1,-1,407,372,-1,480,389,359,-1,212,214,245,0,0,0,0,0,0,1,1,0,1,1,1,0,1,1,1
2026-07-03T20:04:36.692,tof2,4x4,side_left,3013,3253,3326,-1,-1,1437,-1,2814,-1,981,1589,-1,1067,841,-1,1048,1,1,1,1,1,1,1,1,1,1,1,0,1,1,1,1
2026-07-03T20:04:36.742,tof1,4x4,side_left,-1,-1,-1,-1,-1,-1,409,-1,-1,479,390,360,-1,211,218,244,0,0,0,0,0,0,1,0,0,1,1,1,0,1,1,1
2026-07-03T20:04:36.875,tof2,4x4,side_left,2969,3248,-1,3295,2085,1478,2114,2820,1573,975,1547,-1,1063,843,-1,1051,1,1,0,1,1,1,1,1,1,1,1,0,1,1,1,1
2026-07-03T20:04:36.918,tof1,4x4,side_left,-1,-1,-1,-1,-1,-1,410,373,-1,475,392,361,-1,212,220,245,0,0,0,0,0,0,1,1,0,1,1,1,0,1,1,1
2026-07-03T20:04:37.045,tof2,4x4,side_left,3013,3258,-1,3314,-1,1453,-1,2856,1708,940,1548,-1,1071,817,1087,1053,1,1,0,1,0,1,1,1,1,1,1,0,1,1,1,1
2026-07-03T20:04:37.110,tof1,4x4,side_left,-1,-1,-1,-1,-1,-1,414,372,-1,476,392,359,-1,212,221,243,0,0,0,0,0,0,1,1,0,1,1,1,0,1,1,1
2026-07-03T20:04:37.202,tof2,4x4,side_left,2905,3256,-1,-1,-1,1463,-1,2804,-1,975,1543,-1,1056,-1,-1,1044,1,1,0,1,0,1,0,1,1,1,1,0,1,1,1,1
2026-07-03T20:04:37.282,tof1,4x4,side_left,-1,-1,-1,-1,-1,-1,411,-1,-1,478,390,359,-1,213,220,243,1,0,0,0,0,0,1,0,0,1,1,1,0,1,1,1
2026-07-03T20:04:37.368,tof2,4x4,side_left,2974,3253,-1,3294,2148,1441,-1,2867,1614,950,1523,-1,1068,835,1118,1039,1,1,0,1,1,1,0,1,1,1,1,1,1,1,1,1
2026-07-03T20:04:37.452,tof1,4x4,side_left,-1,-1,-1,-1,-1,-1,417,369,-1,480,392,357,-1,212,219,245,1,0,0,0,0,0,1,1,0,1,1,1,0,1,1,1
2026-07-03T20:04:37.530,tof2,4x4,side_left,-1,3241,-1,3313,2099,1468,-1,2805,1489,956,1538,-1,1057,842,-1,1052,0,1,0,1,1,1,0,1,1,1,1,0,1,1,1,1
2026-07-03T20:04:37.612,tof1,4x4,side_left,-1,-1,-1,-1,-1,-1,411,-1,-1,494,390,360,-1,212,221,240,0,0,0,0,0,0,1,0,0,1,1,1,0,1,1,1
2026-07-03T20:04:37.712,tof2,4x4,side_left,2999,3255,-1,3305,-1,1464,-1,2848,-1,977,-1,-1,1061,827,1133,1054,1,1,0,1,1,1,0,1,0,1,1,1,1,1,1,1
2026-07-03T20:04:37.803,tof1,4x4,side_left,-1,-1,-1,-1,-1,-1,414,370,-1,468,395,361,-1,211,217,243,0,0,0,0,0,0,1,1,0,1,1,1,0,1,1,1
2026-07-03T20:04:37.876,tof2,4x4,side_left,3073,3250,-1,3300,2113,1434,2165,2806,-1,944,1544,-1,-1,843,1091,1059,1,1,1,1,1,1,1,1,1,1,1,0,1,1,1,1
2026-07-03T20:04:37.955,tof1,4x4,side_left,-1,-1,-1,-1,-1,-1,410,367,-1,485,392,359,-1,213,218,244,0,0,0,0,0,0,1,1,0,1,1,1,0,1,1,1
2026-07-03T20:04:38.134,tof1,4x4,side_left,-1,-1,-1,-1,-1,-1,414,-1,-1,488,392,358,-1,214,220,245,0,0,0,0,0,0,1,0,0,1,1,1,0,1,1,1
2026-07-03T20:04:38.114,tof2,4x4,side_left,3062,3257,-1,3317,2127,1432,-1,2809,1586,932,1561,-1,1060,842,-1,1054,1,1,1,1,1,1,1,1,1,1,1,0,1,1,1,1
2026-07-03T20:04:38.362,tof2,4x4,side_left,2973,3249,3292,3281,-1,1480,-1,2823,1658,990,-1,-1,1066,838,1082,1051,1,1,1,1,1,1,1,1,1,1,1,0,1,1,1,1
2026-07-03T20:04:38.376,tof1,4x4,side_left,-1,-1,-1,-1,-1,-1,416,-1,-1,483,392,361,-1,215,218,246,1,0,0,0,0,0,1,0,0,1,1,1,0,1,1,1
2026-07-03T20:04:38.538,tof1,4x4,side_left,-1,-1,-1,-1,-1,-1,408,370,-1,477,395,361,-1,211,220,245,0,0,0,0,0,0,1,1,0,1,1,1,0,1,1,1
2026-07-03T20:04:38.530,tof2,4x4,side_left,2944,3249,-1,3296,-1,1477,-1,2837,1549,968,1582,-1,1066,-1,-1,1052,1,1,1,1,1,1,1,1,1,1,1,1,1,1,1,1
2026-07-03T20:04:38.695,tof2,4x4,side_left,2908,3259,-1,3282,-1,1405,2154,2850,1453,965,1561,-1,1072,-1,-1,1051,1,1,1,1,0,1,1,1,1,1,1,1,1,1,1,1
2026-07-03T20:04:38.849,tof2,4x4,side_left,2971,3257,-1,3287,2099,1448,-1,2825,1673,957,1545,-1,1068,-1,1100,1056,1,1,0,1,1,1,1,1,1,1,1,0,1,1,1,1
2026-07-03T20:04:39.029,tof2,4x4,side_left,3045,3264,3298,3264,-1,1407,-1,3495,1531,942,1547,-1,1067,825,1119,1044,1,1,1,1,0,1,1,1,1,1,1,0,1,1,1,1
2026-07-03T20:04:39.186,tof2,4x4,side_left,2943,3251,3340,3321,-1,1469,-1,2827,-1,959,1552,1271,1065,833,-1,1050,1,1,1,1,0,1,1,1,1,1,1,1,1,1,1,1
2026-07-03T20:04:39.350,tof2,4x4,side_left,2987,3244,-1,3319,-1,-1,-1,2825,-1,958,1507,-1,1056,-1,1090,1034,1,1,1,1,0,0,0,1,1,1,1,0,1,1,1,1
2026-07-03T20:04:39.532,tof2,4x4,side_left,2982,3271,-1,3311,-1,-1,-1,2805,-1,933,1513,-1,1060,-1,-1,1047,1,1,0,1,0,0,0,1,0,1,1,0,1,1,1,1
2026-07-03T20:04:39.704,tof2,4x4,side_left,3083,3263,3297,3258,-1,-1,-1,2835,1709,960,1517,-1,1069,827,1087,1049,1,1,1,1,1,0,0,1,1,1,1,0,1,1,1,1
2026-07-03T20:04:39.817,tof1,4x4,side_left,-1,-1,-1,-1,-1,-1,408,373,-1,489,392,359,-1,214,220,242,0,0,0,0,0,0,1,1,0,1,1,1,0,1,1,1
2026-07-03T20:04:39.868,tof2,4x4,side_left,2974,3267,-1,3342,-1,-1,2204,2798,-1,956,1595,-1,1066,838,-1,1038,1,1,0,1,1,1,1,1,0,1,1,0,1,1,1,1
2026-07-03T20:04:39.997,tof1,4x4,side_left,-1,-1,-1,-1,-1,-1,421,-1,-1,485,390,360,-1,213,222,247,0,0,0,0,0,0,1,0,0,1,1,1,0,1,1,1
2026-07-03T20:04:40.066,tof2,4x4,side_left,2933,3248,-1,3306,-1,1493,2112,2866,-1,963,-1,-1,1056,-1,-1,1048,1,1,0,1,1,1,1,1,0,1,1,0,1,1,1,1
2026-07-03T20:04:40.161,tof1,4x4,side_left,-1,-1,-1,-1,-1,-1,427,375,-1,496,393,358,-1,212,218,244,0,0,0,0,0,0,1,1,0,1,1,1,0,1,1,1
2026-07-03T20:04:40.233,tof2,4x4,side_left,2951,3253,-1,3339,-1,-1,2183,2830,-1,969,1542,-1,1069,831,1082,1051,1,1,0,1,0,1,1,1,1,1,1,0,1,1,1,1
2026-07-03T20:04:40.331,tof1,4x4,side_left,-1,-1,-1,-1,-1,-1,-1,369,-1,477,390,359,-1,210,222,250,0,0,0,0,0,0,0,1,0,1,1,1,0,1,1,1
2026-07-03T20:04:40.401,tof2,4x4,side_left,2927,3257,-1,3292,-1,-1,-1,2840,1517,966,1572,-1,1063,830,1098,1055,1,1,1,1,1,0,0,1,1,1,1,0,1,1,1,1
2026-07-03T20:04:40.504,tof1,4x4,side_left,-1,-1,-1,-1,-1,-1,431,-1,-1,498,393,361,-1,215,220,245,0,0,0,0,0,0,1,0,0,1,1,1,0,1,1,1
2026-07-03T20:04:40.576,tof2,4x4,side_left,2978,3239,-1,3304,2066,1482,-1,2824,-1,965,1536,-1,-1,817,1080,1050,1,1,1,1,1,1,0,1,0,1,1,1,1,1,1,1
2026-07-03T20:04:40.687,tof1,4x4,side_left,-1,-1,-1,-1,-1,-1,413,373,-1,491,391,360,-1,212,222,244,0,0,0,0,0,0,1,1,0,1,1,1,0,1,1,1
2026-07-03T20:04:40.764,tof2,4x4,side_left,-1,3256,-1,3296,-1,-1,-1,2816,1712,951,1590,-1,1067,-1,1097,1057,1,1,0,1,0,0,0,1,1,1,1,0,1,1,1,1
2026-07-03T20:04:40.846,tof1,4x4,side_left,-1,-1,-1,2178,-1,-1,420,-1,-1,491,390,361,-1,210,220,245,0,0,0,1,0,0,1,0,0,1,1,1,0,1,1,1
2026-07-03T20:04:40.940,tof2,4x4,side_left,-1,3244,-1,3300,-1,-1,-1,2824,-1,951,-1,1355,1065,-1,-1,1048,0,1,0,1,0,0,0,1,0,1,1,1,1,1,1,1
2026-07-03T20:04:41.026,tof1,4x4,side_left,-1,-1,-1,-1,-1,-1,428,367,-1,487,390,360,-1,213,219,245,0,0,0,1,0,1,1,1,0,1,1,1,0,1,1,1
2026-07-03T20:04:41.102,tof2,4x4,side_left,2986,3251,3299,3279,-1,1513,-1,2800,1515,950,1519,-1,1061,836,-1,1060,1,1,1,1,0,1,1,1,1,1,1,1,1,1,1,1
2026-07-03T20:04:41.194,tof1,4x4,side_left,-1,-1,-1,-1,-1,-1,420,-1,-1,480,391,359,-1,218,220,246,0,0,0,0,0,0,1,0,0,1,1,1,0,1,1,1
2026-07-03T20:04:41.284,tof2,4x4,side_left,2984,3258,-1,3311,-1,-1,2214,2830,-1,964,-1,-1,1058,-1,1095,1060,1,1,0,1,1,0,1,1,1,1,1,1,1,1,1,1
2026-07-03T20:04:41.378,tof1,4x4,side_left,-1,-1,-1,-1,-1,-1,412,369,-1,489,392,362,-1,213,218,247,0,0,0,0,0,0,1,1,0,1,1,1,0,1,1,1
2026-07-03T20:04:41.459,tof2,4x4,side_left,2984,3252,-1,3280,-1,-1,-1,2845,1549,1004,1546,-1,1057,825,-1,1050,1,1,1,1,0,0,0,1,1,1,1,1,1,1,1,1
2026-07-03T20:04:41.557,tof1,4x4,side_left,-1,-1,-1,-1,-1,-1,417,366,-1,488,393,359,-1,212,218,243,0,0,0,0,0,0,1,1,0,1,1,1,0,1,1,1
2026-07-03T20:04:41.632,tof2,4x4,side_left,2983,3251,-1,3301,2154,1443,2159,2822,-1,957,1552,-1,1071,850,-1,1048,1,1,0,1,1,1,1,1,1,1,1,0,1,1,1,1
2026-07-03T20:04:41.717,tof1,4x4,side_left,-1,-1,-1,-1,-1,-1,413,-1,-1,490,393,359,-1,216,217,242,0,1,0,0,0,0,1,0,0,1,1,1,0,1,1,1
2026-07-03T20:04:41.808,tof2,4x4,side_left,2997,3249,-1,3294,-1,1486,-1,2849,1679,954,1522,-1,1073,825,1088,1049,1,1,0,1,1,1,0,1,1,1,1,0,1,1,1,1
2026-07-03T20:04:41.896,tof1,4x4,side_left,-1,-1,-1,-1,-1,-1,414,359,-1,445,389,357,-1,208,203,225,1,0,0,0,0,0,1,1,0,1,1,1,0,1,1,1
2026-07-03T20:04:41.978,tof2,4x4,side_left,2949,3262,-1,3306,-1,-1,-1,2789,1656,936,1525,-1,1056,830,1112,1038,1,1,0,1,1,1,1,1,1,1,1,1,1,1,1,1
2026-07-03T20:04:42.064,tof1,4x4,side_left,-1,-1,-1,-1,-1,-1,430,373,-1,325,349,359,-1,195,175,179,1,0,0,0,0,0,1,1,0,1,1,1,0,1,1,1
2026-07-03T20:04:42.139,tof2,4x4,side_left,3044,3248,3347,3278,2164,1451,-1,2853,1684,959,-1,-1,1075,838,1102,1046,1,1,1,1,1,1,1,1,1,1,1,1,1,1,1,1
2026-07-03T20:04:42.226,tof1,4x4,side_left,-1,-1,-1,-1,479,-1,462,404,411,224,231,331,273,171,164,168,0,0,0,0,1,0,1,1,1,1,1,1,1,1,1,1
2026-07-03T20:04:42.321,tof2,4x4,side_left,-1,3255,-1,3286,-1,1418,1640,2811,-1,944,-1,-1,1061,829,-1,1040,1,1,0,1,0,1,1,1,0,1,1,0,1,1,1,1
2026-07-03T20:04:42.412,tof1,4x4,side_left,-1,-1,-1,-1,-1,-1,471,409,403,219,208,354,247,169,165,173,0,0,0,0,0,0,1,1,1,1,1,1,1,1,1,1
2026-07-03T20:04:42.500,tof2,4x4,side_left,2973,3255,-1,3282,-1,1430,-1,2843,-1,952,1538,1330,1074,814,1112,1062,1,1,0,1,0,1,0,1,0,1,1,1,1,1,1,1
2026-07-03T20:04:42.578,tof1,4x4,side_left,-1,-1,-1,-1,-1,-1,-1,411,-1,266,419,382,266,193,192,325,0,0,0,0,0,0,0,1,0,1,1,1,1,1,1,1
2026-07-03T20:04:42.763,tof1,4x4,side_left,-1,-1,-1,-1,494,-1,-1,400,-1,-1,426,362,264,210,261,328,1,0,0,0,1,0,0,1,0,0,1,1,1,1,1,1
2026-07-03T20:04:42.682,tof2,4x4,side_left,-1,3255,-1,3319,-1,1421,-1,2871,1643,978,1524,-1,1056,825,1100,1035,1,1,0,1,1,1,1,1,1,1,1,0,1,1,1,1
2026-07-03T20:04:42.853,tof2,4x4,side_left,3054,3272,-1,3294,-1,1450,-1,2937,1655,967,1519,-1,1057,821,-1,1052,1,1,1,1,0,1,1,1,1,1,1,0,1,1,1,1
2026-07-03T20:04:42.930,tof1,4x4,side_left,-1,-1,-1,-1,-1,-1,-1,391,-1,-1,424,361,286,212,262,333,1,0,0,0,1,0,0,1,0,0,1,1,1,1,1,1
2026-07-03T20:04:43.050,tof2,4x4,side_left,-1,3262,-1,3325,-1,1464,-1,3452,-1,971,1565,-1,1058,817,1095,1044,0,1,0,1,1,1,0,1,0,1,1,0,1,1,1,1
2026-07-03T20:04:43.134,tof1,4x4,side_left,-1,-1,-1,-1,-1,-1,-1,-1,-1,-1,410,362,311,209,234,336,0,0,0,0,0,0,0,0,0,0,1,1,1,1,1,1
2026-07-03T20:04:43.212,tof2,4x4,side_left,3031,3258,-1,3276,2083,1443,-1,3430,-1,935,-1,-1,1055,809,1092,1046,1,1,0,1,1,1,1,1,1,1,1,1,1,1,1,1
2026-07-03T20:04:43.302,tof1,4x4,side_left,-1,-1,-1,-1,-1,-1,-1,-1,-1,-1,403,357,272,213,267,334,0,1,0,0,0,0,0,0,0,0,1,1,1,1,1,1
2026-07-03T20:04:43.381,tof2,4x4,side_left,-1,3251,-1,3309,-1,-1,-1,3452,-1,-1,1527,-1,1061,-1,-1,1048,1,1,1,1,0,1,0,1,1,1,1,1,1,1,1,1
2026-07-03T20:04:43.448,tof1,4x4,side_left,-1,-1,-1,-1,-1,-1,-1,-1,-1,-1,403,360,267,220,289,335,0,0,0,0,0,0,0,0,0,0,1,1,1,1,1,1
2026-07-03T20:04:43.537,tof2,4x4,side_left,3020,3260,-1,3302,-1,1451,-1,3491,-1,965,1555,1359,1061,817,-1,1042,1,1,0,1,0,1,1,1,1,1,1,1,1,1,1,1
2026-07-03T20:04:43.629,tof1,4x4,side_left,-1,-1,-1,-1,-1,-1,-1,-1,-1,-1,404,359,271,215,290,334,0,0,0,0,0,0,0,0,0,0,1,1,1,1,1,1
2026-07-03T20:04:43.703,tof2,4x4,side_left,3007,3260,-1,3338,-1,1453,-1,3450,-1,967,-1,-1,1065,825,-1,1054,1,1,1,1,0,1,1,1,0,1,1,1,1,1,1,1
2026-07-03T20:04:43.788,tof1,4x4,side_left,-1,-1,-1,-1,-1,-1,-1,-1,-1,-1,404,357,274,219,291,338,0,0,0,0,0,0,0,0,0,0,1,1,1,1,1,1
2026-07-03T20:04:43.887,tof2,4x4,side_left,3006,3253,-1,3322,-1,1439,1719,3442,1560,1063,-1,-1,1066,829,-1,1052,1,1,0,1,0,1,1,1,1,1,1,0,1,1,1,1
2026-07-03T20:04:43.945,tof1,4x4,side_left,-1,-1,-1,-1,-1,-1,-1,-1,-1,-1,406,358,272,216,291,336,0,0,0,0,0,0,0,0,0,0,1,1,1,1,1,1
2026-07-03T20:04:44.041,tof2,4x4,side_left,-1,3250,-1,3334,-1,1460,-1,-1,-1,971,-1,-1,1060,820,-1,1058,0,1,0,1,0,1,1,1,0,1,1,1,1,1,1,1
2026-07-03T20:04:44.108,tof1,4x4,side_left,-1,-1,-1,-1,-1,-1,-1,-1,-1,-1,407,359,272,217,287,336,0,0,0,0,0,0,0,0,0,0,1,1,1,1,1,1
2026-07-03T20:04:44.265,tof1,4x4,side_left,-1,-1,-1,-1,-1,-1,-1,-1,-1,-1,407,359,276,218,293,338,0,0,0,0,0,0,0,0,0,0,1,1,1,1,1,1
2026-07-03T20:04:44.217,tof2,4x4,side_left,3052,3277,-1,-1,-1,1463,1765,3544,-1,960,1542,-1,1055,820,-1,1054,1,1,0,1,0,1,1,1,1,1,1,1,1,1,1,1
2026-07-03T20:04:44.389,tof2,4x4,side_left,3035,3266,-1,3313,2054,1434,-1,3541,-1,964,1544,-1,1049,828,-1,1054,1,1,0,1,1,1,0,1,0,1,1,0,1,1,1,1
2026-07-03T20:04:44.447,tof1,4x4,side_left,-1,-1,-1,-1,-1,-1,-1,-1,-1,-1,403,359,276,218,293,336,0,0,0,0,0,0,0,0,0,0,1,1,1,1,1,1
2026-07-03T20:04:44.572,tof2,4x4,side_left,3062,3263,-1,3308,-1,1456,-1,3458,1473,-1,-1,-1,1053,-1,-1,1048,1,1,1,1,1,1,1,1,1,1,1,1,1,1,1,1
2026-07-03T20:04:44.640,tof1,4x4,side_left,-1,-1,-1,-1,-1,-1,-1,-1,-1,-1,409,358,277,216,287,336,0,0,0,0,0,0,0,0,0,0,1,1,1,1,1,1
2026-07-03T20:04:44.736,tof2,4x4,side_left,3040,3261,3325,3338,-1,1434,-1,3524,-1,983,1571,-1,1047,817,-1,1048,1,1,1,1,0,1,0,1,1,1,1,1,1,1,1,1
2026-07-03T20:04:44.799,tof1,4x4,side_left,-1,-1,-1,-1,-1,-1,-1,-1,-1,-1,407,357,280,217,287,338,0,0,0,0,0,0,0,0,0,0,1,1,1,1,1,1
2026-07-03T20:04:44.904,tof2,4x4,side_left,3031,3251,-1,3270,-1,1488,-1,3476,1520,967,-1,-1,1050,821,-1,1055,1,1,0,1,0,1,1,1,1,1,1,1,1,1,1,1
2026-07-03T20:04:44.990,tof1,4x4,side_left,-1,-1,-1,-1,-1,-1,-1,-1,-1,-1,408,357,276,217,289,337,0,0,0,0,0,0,0,0,0,0,1,1,1,1,1,1
2026-07-03T20:04:45.076,tof2,4x4,side_left,3004,3254,-1,3341,-1,1412,-1,3518,-1,951,-1,-1,1055,829,1096,1054,1,1,1,1,0,1,0,1,1,1,1,0,1,1,1,1
2026-07-03T20:04:45.204,tof1,4x4,side_left,-1,-1,-1,-1,-1,-1,-1,-1,-1,-1,408,357,276,217,291,335,0,1,0,0,0,0,0,0,0,0,1,1,1,1,1,1
2026-07-03T20:04:45.318,tof2,4x4,side_left,3006,3251,-1,3328,-1,1477,2190,3488,-1,1072,-1,-1,1056,-1,-1,1048,1,1,0,1,0,1,1,1,1,1,1,1,1,1,1,1
2026-07-03T20:04:45.508,tof2,4x4,side_left,3072,3259,-1,3349,-1,1443,-1,3486,-1,942,1555,-1,1061,818,-1,1052,1,1,1,1,1,1,1,1,0,1,1,1,1,1,1,1
2026-07-03T20:04:45.850,tof2,4x4,side_left,2980,3256,-1,3345,-1,1507,-1,3484,1613,932,1568,-1,1058,823,-1,1051,1,1,0,1,1,1,0,1,1,1,1,0,1,1,1,1
2026-07-03T20:04:46.037,tof2,4x4,side_left,2934,3264,-1,3316,-1,1434,-1,3459,-1,1003,1535,-1,1063,825,1085,1058,1,1,0,1,1,1,1,1,1,1,1,0,1,1,1,1
2026-07-03T20:04:46.208,tof2,4x4,side_left,3028,3245,-1,3287,-1,1472,-1,3478,-1,957,1566,-1,1054,820,-1,1059,1,1,0,1,1,1,1,1,0,1,1,0,1,1,1,1
2026-07-03T20:04:46.444,tof1,4x4,side_left,-1,-1,-1,-1,-1,-1,-1,-1,-1,-1,406,359,274,217,286,338,0,0,0,0,0,0,0,0,0,0,1,1,1,1,1,1
2026-07-03T20:04:46.394,tof2,4x4,side_left,2947,3261,-1,3344,-1,1478,-1,3483,1601,969,1547,-1,1063,-1,-1,1060,1,1,0,1,0,1,0,1,1,1,1,0,1,1,1,1
2026-07-03T20:04:46.574,tof2,4x4,side_left,-1,3250,-1,3314,2122,1480,-1,3498,1679,948,1546,-1,1048,814,-1,1059,0,1,1,1,1,1,0,1,1,1,1,0,1,1,1,1
2026-07-03T20:04:46.647,tof1,4x4,side_left,-1,-1,-1,-1,-1,-1,-1,-1,-1,-1,408,359,269,217,290,337,0,0,0,0,0,0,0,0,0,0,1,1,1,1,1,1
2026-07-03T20:04:46.821,tof1,4x4,side_left,-1,-1,-1,-1,-1,-1,-1,-1,-1,-1,409,359,272,215,285,334,0,0,0,0,0,0,0,0,0,0,1,1,1,1,1,1
2026-07-03T20:04:46.777,tof2,4x4,side_left,3017,3262,-1,3301,2142,1476,2198,3496,-1,949,1558,-1,1064,818,1112,1051,1,1,1,1,1,1,1,1,1,1,1,1,1,1,1,1
2026-07-03T20:04:46.948,tof2,4x4,side_left,3024,3248,-1,3334,2235,1469,-1,3469,-1,954,-1,-1,1052,827,1097,1048,1,1,0,1,1,1,0,1,1,1,1,0,1,1,1,1
2026-07-03T20:04:47.021,tof1,4x4,side_left,-1,-1,-1,-1,-1,-1,-1,-1,-1,-1,409,360,276,217,290,336,0,0,0,0,0,0,0,0,0,0,1,1,1,1,1,1
2026-07-03T20:04:47.146,tof2,4x4,side_left,3020,3253,3359,3318,-1,1467,2214,3497,1527,958,1569,-1,-1,818,1091,1053,1,1,1,1,0,1,1,1,1,1,1,0,1,1,1,1
2026-07-03T20:04:47.225,tof1,4x4,side_left,-1,-1,-1,-1,-1,-1,-1,-1,-1,-1,414,361,275,217,289,336,0,0,0,0,0,0,0,0,0,0,1,1,1,1,1,1
2026-07-03T20:04:47.401,tof1,4x4,side_left,-1,-1,-1,-1,-1,-1,-1,-1,-1,-1,411,360,278,217,289,336,0,0,0,0,0,0,0,0,0,0,1,1,1,1,1,1
2026-07-03T20:04:47.337,tof2,4x4,side_left,2987,3259,-1,3303,-1,1438,-1,3441,-1,959,-1,-1,1062,789,-1,1040,1,1,0,1,1,1,0,1,0,1,1,1,1,1,1,1
2026-07-03T20:04:47.510,tof2,4x4,side_left,3023,3258,-1,3302,-1,1507,-1,3498,-1,959,1549,-1,1055,825,-1,1053,1,1,0,1,1,1,0,1,1,1,1,1,1,1,1,1
2026-07-03T20:04:47.561,tof1,4x4,side_left,-1,-1,-1,-1,-1,-1,-1,-1,-1,-1,413,358,277,218,286,333,1,0,0,0,0,0,0,0,0,0,1,1,1,1,1,1
2026-07-03T20:04:47.675,tof2,4x4,side_left,3008,3255,-1,3336,2111,1457,-1,3436,-1,975,1572,-1,1062,815,-1,1048,1,1,0,1,1,1,1,1,0,1,1,1,1,1,1,1
2026-07-03T20:04:47.751,tof1,4x4,side_left,-1,-1,-1,-1,-1,-1,-1,-1,-1,-1,409,359,274,217,285,334,0,0,0,0,0,0,0,0,0,0,1,1,1,1,1,1
2026-07-03T20:04:47.840,tof2,4x4,side_left,-1,3267,-1,3312,-1,1475,-1,-1,-1,978,-1,-1,1063,822,1105,1053,1,1,0,1,1,1,1,1,1,1,1,0,1,1,1,1
2026-07-03T20:04:47.930,tof1,4x4,side_left,-1,-1,-1,-1,-1,-1,-1,-1,-1,-1,411,359,271,216,289,337,0,0,0,0,0,0,0,0,0,0,1,1,1,1,1,1
2026-07-03T20:04:48.042,tof2,4x4,side_left,2872,3259,-1,3327,2054,1494,-1,3507,-1,936,1542,-1,1070,831,-1,1045,1,1,0,1,1,1,1,1,1,1,1,0,1,1,1,1
2026-07-03T20:04:48.102,tof1,4x4,side_left,-1,-1,-1,-1,-1,-1,-1,-1,-1,-1,409,354,274,217,287,333,0,0,0,0,0,0,0,0,0,0,1,1,1,1,1,1
2026-07-03T20:04:48.219,tof2,4x4,side_left,2941,3252,-1,3333,-1,1488,-1,3469,-1,957,1555,-1,1058,816,-1,1050,1,1,0,1,0,1,0,1,0,1,1,1,1,1,1,1
2026-07-03T20:04:48.283,tof1,4x4,side_left,-1,-1,-1,-1,-1,-1,-1,-1,-1,-1,413,358,274,217,294,336,0,0,0,0,0,0,0,0,0,0,1,1,1,1,1,1
2026-07-03T20:04:48.398,tof2,4x4,side_left,-1,3256,-1,3232,-1,1468,-1,3445,1633,993,1553,-1,-1,830,-1,1035,1,1,0,1,1,1,0,1,1,1,1,1,1,1,1,1
2026-07-03T20:04:48.454,tof1,4x4,side_left,-1,-1,-1,-1,-1,-1,-1,-1,-1,-1,411,359,271,219,289,334,1,0,0,0,0,0,0,0,0,0,1,1,1,1,1,1
2026-07-03T20:04:48.635,tof1,4x4,side_left,-1,-1,-1,-1,-1,-1,-1,-1,-1,-1,411,359,271,215,298,338,1,0,0,0,0,0,0,0,0,0,1,1,1,1,1,1
2026-07-03T20:04:48.555,tof2,4x4,side_left,2990,3253,-1,3267,-1,1484,-1,3459,-1,935,1535,-1,1069,789,1107,1051,1,1,1,1,0,1,1,1,1,1,1,0,1,1,1,1
2026-07-03T20:04:48.795,tof1,4x4,side_left,-1,-1,-1,-1,-1,-1,-1,-1,-1,-1,410,358,271,216,289,336,0,0,0,0,0,0,0,0,0,0,1,1,1,1,1,1
2026-07-03T20:04:48.754,tof2,4x4,side_left,3041,3269,-1,3338,-1,1436,-1,3475,-1,943,1546,-1,1054,823,1101,1036,1,1,1,1,1,1,0,1,1,1,1,0,1,1,1,1
2026-07-03T20:04:48.952,tof2,4x4,side_left,-1,3253,-1,3309,-1,1481,-1,3426,-1,1000,1549,-1,1052,-1,1108,1046,1,1,1,1,1,1,1,1,0,1,1,1,1,1,1,1
2026-07-03T20:04:48.982,tof1,4x4,side_left,-1,-1,-1,-1,-1,-1,-1,-1,-1,-1,411,359,274,215,291,335,0,0,0,0,0,0,0,0,0,0,1,1,1,1,1,1
2026-07-03T20:04:49.115,tof2,4x4,side_left,3016,3254,-1,3305,-1,1471,-1,-1,-1,950,1551,-1,1052,821,-1,1054,1,1,0,1,0,1,0,1,1,1,1,0,1,1,1,1
2026-07-03T20:04:49.184,tof1,4x4,side_left,-1,-1,-1,-1,-1,-1,-1,-1,-1,-1,411,360,274,217,285,335,1,0,0,0,0,0,0,0,0,0,1,1,1,1,1,1
2026-07-03T20:04:49.288,tof2,4x4,side_left,3020,3259,-1,3328,-1,-1,-1,3498,1607,966,1592,-1,1053,-1,-1,1056,1,1,1,1,1,1,0,1,1,1,1,0,1,1,1,1
2026-07-03T20:04:49.368,tof1,4x4,side_left,-1,-1,-1,-1,-1,-1,-1,-1,-1,-1,411,360,280,215,294,338,1,0,0,0,0,0,0,0,0,0,1,1,1,1,1,1
2026-07-03T20:04:49.546,tof1,4x4,side_left,-1,-1,-1,-1,-1,-1,-1,-1,-1,-1,413,361,273,215,294,336,0,0,0,1,0,0,0,0,0,0,1,1,1,1,1,1
2026-07-03T20:04:49.465,tof2,4x4,side_left,3065,3261,-1,3302,-1,1498,-1,3472,1567,961,1573,-1,1039,808,-1,1038,1,1,0,1,0,1,1,1,1,1,1,0,1,1,1,1
2026-07-03T20:04:49.675,tof2,4x4,side_left,3070,3245,3310,3319,-1,-1,-1,3436,-1,964,-1,-1,1056,822,1095,1054,1,1,1,1,0,1,1,1,0,1,1,0,1,1,1,1
2026-07-03T20:04:49.744,tof1,4x4,side_left,-1,-1,-1,-1,-1,-1,-1,-1,-1,-1,413,358,274,217,292,338,0,0,0,0,0,0,0,0,0,0,1,1,1,1,1,1
2026-07-03T20:04:49.854,tof2,4x4,side_left,3042,3248,3258,3299,-1,-1,-1,3473,-1,973,1547,-1,-1,815,-1,1059,1,1,1,1,1,0,0,1,0,1,1,1,1,1,1,1
2026-07-03T20:04:49.934,tof1,4x4,side_left,-1,-1,-1,-1,-1,-1,-1,-1,-1,-1,412,360,276,217,293,338,0,0,0,0,0,0,0,0,0,0,1,1,1,1,1,1
2026-07-03T20:04:50.019,tof2,4x4,side_left,3010,3248,-1,3382,-1,-1,-1,3497,-1,949,1533,-1,1082,812,-1,1052,1,1,0,1,0,0,0,1,1,1,1,0,1,1,1,1
2026-07-03T20:04:50.135,tof1,4x4,side_left,-1,-1,-1,-1,-1,-1,-1,-1,-1,-1,417,360,276,218,295,336,0,0,0,0,0,0,0,0,0,0,1,1,1,1,1,1
2026-07-03T20:04:50.213,tof2,4x4,side_left,3005,3254,-1,3299,-1,-1,-1,3493,-1,958,1604,-1,1056,-1,-1,1067,1,1,0,1,1,0,0,1,0,1,1,0,1,1,1,1
2026-07-03T20:04:50.303,tof1,4x4,side_left,-1,-1,-1,2172,-1,-1,-1,-1,-1,-1,413,361,276,214,291,338,0,0,0,1,0,0,0,0,0,0,1,1,1,1,1,1
2026-07-03T20:04:50.401,tof2,4x4,side_left,3054,3262,3285,3320,-1,-1,-1,3406,-1,955,1527,-1,1056,816,1099,1049,1,1,1,1,0,0,1,1,1,1,1,0,1,1,1,1
2026-07-03T20:04:50.461,tof1,4x4,side_left,-1,-1,-1,-1,-1,-1,-1,-1,-1,-1,412,360,277,217,296,337,0,0,0,0,0,0,0,0,0,0,1,1,1,1,1,1
2026-07-03T20:04:50.579,tof2,4x4,side_left,3001,3252,-1,3311,-1,-1,-1,3446,1572,959,1547,-1,1053,817,1117,-1,1,1,0,1,0,0,0,1,1,1,1,0,1,1,1,1
2026-07-03T20:04:50.632,tof1,4x4,side_left,-1,-1,-1,-1,-1,-1,-1,-1,-1,-1,413,362,274,218,293,339,1,0,0,0,0,0,0,0,0,0,1,1,1,1,1,1
2026-07-03T20:04:50.810,tof2,4x4,side_left,3045,3258,-1,3335,-1,-1,-1,3453,1609,973,1565,-1,1056,801,-1,1049,1,1,0,1,0,0,0,1,1,1,1,0,1,1,1,1
2026-07-03T20:04:51.046,tof1,4x4,side_left,-1,-1,-1,-1,-1,-1,-1,-1,-1,-1,412,360,272,218,291,336,0,0,0,0,0,0,0,0,0,0,1,1,1,1,1,1
2026-07-03T20:04:51.229,tof1,4x4,side_left,-1,-1,-1,-1,-1,-1,-1,-1,-1,-1,414,361,272,218,291,336,0,0,0,0,0,0,0,0,0,0,1,1,1,1,1,1
2026-07-03T20:04:51.192,tof2,4x4,side_left,2968,3267,-1,3343,-1,-1,-1,3480,1590,928,1541,-1,1063,-1,1103,1051,1,1,0,1,0,0,1,1,1,1,1,0,1,1,1,1
2026-07-03T20:04:51.412,tof1,4x4,side_left,-1,-1,-1,-1,-1,-1,-1,-1,-1,-1,413,357,269,221,292,335,0,0,0,0,0,0,0,0,0,0,1,1,1,1,1,1
2026-07-03T20:04:51.363,tof2,4x4,side_left,-1,3247,-1,3288,-1,-1,-1,3465,1531,950,-1,-1,1049,821,1096,1045,1,1,0,1,0,1,0,1,1,1,1,0,1,1,1,1
2026-07-03T20:04:51.616,tof1,4x4,side_left,-1,-1,-1,-1,-1,-1,-1,-1,-1,-1,410,358,273,215,292,339,0,0,0,1,0,0,0,0,0,0,1,1,1,1,1,1
2026-07-03T20:04:51.557,tof2,4x4,side_left,2985,3243,-1,3336,2124,-1,-1,3396,-1,976,-1,-1,-1,817,1080,1052,1,1,1,1,1,0,1,1,1,1,1,0,1,1,1,1
2026-07-03T20:04:51.803,tof1,4x4,side_left,-1,-1,-1,-1,-1,-1,-1,-1,-1,-1,411,358,273,218,294,339,0,0,0,0,0,0,0,0,0,0,1,1,1,1,1,1
2026-07-03T20:04:51.732,tof2,4x4,side_left,3017,3260,-1,3345,-1,-1,-1,-1,1437,962,-1,1336,1064,-1,-1,1049,1,1,0,1,0,0,0,1,1,1,1,1,1,1,1,1
2026-07-03T20:04:51.977,tof1,4x4,side_left,-1,-1,-1,-1,-1,-1,-1,-1,-1,-1,412,359,271,216,297,335,1,0,0,0,0,0,0,0,0,0,1,1,1,1,1,1
2026-07-03T20:04:51.929,tof2,4x4,side_left,3048,3252,3322,3332,2087,-1,-1,3524,-1,950,1535,-1,1054,828,-1,1050,1,1,1,1,1,1,1,1,1,1,1,1,1,1,1,1
2026-07-03T20:04:52.157,tof1,4x4,side_left,3370,-1,-1,-1,-1,-1,-1,-1,-1,-1,412,358,270,215,292,335,1,0,0,0,0,0,0,0,0,0,1,1,1,1,1,1
2026-07-03T20:04:52.105,tof2,4x4,side_left,3008,3256,3253,3317,-1,1458,-1,3412,1579,923,1554,-1,1061,818,-1,1039,1,1,1,1,0,1,0,1,1,1,1,0,1,1,1,1
2026-07-03T20:04:52.280,tof2,4x4,side_left,2976,3249,-1,3326,-1,1442,-1,3496,-1,974,1563,-1,1053,829,-1,1052,1,1,0,1,0,1,1,1,0,1,1,0,1,1,1,1
2026-07-03T20:04:52.340,tof1,4x4,side_left,-1,-1,-1,-1,-1,-1,-1,-1,-1,-1,409,360,273,219,296,336,0,0,0,0,0,0,0,0,0,0,1,1,1,1,1,1
2026-07-03T20:04:52.451,tof2,4x4,side_left,3017,3256,-1,3324,-1,-1,-1,3435,-1,966,1562,-1,1055,827,1078,1048,1,1,1,1,0,1,1,1,1,1,1,0,1,1,1,1
2026-07-03T20:04:52.514,tof1,4x4,side_left,-1,-1,-1,-1,-1,-1,-1,-1,-1,-1,414,359,268,217,294,338,0,0,0,0,0,0,0,0,0,0,1,1,1,1,1,1
2026-07-03T20:04:52.625,tof2,4x4,side_left,3004,3266,-1,3318,-1,1478,-1,3529,1711,949,-1,-1,1048,825,-1,1055,1,1,1,1,0,1,1,1,1,1,1,1,1,1,1,1
2026-07-03T20:04:52.694,tof1,4x4,side_left,-1,-1,-1,-1,-1,-1,-1,-1,-1,-1,413,359,274,217,289,337,1,0,0,0,0,0,0,0,0,0,1,1,1,1,1,1
2026-07-03T20:04:52.896,tof1,4x4,side_left,-1,-1,-1,-1,-1,-1,-1,-1,-1,-1,412,362,275,217,289,338,0,0,0,0,0,0,0,0,0,0,1,1,1,1,1,1
2026-07-03T20:04:52.833,tof2,4x4,side_left,-1,3255,-1,-1,-1,-1,-1,3544,1699,954,1539,-1,1055,809,-1,1045,0,1,0,1,0,1,0,1,1,1,1,1,1,1,1,1
2026-07-03T20:04:53.069,tof1,4x4,side_left,-1,-1,-1,-1,-1,-1,-1,-1,-1,-1,411,360,273,217,291,337,0,0,0,0,0,0,0,0,0,0,1,1,1,1,1,1
2026-07-03T20:04:53.044,tof2,4x4,side_left,-1,3249,-1,-1,-1,1471,-1,3448,1656,946,1556,-1,1051,807,-1,1043,1,1,0,1,1,1,0,1,1,1,1,0,1,1,1,1
2026-07-03T20:04:53.252,tof1,4x4,side_left,-1,-1,-1,-1,-1,-1,-1,-1,-1,-1,415,360,277,216,297,336,0,0,0,0,0,0,0,0,0,0,1,1,1,1,1,1
2026-07-03T20:04:53.243,tof2,4x4,side_left,3034,3254,-1,3326,-1,1483,-1,3446,1660,952,1567,-1,1057,826,-1,1059,1,1,0,1,1,1,1,1,1,1,1,0,1,1,1,1
2026-07-03T20:04:53.429,tof1,4x4,side_left,-1,-1,-1,-1,-1,-1,-1,-1,-1,-1,415,359,272,216,291,336,0,0,0,0,0,0,0,0,0,0,1,1,1,1,1,1
2026-07-03T20:04:53.412,tof2,4x4,side_left,2974,3261,-1,3332,-1,1436,-1,3507,1530,937,1532,-1,-1,823,-1,1043,1,1,0,1,1,1,0,1,1,1,1,1,1,1,1,1
2026-07-03T20:04:53.580,tof2,4x4,side_left,2995,3260,-1,3320,-1,-1,-1,3491,1632,965,1530,-1,1063,822,1090,1055,1,1,0,1,1,1,1,1,1,1,1,0,1,1,1,1
2026-07-03T20:04:53.614,tof1,4x4,side_left,-1,-1,-1,-1,-1,-1,-1,-1,-1,-1,411,359,270,218,288,335,0,0,0,0,0,0,0,0,0,0,1,1,1,1,1,1
2026-07-03T20:04:53.748,tof2,4x4,side_left,2934,3256,3376,3319,-1,-1,-1,3428,-1,960,-1,-1,1064,-1,1105,1044,1,1,1,1,0,1,1,1,0,1,1,0,1,1,1,1
2026-07-03T20:04:53.789,tof1,4x4,side_left,-1,-1,-1,-1,-1,-1,-1,-1,-1,-1,411,360,274,216,293,338,0,0,0,0,0,0,0,0,0,0,1,1,1,1,1,1
2026-07-03T20:04:53.918,tof2,4x4,side_left,3052,3268,-1,3328,-1,1463,-1,3424,-1,965,-1,-1,1067,827,-1,1049,1,1,0,1,0,1,0,1,1,1,1,0,1,1,1,1
2026-07-03T20:04:53.978,tof1,4x4,side_left,-1,-1,-1,-1,-1,-1,-1,-1,-1,-1,415,360,271,218,290,339,0,0,0,0,0,0,0,0,0,0,1,1,1,1,1,1
2026-07-03T20:04:54.095,tof2,4x4,side_left,2977,3254,3279,3335,2055,1503,-1,3504,-1,967,1545,1318,1068,817,1095,1061,1,1,1,1,1,1,0,1,0,1,1,1,1,1,1,1
2026-07-03T20:04:54.149,tof1,4x4,side_left,-1,-1,-1,-1,-1,-1,-1,-1,-1,-1,413,358,271,217,295,335,0,0,0,0,0,0,0,0,0,0,1,1,1,1,1,1
2026-07-03T20:04:54.276,tof2,4x4,side_left,2997,3261,-1,3302,-1,1519,-1,3524,1696,966,-1,-1,1056,815,1103,1046,1,1,0,1,0,1,0,1,1,1,1,1,1,1,1,1
2026-07-03T20:04:54.316,tof1,4x4,side_left,-1,-1,-1,-1,-1,-1,-1,-1,-1,-1,413,360,272,217,297,336,0,0,0,0,0,0,0,0,0,0,1,1,1,1,1,1
2026-07-03T20:04:54.435,tof2,4x4,side_left,2992,3250,3362,3342,-1,1472,-1,3465,1603,939,1552,-1,1055,831,1094,1054,1,1,1,1,0,1,1,1,1,1,1,0,1,1,1,1
2026-07-03T20:04:54.485,tof1,4x4,side_left,-1,-1,-1,-1,-1,-1,-1,-1,-1,-1,410,357,271,216,290,336,0,0,0,0,0,0,0,0,0,0,1,1,1,1,1,1
2026-07-03T20:04:54.659,tof1,4x4,side_left,-1,-1,-1,-1,-1,-1,-1,-1,-1,-1,412,358,270,219,294,337,0,0,0,0,0,0,0,0,0,0,1,1,1,1,1,1
2026-07-03T20:04:54.613,tof2,4x4,side_left,2932,3250,-1,3316,-1,1485,-1,3452,-1,939,1555,-1,1063,824,-1,1049,1,1,0,1,0,1,1,1,0,1,1,1,1,1,1,1
2026-07-03T20:04:54.790,tof2,4x4,side_left,-1,3251,-1,3318,-1,1368,-1,3475,-1,946,-1,-1,1057,819,-1,1059,1,1,0,1,0,1,0,1,1,1,1,0,1,1,1,1
2026-07-03T20:04:54.819,tof1,4x4,side_left,-1,-1,-1,-1,-1,-1,-1,-1,-1,-1,411,361,264,218,296,335,0,0,0,0,0,0,0,0,0,0,1,1,1,1,1,1
2026-07-03T20:04:54.947,tof2,4x4,side_left,3013,3233,-1,3334,-1,1455,-1,3421,1744,943,-1,-1,1055,814,-1,1053,1,1,0,1,1,1,0,1,1,1,1,0,1,1,1,1
2026-07-03T20:04:55.001,tof1,4x4,side_left,-1,-1,-1,-1,-1,-1,-1,-1,-1,-1,413,360,271,218,294,337,0,0,0,0,0,0,0,0,0,0,1,1,1,1,1,1
2026-07-03T20:04:55.188,tof1,4x4,side_left,-1,-1,-1,-1,-1,-1,-1,-1,-1,-1,411,358,270,216,293,339,0,0,0,0,0,0,0,0,0,0,1,1,1,1,1,1
2026-07-03T20:04:55.134,tof2,4x4,side_left,3014,3260,-1,3320,-1,-1,-1,3502,-1,956,1569,-1,1062,823,-1,1055,1,1,1,1,1,1,1,1,1,1,1,1,1,1,1,1
2026-07-03T20:04:55.355,tof1,4x4,side_left,-1,-1,-1,-1,-1,-1,-1,-1,-1,-1,409,360,265,219,293,336,0,0,0,0,0,0,0,0,0,0,1,1,1,1,1,1
2026-07-03T20:04:55.310,tof2,4x4,side_left,-1,3269,-1,3290,-1,1462,-1,3496,1635,968,1567,-1,1080,830,-1,1048,0,1,0,1,0,1,0,1,1,1,1,0,1,1,1,1
2026-07-03T20:04:55.463,tof2,4x4,side_left,3008,3255,-1,3354,-1,1459,-1,-1,-1,957,1549,-1,1053,831,-1,1052,1,1,0,1,0,1,1,0,1,1,1,1,1,1,1,1
2026-07-03T20:04:55.531,tof1,4x4,side_left,-1,-1,-1,-1,-1,-1,-1,-1,-1,-1,415,360,273,218,297,338,0,0,0,0,0,0,0,0,0,0,1,1,1,1,1,1
2026-07-03T20:04:55.633,tof2,4x4,side_left,3012,3272,-1,3312,-1,1436,2170,3489,1687,992,1564,-1,1058,821,1102,1054,1,1,0,1,1,1,1,1,1,1,1,0,1,1,1,1
2026-07-03T20:04:55.734,tof1,4x4,side_left,-1,-1,-1,-1,-1,-1,-1,-1,-1,-1,415,361,268,218,291,335,0,0,0,0,0,0,0,0,0,0,1,1,1,1,1,1
2026-07-03T20:04:55.794,tof2,4x4,side_left,2996,3250,3248,3308,-1,1453,-1,3465,-1,946,1517,-1,1052,814,1103,1038,1,1,1,1,1,1,1,1,1,1,1,1,1,1,1,1
2026-07-03T20:04:55.906,tof1,4x4,side_left,-1,-1,-1,-1,-1,-1,-1,-1,-1,-1,412,360,273,218,292,338,0,0,0,0,0,0,0,0,0,0,1,1,1,1,1,1
2026-07-03T20:04:55.971,tof2,4x4,side_left,3060,3248,-1,-1,-1,1441,-1,3466,1644,949,-1,-1,1058,827,-1,1057,1,1,1,1,0,1,0,1,1,1,1,1,1,1,1,1
2026-07-03T20:04:56.065,tof1,4x4,side_left,-1,-1,-1,-1,-1,-1,-1,-1,-1,-1,412,361,269,220,292,338,0,0,0,0,0,0,0,0,0,0,1,1,1,1,1,1
2026-07-03T20:04:56.133,tof2,4x4,side_left,2981,3258,-1,3298,2094,1479,2145,3442,-1,954,1596,-1,1059,825,-1,1058,1,1,0,1,1,1,1,1,0,1,1,0,1,1,1,1
2026-07-03T20:04:56.225,tof1,4x4,side_left,-1,-1,-1,-1,-1,-1,-1,-1,-1,-1,413,359,269,218,293,338,1,0,0,0,0,0,0,0,0,0,1,1,1,1,1,1
2026-07-03T20:04:56.294,tof2,4x4,side_left,3008,3255,-1,3351,2166,1424,-1,3497,-1,942,1563,-1,1055,830,1104,1045,1,1,0,1,1,1,1,1,0,1,1,0,1,1,1,1
2026-07-03T20:04:56.575,tof1,4x4,side_left,-1,-1,-1,-1,-1,-1,-1,-1,-1,-1,415,362,271,215,286,338,0,0,0,0,0,0,0,0,0,0,1,1,1,1,1,1
2026-07-03T20:04:56.585,tof2,4x4,side_left,2981,3249,-1,-1,-1,1465,-1,3438,-1,989,1556,-1,1041,814,1090,1051,1,1,0,1,1,1,1,1,0,1,1,0,1,1,1,1
2026-07-03T20:04:56.745,tof1,4x4,side_left,-1,-1,-1,-1,-1,-1,-1,-1,-1,-1,414,361,268,216,295,335,0,0,0,0,0,0,0,0,0,0,1,1,1,1,1,1
2026-07-03T20:04:56.772,tof2,4x4,side_left,2915,3252,-1,3328,-1,1465,2220,3540,-1,942,-1,1325,1051,829,-1,1055,1,1,1,1,0,1,1,1,1,1,1,1,1,1,1,1
2026-07-03T20:04:56.946,tof1,4x4,side_left,-1,-1,-1,-1,-1,-1,-1,-1,-1,-1,414,361,264,217,292,336,0,0,0,0,0,0,0,0,0,0,1,1,1,1,1,1
2026-07-03T20:04:56.963,tof2,4x4,side_left,2945,3252,3359,3284,-1,1463,-1,-1,-1,963,1558,-1,1056,800,-1,1037,1,1,1,1,0,1,0,0,1,1,1,0,1,1,1,1
2026-07-03T20:04:57.147,tof2,4x4,side_left,-1,3250,-1,3336,-1,1484,-1,3462,-1,988,1522,-1,1053,822,-1,1051,1,1,0,1,1,1,1,1,1,1,1,0,1,1,1,1
2026-07-03T20:04:57.153,tof1,4x4,side_left,-1,-1,-1,-1,-1,-1,-1,-1,-1,-1,413,361,271,218,289,337,1,0,0,0,0,0,0,0,0,0,1,1,1,1,1,1
2026-07-03T20:04:57.317,tof2,4x4,side_left,-1,3240,-1,3336,-1,1472,2183,3523,-1,965,-1,-1,-1,816,-1,1056,0,1,0,1,0,1,1,1,1,1,1,0,1,1,1,1
2026-07-03T20:04:57.341,tof1,4x4,side_left,-1,-1,-1,-1,-1,-1,-1,-1,-1,-1,416,360,270,217,295,338,0,0,0,0,0,0,0,0,0,0,1,1,1,1,1,1
2026-07-03T20:04:57.481,tof2,4x4,side_left,3003,3254,3312,3304,-1,1481,-1,3439,-1,955,1529,-1,1069,829,-1,1039,1,1,1,1,0,1,0,1,0,1,1,0,1,1,1,1
2026-07-03T20:04:57.505,tof1,4x4,side_left,-1,-1,-1,-1,-1,-1,-1,-1,-1,-1,415,357,267,216,292,336,0,0,0,0,0,0,0,0,0,0,1,1,1,1,1,1
2026-07-03T20:04:57.695,tof1,4x4,side_left,-1,-1,-1,-1,-1,-1,-1,-1,-1,-1,412,359,269,217,290,335,1,0,0,0,0,0,0,0,0,0,1,1,1,1,1,1
2026-07-03T20:04:57.644,tof2,4x4,side_left,2966,3243,-1,3285,-1,1469,2165,3515,-1,968,-1,-1,1051,818,-1,1050,1,1,0,1,0,1,1,1,1,1,1,1,1,1,1,1
2026-07-03T20:04:57.808,tof2,4x4,side_left,3018,3251,-1,3310,-1,1447,1687,3485,-1,945,1538,-1,1057,831,1067,1040,1,1,1,1,1,1,1,1,1,1,1,0,1,1,1,1
2026-07-03T20:04:57.868,tof1,4x4,side_left,-1,-1,-1,-1,-1,-1,-1,-1,-1,-1,412,359,268,219,297,337,0,0,0,0,0,0,0,0,0,0,1,1,1,1,1,1
2026-07-03T20:04:57.982,tof2,4x4,side_left,2977,3264,-1,3315,-1,1480,-1,3021,1651,975,1545,-1,1064,822,-1,1057,1,1,0,1,0,1,1,1,1,1,1,0,1,1,1,1
2026-07-03T20:04:58.074,tof1,4x4,side_left,-1,-1,-1,-1,-1,-1,-1,-1,-1,-1,415,360,275,217,292,338,0,0,0,0,0,0,0,0,0,0,1,1,1,1,1,1
2026-07-03T20:04:58.141,tof2,4x4,side_left,2914,3259,-1,3330,-1,1442,-1,3490,-1,973,1550,-1,1056,819,1129,1045,1,1,0,1,0,1,0,1,0,1,1,0,1,1,1,1
2026-07-03T20:04:58.249,tof1,4x4,side_left,-1,-1,-1,-1,-1,-1,-1,-1,-1,-1,416,359,271,217,294,335,0,0,0,0,0,0,0,0,0,0,1,1,1,1,1,1
2026-07-03T20:04:58.314,tof2,4x4,side_left,3048,3253,-1,3296,-1,1447,-1,-1,-1,955,-1,-1,1063,829,-1,1042,1,1,0,1,0,1,0,1,1,1,1,0,1,1,1,1
2026-07-03T20:04:58.414,tof1,4x4,side_left,-1,-1,-1,-1,-1,-1,-1,-1,-1,-1,412,360,264,217,291,337,1,0,0,0,1,0,0,0,0,0,1,1,1,1,1,1
2026-07-03T20:04:58.487,tof2,4x4,side_left,3097,3260,-1,3303,-1,1445,2060,3534,1548,1003,-1,-1,1069,811,1077,1049,1,1,0,1,0,1,1,1,1,1,1,1,1,1,1,1
2026-07-03T20:04:58.589,tof1,4x4,side_left,-1,-1,-1,-1,-1,-1,-1,-1,-1,-1,412,360,266,217,295,337,0,0,0,0,0,0,0,0,0,0,1,1,1,1,1,1
2026-07-03T20:04:58.655,tof2,4x4,side_left,2950,3251,-1,3298,2307,1446,-1,3520,-1,953,1559,-1,1050,825,-1,1052,1,1,0,1,1,1,0,1,0,1,1,0,1,1,1,1
2026-07-03T20:04:58.767,tof1,4x4,side_left,-1,-1,-1,-1,-1,-1,-1,-1,-1,-1,414,359,263,217,294,338,0,0,0,0,0,0,0,0,0,0,1,1,1,1,1,1
2026-07-03T20:04:58.932,tof1,4x4,side_left,-1,-1,-1,-1,-1,-1,-1,-1,-1,-1,415,360,266,218,293,336,0,0,0,0,0,0,0,0,0,0,1,1,1,1,1,1
2026-07-03T20:04:58.839,tof2,4x4,side_left,2936,3251,-1,3311,-1,-1,-1,3441,-1,976,-1,-1,1070,813,1096,1045,1,1,0,1,0,1,0,1,1,1,1,1,1,1,1,1
2026-07-03T20:04:59.105,tof1,4x4,side_left,-1,-1,-1,-1,-1,-1,-1,-1,-1,-1,412,360,271,216,292,338,0,0,0,0,0,0,0,0,0,0,1,1,1,1,1,1
2026-07-03T20:04:59.032,tof2,4x4,side_left,2988,3256,3340,3317,-1,1448,-1,3393,1482,960,1552,-1,1053,804,-1,1059,1,1,1,1,0,1,0,1,1,1,1,1,1,1,1,1
2026-07-03T20:04:59.212,tof2,4x4,side_left,2989,3264,-1,3315,-1,1379,2236,3490,-1,950,1558,-1,1059,818,1098,1053,1,1,0,1,1,1,1,1,1,1,1,0,1,1,1,1
2026-07-03T20:04:59.274,tof1,4x4,side_left,-1,-1,-1,-1,-1,-1,-1,-1,-1,-1,413,361,266,217,296,339,1,0,0,1,0,0,0,0,0,0,1,1,1,1,1,1
2026-07-03T20:04:59.388,tof2,4x4,side_left,2985,3265,-1,3333,2121,1451,2174,3395,-1,-1,1539,-1,-1,818,-1,1046,1,1,1,1,1,1,1,1,1,1,1,1,1,1,1,1
2026-07-03T20:04:59.448,tof1,4x4,side_left,-1,-1,-1,-1,-1,-1,-1,-1,-1,-1,414,361,270,217,291,338,0,0,0,0,0,0,0,0,0,0,1,1,1,1,1,1
2026-07-03T20:04:59.550,tof2,4x4,side_left,2968,3256,-1,3372,-1,1468,-1,3547,1673,935,1539,-1,1070,815,-1,1057,1,1,0,1,1,1,1,1,1,1,1,0,1,1,1,1
2026-07-03T20:04:59.627,tof1,4x4,side_left,-1,-1,-1,-1,-1,-1,-1,-1,-1,-1,415,360,268,219,292,337,0,0,0,0,0,0,0,0,0,0,1,1,1,1,1,1
2026-07-03T20:04:59.723,tof2,4x4,side_left,-1,3249,-1,3320,-1,1480,-1,3463,1603,957,1549,-1,-1,829,1101,1044,0,1,1,1,1,1,0,1,1,1,1,0,1,1,1,1
2026-07-03T20:04:59.806,tof1,4x4,side_left,-1,-1,-1,-1,-1,-1,-1,-1,-1,-1,415,360,262,216,295,339,0,0,0,0,0,0,0,0,0,0,1,1,1,1,1,1
2026-07-03T20:04:59.915,tof2,4x4,side_left,3002,3259,3301,3335,-1,-1,-1,3508,-1,960,-1,-1,1058,-1,1098,1046,1,1,1,1,1,1,0,1,0,1,1,0,1,1,1,1
2026-07-03T20:04:59.979,tof1,4x4,side_left,-1,-1,-1,-1,-1,-1,-1,-1,-1,-1,413,362,263,218,299,337,0,0,0,0,0,0,0,0,0,0,1,1,1,1,1,1
2026-07-03T20:05:00.087,tof2,4x4,side_left,3030,3244,-1,3296,-1,-1,-1,3435,-1,943,1426,-1,1053,-1,1112,1054,1,1,0,1,0,0,0,1,0,1,1,0,1,1,1,1
2026-07-03T20:05:00.151,tof1,4x4,side_left,-1,-1,-1,-1,-1,-1,-1,-1,-1,-1,417,359,271,217,290,336,0,0,0,1,0,0,0,0,0,0,1,1,1,1,1,1
2026-07-03T20:05:00.332,tof1,4x4,side_left,-1,-1,-1,-1,-1,-1,-1,-1,-1,-1,414,357,263,218,294,337,0,0,0,0,0,0,0,0,0,0,1,1,1,1,1,1
2026-07-03T20:05:00.509,tof1,4x4,side_left,-1,-1,-1,-1,-1,-1,-1,-1,-1,-1,416,358,264,218,291,338,0,0,0,0,0,0,0,0,0,0,1,1,1,1,1,1
2026-07-03T20:05:00.671,tof1,4x4,side_left,-1,-1,-1,-1,-1,-1,459,-1,-1,-1,414,357,259,217,299,337,0,1,0,1,0,0,1,0,0,0,1,1,1,1,1,1
2026-07-03T20:05:00.844,tof1,4x4,side_left,-1,-1,-1,-1,-1,-1,-1,-1,-1,-1,411,359,266,218,297,338,0,0,0,0,0,0,0,0,0,0,1,1,1,1,1,1
2026-07-03T20:05:01.109,tof2,4x4,side_left,2937,3267,-1,-1,-1,-1,-1,3488,-1,949,-1,-1,1059,820,-1,1056,1,1,0,1,1,0,0,1,1,1,1,0,1,1,1,1
2026-07-03T20:05:01.280,tof2,4x4,side_left,3001,3263,-1,3347,-1,-1,-1,3489,-1,960,-1,-1,1063,-1,-1,1044,1,1,0,1,1,1,1,1,1,1,1,0,1,1,1,1
2026-07-03T20:05:01.453,tof2,4x4,side_left,-1,3253,-1,3309,-1,-1,-1,3500,-1,1169,-1,-1,1052,805,-1,1059,0,1,0,1,0,1,1,1,0,1,1,0,1,1,1,1
2026-07-03T20:05:01.608,tof2,4x4,side_left,3017,3266,-1,3305,-1,-1,-1,3472,-1,959,1552,-1,1054,829,-1,1041,1,1,0,1,0,0,1,1,1,1,1,1,1,1,1,1
2026-07-03T20:05:01.773,tof2,4x4,side_left,2924,3270,-1,3305,-1,-1,-1,3501,1648,968,-1,-1,1049,823,-1,1057,1,1,0,1,0,0,0,1,1,1,1,0,1,1,1,1
2026-07-03T20:05:02.249,tof2,4x4,side_left,2989,3257,3323,-1,2138,-1,-1,3523,1417,976,1534,-1,1055,826,1097,1058,1,1,1,1,1,0,0,1,1,1,1,0,1,1,1,1
2026-07-03T20:05:02.408,tof2,4x4,side_left,-1,3261,-1,3340,-1,-1,-1,3429,1642,965,1518,-1,1050,813,-1,1033,0,1,0,1,1,0,0,1,1,1,1,0,1,1,1,1
2026-07-03T20:05:02.588,tof2,4x4,side_left,3001,3258,-1,3319,2129,-1,2175,3508,1678,939,1566,-1,1051,825,1090,1056,1,1,0,1,1,0,1,1,1,1,1,0,1,1,1,1
2026-07-03T20:05:02.761,tof2,4x4,side_left,2979,3255,3282,3284,-1,1434,2199,3444,-1,967,-1,-1,-1,828,1089,1056,1,1,1,1,1,1,1,1,1,1,1,0,1,1,1,1
2026-07-03T20:05:02.951,tof2,4x4,side_left,3020,3254,-1,3310,-1,1468,-1,3495,-1,975,1566,-1,-1,816,-1,1051,1,1,0,1,1,1,1,1,0,1,1,0,1,1,1,1
2026-07-03T20:05:03.120,tof2,4x4,side_left,-1,3242,-1,3316,-1,1455,2185,-1,1378,950,-1,-1,1049,818,-1,1051,1,1,0,1,0,1,1,1,1,1,1,0,1,1,1,1
2026-07-03T20:05:03.291,tof2,4x4,side_left,3006,3263,-1,3339,-1,1429,2219,3509,-1,964,1540,-1,1059,827,-1,1048,1,1,0,1,0,1,1,1,0,1,1,1,1,1,1,1
2026-07-03T20:05:03.466,tof2,4x4,side_left,3026,3257,-1,3296,-1,1482,2205,3433,1764,966,1532,-1,1052,809,-1,1069,1,1,0,1,1,1,1,1,1,1,1,1,1,1,1,1
2026-07-03T20:05:03.632,tof2,4x4,side_left,2975,3251,-1,3339,-1,1452,1727,3488,-1,925,1569,-1,1055,829,1100,1054,1,1,0,1,0,1,1,1,0,1,1,0,1,1,1,1
2026-07-03T20:05:03.792,tof2,4x4,side_left,2992,3261,-1,-1,-1,-1,-1,3539,-1,968,1540,-1,1055,804,1084,1062,1,1,0,1,0,1,0,1,1,1,1,0,1,1,1,1
2026-07-03T20:05:03.951,tof1,4x4,side_left,-1,-1,-1,-1,-1,-1,-1,-1,-1,-1,413,360,263,218,296,338,0,0,0,0,0,0,1,0,0,0,1,1,1,1,1,1
2026-07-03T20:05:03.954,tof2,4x4,side_left,-1,3256,-1,3347,-1,1480,-1,3483,1621,955,1485,-1,-1,822,-1,1046,0,1,0,1,1,1,1,1,1,1,1,0,1,1,1,1
2026-07-03T20:05:04.132,tof1,4x4,side_left,-1,-1,-1,-1,-1,-1,-1,-1,-1,-1,413,359,256,219,295,338,0,0,0,0,0,1,0,0,0,0,1,1,1,1,1,1
2026-07-03T20:05:04.143,tof2,4x4,side_left,3044,3252,-1,-1,-1,1453,-1,3469,-1,955,1541,-1,1056,831,1109,1050,1,1,0,1,0,1,1,1,0,1,1,1,1,1,1,1
2026-07-03T20:05:04.294,tof1,4x4,side_left,-1,-1,-1,-1,-1,-1,-1,-1,-1,-1,411,357,258,221,294,337,0,0,0,0,0,0,0,0,0,0,1,1,1,1,1,1
2026-07-03T20:05:04.320,tof2,4x4,side_left,3001,3238,-1,3337,-1,1441,-1,3463,-1,943,1556,-1,1056,825,1104,1054,1,1,0,1,1,1,1,1,1,1,1,1,1,1,1,1
2026-07-03T20:05:04.456,tof1,4x4,side_left,-1,-1,-1,-1,-1,-1,-1,-1,-1,-1,411,359,259,219,296,337,0,0,0,0,0,0,0,0,0,0,1,1,1,1,1,1
2026-07-03T20:05:04.486,tof2,4x4,side_left,3018,3257,3335,3310,-1,1469,-1,3400,-1,934,-1,-1,1056,816,-1,1051,1,1,1,1,1,1,0,1,1,1,1,0,1,1,1,1
2026-07-03T20:05:04.634,tof1,4x4,side_left,-1,-1,-1,-1,-1,-1,-1,-1,-1,-1,413,360,259,219,294,336,0,0,0,0,0,0,0,0,0,0,1,1,1,1,1,1
2026-07-03T20:05:04.658,tof2,4x4,side_left,3016,3254,-1,3307,-1,1460,-1,-1,-1,978,1563,-1,1055,-1,-1,1048,1,1,0,1,1,1,1,1,0,1,1,0,1,1,1,1
2026-07-03T20:05:04.826,tof1,4x4,side_left,-1,-1,-1,-1,-1,-1,-1,-1,-1,-1,414,358,255,220,301,336,0,0,0,1,0,0,0,0,0,0,1,1,1,1,1,1
2026-07-03T20:05:04.832,tof2,4x4,side_left,2935,3251,-1,3295,-1,1473,2264,3472,1551,956,1527,-1,1056,823,1095,1051,1,1,1,1,0,1,1,1,1,1,1,0,1,1,1,1
2026-07-03T20:05:05.122,tof1,4x4,side_left,-1,-1,-1,-1,-1,-1,-1,-1,-1,-1,411,360,260,218,298,338,0,0,0,0,0,0,0,0,0,0,1,1,1,1,1,1
2026-07-03T20:05:05.171,tof2,4x4,side_left,2981,3262,-1,3342,-1,1472,-1,3517,1714,959,1561,-1,1062,815,-1,1046,1,1,0,1,0,1,0,1,1,1,1,0,1,1,1,1
2026-07-03T20:05:05.279,tof1,4x4,side_left,-1,-1,-1,-1,-1,-1,-1,-1,-1,-1,410,361,258,220,297,339,0,0,0,0,0,0,0,0,0,0,1,1,1,1,1,1
2026-07-03T20:05:05.346,tof2,4x4,side_left,2982,3262,-1,3287,-1,1411,-1,3467,-1,963,1560,-1,1061,822,-1,1054,1,1,0,1,1,1,0,1,0,1,1,1,1,1,1,1
2026-07-03T20:05:05.484,tof1,4x4,side_left,-1,-1,-1,-1,-1,-1,-1,-1,-1,-1,411,360,260,220,303,339,0,0,0,0,0,0,0,0,0,0,1,1,1,1,1,1
2026-07-03T20:05:05.542,tof2,4x4,side_left,3014,3258,-1,3332,-1,1421,2192,3450,1716,962,-1,-1,1052,825,-1,1040,1,1,1,1,0,1,1,1,1,1,1,0,1,1,1,1
2026-07-03T20:05:05.669,tof1,4x4,side_left,-1,-1,-1,-1,-1,-1,-1,-1,-1,-1,412,361,256,218,300,339,0,0,0,0,0,0,0,0,0,0,1,1,1,1,1,1
2026-07-03T20:05:05.729,tof2,4x4,side_left,3032,3263,-1,3316,-1,1463,-1,3455,-1,978,-1,-1,1053,825,-1,1042,1,1,0,1,0,1,0,1,0,1,1,1,1,1,1,1
2026-07-03T20:05:05.900,tof1,4x4,side_left,-1,-1,-1,-1,-1,-1,-1,-1,-1,-1,411,359,250,220,297,337,0,0,0,0,0,0,0,0,0,0,1,1,1,1,1,1
2026-07-03T20:05:05.940,tof2,4x4,side_left,2974,3258,-1,3301,2168,1494,-1,3531,1550,945,-1,-1,-1,823,-1,1055,1,1,0,1,1,1,0,1,1,1,1,0,1,1,1,1
2026-07-03T20:05:06.071,tof1,4x4,side_left,-1,-1,-1,-1,-1,-1,-1,-1,-1,-1,413,363,255,218,296,339,0,0,0,0,0,0,0,0,0,0,1,1,1,1,1,1
2026-07-03T20:05:06.165,tof2,4x4,side_left,2908,3263,-1,3318,-1,-1,-1,3461,1601,950,1527,-1,1065,823,1096,1057,1,1,1,1,0,1,0,1,1,1,1,0,1,1,1,1
2026-07-03T20:05:06.241,tof1,4x4,side_left,-1,-1,-1,-1,473,-1,-1,-1,-1,-1,411,361,260,216,301,339,0,0,0,0,1,0,0,0,0,0,1,1,1,1,1,1
2026-07-03T20:05:06.338,tof2,4x4,side_left,2926,3254,-1,3300,-1,1483,-1,3474,1528,968,1591,-1,1058,812,-1,1063,1,1,0,1,1,1,1,1,1,1,1,0,1,1,1,1
2026-07-03T20:05:06.408,tof1,4x4,side_left,-1,-1,-1,-1,-1,-1,-1,-1,-1,-1,413,361,257,218,299,339,0,0,0,0,0,0,0,0,0,0,1,1,1,1,1,1
2026-07-03T20:05:06.516,tof2,4x4,side_left,3038,3259,-1,3314,-1,-1,-1,3489,1639,964,1542,-1,1051,815,1085,1047,1,1,0,1,0,1,0,1,1,1,1,0,1,1,1,1
2026-07-03T20:05:06.580,tof1,4x4,side_left,-1,-1,-1,-1,-1,-1,-1,-1,-1,-1,412,362,256,217,293,341,0,0,0,0,0,0,0,0,0,0,1,1,1,1,1,1
2026-07-03T20:05:06.680,tof2,4x4,side_left,2982,3267,3253,3336,2130,1498,-1,3495,1658,999,1556,-1,1058,808,-1,1049,1,1,1,1,1,1,1,1,1,1,1,0,1,1,1,1
2026-07-03T20:05:06.774,tof1,4x4,side_left,-1,-1,-1,-1,-1,-1,-1,-1,-1,-1,413,361,262,218,296,339,0,0,0,0,0,0,0,0,0,0,1,1,1,1,1,1
2026-07-03T20:05:06.857,tof2,4x4,side_left,2984,3257,-1,3325,-1,1387,-1,-1,-1,995,1546,-1,1062,824,-1,1047,1,1,1,1,0,1,0,0,1,1,1,0,1,1,1,1
2026-07-03T20:05:06.953,tof1,4x4,side_left,-1,-1,-1,-1,-1,-1,-1,-1,-1,-1,413,361,253,219,298,339,0,0,0,0,0,0,0,0,0,0,1,1,1,1,1,1
2026-07-03T20:05:07.035,tof2,4x4,side_left,2981,3252,-1,3311,-1,1473,-1,3431,-1,963,1567,-1,1050,819,-1,1044,1,1,0,1,1,1,1,1,1,1,1,1,1,1,1,1
2026-07-03T20:05:07.124,tof1,4x4,side_left,-1,-1,-1,-1,-1,-1,-1,-1,-1,-1,412,360,257,217,293,338,0,0,0,0,0,0,0,0,0,0,1,1,1,1,1,1
2026-07-03T20:05:07.235,tof2,4x4,side_left,-1,3246,-1,3340,-1,1463,-1,-1,1671,950,1536,-1,1059,819,1082,1050,1,1,1,1,0,1,0,1,1,1,1,0,1,1,1,1
2026-07-03T20:05:07.288,tof1,4x4,side_left,-1,-1,-1,-1,-1,-1,-1,-1,-1,-1,413,358,259,216,295,339,0,0,0,0,0,0,0,0,0,0,1,1,1,1,1,1
2026-07-03T20:05:07.402,tof2,4x4,side_left,-1,3261,-1,3311,-1,1446,-1,3474,1484,938,1564,-1,1056,818,-1,1051,1,1,0,1,1,1,1,1,1,1,1,0,1,1,1,1
2026-07-03T20:05:07.471,tof1,4x4,side_left,-1,-1,-1,-1,-1,-1,-1,-1,-1,-1,413,357,256,217,297,338,0,0,0,0,0,0,0,0,0,0,1,1,1,1,1,1
2026-07-03T20:05:07.629,tof1,4x4,side_left,-1,-1,-1,-1,-1,-1,-1,-1,-1,-1,409,360,258,217,297,337,1,0,0,0,0,0,0,0,0,0,1,1,1,1,1,1
2026-07-03T20:05:07.591,tof2,4x4,side_left,2992,3238,-1,3298,-1,-1,-1,-1,1693,955,1549,-1,1065,829,1094,1046,1,1,0,1,0,1,0,1,1,1,1,0,1,1,1,1
2026-07-03T20:05:07.751,tof2,4x4,side_left,2924,3248,-1,3327,-1,1470,-1,3468,-1,953,1528,-1,1063,817,-1,1054,1,1,0,1,0,1,0,1,1,1,1,0,1,1,1,1
2026-07-03T20:05:07.786,tof1,4x4,side_left,-1,-1,-1,-1,-1,-1,-1,-1,-1,-1,412,358,259,220,305,338,0,0,0,0,0,0,0,0,0,0,1,1,1,1,1,1
2026-07-03T20:05:07.916,tof2,4x4,side_left,2988,3272,-1,-1,-1,-1,-1,3474,1720,960,-1,-1,1062,814,-1,1035,1,1,1,1,0,1,0,1,1,1,1,0,1,1,1,1
2026-07-03T20:05:07.968,tof1,4x4,side_left,-1,-1,-1,-1,-1,-1,-1,-1,-1,-1,411,361,247,218,298,337,0,0,0,0,0,0,0,0,0,0,1,1,1,1,1,1
2026-07-03T20:05:08.131,tof1,4x4,side_left,-1,-1,-1,-1,-1,-1,-1,-1,-1,-1,409,361,252,218,299,337,0,0,0,0,0,0,0,0,0,0,1,1,1,1,1,1
2026-07-03T20:05:08.129,tof2,4x4,side_left,2996,3266,-1,3319,2101,1469,-1,3535,-1,982,1547,-1,1053,815,-1,1051,1,1,1,1,1,1,1,1,1,1,1,1,1,1,1,1
2026-07-03T20:05:08.459,tof2,4x4,side_left,2925,3253,-1,3329,2074,1468,-1,3522,1230,948,1538,-1,1055,824,1098,1049,1,1,0,1,1,1,1,1,1,1,1,1,1,1,1,1
2026-07-03T20:05:08.514,tof1,4x4,side_left,-1,-1,-1,-1,-1,-1,-1,-1,-1,-1,410,360,255,218,298,338,0,0,0,0,0,0,0,0,0,0,1,1,1,1,1,1
2026-07-03T20:05:08.634,tof2,4x4,side_left,2960,3248,-1,3301,2187,1456,-1,3450,-1,950,-1,-1,1057,824,-1,1048,1,1,0,1,1,1,1,1,0,1,1,0,1,1,1,1
2026-07-03T20:05:08.687,tof1,4x4,side_left,-1,-1,-1,-1,-1,-1,-1,-1,-1,-1,412,360,245,218,298,338,1,0,0,0,0,0,0,0,0,0,1,1,1,1,1,1
2026-07-03T20:05:08.796,tof2,4x4,side_left,2963,3258,-1,3309,-1,1459,1815,3446,1539,944,1556,-1,1057,820,-1,1043,1,1,0,1,0,1,1,1,1,1,1,0,1,1,1,1
2026-07-03T20:05:08.878,tof1,4x4,side_left,-1,-1,-1,-1,-1,-1,-1,-1,-1,-1,412,364,257,219,294,339,0,0,0,0,0,0,0,0,0,0,1,1,1,1,1,1
2026-07-03T20:05:08.968,tof2,4x4,side_left,2969,3246,-1,3294,-1,1481,2200,-1,1657,1094,1567,-1,1049,-1,-1,1049,1,1,1,1,0,1,1,0,1,1,1,0,1,1,1,1
2026-07-03T20:05:09.039,tof1,4x4,side_left,-1,-1,-1,-1,-1,-1,-1,-1,-1,-1,413,357,254,218,295,338,0,0,0,0,0,0,0,0,0,0,1,1,1,1,1,1
2026-07-03T20:05:09.149,tof2,4x4,side_left,-1,3272,-1,3296,-1,1484,-1,3527,-1,954,-1,-1,1068,811,-1,1052,1,1,0,1,1,1,1,1,1,1,1,1,1,1,1,1
2026-07-03T20:05:09.207,tof1,4x4,side_left,-1,-1,-1,-1,-1,-1,-1,-1,-1,-1,412,360,247,218,302,339,0,0,0,0,0,0,0,0,0,0,1,1,1,1,1,1
2026-07-03T20:05:09.378,tof1,4x4,side_left,-1,-1,-1,-1,-1,-1,-1,-1,-1,-1,412,360,255,218,296,336,0,0,0,0,0,0,0,0,0,0,1,1,1,1,1,1
2026-07-03T20:05:09.326,tof2,4x4,side_left,2976,3254,-1,3308,-1,-1,-1,3421,-1,940,1571,-1,1058,828,-1,1054,1,1,0,1,0,1,1,1,1,1,1,0,1,1,1,1
2026-07-03T20:05:09.507,tof2,4x4,side_left,2952,3237,-1,3325,-1,1454,-1,3450,1583,952,1586,-1,1071,831,-1,1035,1,1,0,1,1,1,0,1,1,1,1,0,1,1,1,1
2026-07-03T20:05:09.674,tof2,4x4,side_left,2974,3249,-1,3309,-1,1481,-1,3495,-1,959,-1,-1,1052,820,1108,1046,1,1,0,1,0,1,0,1,0,1,1,1,1,1,1,1
2026-07-03T20:05:09.860,tof2,4x4,side_left,2990,3253,-1,3304,-1,1451,-1,3479,1654,975,1567,-1,1070,812,-1,1047,1,1,0,1,1,1,0,1,1,1,1,0,1,1,1,1
2026-07-03T20:05:09.994,tof1,4x4,side_left,-1,-1,-1,-1,-1,-1,-1,-1,-1,-1,412,362,253,221,299,338,0,0,0,0,0,0,0,0,0,0,1,1,1,1,1,1
2026-07-03T20:05:10.037,tof2,4x4,side_left,3064,3245,-1,3342,-1,1470,-1,3505,-1,969,-1,-1,-1,-1,-1,1052,1,1,0,1,0,1,0,1,0,1,1,0,1,1,1,1
2026-07-03T20:05:10.167,tof1,4x4,side_left,-1,-1,-1,-1,-1,-1,-1,-1,-1,-1,411,361,255,223,300,338,1,1,0,0,0,0,0,0,0,0,1,1,1,1,1,1
2026-07-03T20:05:10.270,tof2,4x4,side_left,2961,3265,-1,3344,-1,1458,-1,3537,-1,975,-1,1280,1057,-1,-1,1045,1,1,1,1,0,1,0,1,1,1,1,1,1,1,1,1
2026-07-03T20:05:10.335,tof1,4x4,side_left,-1,-1,-1,-1,-1,-1,-1,-1,-1,-1,410,361,251,219,297,340,0,1,0,0,0,0,0,0,0,0,1,1,1,1,1,1
2026-07-03T20:05:10.437,tof2,4x4,side_left,2978,3259,-1,3309,-1,1479,-1,3415,1571,944,-1,-1,1052,826,1095,1049,1,1,1,1,1,1,0,1,1,1,1,1,1,1,1,1
2026-07-03T20:05:10.499,tof1,4x4,side_left,-1,-1,-1,-1,-1,-1,-1,-1,-1,-1,413,359,257,220,296,340,0,0,0,0,0,0,0,0,0,0,1,1,1,1,1,1
2026-07-03T20:05:10.600,tof2,4x4,side_left,2977,3248,-1,3298,-1,1450,-1,3486,-1,973,1545,-1,1048,820,-1,1053,1,1,0,1,0,1,1,1,0,1,1,0,1,1,1,1
2026-07-03T20:05:10.682,tof1,4x4,side_left,-1,-1,-1,-1,-1,-1,-1,-1,-1,-1,415,360,254,224,299,338,0,0,0,0,0,0,0,0,0,0,1,1,1,1,1,1
2026-07-03T20:05:10.782,tof2,4x4,side_left,2984,3257,-1,3331,-1,1497,-1,3444,-1,959,-1,-1,1054,-1,-1,1059,1,1,0,1,0,1,0,1,1,1,1,1,1,1,1,1
2026-07-03T20:05:10.884,tof1,4x4,side_left,-1,-1,-1,-1,-1,-1,-1,-1,-1,-1,412,360,258,221,301,340,0,0,0,0,0,0,0,0,0,0,1,1,1,1,1,1
2026-07-03T20:05:10.970,tof2,4x4,side_left,-1,3248,-1,3295,-1,1342,-1,3453,1610,947,1522,-1,1070,830,-1,1044,0,1,0,1,1,1,0,1,1,1,1,0,1,1,1,1
2026-07-03T20:05:11.074,tof1,4x4,side_left,-1,-1,-1,-1,-1,-1,-1,-1,-1,-1,413,359,254,220,302,337,0,0,0,0,0,0,0,0,0,0,1,1,1,1,1,1
2026-07-03T20:05:11.155,tof2,4x4,side_left,-1,3265,-1,3342,2053,-1,-1,3462,-1,953,1579,-1,1054,833,-1,1054,1,1,0,1,1,1,0,1,1,1,1,0,1,1,1,1
2026-07-03T20:05:11.282,tof1,4x4,side_left,-1,-1,-1,-1,-1,-1,-1,-1,-1,-1,414,359,251,220,299,339,0,0,0,0,0,0,0,0,0,0,1,1,1,1,1,1
2026-07-03T20:05:11.326,tof2,4x4,side_left,3002,3240,-1,3301,-1,-1,-1,3488,1632,959,1553,-1,1061,807,1095,1047,1,1,1,1,0,0,0,1,1,1,1,0,1,1,1,1
2026-07-03T20:05:11.438,tof1,4x4,side_left,-1,-1,-1,-1,-1,-1,-1,-1,-1,-1,411,358,257,220,299,338,0,0,0,0,0,0,0,0,0,0,1,1,1,1,1,1
2026-07-03T20:05:11.502,tof2,4x4,side_left,2991,3271,-1,3345,-1,-1,-1,3446,-1,970,1604,-1,1045,810,1106,1047,1,1,0,1,0,0,1,1,0,1,1,0,1,1,1,1
2026-07-03T20:05:11.633,tof1,4x4,side_left,-1,-1,-1,-1,-1,-1,-1,-1,-1,-1,412,360,253,220,299,337,0,1,0,0,0,0,0,0,0,0,1,1,1,1,1,1
2026-07-03T20:05:11.697,tof2,4x4,side_left,2953,3255,3295,3339,-1,-1,-1,-1,-1,952,1563,-1,1064,823,-1,1048,1,1,1,1,0,0,1,0,0,1,1,0,1,1,1,1
2026-07-03T20:05:11.816,tof1,4x4,side_left,-1,-1,-1,-1,-1,-1,-1,-1,-1,-1,415,357,252,220,300,340,0,0,0,0,0,0,0,0,0,0,1,1,1,1,1,1
2026-07-03T20:05:11.867,tof2,4x4,side_left,-1,3258,-1,3342,2190,-1,2122,-1,-1,955,1563,-1,1061,814,-1,1049,1,1,0,1,1,0,1,1,1,1,1,0,1,1,1,1
2026-07-03T20:05:12.205,tof1,4x4,side_left,-1,-1,-1,-1,-1,-1,-1,-1,-1,-1,414,360,256,217,301,338,0,0,0,0,0,0,0,0,0,0,1,1,1,1,1,1
2026-07-03T20:05:12.286,tof2,4x4,side_left,-1,3255,-1,3338,-1,-1,2190,3472,1578,959,1539,-1,1064,802,1100,1057,1,1,1,1,0,0,1,1,1,1,1,0,1,1,1,1
2026-07-03T20:05:12.392,tof1,4x4,side_left,-1,-1,-1,-1,-1,-1,-1,-1,-1,-1,416,359,254,218,298,337,0,0,0,0,0,0,0,0,0,0,1,1,1,1,1,1
2026-07-03T20:05:12.451,tof2,4x4,side_left,2997,3269,3362,3343,-1,-1,-1,3503,-1,968,1570,-1,1053,815,1102,1044,1,1,1,1,0,0,0,1,0,1,1,0,1,1,1,1
2026-07-03T20:05:12.564,tof1,4x4,side_left,-1,-1,-1,-1,-1,-1,-1,-1,-1,-1,415,358,259,218,299,340,0,0,0,0,0,0,0,0,0,0,1,1,1,1,1,1
2026-07-03T20:05:12.630,tof2,4x4,side_left,3002,3246,-1,3335,-1,-1,-1,3491,1678,953,1542,-1,1052,849,-1,1046,1,1,0,1,0,1,0,1,1,1,1,0,1,1,1,1
2026-07-03T20:05:12.745,tof1,4x4,side_left,-1,-1,-1,-1,-1,-1,-1,-1,-1,-1,418,360,257,221,300,338,0,0,0,0,0,0,0,0,0,0,1,1,1,1,1,1
2026-07-03T20:05:12.799,tof2,4x4,side_left,2978,3269,-1,3293,-1,-1,-1,3495,-1,975,-1,-1,1064,807,1093,1056,1,1,0,1,0,1,0,1,0,1,1,1,1,1,1,1
2026-07-03T20:05:12.931,tof1,4x4,side_left,-1,-1,-1,-1,-1,-1,-1,-1,-1,-1,416,360,256,217,296,338,0,0,0,0,0,0,0,0,0,0,1,1,1,1,1,1
2026-07-03T20:05:12.958,tof2,4x4,side_left,-1,3257,-1,3320,2140,-1,-1,3477,-1,950,-1,-1,1060,815,1100,1052,0,1,0,1,1,0,0,1,0,1,1,1,1,1,1,1
2026-07-03T20:05:13.110,tof1,4x4,side_left,-1,-1,-1,-1,-1,-1,-1,-1,-1,-1,415,360,260,220,301,341,0,0,0,0,0,0,0,0,0,0,1,1,1,1,1,1
2026-07-03T20:05:13.162,tof2,4x4,side_left,2973,3247,-1,3317,2173,-1,-1,3487,-1,973,-1,-1,1059,819,-1,1043,1,1,0,1,1,0,1,1,1,1,1,0,1,1,1,1
2026-07-03T20:05:13.299,tof1,4x4,side_left,-1,-1,-1,-1,-1,-1,-1,-1,-1,-1,417,360,258,220,297,337,0,0,0,0,0,0,0,0,0,0,1,1,1,1,1,1
2026-07-03T20:05:13.325,tof2,4x4,side_left,3011,3256,3296,3310,-1,1505,-1,3541,-1,956,1537,-1,1064,797,-1,1044,1,1,1,1,0,1,0,1,0,1,1,0,1,1,1,1
2026-07-03T20:05:13.477,tof1,4x4,side_left,-1,-1,-1,-1,-1,-1,-1,-1,-1,-1,413,358,257,220,299,340,1,0,0,0,0,0,0,0,0,0,1,1,1,1,1,1
2026-07-03T20:05:13.488,tof2,4x4,side_left,2973,3252,3337,3298,-1,1459,2021,3513,-1,945,1554,-1,1061,818,1107,1047,1,1,1,1,0,1,1,1,0,1,1,0,1,1,1,1
2026-07-03T20:05:13.667,tof1,4x4,side_left,-1,-1,-1,-1,-1,-1,-1,-1,-1,-1,414,359,255,220,295,337,0,0,0,0,0,0,0,0,0,0,1,1,1,1,1,1
2026-07-03T20:05:13.669,tof2,4x4,side_left,2916,3252,3274,3296,2071,-1,-1,3476,-1,964,1562,-1,1053,820,-1,1061,1,1,1,1,1,1,0,1,1,1,1,1,1,1,1,1
2026-07-03T20:05:13.850,tof1,4x4,side_left,-1,-1,-1,-1,-1,-1,-1,-1,-1,-1,411,358,249,222,303,337,0,1,0,0,0,0,0,0,0,0,1,1,1,1,1,1
2026-07-03T20:05:13.894,tof2,4x4,side_left,3033,3252,-1,3350,-1,1491,-1,3488,-1,964,1526,-1,1056,812,-1,1036,1,1,1,1,0,1,1,1,1,1,1,0,1,1,1,1
2026-07-03T20:05:14.054,tof1,4x4,side_left,-1,-1,-1,-1,-1,-1,-1,-1,-1,-1,411,357,256,217,297,337,0,0,0,0,0,0,0,0,0,0,1,1,1,1,1,1
2026-07-03T20:05:14.070,tof2,4x4,side_left,-1,3248,-1,3320,-1,1433,-1,3491,-1,954,1537,-1,1063,821,1082,1060,1,1,1,1,1,1,1,1,0,1,1,0,1,1,1,1
2026-07-03T20:05:14.307,tof1,4x4,side_left,-1,-1,-1,-1,-1,-1,-1,-1,-1,-1,410,358,257,219,303,338,0,0,0,0,0,0,0,0,0,0,1,1,1,1,1,1
2026-07-03T20:05:14.304,tof2,4x4,side_left,3058,3248,3305,3310,-1,1436,-1,-1,-1,974,1576,-1,1056,816,1101,1054,1,1,1,1,0,1,1,1,0,1,1,0,1,1,1,1
2026-07-03T20:05:14.521,tof1,4x4,side_left,-1,-1,-1,-1,-1,-1,-1,-1,-1,-1,416,358,248,221,299,336,0,0,0,0,0,0,0,0,0,0,1,1,1,1,1,1
2026-07-03T20:05:14.475,tof2,4x4,side_left,2991,3260,3291,3332,-1,-1,-1,3475,-1,954,1541,-1,1058,816,-1,1041,1,1,1,1,0,1,0,1,1,1,1,0,1,1,1,1
2026-07-03T20:05:14.684,tof1,4x4,side_left,-1,-1,-1,-1,-1,-1,-1,-1,-1,-1,413,359,257,220,299,340,0,0,0,0,0,0,0,0,0,0,1,1,1,1,1,1
2026-07-03T20:05:14.667,tof2,4x4,side_left,2998,3265,-1,3318,-1,1480,-1,3442,-1,963,1544,-1,1064,820,1108,1058,1,1,0,1,0,1,0,1,0,1,1,0,1,1,1,1
2026-07-03T20:05:14.818,tof2,4x4,side_left,3027,3258,3306,3342,-1,1446,-1,-1,-1,954,-1,-1,1058,831,1095,1034,1,1,1,1,1,1,1,1,1,1,1,1,1,1,1,1
2026-07-03T20:05:14.880,tof1,4x4,side_left,-1,-1,-1,-1,-1,-1,-1,-1,-1,-1,416,358,254,218,298,338,0,0,0,0,0,0,0,0,0,0,1,1,1,1,1,1
2026-07-03T20:05:15.014,tof2,4x4,side_left,2977,3264,-1,3311,-1,1481,-1,3492,-1,1115,-1,-1,1050,-1,1094,1051,1,1,1,1,0,1,0,1,1,1,1,1,1,1,1,1
2026-07-03T20:05:15.073,tof1,4x4,side_left,-1,-1,-1,-1,-1,-1,-1,-1,-1,-1,413,359,244,219,306,341,0,0,0,0,0,0,0,0,0,0,1,1,1,1,1,1
2026-07-03T20:05:15.189,tof2,4x4,side_left,3018,3260,3311,3287,2118,-1,2203,3452,-1,1012,1558,-1,1056,830,1109,1053,1,1,1,1,1,1,1,1,0,1,1,0,1,1,1,1
2026-07-03T20:05:15.254,tof1,4x4,side_left,-1,-1,-1,-1,-1,-1,-1,-1,-1,-1,414,360,254,220,303,339,0,0,0,0,0,0,0,0,0,0,1,1,1,1,1,1
2026-07-03T20:05:15.375,tof2,4x4,side_left,3020,3260,-1,3330,-1,1454,-1,3442,1620,943,-1,-1,1063,821,1114,1062,1,1,0,1,0,1,1,1,1,1,1,0,1,1,1,1
2026-07-03T20:05:15.443,tof1,4x4,side_left,-1,-1,-1,-1,-1,-1,-1,-1,-1,-1,415,357,245,218,297,338,0,0,0,0,0,0,0,0,0,0,1,1,1,1,1,1
2026-07-03T20:05:15.551,tof2,4x4,side_left,3035,3251,-1,3301,-1,1444,-1,3478,1399,961,1564,-1,1058,822,-1,1051,1,1,1,1,0,1,0,1,1,1,1,1,1,1,1,1
2026-07-03T20:05:15.626,tof1,4x4,side_left,-1,-1,-1,-1,-1,-1,-1,-1,-1,-1,416,358,254,218,297,338,0,0,0,0,0,0,0,0,0,0,1,1,1,1,1,1
2026-07-03T20:05:15.725,tof2,4x4,side_left,2990,3252,-1,3325,2180,1477,2132,3430,1566,949,1586,1451,1067,819,-1,1051,1,1,0,1,1,1,1,1,1,1,1,1,1,1,1,1
2026-07-03T20:05:15.794,tof1,4x4,side_left,-1,-1,-1,-1,-1,-1,-1,-1,-1,-1,415,361,257,218,301,339,1,0,0,0,0,0,0,0,0,0,1,1,1,1,1,1
2026-07-03T20:05:15.906,tof2,4x4,side_left,3013,3238,3287,3340,2162,1504,-1,3447,-1,938,1538,-1,1049,823,-1,1053,1,1,1,1,1,1,0,1,0,1,1,0,1,1,1,1
2026-07-03T20:05:15.987,tof1,4x4,side_left,-1,-1,-1,-1,-1,-1,-1,-1,-1,-1,413,361,254,218,299,337,0,0,0,0,0,0,0,0,0,0,1,1,1,1,1,1
2026-07-03T20:05:16.073,tof2,4x4,side_left,2983,3254,-1,3324,-1,1475,-1,3453,-1,971,1540,-1,1063,815,-1,1051,1,1,1,1,1,1,0,1,0,1,1,0,1,1,1,1
2026-07-03T20:05:16.145,tof1,4x4,side_left,-1,-1,-1,-1,-1,-1,-1,-1,-1,-1,412,359,257,225,303,340,0,0,0,0,0,0,0,0,0,0,1,1,1,1,1,1
2026-07-03T20:05:16.252,tof2,4x4,side_left,3023,3253,-1,3292,-1,-1,-1,3495,1558,954,1568,-1,1067,822,-1,1049,1,1,0,1,0,1,1,1,1,1,1,0,1,1,1,1
2026-07-03T20:05:16.338,tof1,4x4,side_left,-1,-1,-1,-1,-1,-1,-1,-1,-1,-1,416,358,257,220,304,336,0,0,0,0,0,0,0,0,0,0,1,1,1,1,1,1
2026-07-03T20:05:16.415,tof2,4x4,side_left,-1,3254,-1,3293,-1,1453,-1,3510,-1,942,1537,-1,1057,816,-1,1050,1,1,0,1,0,1,1,1,0,1,1,0,1,1,1,1
2026-07-03T20:05:16.514,tof1,4x4,side_left,-1,-1,-1,-1,-1,-1,-1,-1,-1,-1,417,359,255,220,299,336,1,0,0,0,0,0,0,0,0,0,1,1,1,1,1,1
2026-07-03T20:05:16.608,tof2,4x4,side_left,2962,3257,-1,3302,2085,1457,-1,3514,-1,952,-1,-1,1063,816,-1,1049,1,1,1,1,1,1,0,1,1,1,1,0,1,1,1,1
2026-07-03T20:05:16.845,tof1,4x4,side_left,-1,-1,-1,-1,-1,-1,-1,-1,-1,-1,416,358,257,220,297,337,0,0,0,0,0,0,0,0,0,0,1,1,1,1,1,1
2026-07-03T20:05:16.823,tof2,4x4,side_left,3023,3249,-1,3341,-1,1491,-1,3455,1640,958,1551,-1,1063,-1,-1,1063,1,1,0,1,1,1,1,1,1,1,1,0,1,1,1,1
2026-07-03T20:05:17.021,tof1,4x4,side_left,-1,-1,-1,-1,-1,-1,-1,-1,-1,-1,414,358,257,221,302,337,0,0,0,0,0,0,0,0,0,0,1,1,1,1,1,1
2026-07-03T20:05:17.014,tof2,4x4,side_left,2955,3266,3296,3308,-1,-1,-1,3501,-1,980,1545,-1,1059,815,-1,1041,1,1,1,1,1,1,1,1,0,1,1,1,1,1,1,1
2026-07-03T20:05:17.231,tof1,4x4,side_left,-1,-1,-1,-1,-1,-1,-1,-1,-1,-1,414,358,257,222,316,338,1,0,0,1,0,0,0,0,0,0,1,1,1,1,1,1
2026-07-03T20:05:17.188,tof2,4x4,side_left,3026,3261,-1,-1,-1,1433,-1,3415,1179,945,1558,-1,1055,810,1097,1053,1,1,0,1,0,1,0,1,1,1,1,0,1,1,1,1
2026-07-03T20:05:17.376,tof2,4x4,side_left,3076,3261,-1,3304,-1,1497,-1,3426,-1,960,1522,-1,-1,819,-1,1036,1,1,0,1,0,1,1,1,1,1,1,0,1,1,1,1
2026-07-03T20:05:17.554,tof2,4x4,side_left,2996,3255,-1,-1,2056,1467,-1,3457,1753,959,1544,-1,1062,815,1092,1056,1,1,0,1,1,1,0,1,1,1,1,0,1,1,1,1
2026-07-03T20:05:17.737,tof2,4x4,side_left,3070,3246,-1,3324,-1,1445,-1,3501,-1,964,1555,-1,1060,814,1094,1044,1,1,0,1,1,1,0,1,1,1,1,0,1,1,1,1
2026-07-03T20:05:17.922,tof2,4x4,side_left,2968,3251,-1,3314,-1,1459,2147,2930,1698,945,1533,-1,1058,820,-1,1043,1,1,0,1,0,1,1,1,1,1,1,0,1,1,1,1
2026-07-03T20:05:18.147,tof1,4x4,side_left,-1,-1,-1,-1,-1,-1,-1,-1,-1,-1,413,358,258,223,301,338,0,0,0,1,0,0,0,0,0,0,1,1,1,1,1,1
2026-07-03T20:05:18.089,tof2,4x4,side_left,2955,3255,-1,3308,2165,1448,-1,3527,-1,967,1581,-1,1054,-1,-1,1056,1,1,1,1,1,1,1,1,1,1,1,0,1,1,1,1
2026-07-03T20:05:18.344,tof1,4x4,side_left,-1,-1,-1,-1,-1,-1,-1,-1,-1,-1,416,361,253,226,302,339,0,0,0,0,0,0,0,0,0,0,1,1,1,1,1,1
2026-07-03T20:05:18.268,tof2,4x4,side_left,2949,3258,-1,3313,-1,1438,-1,3450,-1,940,1558,-1,1056,819,1083,1042,1,1,0,1,0,1,1,1,1,1,1,0,1,1,1,1
2026-07-03T20:05:18.430,tof2,4x4,side_left,2987,3244,3301,3340,-1,1452,-1,3458,-1,968,1581,-1,-1,806,-1,1042,1,1,1,1,0,1,0,1,0,1,1,0,1,1,1,1
2026-07-03T20:05:18.530,tof1,4x4,side_left,-1,-1,-1,-1,-1,-1,-1,-1,-1,-1,416,358,245,217,296,338,0,0,0,0,0,0,0,0,0,0,1,1,1,1,1,1
2026-07-03T20:05:18.617,tof2,4x4,side_left,2987,3248,3264,3321,-1,1462,-1,3501,1635,947,1577,-1,1050,821,1107,1064,1,1,1,1,0,1,1,1,1,1,1,0,1,1,1,1
2026-07-03T20:05:18.710,tof1,4x4,side_left,-1,-1,-1,-1,-1,-1,-1,-1,-1,-1,415,359,258,224,298,335,0,0,0,0,0,0,0,0,0,0,1,1,1,1,1,1
2026-07-03T20:05:18.792,tof2,4x4,side_left,3009,3263,-1,3296,-1,1479,-1,3446,1562,984,1536,-1,1056,811,1102,1049,1,1,0,1,1,1,0,1,1,1,1,0,1,1,1,1
2026-07-03T20:05:18.894,tof1,4x4,side_left,-1,-1,-1,-1,-1,-1,-1,-1,-1,-1,415,361,258,225,306,339,0,0,0,0,0,0,0,0,0,0,1,1,1,1,1,1
2026-07-03T20:05:18.962,tof2,4x4,side_left,2986,3256,-1,3305,-1,1469,-1,3509,-1,930,1560,-1,1048,814,-1,1043,1,1,0,1,0,1,0,1,0,1,1,0,1,1,1,1
2026-07-03T20:05:19.066,tof1,4x4,side_left,-1,-1,-1,-1,-1,-1,-1,-1,-1,-1,412,359,258,222,303,338,0,0,0,0,0,0,0,0,0,0,1,1,1,1,1,1
2026-07-03T20:05:19.144,tof2,4x4,side_left,2983,3255,-1,3355,-1,1482,-1,3521,-1,951,1506,-1,1064,828,1105,1060,1,1,0,1,0,1,0,1,1,1,1,0,1,1,1,1
2026-07-03T20:05:19.248,tof1,4x4,side_left,-1,-1,-1,-1,487,-1,-1,-1,-1,-1,416,361,250,223,311,336,0,0,0,0,1,0,0,0,0,0,1,1,1,1,1,1
2026-07-03T20:05:19.313,tof2,4x4,side_left,-1,3248,3329,3283,-1,1474,-1,-1,-1,992,1540,-1,1049,810,1104,1045,1,1,1,1,0,1,0,0,0,1,1,0,1,1,1,1
2026-07-03T20:05:19.409,tof1,4x4,side_left,-1,-1,-1,-1,-1,-1,-1,-1,-1,-1,416,359,256,221,304,338,0,0,0,0,0,0,0,0,0,0,1,1,1,1,1,1
2026-07-03T20:05:19.478,tof2,4x4,side_left,2940,3255,-1,3303,-1,1478,-1,3458,-1,937,1568,-1,1055,815,-1,1032,1,1,0,1,1,1,0,1,1,1,1,0,1,1,1,1
2026-07-03T20:05:19.571,tof1,4x4,side_left,-1,-1,-1,-1,-1,-1,-1,-1,-1,-1,416,360,253,221,301,338,0,1,0,0,0,0,0,0,0,0,1,1,1,1,1,1
2026-07-03T20:05:19.658,tof2,4x4,side_left,2989,3240,-1,3299,-1,1474,-1,-1,1580,973,1552,-1,1046,811,1092,1044,1,1,1,1,0,1,0,1,1,1,1,1,1,1,1,1
2026-07-03T20:05:19.735,tof1,4x4,side_left,-1,-1,-1,-1,-1,-1,-1,-1,-1,-1,416,361,255,225,296,339,0,0,0,0,0,0,0,0,0,0,1,1,1,1,1,1
2026-07-03T20:05:19.820,tof2,4x4,side_left,2959,3247,-1,3303,-1,1467,-1,3473,1549,950,1551,1374,1046,822,1103,1041,1,1,0,1,0,1,1,1,1,1,1,1,1,1,1,1
2026-07-03T20:05:19.903,tof1,4x4,side_left,-1,-1,-1,-1,478,-1,-1,-1,-1,-1,418,356,260,220,305,338,0,0,0,0,1,0,0,0,0,0,1,1,1,1,1,1
2026-07-03T20:05:19.987,tof2,4x4,side_left,3004,3256,-1,3308,2187,1483,-1,3515,-1,953,1542,-1,1063,815,1096,1052,1,1,1,1,1,1,0,1,1,1,1,0,1,1,1,1
2026-07-03T20:05:20.069,tof1,4x4,side_left,-1,-1,-1,-1,-1,-1,-1,-1,-1,-1,414,359,251,224,307,340,0,0,0,0,0,0,0,0,0,0,1,1,1,1,1,1
2026-07-03T20:05:20.231,tof1,4x4,side_left,-1,-1,-1,-1,-1,-1,-1,-1,-1,-1,414,359,254,227,304,340,0,0,0,0,0,0,0,0,0,0,1,1,1,1,1,1
2026-07-03T20:05:20.168,tof2,4x4,side_left,2953,3249,-1,3320,-1,-1,-1,3452,1534,993,1535,-1,1046,808,-1,1054,1,1,0,1,1,1,0,1,1,1,1,0,1,1,1,1
2026-07-03T20:05:20.323,tof2,4x4,side_left,3021,3266,-1,3303,-1,1421,-1,3532,-1,962,-1,1305,1061,811,1085,1039,1,1,1,1,0,1,1,1,1,1,1,1,1,1,1,1
2026-07-03T20:05:20.407,tof1,4x4,side_left,-1,-1,-1,-1,-1,-1,-1,-1,-1,-1,415,358,256,222,302,338,0,0,0,0,0,0,0,0,0,0,1,1,1,1,1,1
2026-07-03T20:05:20.479,tof2,4x4,side_left,2974,3256,-1,3319,-1,-1,-1,3461,1616,960,1556,-1,1053,814,1104,1051,1,1,0,1,0,0,1,1,1,1,1,1,1,1,1,1
2026-07-03T20:05:20.605,tof1,4x4,side_left,-1,-1,-1,-1,-1,-1,-1,-1,-1,-1,414,357,253,224,299,338,0,0,0,0,0,0,0,0,0,0,1,1,1,1,1,1
2026-07-03T20:05:20.645,tof2,4x4,side_left,2952,3267,-1,3330,-1,-1,-1,-1,-1,975,1564,-1,1056,803,-1,1059,1,1,0,1,1,0,1,0,0,1,1,0,1,1,1,1
2026-07-03T20:05:20.773,tof1,4x4,side_left,-1,-1,-1,-1,-1,-1,-1,-1,-1,-1,412,359,255,224,303,337,0,0,0,0,0,0,0,0,0,0,1,1,1,1,1,1
2026-07-03T20:05:20.825,tof2,4x4,side_left,2902,3247,-1,3325,2099,-1,-1,3467,-1,918,1537,-1,1063,805,1097,1053,1,1,0,1,1,0,0,1,0,1,1,0,1,1,1,1
2026-07-03T20:05:20.941,tof1,4x4,side_left,-1,-1,-1,-1,-1,-1,-1,-1,-1,-1,414,359,254,224,304,341,0,0,0,0,0,0,0,0,0,0,1,1,1,1,1,1
2026-07-03T20:05:20.997,tof2,4x4,side_left,3040,3263,-1,3337,-1,-1,-1,3511,-1,971,-1,-1,1054,787,1102,1049,1,1,0,1,0,0,0,1,0,1,1,0,1,1,1,1
2026-07-03T20:05:21.100,tof1,4x4,side_left,-1,-1,-1,-1,-1,-1,472,-1,-1,-1,416,357,253,225,295,338,0,0,0,0,0,0,1,0,0,0,1,1,1,1,1,1
2026-07-03T20:05:21.158,tof2,4x4,side_left,2971,3259,3295,3337,-1,-1,-1,3463,-1,983,1551,-1,1051,785,1102,1055,1,1,1,1,1,0,0,1,1,1,1,0,1,1,1,1
2026-07-03T20:05:21.263,tof1,4x4,side_left,-1,-1,-1,-1,-1,-1,447,-1,-1,-1,418,360,254,225,301,337,1,0,0,0,0,0,1,0,0,0,1,1,1,1,1,1
2026-07-03T20:05:21.326,tof2,4x4,side_left,3056,3261,-1,3320,-1,-1,-1,3503,-1,945,1581,-1,1056,821,1105,1044,1,1,1,1,0,0,0,1,0,1,1,0,1,1,1,1
2026-07-03T20:05:21.427,tof1,4x4,side_left,-1,-1,-1,-1,-1,-1,-1,-1,-1,-1,419,357,257,219,301,337,0,0,0,0,0,0,0,0,0,0,1,1,1,1,1,1
2026-07-03T20:05:21.488,tof2,4x4,side_left,-1,3249,-1,3342,-1,-1,-1,3498,-1,961,1541,-1,1049,810,1110,1054,1,1,0,1,0,0,0,1,0,1,1,0,1,1,1,1
2026-07-03T20:05:21.601,tof1,4x4,side_left,-1,-1,-1,-1,-1,-1,-1,-1,-1,-1,417,358,257,221,308,338,0,0,0,1,0,0,1,0,0,0,1,1,1,1,1,1
2026-07-03T20:05:21.659,tof2,4x4,side_left,3094,3262,-1,-1,-1,-1,-1,3472,-1,952,1534,-1,1051,776,1109,1063,1,1,0,1,1,0,0,1,0,1,1,0,1,1,1,1
2026-07-03T20:05:21.797,tof1,4x4,side_left,-1,-1,-1,-1,-1,-1,-1,-1,-1,-1,414,359,243,221,305,337,0,0,0,0,0,0,0,0,0,0,1,1,1,1,1,1
2026-07-03T20:05:21.832,tof2,4x4,side_left,3011,3251,3322,3323,-1,-1,-1,-1,-1,965,-1,-1,1050,817,1100,1053,1,1,1,1,0,0,1,0,1,1,1,1,1,1,1,1
2026-07-03T20:05:21.967,tof1,4x4,side_left,-1,-1,-1,-1,-1,-1,-1,-1,-1,-1,419,361,256,221,299,338,0,0,0,0,0,0,0,0,0,0,1,1,1,1,1,1
2026-07-03T20:05:21.986,tof2,4x4,side_left,3000,3266,-1,3316,2154,-1,2160,3475,-1,964,1545,-1,1070,818,-1,1057,1,1,0,1,1,1,1,1,1,1,1,0,1,1,1,1
2026-07-03T20:05:22.223,tof1,4x4,side_left,-1,-1,-1,-1,-1,-1,-1,-1,-1,-1,416,358,256,220,301,337,0,0,0,0,0,0,0,0,0,0,1,1,1,1,1,1
2026-07-03T20:05:22.210,tof2,4x4,side_left,3043,3249,-1,3319,-1,-1,-1,3529,-1,971,1515,1289,1042,821,-1,1051,1,1,0,1,0,0,0,1,0,1,1,1,1,1,1,1
2026-07-03T20:05:22.386,tof1,4x4,side_left,-1,-1,-1,-1,-1,-1,-1,-1,-1,-1,415,359,255,223,306,340,0,0,0,0,0,0,0,0,0,0,1,1,1,1,1,1
2026-07-03T20:05:22.374,tof2,4x4,side_left,3012,3253,-1,3289,-1,-1,-1,3481,-1,972,1537,-1,1053,-1,-1,1052,1,1,0,1,0,0,0,1,0,1,1,0,1,1,1,1
2026-07-03T20:05:22.646,tof1,4x4,side_left,-1,-1,-1,-1,-1,-1,-1,-1,-1,-1,415,357,253,228,305,339,0,0,0,0,0,0,0,0,0,0,1,1,1,1,1,1
2026-07-03T20:05:22.628,tof2,4x4,side_left,3035,3259,3293,3335,-1,-1,-1,3492,-1,964,1521,-1,1050,-1,1106,1053,1,1,1,1,0,0,0,1,0,1,1,1,1,1,1,1
2026-07-03T20:05:22.806,tof2,4x4,side_left,2949,3257,-1,3326,-1,-1,-1,3436,-1,962,1580,-1,1068,-1,1108,1059,1,1,1,1,0,1,0,1,0,1,1,1,1,1,1,1
2026-07-03T20:05:22.852,tof1,4x4,side_left,-1,-1,-1,-1,-1,-1,457,-1,-1,-1,416,358,252,220,304,337,0,0,0,0,0,0,1,0,0,0,1,1,1,1,1,1
2026-07-03T20:05:22.964,tof2,4x4,side_left,3007,3257,-1,3316,-1,1476,-1,3506,1728,966,1569,-1,1061,845,1114,1037,1,1,1,1,1,1,0,1,1,1,1,0,1,1,1,1
2026-07-03T20:05:23.027,tof1,4x4,side_left,-1,-1,-1,-1,-1,-1,-1,-1,-1,-1,413,358,246,222,295,338,0,0,0,0,0,0,0,0,0,0,1,1,1,1,1,1
2026-07-03T20:05:23.184,tof1,4x4,side_left,-1,-1,-1,-1,-1,-1,-1,-1,-1,-1,411,359,251,226,301,337,0,0,0,0,0,0,0,0,0,0,1,1,1,1,1,1
2026-07-03T20:05:23.131,tof2,4x4,side_left,3046,3237,-1,3341,-1,1443,-1,3471,-1,1002,1557,-1,1056,834,-1,1052,1,1,1,1,0,1,0,1,0,1,1,1,1,1,1,1
2026-07-03T20:05:23.348,tof1,4x4,side_left,-1,-1,-1,-1,-1,-1,-1,-1,-1,-1,414,358,255,222,300,336,0,0,0,0,0,0,0,0,0,0,1,1,1,1,1,1
2026-07-03T20:05:23.301,tof2,4x4,side_left,2835,3270,-1,3299,-1,-1,-1,3494,-1,983,1559,-1,1066,849,1101,1050,1,1,0,1,1,1,0,1,0,1,1,0,1,1,1,1
2026-07-03T20:05:23.507,tof1,4x4,side_left,-1,-1,-1,-1,-1,-1,-1,-1,-1,-1,411,358,245,225,302,338,0,0,0,0,0,0,0,0,0,0,1,1,1,1,1,1
2026-07-03T20:05:23.468,tof2,4x4,side_left,2961,3261,3288,3317,-1,1463,2125,-1,-1,951,-1,-1,1067,-1,1098,1036,1,1,1,1,0,1,1,0,0,1,1,0,1,1,1,1
2026-07-03T20:05:23.684,tof1,4x4,side_left,-1,-1,-1,-1,-1,-1,-1,-1,-1,-1,414,359,253,221,301,338,0,0,0,0,0,0,0,0,0,0,1,1,1,1,1,1
2026-07-03T20:05:23.633,tof2,4x4,side_left,2993,3252,3356,3318,-1,1456,-1,-1,-1,960,1595,-1,1061,-1,1108,1044,1,1,1,1,0,1,0,1,1,1,1,0,1,1,1,1
2026-07-03T20:05:23.786,tof2,4x4,side_left,2963,3262,3300,-1,-1,1450,-1,3502,-1,970,1591,-1,1060,854,-1,1052,1,1,1,1,0,1,0,1,0,1,1,0,1,1,1,1
2026-07-03T20:05:23.851,tof1,4x4,side_left,-1,-1,-1,-1,-1,-1,-1,-1,-1,-1,414,358,243,224,300,337,0,0,0,0,0,0,0,0,0,0,1,1,1,1,1,1
2026-07-03T20:05:24.021,tof1,4x4,side_left,-1,-1,-1,-1,-1,-1,-1,-1,-1,-1,414,358,255,225,306,338,1,0,0,0,0,0,0,0,0,0,1,1,1,1,1,1
2026-07-03T20:05:23.965,tof2,4x4,side_left,3045,3257,-1,-1,-1,1458,-1,3450,-1,950,1572,-1,1068,847,1107,1054,1,1,0,1,0,1,0,1,0,1,1,0,1,1,1,1
2026-07-03T20:05:24.126,tof2,4x4,side_left,3011,3241,-1,3308,-1,1472,2148,3489,-1,975,1562,-1,-1,844,1102,1053,1,1,0,1,0,1,1,1,0,1,1,0,1,1,1,1
2026-07-03T20:05:24.190,tof1,4x4,side_left,-1,-1,-1,-1,-1,-1,-1,-1,-1,-1,414,359,252,221,298,338,0,0,0,0,0,0,0,0,0,0,1,1,1,1,1,1
2026-07-03T20:05:24.297,tof2,4x4,side_left,3020,3249,3361,3310,2151,1478,-1,3424,1655,950,1530,-1,1056,850,1160,1045,1,1,1,1,1,1,0,1,1,1,1,0,1,1,1,1
2026-07-03T20:05:24.357,tof1,4x4,side_left,-1,-1,-1,-1,-1,-1,-1,-1,-1,-1,416,360,255,218,303,337,0,0,0,0,0,0,0,0,0,0,1,1,1,1,1,1
2026-07-03T20:05:24.521,tof1,4x4,side_left,-1,-1,-1,-1,-1,-1,-1,-1,-1,-1,412,358,243,220,304,338,0,0,0,0,0,0,0,0,0,0,1,1,1,1,1,1
2026-07-03T20:05:24.487,tof2,4x4,side_left,3001,3256,-1,3294,-1,1461,-1,3406,-1,957,1541,-1,1062,843,1109,1051,1,1,1,1,0,1,0,1,0,1,1,0,1,1,1,1
2026-07-03T20:05:24.645,tof2,4x4,side_left,3011,3267,-1,3329,2068,1480,-1,3518,-1,968,1562,-1,1061,823,-1,1060,1,1,0,1,1,1,1,1,1,1,1,0,1,1,1,1
2026-07-03T20:05:24.695,tof1,4x4,side_left,-1,-1,-1,-1,-1,-1,-1,-1,-1,-1,413,356,245,220,299,336,0,0,0,0,0,0,0,0,0,0,1,1,1,1,1,1
2026-07-03T20:05:24.811,tof2,4x4,side_left,3072,3251,-1,3325,-1,1453,-1,3455,-1,946,1601,-1,1055,-1,1109,1053,1,1,1,1,0,1,0,1,1,1,1,0,1,1,1,1
2026-07-03T20:05:24.899,tof1,4x4,side_left,-1,-1,-1,-1,473,-1,-1,-1,-1,-1,414,359,250,219,305,339,0,0,0,0,1,0,0,0,0,0,1,1,1,1,1,1
2026-07-03T20:05:24.979,tof2,4x4,side_left,-1,3257,-1,3313,-1,1450,-1,3448,1563,954,1546,-1,1067,-1,1105,1047,0,1,1,1,0,1,0,1,1,1,1,1,1,1,1,1
2026-07-03T20:05:25.053,tof1,4x4,side_left,-1,-1,-1,-1,-1,-1,-1,-1,-1,-1,417,359,245,221,305,337,0,0,0,0,0,0,0,0,0,0,1,1,1,1,1,1
2026-07-03T20:05:25.145,tof2,4x4,side_left,3110,3275,3320,3303,-1,1449,-1,3465,1677,952,1569,-1,1057,857,1120,1036,1,1,1,1,1,1,0,1,1,1,1,1,1,1,1,1
2026-07-03T20:05:25.213,tof1,4x4,side_left,-1,-1,-1,-1,-1,-1,-1,-1,-1,-1,417,360,255,219,302,337,0,0,0,0,0,0,0,0,0,0,1,1,1,1,1,1
2026-07-03T20:05:25.312,tof2,4x4,side_left,2992,3253,3289,3307,-1,1475,-1,3435,-1,973,-1,-1,1064,843,-1,1043,1,1,1,1,0,1,1,1,1,1,1,0,1,1,1,1
2026-07-03T20:05:25.393,tof1,4x4,side_left,-1,-1,-1,-1,-1,-1,-1,-1,-1,-1,413,359,254,221,303,338,1,0,1,0,0,0,0,0,0,0,1,1,1,1,1,1
2026-07-03T20:05:25.511,tof2,4x4,side_left,3048,3240,-1,3303,-1,1457,2158,3516,-1,969,1541,-1,1059,843,1100,1057,1,1,0,1,0,1,1,1,1,1,1,0,1,1,1,1
2026-07-03T20:05:25.564,tof1,4x4,side_left,-1,-1,-1,-1,-1,-1,-1,-1,-1,-1,416,359,252,225,301,338,0,0,0,0,0,0,0,0,0,0,1,1,1,1,1,1
2026-07-03T20:05:25.662,tof2,4x4,side_left,3028,3235,-1,3325,-1,1448,-1,-1,1657,962,1562,-1,1060,-1,1106,1051,1,1,0,1,0,1,0,0,1,1,1,0,1,1,1,1
2026-07-03T20:05:25.725,tof1,4x4,side_left,-1,-1,-1,-1,-1,-1,-1,-1,-1,-1,412,358,251,220,304,339,0,0,0,0,0,0,0,0,0,0,1,1,1,1,1,1
2026-07-03T20:05:25.831,tof2,4x4,side_left,-1,3259,-1,3318,-1,1494,1539,3472,-1,969,-1,-1,1062,838,1101,1037,0,1,0,1,0,1,1,1,1,1,1,0,1,1,1,1
2026-07-03T20:05:25.912,tof1,4x4,side_left,-1,-1,-1,-1,-1,-1,-1,-1,-1,-1,417,358,254,220,304,337,0,0,0,0,0,0,0,0,0,0,1,1,1,1,1,1
2026-07-03T20:05:26.008,tof2,4x4,side_left,2934,3247,-1,3355,-1,1490,-1,3441,-1,980,-1,-1,1058,828,1096,1051,1,1,0,1,0,1,0,1,1,1,1,1,1,1,1,1
2026-07-03T20:05:26.093,tof1,4x4,side_left,-1,-1,-1,-1,-1,-1,-1,-1,-1,-1,412,357,259,222,305,337,0,0,0,0,0,0,0,0,0,0,1,1,1,1,1,1
2026-07-03T20:05:26.179,tof2,4x4,side_left,2962,3266,-1,3310,-1,1461,-1,3478,1630,978,1588,-1,1057,824,-1,1055,1,1,1,1,0,1,0,1,1,1,1,0,1,1,1,1
2026-07-03T20:05:26.252,tof1,4x4,side_left,-1,-1,-1,-1,-1,-1,-1,-1,-1,-1,412,356,255,226,299,338,0,0,0,0,0,0,0,0,0,0,1,1,1,1,1,1
2026-07-03T20:05:26.345,tof2,4x4,side_left,3037,3253,-1,3310,2123,1422,-1,3490,1628,966,1599,1357,1061,-1,1112,1050,1,1,0,1,1,1,1,1,1,1,1,1,1,1,1,1
2026-07-03T20:05:26.422,tof1,4x4,side_left,-1,-1,-1,-1,-1,-1,-1,-1,-1,-1,411,356,246,225,300,336,1,0,0,0,0,0,0,0,0,0,1,1,1,1,1,1
2026-07-03T20:05:26.509,tof2,4x4,side_left,3039,3254,-1,3346,-1,1452,-1,3487,-1,965,1542,-1,1060,830,-1,1055,1,1,0,1,0,1,1,1,1,1,1,0,1,1,1,1
2026-07-03T20:05:26.580,tof1,4x4,side_left,-1,-1,-1,-1,-1,-1,-1,-1,-1,-1,409,357,252,228,305,335,0,0,0,0,0,0,0,0,0,0,1,1,1,1,1,1
2026-07-03T20:05:26.683,tof2,4x4,side_left,3044,3253,-1,3287,2199,-1,2157,-1,1613,982,1548,-1,1059,812,1128,1041,1,1,1,1,1,1,1,1,1,1,1,0,1,1,1,1
2026-07-03T20:05:26.757,tof1,4x4,side_left,-1,-1,-1,-1,-1,-1,-1,-1,-1,-1,412,358,246,227,302,338,0,0,0,0,0,0,0,0,0,0,1,1,1,1,1,1
2026-07-03T20:05:26.854,tof2,4x4,side_left,3005,3253,-1,3270,-1,1456,-1,-1,1580,923,1531,-1,1056,803,1100,1040,1,1,1,1,1,1,0,1,1,1,1,0,1,1,1,1
2026-07-03T20:05:26.920,tof1,4x4,side_left,-1,-1,-1,-1,-1,-1,-1,-1,-1,-1,411,359,251,227,307,339,0,0,0,0,0,0,0,0,0,0,1,1,1,1,1,1
2026-07-03T20:05:27.046,tof2,4x4,side_left,-1,3259,-1,-1,2138,1452,2170,3501,-1,951,1533,-1,1065,809,-1,1048,1,1,0,1,1,1,1,1,1,1,1,1,1,1,1,1
2026-07-03T20:05:27.091,tof1,4x4,side_left,-1,-1,-1,-1,-1,-1,-1,-1,-1,-1,416,357,257,227,302,335,0,0,0,0,0,0,0,0,0,0,1,1,1,1,1,1
2026-07-03T20:05:27.266,tof1,4x4,side_left,-1,-1,-1,-1,-1,-1,-1,-1,-1,-1,417,356,261,220,287,336,0,0,0,0,0,0,0,0,0,0,1,1,1,1,1,1
2026-07-03T20:05:27.202,tof2,4x4,side_left,-1,3241,-1,3293,-1,1484,-1,3546,1745,941,1558,-1,1065,807,1104,1060,1,1,1,1,0,1,0,1,1,1,1,0,1,1,1,1
2026-07-03T20:05:27.425,tof1,4x4,side_left,-1,-1,-1,-1,-1,-1,-1,-1,-1,-1,420,361,267,218,284,340,0,0,0,0,0,0,0,0,0,0,1,1,1,1,1,1
2026-07-03T20:05:27.382,tof2,4x4,side_left,-1,3245,3309,3306,-1,1438,-1,3468,-1,1346,1535,-1,1071,823,-1,1054,1,1,1,1,0,1,1,1,0,1,1,0,1,1,1,1
2026-07-03T20:05:27.584,tof1,4x4,side_left,-1,-1,-1,-1,-1,-1,-1,-1,-1,-1,419,365,252,216,262,342,0,0,0,0,0,0,0,0,0,0,1,1,1,1,1,1
2026-07-03T20:05:27.548,tof2,4x4,side_left,2993,3240,-1,3308,-1,1443,-1,3445,-1,1335,-1,1307,1067,830,-1,1045,1,1,0,1,1,1,1,1,1,1,1,1,1,1,1,1
2026-07-03T20:05:27.708,tof2,4x4,side_left,3040,3253,-1,3296,-1,1435,2173,3497,914,-1,1559,-1,777,861,1094,1054,1,1,0,1,0,1,1,1,1,1,1,0,1,1,1,1
2026-07-03T20:05:27.765,tof1,4x4,side_left,-1,-1,-1,-1,-1,-1,473,415,-1,251,252,327,230,183,170,179,0,0,0,0,0,0,1,1,0,1,1,1,1,1,1,1
2026-07-03T20:05:27.878,tof2,4x4,side_left,2945,3245,-1,3333,-1,1404,-1,3491,904,1353,1517,-1,777,884,1109,1046,1,1,0,1,1,1,1,1,1,1,1,1,1,1,1,1
2026-07-03T20:05:27.935,tof1,4x4,side_left,-1,-1,-1,-1,-1,-1,324,362,-1,250,201,197,283,194,165,162,0,0,0,0,0,0,1,1,0,1,1,1,1,1,1,1
2026-07-03T20:05:28.687,tof2,4x4,side_left,2896,3260,-1,3335,-1,1438,-1,3460,-1,936,1613,-1,726,801,1106,1050,1,1,1,1,0,1,0,1,0,1,1,0,1,1,1,1
2026-07-03T20:05:29.693,tof1,4x4,side_left,-1,-1,-1,-1,-1,-1,436,373,-1,518,406,361,-1,275,259,266,0,0,0,0,0,0,1,1,0,1,1,1,0,1,1,1
2026-07-03T20:05:30.002,tof1,4x4,side_left,-1,-1,-1,-1,-1,436,425,370,-1,505,390,357,-1,273,280,269,0,0,0,0,0,1,1,1,0,1,1,1,1,1,1,1
2026-07-03T20:05:29.994,tof2,4x4,side_left,3023,3268,-1,3326,-1,1473,-1,3544,1667,-1,1641,-1,-1,950,970,1049,1,1,1,1,0,1,0,1,1,0,1,0,1,1,1,1
2026-07-03T20:05:30.154,tof2,4x4,side_left,-1,3260,3309,3296,2187,1450,-1,3500,-1,-1,1642,-1,1076,942,974,1045,1,1,1,1,1,1,0,1,1,0,1,0,1,1,1,1
2026-07-03T20:05:30.171,tof1,4x4,side_left,-1,-1,-1,-1,-1,-1,429,378,-1,513,401,361,-1,276,274,267,1,0,0,0,0,0,1,1,0,1,1,1,0,1,1,1
2026-07-03T20:05:30.326,tof2,4x4,side_left,2972,3257,-1,3330,-1,1475,2193,3470,1659,-1,1583,-1,1072,947,-1,1063,1,1,1,1,0,1,1,1,1,0,1,0,1,1,1,1
2026-07-03T20:05:30.338,tof1,4x4,side_left,-1,-1,-1,-1,-1,-1,437,373,-1,530,406,359,-1,288,255,281,0,0,0,0,0,0,1,1,0,1,1,1,0,1,1,1
2026-07-03T20:05:30.477,tof2,4x4,side_left,2974,3255,3346,3310,-1,1459,2220,3516,1628,-1,1595,-1,1086,959,990,1056,1,1,1,1,1,1,1,1,1,0,1,1,1,1,1,1
2026-07-03T20:05:30.530,tof1,4x4,side_left,-1,-1,-1,-1,-1,-1,429,382,-1,528,408,361,-1,311,251,283,0,0,0,0,0,0,1,1,0,1,1,1,0,1,1,1
2026-07-03T20:05:30.644,tof2,4x4,side_left,-1,3263,3316,3315,-1,-1,-1,-1,1648,-1,1611,-1,1063,944,973,1046,1,1,1,1,0,1,0,1,1,0,1,0,1,1,1,1
2026-07-03T20:05:30.716,tof1,4x4,side_left,-1,-1,-1,-1,-1,-1,440,380,-1,539,409,359,-1,299,257,284,0,0,0,0,0,0,1,1,0,1,1,1,0,1,1,1
2026-07-03T20:05:30.812,tof2,4x4,side_left,3052,3240,-1,3328,2172,1490,-1,3461,1695,-1,1641,-1,1065,950,956,1057,1,1,0,1,1,1,0,1,1,0,1,0,1,1,1,1
2026-07-03T20:05:30.870,tof1,4x4,side_left,-1,-1,-1,-1,-1,-1,438,380,-1,526,405,361,-1,285,279,281,0,0,0,0,0,0,1,1,0,1,1,1,0,1,1,1
2026-07-03T20:05:30.975,tof2,4x4,side_left,2998,3257,-1,3320,2155,1468,2259,3464,1605,-1,1616,-1,1060,947,975,1043,1,1,0,1,1,1,1,1,1,0,1,0,1,1,1,1
2026-07-03T20:05:31.030,tof1,4x4,side_left,-1,-1,-1,-1,-1,-1,437,378,-1,527,409,362,-1,285,283,284,0,0,0,0,0,0,1,1,0,1,1,1,1,1,1,1
2026-07-03T20:05:31.131,tof2,4x4,side_left,-1,3261,-1,3319,2131,1447,-1,3474,1609,-1,1663,1399,1068,942,969,1043,1,1,0,1,1,1,0,1,1,0,1,1,1,1,1,1
2026-07-03T20:05:31.193,tof1,4x4,side_left,-1,-1,-1,-1,-1,-1,437,382,-1,523,411,362,-1,280,289,280,0,0,0,0,0,0,1,1,0,1,1,1,0,1,1,1
2026-07-03T20:05:31.285,tof2,4x4,side_left,2990,3243,-1,3331,2126,1487,-1,3475,1503,1029,1020,-1,1061,956,972,1049,1,1,1,1,1,1,1,1,1,1,1,0,1,1,1,1
2026-07-03T20:05:31.359,tof1,4x4,side_left,-1,-1,-1,-1,-1,-1,438,378,-1,526,408,363,-1,279,287,281,0,0,0,0,0,0,1,1,0,1,1,1,1,1,1,1
2026-07-03T20:05:31.454,tof2,4x4,side_left,-1,3253,-1,3272,-1,1444,-1,3506,1675,-1,1035,-1,1063,935,947,1047,1,1,0,1,1,1,0,1,1,0,1,0,1,1,1,1
2026-07-03T20:05:31.518,tof1,4x4,side_left,-1,-1,-1,-1,-1,446,437,375,-1,530,410,361,-1,298,286,283,0,0,0,0,0,1,1,1,0,1,1,1,0,1,1,1
2026-07-03T20:05:31.613,tof2,4x4,side_left,3039,3263,-1,3328,-1,1406,-1,3481,1563,-1,1011,-1,1068,891,943,1034,1,1,0,1,0,1,1,1,1,0,1,0,1,1,1,1
2026-07-03T20:05:31.674,tof1,4x4,side_left,-1,-1,-1,-1,-1,-1,435,370,-1,524,403,360,-1,297,288,281,0,0,0,0,0,0,1,1,0,1,1,1,0,1,1,1
2026-07-03T20:05:31.767,tof2,4x4,side_left,2960,3253,-1,3301,-1,1476,-1,3468,-1,-1,1599,-1,759,812,966,1053,1,1,0,1,0,1,0,1,1,0,1,0,1,1,1,1
2026-07-03T20:05:31.840,tof1,4x4,side_left,-1,-1,-1,-1,-1,-1,437,372,-1,510,398,357,1162,291,293,281,0,0,0,0,0,0,1,1,0,1,1,1,1,1,1,1
2026-07-03T20:05:31.995,tof1,4x4,side_left,-1,-1,-1,-1,-1,-1,425,369,-1,516,398,360,-1,323,297,279,1,0,0,0,0,0,1,1,0,1,1,1,0,1,1,1
2026-07-03T20:05:31.931,tof2,4x4,side_left,3001,3254,-1,3332,-1,-1,-1,3576,1645,1011,978,-1,1081,829,956,1043,1,1,1,1,1,1,0,1,1,1,1,0,1,1,1,1
2026-07-03T20:05:32.086,tof2,4x4,side_left,3043,3246,-1,3292,-1,-1,-1,3477,-1,952,1628,-1,-1,833,918,1049,1,1,0,1,1,0,0,1,1,1,1,0,1,1,1,1
2026-07-03T20:05:32.148,tof1,4x4,side_left,-1,-1,-1,-1,-1,451,439,377,-1,529,407,361,-1,288,297,280,0,0,0,0,0,1,1,1,0,1,1,1,1,1,1,1
2026-07-03T20:05:32.275,tof2,4x4,side_left,-1,3247,-1,3340,2166,-1,-1,-1,1675,966,1610,-1,1053,819,956,1044,0,1,1,1,1,0,0,0,1,1,1,0,1,1,1,1
2026-07-03T20:05:32.326,tof1,4x4,side_left,-1,-1,-1,-1,-1,-1,429,369,-1,519,405,359,-1,291,296,281,1,0,0,0,0,0,1,1,0,1,1,1,0,1,1,1
2026-07-03T20:05:32.423,tof2,4x4,side_left,3068,3257,-1,3318,-1,-1,-1,-1,1649,964,1643,-1,-1,821,943,1051,1,1,0,1,0,0,0,0,1,1,1,0,1,1,1,1
2026-07-03T20:05:32.495,tof1,4x4,side_left,-1,-1,-1,-1,-1,440,433,379,-1,532,408,356,-1,297,299,275,0,0,0,0,0,1,1,1,0,1,1,1,0,1,1,1
2026-07-03T20:05:32.586,tof2,4x4,side_left,3025,3260,-1,3359,-1,-1,2220,3510,1599,948,1612,-1,-1,798,902,1050,1,1,0,1,1,0,1,1,1,1,1,0,1,1,1,1
2026-07-03T20:05:32.656,tof1,4x4,side_left,-1,-1,-1,-1,-1,-1,-1,377,-1,527,405,363,-1,282,294,276,0,0,0,0,0,0,0,1,0,1,1,1,1,1,1,1
2026-07-03T20:05:32.733,tof2,4x4,side_left,2871,3257,3245,3314,-1,-1,-1,3480,1542,944,1596,-1,1068,807,959,1064,1,1,1,1,1,1,1,1,1,1,1,0,1,1,1,1
2026-07-03T20:05:32.833,tof1,4x4,side_left,-1,-1,-1,-1,-1,-1,-1,382,-1,527,409,360,-1,289,295,279,0,0,0,0,0,0,0,1,0,1,1,1,0,1,1,1
2026-07-03T20:05:32.893,tof2,4x4,side_left,3016,3251,-1,3320,-1,-1,2183,3456,1542,976,1579,-1,1078,820,-1,1058,1,1,0,1,0,0,1,1,1,1,1,0,1,1,1,1
2026-07-03T20:05:33.000,tof1,4x4,side_left,-1,-1,-1,-1,-1,-1,-1,-1,-1,540,417,362,-1,290,297,279,0,0,0,0,0,0,0,0,0,1,1,1,0,1,1,1
2026-07-03T20:05:33.042,tof2,4x4,side_left,2946,3263,-1,3365,2157,-1,-1,3501,1511,961,1574,-1,1054,814,-1,1048,1,1,0,1,1,0,1,1,1,1,1,0,1,1,1,1
2026-07-03T20:05:33.170,tof1,4x4,side_left,-1,-1,-1,-1,-1,433,441,-1,-1,537,412,360,-1,282,294,282,0,0,0,0,0,1,1,0,0,1,1,1,0,1,1,1
2026-07-03T20:05:33.238,tof2,4x4,side_left,3053,3256,-1,3329,2179,1450,2166,3532,1362,973,1604,-1,1072,811,982,1039,1,1,0,1,1,1,1,1,1,1,1,0,1,1,1,1
2026-07-03T20:05:33.329,tof1,4x4,side_left,-1,-1,-1,-1,-1,-1,-1,-1,-1,548,413,361,-1,288,296,277,1,0,0,1,0,0,0,0,0,1,1,1,0,1,1,1
2026-07-03T20:05:33.410,tof2,4x4,side_left,2988,3258,-1,3326,-1,-1,-1,3516,1676,969,1581,-1,-1,827,-1,1058,1,1,1,1,0,0,0,1,1,1,1,0,1,1,1,1
2026-07-03T20:05:33.485,tof1,4x4,side_left,-1,-1,-1,-1,-1,-1,-1,-1,-1,542,411,361,-1,291,300,279,0,0,0,0,0,0,0,0,0,1,1,1,1,1,1,1
2026-07-03T20:05:33.634,tof1,4x4,side_left,-1,-1,-1,-1,-1,-1,443,-1,-1,533,416,360,-1,280,298,278,0,0,0,0,0,0,1,0,0,1,1,1,0,1,1,1
2026-07-03T20:05:33.569,tof2,4x4,side_left,2988,3257,-1,3276,-1,-1,-1,3471,1661,968,1605,-1,1062,813,-1,1037,1,1,1,1,0,0,0,1,1,1,1,1,1,1,1,1
2026-07-03T20:05:33.796,tof1,4x4,side_left,-1,-1,-1,-1,-1,-1,-1,-1,-1,548,411,361,-1,289,299,280,0,0,0,0,0,0,0,0,0,1,1,1,0,1,1,1
2026-07-03T20:05:33.726,tof2,4x4,side_left,3095,3267,-1,3282,-1,-1,2205,3434,1704,962,1584,-1,1066,810,-1,1049,1,1,0,1,1,1,1,1,1,1,1,0,1,1,1,1
2026-07-03T20:05:33.887,tof2,4x4,side_left,3038,3246,-1,3327,-1,1468,2165,3482,-1,983,1583,-1,1070,814,994,1063,1,1,0,1,0,1,1,1,0,1,1,0,1,1,1,1
2026-07-03T20:05:33.957,tof1,4x4,side_left,-1,-1,-1,-1,-1,-1,-1,-1,-1,534,416,361,-1,287,297,278,0,0,0,0,0,0,0,0,0,1,1,1,0,1,1,1
2026-07-03T20:05:34.043,tof2,4x4,side_left,2953,3261,-1,3312,-1,1487,-1,3457,1649,973,1621,-1,-1,825,1033,1056,1,1,1,1,0,1,0,1,1,1,1,0,1,1,1,1
2026-07-03T20:05:34.119,tof1,4x4,side_left,-1,-1,-1,-1,-1,439,440,-1,-1,535,412,361,1046,290,297,281,0,0,0,0,0,1,1,0,0,1,1,1,1,1,1,1
2026-07-03T20:05:34.199,tof2,4x4,side_left,3013,3268,3342,3306,2137,1464,2160,3552,1571,977,1561,-1,1059,821,-1,1049,1,1,1,1,1,1,1,1,1,1,1,0,1,1,1,1
2026-07-03T20:05:34.287,tof1,4x4,side_left,-1,-1,-1,-1,-1,-1,444,386,-1,541,415,361,-1,286,299,279,0,0,0,0,0,0,1,1,0,1,1,1,0,1,1,1
2026-07-03T20:05:34.354,tof2,4x4,side_left,3091,3253,-1,3300,-1,1470,2151,3465,-1,949,1596,-1,1068,833,-1,1042,1,1,1,1,0,1,1,1,1,1,1,0,1,1,1,1
2026-07-03T20:05:34.477,tof1,4x4,side_left,-1,-1,-1,-1,-1,-1,441,-1,-1,538,413,362,-1,287,298,276,0,0,0,0,0,0,1,0,0,1,1,1,0,1,1,1
2026-07-03T20:05:34.517,tof2,4x4,side_left,2988,3270,-1,-1,-1,1477,2263,3538,1667,976,1588,-1,1061,815,-1,1046,1,1,0,1,1,1,1,1,1,1,1,1,1,1,1,1
2026-07-03T20:05:34.640,tof1,4x4,side_left,-1,-1,-1,-1,-1,-1,-1,-1,-1,535,408,359,1072,295,301,276,0,0,0,0,0,0,0,0,0,1,1,1,1,1,1,1
2026-07-03T20:05:34.671,tof2,4x4,side_left,3003,3255,-1,3290,-1,1484,2215,3524,1667,959,1568,-1,1057,813,-1,1037,1,1,0,1,0,1,1,1,1,1,1,0,1,1,1,1
2026-07-03T20:05:34.852,tof1,4x4,side_left,-1,-1,-1,-1,-1,-1,-1,-1,-1,534,410,361,-1,287,301,277,0,0,0,0,0,0,0,0,0,1,1,1,0,1,1,1
2026-07-03T20:05:34.833,tof2,4x4,side_left,2982,3263,-1,3330,2122,1490,2211,3483,1540,957,1602,-1,1056,812,-1,1047,1,1,1,1,1,1,1,1,1,1,1,0,1,1,1,1
2026-07-03T20:05:34.982,tof2,4x4,side_left,2996,3253,-1,3290,-1,1470,-1,3471,1570,978,1608,-1,-1,810,943,1062,1,1,0,1,1,1,0,1,1,1,1,0,1,1,1,1
2026-07-03T20:05:35.020,tof1,4x4,side_left,-1,-1,-1,-1,-1,-1,-1,-1,-1,539,409,362,-1,289,301,280,0,0,0,0,0,0,0,0,0,1,1,1,0,1,1,1
2026-07-03T20:05:35.152,tof2,4x4,side_left,3006,3257,-1,3322,-1,1464,2110,3447,1636,957,1590,-1,1057,805,-1,1056,1,1,1,1,0,1,1,1,1,1,1,1,1,1,1,1
2026-07-03T20:05:35.213,tof1,4x4,side_left,-1,-1,-1,-1,-1,-1,-1,-1,-1,543,408,361,-1,283,303,275,0,0,0,0,0,0,0,0,0,1,1,1,1,1,1,1
2026-07-03T20:05:35.365,tof1,4x4,side_left,-1,-1,-1,-1,-1,432,437,-1,-1,526,405,359,-1,294,295,276,0,0,0,0,0,1,1,0,0,1,1,1,0,1,1,1
2026-07-03T20:05:35.331,tof2,4x4,side_left,3021,3251,3268,3347,-1,1469,2192,3445,1568,992,1588,-1,1057,817,1113,1042,1,1,1,1,0,1,1,1,1,1,1,0,1,1,1,1
2026-07-03T20:05:35.522,tof1,4x4,side_left,-1,-1,-1,-1,-1,-1,-1,377,-1,530,408,360,-1,292,303,276,0,0,0,0,0,0,0,1,0,1,1,1,0,1,1,1
2026-07-03T20:05:35.499,tof2,4x4,side_left,3063,3247,-1,3328,-1,1449,-1,3467,-1,963,1678,-1,1060,812,-1,1073,1,1,0,1,0,1,1,1,1,1,1,1,1,1,1,1
2026-07-03T20:05:35.695,tof1,4x4,side_left,-1,-1,-1,-1,-1,-1,438,-1,-1,546,407,363,-1,291,300,276,1,0,0,0,0,0,1,0,0,1,1,1,1,1,1,1
2026-07-03T20:05:35.665,tof2,4x4,side_left,2946,3243,-1,3300,2120,1458,2132,3452,-1,960,1611,-1,1067,821,975,1046,1,1,0,1,1,1,1,1,1,1,1,1,1,1,1,1
2026-07-03T20:05:35.856,tof1,4x4,side_left,-1,-1,-1,-1,-1,-1,443,-1,-1,537,410,361,-1,290,301,278,0,0,0,0,0,0,1,0,0,1,1,1,0,1,1,1
2026-07-03T20:05:35.828,tof2,4x4,side_left,3044,3250,-1,3345,-1,1440,-1,3459,1550,954,1573,-1,1057,817,-1,1059,1,1,1,1,1,1,1,1,1,1,1,0,1,1,1,1
2026-07-03T20:05:35.985,tof2,4x4,side_left,2981,3269,-1,3343,-1,1459,2120,3448,-1,959,1576,1274,1058,817,-1,1031,1,1,0,1,0,1,1,1,1,1,1,1,1,1,1,1
2026-07-03T20:05:36.051,tof1,4x4,side_left,-1,-1,-1,-1,-1,-1,446,-1,-1,530,412,360,-1,283,299,278,0,0,0,0,0,0,1,0,0,1,1,1,0,1,1,1
2026-07-03T20:05:36.146,tof2,4x4,side_left,2951,3272,-1,3320,2104,1450,-1,3468,-1,969,1623,-1,1061,819,-1,1056,1,1,0,1,1,1,1,1,1,1,1,1,1,1,1,1
2026-07-03T20:05:36.205,tof1,4x4,side_left,-1,-1,-1,-1,-1,-1,-1,-1,-1,529,409,362,-1,289,303,280,0,0,0,0,0,0,0,0,0,1,1,1,0,1,1,1
2026-07-03T20:05:36.306,tof2,4x4,side_left,2947,3257,-1,3309,-1,1423,-1,3624,1575,943,1633,-1,1063,820,-1,1041,1,1,0,1,1,1,0,1,1,1,1,0,1,1,1,1
2026-07-03T20:05:36.373,tof1,4x4,side_left,-1,-1,-1,-1,-1,-1,-1,-1,-1,530,411,364,-1,280,301,274,1,0,0,0,0,0,0,0,0,1,1,1,0,1,1,1
2026-07-03T20:05:36.475,tof2,4x4,side_left,-1,3247,-1,3339,-1,1468,-1,3521,-1,959,1622,-1,1071,820,-1,-1,1,1,0,1,0,1,0,1,1,1,1,0,1,1,1,1
2026-07-03T20:05:36.548,tof1,4x4,side_left,-1,-1,-1,-1,-1,-1,-1,-1,-1,546,410,362,-1,292,302,276,0,0,0,0,0,0,0,0,0,1,1,1,0,1,1,1
2026-07-03T20:05:36.625,tof2,4x4,side_left,2977,3257,-1,3320,2030,1476,2218,3486,1535,954,1612,1356,1064,819,-1,1047,1,1,1,1,1,1,1,1,1,1,1,1,1,1,1,1
2026-07-03T20:05:36.729,tof1,4x4,side_left,3348,-1,-1,-1,-1,-1,442,-1,-1,535,411,362,-1,293,297,279,1,0,0,0,0,0,1,0,0,1,1,1,0,1,1,1
2026-07-03T20:05:36.782,tof2,4x4,side_left,3038,3250,-1,3308,-1,1482,-1,3502,-1,953,1579,-1,1055,818,-1,1052,1,1,1,1,0,1,0,1,1,1,1,0,1,1,1,1
2026-07-03T20:05:36.891,tof1,4x4,side_left,-1,-1,-1,-1,-1,433,436,-1,-1,541,415,361,-1,293,301,275,0,0,0,0,0,1,1,0,0,1,1,1,0,1,1,1
2026-07-03T20:05:36.959,tof2,4x4,side_left,3014,3253,-1,3329,-1,1484,2198,3538,-1,955,1590,-1,1066,821,-1,1051,1,1,0,1,0,1,1,1,1,1,1,0,1,1,1,1
2026-07-03T20:05:37.053,tof1,4x4,side_left,-1,-1,-1,-1,-1,-1,447,-1,-1,530,410,360,-1,288,297,274,0,0,0,0,0,0,1,0,0,1,1,1,0,1,1,1
2026-07-03T20:05:37.129,tof2,4x4,side_left,2983,3255,-1,3311,-1,1475,-1,-1,1617,994,1605,-1,-1,816,962,1045,1,1,0,1,0,1,0,0,1,1,1,0,1,1,1,1
2026-07-03T20:05:37.213,tof1,4x4,side_left,-1,-1,-1,-1,-1,-1,447,-1,-1,541,415,360,-1,291,299,279,0,0,0,0,0,0,1,0,0,1,1,1,1,1,1,1
2026-07-03T20:05:37.297,tof2,4x4,side_left,3017,3258,-1,3369,2122,-1,-1,3486,1636,936,1598,-1,1050,834,971,1050,1,1,1,1,1,1,1,1,1,1,1,0,1,1,1,1
2026-07-03T20:05:37.381,tof1,4x4,side_left,-1,-1,-1,-1,-1,-1,445,-1,-1,536,412,363,-1,289,296,277,0,0,0,0,0,0,1,0,0,1,1,1,0,1,1,1
2026-07-03T20:05:37.458,tof2,4x4,side_left,3137,3253,-1,3325,-1,1467,-1,3524,-1,945,1598,1396,1061,824,-1,1048,1,1,0,1,0,1,0,1,1,1,1,1,1,1,1,1
2026-07-03T20:05:37.543,tof1,4x4,side_left,-1,-1,-1,-1,-1,-1,-1,-1,-1,539,411,363,-1,287,299,278,0,0,0,0,0,0,0,0,0,1,1,1,0,1,1,1
2026-07-03T20:05:37.623,tof2,4x4,side_left,3004,3259,-1,3351,-1,1484,2207,3525,1741,943,1584,-1,1064,822,-1,1056,1,1,0,1,0,1,1,1,1,1,1,1,1,1,1,1
2026-07-03T20:05:37.707,tof1,4x4,side_left,-1,-1,-1,-1,-1,-1,443,-1,-1,543,413,363,-1,289,301,277,0,0,0,0,0,0,1,0,0,1,1,1,0,1,1,1
2026-07-03T20:05:37.791,tof2,4x4,side_left,3023,3259,3287,3327,-1,1465,-1,3472,-1,977,1589,1290,1052,827,-1,1045,1,1,1,1,0,1,1,1,0,1,1,1,1,1,1,1
2026-07-03T20:05:37.869,tof1,4x4,side_left,-1,-1,-1,-1,-1,-1,443,-1,-1,543,414,363,-1,286,300,278,0,0,0,0,0,0,1,0,0,1,1,1,0,1,1,1
2026-07-03T20:05:37.947,tof2,4x4,side_left,3042,3256,3298,3296,-1,1465,2158,3483,-1,977,1612,-1,1064,818,-1,1043,1,1,1,1,1,1,1,1,1,1,1,0,1,1,1,1
2026-07-03T20:05:38.390,tof1,4x4,side_left,-1,-1,-1,-1,-1,-1,442,-1,-1,536,413,362,-1,290,298,274,0,0,0,0,0,0,1,0,0,1,1,1,0,1,1,1
2026-07-03T20:05:38.393,tof2,4x4,side_left,-1,3254,-1,3313,2184,1499,2211,3440,1640,956,1545,-1,1070,818,-1,1036,1,1,1,1,1,1,1,1,1,1,1,0,1,1,1,1
2026-07-03T20:05:38.537,tof1,4x4,side_left,-1,-1,-1,-1,-1,-1,439,-1,-1,536,410,361,-1,273,300,277,0,0,0,0,0,0,1,0,0,1,1,1,1,1,1,1
2026-07-03T20:05:38.565,tof2,4x4,side_left,3050,3263,3318,3357,-1,-1,2154,3461,-1,961,1598,1382,1054,822,-1,1056,1,1,1,1,1,1,1,1,1,1,1,1,1,1,1,1
2026-07-03T20:05:38.729,tof1,4x4,side_left,-1,-1,-1,-1,-1,439,440,-1,-1,523,411,362,-1,289,304,278,0,0,0,0,0,1,1,0,0,1,1,1,0,1,1,1
2026-07-03T20:05:38.761,tof2,4x4,side_left,-1,3253,-1,3332,2125,-1,2150,3475,-1,975,1624,-1,-1,822,-1,1042,1,1,0,1,1,1,1,1,1,1,1,0,1,1,1,1
2026-07-03T20:05:38.895,tof1,4x4,side_left,-1,-1,-1,-1,-1,-1,445,-1,-1,541,408,362,-1,285,296,277,0,0,0,0,0,0,1,0,0,1,1,1,0,1,1,1
2026-07-03T20:05:38.933,tof2,4x4,side_left,3009,3260,-1,3308,2166,1442,-1,3484,-1,975,1610,-1,1063,822,-1,1047,1,1,1,1,1,1,0,1,1,1,1,0,1,1,1,1
2026-07-03T20:05:39.078,tof1,4x4,side_left,-1,-1,-1,-1,-1,432,441,-1,-1,524,411,362,-1,281,299,277,0,0,0,0,0,1,1,0,0,1,1,1,0,1,1,1
2026-07-03T20:05:39.113,tof2,4x4,side_left,2979,3265,-1,3310,-1,1490,2209,3531,1614,956,1621,-1,1074,822,-1,1048,1,1,1,1,0,1,1,1,1,1,1,1,1,1,1,1
2026-07-03T20:05:39.240,tof1,4x4,side_left,-1,-1,-1,-1,-1,-1,445,-1,-1,528,408,360,-1,289,295,277,0,0,0,0,0,0,1,0,0,1,1,1,0,1,1,1
2026-07-03T20:05:39.278,tof2,4x4,side_left,2994,3258,-1,3367,-1,-1,2150,3469,-1,970,1585,-1,1069,812,-1,1048,1,1,0,1,1,1,1,1,1,1,1,0,1,1,1,1
2026-07-03T20:05:39.413,tof1,4x4,side_left,-1,-1,-1,-1,-1,-1,-1,-1,-1,524,410,361,-1,278,301,279,0,0,0,0,0,0,0,0,0,1,1,1,1,1,1,1
2026-07-03T20:05:39.452,tof2,4x4,side_left,3047,3263,-1,3306,-1,1438,2188,3502,-1,980,1595,-1,1068,820,-1,1057,1,1,0,1,1,1,1,1,1,1,1,0,1,1,1,1
2026-07-03T20:05:39.587,tof1,4x4,side_left,-1,-1,-1,-1,-1,-1,-1,-1,-1,536,409,361,-1,281,301,278,0,0,0,0,0,0,0,0,0,1,1,1,0,1,1,1
2026-07-03T20:05:39.615,tof2,4x4,side_left,2952,3245,-1,3285,-1,1477,-1,3476,-1,976,1567,-1,1063,822,1056,1036,1,1,1,1,0,1,1,1,0,1,1,0,1,1,1,1
2026-07-03T20:05:39.768,tof1,4x4,side_left,-1,-1,-1,-1,-1,-1,-1,-1,-1,542,410,360,-1,296,306,282,0,0,0,0,0,0,0,0,0,1,1,1,0,1,1,1
2026-07-03T20:05:39.800,tof2,4x4,side_left,2933,3265,3340,3297,-1,1470,2148,3489,1648,967,1648,-1,1053,807,-1,1050,1,1,1,1,0,1,1,1,1,1,1,0,1,1,1,1
2026-07-03T20:05:39.936,tof1,4x4,side_left,-1,-1,-1,-1,-1,-1,-1,-1,-1,544,411,363,-1,287,313,279,0,0,0,0,0,0,0,0,0,1,1,1,0,1,1,1
2026-07-03T20:05:39.962,tof2,4x4,side_left,3011,3261,-1,3302,-1,1478,-1,3529,1672,953,1563,-1,1063,815,1019,1053,1,1,0,1,1,1,0,1,1,1,1,1,1,1,1,1
2026-07-03T20:05:40.093,tof1,4x4,side_left,-1,-1,-1,-1,-1,-1,-1,-1,-1,540,408,359,-1,287,300,281,0,0,0,0,0,0,0,0,0,1,1,1,0,1,1,1
2026-07-03T20:05:40.140,tof2,4x4,side_left,3033,3260,3321,3289,-1,-1,2181,3493,1568,945,1597,-1,1064,822,985,1041,1,1,1,1,0,1,1,1,1,1,1,0,1,1,1,1
2026-07-03T20:05:40.283,tof1,4x4,side_left,-1,-1,-1,-1,-1,-1,-1,-1,-1,527,410,362,-1,289,301,283,0,0,0,0,0,0,0,0,0,1,1,1,1,1,1,1
2026-07-03T20:05:40.311,tof2,4x4,side_left,3024,3261,-1,3341,-1,1514,-1,3467,-1,961,1561,-1,1063,817,-1,1041,1,1,1,1,0,1,0,1,1,1,1,0,1,1,1,1
2026-07-03T20:05:40.438,tof1,4x4,side_left,-1,-1,-1,-1,-1,-1,-1,-1,-1,541,408,363,-1,288,302,277,0,0,0,0,0,0,0,0,0,1,1,1,0,1,1,1
2026-07-03T20:05:40.488,tof2,4x4,side_left,3094,3244,-1,3306,2145,1430,2142,3486,1574,964,1632,-1,1069,821,942,1044,1,1,0,1,1,1,1,1,1,1,1,1,1,1,1,1
2026-07-03T20:05:40.605,tof1,4x4,side_left,-1,-1,-1,-1,-1,-1,445,-1,-1,537,411,361,-1,290,301,277,0,0,0,0,0,0,1,0,0,1,1,1,0,1,1,1
2026-07-03T20:05:40.662,tof2,4x4,side_left,2986,3269,-1,3295,-1,1469,-1,3421,-1,958,1565,-1,1055,821,-1,1051,1,1,0,1,0,1,0,1,1,1,1,0,1,1,1,1
2026-07-03T20:05:40.779,tof1,4x4,side_left,-1,-1,-1,-1,-1,-1,-1,-1,-1,522,410,361,1094,289,300,279,1,0,0,0,0,0,0,0,0,1,1,1,1,1,1,1
2026-07-03T20:05:40.853,tof2,4x4,side_left,3018,3265,3319,3321,2115,1453,-1,3513,1540,978,1596,-1,1074,821,974,1043,1,1,1,1,1,1,0,1,1,1,1,0,1,1,1,1
2026-07-03T20:05:40.951,tof1,4x4,side_left,-1,-1,-1,-1,-1,-1,-1,-1,-1,542,414,362,-1,295,303,278,0,0,0,0,0,0,0,0,0,1,1,1,1,1,1,1
2026-07-03T20:05:41.009,tof2,4x4,side_left,3009,3253,-1,3318,-1,1485,-1,3450,-1,974,1611,-1,-1,815,-1,1058,1,1,1,1,0,1,1,1,1,1,1,1,1,1,1,1
2026-07-03T20:05:41.113,tof1,4x4,side_left,-1,-1,-1,-1,-1,-1,445,-1,-1,533,411,362,-1,292,300,280,0,0,0,0,0,0,1,0,0,1,1,1,0,1,1,1
2026-07-03T20:05:41.171,tof2,4x4,side_left,2958,3264,-1,3355,2124,1477,2196,3489,1619,963,1629,-1,1073,814,-1,1054,1,1,0,1,1,1,1,1,1,1,1,0,1,1,1,1
2026-07-03T20:05:41.270,tof1,4x4,side_left,-1,-1,-1,-1,-1,-1,-1,-1,-1,539,415,362,-1,288,300,278,0,0,0,0,0,0,0,0,0,1,1,1,0,1,1,1
2026-07-03T20:05:41.558,tof1,4x4,side_left,-1,-1,-1,-1,-1,-1,449,-1,-1,525,412,362,-1,291,301,279,0,0,0,0,0,0,1,0,0,1,1,1,0,1,1,1
2026-07-03T20:05:41.568,tof2,4x4,side_left,2975,3257,-1,3309,2102,-1,-1,3471,1483,967,1647,1325,-1,822,-1,1047,1,1,0,1,1,0,1,1,1,1,1,1,1,1,1,1
2026-07-03T20:05:41.712,tof1,4x4,side_left,-1,-1,-1,-1,-1,-1,-1,-1,-1,535,412,363,-1,283,301,279,0,0,0,1,0,0,0,0,0,1,1,1,0,1,1,1
2026-07-03T20:05:41.747,tof2,4x4,side_left,2915,3265,-1,3335,2120,-1,2205,3448,-1,964,1586,-1,1056,819,932,1044,1,1,0,1,1,0,1,1,0,1,1,0,1,1,1,1
2026-07-03T20:05:41.872,tof1,4x4,side_left,-1,-1,-1,2202,-1,-1,444,-1,-1,547,412,364,-1,292,300,278,0,0,0,1,0,0,1,0,0,1,1,1,0,1,1,1
2026-07-03T20:05:41.941,tof2,4x4,side_left,3020,3240,-1,3330,-1,-1,2192,-1,-1,961,1575,-1,-1,811,968,1051,1,1,0,1,1,0,1,0,1,1,1,0,1,1,1,1
2026-07-03T20:05:42.033,tof1,4x4,side_left,-1,-1,-1,-1,-1,-1,459,-1,-1,539,410,362,-1,291,298,275,0,0,0,0,0,1,1,0,0,1,1,1,1,1,1,1
2026-07-03T20:05:42.191,tof1,4x4,side_left,-1,-1,-1,-1,-1,440,437,-1,-1,537,413,363,1153,287,296,278,0,0,0,0,0,1,1,0,0,1,1,1,1,1,1,1
2026-07-03T20:05:42.135,tof2,4x4,side_left,3023,3256,-1,3296,-1,-1,-1,3421,1592,971,1579,-1,-1,824,964,1044,1,1,0,1,0,0,0,1,1,1,1,0,1,1,1,1
2026-07-03T20:05:42.288,tof2,4x4,side_left,-1,3255,-1,3297,-1,-1,-1,3481,-1,957,1559,-1,1062,812,1070,1048,1,1,0,1,0,0,1,1,0,1,1,0,1,1,1,1
2026-07-03T20:05:42.349,tof1,4x4,side_left,-1,-1,-1,-1,-1,-1,452,-1,-1,537,411,362,-1,295,300,281,1,0,0,0,0,0,1,0,0,1,1,1,0,1,1,1
2026-07-03T20:05:42.452,tof2,4x4,side_left,3038,3250,-1,3285,-1,-1,-1,3470,1619,950,1561,-1,1055,823,-1,1057,1,1,0,1,1,1,0,1,1,1,1,0,1,1,1,1
2026-07-03T20:05:42.517,tof1,4x4,side_left,-1,-1,-1,-1,-1,-1,456,-1,-1,520,409,362,1046,291,304,280,0,0,0,1,0,0,1,0,0,1,1,1,1,1,1,1
2026-07-03T20:05:42.613,tof2,4x4,side_left,-1,3257,-1,3321,2103,-1,-1,-1,-1,993,1617,-1,1063,818,-1,1054,0,1,0,1,1,1,1,0,0,1,1,0,1,1,1,1
2026-07-03T20:05:42.687,tof1,4x4,side_left,-1,-1,-1,-1,-1,-1,446,-1,-1,533,410,363,-1,292,301,277,0,0,0,0,0,0,1,0,0,1,1,1,0,1,1,1
2026-07-03T20:05:42.787,tof2,4x4,side_left,3021,3252,3294,3303,-1,-1,2189,3592,-1,973,1596,-1,1073,810,975,1052,1,1,1,1,0,0,1,1,1,1,1,0,1,1,1,1
2026-07-03T20:05:42.857,tof1,4x4,side_left,-1,-1,-1,-1,-1,-1,447,-1,-1,524,406,361,1081,288,304,279,1,0,0,0,0,0,1,0,0,1,1,1,1,1,1,1
2026-07-03T20:05:42.960,tof2,4x4,side_left,3030,3252,-1,3352,-1,-1,-1,3447,1632,956,1582,-1,1066,818,-1,1045,1,1,0,1,0,0,0,1,1,1,1,0,1,1,1,1
2026-07-03T20:05:43.021,tof1,4x4,side_left,-1,-1,-1,-1,-1,-1,456,-1,-1,526,408,361,-1,290,301,280,0,1,0,0,0,0,1,0,0,1,1,1,0,1,1,1
2026-07-03T20:05:43.173,tof1,4x4,side_left,-1,-1,-1,-1,-1,-1,-1,-1,-1,530,409,361,-1,293,302,276,0,0,0,0,0,0,0,0,0,1,1,1,0,1,1,1
2026-07-03T20:05:43.140,tof2,4x4,side_left,3001,3250,-1,3307,-1,-1,2174,3476,1648,954,1561,-1,1067,821,965,1051,1,1,1,1,0,1,1,1,1,1,1,0,1,1,1,1
2026-07-03T20:05:43.342,tof1,4x4,side_left,-1,-1,-1,-1,-1,-1,445,-1,-1,526,408,359,-1,290,299,275,0,0,0,0,0,0,1,0,0,1,1,1,1,1,1,1
2026-07-03T20:05:43.307,tof2,4x4,side_left,2976,3270,3347,3302,-1,-1,-1,3481,-1,-1,1579,-1,1058,822,-1,1046,1,1,1,1,0,0,0,1,1,1,1,0,1,1,1,1
2026-07-03T20:05:43.473,tof2,4x4,side_left,3066,3259,3328,-1,2120,-1,2153,3511,1711,989,1437,-1,1063,819,-1,1055,1,1,1,1,1,1,1,1,1,1,1,0,1,1,1,1
2026-07-03T20:05:43.516,tof1,4x4,side_left,-1,-1,-1,-1,-1,440,442,-1,-1,524,409,361,-1,283,297,281,0,0,0,0,0,1,1,0,0,1,1,1,0,1,1,1
2026-07-03T20:05:43.625,tof2,4x4,side_left,3018,3267,-1,3342,-1,1464,-1,3433,-1,968,1566,-1,1055,814,969,1047,1,1,1,1,1,1,0,1,1,1,1,0,1,1,1,1
2026-07-03T20:05:43.694,tof1,4x4,side_left,3296,-1,-1,-1,-1,420,437,-1,-1,533,409,363,-1,292,297,275,1,0,0,0,0,1,1,0,0,1,1,1,0,1,1,1
2026-07-03T20:05:43.799,tof2,4x4,side_left,3036,3248,-1,3306,-1,-1,2163,3402,-1,963,1584,-1,1053,822,-1,1062,1,1,0,1,1,0,1,1,1,1,1,1,1,1,1,1
2026-07-03T20:05:43.856,tof1,4x4,side_left,-1,-1,-1,-1,-1,-1,440,-1,-1,539,411,360,-1,289,305,277,0,0,0,0,0,0,1,0,0,1,1,1,0,1,1,1
2026-07-03T20:05:43.960,tof2,4x4,side_left,2959,3241,-1,3324,-1,1471,2216,3508,1624,965,1565,-1,1054,822,-1,1053,1,1,1,1,0,1,1,1,1,1,1,0,1,1,1,1
2026-07-03T20:05:44.024,tof1,4x4,side_left,-1,-1,-1,-1,-1,-1,442,-1,-1,543,411,364,-1,287,313,281,0,0,0,0,0,0,1,0,0,1,1,1,1,1,1,1
2026-07-03T20:05:44.124,tof2,4x4,side_left,2989,3253,-1,3306,-1,1456,-1,3463,1669,976,1577,-1,1056,817,-1,1055,1,1,1,1,0,1,0,1,1,1,1,0,1,1,1,1
2026-07-03T20:05:44.203,tof1,4x4,side_left,-1,-1,-1,-1,-1,-1,451,-1,-1,542,409,363,-1,288,297,280,0,0,0,0,0,0,1,0,0,1,1,1,1,1,1,1
2026-07-03T20:05:44.279,tof2,4x4,side_left,2966,3259,3286,3265,-1,1450,-1,3427,-1,974,1591,-1,1057,819,-1,1042,1,1,1,1,0,1,1,1,0,1,1,0,1,1,1,1
2026-07-03T20:05:44.364,tof1,4x4,side_left,-1,-1,-1,-1,-1,-1,441,-1,-1,538,410,362,-1,282,300,276,0,0,0,0,0,0,1,0,0,1,1,1,0,1,1,1
2026-07-03T20:05:44.440,tof2,4x4,side_left,3019,3248,-1,3313,-1,1482,-1,3413,1624,945,1556,-1,1058,816,-1,1042,1,1,0,1,0,1,0,1,1,1,1,0,1,1,1,1
2026-07-03T20:05:44.528,tof1,4x4,side_left,-1,-1,-1,-1,-1,-1,451,-1,-1,533,414,363,-1,285,300,280,0,0,0,0,0,0,1,0,0,1,1,1,1,1,1,1
2026-07-03T20:05:44.609,tof2,4x4,side_left,3002,3260,3290,3336,-1,1472,-1,3456,1515,965,1581,-1,1062,816,-1,1039,1,1,1,1,1,1,1,1,1,1,1,0,1,1,1,1
2026-07-03T20:05:44.685,tof1,4x4,side_left,-1,-1,-1,-1,-1,445,-1,-1,-1,536,410,363,1062,293,301,278,0,0,0,0,0,1,0,0,0,1,1,1,1,1,1,1
2026-07-03T20:05:44.768,tof2,4x4,side_left,2963,3259,-1,3343,-1,1471,-1,3463,1614,975,1596,-1,-1,818,-1,1043,1,1,1,1,0,1,0,1,1,1,1,0,1,1,1,1
2026-07-03T20:05:44.841,tof1,4x4,side_left,-1,-1,-1,-1,-1,-1,443,-1,-1,537,414,362,-1,284,299,279,0,0,0,0,0,0,1,0,0,1,1,1,0,1,1,1
2026-07-03T20:05:44.935,tof2,4x4,side_left,3013,3240,-1,3295,-1,-1,2172,3562,-1,980,1644,-1,1064,814,-1,1035,1,1,0,1,1,1,1,1,1,1,1,0,1,1,1,1
2026-07-03T20:05:45.013,tof1,4x4,side_left,-1,-1,-1,-1,-1,-1,444,-1,-1,537,412,362,-1,291,300,279,0,0,0,0,0,0,1,0,0,1,1,1,0,1,1,1
2026-07-03T20:05:45.086,tof2,4x4,side_left,2941,3253,-1,3323,-1,1453,2158,3493,1716,982,1556,-1,1061,833,-1,1056,1,1,1,1,0,1,1,1,1,1,1,0,1,1,1,1
2026-07-03T20:05:45.178,tof1,4x4,side_left,-1,-1,-1,-1,-1,-1,445,-1,-1,535,414,365,-1,277,301,277,0,0,0,0,0,0,1,0,0,1,1,1,0,1,1,1
2026-07-03T20:05:45.255,tof2,4x4,side_left,2979,3252,-1,3313,-1,1481,-1,3472,1654,975,1572,-1,1063,837,-1,1052,1,1,0,1,0,1,0,1,1,1,1,0,1,1,1,1
2026-07-03T20:05:45.333,tof1,4x4,side_left,-1,-1,-1,-1,-1,-1,-1,-1,-1,540,412,362,-1,286,298,280,0,0,0,0,0,0,0,0,0,1,1,1,0,1,1,1
2026-07-03T20:05:45.430,tof2,4x4,side_left,3083,3263,-1,3339,-1,1472,2163,3497,1589,964,1613,-1,1059,818,-1,1054,1,1,0,1,1,1,1,1,1,1,1,0,1,1,1,1
2026-07-03T20:05:45.514,tof1,4x4,side_left,-1,-1,-1,-1,-1,-1,-1,-1,-1,538,411,364,-1,287,298,278,0,0,0,0,0,0,0,0,0,1,1,1,0,1,1,1
2026-07-03T20:05:45.595,tof2,4x4,side_left,-1,3250,-1,3307,-1,1429,2183,3459,1720,967,1601,-1,-1,825,964,1052,0,1,0,1,0,1,1,1,1,1,1,0,1,1,1,1
2026-07-03T20:05:45.688,tof1,4x4,side_left,-1,-1,-1,-1,-1,-1,443,-1,-1,548,412,361,-1,287,298,280,0,0,0,0,0,0,1,0,0,1,1,1,0,1,1,1
2026-07-03T20:05:45.784,tof2,4x4,side_left,3010,3248,-1,3307,-1,1438,-1,3547,1448,984,1585,-1,1072,818,988,1051,1,1,1,1,0,1,0,1,1,1,1,0,1,1,1,1
2026-07-03T20:05:45.883,tof1,4x4,side_left,-1,-1,-1,-1,-1,-1,444,-1,-1,536,410,362,-1,280,298,283,0,0,0,0,0,0,1,0,0,1,1,1,0,1,1,1
2026-07-03T20:05:45.966,tof2,4x4,side_left,2976,3248,-1,3303,-1,1427,2221,3479,1546,968,1582,-1,1059,817,934,1060,1,1,1,1,0,1,1,1,1,1,1,1,1,1,1,1
2026-07-03T20:05:46.043,tof1,4x4,side_left,-1,-1,-1,-1,-1,-1,445,-1,-1,532,413,361,1085,292,299,277,0,0,0,0,0,0,1,0,0,1,1,1,1,1,1,1
2026-07-03T20:05:46.140,tof2,4x4,side_left,3045,3270,-1,3315,-1,1475,-1,3460,1594,950,1590,-1,1075,826,963,1054,1,1,0,1,0,1,0,1,1,1,1,1,1,1,1,1
2026-07-03T20:05:46.219,tof1,4x4,side_left,-1,-1,-1,-1,-1,436,439,-1,-1,533,410,363,-1,289,299,277,0,0,0,0,0,1,1,0,0,1,1,1,1,1,1,1
2026-07-03T20:05:46.305,tof2,4x4,side_left,-1,3244,-1,3337,2167,1478,2207,3594,1632,963,1591,-1,1068,812,-1,1052,1,1,1,1,1,1,1,1,1,1,1,0,1,1,1,1
2026-07-03T20:05:46.411,tof1,4x4,side_left,-1,-1,-1,-1,-1,-1,-1,-1,-1,534,413,363,-1,289,298,275,0,0,0,0,0,0,0,0,0,1,1,1,0,1,1,1
2026-07-03T20:05:46.482,tof2,4x4,side_left,3007,3269,-1,3321,-1,1473,-1,3435,1561,961,1587,-1,-1,817,-1,1049,1,1,0,1,1,1,1,1,1,1,1,0,1,1,1,1
2026-07-03T20:05:46.564,tof1,4x4,side_left,-1,-1,-1,-1,-1,-1,-1,-1,-1,537,410,363,1109,290,305,280,1,0,0,0,0,0,0,0,0,1,1,1,1,1,1,1
2026-07-03T20:05:46.656,tof2,4x4,side_left,3043,3265,-1,3340,-1,1465,2221,3472,1548,986,1546,-1,1057,817,-1,1059,1,1,0,1,1,1,1,1,1,1,1,1,1,1,1,1
2026-07-03T20:05:46.719,tof1,4x4,side_left,-1,-1,-1,-1,-1,-1,-1,-1,-1,549,413,363,-1,287,302,281,0,0,0,0,0,0,0,0,0,1,1,1,1,1,1,1
2026-07-03T20:05:47.075,tof1,4x4,side_left,-1,-1,-1,-1,-1,-1,443,-1,-1,525,410,363,-1,278,298,276,0,0,0,0,0,0,1,0,0,1,1,1,0,1,1,1
2026-07-03T20:05:47.141,tof2,4x4,side_left,2996,3248,-1,3283,-1,-1,2135,3483,1660,965,1604,-1,-1,823,-1,1049,1,1,0,1,0,1,1,1,1,1,1,0,1,1,1,1
2026-07-03T20:05:47.234,tof1,4x4,side_left,-1,-1,-1,-1,-1,450,-1,-1,-1,526,408,361,-1,290,300,280,0,0,0,0,0,1,0,0,0,1,1,1,0,1,1,1
2026-07-03T20:05:47.299,tof2,4x4,side_left,3018,3252,-1,3338,2184,-1,-1,3459,-1,971,1563,-1,1053,819,-1,1051,1,1,0,1,1,1,1,1,1,1,1,0,1,1,1,1
2026-07-03T20:05:47.397,tof1,4x4,side_left,-1,-1,-1,-1,-1,-1,-1,-1,-1,528,407,361,-1,288,305,278,0,0,0,0,0,0,0,0,0,1,1,1,0,1,1,1
2026-07-03T20:05:47.459,tof2,4x4,side_left,2970,3249,-1,3288,-1,1460,-1,3441,1532,965,1585,-1,1061,820,1085,1039,1,1,1,1,1,1,1,1,1,1,1,0,1,1,1,1
2026-07-03T20:05:47.544,tof1,4x4,side_left,-1,-1,-1,-1,-1,-1,-1,-1,-1,535,411,362,-1,290,300,275,0,0,0,0,0,0,0,0,0,1,1,1,1,1,1,1
2026-07-03T20:05:47.644,tof2,4x4,side_left,2982,3256,-1,3312,-1,1484,2194,3501,1583,986,1587,-1,-1,818,984,1051,1,1,0,1,1,1,1,1,1,1,1,1,1,1,1,1
2026-07-03T20:05:47.712,tof1,4x4,side_left,-1,-1,-1,-1,-1,-1,-1,-1,-1,531,410,361,-1,278,298,278,0,0,0,0,0,0,0,0,0,1,1,1,0,1,1,1
2026-07-03T20:05:47.812,tof2,4x4,side_left,2974,3262,-1,3323,-1,1462,2117,-1,1816,965,1579,-1,1065,812,964,1053,1,1,1,1,0,1,1,0,1,1,1,0,1,1,1,1
2026-07-03T20:05:47.871,tof1,4x4,side_left,-1,-1,-1,-1,-1,-1,442,-1,-1,523,411,360,-1,264,298,281,0,0,0,0,0,0,1,0,0,1,1,1,0,1,1,1
2026-07-03T20:05:48.027,tof1,4x4,side_left,-1,-1,-1,-1,-1,-1,440,-1,-1,537,408,361,-1,289,305,278,0,0,0,0,0,0,1,0,0,1,1,1,1,1,1,1
2026-07-03T20:05:47.972,tof2,4x4,side_left,-1,3257,-1,3287,-1,1467,-1,3481,1610,962,1638,-1,1056,814,953,1055,1,1,0,1,0,1,0,1,1,1,1,0,1,1,1,1
2026-07-03T20:05:48.232,tof2,4x4,side_left,3016,3264,-1,-1,2160,1437,-1,3489,1382,957,1585,-1,1056,819,956,1058,1,1,1,1,1,1,0,1,1,1,1,1,1,1,1,1
2026-07-03T20:05:48.322,tof1,4x4,side_left,-1,-1,-1,-1,-1,-1,445,-1,-1,545,409,363,-1,287,301,276,0,0,0,1,0,0,1,0,0,1,1,1,0,1,1,1
2026-07-03T20:05:48.400,tof2,4x4,side_left,3012,3260,-1,3296,-1,1484,-1,3444,-1,962,1574,-1,1071,817,-1,1032,1,1,0,1,1,1,0,1,1,1,1,1,1,1,1,1
2026-07-03T20:05:48.470,tof1,4x4,side_left,-1,-1,-1,-1,-1,-1,-1,-1,-1,538,410,362,-1,294,298,280,0,0,0,0,0,0,0,0,0,1,1,1,0,1,1,1
2026-07-03T20:05:48.587,tof2,4x4,side_left,3012,3264,-1,3323,-1,1499,2202,3453,1560,960,1599,1315,1059,821,-1,1046,1,1,0,1,0,1,1,1,1,1,1,1,1,1,1,1
2026-07-03T20:05:48.640,tof1,4x4,side_left,-1,-1,-1,-1,-1,-1,446,-1,-1,547,415,363,1104,289,298,282,0,0,0,0,0,0,1,0,0,1,1,1,1,1,1,1
2026-07-03T20:05:48.801,tof1,4x4,side_left,-1,-1,-1,-1,-1,-1,449,-1,-1,533,414,362,-1,294,302,280,0,0,0,0,0,0,1,0,0,1,1,1,0,1,1,1
2026-07-03T20:05:48.756,tof2,4x4,side_left,2952,3267,-1,3319,-1,1475,-1,3503,-1,971,1617,-1,1058,822,-1,1053,1,1,1,1,1,1,0,1,0,1,1,1,1,1,1,1
2026-07-03T20:05:48.979,tof1,4x4,side_left,-1,-1,-1,-1,-1,-1,-1,-1,-1,547,409,363,-1,292,305,281,1,0,0,1,0,0,0,0,0,1,1,1,0,1,1,1
2026-07-03T20:05:48.927,tof2,4x4,side_left,-1,3257,3354,3293,-1,1466,-1,3442,1657,962,1595,-1,1057,814,972,1052,1,1,1,1,0,1,0,1,1,1,1,0,1,1,1,1
2026-07-03T20:05:49.142,tof1,4x4,side_left,-1,-1,-1,-1,-1,-1,-1,-1,-1,540,412,363,-1,288,302,279,0,0,0,0,0,0,0,0,0,1,1,1,0,1,1,1
2026-07-03T20:05:49.086,tof2,4x4,side_left,2897,3252,-1,3295,2109,1458,-1,3469,1591,954,1563,-1,-1,822,974,1050,1,1,0,1,1,1,0,1,1,1,1,0,1,1,1,1
2026-07-03T20:05:49.248,tof2,4x4,side_left,3029,3258,-1,3335,-1,1495,2184,3433,1576,983,1634,-1,1069,826,-1,1045,1,1,1,1,0,1,1,1,1,1,1,0,1,1,1,1
2026-07-03T20:05:49.318,tof1,4x4,side_left,-1,-1,-1,-1,-1,-1,-1,-1,-1,536,413,364,-1,289,302,277,0,0,0,0,0,0,0,0,0,1,1,1,1,1,1,1
2026-07-03T20:05:49.406,tof2,4x4,side_left,-1,3255,-1,3278,-1,1466,2119,3437,1649,960,1437,-1,-1,816,966,1049,1,1,1,1,0,1,1,1,1,1,1,0,1,1,1,1
2026-07-03T20:05:49.487,tof1,4x4,side_left,-1,-1,-1,-1,-1,-1,-1,-1,-1,546,413,362,-1,288,297,278,0,0,0,1,0,0,0,0,0,1,1,1,0,1,1,1
2026-07-03T20:05:49.588,tof2,4x4,side_left,2952,3252,-1,3305,-1,1467,2166,3479,1756,968,1599,-1,-1,817,-1,1041,1,1,1,1,1,1,1,1,1,1,1,0,1,1,1,1
2026-07-03T20:05:49.647,tof1,4x4,side_left,-1,-1,-1,-1,-1,-1,442,374,-1,548,416,366,-1,283,302,279,0,0,0,0,0,0,1,1,0,1,1,1,0,1,1,1
2026-07-03T20:05:49.754,tof2,4x4,side_left,2964,3254,-1,-1,-1,1438,2183,3489,1697,942,1623,-1,1051,816,-1,1055,1,1,1,1,1,1,1,1,1,1,1,0,1,1,1,1
2026-07-03T20:05:49.804,tof1,4x4,side_left,-1,-1,-1,-1,-1,463,446,-1,-1,554,421,370,-1,298,301,277,0,0,0,0,0,1,1,0,0,1,1,1,0,1,1,1
2026-07-03T20:05:49.912,tof2,4x4,side_left,2989,3243,-1,3303,-1,1464,2131,-1,1626,972,1548,-1,1051,828,-1,1053,1,1,0,1,1,1,1,0,1,1,1,0,1,1,1,1
2026-07-03T20:05:49.983,tof1,4x4,side_left,-1,-1,-1,-1,-1,477,463,-1,-1,520,431,373,371,312,300,283,0,0,0,0,0,1,1,0,0,1,1,1,1,1,1,1
2026-07-03T20:05:50.100,tof2,4x4,side_left,3074,3255,-1,3300,-1,1500,2056,3531,-1,980,1523,-1,-1,823,-1,1047,1,1,1,1,0,1,1,1,1,1,1,0,1,1,1,1
2026-07-03T20:05:50.139,tof1,4x4,side_left,-1,-1,-1,-1,-1,470,453,390,-1,473,420,370,314,290,296,286,0,0,0,0,0,1,1,1,0,1,1,1,1,1,1,1
2026-07-03T20:05:50.313,tof1,4x4,side_left,-1,-1,-1,-1,-1,481,443,383,-1,453,418,363,307,288,295,282,0,0,0,0,0,1,1,1,0,1,1,1,1,1,1,1
2026-07-03T20:05:50.299,tof2,4x4,side_left,3019,3251,3261,3337,2119,1522,2157,3504,1465,976,1719,-1,1051,819,-1,1048,1,1,1,1,1,1,1,1,1,1,1,0,1,1,1,1
2026-07-03T20:05:50.491,tof1,4x4,side_left,-1,-1,-1,-1,-1,474,447,389,-1,451,418,362,303,284,295,278,1,0,0,0,0,1,1,1,0,1,1,1,1,1,1,1
2026-07-03T20:05:50.474,tof2,4x4,side_left,-1,3254,-1,3342,-1,1486,-1,3458,1542,980,1628,-1,-1,828,-1,1046,1,1,0,1,0,1,1,1,1,1,1,1,1,1,1,1
2026-07-03T20:05:50.647,tof1,4x4,side_left,-1,-1,-1,-1,-1,477,446,-1,-1,451,418,365,301,282,297,280,0,0,0,0,0,1,1,0,0,1,1,1,1,1,1,1
2026-07-03T20:05:50.623,tof2,4x4,side_left,-1,3252,-1,3337,2215,-1,2172,3044,1664,977,1572,-1,1075,821,-1,1052,1,1,1,1,1,1,1,1,1,1,1,0,1,1,1,1
2026-07-03T20:05:50.821,tof1,4x4,side_left,-1,-1,-1,-1,-1,472,445,-1,-1,457,417,365,302,286,294,280,0,0,0,0,0,1,1,0,0,1,1,1,1,1,1,1
2026-07-03T20:05:50.778,tof2,4x4,side_left,-1,3273,-1,3308,-1,-1,-1,3462,1633,954,1604,-1,-1,821,-1,1058,1,1,0,1,0,1,1,1,1,1,1,0,1,1,1,1
2026-07-03T20:05:50.946,tof2,4x4,side_left,2944,3255,-1,3319,-1,1488,2180,3495,1610,971,1626,-1,1061,811,-1,1055,1,1,1,1,0,1,1,1,1,1,1,0,1,1,1,1
2026-07-03T20:05:51.003,tof1,4x4,side_left,-1,-1,-1,-1,-1,472,450,-1,-1,462,421,360,306,293,298,282,0,0,0,0,0,1,1,0,0,1,1,1,1,1,1,1
2026-07-03T20:05:51.137,tof2,4x4,side_left,2972,3250,3372,3349,2077,1504,-1,3481,-1,957,1557,-1,1055,817,-1,1041,1,1,1,1,1,1,1,1,0,1,1,0,1,1,1,1
2026-07-03T20:05:51.156,tof1,4x4,side_left,-1,-1,-1,-1,-1,480,450,388,-1,468,420,365,308,292,299,279,0,0,0,0,0,1,1,1,0,1,1,1,1,1,1,1
2026-07-03T20:05:51.292,tof2,4x4,side_left,2936,3240,-1,3328,2163,1538,-1,3495,1660,951,1649,-1,1053,833,1048,1051,1,1,0,1,1,1,1,1,1,1,1,0,1,1,1,1
2026-07-03T20:05:51.342,tof1,4x4,side_left,-1,-1,-1,-1,-1,471,452,-1,-1,471,421,366,312,296,299,284,0,0,0,0,0,1,1,0,0,1,1,1,1,1,1,1
2026-07-03T20:05:51.453,tof2,4x4,side_left,3004,3264,-1,3340,2123,1506,-1,3457,1628,962,1645,-1,1069,824,974,1067,1,1,0,1,1,1,1,1,1,1,1,1,1,1,1,1
2026-07-03T20:05:51.518,tof1,4x4,side_left,-1,-1,-1,-1,-1,472,451,-1,-1,473,423,364,318,305,297,280,0,0,0,0,0,1,1,0,0,1,1,1,1,1,1,1
2026-07-03T20:05:51.611,tof2,4x4,side_left,3044,3265,-1,3310,-1,1473,-1,3441,-1,960,1568,-1,-1,818,960,1050,1,1,0,1,0,1,0,1,1,1,1,0,1,1,1,1
2026-07-03T20:05:51.678,tof1,4x4,side_left,-1,-1,-1,-1,-1,499,467,-1,-1,505,430,368,376,317,300,281,0,0,0,0,0,1,1,0,0,1,1,1,1,1,1,1
2026-07-03T20:05:51.795,tof2,4x4,side_left,3047,3260,-1,3317,-1,1484,2164,3453,1717,958,1631,-1,-1,816,-1,1043,1,1,0,1,0,1,1,1,1,1,1,0,1,1,1,1
2026-07-03T20:05:51.848,tof1,4x4,side_left,-1,-1,-1,-1,-1,-1,472,394,-1,536,435,370,-1,323,294,280,0,0,0,0,0,0,1,1,0,1,1,1,0,1,1,1
2026-07-03T20:05:52.016,tof1,4x4,side_left,-1,-1,-1,-1,-1,-1,464,399,-1,558,438,372,-1,295,291,279,1,0,0,0,0,0,1,1,0,1,1,1,0,1,1,1
2026-07-03T20:05:51.963,tof2,4x4,side_left,2941,3252,3308,3349,-1,1460,-1,3497,-1,962,1568,-1,-1,821,-1,1044,1,1,1,1,0,1,0,1,1,1,1,0,1,1,1,1
2026-07-03T20:05:52.144,tof2,4x4,side_left,3006,3260,-1,-1,-1,-1,-1,-1,1575,963,1625,-1,1065,812,-1,1053,1,1,0,1,0,0,0,1,1,1,1,0,1,1,1,1
2026-07-03T20:05:52.203,tof1,4x4,side_left,-1,-1,-1,-1,-1,-1,442,-1,-1,533,415,365,-1,298,294,280,0,0,0,0,0,0,1,0,0,1,1,1,0,1,1,1
2026-07-03T20:05:52.308,tof2,4x4,side_left,-1,3262,-1,3355,-1,-1,-1,3462,1605,955,1578,-1,1047,818,972,1057,1,1,0,1,0,0,1,1,1,1,1,0,1,1,1,1
2026-07-03T20:05:52.358,tof1,4x4,side_left,-1,-1,-1,-1,-1,-1,443,-1,-1,536,409,362,-1,296,297,279,0,0,0,0,0,0,1,0,0,1,1,1,0,1,1,1
2026-07-03T20:05:52.459,tof2,4x4,side_left,-1,3250,-1,3335,-1,-1,2152,3455,1600,963,1666,-1,1063,820,-1,1048,1,1,1,1,1,1,1,1,1,1,1,0,1,1,1,1
2026-07-03T20:05:52.731,tof1,4x4,side_left,-1,-1,-1,-1,-1,-1,442,-1,-1,530,410,363,-1,299,300,278,0,0,0,0,0,0,1,0,0,1,1,1,0,1,1,1
2026-07-03T20:05:52.728,tof2,4x4,side_left,3056,3260,-1,3315,-1,-1,2181,-1,-1,964,1605,-1,1059,825,960,1050,1,1,0,1,1,0,1,0,1,1,1,0,1,1,1,1
2026-07-03T20:05:52.926,tof1,4x4,side_left,-1,-1,-1,-1,-1,-1,-1,-1,-1,528,415,360,-1,312,301,279,0,0,0,0,0,0,0,0,0,1,1,1,0,1,1,1
2026-07-03T20:05:52.898,tof2,4x4,side_left,-1,3256,-1,3314,-1,-1,-1,3485,-1,955,1600,-1,1054,811,-1,1045,1,1,1,1,1,0,1,1,0,1,1,1,1,1,1,1
2026-07-03T20:05:53.080,tof1,4x4,side_left,-1,-1,-1,-1,-1,-1,452,-1,-1,545,413,363,-1,297,301,278,0,0,0,0,0,0,1,0,0,1,1,1,1,1,1,1
2026-07-03T20:05:53.067,tof2,4x4,side_left,3011,3257,-1,3308,-1,-1,-1,3405,1644,979,1559,-1,1074,828,-1,1055,1,1,1,1,0,0,1,1,1,1,1,0,1,1,1,1
2026-07-03T20:05:53.255,tof1,4x4,side_left,-1,-1,-1,-1,-1,-1,449,-1,-1,533,409,359,-1,312,301,278,0,0,0,0,0,0,1,0,0,1,1,1,0,1,1,1
2026-07-03T20:05:53.245,tof2,4x4,side_left,3026,3257,-1,3319,-1,-1,2127,3448,1655,997,1569,-1,1068,818,965,1050,1,1,1,1,0,0,1,1,1,1,1,0,1,1,1,1
2026-07-03T20:05:53.401,tof2,4x4,side_left,3038,3273,3311,3320,-1,-1,-1,3500,1728,986,1598,-1,1061,812,969,1054,1,1,1,1,1,0,1,1,1,1,1,0,1,1,1,1
2026-07-03T20:05:53.446,tof1,4x4,side_left,-1,-1,-1,-1,-1,446,440,-1,-1,521,410,361,-1,301,303,277,0,0,0,0,0,1,1,0,0,1,1,1,0,1,1,1
2026-07-03T20:05:53.571,tof2,4x4,side_left,3098,3257,-1,3298,-1,-1,2150,3461,1681,952,1606,-1,1064,810,-1,1060,1,1,1,1,0,0,1,1,1,1,1,1,1,1,1,1
2026-07-03T20:05:53.617,tof1,4x4,side_left,-1,-1,-1,-1,-1,-1,-1,-1,-1,532,408,359,-1,297,299,281,0,0,0,0,0,0,0,0,0,1,1,1,0,1,1,1
2026-07-03T20:05:53.723,tof2,4x4,side_left,3021,3260,-1,3294,-1,1504,2215,3390,1568,957,1594,-1,1068,819,951,1044,1,1,0,1,1,1,1,1,1,1,1,0,1,1,1,1
2026-07-03T20:05:53.779,tof1,4x4,side_left,-1,-1,-1,-1,-1,437,434,-1,-1,525,410,361,-1,315,300,276,1,0,0,0,0,1,1,0,0,1,1,1,0,1,1,1
2026-07-03T20:05:53.901,tof2,4x4,side_left,2936,3258,-1,3324,-1,1504,-1,3483,1559,963,1566,-1,1068,815,-1,1050,1,1,0,1,0,1,0,1,1,1,1,0,1,1,1,1
2026-07-03T20:05:53.950,tof1,4x4,side_left,-1,-1,-1,-1,-1,-1,-1,-1,-1,522,412,361,-1,294,301,280,0,0,0,1,0,0,0,0,0,1,1,1,0,1,1,1
2026-07-03T20:05:54.058,tof2,4x4,side_left,2997,3248,-1,3330,-1,1461,-1,3494,-1,974,1563,-1,1063,820,-1,1046,1,1,0,1,1,1,0,1,1,1,1,0,1,1,1,1
2026-07-03T20:05:54.107,tof1,4x4,side_left,-1,-1,-1,-1,-1,-1,-1,-1,-1,538,412,362,-1,312,299,281,0,0,0,0,0,0,0,0,0,1,1,1,0,1,1,1
2026-07-03T20:05:54.229,tof2,4x4,side_left,2969,3251,-1,3332,-1,1458,-1,3438,1604,944,1591,-1,1065,816,-1,1034,1,1,0,1,1,1,0,1,1,1,1,1,1,1,1,1
2026-07-03T20:05:54.273,tof1,4x4,side_left,-1,-1,-1,-1,-1,-1,-1,-1,-1,528,411,362,-1,297,305,279,0,0,0,0,0,0,0,0,0,1,1,1,0,1,1,1
2026-07-03T20:05:54.444,tof1,4x4,side_left,-1,-1,-1,-1,-1,-1,-1,-1,-1,537,412,364,-1,327,301,282,0,0,0,0,0,0,0,0,0,1,1,1,0,1,1,1
2026-07-03T20:05:54.403,tof2,4x4,side_left,3031,3258,-1,3352,2135,1487,2189,3503,1580,961,1541,-1,1065,824,-1,1049,1,1,0,1,1,1,1,1,1,1,1,0,1,1,1,1
2026-07-03T20:05:54.604,tof1,4x4,side_left,-1,-1,-1,-1,-1,-1,-1,-1,-1,534,411,362,-1,297,303,281,0,0,0,0,0,0,0,0,0,1,1,1,0,1,1,1
2026-07-03T20:05:54.565,tof2,4x4,side_left,3050,3267,-1,3301,2172,1454,2235,-1,1631,965,1587,-1,1052,816,1085,1046,1,1,1,1,1,1,1,0,1,1,1,1,1,1,1,1
2026-07-03T20:05:55.017,tof1,4x4,side_left,-1,-1,-1,-1,-1,-1,447,-1,-1,534,412,362,-1,287,300,277,0,0,0,0,0,0,1,0,0,1,1,1,0,1,1,1
2026-07-03T20:05:55.014,tof2,4x4,side_left,-1,3253,-1,3319,-1,1482,-1,3454,1587,983,1613,-1,1072,826,961,1059,1,1,1,1,0,1,0,1,1,1,1,0,1,1,1,1
2026-07-03T20:05:55.190,tof1,4x4,side_left,-1,-1,-1,-1,-1,-1,-1,-1,-1,528,413,360,-1,296,300,280,0,0,0,0,0,0,0,0,0,1,1,1,0,1,1,1
2026-07-03T20:05:55.182,tof2,4x4,side_left,3013,3253,-1,3308,2195,1475,2122,3462,1597,962,1552,-1,1058,815,1063,1053,1,1,0,1,1,1,1,1,1,1,1,0,1,1,1,1
2026-07-03T20:05:55.349,tof1,4x4,side_left,-1,-1,-1,-1,-1,-1,-1,-1,-1,528,417,361,-1,284,300,283,0,0,0,0,0,0,0,0,0,1,1,1,0,1,1,1
2026-07-03T20:05:55.340,tof2,4x4,side_left,3003,3268,-1,3353,-1,1490,2192,3450,1614,948,1574,-1,-1,818,-1,1041,1,1,0,1,1,1,1,1,1,1,1,0,1,1,1,1
2026-07-03T20:05:55.520,tof1,4x4,side_left,-1,-1,-1,-1,-1,-1,-1,-1,-1,528,415,363,-1,296,302,281,0,0,0,0,0,0,0,0,0,1,1,1,0,1,1,1
2026-07-03T20:05:55.496,tof2,4x4,side_left,3037,3263,-1,3298,-1,1491,2206,3488,1572,969,1571,-1,1057,817,-1,1063,1,1,1,1,1,1,1,1,1,1,1,0,1,1,1,1
2026-07-03T20:05:55.677,tof1,4x4,side_left,-1,-1,-1,-1,-1,-1,446,-1,-1,529,416,361,-1,285,301,275,1,0,0,0,0,0,1,0,0,1,1,1,0,1,1,1
2026-07-03T20:05:55.652,tof2,4x4,side_left,3037,3267,-1,3309,-1,1479,2181,3497,1477,957,1623,-1,1045,808,-1,1048,1,1,0,1,1,1,1,1,1,1,1,0,1,1,1,1
2026-07-03T20:05:55.833,tof1,4x4,side_left,-1,-1,-1,-1,-1,-1,-1,-1,-1,524,413,362,-1,296,298,278,0,0,0,0,0,0,0,0,0,1,1,1,0,1,1,1
2026-07-03T20:05:55.806,tof2,4x4,side_left,3021,3248,3358,3314,2125,1452,-1,3476,-1,974,1588,-1,1061,816,-1,1037,1,1,1,1,1,1,1,1,1,1,1,0,1,1,1,1
2026-07-03T20:05:55.979,tof1,4x4,side_left,-1,-1,-1,-1,-1,-1,445,-1,-1,530,410,362,1120,293,299,277,0,0,0,0,0,0,1,0,0,1,1,1,1,1,1,1
2026-07-03T20:05:55.965,tof2,4x4,side_left,3010,3243,-1,3322,-1,1485,-1,3544,1566,964,1575,-1,1057,825,975,1039,1,1,0,1,1,1,0,1,1,1,1,0,1,1,1,1
2026-07-03T20:05:56.146,tof1,4x4,side_left,-1,-1,-1,-1,-1,-1,-1,-1,-1,537,415,362,-1,292,306,280,0,0,0,0,0,0,0,0,0,1,1,1,0,1,1,1
2026-07-03T20:05:56.131,tof2,4x4,side_left,-1,3249,-1,3300,-1,1441,-1,3511,-1,960,1594,-1,1060,821,964,1043,1,1,0,1,0,1,0,1,1,1,1,0,1,1,1,1
2026-07-03T20:05:56.319,tof1,4x4,side_left,-1,-1,-1,-1,-1,438,447,-1,-1,522,410,362,-1,284,303,279,0,0,0,0,0,1,1,0,0,1,1,1,0,1,1,1
2026-07-03T20:05:56.312,tof2,4x4,side_left,3004,3255,-1,3308,-1,1507,-1,-1,1721,963,1646,-1,1064,813,-1,1053,1,1,0,1,0,1,0,0,1,1,1,0,1,1,1,1
2026-07-03T20:05:56.491,tof1,4x4,side_left,-1,-1,-1,-1,-1,-1,445,-1,-1,527,410,361,-1,284,302,281,0,0,0,0,0,0,1,0,0,1,1,1,0,1,1,1
2026-07-03T20:05:56.482,tof2,4x4,side_left,-1,3260,-1,3320,-1,1450,-1,3513,1601,954,1614,-1,1067,810,-1,1049,1,1,1,1,0,1,1,1,1,1,1,0,1,1,1,1
2026-07-03T20:05:56.653,tof1,4x4,side_left,-1,-1,-1,-1,-1,-1,-1,-1,-1,-1,409,364,-1,294,302,279,0,0,0,0,0,0,0,0,0,1,1,1,0,1,1,1
2026-07-03T20:05:56.655,tof2,4x4,side_left,2983,3258,-1,3322,-1,1493,2161,3430,1642,958,1605,-1,-1,825,965,1044,1,1,1,1,0,1,1,1,1,1,1,0,1,1,1,1
2026-07-03T20:05:56.815,tof1,4x4,side_left,-1,-1,-1,-1,-1,-1,-1,-1,-1,522,410,360,-1,297,305,282,0,0,0,0,0,0,0,0,0,1,1,1,0,1,1,1
2026-07-03T20:05:56.823,tof2,4x4,side_left,2974,3255,-1,3330,2169,1465,-1,3498,-1,955,1608,-1,1060,823,-1,1059,1,1,1,1,1,1,1,1,1,1,1,0,1,1,1,1
2026-07-03T20:05:56.960,tof1,4x4,side_left,-1,-1,-1,-1,-1,-1,-1,-1,-1,523,408,359,-1,296,305,277,0,0,0,0,0,0,0,0,0,1,1,1,0,1,1,1
2026-07-03T20:05:56.997,tof2,4x4,side_left,3013,3257,-1,3315,-1,1501,2192,3479,1636,971,1607,-1,1061,810,-1,1048,1,1,0,1,1,1,1,1,1,1,1,0,1,1,1,1
2026-07-03T20:05:57.107,tof1,4x4,side_left,-1,-1,-1,-1,-1,-1,-1,-1,-1,523,409,361,-1,299,303,276,0,0,0,0,0,0,0,0,0,1,1,1,1,1,1,1
2026-07-03T20:05:57.168,tof2,4x4,side_left,3018,3252,3292,3312,-1,1482,2180,3495,1654,968,1586,-1,1063,813,-1,1055,1,1,1,1,0,1,1,1,1,1,1,1,1,1,1,1
2026-07-03T20:05:57.273,tof1,4x4,side_left,-1,-1,-1,-1,-1,-1,-1,-1,-1,515,409,358,-1,299,307,284,0,0,0,0,0,0,0,0,0,1,1,1,0,1,1,1
2026-07-03T20:05:57.337,tof2,4x4,side_left,3017,3263,-1,3310,-1,1496,-1,3521,-1,973,1628,-1,1057,818,947,1029,1,1,0,1,0,1,0,1,1,1,1,0,1,1,1,1
2026-07-03T20:05:57.428,tof1,4x4,side_left,-1,-1,-1,-1,-1,-1,451,-1,-1,524,411,360,-1,287,302,282,1,0,0,0,0,0,1,0,0,1,1,1,0,1,1,1
2026-07-03T20:05:57.494,tof2,4x4,side_left,2976,3258,-1,3326,-1,1492,-1,3429,1720,977,1576,-1,1057,822,-1,1050,1,1,0,1,0,1,0,1,1,1,1,0,1,1,1,1
2026-07-03T20:05:57.582,tof1,4x4,side_left,-1,-1,-1,-1,-1,-1,-1,-1,-1,525,411,361,-1,282,299,279,0,0,0,0,0,0,0,0,0,1,1,1,0,1,1,1
2026-07-03T20:05:57.645,tof2,4x4,side_left,2977,3268,-1,3313,-1,1501,2196,3508,1523,961,1645,-1,1056,819,982,1041,1,1,0,1,0,1,1,1,1,1,1,0,1,1,1,1
2026-07-03T20:05:57.743,tof1,4x4,side_left,-1,-1,-1,-1,-1,434,433,-1,-1,523,410,363,424,285,303,281,1,0,0,0,0,1,1,0,0,1,1,1,1,1,1,1
2026-07-03T20:05:57.803,tof2,4x4,side_left,2997,3265,-1,3300,-1,1470,-1,3448,-1,957,1593,-1,1070,822,1062,1047,1,1,0,1,1,1,1,1,1,1,1,0,1,1,1,1
2026-07-03T20:05:57.910,tof1,4x4,side_left,-1,-1,-1,-1,-1,-1,-1,-1,-1,524,411,362,-1,287,294,279,0,0,0,0,0,0,0,0,0,1,1,1,0,1,1,1
2026-07-03T20:05:57.962,tof2,4x4,side_left,3098,3255,3325,3335,-1,1444,-1,3523,1559,963,1607,-1,-1,811,-1,1035,1,1,1,1,1,1,0,1,1,1,1,0,1,1,1,1
2026-07-03T20:05:58.065,tof1,4x4,side_left,-1,-1,-1,-1,-1,-1,-1,-1,-1,526,411,365,-1,284,303,283,0,0,0,0,0,0,0,0,0,1,1,1,0,1,1,1
2026-07-03T20:05:58.131,tof2,4x4,side_left,2986,3250,-1,3321,-1,1466,-1,3467,1696,963,1594,-1,1065,811,-1,1044,1,1,0,1,0,1,1,1,1,1,1,0,1,1,1,1
2026-07-03T20:05:58.227,tof1,4x4,side_left,-1,-1,-1,-1,-1,-1,-1,-1,-1,528,416,361,-1,293,298,282,1,0,0,0,0,0,0,0,0,1,1,1,0,1,1,1
2026-07-03T20:05:58.290,tof2,4x4,side_left,3096,3260,-1,3337,-1,1469,2205,3497,1660,961,1618,-1,1061,818,-1,1044,1,1,1,1,1,1,1,1,1,1,1,0,1,1,1,1
2026-07-03T20:05:58.390,tof1,4x4,side_left,-1,-1,-1,-1,-1,-1,442,-1,-1,528,414,362,-1,282,301,277,0,0,0,0,0,0,1,0,0,1,1,1,0,1,1,1
2026-07-03T20:05:58.457,tof2,4x4,side_left,-1,3266,-1,3325,-1,1500,-1,3538,-1,953,1573,-1,1067,824,-1,1054,0,1,1,1,1,1,1,1,1,1,1,1,1,1,1,1
2026-07-03T20:05:58.565,tof1,4x4,side_left,-1,-1,-1,-1,-1,-1,452,-1,-1,523,411,361,-1,285,303,281,0,0,0,1,0,0,1,0,0,1,1,1,1,1,1,1
2026-07-03T20:05:58.624,tof2,4x4,side_left,2995,3252,-1,-1,-1,1474,2216,3015,-1,967,1516,-1,1064,819,968,1044,1,1,1,1,0,1,1,1,1,1,1,0,1,1,1,1
2026-07-03T20:05:58.719,tof1,4x4,side_left,-1,-1,-1,-1,-1,-1,-1,-1,-1,526,411,363,-1,288,303,283,1,0,0,0,0,0,0,0,0,1,1,1,0,1,1,1
2026-07-03T20:05:58.779,tof2,4x4,side_left,-1,3251,-1,3316,-1,1430,-1,3534,-1,971,1582,-1,1054,822,954,1053,1,1,0,1,1,1,1,1,0,1,1,0,1,1,1,1
2026-07-03T20:05:58.896,tof1,4x4,side_left,-1,-1,-1,-1,-1,-1,-1,-1,-1,537,414,362,-1,291,301,279,1,0,0,0,0,0,0,0,0,1,1,1,0,1,1,1
2026-07-03T20:05:58.936,tof2,4x4,side_left,2981,3261,-1,3316,-1,1489,2161,3502,1687,964,1616,-1,-1,824,971,1044,1,1,0,1,0,1,1,1,1,1,1,0,1,1,1,1
2026-07-03T20:05:59.079,tof1,4x4,side_left,-1,-1,-1,-1,-1,-1,442,-1,-1,525,411,361,-1,292,303,280,0,0,0,0,0,0,1,0,0,1,1,1,0,1,1,1
2026-07-03T20:05:59.102,tof2,4x4,side_left,2995,3268,-1,3312,2101,1434,2142,3540,-1,965,1577,-1,1068,806,-1,1056,1,1,1,1,1,1,1,1,0,1,1,0,1,1,1,1
2026-07-03T20:05:59.234,tof1,4x4,side_left,-1,-1,-1,-1,-1,-1,-1,-1,-1,525,413,363,-1,277,298,279,0,0,0,0,0,0,0,0,0,1,1,1,0,1,1,1
2026-07-03T20:05:59.257,tof2,4x4,side_left,2929,3255,-1,3291,-1,1492,2186,3455,-1,965,1540,-1,1077,825,946,1056,1,1,0,1,0,1,1,1,1,1,1,0,1,1,1,1
2026-07-03T20:05:59.413,tof1,4x4,side_left,-1,-1,-1,-1,-1,-1,-1,-1,-1,534,414,363,-1,293,303,276,0,0,0,0,0,0,0,0,0,1,1,1,0,1,1,1
2026-07-03T20:05:59.426,tof2,4x4,side_left,3030,3251,-1,3322,-1,1467,2193,3477,-1,966,1597,-1,1062,820,-1,1054,1,1,1,1,0,1,1,1,0,1,1,0,1,1,1,1
2026-07-03T20:05:59.596,tof1,4x4,side_left,-1,-1,-1,-1,-1,-1,-1,-1,-1,528,410,363,-1,284,301,278,0,0,0,0,0,0,0,0,0,1,1,1,0,1,1,1
2026-07-03T20:05:59.600,tof2,4x4,side_left,2979,3252,-1,3325,-1,1455,2206,3463,1583,977,1565,-1,1059,819,-1,1048,1,1,1,1,1,1,1,1,1,1,1,0,1,1,1,1
2026-07-03T20:05:59.757,tof1,4x4,side_left,-1,-1,-1,-1,-1,-1,-1,-1,-1,520,413,361,-1,295,302,278,0,0,0,0,0,0,0,0,0,1,1,1,0,1,1,1
2026-07-03T20:05:59.770,tof2,4x4,side_left,2972,3261,-1,3313,-1,1477,-1,3437,1639,995,1584,-1,1062,829,-1,1053,1,1,0,1,0,1,0,1,1,1,1,0,1,1,1,1
2026-07-03T20:05:59.929,tof1,4x4,side_left,-1,-1,-1,-1,-1,-1,-1,-1,-1,521,409,360,-1,308,304,279,0,0,0,0,0,0,0,0,0,1,1,1,0,1,1,1
2026-07-03T20:05:59.955,tof2,4x4,side_left,3013,3265,-1,3317,-1,1448,2203,3487,1555,966,1613,-1,1050,826,979,1045,1,1,1,1,1,1,1,1,1,1,1,0,1,1,1,1
2026-07-03T20:06:00.643,tof1,4x4,side_left,-1,-1,-1,-1,-1,425,443,-1,-1,529,407,362,1048,297,303,277,0,0,0,0,0,1,1,0,0,1,1,1,1,1,1,1
2026-07-03T20:06:00.612,tof2,4x4,side_left,-1,3260,-1,3317,2109,1435,2207,3538,1727,970,1598,-1,1061,816,-1,1048,1,1,0,1,1,1,1,1,1,1,1,0,1,1,1,1
2026-07-03T20:06:00.817,tof1,4x4,side_left,-1,-1,-1,-1,-1,-1,443,-1,-1,527,409,360,-1,285,305,277,0,0,0,0,0,0,1,0,0,1,1,1,0,1,1,1
2026-07-03T20:06:00.778,tof2,4x4,side_left,2984,3252,-1,3315,-1,1464,-1,3476,1636,955,1629,-1,1057,836,-1,1052,1,1,0,1,1,1,1,1,1,1,1,0,1,1,1,1
2026-07-03T20:06:00.930,tof2,4x4,side_left,2976,3254,-1,3322,-1,1489,-1,3486,1656,986,1545,-1,1043,815,-1,1036,1,1,0,1,1,1,0,1,1,1,1,0,1,1,1,1
2026-07-03T20:06:00.979,tof1,4x4,side_left,-1,-1,-1,-1,-1,-1,446,-1,-1,535,412,361,-1,290,299,280,0,0,0,0,0,0,1,0,0,1,1,1,0,1,1,1
2026-07-03T20:06:01.149,tof1,4x4,side_left,-1,-1,-1,-1,-1,-1,-1,-1,-1,516,410,359,-1,324,303,279,0,0,0,0,0,0,0,0,0,1,1,1,0,1,1,1
2026-07-03T20:06:01.119,tof2,4x4,side_left,2983,3256,-1,3303,-1,1476,-1,3464,-1,976,1585,-1,1055,806,-1,1028,1,1,0,1,0,1,0,1,0,1,1,0,1,1,1,1
2026-07-03T20:06:01.304,tof1,4x4,side_left,-1,-1,-1,-1,-1,-1,-1,-1,-1,528,412,361,1098,297,317,280,0,0,0,0,0,0,0,0,0,1,1,1,1,1,1,1
2026-07-03T20:06:01.284,tof2,4x4,side_left,-1,3248,-1,3301,2129,1480,-1,3514,1569,965,1571,-1,1065,817,-1,1053,1,1,0,1,1,1,0,1,1,1,1,0,1,1,1,1
2026-07-03T20:06:01.469,tof1,4x4,side_left,-1,-1,-1,-1,-1,-1,454,-1,-1,530,408,363,-1,280,302,280,0,0,0,1,0,0,1,0,0,1,1,1,0,1,1,1
2026-07-03T20:06:01.444,tof2,4x4,side_left,3077,3255,-1,3330,-1,1448,-1,3580,-1,959,1566,-1,-1,825,949,1052,1,1,0,1,0,1,0,1,1,1,1,0,1,1,1,1
2026-07-03T20:06:01.616,tof2,4x4,side_left,3077,3259,-1,3347,-1,1469,-1,3456,1697,958,1615,-1,1057,823,960,1044,1,1,0,1,0,1,0,1,1,1,1,0,1,1,1,1
2026-07-03T20:06:01.663,tof1,4x4,side_left,-1,-1,-1,-1,-1,-1,447,-1,-1,518,411,361,-1,286,299,274,0,0,0,0,0,0,1,0,0,1,1,1,0,1,1,1
2026-07-03T20:06:01.817,tof1,4x4,side_left,-1,-1,-1,-1,-1,-1,463,-1,-1,531,410,364,-1,285,299,277,0,0,0,1,0,0,1,0,0,1,1,1,0,1,1,1
2026-07-03T20:06:01.778,tof2,4x4,side_left,2937,3267,-1,3274,-1,-1,-1,-1,1660,966,1570,-1,-1,819,-1,1044,1,1,0,1,0,0,0,0,1,1,1,0,1,1,1,1
2026-07-03T20:06:01.940,tof2,4x4,side_left,3060,3259,-1,3335,-1,-1,-1,3456,1452,952,1575,-1,1059,817,-1,1060,1,1,0,1,1,1,0,1,1,1,1,0,1,1,1,1
2026-07-03T20:06:01.986,tof1,4x4,side_left,-1,-1,-1,-1,-1,-1,458,-1,-1,528,411,361,-1,289,300,281,0,0,0,1,0,0,1,0,0,1,1,1,0,1,1,1
2026-07-03T20:06:02.101,tof2,4x4,side_left,2976,3260,-1,3317,-1,-1,-1,3465,1622,987,1604,-1,1059,818,974,1059,1,1,0,1,0,1,0,1,1,1,1,0,1,1,1,1
2026-07-03T20:06:02.177,tof1,4x4,side_left,-1,-1,-1,-1,-1,-1,457,-1,-1,525,411,363,-1,285,299,276,0,0,0,0,0,0,1,0,0,1,1,1,0,1,1,1
2026-07-03T20:06:02.261,tof2,4x4,side_left,2975,3248,-1,3331,2098,-1,-1,3475,1689,936,1657,-1,1068,818,-1,1053,1,1,0,1,1,0,0,1,1,1,1,0,1,1,1,1
2026-07-03T20:06:02.351,tof1,4x4,side_left,-1,-1,-1,-1,-1,-1,-1,-1,-1,533,411,363,-1,287,302,278,0,0,0,0,0,0,0,0,0,1,1,1,0,1,1,1
2026-07-03T20:06:02.420,tof2,4x4,side_left,3022,3253,-1,3313,-1,-1,-1,-1,1602,976,1636,-1,1058,813,-1,1049,1,1,0,1,0,0,0,0,1,1,1,0,1,1,1,1
2026-07-03T20:06:02.508,tof1,4x4,side_left,-1,-1,-1,-1,-1,-1,-1,-1,-1,536,414,362,-1,329,302,284,1,0,0,0,0,0,0,0,0,1,1,1,1,1,1,1
2026-07-03T20:06:02.658,tof2,4x4,side_left,-1,3265,-1,3349,-1,-1,-1,3492,1610,934,1597,-1,1065,815,959,1056,1,1,0,1,0,0,0,1,1,1,1,0,1,1,1,1
2026-07-03T20:06:02.689,tof1,4x4,side_left,-1,-1,-1,-1,-1,-1,448,-1,-1,527,414,361,-1,292,301,280,0,0,0,0,0,0,1,0,0,1,1,1,1,1,1,1
2026-07-03T20:06:02.838,tof2,4x4,side_left,2985,3251,-1,3319,-1,-1,-1,3482,1547,977,1619,-1,1059,816,964,1063,1,1,0,1,0,0,0,1,1,1,1,0,1,1,1,1
2026-07-03T20:06:02.853,tof1,4x4,side_left,-1,-1,-1,-1,-1,-1,-1,-1,-1,523,412,363,-1,290,304,282,0,0,0,0,0,0,0,0,0,1,1,1,0,1,1,1
2026-07-03T20:06:03.024,tof1,4x4,side_left,-1,-1,-1,-1,-1,-1,448,-1,-1,529,409,363,-1,299,305,278,0,0,0,0,0,0,1,0,0,1,1,1,0,1,1,1
2026-07-03T20:06:02.996,tof2,4x4,side_left,3007,3263,-1,3328,-1,-1,2219,3446,-1,966,1587,-1,1062,815,-1,1044,1,1,0,1,0,1,1,1,0,1,1,0,1,1,1,1
2026-07-03T20:06:03.182,tof1,4x4,side_left,-1,-1,-1,-1,-1,-1,-1,-1,-1,530,411,363,-1,293,301,279,0,0,0,1,0,0,0,0,0,1,1,1,0,1,1,1
2026-07-03T20:06:03.165,tof2,4x4,side_left,3080,3258,-1,3315,-1,-1,-1,3520,1625,952,1583,-1,1072,816,-1,1046,1,1,0,1,1,0,1,1,1,1,1,0,1,1,1,1
2026-07-03T20:06:03.337,tof1,4x4,side_left,-1,-1,-1,-1,-1,-1,-1,-1,-1,530,409,361,-1,310,305,279,0,0,0,0,0,0,0,0,0,1,1,1,0,1,1,1
2026-07-03T20:06:03.327,tof2,4x4,side_left,2935,3252,-1,3291,-1,-1,-1,3538,1367,973,1606,-1,-1,809,-1,1050,1,1,0,1,1,0,0,1,1,1,1,0,1,1,1,1
2026-07-03T20:06:03.519,tof1,4x4,side_left,-1,-1,-1,-1,-1,-1,448,-1,-1,523,413,362,-1,285,303,279,0,1,0,0,0,0,1,0,0,1,1,1,1,1,1,1
2026-07-03T20:06:03.480,tof2,4x4,side_left,3012,3252,-1,3318,-1,-1,2165,-1,-1,952,1612,-1,1063,823,-1,1053,1,1,0,1,0,0,1,0,1,1,1,0,1,1,1,1
2026-07-03T20:06:03.683,tof1,4x4,side_left,-1,-1,-1,-1,-1,-1,-1,-1,-1,535,411,360,-1,310,300,281,0,1,0,0,0,0,0,0,0,1,1,1,0,1,1,1
2026-07-03T20:06:03.647,tof2,4x4,side_left,2946,3265,-1,3303,-1,-1,-1,3539,1666,953,1607,-1,1070,815,1048,1055,1,1,0,1,0,0,0,1,1,1,1,0,1,1,1,1
2026-07-03T20:06:03.815,tof2,4x4,side_left,3035,3250,-1,3329,-1,-1,-1,-1,1562,955,1612,-1,1074,823,-1,1057,1,1,0,1,0,0,0,1,1,1,1,0,1,1,1,1
2026-07-03T20:06:03.853,tof1,4x4,side_left,-1,-1,-1,-1,-1,-1,-1,-1,-1,520,410,360,-1,293,300,283,0,0,0,0,0,0,0,0,0,1,1,1,0,1,1,1
2026-07-03T20:06:03.986,tof2,4x4,side_left,3055,3250,-1,3297,-1,-1,-1,3507,1675,966,1604,-1,1055,820,964,1046,1,1,0,1,0,1,0,1,1,1,1,0,1,1,1,1
2026-07-03T20:06:04.025,tof1,4x4,side_left,-1,-1,-1,-1,-1,-1,-1,-1,-1,524,410,360,-1,297,305,279,0,0,0,0,0,0,0,0,0,1,1,1,0,1,1,1
2026-07-03T20:06:04.177,tof1,4x4,side_left,-1,-1,-1,-1,-1,-1,-1,-1,-1,532,407,360,-1,290,305,274,1,0,0,0,0,0,0,0,0,1,1,1,1,1,1,1
2026-07-03T20:06:04.153,tof2,4x4,side_left,2993,3250,-1,3302,-1,1506,-1,3511,1317,953,1598,-1,1067,815,1029,1042,1,1,1,1,1,1,0,1,1,1,1,0,1,1,1,1
2026-07-03T20:06:04.304,tof2,4x4,side_left,2989,3256,-1,3281,-1,1445,-1,-1,-1,969,1592,-1,1058,819,-1,1040,1,1,1,1,0,1,1,0,1,1,1,0,1,1,1,1
2026-07-03T20:06:04.364,tof1,4x4,side_left,-1,-1,-1,-1,-1,440,444,-1,-1,521,405,361,-1,289,302,274,0,0,0,0,0,1,1,0,0,1,1,1,0,1,1,1
2026-07-03T20:06:04.471,tof2,4x4,side_left,2958,3253,-1,3308,-1,1467,-1,3473,1557,960,1588,-1,-1,815,-1,1047,1,1,1,1,1,1,1,1,1,1,1,0,1,1,1,1
2026-07-03T20:06:04.543,tof1,4x4,side_left,-1,-1,-1,-1,-1,-1,-1,-1,-1,527,407,362,-1,291,303,280,1,0,0,0,0,0,0,0,0,1,1,1,0,1,1,1
2026-07-03T20:06:04.631,tof2,4x4,side_left,2908,3253,-1,3320,-1,1472,-1,3490,-1,978,1634,-1,1044,820,-1,1042,1,1,0,1,0,1,1,1,1,1,1,1,1,1,1,1
2026-07-03T20:06:04.709,tof1,4x4,side_left,-1,-1,-1,-1,-1,-1,448,-1,-1,526,407,360,-1,297,304,279,0,0,0,0,0,0,1,0,0,1,1,1,0,1,1,1
2026-07-03T20:06:04.802,tof2,4x4,side_left,2992,3259,-1,3332,-1,1482,-1,3489,1555,982,1562,-1,-1,818,963,1060,1,1,0,1,0,1,1,1,1,1,1,0,1,1,1,1
2026-07-03T20:06:04.867,tof1,4x4,side_left,3380,-1,-1,-1,-1,-1,-1,-1,-1,531,412,362,-1,294,303,277,1,0,0,0,0,0,0,0,0,1,1,1,1,1,1,1
2026-07-03T20:06:04.963,tof2,4x4,side_left,-1,3270,3334,3336,-1,1480,-1,3468,-1,969,1619,-1,1060,822,946,1040,1,1,1,1,1,1,1,1,1,1,1,0,1,1,1,1
2026-07-03T20:06:05.037,tof1,4x4,side_left,-1,-1,-1,-1,-1,-1,-1,-1,-1,524,411,364,-1,298,302,278,0,0,0,0,0,0,0,0,0,1,1,1,0,1,1,1
2026-07-03T20:06:05.140,tof2,4x4,side_left,2978,3265,3292,3317,2083,1475,-1,3375,1553,953,1551,-1,1071,816,-1,1054,1,1,1,1,1,1,0,1,1,1,1,0,1,1,1,1
2026-07-03T20:06:05.225,tof1,4x4,side_left,-1,-1,-1,-1,-1,-1,452,-1,-1,528,410,362,-1,297,298,280,0,0,0,0,0,0,1,0,0,1,1,1,0,1,1,1
2026-07-03T20:06:05.292,tof2,4x4,side_left,3004,3253,-1,3330,-1,1465,2160,-1,1526,961,1615,-1,-1,818,-1,1050,1,1,0,1,1,1,1,0,1,1,1,0,1,1,1,1
2026-07-03T20:06:05.382,tof1,4x4,side_left,-1,-1,-1,-1,-1,-1,448,-1,-1,530,409,361,-1,293,301,278,0,0,0,0,0,0,1,0,0,1,1,1,0,1,1,1
2026-07-03T20:06:05.450,tof2,4x4,side_left,3008,3257,-1,3312,-1,1468,-1,3443,1613,965,1599,-1,-1,821,974,1054,1,1,1,1,0,1,0,1,1,1,1,0,1,1,1,1
2026-07-03T20:06:05.542,tof1,4x4,side_left,-1,-1,-1,-1,-1,-1,-1,-1,-1,531,412,360,-1,300,304,279,1,0,0,0,0,0,0,0,0,1,1,1,0,1,1,1
2026-07-03T20:06:05.606,tof2,4x4,side_left,3006,3255,-1,3295,-1,1483,2105,3467,1692,960,1609,-1,1059,815,-1,1048,1,1,0,1,1,1,1,1,1,1,1,0,1,1,1,1
2026-07-03T20:06:06.673,tof1,4x4,side_left,-1,-1,-1,-1,-1,-1,449,-1,-1,538,411,362,-1,295,309,277,0,0,0,0,0,0,1,0,0,1,1,1,0,1,1,1
2026-07-03T20:06:06.715,tof2,4x4,side_left,2971,3250,-1,3306,-1,1480,-1,3462,1578,951,1617,-1,1064,819,-1,1060,1,1,0,1,0,1,0,1,1,1,1,0,1,1,1,1
2026-07-03T20:06:06.838,tof1,4x4,side_left,-1,-1,-1,-1,-1,-1,-1,-1,-1,528,413,361,-1,294,305,280,0,0,0,0,0,0,0,0,0,1,1,1,0,1,1,1
2026-07-03T20:06:06.909,tof2,4x4,side_left,3037,3258,3305,3340,2107,1483,2169,3454,-1,982,1568,-1,1053,821,978,1043,1,1,1,1,1,1,1,1,1,1,1,0,1,1,1,1
2026-07-03T20:06:06.994,tof1,4x4,side_left,-1,-1,-1,-1,-1,-1,-1,-1,-1,522,412,360,-1,299,305,277,0,0,0,1,0,0,0,0,0,1,1,1,0,1,1,1
2026-07-03T20:06:07.065,tof2,4x4,side_left,3044,3255,-1,3328,2098,1452,-1,3457,1773,983,1623,-1,-1,822,-1,1044,1,1,1,1,1,1,1,1,1,1,1,1,1,1,1,1
2026-07-03T20:06:07.163,tof1,4x4,side_left,-1,-1,-1,-1,-1,-1,441,-1,-1,531,411,362,-1,297,300,276,0,0,0,0,0,0,1,0,0,1,1,1,0,1,1,1
2026-07-03T20:06:07.225,tof2,4x4,side_left,3010,3259,-1,3336,-1,1492,2101,-1,1619,952,1586,-1,1063,819,-1,1035,1,1,0,1,0,1,1,0,1,1,1,0,1,1,1,1
2026-07-03T20:06:07.336,tof1,4x4,side_left,-1,-1,-1,-1,-1,-1,447,-1,-1,524,413,361,-1,301,301,279,0,0,0,0,0,0,1,0,0,1,1,1,0,1,1,1
2026-07-03T20:06:07.402,tof2,4x4,side_left,3065,3254,-1,3321,-1,1488,-1,3401,1612,964,1572,-1,-1,820,-1,1040,1,1,0,1,1,1,0,1,1,1,1,1,1,1,1,1
2026-07-03T20:06:07.513,tof1,4x4,side_left,-1,-1,-1,-1,-1,-1,-1,-1,-1,535,409,363,-1,311,305,275,0,0,0,0,0,0,0,0,0,1,1,1,0,1,1,1
2026-07-03T20:06:07.565,tof2,4x4,side_left,2998,3249,-1,3327,-1,1483,2120,-1,1686,949,1617,-1,1052,820,965,1040,1,1,0,1,0,1,1,0,1,1,1,1,1,1,1,1
2026-07-03T20:06:07.680,tof1,4x4,side_left,-1,-1,-1,-1,-1,-1,-1,-1,-1,529,413,362,1138,290,303,281,0,0,0,0,0,0,0,0,0,1,1,1,1,1,1,1
2026-07-03T20:06:07.741,tof2,4x4,side_left,-1,3259,-1,3322,2028,1460,2193,3449,1566,962,1591,-1,1061,823,-1,1047,0,1,1,1,1,1,1,1,1,1,1,0,1,1,1,1
2026-07-03T20:06:07.882,tof1,4x4,side_left,-1,-1,-1,-1,-1,-1,447,-1,-1,522,409,363,-1,298,305,279,0,0,0,0,0,0,1,0,0,1,1,1,0,1,1,1
2026-07-03T20:06:07.892,tof2,4x4,side_left,3056,3238,-1,3287,-1,1468,-1,3455,-1,964,1548,-1,1054,830,-1,1046,1,1,0,1,1,1,0,1,1,1,1,0,1,1,1,1
2026-07-03T20:06:08.153,tof1,4x4,side_left,-1,-1,-1,-1,-1,-1,-1,-1,-1,526,411,362,-1,293,302,282,0,0,0,0,0,0,0,0,0,1,1,1,0,1,1,1
2026-07-03T20:06:08.405,tof1,4x4,side_left,-1,-1,-1,-1,-1,-1,-1,-1,-1,524,410,362,1045,293,302,278,0,0,0,0,0,0,0,0,0,1,1,1,1,1,1,1
2026-07-03T20:06:08.394,tof2,4x4,side_left,2951,3258,3329,3296,-1,-1,2158,3472,1653,969,1613,-1,-1,817,-1,1046,1,1,1,1,0,1,1,1,1,1,1,0,1,1,1,1
2026-07-03T20:06:08.570,tof1,4x4,side_left,-1,-1,-1,-1,-1,-1,-1,-1,-1,521,407,359,-1,296,302,276,0,0,0,0,0,0,0,0,0,1,1,1,0,1,1,1
2026-07-03T20:06:08.608,tof2,4x4,side_left,3029,3253,3343,3321,2151,1442,-1,3502,-1,962,1596,1350,1051,818,-1,1048,1,1,1,1,1,1,0,1,1,1,1,1,1,1,1,1
2026-07-03T20:06:08.768,tof1,4x4,side_left,-1,-1,-1,-1,-1,-1,-1,-1,-1,527,409,360,1049,299,299,278,1,0,0,0,0,0,0,0,0,1,1,1,1,1,1,1
2026-07-03T20:06:08.783,tof2,4x4,side_left,2966,3261,3387,3325,-1,1509,-1,3430,-1,968,1597,-1,1063,820,976,1042,1,1,1,1,0,1,0,1,0,1,1,0,1,1,1,1
2026-07-03T20:06:08.973,tof1,4x4,side_left,-1,-1,-1,-1,-1,-1,-1,-1,-1,520,409,359,1061,294,304,277,0,0,0,0,0,0,0,0,0,1,1,1,1,1,1,1
2026-07-03T20:06:08.943,tof2,4x4,side_left,3047,3264,-1,3275,-1,1456,2212,3542,-1,985,1637,-1,1072,825,-1,1050,1,1,0,1,0,1,1,1,0,1,1,0,1,1,1,1
2026-07-03T20:06:09.136,tof1,4x4,side_left,-1,-1,-1,-1,-1,-1,-1,-1,-1,530,412,361,-1,306,303,280,0,0,0,0,0,0,0,0,0,1,1,1,1,1,1,1
2026-07-03T20:06:09.118,tof2,4x4,side_left,2900,3235,-1,3301,-1,1423,2228,3464,-1,950,1514,-1,1053,817,974,1052,1,1,0,1,1,1,1,1,0,1,1,0,1,1,1,1
2026-07-03T20:06:09.283,tof2,4x4,side_left,2920,3261,3304,3307,-1,1482,2166,3487,-1,978,1580,-1,-1,815,-1,1049,1,1,1,1,0,1,1,1,1,1,1,0,1,1,1,1
2026-07-03T20:06:09.452,tof2,4x4,side_left,3023,3257,3265,3314,-1,-1,2211,3518,1681,951,1603,-1,1058,829,-1,1041,1,1,1,1,0,1,1,1,1,1,1,0,1,1,1,1
2026-07-03T20:06:09.622,tof2,4x4,side_left,3029,3252,-1,3316,-1,1492,-1,3454,1551,953,1628,-1,1065,812,-1,1051,1,1,0,1,1,1,0,1,1,1,1,1,1,1,1,1
2026-07-03T20:06:09.808,tof2,4x4,side_left,2943,3266,-1,3293,2083,1470,2187,3523,1644,952,1591,-1,1070,826,-1,1030,1,1,1,1,1,1,1,1,1,1,1,0,1,1,1,1
2026-07-03T20:06:09.956,tof2,4x4,side_left,3098,3249,-1,3339,-1,1510,2170,3547,-1,960,1546,-1,1058,825,989,1050,1,1,1,1,0,1,1,1,1,1,1,1,1,1,1,1
2026-07-03T20:06:10.107,tof2,4x4,side_left,3025,3251,-1,3314,-1,1457,-1,3475,1665,981,1593,-1,1053,817,-1,1053,1,1,0,1,1,1,0,1,1,1,1,0,1,1,1,1
2026-07-03T20:06:10.277,tof2,4x4,side_left,-1,3262,-1,3320,-1,1468,2147,3438,1581,953,1549,-1,-1,812,-1,1055,1,1,0,1,0,1,1,1,1,1,1,1,1,1,1,1
2026-07-03T20:06:10.411,tof1,4x4,side_left,-1,-1,-1,-1,-1,-1,-1,-1,-1,523,412,361,-1,295,305,279,0,0,0,0,0,0,0,0,0,1,1,1,0,1,1,1
2026-07-03T20:06:10.443,tof2,4x4,side_left,-1,3250,-1,3342,-1,1450,2157,3445,1570,967,1576,-1,1075,818,985,1046,1,1,0,1,0,1,1,1,1,1,1,0,1,1,1,1
2026-07-03T20:06:10.582,tof1,4x4,side_left,-1,-1,-1,-1,-1,436,443,-1,-1,522,411,362,-1,308,300,277,0,0,0,0,0,1,1,0,0,1,1,1,0,1,1,1
2026-07-03T20:06:10.608,tof2,4x4,side_left,2956,3255,-1,3301,-1,1479,-1,3474,1469,967,1592,-1,1052,827,-1,1051,1,1,0,1,0,1,1,1,1,1,1,0,1,1,1,1
2026-07-03T20:06:10.751,tof1,4x4,side_left,-1,-1,-1,-1,-1,-1,-1,-1,-1,535,412,359,1114,297,298,281,0,0,0,0,0,0,0,0,0,1,1,1,1,1,1,1
2026-07-03T20:06:10.802,tof2,4x4,side_left,2932,3269,-1,3323,-1,1487,2195,3513,-1,949,1589,-1,-1,820,-1,1049,1,1,0,1,0,1,1,1,1,1,1,0,1,1,1,1
2026-07-03T20:06:10.917,tof1,4x4,side_left,-1,-1,-1,-1,-1,-1,444,-1,-1,525,408,362,-1,281,304,279,0,0,0,0,0,0,1,0,0,1,1,1,0,1,1,1
2026-07-03T20:06:10.993,tof2,4x4,side_left,3014,3255,-1,3298,-1,1478,-1,3554,1712,956,1546,-1,-1,821,-1,1043,1,1,0,1,0,1,0,1,1,1,1,0,1,1,1,1
2026-07-03T20:06:11.102,tof1,4x4,side_left,-1,-1,-1,-1,-1,-1,-1,-1,-1,525,411,362,-1,299,300,279,0,0,0,0,0,0,0,0,0,1,1,1,0,1,1,1
2026-07-03T20:06:11.161,tof2,4x4,side_left,3046,3264,-1,3301,-1,1477,-1,3454,1626,967,1562,-1,1054,822,-1,1062,1,1,0,1,1,1,1,1,1,1,1,0,1,1,1,1
2026-07-03T20:06:11.265,tof1,4x4,side_left,-1,-1,-1,-1,-1,-1,-1,-1,-1,525,411,362,-1,285,302,281,0,0,0,0,0,0,0,0,0,1,1,1,1,1,1,1
2026-07-03T20:06:11.321,tof2,4x4,side_left,2957,3258,-1,3305,-1,1420,-1,3464,1612,959,1583,-1,-1,811,-1,1051,1,1,0,1,0,1,1,1,1,1,1,1,1,1,1,1
2026-07-03T20:06:11.433,tof1,4x4,side_left,-1,-1,-1,-1,-1,-1,-1,-1,-1,526,412,362,-1,293,301,280,0,0,0,0,0,0,0,0,0,1,1,1,0,1,1,1
2026-07-03T20:06:11.478,tof2,4x4,side_left,3030,3264,-1,3326,-1,1457,-1,3439,1627,990,1595,-1,1062,826,-1,1048,1,1,1,1,0,1,0,1,1,1,1,0,1,1,1,1
2026-07-03T20:06:11.597,tof1,4x4,side_left,-1,-1,-1,-1,-1,-1,443,-1,-1,532,410,362,-1,294,300,278,0,0,0,0,0,0,1,0,0,1,1,1,1,1,1,1
2026-07-03T20:06:11.652,tof2,4x4,side_left,3026,3258,-1,3286,2069,1490,-1,3478,1549,982,1592,-1,1082,817,-1,1044,1,1,0,1,1,1,0,1,1,1,1,0,1,1,1,1
2026-07-03T20:06:11.762,tof1,4x4,side_left,-1,-1,-1,-1,-1,-1,-1,-1,-1,514,413,362,-1,296,300,276,0,0,0,0,0,0,0,0,0,1,1,1,0,1,1,1
2026-07-03T20:06:11.814,tof2,4x4,side_left,2991,3246,-1,3310,2128,-1,2161,3436,1513,975,1589,-1,1055,823,1082,1045,1,1,1,1,1,1,1,1,1,1,1,0,1,1,1,1
2026-07-03T20:06:11.985,tof1,4x4,side_left,-1,-1,-1,-1,-1,436,453,-1,-1,529,413,361,-1,310,302,277,0,0,0,0,0,1,1,0,0,1,1,1,0,1,1,1
2026-07-03T20:06:12.009,tof2,4x4,side_left,2991,3258,-1,3326,2100,1448,-1,3456,1642,983,1547,-1,1071,831,-1,1045,1,1,1,1,1,1,1,1,1,1,1,0,1,1,1,1
2026-07-03T20:06:12.140,tof1,4x4,side_left,-1,-1,-1,-1,-1,-1,-1,-1,-1,517,411,360,-1,295,304,280,0,0,0,0,0,0,0,0,0,1,1,1,0,1,1,1
2026-07-03T20:06:12.160,tof2,4x4,side_left,3044,3252,-1,3307,-1,-1,2198,3491,1697,972,1595,-1,1066,823,987,1049,1,1,1,1,1,1,1,1,1,1,1,0,1,1,1,1
2026-07-03T20:06:12.296,tof1,4x4,side_left,-1,-1,-1,-1,-1,-1,438,-1,-1,522,410,362,-1,309,301,280,0,0,0,0,0,0,1,0,0,1,1,1,0,1,1,1
2026-07-03T20:06:12.324,tof2,4x4,side_left,-1,3251,-1,3284,2167,-1,-1,3473,1542,953,1582,-1,1072,823,-1,1036,0,1,1,1,1,0,0,1,1,1,1,1,1,1,1,1
2026-07-03T20:06:12.452,tof1,4x4,side_left,-1,-1,-1,-1,-1,-1,-1,-1,-1,522,411,362,-1,298,302,276,0,0,0,1,0,0,0,0,0,1,1,1,0,1,1,1
2026-07-03T20:06:12.515,tof2,4x4,side_left,-1,3244,-1,3302,2139,-1,2224,-1,1677,942,1594,-1,1052,822,-1,1060,0,1,0,1,1,1,1,1,1,1,1,0,1,1,1,1
2026-07-03T20:06:12.616,tof1,4x4,side_left,-1,-1,-1,-1,-1,-1,456,-1,-1,519,407,361,-1,288,305,277,0,0,0,0,0,0,1,0,0,1,1,1,0,1,1,1
2026-07-03T20:06:12.676,tof2,4x4,side_left,-1,3252,-1,3303,-1,-1,2206,3498,1644,960,1564,-1,1068,816,-1,1047,0,1,0,1,0,0,1,1,1,1,1,0,1,1,1,1
2026-07-03T20:06:12.763,tof1,4x4,side_left,-1,-1,-1,-1,-1,-1,-1,-1,-1,528,411,362,-1,289,304,279,0,0,0,0,0,0,0,0,0,1,1,1,0,1,1,1
2026-07-03T20:06:12.844,tof2,4x4,side_left,2979,3262,-1,3297,-1,-1,-1,3009,-1,972,1584,-1,1064,827,-1,1036,1,1,0,1,0,1,1,1,1,1,1,1,1,1,1,1
2026-07-03T20:06:12.932,tof1,4x4,side_left,-1,-1,-1,-1,-1,444,445,-1,-1,521,410,361,-1,281,305,275,0,0,0,0,0,1,1,0,0,1,1,1,0,1,1,1
2026-07-03T20:06:13.000,tof2,4x4,side_left,3067,3246,-1,3305,-1,1497,2105,3458,1668,966,1597,-1,1065,821,975,1048,1,1,1,1,0,1,1,1,1,1,1,0,1,1,1,1
2026-07-03T20:06:13.101,tof1,4x4,side_left,-1,-1,-1,-1,-1,-1,-1,-1,-1,527,408,363,-1,291,305,276,0,0,0,0,0,0,0,0,0,1,1,1,0,1,1,1
2026-07-03T20:06:13.154,tof2,4x4,side_left,3017,3261,-1,3311,-1,-1,2153,3543,1577,950,1571,-1,1056,825,-1,1048,1,1,0,1,1,0,1,1,1,1,1,0,1,1,1,1
2026-07-03T20:06:13.294,tof1,4x4,side_left,-1,-1,-1,-1,-1,-1,441,-1,-1,527,410,363,-1,289,303,278,0,0,0,0,0,0,1,0,0,1,1,1,1,1,1,1
2026-07-03T20:06:13.319,tof2,4x4,side_left,3023,3257,-1,3306,2115,-1,2249,-1,1653,980,1608,-1,1061,818,977,1043,1,1,0,1,1,1,1,0,1,1,1,0,1,1,1,1
2026-07-03T20:06:13.479,tof1,4x4,side_left,-1,-1,-1,-1,-1,-1,-1,-1,-1,536,408,362,-1,294,302,279,0,0,0,0,0,0,0,0,0,1,1,1,0,1,1,1
2026-07-03T20:06:13.483,tof2,4x4,side_left,-1,3249,-1,3314,-1,-1,-1,3433,1661,989,1573,-1,1053,817,964,1036,1,1,1,1,0,0,0,1,1,1,1,0,1,1,1,1
2026-07-03T20:06:13.698,tof1,4x4,side_left,-1,-1,-1,-1,-1,-1,-1,-1,-1,525,412,361,-1,295,301,279,0,1,0,0,0,0,0,0,0,1,1,1,1,1,1,1
2026-07-03T20:06:13.687,tof2,4x4,side_left,3006,3261,-1,3337,-1,1498,2187,3483,1667,968,1707,-1,1065,815,966,1047,1,1,0,1,0,1,1,1,1,1,1,0,1,1,1,1
2026-07-03T20:06:13.873,tof1,4x4,side_left,-1,-1,-1,-1,-1,-1,-1,-1,-1,538,411,362,-1,299,304,281,0,1,0,0,0,0,0,0,0,1,1,1,1,1,1,1
2026-07-03T20:06:13.855,tof2,4x4,side_left,3046,3257,-1,3344,2185,-1,-1,-1,1581,972,1554,1334,-1,811,-1,1050,1,1,1,1,1,1,1,1,1,1,1,1,1,1,1,1
2026-07-03T20:06:14.071,tof1,4x4,side_left,-1,-1,-1,-1,-1,-1,449,-1,-1,527,413,361,-1,287,306,281,0,0,0,0,0,0,1,0,0,1,1,1,0,1,1,1
2026-07-03T20:06:14.023,tof2,4x4,side_left,2991,3257,-1,3309,2123,-1,-1,3436,1667,950,1617,-1,1050,828,-1,1057,1,1,0,1,1,1,0,1,1,1,1,0,1,1,1,1
2026-07-03T20:06:14.190,tof2,4x4,side_left,2997,3256,-1,3303,-1,1480,-1,3458,1615,952,1581,-1,-1,815,-1,1053,1,1,1,1,0,1,1,1,1,1,1,1,1,1,1,1
2026-07-03T20:06:14.288,tof1,4x4,side_left,-1,-1,-1,-1,-1,-1,449,-1,-1,530,412,362,-1,284,306,277,0,0,0,0,0,0,1,0,0,1,1,1,0,1,1,1
2026-07-03T20:06:14.360,tof2,4x4,side_left,2927,3248,-1,3348,-1,1483,2131,3419,1562,981,1596,1372,1068,815,-1,1049,1,1,0,1,1,1,1,1,1,1,1,1,1,1,1,1
2026-07-03T20:06:14.458,tof1,4x4,side_left,-1,-1,-1,-1,-1,-1,447,-1,-1,531,413,364,-1,288,302,276,0,0,0,0,0,0,1,0,0,1,1,1,0,1,1,1
2026-07-03T20:06:14.515,tof2,4x4,side_left,3016,3250,3349,3328,-1,1470,2203,3491,1651,953,1708,-1,1068,817,970,1057,1,1,1,1,1,1,1,1,1,1,1,0,1,1,1,1
2026-07-03T20:06:14.631,tof1,4x4,side_left,-1,-1,-1,-1,-1,-1,-1,-1,-1,523,413,362,-1,297,299,278,0,0,0,0,0,0,0,0,1,1,1,1,0,1,1,1
2026-07-03T20:06:14.672,tof2,4x4,side_left,2952,3248,-1,3333,-1,1485,-1,3499,1626,951,1611,-1,-1,824,1064,1047,1,1,0,1,0,1,0,1,1,1,1,0,1,1,1,1
2026-07-03T20:06:14.806,tof1,4x4,side_left,-1,-1,-1,-1,-1,-1,440,-1,-1,525,411,362,-1,295,301,277,0,0,0,0,0,0,1,0,0,1,1,1,0,1,1,1
2026-07-03T20:06:14.866,tof2,4x4,side_left,3003,3254,3306,3306,-1,1481,2198,3472,1554,959,1595,-1,1060,821,-1,1052,1,1,1,1,0,1,1,1,1,1,1,0,1,1,1,1
2026-07-03T20:06:14.990,tof1,4x4,side_left,-1,-1,-1,-1,-1,-1,439,-1,-1,522,410,360,-1,285,299,279,0,0,0,0,0,0,1,0,0,1,1,1,0,1,1,1
2026-07-03T20:06:15.028,tof2,4x4,side_left,3105,3246,-1,-1,-1,1489,-1,3498,-1,961,1604,-1,1092,812,-1,1051,1,1,0,1,0,1,1,1,1,1,1,0,1,1,1,1
2026-07-03T20:06:15.148,tof1,4x4,side_left,-1,-1,-1,-1,-1,-1,-1,-1,-1,518,409,363,-1,297,301,281,0,0,0,0,0,0,0,0,0,1,1,1,0,1,1,1
2026-07-03T20:06:15.197,tof2,4x4,side_left,2947,3256,-1,3314,2200,1475,2182,3590,1643,980,1586,-1,-1,815,-1,1045,1,1,0,1,1,1,1,1,1,1,1,0,1,1,1,1
2026-07-03T20:06:15.303,tof1,4x4,side_left,-1,-1,-1,-1,-1,-1,444,383,-1,534,412,362,-1,268,307,282,0,0,0,0,0,0,1,1,0,1,1,1,0,1,1,1
2026-07-03T20:06:15.374,tof2,4x4,side_left,3067,3265,-1,3328,-1,1483,2190,3521,1695,965,1607,-1,1060,841,-1,1058,1,1,1,1,0,1,1,1,1,1,1,0,1,1,1,1
2026-07-03T20:06:15.467,tof1,4x4,side_left,-1,-1,-1,-1,-1,-1,-1,-1,-1,528,408,361,-1,294,305,282,0,0,0,0,0,0,0,0,0,1,1,1,0,1,1,1
2026-07-03T20:06:15.529,tof2,4x4,side_left,-1,3250,-1,3308,-1,1496,-1,3436,-1,966,1612,-1,-1,816,-1,1052,1,1,0,1,1,1,1,1,0,1,1,0,1,1,1,1
2026-07-03T20:06:15.637,tof1,4x4,side_left,-1,-1,-1,-1,-1,-1,-1,-1,-1,524,409,361,-1,297,303,282,0,0,0,0,0,0,0,0,0,1,1,1,0,1,1,1
2026-07-03T20:06:15.796,tof1,4x4,side_left,-1,-1,-1,-1,-1,-1,-1,-1,-1,530,406,361,-1,295,304,277,0,0,0,0,0,0,0,0,0,1,1,1,0,1,1,1
2026-07-03T20:06:15.950,tof1,4x4,side_left,-1,-1,-1,-1,-1,-1,-1,-1,-1,527,407,363,-1,293,302,278,0,0,0,0,0,0,0,0,0,1,1,1,1,1,1,1
2026-07-03T20:06:15.946,tof2,4x4,side_left,2976,3256,-1,3300,-1,1471,-1,3490,1442,-1,1595,-1,-1,826,936,1044,1,1,1,1,0,1,0,1,1,1,1,0,1,1,1,1
2026-07-03T20:06:16.120,tof1,4x4,side_left,-1,-1,-1,-1,-1,430,442,-1,-1,523,407,362,422,328,304,274,0,0,0,0,0,1,1,0,0,1,1,1,1,1,1,1
2026-07-03T20:06:16.100,tof2,4x4,side_left,2961,3255,-1,3335,-1,1489,-1,3496,1585,964,1546,-1,1079,813,966,1061,1,1,1,1,0,1,1,1,1,1,1,0,1,1,1,1
2026-07-03T20:06:16.310,tof1,4x4,side_left,-1,-1,-1,-1,-1,-1,-1,-1,-1,532,408,360,-1,286,305,279,0,0,0,0,0,0,0,0,0,1,1,1,0,1,1,1
2026-07-03T20:06:16.273,tof2,4x4,side_left,2989,3248,-1,3304,-1,1490,-1,3537,1692,954,1591,-1,1065,817,979,1047,1,1,0,1,1,1,0,1,1,1,1,0,1,1,1,1
2026-07-03T20:06:16.479,tof1,4x4,side_left,-1,-1,-1,-1,-1,-1,441,-1,-1,521,408,360,-1,298,305,278,0,0,0,0,0,0,1,0,0,1,1,1,0,1,1,1
2026-07-03T20:06:16.431,tof2,4x4,side_left,2944,3258,3304,3347,-1,1462,-1,3071,-1,967,1578,-1,1062,817,-1,1033,1,1,1,1,1,1,1,1,1,1,1,0,1,1,1,1
2026-07-03T20:06:16.586,tof2,4x4,side_left,2942,3249,3333,3304,2115,1498,-1,3466,1563,976,1586,-1,1066,822,1048,1047,1,1,1,1,1,1,1,1,1,1,1,0,1,1,1,1
2026-07-03T20:06:16.636,tof1,4x4,side_left,-1,-1,-1,-1,-1,421,448,-1,-1,524,412,362,-1,287,300,276,0,0,0,0,0,1,1,0,0,1,1,1,0,1,1,1
2026-07-03T20:06:16.747,tof2,4x4,side_left,2994,3265,-1,3337,-1,1487,-1,3477,1642,957,1577,-1,-1,820,-1,1057,1,1,1,1,0,1,1,1,1,1,1,0,1,1,1,1
2026-07-03T20:06:16.789,tof1,4x4,side_left,-1,-1,-1,-1,-1,451,444,-1,-1,521,408,359,-1,286,303,281,0,0,0,0,0,1,1,0,0,1,1,1,1,1,1,1
2026-07-03T20:06:16.992,tof2,4x4,side_left,3015,3260,-1,3365,2176,1474,-1,3482,-1,969,1590,-1,1060,822,1071,1051,1,1,0,1,1,1,0,1,0,1,1,1,1,1,1,1
2026-07-03T20:06:17.098,tof1,4x4,side_left,-1,-1,-1,-1,-1,-1,-1,-1,-1,527,410,360,-1,286,302,280,0,0,0,0,0,0,0,0,0,1,1,1,1,1,1,1
2026-07-03T20:06:17.148,tof2,4x4,side_left,2963,3253,-1,3338,-1,1481,-1,3459,1550,987,1615,-1,1065,820,-1,1053,1,1,0,1,1,1,0,1,1,1,1,0,1,1,1,1
2026-07-03T20:06:17.262,tof1,4x4,side_left,-1,-1,-1,-1,-1,-1,-1,-1,-1,522,413,362,-1,297,302,283,0,0,0,0,0,0,0,0,0,1,1,1,0,1,1,1
2026-07-03T20:06:17.313,tof2,4x4,side_left,2982,3260,-1,3334,2108,-1,2166,3521,1604,957,1584,-1,1044,818,-1,1045,1,1,1,1,1,1,1,1,1,1,1,0,1,1,1,1
2026-07-03T20:06:17.415,tof1,4x4,side_left,-1,-1,-1,-1,-1,-1,444,-1,-1,535,412,361,-1,294,305,279,0,0,0,0,0,0,1,0,0,1,1,1,0,1,1,1
2026-07-03T20:06:17.486,tof2,4x4,side_left,3022,3242,3307,3308,2123,1441,-1,3481,-1,959,1604,-1,1067,815,1049,1051,1,1,1,1,1,1,1,1,1,1,1,0,1,1,1,1
2026-07-03T20:06:18.396,tof1,4x4,side_left,-1,-1,-1,-1,-1,-1,-1,-1,-1,522,411,360,-1,289,303,279,0,0,0,0,0,0,0,0,0,1,1,1,1,1,1,1
2026-07-03T20:06:18.438,tof2,4x4,side_left,2961,3236,-1,3306,-1,1478,2217,3511,1613,971,1603,-1,1061,820,-1,1054,1,1,0,1,0,1,1,1,1,1,1,0,1,1,1,1
2026-07-03T20:06:18.569,tof1,4x4,side_left,-1,-1,-1,-1,-1,-1,-1,-1,-1,525,410,361,-1,298,301,278,0,0,0,0,0,0,0,0,0,1,1,1,0,1,1,1
2026-07-03T20:06:18.607,tof2,4x4,side_left,-1,3247,3354,3303,-1,1467,2158,3469,-1,979,1608,-1,-1,813,-1,1043,1,1,1,1,0,1,1,1,0,1,1,0,1,1,1,1
2026-07-03T20:06:18.725,tof1,4x4,side_left,-1,-1,-1,-1,-1,-1,445,-1,-1,524,411,361,-1,309,304,279,1,0,0,0,0,0,1,0,0,1,1,1,0,1,1,1
2026-07-03T20:06:18.771,tof2,4x4,side_left,2959,3245,-1,3323,-1,1473,-1,3468,1559,951,1590,-1,1062,828,-1,1045,1,1,0,1,0,1,1,1,1,1,1,1,1,1,1,1
2026-07-03T20:06:18.896,tof1,4x4,side_left,-1,-1,-1,-1,-1,-1,443,-1,-1,524,410,363,447,296,307,282,0,0,0,0,0,0,1,0,0,1,1,1,1,1,1,1
2026-07-03T20:06:18.942,tof2,4x4,side_left,3021,3254,-1,3287,-1,1465,2108,-1,1654,967,1579,-1,1058,820,-1,1047,1,1,0,1,1,1,1,0,1,1,1,0,1,1,1,1
2026-07-03T20:06:19.057,tof1,4x4,side_left,-1,-1,-1,-1,-1,-1,-1,-1,-1,523,409,361,-1,297,305,281,0,0,0,0,0,0,0,0,0,1,1,1,0,1,1,1
2026-07-03T20:06:19.106,tof2,4x4,side_left,2984,3258,3322,3296,2122,1480,2173,3497,-1,955,1579,-1,1062,817,981,1052,1,1,1,1,1,1,1,1,1,1,1,0,1,1,1,1
2026-07-03T20:06:19.239,tof1,4x4,side_left,-1,-1,-1,-1,-1,-1,-1,-1,-1,517,408,361,-1,299,302,280,0,0,0,0,0,0,0,0,0,1,1,1,0,1,1,1
2026-07-03T20:06:19.284,tof2,4x4,side_left,2937,3256,-1,3316,-1,1477,2197,3486,-1,963,1567,-1,1066,820,950,1049,1,1,0,1,1,1,1,1,1,1,1,0,1,1,1,1
2026-07-03T20:06:19.401,tof1,4x4,side_left,-1,-1,-1,-1,-1,-1,-1,-1,-1,524,406,360,1091,301,304,280,0,0,0,0,0,0,0,0,0,1,1,1,1,1,1,1
2026-07-03T20:06:19.451,tof2,4x4,side_left,2944,3242,-1,3333,-1,1485,2165,3480,1586,977,1604,-1,1058,819,987,1038,1,1,1,1,1,1,1,1,1,1,1,0,1,1,1,1
2026-07-03T20:06:19.559,tof1,4x4,side_left,-1,-1,-1,-1,-1,-1,445,-1,-1,522,409,358,445,312,302,276,1,0,0,0,0,0,1,0,0,1,1,1,1,1,1,1
2026-07-03T20:06:19.609,tof2,4x4,side_left,3006,3252,-1,3277,-1,1450,-1,3458,1569,967,1576,-1,1057,817,990,1051,1,1,0,1,0,1,0,1,1,1,1,0,1,1,1,1
2026-07-03T20:06:19.716,tof1,4x4,side_left,-1,-1,-1,-1,-1,-1,441,-1,-1,526,407,359,-1,293,303,277,0,0,0,0,0,0,1,0,0,1,1,1,0,1,1,1
2026-07-03T20:06:19.873,tof1,4x4,side_left,-1,-1,-1,-1,-1,436,442,-1,-1,521,409,359,-1,296,301,277,0,0,0,0,0,1,1,0,0,1,1,1,1,1,1,1
2026-07-03T20:06:19.796,tof2,4x4,side_left,2893,3254,-1,3328,-1,1507,-1,3459,1610,963,1585,-1,1054,816,958,1053,1,1,1,1,0,1,0,1,1,1,1,0,1,1,1,1
2026-07-03T20:06:19.942,tof2,4x4,side_left,3010,3253,-1,3296,-1,1471,-1,3500,1660,963,1590,-1,1054,820,959,1049,1,1,0,1,1,1,1,1,1,1,1,0,1,1,1,1
2026-07-03T20:06:20.030,tof1,4x4,side_left,-1,-1,-1,-1,-1,-1,-1,-1,-1,523,407,363,-1,285,305,279,0,1,0,0,0,0,0,0,0,1,1,1,0,1,1,1
2026-07-03T20:06:20.113,tof2,4x4,side_left,2965,3264,-1,3323,2082,1463,2220,3501,1680,980,1596,-1,1051,812,-1,1060,1,1,0,1,1,1,1,1,1,1,1,0,1,1,1,1
2026-07-03T20:06:20.202,tof1,4x4,side_left,-1,-1,-1,-1,-1,440,443,-1,-1,522,410,364,-1,293,302,279,0,0,0,0,0,1,1,0,0,1,1,1,0,1,1,1
2026-07-03T20:06:20.272,tof2,4x4,side_left,-1,3250,-1,3292,-1,1499,2170,3481,1573,981,1571,-1,1063,823,974,1041,1,1,0,1,1,1,1,1,1,1,1,0,1,1,1,1
2026-07-03T20:06:20.367,tof1,4x4,side_left,-1,-1,-1,-1,-1,-1,-1,-1,-1,529,410,363,-1,319,303,276,0,0,0,0,0,0,0,0,0,1,1,1,0,1,1,1
2026-07-03T20:06:20.440,tof2,4x4,side_left,2966,3271,-1,3340,2138,1473,-1,-1,-1,968,1580,-1,1072,824,967,1046,1,1,1,1,1,1,0,1,0,1,1,0,1,1,1,1
2026-07-03T20:06:20.531,tof1,4x4,side_left,-1,-1,-1,-1,-1,-1,-1,-1,-1,529,408,361,1117,294,302,277,1,0,0,0,0,0,0,0,0,1,1,1,1,1,1,1
2026-07-03T20:06:20.684,tof1,4x4,side_left,-1,-1,-1,-1,-1,-1,-1,-1,-1,522,409,363,-1,291,302,279,0,0,0,0,0,0,0,0,0,1,1,1,0,1,1,1
2026-07-03T20:06:20.616,tof2,4x4,side_left,2958,3256,3316,3315,-1,1463,-1,3490,1602,968,1596,-1,1069,816,-1,1035,1,1,1,1,1,1,1,1,1,1,1,0,1,1,1,1
2026-07-03T20:06:20.863,tof1,4x4,side_left,-1,-1,-1,-1,-1,-1,-1,-1,-1,524,412,363,-1,290,306,281,0,0,0,0,0,0,0,0,0,1,1,1,0,1,1,1
2026-07-03T20:06:20.785,tof2,4x4,side_left,3021,3250,-1,3320,2079,1471,2180,3490,1662,964,1579,-1,1063,815,-1,1046,1,1,0,1,1,1,1,1,1,1,1,0,1,1,1,1
2026-07-03T20:06:20.946,tof2,4x4,side_left,2964,3257,-1,3347,-1,1490,-1,3464,1640,963,1589,-1,1072,824,-1,1047,1,1,0,1,0,1,0,1,1,1,1,0,1,1,1,1
2026-07-03T20:06:21.034,tof1,4x4,side_left,-1,-1,-1,-1,-1,-1,445,-1,-1,525,413,361,-1,285,307,277,0,0,0,0,0,0,1,0,0,1,1,1,0,1,1,1
2026-07-03T20:06:21.097,tof2,4x4,side_left,-1,3240,-1,3306,2057,1471,-1,3474,-1,975,1573,-1,1048,818,-1,1055,0,1,0,1,1,1,0,1,1,1,1,0,1,1,1,1
2026-07-03T20:06:21.193,tof1,4x4,side_left,-1,-1,-1,-1,-1,433,447,-1,-1,523,412,363,-1,281,303,279,0,0,0,0,0,1,1,0,0,1,1,1,0,1,1,1
2026-07-03T20:06:21.264,tof2,4x4,side_left,-1,3259,-1,3324,-1,1449,-1,3517,-1,989,-1,-1,1060,819,996,1056,1,1,1,1,0,1,1,1,0,1,1,0,1,1,1,1
2026-07-03T20:06:21.349,tof1,4x4,side_left,-1,-1,-1,-1,-1,-1,-1,-1,-1,524,411,363,-1,284,305,278,0,0,0,0,0,0,0,0,0,1,1,1,1,1,1,1
2026-07-03T20:06:21.427,tof2,4x4,side_left,-1,3252,-1,3307,-1,1492,-1,3518,1527,958,1558,-1,1077,820,960,1055,1,1,1,1,0,1,0,1,1,1,1,0,1,1,1,1
2026-07-03T20:06:21.524,tof1,4x4,side_left,-1,-1,-1,-1,-1,-1,439,-1,-1,522,410,362,-1,291,306,277,0,0,0,0,0,0,1,0,0,1,1,1,0,1,1,1
2026-07-03T20:06:21.614,tof2,4x4,side_left,2890,3254,-1,3298,2204,-1,2184,3508,1596,953,1596,-1,1066,814,-1,1045,1,1,1,1,1,1,1,1,1,1,1,0,1,1,1,1
2026-07-03T20:06:21.684,tof1,4x4,side_left,-1,-1,-1,-1,-1,-1,449,-1,-1,525,413,363,-1,284,306,280,0,0,0,0,0,0,1,0,0,1,1,1,0,1,1,1
2026-07-03T20:06:21.786,tof2,4x4,side_left,3011,3245,-1,3362,-1,-1,-1,3490,1613,974,1641,-1,1063,817,-1,1056,1,1,0,1,0,0,0,1,1,1,1,0,1,1,1,1
2026-07-03T20:06:21.842,tof1,4x4,side_left,-1,-1,-1,-1,-1,-1,463,-1,-1,522,414,362,-1,292,314,279,1,0,0,0,0,0,1,0,0,1,1,1,0,1,1,1
2026-07-03T20:06:22.005,tof1,4x4,side_left,-1,-1,-1,-1,-1,-1,452,-1,-1,522,410,363,-1,282,302,279,1,0,0,0,0,0,1,0,0,1,1,1,0,1,1,1
2026-07-03T20:06:21.949,tof2,4x4,side_left,3024,3252,-1,3309,-1,-1,-1,3495,-1,962,1562,-1,1047,819,-1,-1,1,1,0,1,0,1,1,1,1,1,1,0,1,1,1,1
2026-07-03T20:06:22.169,tof1,4x4,side_left,-1,-1,-1,-1,-1,-1,-1,-1,-1,523,411,362,-1,285,305,278,0,0,0,0,0,0,0,0,0,1,1,1,0,1,1,1
2026-07-03T20:06:22.212,tof2,4x4,side_left,-1,3249,-1,-1,-1,-1,-1,-1,-1,942,1627,-1,1071,822,-1,1043,1,1,0,1,0,0,0,0,1,1,1,0,1,1,1,1
2026-07-03T20:06:22.380,tof1,4x4,side_left,-1,-1,-1,-1,-1,-1,-1,-1,-1,528,408,361,-1,295,301,280,0,0,0,0,0,0,0,0,0,1,1,1,0,1,1,1
2026-07-03T20:06:22.375,tof2,4x4,side_left,-1,3270,-1,3284,-1,-1,-1,3547,1679,971,1598,-1,1061,821,-1,1048,0,1,0,1,0,0,0,1,1,1,1,0,1,1,1,1
2026-07-03T20:06:22.541,tof2,4x4,side_left,2932,3245,-1,3348,-1,-1,2167,3480,-1,955,1629,-1,1067,824,-1,1053,1,1,1,1,0,0,1,1,0,1,1,0,1,1,1,1
2026-07-03T20:06:22.625,tof1,4x4,side_left,-1,-1,-1,-1,-1,-1,448,-1,-1,527,409,362,-1,294,302,279,0,0,0,0,0,0,1,0,0,1,1,1,1,1,1,1
2026-07-03T20:06:22.806,tof1,4x4,side_left,-1,-1,-1,-1,-1,-1,468,-1,-1,526,410,358,-1,296,304,276,0,0,0,1,0,0,1,0,0,1,1,1,0,1,1,1
2026-07-03T20:06:22.959,tof1,4x4,side_left,-1,-1,-1,-1,-1,-1,453,-1,-1,521,407,363,-1,289,300,277,1,0,0,1,0,0,1,0,0,1,1,1,0,1,1,1
2026-07-03T20:06:23.037,tof2,4x4,side_left,2989,3252,-1,3330,-1,-1,2174,-1,1575,968,1574,-1,1057,820,953,1051,1,1,0,1,1,0,1,1,1,1,1,0,1,1,1,1
2026-07-03T20:06:23.134,tof1,4x4,side_left,-1,-1,-1,-1,-1,442,446,-1,-1,529,406,362,-1,285,312,279,0,0,0,1,0,1,1,0,0,1,1,1,0,1,1,1
2026-07-03T20:06:23.193,tof2,4x4,side_left,2980,3254,-1,3315,-1,-1,-1,-1,-1,-1,1564,-1,1056,823,967,1057,1,1,0,1,1,0,0,0,1,1,1,0,1,1,1,1
2026-07-03T20:06:23.289,tof1,4x4,side_left,-1,-1,-1,-1,-1,438,438,-1,-1,531,409,359,-1,328,303,275,0,0,0,0,0,1,1,0,0,1,1,1,0,1,1,1
2026-07-03T20:06:23.360,tof2,4x4,side_left,-1,3268,-1,3324,-1,-1,2115,3424,-1,940,1577,-1,1056,821,971,1051,1,1,0,1,0,0,1,1,0,1,1,0,1,1,1,1
2026-07-03T20:06:23.454,tof1,4x4,side_left,-1,-1,-1,-1,-1,-1,-1,-1,-1,525,409,359,-1,290,300,278,0,0,0,0,0,0,0,0,0,1,1,1,0,1,1,1
2026-07-03T20:06:23.517,tof2,4x4,side_left,2949,3276,-1,3305,-1,-1,2161,3531,1646,951,1584,-1,-1,818,977,1052,1,1,0,1,1,0,1,1,1,1,1,0,1,1,1,1
2026-07-03T20:06:23.618,tof1,4x4,side_left,-1,-1,-1,-1,-1,-1,446,-1,-1,527,411,361,-1,289,306,281,0,0,0,0,0,0,1,0,0,1,1,1,0,1,1,1
2026-07-03T20:06:23.676,tof2,4x4,side_left,-1,3255,-1,3335,-1,-1,2147,3019,-1,955,1596,-1,1066,820,-1,1048,1,1,1,1,0,1,1,1,0,1,1,0,1,1,1,1
2026-07-03T20:06:23.780,tof1,4x4,side_left,-1,-1,-1,-1,-1,-1,446,-1,-1,526,409,362,-1,293,300,278,0,0,0,0,0,0,1,0,0,1,1,1,0,1,1,1
2026-07-03T20:06:23.831,tof2,4x4,side_left,2980,3263,-1,3340,-1,1503,-1,3471,-1,957,1592,-1,1055,819,964,1055,1,1,0,1,0,1,0,1,1,1,1,1,1,1,1,1
2026-07-03T20:06:23.939,tof1,4x4,side_left,-1,-1,-1,-1,-1,-1,-1,-1,-1,518,410,361,-1,294,304,278,0,0,0,0,1,0,0,0,0,1,1,1,0,1,1,1
2026-07-03T20:06:24.000,tof2,4x4,side_left,3016,3246,-1,3331,-1,1487,2168,3491,1584,971,1569,-1,-1,825,-1,1032,1,1,0,1,0,1,1,1,1,1,1,0,1,1,1,1
2026-07-03T20:06:24.096,tof1,4x4,side_left,-1,-1,-1,-1,-1,-1,440,-1,-1,523,411,361,-1,284,304,278,0,0,0,0,0,0,1,0,0,1,1,1,0,1,1,1
2026-07-03T20:06:24.167,tof2,4x4,side_left,3004,3254,-1,3294,-1,1459,-1,3494,1676,966,1588,-1,-1,819,-1,1052,1,1,0,1,0,1,1,1,1,1,1,0,1,1,1,1
2026-07-03T20:06:24.264,tof1,4x4,side_left,3304,-1,-1,-1,-1,-1,438,-1,-1,528,412,360,-1,296,305,278,1,0,1,0,0,0,1,0,0,1,1,1,0,1,1,1
2026-07-03T20:06:24.336,tof2,4x4,side_left,3002,3255,-1,3359,-1,1507,-1,3478,1576,965,1595,-1,1059,819,-1,1051,1,1,1,1,0,1,0,1,1,1,1,0,1,1,1,1
2026-07-03T20:06:24.419,tof1,4x4,side_left,-1,-1,-1,-1,-1,-1,-1,-1,-1,522,410,360,-1,283,303,278,0,0,0,0,0,0,0,0,0,1,1,1,0,1,1,1
2026-07-03T20:06:24.591,tof1,4x4,side_left,-1,-1,-1,-1,-1,-1,-1,-1,-1,525,410,360,-1,292,303,276,0,0,0,0,0,0,0,0,0,1,1,1,1,1,1,1
2026-07-03T20:06:24.508,tof2,4x4,side_left,2994,3265,-1,3357,-1,1469,-1,3472,-1,958,1560,1330,1066,822,970,1052,1,1,1,1,0,1,1,1,1,1,1,1,1,1,1,1
2026-07-03T20:06:24.668,tof2,4x4,side_left,2962,3259,3326,3313,-1,1523,-1,3442,1644,968,1588,-1,1050,818,-1,1049,1,1,1,1,1,1,0,1,1,1,1,0,1,1,1,1
2026-07-03T20:06:24.749,tof1,4x4,side_left,-1,-1,-1,-1,-1,-1,444,-1,-1,538,410,361,-1,283,306,279,0,0,0,0,0,0,1,0,0,1,1,1,0,1,1,1
2026-07-03T20:06:24.870,tof2,4x4,side_left,3028,3257,-1,3304,-1,1481,-1,3548,1559,943,-1,-1,1069,816,965,1059,1,1,0,1,0,1,0,1,1,1,1,0,1,1,1,1
2026-07-03T20:06:24.915,tof1,4x4,side_left,-1,-1,-1,-1,-1,-1,-1,-1,-1,525,410,360,-1,281,303,278,0,0,0,0,0,0,0,0,0,1,1,1,0,1,1,1
2026-07-03T20:06:25.031,tof2,4x4,side_left,2987,3250,3345,3295,2194,1451,2214,3499,1647,963,1605,-1,1074,818,1118,1056,1,1,1,1,1,1,1,1,1,1,1,0,1,1,1,1
2026-07-03T20:06:25.066,tof1,4x4,side_left,-1,-1,-1,-1,-1,-1,444,-1,-1,533,410,359,-1,290,302,276,0,0,0,0,0,0,1,0,0,1,1,1,0,1,1,1
2026-07-03T20:06:25.188,tof2,4x4,side_left,2939,3257,-1,3324,2060,1496,-1,3489,1567,972,1584,-1,-1,822,964,1042,1,1,1,1,1,1,0,1,1,1,1,1,1,1,1,1
2026-07-03T20:06:25.234,tof1,4x4,side_left,-1,-1,-1,-1,-1,-1,-1,-1,-1,529,408,360,-1,286,305,281,1,0,0,0,0,0,0,0,0,1,1,1,0,1,1,1
2026-07-03T20:06:25.337,tof2,4x4,side_left,3037,3244,-1,3323,-1,1491,-1,3537,-1,963,1566,-1,1066,820,991,1047,1,1,0,1,1,1,0,1,1,1,1,0,1,1,1,1
2026-07-03T20:06:25.399,tof1,4x4,side_left,-1,-1,-1,-1,-1,-1,-1,-1,-1,528,413,361,-1,290,303,276,0,0,0,0,0,0,0,0,0,1,1,1,1,1,1,1
2026-07-03T20:06:25.497,tof2,4x4,side_left,2928,3252,-1,3276,-1,1451,2127,3499,1632,947,1651,-1,1055,822,-1,1048,1,1,0,1,0,1,1,1,1,1,1,0,1,1,1,1
2026-07-03T20:06:25.564,tof1,4x4,side_left,-1,-1,-1,-1,-1,-1,-1,-1,-1,525,411,363,-1,284,301,283,1,0,0,0,0,0,0,0,0,1,1,1,1,1,1,1
2026-07-03T20:06:25.737,tof1,4x4,side_left,-1,-1,-1,-1,-1,-1,438,-1,-1,521,411,362,-1,282,303,278,0,0,0,0,0,0,1,0,0,1,1,1,0,1,1,1
2026-07-03T20:06:25.672,tof2,4x4,side_left,2976,3257,-1,-1,-1,1482,-1,3451,1628,976,1606,-1,1048,808,977,1053,1,1,1,1,0,1,1,1,1,1,1,0,1,1,1,1
2026-07-03T20:06:25.833,tof2,4x4,side_left,3019,3253,-1,3342,2119,1482,-1,3493,1725,987,1613,-1,1057,813,-1,1049,1,1,1,1,1,1,1,1,1,1,1,1,1,1,1,1
2026-07-03T20:06:25.903,tof1,4x4,side_left,-1,-1,-1,-1,-1,-1,-1,-1,-1,519,410,363,-1,292,305,282,1,0,0,0,0,0,0,0,0,1,1,1,0,1,1,1
2026-07-03T20:06:25.984,tof2,4x4,side_left,-1,3249,-1,3298,-1,1459,-1,3474,-1,968,1581,-1,1058,819,-1,1043,1,1,1,1,0,1,0,1,1,1,1,0,1,1,1,1
2026-07-03T20:06:26.051,tof1,4x4,side_left,-1,-1,-1,-1,-1,-1,-1,-1,-1,528,412,361,-1,294,299,278,0,0,0,0,0,0,0,0,0,1,1,1,1,1,1,1
2026-07-03T20:06:26.212,tof1,4x4,side_left,-1,-1,-1,-1,-1,433,442,-1,-1,524,408,363,-1,292,301,279,0,0,0,0,0,1,1,0,0,1,1,1,0,1,1,1
2026-07-03T20:06:26.164,tof2,4x4,side_left,2999,3266,-1,3317,-1,1480,-1,3459,-1,976,1597,-1,1063,829,-1,1056,1,1,0,1,0,1,0,1,1,1,1,0,1,1,1,1
2026-07-03T20:06:26.376,tof1,4x4,side_left,-1,-1,-1,-1,-1,-1,-1,-1,-1,522,408,362,-1,289,302,279,0,0,0,0,0,0,0,0,0,1,1,1,0,1,1,1
2026-07-03T20:06:26.345,tof2,4x4,side_left,3035,3265,-1,3283,-1,1480,-1,3483,1524,963,1652,-1,1047,822,-1,1046,1,1,0,1,0,1,0,1,1,1,1,0,1,1,1,1
2026-07-03T20:06:26.544,tof1,4x4,side_left,-1,-1,-1,-1,-1,-1,-1,-1,-1,537,411,362,-1,292,299,278,0,0,0,0,0,0,0,0,0,1,1,1,0,1,1,1
2026-07-03T20:06:26.497,tof2,4x4,side_left,3000,3259,-1,3350,2264,1456,-1,3455,-1,944,1543,-1,1059,818,932,1043,1,1,0,1,1,1,0,1,1,1,1,0,1,1,1,1
2026-07-03T20:06:26.716,tof1,4x4,side_left,-1,-1,-1,-1,-1,-1,-1,-1,-1,527,413,363,-1,293,301,280,0,0,0,0,0,0,0,0,0,1,1,1,0,1,1,1
2026-07-03T20:06:26.686,tof2,4x4,side_left,3024,3262,-1,3323,-1,1479,-1,3436,1634,950,1606,-1,1056,823,942,1046,1,1,0,1,0,1,0,1,1,1,1,0,1,1,1,1
2026-07-03T20:06:26.867,tof1,4x4,side_left,-1,-1,-1,-1,-1,-1,445,-1,-1,521,407,360,-1,285,304,276,0,0,0,0,0,0,1,0,0,1,1,1,0,1,1,1
2026-07-03T20:06:26.850,tof2,4x4,side_left,2989,3262,3343,-1,2148,1502,-1,3433,-1,966,1604,-1,1064,813,-1,1056,1,1,1,1,1,1,0,1,1,1,1,0,1,1,1,1
2026-07-03T20:06:27.044,tof1,4x4,side_left,-1,-1,-1,-1,-1,-1,-1,-1,-1,514,412,362,-1,289,299,277,0,0,0,0,0,0,0,0,0,1,1,1,0,1,1,1
2026-07-03T20:06:26.998,tof2,4x4,side_left,2969,3244,-1,3343,2170,1506,-1,3523,1660,963,1603,-1,-1,817,-1,1050,1,1,1,1,1,1,0,1,1,1,1,0,1,1,1,1
2026-07-03T20:06:27.206,tof1,4x4,side_left,-1,-1,-1,-1,-1,-1,-1,-1,-1,524,407,364,-1,284,301,281,0,0,0,0,0,0,0,0,0,1,1,1,0,1,1,1
2026-07-03T20:06:27.167,tof2,4x4,side_left,3004,3263,-1,3327,-1,1473,2146,3368,1546,983,1612,-1,1054,818,-1,1045,1,1,0,1,0,1,1,1,1,1,1,0,1,1,1,1
2026-07-03T20:06:27.332,tof2,4x4,side_left,2986,3261,-1,3319,-1,1464,2141,3486,1641,982,1550,-1,1073,813,-1,1047,1,1,0,1,1,1,1,1,1,1,1,0,1,1,1,1
2026-07-03T20:06:27.359,tof1,4x4,side_left,-1,-1,-1,-1,-1,-1,-1,-1,-1,522,408,360,-1,292,305,280,0,0,0,0,0,0,0,0,0,1,1,1,0,1,1,1
2026-07-03T20:06:27.532,tof1,4x4,side_left,-1,-1,-1,-1,-1,-1,443,-1,-1,515,408,361,-1,289,304,278,1,0,0,0,0,0,1,0,0,1,1,1,0,1,1,1
2026-07-03T20:06:27.512,tof2,4x4,side_left,2968,3272,-1,3331,-1,1469,2193,3490,1700,985,1597,-1,1049,816,-1,1057,1,1,0,1,0,1,1,1,1,1,1,0,1,1,1,1
2026-07-03T20:06:27.684,tof1,4x4,side_left,-1,-1,-1,-1,-1,-1,446,-1,-1,531,406,358,-1,295,303,277,0,0,0,0,0,0,1,0,0,1,1,1,1,1,1,1
2026-07-03T20:06:27.679,tof2,4x4,side_left,2941,3255,-1,3334,-1,1486,2168,3506,1577,968,1593,-1,-1,819,-1,1059,1,1,0,1,0,1,1,1,1,1,1,0,1,1,1,1
2026-07-03T20:06:27.839,tof2,4x4,side_left,3011,3269,3353,3320,-1,1427,-1,3450,1732,950,1559,-1,1060,819,-1,1049,1,1,1,1,1,1,0,1,1,1,1,0,1,1,1,1
2026-07-03T20:06:27.999,tof2,4x4,side_left,2993,3269,-1,3316,-1,1455,-1,3436,1580,967,1578,-1,-1,820,-1,1055,1,1,0,1,0,1,0,1,1,1,1,0,1,1,1,1
2026-07-03T20:06:28.157,tof2,4x4,side_left,2924,3267,-1,3312,-1,1477,2128,3470,1634,968,1574,-1,1057,827,964,1036,1,1,0,1,1,1,1,1,1,1,1,1,1,1,1,1
2026-07-03T20:06:28.320,tof2,4x4,side_left,3011,3244,-1,3325,-1,1491,-1,3512,-1,964,1570,-1,-1,812,1062,1066,1,1,0,1,0,1,1,1,1,1,1,0,1,1,1,1
2026-07-03T20:06:28.477,tof2,4x4,side_left,2997,3254,-1,3330,-1,1487,2204,3473,1656,962,1572,-1,1053,820,-1,1050,1,1,1,1,0,1,1,1,1,1,1,0,1,1,1,1
2026-07-03T20:06:28.631,tof2,4x4,side_left,3009,3257,-1,3333,2167,1506,-1,-1,1572,986,1619,-1,-1,835,972,1048,1,1,0,1,1,1,0,1,1,1,1,0,1,1,1,1
2026-07-03T20:06:28.813,tof2,4x4,side_left,3000,3253,-1,3314,2142,1468,2181,3520,1771,969,1585,-1,1067,818,-1,1055,1,1,1,1,1,1,1,1,1,1,1,0,1,1,1,1
2026-07-03T20:06:28.941,tof1,4x4,side_left,-1,-1,-1,-1,-1,444,442,-1,-1,525,407,359,-1,298,307,276,0,0,0,0,0,1,1,0,0,1,1,1,0,1,1,1
2026-07-03T20:06:28.992,tof2,4x4,side_left,2977,3247,-1,3318,-1,1461,-1,-1,-1,966,1574,-1,1069,820,1051,1056,1,1,0,1,0,1,0,1,1,1,1,1,1,1,1,1
2026-07-03T20:06:29.108,tof1,4x4,side_left,-1,-1,-1,-1,-1,-1,448,-1,-1,528,408,363,-1,294,305,277,0,1,0,0,0,0,1,0,0,1,1,1,0,1,1,1
2026-07-03T20:06:29.154,tof2,4x4,side_left,2930,3252,-1,3309,-1,1439,-1,-1,1673,974,1575,-1,1056,821,956,1050,1,1,0,1,1,1,1,1,1,1,1,0,1,1,1,1
2026-07-03T20:06:29.255,tof1,4x4,side_left,-1,-1,-1,-1,-1,-1,445,-1,-1,529,410,361,-1,295,312,279,0,0,0,0,0,0,1,0,0,1,1,1,1,1,1,1
2026-07-03T20:06:29.331,tof2,4x4,side_left,3073,3257,-1,3334,-1,-1,-1,-1,-1,944,1571,-1,-1,823,-1,1044,1,1,1,1,1,1,0,1,0,1,1,0,1,1,1,1
2026-07-03T20:06:29.413,tof1,4x4,side_left,-1,-1,-1,-1,-1,-1,443,-1,-1,527,411,363,-1,285,303,278,0,0,0,0,0,0,1,0,0,1,1,1,0,1,1,1
2026-07-03T20:06:29.695,tof2,4x4,side_left,3031,3271,-1,3331,2109,1479,-1,3461,1701,972,1598,-1,-1,817,-1,1055,1,1,0,1,1,1,1,1,1,1,1,0,1,1,1,1
2026-07-03T20:06:29.785,tof1,4x4,side_left,-1,-1,-1,-1,-1,-1,441,-1,-1,537,409,362,-1,288,304,278,0,0,0,1,0,0,1,0,0,1,1,1,1,1,1,1
2026-07-03T20:06:29.855,tof2,4x4,side_left,-1,3251,-1,3341,-1,1486,-1,3502,1658,972,1606,-1,1069,819,978,1052,1,1,0,1,1,1,1,1,1,1,1,1,1,1,1,1
2026-07-03T20:06:29.933,tof1,4x4,side_left,-1,-1,-1,-1,-1,-1,442,-1,-1,527,413,364,-1,293,304,279,0,0,0,0,0,0,1,0,0,1,1,1,1,1,1,1
2026-07-03T20:06:30.011,tof2,4x4,side_left,-1,3258,-1,3327,-1,1472,-1,3522,1624,959,1581,-1,1057,821,977,1056,0,1,0,1,0,1,1,1,1,1,1,0,1,1,1,1
2026-07-03T20:06:30.103,tof1,4x4,side_left,-1,-1,-1,-1,-1,-1,-1,-1,-1,532,412,364,-1,285,300,279,0,0,0,0,0,0,0,0,0,1,1,1,1,1,1,1
2026-07-03T20:06:30.164,tof2,4x4,side_left,3010,3246,-1,3293,-1,1443,-1,3440,-1,963,1601,-1,1066,817,1070,1046,1,1,1,1,0,1,1,1,1,1,1,0,1,1,1,1
2026-07-03T20:06:30.269,tof1,4x4,side_left,-1,-1,-1,-1,-1,-1,452,-1,-1,528,412,363,-1,297,303,280,0,0,0,0,0,0,1,0,0,1,1,1,0,1,1,1
2026-07-03T20:06:30.347,tof2,4x4,side_left,2904,3250,-1,3323,-1,1495,2194,-1,1682,955,1587,-1,1059,819,-1,1053,1,1,0,1,1,1,1,0,1,1,1,0,1,1,1,1
2026-07-03T20:06:30.447,tof1,4x4,side_left,-1,-1,-1,-1,-1,-1,-1,-1,-1,521,415,362,-1,301,299,278,0,0,0,0,0,0,0,0,0,1,1,1,1,1,1,1
2026-07-03T20:06:30.526,tof2,4x4,side_left,3068,3259,3302,3323,-1,1461,-1,3498,1640,967,1586,-1,-1,812,-1,1049,1,1,1,1,1,1,1,1,1,1,1,0,1,1,1,1
2026-07-03T20:06:30.626,tof1,4x4,side_left,-1,-1,-1,-1,-1,-1,-1,-1,-1,529,412,361,-1,294,295,278,0,0,0,0,0,0,0,0,0,1,1,1,0,1,1,1
2026-07-03T20:06:30.679,tof2,4x4,side_left,3042,3252,-1,3312,-1,-1,2227,-1,-1,974,1582,-1,-1,814,1063,1068,1,1,1,1,0,1,1,1,1,1,1,0,1,1,1,1
2026-07-03T20:06:30.794,tof1,4x4,side_left,-1,-1,-1,-1,-1,-1,-1,-1,-1,538,410,364,-1,310,299,284,0,0,0,0,0,0,0,0,0,1,1,1,1,1,1,1
2026-07-03T20:06:30.846,tof2,4x4,side_left,2904,3263,-1,3315,-1,1451,2157,3396,1582,985,1579,-1,-1,824,968,1050,1,1,0,1,0,1,1,1,1,1,1,0,1,1,1,1
2026-07-03T20:06:30.950,tof1,4x4,side_left,-1,-1,-1,-1,-1,-1,-1,-1,-1,533,411,361,-1,298,302,279,0,0,0,0,0,0,0,0,0,1,1,1,0,1,1,1
2026-07-03T20:06:31.020,tof2,4x4,side_left,2864,3255,-1,3339,-1,1489,2163,3494,1571,965,1548,-1,1071,827,-1,1053,1,1,1,1,0,1,1,1,1,1,1,0,1,1,1,1
2026-07-03T20:06:31.107,tof1,4x4,side_left,-1,-1,-1,-1,-1,-1,-1,-1,-1,525,409,364,-1,298,304,280,0,0,0,0,0,0,0,0,0,1,1,1,0,1,1,1
2026-07-03T20:06:31.178,tof2,4x4,side_left,2992,3260,-1,3341,-1,1475,2172,3472,-1,971,1599,-1,1069,821,-1,1048,1,1,0,1,0,1,1,1,0,1,1,0,1,1,1,1
2026-07-03T20:06:31.277,tof1,4x4,side_left,-1,-1,-1,-1,-1,-1,-1,-1,-1,530,407,362,-1,312,302,276,0,0,0,0,0,0,0,0,0,1,1,1,0,1,1,1
2026-07-03T20:06:31.367,tof2,4x4,side_left,2921,3262,-1,3302,2128,1510,-1,3512,1556,970,1589,-1,1054,816,-1,1051,1,1,1,1,1,1,0,1,1,1,1,0,1,1,1,1
2026-07-03T20:06:31.458,tof1,4x4,side_left,-1,-1,-1,-1,-1,-1,-1,-1,-1,524,404,362,-1,299,304,280,0,0,0,0,0,0,0,0,0,1,1,1,0,1,1,1
2026-07-03T20:06:31.517,tof2,4x4,side_left,2947,3250,-1,-1,2084,1460,-1,3481,1559,968,1559,-1,1079,822,-1,1039,1,1,1,1,1,1,0,1,1,1,1,0,1,1,1,1
2026-07-03T20:06:32.492,tof1,4x4,side_left,-1,-1,-1,-1,-1,-1,-1,-1,-1,519,408,361,-1,315,318,279,0,0,0,0,0,0,0,0,0,1,1,1,0,1,1,1
2026-07-03T20:06:32.506,tof2,4x4,side_left,2986,3270,-1,3323,-1,-1,-1,3472,1475,972,1585,-1,1068,821,-1,1036,1,1,0,1,0,0,1,1,1,1,1,0,1,1,1,1
2026-07-03T20:06:32.662,tof1,4x4,side_left,-1,-1,-1,-1,-1,-1,448,-1,-1,519,405,359,-1,311,316,278,0,0,0,0,0,0,1,0,0,1,1,1,0,1,1,1
2026-07-03T20:06:32.668,tof2,4x4,side_left,3076,3256,-1,3331,-1,-1,2140,-1,1608,966,1593,-1,1072,815,1063,1053,1,1,0,1,0,0,1,1,1,1,1,0,1,1,1,1
2026-07-03T20:06:32.822,tof1,4x4,side_left,-1,-1,-1,-1,-1,-1,437,-1,-1,523,407,363,-1,298,315,276,0,0,0,0,0,0,1,0,0,1,1,1,0,1,1,1
2026-07-03T20:06:32.843,tof2,4x4,side_left,-1,3262,-1,3303,-1,-1,-1,3539,-1,958,1629,1229,1066,821,-1,1038,0,1,0,1,0,0,0,1,1,1,1,1,1,1,1,1
2026-07-03T20:06:32.979,tof1,4x4,side_left,-1,-1,-1,-1,-1,439,442,-1,-1,523,407,362,-1,300,317,277,0,0,0,0,0,1,1,0,0,1,1,1,0,1,1,1
2026-07-03T20:06:33.019,tof2,4x4,side_left,3048,3232,-1,-1,2085,-1,-1,3472,-1,969,1595,-1,1064,814,-1,1053,1,1,0,1,1,0,0,1,1,1,1,0,1,1,1,1
2026-07-03T20:06:33.141,tof1,4x4,side_left,-1,-1,-1,-1,-1,-1,447,-1,-1,521,408,360,-1,298,317,276,0,0,0,0,0,0,1,0,0,1,1,1,0,1,1,1
2026-07-03T20:06:33.186,tof2,4x4,side_left,3003,3250,-1,3339,2098,-1,2214,3443,1619,978,1575,-1,1061,819,-1,1045,1,1,0,1,1,0,1,1,1,1,1,1,1,1,1,1
2026-07-03T20:06:33.316,tof1,4x4,side_left,-1,-1,-1,-1,-1,434,453,-1,-1,532,412,362,-1,299,316,274,0,0,0,1,0,1,1,0,0,1,1,1,0,1,1,1
2026-07-03T20:06:33.338,tof2,4x4,side_left,2994,3252,-1,3298,-1,-1,2203,3446,-1,967,1595,-1,-1,818,956,1045,1,1,0,1,0,1,1,1,1,1,1,0,1,1,1,1
2026-07-03T20:06:33.478,tof1,4x4,side_left,-1,-1,-1,-1,-1,-1,-1,-1,-1,527,408,361,-1,295,317,278,0,0,0,0,0,0,0,0,0,1,1,1,1,1,1,1
2026-07-03T20:06:33.515,tof2,4x4,side_left,2974,3242,-1,3346,-1,-1,-1,3427,-1,988,1639,-1,-1,820,-1,1051,1,1,0,1,0,0,0,1,0,1,1,0,1,1,1,1
2026-07-03T20:06:33.635,tof1,4x4,side_left,-1,-1,-1,-1,-1,-1,444,-1,-1,521,409,360,-1,296,317,276,0,0,0,0,0,0,1,0,0,1,1,1,0,1,1,1
2026-07-03T20:06:33.689,tof2,4x4,side_left,2989,3269,-1,3358,2123,-1,-1,3479,-1,940,1562,-1,-1,821,981,1038,1,1,0,1,1,0,0,1,0,1,1,0,1,1,1,1
2026-07-03T20:06:33.791,tof1,4x4,side_left,-1,-1,-1,-1,-1,-1,440,-1,-1,523,410,362,-1,303,313,278,0,0,0,0,0,0,1,0,0,1,1,1,0,1,1,1
2026-07-03T20:06:33.848,tof2,4x4,side_left,-1,3259,-1,3326,-1,1423,2227,3523,-1,973,1618,-1,1056,817,-1,1040,1,1,0,1,0,1,1,1,1,1,1,0,1,1,1,1
2026-07-03T20:06:33.958,tof1,4x4,side_left,-1,-1,-1,-1,-1,-1,446,-1,-1,520,411,365,-1,298,306,277,0,0,0,0,0,0,1,0,0,1,1,1,0,1,1,1
2026-07-03T20:06:34.010,tof2,4x4,side_left,3029,3250,-1,3343,2131,-1,-1,-1,1614,961,1607,-1,1065,816,996,1047,1,1,1,1,1,1,0,1,1,1,1,0,1,1,1,1
2026-07-03T20:06:34.131,tof1,4x4,side_left,-1,-1,-1,-1,-1,-1,-1,-1,-1,525,408,362,-1,311,313,277,0,0,0,0,0,0,0,0,0,1,1,1,1,1,1,1
2026-07-03T20:06:34.178,tof2,4x4,side_left,3012,3270,-1,3324,-1,1492,2235,3448,-1,949,1567,-1,1064,824,-1,1043,1,1,0,1,1,1,1,1,1,1,1,0,1,1,1,1
2026-07-03T20:06:34.297,tof1,4x4,side_left,-1,-1,-1,-1,-1,-1,442,-1,-1,510,411,363,-1,301,315,276,0,0,0,0,0,0,1,0,0,1,1,1,0,1,1,1
2026-07-03T20:06:34.349,tof2,4x4,side_left,3020,3265,-1,3305,-1,1468,-1,3452,1721,975,1564,-1,-1,822,942,1050,1,1,0,1,1,1,1,1,1,1,1,0,1,1,1,1
2026-07-03T20:06:34.462,tof1,4x4,side_left,-1,-1,-1,-1,-1,434,441,-1,-1,521,409,363,-1,298,316,278,0,0,0,0,0,1,1,0,0,1,1,1,0,1,1,1
2026-07-03T20:06:34.520,tof2,4x4,side_left,2992,3250,-1,3308,-1,1496,2202,3408,-1,966,1605,-1,-1,821,-1,1058,1,1,0,1,1,1,1,1,0,1,1,0,1,1,1,1
2026-07-03T20:06:34.624,tof1,4x4,side_left,-1,-1,-1,-1,-1,-1,452,-1,-1,521,410,361,-1,312,319,275,0,0,0,0,0,0,1,0,0,1,1,1,0,1,1,1
2026-07-03T20:06:34.685,tof2,4x4,side_left,2881,3251,-1,3319,-1,1490,2149,-1,1700,961,1588,1277,1055,812,968,1053,1,1,1,1,1,1,1,0,1,1,1,1,1,1,1,1
2026-07-03T20:06:34.782,tof1,4x4,side_left,-1,-1,-1,-1,-1,464,441,-1,-1,533,409,361,-1,317,316,275,0,0,0,0,0,1,1,0,0,1,1,1,0,1,1,1
2026-07-03T20:06:34.854,tof2,4x4,side_left,3044,3245,-1,3338,2168,1483,-1,3484,1646,967,1564,-1,-1,817,-1,1047,1,1,1,1,1,1,0,1,1,1,1,1,1,1,1,1
2026-07-03T20:06:34.943,tof1,4x4,side_left,-1,-1,-1,-1,-1,-1,437,-1,-1,528,413,364,1065,312,319,275,0,0,0,0,0,0,1,0,0,1,1,1,1,1,1,1
2026-07-03T20:06:35.015,tof2,4x4,side_left,2982,3250,-1,3332,-1,1447,2178,3449,1641,971,1570,-1,-1,817,968,1044,1,1,0,1,0,1,1,1,1,1,1,0,1,1,1,1
2026-07-03T20:06:35.094,tof1,4x4,side_left,-1,-1,-1,-1,-1,437,445,-1,-1,525,408,361,-1,296,318,276,1,0,0,0,0,1,1,0,0,1,1,1,0,1,1,1
2026-07-03T20:06:35.171,tof2,4x4,side_left,-1,3246,3333,3323,-1,1481,-1,3431,1484,973,1576,-1,1058,827,-1,1049,1,1,1,1,0,1,1,1,1,1,1,0,1,1,1,1
2026-07-03T20:06:35.260,tof1,4x4,side_left,-1,-1,-1,-1,-1,-1,-1,-1,-1,516,410,361,-1,290,318,277,0,0,0,0,0,0,0,0,0,1,1,1,0,1,1,1
2026-07-03T20:06:35.335,tof2,4x4,side_left,3034,3251,-1,3307,2119,1435,2172,3553,1703,949,1605,-1,1058,817,-1,1047,1,1,1,1,1,1,1,1,1,1,1,0,1,1,1,1
2026-07-03T20:06:35.435,tof1,4x4,side_left,-1,-1,-1,-1,-1,-1,-1,-1,-1,527,407,361,-1,314,318,274,0,0,0,0,0,0,0,0,0,1,1,1,1,1,1,1
2026-07-03T20:06:35.488,tof2,4x4,side_left,3025,3248,-1,3348,-1,1448,2177,3423,1603,963,1669,-1,1061,823,-1,1053,1,1,0,1,0,1,1,1,1,1,1,0,1,1,1,1
2026-07-03T20:06:35.613,tof1,4x4,side_left,-1,-1,-1,-1,-1,-1,-1,-1,-1,525,406,361,-1,297,321,278,0,0,0,0,0,0,0,0,0,1,1,1,0,1,1,1
2026-07-03T20:06:35.663,tof2,4x4,side_left,3000,3256,-1,3311,-1,1487,-1,3482,-1,982,1660,-1,1074,824,959,1046,1,1,0,1,0,1,1,1,0,1,1,0,1,1,1,1
2026-07-03T20:06:35.785,tof1,4x4,side_left,-1,-1,-1,-1,-1,-1,-1,-1,-1,520,406,360,-1,299,319,275,0,0,0,0,0,0,0,0,0,1,1,1,0,1,1,1
2026-07-03T20:06:35.827,tof2,4x4,side_left,-1,3255,-1,3304,-1,1432,-1,2981,1662,961,1675,-1,1063,821,-1,1040,1,1,0,1,0,1,1,1,1,1,1,0,1,1,1,1
2026-07-03T20:06:35.945,tof1,4x4,side_left,-1,-1,-1,-1,-1,-1,-1,-1,-1,523,406,360,-1,302,319,277,0,0,0,0,0,0,0,0,0,1,1,1,0,1,1,1
2026-07-03T20:06:35.986,tof2,4x4,side_left,2990,3257,-1,3327,-1,1463,2183,3519,1581,966,1670,-1,1051,821,1044,1042,1,1,0,1,0,1,1,1,1,1,1,0,1,1,1,1
2026-07-03T20:06:36.105,tof1,4x4,side_left,-1,-1,-1,-1,-1,-1,-1,-1,-1,519,407,361,-1,298,318,277,0,0,0,0,0,0,0,0,0,1,1,1,1,1,1,1
2026-07-03T20:06:36.167,tof2,4x4,side_left,-1,3269,-1,3247,-1,1485,2191,3461,1671,974,1623,-1,-1,818,-1,1041,1,1,0,1,0,1,1,1,1,1,1,0,1,1,1,1
2026-07-03T20:06:36.273,tof1,4x4,side_left,-1,-1,-1,-1,-1,-1,440,-1,-1,521,405,360,432,316,318,276,0,0,0,0,0,0,1,0,0,1,1,1,1,1,1,1
2026-07-03T20:06:36.422,tof1,4x4,side_left,-1,-1,-1,-1,-1,-1,-1,-1,-1,527,404,361,-1,311,319,276,0,0,0,1,0,0,0,0,0,1,1,1,0,1,1,1
2026-07-03T20:06:36.342,tof2,4x4,side_left,3003,3249,-1,3302,-1,1474,2179,-1,-1,959,1597,-1,1061,824,950,1062,1,1,0,1,0,1,1,0,0,1,1,0,1,1,1,1
2026-07-03T20:06:36.508,tof2,4x4,side_left,-1,3255,-1,3317,-1,1474,2232,3458,-1,971,1589,-1,-1,817,-1,1054,1,1,1,1,0,1,1,1,1,1,1,0,1,1,1,1
2026-07-03T20:06:36.593,tof1,4x4,side_left,-1,-1,-1,-1,-1,-1,-1,-1,-1,518,405,363,-1,313,320,277,1,0,0,1,0,0,0,0,0,1,1,1,0,1,1,1
2026-07-03T20:06:36.682,tof2,4x4,side_left,3014,3252,-1,3342,-1,1513,-1,3465,1741,966,1685,1189,1050,817,-1,1055,1,1,1,1,0,1,0,1,1,1,1,1,1,1,1,1
2026-07-03T20:06:36.872,tof1,4x4,side_left,-1,-1,-1,-1,-1,-1,-1,-1,-1,521,407,361,-1,313,319,279,0,0,0,0,0,0,0,0,0,1,1,1,0,1,1,1
2026-07-03T20:06:36.861,tof2,4x4,side_left,3069,3246,-1,3333,-1,1454,-1,3447,1726,959,1588,-1,1063,816,946,1068,1,1,1,1,1,1,0,1,1,1,1,0,1,1,1,1
2026-07-03T20:06:37.033,tof1,4x4,side_left,-1,-1,-1,-1,-1,-1,-1,-1,-1,523,407,362,-1,302,315,277,0,0,0,0,0,0,0,0,0,1,1,1,0,1,1,1
2026-07-03T20:06:37.018,tof2,4x4,side_left,2994,3250,-1,3335,-1,1472,-1,3453,-1,970,1606,-1,1047,818,-1,1053,1,1,1,1,0,1,0,1,1,1,1,0,1,1,1,1
2026-07-03T20:06:37.202,tof1,4x4,side_left,-1,-1,-1,-1,-1,-1,-1,-1,-1,522,407,362,-1,316,323,272,1,0,0,0,0,0,0,0,0,1,1,1,0,1,1,1
2026-07-03T20:06:37.171,tof2,4x4,side_left,3053,3262,-1,3335,-1,1460,-1,3359,1453,948,1602,-1,-1,826,-1,1048,1,1,1,1,1,1,0,1,1,1,1,1,1,1,1,1
2026-07-03T20:06:37.366,tof1,4x4,side_left,-1,-1,-1,-1,-1,-1,-1,-1,-1,521,409,363,-1,298,318,279,0,0,0,0,0,0,0,0,0,1,1,1,1,1,1,1
2026-07-03T20:06:37.334,tof2,4x4,side_left,3054,3252,-1,3332,2107,1496,-1,3498,1567,962,1568,-1,1049,823,924,1037,1,1,1,1,1,1,1,1,1,1,1,0,1,1,1,1
2026-07-03T20:06:37.513,tof2,4x4,side_left,2930,3248,-1,3274,-1,1502,2213,3474,1524,961,1605,-1,1058,816,967,1042,1,1,1,1,0,1,1,1,1,1,1,0,1,1,1,1
2026-07-03T20:06:37.544,tof1,4x4,side_left,-1,-1,-1,-1,-1,-1,444,-1,-1,523,410,363,-1,297,320,277,0,0,0,0,0,0,1,0,0,1,1,1,1,1,1,1
2026-07-03T20:06:37.727,tof1,4x4,side_left,-1,-1,-1,-1,-1,-1,440,-1,-1,530,407,361,-1,298,316,277,0,0,0,0,0,0,1,0,0,1,1,1,0,1,1,1
2026-07-03T20:06:37.672,tof2,4x4,side_left,-1,3252,-1,3309,-1,1476,2176,3446,1545,946,1677,-1,1069,828,966,1049,0,1,1,1,1,1,1,1,1,1,1,0,1,1,1,1
2026-07-03T20:06:37.831,tof2,4x4,side_left,2961,3251,-1,3325,-1,-1,2146,3427,1633,963,1589,-1,1075,823,-1,1046,1,1,0,1,1,1,1,1,1,1,1,0,1,1,1,1
2026-07-03T20:06:37.887,tof1,4x4,side_left,-1,-1,-1,-1,-1,-1,439,-1,-1,522,410,363,-1,299,320,277,0,0,0,0,1,0,1,0,0,1,1,1,0,1,1,1
2026-07-03T20:06:38.141,tof1,4x4,side_left,-1,-1,-1,-1,-1,-1,-1,-1,-1,526,407,362,-1,297,323,276,0,0,0,0,0,0,0,0,0,1,1,1,0,1,1,1
2026-07-03T20:06:38.013,tof2,4x4,side_left,2952,3247,-1,3293,-1,1472,-1,3481,1433,974,1559,-1,1061,824,-1,1036,1,1,0,1,0,1,0,1,1,1,1,0,1,1,1,1
2026-07-03T20:06:38.425,tof1,4x4,side_left,-1,-1,-1,-1,-1,-1,-1,-1,-1,519,408,362,-1,298,315,280,0,0,0,0,0,0,0,0,0,1,1,1,0,1,1,1
2026-07-03T20:06:38.420,tof2,4x4,side_left,3050,3270,-1,3299,2119,1513,2152,-1,-1,964,1576,-1,1072,812,-1,1046,1,1,0,1,1,1,1,0,1,1,1,0,1,1,1,1
2026-07-03T20:06:38.574,tof2,4x4,side_left,2990,3248,3307,3324,-1,1455,2149,3479,1687,973,1597,-1,1062,828,-1,1059,1,1,1,1,1,1,1,1,1,1,1,0,1,1,1,1
2026-07-03T20:06:38.635,tof1,4x4,side_left,-1,-1,-1,-1,-1,-1,-1,-1,-1,527,407,362,-1,314,319,278,0,0,0,0,0,0,0,0,0,1,1,1,1,1,1,1
2026-07-03T20:06:38.750,tof2,4x4,side_left,2995,3263,3308,3322,-1,1463,-1,3452,1515,960,1572,-1,1058,829,-1,1043,1,1,1,1,0,1,1,1,1,1,1,0,1,1,1,1
2026-07-03T20:06:38.801,tof1,4x4,side_left,-1,-1,-1,-1,-1,-1,-1,-1,-1,516,410,359,-1,306,319,276,0,0,0,0,0,0,0,0,0,1,1,1,0,1,1,1
2026-07-03T20:06:38.953,tof1,4x4,side_left,-1,-1,-1,-1,-1,-1,-1,-1,-1,528,409,362,-1,315,318,279,1,0,0,0,0,0,0,0,0,1,1,1,0,1,1,1
2026-07-03T20:06:38.934,tof2,4x4,side_left,2942,3257,-1,3327,-1,1426,-1,-1,1554,966,1558,-1,1055,817,-1,1049,1,1,1,1,1,1,1,0,1,1,1,0,1,1,1,1
2026-07-03T20:06:39.124,tof2,4x4,side_left,-1,3252,-1,3306,-1,1481,-1,3480,1612,970,1609,-1,1046,823,975,1035,1,1,1,1,0,1,1,1,1,1,1,0,1,1,1,1
2026-07-03T20:06:39.145,tof1,4x4,side_left,-1,-1,-1,-1,-1,-1,-1,-1,-1,520,407,362,-1,299,318,281,0,0,0,0,0,0,0,0,0,1,1,1,0,1,1,1
2026-07-03T20:06:39.312,tof1,4x4,side_left,-1,-1,-1,-1,-1,-1,441,-1,-1,522,408,360,-1,310,319,274,0,1,0,0,0,0,1,0,0,1,1,1,0,1,1,1
2026-07-03T20:06:39.286,tof2,4x4,side_left,2986,3256,-1,3308,-1,1457,2141,-1,1669,983,1578,-1,1048,814,-1,1052,1,1,1,1,0,1,1,0,1,1,1,0,1,1,1,1
2026-07-03T20:06:39.482,tof1,4x4,side_left,-1,-1,-1,-1,-1,-1,-1,-1,-1,525,407,360,-1,313,316,278,0,0,0,0,0,0,0,0,0,1,1,1,0,1,1,1
2026-07-03T20:06:39.458,tof2,4x4,side_left,3011,3257,-1,3309,-1,1467,-1,3401,1652,974,1591,-1,-1,819,-1,1049,1,1,1,1,0,1,1,1,1,1,1,0,1,1,1,1
2026-07-03T20:06:39.629,tof2,4x4,side_left,3003,3259,3289,3332,-1,1487,-1,-1,1661,990,1562,-1,1067,821,-1,1034,1,1,1,1,0,1,0,1,1,1,1,0,1,1,1,1
2026-07-03T20:06:39.665,tof1,4x4,side_left,-1,-1,-1,-1,-1,-1,-1,-1,-1,522,410,362,-1,301,317,277,0,0,0,0,0,0,0,0,0,1,1,1,0,1,1,1
2026-07-03T20:06:39.808,tof2,4x4,side_left,2999,3258,-1,3337,2114,1475,-1,3433,1675,959,1581,-1,1058,820,1054,1044,1,1,0,1,1,1,1,1,1,1,1,0,1,1,1,1
2026-07-03T20:06:39.837,tof1,4x4,side_left,-1,-1,-1,-1,-1,-1,-1,-1,-1,527,408,362,1078,300,317,274,0,0,0,0,0,0,0,0,0,1,1,1,1,1,1,1
2026-07-03T20:06:39.994,tof1,4x4,side_left,-1,-1,-1,-1,-1,-1,-1,-1,-1,517,409,363,-1,301,318,277,0,0,0,0,0,0,0,0,0,1,1,1,0,1,1,1
2026-07-03T20:06:39.981,tof2,4x4,side_left,-1,3247,-1,3254,2105,1479,-1,3521,1585,980,1598,-1,-1,822,977,1044,1,1,0,1,1,1,1,1,1,1,1,0,1,1,1,1
2026-07-03T20:06:40.174,tof1,4x4,side_left,-1,-1,-1,-1,-1,-1,-1,-1,-1,523,408,362,-1,317,316,279,0,0,0,0,0,0,0,0,0,1,1,1,1,1,1,1
2026-07-03T20:06:40.147,tof2,4x4,side_left,3063,3238,-1,3353,-1,1468,-1,3487,-1,963,1621,-1,1056,822,-1,1052,1,1,0,1,1,1,0,1,1,1,1,0,1,1,1,1
2026-07-03T20:06:40.337,tof1,4x4,side_left,-1,-1,-1,-1,-1,-1,446,-1,-1,523,409,360,-1,301,318,278,0,0,0,0,0,0,1,0,0,1,1,1,0,1,1,1
2026-07-03T20:06:40.318,tof2,4x4,side_left,2993,3252,-1,3345,2028,1473,-1,-1,1572,943,1608,-1,1058,819,-1,1058,1,1,0,1,1,1,0,0,1,1,1,1,1,1,1,1
2026-07-03T20:06:40.489,tof2,4x4,side_left,2979,3248,3290,3296,-1,1483,-1,3539,1592,969,1588,-1,1053,818,-1,1052,1,1,1,1,0,1,1,1,1,1,1,0,1,1,1,1
2026-07-03T20:06:40.515,tof1,4x4,side_left,-1,-1,-1,-1,-1,-1,-1,-1,-1,523,407,362,-1,300,319,274,0,0,0,0,0,0,0,0,0,1,1,1,1,1,1,1
2026-07-03T20:06:40.658,tof2,4x4,side_left,3010,3251,-1,3344,2105,1472,2221,3473,1728,941,1639,-1,1053,813,969,1053,1,1,0,1,1,1,1,1,1,1,1,1,1,1,1,1
2026-07-03T20:06:41.369,tof1,4x4,side_left,-1,-1,-1,-1,-1,444,440,-1,-1,518,410,361,-1,312,321,274,0,0,0,0,0,1,1,0,0,1,1,1,1,1,1,1
2026-07-03T20:06:42.189,tof2,4x4,side_left,3006,3269,-1,3336,-1,1478,-1,3480,1583,-1,1700,-1,1054,821,-1,1055,1,1,0,1,1,1,0,1,1,1,1,0,1,1,1,1
2026-07-03T20:06:42.501,tof1,4x4,side_left,-1,-1,-1,-1,-1,-1,447,-1,-1,513,407,361,-1,313,324,278,0,0,0,0,0,0,1,0,0,1,1,1,0,1,1,1
2026-07-03T20:06:42.509,tof2,4x4,side_left,3047,3254,-1,3289,-1,-1,-1,-1,-1,977,1603,-1,1051,826,-1,1049,1,1,0,1,1,1,1,0,1,1,1,0,1,1,1,1
2026-07-03T20:06:42.680,tof1,4x4,side_left,-1,-1,-1,-1,-1,-1,-1,-1,-1,529,408,361,-1,298,305,279,0,0,0,0,0,0,0,0,0,1,1,1,0,1,1,1
2026-07-03T20:06:42.697,tof2,4x4,side_left,3011,3265,-1,3285,-1,-1,2172,3535,-1,957,1578,-1,1059,832,1057,1044,1,1,0,1,0,0,1,1,1,1,1,0,1,1,1,1
2026-07-03T20:06:42.838,tof1,4x4,side_left,-1,-1,-1,-1,-1,-1,-1,-1,-1,524,411,361,-1,314,319,279,0,0,0,0,0,0,0,0,0,1,1,1,0,1,1,1
2026-07-03T20:06:42.863,tof2,4x4,side_left,2991,3248,-1,3296,-1,-1,-1,-1,-1,958,1561,-1,1064,823,966,1060,1,1,0,1,0,0,0,0,0,1,1,0,1,1,1,1
2026-07-03T20:06:43.004,tof1,4x4,side_left,-1,-1,-1,-1,-1,-1,442,-1,-1,522,410,359,-1,294,317,275,0,0,0,0,0,0,1,0,0,1,1,1,0,1,1,1
2026-07-03T20:06:43.031,tof2,4x4,side_left,2977,3266,-1,3318,-1,-1,-1,3496,1708,956,1567,-1,1059,814,-1,1046,1,1,1,1,0,0,0,1,1,1,1,0,1,1,1,1
2026-07-03T20:06:43.167,tof1,4x4,side_left,-1,-1,-1,-1,-1,-1,445,-1,-1,520,409,359,-1,297,306,275,0,0,0,0,0,0,1,0,0,1,1,1,0,1,1,1
2026-07-03T20:06:43.188,tof2,4x4,side_left,2964,3246,-1,3326,-1,-1,-1,3424,1619,969,1588,-1,1054,821,-1,1061,1,1,0,1,1,1,1,1,1,1,1,0,1,1,1,1
2026-07-03T20:06:43.339,tof1,4x4,side_left,-1,-1,-1,-1,-1,-1,461,-1,-1,526,408,363,-1,293,320,273,0,0,0,0,0,0,1,0,0,1,1,1,0,1,1,1
2026-07-03T20:06:43.361,tof2,4x4,side_left,2958,3257,-1,3343,-1,-1,-1,3497,1617,958,1645,-1,1058,818,1062,1042,1,1,0,1,0,0,0,1,1,1,1,0,1,1,1,1
2026-07-03T20:06:43.511,tof1,4x4,side_left,-1,-1,-1,-1,-1,-1,443,-1,-1,534,407,361,-1,299,317,274,1,0,0,0,0,0,1,0,0,1,1,1,0,1,1,1
2026-07-03T20:06:43.537,tof2,4x4,side_left,3012,3257,-1,3328,-1,-1,2076,3449,1568,970,1603,-1,1059,829,960,1058,1,1,0,1,0,0,1,1,1,1,1,0,1,1,1,1
2026-07-03T20:06:43.677,tof1,4x4,side_left,-1,-1,-1,-1,-1,-1,-1,-1,-1,515,409,362,-1,306,319,277,0,0,0,0,0,0,0,0,0,1,1,1,0,1,1,1
2026-07-03T20:06:43.725,tof2,4x4,side_left,-1,3246,-1,3328,-1,-1,-1,3463,1601,971,1587,-1,1054,826,972,1053,1,1,0,1,0,0,0,1,1,1,1,1,1,1,1,1
2026-07-03T20:06:43.832,tof1,4x4,side_left,-1,-1,-1,-1,-1,-1,452,-1,-1,525,409,362,-1,314,314,279,0,0,0,0,0,0,1,0,0,1,1,1,0,1,1,1
2026-07-03T20:06:43.925,tof2,4x4,side_left,3014,3243,-1,3317,-1,-1,2181,3497,-1,957,1563,-1,-1,816,963,1045,1,1,0,1,0,1,1,1,0,1,1,0,1,1,1,1
2026-07-03T20:06:43.995,tof1,4x4,side_left,-1,-1,-1,-1,-1,-1,433,-1,-1,522,409,362,-1,299,318,277,1,0,0,0,1,1,1,0,0,1,1,1,0,1,1,1
2026-07-03T20:06:44.099,tof2,4x4,side_left,2981,3257,-1,3335,-1,-1,-1,3509,1554,962,1598,-1,1052,814,-1,1044,1,1,0,1,1,0,1,1,1,1,1,0,1,1,1,1
2026-07-03T20:06:44.163,tof1,4x4,side_left,-1,-1,-1,-1,-1,437,442,-1,-1,525,405,360,-1,294,322,280,0,0,0,0,0,1,1,0,0,1,1,1,0,1,1,1
2026-07-03T20:06:44.265,tof2,4x4,side_left,3077,3242,-1,3279,2109,-1,-1,3464,1507,970,1612,-1,-1,818,958,1045,1,1,0,1,1,1,1,1,1,1,1,0,1,1,1,1
2026-07-03T20:06:44.330,tof1,4x4,side_left,-1,-1,-1,-1,-1,-1,443,-1,-1,536,408,362,-1,299,320,282,0,0,0,0,0,0,1,0,0,1,1,1,0,1,1,1
2026-07-03T20:06:44.419,tof2,4x4,side_left,-1,3266,-1,3316,-1,-1,2157,3556,1565,969,1588,-1,1057,822,-1,1044,0,1,0,1,1,0,1,1,1,1,1,0,1,1,1,1
2026-07-03T20:06:44.485,tof1,4x4,side_left,-1,-1,-1,-1,-1,-1,446,-1,-1,527,405,364,-1,310,324,277,1,0,0,1,0,0,1,0,0,1,1,1,0,1,1,1
2026-07-03T20:06:44.579,tof2,4x4,side_left,3052,3268,-1,3319,-1,-1,-1,-1,1509,979,1591,-1,1061,827,-1,1052,1,1,1,1,1,0,1,1,1,1,1,0,1,1,1,1
2026-07-03T20:06:44.652,tof1,4x4,side_left,-1,-1,-1,-1,-1,438,445,-1,-1,520,409,360,-1,298,314,276,0,0,0,0,0,1,1,0,0,1,1,1,0,1,1,1
2026-07-03T20:06:44.747,tof2,4x4,side_left,3062,3251,-1,3344,-1,1437,-1,3462,-1,964,1564,-1,-1,814,950,1042,1,1,1,1,0,1,0,1,0,1,1,0,1,1,1,1
2026-07-03T20:06:44.825,tof1,4x4,side_left,-1,-1,-1,-1,-1,-1,-1,-1,-1,519,409,361,-1,314,318,279,0,0,0,0,0,0,0,0,0,1,1,1,0,1,1,1
2026-07-03T20:06:44.919,tof2,4x4,side_left,3101,3254,-1,3301,-1,1487,-1,3443,1726,962,1580,-1,1059,822,-1,1044,1,1,0,1,1,1,0,1,1,1,1,0,1,1,1,1
2026-07-03T20:06:45.014,tof1,4x4,side_left,-1,-1,-1,-1,-1,-1,443,-1,-1,524,406,359,-1,313,318,279,0,0,0,0,0,0,1,0,0,1,1,1,0,1,1,1
2026-07-03T20:06:45.085,tof2,4x4,side_left,3022,3246,-1,3355,-1,-1,-1,3497,-1,975,1620,-1,1061,823,-1,1062,1,1,0,1,0,1,1,1,1,1,1,1,1,1,1,1
2026-07-03T20:06:45.183,tof1,4x4,side_left,-1,-1,-1,-1,-1,-1,439,-1,-1,521,410,360,-1,314,321,279,0,0,0,0,0,0,1,0,0,1,1,1,0,1,1,1
2026-07-03T20:06:45.462,tof1,4x4,side_left,-1,-1,-1,-1,-1,-1,-1,-1,-1,526,408,362,-1,309,319,280,0,0,0,0,0,0,0,0,0,1,1,1,0,1,1,1
2026-07-03T20:06:45.476,tof2,4x4,side_left,3007,3268,-1,3356,2120,-1,2229,-1,-1,959,1583,-1,1063,833,-1,1038,1,1,0,1,1,1,1,0,1,1,1,0,1,1,1,1
2026-07-03T20:06:45.630,tof1,4x4,side_left,-1,-1,-1,-1,-1,444,438,-1,-1,523,408,363,-1,312,318,279,0,0,0,0,0,1,1,0,0,1,1,1,0,1,1,1
2026-07-03T20:06:45.641,tof2,4x4,side_left,2974,3259,-1,3318,2101,1480,2225,3436,1595,962,1604,1275,1068,824,-1,1049,1,1,0,1,1,1,1,1,1,1,1,1,1,1,1,1
2026-07-03T20:06:45.821,tof1,4x4,side_left,-1,-1,-1,-1,-1,439,440,-1,-1,518,405,361,-1,312,320,279,0,0,0,0,0,1,1,0,0,1,1,1,1,1,1,1
2026-07-03T20:06:45.820,tof2,4x4,side_left,3016,3253,-1,3349,-1,1480,2222,3411,1636,964,1592,-1,1053,826,-1,1036,1,1,1,1,0,1,1,1,1,1,1,0,1,1,1,1
2026-07-03T20:06:46.014,tof1,4x4,side_left,-1,-1,-1,-1,-1,-1,444,-1,-1,519,411,363,-1,311,315,276,0,0,0,0,0,0,1,0,0,1,1,1,0,1,1,1
2026-07-03T20:06:45.989,tof2,4x4,side_left,3003,3263,-1,3296,-1,1491,-1,3448,-1,957,1636,-1,1069,820,956,1048,1,1,1,1,0,1,0,1,1,1,1,0,1,1,1,1
2026-07-03T20:06:46.175,tof1,4x4,side_left,-1,-1,-1,-1,-1,-1,447,-1,-1,527,410,361,-1,294,320,275,0,0,0,0,0,0,1,0,0,1,1,1,1,1,1,1
2026-07-03T20:06:46.156,tof2,4x4,side_left,2984,3255,-1,3338,-1,1486,2192,3466,1535,970,1651,-1,1058,821,943,1052,1,1,1,1,1,1,1,1,1,1,1,0,1,1,1,1
2026-07-03T20:06:46.400,tof1,4x4,side_left,-1,-1,-1,-1,-1,-1,-1,-1,-1,523,406,364,-1,300,322,280,0,0,0,0,0,0,0,0,0,1,1,1,0,1,1,1
2026-07-03T20:06:46.406,tof2,4x4,side_left,2991,3260,-1,3306,-1,-1,-1,3525,-1,963,1605,-1,1064,815,-1,1044,1,1,1,1,0,1,0,1,0,1,1,0,1,1,1,1
2026-07-03T20:06:46.548,tof1,4x4,side_left,-1,-1,-1,-1,-1,-1,442,-1,-1,526,406,360,-1,298,318,274,0,0,0,0,0,0,1,0,0,1,1,1,1,1,1,1
2026-07-03T20:06:46.571,tof2,4x4,side_left,2976,3258,-1,3323,2074,1477,2194,3463,1629,969,1590,-1,1063,814,1064,1042,1,1,0,1,1,1,1,1,1,1,1,1,1,1,1,1
2026-07-03T20:06:46.722,tof1,4x4,side_left,-1,-1,-1,-1,-1,-1,442,-1,-1,516,411,364,-1,297,315,278,0,0,0,0,0,0,1,0,0,1,1,1,0,1,1,1
2026-07-03T20:06:46.731,tof2,4x4,side_left,-1,3265,-1,3273,-1,1445,2099,3464,1599,972,1598,-1,1054,821,-1,1052,1,1,0,1,0,1,1,1,1,1,1,1,1,1,1,1
2026-07-03T20:06:46.885,tof1,4x4,side_left,-1,-1,-1,-1,-1,-1,-1,-1,-1,524,408,363,-1,299,315,277,0,0,0,1,0,0,0,0,0,1,1,1,0,1,1,1
2026-07-03T20:06:46.906,tof2,4x4,side_left,2995,3257,-1,3282,2136,1471,-1,3468,1562,964,1614,-1,1059,824,-1,1049,1,1,0,1,1,1,1,1,1,1,1,0,1,1,1,1
2026-07-03T20:06:47.045,tof1,4x4,side_left,-1,-1,-1,-1,-1,434,440,-1,-1,526,409,359,-1,296,318,277,0,0,0,0,0,1,1,0,0,1,1,1,0,1,1,1
2026-07-03T20:06:47.066,tof2,4x4,side_left,2957,3259,-1,3338,2108,1480,-1,-1,-1,957,1572,-1,1064,810,-1,1036,1,1,0,1,1,1,1,0,0,1,1,0,1,1,1,1
2026-07-03T20:06:47.214,tof1,4x4,side_left,-1,-1,-1,-1,-1,-1,448,-1,-1,521,407,362,-1,296,317,277,0,0,0,0,0,0,1,0,0,1,1,1,1,1,1,1
2026-07-03T20:06:47.235,tof2,4x4,side_left,-1,3260,-1,3323,2182,1458,-1,3467,1580,964,1605,-1,1073,812,-1,1054,1,1,0,1,1,1,0,1,1,1,1,0,1,1,1,1
2026-07-03T20:06:47.364,tof1,4x4,side_left,-1,-1,-1,-1,-1,-1,-1,-1,-1,529,410,363,-1,298,321,279,0,0,0,0,0,0,0,0,0,1,1,1,0,1,1,1
2026-07-03T20:06:47.384,tof2,4x4,side_left,3039,3255,-1,3310,1999,1475,2182,3467,-1,960,1595,-1,1066,814,-1,1026,1,1,0,1,1,1,1,1,0,1,1,1,1,1,1,1
2026-07-03T20:06:47.521,tof1,4x4,side_left,-1,-1,-1,-1,-1,-1,-1,-1,-1,523,410,363,1065,296,317,278,0,0,0,0,0,0,0,0,0,1,1,1,1,1,1,1
2026-07-03T20:06:47.562,tof2,4x4,side_left,3073,3236,-1,3305,2113,1485,2194,3394,-1,964,1611,-1,1071,819,962,1050,1,1,1,1,1,1,1,1,1,1,1,0,1,1,1,1
2026-07-03T20:06:47.681,tof1,4x4,side_left,-1,-1,-1,-1,-1,-1,-1,-1,-1,519,406,363,-1,308,317,280,0,0,0,1,0,0,0,0,0,1,1,1,0,1,1,1
2026-07-03T20:06:47.719,tof2,4x4,side_left,3049,3251,-1,3308,2145,1458,2200,3442,-1,968,1638,-1,-1,822,-1,1041,1,1,1,1,1,1,1,1,1,1,1,1,1,1,1,1
2026-07-03T20:06:47.850,tof1,4x4,side_left,-1,-1,-1,-1,-1,-1,-1,-1,-1,527,409,365,-1,315,324,274,0,0,0,0,0,0,0,0,0,1,1,1,0,1,1,1
2026-07-03T20:06:47.892,tof2,4x4,side_left,2998,3258,-1,3321,-1,1494,2159,3445,1524,975,1595,-1,1052,823,967,1051,1,1,1,1,0,1,1,1,1,1,1,0,1,1,1,1
2026-07-03T20:06:48.016,tof1,4x4,side_left,-1,-1,-1,-1,-1,-1,-1,-1,-1,529,411,360,-1,317,316,275,0,0,0,0,0,0,0,0,0,1,1,1,0,1,1,1
2026-07-03T20:06:48.067,tof2,4x4,side_left,-1,3263,-1,3318,2067,1464,-1,3511,1610,989,1577,-1,-1,822,962,1052,1,1,0,1,1,1,1,1,1,1,1,0,1,1,1,1
2026-07-03T20:06:48.166,tof1,4x4,side_left,-1,-1,-1,-1,-1,-1,447,-1,-1,527,409,361,-1,295,314,276,0,0,0,0,0,0,1,0,0,1,1,1,0,1,1,1
2026-07-03T20:06:48.221,tof2,4x4,side_left,3057,3242,-1,3297,-1,1448,2153,-1,-1,950,1673,-1,1067,817,1065,1061,1,1,0,1,0,1,1,1,1,1,1,0,1,1,1,1
2026-07-03T20:06:48.328,tof1,4x4,side_left,-1,-1,-1,-1,-1,-1,446,-1,-1,526,410,360,-1,315,316,277,0,0,0,0,0,0,1,0,0,1,1,1,0,1,1,1
2026-07-03T20:06:48.381,tof2,4x4,side_left,3003,3253,3361,3340,-1,1471,2161,3477,1608,986,1417,-1,1063,814,-1,1051,1,1,1,1,0,1,1,1,1,1,1,0,1,1,1,1
2026-07-03T20:06:48.496,tof1,4x4,side_left,-1,-1,-1,-1,-1,441,441,-1,-1,524,408,362,-1,316,318,277,0,0,0,0,0,1,1,0,0,1,1,1,1,1,1,1
2026-07-03T20:06:48.547,tof2,4x4,side_left,2990,3257,-1,3301,2139,1484,-1,3506,1592,981,1597,-1,1064,826,937,1044,1,1,0,1,1,1,1,1,1,1,1,1,1,1,1,1
2026-07-03T20:06:48.650,tof1,4x4,side_left,-1,-1,-1,-1,-1,-1,-1,-1,-1,518,410,362,-1,312,319,276,1,0,0,0,0,0,0,0,0,1,1,1,0,1,1,1
2026-07-03T20:06:48.701,tof2,4x4,side_left,-1,3253,3302,3312,-1,1488,-1,3447,1661,960,1651,-1,1054,826,1074,1050,1,1,1,1,1,1,1,1,1,1,1,0,1,1,1,1
2026-07-03T20:06:48.813,tof1,4x4,side_left,-1,-1,-1,-1,-1,-1,-1,-1,-1,530,406,361,-1,313,315,277,0,0,0,0,0,0,0,0,0,1,1,1,0,1,1,1
2026-07-03T20:06:48.867,tof2,4x4,side_left,-1,3247,-1,3334,-1,1451,2179,3447,1517,963,1551,-1,1058,817,-1,1048,0,1,1,1,1,1,1,1,1,1,1,0,1,1,1,1
2026-07-03T20:06:48.981,tof1,4x4,side_left,-1,-1,-1,-1,-1,440,444,-1,-1,512,405,359,-1,296,320,276,0,0,0,0,0,1,1,0,0,1,1,1,0,1,1,1
2026-07-03T20:06:49.062,tof2,4x4,side_left,2990,3261,-1,3321,2180,1468,-1,3495,1543,950,1549,-1,-1,817,975,1058,1,1,0,1,1,1,0,1,1,1,1,0,1,1,1,1
2026-07-03T20:06:49.150,tof1,4x4,side_left,-1,-1,-1,-1,-1,-1,442,-1,-1,521,407,361,-1,299,319,276,0,0,0,0,0,0,1,0,0,1,1,1,1,1,1,1
2026-07-03T20:06:49.246,tof2,4x4,side_left,-1,3252,-1,3295,-1,-1,2207,3447,-1,954,1577,-1,1063,826,-1,1051,1,1,1,1,1,1,1,1,1,1,1,0,1,1,1,1
2026-07-03T20:06:49.314,tof1,4x4,side_left,-1,-1,-1,-1,-1,-1,-1,-1,-1,530,404,360,-1,315,318,278,0,0,0,0,0,0,0,0,0,1,1,1,0,1,1,1
2026-07-03T20:06:49.398,tof2,4x4,side_left,3003,3251,-1,3299,2133,1490,2160,3487,-1,981,1579,-1,1049,815,974,1056,1,1,0,1,1,1,1,1,1,1,1,0,1,1,1,1
2026-07-03T20:06:49.482,tof1,4x4,side_left,-1,-1,-1,-1,-1,449,-1,-1,-1,529,405,361,-1,315,323,279,0,0,0,0,0,1,0,0,0,1,1,1,1,1,1,1
2026-07-03T20:06:49.665,tof1,4x4,side_left,-1,-1,-1,-1,-1,-1,-1,-1,-1,523,406,360,-1,312,315,277,0,1,0,0,0,0,0,0,0,1,1,1,0,1,1,1
2026-07-03T20:06:49.662,tof2,4x4,side_left,2974,3249,-1,3327,2145,-1,2207,3553,-1,965,1609,-1,1066,821,-1,1048,1,1,0,1,1,1,1,1,1,1,1,0,1,1,1,1
2026-07-03T20:06:49.841,tof1,4x4,side_left,-1,-1,-1,-1,-1,-1,440,-1,-1,519,404,360,-1,297,317,271,0,0,0,0,0,0,1,0,0,1,1,1,0,1,1,1
2026-07-03T20:06:49.821,tof2,4x4,side_left,3053,3259,-1,3334,-1,1467,-1,3483,-1,960,1626,-1,1055,829,-1,1057,1,1,1,1,0,1,0,1,0,1,1,0,1,1,1,1
2026-07-03T20:06:50.004,tof1,4x4,side_left,-1,-1,-1,-1,-1,433,450,-1,-1,516,409,361,-1,317,318,276,0,0,0,0,0,1,1,0,0,1,1,1,0,1,1,1
2026-07-03T20:06:49.979,tof2,4x4,side_left,2937,3253,-1,3329,-1,1517,2279,3405,1693,968,1580,-1,1068,815,-1,1045,1,1,0,1,1,1,1,1,1,1,1,0,1,1,1,1
2026-07-03T20:06:50.175,tof1,4x4,side_left,-1,-1,-1,-1,-1,-1,445,-1,-1,523,409,359,-1,315,314,276,0,0,0,0,0,0,1,0,0,1,1,1,0,1,1,1
2026-07-03T20:06:50.154,tof2,4x4,side_left,-1,3257,-1,3290,2096,1470,-1,3545,1693,981,1590,-1,1064,828,-1,1045,1,1,1,1,1,1,0,1,1,1,1,0,1,1,1,1
2026-07-03T20:06:50.332,tof1,4x4,side_left,-1,-1,-1,-1,-1,-1,-1,-1,-1,515,410,361,-1,296,317,280,0,0,0,0,0,0,0,0,0,1,1,1,0,1,1,1
2026-07-03T20:06:50.313,tof2,4x4,side_left,3053,3260,-1,3355,2130,1458,2210,-1,1704,986,1609,-1,1070,828,1052,1056,1,1,0,1,1,1,1,0,1,1,1,0,1,1,1,1
2026-07-03T20:06:50.492,tof1,4x4,side_left,-1,-1,-1,-1,-1,-1,446,-1,-1,525,409,362,-1,298,320,276,0,0,0,0,0,0,1,0,0,1,1,1,0,1,1,1
2026-07-03T20:06:50.496,tof2,4x4,side_left,2993,3251,-1,3319,-1,1468,2158,3389,-1,965,1567,-1,1070,816,1067,1043,1,1,0,1,0,1,1,1,0,1,1,1,1,1,1,1
2026-07-03T20:06:50.655,tof1,4x4,side_left,-1,-1,-1,-1,-1,-1,438,-1,-1,513,409,360,-1,297,319,275,0,0,0,0,0,0,1,0,0,1,1,1,0,1,1,1
2026-07-03T20:06:50.733,tof2,4x4,side_left,3018,3272,-1,3295,-1,1444,2121,-1,-1,976,1579,-1,1062,826,981,1057,1,1,0,1,0,1,1,1,0,1,1,1,1,1,1,1
2026-07-03T20:06:50.821,tof1,4x4,side_left,-1,-1,-1,-1,-1,-1,-1,-1,-1,514,408,362,-1,299,317,281,0,0,0,0,0,0,0,0,0,1,1,1,0,1,1,1
2026-07-03T20:06:50.903,tof2,4x4,side_left,2942,3251,-1,-1,-1,1512,-1,3513,1600,966,1571,-1,1063,822,1091,1048,1,1,0,1,0,1,0,1,1,1,1,1,1,1,1,1
2026-07-03T20:06:50.967,tof1,4x4,side_left,-1,-1,-1,-1,-1,-1,-1,-1,-1,518,406,361,-1,298,318,275,0,0,0,0,0,0,0,0,0,1,1,1,0,1,1,1
2026-07-03T20:06:51.073,tof2,4x4,side_left,3012,3263,-1,3311,-1,1489,-1,3523,-1,967,1615,-1,1061,815,975,1039,1,1,0,1,0,1,0,1,1,1,1,0,1,1,1,1
2026-07-03T20:06:51.130,tof1,4x4,side_left,-1,-1,-1,-1,-1,-1,-1,-1,-1,525,410,361,-1,299,318,279,0,0,0,0,0,0,0,0,0,1,1,1,0,1,1,1
2026-07-03T20:06:51.242,tof2,4x4,side_left,3002,3257,-1,3309,-1,1448,2162,3445,1611,970,1572,-1,-1,817,-1,1061,1,1,0,1,1,1,1,1,1,1,1,0,1,1,1,1
2026-07-03T20:06:51.309,tof1,4x4,side_left,-1,-1,-1,-1,-1,-1,-1,-1,-1,528,408,361,-1,289,319,276,1,0,0,0,0,0,0,0,0,1,1,1,0,1,1,1
2026-07-03T20:06:51.425,tof2,4x4,side_left,3052,3263,-1,3298,2180,1504,2166,3415,1636,966,1596,-1,-1,824,976,1061,1,1,0,1,1,1,1,1,1,1,1,0,1,1,1,1
2026-07-03T20:06:51.479,tof1,4x4,side_left,-1,-1,-1,-1,-1,-1,448,-1,-1,514,407,363,-1,294,318,281,0,0,0,0,0,0,1,0,0,1,1,1,0,1,1,1
2026-07-03T20:06:51.581,tof2,4x4,side_left,3000,3254,-1,-1,-1,1470,-1,3535,-1,959,1611,-1,1054,820,-1,1047,1,1,0,1,0,1,1,1,1,1,1,0,1,1,1,1
2026-07-03T20:06:51.640,tof1,4x4,side_left,-1,-1,-1,-1,-1,-1,449,-1,-1,530,408,361,-1,289,317,281,0,0,0,0,0,0,1,0,0,1,1,1,0,1,1,1
2026-07-03T20:06:51.753,tof2,4x4,side_left,3029,3266,3284,3325,-1,1465,-1,3481,-1,954,1599,-1,1056,822,-1,1053,1,1,1,1,1,1,1,1,1,1,1,1,1,1,1,1
2026-07-03T20:06:51.819,tof1,4x4,side_left,-1,-1,-1,-1,-1,-1,-1,-1,-1,528,407,360,-1,299,318,277,0,1,0,0,0,0,0,0,0,1,1,1,0,1,1,1
2026-07-03T20:06:51.928,tof2,4x4,side_left,2980,3251,3354,3315,-1,1476,-1,3016,1615,961,1604,-1,-1,824,-1,1058,1,1,1,1,0,1,0,1,1,1,1,0,1,1,1,1
2026-07-03T20:06:52.093,tof2,4x4,side_left,2996,3255,-1,3304,-1,1448,-1,3516,1549,963,1593,1289,1069,821,-1,1050,1,1,0,1,0,1,0,1,1,1,1,1,1,1,1,1
2026-07-03T20:06:52.253,tof2,4x4,side_left,-1,3248,-1,3289,2097,1511,-1,3455,-1,956,1567,1368,1061,819,-1,1047,1,1,0,1,1,1,1,1,0,1,1,1,1,1,1,1
2026-07-03T20:06:52.433,tof2,4x4,side_left,3000,3236,-1,3317,2070,1452,2174,3483,1708,943,1608,-1,-1,815,1046,1052,1,1,0,1,1,1,1,1,1,1,1,0,1,1,1,1
2026-07-03T20:06:52.586,tof2,4x4,side_left,-1,3260,-1,3322,2178,1380,2173,3447,1498,969,1569,-1,1055,824,-1,1039,1,1,0,1,1,1,1,1,1,1,1,0,1,1,1,1
2026-07-03T20:06:52.845,tof2,4x4,side_left,3028,3253,-1,3311,-1,1455,-1,3498,1462,968,1566,-1,1061,819,1080,1054,1,1,0,1,0,1,1,1,1,1,1,0,1,1,1,1
2026-07-03T20:06:53.017,tof2,4x4,side_left,3038,3252,-1,3295,-1,-1,-1,3459,1537,945,1517,-1,1066,827,-1,1046,1,1,1,1,0,1,1,1,1,1,1,0,1,1,1,1
2026-07-03T20:06:53.180,tof2,4x4,side_left,3033,3253,3306,3322,2156,-1,-1,3440,-1,967,1602,-1,1062,816,964,1037,1,1,1,1,1,0,1,1,1,1,1,0,1,1,1,1
2026-07-03T20:06:53.346,tof2,4x4,side_left,3054,3259,-1,3333,-1,-1,-1,3364,1453,975,1593,-1,1053,824,-1,1062,1,1,0,1,1,0,0,1,1,1,1,0,1,1,1,1
2026-07-03T20:06:53.502,tof2,4x4,side_left,2988,3257,-1,3332,-1,-1,-1,3502,-1,977,1603,-1,1080,818,1114,1059,1,1,0,1,1,0,1,1,0,1,1,0,1,1,1,1
2026-07-03T20:06:53.656,tof2,4x4,side_left,2982,3247,-1,3335,-1,-1,-1,3483,1584,959,1578,-1,1049,821,982,1057,1,1,0,1,0,0,0,1,1,1,1,0,1,1,1,1
2026-07-03T20:06:53.819,tof2,4x4,side_left,2968,3261,-1,3313,-1,-1,-1,3471,1662,965,1539,-1,1075,822,962,1046,1,1,0,1,0,0,0,1,1,1,1,0,1,1,1,1
2026-07-03T20:06:53.985,tof2,4x4,side_left,2961,3262,3320,3286,-1,-1,-1,3506,-1,972,1565,-1,1061,819,953,1049,1,1,1,1,1,0,0,1,1,1,1,1,1,1,1,1
2026-07-03T20:06:54.143,tof2,4x4,side_left,2995,3262,-1,3311,-1,-1,-1,3514,1590,980,1589,-1,1052,817,-1,1051,1,1,0,1,1,0,1,1,1,1,1,0,1,1,1,1
2026-07-03T20:06:54.305,tof2,4x4,side_left,3019,3266,-1,3334,2057,-1,2200,3467,1738,1068,1579,-1,1062,829,-1,1042,1,1,1,1,1,0,1,1,1,1,1,0,1,1,1,1
2026-07-03T20:06:54.476,tof2,4x4,side_left,3028,3248,-1,3303,-1,-1,2182,3522,1562,984,1613,-1,1059,819,-1,1037,1,1,0,1,0,0,1,1,1,1,1,0,1,1,1,1
2026-07-03T20:06:54.626,tof2,4x4,side_left,3016,3247,3318,3328,-1,-1,-1,3531,1605,957,1624,-1,1060,823,1102,1041,1,1,1,1,0,0,0,1,1,1,1,0,1,1,1,1
2026-07-03T20:06:54.802,tof2,4x4,side_left,3038,3261,-1,3333,-1,1443,-1,3453,-1,987,1576,-1,1051,810,-1,1049,1,1,0,1,1,1,0,1,0,1,1,1,1,1,1,1
2026-07-03T20:06:54.951,tof1,4x4,side_left,-1,-1,-1,-1,-1,-1,-1,-1,-1,533,410,361,-1,311,321,276,0,0,0,0,1,0,0,0,0,1,1,1,0,1,1,1
2026-07-03T20:06:54.967,tof2,4x4,side_left,2998,3264,-1,-1,-1,1525,-1,3508,1560,943,1593,-1,1056,818,-1,1045,1,1,1,1,1,1,0,1,1,1,1,0,1,1,1,1
2026-07-03T20:06:55.125,tof1,4x4,side_left,-1,-1,-1,-1,-1,-1,-1,-1,-1,533,410,359,-1,313,315,276,0,0,0,0,0,0,0,0,0,1,1,1,0,1,1,1
2026-07-03T20:06:55.128,tof2,4x4,side_left,3014,3255,3309,3317,-1,1466,2194,3167,1662,956,1592,-1,1069,819,975,1054,1,1,1,1,0,1,1,1,1,1,1,0,1,1,1,1
2026-07-03T20:06:55.300,tof1,4x4,side_left,-1,-1,-1,-1,-1,-1,-1,-1,-1,523,407,361,-1,297,319,277,0,0,0,0,0,0,0,0,0,1,1,1,0,1,1,1
2026-07-03T20:06:55.311,tof2,4x4,side_left,3025,3257,-1,3333,2148,1460,-1,3433,-1,962,1577,-1,1052,824,-1,1056,1,1,0,1,1,1,1,1,0,1,1,0,1,1,1,1
2026-07-03T20:06:55.644,tof1,4x4,side_left,-1,-1,-1,-1,-1,-1,447,-1,-1,530,409,363,-1,297,307,277,0,0,0,0,0,0,1,0,0,1,1,1,0,1,1,1
2026-07-03T20:06:55.632,tof2,4x4,side_left,3021,3266,-1,3328,-1,1492,-1,3456,1588,982,1580,-1,1056,823,-1,1058,1,1,1,1,1,1,0,1,1,1,1,1,1,1,1,1
2026-07-03T20:06:55.806,tof1,4x4,side_left,-1,-1,-1,-1,-1,-1,-1,-1,-1,525,407,359,-1,295,317,278,0,0,0,0,0,0,0,0,0,1,1,1,0,1,1,1
2026-07-03T20:06:55.795,tof2,4x4,side_left,3026,3270,3291,3325,2182,1478,2189,3014,1639,964,1551,-1,1058,838,966,1049,1,1,1,1,1,1,1,1,1,1,1,0,1,1,1,1
2026-07-03T20:06:55.956,tof2,4x4,side_left,2961,3251,-1,3336,2129,1490,2186,3479,-1,971,1585,-1,1068,825,975,1061,1,1,1,1,1,1,1,1,0,1,1,0,1,1,1,1
2026-07-03T20:06:55.979,tof1,4x4,side_left,-1,-1,-1,-1,-1,-1,-1,-1,-1,527,409,362,-1,299,316,279,0,0,0,0,0,0,0,0,0,1,1,1,0,1,1,1
2026-07-03T20:06:56.115,tof2,4x4,side_left,-1,3249,-1,3308,2125,1472,2208,3468,-1,976,1607,-1,1073,812,981,1058,1,1,0,1,1,1,1,1,1,1,1,1,1,1,1,1
2026-07-03T20:06:56.164,tof1,4x4,side_left,-1,-1,-1,-1,-1,-1,-1,-1,-1,521,407,363,-1,312,321,280,0,0,0,0,0,0,0,0,0,1,1,1,0,1,1,1
2026-07-03T20:06:56.282,tof2,4x4,side_left,2957,3268,-1,3310,-1,1467,-1,3515,1699,959,1567,-1,1056,820,-1,1059,1,1,1,1,0,1,1,1,1,1,1,0,1,1,1,1
2026-07-03T20:06:56.343,tof1,4x4,side_left,-1,-1,-1,-1,-1,-1,-1,-1,-1,517,405,362,-1,308,320,277,0,0,0,0,0,0,0,0,0,1,1,1,0,1,1,1
2026-07-03T20:06:56.445,tof2,4x4,side_left,2936,3270,-1,3318,-1,1478,2194,3479,1498,965,-1,-1,1061,815,950,1033,1,1,0,1,0,1,1,1,1,1,1,0,1,1,1,1
2026-07-03T20:06:56.492,tof1,4x4,side_left,-1,-1,-1,-1,-1,-1,-1,-1,-1,518,406,362,-1,297,318,279,0,0,0,0,0,0,0,0,0,1,1,1,0,1,1,1
2026-07-03T20:06:56.595,tof2,4x4,side_left,-1,3250,-1,3332,2189,1518,-1,3556,1592,962,1617,-1,1057,824,944,1038,1,1,0,1,1,1,0,1,1,1,1,0,1,1,1,1
2026-07-03T20:06:56.653,tof1,4x4,side_left,-1,-1,-1,-1,-1,-1,443,-1,-1,525,407,360,-1,312,320,279,0,0,0,0,0,0,1,0,0,1,1,1,0,1,1,1
2026-07-03T20:06:56.757,tof2,4x4,side_left,3079,3255,-1,3334,2118,1508,-1,3402,1632,946,1616,-1,1062,823,-1,1055,1,1,0,1,1,1,1,1,1,1,1,0,1,1,1,1
2026-07-03T20:06:56.820,tof1,4x4,side_left,-1,-1,-1,-1,-1,-1,-1,-1,-1,522,406,362,-1,312,320,277,0,0,0,0,0,0,0,0,0,1,1,1,0,1,1,1
2026-07-03T20:06:56.970,tof1,4x4,side_left,-1,-1,-1,-1,-1,-1,-1,-1,-1,522,407,358,-1,293,319,275,0,0,0,0,0,0,0,0,0,1,1,1,0,1,1,1
2026-07-03T20:06:56.931,tof2,4x4,side_left,2984,3261,-1,3266,-1,1470,2190,3030,-1,970,1580,-1,1061,822,-1,1048,1,1,0,1,0,1,1,1,1,1,1,0,1,1,1,1
2026-07-03T20:06:57.173,tof1,4x4,side_left,-1,-1,-1,-1,-1,-1,-1,-1,-1,521,407,360,-1,315,318,274,0,0,0,0,0,0,0,0,0,1,1,1,0,1,1,1
2026-07-03T20:06:57.096,tof2,4x4,side_left,3038,3262,-1,3292,2109,1487,2245,3573,1506,964,1583,1391,1057,818,-1,1057,1,1,0,1,1,1,1,1,1,1,1,1,1,1,1,1
2026-07-03T20:06:57.278,tof2,4x4,side_left,3050,3257,-1,3329,-1,1461,2134,3517,1550,957,1595,-1,1063,821,-1,1056,1,1,0,1,1,1,1,1,1,1,1,0,1,1,1,1
2026-07-03T20:06:57.337,tof1,4x4,side_left,-1,-1,-1,-1,-1,-1,-1,-1,-1,522,406,360,-1,301,320,277,0,0,0,0,0,0,0,0,0,1,1,1,0,1,1,1
2026-07-03T20:06:57.497,tof1,4x4,side_left,-1,-1,-1,-1,-1,-1,436,-1,-1,525,402,360,-1,312,315,278,0,0,0,0,0,0,1,0,0,1,1,1,0,1,1,1
2026-07-03T20:06:57.441,tof2,4x4,side_left,3036,3267,-1,-1,-1,1488,2201,-1,-1,975,1583,-1,1056,815,970,1051,1,1,0,1,1,1,1,0,0,1,1,1,1,1,1,1
2026-07-03T20:06:57.670,tof1,4x4,side_left,-1,-1,-1,-1,-1,-1,443,-1,-1,516,403,360,-1,302,320,276,0,0,0,0,0,0,1,0,0,1,1,1,0,1,1,1
2026-07-03T20:06:57.614,tof2,4x4,side_left,-1,3256,-1,3310,-1,1451,-1,-1,1388,987,1570,-1,1058,812,-1,1047,0,1,0,1,0,1,0,0,1,1,1,0,1,1,1,1
2026-07-03T20:06:57.863,tof1,4x4,side_left,-1,-1,-1,-1,-1,-1,435,-1,-1,519,400,358,-1,319,318,279,0,0,0,0,0,0,1,0,0,1,1,1,1,1,1,1
2026-07-03T20:06:57.923,tof2,4x4,side_left,3056,3252,-1,3294,-1,1465,-1,-1,1609,990,1582,-1,1052,829,-1,1054,1,1,1,1,1,1,0,0,1,1,1,0,1,1,1,1
2026-07-03T20:06:58.016,tof1,4x4,side_left,-1,-1,-1,-1,-1,-1,435,-1,-1,525,405,359,-1,313,318,276,0,1,0,0,0,0,1,0,0,1,1,1,0,1,1,1
2026-07-03T20:06:58.081,tof2,4x4,side_left,2954,3273,-1,3320,2078,1503,-1,3462,1605,967,1594,-1,-1,818,1065,1046,1,1,0,1,1,1,0,1,1,1,1,0,1,1,1,1
2026-07-03T20:06:58.184,tof1,4x4,side_left,-1,-1,-1,-1,-1,-1,437,-1,-1,514,406,361,-1,318,321,276,1,0,0,0,0,0,1,0,0,1,1,1,0,1,1,1
2026-07-03T20:06:58.256,tof2,4x4,side_left,2967,3251,-1,3340,2100,1436,2228,3488,1662,957,1588,-1,-1,819,977,1041,1,1,0,1,1,1,1,1,1,1,1,0,1,1,1,1
2026-07-03T20:06:58.358,tof1,4x4,side_left,-1,-1,-1,-1,-1,-1,-1,-1,-1,520,405,361,-1,315,320,274,1,0,0,0,0,0,0,0,0,1,1,1,1,1,1,1
2026-07-03T20:06:58.412,tof2,4x4,side_left,3015,3255,-1,3340,-1,1474,-1,3444,1596,964,1604,-1,1067,823,-1,1053,1,1,0,1,1,1,0,1,1,1,1,0,1,1,1,1
2026-07-03T20:06:58.531,tof1,4x4,side_left,-1,-1,-1,-1,-1,-1,-1,-1,-1,514,406,361,-1,299,314,279,0,0,0,0,0,0,0,0,0,1,1,1,0,1,1,1
2026-07-03T20:06:58.573,tof2,4x4,side_left,3054,3249,-1,3308,2168,1512,-1,3034,1618,969,1581,-1,1076,823,-1,1046,1,1,0,1,1,1,0,1,1,1,1,0,1,1,1,1
2026-07-03T20:06:58.704,tof1,4x4,side_left,-1,-1,-1,-1,-1,-1,-1,-1,-1,521,408,359,-1,300,317,279,0,0,0,0,0,0,0,0,0,1,1,1,0,1,1,1
2026-07-03T20:06:58.730,tof2,4x4,side_left,2928,3258,3240,3333,-1,1508,2146,3465,1703,992,1574,-1,1063,813,-1,1058,1,1,1,1,0,1,1,1,1,1,1,0,1,1,1,1
2026-07-03T20:06:58.881,tof1,4x4,side_left,-1,-1,-1,-1,-1,-1,-1,-1,-1,523,407,361,-1,298,318,276,0,0,0,0,0,0,0,0,0,1,1,1,1,1,1,1
2026-07-03T20:06:58.940,tof2,4x4,side_left,3017,3267,-1,3340,-1,1457,2190,2989,1563,973,1599,-1,1053,830,-1,1041,1,1,1,1,0,1,1,1,1,1,1,0,1,1,1,1
2026-07-03T20:06:59.077,tof1,4x4,side_left,-1,-1,-1,-1,-1,-1,-1,-1,-1,520,407,361,-1,291,318,278,0,0,0,0,0,0,0,0,0,1,1,1,0,1,1,1
2026-07-03T20:06:59.099,tof2,4x4,side_left,3022,3269,-1,3312,2088,1488,-1,3432,-1,971,1543,-1,-1,828,1056,1051,1,1,0,1,1,1,0,1,1,1,1,0,1,1,1,1
2026-07-03T20:06:59.258,tof1,4x4,side_left,-1,-1,-1,-1,-1,-1,-1,-1,-1,522,408,362,-1,285,322,279,0,0,0,0,0,0,0,0,0,1,1,1,0,1,1,1
2026-07-03T20:06:59.278,tof2,4x4,side_left,3060,3263,-1,3278,-1,1464,-1,3050,1642,976,1580,-1,-1,821,-1,1056,1,1,0,1,0,1,0,1,1,1,1,0,1,1,1,1
2026-07-03T20:06:59.431,tof1,4x4,side_left,-1,-1,-1,-1,-1,-1,-1,-1,-1,526,407,362,-1,295,316,276,0,0,0,0,0,0,0,0,0,1,1,1,0,1,1,1
2026-07-03T20:06:59.447,tof2,4x4,side_left,2990,3257,-1,3317,2144,1397,-1,3433,1689,982,1555,-1,-1,819,-1,1058,1,1,1,1,1,1,1,1,1,1,1,0,1,1,1,1
2026-07-03T20:06:59.601,tof1,4x4,side_left,-1,-1,-1,-1,-1,-1,446,-1,-1,520,410,363,-1,298,316,273,0,0,0,0,0,0,1,0,0,1,1,1,1,1,1,1
2026-07-03T20:06:59.611,tof2,4x4,side_left,2978,3246,3299,3290,-1,1478,2175,3521,-1,943,1583,-1,-1,827,-1,1056,1,1,1,1,1,1,1,1,1,1,1,1,1,1,1,1
2026-07-03T20:06:59.765,tof1,4x4,side_left,-1,-1,-1,-1,-1,-1,-1,-1,-1,528,405,361,-1,296,314,279,0,0,0,0,0,0,0,0,0,1,1,1,0,1,1,1
2026-07-03T20:06:59.795,tof2,4x4,side_left,3000,3259,-1,-1,-1,1466,-1,3522,1563,958,1618,-1,-1,818,-1,1047,1,1,0,1,0,1,0,1,1,1,1,1,1,1,1,1
2026-07-03T20:06:59.949,tof1,4x4,side_left,-1,-1,-1,-1,-1,-1,-1,-1,-1,515,405,363,-1,298,319,276,0,0,0,0,0,0,0,0,0,1,1,1,0,1,1,1
2026-07-03T20:06:59.981,tof2,4x4,side_left,2974,3255,-1,3298,-1,1460,-1,3464,1542,971,1622,-1,1067,817,-1,1043,1,1,0,1,0,1,1,1,1,1,1,0,1,1,1,1
2026-07-03T20:07:00.107,tof1,4x4,side_left,-1,-1,-1,-1,-1,-1,-1,-1,-1,524,408,364,-1,296,316,274,1,0,0,0,0,0,0,0,0,1,1,1,0,1,1,1
2026-07-03T20:07:00.134,tof2,4x4,side_left,3023,3260,-1,3330,-1,1494,2202,3475,1552,950,1574,-1,1039,814,979,1049,1,1,0,1,1,1,1,1,1,1,1,0,1,1,1,1
2026-07-03T20:07:00.272,tof1,4x4,side_left,-1,-1,-1,-1,-1,-1,445,-1,-1,522,408,360,-1,292,318,277,0,0,0,0,0,0,1,0,0,1,1,1,0,1,1,1
2026-07-03T20:07:00.292,tof2,4x4,side_left,-1,3254,-1,3294,-1,1463,-1,3561,1658,999,1645,-1,1052,824,967,1045,1,1,1,1,0,1,0,1,1,1,1,1,1,1,1,1
2026-07-03T20:07:00.441,tof1,4x4,side_left,-1,-1,-1,-1,-1,-1,447,-1,-1,529,409,363,-1,299,316,275,0,0,0,0,0,0,1,0,0,1,1,1,1,1,1,1
2026-07-03T20:07:00.475,tof2,4x4,side_left,3004,3269,-1,3324,-1,1462,2183,3518,-1,981,1626,-1,1061,814,-1,1049,1,1,0,1,0,1,1,1,1,1,1,0,1,1,1,1
2026-07-03T20:07:00.614,tof1,4x4,side_left,-1,-1,-1,-1,-1,438,446,-1,-1,518,407,362,-1,314,315,274,0,0,0,0,0,1,1,0,0,1,1,1,0,1,1,1
2026-07-03T20:07:00.639,tof2,4x4,side_left,2919,3256,-1,3332,2147,-1,-1,3482,1631,1018,1593,-1,1071,824,960,1035,1,1,0,1,1,1,1,1,1,1,1,0,1,1,1,1
2026-07-03T20:07:00.773,tof1,4x4,side_left,-1,-1,-1,-1,-1,-1,439,-1,-1,524,405,361,-1,311,315,273,0,0,0,0,0,0,1,0,0,1,1,1,0,1,1,1
2026-07-03T20:07:00.789,tof2,4x4,side_left,3012,3258,-1,3315,-1,1502,2173,3529,1598,963,1585,-1,1064,817,989,1051,1,1,1,1,0,1,1,1,1,1,1,0,1,1,1,1
2026-07-03T20:07:00.958,tof1,4x4,side_left,-1,-1,-1,-1,-1,-1,-1,-1,-1,523,408,362,-1,296,317,275,0,0,0,0,0,0,0,0,0,1,1,1,0,1,1,1
2026-07-03T20:07:00.969,tof2,4x4,side_left,3064,3257,-1,3302,-1,1435,2160,3529,1638,955,1637,-1,1066,820,-1,1065,1,1,0,1,1,1,1,1,1,1,1,0,1,1,1,1
2026-07-03T20:07:01.127,tof1,4x4,side_left,-1,-1,-1,-1,-1,-1,-1,-1,-1,516,406,362,1172,311,315,273,0,1,0,0,0,0,0,0,0,1,1,1,1,1,1,1
2026-07-03T20:07:01.147,tof2,4x4,side_left,3013,3253,-1,3316,-1,1465,-1,3515,1760,971,1589,-1,1055,826,-1,1054,1,1,1,1,0,1,0,1,1,1,1,0,1,1,1,1
2026-07-03T20:07:01.294,tof1,4x4,side_left,-1,-1,-1,-1,-1,-1,-1,-1,-1,528,405,361,-1,314,320,279,0,0,0,0,0,0,0,0,0,1,1,1,1,1,1,1
2026-07-03T20:07:01.337,tof2,4x4,side_left,3026,3272,-1,3303,-1,1496,-1,3530,1610,976,1600,-1,1065,812,-1,1058,1,1,0,1,0,1,0,1,1,1,1,1,1,1,1,1
2026-07-03T20:07:01.452,tof1,4x4,side_left,-1,-1,-1,-1,-1,-1,-1,-1,-1,520,403,360,-1,297,317,275,0,0,0,0,0,0,0,0,0,1,1,1,0,1,1,1
2026-07-03T20:07:01.497,tof2,4x4,side_left,3057,3265,-1,3317,-1,1491,2160,-1,1603,958,1594,-1,1052,816,-1,1054,1,1,0,1,0,1,1,0,1,1,1,0,1,1,1,1
2026-07-03T20:07:01.610,tof1,4x4,side_left,-1,-1,-1,-1,-1,437,441,-1,-1,525,406,361,-1,310,318,276,0,0,0,0,0,1,1,0,0,1,1,1,0,1,1,1
2026-07-03T20:07:01.666,tof2,4x4,side_left,2906,3263,-1,3276,-1,1471,2207,-1,1521,980,1591,-1,1062,816,-1,1043,1,1,0,1,0,1,1,1,1,1,1,0,1,1,1,1
2026-07-03T20:07:01.782,tof1,4x4,side_left,-1,-1,-1,-1,-1,-1,439,-1,-1,524,403,359,-1,314,318,273,0,0,0,0,0,0,1,0,0,1,1,1,0,1,1,1
2026-07-03T20:07:01.848,tof2,4x4,side_left,3016,3252,-1,3364,-1,1451,-1,3432,1655,959,1580,-1,1061,817,-1,1046,1,1,0,1,0,1,1,1,1,1,1,1,1,1,1,1
2026-07-03T20:07:01.941,tof1,4x4,side_left,-1,-1,-1,-1,-1,-1,-1,-1,-1,520,407,361,-1,315,320,280,0,0,0,0,0,0,0,0,0,1,1,1,0,1,1,1
2026-07-03T20:07:01.997,tof2,4x4,side_left,3017,3264,-1,3332,-1,1458,-1,3476,1677,966,1574,-1,1065,824,-1,1056,1,1,0,1,0,1,1,1,1,1,1,0,1,1,1,1
2026-07-03T20:07:02.092,tof1,4x4,side_left,-1,-1,-1,-1,-1,-1,-1,-1,-1,522,405,359,-1,318,317,275,0,0,0,0,0,0,0,0,0,1,1,1,1,1,1,1
2026-07-03T20:07:02.168,tof2,4x4,side_left,3001,3249,-1,3327,-1,1513,-1,3471,1644,961,1554,-1,-1,817,1059,1054,1,1,0,1,0,1,0,1,1,1,1,0,1,1,1,1
2026-07-03T20:07:02.259,tof1,4x4,side_left,-1,-1,-1,-1,-1,-1,-1,-1,-1,522,403,361,-1,313,320,276,0,0,0,0,0,0,0,0,0,1,1,1,0,1,1,1
2026-07-03T20:07:02.326,tof2,4x4,side_left,3001,3258,-1,3305,-1,1490,-1,3445,1556,978,1614,-1,1047,813,988,1055,1,1,0,1,0,1,0,1,1,1,1,0,1,1,1,1
2026-07-03T20:07:02.416,tof1,4x4,side_left,-1,-1,-1,-1,-1,-1,-1,-1,-1,518,405,361,-1,301,317,276,1,0,0,0,0,0,0,0,0,1,1,1,0,1,1,1
2026-07-03T20:07:02.492,tof2,4x4,side_left,-1,3262,-1,3359,-1,1469,-1,3489,1614,968,1582,1410,1076,823,-1,1059,1,1,0,1,0,1,0,1,1,1,1,1,1,1,1,1
2026-07-03T20:07:02.578,tof1,4x4,side_left,-1,-1,-1,-1,-1,-1,-1,-1,-1,519,404,360,-1,296,319,274,0,0,0,0,0,0,0,0,0,1,1,1,0,1,1,1
2026-07-03T20:07:02.732,tof1,4x4,side_left,-1,-1,-1,-1,-1,-1,-1,-1,-1,525,408,362,-1,312,318,275,0,0,0,0,0,0,0,0,0,1,1,1,0,1,1,1
2026-07-03T20:07:02.679,tof2,4x4,side_left,2991,3257,-1,3313,-1,1515,-1,3450,-1,979,1534,-1,1063,824,988,1043,1,1,1,1,1,1,0,1,1,1,1,0,1,1,1,1
2026-07-03T20:07:02.884,tof1,4x4,side_left,-1,-1,-1,-1,-1,-1,448,-1,-1,524,407,360,-1,298,316,278,0,0,0,0,0,0,1,0,0,1,1,1,0,1,1,1
2026-07-03T20:07:02.842,tof2,4x4,side_left,3016,3246,-1,3308,-1,-1,-1,3471,-1,972,1586,-1,1057,822,-1,1049,1,1,0,1,1,0,1,1,1,1,1,0,1,1,1,1
2026-07-03T20:07:02.999,tof2,4x4,side_left,2881,3249,-1,3292,-1,-1,-1,3468,1531,962,1568,-1,1063,818,-1,1051,1,1,0,1,1,0,0,1,1,1,1,0,1,1,1,1
2026-07-03T20:07:03.074,tof1,4x4,side_left,-1,-1,-1,-1,-1,-1,-1,-1,-1,524,408,360,-1,308,307,278,0,0,0,1,0,0,0,0,0,1,1,1,0,1,1,1
2026-07-03T20:07:03.226,tof1,4x4,side_left,-1,-1,-1,-1,-1,-1,449,-1,-1,530,406,360,-1,309,307,275,0,0,0,0,0,0,1,0,0,1,1,1,0,1,1,1
2026-07-03T20:07:03.180,tof2,4x4,side_left,3036,3250,3335,3310,-1,-1,-1,3475,-1,961,1601,1297,-1,816,-1,1052,1,1,1,1,0,0,1,1,0,1,1,1,1,1,1,1
2026-07-03T20:07:03.392,tof1,4x4,side_left,-1,-1,-1,-1,-1,-1,444,-1,-1,522,407,360,-1,300,314,279,0,0,0,0,0,0,1,0,0,1,1,1,0,1,1,1
2026-07-03T20:07:03.342,tof2,4x4,side_left,2969,3257,3348,3305,-1,1423,2198,3521,-1,985,1575,-1,1065,821,-1,1052,1,1,1,1,1,1,1,1,0,1,1,1,1,1,1,1
2026-07-03T20:07:03.507,tof2,4x4,side_left,-1,3234,-1,3337,-1,-1,-1,-1,1614,959,1574,-1,1063,821,-1,1046,0,1,0,1,0,0,1,0,1,1,1,1,1,1,1,1
2026-07-03T20:07:03.564,tof1,4x4,side_left,-1,-1,-1,-1,-1,-1,437,392,-1,520,410,363,-1,296,316,274,0,0,0,0,0,0,1,1,0,1,1,1,0,1,1,1
2026-07-03T20:07:03.666,tof2,4x4,side_left,-1,3260,-1,3316,-1,-1,2226,3403,-1,969,1544,-1,1057,820,-1,1052,0,1,0,1,0,0,1,1,0,1,1,0,1,1,1,1
2026-07-03T20:07:03.726,tof1,4x4,side_left,-1,-1,-1,-1,-1,-1,436,-1,-1,528,408,362,-1,297,315,279,0,0,0,0,0,0,1,0,0,1,1,1,0,1,1,1
2026-07-03T20:07:03.908,tof1,4x4,side_left,-1,-1,-1,-1,-1,-1,448,-1,-1,521,408,361,-1,298,319,273,0,0,0,0,0,0,1,0,0,1,1,1,1,1,1,1
2026-07-03T20:07:03.819,tof2,4x4,side_left,3016,3247,-1,3327,-1,-1,-1,-1,1631,978,1601,-1,1071,827,-1,1056,1,1,0,1,0,0,1,0,1,1,1,0,1,1,1,1
2026-07-03T20:07:03.990,tof2,4x4,side_left,2997,3252,-1,3291,-1,-1,2130,-1,-1,978,1567,-1,1061,823,967,1048,1,1,0,1,0,1,1,1,0,1,1,0,1,1,1,1
2026-07-03T20:07:04.071,tof1,4x4,side_left,-1,-1,-1,-1,-1,-1,456,-1,-1,527,410,362,-1,312,320,280,0,0,0,0,0,0,1,0,0,1,1,1,0,1,1,1
2026-07-03T20:07:04.227,tof1,4x4,side_left,-1,-1,-1,-1,-1,-1,447,-1,-1,527,408,363,-1,298,315,278,0,0,0,0,0,0,1,0,0,1,1,1,0,1,1,1
2026-07-03T20:07:04.168,tof2,4x4,side_left,2997,3258,-1,3311,-1,1504,2135,3454,-1,-1,1657,-1,1056,816,-1,1054,1,1,0,1,0,1,1,1,1,1,1,0,1,1,1,1
2026-07-03T20:07:04.325,tof2,4x4,side_left,3015,3248,-1,3297,-1,-1,2181,3525,1709,966,1601,-1,1051,820,971,1060,1,1,0,1,0,0,1,1,1,1,1,0,1,1,1,1
2026-07-03T20:07:04.405,tof1,4x4,side_left,-1,-1,-1,-1,-1,-1,450,-1,-1,517,408,361,-1,296,321,274,0,0,0,0,0,0,1,0,0,1,1,1,0,1,1,1
2026-07-03T20:07:04.485,tof2,4x4,side_left,3055,3265,-1,3297,-1,-1,2164,3378,-1,940,1629,-1,1069,819,-1,1049,1,1,1,1,0,0,1,1,1,1,1,0,1,1,1,1
2026-07-03T20:07:04.557,tof1,4x4,side_left,-1,-1,-1,-1,-1,-1,447,-1,-1,525,408,361,-1,297,321,276,0,0,0,0,0,0,1,0,0,1,1,1,0,1,1,1
2026-07-03T20:07:04.637,tof2,4x4,side_left,2975,3244,-1,3356,-1,-1,2186,-1,-1,981,1594,-1,1062,819,-1,1056,1,1,0,1,1,1,1,1,1,1,1,0,1,1,1,1
2026-07-03T20:07:04.715,tof1,4x4,side_left,-1,-1,-1,-1,-1,-1,441,-1,-1,523,408,362,-1,297,319,275,0,0,0,0,0,0,1,0,0,1,1,1,0,1,1,1
2026-07-03T20:07:04.829,tof2,4x4,side_left,2953,3253,3351,3330,-1,-1,-1,3525,1654,955,1596,-1,1068,823,-1,1046,1,1,1,1,1,1,1,1,1,1,1,0,1,1,1,1
2026-07-03T20:07:04.890,tof1,4x4,side_left,-1,-1,-1,-1,-1,-1,-1,-1,-1,524,407,362,-1,300,316,281,0,0,0,0,0,0,1,0,0,1,1,1,0,1,1,1
2026-07-03T20:07:04.983,tof2,4x4,side_left,3013,3245,-1,3328,2173,-1,2190,3447,1711,970,1566,-1,1051,819,-1,1045,1,1,0,1,1,1,1,1,1,1,1,0,1,1,1,1
2026-07-03T20:07:05.069,tof1,4x4,side_left,-1,-1,-1,-1,-1,-1,444,-1,-1,524,406,363,-1,300,318,278,0,0,0,1,0,0,1,0,0,1,1,1,0,1,1,1
2026-07-03T20:07:05.144,tof2,4x4,side_left,2895,3254,-1,3340,-1,1496,-1,3448,-1,963,1563,-1,1058,819,-1,1051,1,1,0,1,0,1,0,1,1,1,1,1,1,1,1,1
2026-07-03T20:07:05.228,tof1,4x4,side_left,-1,-1,-1,-1,-1,-1,-1,-1,-1,522,407,361,-1,296,317,275,1,0,0,0,0,0,0,0,0,1,1,1,1,1,1,1
2026-07-03T20:07:05.339,tof2,4x4,side_left,2978,3265,-1,3327,2257,1470,2160,3457,1574,968,1578,-1,1064,816,-1,1056,1,1,0,1,1,1,1,1,1,1,1,0,1,1,1,1
2026-07-03T20:07:05.396,tof1,4x4,side_left,-1,-1,-1,-1,-1,-1,-1,-1,-1,526,408,360,-1,298,316,274,0,0,0,0,0,0,0,0,0,1,1,1,0,1,1,1
2026-07-03T20:07:05.498,tof2,4x4,side_left,2954,3255,-1,3325,-1,1464,2222,3505,-1,975,1588,-1,1063,817,-1,1046,1,1,0,1,1,1,1,1,1,1,1,1,1,1,1,1
2026-07-03T20:07:05.563,tof1,4x4,side_left,-1,-1,-1,-1,-1,-1,-1,-1,-1,521,406,363,-1,313,318,276,0,0,1,0,0,0,0,0,0,1,1,1,0,1,1,1
2026-07-03T20:07:05.653,tof2,4x4,side_left,-1,3257,-1,3343,-1,1493,-1,-1,-1,949,1556,-1,1060,822,966,1046,1,1,1,1,0,1,0,0,0,1,1,1,1,1,1,1
2026-07-03T20:07:05.741,tof1,4x4,side_left,-1,-1,-1,-1,-1,-1,-1,-1,-1,527,407,359,-1,301,318,277,0,0,0,0,0,0,0,0,0,1,1,1,0,1,1,1
2026-07-03T20:07:05.815,tof2,4x4,side_left,3006,3260,-1,3274,2127,1473,2239,3447,1635,964,1561,-1,-1,832,-1,1037,1,1,1,1,1,1,1,1,1,1,1,1,1,1,1,1
2026-07-03T20:07:05.893,tof1,4x4,side_left,-1,-1,-1,-1,-1,-1,-1,-1,-1,519,407,360,-1,301,318,272,0,0,0,0,0,0,0,0,0,1,1,1,0,1,1,1
2026-07-03T20:07:06.016,tof2,4x4,side_left,2981,3257,-1,3328,-1,-1,2122,3545,1751,967,1579,-1,1069,817,-1,1066,1,1,0,1,1,1,1,1,1,1,1,0,1,1,1,1
2026-07-03T20:07:06.068,tof1,4x4,side_left,-1,-1,-1,-1,-1,-1,-1,-1,-1,517,405,361,-1,317,317,278,0,0,0,1,0,0,0,0,0,1,1,1,0,1,1,1
2026-07-03T20:07:06.229,tof1,4x4,side_left,-1,-1,-1,-1,-1,-1,-1,-1,-1,521,407,360,-1,310,318,275,0,0,0,0,0,0,0,0,0,1,1,1,0,1,1,1
2026-07-03T20:07:06.188,tof2,4x4,side_left,2998,3258,-1,3308,-1,1481,-1,2968,1717,965,1591,-1,-1,814,-1,1044,1,1,0,1,0,1,1,1,1,1,1,0,1,1,1,1
2026-07-03T20:07:06.384,tof1,4x4,side_left,-1,-1,-1,-1,-1,-1,-1,-1,-1,526,406,361,-1,298,316,278,1,0,0,0,1,0,0,0,0,1,1,1,1,1,1,1
2026-07-03T20:07:06.362,tof2,4x4,side_left,-1,3250,-1,3300,-1,1446,2142,3507,1662,956,1541,-1,1063,822,971,1042,0,1,0,1,0,1,1,1,1,1,1,0,1,1,1,1
2026-07-03T20:07:06.537,tof1,4x4,side_left,-1,-1,-1,-1,-1,-1,445,-1,-1,523,406,362,-1,334,318,273,0,0,0,0,0,0,1,0,0,1,1,1,0,1,1,1
2026-07-03T20:07:06.527,tof2,4x4,side_left,2980,3246,-1,3331,-1,1436,2189,3505,1528,959,1559,-1,1054,831,-1,1056,1,1,1,1,0,1,1,1,1,1,1,0,1,1,1,1
2026-07-03T20:07:06.704,tof1,4x4,side_left,-1,-1,-1,-1,-1,-1,432,-1,-1,521,406,362,-1,310,314,274,1,0,0,0,0,0,1,0,0,1,1,1,0,1,1,1
2026-07-03T20:07:06.697,tof2,4x4,side_left,3001,3271,-1,3294,2079,1517,2144,3505,1465,971,1566,-1,-1,823,-1,1061,1,1,0,1,1,1,1,1,1,1,1,0,1,1,1,1
2026-07-03T20:07:06.880,tof2,4x4,side_left,3007,3256,-1,3334,-1,1488,2203,3499,1483,962,1620,-1,1060,818,-1,1052,1,1,0,1,1,1,1,1,1,1,1,0,1,1,1,1
2026-07-03T20:07:07.127,tof2,4x4,side_left,2972,3265,-1,3343,-1,1463,-1,-1,-1,967,1580,-1,-1,825,-1,1047,1,1,0,1,0,1,0,0,1,1,1,0,1,1,1,1
2026-07-03T20:07:07.182,tof1,4x4,side_left,-1,-1,-1,-1,-1,-1,439,-1,-1,525,408,361,-1,297,315,275,1,0,0,1,0,0,1,0,0,1,1,1,0,1,1,1
2026-07-03T20:07:07.287,tof2,4x4,side_left,-1,3256,-1,3330,2107,-1,2203,-1,1617,987,1600,-1,1074,816,969,1041,1,1,0,1,1,1,1,1,1,1,1,0,1,1,1,1
2026-07-03T20:07:07.348,tof1,4x4,side_left,-1,-1,-1,-1,-1,-1,446,-1,-1,522,407,362,-1,310,319,274,0,0,0,0,0,0,1,0,0,1,1,1,0,1,1,1
2026-07-03T20:07:07.468,tof2,4x4,side_left,3037,3249,-1,3310,-1,1458,2225,3495,1622,963,1593,-1,1062,813,966,1051,1,1,0,1,1,1,1,1,1,1,1,0,1,1,1,1
2026-07-03T20:07:07.515,tof1,4x4,side_left,-1,-1,-1,-1,-1,-1,-1,-1,-1,520,408,361,-1,300,316,279,0,0,0,0,0,0,0,0,0,1,1,1,0,1,1,1
2026-07-03T20:07:07.681,tof1,4x4,side_left,-1,-1,-1,-1,-1,-1,444,-1,-1,528,411,362,-1,296,318,274,0,0,0,0,0,0,1,0,0,1,1,1,0,1,1,1
2026-07-03T20:07:07.647,tof2,4x4,side_left,2950,3260,-1,3308,-1,1459,-1,3488,1535,960,1562,-1,1063,822,-1,1047,1,1,1,1,0,1,0,1,1,1,1,0,1,1,1,1
2026-07-03T20:07:07.812,tof2,4x4,side_left,3027,3248,3321,3320,-1,1465,2148,-1,-1,975,1588,-1,-1,826,-1,1042,1,1,1,1,0,1,1,1,0,1,1,0,1,1,1,1
2026-07-03T20:07:07.866,tof1,4x4,side_left,-1,-1,-1,-1,-1,-1,447,-1,-1,530,409,362,-1,291,317,276,0,0,0,0,0,0,1,0,0,1,1,1,0,1,1,1
2026-07-03T20:07:07.990,tof2,4x4,side_left,-1,3256,3330,3321,-1,1467,-1,3462,1609,957,1601,-1,1060,821,948,1059,1,1,1,1,0,1,1,1,1,1,1,0,1,1,1,1
2026-07-03T20:07:08.027,tof1,4x4,side_left,-1,-1,-1,-1,-1,-1,-1,-1,-1,523,406,360,-1,297,319,283,1,0,0,1,0,0,0,0,0,1,1,1,0,1,1,1
2026-07-03T20:07:08.167,tof2,4x4,side_left,2991,3261,3287,3287,-1,1449,2215,3502,-1,962,1581,-1,1066,818,-1,1055,1,1,1,1,0,1,1,1,1,1,1,0,1,1,1,1
2026-07-03T20:07:08.577,tof1,4x4,side_left,-1,-1,-1,-1,-1,-1,-1,-1,-1,524,408,361,-1,301,317,281,0,0,0,0,0,0,0,0,0,1,1,1,0,1,1,1
2026-07-03T20:07:08.702,tof2,4x4,side_left,3005,3248,-1,3315,-1,1477,2190,3492,1645,974,1559,-1,1062,821,1070,1056,1,1,0,1,0,1,1,1,1,1,1,0,1,1,1,1
2026-07-03T20:07:08.742,tof1,4x4,side_left,-1,-1,-1,-1,-1,-1,448,-1,-1,532,408,361,-1,299,317,275,0,0,0,0,0,0,1,0,0,1,1,1,0,1,1,1
2026-07-03T20:07:08.944,tof1,4x4,side_left,-1,-1,-1,-1,-1,-1,-1,-1,-1,525,407,362,-1,297,315,275,0,0,0,0,0,0,0,0,0,1,1,1,0,1,1,1
2026-07-03T20:07:08.851,tof2,4x4,side_left,3014,3253,-1,3314,-1,1482,2129,3497,-1,945,1567,-1,1058,821,-1,1058,1,1,0,1,0,1,1,1,1,1,1,0,1,1,1,1
2026-07-03T20:07:09.024,tof2,4x4,side_left,2994,3241,3301,3320,-1,1488,2182,3433,1564,954,1579,1329,-1,817,1054,1034,1,1,1,1,0,1,1,1,1,1,1,1,1,1,1,1
2026-07-03T20:07:09.097,tof1,4x4,side_left,-1,-1,-1,-1,-1,-1,-1,-1,-1,521,406,361,-1,309,323,277,0,0,0,0,0,0,0,0,0,1,1,1,0,1,1,1
2026-07-03T20:07:09.183,tof2,4x4,side_left,3001,3248,-1,3340,2119,1496,2197,3456,1620,969,1616,-1,-1,816,-1,1047,1,1,1,1,1,1,1,1,1,1,1,0,1,1,1,1
2026-07-03T20:07:09.266,tof1,4x4,side_left,-1,-1,-1,-1,-1,-1,-1,-1,-1,521,405,358,-1,311,320,278,0,0,0,0,0,0,0,0,0,1,1,1,0,1,1,1
2026-07-03T20:07:09.341,tof2,4x4,side_left,3003,3255,3304,3297,2096,1477,-1,3434,-1,983,1629,-1,1067,819,-1,1038,1,1,1,1,1,1,1,1,0,1,1,0,1,1,1,1
2026-07-03T20:07:09.434,tof1,4x4,side_left,-1,-1,-1,-1,-1,-1,441,-1,-1,524,403,360,-1,317,306,273,0,0,0,1,0,0,1,0,0,1,1,1,0,1,1,1
2026-07-03T20:07:09.499,tof2,4x4,side_left,2963,3255,-1,3321,-1,1478,-1,-1,-1,990,1557,-1,-1,819,-1,1046,1,1,0,1,0,1,0,1,0,1,1,0,1,1,1,1
2026-07-03T20:07:09.593,tof1,4x4,side_left,-1,-1,-1,-1,-1,-1,439,-1,-1,523,403,359,-1,313,316,274,0,0,0,0,0,0,1,0,0,1,1,1,0,1,1,1
2026-07-03T20:07:09.654,tof2,4x4,side_left,2992,3247,-1,3299,-1,1476,-1,3488,-1,967,1563,-1,1048,820,978,1051,1,1,0,1,0,1,0,1,1,1,1,0,1,1,1,1
2026-07-03T20:07:09.763,tof1,4x4,side_left,-1,-1,-1,-1,-1,-1,444,-1,-1,530,406,361,-1,311,316,278,0,0,0,0,0,0,1,0,0,1,1,1,0,1,1,1
2026-07-03T20:07:09.838,tof2,4x4,side_left,-1,3253,3326,3301,2129,1451,2176,3449,-1,962,1545,-1,1071,825,963,1048,1,1,1,1,1,1,1,1,0,1,1,0,1,1,1,1
2026-07-03T20:07:09.931,tof1,4x4,side_left,-1,-1,-1,-1,-1,-1,-1,-1,-1,523,407,362,-1,296,321,280,0,0,0,0,0,0,0,0,0,1,1,1,0,1,1,1
2026-07-03T20:07:10.004,tof2,4x4,side_left,-1,3261,3342,-1,2150,1433,2173,3412,1444,953,1537,-1,-1,818,985,1051,0,1,1,1,1,1,1,1,1,1,1,0,1,1,1,1
2026-07-03T20:07:10.085,tof1,4x4,side_left,-1,-1,-1,-1,-1,-1,-1,-1,-1,520,406,361,-1,293,319,280,0,0,0,0,0,0,0,0,0,1,1,1,0,1,1,1
2026-07-03T20:07:10.160,tof2,4x4,side_left,2994,3263,-1,3293,-1,1468,-1,3430,1528,982,1525,1297,-1,812,-1,1048,1,1,1,1,0,1,0,1,1,1,1,1,1,1,1,1
2026-07-03T20:07:10.246,tof1,4x4,side_left,-1,-1,-1,-1,-1,-1,442,-1,-1,524,408,363,-1,313,318,277,0,0,0,0,0,0,1,0,0,1,1,1,0,1,1,1
2026-07-03T20:07:10.318,tof2,4x4,side_left,-1,3248,3327,3297,-1,1471,2206,3552,1669,944,1559,-1,1059,820,-1,1050,0,1,1,1,1,1,1,1,1,1,1,0,1,1,1,1
2026-07-03T20:07:10.409,tof1,4x4,side_left,-1,-1,-1,-1,-1,-1,-1,-1,-1,518,403,361,-1,295,314,279,0,0,0,0,0,0,0,0,0,1,1,1,0,1,1,1
2026-07-03T20:07:10.496,tof2,4x4,side_left,3009,3251,-1,3323,2147,-1,2209,3444,1726,967,1636,-1,1075,831,1087,1047,1,1,0,1,1,1,1,1,1,1,1,0,1,1,1,1
2026-07-03T20:07:10.579,tof1,4x4,side_left,-1,-1,-1,-1,-1,-1,-1,-1,-1,526,410,362,-1,312,316,278,1,0,0,0,0,0,0,0,0,1,1,1,0,1,1,1
2026-07-03T20:07:10.673,tof2,4x4,side_left,3072,3265,-1,3298,2117,1468,2157,3514,1735,981,1579,-1,1063,825,-1,1054,1,1,0,1,1,1,1,1,1,1,1,1,1,1,1,1
2026-07-03T20:07:10.732,tof1,4x4,side_left,-1,-1,-1,-1,-1,423,443,-1,-1,519,407,362,-1,297,315,274,0,0,0,0,0,1,1,0,0,1,1,1,1,1,1,1
2026-07-03T20:07:10.822,tof2,4x4,side_left,2972,3244,-1,-1,2162,1459,-1,3488,1421,966,1624,-1,1062,820,981,1033,1,1,0,1,1,1,0,1,1,1,1,0,1,1,1,1
2026-07-03T20:07:10.918,tof1,4x4,side_left,-1,-1,-1,-1,-1,-1,449,-1,-1,525,407,362,-1,296,318,276,0,0,0,0,0,0,1,0,0,1,1,1,0,1,1,1
2026-07-03T20:07:10.986,tof2,4x4,side_left,2990,3253,-1,3301,-1,1497,-1,3477,1505,983,1571,1381,1057,822,-1,1049,1,1,1,1,0,1,0,1,1,1,1,1,1,1,1,1
2026-07-03T20:07:12.038,tof1,4x4,side_left,-1,-1,-1,-1,-1,-1,-1,-1,-1,525,406,360,-1,296,319,281,0,0,0,0,0,0,0,0,0,1,1,1,0,1,1,1
2026-07-03T20:07:11.315,tof2,4x4,side_left,2998,3250,-1,3344,2091,1499,2159,3442,1651,972,1615,-1,1063,814,-1,1033,1,1,0,1,1,1,1,1,1,1,1,0,1,1,1,1
2026-07-03T20:07:12.192,tof1,4x4,side_left,-1,-1,-1,-1,-1,-1,-1,-1,-1,527,406,363,-1,301,319,276,0,0,0,0,0,0,0,0,0,1,1,1,0,1,1,1
2026-07-03T20:07:12.352,tof1,4x4,side_left,-1,-1,-1,-1,-1,-1,447,-1,-1,521,405,357,-1,312,320,272,0,0,0,0,0,0,1,0,0,1,1,1,0,1,1,1
2026-07-03T20:07:12.531,tof1,4x4,side_left,-1,-1,-1,-1,-1,423,428,-1,-1,526,406,360,-1,309,320,275,0,0,0,0,0,1,1,0,0,1,1,1,0,1,1,1
2026-07-03T20:07:12.698,tof1,4x4,side_left,-1,-1,-1,-1,-1,437,439,-1,-1,525,405,358,-1,310,321,276,0,0,0,0,0,1,1,0,0,1,1,1,0,1,1,1
2026-07-03T20:07:12.861,tof1,4x4,side_left,-1,-1,-1,-1,-1,-1,-1,-1,-1,521,406,360,-1,308,315,278,0,0,0,0,0,0,0,0,0,1,1,1,0,1,1,1
2026-07-03T20:07:13.023,tof1,4x4,side_left,-1,-1,-1,-1,-1,-1,-1,-1,-1,527,406,360,-1,316,320,277,0,0,0,0,0,0,0,0,0,1,1,1,1,1,1,1
2026-07-03T20:07:13.177,tof1,4x4,side_left,-1,-1,-1,-1,-1,-1,445,-1,-1,520,406,361,-1,315,320,277,0,0,0,0,0,0,1,0,0,1,1,1,0,1,1,1
2026-07-03T20:07:13.352,tof1,4x4,side_left,-1,-1,-1,-1,-1,-1,446,-1,-1,516,403,359,-1,313,320,276,0,0,0,0,0,0,1,0,0,1,1,1,1,1,1,1
2026-07-03T20:07:13.523,tof1,4x4,side_left,-1,-1,-1,-1,-1,-1,446,-1,439,526,405,360,-1,311,314,276,0,0,0,0,0,0,1,0,1,1,1,1,0,1,1,1
2026-07-03T20:07:13.715,tof1,4x4,side_left,-1,-1,-1,-1,-1,452,442,-1,-1,520,405,361,-1,311,318,277,0,0,0,0,0,1,1,0,0,1,1,1,1,1,1,1
2026-07-03T20:07:13.865,tof1,4x4,side_left,-1,-1,-1,-1,-1,-1,-1,-1,-1,527,408,359,-1,313,319,278,0,0,0,0,0,0,0,0,0,1,1,1,0,1,1,1
2026-07-03T20:07:14.031,tof1,4x4,side_left,-1,-1,-1,-1,-1,-1,449,-1,-1,527,408,361,-1,297,315,275,0,0,0,0,0,0,1,0,0,1,1,1,0,1,1,1
2026-07-03T20:07:14.185,tof1,4x4,side_left,-1,-1,-1,-1,-1,-1,-1,-1,-1,518,407,361,-1,310,320,277,0,0,0,1,0,0,0,0,0,1,1,1,0,1,1,1
2026-07-03T20:07:14.378,tof1,4x4,side_left,-1,-1,-1,-1,-1,-1,-1,-1,-1,524,407,362,-1,300,322,276,0,0,0,0,0,0,0,0,0,1,1,1,0,1,1,1
2026-07-03T20:07:14.371,tof2,4x4,side_left,2882,3250,-1,3287,-1,1436,-1,3541,-1,965,1595,-1,1073,817,-1,1047,1,1,1,1,0,1,1,1,1,1,1,1,1,1,1,1
2026-07-03T20:07:14.573,tof1,4x4,side_left,-1,-1,-1,-1,-1,-1,442,-1,-1,520,407,363,-1,314,318,272,0,0,0,1,0,0,1,0,0,1,1,1,0,1,1,1
2026-07-03T20:07:14.558,tof2,4x4,side_left,-1,3266,-1,3312,-1,-1,-1,3527,1598,970,1642,-1,1062,823,-1,1053,1,1,0,1,1,0,0,1,1,1,1,1,1,1,1,1
2026-07-03T20:07:14.708,tof2,4x4,side_left,2932,3250,-1,3295,-1,-1,-1,3421,-1,974,1630,-1,1066,822,954,1056,1,1,0,1,0,0,0,1,1,1,1,0,1,1,1,1
2026-07-03T20:07:14.742,tof1,4x4,side_left,-1,-1,-1,-1,-1,437,438,-1,-1,520,408,363,-1,295,323,277,0,0,0,0,0,1,1,0,0,1,1,1,0,1,1,1
2026-07-03T20:07:14.862,tof2,4x4,side_left,3066,3262,-1,3297,-1,1442,2187,3490,-1,982,1566,-1,1060,815,-1,1040,1,1,0,1,0,1,1,1,0,1,1,0,1,1,1,1
2026-07-03T20:07:14.945,tof1,4x4,side_left,-1,-1,-1,-1,-1,-1,446,-1,-1,518,408,362,-1,312,316,273,0,0,0,0,0,0,1,0,0,1,1,1,0,1,1,1
2026-07-03T20:07:15.031,tof2,4x4,side_left,3000,3265,-1,3299,-1,1478,2194,3487,-1,948,1548,-1,1052,825,-1,1054,1,1,0,1,1,1,1,1,1,1,1,0,1,1,1,1
2026-07-03T20:07:15.100,tof1,4x4,side_left,-1,-1,-1,-1,-1,441,442,-1,-1,524,407,361,-1,294,314,274,0,0,0,0,0,1,1,0,0,1,1,1,0,1,1,1
2026-07-03T20:07:15.182,tof2,4x4,side_left,3023,3260,3307,3294,-1,1466,-1,3529,1678,963,1600,-1,1061,823,-1,1040,1,1,1,1,1,1,0,1,1,1,1,0,1,1,1,1
2026-07-03T20:07:15.265,tof1,4x4,side_left,-1,-1,-1,-1,-1,-1,442,-1,-1,521,405,363,-1,296,317,276,1,0,0,0,0,0,1,0,0,1,1,1,0,1,1,1
2026-07-03T20:07:15.421,tof1,4x4,side_left,-1,-1,-1,-1,-1,-1,-1,-1,-1,525,407,362,-1,312,318,276,0,0,0,0,0,0,0,0,0,1,1,1,0,1,1,1
2026-07-03T20:07:15.365,tof2,4x4,side_left,3038,3258,3274,3301,-1,1476,2191,3460,1567,959,1558,-1,1054,816,-1,1053,1,1,1,1,1,1,1,1,1,1,1,0,1,1,1,1
2026-07-03T20:07:15.776,tof1,4x4,side_left,-1,-1,-1,-1,-1,-1,-1,-1,-1,518,407,363,-1,300,324,277,1,0,0,0,0,0,0,0,0,1,1,1,0,1,1,1
2026-07-03T20:07:15.774,tof2,4x4,side_left,3011,3245,-1,3324,-1,1505,-1,3529,-1,997,1575,-1,1062,815,964,1047,1,1,1,1,1,1,0,1,1,1,1,0,1,1,1,1
2026-07-03T20:07:15.926,tof2,4x4,side_left,3031,3266,-1,3347,-1,1494,-1,3412,1597,972,1579,-1,1070,825,-1,1034,1,1,0,1,1,1,1,1,1,1,1,0,1,1,1,1
2026-07-03T20:07:15.982,tof1,4x4,side_left,-1,-1,-1,-1,-1,-1,-1,-1,-1,520,407,363,-1,310,318,277,0,0,1,0,0,0,0,0,0,1,1,1,0,1,1,1
2026-07-03T20:07:16.098,tof2,4x4,side_left,3077,3263,-1,3319,-1,1462,2133,3434,-1,973,1587,-1,1074,821,-1,1050,1,1,0,1,1,1,1,1,1,1,1,0,1,1,1,1
2026-07-03T20:07:16.142,tof1,4x4,side_left,-1,-1,-1,-1,-1,-1,-1,-1,-1,522,404,361,-1,310,319,274,0,0,1,0,0,0,0,0,0,1,1,1,0,1,1,1
2026-07-03T20:07:16.301,tof1,4x4,side_left,-1,-1,-1,-1,-1,-1,-1,-1,-1,515,405,360,-1,315,315,279,0,0,0,0,0,0,0,0,0,1,1,1,0,1,1,1
2026-07-03T20:07:16.259,tof2,4x4,side_left,3013,3259,-1,3325,-1,1480,2181,-1,1626,984,1610,-1,1071,820,967,1049,1,1,0,1,0,1,1,0,1,1,1,0,1,1,1,1
2026-07-03T20:07:16.424,tof2,4x4,side_left,2911,3254,-1,3300,2134,1485,-1,3472,-1,978,1592,-1,1038,820,-1,1032,1,1,0,1,1,1,1,1,1,1,1,0,1,1,1,1
2026-07-03T20:07:16.482,tof1,4x4,side_left,-1,-1,-1,-1,-1,-1,-1,-1,-1,525,404,361,-1,316,317,275,0,0,0,0,0,0,0,0,0,1,1,1,0,1,1,1
2026-07-03T20:07:16.634,tof1,4x4,side_left,-1,-1,-1,-1,-1,431,440,-1,-1,524,407,359,-1,310,321,276,0,0,0,0,0,1,1,0,0,1,1,1,0,1,1,1
2026-07-03T20:07:16.593,tof2,4x4,side_left,3047,3257,3330,3323,-1,1460,-1,3495,1517,950,1584,-1,1054,829,990,1062,1,1,1,1,0,1,1,1,1,1,1,1,1,1,1,1
2026-07-03T20:07:16.757,tof2,4x4,side_left,2968,3260,3253,3335,2132,1499,2164,3480,-1,968,1594,-1,-1,828,967,1041,1,1,1,1,1,1,1,1,1,1,1,0,1,1,1,1
2026-07-03T20:07:16.811,tof1,4x4,side_left,-1,-1,-1,-1,-1,-1,-1,-1,-1,515,402,360,-1,312,322,281,0,0,0,0,0,0,0,0,0,1,1,1,0,1,1,1
2026-07-03T20:07:16.973,tof1,4x4,side_left,-1,-1,-1,-1,-1,-1,-1,-1,-1,520,404,360,-1,298,319,276,0,0,0,0,0,0,0,0,0,1,1,1,1,1,1,1
2026-07-03T20:07:16.939,tof2,4x4,side_left,3046,3246,3285,3325,-1,1458,2174,3558,1636,996,1605,-1,1060,819,957,1048,1,1,1,1,1,1,1,1,1,1,1,1,1,1,1,1
2026-07-03T20:07:17.136,tof1,4x4,side_left,-1,-1,-1,-1,-1,-1,444,-1,-1,518,402,358,-1,292,314,278,0,0,0,0,0,0,1,0,0,1,1,1,1,1,1,1
2026-07-03T20:07:17.105,tof2,4x4,side_left,3042,3250,-1,3343,-1,1477,2177,3425,1728,985,1557,-1,-1,821,-1,1046,1,1,0,1,0,1,1,1,1,1,1,0,1,1,1,1
2026-07-03T20:07:17.264,tof2,4x4,side_left,2934,3262,-1,3342,-1,1507,-1,-1,1609,951,1571,-1,1053,827,-1,1048,1,1,0,1,1,1,0,0,1,1,1,0,1,1,1,1
2026-07-03T20:07:17.330,tof1,4x4,side_left,-1,-1,-1,-1,-1,-1,-1,-1,-1,524,407,360,-1,298,320,277,0,0,0,0,0,0,0,0,0,1,1,1,1,1,1,1
2026-07-03T20:07:17.418,tof2,4x4,side_left,3035,3253,-1,-1,2228,1439,-1,3447,1562,959,1595,-1,1065,821,-1,1060,1,1,1,1,1,1,0,1,1,1,1,0,1,1,1,1
2026-07-03T20:07:17.487,tof1,4x4,side_left,-1,-1,-1,-1,-1,-1,445,-1,-1,517,404,360,-1,293,318,275,0,0,0,0,0,0,1,0,0,1,1,1,0,1,1,1
2026-07-03T20:07:17.577,tof2,4x4,side_left,-1,3254,-1,3293,2111,-1,-1,3418,1546,976,1549,-1,1050,819,966,1058,1,1,0,1,1,1,1,1,1,1,1,1,1,1,1,1
2026-07-03T20:07:17.655,tof1,4x4,side_left,-1,-1,-1,-1,-1,-1,-1,-1,-1,522,406,359,-1,299,320,277,0,0,0,0,0,0,0,0,0,1,1,1,0,1,1,1
2026-07-03T20:07:17.834,tof1,4x4,side_left,-1,-1,-1,-1,-1,-1,-1,-1,-1,524,403,361,-1,297,315,279,0,0,0,0,0,0,0,0,0,1,1,1,0,1,1,1
2026-07-03T20:07:17.761,tof2,4x4,side_left,2897,3255,-1,3318,-1,1456,2161,3450,1593,982,1573,-1,1056,818,-1,1049,1,1,0,1,0,1,1,1,1,1,1,1,1,1,1,1
2026-07-03T20:07:17.997,tof1,4x4,side_left,-1,-1,-1,-1,-1,-1,-1,-1,-1,520,406,361,-1,312,315,280,0,0,0,0,0,0,0,0,0,1,1,1,0,1,1,1
2026-07-03T20:07:17.924,tof2,4x4,side_left,2939,3253,-1,3302,-1,1474,-1,3492,1608,966,1566,-1,1065,824,1054,1049,1,1,0,1,0,1,1,1,1,1,1,0,1,1,1,1
2026-07-03T20:07:18.094,tof2,4x4,side_left,-1,3249,-1,3306,-1,1441,2249,3483,1627,965,1620,-1,1066,824,-1,1051,1,1,0,1,1,1,1,1,1,1,1,1,1,1,1,1
2026-07-03T20:07:18.166,tof1,4x4,side_left,-1,-1,-1,-1,-1,-1,-1,-1,-1,528,406,361,-1,299,316,278,0,0,0,0,0,0,0,0,0,1,1,1,0,1,1,1
2026-07-03T20:07:18.251,tof2,4x4,side_left,3040,3261,-1,3302,-1,1449,-1,-1,1632,963,1584,-1,-1,821,-1,1044,1,1,0,1,1,1,1,0,1,1,1,0,1,1,1,1
2026-07-03T20:07:18.337,tof1,4x4,side_left,-1,-1,-1,-1,-1,-1,443,-1,-1,529,407,361,-1,289,317,275,0,0,0,0,0,0,1,0,0,1,1,1,0,1,1,1
2026-07-03T20:07:18.405,tof2,4x4,side_left,3014,3252,-1,3307,-1,1475,2129,3435,1699,967,1614,-1,1058,816,-1,1046,1,1,0,1,1,1,1,1,1,1,1,1,1,1,1,1
2026-07-03T20:07:18.499,tof1,4x4,side_left,-1,-1,-1,-1,-1,-1,440,-1,-1,514,408,359,-1,296,316,276,0,0,0,0,0,0,1,0,0,1,1,1,0,1,1,1
2026-07-03T20:07:18.567,tof2,4x4,side_left,2953,3259,-1,3323,-1,1464,2184,-1,-1,944,1577,-1,1051,819,954,1054,1,1,0,1,0,1,1,1,1,1,1,1,1,1,1,1
2026-07-03T20:07:18.687,tof1,4x4,side_left,-1,-1,-1,-1,-1,-1,443,-1,-1,519,403,361,-1,297,318,275,0,0,0,0,0,0,1,0,0,1,1,1,0,1,1,1
2026-07-03T20:07:18.734,tof2,4x4,side_left,2921,3245,-1,3332,-1,1465,-1,3454,1589,961,1569,-1,1064,824,939,1052,1,1,0,1,0,1,1,1,1,1,1,0,1,1,1,1
2026-07-03T20:07:18.844,tof1,4x4,side_left,-1,-1,-1,-1,-1,-1,-1,-1,-1,522,405,359,-1,310,318,278,0,0,0,0,0,0,0,0,0,1,1,1,0,1,1,1
2026-07-03T20:07:18.890,tof2,4x4,side_left,3006,3261,-1,3329,-1,1464,2217,-1,-1,968,1597,-1,1062,819,-1,1054,1,1,0,1,1,1,1,0,1,1,1,0,1,1,1,1
2026-07-03T20:07:19.005,tof1,4x4,side_left,-1,-1,-1,-1,-1,434,440,-1,-1,517,407,362,-1,299,316,278,0,0,0,0,0,1,1,0,0,1,1,1,0,1,1,1
2026-07-03T20:07:19.053,tof2,4x4,side_left,2924,3250,-1,3352,-1,1487,-1,3478,1673,959,1559,-1,1067,820,-1,1056,1,1,1,1,0,1,0,1,1,1,1,1,1,1,1,1
2026-07-03T20:07:19.161,tof1,4x4,side_left,-1,-1,-1,-1,-1,-1,-1,-1,-1,521,405,361,-1,314,323,278,0,0,0,0,0,0,0,0,0,1,1,1,0,1,1,1
2026-07-03T20:07:19.228,tof2,4x4,side_left,3004,3251,-1,3306,-1,1479,2178,3489,1603,986,1594,-1,1069,819,-1,1050,1,1,0,1,0,1,1,1,1,1,1,1,1,1,1,1
2026-07-03T20:07:19.317,tof1,4x4,side_left,-1,-1,-1,-1,-1,-1,-1,-1,-1,522,407,362,-1,311,318,276,0,0,0,0,0,0,0,0,0,1,1,1,0,1,1,1
2026-07-03T20:07:19.384,tof2,4x4,side_left,3085,3266,3343,3361,-1,1467,2193,-1,1515,966,1589,-1,1054,817,-1,1054,1,1,1,1,0,1,1,0,1,1,1,0,1,1,1,1
2026-07-03T20:07:19.462,tof1,4x4,side_left,-1,-1,-1,-1,-1,-1,-1,-1,-1,516,408,360,-1,296,318,274,0,0,0,0,0,0,0,0,0,1,1,1,0,1,1,1
2026-07-03T20:07:19.572,tof2,4x4,side_left,3013,3247,3293,3325,2156,1479,2215,3497,1575,959,1642,-1,1069,816,975,1054,1,1,1,1,1,1,1,1,1,1,1,1,1,1,1,1
2026-07-03T20:07:19.619,tof1,4x4,side_left,-1,-1,-1,-1,-1,-1,-1,-1,-1,530,406,360,-1,301,316,277,0,0,0,0,0,0,0,0,0,1,1,1,0,1,1,1
2026-07-03T20:07:19.727,tof2,4x4,side_left,2882,3250,-1,3305,-1,1461,2219,3497,1652,974,1610,-1,1064,828,951,1051,1,1,1,1,0,1,1,1,1,1,1,0,1,1,1,1
2026-07-03T20:07:19.785,tof1,4x4,side_left,-1,-1,-1,-1,-1,-1,-1,-1,-1,517,405,361,-1,313,320,277,0,0,0,0,0,0,0,0,0,1,1,1,0,1,1,1
2026-07-03T20:07:19.886,tof2,4x4,side_left,3004,3258,-1,3328,-1,1484,-1,3519,1521,957,1591,-1,1056,827,-1,1043,1,1,0,1,0,1,1,1,1,1,1,0,1,1,1,1
2026-07-03T20:07:19.948,tof1,4x4,side_left,-1,-1,-1,-1,-1,-1,-1,-1,-1,521,406,361,-1,295,317,275,0,0,0,0,0,0,0,0,0,1,1,1,0,1,1,1
2026-07-03T20:07:20.104,tof1,4x4,side_left,-1,-1,-1,-1,-1,440,444,-1,-1,525,405,365,-1,297,315,276,0,0,0,0,0,1,1,1,0,1,1,1,0,1,1,1
2026-07-03T20:07:20.070,tof2,4x4,side_left,2984,3245,-1,3320,-1,1480,-1,3430,1514,953,1582,-1,1056,821,966,1052,1,1,0,1,0,1,0,1,1,1,1,0,1,1,1,1
2026-07-03T20:07:20.217,tof2,4x4,side_left,3064,3260,3322,3334,-1,1456,2198,3407,1560,954,1621,-1,-1,817,989,1051,1,1,1,1,0,1,1,1,1,1,1,0,1,1,1,1
2026-07-03T20:07:20.290,tof1,4x4,side_left,-1,-1,-1,-1,-1,-1,443,-1,-1,521,406,361,-1,316,323,275,0,0,0,0,0,0,1,0,0,1,1,1,0,1,1,1
2026-07-03T20:07:20.384,tof2,4x4,side_left,2961,3259,3283,3327,-1,1478,-1,-1,1611,923,1559,-1,1065,828,-1,1053,1,1,1,1,1,1,0,1,1,1,1,0,1,1,1,1
2026-07-03T20:07:20.480,tof1,4x4,side_left,-1,-1,-1,-1,-1,-1,438,-1,-1,520,406,361,-1,315,317,276,0,0,0,0,0,0,1,0,0,1,1,1,0,1,1,1
2026-07-03T20:07:20.541,tof2,4x4,side_left,3093,3263,-1,3320,-1,1478,-1,-1,1564,947,1587,-1,1060,819,966,1051,1,1,1,1,0,1,0,0,1,1,1,0,1,1,1,1
2026-07-03T20:07:20.627,tof1,4x4,side_left,-1,-1,-1,-1,-1,-1,444,-1,-1,517,404,361,-1,301,319,276,0,0,0,0,0,0,1,0,0,1,1,1,0,1,1,1
2026-07-03T20:07:20.698,tof2,4x4,side_left,2993,3263,-1,3330,2137,1484,2183,3524,1655,957,1590,-1,1073,818,-1,1041,1,1,0,1,1,1,1,1,1,1,1,0,1,1,1,1
2026-07-03T20:07:20.796,tof1,4x4,side_left,-1,-1,-1,-1,-1,-1,-1,-1,-1,521,405,359,-1,313,321,274,1,0,0,0,0,0,0,0,0,1,1,1,1,1,1,1
2026-07-03T20:07:20.860,tof2,4x4,side_left,2947,3252,-1,3334,-1,1497,2151,-1,-1,964,1580,-1,1065,815,964,1051,1,1,0,1,1,1,1,1,0,1,1,0,1,1,1,1
2026-07-03T20:07:20.955,tof1,4x4,side_left,-1,-1,-1,-1,-1,-1,-1,-1,-1,519,406,360,-1,319,317,275,0,0,0,0,0,0,0,0,0,1,1,1,0,1,1,1
2026-07-03T20:07:21.025,tof2,4x4,side_left,3056,3252,-1,3316,-1,1457,-1,3486,1598,980,1581,-1,1074,811,-1,1050,1,1,0,1,0,1,0,1,1,1,1,0,1,1,1,1
2026-07-03T20:07:21.129,tof1,4x4,side_left,-1,-1,-1,-1,-1,-1,-1,-1,-1,514,404,362,-1,310,320,277,0,0,0,0,0,0,0,0,0,1,1,1,0,1,1,1
2026-07-03T20:07:21.182,tof2,4x4,side_left,-1,3264,-1,3331,2140,1464,2153,3437,1570,964,1575,-1,1051,824,1063,1037,0,1,0,1,1,1,1,1,1,1,1,1,1,1,1,1
2026-07-03T20:07:21.310,tof1,4x4,side_left,-1,-1,-1,-1,-1,440,443,-1,-1,522,405,361,-1,296,318,276,0,0,0,0,0,1,1,0,0,1,1,1,0,1,1,1
2026-07-03T20:07:21.362,tof2,4x4,side_left,2972,3254,-1,3338,2126,1474,2143,3580,1581,966,1573,-1,1046,817,977,1048,1,1,1,1,1,1,1,1,1,1,1,0,1,1,1,1
2026-07-03T20:07:21.466,tof1,4x4,side_left,-1,-1,-1,-1,-1,436,438,-1,-1,515,404,359,1166,311,322,273,1,1,0,0,0,1,1,0,0,1,1,1,1,1,1,1
2026-07-03T20:07:21.525,tof2,4x4,side_left,3038,3252,-1,3313,-1,1498,-1,3529,1528,969,1619,-1,1053,817,-1,1043,1,1,0,1,0,1,0,1,1,1,1,0,1,1,1,1
2026-07-03T20:07:21.655,tof1,4x4,side_left,-1,-1,-1,-1,-1,-1,436,-1,-1,515,401,357,-1,300,321,276,0,0,0,0,0,0,1,0,0,1,1,1,0,1,1,1
2026-07-03T20:07:21.686,tof2,4x4,side_left,2955,3263,-1,3337,-1,1504,2135,3425,1650,968,1605,-1,1061,817,-1,1055,1,1,0,1,0,1,1,1,1,1,1,0,1,1,1,1
2026-07-03T20:07:21.852,tof1,4x4,side_left,-1,-1,-1,-1,-1,-1,-1,-1,-1,518,403,361,-1,313,321,273,1,0,0,0,0,0,0,0,0,1,1,1,0,1,1,1
2026-07-03T20:07:21.861,tof2,4x4,side_left,2977,3259,3326,3337,2141,1494,-1,3447,1584,968,1576,-1,-1,832,944,1044,1,1,1,1,1,1,0,1,1,1,1,0,1,1,1,1
2026-07-03T20:07:22.046,tof1,4x4,side_left,-1,-1,-1,-1,-1,-1,435,-1,-1,521,404,360,-1,291,315,275,0,0,0,0,0,0,1,0,0,1,1,1,1,1,1,1
2026-07-03T20:07:22.054,tof2,4x4,side_left,2956,3257,-1,3340,-1,1492,2085,3470,1552,977,1597,-1,-1,823,947,1046,1,1,0,1,0,1,1,1,1,1,1,1,1,1,1,1
2026-07-03T20:07:22.237,tof1,4x4,side_left,-1,-1,-1,-1,-1,-1,-1,-1,-1,520,406,358,-1,312,318,275,0,0,0,0,0,0,0,0,0,1,1,1,0,1,1,1
2026-07-03T20:07:22.235,tof2,4x4,side_left,2995,3261,-1,3324,-1,1450,-1,3479,1589,965,1562,-1,1071,816,966,1042,1,1,0,1,0,1,1,1,1,1,1,0,1,1,1,1
2026-07-03T20:07:22.388,tof2,4x4,side_left,3000,3262,3303,3310,-1,-1,-1,3508,1676,983,1629,-1,1065,826,-1,1043,1,1,1,1,0,1,0,1,1,1,1,1,1,1,1,1
2026-07-03T20:07:22.432,tof1,4x4,side_left,-1,-1,-1,-1,-1,-1,-1,-1,-1,519,403,358,1045,312,320,279,0,0,0,0,0,0,0,0,0,1,1,1,1,1,1,1
2026-07-03T20:07:22.546,tof2,4x4,side_left,2979,3252,-1,3283,-1,1476,-1,3479,1620,954,1574,-1,1057,814,976,1046,1,1,1,1,0,1,0,1,1,1,1,0,1,1,1,1
2026-07-03T20:07:22.605,tof1,4x4,side_left,-1,-1,-1,-1,-1,-1,-1,-1,-1,511,406,360,-1,311,319,275,0,0,0,0,0,0,0,0,0,1,1,1,0,1,1,1
2026-07-03T20:07:22.709,tof2,4x4,side_left,3013,3254,-1,3310,-1,-1,2187,3485,1468,982,1586,-1,1075,816,970,1044,1,1,0,1,1,0,1,1,1,1,1,0,1,1,1,1
2026-07-03T20:07:22.786,tof1,4x4,side_left,-1,-1,-1,-1,-1,-1,-1,-1,-1,520,405,359,-1,294,319,276,0,0,0,0,0,0,0,0,0,1,1,1,0,1,1,1
2026-07-03T20:07:22.966,tof1,4x4,side_left,-1,-1,-1,-1,-1,-1,450,-1,-1,526,406,361,-1,299,322,278,0,0,0,0,0,0,1,0,0,1,1,1,0,1,1,1
2026-07-03T20:07:22.875,tof2,4x4,side_left,-1,3258,-1,3292,-1,-1,2178,-1,1598,981,1566,-1,1061,817,-1,1051,1,1,0,1,1,1,1,1,1,1,1,1,1,1,1,1
2026-07-03T20:07:23.064,tof2,4x4,side_left,2934,3249,-1,3309,-1,-1,-1,-1,1536,970,1608,-1,1050,817,960,1059,1,1,0,1,1,1,1,0,1,1,1,0,1,1,1,1
2026-07-03T20:07:23.126,tof1,4x4,side_left,-1,-1,-1,-1,-1,-1,447,-1,-1,520,408,363,-1,301,322,276,0,0,0,0,0,0,1,0,0,1,1,1,0,1,1,1
2026-07-03T20:07:23.222,tof2,4x4,side_left,3034,3254,-1,3317,-1,-1,-1,3463,-1,966,1609,-1,1070,825,968,1050,1,1,1,1,0,0,0,1,0,1,1,0,1,1,1,1
2026-07-03T20:07:23.382,tof2,4x4,side_left,2946,3262,-1,3314,-1,-1,-1,3539,1731,947,1624,-1,1067,814,958,1051,1,1,1,1,0,0,1,1,1,1,1,1,1,1,1,1
2026-07-03T20:07:23.548,tof2,4x4,side_left,-1,3250,-1,3311,-1,1390,-1,3466,-1,998,1536,-1,-1,823,-1,1047,0,1,1,1,0,1,1,1,0,1,1,0,1,1,1,1
2026-07-03T20:07:23.729,tof2,4x4,side_left,-1,3270,3289,3335,-1,-1,2191,3434,1609,957,1612,-1,1070,822,949,1058,1,1,1,1,0,0,1,1,1,1,1,0,1,1,1,1
2026-07-03T20:07:23.965,tof2,4x4,side_left,2981,3238,3294,3345,-1,-1,2188,3441,-1,963,1542,-1,-1,821,-1,1054,1,1,1,1,1,0,1,1,0,1,1,0,1,1,1,1
2026-07-03T20:07:24.097,tof1,4x4,side_left,-1,-1,-1,-1,-1,-1,450,-1,-1,519,407,362,-1,310,321,277,0,0,0,0,0,0,1,0,0,1,1,1,1,1,1,1
2026-07-03T20:07:24.118,tof2,4x4,side_left,3000,3261,-1,3332,-1,-1,2168,3447,-1,978,-1,-1,-1,820,974,1042,1,1,0,1,0,0,1,1,1,1,1,0,1,1,1,1
2026-07-03T20:07:24.281,tof1,4x4,side_left,-1,-1,-1,-1,-1,-1,448,-1,-1,515,407,359,-1,299,323,279,0,0,0,0,0,0,1,0,0,1,1,1,0,1,1,1
2026-07-03T20:07:24.285,tof2,4x4,side_left,3021,3247,-1,3329,-1,-1,-1,3446,1662,971,1621,-1,1069,821,-1,1052,1,1,1,1,1,1,1,1,1,1,1,0,1,1,1,1
2026-07-03T20:07:24.453,tof2,4x4,side_left,2926,3253,3345,3338,-1,-1,-1,3407,-1,959,1540,-1,1073,824,-1,1052,1,1,1,1,0,0,0,1,1,1,1,0,1,1,1,1
2026-07-03T20:07:24.472,tof1,4x4,side_left,-1,-1,-1,-1,-1,-1,437,-1,-1,511,404,359,-1,296,317,275,0,0,0,1,0,0,1,0,0,1,1,1,1,1,1,1
2026-07-03T20:07:24.645,tof1,4x4,side_left,-1,-1,-1,-1,-1,-1,-1,-1,-1,519,406,361,-1,308,309,276,0,0,0,0,0,0,0,0,0,1,1,1,0,1,1,1
2026-07-03T20:07:24.631,tof2,4x4,side_left,3062,3265,3235,3327,-1,-1,2185,2980,1570,993,1602,-1,1050,817,-1,1048,1,1,1,1,0,0,1,1,1,1,1,0,1,1,1,1
2026-07-03T20:07:24.808,tof1,4x4,side_left,-1,-1,-1,-1,-1,437,446,-1,-1,519,404,363,-1,316,324,273,0,0,0,0,0,1,1,0,0,1,1,1,0,1,1,1
2026-07-03T20:07:24.792,tof2,4x4,side_left,2984,3239,3334,3304,-1,-1,2131,3519,1620,940,1581,-1,-1,817,-1,1042,1,1,1,1,0,0,1,1,1,1,1,0,1,1,1,1
2026-07-03T20:07:24.982,tof1,4x4,side_left,-1,-1,-1,-1,-1,-1,-1,-1,-1,520,404,360,1087,313,318,275,0,0,0,0,0,0,0,0,0,1,1,1,1,1,1,1
2026-07-03T20:07:24.946,tof2,4x4,side_left,-1,3247,-1,3312,-1,-1,2214,3400,1598,964,1613,-1,1062,817,970,1048,1,1,1,1,1,0,1,1,1,1,1,0,1,1,1,1
2026-07-03T20:07:25.157,tof1,4x4,side_left,-1,-1,-1,-1,-1,443,445,-1,-1,517,406,360,-1,316,324,277,0,0,0,0,0,1,1,0,0,1,1,1,0,1,1,1
2026-07-03T20:07:25.105,tof2,4x4,side_left,2994,3259,-1,3321,-1,-1,-1,3549,1831,950,1590,-1,1074,827,1052,1060,1,1,0,1,1,0,0,1,1,1,1,1,1,1,1,1
2026-07-03T20:07:25.330,tof1,4x4,side_left,-1,-1,-1,-1,-1,-1,438,-1,-1,521,405,360,-1,298,319,272,0,0,0,0,0,0,1,0,0,1,1,1,0,1,1,1
2026-07-03T20:07:25.259,tof2,4x4,side_left,3075,3263,3348,3289,-1,1504,-1,3477,-1,966,1579,-1,1057,824,-1,1058,1,1,1,1,0,1,1,1,1,1,1,0,1,1,1,1
2026-07-03T20:07:25.496,tof1,4x4,side_left,-1,-1,-1,-1,-1,-1,-1,-1,-1,521,402,357,-1,314,320,273,0,0,0,0,0,0,0,0,0,1,1,1,0,1,1,1
2026-07-03T20:07:25.434,tof2,4x4,side_left,2931,3252,-1,3302,2128,1481,2204,3424,1501,956,1576,-1,1076,826,1064,1053,1,1,0,1,1,1,1,1,1,1,1,1,1,1,1,1
2026-07-03T20:07:25.582,tof2,4x4,side_left,3012,3260,-1,3325,2153,1480,-1,3382,1636,955,1625,-1,1066,819,-1,1046,1,1,1,1,1,1,0,1,1,1,1,1,1,1,1,1
2026-07-03T20:07:25.655,tof1,4x4,side_left,-1,-1,-1,-1,-1,-1,-1,-1,-1,521,405,360,-1,311,317,277,0,0,0,0,0,0,0,0,0,1,1,1,0,1,1,1
2026-07-03T20:07:25.739,tof2,4x4,side_left,-1,3251,-1,3306,-1,1462,-1,3458,1703,963,1627,-1,-1,811,-1,1048,1,1,0,1,0,1,1,1,1,1,1,1,1,1,1,1
2026-07-03T20:07:25.810,tof1,4x4,side_left,-1,-1,-1,-1,-1,-1,-1,-1,-1,513,403,361,-1,313,320,277,0,0,0,0,0,0,0,0,0,1,1,1,0,1,1,1
2026-07-03T20:07:25.937,tof2,4x4,side_left,3003,3261,-1,3293,-1,1473,2120,3431,-1,1000,1612,-1,-1,823,-1,1043,1,1,0,1,1,1,1,1,0,1,1,0,1,1,1,1
2026-07-03T20:07:25.973,tof1,4x4,side_left,-1,-1,-1,-1,-1,-1,-1,-1,-1,522,402,359,1165,314,319,280,0,0,0,0,0,0,0,0,0,1,1,1,1,1,1,1
2026-07-03T20:07:26.086,tof2,4x4,side_left,2954,3265,-1,3312,-1,1461,-1,-1,1614,967,1606,1333,-1,808,-1,1041,1,1,0,1,1,1,0,0,1,1,1,1,1,1,1,1
2026-07-03T20:07:26.141,tof1,4x4,side_left,-1,-1,-1,-1,-1,-1,443,-1,-1,519,406,360,-1,312,316,279,0,0,0,0,0,0,1,0,0,1,1,1,0,1,1,1
2026-07-03T20:07:26.253,tof2,4x4,side_left,2995,3256,-1,3284,2016,1486,-1,3484,1717,949,1536,-1,1053,822,958,1060,1,1,0,1,1,1,1,1,1,1,1,0,1,1,1,1
2026-07-03T20:07:26.321,tof1,4x4,side_left,-1,-1,-1,-1,-1,-1,-1,-1,-1,523,406,362,1084,299,316,279,0,0,0,0,0,0,0,0,0,1,1,1,1,1,1,1
2026-07-03T20:07:26.487,tof1,4x4,side_left,-1,-1,-1,-1,-1,-1,-1,-1,-1,515,408,361,-1,297,318,278,0,0,0,0,0,0,0,0,0,1,1,1,0,1,1,1
2026-07-03T20:07:26.421,tof2,4x4,side_left,2947,3241,-1,3293,-1,1474,-1,-1,1678,969,1642,-1,1060,817,-1,1057,1,1,0,1,0,1,1,0,1,1,1,0,1,1,1,1
2026-07-03T20:07:26.576,tof2,4x4,side_left,3018,3271,-1,3317,2173,1481,-1,-1,1702,987,1556,-1,-1,824,-1,1055,1,1,0,1,1,1,1,0,1,1,1,0,1,1,1,1
2026-07-03T20:07:26.665,tof1,4x4,side_left,-1,-1,-1,-1,-1,-1,447,-1,-1,525,408,358,-1,309,318,276,0,0,0,0,0,0,1,0,0,1,1,1,0,1,1,1
2026-07-03T20:07:26.731,tof2,4x4,side_left,2933,3265,-1,3310,-1,1472,2201,3510,1627,979,1590,-1,1058,817,1092,1043,1,1,0,1,0,1,1,1,1,1,1,0,1,1,1,1
2026-07-03T20:07:26.847,tof1,4x4,side_left,-1,-1,-1,-1,-1,-1,-1,-1,-1,519,409,360,-1,296,322,277,0,0,0,1,0,0,0,0,0,1,1,1,0,1,1,1
2026-07-03T20:07:26.897,tof2,4x4,side_left,2897,3255,3287,3294,-1,1492,-1,3568,1588,948,1589,-1,1078,824,-1,1052,1,1,1,1,0,1,0,1,1,1,1,0,1,1,1,1
2026-07-03T20:07:27.016,tof1,4x4,side_left,-1,-1,-1,-1,-1,-1,-1,-1,-1,521,408,360,-1,312,318,275,0,0,0,0,0,0,0,0,0,1,1,1,0,1,1,1
2026-07-03T20:07:27.070,tof2,4x4,side_left,2992,3252,3302,3346,2164,1480,2180,3462,1549,965,1568,-1,-1,823,-1,1046,1,1,1,1,1,1,1,1,1,1,1,0,1,1,1,1
2026-07-03T20:07:27.178,tof1,4x4,side_left,-1,-1,-1,-1,-1,-1,-1,-1,-1,521,406,361,-1,293,320,273,0,0,0,0,0,0,0,0,0,1,1,1,0,1,1,1
2026-07-03T20:07:27.224,tof2,4x4,side_left,-1,3253,-1,3329,-1,1473,2250,3530,1687,960,1572,-1,-1,824,968,1044,1,1,1,1,1,1,1,1,1,1,1,0,1,1,1,1
2026-07-03T20:07:27.356,tof1,4x4,side_left,-1,-1,-1,-1,-1,-1,-1,-1,-1,516,404,361,-1,312,318,280,0,0,0,0,0,0,0,0,0,1,1,1,0,1,1,1
2026-07-03T20:07:27.391,tof2,4x4,side_left,2993,3249,-1,3313,-1,1495,-1,3448,-1,988,1634,-1,-1,822,1069,1056,1,1,0,1,0,1,1,1,0,1,1,1,1,1,1,1
2026-07-03T20:07:27.518,tof1,4x4,side_left,-1,-1,-1,-1,-1,-1,-1,-1,-1,517,405,360,-1,301,321,276,0,0,0,0,0,0,0,0,0,1,1,1,0,1,1,1
2026-07-03T20:07:27.553,tof2,4x4,side_left,2934,3257,-1,3320,-1,1474,-1,3472,1644,969,1552,-1,1061,819,-1,1036,1,1,0,1,0,1,1,1,1,1,1,0,1,1,1,1
2026-07-03T20:07:27.685,tof1,4x4,side_left,-1,-1,-1,-1,-1,-1,-1,-1,-1,521,404,358,-1,302,319,277,0,0,0,0,0,0,0,0,0,1,1,1,0,1,1,1
2026-07-03T20:07:27.712,tof2,4x4,side_left,2931,3249,3257,3317,2131,1473,-1,3466,-1,960,1537,-1,1060,809,953,1041,1,1,1,1,1,1,1,1,1,1,1,1,1,1,1,1
2026-07-03T20:07:27.859,tof1,4x4,side_left,-1,-1,-1,-1,-1,-1,440,-1,-1,516,405,360,-1,317,323,273,0,0,0,1,0,0,1,0,0,1,1,1,1,1,1,1
2026-07-03T20:07:27.882,tof2,4x4,side_left,-1,3258,-1,3310,2202,1496,-1,3530,-1,965,1579,-1,-1,808,-1,1049,1,1,0,1,1,1,0,1,1,1,1,0,1,1,1,1
2026-07-03T20:07:28.030,tof1,4x4,side_left,-1,-1,-1,-1,-1,435,433,-1,-1,524,404,359,-1,314,317,273,0,0,0,0,0,1,1,0,0,1,1,1,0,1,1,1
2026-07-03T20:07:28.088,tof2,4x4,side_left,2919,3261,-1,3323,2105,1499,2155,3470,1680,965,1553,-1,1061,815,960,1039,1,1,0,1,1,1,1,1,1,1,1,0,1,1,1,1
2026-07-03T20:07:28.192,tof1,4x4,side_left,-1,-1,-1,-1,-1,-1,-1,-1,-1,517,402,361,-1,316,322,276,1,0,0,0,0,0,0,0,0,1,1,1,0,1,1,1
2026-07-03T20:07:28.243,tof2,4x4,side_left,3091,3261,-1,3335,-1,1470,2191,3492,1703,953,1618,-1,1053,818,940,1064,1,1,0,1,1,1,1,1,1,1,1,0,1,1,1,1
2026-07-03T20:07:28.350,tof1,4x4,side_left,-1,-1,-1,-1,-1,-1,441,-1,-1,524,404,359,-1,309,319,273,0,0,0,0,0,0,1,0,0,1,1,1,0,1,1,1
2026-07-03T20:07:28.402,tof2,4x4,side_left,2895,3262,-1,3362,2037,1470,2166,3488,-1,971,1599,-1,1053,817,-1,1036,1,1,1,1,1,1,1,1,1,1,1,1,1,1,1,1
2026-07-03T20:07:28.607,tof1,4x4,side_left,-1,-1,-1,-1,-1,438,435,-1,-1,517,407,360,-1,311,321,277,0,0,0,0,0,1,1,0,0,1,1,1,0,1,1,1
2026-07-03T20:07:28.571,tof2,4x4,side_left,2976,3245,-1,3343,-1,1456,2149,3523,1628,964,1546,-1,1070,821,-1,1051,1,1,0,1,0,1,1,1,1,1,1,0,1,1,1,1
2026-07-03T20:07:28.734,tof2,4x4,side_left,-1,3263,3343,3278,-1,1477,-1,-1,1644,956,1576,-1,1063,823,-1,1033,0,1,1,1,0,1,0,0,1,1,1,0,1,1,1,1
2026-07-03T20:07:28.793,tof1,4x4,side_left,-1,-1,-1,-1,-1,-1,-1,-1,-1,516,405,359,-1,300,321,275,0,0,0,0,0,0,1,1,0,1,1,1,1,1,1,1
2026-07-03T20:07:28.894,tof2,4x4,side_left,2952,3266,-1,3291,-1,1470,-1,3485,-1,979,1586,-1,1065,819,-1,1050,1,1,0,1,0,1,1,1,1,1,1,0,1,1,1,1
2026-07-03T20:07:28.982,tof1,4x4,side_left,-1,-1,-1,-1,-1,435,442,-1,-1,522,406,361,-1,295,319,276,0,0,0,0,0,1,1,0,0,1,1,1,0,1,1,1
2026-07-03T20:07:29.087,tof2,4x4,side_left,3008,3247,3343,3328,-1,1473,2178,3462,-1,973,1568,-1,1053,825,965,1035,1,1,1,1,1,1,1,1,1,1,1,0,1,1,1,1
2026-07-03T20:07:29.153,tof1,4x4,side_left,-1,-1,-1,-1,-1,-1,-1,-1,-1,529,409,359,-1,335,319,275,0,0,0,0,0,0,0,0,0,1,1,1,0,1,1,1
2026-07-03T20:07:29.245,tof2,4x4,side_left,2986,3263,-1,3339,-1,1491,-1,3494,-1,965,1635,1340,1054,817,-1,1056,1,1,0,1,0,1,0,1,0,1,1,1,1,1,1,1
2026-07-03T20:07:29.342,tof1,4x4,side_left,-1,-1,-1,-1,-1,-1,439,-1,-1,526,409,361,-1,297,320,280,1,0,0,0,0,0,1,0,0,1,1,1,0,1,1,1
2026-07-03T20:07:29.403,tof2,4x4,side_left,3043,3253,-1,3319,-1,1505,-1,-1,1714,963,1584,-1,-1,816,-1,1047,1,1,1,1,1,1,0,1,1,1,1,0,1,1,1,1
2026-07-03T20:07:29.528,tof1,4x4,side_left,-1,-1,-1,-1,-1,-1,-1,-1,-1,516,406,360,-1,309,321,275,0,0,0,0,0,0,0,0,0,1,1,1,0,1,1,1
2026-07-03T20:07:29.569,tof2,4x4,side_left,3027,3263,-1,3329,2097,1480,2217,3530,1684,979,1576,-1,1071,819,-1,1058,1,1,0,1,1,1,1,1,1,1,1,0,1,1,1,1
2026-07-03T20:07:29.708,tof1,4x4,side_left,-1,-1,-1,-1,-1,-1,447,-1,-1,519,407,363,-1,306,318,276,0,0,0,0,0,0,1,0,0,1,1,1,0,1,1,1
2026-07-03T20:07:29.738,tof2,4x4,side_left,2941,3254,-1,3311,-1,1455,2141,3480,-1,966,1607,-1,1070,816,-1,1058,1,1,1,1,0,1,1,1,1,1,1,0,1,1,1,1
2026-07-03T20:07:29.864,tof1,4x4,side_left,-1,-1,-1,-1,-1,-1,-1,-1,-1,522,410,360,-1,297,317,276,0,0,0,0,0,0,0,0,0,1,1,1,0,1,1,1
2026-07-03T20:07:29.932,tof2,4x4,side_left,3040,3242,3357,3315,-1,1480,2185,3461,1644,974,1586,-1,1049,816,949,1040,1,1,1,1,0,1,1,1,1,1,1,0,1,1,1,1
2026-07-03T20:07:30.025,tof1,4x4,side_left,-1,-1,-1,-1,-1,-1,-1,-1,-1,520,406,360,-1,311,323,277,0,0,0,0,0,0,0,0,0,1,1,1,0,1,1,1
2026-07-03T20:07:30.089,tof2,4x4,side_left,2987,3248,-1,3301,-1,1494,2152,3453,1600,983,1568,-1,1062,812,-1,1047,1,1,0,1,0,1,1,1,1,1,1,0,1,1,1,1
2026-07-03T20:07:30.201,tof1,4x4,side_left,-1,-1,-1,-1,-1,-1,-1,-1,-1,522,406,362,-1,296,318,277,0,0,0,0,0,0,0,0,0,1,1,1,0,1,1,1
2026-07-03T20:07:30.248,tof2,4x4,side_left,2965,3258,-1,3331,-1,1463,2194,-1,1561,997,1601,-1,1078,815,972,1041,1,1,1,1,0,1,1,0,1,1,1,0,1,1,1,1
2026-07-03T20:07:30.351,tof1,4x4,side_left,-1,-1,-1,-1,-1,-1,-1,-1,-1,523,408,362,-1,339,316,276,0,0,0,0,0,0,0,0,0,1,1,1,0,1,1,1
2026-07-03T20:07:30.442,tof2,4x4,side_left,2938,3253,-1,3328,-1,1483,2173,3478,1481,969,1586,-1,1067,839,1051,1052,1,1,0,1,0,1,1,1,1,1,1,1,1,1,1,1
2026-07-03T20:07:30.520,tof1,4x4,side_left,-1,-1,-1,-1,-1,-1,-1,-1,-1,522,406,360,-1,316,320,274,0,0,0,0,0,0,0,0,0,1,1,1,0,1,1,1
2026-07-03T20:07:30.595,tof2,4x4,side_left,2898,3244,-1,3328,2154,1496,2122,3518,-1,959,1584,-1,1072,831,983,1056,1,1,0,1,1,1,1,1,1,1,1,0,1,1,1,1
2026-07-03T20:07:30.678,tof1,4x4,side_left,-1,-1,-1,-1,-1,-1,-1,-1,-1,522,403,361,-1,294,319,277,0,0,0,0,0,0,0,0,0,1,1,1,0,1,1,1
2026-07-03T20:07:30.761,tof2,4x4,side_left,3010,3259,-1,3318,-1,1473,2210,-1,-1,964,1591,-1,-1,818,968,1055,1,1,1,1,0,1,1,0,1,1,1,0,1,1,1,1
2026-07-03T20:07:30.858,tof1,4x4,side_left,-1,-1,-1,-1,-1,-1,438,-1,-1,519,404,361,-1,316,318,271,1,0,0,0,1,0,1,0,0,1,1,1,1,1,1,1
2026-07-03T20:07:30.959,tof2,4x4,side_left,3012,3256,-1,3336,2150,1464,-1,3465,1624,965,1576,-1,1055,825,977,1064,1,1,0,1,1,1,1,1,1,1,1,1,1,1,1,1
2026-07-03T20:07:31.026,tof1,4x4,side_left,-1,-1,-1,-1,-1,-1,-1,-1,-1,523,403,361,-1,308,318,278,0,0,0,1,0,0,0,0,0,1,1,1,0,1,1,1
2026-07-03T20:07:31.125,tof2,4x4,side_left,-1,3255,-1,3329,-1,-1,-1,3485,1619,970,1597,-1,1066,825,-1,1056,1,1,0,1,0,1,1,1,1,1,1,0,1,1,1,1
2026-07-03T20:07:31.194,tof1,4x4,side_left,-1,-1,-1,-1,-1,-1,436,-1,-1,514,405,358,-1,311,319,278,0,0,0,0,0,0,1,0,0,1,1,1,0,1,1,1
2026-07-03T20:07:31.296,tof2,4x4,side_left,3004,3263,-1,3286,-1,1467,2194,3528,1648,991,1603,-1,1066,817,1061,1053,1,1,0,1,1,1,1,1,1,1,1,1,1,1,1,1
2026-07-03T20:07:31.366,tof1,4x4,side_left,-1,-1,-1,-1,-1,-1,-1,-1,-1,517,404,358,1075,314,321,278,0,0,0,0,0,0,0,0,0,1,1,1,1,1,1,1
2026-07-03T20:07:31.465,tof2,4x4,side_left,2961,3251,3331,3286,2266,1472,2138,3435,1600,956,1596,-1,1075,825,-1,1048,1,1,1,1,1,1,1,1,1,1,1,0,1,1,1,1
2026-07-03T20:07:31.545,tof1,4x4,side_left,-1,-1,-1,-1,-1,-1,-1,-1,-1,519,403,359,-1,288,320,275,0,0,0,0,0,0,0,0,0,1,1,1,1,1,1,1
2026-07-03T20:07:31.622,tof2,4x4,side_left,3023,3254,-1,3329,-1,1483,-1,3482,1695,970,1584,-1,-1,821,-1,1042,1,1,0,1,0,1,0,1,1,1,1,0,1,1,1,1
2026-07-03T20:07:31.711,tof1,4x4,side_left,-1,-1,-1,-1,-1,-1,439,-1,-1,520,405,360,-1,299,318,277,0,0,0,0,0,0,1,0,0,1,1,1,0,1,1,1
2026-07-03T20:07:31.801,tof2,4x4,side_left,2967,3255,-1,3296,-1,1484,-1,3486,1588,961,1612,-1,1057,812,-1,1043,1,1,0,1,1,1,1,1,1,1,1,0,1,1,1,1
2026-07-03T20:07:31.879,tof1,4x4,side_left,-1,-1,-1,-1,-1,-1,-1,-1,-1,515,405,358,-1,316,318,277,1,0,0,0,0,0,0,0,0,1,1,1,0,1,1,1
2026-07-03T20:07:31.953,tof2,4x4,side_left,2981,3268,-1,3279,-1,1388,-1,-1,1640,948,1599,-1,1062,823,976,1044,1,1,0,1,0,1,0,0,1,1,1,0,1,1,1,1
2026-07-03T20:07:32.367,tof1,4x4,side_left,-1,-1,-1,-1,-1,433,442,-1,-1,525,406,360,-1,313,322,275,0,0,0,0,0,1,1,0,0,1,1,1,0,1,1,1
2026-07-03T20:07:32.364,tof2,4x4,side_left,3005,3261,3291,3272,2123,1468,2091,3422,1513,971,1553,-1,1059,829,958,1056,1,1,1,1,1,1,1,1,1,1,1,0,1,1,1,1
2026-07-03T20:07:32.546,tof1,4x4,side_left,-1,-1,-1,-1,-1,-1,-1,-1,-1,514,403,361,-1,314,323,275,0,0,0,0,0,0,0,0,0,1,1,1,1,1,1,1
2026-07-03T20:07:32.523,tof2,4x4,side_left,3029,3265,3346,3306,-1,1490,2191,3498,1458,974,1594,-1,1056,819,-1,1048,1,1,1,1,0,1,1,1,1,1,1,0,1,1,1,1
2026-07-03T20:07:32.713,tof1,4x4,side_left,-1,-1,-1,-1,-1,-1,447,-1,-1,525,406,362,-1,301,317,272,0,0,0,0,0,0,1,0,0,1,1,1,0,1,1,1
2026-07-03T20:07:32.692,tof2,4x4,side_left,2981,3260,3367,3298,-1,1521,-1,3466,-1,956,1571,-1,1067,821,959,1062,1,1,1,1,0,1,1,1,0,1,1,0,1,1,1,1
2026-07-03T20:07:32.880,tof1,4x4,side_left,-1,-1,-1,-1,-1,-1,449,-1,-1,519,404,359,-1,311,320,275,0,0,0,0,0,0,1,0,0,1,1,1,0,1,1,1
2026-07-03T20:07:32.844,tof2,4x4,side_left,2970,3251,-1,3294,-1,-1,-1,3472,1538,957,1602,-1,1070,817,977,1050,1,1,1,1,1,1,1,1,1,1,1,0,1,1,1,1
2026-07-03T20:07:33.010,tof2,4x4,side_left,3001,3256,-1,3302,-1,1493,-1,-1,1614,986,1617,-1,-1,809,-1,1036,1,1,0,1,0,1,1,0,1,1,1,1,1,1,1,1
2026-07-03T20:07:33.057,tof1,4x4,side_left,-1,-1,-1,-1,-1,-1,-1,-1,-1,517,406,361,-1,314,319,276,0,0,0,0,0,0,0,0,0,1,1,1,0,1,1,1
2026-07-03T20:07:33.184,tof2,4x4,side_left,-1,3251,-1,3313,-1,1374,2125,3478,-1,959,1563,-1,1062,819,-1,1052,1,1,1,1,0,1,1,1,1,1,1,0,1,1,1,1
2026-07-03T20:07:33.223,tof1,4x4,side_left,-1,-1,-1,-1,-1,-1,-1,-1,-1,511,406,360,-1,290,318,277,0,0,0,0,0,0,0,0,0,1,1,1,0,1,1,1
2026-07-03T20:07:33.346,tof2,4x4,side_left,2969,3247,-1,3333,-1,-1,-1,3515,1628,984,1629,-1,1071,816,-1,1051,1,1,0,1,0,0,0,1,1,1,1,1,1,1,1,1
2026-07-03T20:07:33.397,tof1,4x4,side_left,-1,-1,-1,-1,-1,-1,-1,-1,-1,516,405,360,-1,307,318,278,0,0,0,0,0,0,0,0,0,1,1,1,0,1,1,1
2026-07-03T20:07:33.509,tof2,4x4,side_left,2887,3253,-1,3303,-1,-1,-1,3494,-1,964,1584,-1,-1,826,977,1055,1,1,0,1,1,0,1,1,0,1,1,0,1,1,1,1
2026-07-03T20:07:33.571,tof1,4x4,side_left,-1,-1,-1,-1,-1,-1,436,-1,-1,524,406,360,-1,299,317,275,0,0,0,0,0,0,1,0,0,1,1,1,1,1,1,1
2026-07-03T20:07:33.669,tof2,4x4,side_left,2947,3258,-1,3305,-1,-1,2205,-1,1652,971,1567,-1,1066,821,-1,1035,1,1,0,1,0,0,1,1,1,1,1,0,1,1,1,1
2026-07-03T20:07:33.737,tof1,4x4,side_left,-1,-1,-1,-1,-1,-1,445,-1,-1,526,405,362,1122,297,318,275,0,0,0,0,0,0,1,0,0,1,1,1,1,1,1,1
2026-07-03T20:07:33.826,tof2,4x4,side_left,3006,3264,-1,3333,2126,-1,-1,3423,1619,966,1594,-1,-1,829,1054,1045,1,1,0,1,1,0,0,1,1,1,1,0,1,1,1,1
2026-07-03T20:07:33.893,tof1,4x4,side_left,-1,-1,-1,-1,-1,-1,439,-1,-1,526,404,360,-1,297,321,274,0,0,0,0,0,0,1,0,0,1,1,1,0,1,1,1
2026-07-03T20:07:34.044,tof1,4x4,side_left,-1,-1,-1,-1,-1,-1,-1,-1,-1,517,405,361,-1,344,317,275,0,0,0,0,0,0,0,0,0,1,1,1,0,1,1,1
2026-07-03T20:07:33.979,tof2,4x4,side_left,2999,3246,-1,3329,-1,-1,-1,3455,1685,967,1551,-1,1054,814,962,1034,1,1,1,1,1,0,1,1,1,1,1,0,1,1,1,1
2026-07-03T20:07:34.145,tof2,4x4,side_left,-1,3257,-1,3316,-1,-1,2166,2982,-1,978,1569,-1,1069,818,-1,1056,0,1,0,1,1,1,1,1,1,1,1,1,1,1,1,1
2026-07-03T20:07:34.225,tof1,4x4,side_left,-1,-1,-1,-1,-1,439,431,-1,-1,520,406,361,-1,289,319,275,0,0,0,0,0,1,1,0,0,1,1,1,0,1,1,1
2026-07-03T20:07:34.309,tof2,4x4,side_left,2968,3252,-1,3338,-1,-1,2149,-1,-1,966,1567,-1,1067,810,-1,1055,1,1,0,1,0,0,1,0,1,1,1,0,1,1,1,1
2026-07-03T20:07:34.388,tof1,4x4,side_left,-1,-1,-1,-1,-1,-1,-1,-1,-1,523,407,360,-1,314,323,274,0,0,0,0,0,0,0,0,0,1,1,1,1,1,1,1
2026-07-03T20:07:34.471,tof2,4x4,side_left,3019,3265,-1,3307,-1,-1,-1,3517,-1,962,1569,-1,1053,814,-1,1066,1,1,1,1,0,0,0,1,0,1,1,0,1,1,1,1
2026-07-03T20:07:34.542,tof1,4x4,side_left,-1,-1,-1,-1,-1,435,438,-1,-1,521,403,361,-1,298,319,277,0,0,0,0,0,1,1,0,0,1,1,1,0,1,1,1
2026-07-03T20:07:34.641,tof2,4x4,side_left,2986,3259,-1,3358,-1,-1,2187,3422,-1,958,1668,-1,-1,815,-1,1054,1,1,0,1,0,0,1,1,1,1,1,0,1,1,1,1
2026-07-03T20:07:34.694,tof1,4x4,side_left,-1,-1,-1,-1,-1,-1,-1,-1,-1,526,405,360,-1,318,322,276,0,0,0,0,0,0,0,0,0,1,1,1,0,1,1,1
2026-07-03T20:07:34.798,tof2,4x4,side_left,3057,3259,-1,3330,-1,1491,2174,-1,1585,963,1599,-1,-1,817,-1,1047,1,1,0,1,1,1,1,1,1,1,1,0,1,1,1,1
2026-07-03T20:07:34.848,tof1,4x4,side_left,-1,-1,-1,-1,-1,-1,443,-1,-1,524,404,359,-1,299,324,271,1,0,0,0,0,0,1,0,0,1,1,1,0,1,1,1
2026-07-03T20:07:34.957,tof2,4x4,side_left,3036,3258,-1,3288,-1,1475,-1,3565,1543,973,1563,-1,1075,821,-1,1051,1,1,0,1,1,1,1,1,1,1,1,0,1,1,1,1
2026-07-03T20:07:35.004,tof1,4x4,side_left,-1,-1,-1,-1,-1,-1,-1,-1,-1,518,404,358,-1,317,318,282,1,0,0,0,0,0,0,0,0,1,1,1,1,1,1,1
2026-07-03T20:07:35.122,tof2,4x4,side_left,2979,3259,-1,3346,-1,1492,2158,3441,1592,965,1571,-1,-1,821,-1,1050,1,1,1,1,0,1,1,1,1,1,1,0,1,1,1,1
2026-07-03T20:07:35.160,tof1,4x4,side_left,-1,-1,-1,-1,-1,-1,-1,-1,-1,517,405,359,-1,296,317,276,0,0,0,0,0,0,0,0,0,1,1,1,0,1,1,1
2026-07-03T20:07:35.327,tof1,4x4,side_left,-1,-1,-1,-1,-1,-1,-1,-1,-1,513,402,359,-1,310,319,277,0,0,0,0,0,0,0,0,0,1,1,1,0,1,1,1
2026-07-03T20:07:35.304,tof2,4x4,side_left,2973,3253,-1,3353,-1,1454,-1,3521,1652,963,1580,-1,1060,821,931,1052,1,1,0,1,1,1,0,1,1,1,1,0,1,1,1,1
2026-07-03T20:07:35.484,tof1,4x4,side_left,-1,-1,-1,-1,-1,438,442,-1,-1,527,406,360,-1,295,318,279,0,0,0,0,0,1,1,0,0,1,1,1,0,1,1,1
2026-07-03T20:07:35.468,tof2,4x4,side_left,3008,3253,-1,3319,-1,1474,-1,3546,1629,968,1607,-1,1068,821,985,1049,1,1,0,1,0,1,1,1,1,1,1,0,1,1,1,1
2026-07-03T20:07:35.651,tof1,4x4,side_left,-1,-1,-1,-1,-1,-1,-1,-1,-1,524,405,361,-1,314,319,279,0,0,0,0,0,0,0,0,0,1,1,1,0,1,1,1
2026-07-03T20:07:35.635,tof2,4x4,side_left,2940,3252,-1,3279,2107,1443,-1,3455,1597,978,1567,-1,1057,822,-1,1048,1,1,0,1,1,1,1,1,1,1,1,1,1,1,1,1
2026-07-03T20:07:35.812,tof1,4x4,side_left,-1,-1,-1,-1,-1,-1,-1,-1,-1,523,405,361,-1,300,321,277,0,0,0,0,0,0,0,0,0,1,1,1,0,1,1,1
2026-07-03T20:07:35.800,tof2,4x4,side_left,2965,3250,-1,-1,-1,1497,-1,3504,1538,968,1563,-1,1060,824,-1,1042,1,1,0,1,1,1,0,1,1,1,1,0,1,1,1,1
2026-07-03T20:07:35.974,tof1,4x4,side_left,-1,-1,-1,-1,-1,-1,437,-1,-1,521,409,362,-1,314,323,272,0,0,0,1,0,0,1,0,0,1,1,1,0,1,1,1
2026-07-03T20:07:35.946,tof2,4x4,side_left,3054,3252,-1,3370,2027,1490,-1,3517,1528,968,1553,-1,1063,819,-1,1036,1,1,0,1,1,1,1,1,1,1,1,0,1,1,1,1
2026-07-03T20:07:36.125,tof1,4x4,side_left,-1,-1,-1,-1,-1,-1,-1,-1,-1,514,406,362,-1,289,306,282,0,0,0,0,0,0,0,0,0,1,1,1,1,1,1,1
2026-07-03T20:07:36.120,tof2,4x4,side_left,3008,3259,-1,3331,2069,1459,-1,3486,1527,965,1592,1277,1070,814,-1,1050,1,1,0,1,1,1,0,1,1,1,1,1,1,1,1,1
2026-07-03T20:07:36.297,tof1,4x4,side_left,-1,-1,-1,-1,-1,-1,-1,-1,-1,521,406,360,-1,316,317,275,1,0,0,0,0,0,0,0,0,1,1,1,0,1,1,1
2026-07-03T20:07:36.284,tof2,4x4,side_left,-1,3269,-1,3308,2172,1476,2139,3517,-1,990,1574,-1,1064,816,-1,1053,1,1,0,1,1,1,1,1,0,1,1,0,1,1,1,1
2026-07-03T20:07:36.486,tof1,4x4,side_left,-1,-1,-1,-1,-1,-1,-1,-1,-1,522,407,363,-1,314,319,275,0,0,0,0,0,0,0,0,0,1,1,1,0,1,1,1
2026-07-03T20:07:36.467,tof2,4x4,side_left,2960,3259,-1,3340,-1,1464,2134,3517,-1,971,1585,-1,-1,819,973,1052,1,1,0,1,0,1,1,1,1,1,1,1,1,1,1,1
2026-07-03T20:07:36.655,tof1,4x4,side_left,-1,-1,-1,-1,-1,-1,-1,-1,-1,523,405,360,-1,315,315,277,1,0,0,0,0,0,0,0,0,1,1,1,0,1,1,1
2026-07-03T20:07:36.635,tof2,4x4,side_left,3090,3250,-1,3335,-1,1486,-1,3504,1612,965,1674,-1,1071,810,964,1028,1,1,0,1,0,1,0,1,1,1,1,0,1,1,1,1
2026-07-03T20:07:36.814,tof1,4x4,side_left,-1,-1,-1,-1,-1,-1,-1,-1,-1,519,409,361,-1,313,319,277,0,1,0,0,0,0,0,0,0,1,1,1,0,1,1,1
2026-07-03T20:07:36.805,tof2,4x4,side_left,3001,3255,-1,3324,-1,1544,2157,3536,1528,950,1566,-1,1070,819,-1,1044,1,1,0,1,0,1,1,1,1,1,1,0,1,1,1,1
2026-07-03T20:07:37.000,tof1,4x4,side_left,-1,-1,-1,-1,-1,-1,435,-1,-1,517,407,360,-1,300,321,273,0,0,0,0,0,0,1,0,0,1,1,1,0,1,1,1
2026-07-03T20:07:36.994,tof2,4x4,side_left,-1,3253,-1,3302,-1,1503,-1,-1,1699,950,1632,-1,1061,823,-1,1044,1,1,0,1,1,1,1,0,1,1,1,1,1,1,1,1
2026-07-03T20:07:37.187,tof1,4x4,side_left,-1,-1,-1,-1,-1,-1,438,-1,-1,516,407,361,-1,302,318,272,0,0,0,0,0,0,1,0,0,1,1,1,0,1,1,1
2026-07-03T20:07:37.152,tof2,4x4,side_left,2921,3249,-1,-1,-1,1501,2156,3462,1584,970,1578,-1,-1,817,978,1059,1,1,0,1,0,1,1,1,1,1,1,0,1,1,1,1
2026-07-03T20:07:37.301,tof2,4x4,side_left,-1,3264,-1,3322,2151,1493,-1,3461,1593,977,1565,-1,-1,823,980,1039,1,1,0,1,1,1,0,1,1,1,1,0,1,1,1,1
2026-07-03T20:07:37.344,tof1,4x4,side_left,-1,-1,-1,-1,-1,-1,-1,-1,-1,521,406,361,-1,301,319,274,0,0,0,0,0,0,0,0,0,1,1,1,0,1,1,1
2026-07-03T20:07:37.455,tof2,4x4,side_left,2964,3263,-1,3292,-1,1483,2206,3513,-1,988,1582,-1,1066,820,963,1053,1,1,0,1,1,1,1,1,0,1,1,0,1,1,1,1
2026-07-03T20:07:37.511,tof1,4x4,side_left,-1,-1,-1,-1,-1,-1,-1,-1,-1,519,408,361,-1,311,323,278,0,0,1,0,0,0,0,0,0,1,1,1,0,1,1,1
2026-07-03T20:07:37.614,tof2,4x4,side_left,3005,3251,-1,3312,-1,1484,2176,3508,-1,953,1569,-1,1065,820,953,1047,1,1,0,1,0,1,1,1,1,1,1,0,1,1,1,1
2026-07-03T20:07:37.679,tof1,4x4,side_left,-1,-1,-1,-1,-1,441,440,-1,-1,512,404,360,-1,312,319,274,0,0,0,0,0,1,1,0,0,1,1,1,0,1,1,1
2026-07-03T20:07:37.783,tof2,4x4,side_left,2977,3259,-1,3326,-1,1445,2176,3514,1672,958,1596,-1,1059,820,989,1058,1,1,1,1,0,1,1,1,1,1,1,0,1,1,1,1
2026-07-03T20:07:37.839,tof1,4x4,side_left,-1,-1,-1,-1,-1,-1,-1,-1,-1,521,407,361,-1,299,323,276,1,0,0,0,0,0,0,0,0,1,1,1,0,1,1,1
2026-07-03T20:07:37.943,tof2,4x4,side_left,3054,3261,-1,3332,2083,1457,2161,3494,1532,966,1611,-1,1056,821,959,1054,1,1,0,1,1,1,1,1,1,1,1,0,1,1,1,1
2026-07-03T20:07:38.016,tof1,4x4,side_left,-1,-1,-1,-1,-1,-1,-1,-1,-1,522,405,360,-1,301,322,276,1,0,0,0,0,0,0,0,0,1,1,1,0,1,1,1
2026-07-03T20:07:38.179,tof1,4x4,side_left,-1,-1,-1,-1,-1,-1,-1,-1,-1,524,404,360,-1,313,319,278,0,0,0,0,0,0,0,0,0,1,1,1,0,1,1,1
2026-07-03T20:07:38.180,tof2,4x4,side_left,2991,3261,-1,3320,-1,1473,2183,3474,1672,955,1593,-1,1067,821,-1,1045,1,1,0,1,0,1,1,1,1,1,1,0,1,1,1,1
2026-07-03T20:07:38.476,tof1,4x4,side_left,-1,-1,-1,-1,-1,-1,435,-1,-1,521,406,359,-1,312,320,271,0,0,0,0,0,0,1,0,0,1,1,1,0,1,1,1
2026-07-03T20:07:38.471,tof2,4x4,side_left,3042,3256,3269,3296,2135,1450,2173,3483,1637,969,1619,-1,1056,808,959,1042,1,1,1,1,1,1,1,1,1,1,1,0,1,1,1,1
2026-07-03T20:07:38.658,tof1,4x4,side_left,-1,-1,-1,-1,-1,-1,-1,-1,-1,519,401,359,-1,302,317,275,1,0,0,0,0,0,0,0,0,1,1,1,0,1,1,1
2026-07-03T20:07:38.651,tof2,4x4,side_left,2980,3249,-1,3316,-1,1478,2128,-1,1573,985,1565,-1,1047,823,-1,1050,1,1,1,1,1,1,1,1,1,1,1,0,1,1,1,1
2026-07-03T20:07:38.838,tof1,4x4,side_left,-1,-1,-1,-1,-1,-1,-1,-1,-1,521,405,358,-1,314,321,277,0,0,0,0,0,0,0,0,0,1,1,1,0,1,1,1
2026-07-03T20:07:38.982,tof2,4x4,side_left,2925,3259,-1,3352,-1,1505,-1,3409,1631,954,1529,-1,1073,826,1058,1056,1,1,0,1,0,1,0,1,1,1,1,0,1,1,1,1
2026-07-03T20:07:39.134,tof1,4x4,side_left,-1,-1,-1,-1,-1,-1,445,-1,-1,521,404,362,-1,318,319,273,0,0,1,0,0,0,1,0,0,1,1,1,1,1,1,1
2026-07-03T20:07:39.188,tof2,4x4,side_left,2970,3247,-1,3297,-1,1464,2114,3502,-1,953,1615,-1,1060,824,-1,1039,1,1,0,1,0,1,1,1,1,1,1,0,1,1,1,1
2026-07-03T20:07:39.303,tof1,4x4,side_left,-1,-1,-1,-1,-1,432,437,-1,-1,521,407,361,-1,297,319,275,0,0,0,0,0,1,1,0,0,1,1,1,0,1,1,1
2026-07-03T20:07:39.349,tof2,4x4,side_left,2961,3267,-1,3284,-1,1482,2201,-1,1616,981,1604,-1,1066,823,-1,1053,1,1,0,1,0,1,1,1,1,1,1,0,1,1,1,1
2026-07-03T20:07:39.467,tof1,4x4,side_left,-1,-1,-1,-1,-1,-1,-1,-1,-1,523,406,364,-1,298,321,276,0,0,0,0,0,0,0,0,0,1,1,1,1,1,1,1
2026-07-03T20:07:39.532,tof2,4x4,side_left,2993,3253,-1,3301,-1,1474,-1,3333,1702,976,1573,-1,1064,818,973,1043,1,1,1,1,0,1,0,1,1,1,1,0,1,1,1,1
2026-07-03T20:07:39.632,tof1,4x4,side_left,-1,-1,-1,-1,-1,-1,-1,-1,-1,522,406,362,-1,296,318,276,0,0,0,0,0,0,0,0,0,1,1,1,0,1,1,1
2026-07-03T20:07:39.685,tof2,4x4,side_left,2972,3271,-1,3356,-1,1454,-1,3466,1639,959,1575,-1,1061,823,-1,1054,1,1,0,1,0,1,1,1,1,1,1,1,1,1,1,1
2026-07-03T20:07:39.812,tof1,4x4,side_left,-1,-1,-1,-1,-1,-1,-1,-1,-1,530,407,363,-1,315,320,277,0,0,0,0,0,0,0,0,0,1,1,1,0,1,1,1
2026-07-03T20:07:39.875,tof2,4x4,side_left,2970,3264,-1,3346,-1,1470,2149,3494,1635,986,1562,-1,-1,826,-1,1052,1,1,1,1,0,1,1,1,1,1,1,0,1,1,1,1
2026-07-03T20:07:39.974,tof1,4x4,side_left,-1,-1,-1,-1,-1,441,438,-1,-1,521,408,360,-1,297,320,277,0,0,0,0,0,1,1,0,0,1,1,1,0,1,1,1
2026-07-03T20:07:40.062,tof2,4x4,side_left,2978,3257,-1,3304,2120,1500,-1,3505,-1,962,1577,-1,1062,817,-1,1049,1,1,1,1,1,1,1,1,1,1,1,1,1,1,1,1
2026-07-03T20:07:40.139,tof1,4x4,side_left,-1,-1,-1,-1,-1,-1,-1,-1,-1,526,408,360,-1,298,320,274,1,0,0,0,0,0,0,0,0,1,1,1,0,1,1,1
2026-07-03T20:07:40.227,tof2,4x4,side_left,3018,3244,3297,3324,-1,1516,2187,3504,1450,971,-1,-1,-1,819,-1,1056,1,1,1,1,0,1,1,1,1,1,1,0,1,1,1,1
2026-07-03T20:07:40.295,tof1,4x4,side_left,-1,-1,-1,-1,-1,445,447,-1,-1,517,407,361,-1,300,323,279,0,0,0,0,0,1,1,0,0,1,1,1,0,1,1,1
2026-07-03T20:07:40.463,tof1,4x4,side_left,-1,-1,-1,-1,-1,-1,-1,-1,-1,522,407,362,-1,300,317,273,0,0,0,0,0,0,0,0,0,1,1,1,0,1,1,1
2026-07-03T20:07:40.400,tof2,4x4,side_left,-1,3247,-1,3321,-1,1473,2216,3462,-1,964,1597,-1,1071,818,1052,1048,0,1,1,1,0,1,1,1,1,1,1,0,1,1,1,1
2026-07-03T20:07:40.623,tof1,4x4,side_left,-1,-1,-1,-1,-1,-1,-1,-1,-1,515,409,360,-1,297,319,277,0,0,0,0,0,0,0,0,0,1,1,1,0,1,1,1
2026-07-03T20:07:40.559,tof2,4x4,side_left,-1,3256,-1,3316,-1,1499,-1,3488,1496,963,1543,-1,1062,821,-1,1058,0,1,0,1,1,1,1,1,1,1,1,0,1,1,1,1
2026-07-03T20:07:40.778,tof1,4x4,side_left,-1,-1,-1,-1,-1,444,438,-1,-1,514,408,359,-1,300,318,275,0,0,0,0,0,1,1,0,0,1,1,1,0,1,1,1
2026-07-03T20:07:40.728,tof2,4x4,side_left,2993,3258,-1,3323,-1,1517,2128,3491,1533,974,1579,-1,1068,821,-1,1048,1,1,0,1,0,1,1,1,1,1,1,1,1,1,1,1
2026-07-03T20:07:40.964,tof1,4x4,side_left,-1,-1,-1,-1,-1,-1,-1,-1,-1,522,405,359,-1,312,321,279,0,0,0,0,0,0,0,0,0,1,1,1,0,1,1,1
2026-07-03T20:07:40.901,tof2,4x4,side_left,2976,3253,-1,3292,-1,1447,-1,3470,-1,980,1578,-1,-1,813,936,1047,1,1,1,1,1,1,1,1,0,1,1,0,1,1,1,1
2026-07-03T20:07:41.139,tof1,4x4,side_left,-1,-1,-1,-1,-1,-1,-1,-1,-1,518,406,361,-1,313,318,278,0,0,0,0,0,0,0,0,0,1,1,1,0,1,1,1
2026-07-03T20:07:41.080,tof2,4x4,side_left,3137,3265,-1,-1,-1,1446,2229,3453,1647,982,1614,-1,-1,823,-1,1048,1,1,0,1,1,1,1,1,1,1,1,0,1,1,1,1
2026-07-03T20:07:41.310,tof1,4x4,side_left,-1,-1,-1,-1,-1,-1,444,-1,-1,514,406,362,-1,298,321,277,1,0,0,0,0,0,1,0,0,1,1,1,1,1,1,1
2026-07-03T20:07:41.260,tof2,4x4,side_left,2986,3244,-1,3291,-1,1459,-1,3436,-1,973,1600,-1,1063,822,-1,1046,1,1,0,1,0,1,0,1,0,1,1,0,1,1,1,1
2026-07-03T20:07:41.482,tof1,4x4,side_left,-1,-1,-1,-1,-1,-1,-1,-1,-1,523,407,360,-1,300,319,275,1,0,0,0,0,0,0,0,0,1,1,1,0,1,1,1
2026-07-03T20:07:41.421,tof2,4x4,side_left,3030,3262,-1,3339,-1,1490,-1,3450,1568,964,1554,-1,-1,822,962,1047,1,1,0,1,1,1,0,1,1,1,1,0,1,1,1,1
2026-07-03T20:07:41.586,tof2,4x4,side_left,3002,3262,-1,3287,-1,-1,-1,3461,1632,986,1560,-1,1060,815,-1,1047,1,1,0,1,0,1,0,1,1,1,1,0,1,1,1,1
2026-07-03T20:07:41.641,tof1,4x4,side_left,-1,-1,-1,-1,-1,-1,-1,-1,-1,517,403,362,-1,299,319,278,0,0,0,0,0,0,0,0,0,1,1,1,0,1,1,1
2026-07-03T20:07:41.744,tof2,4x4,side_left,2993,3257,-1,3304,-1,1437,-1,3491,1694,962,1591,-1,1075,818,-1,1054,1,1,0,1,1,1,1,1,1,1,1,0,1,1,1,1
2026-07-03T20:07:41.803,tof1,4x4,side_left,-1,-1,-1,-1,-1,431,434,-1,-1,521,405,362,1080,300,317,271,0,0,0,0,0,1,1,0,0,1,1,1,1,1,1,1
2026-07-03T20:07:41.961,tof1,4x4,side_left,-1,-1,-1,-1,-1,-1,-1,-1,-1,516,403,361,-1,299,323,280,0,0,0,0,0,0,0,0,0,1,1,1,0,1,1,1
2026-07-03T20:07:41.914,tof2,4x4,side_left,3008,3254,-1,3314,-1,1480,2180,3538,-1,976,1579,-1,1066,826,-1,1044,1,1,0,1,0,1,1,1,1,1,1,1,1,1,1,1
2026-07-03T20:07:42.084,tof2,4x4,side_left,2978,3258,3274,3299,2102,1476,2178,3495,1624,956,1575,-1,1051,815,-1,1039,1,1,1,1,1,1,1,1,1,1,1,0,1,1,1,1
2026-07-03T20:07:42.155,tof1,4x4,side_left,-1,-1,-1,-1,-1,434,430,-1,-1,515,402,361,-1,299,321,275,0,0,0,0,0,1,1,0,0,1,1,1,1,1,1,1
2026-07-03T20:07:42.250,tof2,4x4,side_left,2999,3257,3318,3330,-1,1488,2140,3494,1544,954,1507,-1,1061,817,-1,1046,1,1,1,1,0,1,1,1,1,1,1,1,1,1,1,1
2026-07-03T20:07:42.313,tof1,4x4,side_left,-1,-1,-1,-1,-1,448,442,-1,-1,514,402,358,-1,315,317,274,0,0,0,0,0,1,1,0,0,1,1,1,0,1,1,1
2026-07-03T20:07:42.416,tof2,4x4,side_left,2995,3262,-1,3321,-1,-1,2205,3544,-1,962,1547,-1,1056,820,-1,1051,1,1,0,1,1,1,1,1,1,1,1,0,1,1,1,1
2026-07-03T20:07:42.480,tof1,4x4,side_left,-1,-1,-1,-1,-1,-1,431,-1,-1,521,404,358,-1,309,314,277,0,0,0,1,0,0,1,0,0,1,1,1,1,1,1,1
2026-07-03T20:07:42.574,tof2,4x4,side_left,3006,3244,-1,3329,2163,1496,-1,3427,-1,956,1690,-1,1085,817,-1,1048,1,1,0,1,1,1,1,1,1,1,1,0,1,1,1,1
2026-07-03T20:07:42.652,tof1,4x4,side_left,-1,-1,-1,-1,-1,-1,-1,-1,-1,514,405,360,-1,313,320,280,0,0,0,0,0,0,0,0,0,1,1,1,0,1,1,1
2026-07-03T20:07:42.730,tof2,4x4,side_left,2969,3264,-1,3304,-1,-1,2198,3492,1540,965,1599,-1,1066,833,-1,1049,1,1,1,1,0,0,1,1,1,1,1,0,1,1,1,1
2026-07-03T20:07:42.815,tof1,4x4,side_left,-1,-1,-1,-1,-1,-1,-1,-1,-1,519,406,362,-1,314,320,278,0,0,0,0,0,0,0,0,0,1,1,1,0,1,1,1
2026-07-03T20:07:42.881,tof2,4x4,side_left,3036,3255,-1,3324,-1,-1,-1,-1,1618,953,1594,-1,1074,820,956,1060,1,1,0,1,0,1,0,0,1,1,1,0,1,1,1,1
2026-07-03T20:07:42.971,tof1,4x4,side_left,-1,-1,-1,-1,-1,-1,-1,-1,-1,516,405,360,-1,317,321,277,0,0,0,0,0,0,0,0,0,1,1,1,0,1,1,1
2026-07-03T20:07:43.065,tof2,4x4,side_left,-1,3265,-1,3307,-1,-1,2170,3530,1689,965,1619,-1,1040,832,952,1051,1,1,0,1,1,0,1,1,1,1,1,0,1,1,1,1
2026-07-03T20:07:43.424,tof1,4x4,side_left,-1,-1,-1,-1,-1,-1,-1,-1,-1,521,406,361,-1,315,315,278,0,0,0,0,0,0,0,0,0,1,1,1,0,1,1,1
2026-07-03T20:07:43.420,tof2,4x4,side_left,-1,3253,-1,3300,-1,-1,-1,3500,1654,964,1606,-1,1070,815,-1,1061,1,1,0,1,1,0,1,1,1,1,1,1,1,1,1,1
2026-07-03T20:07:43.598,tof1,4x4,side_left,-1,-1,-1,-1,-1,448,453,-1,-1,526,406,362,-1,314,321,277,0,0,0,0,0,1,1,0,0,1,1,1,0,1,1,1
2026-07-03T20:07:43.578,tof2,4x4,side_left,3003,3252,3320,3333,-1,-1,-1,-1,-1,967,1578,-1,1061,815,-1,1061,1,1,1,1,1,0,1,1,0,1,1,0,1,1,1,1
2026-07-03T20:07:43.734,tof2,4x4,side_left,3004,3261,-1,3339,-1,-1,-1,-1,1477,950,1570,-1,1073,821,968,1057,1,1,0,1,1,0,1,0,1,1,1,0,1,1,1,1
2026-07-03T20:07:43.776,tof1,4x4,side_left,-1,-1,-1,-1,-1,436,453,-1,-1,519,406,361,-1,311,321,280,0,0,0,0,0,1,1,0,0,1,1,1,0,1,1,1
2026-07-03T20:07:43.906,tof2,4x4,side_left,-1,3251,-1,3328,-1,-1,-1,-1,-1,986,1605,-1,1071,-1,965,1042,1,1,0,1,0,1,0,0,0,1,1,0,1,1,1,1
2026-07-03T20:07:43.959,tof1,4x4,side_left,-1,-1,-1,-1,-1,465,443,-1,-1,520,409,361,-1,298,317,274,0,0,0,0,0,1,1,0,0,1,1,1,0,1,1,1
2026-07-03T20:07:44.119,tof1,4x4,side_left,-1,-1,-1,-1,-1,-1,444,-1,-1,523,407,360,-1,311,318,275,0,0,0,0,0,0,1,0,0,1,1,1,0,1,1,1
2026-07-03T20:07:44.076,tof2,4x4,side_left,3065,3259,3270,3305,-1,-1,-1,3384,-1,959,1612,-1,1064,818,-1,1043,1,1,1,1,0,1,0,1,1,1,1,0,1,1,1,1
2026-07-03T20:07:44.243,tof2,4x4,side_left,2908,3241,-1,3328,-1,-1,-1,3418,-1,975,1447,-1,1069,815,980,1055,1,1,0,1,1,0,0,1,1,1,1,0,1,1,1,1
2026-07-03T20:07:44.302,tof1,4x4,side_left,-1,-1,-1,-1,-1,-1,448,-1,-1,527,406,361,-1,296,319,278,0,0,0,0,0,0,1,0,0,1,1,1,0,1,1,1
2026-07-03T20:07:44.462,tof1,4x4,side_left,-1,-1,-1,-1,-1,448,443,-1,-1,533,406,361,-1,312,322,278,0,0,0,0,0,1,1,0,0,1,1,1,0,1,1,1
2026-07-03T20:07:44.614,tof1,4x4,side_left,-1,-1,-1,-1,-1,-1,-1,-1,-1,524,409,363,-1,315,320,278,0,0,0,0,0,0,0,0,0,1,1,1,1,1,1,1
2026-07-03T20:07:44.827,tof1,4x4,side_left,-1,-1,-1,-1,-1,-1,-1,-1,-1,515,404,361,-1,299,318,275,0,0,0,0,0,0,0,0,0,1,1,1,0,1,1,1
2026-07-03T20:07:45.021,tof2,4x4,side_left,-1,3255,-1,3347,-1,-1,-1,3473,-1,949,1591,-1,1053,821,964,1055,1,1,0,1,0,1,0,1,0,1,1,0,1,1,1,1
2026-07-03T20:07:45.187,tof1,4x4,side_left,-1,-1,-1,-1,-1,-1,-1,-1,-1,521,405,362,-1,309,320,278,0,0,0,0,0,0,0,0,0,1,1,1,0,1,1,1
2026-07-03T20:07:45.204,tof2,4x4,side_left,2965,3257,-1,3315,2064,-1,-1,3471,-1,971,1586,-1,1054,822,1107,1048,1,1,0,1,1,1,1,1,1,1,1,1,1,1,1,1
2026-07-03T20:07:45.362,tof1,4x4,side_left,-1,-1,-1,-1,-1,-1,-1,-1,-1,523,405,360,-1,312,318,274,0,0,0,0,0,1,1,0,0,1,1,1,0,1,1,1
2026-07-03T20:07:45.433,tof2,4x4,side_left,3056,3252,-1,3325,-1,1465,-1,3455,-1,969,1593,-1,1045,817,-1,1042,1,1,0,1,1,1,1,1,0,1,1,0,1,1,1,1
2026-07-03T20:07:45.523,tof1,4x4,side_left,-1,-1,-1,-1,-1,-1,-1,-1,-1,520,408,362,-1,297,317,276,0,1,0,0,0,0,0,0,0,1,1,1,0,1,1,1
2026-07-03T20:07:45.597,tof2,4x4,side_left,2992,3249,-1,3282,-1,1453,2189,3536,1640,969,1565,-1,1060,823,953,1051,1,1,0,1,0,1,1,1,1,1,1,0,1,1,1,1
2026-07-03T20:07:45.682,tof1,4x4,side_left,-1,-1,-1,-1,2345,-1,446,-1,2267,530,405,363,1049,301,318,276,0,0,0,0,1,0,1,0,1,1,1,1,1,1,1,1
2026-07-03T20:07:45.768,tof2,4x4,side_left,-1,3257,-1,3329,-1,1471,2139,3459,1610,974,1551,1281,1064,819,-1,1059,0,1,0,1,0,1,1,1,1,1,1,1,1,1,1,1
2026-07-03T20:07:45.851,tof1,4x4,side_left,-1,-1,-1,-1,2283,-1,449,-1,2264,524,407,360,-1,296,321,276,0,0,0,0,1,0,1,0,1,1,1,1,0,1,1,1
2026-07-03T20:07:46.026,tof2,4x4,side_left,3028,3237,-1,3315,-1,1482,2156,3453,1538,956,1633,-1,1055,822,-1,1046,1,1,0,1,0,1,1,1,1,1,1,0,1,1,1,1
2026-07-03T20:07:46.107,tof1,4x4,side_left,-1,-1,-1,-1,2220,-1,445,-1,2185,523,409,361,-1,291,320,273,0,0,0,0,1,0,1,0,1,1,1,1,0,1,1,1
2026-07-03T20:07:46.233,tof2,4x4,side_left,3073,3256,-1,3337,-1,1488,2128,3484,1729,969,1618,-1,1071,820,962,1044,1,1,0,1,1,1,1,1,1,1,1,0,1,1,1,1
2026-07-03T20:07:46.365,tof1,4x4,side_left,-1,-1,-1,-1,2039,-1,-1,-1,2010,518,408,361,1885,299,320,275,0,0,0,0,1,0,0,0,1,1,1,1,1,1,1,1
2026-07-03T20:07:46.431,tof2,4x4,side_left,2967,3252,-1,3343,2215,1479,2138,3556,-1,962,1609,-1,-1,815,-1,1051,1,1,0,1,1,1,1,1,1,1,1,0,1,1,1,1
2026-07-03T20:07:46.618,tof1,4x4,side_left,-1,-1,-1,-1,1746,-1,-1,-1,1715,523,408,360,1741,298,317,275,0,0,0,0,1,0,0,0,1,1,1,1,1,1,1,1
2026-07-03T20:07:46.621,tof2,4x4,side_left,3010,3246,-1,3311,-1,1427,-1,3556,-1,970,1569,-1,1060,823,-1,1038,1,1,0,1,1,1,1,1,0,1,1,1,1,1,1,1
2026-07-03T20:07:46.938,tof1,4x4,side_left,-1,-1,-1,-1,1559,-1,-1,-1,1573,517,407,362,1535,310,324,278,1,0,0,0,1,0,0,0,1,1,1,1,1,1,1,1
2026-07-03T20:07:46.948,tof2,4x4,side_left,2977,3265,-1,3318,-1,1451,-1,3556,-1,979,1568,-1,-1,826,-1,1054,1,1,0,1,0,1,0,1,0,1,1,0,1,1,1,1
2026-07-03T20:07:47.104,tof1,4x4,side_left,-1,-1,-1,-1,1459,-1,-1,-1,-1,521,405,358,-1,312,318,281,0,0,0,0,1,0,0,0,0,1,1,1,0,1,1,1
2026-07-03T20:07:47.119,tof2,4x4,side_left,3014,3252,-1,3305,-1,1468,-1,3551,1616,984,-1,-1,1052,818,-1,1056,1,1,0,1,0,1,0,1,1,1,1,0,1,1,1,1
2026-07-03T20:07:47.291,tof1,4x4,side_left,-1,-1,-1,-1,-1,-1,-1,-1,-1,516,404,361,-1,298,324,277,0,0,0,0,0,0,0,0,0,1,1,1,0,1,1,1
2026-07-03T20:07:47.310,tof2,4x4,side_left,3035,3249,-1,3288,2157,1447,-1,3490,-1,955,1550,-1,1050,829,-1,1051,1,1,0,1,1,1,0,1,0,1,1,0,1,1,1,1
2026-07-03T20:07:47.481,tof1,4x4,side_left,-1,-1,-1,-1,-1,-1,-1,-1,-1,522,405,359,-1,318,322,278,0,0,0,0,0,0,0,0,0,1,1,1,0,1,1,1
2026-07-03T20:07:47.520,tof2,4x4,side_left,3024,3256,-1,3309,-1,1495,2155,3539,1632,968,1577,-1,-1,821,-1,1068,1,1,0,1,0,1,1,1,1,1,1,1,1,1,1,1
2026-07-03T20:07:47.659,tof1,4x4,side_left,-1,-1,-1,-1,-1,-1,444,-1,-1,515,404,358,-1,306,318,276,0,0,0,0,0,0,1,0,0,1,1,1,0,1,1,1
2026-07-03T20:07:47.677,tof2,4x4,side_left,3009,3274,3362,3302,-1,1509,2163,3523,1769,966,1586,-1,1062,823,-1,1066,1,1,1,1,0,1,1,1,1,1,1,0,1,1,1,1
2026-07-03T20:07:47.928,tof1,4x4,side_left,-1,-1,-1,-1,-1,438,436,-1,-1,525,404,358,-1,297,316,273,0,0,0,0,0,1,1,0,0,1,1,1,1,1,1,1
2026-07-03T20:07:47.921,tof2,4x4,side_left,2979,3263,-1,1276,-1,1482,-1,1437,-1,960,1579,-1,1065,812,969,1047,1,1,0,1,0,1,0,1,1,1,1,1,1,1,1,1
2026-07-03T20:07:48.096,tof1,4x4,side_left,-1,-1,-1,-1,-1,-1,429,-1,-1,511,402,358,-1,312,318,272,0,0,0,0,0,0,1,0,0,1,1,1,0,1,1,1
2026-07-03T20:07:48.079,tof2,4x4,side_left,2943,3261,-1,1395,-1,1467,-1,1518,-1,960,1567,1634,1061,825,-1,1048,1,1,1,1,0,1,0,1,1,1,1,1,1,1,1,1
2026-07-03T20:07:48.268,tof1,4x4,side_left,-1,-1,-1,-1,-1,438,441,-1,-1,512,398,357,-1,313,320,273,0,0,0,0,0,1,1,0,0,1,1,1,0,1,1,1
2026-07-03T20:07:48.245,tof2,4x4,side_left,2988,3244,3280,1503,2131,1464,2203,1599,1640,972,1571,1712,1062,819,970,1043,1,1,1,1,1,1,1,1,1,1,1,1,1,1,1,1
2026-07-03T20:07:48.436,tof1,4x4,side_left,-1,-1,-1,-1,-1,-1,-1,-1,-1,518,403,360,-1,300,321,276,0,0,0,0,0,0,0,0,0,1,1,1,0,1,1,1
2026-07-03T20:07:48.405,tof2,4x4,side_left,2983,3252,-1,1663,2107,1471,2233,1776,-1,954,1601,1901,1057,818,973,1034,1,1,0,1,1,1,1,1,0,1,1,1,1,1,1,1
2026-07-03T20:07:48.593,tof1,4x4,side_left,-1,-1,-1,-1,-1,-1,-1,-1,-1,517,402,359,-1,312,317,273,0,0,0,0,0,0,0,0,0,1,1,1,0,1,1,1
2026-07-03T20:07:48.576,tof2,4x4,side_left,2956,3249,3302,1742,2060,1503,2181,1906,1465,963,1594,2079,1070,817,966,1048,1,1,1,1,1,1,1,1,1,1,1,1,1,1,1,1
2026-07-03T20:07:48.748,tof2,4x4,side_left,2980,3255,-1,1850,-1,1469,2143,2014,-1,979,1501,2235,1053,819,-1,1047,1,1,0,1,1,1,1,1,0,1,1,1,1,1,1,1
2026-07-03T20:07:48.878,tof1,4x4,side_left,-1,-1,-1,-1,-1,-1,438,-1,-1,517,404,359,-1,311,319,276,0,0,0,0,0,0,1,0,0,1,1,1,0,1,1,1
2026-07-03T20:07:48.925,tof2,4x4,side_left,-1,3262,-1,1953,2019,1509,2214,2112,1606,955,1557,2293,1071,812,-1,1060,1,1,1,1,1,1,1,1,1,1,1,1,1,1,1,1
2026-07-03T20:07:49.061,tof1,4x4,side_left,-1,-1,-1,-1,-1,442,435,-1,-1,521,405,360,-1,297,320,275,0,0,0,0,0,1,1,0,0,1,1,1,0,1,1,1
2026-07-03T20:07:49.087,tof2,4x4,side_left,3006,3262,2061,3346,-1,1465,2242,3598,1576,962,1543,-1,-1,811,-1,1054,1,1,1,1,1,1,1,1,1,1,1,0,1,1,1,1
2026-07-03T20:07:49.236,tof1,4x4,side_left,-1,-1,-1,-1,-1,436,436,-1,-1,515,404,357,-1,317,317,279,0,0,0,0,0,1,1,0,0,1,1,1,0,1,1,1
2026-07-03T20:07:49.283,tof2,4x4,side_left,3059,3257,2170,3346,-1,1480,2256,3530,1665,967,1590,-1,1074,818,958,1047,1,1,1,1,0,1,1,1,1,1,1,0,1,1,1,1
2026-07-03T20:07:49.393,tof1,4x4,side_left,-1,-1,-1,-1,-1,-1,-1,-1,-1,519,402,362,-1,318,321,280,0,0,0,0,0,0,0,0,0,1,1,1,1,1,1,1
2026-07-03T20:07:49.465,tof2,4x4,side_left,3011,3245,2251,3332,-1,1475,2277,3489,1572,959,1590,-1,1089,823,-1,1042,1,1,1,1,0,1,1,1,1,1,1,1,1,1,1,1
2026-07-03T20:07:50.011,tof1,4x4,side_left,-1,-1,-1,-1,-1,-1,-1,-1,-1,521,405,362,-1,313,320,277,0,0,0,0,0,0,0,0,0,1,1,1,0,1,1,1
2026-07-03T20:07:50.013,tof2,4x4,side_left,3028,3258,-1,3292,2149,1446,-1,-1,-1,981,1622,-1,-1,823,1061,1044,1,1,1,1,1,1,0,1,1,1,1,0,1,1,1,1
2026-07-03T20:07:50.173,tof1,4x4,side_left,-1,-1,-1,-1,-1,-1,-1,-1,-1,517,408,361,-1,317,322,276,1,0,0,1,0,0,0,0,0,1,1,1,0,1,1,1
2026-07-03T20:07:50.214,tof2,4x4,side_left,2902,3251,-1,3331,-1,1495,2214,-1,1559,964,1595,1374,-1,814,963,1060,1,1,1,1,0,1,1,1,1,1,1,1,1,1,1,1
2026-07-03T20:07:50.335,tof1,4x4,side_left,-1,-1,-1,-1,-1,-1,-1,-1,-1,521,405,363,-1,298,321,278,0,0,0,0,1,0,0,0,0,1,1,1,0,1,1,1
2026-07-03T20:07:50.380,tof2,4x4,side_left,3099,2778,-1,3308,-1,1450,2142,3532,-1,981,1561,1255,1067,816,-1,1050,1,1,0,1,1,1,1,1,0,1,1,1,1,1,1,1
2026-07-03T20:07:50.486,tof1,4x4,side_left,-1,-1,-1,-1,-1,-1,441,-1,-1,510,407,361,-1,289,310,278,0,0,0,0,0,0,1,0,0,1,1,1,1,1,1,1
2026-07-03T20:07:50.538,tof2,4x4,side_left,2949,2848,-1,3309,-1,1471,-1,3461,1631,977,1563,1298,-1,822,-1,1051,1,1,0,1,0,1,0,1,1,1,1,1,1,1,1,1
2026-07-03T20:07:50.642,tof1,4x4,side_left,-1,-1,-1,-1,-1,-1,441,-1,-1,520,408,362,-1,292,323,271,0,0,0,0,0,0,1,0,0,1,1,1,0,1,1,1
2026-07-03T20:07:50.703,tof2,4x4,side_left,3075,2880,-1,3344,-1,1467,-1,3527,-1,978,1602,-1,-1,824,990,1037,1,1,1,1,1,1,1,1,1,1,1,0,1,1,1,1
2026-07-03T20:07:50.804,tof1,4x4,side_left,-1,-1,-1,-1,-1,-1,-1,-1,-1,527,406,361,-1,297,323,277,0,0,0,0,0,0,0,0,0,1,1,1,0,1,1,1
2026-07-03T20:07:50.857,tof2,4x4,side_left,3060,2935,-1,3301,-1,1480,-1,3603,1500,935,1604,-1,1063,809,-1,1037,1,1,0,1,1,1,0,1,1,1,1,0,1,1,1,1
2026-07-03T20:07:50.964,tof1,4x4,side_left,-1,-1,-1,-1,-1,-1,-1,-1,-1,521,408,362,-1,316,318,275,0,0,0,0,0,0,0,0,0,1,1,1,0,1,1,1
2026-07-03T20:07:51.137,tof1,4x4,side_left,-1,-1,-1,-1,-1,-1,-1,-1,-1,521,406,362,1128,301,321,274,0,0,0,0,0,0,0,0,0,1,1,1,1,1,1,1
2026-07-03T20:07:51.097,tof2,4x4,side_left,2996,3093,-1,3325,-1,1481,-1,3544,1628,967,1560,1279,1068,817,975,1069,1,1,0,1,1,1,1,1,1,1,1,1,1,1,1,1
2026-07-03T20:07:51.258,tof2,4x4,side_left,3052,3158,-1,3309,2112,1481,2212,3562,1548,962,1589,-1,1073,821,1056,1048,1,1,0,1,1,1,1,1,1,1,1,0,1,1,1,1
2026-07-03T20:07:51.294,tof1,4x4,side_left,-1,-1,-1,-1,-1,-1,-1,-1,-1,520,404,359,-1,297,322,280,0,0,0,0,0,0,0,0,0,1,1,1,0,1,1,1
2026-07-03T20:07:51.444,tof2,4x4,side_left,-1,3337,-1,3274,-1,1499,2184,3517,1446,966,1589,-1,-1,820,-1,1047,1,1,0,1,0,1,1,1,1,1,1,0,1,1,1,1
2026-07-03T20:07:51.482,tof1,4x4,side_left,-1,-1,-1,-1,-1,434,440,-1,-1,520,402,361,-1,299,319,275,1,0,0,0,0,1,1,0,0,1,1,1,0,1,1,1
2026-07-03T20:07:51.606,tof2,4x4,side_left,3025,3338,-1,3313,2152,1483,-1,3500,-1,965,1545,-1,1088,818,-1,1053,1,1,0,1,1,1,0,1,0,1,1,0,1,1,1,1
2026-07-03T20:07:51.657,tof1,4x4,side_left,-1,-1,-1,-1,-1,-1,-1,-1,-1,527,402,362,-1,311,319,278,0,0,0,0,0,0,0,0,0,1,1,1,1,1,1,1
2026-07-03T20:07:51.761,tof2,4x4,side_left,-1,-1,3419,3320,-1,1470,2194,3544,1556,958,1625,-1,1067,826,-1,1051,1,1,1,1,1,1,1,1,1,1,1,1,1,1,1,1
2026-07-03T20:07:51.938,tof2,4x4,side_left,-1,3599,-1,3337,2128,1484,2223,3571,1650,959,1594,-1,1052,816,-1,1056,0,1,0,1,1,1,1,1,1,1,1,0,1,1,1,1
2026-07-03T20:07:51.993,tof1,4x4,side_left,-1,-1,-1,-1,-1,-1,439,-1,-1,522,403,360,-1,314,323,278,0,0,0,0,0,0,1,0,0,1,1,1,0,1,1,1
2026-07-03T20:07:52.104,tof2,4x4,side_left,2934,-1,-1,3322,-1,1472,2124,3526,1626,968,1601,-1,1070,819,-1,1048,1,0,0,1,0,1,1,1,1,1,1,0,1,1,1,1
2026-07-03T20:07:52.159,tof1,4x4,side_left,-1,-1,-1,-1,-1,-1,-1,-1,-1,517,404,359,-1,311,318,274,0,0,0,0,0,0,0,0,0,1,1,1,0,1,1,1
2026-07-03T20:07:52.267,tof2,4x4,side_left,3029,-1,-1,3345,-1,1457,2155,-1,-1,958,1618,1394,-1,815,977,1054,1,0,0,1,0,1,1,1,1,1,1,1,1,1,1,1
2026-07-03T20:07:52.337,tof1,4x4,side_left,-1,-1,-1,-1,-1,-1,435,-1,-1,523,402,358,-1,309,323,272,1,0,0,0,0,0,1,0,0,1,1,1,0,1,1,1
2026-07-03T20:07:52.432,tof2,4x4,side_left,2929,-1,-1,3315,2133,-1,2169,3553,1598,973,1579,-1,1053,817,981,1053,1,0,0,1,1,1,1,1,1,1,1,0,1,1,1,1
2026-07-03T20:07:52.515,tof1,4x4,side_left,-1,-1,-1,-1,-1,-1,-1,-1,-1,519,402,358,-1,309,318,276,0,0,0,0,0,0,0,0,0,1,1,1,0,1,1,1
2026-07-03T20:07:52.618,tof2,4x4,side_left,2994,-1,-1,3303,-1,1479,-1,3468,-1,978,1617,-1,1062,824,-1,1039,1,0,0,1,0,1,0,1,0,1,1,0,1,1,1,1
2026-07-03T20:07:52.666,tof1,4x4,side_left,-1,-1,-1,-1,-1,-1,437,-1,-1,518,402,360,-1,311,323,275,0,1,0,0,0,0,1,0,0,1,1,1,0,1,1,1
2026-07-03T20:07:52.854,tof1,4x4,side_left,-1,-1,-1,-1,-1,-1,442,-1,-1,524,402,360,-1,311,322,276,0,0,0,0,0,0,1,0,0,1,1,1,0,1,1,1
2026-07-03T20:07:52.821,tof2,4x4,side_left,3025,-1,-1,3322,-1,1480,-1,-1,-1,954,1617,1291,-1,823,968,1051,1,0,0,1,1,1,0,1,1,1,1,1,1,1,1,1
2026-07-03T20:07:53.021,tof1,4x4,side_left,-1,-1,-1,-1,-1,-1,-1,-1,-1,515,406,361,-1,313,319,274,0,0,0,0,0,0,0,0,0,1,1,1,0,1,1,1
2026-07-03T20:07:52.979,tof2,4x4,side_left,-1,-1,-1,3311,-1,1443,-1,3548,1609,986,1591,-1,1063,823,950,1048,1,0,1,1,0,1,1,1,1,1,1,0,1,1,1,1
2026-07-03T20:07:53.141,tof2,4x4,side_left,-1,-1,-1,3325,2104,-1,2149,3531,1692,966,1539,-1,-1,820,-1,1045,1,0,0,1,1,1,1,1,1,1,1,0,1,1,1,1
2026-07-03T20:07:53.181,tof1,4x4,side_left,-1,-1,-1,-1,-1,-1,439,-1,-1,515,406,360,-1,302,321,276,0,0,0,0,0,0,1,0,0,1,1,1,0,1,1,1
2026-07-03T20:07:53.336,tof1,4x4,side_left,-1,-1,-1,-1,-1,-1,436,-1,-1,518,404,359,-1,314,324,279,0,0,0,0,0,0,1,0,0,1,1,1,0,1,1,1
2026-07-03T20:07:53.319,tof2,4x4,side_left,3065,-1,-1,3288,2126,-1,2146,3527,1594,959,1589,-1,-1,813,-1,1050,1,0,0,1,1,0,1,1,1,1,1,0,1,1,1,1
2026-07-03T20:07:53.493,tof1,4x4,side_left,-1,-1,-1,-1,-1,440,444,-1,-1,513,405,360,-1,312,319,278,0,0,0,0,0,1,1,0,0,1,1,1,0,1,1,1
2026-07-03T20:07:53.477,tof2,4x4,side_left,-1,-1,-1,3327,-1,1472,-1,3549,-1,959,1550,1312,1072,819,1078,1058,1,0,0,1,0,1,0,1,1,1,1,1,1,1,1,1
2026-07-03T20:07:53.659,tof1,4x4,side_left,-1,-1,-1,-1,-1,-1,-1,-1,-1,522,405,360,-1,319,323,276,0,0,0,0,0,0,0,0,0,1,1,1,0,1,1,1
2026-07-03T20:07:53.637,tof2,4x4,side_left,-1,-1,-1,3312,2156,-1,-1,3500,-1,978,1624,1373,1057,819,-1,1050,1,0,1,1,1,0,1,1,1,1,1,1,1,1,1,1
2026-07-03T20:07:53.831,tof1,4x4,side_left,-1,-1,-1,-1,-1,-1,440,-1,-1,519,407,360,-1,313,322,274,0,0,0,1,0,0,1,0,0,1,1,1,1,1,1,1
2026-07-03T20:07:53.791,tof2,4x4,side_left,3004,-1,-1,3332,-1,-1,-1,3516,1667,965,1593,-1,1052,825,-1,1051,1,1,0,1,1,0,1,1,1,1,1,0,1,1,1,1
2026-07-03T20:07:53.951,tof2,4x4,side_left,-1,3250,-1,3310,-1,-1,2050,3514,1615,956,1576,-1,1059,829,981,1048,0,1,0,1,0,0,1,1,1,1,1,0,1,1,1,1
2026-07-03T20:07:54.005,tof1,4x4,side_left,-1,-1,-1,-1,-1,-1,-1,-1,-1,520,405,362,-1,298,321,275,0,0,0,0,0,0,0,0,0,1,1,1,0,1,1,1
2026-07-03T20:07:54.167,tof1,4x4,side_left,-1,-1,-1,-1,-1,-1,-1,-1,-1,528,407,359,-1,299,320,277,0,0,0,0,0,0,0,0,0,1,1,1,1,1,1,1
2026-07-03T20:07:54.101,tof2,4x4,side_left,3037,3255,-1,3302,-1,-1,-1,3542,-1,969,1575,1307,-1,821,1074,1057,1,1,0,1,0,1,0,1,1,1,1,1,1,1,1,1
2026-07-03T20:07:54.254,tof2,4x4,side_left,3017,3244,-1,3335,2078,-1,2203,3504,1602,972,1594,-1,1063,821,-1,1059,1,1,0,1,1,0,1,1,1,1,1,0,1,1,1,1
2026-07-03T20:07:54.319,tof1,4x4,side_left,-1,-1,-1,-1,-1,-1,432,-1,-1,525,404,361,-1,296,318,275,0,0,0,0,0,0,1,0,0,1,1,1,1,1,1,1
2026-07-03T20:07:54.418,tof2,4x4,side_left,3018,3257,-1,3334,-1,-1,-1,3476,-1,977,1602,-1,1062,822,-1,1053,1,1,0,1,1,0,0,1,1,1,1,0,1,1,1,1
2026-07-03T20:07:54.487,tof1,4x4,side_left,-1,-1,-1,-1,-1,-1,-1,-1,-1,514,406,361,-1,310,319,278,0,0,0,0,0,0,0,0,0,1,1,1,0,1,1,1
2026-07-03T20:07:54.584,tof2,4x4,side_left,2967,3247,-1,3332,-1,-1,-1,3573,-1,971,1572,-1,1061,815,-1,1053,1,1,0,1,0,0,1,1,0,1,1,1,1,1,1,1
2026-07-03T20:07:54.646,tof1,4x4,side_left,-1,-1,-1,-1,-1,-1,443,-1,-1,521,406,360,-1,312,319,275,0,0,0,0,0,0,1,0,0,1,1,1,0,1,1,1
2026-07-03T20:07:54.744,tof2,4x4,side_left,3005,3258,-1,3327,-1,-1,2165,3501,1660,981,1611,-1,1057,822,-1,1055,1,1,0,1,1,0,1,1,1,1,1,0,1,1,1,1
2026-07-03T20:07:54.815,tof1,4x4,side_left,-1,-1,-1,-1,-1,-1,444,-1,-1,525,407,360,-1,314,320,276,0,0,0,0,0,0,1,0,0,1,1,1,0,1,1,1
2026-07-03T20:07:54.897,tof2,4x4,side_left,3009,3252,-1,3302,-1,-1,2177,3508,-1,982,1626,-1,1075,815,-1,1048,1,1,0,1,0,0,1,1,1,1,1,0,1,1,1,1
2026-07-03T20:07:54.974,tof1,4x4,side_left,-1,-1,-1,-1,-1,-1,446,-1,-1,519,409,361,-1,289,320,273,0,0,0,0,0,0,1,0,0,1,1,1,0,1,1,1
2026-07-03T20:07:55.135,tof1,4x4,side_left,-1,-1,-1,-1,-1,438,435,-1,-1,518,404,359,-1,312,318,273,0,0,0,0,0,1,1,0,0,1,1,1,0,1,1,1
2026-07-03T20:07:55.071,tof2,4x4,side_left,3005,3260,-1,3312,-1,1444,-1,3509,1564,990,1577,-1,1057,832,975,1045,1,1,0,1,0,1,1,1,1,1,1,0,1,1,1,1
2026-07-03T20:07:55.237,tof2,4x4,side_left,3047,3241,-1,3329,2236,-1,-1,3484,-1,953,1629,-1,1062,825,-1,1049,1,1,1,1,1,0,0,1,1,1,1,0,1,1,1,1
2026-07-03T20:07:55.298,tof1,4x4,side_left,-1,-1,-1,-1,-1,-1,-1,-1,-1,520,406,362,-1,300,321,278,0,0,0,0,0,0,0,0,0,1,1,1,0,1,1,1
2026-07-03T20:07:55.392,tof2,4x4,side_left,2893,3274,-1,3318,-1,-1,-1,3526,1521,963,1590,-1,1061,819,-1,1062,1,1,0,1,0,1,1,1,1,1,1,0,1,1,1,1
2026-07-03T20:07:55.456,tof1,4x4,side_left,-1,-1,-1,-1,-1,-1,442,-1,-1,518,408,361,-1,289,322,276,0,0,0,0,0,0,1,0,0,1,1,1,0,1,1,1
2026-07-03T20:07:55.615,tof1,4x4,side_left,-1,-1,-1,-1,-1,-1,-1,-1,-1,527,407,360,-1,312,315,277,0,0,0,0,0,0,0,0,0,1,1,1,1,1,1,1
2026-07-03T20:07:55.542,tof2,4x4,side_left,2979,3248,-1,3326,-1,1493,-1,3494,1516,959,1577,-1,1060,814,-1,1062,1,1,0,1,1,1,0,1,1,1,1,0,1,1,1,1
2026-07-03T20:07:55.706,tof2,4x4,side_left,3018,3265,-1,3351,-1,1468,2214,3558,1497,953,1566,-1,1071,821,-1,1037,1,1,0,1,1,1,1,1,1,1,1,1,1,1,1,1
2026-07-03T20:07:55.784,tof1,4x4,side_left,-1,-1,-1,-1,-1,-1,-1,-1,-1,517,406,360,-1,317,319,275,0,0,0,0,0,0,0,0,0,1,1,1,0,1,1,1
2026-07-03T20:07:55.856,tof2,4x4,side_left,3049,3262,-1,-1,-1,1480,-1,3513,1622,969,1604,-1,1063,818,-1,1058,1,1,0,1,1,1,1,1,1,1,1,1,1,1,1,1
2026-07-03T20:07:55.958,tof1,4x4,side_left,-1,-1,-1,-1,-1,-1,-1,-1,-1,526,403,361,-1,313,318,274,1,0,0,0,0,0,0,0,0,1,1,1,0,1,1,1
2026-07-03T20:07:56.628,tof2,4x4,side_left,2953,3252,-1,3309,-1,1468,2179,-1,1588,955,1572,1381,1060,825,-1,1065,1,1,0,1,1,1,1,1,1,1,1,1,1,1,1,1
2026-07-03T20:07:57.557,tof1,4x4,side_left,-1,-1,-1,-1,-1,-1,-1,-1,-1,512,405,360,-1,300,322,280,0,0,0,0,0,0,0,0,0,1,1,1,0,1,1,1
2026-07-03T20:07:57.962,tof1,4x4,side_left,-1,-1,-1,-1,-1,-1,-1,-1,-1,516,406,360,-1,314,322,276,0,0,0,0,0,0,0,0,0,1,1,1,0,1,1,1
2026-07-03T20:07:57.973,tof2,4x4,side_left,2995,3259,-1,3301,-1,1494,-1,3570,1550,974,1610,-1,1068,826,-1,1055,1,1,0,1,1,1,0,1,1,1,1,0,1,1,1,1
2026-07-03T20:07:58.129,tof1,4x4,side_left,-1,-1,-1,-1,-1,-1,439,-1,-1,517,405,361,-1,315,317,276,0,0,0,0,0,0,1,0,0,1,1,1,0,1,1,1
2026-07-03T20:07:58.136,tof2,4x4,side_left,-1,3253,-1,3299,-1,1472,2181,3490,1639,972,1569,-1,1063,824,-1,1042,0,1,1,1,0,1,1,1,1,1,1,1,1,1,1,1
2026-07-03T20:07:58.283,tof1,4x4,side_left,-1,-1,-1,-1,-1,-1,-1,-1,-1,522,408,360,-1,290,316,277,1,0,0,0,0,0,0,0,0,1,1,1,0,1,1,1
2026-07-03T20:07:58.294,tof2,4x4,side_left,-1,3260,-1,3316,-1,1473,-1,3426,1666,987,1582,-1,1065,814,979,1035,0,1,0,1,0,1,1,1,1,1,1,1,1,1,1,1
2026-07-03T20:07:58.442,tof1,4x4,side_left,-1,-1,-1,-1,-1,-1,-1,-1,-1,515,411,360,-1,290,323,279,1,0,0,1,0,0,0,0,0,1,1,1,0,1,1,1
2026-07-03T20:07:58.453,tof2,4x4,side_left,3033,3262,-1,3325,-1,1477,2193,3495,1586,963,1555,-1,1065,823,963,1043,1,1,0,1,1,1,1,1,1,1,1,0,1,1,1,1
2026-07-03T20:07:58.596,tof1,4x4,side_left,-1,-1,-1,-1,-1,-1,-1,-1,-1,523,405,361,-1,312,318,275,1,0,0,0,0,0,0,0,0,1,1,1,0,1,1,1
2026-07-03T20:07:58.621,tof2,4x4,side_left,3026,3246,-1,3357,2211,1462,2153,-1,-1,980,1587,-1,1057,820,-1,1051,1,1,0,1,1,1,1,1,1,1,1,0,1,1,1,1
2026-07-03T20:07:59.010,tof1,4x4,side_left,-1,-1,-1,-1,-1,-1,440,-1,-1,521,405,363,-1,308,320,272,0,0,0,0,0,0,1,0,0,1,1,1,0,1,1,1
2026-07-03T20:07:59.173,tof1,4x4,side_left,-1,-1,-1,-1,-1,-1,-1,-1,-1,525,407,361,-1,298,323,277,0,0,0,0,0,0,0,0,0,1,1,1,0,1,1,1
2026-07-03T20:07:59.328,tof1,4x4,side_left,-1,-1,-1,-1,-1,-1,-1,-1,-1,515,405,361,-1,301,320,277,1,0,0,1,0,0,0,0,0,1,1,1,0,1,1,1
2026-07-03T20:07:59.493,tof1,4x4,side_left,-1,-1,-1,-1,-1,-1,-1,-1,-1,527,405,362,-1,297,319,277,0,0,0,0,0,0,0,0,0,1,1,1,0,1,1,1
2026-07-03T20:07:59.653,tof1,4x4,side_left,-1,-1,-1,-1,-1,-1,-1,-1,-1,519,406,360,-1,313,313,274,0,0,0,0,0,0,0,1,0,1,1,1,1,1,1,1
2026-07-03T20:07:59.816,tof1,4x4,side_left,-1,-1,-1,-1,-1,-1,438,-1,-1,523,405,360,1075,295,317,272,0,0,0,0,0,0,1,0,0,1,1,1,1,1,1,1
2026-07-03T20:07:59.976,tof1,4x4,side_left,-1,-1,-1,-1,-1,-1,-1,-1,-1,520,403,357,-1,316,319,280,0,0,0,0,0,0,0,0,0,1,1,1,0,1,1,1
2026-07-03T20:07:59.978,tof2,4x4,side_left,2997,3246,-1,3329,-1,-1,-1,3526,1524,1016,1588,-1,1059,812,-1,1060,1,1,0,1,0,1,0,1,1,1,1,0,1,1,1,1
2026-07-03T20:08:00.148,tof1,4x4,side_left,-1,-1,-1,-1,-1,433,432,-1,-1,513,405,361,-1,313,322,273,0,0,0,0,0,1,1,0,0,1,1,1,0,1,1,1
2026-07-03T20:08:00.156,tof2,4x4,side_left,2975,3252,3280,3340,2058,-1,-1,3480,-1,975,1628,-1,1065,818,-1,1049,1,1,1,1,1,1,1,1,1,1,1,0,1,1,1,1
2026-07-03T20:08:00.326,tof1,4x4,side_left,-1,-1,-1,-1,-1,-1,-1,-1,-1,518,405,359,-1,316,319,278,0,0,0,1,0,0,0,0,0,1,1,1,0,1,1,1
2026-07-03T20:08:00.333,tof2,4x4,side_left,3013,3236,-1,-1,-1,1464,2176,3530,1526,973,1608,-1,1069,821,972,1054,1,1,0,1,0,1,1,1,1,1,1,0,1,1,1,1
2026-07-03T20:08:00.472,tof1,4x4,side_left,-1,-1,-1,-1,-1,-1,-1,-1,-1,514,404,359,-1,314,318,274,0,0,0,0,0,0,0,0,0,1,1,1,0,1,1,1
2026-07-03T20:08:00.518,tof2,4x4,side_left,3035,3254,-1,3328,-1,1474,2177,3489,1486,976,1470,-1,1070,822,-1,1048,1,1,0,1,0,1,1,1,1,1,1,0,1,1,1,1
2026-07-03T20:08:00.630,tof1,4x4,side_left,-1,-1,-1,-1,-1,-1,-1,-1,-1,523,403,360,-1,312,321,279,0,0,0,0,0,0,0,0,0,1,1,1,0,1,1,1
2026-07-03T20:08:00.672,tof2,4x4,side_left,-1,3270,-1,3308,-1,1438,-1,-1,1627,948,1610,-1,1074,819,-1,1033,1,1,0,1,1,1,0,1,1,1,1,0,1,1,1,1
2026-07-03T20:08:00.781,tof1,4x4,side_left,-1,-1,-1,-1,-1,-1,-1,-1,-1,513,402,362,-1,295,320,276,0,0,0,0,0,0,0,0,0,1,1,1,0,1,1,1
2026-07-03T20:08:00.832,tof2,4x4,side_left,2993,3246,3370,3317,-1,1476,2184,-1,-1,964,1534,1339,1056,826,1087,1046,1,1,1,1,0,1,1,1,1,1,1,1,1,1,1,1
2026-07-03T20:08:00.957,tof1,4x4,side_left,-1,-1,-1,-1,-1,-1,443,-1,-1,515,405,359,-1,296,317,279,0,0,0,0,0,0,1,0,0,1,1,1,0,1,1,1
2026-07-03T20:08:00.992,tof2,4x4,side_left,2875,3271,-1,3315,-1,1506,-1,3521,1581,974,1613,-1,1070,815,-1,1055,1,1,0,1,0,1,0,1,1,1,1,0,1,1,1,1
2026-07-03T20:08:01.117,tof1,4x4,side_left,-1,-1,-1,-1,-1,-1,443,-1,-1,515,402,360,-1,310,320,275,0,0,0,0,0,0,1,0,0,1,1,1,1,1,1,1
2026-07-03T20:08:01.151,tof2,4x4,side_left,2955,3256,-1,3340,2105,1465,-1,3537,-1,951,1597,-1,1067,820,-1,1048,1,1,1,1,1,1,1,1,0,1,1,0,1,1,1,1
2026-07-03T20:08:01.287,tof1,4x4,side_left,-1,-1,-1,-1,-1,-1,-1,-1,-1,518,404,359,-1,302,316,279,0,0,0,0,0,0,0,0,0,1,1,1,1,1,1,1
2026-07-03T20:08:01.300,tof2,4x4,side_left,2933,3252,-1,3323,-1,1466,2196,3539,1589,979,1579,-1,1068,830,986,1056,1,1,0,1,0,1,1,1,1,1,1,0,1,1,1,1
2026-07-03T20:08:01.436,tof1,4x4,side_left,-1,-1,-1,-1,-1,-1,-1,-1,-1,526,405,360,-1,302,320,278,0,0,0,0,0,0,0,0,0,1,1,1,0,1,1,1
2026-07-03T20:08:01.473,tof2,4x4,side_left,3055,3274,-1,3284,-1,1475,2216,3508,1620,954,1559,-1,1065,817,966,1051,1,1,0,1,1,1,1,1,1,1,1,1,1,1,1,1
2026-07-03T20:08:01.588,tof1,4x4,side_left,-1,-1,-1,-1,-1,-1,-1,-1,-1,516,406,362,-1,288,318,274,0,0,0,0,0,0,0,0,0,1,1,1,0,1,1,1
2026-07-03T20:08:01.638,tof2,4x4,side_left,2989,3239,3318,3314,-1,1453,-1,3521,1753,955,1572,-1,1068,826,-1,1047,1,1,1,1,0,1,1,1,1,1,1,0,1,1,1,1
2026-07-03T20:08:01.740,tof1,4x4,side_left,-1,-1,-1,-1,-1,-1,-1,-1,-1,522,406,360,-1,311,326,276,0,0,0,0,0,0,0,0,0,1,1,1,0,1,1,1
2026-07-03T20:08:01.797,tof2,4x4,side_left,2957,3257,3299,3334,-1,1494,2146,3476,-1,958,1597,-1,1065,821,-1,1046,1,1,1,1,1,1,1,1,1,1,1,1,1,1,1,1
2026-07-03T20:08:01.900,tof1,4x4,side_left,-1,-1,-1,-1,-1,-1,-1,-1,-1,-1,406,360,-1,296,317,273,0,0,0,0,0,0,0,0,0,1,1,1,0,1,1,1
2026-07-03T20:08:01.958,tof2,4x4,side_left,-1,3227,-1,3297,2134,1480,2145,3531,1592,975,1576,-1,-1,814,1002,1049,0,1,0,1,1,1,1,1,1,1,1,1,1,1,1,1
2026-07-03T20:08:02.057,tof1,4x4,side_left,-1,-1,-1,-1,-1,-1,-1,-1,-1,536,407,361,-1,313,317,275,0,0,0,0,0,0,0,0,0,1,1,1,1,1,1,1
2026-07-03T20:08:02.115,tof2,4x4,side_left,2945,3251,-1,3312,2202,1486,-1,-1,1684,954,1571,1286,1057,817,968,1058,1,1,0,1,1,1,0,1,1,1,1,1,1,1,1,1
2026-07-03T20:08:02.218,tof1,4x4,side_left,-1,-1,-1,-1,-1,-1,-1,-1,-1,524,404,362,-1,293,320,274,1,0,0,0,0,0,0,0,0,1,1,1,1,1,1,1
2026-07-03T20:08:02.278,tof2,4x4,side_left,3026,3249,-1,3329,2111,1516,-1,3515,-1,972,1589,-1,-1,816,-1,1045,1,1,0,1,1,1,0,1,1,1,1,0,1,1,1,1
2026-07-03T20:08:02.401,tof1,4x4,side_left,-1,-1,-1,-1,-1,-1,436,-1,-1,518,406,359,-1,297,316,272,0,1,0,0,0,0,1,0,0,1,1,1,0,1,1,1
2026-07-03T20:08:02.443,tof2,4x4,side_left,2961,3272,-1,3329,2072,1480,-1,3475,-1,977,1586,-1,1062,819,970,1058,1,1,1,1,1,1,0,1,1,1,1,0,1,1,1,1
2026-07-03T20:08:02.580,tof1,4x4,side_left,-1,-1,-1,-1,-1,-1,-1,-1,-1,523,406,357,-1,296,320,281,0,0,0,0,0,0,0,0,0,1,1,1,0,1,1,1
2026-07-03T20:08:02.599,tof2,4x4,side_left,3087,3279,-1,3295,-1,1436,-1,-1,-1,973,1593,-1,1061,822,-1,1050,1,1,1,1,0,1,0,1,1,1,1,0,1,1,1,1
2026-07-03T20:08:02.739,tof1,4x4,side_left,-1,-1,-1,-1,-1,-1,-1,-1,-1,522,405,361,-1,301,317,278,0,0,0,0,0,0,0,0,0,1,1,1,0,1,1,1
2026-07-03T20:08:02.756,tof2,4x4,side_left,3009,3267,-1,3313,-1,1426,-1,3512,1622,968,1580,-1,1054,824,1052,1042,1,1,0,1,0,1,0,1,1,1,1,0,1,1,1,1
2026-07-03T20:08:02.926,tof1,4x4,side_left,-1,-1,-1,-1,-1,433,442,-1,-1,525,405,362,-1,297,320,273,1,0,0,0,0,1,1,0,0,1,1,1,1,1,1,1
2026-07-03T20:08:02.931,tof2,4x4,side_left,2940,3261,-1,3290,2116,1456,-1,3525,1547,974,1551,-1,1080,817,-1,1050,1,1,0,1,1,1,0,1,1,1,1,1,1,1,1,1
2026-07-03T20:08:03.110,tof1,4x4,side_left,-1,-1,-1,-1,-1,-1,-1,-1,-1,519,405,360,-1,288,303,281,0,0,0,0,0,0,0,0,0,1,1,1,0,1,1,1
2026-07-03T20:08:03.121,tof2,4x4,side_left,3024,3277,-1,3296,-1,1411,-1,3507,1680,978,1580,-1,1060,831,-1,1049,1,1,0,1,0,1,0,1,1,1,1,0,1,1,1,1
2026-07-03T20:08:03.266,tof1,4x4,side_left,-1,-1,-1,-1,-1,-1,-1,-1,-1,-1,405,360,-1,311,316,274,0,0,0,0,0,0,0,0,0,1,1,1,0,1,1,1
2026-07-03T20:08:03.283,tof2,4x4,side_left,3033,3261,-1,3330,2167,1468,-1,-1,1464,974,1540,-1,1054,821,945,1051,1,1,0,1,1,1,0,1,1,1,1,0,1,1,1,1
2026-07-03T20:08:03.429,tof1,4x4,side_left,-1,-1,-1,-1,-1,-1,-1,-1,-1,522,404,362,-1,299,324,277,0,0,0,0,0,0,0,0,0,1,1,1,0,1,1,1
2026-07-03T20:08:03.436,tof2,4x4,side_left,3029,3259,-1,3304,-1,1484,2170,3532,1724,973,1579,-1,1060,816,963,1046,1,1,0,1,0,1,1,1,1,1,1,0,1,1,1,1
2026-07-03T20:08:03.593,tof1,4x4,side_left,-1,-1,-1,-1,-1,-1,-1,-1,-1,521,410,360,-1,289,314,277,0,0,0,0,0,0,0,0,0,1,1,1,0,1,1,1
2026-07-03T20:08:03.609,tof2,4x4,side_left,2988,3240,-1,3344,-1,1462,-1,3525,1610,968,1591,-1,-1,826,-1,1044,1,1,0,1,0,1,0,1,1,1,1,1,1,1,1,1
2026-07-03T20:08:03.771,tof1,4x4,side_left,-1,-1,-1,-1,-1,-1,448,-1,-1,525,406,360,-1,298,316,278,0,0,0,0,0,0,1,0,0,1,1,1,0,1,1,1
2026-07-03T20:08:03.776,tof2,4x4,side_left,3068,3264,-1,3340,2101,-1,2192,-1,1630,994,1606,-1,1061,815,-1,1046,1,1,0,1,1,1,1,1,1,1,1,0,1,1,1,1
2026-07-03T20:08:03.928,tof1,4x4,side_left,-1,-1,-1,-1,-1,-1,451,-1,-1,510,403,359,-1,291,317,276,0,0,0,0,0,0,1,0,0,1,1,1,0,1,1,1
2026-07-03T20:08:03.965,tof2,4x4,side_left,-1,3262,-1,3301,-1,-1,-1,3543,1568,939,1610,-1,-1,829,-1,1048,1,1,0,1,0,0,1,1,1,1,1,0,1,1,1,1
2026-07-03T20:08:04.080,tof1,4x4,side_left,-1,-1,-1,-1,-1,-1,444,-1,-1,512,407,361,-1,292,320,279,0,0,0,0,0,0,1,0,0,1,1,1,0,1,1,1
2026-07-03T20:08:04.138,tof2,4x4,side_left,2987,3264,-1,3297,-1,-1,2168,3449,1574,976,1565,-1,1051,817,1054,1051,1,1,1,1,0,0,1,1,1,1,1,0,1,1,1,1
2026-07-03T20:08:04.244,tof1,4x4,side_left,-1,-1,-1,-1,-1,-1,443,-1,-1,523,408,360,-1,297,321,278,0,0,0,0,0,0,1,0,0,1,1,1,0,1,1,1
2026-07-03T20:08:04.289,tof2,4x4,side_left,3063,3266,-1,3329,2108,-1,-1,3574,-1,964,1612,-1,1054,823,-1,1049,1,1,0,1,1,0,0,1,1,1,1,1,1,1,1,1
2026-07-03T20:08:04.404,tof1,4x4,side_left,-1,-1,-1,-1,-1,-1,449,-1,-1,524,404,361,-1,293,305,277,0,0,0,0,0,0,1,0,0,1,1,1,0,1,1,1
2026-07-03T20:08:04.453,tof2,4x4,side_left,3049,3248,-1,3311,2133,-1,2180,3608,1574,960,1590,-1,1056,815,971,1040,1,1,0,1,1,0,1,1,1,1,1,0,1,1,1,1
2026-07-03T20:08:04.566,tof1,4x4,side_left,-1,-1,-1,-1,-1,460,452,-1,-1,515,406,361,-1,316,314,277,0,0,0,0,1,1,1,0,0,1,1,1,0,1,1,1
2026-07-03T20:08:04.722,tof1,4x4,side_left,-1,-1,-1,-1,-1,-1,444,-1,-1,520,406,361,-1,310,319,277,0,0,0,0,0,0,1,0,0,1,1,1,0,1,1,1
2026-07-03T20:08:04.928,tof1,4x4,side_left,-1,-1,-1,-1,-1,-1,445,-1,-1,514,405,363,-1,289,320,276,0,0,0,0,0,0,1,0,0,1,1,1,0,1,1,1
2026-07-03T20:08:04.993,tof2,4x4,side_left,3024,3276,-1,3300,-1,1488,2208,3504,-1,951,1580,-1,1076,818,960,1044,1,1,0,1,0,1,1,1,0,1,1,0,1,1,1,1
2026-07-03T20:08:05.092,tof1,4x4,side_left,-1,-1,-1,-1,-1,-1,445,-1,-1,524,406,362,-1,293,319,276,0,0,0,0,0,0,1,0,0,1,1,1,1,1,1,1
2026-07-03T20:08:05.156,tof2,4x4,side_left,3010,3253,-1,3309,-1,1491,-1,3547,1636,978,1595,-1,-1,824,1064,1049,1,1,0,1,0,1,0,1,1,1,1,0,1,1,1,1
2026-07-03T20:08:05.245,tof1,4x4,side_left,-1,-1,-1,-1,-1,-1,448,-1,-1,513,405,360,-1,298,321,274,1,0,0,0,0,0,1,0,0,1,1,1,0,1,1,1
2026-07-03T20:08:05.310,tof2,4x4,side_left,2997,3256,-1,3335,-1,-1,-1,3515,1589,954,1590,-1,1063,816,-1,1058,1,1,0,1,0,0,0,1,1,1,1,0,1,1,1,1
2026-07-03T20:08:05.413,tof1,4x4,side_left,-1,-1,-1,-1,-1,451,448,-1,-1,522,404,361,-1,299,322,278,0,0,0,0,0,1,1,0,0,1,1,1,0,1,1,1
2026-07-03T20:08:05.469,tof2,4x4,side_left,2930,3264,-1,3329,-1,-1,-1,3504,1579,985,1604,-1,1054,826,-1,1053,1,1,0,1,0,0,0,1,1,1,1,0,1,1,1,1
2026-07-03T20:08:05.572,tof1,4x4,side_left,-1,-1,-1,-1,-1,-1,446,-1,-1,512,406,362,-1,298,321,277,0,0,0,0,0,0,1,0,0,1,1,1,0,1,1,1
2026-07-03T20:08:05.632,tof2,4x4,side_left,2980,3258,-1,3326,2123,-1,2216,-1,-1,962,1639,-1,1069,825,-1,1058,1,1,0,1,1,0,1,1,0,1,1,0,1,1,1,1
2026-07-03T20:08:05.722,tof1,4x4,side_left,-1,-1,-1,-1,-1,-1,444,-1,-1,512,405,361,-1,299,318,275,0,0,0,0,0,0,1,0,0,1,1,1,0,1,1,1
2026-07-03T20:08:05.870,tof1,4x4,side_left,-1,-1,-1,-1,-1,-1,441,-1,-1,519,402,360,-1,313,318,275,0,0,0,0,0,0,1,0,0,1,1,1,0,1,1,1
2026-07-03T20:08:05.795,tof2,4x4,side_left,2995,3254,3360,3334,-1,-1,-1,3577,1635,975,1599,1416,1058,833,-1,1055,1,1,1,1,1,0,0,1,1,1,1,1,1,1,1,1
2026-07-03T20:08:05.952,tof2,4x4,side_left,3042,3241,3248,3352,-1,-1,2193,3492,1565,963,1617,-1,1050,829,-1,1061,1,1,1,1,0,0,1,1,1,1,1,0,1,1,1,1
2026-07-03T20:08:06.027,tof1,4x4,side_left,-1,-1,-1,-1,-1,-1,-1,-1,-1,521,402,361,-1,319,321,277,0,1,0,0,0,0,0,0,0,1,1,1,1,1,1,1
2026-07-03T20:08:06.129,tof2,4x4,side_left,-1,3248,-1,3334,-1,-1,2236,-1,1677,985,1601,-1,1063,817,-1,1037,1,1,0,1,0,0,1,1,1,1,1,0,1,1,1,1
2026-07-03T20:08:06.190,tof1,4x4,side_left,-1,-1,-1,-1,-1,-1,434,-1,-1,522,405,359,-1,300,323,277,0,0,0,0,0,0,1,0,0,1,1,1,0,1,1,1
2026-07-03T20:08:06.286,tof2,4x4,side_left,-1,3244,3349,3352,-1,-1,-1,3490,1572,956,1607,-1,1060,815,-1,1051,1,1,1,1,1,0,1,1,1,1,1,0,1,1,1,1
2026-07-03T20:08:06.357,tof1,4x4,side_left,-1,-1,-1,-1,-1,-1,-1,-1,-1,517,405,359,-1,298,322,277,0,0,0,0,0,0,1,0,0,1,1,1,0,1,1,1
2026-07-03T20:08:06.510,tof1,4x4,side_left,-1,-1,-1,-1,-1,-1,-1,-1,-1,519,407,357,-1,314,318,275,0,0,0,0,0,0,0,0,0,1,1,1,0,1,1,1
2026-07-03T20:08:06.471,tof2,4x4,side_left,2989,3248,-1,3297,2071,1485,2118,3453,-1,972,1566,-1,1048,819,979,1056,1,1,0,1,1,1,1,1,1,1,1,1,1,1,1,1
2026-07-03T20:08:06.672,tof1,4x4,side_left,-1,-1,-1,-1,-1,-1,-1,-1,-1,522,404,362,-1,316,319,275,1,0,0,1,0,0,0,0,0,1,1,1,0,1,1,1
2026-07-03T20:08:06.618,tof2,4x4,side_left,2965,3262,-1,-1,-1,1439,-1,3477,-1,988,1583,-1,1054,821,-1,1060,1,1,0,1,1,1,0,1,0,1,1,0,1,1,1,1
2026-07-03T20:08:06.864,tof1,4x4,side_left,-1,-1,-1,-1,-1,-1,444,-1,-1,519,402,361,-1,318,320,276,0,0,0,0,0,0,1,0,0,1,1,1,1,1,1,1
2026-07-03T20:08:06.782,tof2,4x4,side_left,-1,3256,-1,3340,-1,1479,2183,3527,1446,969,1573,-1,1054,821,-1,1051,0,1,1,1,0,1,1,1,1,1,1,0,1,1,1,1
2026-07-03T20:08:06.936,tof2,4x4,side_left,3054,3262,-1,3307,-1,1481,2205,3561,1625,957,1532,-1,-1,828,-1,1050,1,1,0,1,1,1,1,1,1,1,1,0,1,1,1,1
2026-07-03T20:08:07.026,tof1,4x4,side_left,-1,-1,-1,-1,-1,-1,-1,-1,-1,517,409,361,-1,311,316,277,0,0,0,0,0,0,0,0,0,1,1,1,0,1,1,1
2026-07-03T20:08:07.109,tof2,4x4,side_left,2983,3258,3335,3320,-1,1462,2219,3505,1591,964,1603,-1,-1,826,-1,1051,1,1,1,1,1,1,1,1,1,1,1,0,1,1,1,1
2026-07-03T20:08:07.183,tof1,4x4,side_left,-1,-1,-1,-1,-1,-1,441,-1,-1,516,404,362,-1,295,319,272,0,0,0,0,0,0,1,0,0,1,1,1,0,1,1,1
2026-07-03T20:08:07.274,tof2,4x4,side_left,2990,3257,-1,3314,-1,1442,-1,3503,-1,958,1577,-1,1062,824,-1,1050,1,1,1,1,1,1,0,1,1,1,1,0,1,1,1,1
2026-07-03T20:08:07.352,tof1,4x4,side_left,-1,-1,-1,-1,-1,-1,-1,-1,-1,520,405,361,-1,312,321,274,1,0,0,0,0,0,0,0,0,1,1,1,0,1,1,1
2026-07-03T20:08:07.454,tof2,4x4,side_left,3003,3266,3269,3307,-1,1481,2192,3493,1581,974,1570,-1,1056,813,936,1058,1,1,1,1,0,1,1,1,1,1,1,0,1,1,1,1
2026-07-03T20:08:07.506,tof1,4x4,side_left,-1,-1,-1,-1,-1,435,436,-1,-1,512,403,360,-1,301,319,276,0,0,0,0,0,1,1,0,0,1,1,1,0,1,1,1
2026-07-03T20:08:07.613,tof2,4x4,side_left,3008,3261,-1,-1,-1,1476,2130,3526,-1,956,1604,-1,1047,823,966,1059,1,1,0,1,0,1,1,1,1,1,1,0,1,1,1,1
2026-07-03T20:08:07.668,tof1,4x4,side_left,-1,-1,-1,-1,-1,-1,443,-1,-1,519,409,361,-1,318,321,274,0,0,0,0,0,0,1,0,0,1,1,1,0,1,1,1
2026-07-03T20:08:07.823,tof1,4x4,side_left,-1,-1,-1,-1,-1,-1,-1,-1,-1,517,403,362,-1,310,321,277,0,0,0,0,0,0,0,0,0,1,1,1,0,1,1,1
2026-07-03T20:08:07.775,tof2,4x4,side_left,3018,3252,-1,-1,-1,1437,2196,3536,1544,963,1609,-1,1051,816,950,1047,1,1,0,1,0,1,1,1,1,1,1,0,1,1,1,1
2026-07-03T20:08:08.001,tof1,4x4,side_left,-1,-1,-1,-1,-1,-1,-1,-1,-1,520,405,362,-1,313,319,278,1,0,0,0,0,0,0,0,0,1,1,1,0,1,1,1
2026-07-03T20:08:07.956,tof2,4x4,side_left,3003,3266,3342,3310,-1,1451,-1,3606,1524,946,1523,-1,1058,816,967,1052,1,1,1,1,0,1,1,1,1,1,1,1,1,1,1,1
2026-07-03T20:08:08.184,tof1,4x4,side_left,-1,-1,-1,-1,-1,-1,-1,-1,-1,531,407,361,-1,314,319,280,0,0,0,0,0,0,0,0,0,1,1,1,1,1,1,1
2026-07-03T20:08:08.181,tof2,4x4,side_left,3013,3267,-1,3343,-1,1478,2185,3558,1580,960,1615,-1,1072,813,940,1051,1,1,0,1,0,1,1,1,1,1,1,0,1,1,1,1
2026-07-03T20:08:08.436,tof1,4x4,side_left,-1,-1,-1,-1,-1,-1,444,-1,-1,520,406,360,-1,316,319,277,0,0,0,0,0,0,1,0,0,1,1,1,0,1,1,1
2026-07-03T20:08:08.432,tof2,4x4,side_left,2943,3259,-1,3324,-1,1455,-1,3508,1688,981,1628,-1,1059,812,-1,1037,1,1,0,1,1,1,0,1,1,1,1,0,1,1,1,1
2026-07-03T20:08:08.638,tof1,4x4,side_left,-1,-1,-1,-1,-1,-1,-1,-1,-1,523,406,360,-1,292,316,281,0,0,0,0,0,0,0,0,0,1,1,1,0,1,1,1
2026-07-03T20:08:08.585,tof2,4x4,side_left,-1,3278,-1,3319,-1,1476,-1,3506,-1,968,1538,-1,1053,816,-1,1045,0,1,0,1,0,1,0,1,1,1,1,0,1,1,1,1
2026-07-03T20:08:08.794,tof1,4x4,side_left,-1,-1,-1,-1,-1,-1,-1,-1,-1,526,406,360,-1,302,323,278,0,0,0,0,0,0,0,0,0,1,1,1,1,1,1,1
2026-07-03T20:08:08.741,tof2,4x4,side_left,2990,3287,-1,-1,-1,1474,2118,3562,1625,974,1595,-1,1075,829,-1,1056,1,1,0,1,0,1,1,1,1,1,1,0,1,1,1,1
2026-07-03T20:08:08.901,tof2,4x4,side_left,3025,3250,-1,3335,-1,1473,-1,3599,-1,958,1596,-1,1061,816,979,1040,1,1,0,1,0,1,0,1,1,1,1,1,1,1,1,1
2026-07-03T20:08:08.964,tof1,4x4,side_left,-1,-1,-1,-1,-1,-1,443,-1,-1,520,406,359,-1,301,320,275,0,0,0,0,1,0,1,0,0,1,1,1,0,1,1,1
2026-07-03T20:08:09.083,tof2,4x4,side_left,3075,3242,-1,3340,-1,1481,2188,-1,1617,960,1614,-1,1067,829,-1,1062,1,1,0,1,0,1,1,1,1,1,1,1,1,1,1,1
2026-07-03T20:08:09.141,tof1,4x4,side_left,-1,-1,-1,-1,-1,-1,-1,-1,-1,518,405,357,1137,309,323,276,0,0,0,0,0,0,0,0,0,1,1,1,1,1,1,1
2026-07-03T20:08:09.250,tof2,4x4,side_left,-1,3264,-1,3325,2156,1482,2162,3532,1617,962,1570,-1,-1,808,-1,1043,1,1,1,1,1,1,1,1,1,1,1,0,1,1,1,1
2026-07-03T20:08:09.296,tof1,4x4,side_left,-1,-1,-1,-1,-1,-1,434,-1,-1,521,405,361,-1,314,317,275,0,0,0,0,0,0,1,0,0,1,1,1,1,1,1,1
2026-07-03T20:08:09.462,tof1,4x4,side_left,-1,-1,-1,-1,-1,-1,-1,-1,-1,517,406,359,-1,290,321,274,0,0,0,0,0,0,0,0,0,1,1,1,0,1,1,1
2026-07-03T20:08:09.406,tof2,4x4,side_left,-1,3248,-1,3319,-1,-1,-1,3548,1699,977,1587,-1,1070,826,-1,1042,0,1,0,1,0,1,0,1,1,1,1,1,1,1,1,1
2026-07-03T20:08:09.626,tof1,4x4,side_left,-1,-1,-1,-1,-1,-1,-1,-1,-1,514,404,360,-1,313,321,274,0,0,0,0,0,0,0,0,0,1,1,1,0,1,1,1
2026-07-03T20:08:09.566,tof2,4x4,side_left,3038,3281,-1,3303,2134,1469,-1,3550,1467,970,1570,-1,1061,819,-1,1048,1,1,0,1,1,1,1,1,1,1,1,0,1,1,1,1
2026-07-03T20:08:09.793,tof1,4x4,side_left,-1,-1,-1,-1,-1,-1,-1,-1,-1,514,402,360,-1,317,318,279,0,0,0,0,0,0,0,0,0,1,1,1,0,1,1,1
2026-07-03T20:08:09.768,tof2,4x4,side_left,3000,3245,-1,3330,-1,1503,-1,3548,1664,948,1591,-1,-1,825,-1,1046,1,1,0,1,1,1,0,1,1,1,1,0,1,1,1,1
2026-07-03T20:08:09.951,tof1,4x4,side_left,-1,-1,-1,-1,-1,-1,-1,-1,-1,518,404,358,-1,298,319,276,0,1,0,0,0,0,0,0,0,1,1,1,0,1,1,1
2026-07-03T20:08:09.935,tof2,4x4,side_left,2984,3249,-1,3324,-1,1479,-1,3525,-1,965,1570,-1,1063,814,-1,1061,1,1,0,1,0,1,0,1,1,1,1,0,1,1,1,1
2026-07-03T20:08:10.093,tof2,4x4,side_left,3036,3259,-1,3326,-1,1490,2222,3524,1711,985,1569,-1,1071,823,-1,1049,1,1,0,1,0,1,1,1,1,1,1,1,1,1,1,1
2026-07-03T20:08:10.108,tof1,4x4,side_left,-1,-1,-1,-1,-1,-1,441,-1,-1,516,404,361,-1,311,309,278,0,0,0,0,0,0,1,0,0,1,1,1,0,1,1,1
2026-07-03T20:08:10.262,tof2,4x4,side_left,2968,3238,-1,3336,-1,1458,2212,-1,1550,951,1574,-1,1070,813,-1,1052,1,1,0,1,0,1,1,1,1,1,1,0,1,1,1,1
2026-07-03T20:08:10.276,tof1,4x4,side_left,-1,-1,-1,-1,-1,-1,-1,-1,-1,516,405,361,-1,299,320,275,0,0,0,0,0,0,0,0,0,1,1,1,0,1,1,1
2026-07-03T20:08:10.458,tof1,4x4,side_left,-1,-1,-1,-1,-1,-1,-1,-1,-1,520,405,361,-1,312,321,278,0,0,0,0,0,0,0,0,0,1,1,1,0,1,1,1
2026-07-03T20:08:10.420,tof2,4x4,side_left,3018,3252,-1,3333,-1,1491,-1,3553,-1,965,1632,-1,1067,817,-1,1044,1,1,0,1,0,1,0,1,1,1,1,0,1,1,1,1
2026-07-03T20:08:10.619,tof1,4x4,side_left,-1,-1,-1,-1,-1,-1,436,-1,-1,520,403,358,-1,302,323,271,0,0,0,0,0,0,1,0,0,1,1,1,0,1,1,1
2026-07-03T20:08:10.591,tof2,4x4,side_left,2964,3268,-1,3340,-1,1436,-1,-1,1767,976,1583,-1,1063,816,1068,1051,1,1,0,1,0,1,1,1,1,1,1,0,1,1,1,1
2026-07-03T20:08:10.780,tof1,4x4,side_left,-1,-1,-1,-1,-1,-1,-1,-1,-1,522,403,360,-1,299,321,279,0,0,0,0,0,0,0,0,0,1,1,1,0,1,1,1
2026-07-03T20:08:10.759,tof2,4x4,side_left,3001,3270,3362,3295,-1,1482,2163,3461,-1,993,1632,-1,1075,824,-1,1050,1,1,1,1,1,1,1,1,1,1,1,0,1,1,1,1
2026-07-03T20:08:10.939,tof1,4x4,side_left,-1,-1,-1,-1,-1,-1,-1,-1,-1,523,405,361,-1,298,318,277,0,0,0,0,0,0,0,0,0,1,1,1,1,1,1,1
2026-07-03T20:08:10.933,tof2,4x4,side_left,3031,3280,-1,3303,-1,1459,2171,-1,1542,966,1580,-1,1061,822,-1,1057,1,1,0,1,0,1,1,1,1,1,1,0,1,1,1,1
2026-07-03T20:08:11.116,tof1,4x4,side_left,-1,-1,-1,-1,-1,-1,-1,-1,-1,516,405,362,-1,312,318,275,0,0,0,0,0,0,0,0,0,1,1,1,0,1,1,1
2026-07-03T20:08:11.094,tof2,4x4,side_left,-1,3265,-1,3272,2163,1486,-1,3539,1603,986,1568,-1,-1,840,-1,1043,1,1,0,1,1,1,1,1,1,1,1,0,1,1,1,1
2026-07-03T20:08:11.249,tof2,4x4,side_left,3017,3244,-1,3351,2117,1473,2202,3469,1606,969,1554,-1,1045,823,-1,1043,1,1,1,1,1,1,1,1,1,1,1,0,1,1,1,1
2026-07-03T20:08:11.268,tof1,4x4,side_left,-1,-1,-1,-1,-1,-1,-1,-1,-1,517,406,360,-1,293,318,280,0,0,0,0,0,0,0,0,0,1,1,1,0,1,1,1
2026-07-03T20:08:11.409,tof2,4x4,side_left,3009,3251,-1,3295,-1,1467,2180,3578,1630,967,1587,-1,1051,816,1065,1056,1,1,0,1,1,1,1,1,1,1,1,0,1,1,1,1
2026-07-03T20:08:11.424,tof1,4x4,side_left,-1,-1,-1,-1,-1,-1,-1,-1,-1,527,403,360,-1,314,321,282,0,1,0,0,0,0,0,0,0,1,1,1,0,1,1,1
2026-07-03T20:08:11.593,tof1,4x4,side_left,-1,-1,-1,-1,-1,-1,-1,-1,-1,524,406,360,-1,299,319,275,0,0,0,0,0,0,0,0,0,1,1,1,0,1,1,1
2026-07-03T20:08:11.563,tof2,4x4,side_left,2967,3258,-1,-1,-1,1457,-1,3543,1650,952,1570,-1,1066,824,-1,1055,1,1,0,1,1,1,1,1,1,1,1,0,1,1,1,1
2026-07-03T20:08:11.753,tof1,4x4,side_left,-1,-1,-1,-1,-1,-1,-1,-1,-1,514,408,361,-1,292,320,276,1,0,0,0,0,0,0,0,0,1,1,1,1,1,1,1
2026-07-03T20:08:11.729,tof2,4x4,side_left,3015,3261,-1,3329,-1,1464,-1,3520,1576,965,1547,-1,1072,811,-1,1052,1,1,0,1,0,1,0,1,1,1,1,0,1,1,1,1
2026-07-03T20:08:11.915,tof1,4x4,side_left,-1,-1,-1,-1,-1,-1,435,-1,-1,517,405,363,-1,312,320,277,0,0,0,0,0,0,1,0,0,1,1,1,0,1,1,1
2026-07-03T20:08:11.890,tof2,4x4,side_left,2976,3266,-1,3325,2126,1460,-1,3511,1599,975,1568,-1,1073,819,962,1047,1,1,1,1,1,1,0,1,1,1,1,0,1,1,1,1
2026-07-03T20:08:12.045,tof2,4x4,side_left,2997,3262,-1,3314,-1,1464,-1,3526,1596,960,1605,-1,1061,819,1027,1052,1,1,0,1,0,1,1,1,1,1,1,0,1,1,1,1
2026-07-03T20:08:12.077,tof1,4x4,side_left,-1,-1,-1,-1,-1,-1,438,-1,-1,520,409,363,-1,293,321,273,0,0,0,0,0,0,1,0,0,1,1,1,0,1,1,1
2026-07-03T20:08:12.212,tof2,4x4,side_left,2999,3252,-1,3347,2170,1452,2214,3468,1587,991,1600,-1,1087,823,-1,1050,1,1,0,1,1,1,1,1,1,1,1,0,1,1,1,1
2026-07-03T20:08:12.240,tof1,4x4,side_left,-1,-1,-1,-1,-1,-1,447,-1,-1,523,406,362,-1,299,315,278,0,0,0,0,0,0,1,0,0,1,1,1,0,1,1,1
2026-07-03T20:08:12.404,tof1,4x4,side_left,-1,-1,-1,-1,-1,-1,443,-1,-1,524,405,360,-1,315,315,276,0,0,0,0,0,0,1,0,0,1,1,1,0,1,1,1
2026-07-03T20:08:12.382,tof2,4x4,side_left,3031,3240,-1,3334,2189,1444,-1,3532,-1,963,1622,1349,1065,823,-1,1051,1,1,0,1,1,1,0,1,0,1,1,1,1,1,1,1
2026-07-03T20:08:12.561,tof1,4x4,side_left,-1,-1,-1,-1,-1,-1,-1,-1,-1,522,408,360,-1,297,319,278,0,0,0,0,0,0,0,0,0,1,1,1,0,1,1,1
2026-07-03T20:08:12.533,tof2,4x4,side_left,-1,3245,3303,3303,2091,1486,2144,3580,1540,962,1595,-1,1061,823,-1,1047,0,1,1,1,1,1,1,1,1,1,1,0,1,1,1,1
2026-07-03T20:08:12.733,tof1,4x4,side_left,-1,-1,-1,-1,-1,-1,-1,-1,-1,521,408,360,-1,314,320,281,0,0,0,0,0,0,0,0,0,1,1,1,0,1,1,1
2026-07-03T20:08:12.681,tof2,4x4,side_left,-1,3253,-1,3301,2165,1495,2218,3512,1582,974,1597,-1,-1,817,965,1049,0,1,0,1,1,1,1,1,1,1,1,0,1,1,1,1
2026-07-03T20:08:12.837,tof2,4x4,side_left,3014,3254,-1,3292,2201,1503,-1,3557,-1,967,1563,-1,-1,813,981,1044,1,1,0,1,1,1,0,1,1,1,1,0,1,1,1,1
2026-07-03T20:08:13.135,tof1,4x4,side_left,-1,-1,-1,-1,-1,-1,-1,-1,-1,522,405,362,-1,299,322,280,0,0,0,0,0,0,0,0,0,1,1,1,0,1,1,1
2026-07-03T20:08:13.120,tof2,4x4,side_left,2983,3254,3282,3329,-1,1474,-1,3521,1626,958,1592,-1,-1,819,973,1044,1,1,1,1,1,1,0,1,1,1,1,1,1,1,1,1
2026-07-03T20:08:13.271,tof2,4x4,side_left,2967,3245,-1,3326,2080,1506,-1,3577,1706,965,1616,-1,1065,816,-1,1052,1,1,1,1,1,1,1,1,1,1,1,1,1,1,1,1
2026-07-03T20:08:13.448,tof1,4x4,side_left,-1,-1,-1,-1,-1,-1,-1,-1,-1,527,405,361,-1,298,322,277,0,0,0,0,0,0,0,0,0,1,1,1,1,1,1,1
2026-07-03T20:08:13.448,tof2,4x4,side_left,3086,3268,-1,3313,-1,1445,-1,3514,1644,965,1599,-1,1054,821,-1,1047,1,1,1,1,0,1,0,1,1,1,1,1,1,1,1,1
2026-07-03T20:08:13.632,tof1,4x4,side_left,-1,-1,-1,-1,-1,-1,439,-1,-1,526,409,363,-1,300,320,274,0,0,0,0,0,0,1,0,0,1,1,1,0,1,1,1
2026-07-03T20:08:13.645,tof2,4x4,side_left,3026,3262,-1,3291,-1,1429,-1,3519,1597,972,1598,-1,1051,818,-1,1049,1,1,0,1,0,1,0,1,1,1,1,0,1,1,1,1
2026-07-03T20:08:13.790,tof1,4x4,side_left,-1,-1,-1,-1,-1,-1,-1,-1,-1,519,404,359,-1,296,325,272,0,0,0,0,0,0,0,0,0,1,1,1,0,1,1,1
2026-07-03T20:08:13.804,tof2,4x4,side_left,2996,3269,-1,3322,-1,-1,-1,3495,1735,961,1579,-1,1056,825,968,1033,1,1,1,1,0,0,0,1,1,1,1,0,1,1,1,1
2026-07-03T20:08:13.954,tof1,4x4,side_left,-1,-1,-1,-1,-1,-1,441,-1,-1,527,403,360,-1,315,315,274,0,0,0,0,0,0,1,0,0,1,1,1,0,1,1,1
2026-07-03T20:08:13.973,tof2,4x4,side_left,3003,3258,-1,3303,-1,-1,-1,3521,1648,955,1580,-1,1071,826,-1,1056,1,1,0,1,0,0,0,1,1,1,1,0,1,1,1,1
2026-07-03T20:08:14.112,tof1,4x4,side_left,-1,-1,-1,-1,-1,-1,445,-1,-1,522,406,361,-1,311,318,277,0,0,0,0,0,0,1,0,0,1,1,1,0,1,1,1
2026-07-03T20:08:14.137,tof2,4x4,side_left,3000,3259,3365,3325,-1,-1,-1,-1,1511,991,1463,-1,1064,825,-1,1054,1,1,1,1,1,0,0,1,1,1,1,0,1,1,1,1
2026-07-03T20:08:14.274,tof1,4x4,side_left,-1,-1,-1,-1,-1,-1,440,-1,-1,523,405,359,-1,299,318,276,0,0,0,0,0,0,1,0,0,1,1,1,0,1,1,1
2026-07-03T20:08:14.309,tof2,4x4,side_left,-1,3245,-1,3336,-1,-1,2184,-1,-1,965,1682,-1,1068,821,-1,1060,0,1,1,1,0,0,1,1,1,1,1,0,1,1,1,1
2026-07-03T20:08:14.442,tof1,4x4,side_left,-1,-1,-1,-1,-1,-1,441,386,-1,521,403,359,-1,312,319,273,0,0,0,1,0,0,1,1,0,1,1,1,0,1,1,1
2026-07-03T20:08:14.479,tof2,4x4,side_left,2968,3265,-1,3319,-1,-1,2181,3601,1526,942,1589,-1,1066,829,1060,1039,1,1,1,1,0,1,1,1,1,1,1,1,1,1,1,1
2026-07-03T20:08:14.589,tof1,4x4,side_left,-1,-1,-1,-1,-1,-1,440,-1,-1,521,403,359,-1,298,319,278,0,0,0,0,0,0,1,0,0,1,1,1,0,1,1,1
2026-07-03T20:08:14.633,tof2,4x4,side_left,2834,3247,-1,3292,-1,-1,2220,3493,1660,959,1592,-1,-1,820,-1,1055,1,1,0,1,0,0,1,1,1,1,1,0,1,1,1,1
2026-07-03T20:08:14.738,tof1,4x4,side_left,-1,-1,-1,-1,-1,-1,446,-1,-1,521,401,360,-1,314,322,273,0,0,0,0,0,0,1,0,0,1,1,1,0,1,1,1
2026-07-03T20:08:14.804,tof2,4x4,side_left,3042,3266,3354,3315,-1,-1,-1,3489,-1,991,1509,-1,1074,830,-1,1052,1,1,1,1,0,0,0,1,1,1,1,0,1,1,1,1
2026-07-03T20:08:14.896,tof1,4x4,side_left,-1,-1,-1,-1,-1,432,436,-1,-1,530,406,360,-1,312,319,275,0,0,0,0,0,1,1,0,0,1,1,1,0,1,1,1
2026-07-03T20:08:14.977,tof2,4x4,side_left,2971,3250,-1,3338,2071,-1,-1,3473,1619,987,1570,-1,1072,819,1065,1048,1,1,0,1,1,1,0,1,1,1,1,1,1,1,1,1
2026-07-03T20:08:15.063,tof1,4x4,side_left,-1,-1,-1,-1,-1,435,442,-1,-1,522,401,359,-1,299,321,275,0,0,0,0,0,1,1,0,0,1,1,1,0,1,1,1
2026-07-03T20:08:15.133,tof2,4x4,side_left,2987,3248,-1,3298,-1,-1,2183,3542,1743,964,1585,-1,-1,827,-1,1049,1,1,0,1,0,1,1,1,1,1,1,0,1,1,1,1
2026-07-03T20:08:15.218,tof1,4x4,side_left,-1,-1,-1,-1,-1,-1,422,-1,-1,517,403,361,-1,313,322,276,0,0,0,0,0,0,1,0,0,1,1,1,0,1,1,1
2026-07-03T20:08:15.305,tof2,4x4,side_left,-1,3233,-1,3296,-1,-1,-1,3523,1637,943,1601,-1,1063,819,963,1055,1,1,1,1,1,0,0,1,1,1,1,0,1,1,1,1
2026-07-03T20:08:15.371,tof1,4x4,side_left,-1,-1,-1,-1,-1,-1,-1,-1,-1,513,404,359,-1,315,319,273,0,0,0,1,0,0,0,0,0,1,1,1,0,1,1,1
2026-07-03T20:08:15.463,tof2,4x4,side_left,-1,3281,-1,3352,-1,-1,-1,3611,1579,966,1546,-1,1058,823,-1,1043,1,1,0,1,0,0,0,1,1,1,1,1,1,1,1,1
2026-07-03T20:08:15.517,tof1,4x4,side_left,-1,-1,-1,-1,-1,-1,-1,-1,-1,512,403,360,-1,331,321,275,0,0,0,0,0,0,0,0,0,1,1,1,0,1,1,1
2026-07-03T20:08:15.622,tof2,4x4,side_left,3017,3275,3284,3295,-1,1502,2201,3481,1664,972,1557,-1,1057,817,-1,1037,1,1,1,1,1,1,1,1,1,1,1,0,1,1,1,1
2026-07-03T20:08:15.704,tof1,4x4,side_left,-1,-1,-1,-1,-1,-1,441,-1,-1,523,405,363,-1,313,323,274,0,0,0,0,0,0,1,0,0,1,1,1,0,1,1,1
2026-07-03T20:08:15.781,tof2,4x4,side_left,3011,3251,-1,3333,2120,-1,-1,3501,1459,988,1595,-1,1059,823,-1,1051,1,1,0,1,1,1,1,1,1,1,1,0,1,1,1,1
2026-07-03T20:08:15.863,tof1,4x4,side_left,-1,-1,-1,-1,-1,-1,-1,-1,-1,522,405,359,-1,310,317,275,0,0,0,1,0,0,0,0,0,1,1,1,0,1,1,1
2026-07-03T20:08:15.953,tof2,4x4,side_left,3012,3260,-1,3337,-1,1423,2202,3527,1575,949,1576,-1,1077,808,1070,1050,1,1,0,1,0,1,1,1,1,1,1,0,1,1,1,1
2026-07-03T20:08:16.019,tof1,4x4,side_left,-1,-1,-1,-1,-1,-1,441,-1,-1,521,405,362,-1,313,316,274,0,0,0,0,0,0,1,0,0,1,1,1,0,1,1,1
2026-07-03T20:08:16.126,tof2,4x4,side_left,3024,3254,-1,3318,-1,1457,-1,3484,-1,954,1610,-1,-1,816,985,1034,1,1,0,1,0,1,1,1,1,1,1,0,1,1,1,1
2026-07-03T20:08:16.183,tof1,4x4,side_left,-1,-1,-1,-1,-1,-1,443,-1,-1,516,405,361,-1,315,317,274,0,0,0,0,0,0,1,0,0,1,1,1,1,1,1,1
2026-07-03T20:08:16.281,tof2,4x4,side_left,3042,3255,-1,3304,-1,1479,-1,3514,-1,958,1637,1298,-1,821,1098,1046,1,1,1,1,0,1,0,1,1,1,1,1,1,1,1,1
2026-07-03T20:08:16.344,tof1,4x4,side_left,-1,-1,-1,-1,-1,-1,440,-1,-1,526,407,362,-1,311,321,274,0,0,0,0,0,0,1,0,0,1,1,1,0,1,1,1
2026-07-03T20:08:16.497,tof1,4x4,side_left,-1,-1,-1,-1,-1,-1,-1,-1,-1,532,406,362,-1,312,314,276,0,0,0,0,0,0,0,0,0,1,1,1,1,1,1,1
2026-07-03T20:08:16.465,tof2,4x4,side_left,3002,3258,-1,3306,-1,1503,-1,3519,1600,958,1653,-1,1062,812,966,1056,1,1,0,1,0,1,1,1,1,1,1,1,1,1,1,1
2026-07-03T20:08:16.674,tof1,4x4,side_left,-1,-1,-1,-1,-1,423,442,-1,-1,518,407,362,999,313,320,276,0,0,0,0,0,1,1,0,0,1,1,1,1,1,1,1
2026-07-03T20:08:16.643,tof2,4x4,side_left,3053,3261,-1,3359,-1,1512,2151,3517,1584,980,1536,-1,1062,823,-1,1056,1,1,1,1,0,1,1,1,1,1,1,1,1,1,1,1
2026-07-03T20:08:16.812,tof2,4x4,side_left,3003,3244,3309,3305,2093,1459,-1,3520,-1,971,1597,-1,1058,822,979,1039,1,1,1,1,1,1,0,1,1,1,1,0,1,1,1,1
2026-07-03T20:08:16.848,tof1,4x4,side_left,-1,-1,-1,-1,-1,-1,-1,-1,-1,520,404,362,-1,314,319,277,1,0,0,0,0,0,0,0,0,1,1,1,0,1,1,1
2026-07-03T20:08:16.960,tof2,4x4,side_left,2962,3252,-1,3332,2109,1468,2143,3538,1628,966,1573,-1,1074,822,-1,1058,1,1,0,1,1,1,1,1,1,1,1,1,1,1,1,1
2026-07-03T20:08:17.024,tof1,4x4,side_left,-1,-1,-1,-1,-1,-1,438,-1,-1,521,405,361,-1,313,319,272,0,0,0,0,0,0,1,0,0,1,1,1,1,1,1,1
2026-07-03T20:08:17.181,tof1,4x4,side_left,-1,-1,-1,-1,-1,-1,438,-1,-1,524,406,361,-1,311,317,271,1,0,0,0,0,0,1,0,0,1,1,1,0,1,1,1
2026-07-03T20:08:17.120,tof2,4x4,side_left,3035,3247,-1,-1,-1,1454,2163,3577,1674,964,1598,-1,-1,822,965,1029,1,1,0,1,1,1,1,1,1,1,1,0,1,1,1,1
2026-07-03T20:08:17.274,tof2,4x4,side_left,3041,3245,-1,3339,-1,-1,-1,3513,1617,952,1580,-1,1046,817,961,1048,1,1,0,1,1,1,1,1,1,1,1,0,1,1,1,1
2026-07-03T20:08:17.337,tof1,4x4,side_left,-1,-1,-1,-1,-1,-1,444,-1,-1,515,405,359,-1,296,320,277,0,0,0,0,0,0,1,0,0,1,1,1,0,1,1,1
2026-07-03T20:08:17.511,tof1,4x4,side_left,-1,-1,-1,-1,-1,-1,441,-1,-1,530,405,363,-1,295,320,275,0,0,0,0,0,0,1,0,0,1,1,1,0,1,1,1
2026-07-03T20:08:17.434,tof2,4x4,side_left,-1,3255,-1,3335,-1,1491,2169,3503,1672,962,1561,-1,1061,826,971,1054,1,1,0,1,0,1,1,1,1,1,1,0,1,1,1,1
2026-07-03T20:08:17.670,tof1,4x4,side_left,-1,-1,-1,-1,-1,-1,-1,-1,-1,519,405,364,-1,296,321,279,0,0,0,1,0,0,0,0,0,1,1,1,0,1,1,1
2026-07-03T20:08:17.612,tof2,4x4,side_left,2955,3252,-1,3325,-1,1467,-1,-1,1514,963,1543,-1,-1,813,-1,1047,1,1,0,1,1,1,0,1,1,1,1,0,1,1,1,1
2026-07-03T20:08:17.837,tof1,4x4,side_left,-1,-1,-1,-1,-1,-1,441,-1,-1,523,404,362,-1,312,321,271,0,0,0,0,0,0,1,0,0,1,1,1,0,1,1,1
2026-07-03T20:08:17.835,tof2,4x4,side_left,2931,3250,-1,3314,-1,1469,2186,3450,1609,956,1557,-1,1069,818,-1,1070,1,1,1,1,0,1,1,1,1,1,1,0,1,1,1,1
2026-07-03T20:08:18.005,tof2,4x4,side_left,3008,3236,-1,3352,-1,1470,-1,3455,1686,960,1561,-1,1070,819,-1,1050,1,1,0,1,0,1,0,1,1,1,1,0,1,1,1,1
2026-07-03T20:08:18.035,tof1,4x4,side_left,-1,-1,-1,-1,-1,-1,-1,-1,-1,525,406,361,-1,299,322,277,0,0,0,0,0,0,0,0,0,1,1,1,0,1,1,1
2026-07-03T20:08:18.173,tof2,4x4,side_left,2981,3245,-1,3285,-1,1502,2190,3492,1537,965,1596,-1,1074,813,975,1052,1,1,1,1,0,1,1,1,1,1,1,0,1,1,1,1
2026-07-03T20:08:18.351,tof1,4x4,side_left,-1,-1,-1,-1,-1,-1,-1,-1,-1,516,403,360,-1,314,318,277,0,0,0,0,0,0,0,0,0,1,1,1,0,1,1,1
2026-07-03T20:08:18.338,tof2,4x4,side_left,3069,3256,-1,3296,-1,1481,2213,3502,-1,959,1562,-1,1058,826,963,1037,1,1,0,1,0,1,1,1,1,1,1,1,1,1,1,1
2026-07-03T20:08:18.546,tof1,4x4,side_left,-1,-1,-1,-1,-1,-1,444,-1,-1,518,402,361,-1,301,322,277,0,0,0,0,0,0,1,0,0,1,1,1,0,1,1,1
2026-07-03T20:08:18.508,tof2,4x4,side_left,3036,3279,-1,3303,2145,1471,-1,3571,1679,970,1607,-1,1063,829,-1,1057,1,1,0,1,1,1,0,1,1,1,1,0,1,1,1,1
2026-07-03T20:08:18.701,tof1,4x4,side_left,-1,-1,-1,-1,-1,-1,-1,-1,-1,522,402,359,-1,313,316,274,0,0,0,0,0,0,0,0,0,1,1,1,0,1,1,1
2026-07-03T20:08:18.678,tof2,4x4,side_left,2980,3249,-1,3316,-1,1467,2201,3548,1710,977,1572,-1,-1,818,959,1048,1,1,0,1,0,1,1,1,1,1,1,0,1,1,1,1
2026-07-03T20:08:18.841,tof2,4x4,side_left,2939,3258,-1,3346,-1,1488,-1,3539,1673,956,1576,-1,1066,821,-1,1054,1,1,0,1,0,1,1,1,1,1,1,0,1,1,1,1
2026-07-03T20:08:18.862,tof1,4x4,side_left,-1,-1,-1,-1,-1,-1,433,-1,-1,525,403,360,-1,297,317,273,0,0,0,0,0,0,1,0,0,1,1,1,1,1,1,1
2026-07-03T20:08:19.001,tof2,4x4,side_left,3022,3252,-1,-1,2175,1480,-1,3515,1648,969,1601,-1,1061,825,-1,1038,1,1,0,1,1,1,0,1,1,1,1,0,1,1,1,1
2026-07-03T20:08:19.015,tof1,4x4,side_left,-1,-1,-1,-1,-1,-1,-1,-1,-1,523,404,358,-1,311,324,273,0,0,0,0,0,0,0,0,0,1,1,1,0,1,1,1
2026-07-03T20:08:19.152,tof2,4x4,side_left,-1,3260,-1,3330,-1,1462,-1,3474,1570,952,1627,-1,1066,816,-1,1051,0,1,0,1,0,1,0,1,1,1,1,0,1,1,1,1
2026-07-03T20:08:19.184,tof1,4x4,side_left,-1,-1,-1,-1,-1,436,438,-1,-1,513,404,359,-1,299,318,276,0,0,0,0,0,1,1,0,0,1,1,1,0,1,1,1
2026-07-03T20:08:19.356,tof1,4x4,side_left,-1,-1,-1,-1,-1,-1,-1,-1,-1,518,403,363,-1,312,323,275,0,0,0,0,0,0,0,0,0,1,1,1,0,1,1,1
2026-07-03T20:08:19.308,tof2,4x4,side_left,3004,3275,-1,3320,-1,1440,2171,3524,1661,964,1559,-1,-1,818,1021,1051,1,1,0,1,0,1,1,1,1,1,1,0,1,1,1,1
2026-07-03T20:08:19.477,tof2,4x4,side_left,3041,3237,-1,3349,-1,1477,2205,3459,1636,959,1601,-1,1067,812,1074,1038,1,1,0,1,0,1,1,1,1,1,1,0,1,1,1,1
2026-07-03T20:08:19.521,tof1,4x4,side_left,-1,-1,-1,-1,-1,-1,-1,-1,-1,515,404,361,-1,317,322,276,0,0,0,0,0,0,0,0,0,1,1,1,0,1,1,1
2026-07-03T20:08:19.685,tof1,4x4,side_left,-1,-1,-1,-1,-1,-1,435,-1,-1,532,404,361,-1,316,321,276,0,0,0,0,0,0,1,0,0,1,1,1,0,1,1,1
2026-07-03T20:08:19.630,tof2,4x4,side_left,3000,3293,-1,3290,2185,1458,2185,3537,-1,991,1612,1330,1070,822,1049,1053,1,1,1,1,1,1,1,1,1,1,1,1,1,1,1,1
2026-07-03T20:08:19.791,tof2,4x4,side_left,3033,3248,-1,3329,-1,1465,-1,3504,1589,952,1579,-1,1056,817,-1,1052,1,1,1,1,0,1,0,1,1,1,1,0,1,1,1,1
2026-07-03T20:08:19.850,tof1,4x4,side_left,-1,-1,-1,-1,-1,-1,-1,-1,-1,523,405,360,-1,308,319,276,0,0,0,0,0,0,0,0,0,1,1,1,0,1,1,1
2026-07-03T20:08:19.945,tof2,4x4,side_left,2932,3241,-1,3331,2109,1480,-1,3544,-1,948,1641,-1,-1,823,-1,1049,1,1,1,1,1,1,1,1,1,1,1,1,1,1,1,1
2026-07-03T20:08:20.012,tof1,4x4,side_left,-1,-1,-1,-1,-1,-1,-1,-1,-1,518,405,359,-1,296,319,278,0,0,0,0,0,0,0,0,0,1,1,1,0,1,1,1
2026-07-03T20:08:20.111,tof2,4x4,side_left,3025,3241,-1,3330,2214,1475,-1,3573,-1,946,1575,-1,1051,822,-1,1057,1,1,0,1,1,1,0,1,1,1,1,0,1,1,1,1
2026-07-03T20:08:20.190,tof1,4x4,side_left,3625,-1,-1,-1,-1,-1,-1,-1,-1,520,405,362,-1,293,317,272,1,0,0,0,0,0,0,0,0,1,1,1,1,1,1,1
2026-07-03T20:08:20.264,tof2,4x4,side_left,2962,3254,-1,3341,-1,1463,2168,3477,-1,965,1614,-1,1077,820,970,1033,1,1,0,1,1,1,1,1,1,1,1,0,1,1,1,1
2026-07-03T20:08:20.345,tof1,4x4,side_left,-1,-1,-1,-1,-1,-1,-1,-1,-1,523,406,359,-1,313,322,278,0,0,0,0,0,0,0,0,0,1,1,1,0,1,1,1
2026-07-03T20:08:20.420,tof2,4x4,side_left,3038,3250,-1,3298,2144,1493,-1,3488,1706,970,1605,-1,1064,825,965,1054,1,1,0,1,1,1,1,1,1,1,1,0,1,1,1,1
2026-07-03T20:08:20.503,tof1,4x4,side_left,-1,-1,-1,-1,-1,-1,-1,-1,-1,524,405,360,-1,340,314,279,0,0,0,0,0,0,0,0,0,1,1,1,0,1,1,1
2026-07-03T20:08:20.588,tof2,4x4,side_left,-1,3260,-1,-1,-1,1479,-1,3517,1607,973,1597,-1,1053,826,-1,1057,0,1,0,1,0,1,0,1,1,1,1,1,1,1,1,1
2026-07-03T20:08:20.668,tof1,4x4,side_left,-1,-1,-1,-1,-1,-1,-1,-1,-1,514,405,360,-1,311,319,279,0,0,0,0,0,0,0,0,0,1,1,1,0,1,1,1
2026-07-03T20:08:20.747,tof2,4x4,side_left,2960,3268,-1,3315,-1,-1,2215,3521,-1,976,1592,-1,1069,820,972,1042,1,1,1,1,0,1,1,1,1,1,1,0,1,1,1,1
2026-07-03T20:08:20.851,tof1,4x4,side_left,-1,-1,-1,-1,-1,-1,-1,-1,-1,521,407,360,-1,313,319,279,0,0,0,0,0,0,0,0,0,1,1,1,1,1,1,1
2026-07-03T20:08:20.904,tof2,4x4,side_left,2953,3242,-1,3302,-1,1466,2210,3472,1630,963,1568,-1,1061,813,964,1058,1,1,0,1,0,1,1,1,1,1,1,0,1,1,1,1
2026-07-03T20:08:21.014,tof1,4x4,side_left,-1,-1,-1,-1,-1,-1,-1,-1,-1,516,405,361,-1,311,317,274,0,0,0,0,0,0,0,0,0,1,1,1,0,1,1,1
2026-07-03T20:08:21.069,tof2,4x4,side_left,-1,3264,3354,3335,-1,1467,-1,3450,1635,959,1595,-1,1066,821,-1,1045,1,1,1,1,0,1,0,1,1,1,1,0,1,1,1,1
2026-07-03T20:08:21.189,tof1,4x4,side_left,-1,-1,-1,-1,-1,-1,-1,-1,-1,520,405,360,-1,314,319,278,0,0,0,1,0,0,0,0,0,1,1,1,1,1,1,1
2026-07-03T20:08:21.244,tof2,4x4,side_left,-1,3250,-1,-1,2117,1488,-1,3467,1695,969,1569,-1,1054,818,976,1046,1,1,0,1,1,1,0,1,1,1,1,0,1,1,1,1
2026-07-03T20:08:21.342,tof1,4x4,side_left,-1,-1,-1,-1,-1,-1,-1,-1,-1,524,404,361,-1,298,325,273,1,0,0,0,0,0,0,0,0,1,1,1,0,1,1,1
2026-07-03T20:08:21.406,tof2,4x4,side_left,3089,3262,-1,3298,-1,1489,-1,3552,1652,986,1589,-1,1045,821,-1,1055,1,1,0,1,1,1,1,1,1,1,1,0,1,1,1,1
2026-07-03T20:08:21.507,tof1,4x4,side_left,-1,-1,-1,-1,-1,-1,-1,-1,-1,-1,405,360,-1,291,317,275,0,0,0,0,0,0,0,0,0,1,1,1,0,1,1,1
2026-07-03T20:08:21.568,tof2,4x4,side_left,-1,3251,-1,3303,-1,1503,-1,-1,1548,971,1634,-1,-1,823,-1,1059,1,1,0,1,1,1,0,1,1,1,1,0,1,1,1,1
2026-07-03T20:08:21.657,tof1,4x4,side_left,-1,-1,-1,-1,-1,-1,-1,-1,-1,519,405,359,-1,314,321,274,0,0,0,0,0,0,0,0,0,1,1,1,0,1,1,1
2026-07-03T20:08:21.927,tof1,4x4,side_left,-1,-1,-1,-1,-1,-1,-1,-1,-1,517,404,359,-1,318,319,275,1,0,0,0,0,0,0,0,0,1,1,1,1,1,1,1
2026-07-03T20:08:21.925,tof2,4x4,side_left,-1,3260,-1,3295,-1,1452,-1,3549,1628,967,1599,-1,1056,821,-1,1059,1,1,1,1,0,1,0,1,1,1,1,1,1,1,1,1
2026-07-03T20:08:22.102,tof1,4x4,side_left,-1,-1,-1,-1,-1,-1,-1,-1,-1,524,403,361,-1,316,322,274,0,0,0,0,0,0,0,0,0,1,1,1,0,1,1,1
2026-07-03T20:08:22.093,tof2,4x4,side_left,-1,3269,-1,3340,2135,1487,-1,3610,1465,966,1548,-1,1056,817,970,1060,1,1,0,1,1,1,0,1,1,1,1,0,1,1,1,1
2026-07-03T20:08:22.257,tof2,4x4,side_left,-1,3257,-1,3310,2201,1455,2168,3508,-1,962,1648,-1,1062,816,939,1053,1,1,0,1,1,1,1,1,1,1,1,0,1,1,1,1
2026-07-03T20:08:22.273,tof1,4x4,side_left,-1,-1,-1,-1,-1,-1,-1,-1,-1,520,405,361,-1,316,322,278,0,0,0,0,0,0,0,0,0,1,1,1,0,1,1,1
2026-07-03T20:08:22.407,tof2,4x4,side_left,-1,3260,-1,3294,-1,1482,-1,-1,1677,958,1576,-1,1060,818,-1,1048,1,1,0,1,0,1,0,1,1,1,1,0,1,1,1,1
2026-07-03T20:08:22.431,tof1,4x4,side_left,-1,-1,-1,-1,-1,-1,438,-1,-1,527,406,360,-1,312,320,275,0,0,0,0,0,0,1,0,0,1,1,1,0,1,1,1
2026-07-03T20:08:22.589,tof1,4x4,side_left,-1,-1,-1,-1,-1,-1,435,-1,-1,513,403,358,-1,299,314,271,0,0,0,0,0,0,1,0,0,1,1,1,0,1,1,1
2026-07-03T20:08:22.572,tof2,4x4,side_left,-1,3239,-1,3266,2216,-1,-1,3543,-1,997,1567,-1,-1,821,-1,1043,0,1,0,1,1,1,0,1,1,1,1,0,1,1,1,1
2026-07-03T20:08:22.745,tof1,4x4,side_left,-1,-1,-1,-1,-1,-1,-1,-1,-1,518,403,361,-1,315,320,278,1,0,0,0,0,0,0,0,0,1,1,1,0,1,1,1
2026-07-03T20:08:22.725,tof2,4x4,side_left,3036,3254,-1,3298,2041,1510,-1,3493,1527,968,1537,-1,1062,820,-1,1043,1,1,0,1,1,1,0,1,1,1,1,0,1,1,1,1
2026-07-03T20:08:22.904,tof1,4x4,side_left,-1,-1,-1,-1,-1,-1,-1,-1,-1,517,403,360,-1,312,322,271,1,0,0,0,0,0,0,0,0,1,1,1,0,1,1,1
2026-07-03T20:08:22.880,tof2,4x4,side_left,-1,3264,-1,3308,-1,1497,2184,3547,-1,958,1615,-1,1063,814,-1,1053,1,1,0,1,0,1,1,1,1,1,1,1,1,1,1,1
2026-07-03T20:08:23.044,tof2,4x4,side_left,3065,3257,-1,3301,-1,1489,-1,3608,1644,963,1622,-1,1081,827,947,1033,1,1,0,1,0,1,1,1,1,1,1,0,1,1,1,1
2026-07-03T20:08:23.090,tof1,4x4,side_left,-1,-1,-1,-1,-1,-1,438,-1,-1,512,403,359,-1,312,321,276,0,0,0,0,0,0,1,0,0,1,1,1,0,1,1,1
2026-07-03T20:08:23.202,tof2,4x4,side_left,2997,3247,-1,3313,-1,1430,-1,3528,-1,987,1579,-1,-1,825,1063,1054,1,1,0,1,0,1,0,1,1,1,1,0,1,1,1,1
2026-07-03T20:08:23.252,tof1,4x4,side_left,-1,-1,-1,-1,-1,-1,446,-1,-1,519,402,357,-1,296,320,274,0,0,0,0,0,0,1,0,0,1,1,1,0,1,1,1
2026-07-03T20:08:23.370,tof2,4x4,side_left,3008,3273,-1,3331,-1,-1,-1,3540,1693,963,1617,-1,1056,813,-1,1040,1,1,0,1,0,1,1,1,1,1,1,0,1,1,1,1
2026-07-03T20:08:23.415,tof1,4x4,side_left,-1,-1,-1,-1,-1,-1,-1,-1,-1,517,402,361,-1,311,324,277,0,0,0,0,0,0,0,0,0,1,1,1,0,1,1,1
2026-07-03T20:08:23.574,tof1,4x4,side_left,-1,-1,-1,-1,-1,-1,441,-1,-1,523,403,361,-1,299,321,277,0,0,0,0,0,0,1,0,0,1,1,1,0,1,1,1
2026-07-03T20:08:23.527,tof2,4x4,side_left,3006,3262,-1,3325,-1,-1,-1,3469,1615,955,1625,-1,1068,829,-1,1053,1,1,0,1,0,1,1,1,1,1,1,0,1,1,1,1
2026-07-03T20:08:23.727,tof1,4x4,side_left,-1,-1,-1,-1,-1,-1,-1,-1,-1,520,402,360,-1,311,318,280,0,0,0,0,0,0,0,0,0,1,1,1,0,1,1,1
2026-07-03T20:08:23.713,tof2,4x4,side_left,3013,3266,-1,3254,2104,-1,2184,3518,1579,967,1608,-1,1062,816,-1,1050,1,1,0,1,1,0,1,1,1,1,1,0,1,1,1,1
2026-07-03T20:08:23.904,tof1,4x4,side_left,-1,-1,-1,-1,-1,-1,-1,-1,-1,521,406,361,-1,296,319,279,0,0,0,0,0,0,0,0,0,1,1,1,0,1,1,1
2026-07-03T20:08:23.880,tof2,4x4,side_left,-1,3254,-1,3314,-1,-1,-1,3543,1535,994,1562,-1,1062,823,-1,1025,0,1,0,1,0,0,0,1,1,1,1,0,1,1,1,1
2026-07-03T20:08:24.053,tof1,4x4,side_left,-1,-1,-1,-1,-1,-1,455,-1,-1,527,404,361,-1,311,317,274,1,0,0,0,0,0,1,0,0,1,1,1,0,1,1,1
2026-07-03T20:08:24.033,tof2,4x4,side_left,3021,3261,-1,3333,-1,1501,-1,3586,-1,982,1592,-1,-1,818,-1,1048,1,1,1,1,0,1,0,1,1,1,1,0,1,1,1,1
2026-07-03T20:08:24.193,tof2,4x4,side_left,2879,3288,3298,-1,-1,-1,-1,3543,-1,997,1567,-1,-1,815,972,1051,1,1,1,1,0,1,0,1,0,1,1,0,1,1,1,1
2026-07-03T20:08:24.209,tof1,4x4,side_left,-1,-1,-1,-1,-1,-1,444,-1,-1,516,405,360,-1,310,320,276,0,0,0,0,0,0,1,0,0,1,1,1,1,1,1,1
2026-07-03T20:08:24.361,tof1,4x4,side_left,-1,-1,-1,-1,-1,-1,-1,-1,-1,515,406,361,-1,301,316,276,0,0,0,0,0,0,0,0,0,1,1,1,0,1,1,1
2026-07-03T20:08:24.348,tof2,4x4,side_left,2955,3253,-1,3306,-1,-1,-1,3533,1688,968,1618,-1,1065,818,-1,1048,1,1,0,1,1,0,0,1,1,1,1,0,1,1,1,1
2026-07-03T20:08:24.525,tof1,4x4,side_left,-1,-1,-1,-1,-1,-1,442,-1,-1,521,407,363,1158,317,325,279,0,0,0,1,0,0,1,0,0,1,1,1,1,1,1,1
2026-07-03T20:08:24.521,tof2,4x4,side_left,2946,3245,3283,3323,-1,-1,-1,3576,-1,977,-1,-1,1037,816,-1,1046,1,1,1,1,0,1,0,1,0,1,1,0,1,1,1,1
2026-07-03T20:08:24.717,tof1,4x4,side_left,-1,-1,-1,-1,-1,-1,457,-1,-1,517,408,362,-1,292,318,276,0,0,0,0,0,0,1,0,0,1,1,1,0,1,1,1
2026-07-03T20:08:24.680,tof2,4x4,side_left,3010,3251,-1,3289,-1,1397,-1,3476,-1,961,1572,-1,1062,818,971,1048,1,1,0,1,1,1,0,1,0,1,1,0,1,1,1,1
2026-07-03T20:08:24.888,tof1,4x4,side_left,-1,-1,-1,-1,-1,-1,447,-1,-1,524,404,360,-1,301,318,277,0,0,0,0,0,0,1,0,0,1,1,1,0,1,1,1
2026-07-03T20:08:24.842,tof2,4x4,side_left,-1,3278,-1,3357,-1,-1,-1,-1,-1,967,1645,-1,1067,816,-1,1048,0,1,0,1,0,1,0,0,0,1,1,0,1,1,1,1
2026-07-03T20:08:25.035,tof1,4x4,side_left,-1,-1,-1,2210,-1,-1,449,-1,-1,516,408,362,-1,296,322,276,0,0,0,1,0,0,1,0,0,1,1,1,0,1,1,1
2026-07-03T20:08:25.016,tof2,4x4,side_left,2953,3252,3380,3305,-1,-1,-1,-1,-1,958,1588,-1,1076,824,1009,1044,1,1,1,1,1,0,0,1,1,1,1,0,1,1,1,1
2026-07-03T20:08:25.202,tof1,4x4,side_left,-1,-1,-1,-1,-1,-1,445,-1,-1,515,406,361,-1,293,321,275,0,0,0,0,0,0,1,0,0,1,1,1,0,1,1,1
2026-07-03T20:08:25.199,tof2,4x4,side_left,3028,3255,-1,3331,-1,-1,-1,3533,1602,1033,1595,-1,1069,817,-1,1063,1,1,0,1,0,1,0,1,1,1,1,0,1,1,1,1
2026-07-03T20:08:25.375,tof1,4x4,side_left,-1,-1,-1,-1,-1,-1,449,-1,-1,526,406,359,-1,313,318,276,0,0,0,1,0,0,1,0,0,1,1,1,0,1,1,1
2026-07-03T20:08:25.369,tof2,4x4,side_left,3028,3256,-1,3312,-1,-1,-1,3570,1647,969,1605,1410,1066,821,975,1055,1,1,1,1,0,1,1,1,1,1,1,1,1,1,1,1
2026-07-03T20:08:25.574,tof1,4x4,side_left,3421,-1,-1,-1,-1,-1,441,-1,-1,524,405,359,-1,298,323,272,1,0,0,0,0,0,1,0,0,1,1,1,0,1,1,1
2026-07-03T20:08:25.570,tof2,4x4,side_left,2901,3232,-1,3325,-1,1441,-1,3506,1653,969,1561,-1,1068,821,-1,1049,1,1,0,1,0,1,0,1,1,1,1,0,1,1,1,1
2026-07-03T20:08:25.724,tof2,4x4,side_left,3057,3253,-1,3318,-1,-1,2224,3482,-1,967,1617,-1,1054,827,-1,1048,1,1,0,1,0,1,1,1,1,1,1,1,1,1,1,1
2026-07-03T20:08:25.749,tof1,4x4,side_left,-1,-1,-1,-1,-1,-1,439,-1,-1,519,405,361,-1,296,322,278,0,0,0,0,0,0,1,0,0,1,1,1,1,1,1,1
2026-07-03T20:08:25.907,tof1,4x4,side_left,-1,-1,-1,-1,-1,437,448,-1,-1,519,406,358,1119,313,321,278,0,0,0,0,0,1,1,0,0,1,1,1,1,1,1,1
2026-07-03T20:08:25.886,tof2,4x4,side_left,3001,3267,-1,3298,2201,1497,2186,3526,-1,984,1635,-1,1051,825,-1,1054,1,1,0,1,1,1,1,1,1,1,1,0,1,1,1,1
2026-07-03T20:08:26.071,tof1,4x4,side_left,-1,-1,-1,-1,-1,-1,444,-1,-1,526,404,361,-1,301,320,275,0,0,0,0,0,0,1,0,0,1,1,1,0,1,1,1
2026-07-03T20:08:26.051,tof2,4x4,side_left,2916,3252,-1,3301,-1,1480,-1,-1,-1,975,1575,-1,1052,823,-1,1048,1,1,0,1,0,1,1,1,0,1,1,0,1,1,1,1
2026-07-03T20:08:26.442,tof1,4x4,side_left,-1,-1,-1,-1,-1,-1,-1,-1,-1,530,405,360,-1,299,322,275,0,0,0,1,0,0,0,0,0,1,1,1,1,1,1,1
2026-07-03T20:08:26.451,tof2,4x4,side_left,2961,3263,-1,3349,-1,1459,2159,3510,1627,975,1580,-1,1063,823,-1,1047,1,1,0,1,0,1,1,1,1,1,1,0,1,1,1,1
2026-07-03T20:08:26.592,tof1,4x4,side_left,-1,-1,-1,-1,-1,-1,-1,-1,-1,515,404,361,-1,313,320,276,0,0,0,0,0,0,0,0,0,1,1,1,0,1,1,1
2026-07-03T20:08:26.609,tof2,4x4,side_left,2997,3252,-1,3292,-1,1491,2173,3520,1732,971,1592,-1,1068,825,-1,1036,1,1,0,1,0,1,1,1,1,1,1,0,1,1,1,1
2026-07-03T20:08:26.750,tof1,4x4,side_left,-1,-1,-1,-1,-1,-1,-1,-1,-1,521,404,361,-1,315,322,277,0,0,0,0,0,0,0,0,0,1,1,1,1,1,1,1
2026-07-03T20:08:26.782,tof2,4x4,side_left,3023,3283,-1,3322,2094,1485,-1,-1,-1,945,1599,-1,1055,814,964,1061,1,1,0,1,1,1,0,1,0,1,1,0,1,1,1,1
2026-07-03T20:08:26.905,tof1,4x4,side_left,-1,-1,-1,-1,-1,-1,-1,-1,-1,526,402,360,-1,315,317,275,0,0,0,0,0,0,0,0,0,1,1,1,0,1,1,1
2026-07-03T20:08:26.957,tof2,4x4,side_left,3033,3265,-1,3333,-1,1477,-1,3510,1640,962,1616,-1,1061,813,976,1054,1,1,0,1,1,1,1,1,1,1,1,1,1,1,1,1
2026-07-03T20:08:27.176,tof1,4x4,side_left,-1,-1,-1,-1,-1,-1,-1,-1,-1,512,402,359,-1,310,318,275,0,0,0,0,0,0,0,0,0,1,1,1,0,1,1,1
2026-07-03T20:08:27.162,tof2,4x4,side_left,3047,3260,-1,3338,2138,1479,-1,3554,1541,969,1614,-1,1063,818,-1,1048,1,1,1,1,1,1,1,1,1,1,1,0,1,1,1,1
2026-07-03T20:08:27.349,tof1,4x4,side_left,-1,-1,-1,-1,-1,-1,442,-1,-1,519,404,358,-1,299,320,275,0,0,0,0,0,0,1,0,0,1,1,1,0,1,1,1
2026-07-03T20:08:27.329,tof2,4x4,side_left,2948,3279,-1,3276,2116,1516,-1,3566,-1,965,1575,-1,1061,812,-1,1051,1,1,0,1,1,1,1,1,1,1,1,0,1,1,1,1
2026-07-03T20:08:27.562,tof1,4x4,side_left,-1,-1,-1,-1,-1,-1,-1,-1,-1,519,405,359,-1,312,321,275,0,1,0,0,0,0,0,0,0,1,1,1,0,1,1,1
2026-07-03T20:08:27.514,tof2,4x4,side_left,2943,3252,3337,3329,2165,1457,-1,3532,1533,974,1547,-1,-1,809,959,1049,1,1,1,1,1,1,1,1,1,1,1,0,1,1,1,1
2026-07-03T20:08:27.726,tof1,4x4,side_left,-1,-1,-1,-1,-1,-1,441,-1,-1,522,406,360,-1,308,323,273,0,0,0,0,0,0,1,0,0,1,1,1,0,1,1,1
2026-07-03T20:08:27.673,tof2,4x4,side_left,3022,3242,-1,3291,-1,1496,-1,-1,1735,989,1599,-1,1055,815,964,1058,1,1,1,1,0,1,0,1,1,1,1,1,1,1,1,1
2026-07-03T20:08:27.824,tof2,4x4,side_left,3012,3266,3293,3333,-1,1380,2200,3496,-1,969,1611,-1,-1,820,-1,1049,1,1,1,1,0,1,1,1,1,1,1,1,1,1,1,1
2026-07-03T20:08:27.895,tof1,4x4,side_left,-1,-1,-1,-1,-1,-1,-1,-1,-1,518,405,362,-1,312,319,277,0,0,0,0,0,0,0,0,0,1,1,1,0,1,1,1
2026-07-03T20:08:27.989,tof2,4x4,side_left,2946,3276,-1,3289,-1,1477,-1,3571,1743,977,1627,-1,1070,820,-1,1049,1,1,0,1,0,1,1,1,1,1,1,0,1,1,1,1
2026-07-03T20:08:28.049,tof1,4x4,side_left,-1,-1,-1,-1,-1,-1,439,-1,-1,516,403,360,-1,298,318,276,0,0,0,0,1,0,1,0,0,1,1,1,1,1,1,1
2026-07-03T20:08:28.146,tof2,4x4,side_left,2983,3245,-1,3330,-1,-1,2199,3505,1699,972,1568,-1,1059,819,-1,1054,1,1,0,1,1,1,1,1,1,1,1,1,1,1,1,1
2026-07-03T20:08:28.230,tof1,4x4,side_left,-1,-1,-1,-1,-1,-1,439,-1,-1,527,406,361,-1,312,318,276,0,0,0,0,0,0,1,0,0,1,1,1,0,1,1,1
2026-07-03T20:08:28.303,tof2,4x4,side_left,3028,3256,-1,3288,2134,1464,-1,3493,1638,974,1589,-1,1061,812,-1,1046,1,1,0,1,1,1,0,1,1,1,1,1,1,1,1,1
2026-07-03T20:08:28.386,tof1,4x4,side_left,3415,-1,-1,-1,-1,-1,448,-1,-1,515,407,361,-1,295,318,276,1,0,0,0,0,0,1,0,0,1,1,1,0,1,1,1
2026-07-03T20:08:28.472,tof2,4x4,side_left,2986,3256,-1,3294,-1,1483,2161,3486,1708,967,1571,-1,1077,822,-1,1052,1,1,0,1,0,1,1,1,1,1,1,1,1,1,1,1
2026-07-03T20:08:28.539,tof1,4x4,side_left,-1,-1,-1,-1,-1,-1,444,-1,-1,521,408,361,-1,299,317,278,0,0,0,0,0,0,1,0,0,1,1,1,1,1,1,1
2026-07-03T20:08:28.655,tof2,4x4,side_left,2971,3250,-1,3314,-1,1441,-1,3577,1578,956,1625,-1,1063,825,-1,1043,1,1,0,1,1,1,0,1,1,1,1,0,1,1,1,1
2026-07-03T20:08:28.735,tof1,4x4,side_left,-1,-1,-1,-1,-1,-1,437,-1,-1,517,407,361,-1,317,322,280,0,0,0,1,0,0,1,0,0,1,1,1,1,1,1,1
2026-07-03T20:08:29.000,tof1,4x4,side_left,-1,-1,-1,-1,-1,-1,447,-1,-1,527,402,362,-1,297,317,273,0,0,0,0,0,0,1,0,0,1,1,1,0,1,1,1
2026-07-03T20:08:29.050,tof2,4x4,side_left,2965,3262,-1,3343,2367,1493,2137,-1,1658,967,1595,-1,1052,823,-1,1047,1,1,1,1,1,1,1,1,1,1,1,0,1,1,1,1
2026-07-03T20:08:29.156,tof1,4x4,side_left,-1,-1,-1,-1,-1,-1,-1,-1,-1,524,404,360,-1,313,316,275,0,0,0,0,0,0,0,0,0,1,1,1,0,1,1,1
2026-07-03T20:08:29.345,tof1,4x4,side_left,-1,-1,-1,-1,-1,-1,-1,-1,-1,538,406,361,1111,314,317,278,0,0,0,0,0,0,0,0,0,1,1,1,1,1,1,1
2026-07-03T20:08:29.230,tof2,4x4,side_left,2947,3260,3366,3303,2168,1457,2203,3559,-1,979,1619,-1,1056,825,969,1054,1,1,1,1,1,1,1,1,1,1,1,0,1,1,1,1
2026-07-03T20:08:29.397,tof2,4x4,side_left,3005,3258,-1,3314,-1,1438,-1,3547,1548,948,1562,-1,1057,826,976,1056,1,1,1,1,0,1,1,1,1,1,1,0,1,1,1,1
2026-07-03T20:08:29.526,tof1,4x4,side_left,-1,-1,-1,-1,-1,-1,-1,-1,-1,523,406,361,-1,314,322,277,0,0,0,0,0,0,0,0,0,1,1,1,0,1,1,1
2026-07-03T20:08:29.557,tof2,4x4,side_left,3006,3245,-1,3322,2150,1473,-1,3423,1650,978,1565,1232,1057,821,-1,1052,1,1,1,1,1,1,0,1,1,1,1,1,1,1,1,1
2026-07-03T20:08:29.708,tof1,4x4,side_left,-1,-1,-1,-1,-1,-1,-1,-1,-1,529,407,362,-1,311,324,279,0,0,0,0,0,0,0,0,0,1,1,1,0,1,1,1
2026-07-03T20:08:29.738,tof2,4x4,side_left,2995,3270,-1,3285,-1,1491,2192,3556,1595,957,1578,-1,-1,823,988,1049,1,1,0,1,0,1,1,1,1,1,1,0,1,1,1,1
2026-07-03T20:08:29.883,tof1,4x4,side_left,-1,-1,-1,-1,-1,-1,-1,-1,-1,528,405,360,-1,298,319,278,0,0,0,0,0,0,0,0,0,1,1,1,0,1,1,1
2026-07-03T20:08:29.891,tof2,4x4,side_left,3025,3267,-1,3295,-1,1498,2162,3554,1558,963,1623,-1,1057,814,974,1067,1,1,1,1,0,1,1,1,1,1,1,1,1,1,1,1
2026-07-03T20:08:30.052,tof1,4x4,side_left,-1,-1,-1,-1,-1,-1,438,-1,-1,530,405,359,-1,313,319,278,0,0,0,0,0,0,1,0,0,1,1,1,0,1,1,1
2026-07-03T20:08:30.076,tof2,4x4,side_left,-1,3239,3352,-1,-1,1443,-1,3542,1563,968,1559,-1,1063,818,968,1048,1,1,1,1,0,1,0,1,1,1,1,1,1,1,1,1
2026-07-03T20:08:30.523,tof1,4x4,side_left,-1,-1,-1,-1,-1,-1,-1,-1,-1,518,405,361,-1,311,326,276,0,0,0,0,0,0,0,0,0,1,1,1,0,1,1,1
2026-07-03T20:08:30.523,tof2,4x4,side_left,2961,3264,-1,3302,-1,1453,-1,3455,-1,978,1576,-1,1071,823,980,1052,1,1,1,1,0,1,0,1,0,1,1,0,1,1,1,1
2026-07-03T20:08:30.707,tof1,4x4,side_left,-1,-1,-1,-1,-1,-1,-1,-1,-1,517,401,359,-1,301,321,274,0,0,0,0,0,0,0,0,0,1,1,1,1,1,1,1
2026-07-03T20:08:30.708,tof2,4x4,side_left,3018,3244,-1,3356,-1,1480,-1,3553,1652,963,1602,-1,1059,820,-1,1042,1,1,0,1,0,1,0,1,1,1,1,0,1,1,1,1
2026-07-03T20:08:30.875,tof1,4x4,side_left,-1,-1,-1,-1,-1,-1,444,-1,-1,517,405,361,-1,299,321,273,0,0,0,0,0,0,1,0,0,1,1,1,0,1,1,1
2026-07-03T20:08:30.933,tof2,4x4,side_left,2936,3259,-1,3296,-1,1483,-1,3496,1735,970,1611,-1,-1,822,978,1065,1,1,0,1,0,1,0,1,1,1,1,0,1,1,1,1
2026-07-03T20:08:31.085,tof1,4x4,side_left,-1,-1,-1,-1,-1,-1,-1,-1,-1,515,400,359,-1,297,324,278,0,0,0,0,0,0,0,0,0,1,1,1,0,1,1,1
2026-07-03T20:08:31.167,tof2,4x4,side_left,3027,3268,-1,-1,-1,1474,2106,3464,1661,966,1583,-1,1060,817,-1,1046,1,1,1,1,0,1,1,1,1,1,1,0,1,1,1,1
2026-07-03T20:08:31.252,tof1,4x4,side_left,-1,-1,-1,-1,-1,-1,442,-1,-1,517,404,359,-1,312,316,274,0,0,0,0,0,0,1,0,0,1,1,1,0,1,1,1
2026-07-03T20:08:31.354,tof2,4x4,side_left,3054,3258,-1,3316,2125,1471,-1,3521,1580,953,1643,-1,1077,823,1064,1045,1,1,0,1,1,1,1,1,1,1,1,0,1,1,1,1
2026-07-03T20:08:31.419,tof1,4x4,side_left,-1,-1,-1,-1,-1,-1,-1,-1,-1,520,403,362,-1,299,318,275,0,0,0,0,0,0,0,0,0,1,1,1,0,1,1,1
2026-07-03T20:08:31.588,tof1,4x4,side_left,-1,-1,-1,-1,-1,-1,-1,-1,-1,517,405,359,-1,310,318,274,1,0,0,0,0,0,0,0,0,1,1,1,0,1,1,1
2026-07-03T20:08:31.516,tof2,4x4,side_left,3013,3244,-1,-1,-1,1487,-1,3564,-1,970,1557,1425,-1,822,-1,1048,1,1,0,1,0,1,0,1,1,1,1,1,1,1,1,1
2026-07-03T20:08:31.691,tof2,4x4,side_left,-1,3262,-1,3308,-1,1493,-1,3494,1670,967,1568,-1,-1,812,-1,1058,1,1,1,1,1,1,0,1,1,1,1,0,1,1,1,1
2026-07-03T20:08:31.767,tof1,4x4,side_left,-1,-1,-1,-1,-1,-1,444,-1,-1,511,403,359,-1,315,318,273,0,0,0,0,0,0,1,0,0,1,1,1,0,1,1,1
2026-07-03T20:08:31.938,tof1,4x4,side_left,-1,-1,-1,-1,-1,-1,-1,-1,-1,517,407,360,-1,315,318,277,0,0,0,0,0,0,0,0,0,1,1,1,1,1,1,1
2026-07-03T20:08:31.981,tof2,4x4,side_left,3018,3254,-1,3323,-1,1450,2220,3554,1464,960,1582,-1,1073,817,-1,1052,1,1,1,1,0,1,1,1,1,1,1,0,1,1,1,1
2026-07-03T20:08:32.102,tof1,4x4,side_left,-1,-1,-1,-1,-1,-1,-1,-1,-1,519,406,359,-1,315,321,276,0,0,0,0,0,0,0,0,0,1,1,1,1,1,1,1
2026-07-03T20:08:32.143,tof2,4x4,side_left,3017,3259,3386,3326,-1,1475,-1,3487,1572,968,1615,1342,1072,833,-1,1033,1,1,1,1,0,1,0,1,1,1,1,1,1,1,1,1
2026-07-03T20:08:32.268,tof1,4x4,side_left,-1,-1,-1,-1,-1,-1,-1,-1,-1,522,406,362,-1,314,319,280,1,0,0,0,0,0,0,0,0,1,1,1,0,1,1,1
2026-07-03T20:08:32.301,tof2,4x4,side_left,2988,3257,-1,3325,-1,1463,-1,3476,1648,971,1586,-1,1067,825,-1,1049,1,1,1,1,1,1,0,1,1,1,1,0,1,1,1,1
2026-07-03T20:08:32.445,tof1,4x4,side_left,-1,-1,-1,-1,-1,-1,-1,-1,-1,522,406,359,-1,297,324,275,0,0,0,0,0,0,0,0,0,1,1,1,0,1,1,1
2026-07-03T20:08:32.451,tof2,4x4,side_left,-1,3241,-1,3320,2167,1449,-1,3497,-1,972,1581,-1,1068,820,-1,1057,1,1,0,1,1,1,0,1,1,1,1,0,1,1,1,1
2026-07-03T20:08:32.613,tof1,4x4,side_left,-1,-1,-1,-1,-1,-1,-1,-1,-1,528,405,362,-1,309,320,277,0,0,0,0,0,0,0,0,0,1,1,1,0,1,1,1
2026-07-03T20:08:32.635,tof2,4x4,side_left,2920,3259,-1,3312,-1,1437,2179,3504,1699,973,1630,-1,1048,821,977,1046,1,1,0,1,0,1,1,1,1,1,1,0,1,1,1,1
2026-07-03T20:08:32.779,tof1,4x4,side_left,-1,-1,-1,-1,-1,441,440,-1,-1,524,410,362,-1,299,319,273,0,0,0,0,0,1,1,0,0,1,1,1,0,1,1,1
2026-07-03T20:08:32.813,tof2,4x4,side_left,3003,3256,-1,3286,2099,1502,-1,3481,-1,948,1578,-1,-1,829,990,1049,1,1,1,1,1,1,0,1,1,1,1,0,1,1,1,1
2026-07-03T20:08:32.981,tof1,4x4,side_left,-1,-1,-1,-1,-1,-1,-1,-1,-1,524,404,360,-1,296,318,278,0,0,0,0,0,0,0,0,0,1,1,1,0,1,1,1
2026-07-03T20:08:32.995,tof2,4x4,side_left,2948,3253,-1,3332,-1,1469,-1,3503,1527,965,1574,-1,-1,825,-1,1057,1,1,1,1,1,1,0,1,1,1,1,0,1,1,1,1
2026-07-03T20:08:33.143,tof1,4x4,side_left,-1,-1,-1,-1,-1,-1,-1,-1,-1,518,406,363,-1,301,323,275,0,0,0,0,0,0,0,0,0,1,1,1,0,1,1,1
2026-07-03T20:08:33.165,tof2,4x4,side_left,3044,3247,-1,3295,-1,1468,-1,3590,1583,965,1604,-1,1068,818,-1,1057,1,1,0,1,1,1,1,1,1,1,1,0,1,1,1,1
2026-07-03T20:08:33.317,tof1,4x4,side_left,-1,-1,-1,-1,-1,449,440,-1,-1,520,405,362,-1,291,317,275,0,0,0,0,0,1,1,0,0,1,1,1,0,1,1,1
2026-07-03T20:08:33.329,tof2,4x4,side_left,-1,3235,-1,3326,-1,1487,2142,3481,1604,973,1562,-1,1064,825,-1,1041,0,1,1,1,0,1,1,1,1,1,1,1,1,1,1,1
2026-07-03T20:08:33.503,tof1,4x4,side_left,-1,-1,-1,-1,-1,-1,-1,-1,-1,522,405,359,-1,289,320,281,0,0,0,0,1,0,0,0,0,1,1,1,0,1,1,1
2026-07-03T20:08:33.505,tof2,4x4,side_left,-1,3268,-1,3302,2089,1433,-1,3541,-1,955,1579,-1,-1,822,-1,1052,1,1,1,1,1,1,0,1,0,1,1,0,1,1,1,1
2026-07-03T20:08:33.655,tof1,4x4,side_left,-1,-1,-1,-1,-1,-1,-1,-1,-1,538,408,361,1079,299,315,281,0,0,0,0,0,0,0,0,0,1,1,1,1,1,1,1
2026-07-03T20:08:33.670,tof2,4x4,side_left,3038,3225,-1,3318,-1,1475,-1,3466,1669,960,1586,-1,1065,813,-1,1053,1,1,1,1,1,1,1,1,1,1,1,0,1,1,1,1
2026-07-03T20:08:33.855,tof1,4x4,side_left,-1,-1,-1,-1,-1,-1,-1,-1,-1,522,405,361,-1,300,318,279,0,0,0,0,0,0,0,0,0,1,1,1,0,1,1,1
2026-07-03T20:08:33.861,tof2,4x4,side_left,2979,3261,3259,3339,-1,1471,-1,3509,1611,961,1584,-1,1057,823,-1,1044,1,1,1,1,1,1,1,1,1,1,1,0,1,1,1,1
2026-07-03T20:08:34.021,tof1,4x4,side_left,-1,-1,-1,-1,-1,-1,442,-1,-1,519,405,362,-1,297,319,274,0,0,0,0,0,0,1,0,0,1,1,1,0,1,1,1
2026-07-03T20:08:34.050,tof2,4x4,side_left,3027,3250,-1,3326,2115,1542,-1,3575,1668,971,1593,-1,1058,828,952,1047,1,1,1,1,1,1,0,1,1,1,1,0,1,1,1,1
2026-07-03T20:08:34.191,tof1,4x4,side_left,-1,-1,-1,-1,-1,-1,455,-1,-1,509,407,362,-1,298,321,275,0,0,0,1,0,0,1,0,0,1,1,1,1,1,1,1
2026-07-03T20:08:34.231,tof2,4x4,side_left,2975,3276,-1,3303,-1,-1,2159,3511,1690,977,1585,-1,1057,829,-1,1061,1,1,0,1,0,0,1,1,1,1,1,0,1,1,1,1
2026-07-03T20:08:34.354,tof1,4x4,side_left,-1,-1,-1,-1,-1,-1,-1,-1,-1,516,405,360,-1,297,318,279,0,0,0,0,0,0,0,0,0,1,1,1,0,1,1,1
2026-07-03T20:08:34.414,tof2,4x4,side_left,3013,3284,-1,3292,-1,-1,-1,3570,1586,983,1571,-1,1063,817,-1,1059,1,1,0,1,0,0,0,1,1,1,1,0,1,1,1,1
2026-07-03T20:08:34.529,tof1,4x4,side_left,-1,-1,-1,-1,-1,-1,445,-1,-1,519,405,359,-1,311,321,277,0,0,0,0,0,0,1,0,0,1,1,1,0,1,1,1
2026-07-03T20:08:34.584,tof2,4x4,side_left,3029,3261,-1,3311,-1,-1,-1,3519,1589,965,1565,-1,1061,826,-1,1048,1,1,0,1,0,1,0,1,1,1,1,1,1,1,1,1
2026-07-03T20:08:34.778,tof2,4x4,side_left,2921,3266,-1,3301,-1,-1,2190,3521,1580,978,1653,-1,1059,824,973,1047,1,1,1,1,1,0,1,1,1,1,1,0,1,1,1,1
2026-07-03T20:08:34.993,tof2,4x4,side_left,3043,3247,-1,3380,-1,-1,-1,2783,-1,979,1612,-1,1070,818,947,1038,1,1,0,1,0,0,0,1,0,1,1,1,1,1,1,1
2026-07-03T20:08:35.165,tof2,4x4,side_left,2978,3273,-1,3306,-1,-1,-1,-1,1594,996,1579,-1,1049,821,-1,1045,1,1,0,1,0,0,1,1,1,1,1,0,1,1,1,1
2026-07-03T20:08:35.334,tof2,4x4,side_left,2949,3253,-1,3314,2089,-1,2170,2585,1534,957,1578,-1,1061,820,-1,1046,1,1,0,1,1,0,1,1,1,1,1,0,1,1,1,1
2026-07-03T20:08:35.487,tof2,4x4,side_left,2922,3246,-1,3321,-1,-1,-1,-1,-1,956,1574,-1,1063,823,-1,1050,1,1,0,1,0,0,0,1,0,1,1,0,1,1,1,1
2026-07-03T20:08:35.648,tof2,4x4,side_left,2965,3260,3354,3281,2210,-1,-1,2549,1561,973,1602,-1,1052,821,-1,1048,1,1,1,1,1,0,0,1,1,1,1,1,1,1,1,1
2026-07-03T20:08:35.805,tof2,4x4,side_left,-1,3255,3335,3264,-1,-1,2184,2492,1427,953,1645,-1,1066,816,959,1054,1,1,1,1,1,0,1,1,1,1,1,1,1,1,1,1
2026-07-03T20:08:35.964,tof2,4x4,side_left,3001,3248,-1,3335,-1,-1,2175,2516,-1,954,1538,-1,1055,819,-1,1048,1,1,0,1,1,1,1,1,0,1,1,1,1,1,1,1
2026-07-03T20:08:36.118,tof2,4x4,side_left,2983,3256,-1,3340,-1,-1,2134,2497,-1,1008,1615,-1,1060,814,962,1050,1,1,0,1,1,0,1,1,1,1,1,0,1,1,1,1
2026-07-03T20:08:36.281,tof2,4x4,side_left,-1,3257,-1,-1,-1,1458,2161,2517,1566,947,1600,-1,1051,820,-1,1049,0,1,0,1,0,1,1,1,1,1,1,0,1,1,1,1
2026-07-03T20:08:36.440,tof2,4x4,side_left,2985,3277,-1,3303,-1,1529,-1,2561,1201,975,1613,-1,1068,819,-1,1060,1,1,1,1,1,1,1,1,1,1,1,1,1,1,1,1
2026-07-03T20:08:36.601,tof2,4x4,side_left,-1,3240,-1,3287,2109,1488,-1,2565,1450,974,1596,-1,1058,823,-1,1049,1,1,1,1,1,1,1,1,1,1,1,1,1,1,1,1
2026-07-03T20:08:36.765,tof2,4x4,side_left,2957,3261,-1,3285,2114,1487,-1,2604,-1,986,1611,-1,1070,812,997,1049,1,1,0,1,1,1,0,1,1,1,1,1,1,1,1,1
2026-07-03T20:08:36.916,tof2,4x4,side_left,3000,3258,-1,3309,-1,1476,-1,2640,-1,994,1553,-1,1066,820,-1,-1,1,1,1,1,1,1,0,1,0,1,1,0,1,1,1,1
2026-07-03T20:08:37.097,tof2,4x4,side_left,2986,3256,-1,3293,-1,1477,2191,2654,1655,961,1572,-1,-1,823,964,1052,1,1,0,1,1,1,1,1,1,1,1,1,1,1,1,1
2026-07-03T20:08:37.257,tof2,4x4,side_left,2954,3246,3337,3291,-1,1478,-1,2691,1541,968,1610,-1,1064,813,-1,1052,1,1,1,1,1,1,0,1,1,1,1,1,1,1,1,1
2026-07-03T20:08:37.456,tof1,4x4,side_left,-1,-1,-1,-1,-1,-1,-1,-1,-1,510,408,360,-1,295,322,279,0,0,0,0,0,0,0,0,0,1,1,1,0,1,1,1
2026-07-03T20:08:37.426,tof2,4x4,side_left,3036,3258,-1,3305,-1,1472,-1,2726,1536,969,1587,-1,1066,823,972,1049,1,1,0,1,1,1,0,1,1,1,1,0,1,1,1,1
2026-07-03T20:08:37.628,tof1,4x4,side_left,-1,-1,-1,-1,-1,-1,444,-1,-1,518,405,362,-1,311,316,272,0,0,0,0,0,0,1,0,0,1,1,1,0,1,1,1
2026-07-03T20:08:37.627,tof2,4x4,side_left,-1,3261,-1,3335,-1,1500,-1,3441,1450,985,1571,-1,-1,822,961,1063,1,1,1,1,1,1,0,1,1,1,1,0,1,1,1,1
2026-07-03T20:08:37.820,tof1,4x4,side_left,-1,-1,-1,-1,-1,-1,443,-1,-1,523,407,361,-1,309,307,274,0,0,0,0,0,0,1,0,0,1,1,1,1,1,1,1
2026-07-03T20:08:37.821,tof2,4x4,side_left,2978,3257,-1,3342,-1,1435,-1,3518,-1,953,1571,-1,1054,822,-1,1054,1,1,1,1,0,1,0,1,1,1,1,1,1,1,1,1
2026-07-03T20:08:37.980,tof1,4x4,side_left,-1,-1,-1,-1,-1,-1,440,-1,-1,523,407,359,969,301,320,270,0,0,0,1,0,0,1,0,0,1,1,1,1,1,1,1
2026-07-03T20:08:38.025,tof2,4x4,side_left,3030,3255,-1,3281,-1,1492,-1,2754,1612,982,1596,-1,1057,812,-1,1051,1,1,0,1,0,1,0,1,1,1,1,0,1,1,1,1
2026-07-03T20:08:38.967,tof1,4x4,side_left,-1,-1,-1,-1,-1,-1,-1,-1,-1,515,407,362,-1,312,323,275,0,0,0,0,0,0,0,0,0,1,1,1,0,1,1,1
2026-07-03T20:08:38.976,tof2,4x4,side_left,3024,3242,-1,3299,2104,1490,-1,3470,1633,943,1588,-1,1044,811,-1,1040,1,1,0,1,1,1,0,1,1,1,1,0,1,1,1,1
2026-07-03T20:08:39.130,tof1,4x4,side_left,-1,-1,-1,-1,-1,-1,444,-1,-1,516,404,360,-1,300,321,276,0,0,0,0,0,0,1,0,0,1,1,1,1,1,1,1
2026-07-03T20:08:39.174,tof2,4x4,side_left,2994,3255,3301,3316,-1,1481,-1,2786,-1,972,1631,-1,-1,822,-1,1059,1,1,1,1,0,1,1,1,1,1,1,0,1,1,1,1
2026-07-03T20:08:39.289,tof1,4x4,side_left,-1,-1,-1,-1,-1,-1,-1,-1,-1,517,404,361,-1,299,318,278,0,0,0,0,0,0,0,0,0,1,1,1,0,1,1,1
2026-07-03T20:08:39.344,tof2,4x4,side_left,2984,3266,-1,3299,-1,1486,-1,3415,1511,977,1627,-1,1051,814,969,1056,1,1,0,1,0,1,1,1,1,1,1,1,1,1,1,1
2026-07-03T20:08:39.458,tof1,4x4,side_left,-1,-1,-1,-1,-1,-1,-1,-1,-1,520,406,361,1057,288,319,281,1,0,1,0,0,0,0,0,0,1,1,1,1,1,1,1
2026-07-03T20:08:39.565,tof2,4x4,side_left,3034,3267,-1,3310,-1,1462,2163,3463,1594,964,1596,-1,-1,820,-1,1054,1,1,1,1,1,1,1,1,1,1,1,0,1,1,1,1
2026-07-03T20:08:39.633,tof1,4x4,side_left,-1,-1,-1,-1,-1,-1,443,-1,-1,524,405,361,-1,316,320,276,0,0,0,0,0,0,1,0,0,1,1,1,0,1,1,1
2026-07-03T20:08:39.818,tof1,4x4,side_left,-1,-1,-1,-1,-1,-1,-1,-1,-1,526,406,361,-1,302,321,280,0,0,0,0,0,0,0,0,0,1,1,1,0,1,1,1
2026-07-03T20:08:39.738,tof2,4x4,side_left,2972,3262,-1,3336,-1,1474,2210,2783,1481,953,1623,-1,1054,824,-1,1054,1,1,0,1,0,1,1,1,1,1,1,0,1,1,1,1
2026-07-03T20:08:39.894,tof2,4x4,side_left,2936,3232,-1,3377,-1,1521,-1,2797,1517,973,1582,-1,-1,825,-1,1059,1,1,0,1,0,1,1,1,1,1,1,0,1,1,1,1
2026-07-03T20:08:39.979,tof1,4x4,side_left,-1,-1,-1,-1,-1,-1,-1,-1,-1,519,405,360,-1,290,319,279,0,0,0,0,0,0,0,0,0,1,1,1,0,1,1,1
2026-07-03T20:08:40.063,tof2,4x4,side_left,2919,3255,-1,3308,-1,1488,-1,3446,-1,980,1579,-1,1071,818,-1,1054,1,1,1,1,1,1,1,1,1,1,1,0,1,1,1,1
2026-07-03T20:08:40.146,tof1,4x4,side_left,-1,-1,-1,-1,-1,445,439,-1,-1,514,407,359,-1,297,318,274,0,0,0,0,0,1,1,0,0,1,1,1,0,1,1,1
2026-07-03T20:08:40.231,tof2,4x4,side_left,3011,3262,-1,3309,-1,1483,2174,3443,1607,979,1594,1290,1053,825,-1,1063,1,1,0,1,0,1,1,1,1,1,1,1,1,1,1,1
2026-07-03T20:08:40.341,tof1,4x4,side_left,-1,-1,-1,-1,-1,-1,446,-1,-1,523,404,362,-1,316,321,276,0,0,0,0,0,0,1,0,0,1,1,1,0,1,1,1
2026-07-03T20:08:40.393,tof2,4x4,side_left,3052,3283,3322,3350,-1,1443,2157,3476,1600,955,1609,-1,1067,805,-1,1047,1,1,1,1,1,1,1,1,1,1,1,0,1,1,1,1
2026-07-03T20:08:40.502,tof1,4x4,side_left,-1,-1,-1,-1,-1,-1,-1,-1,-1,516,404,358,-1,292,317,275,0,0,0,0,0,0,0,0,0,1,1,1,1,1,1,1
2026-07-03T20:08:40.565,tof2,4x4,side_left,2888,3237,-1,3352,-1,1474,-1,3426,1594,958,1618,-1,1050,820,985,1052,1,1,0,1,0,1,1,1,1,1,1,0,1,1,1,1
2026-07-03T20:08:40.664,tof1,4x4,side_left,-1,-1,-1,-1,-1,-1,427,-1,-1,517,407,358,-1,301,324,274,0,0,0,0,0,0,1,0,0,1,1,1,1,1,1,1
2026-07-03T20:08:40.725,tof2,4x4,side_left,2912,3242,-1,3280,-1,1442,-1,2812,-1,982,1624,-1,1059,826,-1,1048,1,1,0,1,1,1,0,1,1,1,1,1,1,1,1,1
2026-07-03T20:08:40.827,tof1,4x4,side_left,-1,-1,-1,-1,-1,-1,-1,-1,-1,527,403,360,-1,311,323,276,0,0,0,0,0,0,0,0,0,1,1,1,0,1,1,1
2026-07-03T20:08:40.909,tof2,4x4,side_left,3004,3256,-1,3336,-1,1446,2180,2799,-1,964,1643,-1,1061,824,-1,1050,1,1,1,1,0,1,1,1,1,1,1,0,1,1,1,1
2026-07-03T20:08:40.993,tof1,4x4,side_left,-1,-1,-1,-1,-1,444,438,-1,-1,525,402,361,-1,292,320,276,1,0,0,0,0,1,1,0,0,1,1,1,0,1,1,1
2026-07-03T20:08:41.079,tof2,4x4,side_left,2936,3262,-1,3296,-1,1526,2118,3532,1581,984,1550,-1,1054,821,1052,1051,1,1,0,1,0,1,1,1,1,1,1,0,1,1,1,1
2026-07-03T20:08:41.156,tof1,4x4,side_left,-1,-1,-1,-1,-1,-1,-1,-1,-1,517,404,362,-1,313,323,277,0,0,0,1,0,0,0,0,0,1,1,1,1,1,1,1
2026-07-03T20:08:41.250,tof2,4x4,side_left,2925,3251,-1,3255,-1,1486,2173,2788,1632,983,1615,-1,1049,826,-1,1052,1,1,0,1,0,1,1,1,1,1,1,0,1,1,1,1
2026-07-03T20:08:41.325,tof1,4x4,side_left,-1,-1,-1,-1,-1,-1,438,-1,-1,523,405,358,-1,296,321,275,0,0,0,1,0,0,1,0,0,1,1,1,0,1,1,1
2026-07-03T20:08:41.407,tof2,4x4,side_left,3029,3256,3364,3300,-1,1460,-1,2806,1692,983,1619,-1,-1,828,974,1042,1,1,1,1,0,1,0,1,1,1,1,0,1,1,1,1
2026-07-03T20:08:41.495,tof1,4x4,side_left,-1,-1,-1,-1,-1,-1,441,-1,-1,520,404,363,-1,315,316,274,0,0,0,0,0,0,1,0,0,1,1,1,0,1,1,1
2026-07-03T20:08:41.576,tof2,4x4,side_left,-1,3265,-1,-1,-1,1517,-1,3461,1513,960,1593,-1,-1,813,-1,1047,1,1,0,1,0,1,0,1,1,1,1,1,1,1,1,1
2026-07-03T20:08:41.665,tof1,4x4,side_left,-1,-1,-1,-1,-1,-1,442,-1,-1,511,406,361,-1,301,318,277,0,0,0,0,0,0,1,0,0,1,1,1,0,1,1,1
2026-07-03T20:08:41.724,tof2,4x4,side_left,3010,3254,-1,3307,-1,1468,-1,2841,1645,963,1604,-1,1056,813,-1,1051,1,1,0,1,0,1,0,1,1,1,1,0,1,1,1,1
2026-07-03T20:08:41.839,tof1,4x4,side_left,-1,-1,-1,-1,-1,-1,-1,-1,-1,518,406,362,-1,312,319,277,0,0,0,0,0,0,0,0,0,1,1,1,0,1,1,1
2026-07-03T20:08:41.889,tof2,4x4,side_left,-1,3249,-1,3303,-1,1483,-1,2787,1594,978,1595,-1,1056,821,976,1042,1,1,0,1,1,1,1,1,1,1,1,0,1,1,1,1
2026-07-03T20:08:42.007,tof1,4x4,side_left,-1,-1,-1,-1,-1,-1,-1,-1,-1,532,407,360,-1,297,322,279,0,0,0,0,0,0,0,0,0,1,1,1,0,1,1,1
2026-07-03T20:08:42.048,tof2,4x4,side_left,3001,3255,-1,3297,-1,1495,2132,2764,-1,971,1673,-1,1069,819,-1,1050,1,1,0,1,1,1,1,1,1,1,1,1,1,1,1,1
2026-07-03T20:08:42.167,tof1,4x4,side_left,-1,-1,-1,-1,-1,-1,-1,-1,-1,524,405,362,-1,312,320,276,0,0,0,0,0,0,0,0,0,1,1,1,0,1,1,1
2026-07-03T20:08:42.223,tof2,4x4,side_left,2932,3246,-1,3324,-1,1467,2186,2815,-1,954,1576,-1,1063,828,-1,1047,1,1,0,1,0,1,1,1,1,1,1,1,1,1,1,1
2026-07-03T20:08:42.333,tof1,4x4,side_left,-1,-1,-1,-1,-1,-1,-1,-1,-1,521,405,361,-1,297,318,276,0,0,0,0,0,0,0,0,0,1,1,1,0,1,1,1
2026-07-03T20:08:42.385,tof2,4x4,side_left,3050,3254,-1,3345,-1,1449,2218,3459,1619,986,1602,-1,-1,824,-1,1056,1,1,0,1,0,1,1,1,1,1,1,0,1,1,1,1
2026-07-03T20:08:42.489,tof1,4x4,side_left,-1,-1,-1,-1,-1,440,438,-1,-1,527,405,360,-1,298,322,275,0,0,0,0,0,1,1,0,0,1,1,1,0,1,1,1
2026-07-03T20:08:42.571,tof2,4x4,side_left,-1,3257,-1,3308,2143,1467,2230,3455,1619,960,1591,-1,1072,816,-1,1046,0,1,0,1,1,1,1,1,1,1,1,0,1,1,1,1
2026-07-03T20:08:42.677,tof1,4x4,side_left,-1,-1,-1,-1,-1,-1,-1,-1,-1,520,408,362,-1,297,318,274,0,0,0,0,0,0,0,0,0,1,1,1,1,1,1,1
2026-07-03T20:08:42.752,tof2,4x4,side_left,2983,3247,-1,3271,-1,1457,-1,3496,-1,952,1568,-1,1067,816,-1,1049,1,1,1,1,0,1,1,1,1,1,1,0,1,1,1,1
2026-07-03T20:08:42.836,tof1,4x4,side_left,-1,-1,-1,-1,-1,-1,442,-1,-1,510,407,364,-1,296,318,274,0,0,0,0,0,0,1,0,0,1,1,1,0,1,1,1
2026-07-03T20:08:42.913,tof2,4x4,side_left,3014,3255,-1,3309,-1,1472,-1,2802,1584,962,1606,-1,1067,814,963,1051,1,1,0,1,0,1,1,1,1,1,1,0,1,1,1,1
2026-07-03T20:08:42.998,tof1,4x4,side_left,-1,-1,-1,-1,-1,-1,-1,-1,-1,520,406,361,-1,299,324,277,1,0,0,0,0,0,0,0,0,1,1,1,0,1,1,1
2026-07-03T20:08:43.105,tof2,4x4,side_left,3027,3263,-1,3298,-1,1501,-1,3498,-1,962,1598,-1,1052,820,-1,1043,1,1,1,1,0,1,0,1,1,1,1,1,1,1,1,1
2026-07-03T20:08:43.159,tof1,4x4,side_left,-1,-1,-1,-1,-1,-1,-1,-1,-1,516,405,361,-1,312,319,277,0,0,0,1,0,0,0,1,0,1,1,1,0,1,1,1
2026-07-03T20:08:43.289,tof2,4x4,side_left,3032,3262,3307,3300,-1,1480,2147,2804,1646,943,1601,-1,1062,817,952,1039,1,1,1,1,0,1,1,1,1,1,1,0,1,1,1,1
2026-07-03T20:08:43.349,tof1,4x4,side_left,-1,-1,-1,-1,-1,-1,-1,-1,-1,523,407,361,-1,310,318,278,0,0,0,0,0,0,0,0,0,1,1,1,0,1,1,1
2026-07-03T20:08:43.458,tof2,4x4,side_left,-1,3255,-1,3316,-1,1444,2149,2807,-1,972,1677,-1,1072,817,-1,1038,1,1,0,1,1,1,1,1,1,1,1,0,1,1,1,1
2026-07-03T20:08:43.531,tof1,4x4,side_left,-1,-1,-1,-1,-1,441,436,-1,-1,528,407,361,-1,297,316,278,0,0,0,0,0,1,1,0,0,1,1,1,0,1,1,1
2026-07-03T20:08:43.634,tof2,4x4,side_left,3028,3257,-1,3322,-1,1479,-1,2800,1697,953,1656,-1,1068,821,-1,1051,1,1,1,1,0,1,0,1,1,1,1,0,1,1,1,1
2026-07-03T20:08:43.684,tof1,4x4,side_left,-1,-1,-1,-1,-1,-1,-1,-1,-1,525,405,361,-1,311,318,278,0,0,0,0,0,0,0,0,0,1,1,1,0,1,1,1
2026-07-03T20:08:43.852,tof1,4x4,side_left,-1,-1,-1,-1,-1,-1,-1,-1,-1,518,408,360,-1,302,318,277,0,0,0,0,0,0,0,0,0,1,1,1,0,1,1,1
2026-07-03T20:08:43.839,tof2,4x4,side_left,2951,3258,3345,3275,2159,1485,-1,2804,-1,959,1551,-1,1059,818,-1,1051,1,1,1,1,1,1,0,1,1,1,1,0,1,1,1,1
2026-07-03T20:08:44.023,tof1,4x4,side_left,-1,-1,-1,-1,-1,444,441,-1,-1,527,409,360,-1,298,317,273,0,0,0,0,0,1,1,0,0,1,1,1,0,1,1,1
2026-07-03T20:08:44.011,tof2,4x4,side_left,2892,3264,-1,3257,-1,1483,-1,2812,-1,947,1571,-1,1059,821,-1,1058,1,1,0,1,1,1,1,1,0,1,1,0,1,1,1,1
2026-07-03T20:08:44.189,tof1,4x4,side_left,-1,-1,-1,-1,-1,-1,-1,-1,-1,518,406,361,-1,307,322,277,0,0,0,0,0,0,0,0,0,1,1,1,0,1,1,1
2026-07-03T20:08:44.180,tof2,4x4,side_left,3030,3243,-1,3297,-1,1499,-1,2768,1611,950,1585,-1,1074,815,936,1048,1,1,0,1,0,1,0,1,1,1,1,0,1,1,1,1
2026-07-03T20:08:44.360,tof1,4x4,side_left,-1,-1,-1,-1,-1,441,450,-1,-1,519,406,360,-1,311,319,277,0,0,0,0,0,1,1,0,0,1,1,1,0,1,1,1
2026-07-03T20:08:44.350,tof2,4x4,side_left,3021,3241,-1,3324,-1,1467,2191,2816,1584,983,1581,-1,1074,826,-1,1052,1,1,0,1,1,1,1,1,1,1,1,0,1,1,1,1
2026-07-03T20:08:44.566,tof1,4x4,side_left,-1,-1,-1,-1,-1,-1,438,-1,-1,515,406,361,-1,297,314,272,0,0,0,0,0,0,1,0,0,1,1,1,0,1,1,1
2026-07-03T20:08:44.521,tof2,4x4,side_left,2936,3252,3283,3325,2155,-1,-1,2778,1523,984,1581,-1,1062,817,960,1046,1,1,1,1,1,0,1,1,1,1,1,0,1,1,1,1
2026-07-03T20:08:44.731,tof1,4x4,side_left,-1,-1,-1,-1,-1,-1,448,-1,-1,522,404,362,-1,316,324,273,0,0,0,0,0,0,1,0,0,1,1,1,0,1,1,1
2026-07-03T20:08:44.688,tof2,4x4,side_left,-1,3270,3307,3324,-1,-1,-1,2838,-1,979,1624,-1,1050,830,-1,1060,0,1,1,1,0,0,0,1,1,1,1,0,1,1,1,1
2026-07-03T20:08:44.890,tof1,4x4,side_left,-1,-1,-1,-1,-1,434,439,-1,-1,518,407,363,-1,312,323,276,0,0,0,0,0,1,1,0,0,1,1,1,0,1,1,1
2026-07-03T20:08:44.882,tof2,4x4,side_left,2963,3256,3260,3328,-1,-1,-1,3456,1622,975,1567,-1,1069,817,965,1053,1,1,1,1,0,0,0,1,1,1,1,0,1,1,1,1
2026-07-03T20:08:45.094,tof2,4x4,side_left,-1,3262,-1,3312,2100,-1,2223,2808,-1,956,1585,-1,1069,822,951,1057,1,1,0,1,1,1,1,1,1,1,1,0,1,1,1,1
2026-07-03T20:08:45.106,tof1,4x4,side_left,-1,-1,-1,-1,-1,-1,433,-1,-1,535,403,357,428,312,324,274,0,0,0,0,0,0,1,0,0,1,1,1,1,1,1,1
2026-07-03T20:08:45.279,tof1,4x4,side_left,-1,-1,-1,-1,-1,444,457,-1,-1,522,406,361,-1,309,322,279,0,0,0,0,0,1,1,0,0,1,1,1,0,1,1,1
2026-07-03T20:08:45.263,tof2,4x4,side_left,3013,3235,-1,3322,2130,-1,-1,2807,-1,957,1473,-1,1068,825,970,1059,1,1,0,1,1,1,1,1,0,1,1,0,1,1,1,1
2026-07-03T20:08:45.455,tof1,4x4,side_left,-1,-1,-1,-1,-1,-1,441,-1,-1,516,404,359,-1,311,321,277,0,0,0,0,0,0,1,0,0,1,1,1,0,1,1,1
2026-07-03T20:08:45.425,tof2,4x4,side_left,-1,3262,-1,3342,-1,-1,-1,2779,-1,979,1562,-1,-1,820,-1,1052,1,1,1,1,0,1,1,1,0,1,1,0,1,1,1,1
2026-07-03T20:08:45.648,tof1,4x4,side_left,-1,-1,-1,-1,-1,-1,-1,-1,-1,518,406,361,-1,312,318,279,0,0,0,0,0,0,0,0,0,1,1,1,1,1,1,1
2026-07-03T20:08:45.605,tof2,4x4,side_left,3022,3274,-1,3279,2054,-1,-1,3402,-1,972,1616,-1,1054,823,1082,1061,1,1,1,1,1,0,1,1,0,1,1,0,1,1,1,1
2026-07-03T20:08:45.820,tof2,4x4,side_left,2964,3244,-1,3313,-1,-1,-1,2780,-1,959,1555,-1,1057,825,-1,1058,1,1,0,1,0,0,0,1,1,1,1,0,1,1,1,1
2026-07-03T20:08:45.870,tof1,4x4,side_left,-1,-1,-1,-1,-1,-1,437,-1,-1,524,404,360,-1,312,321,273,0,0,0,0,0,0,1,0,0,1,1,1,0,1,1,1
2026-07-03T20:08:46.001,tof2,4x4,side_left,-1,3263,3298,3301,-1,-1,2134,2796,-1,969,1620,-1,-1,814,964,1060,1,1,1,1,0,1,1,1,1,1,1,0,1,1,1,1
2026-07-03T20:08:46.051,tof1,4x4,side_left,-1,-1,-1,-1,-1,-1,451,-1,-1,521,405,359,-1,295,325,276,0,0,0,1,0,0,1,0,0,1,1,1,0,1,1,1
2026-07-03T20:08:46.185,tof2,4x4,side_left,2996,3270,-1,3313,-1,-1,2197,3458,1443,971,1534,-1,1055,818,-1,1040,1,1,0,1,0,0,1,1,1,1,1,1,1,1,1,1
2026-07-03T20:08:46.235,tof1,4x4,side_left,-1,-1,-1,-1,-1,452,445,-1,-1,517,404,362,-1,311,322,276,0,0,0,0,0,1,1,0,0,1,1,1,0,1,1,1
2026-07-03T20:08:46.407,tof1,4x4,side_left,-1,-1,-1,-1,-1,443,442,-1,-1,524,403,360,-1,300,319,278,0,0,0,0,0,1,1,0,0,1,1,1,0,1,1,1
2026-07-03T20:08:46.367,tof2,4x4,side_left,2990,3259,-1,3281,-1,-1,-1,2809,-1,1000,1625,-1,1065,819,-1,1059,1,1,0,1,0,0,0,1,1,1,1,1,1,1,1,1
2026-07-03T20:08:46.563,tof2,4x4,side_left,-1,3236,-1,3300,-1,1477,2140,2781,-1,959,1531,-1,1037,815,-1,1046,0,1,0,1,0,1,1,1,0,1,1,0,1,1,1,1
2026-07-03T20:08:46.616,tof1,4x4,side_left,-1,-1,-1,-1,-1,-1,437,-1,-1,520,405,362,-1,314,322,277,0,0,0,0,0,0,1,0,0,1,1,1,1,1,1,1
2026-07-03T20:08:46.745,tof2,4x4,side_left,3027,3263,-1,3348,2131,1470,-1,2786,-1,964,1536,-1,1066,823,-1,1055,1,1,0,1,1,1,0,1,0,1,1,1,1,1,1,1
2026-07-03T20:08:46.779,tof1,4x4,side_left,-1,-1,-1,-1,-1,-1,441,-1,-1,513,407,359,-1,312,322,277,0,0,0,0,0,0,1,0,0,1,1,1,0,1,1,1
2026-07-03T20:08:46.965,tof1,4x4,side_left,-1,-1,-1,-1,-1,-1,-1,-1,-1,523,409,359,-1,314,318,278,0,0,0,0,0,0,0,0,0,1,1,1,1,1,1,1
2026-07-03T20:08:46.948,tof2,4x4,side_left,2918,3244,-1,3311,2190,1473,2207,3483,1642,965,1611,-1,1078,823,-1,1043,1,1,0,1,1,1,1,1,1,1,1,0,1,1,1,1
2026-07-03T20:08:47.109,tof2,4x4,side_left,3028,3257,3309,3302,2215,1501,2221,2776,1650,996,1579,-1,1057,825,-1,1049,1,1,1,1,1,1,1,1,1,1,1,0,1,1,1,1
2026-07-03T20:08:47.432,tof2,4x4,side_left,3024,3269,-1,3351,-1,1463,2138,3472,1619,965,1603,-1,1070,820,-1,1041,1,1,1,1,0,1,1,1,1,1,1,0,1,1,1,1
2026-07-03T20:08:47.519,tof1,4x4,side_left,-1,-1,-1,-1,-1,-1,-1,-1,-1,523,406,361,-1,300,322,275,0,0,0,0,0,0,0,0,0,1,1,1,0,1,1,1
2026-07-03T20:08:47.684,tof1,4x4,side_left,-1,-1,-1,-1,-1,-1,436,-1,-1,521,405,360,-1,301,318,273,0,0,0,0,0,0,1,0,0,1,1,1,1,1,1,1
2026-07-03T20:08:47.875,tof1,4x4,side_left,-1,-1,-1,-1,-1,-1,444,-1,-1,511,406,363,-1,310,316,277,0,0,0,0,0,0,1,0,0,1,1,1,0,1,1,1
2026-07-03T20:08:48.047,tof1,4x4,side_left,-1,-1,-1,-1,-1,-1,-1,-1,-1,526,408,362,-1,299,316,274,0,0,0,0,0,0,0,0,0,1,1,1,0,1,1,1
2026-07-03T20:08:48.001,tof2,4x4,side_left,3017,3241,-1,3323,-1,1481,-1,3459,-1,977,1574,2904,1071,821,-1,1051,1,1,0,1,1,1,0,1,0,1,1,1,1,1,1,1
2026-07-03T20:08:48.201,tof1,4x4,side_left,-1,-1,-1,-1,-1,-1,-1,-1,-1,517,406,361,-1,302,322,277,0,0,0,0,0,0,0,0,0,1,1,1,0,1,1,1
2026-07-03T20:08:48.174,tof2,4x4,side_left,3041,3260,-1,3310,2108,1494,2220,3474,1613,964,1495,-1,1059,821,-1,1053,1,1,0,1,1,1,1,1,1,1,1,0,1,1,1,1
2026-07-03T20:08:48.326,tof2,4x4,side_left,3016,3270,-1,3345,-1,1470,-1,3508,1579,968,1618,-1,1070,826,967,1055,1,1,0,1,0,1,0,1,1,1,1,0,1,1,1,1
2026-07-03T20:08:48.364,tof1,4x4,side_left,-1,-1,-1,-1,-1,429,442,-1,-1,522,407,362,-1,297,319,274,0,0,0,0,0,1,1,0,0,1,1,1,1,1,1,1
2026-07-03T20:08:48.483,tof2,4x4,side_left,2921,3256,-1,3310,2091,1488,-1,3492,1636,954,1592,-1,1056,827,-1,1049,1,1,1,1,1,1,0,1,1,1,1,0,1,1,1,1
2026-07-03T20:08:48.523,tof1,4x4,side_left,-1,-1,-1,-1,-1,439,438,-1,-1,515,403,360,-1,309,313,276,0,0,0,0,0,1,1,0,0,1,1,1,0,1,1,1
2026-07-03T20:08:48.643,tof2,4x4,side_left,3049,3247,-1,3289,-1,-1,-1,3499,1534,957,1541,-1,-1,820,-1,1041,1,1,1,1,0,1,0,1,1,1,1,0,1,1,1,1
2026-07-03T20:08:48.681,tof1,4x4,side_left,-1,-1,-1,-1,-1,-1,-1,-1,-1,514,405,358,-1,311,324,277,0,0,0,0,0,0,0,0,0,1,1,1,1,1,1,1
2026-07-03T20:08:48.789,tof2,4x4,side_left,3012,3257,-1,3337,-1,1480,2183,3512,-1,953,1578,-1,1065,821,-1,1058,1,1,0,1,0,1,1,1,0,1,1,1,1,1,1,1
2026-07-03T20:08:48.852,tof1,4x4,side_left,-1,-1,-1,-1,-1,-1,-1,-1,-1,514,405,360,-1,314,316,275,0,0,0,0,0,0,0,0,0,1,1,1,0,1,1,1
2026-07-03T20:08:48.986,tof2,4x4,side_left,3033,3267,-1,3326,2134,1473,2203,3514,-1,982,1600,-1,1062,822,-1,1039,1,1,1,1,1,1,1,1,0,1,1,0,1,1,1,1
2026-07-03T20:08:49.012,tof1,4x4,side_left,-1,-1,-1,-1,-1,-1,437,-1,-1,513,408,360,-1,300,315,271,0,0,0,0,0,0,1,0,0,1,1,1,1,1,1,1
2026-07-03T20:08:49.153,tof2,4x4,side_left,3042,3253,3281,3311,-1,1497,-1,3468,-1,960,1563,-1,1065,821,-1,1053,1,1,1,1,0,1,1,1,1,1,1,0,1,1,1,1
2026-07-03T20:08:49.176,tof1,4x4,side_left,-1,-1,-1,-1,-1,-1,-1,-1,-1,514,406,360,-1,310,318,277,0,0,0,0,0,0,0,0,0,1,1,1,0,1,1,1
2026-07-03T20:08:49.306,tof2,4x4,side_left,-1,3253,-1,3325,2105,1438,2082,3514,-1,970,1574,-1,1051,823,-1,1053,1,1,0,1,1,1,1,1,1,1,1,1,1,1,1,1
2026-07-03T20:08:49.337,tof1,4x4,side_left,-1,-1,-1,-1,-1,440,437,-1,-1,515,403,359,-1,311,320,274,1,0,0,0,1,1,1,0,0,1,1,1,0,1,1,1
2026-07-03T20:08:49.487,tof2,4x4,side_left,-1,3261,-1,3291,-1,1480,-1,3527,1584,967,1537,-1,1058,821,-1,1051,0,1,1,1,1,1,1,1,1,1,1,0,1,1,1,1
2026-07-03T20:08:49.527,tof1,4x4,side_left,-1,-1,-1,-1,-1,-1,441,-1,-1,517,407,361,-1,313,322,276,0,0,0,0,0,0,1,0,0,1,1,1,1,1,1,1
2026-07-03T20:08:49.640,tof2,4x4,side_left,-1,3264,-1,3312,-1,1457,-1,3466,1606,984,1559,-1,1072,825,-1,1037,0,1,0,1,0,1,0,1,1,1,1,1,1,1,1,1
2026-07-03T20:08:49.685,tof1,4x4,side_left,-1,-1,-1,-1,-1,432,437,-1,-1,528,405,361,-1,311,323,275,0,0,0,0,0,1,1,0,0,1,1,1,0,1,1,1
2026-07-03T20:08:49.848,tof1,4x4,side_left,-1,-1,-1,-1,-1,-1,447,-1,-1,514,405,361,-1,298,319,275,0,0,0,0,0,0,1,0,0,1,1,1,0,1,1,1
2026-07-03T20:08:49.800,tof2,4x4,side_left,3003,3253,-1,3322,2076,1458,2185,2836,1696,968,1618,-1,1070,822,961,1056,1,1,1,1,1,1,1,1,1,1,1,0,1,1,1,1
2026-07-03T20:08:50.020,tof1,4x4,side_left,-1,-1,-1,-1,-1,-1,-1,-1,-1,514,405,359,-1,316,322,273,0,0,0,0,0,0,0,0,0,1,1,1,0,1,1,1
2026-07-03T20:08:49.957,tof2,4x4,side_left,-1,3258,-1,3308,-1,1464,2147,3573,-1,975,1560,-1,-1,827,-1,1043,1,1,0,1,1,1,1,1,0,1,1,0,1,1,1,1
2026-07-03T20:08:50.123,tof2,4x4,side_left,3029,3257,-1,3273,2091,1440,-1,3493,-1,987,1536,-1,1055,840,-1,1050,1,1,0,1,1,1,0,1,1,1,1,0,1,1,1,1
2026-07-03T20:08:50.182,tof1,4x4,side_left,-1,-1,-1,-1,-1,-1,-1,-1,-1,522,405,362,-1,296,318,272,0,0,0,0,0,0,0,0,0,1,1,1,0,1,1,1
2026-07-03T20:08:50.284,tof2,4x4,side_left,-1,3258,-1,3323,2094,1483,2129,3518,-1,964,1580,-1,1063,821,-1,1047,0,1,1,1,1,1,1,1,0,1,1,0,1,1,1,1
2026-07-03T20:08:50.341,tof1,4x4,side_left,-1,-1,-1,-1,-1,-1,434,-1,-1,519,405,358,-1,303,319,275,0,0,0,0,0,0,1,0,0,1,1,1,0,1,1,1
2026-07-03T20:08:50.449,tof2,4x4,side_left,2986,3272,-1,3328,-1,1477,2195,2824,1593,955,1611,-1,1058,823,-1,1050,1,1,1,1,0,1,1,1,1,1,1,0,1,1,1,1
2026-07-03T20:08:50.508,tof1,4x4,side_left,-1,-1,-1,-1,-1,-1,-1,-1,-1,512,406,359,-1,301,327,278,0,0,0,0,0,0,0,0,0,1,1,1,0,1,1,1
2026-07-03T20:08:50.615,tof2,4x4,side_left,3025,3262,-1,3259,-1,1493,-1,2806,1660,942,1571,-1,1061,820,965,1053,1,1,0,1,0,1,0,1,1,1,1,1,1,1,1,1
2026-07-03T20:08:50.676,tof1,4x4,side_left,-1,-1,-1,-1,-1,-1,-1,-1,-1,519,405,362,1123,320,319,278,0,0,0,0,0,0,0,0,0,1,1,1,1,1,1,1
2026-07-03T20:08:50.775,tof2,4x4,side_left,2905,3259,-1,3267,-1,1461,2158,3466,1557,981,1577,-1,-1,814,968,1050,1,1,0,1,1,1,1,1,1,1,1,0,1,1,1,1
2026-07-03T20:08:50.837,tof1,4x4,side_left,-1,-1,-1,-1,-1,-1,444,-1,-1,519,408,360,-1,297,320,273,1,0,0,0,0,0,1,0,0,1,1,1,0,1,1,1
2026-07-03T20:08:51.002,tof1,4x4,side_left,-1,-1,-1,-1,-1,-1,-1,-1,-1,521,405,363,-1,313,324,277,0,0,0,0,0,0,0,0,0,1,1,1,0,1,1,1
2026-07-03T20:08:50.951,tof2,4x4,side_left,3024,3257,-1,3304,2112,1491,2152,2822,-1,957,1538,-1,1080,829,963,1043,1,1,0,1,1,1,1,1,0,1,1,0,1,1,1,1
2026-07-03T20:08:51.111,tof2,4x4,side_left,2978,3262,-1,3304,-1,1467,2214,2795,1388,998,1629,-1,-1,833,981,1050,1,1,1,1,1,1,1,1,1,1,1,0,1,1,1,1
2026-07-03T20:08:51.159,tof1,4x4,side_left,-1,-1,-1,-1,-1,-1,-1,-1,-1,525,408,358,-1,298,327,272,1,0,0,0,0,0,0,0,0,1,1,1,1,1,1,1
2026-07-03T20:08:51.519,tof1,4x4,side_left,-1,-1,-1,-1,-1,-1,-1,-1,-1,522,404,363,-1,314,321,273,0,0,0,0,0,0,0,0,0,1,1,1,0,1,1,1
2026-07-03T20:08:51.733,tof2,4x4,side_left,3005,3268,-1,3305,-1,1484,2133,2823,1609,994,1574,-1,1063,815,-1,1050,1,1,0,1,0,1,1,1,1,1,1,1,1,1,1,1
2026-07-03T20:08:51.943,tof1,4x4,side_left,-1,-1,-1,-1,-1,-1,-1,-1,-1,527,405,362,-1,313,319,279,0,0,0,0,0,0,0,0,0,1,1,1,0,1,1,1
2026-07-03T20:08:52.000,tof2,4x4,side_left,2981,3245,-1,3292,-1,1480,2158,3460,-1,958,1588,-1,1059,821,1002,1052,1,1,0,1,0,1,1,1,1,1,1,0,1,1,1,1
2026-07-03T20:08:52.100,tof1,4x4,side_left,-1,-1,-1,-1,-1,-1,-1,-1,-1,521,407,363,-1,298,318,277,0,0,0,1,0,0,0,0,0,1,1,1,1,1,1,1
2026-07-03T20:08:52.164,tof2,4x4,side_left,2964,3265,-1,3305,2172,1488,-1,2816,1579,959,1565,-1,-1,820,958,1043,1,1,0,1,1,1,0,1,1,1,1,0,1,1,1,1
2026-07-03T20:08:52.266,tof1,4x4,side_left,-1,-1,-1,-1,-1,-1,-1,-1,-1,513,408,360,-1,319,323,277,0,0,0,0,0,0,0,0,0,1,1,1,0,1,1,1
2026-07-03T20:08:52.332,tof2,4x4,side_left,-1,3264,-1,3280,-1,1501,2165,2902,1552,969,1582,-1,1067,822,-1,1054,1,1,1,1,1,1,1,1,1,1,1,0,1,1,1,1
2026-07-03T20:08:52.434,tof1,4x4,side_left,-1,-1,-1,-1,-1,436,442,-1,-1,529,410,359,-1,311,319,276,0,0,0,0,0,1,1,0,0,1,1,1,0,1,1,1
2026-07-03T20:08:52.590,tof1,4x4,side_left,-1,-1,-1,-1,-1,-1,-1,-1,-1,519,406,362,-1,297,326,277,0,0,0,1,0,0,0,0,0,1,1,1,0,1,1,1
2026-07-03T20:08:52.490,tof2,4x4,side_left,-1,3270,-1,3291,-1,-1,-1,3445,-1,971,1619,-1,1063,815,962,1048,1,1,0,1,0,1,0,1,0,1,1,1,1,1,1,1
2026-07-03T20:08:52.653,tof2,4x4,side_left,3074,3269,-1,3290,-1,1483,2222,3427,-1,985,1574,-1,1061,826,962,1051,1,1,0,1,0,1,1,1,1,1,1,0,1,1,1,1
2026-07-03T20:08:52.740,tof1,4x4,side_left,-1,-1,-1,-1,-1,-1,-1,-1,-1,521,408,363,-1,313,321,278,0,0,0,0,0,0,0,0,0,1,1,1,0,1,1,1
2026-07-03T20:08:53.026,tof1,4x4,side_left,-1,-1,-1,-1,-1,-1,-1,-1,-1,518,409,361,-1,300,319,280,0,0,0,0,0,0,0,0,0,1,1,1,0,1,1,1
2026-07-03T20:08:53.112,tof2,4x4,side_left,2999,3254,-1,3344,-1,1474,-1,3480,1576,969,1559,-1,-1,822,-1,1055,1,1,0,1,0,1,1,1,1,1,1,0,1,1,1,1
2026-07-03T20:08:53.214,tof1,4x4,side_left,-1,-1,-1,-1,-1,-1,-1,-1,-1,520,404,362,-1,315,321,278,1,0,0,0,0,0,0,0,0,1,1,1,0,1,1,1
2026-07-03T20:08:53.290,tof2,4x4,side_left,3000,3250,-1,3270,-1,1471,-1,3443,-1,980,1611,-1,-1,822,1061,1039,1,1,0,1,1,1,0,1,1,1,1,0,1,1,1,1
2026-07-03T20:08:53.374,tof1,4x4,side_left,-1,-1,-1,-1,-1,-1,434,-1,-1,523,404,362,-1,300,317,275,0,0,0,0,0,0,1,0,0,1,1,1,0,1,1,1
2026-07-03T20:08:53.454,tof2,4x4,side_left,2964,3261,-1,3335,-1,1468,-1,2863,1611,959,1586,-1,-1,822,969,1039,1,1,1,1,0,1,0,1,1,1,1,1,1,1,1,1
2026-07-03T20:08:53.533,tof1,4x4,side_left,-1,-1,-1,-1,-1,-1,444,-1,-1,522,403,360,-1,314,323,272,0,0,0,0,0,0,1,0,0,1,1,1,0,1,1,1
2026-07-03T20:08:53.613,tof2,4x4,side_left,2989,3240,-1,3329,-1,1469,-1,2796,-1,955,1567,-1,1062,816,-1,1059,1,1,1,1,1,1,0,1,1,1,1,0,1,1,1,1
2026-07-03T20:08:53.702,tof1,4x4,side_left,-1,-1,-1,-1,-1,-1,-1,-1,-1,521,402,360,-1,314,319,279,0,0,0,0,0,0,0,0,0,1,1,1,0,1,1,1
2026-07-03T20:08:53.779,tof2,4x4,side_left,-1,3245,-1,3299,-1,1448,-1,2815,1656,953,1538,-1,-1,821,-1,1044,1,1,1,1,0,1,0,1,1,1,1,0,1,1,1,1
2026-07-03T20:08:53.868,tof1,4x4,side_left,-1,-1,-1,-1,-1,-1,-1,-1,-1,517,404,358,-1,311,318,273,0,0,0,0,0,0,0,0,0,1,1,1,0,1,1,1
2026-07-03T20:08:53.949,tof2,4x4,side_left,-1,3260,-1,3312,-1,1457,-1,2845,1565,976,1567,-1,1079,821,983,1053,0,1,1,1,0,1,1,1,1,1,1,0,1,1,1,1
2026-07-03T20:08:54.020,tof1,4x4,side_left,-1,-1,-1,-1,-1,-1,436,-1,-1,506,405,359,-1,316,321,274,0,0,0,0,0,0,1,0,0,1,1,1,1,1,1,1
2026-07-03T20:08:54.099,tof2,4x4,side_left,2981,3251,-1,3267,-1,1447,-1,2785,1464,964,1563,-1,1071,822,-1,1031,1,1,0,1,0,1,0,1,1,1,1,0,1,1,1,1
2026-07-03T20:08:54.186,tof1,4x4,side_left,-1,-1,-1,-1,-1,-1,-1,-1,-1,511,403,360,-1,315,323,277,0,0,0,0,0,0,0,0,0,1,1,1,0,1,1,1
2026-07-03T20:08:54.264,tof2,4x4,side_left,2970,3240,-1,3295,-1,1468,-1,3533,1501,953,1612,-1,-1,819,-1,1054,1,1,1,1,0,1,1,1,1,1,1,0,1,1,1,1
2026-07-03T20:08:54.361,tof1,4x4,side_left,-1,-1,-1,-1,-1,-1,443,-1,-1,511,402,360,-1,316,320,277,0,0,0,0,0,0,1,0,0,1,1,1,1,1,1,1
2026-07-03T20:08:54.425,tof2,4x4,side_left,3029,3260,-1,3312,-1,1451,2138,2822,-1,979,1576,-1,1054,817,-1,1051,1,1,0,1,1,1,1,1,1,1,1,0,1,1,1,1
2026-07-03T20:08:54.513,tof1,4x4,side_left,-1,-1,-1,-1,-1,-1,-1,-1,-1,509,401,361,-1,316,321,275,0,0,0,0,0,0,0,0,0,1,1,1,1,1,1,1
2026-07-03T20:08:54.587,tof2,4x4,side_left,2988,3266,-1,3318,-1,1462,2212,3459,1619,951,1591,-1,1061,821,957,1059,1,1,1,1,1,1,1,1,1,1,1,0,1,1,1,1
2026-07-03T20:08:54.670,tof1,4x4,side_left,-1,-1,-1,-1,-1,-1,446,-1,-1,522,402,360,-1,314,324,276,0,0,0,0,0,0,1,0,0,1,1,1,1,1,1,1
2026-07-03T20:08:54.751,tof2,4x4,side_left,-1,3255,-1,3338,-1,1493,-1,2851,1743,977,1613,-1,1056,826,-1,1046,1,1,0,1,0,1,1,1,1,1,1,0,1,1,1,1
2026-07-03T20:08:54.823,tof1,4x4,side_left,-1,-1,-1,-1,-1,-1,438,-1,-1,516,401,357,-1,313,318,279,0,0,0,0,0,0,1,0,0,1,1,1,0,1,1,1
2026-07-03T20:08:54.907,tof2,4x4,side_left,2971,3240,-1,3322,2152,-1,2188,2845,1734,956,1574,-1,1060,814,973,1033,1,1,0,1,1,1,1,1,1,1,1,0,1,1,1,1
2026-07-03T20:08:54.983,tof1,4x4,side_left,-1,-1,-1,-1,-1,-1,-1,-1,-1,519,404,359,-1,314,324,279,0,0,0,0,0,0,0,0,0,1,1,1,0,1,1,1
2026-07-03T20:08:55.069,tof2,4x4,side_left,-1,3249,-1,3306,2179,-1,-1,3463,1673,963,1577,1342,1065,823,1057,1058,0,1,1,1,1,0,0,1,1,1,1,1,1,1,1,1
2026-07-03T20:08:55.180,tof1,4x4,side_left,-1,-1,-1,-1,-1,-1,-1,-1,-1,520,406,361,-1,314,318,278,0,0,0,0,0,0,0,0,0,1,1,1,0,1,1,1
2026-07-03T20:08:55.245,tof2,4x4,side_left,3041,3255,-1,3270,-1,-1,-1,3529,1632,962,1615,-1,1053,820,-1,1034,1,1,0,1,0,0,1,1,1,1,1,0,1,1,1,1
2026-07-03T20:08:55.337,tof1,4x4,side_left,-1,-1,-1,-1,-1,-1,443,-1,-1,519,404,360,-1,311,322,280,0,0,0,0,0,0,1,0,0,1,1,1,1,1,1,1
2026-07-03T20:08:55.413,tof2,4x4,side_left,2959,3278,-1,3297,-1,-1,-1,3500,-1,960,1564,-1,1064,827,962,1042,1,1,0,1,0,1,0,1,0,1,1,0,1,1,1,1
2026-07-03T20:08:55.515,tof1,4x4,side_left,-1,-1,-1,2301,-1,-1,438,-1,-1,522,403,365,-1,299,319,275,0,0,0,1,0,0,1,0,0,1,1,1,0,1,1,1
2026-07-03T20:08:55.571,tof2,4x4,side_left,2959,3250,-1,3309,-1,-1,-1,3464,1570,944,1634,-1,1056,825,-1,1046,1,1,1,1,0,0,0,1,1,1,1,0,1,1,1,1
2026-07-03T20:08:55.694,tof1,4x4,side_left,-1,-1,-1,-1,-1,450,-1,-1,-1,514,403,362,-1,309,323,277,0,0,0,0,0,1,0,0,0,1,1,1,0,1,1,1
2026-07-03T20:08:55.737,tof2,4x4,side_left,3035,3260,-1,3318,2172,-1,-1,2799,1670,956,1610,-1,1073,829,-1,1064,1,1,0,1,1,0,0,1,1,1,1,0,1,1,1,1
2026-07-03T20:08:55.855,tof1,4x4,side_left,-1,-1,-1,-1,-1,-1,445,-1,-1,508,408,362,-1,290,321,274,0,0,0,0,0,0,1,0,0,1,1,1,0,1,1,1
2026-07-03T20:08:55.903,tof2,4x4,side_left,2931,3253,3329,3343,2240,-1,2164,3500,1516,975,1585,-1,1066,815,-1,1054,1,1,1,1,1,0,1,1,1,1,1,1,1,1,1,1
2026-07-03T20:08:56.013,tof1,4x4,side_left,-1,-1,-1,-1,-1,475,441,-1,-1,513,406,361,-1,318,314,277,0,0,0,0,0,1,1,0,0,1,1,1,0,1,1,1
2026-07-03T20:08:56.063,tof2,4x4,side_left,2984,3241,-1,3306,-1,-1,2170,2796,1620,978,1562,-1,1049,824,-1,1038,1,1,0,1,1,0,1,1,1,1,1,0,1,1,1,1
2026-07-03T20:08:56.187,tof1,4x4,side_left,-1,-1,-1,-1,-1,-1,-1,-1,-1,521,405,361,-1,300,321,279,0,0,0,0,0,0,0,0,0,1,1,1,0,1,1,1
2026-07-03T20:08:56.227,tof2,4x4,side_left,2990,3258,-1,-1,-1,-1,-1,2872,1679,966,1575,-1,1050,818,1038,1064,1,1,0,1,0,0,0,1,1,1,1,0,1,1,1,1
2026-07-03T20:08:56.347,tof1,4x4,side_left,-1,-1,-1,-1,-1,-1,449,-1,-1,521,406,361,-1,297,321,277,0,0,0,0,0,0,1,0,0,1,1,1,0,1,1,1
2026-07-03T20:08:56.638,tof1,4x4,side_left,-1,-1,-1,-1,-1,438,442,-1,-1,527,406,360,-1,311,323,276,0,0,0,0,0,1,1,0,0,1,1,1,0,1,1,1
2026-07-03T20:08:56.648,tof2,4x4,side_left,2997,3264,-1,3296,2102,-1,-1,3432,1617,976,1599,-1,1069,829,-1,1050,1,1,0,1,1,1,0,1,1,1,1,0,1,1,1,1
2026-07-03T20:08:56.806,tof1,4x4,side_left,-1,-1,-1,-1,-1,-1,-1,-1,-1,528,405,362,-1,314,317,276,0,0,0,1,0,0,0,0,0,1,1,1,0,1,1,1
2026-07-03T20:08:56.844,tof2,4x4,side_left,3036,3255,-1,3294,-1,-1,-1,3469,-1,971,1542,-1,-1,822,-1,1055,1,1,0,1,0,1,1,1,1,1,1,0,1,1,1,1
2026-07-03T20:08:56.970,tof1,4x4,side_left,-1,-1,-1,-1,-1,-1,-1,-1,-1,521,406,361,-1,298,321,280,0,0,0,0,0,0,0,0,0,1,1,1,0,1,1,1
2026-07-03T20:08:57.027,tof2,4x4,side_left,3034,3239,-1,3283,-1,1490,2165,3468,-1,-1,1586,-1,1073,825,942,1053,1,1,0,1,1,1,1,1,1,1,1,0,1,1,1,1
2026-07-03T20:08:57.141,tof1,4x4,side_left,-1,-1,-1,-1,-1,-1,-1,-1,-1,512,404,361,-1,296,322,279,0,0,0,0,0,0,0,0,0,1,1,1,0,1,1,1
2026-07-03T20:08:57.180,tof2,4x4,side_left,3065,3255,-1,3286,-1,1445,-1,2798,1660,955,1570,-1,1044,818,-1,1043,1,1,0,1,0,1,0,1,1,1,1,0,1,1,1,1
2026-07-03T20:08:57.310,tof1,4x4,side_left,-1,-1,-1,-1,-1,-1,-1,-1,-1,519,402,360,-1,314,318,279,0,0,0,0,0,0,0,0,0,1,1,1,0,1,1,1
2026-07-03T20:08:57.335,tof2,4x4,side_left,2974,3264,-1,3279,-1,1511,-1,3472,1738,975,1564,-1,-1,824,-1,1059,1,1,0,1,0,1,0,1,1,1,1,0,1,1,1,1
2026-07-03T20:08:57.486,tof1,4x4,side_left,-1,-1,-1,-1,-1,-1,-1,-1,-1,523,404,362,-1,312,320,273,1,1,0,0,0,0,0,0,0,1,1,1,1,1,1,1
2026-07-03T20:08:57.492,tof2,4x4,side_left,-1,3258,-1,3275,-1,1462,2156,2822,-1,970,1600,-1,1078,822,1057,1053,0,1,0,1,1,1,1,1,0,1,1,0,1,1,1,1
2026-07-03T20:08:57.661,tof1,4x4,side_left,-1,-1,-1,-1,-1,-1,-1,-1,-1,516,404,365,-1,299,320,277,0,0,0,0,0,0,0,0,0,1,1,1,0,1,1,1
2026-07-03T20:08:57.765,tof2,4x4,side_left,2982,3249,-1,3282,2160,1511,2217,3489,1425,963,1593,-1,1066,820,980,1043,1,1,0,1,1,1,1,1,1,1,1,0,1,1,1,1
2026-07-03T20:08:57.826,tof1,4x4,side_left,-1,-1,-1,-1,-1,-1,-1,-1,-1,513,403,361,-1,313,322,277,0,0,0,0,0,0,0,0,0,1,1,1,0,1,1,1
2026-07-03T20:08:57.921,tof2,4x4,side_left,2995,3251,-1,3320,-1,1456,2155,3450,1591,955,1612,-1,1064,812,-1,1047,1,1,0,1,0,1,1,1,1,1,1,1,1,1,1,1
2026-07-03T20:08:58.008,tof1,4x4,side_left,-1,-1,-1,-1,-1,-1,-1,-1,-1,510,403,361,-1,310,319,275,0,0,0,0,0,0,0,0,0,1,1,1,0,1,1,1
2026-07-03T20:08:58.077,tof2,4x4,side_left,2959,3240,-1,3314,2061,1440,2196,2812,1692,965,1594,-1,1055,818,981,1050,1,1,0,1,1,1,1,1,1,1,1,0,1,1,1,1
2026-07-03T20:08:58.192,tof1,4x4,side_left,-1,-1,-1,-1,-1,-1,-1,-1,-1,519,404,359,-1,311,318,278,0,0,0,0,0,0,0,0,0,1,1,1,0,1,1,1
2026-07-03T20:08:58.241,tof2,4x4,side_left,-1,3238,-1,3282,-1,1464,-1,3611,1688,971,1585,-1,1065,829,962,1041,1,1,1,1,0,1,0,1,1,1,1,0,1,1,1,1
2026-07-03T20:08:58.358,tof1,4x4,side_left,-1,-1,-1,-1,-1,-1,436,-1,-1,515,404,359,-1,301,320,276,0,0,0,0,0,0,1,0,0,1,1,1,0,1,1,1
2026-07-03T20:08:58.411,tof2,4x4,side_left,2959,3276,-1,3308,2095,1488,2203,2823,-1,973,1632,-1,1062,815,964,1052,1,1,1,1,1,1,1,1,1,1,1,0,1,1,1,1
2026-07-03T20:08:58.530,tof1,4x4,side_left,-1,-1,-1,-1,-1,-1,-1,-1,-1,519,404,360,-1,313,325,274,0,0,0,0,0,0,0,1,0,1,1,1,1,1,1,1
2026-07-03T20:08:58.610,tof2,4x4,side_left,3006,3261,-1,3300,-1,1489,2187,3514,1456,967,1576,-1,1068,820,975,-1,1,1,0,1,1,1,1,1,1,1,1,0,1,1,1,1
2026-07-03T20:08:58.696,tof1,4x4,side_left,-1,-1,-1,-1,-1,-1,-1,-1,-1,520,402,359,-1,314,323,279,0,0,0,0,0,0,0,0,0,1,1,1,0,1,1,1
2026-07-03T20:08:58.764,tof2,4x4,side_left,3028,3268,-1,3289,2099,1483,2222,2813,1550,973,1563,-1,-1,812,-1,1040,1,1,0,1,1,1,1,1,1,1,1,0,1,1,1,1
2026-07-03T20:08:58.870,tof1,4x4,side_left,-1,-1,-1,-1,-1,-1,436,-1,-1,518,405,359,-1,314,317,276,0,0,0,0,0,0,1,0,0,1,1,1,0,1,1,1
2026-07-03T20:08:58.943,tof2,4x4,side_left,2972,3243,-1,3282,-1,1480,-1,2833,1369,946,1584,-1,1053,825,-1,1048,1,1,0,1,1,1,0,1,1,1,1,1,1,1,1,1
2026-07-03T20:08:59.039,tof1,4x4,side_left,-1,-1,-1,-1,-1,-1,-1,-1,-1,519,401,359,-1,300,324,273,0,0,0,0,0,0,0,0,0,1,1,1,0,1,1,1
2026-07-03T20:08:59.112,tof2,4x4,side_left,2963,3241,-1,3289,-1,1473,-1,2797,-1,969,1581,-1,1064,823,977,1057,1,1,1,1,0,1,0,1,1,1,1,0,1,1,1,1
2026-07-03T20:08:59.206,tof1,4x4,side_left,-1,-1,-1,-1,-1,-1,-1,-1,-1,518,403,361,-1,315,319,277,0,0,0,0,0,0,0,0,0,1,1,1,0,1,1,1
2026-07-03T20:08:59.267,tof2,4x4,side_left,3024,3247,-1,3322,-1,1424,-1,2833,-1,972,1579,-1,1063,817,979,1048,1,1,0,1,1,1,0,1,1,1,1,0,1,1,1,1
2026-07-03T20:08:59.382,tof1,4x4,side_left,-1,-1,-1,-1,-1,-1,-1,-1,-1,516,405,360,-1,301,321,276,0,0,0,0,0,0,0,0,0,1,1,1,0,1,1,1
2026-07-03T20:08:59.435,tof2,4x4,side_left,-1,3251,-1,3300,-1,1491,-1,3500,1649,945,1574,-1,1061,829,-1,1044,1,1,0,1,0,1,0,1,1,1,1,0,1,1,1,1
2026-07-03T20:08:59.567,tof1,4x4,side_left,-1,-1,-1,-1,-1,-1,-1,-1,-1,521,404,363,-1,296,319,275,0,0,0,0,0,0,0,0,0,1,1,1,0,1,1,1
2026-07-03T20:08:59.598,tof2,4x4,side_left,-1,3269,-1,3301,2168,1447,2146,2796,1678,975,1595,-1,-1,818,971,1055,0,1,0,1,1,1,1,1,1,1,1,0,1,1,1,1
2026-07-03T20:08:59.733,tof1,4x4,side_left,-1,-1,-1,-1,-1,-1,-1,-1,-1,514,407,360,-1,312,320,274,0,0,0,0,0,0,0,0,0,1,1,1,0,1,1,1
2026-07-03T20:08:59.756,tof2,4x4,side_left,3017,3270,-1,3335,-1,1506,-1,2831,1573,990,1581,-1,1054,817,-1,1054,1,1,0,1,1,1,1,1,1,1,1,0,1,1,1,1
2026-07-03T20:08:59.887,tof1,4x4,side_left,-1,-1,-1,-1,-1,446,448,-1,-1,519,404,361,-1,310,317,276,0,0,0,1,0,1,1,0,0,1,1,1,0,1,1,1
2026-07-03T20:08:59.938,tof2,4x4,side_left,2977,3253,-1,3293,-1,1440,2135,2867,1586,963,1586,-1,1058,822,945,1039,1,1,0,1,0,1,1,1,1,1,1,0,1,1,1,1
2026-07-03T20:09:00.052,tof1,4x4,side_left,-1,-1,-1,-1,-1,-1,-1,-1,-1,522,405,360,-1,295,318,273,0,0,0,0,0,0,0,0,0,1,1,1,0,1,1,1
2026-07-03T20:09:00.094,tof2,4x4,side_left,-1,3265,-1,3310,-1,1466,2178,2847,1614,967,1465,-1,1059,824,961,1035,1,1,1,1,0,1,1,1,1,1,1,0,1,1,1,1
2026-07-03T20:09:00.220,tof1,4x4,side_left,-1,-1,-1,-1,-1,-1,-1,-1,-1,519,405,359,1166,295,321,275,1,0,0,0,0,0,0,0,0,1,1,1,1,1,1,1
2026-07-03T20:09:00.248,tof2,4x4,side_left,2934,3265,-1,3309,-1,1487,-1,3489,1562,964,1584,-1,-1,823,988,1052,1,1,0,1,0,1,0,1,1,1,1,0,1,1,1,1
2026-07-03T20:09:00.436,tof2,4x4,side_left,2953,3250,-1,3329,-1,1469,2166,3527,-1,1003,1535,-1,1053,816,969,1038,1,1,0,1,0,1,1,1,1,1,1,0,1,1,1,1
2026-07-03T20:09:00.533,tof1,4x4,side_left,-1,-1,-1,-1,-1,-1,441,-1,-1,526,406,360,-1,314,320,272,0,0,0,0,0,0,1,0,0,1,1,1,0,1,1,1
2026-07-03T20:09:00.588,tof2,4x4,side_left,-1,3263,-1,3323,-1,1486,-1,3510,1691,977,1576,-1,1062,825,982,1050,0,1,1,1,0,1,0,1,1,1,1,0,1,1,1,1
2026-07-03T20:09:00.685,tof1,4x4,side_left,-1,-1,-1,-1,-1,-1,-1,-1,-1,525,407,360,-1,313,321,277,0,0,0,0,0,0,0,0,0,1,1,1,0,1,1,1
2026-07-03T20:09:00.750,tof2,4x4,side_left,2991,3226,-1,3265,-1,1468,-1,2804,1670,-1,1641,-1,1065,826,1056,1042,1,1,0,1,1,1,1,1,1,1,1,0,1,1,1,1
2026-07-03T20:09:00.854,tof1,4x4,side_left,-1,-1,-1,-1,-1,-1,-1,-1,-1,520,405,361,-1,310,319,276,0,0,0,0,0,0,0,0,0,1,1,1,1,1,1,1
2026-07-03T20:09:00.952,tof2,4x4,side_left,-1,3232,-1,3303,-1,1473,-1,3450,-1,954,1602,-1,1063,826,961,1054,1,1,0,1,0,1,1,1,1,1,1,1,1,1,1,1
2026-07-03T20:09:01.016,tof1,4x4,side_left,-1,-1,-1,-1,-1,-1,-1,-1,-1,515,405,359,-1,320,318,272,0,0,0,0,0,0,0,0,0,1,1,1,0,1,1,1
2026-07-03T20:09:01.108,tof2,4x4,side_left,3031,3259,-1,3334,-1,1445,2164,3436,1695,966,1568,-1,1055,821,-1,1054,1,1,0,1,1,1,1,1,1,1,1,0,1,1,1,1
2026-07-03T20:09:01.188,tof1,4x4,side_left,-1,-1,-1,-1,-1,-1,-1,-1,-1,515,406,361,1117,314,324,278,0,0,0,0,0,0,0,0,0,1,1,1,1,1,1,1
2026-07-03T20:09:01.270,tof2,4x4,side_left,2888,3237,-1,3292,-1,1496,-1,2840,1696,967,1566,-1,1063,821,984,1046,1,1,0,1,0,1,1,1,1,1,1,0,1,1,1,1
2026-07-03T20:09:01.362,tof1,4x4,side_left,-1,-1,-1,-1,-1,-1,-1,-1,-1,519,405,360,-1,314,325,275,0,0,0,1,0,0,0,0,0,1,1,1,1,1,1,1
2026-07-03T20:09:01.423,tof2,4x4,side_left,-1,3250,-1,3313,-1,1496,-1,2834,1682,957,1590,-1,1076,819,995,1049,0,1,0,1,1,1,1,1,1,1,1,0,1,1,1,1
2026-07-03T20:09:01.519,tof1,4x4,side_left,-1,-1,-1,-1,-1,-1,-1,-1,-1,521,406,358,-1,311,318,276,0,0,0,0,0,0,0,0,0,1,1,1,0,1,1,1
2026-07-03T20:09:01.584,tof2,4x4,side_left,2866,3252,3320,-1,-1,1468,-1,2830,1681,968,1601,-1,1054,822,-1,1055,1,1,1,1,1,1,0,1,1,1,1,1,1,1,1,1
2026-07-03T20:09:01.685,tof1,4x4,side_left,-1,-1,-1,-1,-1,-1,-1,-1,-1,524,403,363,-1,317,318,276,0,0,0,0,0,0,0,0,0,1,1,1,0,1,1,1
2026-07-03T20:09:01.754,tof2,4x4,side_left,3006,3250,-1,3270,-1,1469,2150,2805,1595,939,1603,-1,1071,822,976,1052,1,1,0,1,1,1,1,1,1,1,1,0,1,1,1,1
2026-07-03T20:09:01.853,tof1,4x4,side_left,-1,-1,-1,-1,-1,-1,-1,-1,-1,519,405,361,-1,313,319,273,0,0,0,0,0,0,0,0,0,1,1,1,0,1,1,1
2026-07-03T20:09:01.922,tof2,4x4,side_left,3030,3227,-1,3276,-1,1506,2198,3507,1513,961,-1,-1,1074,819,-1,1053,1,1,0,1,0,1,1,1,1,1,1,0,1,1,1,1
2026-07-03T20:09:02.012,tof1,4x4,side_left,-1,-1,-1,-1,-1,-1,439,-1,-1,520,405,361,-1,297,324,275,0,0,0,0,0,0,1,0,0,1,1,1,0,1,1,1
2026-07-03T20:09:02.098,tof2,4x4,side_left,2993,3261,-1,3296,-1,1469,-1,3515,1588,969,1592,-1,1060,825,-1,1050,1,1,1,1,0,1,1,1,1,1,1,0,1,1,1,1
2026-07-03T20:09:02.182,tof1,4x4,side_left,-1,-1,-1,-1,-1,-1,448,389,-1,517,405,362,-1,315,319,272,0,0,0,0,0,0,1,1,0,1,1,1,0,1,1,1
2026-07-03T20:09:02.274,tof2,4x4,side_left,3038,3278,3287,3278,-1,1463,2164,3478,1646,977,1610,1332,1070,822,-1,1031,1,1,1,1,0,1,1,1,1,1,1,1,1,1,1,1
2026-07-03T20:09:02.345,tof1,4x4,side_left,-1,-1,-1,-1,-1,-1,-1,-1,-1,515,405,360,-1,297,324,276,0,0,0,0,0,0,0,0,0,1,1,1,1,1,1,1
2026-07-03T20:09:02.439,tof2,4x4,side_left,2991,3270,-1,3265,-1,1480,-1,3500,1589,971,1607,-1,1056,814,975,1053,1,1,0,1,0,1,1,1,1,1,1,0,1,1,1,1
2026-07-03T20:09:02.499,tof1,4x4,side_left,-1,-1,-1,-1,-1,-1,-1,-1,-1,519,402,357,-1,320,325,275,0,0,0,0,0,0,0,0,0,1,1,1,0,1,1,1
2026-07-03T20:09:02.610,tof2,4x4,side_left,2994,3248,-1,3297,-1,1504,2180,2822,1659,971,1625,-1,1070,817,951,1043,1,1,1,1,1,1,1,1,1,1,1,0,1,1,1,1
2026-07-03T20:09:02.662,tof1,4x4,side_left,-1,-1,-1,-1,-1,-1,-1,-1,-1,518,404,360,-1,311,324,277,0,0,0,0,0,0,0,0,0,1,1,1,0,1,1,1
2026-07-03T20:09:02.764,tof2,4x4,side_left,-1,3273,-1,3289,-1,1469,-1,2851,1637,956,1564,-1,-1,815,979,1055,1,1,1,1,1,1,0,1,1,1,1,0,1,1,1,1
2026-07-03T20:09:02.815,tof1,4x4,side_left,-1,-1,-1,-1,-1,441,438,-1,-1,512,402,362,-1,317,321,276,0,0,0,0,0,1,1,0,0,1,1,1,0,1,1,1
2026-07-03T20:09:02.969,tof1,4x4,side_left,-1,-1,-1,-1,-1,-1,-1,-1,-1,518,402,360,-1,322,318,276,0,0,0,0,0,0,0,0,0,1,1,1,0,1,1,1
2026-07-03T20:09:02.960,tof2,4x4,side_left,3065,3244,3286,3288,-1,1475,2138,2828,1742,951,1567,-1,-1,823,957,1059,1,1,1,1,0,1,1,1,1,1,1,0,1,1,1,1
2026-07-03T20:09:03.137,tof1,4x4,side_left,-1,-1,-1,-1,-1,-1,-1,-1,-1,522,404,363,-1,297,319,279,0,0,0,0,0,0,0,0,0,1,1,1,0,1,1,1
2026-07-03T20:09:03.122,tof2,4x4,side_left,2910,3259,3341,3260,-1,1508,-1,3487,1526,972,1582,-1,1071,819,-1,1039,1,1,1,1,1,1,1,1,1,1,1,0,1,1,1,1
2026-07-03T20:09:03.275,tof2,4x4,side_left,3030,3259,-1,3303,-1,1478,-1,3493,-1,953,1625,-1,1058,817,970,1044,1,1,0,1,0,1,0,1,1,1,1,0,1,1,1,1
2026-07-03T20:09:03.319,tof1,4x4,side_left,-1,-1,-1,-1,-1,444,432,-1,-1,516,406,361,-1,300,322,274,0,0,0,0,0,1,1,0,0,1,1,1,1,1,1,1
2026-07-03T20:09:03.434,tof2,4x4,side_left,2958,3239,-1,3325,-1,1454,2190,2844,1639,969,1593,-1,1067,816,1021,1046,1,1,0,1,0,1,1,1,1,1,1,0,1,1,1,1
2026-07-03T20:09:03.494,tof1,4x4,side_left,-1,-1,-1,-1,-1,-1,441,-1,-1,517,406,360,-1,314,318,275,0,0,0,0,0,0,1,0,0,1,1,1,0,1,1,1
2026-07-03T20:09:03.597,tof2,4x4,side_left,2998,3280,-1,3281,-1,1498,-1,2814,1616,980,1617,-1,1053,830,959,1043,1,1,1,1,0,1,0,1,1,1,1,0,1,1,1,1
2026-07-03T20:09:03.662,tof1,4x4,side_left,-1,-1,-1,-1,-1,-1,-1,-1,-1,521,405,360,-1,314,318,281,0,0,0,0,0,0,0,0,0,1,1,1,0,1,1,1
2026-07-03T20:09:03.746,tof2,4x4,side_left,3011,3254,-1,3306,-1,1428,2218,2847,1639,965,1556,-1,1067,823,-1,1044,1,1,0,1,0,1,1,1,1,1,1,0,1,1,1,1
2026-07-03T20:09:03.822,tof1,4x4,side_left,-1,-1,-1,-1,-1,431,442,-1,-1,516,407,362,-1,313,320,275,0,0,0,0,0,1,1,0,0,1,1,1,0,1,1,1
2026-07-03T20:09:03.913,tof2,4x4,side_left,2929,3272,-1,3317,2117,1470,-1,3452,-1,969,1583,-1,-1,821,-1,1051,1,1,0,1,1,1,0,1,0,1,1,0,1,1,1,1
2026-07-03T20:09:03.994,tof1,4x4,side_left,-1,-1,-1,-1,-1,-1,-1,-1,-1,527,407,359,-1,301,318,277,1,0,0,0,0,0,0,0,0,1,1,1,0,1,1,1
2026-07-03T20:09:04.080,tof2,4x4,side_left,3028,3258,-1,3252,2134,1459,2195,3469,1732,974,1569,-1,1059,817,1054,1045,1,1,1,1,1,1,1,1,1,1,1,0,1,1,1,1
2026-07-03T20:09:04.164,tof1,4x4,side_left,-1,-1,-1,-1,-1,-1,-1,-1,-1,517,406,361,-1,299,319,277,0,0,0,0,0,0,0,0,0,1,1,1,0,1,1,1
2026-07-03T20:09:04.247,tof2,4x4,side_left,3055,3246,-1,3305,-1,1453,-1,3511,1609,963,1621,-1,1058,822,1047,1062,1,1,0,1,0,1,0,1,1,1,1,0,1,1,1,1
2026-07-03T20:09:04.321,tof1,4x4,side_left,-1,-1,-1,-1,-1,-1,-1,-1,-1,518,408,363,-1,296,322,276,0,0,0,0,0,0,0,0,0,1,1,1,0,1,1,1
2026-07-03T20:09:04.418,tof2,4x4,side_left,3033,3239,-1,3283,2148,1481,2237,3415,1528,948,1560,-1,1071,819,973,1043,1,1,0,1,1,1,1,1,1,1,1,0,1,1,1,1
2026-07-03T20:09:04.479,tof1,4x4,side_left,-1,-1,-1,-1,-1,-1,452,-1,-1,520,404,358,-1,314,319,277,0,0,0,0,0,0,1,0,0,1,1,1,0,1,1,1
2026-07-03T20:09:04.573,tof2,4x4,side_left,3047,3272,-1,3289,-1,-1,-1,3459,1535,963,1562,-1,-1,816,1066,1033,1,1,0,1,1,0,0,1,1,1,1,0,1,1,1,1
2026-07-03T20:09:04.638,tof1,4x4,side_left,-1,-1,-1,-1,-1,-1,-1,-1,-1,521,404,363,-1,311,320,275,0,0,0,0,0,0,0,0,0,1,1,1,0,1,1,1
2026-07-03T20:09:04.744,tof2,4x4,side_left,2968,3252,-1,3315,2138,-1,-1,2828,1661,980,1560,-1,-1,821,-1,1041,1,1,0,1,1,0,1,1,1,1,1,1,1,1,1,1
2026-07-03T20:09:04.795,tof1,4x4,side_left,-1,-1,-1,-1,-1,-1,446,-1,-1,525,406,362,-1,314,321,278,0,0,0,1,0,0,1,0,0,1,1,1,0,1,1,1
2026-07-03T20:09:04.904,tof2,4x4,side_left,2988,3267,-1,3288,-1,-1,-1,2819,1617,971,1572,-1,1058,819,964,1046,1,1,1,1,0,0,1,1,1,1,1,0,1,1,1,1
2026-07-03T20:09:05.002,tof1,4x4,side_left,-1,-1,-1,-1,-1,427,445,-1,-1,516,405,358,-1,291,320,273,0,0,0,0,0,1,1,0,0,1,1,1,0,1,1,1
2026-07-03T20:09:05.163,tof1,4x4,side_left,-1,-1,-1,-1,-1,-1,450,-1,-1,516,405,360,-1,295,316,277,0,0,0,0,0,0,1,0,0,1,1,1,0,1,1,1
2026-07-03T20:09:05.142,tof2,4x4,side_left,-1,3289,-1,3308,2131,-1,-1,2834,1581,968,1649,-1,-1,813,-1,1054,0,1,0,1,1,0,1,1,1,1,1,1,1,1,1,1
2026-07-03T20:09:05.336,tof1,4x4,side_left,-1,-1,-1,-1,-1,-1,444,-1,-1,516,406,360,1105,312,317,276,0,0,0,1,0,0,1,0,0,1,1,1,1,1,1,1
2026-07-03T20:09:05.302,tof2,4x4,side_left,-1,3240,-1,3340,-1,-1,-1,2847,-1,977,1628,-1,1052,819,961,1057,1,1,1,1,0,1,0,1,0,1,1,1,1,1,1,1
2026-07-03T20:09:05.484,tof1,4x4,side_left,-1,-1,-1,-1,-1,430,443,-1,-1,514,405,362,-1,313,321,274,0,0,0,0,0,1,1,0,0,1,1,1,0,1,1,1
2026-07-03T20:09:05.467,tof2,4x4,side_left,2995,3262,-1,3281,2112,-1,-1,3505,1672,967,1553,-1,1063,817,1070,1045,1,1,1,1,1,0,1,1,1,1,1,0,1,1,1,1
2026-07-03T20:09:05.686,tof1,4x4,side_left,-1,-1,-1,-1,-1,-1,445,-1,-1,519,406,362,-1,300,317,276,0,0,0,0,0,0,1,0,0,1,1,1,0,1,1,1
2026-07-03T20:09:05.651,tof2,4x4,side_left,-1,3237,-1,3299,-1,1484,-1,2846,-1,978,1582,-1,1061,833,-1,1052,0,1,0,1,0,1,1,1,0,1,1,0,1,1,1,1
2026-07-03T20:09:05.857,tof1,4x4,side_left,-1,-1,-1,-1,-1,457,448,-1,-1,518,406,361,-1,312,319,275,0,0,0,0,0,1,1,0,0,1,1,1,0,1,1,1
2026-07-03T20:09:05.814,tof2,4x4,side_left,3037,3255,-1,3327,2138,-1,-1,2857,-1,955,1570,-1,1072,827,-1,1061,1,1,0,1,1,1,1,1,0,1,1,0,1,1,1,1
2026-07-03T20:09:05.984,tof2,4x4,side_left,-1,3244,-1,3284,-1,-1,-1,3490,-1,954,1569,-1,1062,816,969,1054,0,1,0,1,0,0,1,1,1,1,1,0,1,1,1,1
2026-07-03T20:09:06.062,tof1,4x4,side_left,-1,-1,-1,-1,-1,-1,447,-1,-1,520,408,360,-1,298,320,275,0,0,0,0,0,0,1,0,0,1,1,1,0,1,1,1
2026-07-03T20:09:06.218,tof1,4x4,side_left,-1,-1,-1,-1,-1,-1,-1,-1,-1,519,405,362,-1,314,321,278,0,0,0,0,0,0,0,0,0,1,1,1,0,1,1,1
2026-07-03T20:09:06.273,tof2,4x4,side_left,2907,3244,-1,3306,-1,-1,2242,3421,1568,963,1601,-1,1063,832,1073,1057,1,1,0,1,0,0,1,1,1,1,1,0,1,1,1,1
2026-07-03T20:09:06.377,tof1,4x4,side_left,-1,-1,-1,-1,-1,-1,-1,-1,-1,510,405,359,-1,316,320,274,0,0,0,0,0,0,0,0,0,1,1,1,0,1,1,1
2026-07-03T20:09:06.427,tof2,4x4,side_left,-1,3270,-1,3299,-1,-1,-1,-1,-1,959,1619,-1,1059,832,-1,1053,1,1,0,1,0,1,1,0,0,1,1,0,1,1,1,1
2026-07-03T20:09:06.543,tof1,4x4,side_left,-1,-1,-1,-1,-1,-1,443,-1,-1,518,406,361,-1,309,319,276,0,0,0,0,0,0,1,0,0,1,1,1,0,1,1,1
2026-07-03T20:09:06.592,tof2,4x4,side_left,2936,3266,3285,3348,-1,-1,2199,3473,1548,951,1574,-1,1067,820,-1,1055,1,1,1,1,0,0,1,1,1,1,1,0,1,1,1,1
2026-07-03T20:09:06.703,tof1,4x4,side_left,-1,-1,-1,-1,-1,-1,-1,-1,-1,519,405,359,-1,313,320,277,1,0,0,0,0,0,0,0,0,1,1,1,0,1,1,1
2026-07-03T20:09:06.767,tof2,4x4,side_left,2987,3254,3308,3293,-1,-1,2164,2820,1690,965,1619,-1,-1,819,-1,1059,1,1,1,1,0,0,1,1,1,1,1,0,1,1,1,1
2026-07-03T20:09:06.873,tof1,4x4,side_left,-1,-1,-1,-1,-1,-1,441,-1,-1,518,405,359,-1,313,318,274,0,0,0,1,0,0,1,0,0,1,1,1,0,1,1,1
2026-07-03T20:09:06.925,tof2,4x4,side_left,2929,3250,-1,3295,-1,-1,-1,3478,1687,957,1601,-1,1059,819,-1,1054,1,1,0,1,0,0,1,1,1,1,1,1,1,1,1,1
2026-07-03T20:09:07.025,tof1,4x4,side_left,-1,-1,-1,-1,-1,-1,451,-1,-1,519,405,362,-1,290,322,275,0,0,0,0,0,1,1,0,0,1,1,1,1,1,1,1
2026-07-03T20:09:07.083,tof2,4x4,side_left,3018,3241,-1,3317,-1,1488,2170,2826,-1,-1,1571,-1,1057,827,-1,1054,1,1,0,1,0,1,1,1,0,1,1,0,1,1,1,1
2026-07-03T20:09:07.187,tof1,4x4,side_left,-1,-1,-1,-1,-1,-1,438,-1,-1,518,405,361,-1,317,323,275,0,0,0,0,0,0,1,0,0,1,1,1,0,1,1,1
2026-07-03T20:09:07.247,tof2,4x4,side_left,2960,3261,-1,3314,-1,1501,-1,3493,-1,981,1559,-1,1058,816,-1,1047,1,1,0,1,0,1,0,1,1,1,1,0,1,1,1,1
2026-07-03T20:09:07.346,tof1,4x4,side_left,-1,-1,-1,-1,-1,-1,436,-1,-1,516,400,361,-1,314,318,274,0,0,0,0,0,0,1,0,0,1,1,1,0,1,1,1
2026-07-03T20:09:07.411,tof2,4x4,side_left,2902,3252,-1,3291,-1,1476,-1,3460,1727,988,1576,-1,1052,824,-1,1053,1,1,0,1,0,1,0,1,1,1,1,0,1,1,1,1
2026-07-03T20:09:07.506,tof1,4x4,side_left,-1,-1,-1,-1,-1,-1,-1,-1,-1,524,403,359,-1,311,318,280,0,0,0,0,0,0,0,0,0,1,1,1,0,1,1,1
2026-07-03T20:09:07.571,tof2,4x4,side_left,3030,3265,-1,3317,-1,-1,2175,2842,1576,970,1558,-1,1058,816,-1,1050,1,1,0,1,1,1,1,1,1,1,1,0,1,1,1,1
2026-07-03T20:09:07.670,tof1,4x4,side_left,-1,-1,-1,-1,-1,-1,-1,-1,-1,521,405,359,-1,312,322,278,0,0,0,0,0,0,0,0,0,1,1,1,1,1,1,1
2026-07-03T20:09:07.731,tof2,4x4,side_left,3064,3264,-1,3276,-1,1479,-1,2819,1740,959,1622,-1,1068,817,966,1055,1,1,0,1,1,1,0,1,1,1,1,1,1,1,1,1
2026-07-03T20:09:07.833,tof1,4x4,side_left,-1,-1,-1,-1,-1,-1,435,-1,-1,514,402,361,-1,315,319,276,0,1,0,0,0,0,1,0,0,1,1,1,0,1,1,1
2026-07-03T20:09:07.897,tof2,4x4,side_left,2959,3255,-1,3330,-1,1478,2261,3440,1542,945,1540,-1,1051,820,969,1054,1,1,0,1,0,1,1,1,1,1,1,1,1,1,1,1
2026-07-03T20:09:08.020,tof1,4x4,side_left,-1,-1,-1,-1,-1,-1,-1,-1,-1,517,401,362,-1,312,321,274,0,0,0,0,0,0,0,0,0,1,1,1,0,1,1,1
2026-07-03T20:09:08.051,tof2,4x4,side_left,2989,3258,3319,3271,2137,1468,-1,3525,1590,961,1599,-1,1083,817,967,1054,1,1,1,1,1,1,1,1,1,1,1,1,1,1,1,1
2026-07-03T20:09:08.237,tof1,4x4,side_left,-1,-1,-1,-1,-1,-1,-1,-1,-1,516,404,360,-1,317,321,278,0,0,0,0,0,0,0,0,0,1,1,1,0,1,1,1
2026-07-03T20:09:08.238,tof2,4x4,side_left,3046,3248,-1,3314,-1,1480,-1,2816,-1,980,1593,-1,-1,818,-1,1053,1,1,0,1,0,1,0,1,1,1,1,0,1,1,1,1
2026-07-03T20:09:08.460,tof1,4x4,side_left,-1,-1,-1,-1,-1,437,442,-1,-1,523,406,362,-1,301,321,273,0,0,0,0,0,1,1,0,0,1,1,1,0,1,1,1
2026-07-03T20:09:08.460,tof2,4x4,side_left,-1,3252,-1,3301,-1,1446,2259,2812,-1,982,1579,-1,1057,824,-1,1041,1,1,0,1,0,1,1,1,1,1,1,0,1,1,1,1
2026-07-03T20:09:08.629,tof1,4x4,side_left,-1,-1,-1,-1,-1,-1,-1,-1,-1,521,405,360,-1,310,323,274,0,0,0,0,0,0,0,0,0,1,1,1,0,1,1,1
2026-07-03T20:09:08.784,tof1,4x4,side_left,-1,-1,-1,-1,-1,-1,-1,-1,-1,519,405,362,-1,314,320,274,0,0,0,0,0,0,0,0,0,1,1,1,1,1,1,1
2026-07-03T20:09:08.721,tof2,4x4,side_left,3056,3249,-1,3267,-1,1493,2195,2831,-1,970,1579,-1,1060,827,-1,1047,1,1,0,1,0,1,1,1,1,1,1,0,1,1,1,1
2026-07-03T20:09:08.883,tof2,4x4,side_left,2971,3272,-1,3296,-1,1454,-1,3492,1717,962,1562,-1,1056,818,976,1050,1,1,1,1,0,1,1,1,1,1,1,0,1,1,1,1
2026-07-03T20:09:08.953,tof1,4x4,side_left,-1,-1,-1,-1,-1,-1,447,-1,-1,516,405,360,-1,299,317,278,0,0,0,0,0,0,1,0,0,1,1,1,0,1,1,1
2026-07-03T20:09:09.127,tof1,4x4,side_left,-1,-1,-1,-1,-1,-1,445,-1,-1,522,405,363,-1,312,320,279,0,0,0,0,0,0,1,0,0,1,1,1,0,1,1,1
2026-07-03T20:09:09.058,tof2,4x4,side_left,3028,3252,-1,3311,-1,1483,-1,3502,1640,964,1655,-1,1042,820,-1,1039,1,1,0,1,1,1,0,1,1,1,1,0,1,1,1,1
2026-07-03T20:09:09.227,tof2,4x4,side_left,2950,3271,-1,3300,-1,1484,-1,3489,-1,980,1570,-1,1066,824,942,1048,1,1,0,1,0,1,1,1,1,1,1,0,1,1,1,1
2026-07-03T20:09:09.291,tof1,4x4,side_left,-1,-1,-1,-1,-1,-1,441,-1,-1,522,404,361,-1,314,319,274,0,0,0,0,0,0,1,0,0,1,1,1,1,1,1,1
2026-07-03T20:09:09.383,tof2,4x4,side_left,3052,3283,-1,3313,-1,1477,-1,2844,1686,975,1510,-1,1056,821,-1,1048,1,1,1,1,0,1,0,1,1,1,1,0,1,1,1,1
2026-07-03T20:09:09.490,tof1,4x4,side_left,-1,-1,-1,-1,-1,-1,-1,-1,-1,521,406,362,-1,313,323,275,0,0,0,0,0,0,0,0,0,1,1,1,0,1,1,1
2026-07-03T20:09:09.543,tof2,4x4,side_left,3003,3262,3332,3274,-1,1470,2187,3472,1664,970,1570,-1,1068,826,-1,1057,1,1,1,1,1,1,1,1,1,1,1,1,1,1,1,1
2026-07-03T20:09:09.645,tof1,4x4,side_left,-1,-1,-1,-1,-1,-1,-1,-1,-1,524,405,360,-1,298,318,271,1,0,0,0,0,0,0,0,0,1,1,1,0,1,1,1
2026-07-03T20:09:09.689,tof2,4x4,side_left,3087,3268,-1,3308,2173,1459,-1,2795,1687,974,1605,-1,1060,829,957,1050,1,1,0,1,1,1,1,1,1,1,1,0,1,1,1,1
2026-07-03T20:09:09.840,tof1,4x4,side_left,-1,-1,-1,-1,-1,425,437,-1,-1,521,403,362,-1,312,321,274,0,0,0,0,0,1,1,0,0,1,1,1,0,1,1,1
2026-07-03T20:09:09.883,tof2,4x4,side_left,2984,3269,-1,3256,-1,1499,-1,3501,1613,967,1563,-1,-1,823,-1,1035,1,1,0,1,0,1,1,1,1,1,1,0,1,1,1,1
2026-07-03T20:09:10.012,tof1,4x4,side_left,-1,-1,-1,-1,-1,-1,-1,-1,-1,518,403,362,-1,311,327,276,0,0,0,0,0,0,0,0,0,1,1,1,0,1,1,1
2026-07-03T20:09:10.047,tof2,4x4,side_left,2999,3247,-1,3295,-1,1512,-1,3473,1649,957,1573,-1,1062,823,-1,1054,1,1,0,1,1,1,0,1,1,1,1,1,1,1,1,1
2026-07-03T20:09:10.169,tof1,4x4,side_left,-1,-1,-1,-1,-1,-1,434,-1,-1,517,404,360,-1,311,320,274,0,0,0,0,0,0,1,0,0,1,1,1,0,1,1,1
2026-07-03T20:09:10.212,tof2,4x4,side_left,2969,3264,-1,3266,-1,1478,2165,2826,1690,973,1566,-1,1069,823,-1,1042,1,1,0,1,0,1,1,1,1,1,1,1,1,1,1,1
2026-07-03T20:09:10.321,tof1,4x4,side_left,-1,-1,-1,-1,-1,-1,-1,-1,-1,518,403,361,-1,314,320,279,0,0,0,0,0,0,0,0,0,1,1,1,0,1,1,1
2026-07-03T20:09:10.401,tof2,4x4,side_left,3030,3277,3312,3301,2118,1476,2168,2822,-1,971,1610,-1,1067,822,-1,1051,1,1,1,1,1,1,1,1,1,1,1,0,1,1,1,1
2026-07-03T20:09:10.497,tof1,4x4,side_left,-1,-1,-1,-1,-1,-1,-1,-1,-1,524,405,362,-1,315,323,274,1,0,0,0,0,0,0,0,0,1,1,1,1,1,1,1
2026-07-03T20:09:10.566,tof2,4x4,side_left,-1,3254,-1,3311,-1,1472,-1,2830,1622,1015,1618,-1,1062,818,-1,1047,0,1,1,1,1,1,1,1,1,1,1,0,1,1,1,1
2026-07-03T20:09:10.659,tof1,4x4,side_left,-1,-1,-1,-1,-1,-1,439,-1,-1,516,403,361,-1,314,326,277,0,0,0,0,0,0,1,0,0,1,1,1,0,1,1,1
2026-07-03T20:09:10.719,tof2,4x4,side_left,2938,3244,3253,3280,-1,1481,-1,2857,1687,967,1558,-1,-1,819,-1,1042,1,1,1,1,1,1,0,1,1,1,1,0,1,1,1,1
2026-07-03T20:09:10.839,tof1,4x4,side_left,-1,-1,-1,-1,-1,-1,443,-1,-1,514,404,360,-1,316,321,274,1,0,0,0,0,0,1,0,0,1,1,1,0,1,1,1
2026-07-03T20:09:10.897,tof2,4x4,side_left,3038,3261,-1,3287,-1,1444,2099,3485,-1,967,1601,-1,1057,825,-1,1043,1,1,0,1,1,1,1,1,1,1,1,0,1,1,1,1
2026-07-03T20:09:10.993,tof1,4x4,side_left,-1,-1,-1,-1,-1,-1,-1,-1,-1,520,401,361,-1,301,321,272,0,0,0,0,0,0,0,0,0,1,1,1,0,1,1,1
2026-07-03T20:09:11.052,tof2,4x4,side_left,2957,3258,-1,3301,-1,1441,2180,2798,1634,986,1600,-1,1069,818,-1,1038,1,1,1,1,1,1,1,1,1,1,1,0,1,1,1,1
2026-07-03T20:09:12.134,tof1,4x4,side_left,-1,-1,-1,-1,-1,-1,-1,-1,-1,522,404,361,-1,309,319,276,0,0,0,0,0,0,0,0,0,1,1,1,0,1,1,1
2026-07-03T20:09:12.915,tof2,4x4,side_left,2976,3256,3310,3338,-1,1459,2172,3426,-1,986,1648,-1,1068,821,-1,1046,1,1,1,1,1,1,1,1,1,1,1,0,1,1,1,1
2026-07-03T20:09:13.321,tof1,4x4,side_left,-1,-1,-1,-1,-1,-1,436,-1,-1,521,406,359,-1,301,323,277,0,0,0,0,0,0,1,0,0,1,1,1,1,1,1,1
2026-07-03T20:09:13.444,tof2,4x4,side_left,2972,3262,3309,3301,-1,1451,-1,2737,1536,986,1641,-1,1054,813,-1,1064,1,1,1,1,0,1,1,1,1,1,1,0,1,1,1,1
2026-07-03T20:09:13.486,tof1,4x4,side_left,-1,-1,-1,-1,-1,-1,-1,-1,-1,515,406,360,-1,338,320,274,0,0,0,0,0,0,0,0,0,1,1,1,0,1,1,1
2026-07-03T20:09:13.613,tof2,4x4,side_left,3049,3249,-1,3352,-1,1464,-1,3470,1590,1002,1583,-1,1056,827,-1,1049,1,1,0,1,0,1,0,1,1,1,1,0,1,1,1,1
2026-07-03T20:09:13.666,tof1,4x4,side_left,-1,-1,-1,-1,-1,-1,446,-1,-1,522,405,361,-1,300,320,273,0,0,0,0,0,0,1,0,0,1,1,1,0,1,1,1
2026-07-03T20:09:13.798,tof2,4x4,side_left,2954,3248,-1,3337,-1,1512,-1,3511,1716,959,1580,2857,-1,818,-1,1055,1,1,0,1,0,1,0,1,1,1,1,1,1,1,1,1
2026-07-03T20:09:13.845,tof1,4x4,side_left,-1,-1,-1,-1,-1,-1,-1,-1,-1,518,407,360,-1,316,319,276,0,0,0,0,0,0,0,0,0,1,1,1,0,1,1,1
2026-07-03T20:09:14.007,tof1,4x4,side_left,-1,-1,-1,-1,-1,-1,446,-1,-1,531,405,361,-1,312,319,277,0,0,0,0,0,0,1,0,0,1,1,1,0,1,1,1
2026-07-03T20:09:13.975,tof2,4x4,side_left,3038,3250,-1,3325,2138,1482,2135,3440,-1,958,1608,-1,1062,828,-1,1067,1,1,0,1,1,1,1,1,1,1,1,0,1,1,1,1
2026-07-03T20:09:14.129,tof2,4x4,side_left,2953,3251,-1,3335,2133,1484,2180,3462,-1,-1,1561,-1,1057,834,-1,1051,1,1,0,1,1,1,1,1,0,1,1,0,1,1,1,1
2026-07-03T20:09:14.187,tof1,4x4,side_left,-1,-1,-1,-1,-1,-1,442,-1,-1,514,405,363,-1,317,320,275,0,0,0,0,0,0,1,0,0,1,1,1,0,1,1,1
2026-07-03T20:09:14.297,tof2,4x4,side_left,-1,3273,-1,3283,-1,1435,2234,3486,1561,964,1612,-1,1061,822,-1,1050,0,1,0,1,0,1,1,1,1,1,1,0,1,1,1,1
2026-07-03T20:09:14.351,tof1,4x4,side_left,-1,-1,-1,-1,-1,-1,-1,-1,-1,520,402,362,-1,318,319,278,0,0,0,0,0,0,0,0,0,1,1,1,0,1,1,1
2026-07-03T20:09:14.550,tof1,4x4,side_left,-1,-1,-1,-1,-1,-1,-1,-1,-1,524,406,360,-1,301,321,277,0,1,0,0,0,0,0,0,0,1,1,1,0,1,1,1
2026-07-03T20:09:14.492,tof2,4x4,side_left,-1,3259,3395,3296,-1,1467,2162,3487,1763,960,1581,-1,1060,819,-1,1052,1,1,1,1,1,1,1,1,1,1,1,0,1,1,1,1
2026-07-03T20:09:14.667,tof2,4x4,side_left,3048,3265,-1,3334,-1,1470,2085,3518,-1,971,1578,-1,1058,820,973,1050,1,1,1,1,1,1,1,1,1,1,1,1,1,1,1,1
2026-07-03T20:09:14.715,tof1,4x4,side_left,-1,-1,-1,-1,-1,-1,439,-1,-1,520,405,361,-1,318,321,273,0,0,0,0,0,0,1,0,0,1,1,1,1,1,1,1
2026-07-03T20:09:14.822,tof2,4x4,side_left,2984,3254,-1,3300,-1,1484,2153,3506,1579,977,1586,-1,1058,818,-1,1043,1,1,0,1,0,1,1,1,1,1,1,0,1,1,1,1
2026-07-03T20:09:14.883,tof1,4x4,side_left,-1,-1,-1,-1,-1,-1,438,-1,-1,520,403,361,-1,315,325,274,0,0,0,0,0,0,1,0,0,1,1,1,0,1,1,1
2026-07-03T20:09:15.044,tof1,4x4,side_left,-1,-1,-1,-1,-1,-1,442,-1,-1,519,405,360,443,314,320,279,0,0,0,0,0,0,1,0,0,1,1,1,1,1,1,1
2026-07-03T20:09:14.984,tof2,4x4,side_left,2896,3272,-1,3333,2276,1493,2158,3567,-1,966,1583,-1,1060,814,-1,1058,1,1,1,1,1,1,1,1,1,1,1,0,1,1,1,1
2026-07-03T20:09:15.217,tof1,4x4,side_left,-1,-1,-1,-1,-1,446,440,-1,-1,515,405,360,-1,315,316,277,0,0,0,0,0,1,1,0,0,1,1,1,0,1,1,1
2026-07-03T20:09:15.140,tof2,4x4,side_left,3068,3268,-1,3292,-1,1488,2216,3474,1512,972,1588,-1,-1,813,957,1049,1,1,0,1,0,1,1,1,1,1,1,0,1,1,1,1
2026-07-03T20:09:15.325,tof2,4x4,side_left,3042,3268,-1,3303,-1,-1,-1,3482,1477,975,1580,1359,-1,817,-1,1043,1,1,0,1,1,0,1,1,1,1,1,1,1,1,1,1
2026-07-03T20:09:15.380,tof1,4x4,side_left,-1,-1,-1,-1,-1,-1,448,-1,-1,519,404,361,-1,313,322,276,0,0,0,0,0,0,1,0,0,1,1,1,0,1,1,1
2026-07-03T20:09:15.491,tof2,4x4,side_left,2941,3264,-1,3310,-1,-1,-1,2812,1540,968,1614,-1,1065,830,-1,1058,1,1,0,1,0,0,0,1,1,1,1,0,1,1,1,1
2026-07-03T20:09:15.547,tof1,4x4,side_left,-1,-1,-1,-1,-1,-1,-1,-1,-1,518,404,361,-1,314,324,277,0,0,0,0,0,0,0,0,0,1,1,1,0,1,1,1
2026-07-03T20:09:15.648,tof2,4x4,side_left,2976,3255,-1,3328,2160,-1,-1,3442,1681,964,1520,-1,-1,825,-1,1055,1,1,0,1,1,0,0,1,1,1,1,1,1,1,1,1
2026-07-03T20:09:15.707,tof1,4x4,side_left,-1,-1,-1,-1,-1,433,440,-1,-1,527,403,362,-1,299,321,271,0,0,0,1,0,1,1,0,0,1,1,1,1,1,1,1
2026-07-03T20:09:15.891,tof1,4x4,side_left,-1,-1,-1,-1,-1,-1,435,-1,-1,522,404,359,-1,298,325,275,0,0,0,1,0,0,1,0,0,1,1,1,0,1,1,1
2026-07-03T20:09:15.820,tof2,4x4,side_left,2947,3268,-1,3334,-1,-1,-1,2774,1778,965,1652,-1,1055,817,-1,1051,1,1,0,1,0,0,0,1,1,1,1,0,1,1,1,1
2026-07-03T20:09:16.044,tof1,4x4,side_left,-1,-1,-1,-1,-1,-1,-1,-1,-1,525,404,361,-1,316,319,278,0,0,0,1,0,0,0,1,0,1,1,1,0,1,1,1
2026-07-03T20:09:15.972,tof2,4x4,side_left,3030,3256,-1,3344,-1,-1,-1,3467,-1,953,1568,-1,-1,817,-1,1049,1,1,0,1,0,1,1,1,1,1,1,1,1,1,1,1
2026-07-03T20:09:16.129,tof2,4x4,side_left,2989,3266,-1,3301,-1,-1,-1,3512,1603,977,1610,-1,1059,822,-1,1050,1,1,0,1,0,0,1,1,1,1,1,0,1,1,1,1
2026-07-03T20:09:16.209,tof1,4x4,side_left,-1,-1,-1,-1,-1,-1,440,-1,-1,520,403,358,-1,298,325,276,0,0,0,0,0,0,1,0,0,1,1,1,0,1,1,1
2026-07-03T20:09:16.294,tof2,4x4,side_left,3054,3252,-1,3301,-1,-1,-1,2784,1572,982,1605,-1,1060,821,1006,1047,1,1,1,1,0,0,0,1,1,1,1,0,1,1,1,1
2026-07-03T20:09:16.366,tof1,4x4,side_left,-1,-1,-1,-1,-1,-1,440,-1,-1,517,407,363,-1,319,320,276,0,0,0,0,0,0,1,0,0,1,1,1,0,1,1,1
2026-07-03T20:09:16.448,tof2,4x4,side_left,2996,3252,-1,3335,2153,-1,-1,3463,1621,967,1595,-1,1060,828,-1,1066,1,1,0,1,1,0,0,1,1,1,1,0,1,1,1,1
2026-07-03T20:09:16.555,tof1,4x4,side_left,-1,-1,-1,-1,-1,-1,-1,-1,-1,522,405,361,-1,314,318,277,0,0,0,0,0,0,0,0,0,1,1,1,0,1,1,1
2026-07-03T20:09:16.621,tof2,4x4,side_left,2960,3277,-1,3293,-1,-1,-1,3450,1649,985,1678,-1,-1,822,966,1066,1,1,1,1,1,0,0,1,1,1,1,0,1,1,1,1
2026-07-03T20:09:16.708,tof1,4x4,side_left,-1,-1,-1,-1,-1,-1,-1,-1,-1,525,405,363,-1,317,317,276,0,0,0,1,0,0,0,0,0,1,1,1,0,1,1,1
2026-07-03T20:09:16.771,tof2,4x4,side_left,-1,3273,-1,3272,-1,-1,2181,2772,-1,960,1679,-1,-1,823,-1,1048,0,1,0,1,0,0,1,1,1,1,1,0,1,1,1,1
2026-07-03T20:09:16.874,tof1,4x4,side_left,-1,-1,-1,-1,-1,-1,-1,-1,-1,515,402,362,-1,313,315,274,0,0,0,0,0,0,0,0,0,1,1,1,1,1,1,1
2026-07-03T20:09:16.957,tof2,4x4,side_left,3019,3226,-1,3327,-1,-1,-1,2747,-1,959,1614,-1,1059,819,983,1054,1,1,0,1,0,1,0,1,1,1,1,0,1,1,1,1
2026-07-03T20:09:17.040,tof1,4x4,side_left,-1,-1,-1,-1,-1,-1,-1,-1,-1,524,407,361,-1,292,317,274,0,0,0,0,0,0,0,0,0,1,1,1,0,1,1,1
2026-07-03T20:09:17.119,tof2,4x4,side_left,2982,3274,3374,3296,-1,-1,-1,2798,1446,966,1633,-1,1061,816,-1,1043,1,1,1,1,0,1,1,1,1,1,1,0,1,1,1,1
2026-07-03T20:09:17.218,tof1,4x4,side_left,-1,-1,-1,-1,-1,-1,434,-1,-1,521,406,359,-1,300,318,274,0,0,0,0,0,0,1,0,0,1,1,1,0,1,1,1
2026-07-03T20:09:17.282,tof2,4x4,side_left,2996,3242,-1,3316,-1,-1,-1,2780,1610,969,1586,-1,1068,816,-1,1047,1,1,1,1,1,0,0,1,1,1,1,0,1,1,1,1
2026-07-03T20:09:17.371,tof1,4x4,side_left,-1,-1,-1,-1,-1,-1,-1,-1,-1,525,404,361,-1,301,324,279,0,0,0,1,0,0,0,0,0,1,1,1,1,1,1,1
2026-07-03T20:09:17.454,tof2,4x4,side_left,2964,3252,-1,-1,2156,1446,-1,2770,1484,962,1552,-1,1067,822,-1,1051,1,1,1,1,1,1,0,1,1,1,1,0,1,1,1,1
2026-07-03T20:09:17.551,tof1,4x4,side_left,-1,-1,-1,-1,-1,-1,435,-1,-1,507,407,360,-1,308,317,273,0,0,0,0,0,0,1,0,0,1,1,1,0,1,1,1
2026-07-03T20:09:17.627,tof2,4x4,side_left,2987,3249,-1,3290,-1,1448,-1,3505,1705,966,1593,-1,1066,826,-1,1039,1,1,0,1,0,1,0,1,1,1,1,0,1,1,1,1
2026-07-03T20:09:17.712,tof1,4x4,side_left,-1,-1,-1,-1,-1,-1,444,-1,-1,521,402,360,-1,310,323,274,0,0,0,0,0,0,1,0,0,1,1,1,0,1,1,1
2026-07-03T20:09:17.784,tof2,4x4,side_left,-1,3251,-1,3340,-1,1469,-1,3480,1608,985,1616,-1,1062,827,946,1052,0,1,1,1,1,1,1,1,1,1,1,1,1,1,1,1
2026-07-03T20:09:17.881,tof1,4x4,side_left,-1,-1,-1,-1,-1,-1,446,-1,-1,521,405,363,-1,312,322,277,0,0,0,0,0,0,1,0,0,1,1,1,0,1,1,1
2026-07-03T20:09:17.950,tof2,4x4,side_left,3022,3259,-1,3298,2130,1478,-1,2752,-1,968,1581,-1,1058,819,1066,1050,1,1,0,1,1,1,0,1,1,1,1,0,1,1,1,1
2026-07-03T20:09:18.041,tof1,4x4,side_left,-1,-1,-1,-1,-1,-1,441,-1,-1,521,406,359,-1,294,318,274,0,0,0,0,0,0,1,0,0,1,1,1,1,1,1,1
2026-07-03T20:09:18.101,tof2,4x4,side_left,2990,3253,3279,3326,2155,1473,-1,2801,1584,959,1589,-1,1063,820,-1,1046,1,1,1,1,1,1,1,1,1,1,1,1,1,1,1,1
2026-07-03T20:09:18.203,tof1,4x4,side_left,-1,-1,-1,-1,-1,-1,443,-1,-1,525,409,361,-1,296,317,274,0,0,0,0,0,0,1,0,0,1,1,1,1,1,1,1
2026-07-03T20:09:18.261,tof2,4x4,side_left,3025,3247,-1,3324,-1,1492,-1,3450,-1,964,1589,-1,-1,819,962,1052,1,1,0,1,1,1,0,1,1,1,1,0,1,1,1,1
2026-07-03T20:09:18.375,tof1,4x4,side_left,-1,-1,-1,-1,-1,-1,-1,-1,-1,520,404,362,-1,308,322,277,0,0,0,0,0,0,0,0,0,1,1,1,0,1,1,1
2026-07-03T20:09:18.421,tof2,4x4,side_left,-1,3261,-1,3289,-1,1487,-1,2745,1628,957,1608,-1,1060,815,-1,1050,0,1,1,1,0,1,0,1,1,1,1,0,1,1,1,1
2026-07-03T20:09:18.535,tof1,4x4,side_left,-1,-1,-1,-1,-1,-1,-1,-1,-1,527,405,361,-1,316,321,276,0,1,0,0,0,0,0,0,0,1,1,1,0,1,1,1
2026-07-03T20:09:18.580,tof2,4x4,side_left,2996,3246,-1,3319,2118,1475,2195,3505,1733,973,1598,-1,-1,824,-1,1057,1,1,0,1,1,1,1,1,1,1,1,1,1,1,1,1
2026-07-03T20:09:18.689,tof1,4x4,side_left,-1,-1,-1,-1,-1,-1,-1,-1,-1,512,407,360,-1,318,317,273,0,0,0,0,0,0,0,0,0,1,1,1,0,1,1,1
2026-07-03T20:09:18.738,tof2,4x4,side_left,2985,3270,-1,-1,-1,1479,-1,2776,1678,957,1572,-1,1061,837,-1,1045,1,1,0,1,0,1,0,1,1,1,1,1,1,1,1,1
2026-07-03T20:09:18.852,tof1,4x4,side_left,-1,-1,-1,-1,-1,-1,-1,-1,-1,521,403,360,-1,313,318,277,0,0,0,0,0,0,0,0,0,1,1,1,0,1,1,1
2026-07-03T20:09:18.922,tof2,4x4,side_left,3006,3247,-1,3317,-1,1490,2197,2761,-1,969,1598,1303,-1,820,-1,1059,1,1,0,1,0,1,1,1,1,1,1,1,1,1,1,1
