timestamp,sensor,resolution,label,d0,d1,d2,d3,d4,d5,d6,d7,d8,d9,d10,d11,d12,d13,d14,d15,d16,d17,d18,d19,d20,d21,d22,d23,d24,d25,d26,d27,d28,d29,d30,d31,d32,d33,d34,d35,d36,d37,d38,d39,d40,d41,d42,d43,d44,d45,d46,d47,d48,d49,d50,d51,d52,d53,d54,d55,d56,d57,d58,d59,d60,d61,d62,d63,t0,t1,t2,t3,t4,t5,t6,t7,t8,t9,t10,t11,t12,t13,t14,t15,t16,t17,t18,t19,t20,t21,t22,t23,t24,t25,t26,t27,t28,t29,t30,t31,t32,t33,t34,t35,t36,t37,t38,t39,t40,t41,t42,t43,t44,t45,t46,t47,t48,t49,t50,t51,t52,t53,t54,t55,t56,t57,t58,t59,t60,t61,t62,t63
2026-07-07T14:27:06.628,tof1,8x8,empty,-1,-1,3189,3239,-1,-1,-1,-1,-1,-1,-1,-1,-1,-1,-1,-1,-1,-1,-1,-1,-1,-1,-1,-1,-1,-1,-1,-1,-1,-1,-1,-1,-1,1657,1810,1799,1698,-1,-1,-1,1409,1396,-1,1470,1420,1406,1373,-1,1203,1219,1187,1189,1195,1224,1178,-1,997,994,1013,1019,1004,1014,1003,976,0,0,1,1,0,0,0,0,0,0,0,0,0,0,1,0,0,0,0,0,0,0,0,0,0,1,0,0,0,0,1,0,0,1,1,1,1,0,0,0,1,1,0,1,1,1,1,0,1,1,1,1,1,1,1,1,1,1,1,1,1,1,1,1
2026-07-07T14:27:06.746,tof2,8x8,empty,-1,-1,-1,-1,-1,-1,-1,-1,-1,-1,-1,-1,-1,-1,-1,-1,-1,-1,-1,-1,-1,-1,-1,-1,-1,-1,-1,-1,-1,-1,-1,-1,-1,-1,-1,-1,-1,-1,-1,-1,-1,-1,-1,-1,2008,1960,-1,-1,-1,-1,-1,1965,-1,-1,-1,-1,-1,1116,1164,1161,1081,1096,1114,995,0,0,0,0,0,0,0,0,0,0,0,0,0,0,0,0,0,0,0,0,0,0,0,0,0,0,0,0,0,0,0,0,0,0,0,0,0,0,0,0,0,0,0,0,1,1,0,1,0,0,0,1,0,0,0,0,0,1,1,1,1,1,1,1
2026-07-07T14:27:06.811,tof1,8x8,empty,-1,-1,3182,3220,-1,-1,-1,-1,-1,-1,-1,-1,-1,-1,-1,-1,-1,-1,-1,-1,-1,-1,-1,-1,-1,-1,-1,1866,-1,-1,-1,-1,-1,1699,1774,1788,1813,-1,-1,-1,1428,1348,1388,1448,1445,1413,-1,-1,-1,-1,1193,1195,1170,1212,1176,1056,992,1013,1006,1020,1028,997,1001,982,0,0,1,1,0,0,0,0,0,0,0,0,0,0,0,0,0,0,0,0,0,0,0,1,0,0,0,1,0,0,1,0,0,1,1,1,1,0,0,0,1,1,1,1,1,1,0,0,1,1,1,1,1,1,1,1,1,1,1,1,1,1,1,1
2026-07-07T14:27:06.905,tof1,8x8,empty,-1,-1,3188,3212,-1,-1,-1,-1,-1,-1,-1,-1,-1,-1,-1,-1,-1,-1,-1,-1,-1,-1,-1,2808,-1,-1,-1,1955,-1,-1,-1,-1,-1,1640,1763,1792,1721,-1,-1,-1,1412,-1,1396,1447,1440,1424,-1,-1,1165,1194,1159,1184,1215,1196,1180,-1,994,1009,992,1016,1022,1027,1007,976,0,1,1,1,0,0,0,0,0,0,0,0,0,0,1,0,0,0,0,0,0,0,0,1,0,0,1,1,0,0,0,0,0,1,1,1,1,0,0,0,1,0,1,1,1,1,0,0,1,1,1,1,1,1,1,0,1,1,1,1,1,1,1,1
2026-07-07T14:27:06.952,tof2,8x8,empty,-1,-1,-1,-1,-1,-1,-1,-1,-1,-1,-1,-1,-1,-1,-1,-1,-1,-1,-1,-1,-1,-1,-1,-1,-1,-1,-1,-1,-1,-1,-1,-1,-1,-1,-1,-1,-1,-1,-1,-1,-1,-1,-1,-1,2004,2003,-1,-1,-1,-1,-1,1938,1969,-1,1854,-1,-1,-1,1175,1086,1105,1077,1150,970,0,0,0,0,0,0,0,0,0,0,0,0,0,0,0,0,0,0,0,0,0,0,0,0,0,0,0,0,0,0,0,0,0,0,0,0,0,0,0,0,1,0,0,0,1,1,0,0,0,0,0,1,1,0,1,0,0,0,1,1,1,1,1,1
2026-07-07T14:27:07.018,tof1,8x8,empty,-1,-1,3185,3247,-1,-1,-1,-1,-1,-1,-1,-1,-1,-1,-1,-1,-1,-1,-1,-1,-1,-1,-1,-1,-1,-1,-1,-1,-1,-1,-1,-1,-1,1660,1759,1787,-1,-1,-1,-1,1433,1360,1400,1435,1423,1460,-1,-1,1151,1183,1145,1195,1166,1183,1187,-1,987,1014,1001,1015,999,1018,1016,979,0,0,1,1,0,0,0,0,0,0,0,0,0,0,0,0,0,0,0,0,0,1,0,0,0,0,0,0,0,0,0,1,0,1,1,1,1,0,0,0,1,1,1,1,1,1,0,0,1,1,1,1,1,1,1,1,1,1,1,1,1,1,1,1
2026-07-07T14:27:07.046,tof2,8x8,empty,-1,-1,-1,-1,-1,-1,-1,-1,-1,-1,-1,-1,-1,-1,-1,-1,-1,-1,-1,-1,-1,-1,-1,-1,-1,-1,-1,-1,-1,-1,-1,-1,-1,-1,-1,-1,-1,-1,-1,-1,-1,-1,-1,-1,1977,2021,-1,-1,-1,-1,-1,1966,-1,-1,-1,-1,-1,1074,1118,1173,1124,1100,1061,1028,0,0,0,0,0,0,0,0,0,0,0,0,0,0,0,0,0,0,0,0,0,0,0,0,0,0,0,0,0,0,0,0,0,0,0,0,0,0,0,0,0,0,0,0,1,1,0,1,0,0,0,1,1,1,0,0,0,1,1,1,1,1,1,1
2026-07-07T14:27:07.147,tof1,8x8,empty,-1,-1,3199,3224,-1,-1,-1,-1,-1,-1,-1,-1,-1,-1,-1,-1,-1,-1,-1,-1,-1,-1,-1,-1,-1,-1,-1,-1,-1,-1,-1,-1,-1,1707,1730,1777,-1,-1,-1,-1,-1,1390,1378,1443,1462,1429,-1,-1,1168,1192,1210,1203,1144,1195,1183,-1,996,985,1028,1022,1041,1014,1017,981,0,0,1,1,0,0,1,0,0,0,0,0,0,0,0,0,0,0,0,0,0,0,0,0,0,0,0,1,0,0,0,0,0,1,1,1,1,0,0,0,1,1,1,1,1,1,1,0,1,1,1,1,1,1,1,1,1,1,1,1,1,1,1,1
2026-07-07T14:27:07.150,tof2,8x8,empty,-1,-1,-1,-1,-1,-1,-1,-1,-1,-1,-1,-1,-1,-1,-1,-1,-1,-1,-1,-1,-1,-1,-1,-1,-1,-1,-1,-1,-1,-1,-1,-1,-1,-1,-1,-1,-1,-1,-1,-1,-1,-1,-1,-1,1951,1945,-1,-1,-1,-1,-1,1928,-1,1953,-1,-1,-1,1115,1178,1118,-1,1039,1052,1014,0,0,0,0,0,0,0,0,0,0,0,0,0,0,0,0,0,0,0,0,0,0,0,0,0,0,0,0,0,0,0,0,0,0,0,0,0,0,0,0,0,0,0,0,1,1,0,0,0,0,0,1,0,1,0,0,0,1,1,1,1,1,1,1
2026-07-07T14:27:07.234,tof1,8x8,empty,-1,-1,3189,3235,-1,-1,-1,-1,-1,-1,-1,-1,-1,-1,-1,-1,-1,-1,-1,-1,-1,-1,-1,-1,-1,-1,-1,-1,-1,-1,-1,-1,-1,1737,1776,1826,1771,-1,-1,-1,1391,-1,1438,1396,1446,1411,-1,-1,1160,1238,1207,1192,1222,1195,1163,-1,993,995,1011,1008,1029,1016,993,984,0,0,1,1,0,0,0,0,0,0,0,0,0,0,0,0,0,1,0,0,0,0,0,0,0,0,1,0,0,0,0,0,1,1,1,1,1,0,0,0,1,1,1,1,1,1,0,0,1,1,1,1,1,1,1,0,1,1,1,1,1,1,1,1
2026-07-07T14:27:07.279,tof2,8x8,empty,-1,-1,-1,-1,-1,-1,-1,-1,-1,-1,-1,-1,-1,-1,-1,-1,-1,-1,-1,-1,-1,-1,-1,-1,-1,-1,-1,-1,-1,-1,-1,-1,-1,-1,-1,-1,-1,-1,-1,-1,-1,-1,-1,-1,1960,1972,-1,-1,-1,-1,-1,1939,-1,-1,-1,-1,-1,-1,1128,1099,-1,1058,-1,1006,0,0,0,0,0,0,0,0,0,0,0,0,0,0,0,0,0,0,0,0,0,0,0,0,0,0,0,0,0,0,0,0,0,0,0,0,0,0,0,0,0,0,0,0,1,1,0,0,1,0,0,1,1,0,0,0,0,1,1,1,1,1,1,1
2026-07-07T14:27:07.338,tof1,8x8,empty,-1,-1,3209,3231,-1,-1,-1,-1,-1,-1,-1,-1,-1,-1,-1,-1,-1,-1,-1,-1,2209,-1,-1,-1,-1,-1,-1,-1,-1,-1,-1,-1,-1,1725,1747,1802,1693,-1,-1,-1,1383,-1,1377,1418,1425,1398,-1,-1,1179,1223,1200,1201,1217,1226,1175,1034,994,991,1013,1008,1042,1015,1004,975,0,0,1,1,0,0,0,1,0,0,0,0,0,0,0,0,0,0,0,0,1,0,0,0,0,0,0,0,0,0,0,0,0,1,1,1,1,0,0,0,1,1,1,1,1,1,0,0,1,1,1,1,1,1,1,1,1,1,1,1,1,1,1,1
2026-07-07T14:27:07.383,tof2,8x8,empty,-1,-1,-1,-1,-1,-1,-1,-1,-1,-1,-1,-1,-1,-1,-1,-1,-1,-1,-1,-1,-1,-1,-1,-1,-1,-1,-1,-1,-1,-1,-1,-1,-1,-1,-1,-1,-1,-1,-1,-1,-1,-1,-1,-1,1944,-1,-1,-1,-1,-1,-1,1922,-1,-1,-1,-1,-1,1104,1166,1118,1107,1075,1048,1044,0,0,0,0,0,0,0,0,0,0,0,0,0,0,0,0,0,0,0,0,0,0,0,0,0,0,0,0,0,0,0,0,0,0,0,0,0,0,0,0,0,0,0,0,1,0,0,0,0,0,0,1,0,0,1,1,0,1,1,1,1,1,1,1
2026-07-07T14:27:07.442,tof1,8x8,empty,-1,-1,3196,3240,-1,-1,-1,-1,-1,-1,-1,-1,-1,-1,-1,-1,-1,-1,-1,-1,-1,-1,-1,-1,-1,-1,-1,-1,-1,-1,-1,-1,-1,1694,1755,1770,-1,-1,-1,-1,1377,-1,-1,1468,-1,1466,-1,-1,1151,1163,1205,1204,1208,1187,-1,-1,999,1014,1006,1007,1014,1021,1000,984,0,0,1,1,0,0,1,0,0,0,0,0,0,0,1,0,0,0,0,0,0,0,0,0,0,0,1,0,0,0,0,0,0,1,1,1,1,1,0,0,1,1,0,1,1,1,1,0,1,1,1,1,1,1,1,0,1,1,1,1,1,1,1,1
2026-07-07T14:27:07.529,tof1,8x8,empty,-1,-1,3190,3230,-1,-1,-1,-1,-1,-1,-1,-1,-1,-1,-1,-1,-1,-1,-1,-1,-1,-1,-1,-1,-1,-1,-1,1926,-1,-1,-1,-1,-1,1698,1810,1790,1693,1584,-1,-1,1390,1410,-1,1423,1463,1402,-1,-1,1184,1200,1169,1197,1215,1176,1166,-1,996,985,1017,1022,1018,1009,1011,976,0,0,1,1,0,0,0,1,0,1,0,0,0,0,0,0,0,0,0,0,0,0,0,0,0,0,0,1,0,0,1,0,0,1,1,1,1,1,0,0,1,1,0,1,1,1,1,0,1,1,1,1,1,1,1,1,1,1,1,1,1,1,1,1
2026-07-07T14:27:07.523,tof2,8x8,empty,-1,-1,-1,-1,-1,-1,-1,-1,-1,-1,-1,-1,-1,-1,-1,-1,-1,-1,-1,-1,-1,-1,-1,-1,-1,-1,-1,-1,-1,-1,-1,-1,-1,-1,-1,-1,-1,-1,-1,-1,-1,-1,-1,-1,2001,1971,-1,-1,-1,-1,-1,1940,-1,1924,-1,-1,-1,1100,1136,1094,1092,1043,1089,994,0,0,0,0,0,0,0,0,0,0,0,0,0,0,0,0,0,0,0,0,0,0,0,0,0,0,0,0,0,0,0,0,0,0,0,0,0,0,0,0,0,0,0,0,1,1,0,0,0,0,0,1,1,1,0,0,0,1,1,1,1,1,1,1
2026-07-07T14:27:07.624,tof2,8x8,empty,-1,-1,-1,-1,-1,-1,-1,-1,-1,-1,-1,-1,-1,-1,-1,-1,-1,-1,-1,-1,-1,-1,-1,-1,-1,-1,-1,-1,-1,-1,-1,-1,-1,-1,-1,-1,-1,-1,-1,-1,-1,-1,-1,-1,1972,1976,-1,-1,-1,-1,-1,1983,-1,-1,-1,-1,-1,1140,1114,1103,1095,1123,1033,988,0,0,0,0,0,0,0,0,0,0,0,0,0,0,0,0,0,0,0,0,0,0,0,0,0,0,0,0,0,0,0,0,0,0,0,0,0,0,0,0,0,0,0,0,1,1,0,0,0,0,0,1,0,0,0,0,0,1,1,1,1,1,1,1
2026-07-07T14:27:07.646,tof1,8x8,empty,-1,-1,3175,3197,-1,-1,-1,-1,-1,-1,-1,-1,-1,-1,-1,-1,-1,-1,-1,-1,-1,-1,-1,-1,-1,-1,-1,-1,-1,-1,-1,-1,-1,1666,1776,1774,1736,-1,-1,-1,1406,1393,-1,1392,1439,1416,-1,-1,1193,1160,1215,1191,1187,1200,1153,-1,990,1003,1002,1012,1023,1018,1018,981,0,0,1,1,0,0,1,0,0,0,0,0,0,0,0,0,0,0,0,0,0,0,0,0,0,1,1,0,0,0,0,0,0,1,1,1,1,0,0,0,1,1,1,1,1,1,0,0,1,1,1,1,1,1,1,1,1,1,1,1,1,1,1,1
2026-07-07T14:27:07.716,tof2,8x8,empty,-1,-1,-1,-1,-1,-1,-1,-1,-1,-1,-1,-1,-1,-1,-1,-1,-1,-1,-1,-1,-1,-1,-1,-1,-1,-1,-1,-1,-1,-1,-1,-1,-1,-1,-1,-1,-1,-1,-1,-1,-1,-1,-1,-1,2004,1982,-1,-1,-1,-1,-1,1938,-1,1927,-1,-1,-1,1096,1099,1127,1163,1070,1055,1031,0,0,0,0,0,0,0,0,0,0,0,0,0,0,0,0,0,0,0,0,0,0,0,0,0,0,0,0,0,0,0,0,0,0,0,0,0,0,0,0,0,0,0,0,1,1,0,0,0,0,0,1,0,1,0,0,0,1,1,1,1,1,1,1
2026-07-07T14:27:07.746,tof1,8x8,empty,-1,-1,3169,3227,-1,-1,-1,-1,-1,-1,-1,-1,-1,-1,-1,-1,-1,-1,-1,-1,-1,3552,-1,-1,-1,-1,-1,-1,-1,-1,-1,-1,-1,1671,1739,1769,1758,-1,-1,-1,1490,1419,-1,-1,1391,1436,-1,-1,1176,1214,1179,1206,1208,1194,1156,-1,1002,1010,1011,1008,1007,1012,1021,973,1,0,1,1,0,0,1,0,0,0,0,0,0,0,0,0,0,0,0,0,1,1,0,0,0,0,0,0,0,0,0,0,0,1,1,1,1,0,0,0,1,1,0,1,1,1,0,0,1,1,1,1,1,1,1,1,1,1,1,1,1,1,1,1
2026-07-07T14:27:07.848,tof2,8x8,empty,-1,-1,-1,-1,-1,-1,-1,-1,-1,-1,-1,-1,-1,-1,-1,-1,-1,-1,-1,-1,-1,-1,-1,-1,-1,-1,-1,-1,-1,-1,-1,-1,-1,-1,-1,-1,-1,-1,-1,-1,-1,-1,-1,-1,2029,1976,-1,-1,-1,-1,-1,1929,-1,-1,-1,-1,-1,1088,1147,1107,1097,1060,1077,976,0,0,0,0,0,0,0,0,0,0,0,0,0,0,0,0,0,0,0,0,0,0,0,0,0,0,0,0,0,0,0,0,0,0,0,0,0,0,0,0,0,0,0,0,1,1,0,0,0,0,0,1,0,0,0,0,0,1,1,1,1,1,1,1
2026-07-07T14:27:07.862,tof1,8x8,empty,2778,-1,3178,3196,-1,-1,-1,-1,-1,-1,-1,-1,-1,-1,-1,-1,-1,-1,-1,-1,-1,-1,-1,-1,-1,-1,-1,1886,-1,-1,-1,-1,-1,1808,1760,1800,1795,-1,-1,-1,-1,1442,1472,1434,1413,1388,-1,-1,1152,1183,1203,1191,1202,1214,1163,-1,996,1001,1009,1008,1008,1007,1011,968,1,0,1,1,0,0,0,1,0,0,0,0,0,0,0,0,0,0,0,0,0,0,0,0,0,0,0,1,1,0,0,0,0,1,1,1,1,1,0,0,1,1,1,1,1,1,0,0,1,1,1,1,1,1,1,1,1,1,1,1,1,1,1,1
2026-07-07T14:27:07.983,tof1,8x8,empty,-1,-1,3180,3221,-1,-1,-1,-1,-1,-1,-1,-1,-1,-1,-1,-1,-1,-1,-1,-1,-1,-1,-1,-1,-1,-1,-1,-1,2159,-1,-1,-1,-1,1764,1751,1761,1716,-1,-1,-1,1497,1422,-1,1412,1443,1391,-1,-1,1160,1193,1195,1206,1198,1190,1198,1093,1013,1018,1021,1022,1029,998,1031,999,0,0,1,1,0,0,0,0,0,0,0,0,0,0,0,0,0,0,0,0,0,0,1,0,0,0,1,0,1,0,0,0,0,1,1,1,1,0,0,0,1,1,0,1,1,1,0,0,1,1,1,1,1,1,1,1,1,1,1,1,1,1,1,1
2026-07-07T14:27:07.995,tof2,8x8,empty,-1,-1,-1,-1,-1,-1,-1,-1,-1,-1,-1,-1,-1,-1,-1,-1,-1,-1,-1,-1,-1,-1,-1,-1,-1,-1,-1,-1,-1,-1,-1,-1,-1,-1,-1,-1,-1,-1,-1,-1,-1,-1,-1,-1,1991,1954,-1,-1,-1,-1,-1,1962,-1,-1,-1,-1,-1,1153,1155,1098,1060,1097,1091,1033,0,0,0,0,0,0,0,0,0,0,0,0,0,0,0,0,0,0,0,0,0,0,0,0,0,0,0,0,0,0,0,0,0,0,0,0,0,0,0,0,0,0,0,0,1,1,0,0,0,0,0,1,1,0,1,0,0,1,1,1,1,1,1,1
2026-07-07T14:27:08.129,tof1,8x8,empty,-1,-1,3197,3226,-1,-1,-1,-1,-1,-1,-1,-1,-1,-1,-1,-1,-1,-1,-1,-1,-1,-1,-1,-1,-1,-1,-1,-1,-1,-1,-1,-1,-1,1712,1748,1815,1777,-1,-1,-1,1351,1462,-1,1463,1417,1395,-1,-1,1178,1181,1204,1191,1219,1179,1167,-1,1003,996,1009,1032,1010,1007,1010,984,0,0,1,1,0,0,0,0,0,0,0,0,0,0,1,0,0,0,0,0,0,0,0,0,0,0,1,1,0,0,0,0,0,1,1,1,1,0,0,0,1,1,0,1,1,1,0,0,1,1,1,1,1,1,1,0,1,1,1,1,1,1,1,1
2026-07-07T14:27:08.120,tof2,8x8,empty,-1,-1,-1,-1,-1,-1,-1,-1,-1,-1,-1,-1,-1,-1,-1,-1,-1,-1,-1,-1,-1,-1,-1,-1,-1,-1,-1,-1,-1,-1,-1,-1,-1,-1,-1,-1,-1,-1,-1,-1,-1,-1,-1,-1,1964,2015,-1,-1,-1,-1,-1,1971,-1,-1,-1,-1,-1,-1,1174,1114,1132,-1,1043,982,0,0,0,0,0,0,0,0,0,0,0,0,0,0,0,0,0,0,0,0,0,0,0,0,0,0,0,0,0,0,0,0,0,0,0,0,0,0,0,0,0,0,0,0,1,1,0,1,0,0,0,1,0,0,1,0,0,1,1,1,1,1,1,1
2026-07-07T14:27:08.226,tof2,8x8,empty,-1,-1,-1,-1,-1,-1,-1,-1,-1,-1,-1,-1,-1,-1,-1,-1,-1,-1,-1,-1,-1,-1,-1,-1,-1,-1,-1,-1,-1,-1,-1,-1,-1,-1,-1,-1,-1,-1,-1,-1,-1,-1,-1,-1,-1,-1,-1,-1,-1,-1,-1,1891,-1,-1,-1,-1,-1,1135,1154,1073,1079,1105,1095,-1,0,0,0,0,0,0,0,0,0,0,0,0,0,0,0,0,0,0,0,0,0,0,0,0,0,0,0,0,0,0,0,0,0,0,0,0,0,0,0,0,0,0,0,0,1,1,0,0,0,0,0,1,0,1,1,0,0,1,1,1,1,1,1,1
2026-07-07T14:27:08.304,tof1,8x8,empty,-1,-1,3189,3220,-1,-1,-1,-1,-1,-1,-1,-1,-1,-1,-1,-1,-1,-1,-1,-1,-1,-1,-1,-1,-1,-1,-1,1819,-1,-1,-1,-1,-1,1676,1754,1805,1790,-1,-1,-1,1373,-1,-1,1489,1416,1342,-1,-1,1182,1222,1198,1193,1184,1206,1172,-1,998,992,1024,1035,1037,1005,1019,983,0,0,1,1,0,0,0,0,0,0,0,0,0,0,1,0,0,0,0,0,0,0,0,0,0,0,0,1,0,0,0,0,0,1,1,1,1,0,0,0,1,0,1,1,1,1,0,0,1,1,1,1,1,1,1,1,1,1,1,1,1,1,1,1
2026-07-07T14:27:08.319,tof2,8x8,empty,-1,-1,-1,-1,-1,-1,-1,-1,-1,-1,-1,-1,-1,-1,-1,-1,-1,-1,-1,-1,-1,-1,-1,-1,-1,-1,-1,-1,-1,-1,-1,-1,-1,-1,-1,-1,-1,-1,-1,-1,-1,-1,-1,-1,1949,1961,-1,-1,-1,-1,-1,1982,-1,-1,1959,-1,-1,-1,1156,1210,-1,1075,1110,1032,0,0,0,0,0,0,0,0,0,0,0,0,0,0,0,0,0,0,0,0,0,0,0,0,0,0,0,0,0,0,0,0,0,0,0,0,0,0,0,0,0,0,0,0,1,1,0,0,0,1,0,1,0,0,1,0,1,1,1,1,1,1,1,1
2026-07-07T14:27:08.432,tof1,8x8,empty,-1,-1,3176,3212,-1,-1,-1,-1,-1,-1,-1,-1,-1,-1,-1,-1,-1,-1,-1,-1,-1,-1,-1,-1,-1,-1,-1,-1,-1,-1,-1,-1,-1,1766,1769,1812,-1,-1,-1,-1,1373,-1,1472,1400,1455,1435,-1,-1,-1,1223,1197,1182,1215,1194,1158,-1,995,1000,1013,1020,1017,995,995,987,0,0,1,1,0,0,0,0,0,0,0,0,0,0,0,0,0,0,0,0,0,0,0,1,0,0,0,1,0,0,0,1,1,1,1,1,1,0,0,0,1,0,1,1,1,1,1,0,1,1,1,1,1,1,1,0,1,1,1,1,1,1,1,1
2026-07-07T14:27:08.437,tof2,8x8,empty,-1,-1,-1,-1,-1,-1,-1,-1,-1,-1,-1,-1,-1,-1,-1,-1,-1,-1,-1,-1,-1,-1,-1,-1,-1,-1,-1,-1,-1,-1,-1,-1,-1,-1,-1,-1,-1,-1,-1,-1,-1,-1,-1,-1,1994,2018,-1,-1,-1,-1,-1,-1,-1,-1,1901,-1,-1,-1,1120,-1,1091,1095,1068,1047,0,0,0,0,0,0,0,0,0,0,0,0,0,0,0,0,0,0,0,0,0,0,0,0,0,0,0,0,0,0,0,0,0,0,0,0,0,0,0,0,0,0,0,0,1,1,0,0,0,0,0,0,1,1,1,0,0,0,1,1,1,1,1,1
2026-07-07T14:27:08.597,tof2,8x8,empty,-1,-1,-1,-1,-1,-1,-1,-1,-1,-1,-1,-1,-1,-1,-1,-1,-1,-1,-1,-1,-1,-1,-1,-1,-1,-1,-1,-1,-1,-1,-1,-1,-1,-1,-1,-1,-1,-1,-1,-1,-1,-1,-1,-1,-1,1956,1997,-1,-1,-1,-1,1931,-1,1972,1911,-1,-1,-1,1133,1111,1102,1070,1052,984,0,0,0,0,0,0,0,0,0,0,0,0,0,0,0,0,0,0,0,0,0,0,0,0,0,0,0,0,0,0,0,0,0,0,0,0,0,0,0,0,0,0,0,0,1,1,1,0,0,0,0,1,0,1,1,0,0,0,1,1,1,1,1,1
2026-07-07T14:27:08.742,tof1,8x8,empty,-1,-1,3181,3210,-1,-1,-1,-1,-1,-1,-1,-1,-1,-1,-1,-1,-1,-1,-1,-1,-1,-1,-1,-1,-1,-1,-1,-1,-1,-1,-1,-1,-1,1688,-1,1788,-1,-1,-1,-1,1428,1360,1380,1462,1467,1424,-1,-1,1196,1183,1210,1220,1210,1179,1166,-1,1020,1006,993,1043,1016,1003,1021,984,1,0,1,1,0,0,0,1,0,0,0,0,0,0,0,0,0,0,0,0,0,0,0,0,0,1,0,1,0,0,0,0,0,1,1,1,1,0,0,0,1,1,1,1,1,1,0,0,1,1,1,1,1,1,1,1,1,1,1,1,1,1,1,1
2026-07-07T14:27:08.784,tof2,8x8,empty,-1,-1,-1,-1,-1,-1,-1,-1,-1,-1,-1,-1,-1,-1,-1,-1,-1,-1,-1,-1,-1,-1,-1,-1,-1,-1,-1,-1,-1,-1,-1,-1,-1,-1,-1,-1,-1,-1,-1,-1,-1,-1,-1,-1,1966,-1,-1,-1,-1,-1,-1,-1,-1,-1,-1,-1,-1,-1,1161,1093,1145,1053,1107,996,0,0,0,1,0,0,0,0,0,0,0,0,0,0,0,0,0,0,0,0,0,0,0,0,0,0,0,0,0,0,0,0,0,0,0,0,0,0,0,0,0,0,0,0,1,1,0,0,0,0,0,1,0,0,0,0,0,0,1,1,1,1,1,1
2026-07-07T14:27:08.954,tof2,8x8,empty,-1,-1,-1,-1,-1,-1,-1,-1,-1,-1,-1,-1,-1,-1,-1,-1,-1,-1,-1,-1,-1,-1,-1,-1,-1,-1,-1,-1,-1,-1,-1,-1,-1,-1,-1,-1,-1,-1,-1,-1,-1,-1,-1,-1,-1,1948,-1,-1,-1,-1,-1,1926,-1,1993,1934,-1,-1,-1,1170,1103,1105,1022,1067,1021,0,0,0,0,0,0,0,0,0,0,0,0,0,0,0,0,0,0,0,0,0,0,0,0,0,0,0,0,0,0,0,0,0,0,0,0,0,0,0,0,0,0,0,0,0,1,0,0,0,0,0,1,0,1,1,0,0,0,1,1,1,1,1,1
2026-07-07T14:27:09.122,tof1,8x8,empty,-1,-1,3203,3224,-1,-1,-1,-1,-1,-1,-1,-1,-1,-1,-1,-1,-1,-1,-1,-1,-1,-1,-1,-1,-1,-1,-1,-1,-1,-1,-1,-1,-1,1710,1804,1811,1728,-1,-1,-1,-1,-1,-1,1441,-1,1410,-1,-1,1181,1185,1164,1196,1175,1220,1189,2110,979,1007,1009,1034,1015,1001,991,988,0,0,1,1,0,0,0,0,0,0,0,0,0,0,0,1,0,0,0,0,0,0,0,0,0,0,1,0,0,0,0,0,0,1,1,1,1,0,0,0,1,1,1,1,1,1,0,0,1,1,1,1,1,1,1,1,1,1,1,1,1,1,1,1
2026-07-07T14:27:09.162,tof2,8x8,empty,-1,-1,-1,-1,-1,-1,-1,-1,-1,-1,-1,-1,-1,-1,-1,-1,-1,-1,-1,-1,-1,-1,-1,-1,-1,-1,-1,-1,-1,-1,-1,-1,-1,-1,-1,-1,-1,-1,-1,-1,-1,-1,-1,-1,-1,-1,-1,-1,-1,-1,-1,1935,-1,1960,-1,-1,-1,-1,1166,1110,-1,1099,1046,968,0,0,0,0,0,0,0,0,0,0,0,0,1,0,0,0,0,0,0,0,0,0,0,0,0,0,0,0,0,0,0,0,0,0,0,0,0,0,0,0,0,0,0,0,1,1,0,1,0,0,0,1,0,1,0,0,0,0,1,1,1,1,1,1
2026-07-07T14:27:09.266,tof1,8x8,empty,-1,-1,3187,3229,-1,-1,-1,-1,-1,-1,-1,-1,-1,-1,-1,-1,-1,-1,-1,-1,-1,-1,-1,-1,-1,-1,-1,1907,-1,-1,-1,-1,-1,1716,1783,1814,1736,-1,-1,-1,1389,1430,1368,1410,1385,1353,-1,-1,1179,1174,1227,1217,1188,1196,1148,-1,988,1003,1010,1019,1028,1008,1040,973,0,0,1,1,0,0,0,1,0,0,0,0,0,0,0,0,0,0,0,0,0,0,0,0,0,0,1,1,0,0,0,0,1,1,1,1,1,0,0,0,1,1,1,1,1,1,0,0,1,1,1,1,1,1,1,0,1,1,1,1,1,1,1,1
2026-07-07T14:27:09.269,tof2,8x8,empty,-1,-1,-1,-1,-1,-1,-1,-1,-1,-1,-1,-1,-1,-1,-1,-1,-1,-1,-1,-1,-1,-1,-1,-1,-1,-1,-1,-1,-1,-1,-1,-1,-1,-1,-1,-1,-1,-1,-1,-1,-1,-1,-1,-1,1979,1942,-1,-1,-1,-1,-1,-1,-1,1873,-1,-1,-1,1074,1117,1131,1088,1094,1071,-1,0,0,0,0,0,0,0,0,0,0,0,0,0,0,0,0,0,0,0,0,0,0,0,0,0,0,0,0,0,0,0,0,0,0,0,0,0,0,0,0,0,0,0,0,1,1,1,0,0,0,0,1,0,1,0,0,0,1,1,1,1,1,1,1
2026-07-07T14:27:09.379,tof2,8x8,empty,-1,-1,-1,-1,-1,-1,-1,-1,-1,-1,-1,-1,-1,-1,-1,-1,-1,-1,-1,-1,-1,-1,-1,-1,-1,-1,-1,-1,-1,-1,-1,-1,-1,-1,-1,-1,-1,-1,-1,-1,-1,-1,-1,-1,1977,-1,-1,-1,-1,-1,-1,1952,-1,1894,-1,-1,-1,-1,1144,1134,1093,-1,1024,-1,0,0,0,0,0,0,0,0,0,0,0,0,0,0,0,0,0,0,0,0,0,0,0,0,0,0,0,0,0,0,0,0,0,0,0,0,0,0,0,0,0,0,0,0,1,0,0,0,0,0,0,1,0,1,1,0,0,0,1,1,1,1,1,1
2026-07-07T14:27:09.407,tof1,8x8,empty,-1,-1,3191,3221,-1,-1,-1,-1,-1,-1,-1,-1,-1,-1,-1,-1,-1,-1,-1,-1,-1,-1,-1,-1,-1,-1,1899,-1,-1,-1,-1,-1,-1,1707,1777,1760,1773,-1,-1,-1,1445,-1,1373,1447,1423,1429,-1,-1,1164,1193,1175,1214,1187,1177,1153,-1,981,984,1007,1027,1029,982,1014,977,0,0,1,1,0,0,1,1,0,0,0,0,0,0,0,0,0,0,0,0,0,0,0,1,0,0,1,0,0,0,1,0,1,1,1,1,1,0,0,0,1,1,1,1,1,1,0,0,1,1,1,1,1,1,1,0,1,1,1,1,1,1,1,1
2026-07-07T14:27:09.466,tof2,8x8,empty,-1,-1,-1,-1,-1,-1,-1,-1,-1,-1,-1,-1,-1,-1,-1,-1,-1,-1,-1,-1,-1,-1,-1,-1,-1,-1,-1,-1,-1,-1,-1,-1,-1,-1,-1,-1,-1,-1,-1,-1,-1,-1,-1,-1,1949,-1,-1,-1,-1,-1,-1,-1,-1,1962,-1,-1,-1,-1,1097,1124,1092,1123,1031,994,0,0,0,0,0,0,0,0,0,0,0,0,0,0,0,0,0,0,0,0,0,0,0,0,0,0,0,0,0,0,0,0,0,0,0,0,0,0,0,0,0,0,0,0,1,1,1,0,0,0,0,0,1,1,0,1,0,0,1,1,1,1,1,1
2026-07-07T14:27:09.507,tof1,8x8,empty,-1,-1,3180,-1,-1,-1,-1,-1,-1,-1,-1,-1,-1,-1,3296,-1,-1,-1,-1,-1,-1,-1,-1,-1,-1,-1,-1,-1,-1,-1,-1,-1,-1,1680,1800,1803,1755,-1,-1,-1,1376,1476,-1,1436,1428,1449,-1,-1,1147,1213,1205,1174,1208,1209,1172,1120,992,990,1009,1023,1017,999,1003,973,0,0,1,1,0,0,0,1,0,0,0,0,0,0,1,0,0,0,0,0,0,0,0,0,0,0,1,1,0,0,0,0,0,1,1,1,1,0,0,0,1,1,0,1,1,1,0,0,1,1,1,1,1,1,1,1,1,1,1,1,1,1,1,1
2026-07-07T14:27:09.558,tof2,8x8,empty,-1,-1,-1,-1,-1,-1,-1,-1,-1,-1,-1,-1,-1,-1,-1,-1,-1,-1,-1,-1,-1,-1,-1,-1,-1,-1,-1,-1,-1,-1,-1,-1,-1,-1,-1,-1,-1,-1,-1,-1,-1,-1,-1,-1,2013,-1,-1,-1,-1,-1,-1,1931,-1,-1,-1,-1,-1,-1,1162,1107,1117,1094,1122,987,0,0,0,0,0,0,0,0,0,0,0,0,0,0,0,0,0,0,0,0,0,0,0,0,0,0,0,0,0,0,0,0,0,0,0,0,0,0,0,0,0,0,0,0,1,1,0,0,0,0,0,1,0,1,0,0,1,1,1,1,1,1,1,1
2026-07-07T14:27:09.619,tof1,8x8,empty,-1,-1,3192,3205,-1,-1,-1,-1,-1,-1,-1,-1,-1,-1,-1,-1,-1,-1,-1,-1,-1,-1,-1,-1,-1,-1,-1,-1,-1,-1,-1,-1,-1,1659,1701,1825,1718,-1,-1,-1,1363,-1,-1,1467,1440,1438,-1,-1,1157,1192,1163,1201,1201,1200,1166,-1,1006,1005,1013,1022,1040,1031,1019,985,0,0,1,1,0,0,1,0,0,0,0,0,0,0,0,0,0,0,0,0,0,0,1,0,0,0,0,1,0,0,0,0,0,1,1,1,1,0,0,0,1,0,0,1,1,1,1,0,1,1,1,1,1,1,1,1,1,1,1,1,1,1,1,1
2026-07-07T14:27:09.695,tof2,8x8,empty,-1,-1,-1,-1,-1,-1,-1,-1,-1,-1,-1,-1,-1,-1,-1,-1,-1,-1,-1,-1,-1,-1,-1,-1,-1,-1,-1,-1,-1,-1,-1,-1,-1,-1,-1,-1,-1,-1,-1,-1,-1,-1,-1,-1,1980,2052,-1,-1,-1,-1,-1,2008,-1,1925,-1,-1,-1,-1,1190,-1,1062,1103,1103,1042,0,0,0,0,1,0,0,0,0,0,0,0,0,0,0,0,0,0,0,0,0,0,0,0,0,0,0,0,0,0,0,0,0,0,0,0,0,0,0,0,0,0,0,0,1,1,0,0,0,0,0,1,1,1,0,0,0,0,1,1,1,1,1,1
2026-07-07T14:27:09.731,tof1,8x8,empty,-1,-1,3203,3217,-1,-1,-1,-1,-1,-1,-1,-1,-1,-1,-1,-1,-1,-1,-1,-1,-1,-1,-1,-1,-1,-1,-1,1880,-1,-1,-1,-1,-1,1699,1798,1725,1708,-1,-1,-1,1388,1465,-1,1440,1412,1375,-1,-1,1178,1231,1172,1181,-1,1203,1174,1131,990,1010,1014,1010,1023,1008,1025,971,0,0,1,1,0,0,0,1,0,0,0,0,0,0,0,0,0,0,0,0,0,0,0,1,0,0,1,1,0,0,0,0,0,1,1,1,1,0,0,0,1,1,0,1,1,1,1,0,1,1,1,1,1,1,1,1,1,1,1,1,1,1,1,1
2026-07-07T14:27:09.833,tof2,8x8,empty,-1,-1,-1,-1,-1,-1,-1,-1,-1,-1,-1,-1,-1,-1,-1,-1,-1,-1,-1,-1,-1,-1,-1,-1,-1,-1,-1,-1,-1,-1,-1,-1,-1,-1,-1,-1,-1,-1,-1,-1,-1,-1,-1,-1,1978,2023,-1,-1,-1,-1,-1,1969,-1,1891,-1,-1,-1,-1,1121,1116,1107,1085,1062,1027,0,0,0,0,0,0,0,0,0,0,0,0,0,0,0,0,0,0,0,0,0,0,0,0,0,0,0,0,0,0,0,0,0,0,0,0,0,0,0,0,0,0,0,0,1,1,0,0,0,0,0,1,0,1,0,0,0,1,1,1,1,1,1,1
2026-07-07T14:27:09.842,tof1,8x8,empty,-1,-1,3171,3259,-1,-1,-1,-1,-1,-1,-1,-1,-1,-1,-1,-1,-1,-1,-1,-1,-1,-1,-1,-1,-1,-1,-1,1911,-1,-1,-1,-1,-1,1707,1750,-1,1727,-1,-1,-1,1344,1448,-1,1480,1442,1425,-1,-1,1182,1175,1176,1206,1189,1189,1179,-1,995,999,1004,1016,1033,1010,991,992,0,0,1,1,0,0,0,0,0,0,0,0,0,0,0,0,0,0,0,0,0,0,0,0,0,0,1,1,0,0,0,0,0,1,1,1,1,0,0,0,1,1,0,1,1,1,0,0,1,1,1,1,1,1,1,1,1,1,1,1,1,1,1,1
2026-07-07T14:27:09.934,tof1,8x8,empty,-1,-1,3202,3241,-1,-1,-1,-1,-1,-1,-1,-1,-1,-1,-1,-1,-1,-1,-1,-1,-1,-1,-1,-1,-1,-1,-1,-1,-1,-1,-1,-1,-1,1615,1773,1712,1760,-1,-1,-1,1442,1452,-1,1423,1468,1425,-1,-1,1161,1207,1160,1184,1211,1201,1147,-1,989,993,1016,1013,1011,1014,994,973,0,0,1,1,0,0,0,0,0,0,0,0,0,0,0,0,0,0,0,0,0,1,0,0,0,0,0,0,0,0,0,0,0,1,1,1,1,0,0,0,1,1,1,1,1,1,1,0,1,1,1,1,1,1,1,1,1,1,1,1,1,1,1,1
2026-07-07T14:27:09.956,tof2,8x8,empty,-1,-1,-1,-1,-1,-1,-1,-1,-1,-1,-1,-1,-1,-1,-1,-1,-1,-1,-1,-1,-1,-1,-1,-1,-1,-1,-1,-1,-1,-1,-1,-1,-1,-1,-1,-1,-1,-1,-1,-1,-1,-1,-1,-1,-1,-1,-1,-1,-1,-1,-1,1888,-1,-1,-1,-1,-1,1156,1096,1154,-1,1098,1149,1050,0,0,0,0,0,0,0,0,0,0,0,0,0,0,0,0,0,0,0,0,0,0,0,0,0,0,0,0,0,0,0,0,0,0,0,0,0,0,0,0,0,0,0,0,0,0,0,0,0,0,0,1,0,1,0,0,0,1,1,1,1,1,1,1
2026-07-07T14:27:10.055,tof1,8x8,empty,-1,-1,3189,3222,-1,-1,-1,-1,-1,-1,-1,-1,-1,-1,-1,-1,-1,-1,-1,-1,-1,-1,-1,-1,-1,-1,-1,-1,-1,-1,-1,-1,-1,-1,1778,1811,1706,-1,-1,-1,1347,1468,-1,1414,1457,1386,-1,-1,1166,1206,1198,1200,1212,1204,1213,-1,992,1004,1014,1035,1007,1009,1006,991,0,0,1,1,0,0,0,0,0,0,0,0,0,0,1,0,0,0,0,0,0,0,0,0,0,1,0,1,0,0,1,0,0,1,1,1,1,1,0,0,1,1,0,1,1,1,0,0,1,1,1,1,1,1,1,1,1,1,1,1,1,1,1,1
2026-07-07T14:27:10.057,tof2,8x8,empty,-1,-1,-1,-1,-1,-1,-1,-1,-1,-1,-1,-1,-1,-1,-1,-1,-1,-1,-1,-1,-1,-1,-1,-1,-1,-1,-1,-1,-1,-1,-1,-1,-1,-1,-1,-1,-1,-1,-1,-1,-1,-1,-1,-1,-1,-1,-1,-1,-1,-1,-1,1963,-1,1956,-1,-1,-1,1191,1185,-1,1096,1087,1097,1045,0,0,0,0,0,0,0,0,0,0,0,0,0,0,0,0,0,0,0,0,0,0,0,0,0,0,0,0,0,0,0,0,0,0,0,0,0,0,0,0,0,0,0,0,0,1,1,0,0,0,0,1,1,1,0,0,0,1,1,1,1,1,1,1
2026-07-07T14:27:10.161,tof1,8x8,empty,-1,-1,3183,3211,-1,-1,-1,-1,-1,-1,-1,-1,-1,-1,-1,-1,-1,-1,-1,-1,-1,-1,-1,-1,-1,-1,-1,1952,-1,-1,-1,-1,-1,1673,1826,1798,1781,-1,-1,-1,1438,1415,-1,1496,1432,1423,-1,-1,1198,1184,1202,1179,1203,1188,1155,-1,994,1029,1011,1022,1019,1036,1008,961,0,0,1,1,0,0,0,0,0,0,0,0,0,0,0,0,0,0,0,0,0,0,0,0,0,0,1,1,0,0,0,0,0,1,1,1,1,0,0,0,1,1,0,1,1,1,0,0,1,1,1,1,1,1,1,0,1,1,1,1,1,1,1,1
2026-07-07T14:27:10.253,tof1,8x8,empty,-1,-1,3190,3232,-1,-1,-1,-1,-1,-1,-1,-1,-1,-1,-1,-1,-1,-1,-1,-1,-1,-1,-1,-1,-1,-1,-1,-1,-1,-1,-1,-1,-1,1718,1757,1785,1708,-1,-1,-1,1425,-1,-1,1449,1459,1432,-1,-1,1173,1217,1200,1179,1211,1172,1156,2206,1000,1000,1016,1023,1013,996,1006,972,0,0,1,1,0,0,0,0,0,0,0,0,0,0,0,0,0,0,0,0,0,0,0,0,0,0,0,1,1,0,0,0,0,1,1,1,1,0,0,0,1,1,0,1,1,1,0,0,1,1,1,1,1,1,1,1,1,1,1,1,1,1,1,1
2026-07-07T14:27:10.247,tof2,8x8,empty,-1,-1,-1,-1,-1,-1,-1,-1,-1,-1,-1,-1,-1,-1,-1,-1,-1,-1,-1,-1,-1,-1,-1,-1,-1,-1,-1,-1,-1,-1,-1,-1,-1,-1,-1,-1,-1,-1,-1,-1,-1,-1,-1,-1,2001,1993,-1,-1,-1,-1,-1,1955,-1,-1,-1,-1,-1,1110,1149,1097,1089,1045,1057,1013,0,0,0,0,0,0,0,0,0,0,0,0,0,0,0,0,0,0,0,0,0,0,0,0,0,0,0,0,0,0,0,0,0,0,0,0,0,0,0,0,0,0,0,0,1,1,1,0,0,0,0,1,1,0,1,0,0,1,1,1,1,1,1,1
2026-07-07T14:27:10.368,tof1,8x8,empty,-1,-1,3207,3223,-1,-1,-1,-1,-1,-1,-1,-1,-1,-1,-1,-1,-1,-1,-1,-1,-1,-1,-1,-1,-1,-1,-1,1923,-1,-1,-1,-1,-1,1660,1758,1829,1673,-1,-1,-1,1381,1382,-1,1424,1446,1418,-1,-1,1189,1220,1192,1195,1216,1202,1187,2277,994,1007,1031,1006,1014,1011,1012,988,0,0,1,1,0,0,0,0,0,0,0,0,0,0,0,0,0,0,0,0,0,0,0,0,0,0,0,1,0,0,1,1,0,1,1,1,1,0,0,0,1,1,0,1,1,1,0,0,1,1,1,1,1,1,1,1,1,1,1,1,1,1,1,1
2026-07-07T14:27:10.367,tof2,8x8,empty,-1,-1,-1,-1,-1,-1,-1,-1,-1,-1,-1,-1,-1,-1,-1,-1,-1,-1,-1,-1,-1,-1,-1,-1,-1,-1,-1,-1,-1,-1,-1,-1,-1,-1,-1,-1,-1,-1,-1,-1,-1,-1,-1,-1,2018,-1,-1,-1,-1,-1,-1,2001,-1,-1,-1,-1,-1,-1,1180,-1,1090,1050,1090,1001,0,0,0,0,0,0,0,0,0,0,0,0,0,0,0,0,0,0,0,0,0,0,0,0,0,0,0,0,0,0,0,0,0,0,0,0,0,0,0,0,0,0,0,0,1,1,0,0,0,0,0,1,0,0,1,0,0,0,1,0,1,1,1,1
2026-07-07T14:27:10.601,tof1,8x8,empty,-1,-1,3185,3229,-1,-1,-1,3331,-1,-1,-1,-1,-1,-1,-1,-1,-1,-1,-1,-1,-1,-1,-1,-1,-1,-1,-1,-1,-1,-1,-1,-1,-1,1739,1798,1841,1765,-1,-1,-1,1375,1452,-1,-1,1483,-1,-1,-1,1187,1199,1193,1194,1180,1194,1198,-1,1001,1010,1006,1014,1017,1028,1017,985,0,0,1,1,0,0,0,1,0,0,0,0,0,0,0,0,0,0,0,0,0,0,0,0,0,0,0,0,0,0,0,0,0,1,1,1,1,1,0,0,1,1,1,1,1,1,0,0,1,1,1,1,1,1,1,0,1,1,1,1,1,1,1,1
2026-07-07T14:27:10.653,tof2,8x8,empty,-1,-1,-1,-1,-1,-1,-1,-1,-1,-1,-1,-1,-1,-1,-1,-1,-1,-1,-1,-1,-1,-1,-1,-1,-1,-1,-1,-1,-1,-1,-1,-1,-1,-1,-1,-1,-1,-1,-1,-1,-1,-1,-1,-1,1979,-1,-1,-1,-1,-1,-1,1928,1961,1946,-1,-1,-1,-1,1148,1073,1124,1133,1101,1046,0,0,0,0,0,0,0,0,0,0,0,0,0,0,0,0,0,0,0,0,0,0,0,0,0,0,0,0,0,0,0,0,0,0,0,0,0,0,0,0,0,0,0,0,1,0,0,0,0,0,0,1,1,1,1,0,0,0,1,1,1,1,1,1
2026-07-07T14:27:10.740,tof1,8x8,empty,-1,-1,3192,3210,-1,-1,3279,-1,-1,-1,-1,-1,-1,-1,-1,-1,-1,-1,-1,-1,-1,-1,-1,-1,-1,-1,-1,-1,-1,-1,3622,-1,-1,1731,1762,1807,1753,-1,-1,-1,1381,-1,-1,1381,1421,1401,-1,-1,-1,1206,-1,1199,1187,1201,1137,-1,994,991,1000,1017,1010,998,1005,980,0,0,1,1,0,0,1,0,0,0,0,0,0,0,0,0,0,0,0,0,0,0,1,0,0,0,0,0,0,0,1,0,0,1,1,1,1,0,0,0,1,0,1,1,1,1,0,0,1,1,1,1,1,1,1,0,1,1,1,1,1,1,1,1
2026-07-07T14:27:10.837,tof1,8x8,empty,-1,-1,3185,3199,-1,-1,-1,-1,-1,-1,-1,-1,-1,-1,-1,-1,-1,-1,-1,-1,-1,-1,-1,-1,-1,-1,-1,1876,-1,-1,-1,-1,-1,1651,1771,1786,1753,-1,-1,-1,1421,1461,-1,1404,1418,1373,-1,-1,1197,1197,1179,1173,1189,1223,1202,-1,987,1011,1030,1023,997,1020,1001,986,1,0,1,1,0,0,0,0,0,0,0,0,0,0,1,0,0,0,0,0,0,0,0,1,0,0,0,1,0,0,0,0,0,1,1,1,1,0,0,0,1,1,0,1,1,1,0,0,1,1,1,1,1,1,1,1,1,1,1,1,1,1,1,1
2026-07-07T14:27:10.888,tof2,8x8,empty,-1,-1,-1,-1,-1,-1,-1,-1,-1,-1,-1,-1,-1,-1,-1,-1,-1,-1,-1,-1,-1,-1,-1,-1,-1,-1,-1,-1,-1,-1,-1,-1,-1,-1,-1,-1,-1,-1,-1,-1,-1,-1,-1,-1,-1,-1,-1,-1,-1,-1,-1,1994,-1,-1,-1,-1,-1,-1,1135,-1,-1,1063,1006,-1,0,0,0,0,0,0,0,0,0,0,0,0,0,0,0,0,0,0,0,0,0,0,0,0,0,0,0,0,0,0,0,0,0,0,0,0,0,0,0,0,0,0,0,0,1,0,0,0,0,0,1,1,1,0,0,0,0,0,1,1,0,1,1,1
2026-07-07T14:27:10.952,tof1,8x8,empty,2733,-1,3195,3226,-1,-1,-1,-1,-1,-1,-1,-1,-1,-1,-1,-1,-1,-1,-1,-1,-1,-1,-1,-1,-1,-1,-1,1884,-1,-1,-1,-1,-1,1724,1765,1743,1707,-1,-1,-1,1414,1390,-1,1409,1425,1412,-1,-1,1162,1184,1183,1202,1183,1195,1190,-1,1000,1006,1017,1004,1012,1019,1017,972,1,0,1,1,0,0,0,1,0,0,0,0,0,0,0,0,0,0,0,0,0,0,0,0,0,0,0,1,0,0,0,0,0,1,1,1,1,0,0,0,1,1,1,1,1,1,0,0,1,1,1,1,1,1,1,0,1,1,1,1,1,1,1,1
2026-07-07T14:27:11.105,tof1,8x8,empty,-1,-1,3179,3237,-1,-1,-1,-1,-1,-1,-1,-1,-1,-1,-1,-1,-1,-1,-1,-1,-1,-1,-1,-1,-1,-1,-1,-1,-1,-1,-1,-1,-1,1751,1757,1810,1747,-1,-1,-1,1352,1446,-1,-1,1434,1395,-1,-1,1191,1211,1173,1188,1217,1210,1205,-1,972,994,1006,1031,1026,1013,1021,978,0,0,1,1,0,0,0,0,0,0,0,0,0,0,0,0,0,0,0,0,0,0,0,0,0,0,0,0,0,0,1,0,0,1,1,1,1,0,0,0,1,1,0,1,1,1,0,0,1,1,1,1,1,1,1,1,1,1,1,1,1,1,1,1
2026-07-07T14:27:11.108,tof2,8x8,empty,-1,-1,-1,-1,-1,-1,-1,-1,-1,-1,-1,-1,-1,-1,-1,-1,-1,-1,-1,-1,-1,-1,-1,-1,-1,-1,-1,-1,-1,-1,-1,-1,-1,-1,-1,-1,-1,-1,-1,-1,-1,-1,-1,-1,-1,-1,-1,-1,-1,-1,-1,1945,-1,1959,1924,-1,-1,-1,1110,-1,1057,1094,1038,990,0,0,0,0,0,0,0,0,0,0,0,0,0,0,0,0,0,0,0,0,0,0,0,0,0,0,0,0,0,0,0,0,0,0,0,0,0,0,0,0,0,0,0,0,0,0,1,0,0,1,0,1,0,1,1,0,1,0,1,1,1,1,1,1
2026-07-07T14:27:11.191,tof1,8x8,empty,-1,-1,3200,3223,-1,-1,-1,-1,-1,-1,-1,-1,-1,-1,-1,-1,-1,-1,-1,-1,-1,-1,-1,-1,-1,-1,-1,-1,-1,-1,-1,-1,-1,1711,1770,1800,-1,-1,-1,-1,1349,1436,-1,1426,1422,1402,-1,-1,1179,1188,1166,1199,1206,1193,1168,-1,994,1000,1003,1033,1023,1004,993,977,0,0,1,1,0,0,0,0,0,0,0,0,0,0,1,0,0,1,0,0,0,0,1,0,0,0,0,0,0,0,1,0,0,1,1,1,1,0,0,0,1,1,1,1,1,1,1,0,1,1,1,1,1,1,1,0,1,1,1,1,1,1,1,1
2026-07-07T14:27:11.262,tof2,8x8,empty,-1,-1,-1,-1,-1,-1,-1,-1,-1,-1,-1,-1,-1,-1,-1,-1,-1,-1,-1,-1,-1,-1,-1,-1,-1,-1,-1,-1,-1,-1,-1,-1,-1,-1,-1,-1,-1,-1,-1,-1,-1,-1,-1,-1,-1,2001,-1,-1,-1,-1,-1,1918,-1,-1,-1,-1,-1,1102,1135,1123,1153,-1,-1,998,0,0,0,0,0,0,0,0,0,0,0,0,0,0,0,0,0,0,0,0,0,0,0,0,0,0,0,0,0,0,0,0,0,0,0,0,0,0,0,0,0,0,0,0,1,1,1,0,0,0,0,1,0,1,1,0,0,1,1,1,1,1,1,1
2026-07-07T14:27:11.298,tof1,8x8,empty,-1,-1,3190,3221,-1,-1,-1,-1,-1,-1,-1,-1,-1,-1,-1,-1,-1,-1,-1,-1,-1,-1,-1,-1,-1,-1,1834,1940,-1,-1,-1,-1,-1,1663,1777,1790,1655,-1,-1,-1,-1,1436,-1,1468,1454,1397,-1,-1,1210,1191,1180,1193,1196,1195,1167,-1,1005,1011,1004,1026,1004,1014,1018,981,0,0,1,1,0,0,1,1,0,0,0,0,0,0,0,0,0,0,0,0,0,0,0,0,0,0,1,1,0,0,0,0,0,1,1,1,1,1,0,0,1,1,0,1,1,1,1,0,1,1,1,1,1,1,1,1,1,1,1,1,1,1,1,1
2026-07-07T14:27:11.538,tof2,8x8,empty,-1,-1,-1,-1,-1,-1,-1,-1,-1,-1,-1,-1,-1,-1,-1,-1,-1,-1,-1,-1,-1,-1,-1,-1,-1,-1,-1,-1,-1,-1,-1,-1,-1,-1,-1,-1,-1,-1,-1,-1,-1,-1,-1,-1,2009,1899,-1,-1,-1,-1,-1,1897,-1,-1,-1,-1,-1,1135,1121,1229,1107,1138,-1,985,0,0,0,0,0,0,0,0,0,0,0,0,0,0,0,0,0,0,0,0,0,0,0,0,0,0,0,0,0,0,0,0,0,0,0,0,0,0,0,0,0,0,0,0,1,1,1,0,0,0,0,1,0,0,0,0,0,1,1,1,1,1,0,1
2026-07-07T14:27:11.595,tof1,8x8,empty,-1,-1,3183,3225,-1,-1,-1,-1,-1,-1,-1,-1,-1,-1,-1,-1,-1,-1,-1,-1,-1,-1,-1,-1,-1,-1,-1,-1,-1,-1,-1,-1,-1,1656,1773,1833,1736,-1,-1,-1,-1,-1,-1,1393,1438,1393,-1,-1,1182,1193,1202,1203,1202,1166,1137,-1,1005,1010,998,1017,1015,1006,993,984,0,0,1,1,0,0,0,1,0,0,0,0,0,0,0,0,0,0,0,0,0,0,0,0,0,1,0,0,0,0,0,0,0,1,1,1,1,0,0,0,1,0,1,1,1,1,1,0,1,1,1,1,1,1,1,0,1,1,1,1,1,1,1,1
2026-07-07T14:27:11.865,tof1,8x8,empty,-1,-1,3195,3230,-1,-1,-1,-1,-1,-1,-1,-1,-1,-1,-1,-1,-1,-1,-1,-1,-1,-1,-1,-1,-1,-1,-1,1920,-1,-1,-1,-1,-1,1714,1740,1802,1741,-1,-1,-1,1397,1346,-1,1423,1460,1350,-1,-1,1171,-1,1182,1210,1201,1183,1185,-1,992,1011,1011,1010,1042,1023,1011,977,0,1,1,1,0,0,0,0,0,0,0,0,0,0,0,0,0,0,0,0,0,0,1,0,0,0,0,1,0,0,0,0,0,1,1,1,1,0,0,0,1,1,0,1,1,1,0,0,1,1,1,1,1,1,1,1,1,1,1,1,1,1,1,1
2026-07-07T14:27:11.866,tof2,8x8,empty,-1,-1,-1,-1,-1,-1,-1,-1,-1,-1,-1,-1,-1,-1,-1,-1,-1,-1,-1,-1,-1,-1,-1,-1,-1,-1,-1,-1,-1,-1,-1,-1,-1,-1,-1,-1,-1,-1,-1,-1,-1,-1,-1,-1,-1,1954,-1,-1,-1,-1,-1,1971,-1,1935,-1,-1,-1,-1,1190,1126,1091,1087,1062,959,0,0,0,0,0,0,0,0,0,0,0,0,0,0,0,0,0,0,0,0,0,0,0,0,0,0,0,0,0,0,0,0,0,0,0,0,0,0,0,0,0,0,0,0,0,1,0,0,0,0,0,1,0,1,0,0,0,1,1,1,1,1,1,1
2026-07-07T14:27:12.113,tof1,8x8,empty,-1,-1,3177,3193,-1,-1,-1,-1,-1,-1,-1,-1,-1,-1,-1,-1,-1,-1,-1,-1,-1,-1,-1,-1,-1,-1,-1,-1,-1,-1,-1,-1,-1,1722,1767,1749,1705,-1,-1,-1,1392,1443,-1,1441,1447,1415,-1,-1,1151,1184,1177,1182,1208,1192,1223,-1,978,1003,1010,1010,1013,998,1004,997,0,0,1,1,0,0,0,1,0,0,0,0,0,0,0,0,0,0,0,0,0,0,0,0,0,0,0,0,0,0,0,0,0,1,1,1,1,0,0,0,1,1,0,1,1,1,1,0,1,1,1,1,1,1,1,1,1,1,1,1,1,1,1,1
2026-07-07T14:27:12.112,tof2,8x8,empty,-1,-1,-1,-1,-1,-1,-1,-1,-1,-1,-1,-1,-1,-1,-1,-1,-1,-1,-1,-1,-1,-1,-1,-1,-1,-1,-1,-1,-1,-1,-1,-1,-1,-1,-1,-1,-1,-1,-1,-1,-1,-1,-1,-1,2014,-1,-1,-1,-1,-1,-1,1930,-1,-1,1861,-1,-1,-1,1147,1132,-1,1075,1008,-1,0,0,0,0,0,0,0,0,0,0,0,0,0,0,0,0,0,0,0,0,0,0,0,0,0,0,0,0,0,0,0,0,0,0,0,0,0,0,0,0,0,0,0,0,1,0,0,0,0,0,0,1,0,1,1,0,0,1,1,1,1,1,1,1
2026-07-07T14:27:12.255,tof1,8x8,empty,-1,-1,3200,-1,-1,-1,-1,-1,-1,-1,-1,-1,-1,-1,-1,-1,-1,-1,-1,3954,-1,-1,-1,-1,-1,-1,-1,-1,-1,-1,-1,-1,-1,1731,1798,1786,1828,-1,-1,-1,1420,-1,-1,1448,1469,1440,-1,-1,1161,1223,1182,1181,1227,1211,1166,-1,997,986,1014,1032,1016,1008,1004,990,0,0,1,1,0,0,0,1,0,0,0,0,0,0,1,0,0,0,0,1,0,0,0,0,0,1,0,0,0,0,0,0,0,1,1,1,1,0,0,0,1,1,0,1,1,1,0,0,1,1,1,1,1,1,1,0,1,1,1,1,1,1,1,1
2026-07-07T14:27:12.268,tof2,8x8,empty,-1,-1,-1,-1,-1,-1,-1,-1,-1,-1,-1,-1,-1,-1,-1,-1,-1,-1,-1,-1,-1,-1,-1,-1,-1,-1,-1,-1,-1,-1,-1,-1,-1,-1,-1,-1,-1,-1,-1,-1,-1,-1,-1,-1,1996,-1,-1,-1,-1,-1,-1,-1,-1,1906,-1,-1,-1,-1,1128,1092,1110,1073,1035,1010,0,0,0,0,0,0,0,0,0,0,0,0,0,0,0,0,0,0,0,0,0,0,0,0,0,0,0,0,1,0,0,0,0,0,0,0,0,0,0,0,0,0,0,0,1,0,0,0,0,0,0,0,0,1,0,0,0,0,1,1,1,1,1,1
2026-07-07T14:27:12.371,tof1,8x8,empty,-1,-1,3177,3230,-1,-1,-1,-1,-1,-1,-1,-1,-1,-1,-1,-1,-1,-1,-1,-1,-1,-1,-1,-1,-1,-1,2124,-1,-1,-1,-1,-1,-1,1686,1773,1824,1707,-1,-1,-1,1417,1400,1363,1437,1423,1439,-1,-1,1181,1182,1189,1205,1200,1193,1169,-1,986,1001,1000,1014,1014,1012,1024,966,0,0,1,1,0,0,0,0,0,0,0,0,0,0,0,0,0,0,0,0,0,0,0,0,0,0,1,0,1,0,0,0,0,1,1,1,1,1,0,0,1,1,1,1,1,1,0,0,1,1,1,1,1,1,1,1,1,1,1,1,1,1,1,1
2026-07-07T14:27:12.389,tof2,8x8,empty,-1,-1,-1,-1,-1,-1,-1,-1,-1,-1,-1,-1,-1,-1,-1,-1,-1,-1,-1,-1,-1,-1,-1,-1,-1,-1,-1,-1,-1,-1,-1,-1,-1,-1,-1,-1,-1,-1,-1,-1,-1,-1,-1,-1,2061,1970,-1,-1,-1,-1,-1,1922,-1,-1,-1,-1,-1,1149,1137,1080,1097,1128,1042,968,0,0,0,0,0,0,0,0,0,0,0,0,0,0,0,0,0,0,0,0,1,0,0,0,0,0,0,0,0,0,0,0,0,0,0,0,0,0,0,0,0,0,0,0,1,1,1,0,0,0,0,1,0,0,1,0,0,1,1,1,1,1,1,1
2026-07-07T14:27:12.476,tof1,8x8,empty,-1,-1,3177,3240,-1,-1,-1,-1,-1,-1,-1,-1,-1,-1,-1,-1,-1,-1,-1,-1,-1,-1,-1,-1,-1,-1,-1,-1,-1,-1,-1,-1,-1,1681,1767,1785,1690,-1,-1,-1,1417,-1,1402,1433,1409,1399,-1,-1,1181,1203,1141,1197,1211,1190,1157,-1,997,998,1008,1020,1013,1020,1021,998,0,0,1,1,0,0,0,0,0,0,0,0,0,0,0,0,0,1,0,1,0,0,0,0,0,0,0,0,0,0,0,0,0,1,1,1,1,0,0,0,1,0,1,1,1,1,0,0,1,1,1,1,1,1,1,0,1,1,1,1,1,1,1,1
2026-07-07T14:27:12.485,tof2,8x8,empty,-1,-1,-1,-1,-1,-1,-1,-1,-1,-1,-1,-1,-1,-1,-1,-1,-1,-1,-1,-1,-1,-1,-1,-1,-1,-1,-1,-1,-1,-1,-1,-1,-1,-1,-1,-1,-1,-1,-1,-1,-1,-1,-1,-1,1985,1987,-1,-1,-1,-1,-1,1973,-1,-1,-1,-1,-1,-1,1130,1124,1112,1114,1088,989,0,0,0,0,0,0,0,0,0,0,0,0,0,0,0,0,0,0,0,0,0,0,0,0,0,0,0,0,0,0,0,0,0,0,0,0,0,0,0,0,0,0,0,0,1,1,0,0,0,0,0,1,0,1,1,0,0,1,1,1,1,1,1,1
2026-07-07T14:27:12.570,tof1,8x8,empty,-1,-1,3204,3207,-1,-1,-1,-1,-1,-1,-1,-1,-1,-1,-1,-1,-1,-1,-1,-1,-1,-1,-1,-1,-1,-1,-1,-1,-1,-1,-1,-1,-1,1722,1760,1774,1624,-1,-1,-1,1407,-1,1388,1474,1432,1398,-1,-1,1176,1169,1165,1209,1189,1203,1161,-1,988,1015,998,1026,1029,1024,1003,992,0,0,1,1,0,0,1,0,0,0,0,0,0,0,0,0,0,0,0,1,0,0,0,0,0,0,0,0,0,0,0,0,1,1,1,1,1,0,0,0,1,0,1,1,1,1,0,0,1,1,1,1,1,1,1,0,1,1,1,1,1,1,1,1
2026-07-07T14:27:12.584,tof2,8x8,empty,-1,-1,-1,-1,-1,-1,-1,-1,-1,-1,-1,-1,-1,-1,-1,-1,-1,-1,-1,-1,-1,-1,-1,-1,-1,-1,-1,-1,-1,-1,-1,-1,-1,-1,-1,-1,-1,-1,-1,-1,-1,-1,-1,-1,-1,1932,1980,-1,-1,-1,-1,1941,1931,-1,-1,-1,-1,-1,1110,1146,-1,1043,1120,999,0,0,0,0,0,0,0,0,0,0,0,0,0,0,0,0,0,0,0,0,1,0,0,0,0,0,0,0,0,0,0,0,0,0,0,0,0,0,0,0,0,0,0,0,0,1,1,0,0,0,0,1,1,0,0,0,0,0,1,1,0,1,1,1
2026-07-07T14:27:12.677,tof2,8x8,empty,-1,-1,-1,-1,-1,-1,-1,-1,-1,-1,-1,-1,-1,-1,-1,-1,-1,-1,-1,-1,-1,-1,-1,-1,-1,-1,-1,-1,-1,-1,-1,-1,-1,-1,-1,-1,-1,-1,-1,-1,-1,-1,-1,-1,-1,1916,2085,-1,-1,-1,-1,1978,-1,-1,-1,-1,-1,-1,-1,1131,-1,1104,1085,971,0,0,0,0,0,0,0,0,0,0,0,0,0,0,0,0,0,0,0,0,0,0,0,0,0,0,0,0,0,0,0,0,0,0,0,0,0,0,0,0,0,0,0,0,1,1,1,1,0,0,0,1,0,0,1,0,0,1,0,1,1,1,1,1
2026-07-07T14:27:12.692,tof1,8x8,empty,-1,-1,3186,3197,-1,-1,-1,-1,-1,-1,-1,-1,-1,-1,-1,-1,-1,-1,-1,-1,-1,-1,-1,-1,-1,-1,-1,-1,-1,-1,-1,-1,-1,1709,1783,1798,1696,-1,-1,-1,1464,-1,1405,1445,1406,1392,-1,-1,1166,1181,1206,1169,1188,1194,1163,-1,997,987,1014,1018,1013,1004,1008,978,1,0,1,1,0,0,0,0,0,0,0,0,0,0,0,0,0,1,0,0,0,0,0,0,0,1,0,1,1,0,0,0,0,1,1,1,1,0,0,0,1,1,1,1,1,1,0,0,1,1,1,1,1,1,1,0,1,1,1,1,1,1,1,1
2026-07-07T14:27:12.806,tof1,8x8,empty,-1,-1,3179,3223,-1,-1,-1,-1,-1,-1,-1,-1,-1,-1,-1,-1,-1,-1,-1,-1,-1,-1,-1,-1,-1,-1,-1,1929,-1,-1,-1,-1,-1,1712,1736,1801,-1,-1,-1,-1,1412,1437,1382,1418,1413,1416,-1,-1,1185,1181,1209,1195,-1,1203,1138,2180,994,1005,1015,1009,1002,1022,1024,981,1,0,1,1,0,0,0,0,0,0,0,0,0,0,0,0,0,0,0,0,1,0,0,0,0,0,0,1,0,0,1,0,0,1,1,1,1,0,0,0,1,1,1,1,1,1,1,0,1,1,1,1,1,1,1,1,1,1,1,1,1,1,1,1
2026-07-07T14:27:12.772,tof2,8x8,empty,-1,-1,-1,-1,-1,-1,-1,-1,-1,-1,-1,-1,-1,-1,-1,-1,-1,-1,-1,-1,-1,-1,-1,-1,-1,-1,-1,-1,-1,-1,-1,-1,-1,-1,-1,-1,-1,-1,-1,-1,-1,-1,-1,-1,-1,-1,-1,-1,-1,-1,-1,1982,-1,1936,-1,-1,-1,-1,1190,1151,1138,1090,1067,992,0,0,0,0,0,0,0,0,0,0,0,0,0,0,0,0,0,0,0,0,0,0,0,0,0,0,0,0,0,0,0,0,0,0,0,0,0,0,0,0,0,0,0,0,1,0,0,0,0,1,0,1,0,1,0,0,0,0,1,1,1,1,1,1
2026-07-07T14:27:13.352,tof1,8x8,empty,-1,-1,3192,3197,-1,-1,-1,-1,-1,-1,-1,-1,-1,-1,-1,-1,-1,-1,-1,-1,-1,-1,-1,-1,-1,-1,-1,-1,-1,-1,-1,-1,-1,-1,1754,-1,1808,-1,-1,-1,1451,-1,-1,1469,1438,1402,-1,-1,1180,1198,1205,1186,1188,1201,1193,-1,994,1008,1011,1018,1009,1009,1020,991,0,0,1,1,0,0,0,0,0,1,0,0,0,0,0,0,0,0,0,0,0,0,0,0,0,0,0,0,1,0,0,0,0,0,1,1,1,0,0,0,1,1,0,1,1,1,0,0,1,1,1,1,1,1,1,0,1,1,1,1,1,1,1,1
2026-07-07T14:27:13.338,tof2,8x8,empty,-1,-1,-1,-1,-1,-1,-1,-1,-1,-1,-1,-1,-1,-1,-1,-1,-1,-1,-1,-1,-1,-1,-1,-1,-1,-1,-1,-1,-1,-1,-1,-1,-1,-1,-1,-1,-1,-1,-1,-1,-1,-1,-1,-1,2011,1984,-1,-1,-1,-1,-1,-1,-1,1890,1989,-1,-1,-1,1145,1107,1113,1111,-1,1044,0,0,0,0,0,0,0,0,0,0,0,0,0,0,0,0,0,0,0,0,0,0,0,0,0,0,0,0,0,0,0,0,0,0,0,0,0,0,0,0,0,0,0,0,1,1,0,0,0,0,0,1,1,1,1,0,0,1,1,1,1,1,1,1
2026-07-07T14:27:13.607,tof1,8x8,empty,-1,-1,3197,3230,-1,-1,-1,3388,-1,-1,-1,-1,-1,-1,-1,-1,-1,-1,-1,-1,-1,-1,-1,2689,-1,-1,-1,-1,-1,-1,-1,-1,-1,1689,1768,1805,1755,-1,-1,-1,1438,1448,-1,1467,1449,1462,-1,-1,1155,1199,1194,1197,1179,1197,1153,-1,990,1015,1008,1013,1005,1029,1032,972,0,0,1,1,0,0,0,1,0,0,0,0,0,0,0,0,0,0,0,0,0,0,0,1,0,0,0,1,0,0,0,0,0,1,1,1,1,1,0,0,1,1,1,1,1,1,1,0,1,1,1,1,1,1,1,0,1,1,1,1,1,1,1,1
2026-07-07T14:27:13.648,tof2,8x8,empty,-1,-1,-1,-1,-1,-1,-1,-1,-1,-1,-1,-1,-1,-1,-1,-1,-1,-1,-1,-1,-1,-1,-1,-1,-1,-1,-1,-1,-1,-1,-1,-1,-1,-1,-1,-1,-1,-1,-1,-1,-1,-1,-1,-1,-1,1975,-1,-1,-1,-1,-1,1963,-1,-1,-1,-1,-1,-1,1223,1117,1117,-1,1062,1044,0,0,1,0,0,0,0,0,0,0,0,0,0,0,0,0,0,0,0,0,0,0,0,0,0,0,0,0,0,0,0,0,0,0,0,0,0,0,0,0,0,0,0,0,0,1,0,0,0,0,0,1,1,1,1,0,0,0,1,1,1,1,1,1
2026-07-07T14:27:13.831,tof1,8x8,empty,-1,-1,3175,3187,-1,-1,-1,-1,-1,-1,-1,-1,-1,-1,-1,-1,-1,-1,-1,-1,-1,-1,-1,-1,-1,-1,-1,-1,-1,-1,-1,-1,-1,1656,1772,1886,1704,-1,-1,-1,1470,1412,1419,1432,1462,1412,-1,-1,1190,1192,1161,1185,1187,1208,1201,-1,977,1006,1010,1018,1009,1025,1008,985,0,0,1,1,0,0,1,1,0,0,0,0,0,0,1,0,0,0,0,1,0,0,0,0,0,1,0,0,1,0,0,0,0,1,1,1,1,0,0,0,1,1,1,1,1,1,0,0,1,1,1,1,1,1,1,0,1,1,1,1,1,1,1,1
2026-07-07T14:27:13.970,tof1,8x8,empty,-1,-1,3173,3244,-1,-1,-1,-1,-1,-1,-1,-1,-1,-1,-1,-1,-1,-1,-1,-1,-1,-1,-1,2694,-1,-1,-1,-1,-1,-1,-1,-1,-1,1728,1760,1770,1745,-1,-1,-1,1360,1418,-1,1451,1438,1362,-1,-1,1191,1229,1174,1196,1194,1214,1163,-1,994,995,1009,1018,1028,1027,1017,991,0,0,1,1,0,0,0,0,0,0,0,0,0,0,0,0,0,0,0,1,0,0,0,1,0,0,0,0,0,0,1,0,0,1,1,1,1,0,0,0,1,1,1,1,1,1,0,0,1,1,1,1,1,1,1,0,1,1,1,1,1,1,1,1
2026-07-07T14:27:13.994,tof2,8x8,empty,-1,-1,-1,-1,-1,-1,-1,-1,-1,-1,-1,-1,-1,-1,-1,-1,-1,-1,-1,-1,-1,-1,-1,-1,-1,-1,-1,-1,-1,-1,-1,-1,-1,-1,-1,-1,-1,-1,-1,-1,-1,-1,-1,-1,1995,1961,-1,-1,-1,-1,-1,1945,-1,-1,-1,-1,-1,-1,1154,1114,1069,1096,1077,960,0,0,0,0,0,0,0,0,0,0,0,0,0,0,0,0,0,0,0,0,0,0,0,0,0,0,0,0,1,0,0,0,0,0,0,0,0,0,0,0,0,0,0,1,1,1,0,0,1,0,0,1,0,1,0,0,0,0,1,1,1,1,1,1
2026-07-07T14:27:14.122,tof1,8x8,empty,-1,-1,3191,3245,-1,-1,-1,-1,-1,-1,-1,-1,-1,-1,-1,-1,-1,-1,-1,-1,-1,-1,-1,-1,-1,-1,-1,-1,-1,-1,-1,-1,-1,1712,1755,1763,1769,-1,-1,-1,1408,-1,-1,1441,1425,1404,-1,-1,1184,1181,1223,1190,1221,1195,1174,-1,983,1013,1016,1014,1014,1011,1017,996,0,0,1,1,0,0,0,1,0,0,0,0,0,0,0,1,0,0,0,0,0,0,0,0,0,0,0,1,1,0,1,0,1,1,1,1,1,0,0,0,1,1,0,1,1,1,0,0,1,1,1,1,1,1,1,0,1,1,1,1,1,1,1,1
2026-07-07T14:27:14.127,tof2,8x8,empty,-1,-1,-1,-1,-1,-1,-1,-1,-1,-1,-1,-1,-1,-1,-1,-1,-1,-1,-1,-1,-1,-1,-1,-1,-1,-1,-1,-1,-1,-1,-1,-1,-1,-1,-1,-1,-1,-1,-1,-1,-1,-1,-1,-1,1989,-1,-1,-1,-1,-1,-1,1963,1949,-1,-1,-1,-1,-1,1130,1102,1059,1059,1060,1053,0,0,0,0,0,0,0,0,0,0,0,0,0,0,0,0,0,0,0,0,0,0,0,0,0,0,0,0,0,0,0,0,0,0,0,0,0,0,0,0,0,0,0,0,1,0,1,0,0,0,0,1,1,0,0,0,0,1,1,1,1,1,1,1
2026-07-07T14:27:14.234,tof1,8x8,empty,-1,-1,3189,3214,-1,-1,-1,-1,-1,-1,-1,-1,-1,-1,-1,-1,-1,-1,-1,-1,-1,-1,-1,-1,-1,-1,-1,-1,-1,-1,-1,-1,-1,1742,1771,1804,1716,-1,-1,-1,1426,-1,-1,1434,1440,1381,-1,-1,1201,1217,1196,1177,1159,1197,1178,-1,999,993,1015,1008,1052,1026,1006,993,0,0,1,1,0,0,0,0,0,0,0,0,0,0,0,0,0,0,0,0,0,0,0,0,0,0,1,1,0,0,0,0,0,1,1,1,1,0,0,0,1,1,0,1,1,1,1,0,1,1,1,1,1,1,1,1,1,1,1,1,1,1,1,1
2026-07-07T14:27:14.405,tof1,8x8,empty,-1,-1,3180,3244,-1,-1,-1,-1,-1,-1,-1,-1,-1,-1,-1,-1,-1,-1,-1,-1,-1,-1,-1,-1,-1,-1,-1,1884,-1,-1,-1,-1,-1,1687,1759,1788,1773,-1,-1,-1,1399,-1,1432,-1,1440,1416,-1,-1,1183,1203,1190,1197,1186,1180,1153,-1,993,994,1010,1004,1023,1010,1023,992,0,0,1,1,0,0,0,0,0,0,0,0,0,0,0,0,0,0,0,0,0,0,0,0,0,0,1,1,0,0,0,0,0,1,1,1,1,0,0,0,1,0,1,1,1,1,1,0,1,1,1,1,1,1,1,0,1,1,1,1,1,1,1,1
2026-07-07T14:27:14.406,tof2,8x8,empty,-1,-1,-1,-1,-1,-1,-1,-1,-1,-1,-1,-1,-1,-1,-1,-1,-1,-1,-1,-1,-1,-1,-1,-1,-1,-1,-1,-1,-1,-1,-1,-1,-1,-1,-1,-1,-1,-1,-1,-1,-1,-1,-1,-1,1984,1975,-1,-1,-1,-1,-1,1970,-1,-1,-1,-1,-1,-1,1066,1117,-1,1066,1071,1033,0,0,0,0,0,0,0,0,0,0,0,0,0,0,0,0,0,0,0,0,0,0,0,0,0,0,0,0,0,0,0,0,0,0,0,0,0,0,0,0,0,0,0,0,1,1,0,0,0,0,0,1,0,0,0,0,0,1,1,1,1,1,1,1
2026-07-07T14:27:14.522,tof1,8x8,empty,-1,-1,3195,3209,-1,-1,-1,-1,-1,-1,-1,-1,-1,-1,3396,-1,-1,-1,-1,-1,-1,-1,-1,-1,-1,-1,-1,1924,-1,-1,-1,-1,-1,1703,1755,1880,1835,-1,-1,-1,1391,1447,-1,1436,1441,1425,-1,-1,1152,1185,1191,1207,1193,1212,1153,-1,1003,1004,1012,1029,1036,1002,1011,977,0,0,1,1,0,0,0,0,0,0,0,0,0,0,1,1,0,0,0,0,1,0,1,0,0,0,0,1,0,0,0,0,0,1,1,1,1,0,0,0,1,1,1,1,1,1,0,0,1,1,1,1,1,1,1,1,1,1,1,1,1,1,1,1
2026-07-07T14:27:14.506,tof2,8x8,empty,-1,-1,-1,-1,-1,-1,-1,-1,-1,-1,-1,-1,-1,-1,-1,-1,-1,-1,-1,-1,-1,-1,-1,-1,-1,-1,-1,-1,-1,-1,-1,-1,-1,-1,-1,-1,-1,-1,-1,-1,-1,-1,-1,-1,1976,1937,-1,-1,-1,-1,-1,-1,-1,-1,-1,-1,-1,-1,1121,-1,1125,-1,1082,946,0,0,0,0,0,0,0,0,0,0,0,0,0,0,0,0,0,0,0,0,0,0,0,0,0,0,0,0,0,0,0,1,0,0,0,0,0,0,0,0,0,0,0,0,1,1,0,0,0,0,0,1,0,0,0,0,0,1,1,1,1,1,1,1
2026-07-07T14:27:14.605,tof2,8x8,empty,-1,-1,-1,-1,-1,-1,-1,-1,-1,-1,-1,-1,-1,-1,-1,-1,-1,-1,-1,-1,-1,-1,-1,-1,-1,-1,-1,-1,-1,-1,-1,-1,-1,-1,-1,-1,-1,-1,-1,-1,-1,-1,-1,-1,-1,1960,-1,-1,-1,-1,-1,1946,1934,-1,-1,-1,-1,1149,1136,1168,1124,1144,1123,973,0,0,1,0,0,0,0,0,0,0,0,0,0,0,0,0,0,0,0,0,0,0,0,0,0,0,0,0,0,0,0,0,0,0,0,0,0,0,0,0,0,0,0,0,0,1,0,0,0,1,0,1,1,0,0,0,0,1,1,1,1,1,1,1
2026-07-07T14:27:14.627,tof1,8x8,empty,-1,-1,3193,3262,-1,-1,-1,-1,-1,-1,-1,-1,-1,-1,-1,-1,-1,-1,-1,-1,-1,-1,-1,-1,-1,-1,-1,1865,-1,-1,-1,-1,-1,1719,1767,1781,1709,-1,-1,-1,1292,1406,1437,1419,1449,1391,-1,-1,1161,1199,1201,1175,1226,1189,1203,-1,994,1001,1022,1012,1028,995,1020,996,0,0,1,1,0,0,1,0,0,0,0,0,0,0,0,0,0,0,0,0,0,0,0,0,0,0,1,1,0,0,0,0,0,1,1,1,1,0,1,0,1,1,1,1,1,1,0,0,1,1,1,1,1,1,1,0,1,1,1,1,1,1,1,1
2026-07-07T14:27:14.723,tof1,8x8,empty,-1,-1,3192,3217,-1,-1,3350,-1,-1,-1,-1,-1,-1,-1,-1,-1,-1,-1,-1,-1,-1,-1,-1,-1,-1,-1,-1,1915,-1,-1,-1,-1,-1,1606,1792,1800,1799,-1,-1,-1,1390,1373,-1,1478,1437,1403,-1,-1,1185,1233,1189,1192,-1,1185,1189,-1,993,1009,1009,1006,1030,1014,1015,981,0,0,1,1,0,0,1,0,0,0,0,0,0,0,0,0,0,0,0,1,0,0,0,0,0,0,0,1,0,0,0,0,0,1,1,1,1,0,0,0,1,1,0,1,1,1,0,0,1,1,1,1,1,1,1,0,1,1,1,1,1,1,1,1
2026-07-07T14:27:14.745,tof2,8x8,empty,-1,-1,-1,-1,-1,-1,-1,-1,-1,-1,-1,-1,-1,-1,-1,-1,-1,-1,-1,-1,-1,-1,-1,-1,-1,-1,-1,-1,-1,-1,-1,-1,-1,-1,-1,-1,-1,-1,-1,-1,-1,-1,-1,-1,-1,1960,-1,-1,-1,-1,-1,1944,-1,-1,-1,-1,-1,-1,1121,1084,1086,1116,1030,1025,0,0,0,0,0,0,0,0,0,0,0,0,0,0,0,0,0,0,0,0,0,0,0,0,0,0,0,0,0,0,0,0,0,0,0,0,0,0,0,0,0,0,0,0,0,1,0,0,0,0,0,1,0,1,0,0,0,0,1,1,1,1,1,1
2026-07-07T14:27:14.859,tof1,8x8,empty,-1,-1,3178,3208,-1,-1,-1,-1,-1,-1,-1,-1,-1,-1,-1,-1,-1,-1,-1,-1,-1,-1,-1,-1,-1,-1,-1,1960,-1,-1,-1,-1,-1,1642,1734,1783,1710,-1,-1,-1,1443,1430,1444,1477,1443,1416,-1,-1,1190,1156,1169,1202,1223,1222,1194,-1,975,1004,1018,1027,1011,1004,1006,987,0,0,1,1,0,0,0,0,0,0,0,0,0,0,0,1,0,0,1,0,0,1,1,0,0,0,0,1,0,0,0,0,0,1,1,1,1,0,0,0,1,1,1,1,1,1,1,0,1,1,1,1,1,1,1,0,1,1,1,1,1,1,1,1
2026-07-07T14:27:14.856,tof2,8x8,empty,-1,-1,-1,-1,-1,-1,-1,-1,-1,-1,-1,-1,-1,-1,-1,-1,-1,-1,-1,-1,-1,-1,-1,-1,-1,-1,-1,-1,-1,-1,-1,-1,-1,-1,-1,-1,-1,-1,-1,-1,-1,-1,-1,-1,2010,1989,-1,-1,-1,-1,-1,-1,-1,-1,-1,-1,-1,-1,1146,1078,1097,1042,1077,959,0,0,0,0,0,0,0,0,0,0,0,0,0,0,0,0,0,0,0,0,0,0,0,0,0,0,0,0,0,0,0,0,0,0,0,0,0,0,0,0,0,0,0,0,1,1,0,0,0,1,0,1,0,0,0,0,0,0,1,1,1,1,1,1
2026-07-07T14:27:14.952,tof2,8x8,empty,-1,-1,-1,-1,-1,-1,-1,-1,-1,-1,-1,-1,-1,-1,-1,-1,-1,-1,-1,-1,-1,-1,-1,-1,-1,-1,-1,-1,-1,-1,-1,-1,-1,-1,-1,-1,-1,-1,-1,-1,-1,-1,-1,-1,-1,2034,-1,-1,-1,-1,-1,1970,-1,-1,1917,-1,-1,-1,1122,1138,1132,1059,1069,-1,0,0,0,0,0,0,0,0,0,0,0,0,0,0,0,0,0,0,0,0,0,0,0,0,0,0,0,0,0,0,0,0,0,0,0,0,0,0,0,0,0,0,0,0,1,1,0,0,0,0,0,1,0,1,1,0,0,0,1,1,1,1,1,1
2026-07-07T14:27:14.973,tof1,8x8,empty,-1,-1,3202,3191,-1,-1,-1,-1,-1,-1,-1,-1,-1,-1,-1,-1,-1,-1,-1,-1,-1,-1,-1,-1,-1,2125,-1,2011,-1,-1,-1,-1,-1,1691,1741,1764,1715,-1,-1,-1,1392,1447,-1,1468,1415,1429,-1,-1,1196,-1,1192,1162,1232,1210,1151,-1,999,1006,995,1046,1034,1012,1027,972,0,0,1,1,0,0,0,0,0,0,0,0,0,0,1,0,0,0,0,0,0,0,0,0,0,1,0,1,1,0,1,0,0,1,1,1,1,0,0,0,1,1,0,1,1,1,0,0,1,1,1,1,1,1,1,1,1,1,1,1,1,1,1,1
2026-07-07T14:27:15.067,tof1,8x8,empty,-1,-1,3183,3207,-1,-1,-1,-1,-1,-1,-1,-1,-1,-1,-1,-1,-1,-1,-1,-1,-1,-1,-1,-1,-1,-1,-1,-1,-1,-1,-1,-1,-1,1680,1770,1807,1823,-1,-1,-1,-1,1428,-1,1423,-1,1391,-1,-1,1198,1176,1181,1206,1218,1179,1174,-1,986,1008,1022,1010,1007,1002,1022,996,1,0,1,1,0,0,0,1,0,0,0,0,0,0,0,0,0,0,1,0,1,0,0,0,0,0,1,0,0,0,0,0,0,1,1,1,1,0,0,0,1,1,1,1,1,1,0,0,1,1,1,1,1,1,1,1,1,1,1,1,1,1,1,1
2026-07-07T14:27:15.052,tof2,8x8,empty,-1,-1,-1,-1,-1,-1,-1,-1,-1,-1,-1,-1,-1,-1,-1,-1,-1,-1,-1,-1,-1,-1,-1,-1,-1,-1,-1,-1,-1,-1,-1,-1,-1,-1,-1,-1,-1,-1,-1,-1,-1,-1,-1,-1,1965,1961,-1,-1,-1,-1,-1,1951,-1,-1,1925,-1,-1,-1,1127,-1,1134,1090,1128,997,0,0,0,0,0,0,0,0,0,0,0,0,0,0,0,0,0,0,0,0,0,0,0,0,0,0,0,0,0,0,0,0,0,0,0,0,0,0,0,0,0,0,0,0,1,1,0,0,0,0,0,1,0,0,1,0,0,1,1,1,1,1,1,1
2026-07-07T14:27:15.178,tof1,8x8,empty,-1,-1,3172,3199,-1,-1,3257,-1,-1,-1,-1,-1,-1,-1,-1,-1,-1,-1,-1,-1,-1,-1,-1,-1,-1,-1,-1,-1,-1,-1,-1,-1,-1,1660,1809,1794,1692,-1,-1,-1,1376,-1,1462,1442,1455,1402,-1,-1,-1,1211,1172,1194,1186,1196,1195,-1,998,1017,1018,1021,1021,1008,1005,985,0,0,1,1,0,0,1,1,0,1,0,0,0,0,1,0,0,0,0,0,0,0,0,1,0,0,0,0,0,0,0,0,0,1,1,1,1,0,0,0,1,0,1,1,1,1,0,0,1,1,1,1,1,1,1,0,1,1,1,1,1,1,1,1
2026-07-07T14:27:15.160,tof2,8x8,empty,-1,-1,-1,-1,-1,-1,-1,-1,-1,-1,-1,-1,-1,-1,-1,-1,-1,-1,-1,-1,-1,-1,-1,-1,-1,-1,-1,-1,-1,-1,-1,-1,-1,-1,-1,-1,-1,-1,-1,-1,-1,-1,-1,-1,1973,1954,-1,-1,-1,-1,-1,-1,-1,-1,-1,-1,-1,-1,1164,-1,-1,1095,1052,1014,0,0,0,0,0,0,0,0,0,0,0,0,0,0,0,0,0,0,0,0,0,0,0,0,0,0,0,0,0,0,0,0,0,0,0,0,0,0,0,0,0,0,0,0,1,1,0,0,0,0,0,0,1,0,1,0,0,1,1,1,0,1,1,1
2026-07-07T14:27:15.321,tof2,8x8,empty,-1,-1,-1,-1,-1,-1,-1,-1,-1,-1,-1,-1,-1,-1,-1,-1,-1,-1,-1,-1,-1,-1,-1,-1,-1,-1,-1,-1,-1,-1,-1,-1,-1,-1,-1,-1,-1,-1,-1,-1,-1,-1,-1,-1,2004,1983,-1,-1,-1,-1,-1,1980,-1,-1,-1,-1,-1,1090,1144,-1,1109,1103,-1,988,0,0,0,0,0,0,0,0,0,0,0,0,0,0,0,0,0,0,0,0,0,0,0,0,0,0,0,0,0,0,0,0,0,0,0,0,0,0,0,0,0,0,0,0,1,1,1,0,0,0,0,1,0,0,0,1,0,1,1,1,1,1,1,1
2026-07-07T14:27:15.447,tof1,8x8,empty,-1,-1,3170,3196,-1,-1,-1,-1,-1,-1,-1,-1,-1,-1,-1,-1,-1,-1,-1,-1,-1,-1,-1,-1,-1,-1,-1,-1,-1,-1,-1,-1,-1,1751,1747,1773,-1,-1,-1,-1,1393,1410,-1,1426,1423,1375,-1,-1,1190,1202,1187,1174,1192,1189,-1,-1,990,1009,1014,1027,1000,1011,999,971,0,0,1,1,0,0,1,1,0,0,0,0,0,0,0,0,0,0,0,0,0,0,0,0,0,0,0,1,0,0,0,0,0,1,1,1,1,0,0,0,1,1,0,1,1,1,0,1,1,1,1,1,1,1,1,0,1,1,1,1,1,1,1,1
2026-07-07T14:27:15.458,tof2,8x8,empty,-1,-1,-1,-1,-1,-1,-1,-1,-1,-1,-1,-1,-1,-1,-1,-1,-1,-1,-1,-1,-1,-1,-1,-1,-1,-1,-1,-1,-1,-1,-1,-1,-1,-1,-1,-1,-1,-1,-1,-1,-1,-1,-1,-1,1979,1987,-1,-1,-1,-1,-1,1965,1920,1964,-1,-1,-1,1149,1155,1122,1149,-1,1087,1028,0,0,0,0,0,0,0,0,0,0,0,0,0,0,0,0,0,0,0,0,0,0,0,0,0,0,0,0,0,0,0,0,0,0,0,0,0,0,0,0,0,0,0,0,1,1,1,0,0,0,0,1,1,1,0,0,0,1,1,1,1,0,1,1
2026-07-07T14:27:15.555,tof2,8x8,empty,-1,-1,-1,-1,-1,-1,-1,-1,-1,-1,-1,-1,-1,-1,-1,-1,-1,-1,-1,-1,-1,-1,-1,-1,-1,-1,-1,-1,-1,-1,-1,-1,-1,-1,-1,-1,-1,-1,-1,-1,-1,-1,-1,-1,1938,-1,-1,-1,-1,-1,-1,1963,-1,1801,-1,-1,-1,1142,1138,1118,1115,1137,1046,1017,0,0,0,0,0,0,0,0,0,0,0,0,0,0,0,0,0,0,0,0,0,0,0,0,0,0,0,0,0,0,0,0,0,0,0,0,0,0,0,0,0,0,0,0,1,0,0,1,0,1,0,1,0,1,1,0,0,1,1,1,1,1,1,1
2026-07-07T14:27:15.769,tof2,8x8,empty,-1,-1,-1,-1,-1,-1,-1,-1,-1,-1,-1,-1,-1,-1,-1,-1,-1,-1,-1,-1,-1,-1,-1,-1,-1,-1,-1,-1,-1,-1,-1,-1,-1,-1,-1,-1,-1,-1,-1,-1,-1,-1,-1,-1,-1,1987,-1,-1,-1,-1,-1,1915,-1,-1,-1,-1,-1,-1,1182,1169,1145,1061,1039,1049,0,0,0,0,0,0,0,0,0,0,0,0,0,0,0,0,0,0,0,0,0,0,0,0,0,0,0,0,0,0,0,0,0,0,0,0,0,0,0,0,0,0,0,0,1,1,0,0,0,0,0,1,0,0,1,0,0,1,1,1,1,1,1,1
2026-07-07T14:27:16.004,tof2,8x8,empty,-1,-1,-1,-1,-1,-1,-1,-1,-1,-1,-1,-1,-1,-1,-1,-1,-1,-1,-1,-1,-1,-1,-1,-1,-1,-1,-1,-1,-1,-1,-1,-1,-1,-1,-1,-1,-1,-1,-1,-1,-1,-1,-1,-1,-1,-1,-1,-1,-1,-1,-1,1994,-1,-1,-1,-1,-1,-1,1082,1111,1082,1096,1099,990,0,0,0,0,0,0,0,0,0,0,0,0,0,0,0,0,0,0,0,0,0,0,0,0,0,0,0,0,0,0,0,0,0,0,0,0,0,0,0,0,0,0,0,0,1,1,0,0,0,0,0,1,0,0,1,0,0,0,1,1,1,1,1,1
2026-07-07T14:27:16.297,tof1,8x8,empty,-1,-1,3169,3214,-1,-1,-1,-1,-1,-1,-1,-1,-1,-1,-1,-1,-1,-1,-1,-1,-1,-1,-1,-1,-1,-1,-1,1948,-1,-1,-1,-1,-1,1685,1774,1760,1724,-1,-1,-1,1379,-1,-1,-1,1466,1411,-1,-1,1200,1189,1162,1170,1217,1185,1192,-1,1005,1001,1007,1027,1025,1005,1018,978,0,0,1,1,0,0,0,1,0,0,0,0,0,0,0,1,0,0,0,0,0,0,0,1,0,0,0,1,0,0,1,0,0,1,1,1,1,0,0,0,1,0,0,1,1,1,1,0,1,1,1,1,1,1,1,1,1,1,1,1,1,1,1,1
2026-07-07T14:27:16.311,tof2,8x8,empty,-1,-1,-1,-1,-1,-1,-1,-1,-1,-1,-1,-1,-1,-1,-1,-1,-1,-1,-1,-1,-1,-1,-1,-1,-1,-1,-1,-1,-1,-1,-1,-1,-1,-1,-1,-1,-1,-1,-1,-1,-1,-1,-1,-1,2023,-1,-1,-1,-1,-1,-1,1911,-1,1946,1862,-1,-1,1086,1190,1095,1050,1108,1054,1018,0,0,0,0,0,0,0,0,0,0,0,0,0,0,0,0,0,0,0,0,0,0,0,0,0,0,0,0,0,0,0,0,0,0,0,0,0,0,0,0,0,0,0,0,1,1,0,0,0,0,0,1,0,1,1,0,0,1,1,1,1,1,1,1
2026-07-07T14:27:16.421,tof1,8x8,empty,-1,-1,3182,3246,-1,-1,-1,-1,-1,-1,-1,-1,-1,-1,-1,-1,-1,-1,-1,-1,-1,-1,-1,-1,-1,-1,-1,-1,-1,-1,-1,-1,-1,1699,1778,1832,1775,-1,-1,-1,1456,1327,-1,1466,1424,1407,-1,-1,1192,1184,-1,1188,1203,1208,1201,-1,1013,1005,1000,1014,1032,1008,1017,980,0,0,1,1,0,0,1,0,0,0,0,0,0,0,0,0,0,0,0,0,0,0,0,0,0,1,1,1,0,0,0,0,0,1,1,1,1,0,0,0,1,1,0,1,1,1,0,0,1,1,1,1,1,1,1,0,1,1,1,1,1,1,1,1
2026-07-07T14:27:16.448,tof2,8x8,empty,-1,-1,-1,-1,-1,-1,-1,-1,-1,-1,-1,-1,-1,-1,-1,-1,-1,-1,-1,-1,-1,-1,-1,-1,-1,-1,-1,-1,-1,-1,-1,-1,-1,-1,-1,-1,-1,-1,-1,-1,-1,-1,-1,-1,-1,1980,-1,-1,-1,-1,-1,1985,-1,1894,1924,-1,-1,1091,1111,1126,1085,1080,1021,998,0,0,0,0,0,0,0,0,0,0,0,0,0,0,0,0,0,0,0,0,0,0,0,0,0,0,0,0,0,0,0,0,0,0,0,0,0,0,0,0,0,0,0,0,0,1,0,0,0,0,0,1,0,1,1,0,0,1,1,1,1,1,1,1
2026-07-07T14:27:16.568,tof1,8x8,empty,-1,-1,3186,3248,-1,-1,-1,-1,-1,-1,-1,-1,-1,-1,-1,-1,-1,-1,-1,-1,-1,-1,-1,2746,-1,-1,-1,2159,-1,-1,-1,-1,-1,1709,1794,1779,1755,-1,-1,-1,1429,-1,1428,1389,1428,1427,-1,-1,1204,1182,1173,1216,1231,1183,1194,-1,998,1004,998,1026,1021,1004,1006,987,0,0,1,1,0,0,0,0,0,0,0,0,0,0,0,0,0,0,0,0,0,0,0,1,0,0,1,1,0,0,0,1,0,1,1,1,1,0,0,0,1,0,1,1,1,1,0,0,1,1,1,1,1,1,1,1,1,1,1,1,1,1,1,1
2026-07-07T14:27:16.710,tof2,8x8,empty,-1,-1,-1,-1,-1,-1,-1,-1,-1,-1,-1,-1,-1,-1,-1,-1,-1,-1,-1,-1,-1,-1,-1,-1,-1,-1,-1,-1,-1,-1,-1,-1,-1,-1,-1,-1,-1,-1,-1,-1,-1,-1,-1,-1,-1,1978,-1,-1,-1,-1,-1,-1,-1,-1,1852,-1,-1,1038,1111,1064,1134,1088,1064,1024,0,0,0,0,0,0,0,0,0,0,0,0,0,0,0,0,0,0,0,0,0,0,0,0,0,0,0,0,0,0,0,0,0,0,0,0,0,0,0,0,0,0,0,0,0,1,0,0,0,0,0,1,0,1,1,0,0,1,1,1,1,1,1,1
2026-07-07T14:27:16.732,tof1,8x8,empty,-1,-1,3187,3223,-1,-1,-1,-1,-1,-1,-1,-1,-1,-1,-1,-1,-1,-1,-1,2157,-1,-1,-1,-1,-1,-1,-1,-1,-1,-1,-1,-1,-1,1713,1805,-1,1736,-1,-1,-1,1389,-1,-1,1448,1434,1389,-1,-1,1195,1192,1195,1202,1181,1194,1162,2226,998,1007,995,1001,1017,1021,1018,998,0,0,1,1,0,0,1,0,0,0,0,0,0,0,0,0,0,0,0,1,1,0,0,0,0,0,0,0,0,0,1,0,0,1,1,1,1,0,0,0,1,0,1,1,1,1,0,0,1,1,1,1,1,1,1,1,1,1,1,1,1,1,1,1
2026-07-07T14:27:16.798,tof2,8x8,empty,-1,-1,-1,-1,-1,-1,-1,-1,-1,-1,-1,-1,-1,-1,-1,-1,-1,-1,-1,-1,-1,-1,-1,-1,-1,-1,-1,-1,-1,-1,-1,-1,-1,-1,-1,-1,-1,-1,-1,-1,-1,-1,-1,-1,1984,-1,-1,-1,-1,-1,-1,1952,-1,-1,1910,-1,-1,-1,1189,1142,1089,1077,1043,1028,0,0,0,0,0,0,0,0,0,0,0,0,0,0,0,0,0,0,0,0,0,0,0,0,0,0,0,0,0,0,0,0,0,0,0,0,0,0,0,0,0,0,0,0,1,0,0,0,0,0,0,1,0,0,1,0,0,1,1,1,1,1,1,1
2026-07-07T14:27:16.823,tof1,8x8,empty,-1,-1,3180,3214,-1,-1,-1,-1,-1,-1,-1,-1,-1,-1,-1,-1,-1,-1,-1,-1,-1,-1,-1,-1,-1,-1,-1,-1,-1,-1,-1,-1,-1,1700,1730,1855,1766,-1,-1,-1,1398,-1,-1,1430,1444,1401,-1,-1,1198,1161,1180,1181,1192,1195,1155,2229,1009,998,1006,1005,1002,1007,1013,982,0,0,1,1,0,0,0,1,0,0,0,0,0,0,0,0,0,0,0,0,0,0,0,1,0,0,1,0,0,0,0,1,0,1,1,1,1,0,0,0,1,1,0,1,1,1,0,0,1,1,1,1,1,1,1,1,1,1,1,1,1,1,1,1
2026-07-07T14:27:16.928,tof1,8x8,empty,-1,-1,3169,3231,-1,-1,-1,3279,-1,-1,-1,-1,-1,-1,-1,-1,-1,-1,-1,-1,-1,-1,-1,-1,-1,-1,-1,-1,-1,-1,-1,-1,-1,1730,1732,1772,1753,-1,-1,-1,1414,1402,-1,1428,1471,1458,-1,-1,1146,1183,1185,1183,1215,1215,1155,-1,988,991,1003,1020,1023,1019,1013,984,0,0,1,1,0,0,0,1,0,0,0,0,0,0,0,0,0,0,0,0,0,0,0,0,0,0,0,0,1,0,1,0,0,1,1,1,1,1,0,0,1,1,1,1,1,1,0,0,1,1,1,1,1,1,1,0,1,1,1,1,1,1,1,1
2026-07-07T14:27:16.972,tof2,8x8,empty,-1,-1,-1,-1,-1,-1,-1,-1,-1,-1,-1,-1,-1,-1,-1,-1,-1,-1,-1,-1,-1,-1,-1,-1,-1,-1,-1,-1,-1,-1,-1,-1,-1,-1,-1,-1,-1,-1,-1,-1,-1,-1,-1,-1,2018,-1,-1,-1,-1,-1,-1,1975,1969,-1,-1,-1,-1,1131,1154,1144,-1,999,1051,1020,0,0,0,0,0,0,0,0,0,0,0,0,0,0,0,0,0,0,0,0,0,0,0,0,0,0,0,0,0,0,0,0,0,0,0,0,0,0,0,0,0,0,0,0,1,0,0,0,0,0,0,1,1,1,1,0,0,1,1,1,1,1,1,1
2026-07-07T14:27:17.039,tof1,8x8,empty,-1,-1,3207,3222,-1,-1,-1,-1,-1,-1,-1,-1,-1,-1,-1,-1,-1,-1,-1,-1,-1,-1,-1,-1,-1,-1,-1,-1,-1,-1,-1,-1,-1,1702,1791,1817,1674,-1,-1,-1,1435,1414,1371,1395,1469,1406,-1,-1,1186,1190,1194,1176,1186,1203,1178,-1,992,998,1013,1014,1011,1033,1028,983,0,1,1,1,0,0,0,0,0,0,0,0,0,0,0,0,0,0,0,0,0,0,0,0,0,0,1,1,0,0,0,0,0,1,1,1,1,0,0,0,1,1,1,1,1,1,0,0,1,1,1,1,1,1,1,1,1,1,1,1,1,1,1,1
2026-07-07T14:27:17.250,tof1,8x8,empty,-1,-1,3200,3193,-1,-1,-1,-1,-1,-1,-1,-1,-1,-1,-1,-1,-1,-1,-1,-1,-1,-1,-1,-1,-1,-1,-1,-1,-1,-1,-1,-1,-1,1692,1785,1700,1701,-1,-1,-1,1460,-1,1409,1402,1446,1465,-1,-1,1158,1220,1180,1202,1221,1187,1163,-1,1001,1001,1012,1024,983,1025,1035,976,0,0,1,1,0,0,0,0,0,0,0,0,0,0,0,0,0,1,0,0,0,0,0,0,0,1,1,1,0,0,0,0,0,1,1,1,1,0,0,0,1,1,1,1,1,1,1,0,1,1,1,1,1,1,1,0,1,1,1,1,1,1,1,1
2026-07-07T14:27:17.242,tof2,8x8,empty,-1,-1,-1,-1,-1,-1,-1,-1,-1,-1,-1,-1,-1,-1,-1,-1,-1,-1,-1,-1,-1,-1,-1,-1,-1,-1,-1,-1,-1,-1,-1,-1,-1,-1,-1,-1,-1,-1,-1,-1,-1,-1,-1,-1,-1,2013,-1,-1,-1,-1,-1,1947,1947,-1,-1,-1,-1,1151,1134,1114,1082,1056,1161,979,0,0,0,0,0,0,0,0,0,0,0,0,0,0,0,0,0,0,0,0,0,0,0,0,0,0,0,0,0,0,0,0,0,0,0,0,0,0,0,0,0,0,0,0,0,1,0,0,0,0,0,1,1,0,1,0,0,1,1,1,1,1,1,1
2026-07-07T14:27:17.464,tof1,8x8,empty,-1,-1,3209,3212,-1,-1,-1,-1,-1,-1,-1,-1,-1,-1,-1,-1,-1,-1,-1,-1,-1,-1,-1,-1,-1,-1,-1,1916,-1,-1,3630,-1,-1,1718,1784,1789,1778,-1,-1,-1,1443,1387,1456,1445,1422,1431,-1,-1,1182,1198,1175,1200,1200,1210,1188,-1,993,1010,1010,1012,1025,1032,1028,990,1,0,1,1,0,0,0,1,0,0,0,0,0,0,0,0,0,0,0,0,0,1,1,1,0,1,1,1,0,0,1,0,0,1,1,1,1,0,0,0,1,1,1,1,1,1,1,0,1,1,1,1,1,1,1,1,1,1,1,1,1,1,1,1
2026-07-07T14:27:17.514,tof2,8x8,empty,-1,-1,-1,-1,-1,-1,-1,-1,-1,-1,-1,-1,-1,-1,-1,-1,-1,-1,-1,-1,-1,-1,-1,-1,-1,-1,-1,-1,-1,-1,-1,-1,-1,-1,-1,-1,-1,-1,-1,-1,-1,-1,-1,-1,2005,1983,-1,-1,-1,-1,-1,1972,-1,-1,1897,-1,-1,-1,1082,1185,1100,1111,1035,998,0,0,0,0,0,0,0,0,0,0,0,0,0,0,0,0,0,0,0,0,0,0,0,0,0,0,0,0,0,0,0,0,0,0,0,0,0,0,0,0,0,0,0,0,1,1,1,0,0,0,0,1,0,0,1,0,0,1,1,1,1,1,1,1
2026-07-07T14:27:17.664,tof1,8x8,empty,-1,-1,3185,3233,-1,-1,-1,-1,-1,-1,-1,-1,-1,-1,-1,-1,-1,-1,-1,-1,-1,-1,-1,-1,-1,-1,-1,-1,-1,-1,-1,-1,-1,1750,1774,1844,1787,1673,-1,-1,1429,1438,1397,1474,1449,1424,-1,-1,1211,1211,1212,1195,1181,1199,1153,-1,987,1008,1006,1015,1011,1013,1005,991,0,0,1,1,0,0,1,1,0,0,0,0,0,0,0,0,0,1,0,0,0,0,0,0,0,0,0,0,0,0,0,0,0,1,1,1,1,1,0,0,1,1,1,1,1,1,0,0,1,1,1,1,1,1,1,1,1,1,1,1,1,1,1,1
2026-07-07T14:27:17.680,tof2,8x8,empty,-1,-1,-1,-1,-1,-1,-1,-1,-1,-1,-1,-1,-1,-1,-1,-1,-1,-1,-1,-1,-1,-1,-1,-1,-1,-1,-1,-1,-1,-1,-1,-1,-1,-1,-1,-1,-1,-1,-1,-1,-1,-1,-1,-1,1954,1981,-1,-1,-1,-1,-1,1964,-1,-1,-1,-1,-1,1063,1135,1113,1054,1117,999,1021,0,0,0,0,0,0,0,0,0,0,0,0,0,0,0,0,0,0,0,0,0,0,0,0,0,0,0,0,0,0,0,0,0,0,0,0,0,0,0,0,0,0,0,0,1,1,0,0,0,0,0,1,0,0,0,0,0,1,1,1,1,1,1,1
2026-07-07T14:27:17.853,tof1,8x8,empty,-1,-1,3212,3220,-1,-1,-1,-1,-1,-1,-1,-1,-1,-1,-1,-1,-1,-1,-1,-1,-1,-1,-1,-1,-1,-1,-1,-1,-1,-1,-1,-1,-1,1734,1712,1808,1750,-1,-1,-1,1393,1464,-1,1394,1401,1420,-1,-1,1170,1188,1147,1205,1149,1202,1215,-1,984,991,1016,1009,1017,1014,1021,994,1,0,1,1,0,0,0,0,0,0,0,0,0,0,0,0,0,1,0,0,0,0,0,0,0,0,0,1,1,0,0,0,0,1,1,1,1,0,0,0,1,1,1,1,1,1,1,0,1,1,1,1,1,1,1,1,1,1,1,1,1,1,1,1
2026-07-07T14:27:17.857,tof2,8x8,empty,-1,-1,-1,-1,-1,-1,-1,-1,-1,-1,-1,-1,-1,-1,-1,-1,-1,-1,-1,-1,-1,-1,-1,-1,-1,-1,-1,-1,-1,-1,-1,-1,-1,-1,-1,-1,-1,-1,-1,-1,-1,-1,-1,-1,-1,1980,-1,-1,-1,-1,-1,1939,-1,1947,-1,-1,-1,-1,1149,1082,-1,1080,1040,972,0,0,0,0,0,0,0,0,0,0,0,0,0,0,0,0,0,0,0,0,0,0,0,0,0,0,0,0,0,0,0,0,0,0,0,0,0,0,0,0,0,0,0,0,0,1,0,0,0,0,0,1,0,1,0,0,0,0,1,1,1,1,1,1
2026-07-07T14:27:18.135,tof1,8x8,empty,-1,-1,3188,3219,-1,-1,-1,-1,-1,-1,-1,-1,-1,-1,-1,-1,-1,-1,-1,-1,-1,-1,-1,-1,-1,-1,-1,-1,-1,-1,-1,-1,-1,1692,1784,1707,-1,-1,-1,-1,1359,1404,1400,1373,1418,1393,-1,-1,1152,1217,1207,1203,1219,1191,1153,-1,1001,1008,1017,1028,1011,997,1009,991,0,0,1,1,0,0,0,0,0,0,0,0,0,0,0,0,0,0,0,0,0,0,0,0,0,0,0,0,0,0,0,0,0,1,1,1,1,0,0,0,1,1,1,1,1,1,1,0,1,1,1,1,1,1,1,1,1,1,1,1,1,1,1,1
2026-07-07T14:27:18.157,tof2,8x8,empty,-1,-1,-1,-1,-1,-1,-1,-1,-1,-1,-1,-1,-1,-1,-1,-1,-1,-1,-1,-1,-1,-1,-1,-1,-1,-1,-1,-1,-1,-1,-1,-1,-1,-1,-1,-1,-1,-1,-1,-1,-1,-1,-1,-1,1987,1976,-1,-1,-1,-1,-1,-1,-1,-1,1960,-1,-1,1216,1086,1102,1089,1097,1081,977,0,0,0,0,0,0,0,0,0,0,0,0,0,0,0,0,0,0,0,0,0,0,0,0,0,0,0,0,0,0,0,0,0,0,0,0,0,0,0,0,0,0,0,0,1,1,0,0,0,0,0,0,0,0,1,0,0,1,1,1,1,1,1,1
2026-07-07T14:27:18.221,tof1,8x8,empty,-1,-1,3188,3222,-1,-1,-1,-1,-1,-1,-1,-1,-1,-1,-1,-1,-1,-1,-1,-1,-1,-1,-1,-1,-1,-1,-1,-1,-1,-1,3647,-1,-1,1636,1755,1787,-1,-1,-1,-1,1449,-1,-1,1473,1421,1429,-1,-1,1187,1192,1190,1197,1205,1214,1179,-1,999,1006,1006,1010,1030,1003,1009,986,0,0,1,1,0,0,0,1,0,0,0,0,0,0,1,0,0,0,0,0,0,0,1,0,1,0,0,1,0,0,1,0,0,1,1,1,1,0,0,0,1,1,1,1,1,1,0,0,1,1,1,1,1,1,1,1,1,1,1,1,1,1,1,1
2026-07-07T14:27:18.256,tof2,8x8,empty,-1,-1,-1,-1,-1,-1,-1,-1,-1,-1,-1,-1,-1,-1,-1,-1,-1,-1,-1,-1,-1,-1,-1,-1,-1,-1,-1,-1,-1,-1,-1,-1,-1,-1,-1,-1,-1,-1,-1,-1,-1,-1,-1,-1,-1,1967,-1,-1,-1,-1,-1,1984,-1,-1,-1,-1,-1,-1,1115,1174,1090,1062,1078,1009,0,0,0,0,0,0,0,0,0,0,0,0,0,0,0,0,0,0,0,0,0,0,0,0,0,0,0,0,0,0,0,0,0,0,0,0,0,0,0,0,0,0,0,0,0,1,0,0,0,0,0,1,1,1,0,0,0,0,1,1,1,1,1,1
2026-07-07T14:27:18.322,tof1,8x8,empty,-1,-1,3189,3221,-1,-1,-1,-1,-1,-1,-1,-1,-1,-1,-1,-1,-1,-1,-1,-1,-1,-1,-1,-1,-1,-1,-1,1879,-1,-1,-1,-1,-1,1716,1823,1768,1720,-1,-1,-1,1376,-1,-1,1440,1434,1350,-1,-1,1167,1185,1220,1198,1191,1177,1146,2244,995,999,1014,1009,1029,1014,1011,995,0,0,1,1,0,0,0,0,0,0,0,0,0,0,0,0,0,0,0,0,0,0,0,0,0,0,1,1,0,0,0,0,0,1,1,1,1,0,0,0,1,1,0,1,1,1,0,0,1,1,1,1,1,1,1,1,1,1,1,1,1,1,1,1
2026-07-07T14:27:18.509,tof1,8x8,empty,-1,-1,3175,3209,-1,-1,-1,-1,-1,-1,-1,-1,-1,-1,-1,-1,-1,-1,-1,-1,-1,-1,-1,-1,-1,-1,-1,-1,-1,-1,-1,-1,-1,1728,1739,1810,-1,-1,-1,-1,1399,1472,-1,1434,1451,1384,-1,-1,-1,1172,1145,1176,1227,1194,1177,-1,1002,1013,999,1005,1012,1025,1018,984,0,0,1,1,0,0,1,0,0,0,0,0,0,0,0,0,0,0,0,0,0,0,0,0,0,0,0,0,1,0,0,0,0,1,1,1,1,0,0,0,1,1,0,1,1,1,0,0,1,1,1,1,1,1,1,1,1,1,1,1,1,1,1,1
2026-07-07T14:27:18.664,tof2,8x8,empty,-1,-1,-1,-1,-1,-1,-1,-1,-1,-1,-1,-1,-1,-1,-1,-1,-1,-1,-1,-1,-1,-1,-1,-1,-1,-1,-1,-1,-1,-1,-1,-1,-1,-1,-1,-1,-1,-1,-1,-1,-1,-1,-1,-1,-1,1987,-1,-1,-1,-1,-1,1975,1923,-1,1831,-1,-1,-1,1145,1156,-1,1107,-1,930,0,0,0,0,0,0,0,0,0,0,0,0,0,0,0,0,0,0,0,0,0,0,0,0,0,0,0,0,0,0,0,0,0,0,0,0,0,0,0,0,0,0,0,0,0,1,1,0,0,0,0,1,1,0,1,0,0,0,1,1,1,1,1,1
2026-07-07T14:27:18.734,tof1,8x8,empty,-1,-1,3174,3223,-1,-1,-1,-1,-1,-1,-1,-1,-1,-1,-1,-1,-1,-1,-1,-1,-1,-1,-1,-1,-1,-1,-1,-1,-1,-1,-1,-1,-1,1798,1727,1801,1751,-1,-1,-1,1453,1434,-1,1410,1434,1414,-1,-1,1133,1224,1199,1190,1185,1194,1167,-1,995,1003,1019,1017,1014,1011,1014,975,0,0,1,1,0,0,0,0,0,0,0,0,0,0,0,0,0,0,0,0,0,0,1,0,0,0,0,1,0,0,0,0,0,1,1,1,1,0,0,0,1,1,1,1,1,1,0,0,1,1,1,1,1,1,1,0,1,1,1,1,1,1,1,1
2026-07-07T14:27:18.850,tof1,8x8,empty,-1,-1,3185,3189,-1,-1,-1,-1,-1,-1,-1,-1,-1,-1,-1,-1,-1,-1,-1,-1,-1,-1,-1,-1,-1,-1,-1,-1,-1,-1,-1,-1,-1,1699,1773,1814,1770,-1,-1,-1,1420,-1,-1,1428,1433,1400,-1,-1,1189,1227,1202,1234,1198,1197,1166,1089,1006,989,985,1010,1002,1004,1012,973,0,0,1,1,0,0,0,0,0,0,0,0,0,0,0,0,0,0,0,0,0,0,0,0,0,0,0,0,0,0,0,0,0,1,1,1,1,0,0,0,1,0,0,1,1,1,0,0,1,1,1,1,1,1,1,1,1,1,1,1,1,1,1,1
2026-07-07T14:27:18.922,tof2,8x8,empty,-1,-1,-1,-1,-1,-1,-1,-1,-1,-1,-1,-1,-1,-1,-1,-1,-1,-1,-1,-1,-1,-1,-1,-1,-1,-1,-1,-1,-1,-1,-1,-1,-1,-1,-1,-1,-1,-1,-1,-1,-1,-1,-1,-1,2019,1987,-1,-1,-1,-1,-1,-1,1897,1990,-1,-1,-1,-1,1142,1083,1074,1072,1073,951,0,0,0,0,0,0,0,0,0,0,0,0,0,0,0,0,0,0,0,0,0,0,0,0,0,0,0,0,0,0,0,0,0,0,0,0,0,0,0,0,0,0,0,0,1,1,0,1,0,0,0,0,1,1,0,0,0,0,1,1,1,1,1,1
2026-07-07T14:27:18.962,tof1,8x8,empty,-1,-1,3185,3214,-1,-1,-1,-1,-1,-1,-1,-1,-1,-1,-1,-1,-1,-1,-1,-1,-1,-1,-1,-1,-1,-1,-1,1978,-1,-1,-1,-1,-1,1680,1852,1808,1721,-1,-1,-1,1387,1442,-1,1450,1467,1402,-1,-1,1186,1215,1174,1208,1217,1195,1162,-1,999,987,1020,1010,1025,1000,1012,973,0,0,1,1,0,0,0,0,0,0,0,0,0,0,0,1,0,0,0,0,1,0,0,0,0,0,1,1,0,0,0,0,0,1,1,1,1,0,0,0,1,1,0,1,1,1,0,0,1,1,1,1,1,1,1,0,1,1,1,1,1,1,1,1
2026-07-07T14:27:19.039,tof2,8x8,empty,-1,-1,-1,-1,-1,-1,-1,-1,-1,-1,-1,-1,-1,-1,-1,-1,-1,-1,-1,-1,-1,-1,-1,-1,-1,-1,-1,-1,-1,-1,-1,-1,-1,-1,-1,-1,-1,-1,-1,-1,-1,-1,-1,-1,1957,1943,-1,-1,-1,-1,-1,1955,-1,-1,1873,-1,-1,-1,1109,-1,-1,-1,-1,1031,0,0,0,0,0,0,0,0,0,0,0,0,0,0,0,0,0,0,0,0,0,0,0,0,0,0,0,0,0,0,0,1,0,0,0,0,0,0,0,0,0,0,0,0,1,1,0,0,0,0,0,1,0,1,1,0,0,0,1,0,1,1,0,1
2026-07-07T14:27:19.083,tof1,8x8,empty,-1,-1,3209,3227,-1,-1,-1,-1,-1,-1,-1,-1,-1,-1,-1,-1,-1,-1,-1,-1,-1,-1,-1,-1,-1,-1,-1,1908,-1,-1,-1,-1,1665,1790,1783,1835,1776,-1,-1,-1,1403,-1,1468,1458,1418,1406,-1,-1,1178,1212,1226,1211,1183,1179,1157,-1,981,1007,1016,1016,1018,1004,1006,998,0,0,1,1,0,0,0,0,0,0,0,0,0,0,0,0,0,0,0,0,0,0,0,0,0,0,0,1,0,0,0,0,1,1,1,1,1,0,0,0,1,0,1,1,1,1,0,0,1,1,1,1,1,1,1,0,1,1,1,1,1,1,1,1
2026-07-07T14:27:19.234,tof1,8x8,empty,-1,-1,3190,3215,-1,-1,-1,-1,-1,-1,-1,-1,-1,-1,-1,-1,-1,-1,-1,-1,-1,-1,-1,-1,-1,-1,1907,-1,-1,-1,-1,-1,-1,1696,1742,1784,1831,-1,-1,-1,1394,-1,-1,1478,1394,1384,-1,-1,1182,1227,1200,1198,1212,1197,1173,-1,999,1008,999,1032,1011,1027,1020,993,0,0,1,1,0,0,0,1,0,0,0,0,0,0,0,0,0,0,0,0,0,0,0,0,0,1,1,1,0,0,0,1,0,1,1,1,1,0,0,0,1,0,0,1,1,1,0,0,1,1,1,1,1,1,1,1,1,1,1,1,1,1,1,1
2026-07-07T14:27:19.260,tof2,8x8,empty,-1,-1,-1,-1,-1,-1,-1,-1,-1,-1,-1,-1,-1,-1,-1,-1,-1,-1,-1,-1,-1,-1,-1,-1,-1,-1,-1,-1,-1,-1,-1,-1,-1,-1,-1,-1,-1,-1,-1,-1,-1,-1,-1,-1,1991,1975,-1,-1,-1,-1,-1,-1,-1,1971,1872,-1,-1,1103,1145,1111,1092,1069,1063,1002,0,0,0,0,0,0,0,0,0,0,0,0,0,0,0,0,0,0,0,0,0,0,0,0,0,0,0,0,0,0,0,0,0,0,0,0,0,0,0,0,0,0,0,0,1,1,1,0,0,0,0,1,1,1,1,0,0,1,1,1,1,1,1,1
2026-07-07T14:27:19.343,tof1,8x8,empty,-1,-1,3195,3203,-1,-1,-1,-1,-1,-1,-1,-1,-1,-1,-1,-1,-1,-1,-1,-1,-1,-1,-1,-1,-1,-1,-1,-1,-1,-1,-1,-1,-1,1689,1743,1772,1722,-1,-1,-1,1429,1384,-1,1424,1418,1403,-1,-1,1169,1183,1200,1181,1165,1196,1164,-1,992,992,1006,1015,1007,1017,1022,1000,0,0,1,1,0,0,0,1,0,0,0,0,0,0,0,0,0,0,0,0,0,0,0,0,0,1,1,0,0,0,1,0,0,1,1,1,1,0,0,0,1,1,1,1,1,1,1,0,1,1,1,1,1,1,1,1,1,1,1,1,1,1,1,1
2026-07-07T14:27:19.362,tof2,8x8,empty,-1,-1,-1,-1,-1,-1,-1,-1,-1,-1,-1,-1,-1,-1,-1,-1,-1,-1,-1,-1,-1,-1,-1,-1,-1,-1,-1,-1,-1,-1,-1,-1,-1,-1,-1,-1,-1,-1,-1,-1,-1,-1,-1,-1,2026,1979,-1,-1,-1,-1,-1,-1,2001,1957,-1,-1,-1,-1,1156,1060,-1,1143,1038,1004,0,0,1,0,0,0,0,0,0,0,0,0,0,0,0,0,0,0,0,0,0,0,0,0,0,0,0,0,0,0,0,0,0,0,0,0,0,0,0,0,0,0,0,0,1,1,0,0,0,0,0,0,1,1,0,0,0,1,1,1,0,1,1,1
2026-07-07T14:27:19.442,tof1,8x8,empty,-1,-1,3179,3224,-1,-1,-1,-1,-1,-1,-1,-1,-1,-1,-1,-1,-1,-1,-1,-1,-1,-1,-1,-1,-1,2202,-1,-1,-1,-1,-1,-1,-1,1710,1764,1806,1778,-1,-1,-1,-1,1445,1392,1440,1447,1396,-1,-1,1185,1199,1225,1197,1206,1168,1187,-1,1007,1005,1007,1011,1027,1013,1017,974,0,0,1,1,0,0,0,0,0,0,0,0,0,0,0,0,0,0,0,0,0,0,0,0,0,1,0,1,0,0,0,0,0,1,1,1,1,0,0,0,0,1,1,1,1,1,0,0,1,1,1,1,1,1,1,0,1,1,1,1,1,1,1,1
2026-07-07T14:27:19.458,tof2,8x8,empty,-1,-1,-1,-1,-1,-1,-1,-1,-1,-1,-1,-1,-1,-1,-1,-1,-1,-1,-1,-1,-1,-1,-1,-1,-1,-1,-1,-1,-1,-1,-1,-1,-1,-1,-1,-1,-1,-1,-1,-1,-1,-1,-1,-1,1984,1977,-1,-1,-1,-1,-1,1938,-1,-1,1944,-1,-1,-1,1135,1081,1094,1040,1015,986,0,0,0,0,0,0,0,0,0,0,0,0,0,0,0,0,0,0,0,0,0,0,0,0,0,0,0,0,0,0,0,0,0,0,0,0,0,0,0,0,0,0,0,0,1,1,0,0,0,0,0,1,1,1,1,0,0,1,1,1,1,1,1,1
2026-07-07T14:27:19.552,tof1,8x8,empty,-1,-1,3186,3255,-1,-1,-1,-1,-1,-1,-1,-1,-1,-1,-1,-1,-1,-1,-1,-1,-1,-1,-1,-1,-1,-1,-1,1880,-1,-1,-1,-1,-1,1630,1795,1801,1586,-1,-1,-1,1371,1432,-1,1454,1441,1359,-1,-1,1179,1197,1168,1190,1208,1191,1163,-1,991,1001,1000,1018,1020,1004,1010,988,0,1,1,1,0,0,1,0,0,0,0,0,0,0,0,0,0,0,0,0,0,0,0,0,0,0,1,1,0,0,0,0,0,1,1,1,1,0,0,0,1,1,0,1,1,1,0,0,1,1,1,1,1,1,1,1,1,1,1,1,1,1,1,1
2026-07-07T14:27:19.580,tof2,8x8,empty,-1,-1,-1,-1,-1,-1,-1,-1,-1,-1,-1,-1,-1,-1,-1,-1,-1,-1,-1,-1,-1,-1,-1,-1,-1,-1,-1,-1,-1,-1,-1,-1,-1,-1,-1,-1,-1,-1,-1,-1,-1,-1,-1,-1,1992,-1,-1,-1,-1,-1,-1,1955,-1,-1,-1,-1,-1,-1,1171,-1,1117,1066,1063,983,0,0,0,0,0,0,0,0,0,0,0,0,0,0,0,0,0,0,0,0,0,0,0,0,0,0,0,0,0,0,0,0,0,0,0,0,0,0,0,0,0,0,0,0,1,0,0,0,0,1,0,1,0,1,1,0,0,1,1,0,1,1,1,1
2026-07-07T14:27:19.709,tof2,8x8,empty,-1,-1,-1,-1,-1,-1,-1,-1,-1,-1,-1,-1,-1,-1,-1,-1,-1,-1,-1,-1,-1,-1,-1,-1,-1,-1,-1,-1,-1,-1,-1,-1,-1,-1,-1,-1,-1,-1,-1,-1,-1,-1,-1,-1,-1,1969,-1,-1,-1,-1,-1,1882,-1,-1,-1,-1,-1,-1,1161,1152,1100,-1,-1,1020,0,0,0,0,0,0,0,0,0,0,0,0,0,0,0,0,0,0,0,0,0,0,0,0,0,0,0,0,0,0,0,0,0,0,0,0,0,0,0,0,0,0,0,0,0,1,0,0,0,0,0,1,1,1,0,0,0,1,1,1,1,1,0,1
2026-07-07T14:27:19.751,tof1,8x8,empty,-1,-1,3194,3205,-1,-1,-1,-1,-1,-1,-1,-1,-1,-1,-1,-1,-1,-1,-1,-1,-1,-1,-1,-1,-1,-1,-1,-1,-1,-1,-1,-1,-1,1701,1780,1802,1746,-1,-1,-1,1397,1400,-1,1444,1433,1435,-1,-1,1204,1189,1174,1175,1200,1188,1184,-1,1000,1015,1002,1018,1010,1002,1010,983,0,1,1,1,0,0,1,1,0,0,0,0,0,0,1,0,0,0,0,0,1,0,0,0,0,0,0,1,0,0,1,0,0,1,1,1,1,0,0,0,1,1,1,1,1,1,1,0,1,1,1,1,1,1,1,1,1,1,1,1,1,1,1,1
2026-07-07T14:27:19.796,tof2,8x8,empty,-1,-1,-1,-1,-1,-1,-1,-1,-1,-1,-1,-1,-1,-1,-1,-1,-1,-1,-1,-1,-1,-1,-1,-1,-1,-1,-1,-1,-1,-1,-1,-1,-1,-1,-1,-1,-1,-1,-1,-1,-1,-1,-1,-1,-1,1977,-1,-1,-1,-1,-1,-1,-1,-1,-1,-1,-1,-1,1141,1123,1103,1053,-1,1020,0,0,0,0,0,0,0,0,0,0,0,0,0,0,0,0,0,0,0,0,0,0,0,0,0,0,0,0,0,0,0,0,0,0,0,0,0,0,0,0,0,0,0,0,1,1,0,0,0,0,0,0,0,0,0,0,0,0,1,1,1,1,1,1
2026-07-07T14:27:19.849,tof1,8x8,empty,-1,-1,3191,3221,-1,-1,3239,-1,-1,-1,-1,-1,-1,-1,-1,-1,-1,-1,-1,-1,-1,-1,-1,-1,-1,-1,-1,1883,-1,-1,-1,-1,-1,1658,1748,-1,1756,-1,-1,-1,1420,1435,-1,1473,1428,1393,-1,-1,1213,1211,1189,1209,1203,1180,1181,-1,1004,983,1008,1015,1002,1012,1009,968,0,0,1,1,0,0,1,0,0,0,0,0,0,0,0,0,0,0,0,0,0,0,0,0,0,0,1,1,0,0,0,0,0,1,1,0,1,0,0,0,1,1,0,1,1,1,0,0,1,1,1,1,1,1,1,1,1,1,1,1,1,1,1,1
2026-07-07T14:27:19.960,tof1,8x8,empty,-1,-1,3166,3227,-1,-1,-1,-1,-1,-1,-1,-1,-1,-1,-1,-1,-1,-1,-1,-1,-1,-1,-1,-1,-1,-1,-1,1966,-1,-1,-1,-1,-1,1698,1742,-1,-1,-1,-1,-1,1355,1384,-1,1395,1405,1386,-1,-1,1163,1150,1172,1204,1187,1218,1196,-1,1011,1005,1010,1023,1023,1009,1017,984,0,0,1,1,0,0,0,1,0,0,0,0,0,0,0,1,0,0,0,0,0,0,0,0,0,1,0,1,0,0,1,0,0,1,1,1,1,0,0,0,1,1,1,1,1,1,1,0,1,1,1,1,1,1,1,0,1,1,1,1,1,1,1,1
2026-07-07T14:27:20.103,tof1,8x8,empty,-1,-1,3181,3253,-1,-1,-1,-1,-1,-1,-1,-1,-1,-1,-1,-1,-1,-1,-1,-1,-1,-1,-1,-1,-1,-1,-1,-1,-1,-1,-1,-1,-1,-1,1783,-1,1734,-1,-1,-1,1445,1504,-1,1418,1436,1353,-1,-1,1192,1210,1187,1202,1220,1197,1168,-1,1001,995,1010,1016,1011,1019,1008,989,0,0,1,1,0,0,0,0,0,0,0,0,0,0,0,0,0,0,0,0,0,0,0,1,0,0,0,0,0,0,0,0,0,1,1,1,1,0,0,0,1,1,0,1,1,1,0,0,1,1,1,1,1,1,1,0,1,1,1,1,1,1,1,1
2026-07-07T14:27:20.111,tof2,8x8,empty,-1,-1,-1,-1,-1,-1,-1,-1,-1,-1,-1,-1,-1,-1,-1,-1,-1,-1,-1,-1,-1,-1,-1,-1,-1,-1,-1,-1,-1,-1,-1,-1,-1,-1,-1,-1,-1,-1,-1,-1,-1,-1,-1,-1,2001,1963,-1,-1,-1,-1,-1,1862,1928,-1,-1,-1,-1,1071,1166,1114,1146,1086,1073,1023,0,0,0,0,0,0,0,0,0,0,0,0,0,0,0,0,0,0,0,0,0,0,0,0,0,0,0,0,0,0,0,0,0,0,0,0,0,0,0,0,0,0,0,0,1,1,0,0,0,0,0,1,1,1,1,0,0,1,1,1,1,1,1,1
2026-07-07T14:27:20.251,tof1,8x8,empty,-1,-1,3192,3232,-1,-1,-1,-1,-1,-1,-1,-1,-1,-1,-1,-1,-1,-1,-1,-1,-1,-1,-1,-1,-1,-1,-1,1903,-1,-1,-1,-1,-1,1717,1769,1726,1857,-1,-1,-1,1408,1360,1314,1428,1436,1404,-1,-1,1186,1166,1170,1191,1198,1180,1159,-1,984,1004,1010,1016,1015,997,1019,976,0,0,1,1,0,1,0,0,0,0,0,0,0,0,0,0,0,0,0,0,0,0,0,0,0,0,0,1,1,0,0,0,0,1,1,1,1,1,0,0,1,1,1,1,1,1,0,0,1,1,1,1,1,1,1,0,1,1,1,1,1,1,1,1
2026-07-07T14:27:20.267,tof2,8x8,empty,-1,-1,-1,-1,-1,-1,-1,-1,-1,-1,-1,-1,-1,-1,-1,-1,-1,-1,-1,-1,-1,-1,-1,-1,-1,-1,-1,-1,-1,-1,-1,-1,-1,-1,-1,-1,-1,-1,-1,-1,-1,-1,-1,-1,1967,-1,-1,-1,-1,-1,-1,1967,-1,1956,1960,-1,-1,993,1145,1136,1140,1047,1064,-1,0,0,0,0,0,0,0,0,0,0,0,0,0,0,0,0,0,0,0,0,0,0,0,0,0,0,0,0,0,0,0,0,0,0,0,0,0,0,0,0,0,0,0,0,1,0,0,0,0,0,0,1,1,1,1,0,0,1,1,1,1,1,1,1
2026-07-07T14:27:20.350,tof1,8x8,empty,-1,-1,3194,3257,-1,-1,-1,-1,-1,-1,-1,-1,-1,-1,-1,-1,-1,-1,-1,-1,2237,-1,-1,-1,-1,-1,-1,-1,-1,-1,-1,-1,-1,1665,1783,1816,1756,-1,-1,-1,1410,1411,1386,-1,1393,1398,-1,-1,1183,1224,1189,1196,1199,1188,1163,-1,991,992,1013,1008,1028,1018,1011,996,0,0,1,1,0,0,0,0,0,0,0,0,0,0,0,0,0,0,0,0,1,0,0,1,0,0,1,1,0,0,0,0,0,1,1,1,1,0,0,0,1,1,1,1,1,1,0,0,1,1,1,1,1,1,1,0,1,1,1,1,1,1,1,1
2026-07-07T14:27:20.404,tof2,8x8,empty,-1,-1,-1,-1,-1,-1,-1,-1,-1,-1,-1,-1,-1,-1,-1,-1,-1,-1,-1,-1,-1,-1,-1,-1,-1,-1,-1,-1,-1,-1,-1,-1,-1,-1,-1,-1,-1,-1,-1,-1,-1,-1,-1,-1,1983,1966,-1,-1,-1,-1,-1,1966,-1,-1,1959,-1,-1,-1,1120,1123,1103,1037,1042,1011,0,0,0,0,0,0,0,0,0,0,0,0,0,0,0,0,0,0,0,0,0,0,0,0,0,0,0,0,1,0,0,0,0,0,0,0,0,0,0,0,0,0,0,0,1,1,0,0,0,0,0,1,0,1,1,0,0,0,1,1,1,1,1,1
2026-07-07T14:27:20.467,tof1,8x8,empty,-1,-1,3190,3209,-1,-1,-1,-1,-1,-1,-1,-1,-1,-1,-1,-1,-1,-1,-1,-1,-1,-1,-1,-1,-1,-1,-1,-1,-1,-1,-1,-1,-1,1697,1724,1762,1734,-1,-1,-1,-1,1446,-1,1428,1425,1423,-1,-1,1140,1199,1184,1185,1184,1206,1180,-1,982,998,1005,1013,1033,1022,1009,979,1,0,1,1,0,0,0,0,0,0,0,0,0,0,0,0,0,0,0,0,0,0,0,0,0,0,0,1,0,0,1,0,0,1,1,1,1,0,0,0,1,1,0,1,1,1,0,0,1,1,1,1,1,1,1,0,1,1,1,1,1,1,1,1
2026-07-07T14:27:20.494,tof2,8x8,empty,-1,-1,-1,-1,-1,-1,-1,-1,-1,-1,-1,-1,-1,-1,-1,-1,-1,-1,-1,-1,-1,-1,-1,-1,-1,-1,-1,-1,-1,-1,-1,-1,-1,-1,-1,-1,-1,-1,-1,-1,-1,-1,-1,-1,2002,2018,-1,-1,-1,-1,-1,1948,-1,1893,1952,-1,-1,-1,1140,-1,1078,1119,1082,-1,0,0,0,0,0,0,0,0,0,0,0,0,0,0,0,0,0,0,0,0,0,0,0,0,0,0,0,0,0,0,0,0,0,0,0,0,0,0,0,0,0,0,0,0,1,1,0,0,1,0,0,1,1,1,1,0,0,1,1,1,1,1,1,1
2026-07-07T14:27:20.517,tof2,8x8,empty,-1,-1,-1,-1,-1,-1,-1,-1,-1,-1,-1,-1,-1,-1,-1,-1,-1,-1,-1,-1,-1,-1,-1,-1,-1,-1,-1,-1,-1,-1,-1,-1,-1,-1,-1,-1,-1,-1,-1,-1,-1,-1,-1,-1,-1,2032,-1,-1,-1,-1,-1,1980,-1,-1,-1,-1,-1,1078,1168,1104,1056,1099,1103,980,0,0,0,0,0,0,0,0,0,0,0,0,0,0,0,0,0,0,0,0,0,0,0,0,0,0,0,0,0,0,0,0,0,0,0,0,0,0,0,0,0,0,0,0,0,1,0,0,0,0,0,1,0,0,0,0,0,1,1,1,1,1,1,1
2026-07-07T14:27:20.580,tof1,8x8,empty,-1,-1,3171,3253,-1,-1,-1,-1,-1,-1,-1,-1,-1,-1,-1,-1,-1,-1,-1,-1,-1,-1,-1,-1,-1,-1,-1,-1,-1,-1,-1,-1,-1,1718,1805,1810,1748,-1,-1,-1,1395,1363,-1,-1,1448,1437,-1,-1,1204,1240,1151,1195,1185,1181,1154,-1,982,1000,1016,1028,1026,1016,1002,1002,0,0,1,1,0,0,0,0,0,0,0,0,0,0,0,0,0,0,0,0,0,0,0,0,0,0,0,1,0,0,0,0,0,1,1,1,1,0,0,0,1,1,0,1,1,1,0,0,1,1,1,1,1,1,1,0,1,1,1,1,1,1,1,1
2026-07-07T14:27:20.589,tof2,8x8,empty,-1,-1,-1,-1,-1,-1,-1,-1,-1,-1,-1,-1,-1,-1,-1,-1,-1,-1,-1,-1,-1,-1,-1,-1,-1,-1,-1,-1,-1,-1,-1,-1,-1,-1,-1,-1,-1,-1,-1,-1,-1,-1,-1,-1,1949,1923,-1,-1,-1,-1,-1,1966,1962,1973,1980,-1,-1,-1,1099,-1,1123,1148,1091,1042,0,0,0,0,0,0,0,0,0,0,0,0,0,0,0,0,0,0,0,0,0,0,0,0,0,0,0,0,0,0,0,0,0,0,0,0,0,0,0,0,0,0,0,0,1,1,0,0,0,0,0,1,1,1,1,0,1,0,1,0,1,1,1,1
2026-07-07T14:27:20.723,tof1,8x8,empty,-1,-1,3182,3219,-1,-1,-1,-1,-1,-1,-1,-1,-1,-1,-1,-1,-1,-1,-1,-1,-1,-1,-1,-1,-1,-1,-1,1921,-1,-1,-1,-1,-1,-1,1793,1767,-1,-1,-1,-1,1470,1424,-1,1493,1416,1388,-1,-1,1142,1174,1191,1196,1170,1223,1190,-1,998,994,1019,1043,1013,1010,1010,992,0,0,1,1,0,0,1,1,0,0,0,0,0,0,0,0,0,0,0,0,1,0,0,0,0,0,0,1,0,0,1,0,0,1,1,1,1,0,0,0,1,1,0,1,1,1,0,0,1,1,1,1,1,1,1,0,1,1,1,1,1,1,1,1
2026-07-07T14:27:20.751,tof2,8x8,empty,-1,-1,-1,-1,-1,-1,-1,-1,-1,-1,-1,-1,-1,-1,-1,-1,-1,-1,-1,-1,-1,-1,-1,-1,-1,-1,-1,-1,-1,-1,-1,-1,-1,-1,-1,-1,-1,-1,-1,-1,-1,-1,-1,-1,1987,-1,-1,-1,-1,-1,-1,1946,-1,1938,-1,-1,-1,1110,1143,1121,1113,-1,1097,1015,0,0,0,0,0,0,0,0,0,0,0,0,0,0,0,0,0,0,0,0,0,0,0,0,0,0,0,0,0,0,0,0,0,0,0,0,0,0,0,0,0,0,0,0,1,0,0,0,0,0,0,1,0,1,0,0,0,1,1,1,1,0,1,1
2026-07-07T14:27:20.856,tof1,8x8,empty,-1,-1,3182,3247,-1,-1,-1,3276,-1,-1,-1,-1,-1,-1,-1,-1,-1,-1,-1,-1,-1,-1,-1,-1,-1,-1,-1,1910,-1,-1,-1,-1,-1,1616,1781,1859,1756,-1,-1,-1,1377,-1,-1,1450,1446,1426,-1,-1,1186,1160,1172,1195,1149,1201,1146,-1,1002,1000,1004,1014,1030,1016,1014,984,1,0,1,1,0,0,0,1,0,0,0,0,0,0,0,0,0,0,0,0,0,0,0,0,0,0,1,1,0,0,0,0,0,1,1,1,1,0,0,0,1,0,0,1,1,1,0,0,1,1,1,1,1,1,1,0,1,1,1,1,1,1,1,1
2026-07-07T14:27:20.871,tof2,8x8,empty,-1,-1,-1,-1,-1,-1,-1,-1,-1,-1,-1,-1,-1,-1,-1,-1,-1,-1,-1,-1,-1,-1,-1,-1,-1,-1,-1,-1,-1,-1,-1,-1,-1,-1,-1,-1,-1,-1,-1,-1,-1,-1,-1,-1,1987,1983,-1,-1,-1,-1,-1,1901,-1,-1,-1,-1,-1,1102,1140,1173,1132,1063,1001,1005,0,0,0,0,0,0,0,0,0,0,0,0,0,0,0,0,0,0,0,0,0,0,0,0,0,0,0,0,0,0,0,0,0,0,0,0,0,0,0,0,0,0,0,0,1,1,0,0,0,0,0,1,1,1,0,0,0,1,1,1,1,1,1,1
2026-07-07T14:27:20.964,tof1,8x8,empty,-1,-1,3177,3212,-1,-1,-1,-1,-1,-1,-1,-1,-1,-1,-1,-1,-1,-1,-1,-1,-1,-1,-1,-1,-1,-1,-1,-1,-1,-1,-1,-1,-1,1703,1803,-1,1770,-1,-1,-1,1392,1442,1417,1446,1463,1415,-1,-1,1180,1159,1189,1193,1208,1179,1192,-1,987,984,1004,1008,1011,995,1007,988,0,0,1,1,0,0,0,0,0,0,0,0,0,0,0,0,0,0,0,0,0,0,0,0,0,0,0,0,0,0,1,0,0,1,1,1,1,0,0,0,1,1,1,1,1,1,0,0,1,1,1,1,1,1,1,0,1,1,1,1,1,1,1,1
2026-07-07T14:27:20.989,tof2,8x8,empty,-1,-1,-1,-1,-1,-1,-1,-1,-1,-1,-1,-1,-1,-1,-1,-1,-1,-1,-1,-1,-1,-1,-1,-1,-1,-1,-1,-1,-1,-1,-1,-1,-1,-1,-1,-1,-1,-1,-1,-1,-1,-1,-1,-1,1982,1974,-1,-1,-1,-1,-1,1931,1945,-1,-1,-1,-1,1167,1103,1105,1104,1139,1148,1049,0,0,0,0,0,0,0,0,0,0,0,0,0,0,0,0,0,0,0,0,0,0,0,0,0,0,0,0,0,0,0,0,0,0,0,0,0,0,0,0,0,0,0,0,1,1,0,0,0,0,0,1,1,1,1,0,0,1,1,1,1,1,1,1
2026-07-07T14:27:21.062,tof1,8x8,empty,-1,-1,3172,3232,-1,-1,-1,-1,-1,-1,-1,-1,-1,-1,-1,-1,-1,-1,-1,-1,-1,-1,-1,-1,-1,-1,-1,-1,-1,-1,-1,-1,-1,1690,1763,1829,1733,-1,-1,-1,1406,1467,1370,1422,1444,1387,-1,-1,1181,1184,1212,1216,1199,1213,1156,1072,1006,1010,1008,1030,1021,1008,1020,985,1,0,1,1,0,0,1,0,0,0,0,0,0,0,0,0,0,0,0,0,1,0,1,1,0,0,1,0,0,0,0,0,0,1,1,1,1,0,0,0,1,1,1,1,1,1,0,0,1,1,1,1,1,1,1,1,1,1,1,1,1,1,1,1
2026-07-07T14:27:21.083,tof2,8x8,empty,-1,-1,-1,-1,-1,-1,-1,-1,-1,-1,-1,-1,-1,-1,-1,-1,-1,-1,-1,-1,-1,-1,-1,-1,-1,-1,-1,-1,-1,-1,-1,-1,-1,-1,-1,-1,-1,-1,-1,-1,-1,-1,-1,-1,2057,1958,-1,-1,-1,-1,-1,1948,-1,-1,1918,-1,-1,1108,1149,1156,1067,1090,1071,1009,0,0,0,0,0,0,0,0,0,0,0,0,0,0,0,0,0,0,0,0,0,0,0,0,0,0,0,0,0,0,0,0,0,0,0,0,0,0,0,0,0,0,0,0,1,1,0,0,0,0,0,1,0,0,1,0,0,1,1,1,1,1,1,1
2026-07-07T14:27:21.160,tof1,8x8,empty,-1,-1,3186,3212,-1,-1,-1,-1,-1,-1,-1,-1,-1,-1,-1,-1,-1,-1,-1,-1,-1,-1,-1,-1,-1,-1,-1,-1,-1,-1,-1,-1,-1,1686,1786,1812,1667,-1,-1,-1,1440,1434,1414,1460,1377,1423,-1,-1,-1,1179,1200,1179,1188,1207,1151,2206,1009,1006,1002,1009,1013,1012,1020,1000,0,0,1,1,0,0,0,0,0,0,0,0,0,0,1,0,0,0,0,0,0,0,1,0,0,0,0,0,0,0,0,0,0,1,1,1,1,0,0,0,1,1,1,1,1,1,0,0,1,1,1,1,1,1,1,1,1,1,1,1,1,1,1,1
2026-07-07T14:27:21.182,tof2,8x8,empty,-1,-1,-1,-1,-1,-1,-1,-1,-1,-1,-1,-1,-1,-1,-1,-1,-1,-1,-1,-1,-1,-1,-1,-1,-1,-1,-1,-1,-1,-1,-1,-1,-1,-1,-1,-1,-1,-1,-1,-1,-1,-1,-1,-1,-1,1967,-1,-1,-1,-1,-1,1932,-1,1980,-1,-1,-1,-1,1150,1135,1158,1091,1075,1015,0,0,0,0,0,0,0,0,0,0,0,0,0,0,0,0,0,0,0,0,0,0,0,0,0,0,0,0,0,0,0,0,0,0,0,0,0,0,0,0,0,0,0,0,0,1,1,0,0,1,0,1,1,1,1,0,0,1,1,1,1,1,1,1
2026-07-07T14:27:21.265,tof1,8x8,empty,-1,-1,3187,3216,-1,-1,-1,-1,-1,-1,-1,-1,-1,-1,-1,-1,-1,-1,-1,-1,-1,-1,-1,-1,-1,-1,-1,1908,-1,-1,-1,-1,-1,1711,1765,1746,1714,-1,-1,-1,1452,1443,-1,1404,1457,1420,-1,-1,1201,1221,1189,1207,1232,1201,1188,-1,991,1011,1013,1015,1012,1016,1010,988,0,0,1,1,0,0,0,0,0,0,0,0,0,0,1,0,0,0,0,0,1,0,0,0,0,0,0,1,1,0,0,0,0,1,1,1,1,0,0,0,1,1,1,1,1,1,0,0,1,1,1,1,1,1,1,0,1,1,1,1,1,1,1,1
2026-07-07T14:27:21.290,tof2,8x8,empty,-1,-1,-1,-1,-1,-1,-1,-1,-1,-1,-1,-1,-1,-1,-1,-1,-1,-1,-1,-1,-1,-1,-1,-1,-1,-1,-1,-1,-1,-1,-1,-1,-1,-1,-1,-1,-1,-1,-1,-1,-1,-1,-1,-1,1967,-1,-1,-1,-1,-1,-1,1958,-1,1957,-1,-1,-1,1085,1167,1086,1096,1095,1101,1029,0,0,0,0,0,0,0,0,0,0,0,0,0,0,0,0,0,0,0,0,0,0,0,0,0,0,0,0,0,0,0,0,0,0,0,0,0,0,0,0,0,0,0,0,1,0,0,0,0,0,0,1,0,1,0,0,0,1,1,1,1,1,1,1
2026-07-07T14:27:21.376,tof1,8x8,empty,-1,-1,3194,3196,-1,-1,-1,-1,-1,-1,-1,-1,-1,-1,-1,-1,-1,-1,-1,-1,-1,-1,-1,-1,-1,-1,-1,1904,-1,-1,-1,-1,-1,1697,1791,1730,1673,-1,-1,-1,1377,-1,-1,1441,1425,1418,-1,-1,1169,1182,1221,1210,1238,1202,1199,-1,1006,987,1007,1013,1023,1013,1027,985,0,0,1,1,0,0,0,0,0,0,0,0,0,0,0,0,0,0,0,0,0,0,0,0,0,0,0,1,0,0,0,0,0,1,1,1,1,0,0,0,1,1,0,1,1,1,0,0,1,1,1,1,1,1,1,0,1,1,1,1,1,1,1,1
2026-07-07T14:27:21.393,tof2,8x8,empty,-1,-1,-1,-1,-1,-1,-1,-1,-1,-1,-1,-1,-1,-1,-1,-1,-1,-1,-1,-1,-1,-1,-1,-1,-1,-1,-1,-1,-1,-1,-1,-1,-1,-1,-1,-1,-1,-1,-1,-1,-1,-1,-1,-1,1950,-1,-1,-1,-1,-1,-1,1901,-1,1946,-1,-1,-1,1170,1130,-1,1114,1094,1037,1005,0,0,1,0,0,0,0,0,0,0,0,0,0,0,0,0,0,0,0,0,0,0,0,0,0,0,0,0,0,0,0,0,0,0,0,0,0,0,0,0,0,0,0,0,1,1,0,0,0,0,0,1,0,1,0,0,0,1,1,0,1,1,1,1
2026-07-07T14:27:21.479,tof1,8x8,empty,-1,-1,3179,-1,-1,-1,-1,-1,-1,-1,-1,-1,-1,-1,-1,-1,-1,-1,-1,-1,-1,-1,-1,-1,-1,-1,-1,-1,-1,-1,-1,-1,-1,1719,1794,1819,1651,-1,-1,-1,1459,1463,-1,1463,1463,1411,-1,-1,1199,1191,1175,1222,1219,1194,1167,-1,985,996,1014,1009,1021,1019,1012,980,1,0,1,1,0,0,0,1,0,0,0,0,0,0,0,0,0,0,0,0,0,0,0,0,0,0,0,0,0,0,1,0,0,1,1,1,1,0,0,0,1,1,0,1,1,1,1,0,1,1,1,1,1,1,1,1,1,1,1,1,1,1,1,1
2026-07-07T14:27:21.579,tof1,8x8,empty,-1,-1,3190,3217,-1,-1,-1,-1,-1,-1,-1,-1,-1,-1,-1,-1,-1,-1,-1,-1,-1,-1,-1,-1,-1,-1,-1,-1,-1,-1,-1,-1,-1,1710,1732,1820,1695,-1,-1,-1,1381,-1,-1,1489,1436,1384,-1,-1,1197,1187,1210,1199,1192,1190,1199,2216,995,987,990,1015,1005,1024,1013,1000,0,0,1,1,0,0,1,0,0,0,0,0,0,0,0,0,0,0,0,0,0,0,0,0,0,1,0,1,0,0,0,1,0,1,1,1,1,0,0,0,1,0,1,1,1,1,0,0,1,1,1,1,1,1,1,1,1,1,1,1,1,1,1,1
2026-07-07T14:27:21.550,tof2,8x8,empty,-1,-1,-1,-1,-1,-1,-1,-1,-1,-1,-1,-1,-1,-1,-1,-1,-1,-1,-1,-1,-1,-1,-1,-1,-1,-1,-1,-1,-1,-1,-1,-1,-1,-1,-1,-1,-1,-1,-1,-1,-1,-1,-1,-1,-1,1962,-1,-1,-1,-1,-1,1951,-1,1924,-1,-1,-1,-1,1144,1133,1106,1077,1031,999,0,0,0,0,0,0,0,0,0,0,0,0,0,0,0,0,0,0,0,0,0,0,0,0,0,0,0,0,0,0,0,0,0,0,0,0,0,0,0,0,0,0,0,0,1,1,0,0,0,0,0,1,0,1,1,0,0,0,1,1,1,1,1,1
2026-07-07T14:27:21.682,tof2,8x8,empty,-1,-1,-1,-1,-1,-1,-1,-1,-1,-1,-1,-1,-1,-1,-1,-1,-1,-1,-1,-1,-1,-1,-1,-1,-1,-1,-1,-1,760,-1,-1,-1,-1,-1,-1,-1,-1,-1,-1,-1,-1,-1,-1,-1,-1,-1,1958,-1,-1,-1,-1,1929,-1,-1,-1,-1,-1,1119,1130,1195,1123,1057,-1,1034,0,0,0,0,0,0,0,0,0,0,0,0,0,0,0,0,0,0,0,0,0,0,0,0,0,0,0,0,1,0,0,0,0,0,0,0,0,0,0,0,0,0,0,0,0,0,1,0,0,0,0,1,0,0,0,0,0,1,1,1,1,1,1,1
2026-07-07T14:27:21.797,tof1,8x8,empty,-1,-1,3189,3215,-1,-1,-1,-1,-1,-1,-1,-1,-1,-1,-1,-1,-1,-1,-1,-1,-1,-1,-1,-1,-1,-1,-1,1890,-1,-1,-1,-1,-1,1682,1754,1754,1770,-1,-1,-1,1425,1432,-1,1386,1400,1394,-1,-1,1200,1175,1181,1198,1216,1207,1186,1118,1005,1016,1008,1015,1000,1000,1028,992,0,0,1,1,0,0,0,1,0,0,0,0,0,0,0,0,0,0,0,0,0,0,0,0,0,1,0,1,0,0,0,0,0,1,1,1,1,0,0,0,1,1,1,1,1,1,0,0,1,1,1,1,1,1,1,1,1,1,1,1,1,1,1,1
2026-07-07T14:27:21.964,tof2,8x8,empty,-1,-1,-1,-1,-1,-1,-1,-1,-1,-1,-1,-1,-1,-1,-1,-1,-1,-1,-1,-1,-1,-1,-1,-1,-1,-1,-1,-1,-1,-1,-1,-1,-1,-1,-1,-1,-1,-1,-1,-1,-1,-1,-1,-1,2019,1966,-1,-1,-1,-1,-1,2015,1927,-1,1895,-1,-1,-1,-1,1077,1140,1067,1105,948,0,0,0,0,0,0,0,0,0,0,0,0,0,0,0,0,0,0,0,0,0,0,0,0,0,0,0,0,1,0,0,0,0,0,0,0,0,0,0,0,0,0,0,0,1,1,0,0,0,0,0,1,1,0,1,0,0,1,1,1,1,1,1,1
2026-07-07T14:27:22.061,tof1,8x8,empty,-1,-1,3187,3195,-1,-1,-1,-1,-1,-1,-1,-1,-1,-1,-1,-1,-1,-1,-1,-1,-1,-1,-1,-1,-1,-1,-1,-1,-1,-1,-1,-1,-1,1660,1764,1833,1757,-1,-1,-1,1394,1411,1393,1465,1429,1430,-1,-1,1187,1190,1218,1207,1197,1206,1175,-1,1005,998,1006,1039,1016,1020,1029,968,0,0,1,1,0,0,0,0,0,0,0,0,0,0,0,0,0,0,0,0,0,0,0,0,0,1,0,1,0,0,0,0,0,1,1,1,1,0,0,0,1,1,1,1,1,1,0,0,1,1,1,1,1,1,1,0,1,1,1,1,1,1,1,1
2026-07-07T14:27:22.184,tof1,8x8,empty,-1,-1,3193,3284,-1,-1,-1,-1,-1,-1,-1,-1,-1,-1,-1,-1,-1,-1,-1,-1,-1,-1,-1,-1,-1,-1,-1,1918,-1,-1,-1,-1,-1,1692,1775,1786,1619,-1,-1,-1,1396,1432,1405,1424,1427,1417,-1,-1,1148,1199,1174,1197,1177,1206,1199,-1,991,1013,1014,1007,1007,1007,1011,997,0,0,1,1,0,0,0,0,0,0,0,0,0,0,0,0,0,0,1,0,0,1,0,0,0,1,0,1,0,0,0,0,1,1,1,1,1,0,0,0,1,1,1,1,1,1,0,0,1,1,1,1,1,1,1,0,1,1,1,1,1,1,1,1
2026-07-07T14:27:22.182,tof2,8x8,empty,-1,-1,-1,-1,-1,-1,-1,-1,-1,-1,-1,-1,-1,-1,-1,-1,-1,-1,-1,-1,-1,-1,-1,-1,-1,-1,-1,-1,-1,-1,-1,-1,-1,-1,-1,-1,-1,-1,-1,-1,-1,-1,-1,-1,1961,-1,-1,-1,-1,-1,-1,1941,-1,-1,-1,-1,-1,1028,1138,1059,1130,1080,1031,998,0,0,0,0,0,0,0,0,0,0,0,0,0,0,0,0,0,0,0,0,0,0,0,0,0,0,0,0,0,0,0,0,0,0,0,0,0,0,0,0,0,0,0,0,1,1,0,0,0,1,0,1,0,0,1,0,0,1,1,1,1,1,1,1
2026-07-07T14:27:22.299,tof1,8x8,empty,-1,-1,3195,3217,-1,-1,-1,-1,-1,-1,-1,-1,-1,-1,-1,-1,-1,-1,-1,-1,-1,-1,-1,-1,-1,-1,-1,1870,-1,-1,-1,-1,-1,1698,1780,1757,-1,-1,-1,-1,-1,1425,1419,1470,1434,1389,-1,-1,-1,1214,1221,1215,1195,1185,1199,-1,998,985,1023,985,1029,1015,1026,984,0,0,1,1,0,0,0,1,0,0,0,0,0,0,0,0,0,1,0,0,0,0,0,0,0,0,1,1,0,0,0,0,0,1,1,1,1,0,0,0,1,1,1,1,1,1,0,0,1,1,1,1,1,1,1,0,1,1,1,1,1,1,1,1
2026-07-07T14:27:22.298,tof2,8x8,empty,-1,-1,-1,-1,-1,-1,-1,-1,-1,-1,-1,-1,-1,-1,-1,-1,-1,-1,-1,-1,-1,-1,-1,-1,-1,-1,-1,-1,-1,-1,-1,-1,-1,-1,-1,-1,-1,-1,-1,-1,-1,-1,-1,-1,1990,1934,-1,-1,-1,-1,-1,1961,-1,-1,-1,-1,-1,1043,1203,1138,1067,-1,1060,938,0,0,0,0,0,0,0,0,0,0,0,0,0,0,0,0,0,0,0,0,0,0,0,0,0,0,0,0,0,0,0,0,0,0,0,0,0,0,0,0,0,0,0,0,1,1,0,0,0,0,0,1,0,0,0,0,0,1,1,1,1,0,1,1
2026-07-07T14:27:22.492,tof1,8x8,empty,-1,-1,3198,3207,-1,-1,-1,-1,-1,-1,-1,-1,-1,-1,-1,-1,-1,-1,-1,-1,-1,-1,-1,-1,-1,-1,-1,1953,-1,-1,-1,-1,-1,1745,1791,1788,1707,-1,-1,-1,1415,1389,-1,1419,1455,1405,-1,-1,1177,1186,1184,1213,1184,1200,1201,1061,998,987,1010,1016,1023,1006,1003,993,0,0,1,1,0,0,0,0,0,0,0,0,0,0,0,0,0,0,0,1,0,0,1,0,0,0,0,1,0,0,0,0,0,1,1,1,1,0,0,0,1,1,0,1,1,1,1,0,1,1,1,1,1,1,1,1,1,1,1,1,1,1,1,1
2026-07-07T14:27:22.496,tof2,8x8,empty,-1,-1,-1,-1,-1,-1,-1,-1,-1,-1,-1,-1,-1,-1,-1,-1,-1,-1,-1,-1,-1,-1,-1,-1,-1,-1,-1,-1,-1,-1,-1,-1,-1,-1,-1,-1,-1,-1,-1,-1,-1,-1,-1,-1,2005,1994,-1,-1,-1,-1,-1,1974,-1,1949,1913,-1,-1,-1,1135,1139,1107,1064,-1,1026,1,0,0,0,0,0,0,0,0,0,0,0,0,0,0,0,0,0,0,0,0,0,0,0,1,0,0,0,0,0,0,0,0,0,0,0,0,0,0,0,0,0,0,0,1,1,0,0,0,0,0,1,0,1,1,0,0,0,1,1,1,1,1,1
2026-07-07T14:27:22.598,tof1,8x8,empty,-1,-1,3187,3242,-1,-1,-1,3250,-1,-1,-1,-1,-1,-1,-1,-1,-1,-1,-1,-1,-1,-1,-1,-1,-1,-1,-1,2088,-1,-1,-1,-1,-1,1721,1703,1813,-1,-1,-1,-1,1426,1475,-1,1439,1443,1400,-1,-1,1157,1211,1163,1184,1216,1206,1172,2173,988,1008,1003,1010,1024,1022,1022,992,0,0,1,1,0,0,1,1,0,0,0,0,0,1,0,0,0,0,0,0,0,0,1,0,1,1,0,1,0,0,0,0,0,1,1,1,1,1,0,0,1,1,0,1,1,1,0,0,1,1,1,1,1,1,1,1,1,1,1,1,1,1,1,1
2026-07-07T14:27:22.636,tof2,8x8,empty,-1,-1,-1,-1,-1,-1,-1,-1,-1,-1,-1,-1,-1,-1,-1,-1,-1,-1,-1,-1,-1,-1,-1,-1,-1,-1,-1,-1,-1,-1,-1,-1,-1,-1,-1,-1,-1,-1,-1,-1,-1,-1,-1,-1,-1,1963,-1,-1,-1,-1,-1,1924,-1,-1,-1,-1,-1,-1,1172,1124,1109,1200,1121,1058,0,0,0,0,0,0,0,0,0,0,0,0,0,0,0,0,0,0,0,0,0,0,0,0,0,0,0,0,0,0,0,0,0,0,0,0,0,0,0,0,0,0,0,0,1,1,0,0,0,0,0,1,0,1,1,0,0,1,1,1,1,1,1,1
2026-07-07T14:27:22.726,tof1,8x8,empty,-1,-1,3175,3213,-1,-1,-1,-1,-1,-1,-1,-1,-1,-1,-1,-1,-1,-1,-1,-1,-1,-1,-1,-1,-1,-1,-1,-1,-1,-1,-1,-1,-1,1722,1806,1755,1736,-1,-1,-1,1376,1410,-1,1417,1458,1368,-1,-1,1177,-1,1151,1203,1204,1186,1167,1103,992,1013,1006,1011,1005,1017,1039,973,0,0,1,1,0,0,0,0,0,0,0,0,0,0,0,0,0,0,0,0,0,0,0,0,0,0,0,0,0,0,0,0,0,1,1,1,1,0,0,0,1,1,0,1,1,1,0,0,1,1,1,1,1,1,1,1,1,1,1,1,1,1,1,1
2026-07-07T14:27:22.734,tof2,8x8,empty,-1,-1,-1,-1,-1,-1,-1,-1,-1,-1,-1,-1,-1,-1,-1,-1,-1,-1,-1,-1,-1,-1,-1,-1,-1,-1,-1,-1,-1,-1,-1,-1,-1,-1,-1,-1,-1,-1,-1,-1,-1,-1,-1,-1,-1,2009,-1,-1,-1,-1,-1,-1,-1,-1,-1,-1,-1,-1,1154,1144,1140,1100,1031,990,0,0,0,0,0,0,0,0,0,0,0,0,0,0,0,0,0,0,0,0,0,0,0,0,0,0,0,0,0,0,0,0,0,0,0,0,0,0,0,0,0,0,0,0,0,1,0,0,0,0,1,1,0,0,0,0,0,1,1,1,1,1,1,1
2026-07-07T14:27:22.834,tof1,8x8,empty,-1,-1,3204,3219,-1,-1,-1,-1,-1,-1,-1,-1,-1,-1,-1,-1,-1,-1,-1,-1,-1,-1,-1,-1,-1,-1,-1,-1,-1,-1,-1,-1,-1,1692,1777,1764,1741,-1,-1,-1,1392,-1,-1,1431,1384,1410,-1,-1,1116,1218,1175,1210,1180,1187,1152,-1,998,1008,1019,1025,1020,1024,1015,981,0,0,1,1,0,0,0,1,0,0,0,0,0,0,0,0,0,0,0,0,0,0,0,1,0,0,0,1,0,0,0,0,0,1,1,1,1,1,0,0,1,0,1,1,1,1,0,0,1,1,1,1,1,1,1,0,1,1,1,1,1,1,1,1
2026-07-07T14:27:22.884,tof2,8x8,empty,-1,-1,-1,-1,-1,-1,-1,-1,-1,-1,-1,-1,-1,-1,-1,-1,-1,-1,-1,-1,-1,-1,-1,-1,-1,-1,-1,-1,-1,-1,-1,-1,-1,-1,-1,-1,-1,-1,-1,-1,-1,-1,-1,-1,1976,-1,-1,-1,-1,-1,-1,1952,-1,1898,-1,-1,-1,1077,1189,1028,1093,1071,1059,-1,0,0,0,0,0,0,0,0,0,0,0,0,0,0,0,0,0,0,0,0,1,0,0,0,0,0,0,0,1,0,0,0,0,0,0,0,0,0,0,0,0,0,0,0,1,1,1,0,0,0,0,1,1,1,0,0,0,1,1,1,1,1,1,1
2026-07-07T14:27:22.960,tof1,8x8,empty,-1,-1,3199,3197,-1,-1,-1,3249,-1,-1,-1,-1,-1,-1,-1,-1,-1,-1,-1,-1,-1,-1,-1,-1,-1,-1,-1,2043,-1,-1,3696,-1,-1,1638,1787,1770,1773,-1,-1,-1,1369,-1,1444,1390,1412,1416,-1,-1,1144,1169,1186,1209,1221,1194,1158,-1,986,987,1008,1013,1004,1007,1012,996,0,1,1,1,0,0,0,1,0,0,0,0,0,0,1,0,0,0,0,0,0,0,0,0,0,0,0,1,0,0,1,0,0,1,1,1,1,0,0,0,1,1,1,1,1,1,0,0,1,1,1,1,1,1,1,0,1,1,1,1,1,1,1,1
2026-07-07T14:27:22.979,tof2,8x8,empty,-1,-1,-1,-1,-1,-1,-1,-1,-1,-1,-1,-1,-1,-1,-1,-1,-1,-1,-1,-1,-1,-1,-1,-1,-1,-1,-1,-1,-1,-1,-1,-1,-1,-1,-1,-1,-1,-1,-1,-1,-1,-1,-1,-1,1985,1982,-1,-1,-1,-1,-1,1978,-1,1989,1884,-1,-1,-1,1138,1154,-1,1063,1086,1003,0,0,0,0,0,0,0,0,0,0,0,0,0,0,0,0,0,0,0,0,0,0,0,0,0,0,0,0,0,0,0,0,0,0,0,0,0,0,0,0,0,0,0,0,1,1,0,0,0,0,0,1,0,1,1,0,0,0,1,1,1,1,1,1
2026-07-07T14:27:23.052,tof1,8x8,empty,-1,-1,3169,3254,-1,-1,-1,-1,-1,-1,-1,-1,-1,-1,-1,-1,-1,-1,-1,461,-1,-1,-1,-1,-1,-1,-1,-1,-1,-1,-1,-1,-1,-1,1810,1750,1736,-1,-1,-1,1405,1364,-1,1410,1406,1425,-1,-1,1180,1191,1229,1200,1159,1210,1174,1098,985,979,1001,1015,1028,993,1007,985,0,0,1,1,0,0,0,0,0,0,0,0,0,0,0,0,0,1,0,1,0,0,0,0,0,0,1,0,0,0,0,0,0,1,1,1,1,0,0,0,1,1,0,1,1,1,0,0,1,1,1,1,1,1,1,1,1,1,1,1,1,1,1,1
2026-07-07T14:27:23.085,tof2,8x8,empty,-1,-1,-1,-1,-1,-1,-1,-1,-1,-1,-1,-1,-1,-1,-1,-1,-1,-1,-1,-1,-1,-1,-1,-1,-1,-1,-1,-1,-1,-1,-1,-1,-1,-1,-1,-1,-1,-1,-1,-1,-1,-1,-1,-1,1983,-1,-1,-1,-1,-1,-1,1917,-1,-1,1787,-1,-1,-1,1142,1167,1024,1063,1011,991,0,0,0,0,0,0,0,0,0,0,0,0,0,0,0,0,0,0,0,0,0,0,0,0,0,0,0,0,1,0,0,0,0,0,0,0,0,0,0,0,0,0,0,0,1,0,1,0,0,0,0,1,0,0,1,0,0,0,1,1,1,1,1,1
2026-07-07T14:27:23.224,tof1,8x8,empty,-1,-1,3187,3251,-1,-1,-1,-1,-1,-1,-1,-1,-1,-1,-1,-1,-1,-1,-1,-1,-1,-1,-1,-1,-1,-1,-1,-1,-1,-1,-1,-1,-1,1676,1785,1783,1687,-1,-1,-1,1411,1442,-1,1431,1473,1414,-1,-1,1176,1223,1182,1196,1210,1197,1167,-1,1009,1008,1004,1023,1020,1014,1023,983,0,0,1,1,0,0,0,0,0,0,0,0,0,0,0,0,0,1,0,0,0,0,0,0,0,0,0,0,0,0,1,0,0,1,1,1,1,0,0,0,1,1,1,1,1,1,0,0,1,1,1,1,1,1,1,0,1,1,1,1,1,1,1,1
2026-07-07T14:27:23.227,tof2,8x8,empty,-1,-1,-1,-1,-1,-1,-1,-1,-1,-1,-1,-1,-1,-1,-1,-1,-1,-1,-1,-1,-1,-1,-1,-1,-1,-1,-1,-1,-1,-1,-1,-1,-1,-1,-1,-1,-1,-1,-1,-1,-1,-1,-1,-1,-1,1991,-1,-1,-1,-1,-1,1972,1976,-1,-1,-1,-1,-1,1159,1160,1133,1062,-1,-1,0,0,0,0,0,0,0,0,0,0,0,0,0,0,0,0,0,0,0,0,0,0,0,0,0,0,0,0,0,0,0,0,0,0,0,0,0,0,0,0,0,0,0,0,0,1,0,0,0,0,0,1,1,1,0,0,0,0,1,1,1,1,0,1
2026-07-07T14:27:23.372,tof1,8x8,empty,-1,-1,3191,3202,-1,-1,-1,-1,-1,-1,-1,-1,-1,-1,-1,-1,-1,-1,-1,-1,-1,-1,-1,-1,-1,-1,-1,-1,-1,-1,-1,-1,-1,1711,1777,1781,1745,-1,-1,-1,1387,1465,1359,1472,1432,1464,-1,-1,1150,1205,1165,1195,1200,1205,1180,-1,992,998,1018,1001,1025,1012,1037,988,0,0,1,1,0,0,0,1,0,0,0,0,0,0,0,0,0,0,0,0,1,0,0,0,0,0,0,1,0,0,0,0,0,1,1,1,1,0,0,0,1,1,1,1,1,1,0,0,1,1,1,1,1,1,1,0,1,1,1,1,1,1,1,1
2026-07-07T14:27:23.423,tof2,8x8,empty,-1,-1,-1,-1,-1,-1,-1,-1,-1,-1,-1,-1,-1,-1,-1,-1,-1,-1,-1,-1,-1,-1,-1,-1,-1,-1,-1,-1,-1,-1,-1,-1,-1,-1,-1,-1,-1,-1,-1,-1,-1,-1,-1,-1,1976,1937,-1,-1,-1,-1,-1,1898,-1,-1,-1,-1,-1,-1,1176,1234,1069,1101,1068,993,0,0,0,0,0,0,0,0,0,0,0,0,0,0,1,0,0,0,0,0,0,0,0,0,0,0,0,0,0,0,0,0,0,0,0,0,0,0,0,0,0,0,0,0,1,1,0,0,0,0,0,1,0,1,1,0,0,0,1,1,1,1,1,1
2026-07-07T14:27:23.533,tof1,8x8,empty,-1,-1,3199,3193,-1,-1,-1,-1,-1,-1,-1,-1,-1,-1,-1,-1,-1,-1,-1,-1,-1,-1,-1,-1,-1,-1,-1,-1,-1,-1,-1,-1,-1,1759,1756,-1,1714,-1,-1,-1,1443,1481,1438,1447,1419,1416,-1,-1,1173,1219,1181,1172,1216,1161,1173,1104,988,1001,999,1031,1014,1006,1010,983,0,0,1,1,0,0,0,0,0,0,0,0,0,0,0,0,0,0,0,1,0,0,0,0,0,0,0,0,0,0,0,0,1,1,1,1,1,0,0,0,1,1,1,1,1,1,0,0,1,1,1,1,1,1,1,1,1,1,1,1,1,1,1,1
2026-07-07T14:27:23.584,tof2,8x8,empty,-1,-1,-1,-1,-1,-1,-1,-1,-1,-1,-1,-1,-1,-1,-1,-1,-1,-1,-1,-1,-1,-1,-1,-1,-1,-1,-1,-1,-1,-1,-1,-1,-1,-1,-1,-1,-1,-1,-1,-1,-1,-1,-1,-1,1974,2016,-1,-1,-1,-1,-1,1927,-1,1900,-1,-1,-1,-1,1148,1137,1142,1056,1102,1001,0,0,0,0,0,0,0,0,0,0,0,0,0,0,0,0,0,0,0,0,0,0,0,0,0,0,0,0,0,0,0,0,0,0,0,0,0,0,0,0,0,0,0,0,1,1,0,0,0,0,0,1,0,1,0,0,0,0,1,1,1,1,1,1
2026-07-07T14:27:23.648,tof1,8x8,empty,-1,-1,3178,3212,-1,-1,-1,3317,-1,-1,-1,-1,-1,-1,-1,-1,-1,-1,-1,-1,-1,-1,-1,-1,-1,-1,-1,-1,-1,-1,-1,-1,-1,1722,1705,1760,1758,-1,-1,-1,1407,1406,1434,1413,1425,1445,-1,-1,1168,1204,1169,1194,1196,1207,1197,-1,992,998,1013,1035,1004,1018,1030,987,0,0,1,1,0,0,0,1,0,0,0,0,0,0,0,0,0,0,0,0,0,0,0,0,0,0,1,1,0,0,1,0,0,1,1,1,1,0,0,0,1,1,1,1,1,1,0,0,1,1,1,1,1,1,1,1,1,1,1,1,1,1,1,1
2026-07-07T14:27:23.780,tof2,8x8,empty,-1,-1,-1,-1,-1,-1,-1,-1,-1,-1,-1,-1,-1,-1,-1,-1,-1,-1,-1,-1,-1,-1,-1,-1,-1,-1,-1,-1,-1,-1,-1,-1,-1,-1,-1,-1,-1,-1,-1,-1,-1,-1,-1,-1,1936,1982,-1,-1,-1,-1,-1,1923,-1,-1,-1,-1,-1,-1,1168,1096,1109,1069,1022,1015,0,0,0,0,0,0,0,0,0,0,0,0,0,0,0,0,0,0,0,0,0,0,0,0,0,0,0,0,0,0,0,0,0,0,0,0,0,0,0,0,0,0,0,0,1,1,0,0,0,0,1,1,0,1,0,0,0,0,1,1,1,1,1,1
2026-07-07T14:27:23.926,tof1,8x8,empty,-1,-1,3178,3196,-1,-1,-1,-1,-1,-1,-1,-1,-1,-1,-1,-1,-1,-1,-1,-1,-1,-1,-1,-1,-1,-1,-1,2020,-1,-1,-1,-1,-1,1668,1727,1822,1785,-1,-1,-1,1371,1374,1453,1445,1444,1364,-1,-1,1189,1219,1204,1181,1225,1195,1171,-1,1005,1010,1007,1008,1020,1010,1004,1001,0,0,1,1,0,1,1,0,0,0,0,0,0,0,0,1,0,0,1,0,0,0,0,0,0,1,0,1,0,0,0,0,0,1,1,1,1,0,0,0,1,1,1,1,1,1,0,0,1,1,1,1,1,1,1,1,1,1,1,1,1,1,1,1
2026-07-07T14:27:23.996,tof2,8x8,empty,-1,-1,-1,-1,-1,-1,-1,-1,-1,-1,-1,-1,-1,-1,-1,-1,-1,-1,-1,-1,-1,-1,-1,-1,-1,-1,-1,-1,-1,-1,-1,-1,-1,-1,-1,-1,-1,-1,-1,-1,-1,-1,-1,-1,1946,1990,-1,-1,-1,-1,-1,1932,-1,-1,1863,-1,-1,1176,1176,1104,1160,1019,1099,986,0,0,0,0,0,0,0,0,0,0,0,0,0,0,0,0,0,0,0,0,0,0,0,0,0,0,0,0,0,0,0,0,0,0,0,0,0,0,0,0,0,0,0,0,1,1,0,0,0,0,0,1,0,0,1,0,0,1,1,1,1,1,1,1
2026-07-07T14:27:24.045,tof1,8x8,empty,-1,-1,3176,3236,-1,-1,-1,-1,-1,-1,-1,-1,-1,-1,-1,-1,-1,-1,-1,-1,-1,-1,-1,-1,-1,-1,-1,-1,-1,-1,-1,-1,-1,1678,1770,1727,1822,-1,-1,-1,1422,1444,-1,1445,1439,1360,-1,-1,1156,1188,1215,1186,1229,1207,1172,-1,994,1015,1005,1014,1011,998,1017,988,0,0,1,1,0,0,0,0,0,0,0,0,0,0,0,0,0,0,0,0,0,0,1,0,0,0,0,0,0,0,1,0,1,1,1,1,1,0,0,0,1,1,0,1,1,1,0,0,1,1,1,1,1,1,1,0,1,1,1,1,1,1,1,1
2026-07-07T14:27:24.140,tof1,8x8,empty,-1,-1,3180,3239,-1,-1,-1,-1,-1,-1,-1,-1,-1,-1,-1,-1,-1,-1,-1,-1,-1,-1,-1,-1,-1,-1,-1,-1,-1,-1,3632,-1,-1,1694,1774,1776,1736,-1,-1,-1,1395,1418,-1,1447,1435,1379,-1,-1,1173,1158,1162,1199,1222,1209,1167,-1,1012,994,991,1016,1018,1002,1028,980,0,0,1,1,0,0,0,0,0,0,0,0,0,0,0,0,0,0,0,0,0,0,0,0,0,0,1,0,0,0,1,0,0,1,1,1,1,0,0,0,1,1,1,1,1,1,1,0,1,1,1,1,1,1,1,0,1,1,1,1,1,1,1,1
2026-07-07T14:27:24.134,tof2,8x8,empty,-1,-1,-1,-1,-1,-1,-1,-1,-1,-1,-1,-1,-1,-1,-1,-1,-1,-1,-1,-1,-1,-1,-1,-1,-1,-1,-1,-1,1514,-1,-1,-1,-1,-1,-1,-1,-1,-1,-1,-1,-1,-1,-1,-1,2027,1996,-1,-1,-1,-1,-1,1960,-1,-1,-1,-1,-1,1199,1133,1163,1115,1097,1052,1010,0,0,0,0,0,0,0,0,0,0,0,0,0,0,0,0,0,0,0,0,0,0,0,0,0,0,0,0,1,0,0,0,0,0,0,0,0,0,0,0,0,0,0,0,1,1,1,0,0,0,0,1,1,0,0,0,0,1,1,1,1,1,1,1
2026-07-07T14:27:24.714,tof2,8x8,empty,-1,-1,-1,-1,-1,-1,-1,-1,-1,-1,-1,-1,-1,-1,-1,-1,-1,-1,-1,-1,-1,-1,-1,-1,-1,-1,-1,-1,-1,-1,-1,-1,-1,-1,-1,-1,-1,-1,-1,-1,-1,-1,-1,-1,-1,1988,-1,-1,-1,-1,-1,-1,-1,1969,-1,-1,-1,-1,1154,1165,1107,1054,1110,1013,0,0,0,0,0,0,0,0,0,0,0,0,0,0,0,0,0,0,0,0,0,0,0,0,0,0,0,0,0,0,0,0,0,0,0,0,0,0,0,0,0,0,0,0,0,1,0,0,0,0,0,0,0,1,1,0,0,0,1,1,1,1,1,1
2026-07-07T14:27:24.863,tof1,8x8,empty,-1,-1,3196,3220,-1,-1,-1,-1,-1,-1,-1,-1,-1,-1,-1,-1,-1,-1,-1,-1,-1,-1,-1,-1,-1,-1,-1,1850,-1,-1,-1,-1,-1,1711,1772,1719,1752,-1,-1,-1,1428,1443,1381,1448,1461,1369,-1,-1,1172,1216,1184,1185,1189,1179,1208,1002,989,1005,1012,1024,1026,1008,991,984,0,0,1,1,0,0,0,0,0,0,0,0,0,0,0,0,0,0,1,0,0,0,0,0,0,0,0,1,0,0,0,0,0,1,1,1,1,0,0,0,1,1,1,1,1,1,0,0,1,1,1,1,1,1,1,1,1,1,1,1,1,1,1,1
2026-07-07T14:27:25.041,tof2,8x8,empty,-1,-1,-1,-1,-1,-1,-1,-1,-1,-1,-1,-1,-1,-1,-1,-1,-1,-1,-1,-1,-1,-1,-1,-1,-1,-1,-1,-1,-1,-1,-1,-1,-1,-1,-1,-1,-1,-1,-1,-1,-1,-1,-1,-1,-1,2000,-1,-1,-1,-1,-1,1947,-1,-1,-1,-1,-1,-1,1170,1182,-1,1062,1032,955,0,0,0,0,0,0,0,0,0,0,0,0,0,0,0,0,0,0,0,0,0,0,0,0,0,0,0,0,0,0,0,0,0,0,0,0,0,0,0,0,0,0,0,0,0,1,0,0,0,0,0,1,0,0,1,0,0,0,1,1,1,1,1,1
2026-07-07T14:27:25.287,tof2,8x8,empty,-1,-1,-1,-1,-1,-1,-1,-1,-1,-1,-1,-1,-1,-1,-1,-1,-1,-1,-1,-1,-1,-1,-1,-1,-1,-1,-1,-1,-1,-1,-1,-1,-1,-1,-1,-1,-1,-1,-1,-1,-1,-1,-1,-1,-1,1985,-1,-1,-1,-1,-1,2007,-1,-1,-1,-1,-1,1133,1142,1179,1134,1085,-1,983,0,0,0,0,0,0,0,0,0,0,0,0,0,0,0,0,0,0,0,0,1,0,0,0,0,0,0,0,0,0,0,0,0,0,0,0,0,0,0,0,0,0,0,0,1,1,0,0,0,0,0,1,1,0,0,0,0,1,1,1,1,1,1,1
2026-07-07T14:27:25.301,tof1,8x8,empty,-1,-1,3199,3246,-1,-1,-1,-1,-1,-1,-1,-1,-1,-1,-1,-1,-1,-1,-1,-1,-1,-1,-1,-1,-1,-1,-1,-1,-1,-1,-1,-1,-1,1651,-1,1824,1743,-1,-1,-1,1431,-1,-1,1400,1467,1393,-1,-1,1185,1230,1195,1207,1200,1194,1199,-1,995,987,1015,1007,1018,996,1008,982,0,0,1,1,0,0,0,1,0,0,0,0,0,0,0,0,0,1,0,0,0,0,0,0,0,0,0,1,1,0,0,0,0,1,1,1,1,0,0,0,1,1,0,1,1,1,0,0,1,1,1,1,1,1,1,0,1,1,1,1,1,1,1,1
2026-07-07T14:27:25.702,tof1,8x8,empty,-1,-1,3194,3218,-1,-1,-1,-1,-1,-1,-1,-1,-1,-1,-1,-1,-1,-1,-1,-1,-1,-1,-1,-1,-1,-1,1823,-1,-1,-1,-1,-1,-1,1718,1736,1837,1752,-1,-1,-1,1397,-1,-1,1431,1376,1411,-1,-1,1170,1178,1168,1187,1220,1220,1149,-1,989,991,1001,1014,1023,1011,1006,988,0,0,1,1,0,0,0,0,0,0,0,0,0,0,0,1,0,0,0,0,0,0,0,1,0,0,1,0,0,0,0,0,0,1,1,1,1,0,0,0,1,1,0,1,1,1,0,0,1,1,1,1,1,1,1,0,1,1,1,1,1,1,1,1
2026-07-07T14:27:25.703,tof2,8x8,empty,-1,-1,-1,-1,-1,-1,-1,-1,-1,-1,-1,-1,-1,-1,-1,-1,-1,-1,-1,-1,-1,-1,-1,-1,-1,-1,-1,-1,-1,-1,-1,-1,-1,-1,-1,-1,-1,-1,-1,-1,-1,-1,-1,-1,1995,1962,-1,-1,-1,-1,-1,1937,-1,-1,-1,-1,-1,-1,1162,1129,1120,1099,999,1000,0,0,0,0,0,0,0,0,0,0,0,0,0,0,0,0,0,0,0,0,0,0,0,0,0,0,0,0,0,0,0,0,0,0,0,0,0,0,0,0,0,0,0,0,1,1,0,0,0,0,0,1,0,0,1,0,0,0,1,1,1,1,1,1
2026-07-07T14:27:26.122,tof1,8x8,empty,-1,-1,3204,3245,-1,-1,-1,-1,-1,-1,-1,-1,-1,-1,-1,-1,-1,-1,-1,-1,-1,-1,-1,-1,-1,-1,-1,-1,-1,-1,-1,-1,-1,1660,1768,1819,1700,-1,-1,-1,1393,1354,-1,1431,1413,1418,-1,-1,-1,1197,1174,1191,1193,1189,1190,-1,1005,1005,1010,998,1006,1026,1008,978,1,0,1,1,0,0,0,1,0,0,0,0,0,0,0,0,0,0,1,0,0,1,0,0,0,0,1,0,0,0,0,0,0,1,1,1,1,0,0,0,1,1,0,1,1,1,0,0,1,1,1,1,1,1,1,0,1,1,1,1,1,1,1,1
2026-07-07T14:27:26.124,tof2,8x8,empty,-1,-1,-1,-1,-1,-1,-1,-1,-1,-1,-1,-1,-1,-1,-1,-1,-1,-1,-1,-1,-1,-1,-1,-1,-1,-1,-1,-1,-1,-1,-1,-1,-1,-1,-1,-1,-1,-1,-1,-1,-1,-1,-1,-1,1965,1916,-1,-1,-1,-1,-1,-1,-1,1922,-1,-1,-1,1102,-1,-1,1097,1016,-1,1016,0,0,0,0,0,0,0,0,0,0,0,0,0,0,0,0,0,0,0,0,0,0,0,0,0,0,0,0,0,0,0,0,0,0,0,0,0,0,0,0,0,0,0,0,1,1,0,0,0,0,0,1,1,1,0,0,0,1,1,1,1,1,1,1
2026-07-07T14:27:26.744,tof1,8x8,empty,-1,-1,3177,3205,-1,-1,-1,-1,-1,-1,-1,-1,-1,-1,-1,-1,-1,-1,-1,-1,-1,-1,-1,-1,-1,-1,-1,1886,-1,-1,3560,-1,-1,1686,1747,1831,1726,-1,-1,-1,1386,1475,-1,1431,1439,1416,-1,-1,1196,1199,1196,1186,1185,1197,1180,-1,984,1002,1016,1025,1013,997,1011,981,0,0,1,1,0,0,0,0,0,0,0,0,0,0,1,0,0,0,0,1,0,0,0,0,0,1,0,1,0,0,1,0,0,1,1,1,1,0,0,0,1,1,0,1,1,1,1,0,1,1,1,1,1,1,1,0,1,1,1,1,1,1,1,1
2026-07-07T14:27:26.749,tof2,8x8,empty,-1,-1,-1,-1,-1,-1,-1,-1,-1,-1,-1,-1,-1,-1,-1,-1,-1,-1,-1,-1,-1,-1,-1,-1,-1,-1,-1,-1,-1,-1,-1,-1,-1,-1,-1,-1,-1,-1,-1,-1,-1,-1,-1,-1,1954,1988,-1,-1,-1,-1,-1,1933,1943,1935,1863,-1,-1,-1,1148,1109,1098,1056,1049,1025,0,0,0,0,0,0,0,0,0,0,0,0,0,0,0,0,0,0,0,0,0,0,0,0,0,0,0,0,0,0,0,0,0,0,0,0,0,0,0,0,0,0,0,0,1,1,0,0,0,0,0,1,1,1,1,0,0,1,1,1,1,1,1,1
2026-07-07T14:27:26.765,tof2,8x8,empty,-1,-1,-1,-1,-1,-1,-1,-1,-1,-1,-1,-1,-1,-1,-1,-1,-1,-1,-1,-1,-1,-1,-1,-1,-1,-1,-1,-1,-1,-1,-1,-1,-1,-1,-1,-1,-1,-1,-1,-1,-1,-1,-1,-1,1993,1944,-1,-1,-1,-1,-1,1932,-1,-1,1859,-1,-1,-1,1109,1112,1046,1051,1061,1001,0,0,0,0,0,0,0,0,0,0,0,0,0,0,0,0,0,0,0,0,0,0,0,0,0,0,0,0,0,0,0,0,0,0,0,0,0,0,0,0,0,0,0,0,1,1,0,0,0,0,0,1,0,1,1,0,0,1,1,1,1,1,1,1
2026-07-07T14:27:27.187,tof1,8x8,empty,-1,-1,3196,3223,-1,-1,-1,-1,-1,-1,-1,-1,-1,-1,-1,-1,-1,-1,-1,-1,-1,-1,-1,-1,-1,-1,-1,-1,-1,-1,-1,-1,-1,1732,1808,1817,1706,-1,-1,-1,1331,-1,1410,1421,1447,1403,-1,-1,1160,1192,1202,1201,1211,1175,1176,-1,1004,996,1018,1017,1008,1005,1009,980,0,0,1,1,0,0,0,0,0,0,0,0,0,0,0,0,0,0,0,0,0,0,0,0,0,0,0,1,0,0,1,0,0,1,1,1,1,0,0,0,1,0,1,1,1,1,0,0,1,1,1,1,1,1,1,0,1,1,1,1,1,1,1,1
2026-07-07T14:27:27.184,tof2,8x8,empty,-1,-1,-1,-1,-1,-1,-1,-1,-1,-1,-1,-1,-1,-1,-1,-1,-1,-1,-1,-1,-1,-1,-1,-1,-1,-1,-1,-1,-1,-1,-1,-1,-1,-1,-1,-1,-1,-1,-1,-1,-1,-1,-1,-1,-1,1963,-1,-1,-1,-1,-1,2025,-1,-1,1739,-1,-1,-1,1143,1144,1066,1085,1047,972,0,0,0,0,0,0,0,0,1,0,0,0,0,0,0,0,0,0,0,0,0,0,0,0,0,0,0,0,0,0,0,0,0,0,0,0,0,0,0,0,0,0,0,0,0,1,0,0,0,0,0,1,0,0,1,0,0,1,1,1,1,1,1,1
2026-07-07T14:27:27.261,tof1,8x8,empty,-1,-1,3196,3239,-1,-1,-1,-1,-1,-1,-1,-1,-1,-1,-1,-1,-1,-1,-1,-1,-1,-1,-1,-1,-1,2228,-1,-1,-1,-1,-1,-1,-1,1674,1780,1759,1821,-1,-1,-1,1352,1399,1447,1376,1450,1405,-1,-1,1162,1173,1176,1213,1208,1176,1156,2267,1001,1008,1006,1021,1015,1010,1010,997,0,0,1,1,0,0,0,0,1,0,0,0,0,0,1,0,0,0,0,0,0,0,1,0,0,1,0,1,0,0,0,0,0,1,1,1,1,0,0,0,1,1,1,1,1,1,0,0,1,1,1,1,1,1,1,1,1,1,1,1,1,1,1,1
2026-07-07T14:27:27.280,tof2,8x8,empty,-1,-1,-1,-1,-1,-1,-1,-1,-1,-1,-1,-1,-1,-1,-1,-1,-1,-1,-1,-1,-1,-1,-1,-1,-1,-1,-1,-1,-1,-1,-1,-1,-1,-1,-1,-1,-1,-1,-1,-1,-1,-1,-1,-1,1991,1990,-1,-1,-1,-1,-1,1944,-1,-1,-1,-1,-1,-1,1155,1100,-1,1073,1040,1009,1,0,0,0,0,0,0,0,0,0,0,0,0,0,0,0,0,0,0,0,0,0,0,0,0,0,0,0,0,0,0,0,0,0,0,0,0,0,0,0,0,0,0,0,1,1,0,0,0,0,0,1,0,0,1,0,0,0,1,1,1,1,1,1
2026-07-07T14:27:27.724,tof1,8x8,empty,2957,-1,3175,3207,-1,-1,-1,-1,-1,-1,-1,-1,-1,-1,-1,-1,-1,-1,-1,-1,-1,-1,-1,-1,-1,-1,-1,2107,-1,-1,-1,-1,-1,1651,1731,1840,1738,-1,-1,-1,1322,-1,1380,1460,1434,1435,-1,-1,1192,1204,1197,1173,1197,1185,1168,-1,1004,992,1005,1011,1032,1001,1006,989,1,0,1,1,0,0,0,0,0,0,0,0,0,0,0,1,0,0,0,0,0,0,0,0,0,0,0,1,0,0,0,0,0,1,1,1,1,0,0,0,1,1,1,1,1,1,0,0,1,1,1,1,1,1,1,0,1,1,1,1,1,1,1,1
2026-07-07T14:27:27.932,tof2,8x8,empty,-1,-1,-1,-1,-1,-1,-1,-1,-1,-1,-1,-1,-1,-1,-1,-1,-1,-1,-1,-1,-1,-1,-1,-1,-1,-1,-1,-1,-1,-1,-1,-1,-1,-1,-1,-1,-1,-1,-1,-1,-1,-1,-1,-1,1925,1988,-1,-1,-1,-1,-1,1924,-1,1931,-1,-1,-1,-1,1163,1089,1068,1045,1106,988,0,0,0,0,0,0,0,0,0,0,0,0,0,0,0,0,0,0,0,0,0,0,0,0,0,0,0,0,0,0,0,0,0,0,0,0,0,0,0,0,0,0,0,0,1,1,0,0,0,0,0,1,0,1,1,0,0,0,1,1,1,1,1,1
2026-07-07T14:27:27.960,tof1,8x8,empty,-1,-1,3184,3175,-1,-1,-1,-1,-1,-1,-1,-1,-1,-1,-1,-1,-1,-1,-1,-1,-1,-1,-1,-1,-1,-1,-1,-1,-1,-1,-1,-1,-1,1614,1810,1777,1689,-1,-1,-1,1397,1438,-1,1432,1485,1460,-1,-1,1173,1205,1233,1203,1217,1197,1201,-1,990,1007,1000,1007,1010,1008,1004,981,0,0,1,1,0,0,0,0,0,0,0,0,0,0,0,0,0,0,0,1,0,0,0,0,0,0,0,1,0,0,0,0,0,1,1,1,1,0,0,0,1,1,1,1,1,1,0,0,1,1,1,1,1,1,1,1,1,1,1,1,1,1,1,1
2026-07-07T14:27:28.138,tof2,8x8,empty,-1,-1,-1,-1,-1,-1,-1,-1,-1,-1,-1,-1,-1,-1,-1,-1,-1,-1,-1,-1,-1,-1,-1,-1,-1,-1,-1,-1,-1,-1,-1,-1,-1,-1,-1,-1,-1,-1,-1,-1,-1,-1,-1,-1,2067,1995,-1,-1,-1,-1,-1,1971,-1,1962,1953,-1,-1,1097,1146,1182,1120,-1,1061,1019,0,0,0,0,0,1,0,0,0,0,0,0,0,0,0,0,0,0,0,0,0,0,0,0,0,0,0,0,0,0,0,0,0,0,0,0,0,0,0,0,0,0,0,0,1,1,0,0,0,0,0,1,0,1,1,0,0,1,1,1,1,1,1,1
2026-07-07T14:27:28.349,tof1,8x8,empty,-1,-1,3196,3220,-1,-1,-1,-1,-1,-1,-1,-1,-1,-1,-1,-1,-1,-1,-1,-1,-1,-1,-1,-1,-1,-1,-1,-1,-1,-1,-1,-1,-1,1740,1709,1744,1736,-1,-1,-1,1364,-1,-1,1461,1437,1418,-1,-1,1199,1182,-1,1206,1195,1196,1155,2164,993,1007,1024,1009,1029,1007,1025,997,0,0,1,1,0,0,0,1,0,0,0,0,0,0,0,0,0,0,0,0,0,0,0,0,0,0,0,0,0,0,0,0,0,1,1,1,1,0,0,0,1,1,1,1,1,1,1,0,1,1,1,1,1,1,1,1,1,1,1,1,1,1,1,1
2026-07-07T14:27:28.358,tof2,8x8,empty,-1,-1,-1,-1,-1,-1,-1,-1,-1,-1,-1,-1,-1,-1,-1,-1,-1,-1,-1,-1,-1,-1,-1,-1,-1,-1,-1,-1,-1,-1,-1,-1,-1,-1,-1,-1,-1,-1,-1,-1,-1,-1,-1,-1,2022,2000,-1,-1,-1,-1,-1,1952,-1,-1,-1,-1,-1,1125,1094,1061,1133,1101,1076,1023,0,0,0,0,0,0,0,0,0,0,0,0,0,0,0,0,0,0,0,0,0,0,0,0,0,0,0,0,0,0,0,0,0,0,0,0,0,0,0,0,0,0,0,0,1,1,0,0,0,0,0,1,1,0,0,0,0,1,1,1,1,1,1,1
2026-07-07T14:27:28.625,tof1,8x8,empty,-1,-1,3198,3199,-1,-1,-1,-1,-1,-1,-1,-1,-1,-1,-1,-1,-1,-1,-1,-1,-1,-1,-1,-1,-1,-1,-1,1838,-1,-1,-1,-1,-1,1699,1746,1784,1745,-1,-1,-1,-1,1367,1347,1404,1449,1378,-1,-1,1167,1195,1178,1192,1170,1200,1201,-1,1005,1010,1015,1022,1010,1015,1002,983,1,0,1,1,0,0,0,0,0,0,0,0,0,0,0,0,0,0,0,0,0,0,0,0,0,1,0,1,0,0,0,0,0,1,1,1,1,0,0,0,1,1,1,1,1,1,0,0,1,1,1,1,1,1,1,1,1,1,1,1,1,1,1,1
2026-07-07T14:27:28.753,tof2,8x8,empty,-1,-1,-1,-1,-1,-1,-1,-1,-1,-1,-1,-1,-1,-1,-1,-1,-1,-1,-1,-1,-1,-1,-1,-1,-1,-1,-1,-1,-1,-1,-1,-1,-1,-1,-1,-1,-1,-1,-1,-1,-1,-1,-1,-1,2009,1953,-1,-1,-1,-1,-1,1953,-1,-1,1888,-1,-1,-1,1161,1153,1110,1126,1059,999,0,0,0,0,0,0,0,0,0,0,0,0,0,0,0,0,0,0,0,0,0,0,0,0,0,0,0,0,0,0,0,0,0,0,0,0,0,0,0,0,0,0,0,0,1,1,0,0,0,0,0,1,0,1,1,0,0,0,1,1,1,1,1,1
2026-07-07T14:27:28.854,tof1,8x8,empty,-1,-1,3203,3200,-1,-1,-1,-1,-1,-1,-1,-1,-1,-1,-1,-1,-1,-1,-1,-1,-1,-1,-1,-1,-1,-1,-1,-1,-1,-1,-1,-1,-1,1661,1742,1798,1733,-1,-1,-1,1387,1467,-1,1430,1434,1411,-1,-1,1182,-1,1226,1205,1200,1207,1196,-1,997,990,1004,1014,1007,1016,1009,977,0,0,1,1,0,0,0,0,0,0,0,0,0,0,0,0,0,0,0,0,0,0,0,0,0,0,1,1,1,0,0,0,0,1,1,1,1,0,0,0,1,1,1,1,1,1,1,0,1,1,1,1,1,1,1,0,1,1,1,1,1,1,1,1
2026-07-07T14:27:29.002,tof2,8x8,empty,-1,-1,-1,-1,-1,-1,-1,-1,-1,-1,-1,-1,-1,-1,-1,-1,-1,-1,-1,-1,-1,-1,-1,-1,-1,-1,-1,-1,-1,-1,-1,-1,-1,-1,-1,-1,-1,-1,-1,-1,-1,-1,-1,-1,-1,1975,-1,-1,-1,-1,-1,1919,-1,-1,-1,-1,-1,1128,1121,-1,1055,1124,1019,970,0,0,0,0,0,0,0,0,0,0,0,0,0,0,0,0,0,0,0,0,0,0,0,0,0,0,0,0,0,0,0,0,0,0,0,0,0,0,0,0,0,0,0,0,1,1,0,0,0,0,0,1,0,0,0,0,0,1,1,1,1,1,1,1
2026-07-07T14:27:29.136,tof1,8x8,empty,-1,-1,3194,3220,-1,-1,-1,-1,-1,-1,-1,-1,-1,-1,-1,-1,-1,-1,-1,-1,-1,-1,-1,-1,-1,-1,-1,1883,-1,-1,-1,-1,-1,1684,1744,1810,1707,-1,-1,-1,1396,1453,1416,1443,1460,1396,-1,-1,1190,1197,1178,1188,1168,1209,1171,-1,996,1011,1011,1032,1010,1023,1004,963,0,0,1,1,0,1,1,0,0,0,0,0,0,0,0,0,0,0,0,0,0,0,0,0,0,0,0,1,0,0,0,0,0,1,1,1,1,0,0,0,1,1,1,1,1,1,0,0,1,1,1,1,1,1,1,1,1,1,1,1,1,1,1,1
2026-07-07T14:27:29.277,tof2,8x8,empty,-1,-1,-1,-1,-1,-1,-1,-1,-1,-1,-1,-1,-1,-1,-1,-1,-1,-1,-1,-1,-1,-1,-1,-1,-1,-1,-1,-1,-1,-1,-1,-1,-1,-1,-1,-1,-1,-1,-1,-1,-1,-1,-1,-1,1992,-1,-1,-1,-1,-1,-1,1965,-1,-1,-1,-1,-1,1148,-1,1093,1105,1121,1027,946,0,0,0,0,0,0,0,0,0,0,0,0,0,0,0,0,0,0,0,0,0,0,0,0,0,0,0,0,0,0,0,0,0,0,0,0,0,0,0,0,0,0,0,0,1,1,1,0,0,0,0,1,0,0,0,0,0,1,1,1,1,1,1,1
2026-07-07T14:27:29.365,tof1,8x8,empty,-1,-1,3175,3215,-1,-1,-1,-1,-1,-1,-1,-1,-1,-1,-1,-1,-1,-1,-1,-1,-1,-1,-1,-1,-1,-1,-1,-1,-1,-1,-1,-1,-1,1686,1742,1744,-1,-1,-1,-1,-1,1387,-1,1399,1436,1417,-1,-1,1160,1178,1183,1194,1215,1194,1199,-1,1000,1004,1014,1030,1006,1031,993,971,0,0,1,1,0,0,0,0,0,0,0,0,0,0,0,0,0,0,0,0,0,0,0,0,0,0,1,1,0,0,0,0,0,1,1,1,1,0,0,0,1,1,0,1,1,1,0,0,1,1,1,1,1,1,1,0,1,1,1,1,1,1,1,1
2026-07-07T14:27:29.423,tof2,8x8,empty,-1,-1,-1,-1,-1,-1,-1,-1,-1,-1,-1,-1,-1,-1,-1,-1,-1,-1,-1,-1,-1,-1,-1,-1,-1,-1,-1,-1,-1,-1,-1,-1,-1,-1,-1,-1,-1,-1,-1,-1,-1,-1,-1,-1,1973,2014,-1,-1,-1,-1,-1,1950,2022,1867,-1,-1,-1,-1,1132,1110,1092,1071,1092,1043,0,0,0,0,0,0,0,0,0,0,0,0,0,0,0,0,0,0,0,0,0,0,0,0,0,0,0,0,0,0,0,0,0,0,0,0,0,0,0,0,0,0,0,0,1,1,0,0,0,0,0,1,1,1,1,0,0,1,1,1,1,1,1,1
2026-07-07T14:27:29.496,tof1,8x8,empty,-1,-1,3196,3224,-1,-1,-1,-1,-1,-1,-1,-1,-1,-1,-1,-1,-1,-1,-1,-1,-1,-1,-1,-1,-1,-1,1838,1858,-1,-1,-1,-1,-1,1727,1766,1799,1770,-1,-1,-1,1417,1419,-1,1430,1404,1419,-1,-1,1189,1181,1111,1181,1188,1197,1179,-1,997,988,1028,1009,1016,1014,1023,999,0,1,1,1,0,0,0,0,0,0,0,0,0,0,1,0,0,0,0,0,0,0,0,0,0,0,1,1,0,0,0,0,0,1,1,1,1,0,0,0,1,1,1,1,1,1,0,0,1,1,1,1,1,1,1,0,1,1,1,1,1,1,1,1
2026-07-07T14:27:29.557,tof2,8x8,empty,-1,-1,-1,-1,-1,-1,-1,-1,-1,-1,-1,-1,-1,-1,-1,-1,-1,-1,-1,-1,-1,-1,-1,-1,-1,-1,-1,-1,-1,-1,-1,-1,-1,-1,-1,-1,-1,-1,-1,-1,-1,-1,-1,-1,1972,1961,-1,-1,-1,-1,-1,1926,-1,-1,-1,-1,-1,1204,1195,1098,1141,1062,-1,-1,0,0,0,0,0,0,0,0,0,0,0,0,0,0,0,0,0,0,0,0,0,0,0,0,0,0,0,0,0,0,0,0,0,0,0,0,0,0,0,0,0,0,0,0,1,1,0,0,0,0,0,1,0,1,0,0,0,1,1,1,1,1,0,1
2026-07-07T14:27:29.601,tof1,8x8,empty,-1,-1,3184,3199,-1,-1,-1,-1,-1,-1,-1,-1,-1,-1,-1,-1,-1,-1,-1,-1,-1,-1,-1,-1,-1,-1,-1,1910,2184,-1,-1,-1,-1,1654,1793,1796,-1,-1,-1,-1,1446,-1,1428,1458,1393,1413,-1,-1,1162,1181,1163,1213,1214,1203,1163,1103,994,1008,1017,1009,1022,985,1009,979,0,0,1,1,0,0,0,0,0,0,0,0,0,0,0,0,0,0,0,0,0,0,0,0,0,0,1,1,1,0,0,0,0,1,1,1,1,0,0,0,1,0,1,1,1,1,0,0,1,1,1,1,1,1,1,1,1,1,1,1,1,1,1,1
2026-07-07T14:27:29.687,tof2,8x8,empty,-1,-1,-1,-1,-1,-1,-1,-1,-1,-1,-1,-1,-1,-1,-1,-1,-1,-1,-1,-1,-1,-1,-1,-1,-1,-1,-1,-1,-1,-1,-1,-1,-1,-1,-1,-1,-1,-1,-1,-1,-1,-1,-1,-1,1970,1989,-1,-1,-1,-1,-1,1998,-1,-1,-1,-1,-1,-1,1123,1212,1096,1088,1077,957,0,0,0,0,0,0,0,0,0,0,0,0,0,0,0,0,0,0,0,0,0,0,0,0,0,0,0,0,0,0,0,0,0,0,0,0,0,0,0,0,0,0,0,0,1,1,1,0,0,0,0,1,1,1,0,0,0,1,1,1,1,1,1,1
2026-07-07T14:27:29.718,tof1,8x8,empty,-1,-1,3199,3200,-1,-1,-1,-1,-1,-1,-1,-1,-1,-1,-1,-1,-1,-1,-1,-1,-1,-1,-1,-1,-1,-1,-1,-1,-1,-1,-1,-1,-1,1762,1751,1757,1698,-1,-1,-1,1405,-1,1421,1414,1378,1410,-1,-1,1172,1172,1209,1178,1195,1220,1171,-1,996,1007,999,1009,1029,1027,1024,964,0,0,1,1,0,0,0,1,0,0,0,0,0,0,0,0,0,0,0,0,0,0,1,0,0,1,0,0,0,0,0,0,0,1,1,1,1,0,0,0,1,0,1,1,1,1,1,0,1,1,1,1,1,1,1,0,1,1,1,1,1,1,1,1
2026-07-07T14:27:29.809,tof2,8x8,empty,-1,-1,-1,-1,-1,-1,-1,-1,-1,-1,-1,-1,-1,-1,-1,-1,-1,-1,-1,-1,-1,-1,-1,-1,-1,-1,-1,-1,-1,-1,-1,-1,-1,-1,-1,-1,-1,-1,-1,-1,-1,-1,-1,-1,1986,1966,-1,-1,-1,-1,-1,1937,1888,-1,-1,-1,-1,1154,1182,1105,1034,1095,1099,-1,0,0,0,0,0,0,0,0,0,0,0,0,0,0,0,0,0,0,0,0,0,0,0,0,0,0,0,0,0,0,0,0,0,0,0,0,0,0,0,0,0,0,0,0,1,1,0,0,0,0,0,1,1,1,0,0,0,1,1,1,1,1,1,1
2026-07-07T14:27:29.820,tof1,8x8,empty,-1,-1,3179,3209,-1,-1,-1,-1,-1,-1,-1,-1,-1,-1,-1,-1,-1,-1,-1,-1,-1,-1,-1,-1,-1,-1,-1,-1,-1,-1,-1,-1,-1,1674,1761,1818,1693,-1,-1,-1,1397,1400,-1,1450,1404,1376,-1,-1,1162,1154,1190,1185,1213,1211,1205,-1,998,990,1002,1003,1038,1016,1016,984,0,0,1,1,0,0,1,0,0,0,0,0,0,0,0,0,0,0,0,0,0,0,0,0,1,0,0,0,0,0,0,0,0,1,1,1,1,0,0,0,1,1,0,1,1,1,0,0,1,1,1,1,1,1,1,0,1,1,1,1,1,1,1,1
2026-07-07T14:27:29.896,tof2,8x8,empty,-1,-1,-1,-1,-1,-1,-1,-1,-1,-1,-1,-1,-1,-1,-1,-1,-1,-1,-1,-1,-1,-1,-1,-1,-1,-1,-1,-1,-1,-1,-1,-1,-1,-1,-1,-1,-1,-1,-1,-1,-1,-1,-1,-1,1972,1928,-1,-1,-1,-1,-1,1947,-1,1926,-1,-1,-1,-1,1198,1107,1135,1110,1042,986,0,0,0,0,0,0,0,0,0,0,0,0,0,0,0,0,0,0,0,0,0,0,0,0,0,0,0,0,0,0,0,0,0,0,0,0,0,0,0,0,0,0,0,0,1,1,0,0,0,0,1,1,0,1,1,0,0,0,1,1,1,1,1,1
2026-07-07T14:27:29.922,tof1,8x8,empty,-1,-1,3173,3181,-1,-1,-1,-1,-1,-1,-1,-1,-1,-1,-1,-1,-1,-1,-1,-1,-1,-1,-1,-1,-1,-1,-1,-1,-1,-1,-1,-1,-1,1723,1768,1806,1646,-1,-1,-1,1460,-1,-1,1466,1411,1412,-1,-1,1207,1174,1174,1205,1193,1230,1163,-1,992,1000,1017,1016,996,1009,1042,983,1,1,1,1,0,0,0,1,0,0,0,0,0,0,0,0,0,0,0,0,0,0,0,0,0,0,0,1,0,0,0,0,0,1,1,1,1,0,0,0,1,0,1,1,1,1,0,0,1,1,1,1,1,1,1,0,1,1,1,1,1,1,1,1
2026-07-07T14:27:30.053,tof1,8x8,empty,-1,-1,3178,3205,-1,-1,-1,-1,-1,-1,-1,-1,-1,-1,3346,-1,-1,-1,-1,-1,-1,-1,-1,-1,-1,-1,-1,1910,-1,-1,-1,-1,-1,-1,1769,1795,1712,-1,-1,-1,1408,-1,1394,1446,1448,1401,-1,-1,1190,1195,1178,1199,1194,1197,1244,-1,998,994,1022,1018,1003,1006,1029,967,0,0,1,1,0,0,0,0,0,0,0,0,0,0,1,0,0,0,0,0,0,0,1,0,0,0,1,1,1,0,0,0,0,1,1,1,1,0,0,0,1,1,1,1,1,1,0,0,1,1,1,1,1,1,1,0,1,1,1,1,1,1,1,1
2026-07-07T14:27:30.056,tof2,8x8,empty,-1,-1,-1,-1,-1,-1,-1,-1,-1,-1,-1,-1,-1,-1,-1,-1,-1,-1,-1,-1,-1,-1,-1,-1,-1,-1,-1,-1,-1,-1,-1,-1,-1,-1,-1,-1,-1,-1,-1,-1,-1,-1,-1,-1,1949,1979,-1,-1,-1,-1,-1,1957,-1,-1,-1,-1,-1,1180,1154,1117,1099,1122,1079,949,0,0,1,0,0,0,0,0,0,0,0,0,0,0,0,0,0,0,0,0,0,0,0,0,0,0,0,0,0,0,0,0,0,0,0,0,0,0,0,0,0,0,0,0,1,1,0,0,0,1,0,1,0,0,1,0,0,1,1,1,1,1,1,1
2026-07-07T14:27:30.215,tof1,8x8,empty,-1,-1,3173,3232,-1,-1,-1,-1,-1,-1,-1,-1,-1,-1,-1,-1,-1,-1,-1,-1,-1,-1,-1,-1,-1,-1,-1,1926,-1,-1,-1,-1,-1,1643,1759,1810,-1,-1,-1,-1,1359,-1,-1,1425,1436,1420,-1,-1,1178,1219,1178,1169,1169,1205,1162,1069,1004,1020,1000,1008,1007,1013,1033,998,0,0,1,1,0,0,0,0,0,1,0,0,0,0,0,0,0,0,0,0,0,0,0,0,0,1,0,1,0,0,0,0,0,1,1,1,1,0,0,0,1,1,1,1,1,1,1,0,1,1,1,1,1,1,1,1,1,1,1,1,1,1,1,1
2026-07-07T14:27:30.218,tof2,8x8,empty,-1,-1,-1,-1,-1,-1,-1,-1,-1,-1,-1,-1,-1,-1,-1,-1,-1,-1,-1,-1,-1,-1,-1,-1,-1,-1,-1,-1,-1,-1,-1,-1,-1,-1,-1,-1,-1,-1,-1,-1,-1,-1,-1,-1,1972,1948,-1,-1,-1,-1,-1,1937,-1,1938,1928,-1,-1,-1,1147,1072,1079,1079,1040,984,0,0,0,0,0,0,0,0,0,0,0,0,0,0,0,0,0,0,0,0,0,0,0,0,0,0,0,0,0,0,0,0,0,0,0,0,0,0,0,0,0,0,0,0,1,1,0,0,0,0,0,1,0,1,1,0,0,1,1,1,1,1,1,1
2026-07-07T14:27:30.307,tof1,8x8,empty,-1,-1,3202,3183,-1,-1,-1,-1,-1,-1,-1,-1,-1,-1,-1,-1,-1,-1,-1,-1,-1,-1,-1,-1,-1,-1,-1,2034,-1,-1,-1,-1,-1,1747,1755,1819,1672,-1,-1,-1,1384,1487,-1,1428,1400,1421,-1,-1,1130,1207,1186,1202,1174,1193,1157,-1,1002,998,1012,1018,1037,1026,1010,991,0,0,1,1,0,0,0,0,0,0,0,0,0,0,0,0,0,0,0,0,0,0,1,0,0,0,0,1,0,0,0,0,1,1,1,1,1,0,0,0,1,1,0,1,1,1,0,0,1,1,1,1,1,1,1,0,1,1,1,1,1,1,1,1
2026-07-07T14:27:30.405,tof2,8x8,empty,-1,-1,-1,-1,-1,-1,-1,-1,-1,-1,-1,-1,-1,-1,-1,-1,-1,-1,-1,-1,-1,-1,-1,-1,-1,-1,-1,-1,-1,-1,-1,-1,-1,-1,-1,-1,-1,-1,-1,-1,-1,-1,-1,-1,2025,1988,1943,-1,-1,-1,-1,1900,1891,-1,-1,-1,-1,1121,1109,1151,-1,1069,1103,1026,0,0,0,0,0,0,0,0,0,0,0,0,0,0,0,0,0,0,0,0,0,0,0,0,0,0,0,0,0,0,0,0,0,0,0,0,0,0,0,0,0,0,0,0,1,1,1,0,0,0,0,1,1,1,0,0,0,1,1,1,1,1,1,1
2026-07-07T14:27:30.594,tof1,8x8,empty,-1,-1,3179,3211,-1,-1,-1,3297,-1,-1,-1,-1,-1,-1,-1,-1,-1,-1,-1,-1,-1,-1,-1,-1,-1,-1,-1,-1,-1,-1,-1,-1,-1,1716,1765,-1,1773,-1,-1,-1,1355,1419,1441,1439,1438,1406,-1,-1,1189,1182,1194,1181,1182,1217,1139,1087,981,1005,1001,1015,1020,1016,1009,975,0,0,1,1,0,0,0,1,0,0,0,0,0,0,0,0,0,0,0,0,0,0,0,0,0,1,1,1,0,0,0,0,0,1,1,1,1,0,0,0,1,1,1,1,1,1,0,0,1,1,1,1,1,1,1,1,1,1,1,1,1,1,1,1
2026-07-07T14:27:30.640,tof2,8x8,empty,-1,-1,-1,-1,-1,-1,-1,-1,-1,-1,-1,-1,-1,-1,-1,-1,-1,-1,-1,-1,-1,-1,-1,-1,-1,-1,-1,-1,-1,-1,-1,-1,-1,-1,-1,-1,-1,-1,-1,-1,-1,-1,-1,-1,1955,-1,-1,-1,-1,-1,-1,1926,-1,-1,-1,-1,-1,1170,1126,1064,1071,1130,1071,1010,0,1,0,0,0,0,0,0,0,0,0,0,0,0,0,0,0,0,0,0,0,0,0,0,0,0,0,0,0,0,0,0,0,0,0,0,0,0,0,0,0,0,0,0,1,1,0,0,0,1,0,1,0,0,1,0,0,1,1,1,1,1,1,1
2026-07-07T14:27:30.744,tof1,8x8,empty,-1,-1,3160,3215,-1,-1,-1,-1,-1,-1,-1,-1,-1,-1,-1,-1,-1,-1,-1,-1,-1,-1,-1,-1,-1,-1,-1,-1,-1,-1,-1,-1,-1,-1,1755,1797,1792,-1,-1,-1,1429,-1,-1,1444,1459,1446,-1,-1,1188,1191,1184,1176,1182,1206,1203,-1,997,988,1010,1032,1013,1009,1028,981,0,1,1,1,0,0,0,0,0,0,0,0,0,0,0,0,0,0,0,0,0,0,1,0,0,1,0,0,0,0,0,1,1,1,1,1,1,0,0,0,1,1,1,1,1,1,0,0,1,1,1,1,1,1,1,1,1,1,1,1,1,1,1,1
2026-07-07T14:27:30.757,tof2,8x8,empty,-1,-1,-1,-1,-1,-1,-1,-1,-1,-1,-1,-1,-1,-1,-1,-1,-1,-1,-1,-1,-1,-1,-1,-1,-1,-1,-1,-1,-1,-1,-1,-1,-1,-1,-1,-1,-1,-1,-1,-1,-1,-1,-1,-1,1941,1944,-1,-1,-1,-1,-1,1931,-1,-1,-1,-1,-1,-1,1151,1138,1063,1067,1076,1028,0,1,0,0,0,0,0,0,0,0,0,0,0,0,0,0,0,0,0,0,0,0,0,0,0,0,0,0,0,0,0,0,0,0,0,0,0,0,0,0,0,0,0,0,1,1,0,0,0,0,1,1,0,0,0,0,0,1,1,1,1,1,1,1
2026-07-07T14:27:30.936,tof1,8x8,empty,-1,-1,3193,3230,-1,-1,-1,-1,-1,-1,-1,-1,-1,-1,-1,-1,-1,-1,-1,-1,-1,-1,-1,-1,-1,-1,-1,1855,-1,-1,-1,-1,-1,1728,1764,1798,-1,-1,-1,-1,1397,-1,1428,1457,1387,1393,-1,-1,1213,1205,1177,1180,1165,1214,1149,-1,999,1001,1006,1003,1032,1016,1009,984,0,0,1,1,0,0,0,0,0,0,0,0,0,0,0,0,0,0,0,0,0,1,0,0,0,0,0,1,0,0,0,0,0,1,1,1,1,0,0,0,1,0,1,1,1,1,1,0,1,1,1,1,1,1,1,0,1,1,1,1,1,1,1,1
2026-07-07T14:27:30.941,tof2,8x8,empty,-1,-1,-1,-1,-1,-1,-1,-1,-1,-1,-1,-1,-1,-1,-1,-1,-1,-1,-1,-1,-1,-1,-1,-1,-1,-1,-1,-1,-1,-1,-1,-1,-1,-1,-1,-1,-1,-1,-1,-1,-1,-1,-1,-1,-1,1975,-1,-1,-1,-1,-1,1972,-1,-1,-1,-1,-1,1146,1116,1071,1153,1101,1072,984,0,0,0,0,0,0,0,0,0,0,0,0,0,0,0,0,0,0,0,0,0,0,0,0,0,0,0,0,0,0,0,0,0,0,0,0,0,0,0,0,0,0,0,0,0,1,0,0,0,1,0,1,1,0,0,0,0,1,1,1,1,1,1,1
2026-07-07T14:27:31.150,tof1,8x8,empty,-1,-1,3190,3219,-1,-1,-1,-1,-1,-1,-1,-1,-1,-1,-1,-1,-1,-1,-1,-1,-1,-1,-1,-1,-1,-1,-1,1919,-1,-1,-1,-1,-1,1731,1777,1790,1756,-1,-1,-1,1407,1428,-1,1414,1411,1324,-1,-1,1156,-1,1199,1192,1202,1195,1185,-1,1001,1004,1014,1008,1016,1012,1014,987,0,0,1,1,0,0,0,0,0,0,0,0,0,0,0,0,0,0,0,0,0,0,0,0,0,0,0,1,0,0,0,0,0,1,1,1,1,0,0,0,1,1,1,1,1,1,0,0,1,1,1,1,1,1,1,0,1,1,1,1,1,1,1,1
2026-07-07T14:27:31.209,tof2,8x8,empty,-1,-1,-1,-1,-1,-1,-1,-1,-1,-1,-1,-1,-1,-1,-1,-1,-1,-1,-1,-1,-1,-1,-1,-1,-1,-1,-1,-1,-1,-1,-1,-1,-1,-1,-1,-1,-1,-1,-1,-1,-1,-1,-1,-1,1980,-1,-1,-1,-1,-1,-1,1962,-1,1965,-1,-1,-1,-1,1102,1114,-1,1032,1060,1004,0,0,0,0,0,0,0,0,0,0,0,0,0,0,0,0,0,0,0,0,0,0,0,0,0,0,0,0,0,0,0,0,0,0,0,0,0,0,0,0,0,0,0,0,1,1,0,0,0,0,0,1,0,1,1,0,0,0,1,1,1,1,1,1
2026-07-07T14:27:31.329,tof1,8x8,empty,-1,-1,3211,3192,-1,-1,-1,-1,-1,-1,-1,-1,-1,-1,-1,-1,-1,-1,-1,-1,-1,-1,-1,-1,-1,-1,-1,-1,-1,-1,-1,-1,-1,1756,1769,1757,1702,-1,-1,-1,1434,1436,-1,-1,1439,1334,1380,-1,1194,-1,1174,1209,1168,1219,1154,-1,988,1002,1015,1013,1028,1012,1006,968,0,1,1,1,0,0,0,0,0,0,0,1,0,0,0,0,0,0,0,0,0,0,0,0,0,0,0,0,0,0,1,0,1,1,1,1,1,0,0,0,1,1,0,1,1,1,1,0,1,1,1,1,1,1,1,1,1,1,1,1,1,1,1,1
2026-07-07T14:27:31.343,tof2,8x8,empty,-1,-1,-1,-1,-1,-1,-1,-1,-1,-1,-1,-1,-1,-1,-1,-1,-1,-1,-1,-1,-1,-1,-1,-1,-1,-1,-1,-1,-1,-1,-1,-1,-1,-1,-1,-1,-1,-1,-1,-1,-1,-1,-1,-1,-1,-1,-1,-1,-1,-1,-1,1948,-1,-1,1895,-1,-1,-1,1121,1088,1025,1085,1064,1020,0,0,0,0,0,0,0,0,0,0,0,0,0,0,0,0,0,0,0,0,0,0,0,0,0,0,0,0,0,0,0,0,0,0,0,0,0,0,0,0,0,0,0,0,1,0,1,0,0,0,0,1,0,0,1,0,0,0,1,1,1,1,1,1
2026-07-07T14:27:31.430,tof1,8x8,empty,-1,-1,3188,3220,-1,-1,-1,-1,-1,-1,-1,-1,-1,-1,-1,-1,-1,-1,-1,-1,-1,-1,-1,-1,-1,2176,-1,1877,-1,-1,-1,-1,-1,-1,1776,1755,1709,-1,-1,-1,1403,-1,1398,1432,1437,1352,-1,-1,1177,1195,1168,1203,1223,1216,1178,-1,1007,999,1020,1029,1046,1016,993,1000,0,0,1,1,0,0,0,0,0,0,0,0,0,0,0,0,0,0,0,0,0,1,0,0,0,1,0,1,0,0,0,0,0,0,1,1,1,0,0,0,1,1,1,1,1,1,0,0,1,1,1,1,1,1,1,0,1,1,1,1,1,1,1,1
2026-07-07T14:27:31.462,tof2,8x8,empty,-1,-1,-1,-1,-1,-1,-1,-1,-1,-1,-1,-1,-1,-1,-1,-1,-1,-1,-1,-1,-1,-1,-1,-1,-1,-1,-1,-1,-1,-1,-1,-1,-1,-1,-1,-1,-1,-1,-1,-1,-1,-1,-1,-1,1960,1997,-1,-1,-1,-1,-1,1930,-1,-1,-1,-1,-1,-1,1136,1127,1095,1067,1059,1009,0,0,0,0,0,0,0,0,0,0,0,0,0,0,0,0,0,0,0,0,0,0,0,0,0,0,0,0,0,0,0,0,0,0,0,0,0,0,0,0,0,0,0,0,1,1,0,1,1,0,0,1,1,0,0,0,0,0,1,1,1,1,1,1
2026-07-07T14:27:31.543,tof1,8x8,empty,-1,-1,3204,3211,-1,-1,-1,-1,-1,-1,-1,-1,-1,-1,-1,-1,-1,-1,-1,-1,-1,-1,-1,-1,-1,-1,-1,-1,-1,-1,-1,-1,-1,1688,1798,1784,1678,-1,-1,-1,1379,1425,-1,1463,1482,1446,-1,-1,1165,1192,1186,1209,1216,1225,1180,-1,998,1010,1002,1017,1007,1018,1020,981,0,0,1,1,0,0,0,0,0,0,0,0,0,0,0,0,0,1,0,0,0,0,0,0,0,1,0,0,0,0,0,0,1,1,1,1,1,0,0,0,1,1,0,1,1,1,0,0,1,1,1,1,1,1,1,1,1,1,1,1,1,1,1,1
2026-07-07T14:27:31.568,tof2,8x8,empty,-1,-1,-1,-1,-1,-1,-1,-1,-1,-1,-1,-1,-1,-1,-1,-1,-1,-1,-1,-1,-1,-1,-1,-1,-1,-1,-1,-1,-1,-1,-1,-1,-1,-1,-1,-1,-1,-1,-1,-1,-1,-1,-1,-1,2001,2018,-1,-1,-1,-1,-1,1940,-1,-1,2102,-1,-1,1076,1172,1134,1113,1088,1020,1005,0,0,0,0,0,0,0,0,0,0,0,0,0,0,0,0,0,0,0,0,0,0,0,0,0,0,0,0,0,0,0,0,0,0,0,0,0,0,0,0,0,0,0,0,1,1,0,0,0,0,0,1,1,0,1,0,0,1,1,1,1,1,1,1
2026-07-07T14:27:31.671,tof1,8x8,empty,-1,-1,3177,3214,-1,-1,-1,-1,-1,-1,-1,-1,-1,-1,-1,-1,-1,-1,-1,-1,-1,-1,-1,-1,-1,2190,-1,-1,-1,-1,-1,-1,-1,1722,1756,1821,1724,-1,-1,-1,1418,1376,-1,1479,1457,1451,-1,-1,1174,1196,1208,1201,1200,1189,1172,-1,993,1003,1003,1028,981,1012,994,987,0,0,1,1,0,0,0,1,0,0,0,0,0,0,0,0,0,0,0,0,0,0,0,0,0,1,0,1,0,0,0,0,0,1,1,1,1,0,0,0,1,1,0,1,1,1,0,0,1,1,1,1,1,1,1,0,1,1,1,1,1,1,1,1
2026-07-07T14:27:31.674,tof2,8x8,empty,-1,-1,-1,-1,-1,-1,-1,-1,-1,-1,-1,-1,-1,-1,-1,-1,-1,-1,-1,-1,-1,-1,-1,-1,-1,-1,-1,-1,-1,-1,-1,-1,-1,-1,-1,-1,-1,-1,-1,-1,-1,-1,-1,-1,-1,1980,-1,-1,-1,-1,-1,1962,-1,-1,-1,-1,-1,-1,1154,1134,1111,1083,1122,-1,1,0,0,0,0,0,0,0,0,0,0,0,0,0,0,0,0,0,0,0,0,0,0,0,0,0,0,0,0,0,0,0,0,0,0,0,0,0,0,0,0,0,0,0,0,1,0,0,0,0,0,1,0,1,0,0,0,0,1,1,1,1,1,1
2026-07-07T14:27:31.770,tof1,8x8,empty,-1,-1,3193,3239,-1,-1,-1,3334,-1,-1,-1,-1,-1,-1,-1,-1,-1,-1,-1,-1,-1,-1,3545,-1,-1,-1,1845,-1,-1,-1,-1,-1,-1,1708,1758,-1,-1,-1,-1,-1,1411,1400,-1,1438,1459,1469,-1,-1,1150,1183,1165,1204,1188,1193,1145,1087,998,1017,998,1026,1031,995,1022,992,1,0,1,1,0,0,1,1,0,0,0,0,0,0,0,0,0,0,0,0,0,0,1,0,0,0,1,0,0,0,0,0,1,1,1,1,1,0,0,0,1,1,0,1,1,1,0,0,1,1,1,1,1,1,1,1,1,1,1,1,1,1,1,1
2026-07-07T14:27:31.887,tof2,8x8,empty,-1,-1,-1,-1,-1,-1,-1,-1,-1,-1,-1,-1,-1,-1,-1,-1,-1,-1,-1,-1,-1,-1,-1,-1,-1,-1,-1,-1,-1,-1,-1,-1,-1,-1,-1,-1,-1,-1,-1,-1,-1,-1,-1,-1,1974,2065,1935,-1,-1,-1,-1,1955,-1,-1,-1,-1,-1,-1,1161,-1,1096,1095,1049,1018,0,0,0,0,0,0,0,0,0,0,0,0,0,0,0,0,0,0,0,0,0,0,0,0,0,0,0,0,0,0,0,0,0,0,0,0,0,0,0,0,0,0,0,0,1,1,1,0,0,0,0,1,1,1,1,1,0,1,1,0,1,1,1,1
2026-07-07T14:27:32.166,tof1,8x8,empty,-1,-1,3197,3221,-1,-1,3233,-1,-1,-1,-1,-1,-1,-1,-1,-1,-1,-1,-1,-1,-1,-1,-1,-1,-1,-1,-1,2087,-1,-1,-1,-1,-1,-1,1742,1765,-1,-1,-1,-1,1391,1414,1424,1477,1418,1426,1399,-1,1148,1181,1210,1198,1204,1194,1161,-1,1000,1002,1007,1037,1010,990,1026,989,0,0,1,1,0,0,1,1,0,0,0,0,0,0,0,0,0,0,1,0,0,0,1,0,0,1,1,1,0,0,1,0,0,1,1,1,1,0,0,0,1,1,1,1,1,1,1,0,1,1,1,1,1,1,1,0,1,1,1,1,1,1,1,1
2026-07-07T14:27:32.173,tof2,8x8,empty,-1,-1,-1,-1,-1,-1,-1,-1,-1,-1,-1,-1,-1,-1,-1,-1,-1,-1,-1,-1,-1,-1,-1,-1,-1,-1,-1,-1,-1,-1,-1,-1,-1,-1,-1,-1,-1,-1,-1,-1,-1,-1,-1,-1,1977,-1,-1,-1,-1,-1,-1,1955,-1,1977,-1,-1,-1,1142,1140,1139,1128,-1,1018,-1,0,0,0,0,0,0,0,0,0,0,0,0,0,0,0,0,0,0,0,0,0,0,0,0,0,0,0,0,0,0,0,0,0,0,0,0,0,0,0,0,0,0,0,0,1,0,0,0,0,0,0,1,1,1,0,0,0,1,1,1,1,1,1,1
2026-07-07T14:27:32.295,tof1,8x8,empty,-1,-1,3195,3237,-1,-1,-1,-1,-1,-1,-1,-1,-1,-1,-1,-1,-1,-1,-1,-1,-1,-1,-1,-1,-1,-1,-1,-1,-1,-1,3676,-1,-1,-1,1746,1794,-1,-1,-1,-1,1407,1394,-1,1436,1416,1384,-1,-1,1162,1173,1174,1195,1224,1196,1185,1090,982,1010,1013,1017,1022,1016,1011,983,0,0,1,1,0,0,1,0,0,0,0,0,0,0,0,1,0,0,0,0,1,0,0,0,0,0,0,1,0,0,1,0,0,1,1,1,1,0,0,0,1,1,0,1,1,1,0,0,1,1,1,1,1,1,1,1,1,1,1,1,1,1,1,1
2026-07-07T14:27:32.463,tof2,8x8,empty,-1,-1,-1,-1,-1,-1,-1,-1,-1,-1,-1,-1,-1,-1,-1,-1,-1,-1,-1,-1,-1,-1,-1,-1,-1,-1,-1,-1,-1,-1,-1,-1,-1,-1,-1,-1,-1,-1,-1,-1,-1,-1,-1,-1,1990,1972,-1,-1,-1,-1,-1,1937,1920,1895,-1,-1,-1,-1,1128,-1,1113,1063,1088,1012,0,0,1,0,0,0,0,0,0,0,0,0,0,0,0,0,0,0,0,0,0,0,0,0,0,0,0,0,0,0,0,0,0,0,0,0,0,0,0,0,0,0,0,0,1,1,0,0,0,0,1,1,1,1,1,0,0,0,1,1,1,1,1,1
2026-07-07T14:27:32.515,tof1,8x8,empty,-1,-1,3189,3248,-1,-1,-1,-1,-1,-1,-1,-1,-1,-1,-1,-1,-1,-1,-1,-1,-1,-1,-1,-1,-1,-1,-1,-1,-1,-1,-1,-1,-1,1621,1806,1832,1797,-1,-1,-1,1415,1412,-1,1440,1431,1423,-1,-1,1188,1192,1189,1202,1208,1212,1152,-1,1005,997,1008,1021,1016,1008,1030,988,0,0,1,1,0,0,0,0,0,0,0,0,0,0,0,0,0,0,0,1,0,0,0,0,0,0,0,0,0,0,0,0,0,1,1,1,1,0,0,0,1,1,0,1,1,1,0,0,1,1,1,1,1,1,1,0,1,1,1,1,1,1,1,1
2026-07-07T14:27:32.676,tof1,8x8,empty,-1,-1,3187,3247,-1,-1,-1,3208,-1,-1,-1,-1,-1,-1,-1,-1,-1,-1,-1,-1,-1,-1,-1,-1,-1,-1,-1,-1,-1,-1,-1,-1,-1,1652,1701,1790,1725,-1,-1,-1,1470,1341,-1,1456,1397,1388,-1,-1,1178,1227,1157,1183,1196,1209,1171,2043,1009,1002,1009,1022,1013,1013,1004,985,0,0,1,1,0,0,0,1,0,0,0,0,0,0,0,0,0,0,0,0,0,0,0,0,0,1,0,0,1,0,0,0,0,1,1,1,1,0,0,0,1,1,0,1,1,1,0,0,1,1,1,1,1,1,1,1,1,1,1,1,1,1,1,1
2026-07-07T14:27:32.792,tof2,8x8,empty,-1,-1,-1,-1,-1,-1,-1,-1,-1,-1,-1,-1,-1,-1,-1,-1,-1,-1,-1,-1,-1,-1,-1,-1,-1,-1,-1,-1,-1,-1,-1,-1,-1,-1,-1,-1,-1,-1,-1,-1,-1,-1,-1,-1,1956,1977,-1,-1,-1,-1,-1,1945,-1,-1,-1,-1,-1,-1,-1,1120,1112,1056,1109,1036,0,0,0,0,0,0,0,0,0,0,0,0,0,0,0,0,0,0,0,0,0,0,0,0,0,0,0,0,0,0,0,0,0,0,0,0,0,0,0,0,0,0,0,0,1,1,0,0,0,0,0,1,0,0,0,0,0,1,1,1,1,1,1,1
2026-07-07T14:27:32.879,tof1,8x8,empty,-1,-1,3171,3264,-1,-1,-1,3266,-1,-1,-1,-1,-1,-1,-1,-1,-1,-1,-1,-1,-1,-1,-1,-1,-1,-1,-1,-1,-1,-1,-1,-1,-1,1727,1773,1824,-1,-1,-1,-1,1380,-1,-1,1451,1394,-1,-1,-1,1199,1220,1160,1194,1203,1201,1182,-1,996,1026,1007,1018,1016,1021,1010,983,0,0,1,1,0,0,0,1,0,0,0,0,0,0,1,0,0,0,0,0,0,0,0,0,0,1,0,1,0,0,0,0,0,1,1,1,1,0,0,0,1,1,1,1,1,1,0,0,1,1,1,1,1,1,1,0,1,1,1,1,1,1,1,1
2026-07-07T14:27:33.220,tof2,8x8,empty,-1,-1,-1,-1,-1,-1,-1,-1,-1,-1,-1,-1,-1,-1,-1,-1,-1,-1,-1,-1,-1,-1,-1,-1,-1,-1,-1,-1,-1,-1,-1,-1,-1,-1,-1,-1,-1,-1,-1,-1,-1,-1,-1,-1,1987,1890,-1,-1,-1,-1,-1,1978,-1,1864,1878,-1,-1,-1,1123,1143,-1,1076,1101,1003,0,0,0,0,0,0,0,0,0,0,0,0,0,0,0,0,0,0,0,0,0,0,0,0,0,0,0,0,0,0,0,0,0,0,0,0,0,0,0,0,0,0,0,0,1,1,0,0,0,0,0,1,0,1,1,0,0,0,1,1,0,1,1,1
2026-07-07T14:27:33.614,tof1,8x8,empty,-1,-1,3186,3204,-1,-1,-1,-1,-1,-1,-1,-1,-1,-1,-1,-1,-1,-1,-1,-1,-1,-1,-1,-1,-1,-1,1901,-1,-1,-1,-1,-1,-1,1700,1827,1804,1673,-1,-1,-1,1366,1493,-1,1435,1430,1361,-1,-1,1191,1173,1192,1183,1215,1193,1185,-1,985,999,1012,1025,1001,1018,1015,975,0,0,1,1,0,0,0,1,0,0,0,0,0,0,1,0,0,0,1,0,0,0,0,0,0,1,1,0,0,0,0,0,1,1,1,1,1,0,0,0,1,1,1,1,1,1,0,0,1,1,1,1,1,1,1,0,1,1,1,1,1,1,1,1
2026-07-07T14:27:33.760,tof2,8x8,empty,-1,-1,-1,-1,-1,-1,-1,-1,-1,-1,-1,-1,-1,-1,-1,-1,-1,-1,-1,-1,-1,-1,-1,-1,-1,-1,-1,-1,-1,-1,-1,-1,-1,-1,-1,-1,-1,-1,-1,-1,-1,-1,-1,-1,-1,1998,-1,-1,-1,-1,-1,1922,-1,-1,-1,-1,-1,1130,1142,1139,1088,1103,1064,1010,0,0,0,0,0,0,0,0,0,0,0,0,0,0,0,0,0,0,0,0,0,0,0,0,0,0,0,0,0,0,0,0,0,0,0,0,0,0,0,0,0,0,0,0,1,1,0,0,0,0,0,1,0,1,0,0,0,1,1,1,1,1,1,1
2026-07-07T14:27:33.849,tof1,8x8,empty,-1,-1,3175,3198,-1,-1,-1,-1,-1,-1,-1,-1,-1,-1,-1,-1,-1,-1,-1,-1,-1,-1,-1,-1,-1,-1,1908,1911,-1,-1,-1,-1,-1,1771,1719,1752,-1,-1,-1,-1,1411,1377,1506,-1,1416,1365,-1,-1,1179,1186,1174,1210,1195,1197,1174,-1,999,1005,997,1021,1014,1001,1010,988,0,0,1,1,0,0,0,1,1,0,0,0,0,0,0,0,0,0,0,0,0,1,0,0,0,0,1,1,0,0,0,0,0,1,1,1,1,0,0,0,1,1,1,1,1,1,0,0,1,1,1,1,1,1,1,0,1,1,1,1,1,1,1,1
2026-07-07T14:27:33.913,tof2,8x8,empty,-1,-1,-1,-1,-1,-1,-1,-1,-1,-1,-1,-1,-1,-1,-1,-1,-1,-1,-1,-1,-1,-1,-1,-1,-1,-1,-1,-1,-1,-1,-1,-1,-1,-1,-1,-1,-1,-1,-1,-1,-1,-1,-1,-1,1970,2014,-1,-1,-1,-1,-1,1925,-1,1912,1973,-1,-1,-1,1110,1154,1076,1084,-1,973,0,0,0,0,0,0,0,0,0,0,0,0,0,0,0,0,0,0,0,0,0,0,0,0,0,0,0,0,0,0,0,0,0,0,0,0,0,0,0,0,0,0,0,0,1,1,0,0,0,0,0,1,1,1,1,0,0,0,1,1,1,1,1,1
2026-07-07T14:27:34.027,tof1,8x8,empty,-1,-1,3189,3226,-1,-1,3328,-1,-1,-1,-1,-1,-1,-1,-1,-1,-1,-1,-1,-1,-1,-1,-1,-1,-1,-1,1889,-1,-1,-1,-1,-1,-1,1656,1756,-1,1662,-1,-1,-1,1435,1462,1357,1419,1442,1422,-1,-1,1184,1217,1196,1166,1227,1185,1177,-1,998,1015,1002,1026,1044,1011,1010,993,0,0,1,1,0,0,1,0,0,0,0,0,0,0,0,0,0,0,0,1,0,0,0,0,0,0,1,0,0,0,1,0,0,1,1,1,1,0,0,0,1,1,1,1,1,1,0,0,1,1,1,1,1,1,1,0,1,1,1,1,1,1,1,1
2026-07-07T14:27:34.267,tof2,8x8,empty,-1,-1,-1,-1,-1,-1,-1,-1,-1,-1,-1,-1,-1,-1,-1,-1,-1,-1,-1,-1,-1,-1,-1,-1,-1,-1,-1,-1,-1,-1,-1,-1,-1,-1,-1,-1,-1,-1,-1,-1,-1,-1,-1,-1,-1,1945,-1,-1,-1,-1,-1,1990,-1,-1,-1,-1,-1,-1,1130,1098,-1,1226,1019,1013,0,0,0,0,0,0,0,0,0,0,0,0,0,0,0,0,0,0,0,0,0,0,0,0,0,0,0,0,0,0,0,0,0,0,0,0,0,0,0,0,0,0,0,0,1,1,0,0,0,0,0,1,0,0,0,0,0,1,1,1,0,1,1,1
2026-07-07T14:27:34.337,tof1,8x8,empty,-1,-1,3182,3225,-1,-1,-1,-1,-1,-1,-1,-1,-1,-1,-1,-1,-1,-1,-1,-1,-1,-1,-1,-1,-1,-1,-1,-1,-1,-1,-1,-1,-1,-1,1769,1808,1732,-1,-1,-1,1402,-1,1411,1427,1433,1444,-1,-1,1183,1209,1184,1212,1215,1184,1166,-1,996,1014,1017,1037,1020,1011,1016,974,1,0,1,1,0,0,0,1,0,0,0,0,0,0,1,0,0,0,0,0,0,0,0,0,0,1,0,1,1,0,0,0,0,1,1,1,1,0,0,0,1,1,1,1,1,1,0,0,1,1,1,1,1,1,1,1,1,1,1,1,1,1,1,1
2026-07-07T14:27:34.608,tof2,8x8,empty,-1,-1,-1,-1,-1,-1,-1,-1,-1,-1,-1,-1,-1,-1,-1,-1,-1,-1,-1,-1,-1,-1,-1,-1,-1,-1,-1,-1,-1,-1,-1,-1,-1,-1,-1,-1,-1,-1,-1,-1,-1,-1,-1,-1,1988,1996,-1,-1,-1,-1,-1,1922,-1,-1,-1,-1,-1,-1,-1,1096,1087,1032,1099,977,0,0,0,0,0,0,0,0,0,0,0,0,0,0,0,0,0,0,0,0,0,0,0,0,0,0,0,0,0,0,0,0,0,0,0,0,0,0,0,0,0,0,0,0,1,1,0,0,0,0,0,1,0,0,0,0,0,0,1,1,1,1,1,1
2026-07-07T14:27:34.777,tof2,8x8,empty,-1,-1,-1,-1,-1,-1,-1,-1,-1,-1,-1,-1,-1,-1,-1,-1,-1,-1,-1,-1,-1,-1,-1,-1,-1,-1,-1,-1,-1,-1,-1,-1,-1,-1,-1,-1,-1,-1,-1,-1,-1,-1,-1,-1,1953,-1,-1,-1,-1,-1,-1,1934,-1,1942,-1,-1,-1,-1,1139,1082,1162,1048,1103,1021,0,0,0,0,0,0,0,0,0,0,0,0,0,0,0,0,0,0,0,0,0,0,0,0,0,0,0,0,1,0,0,0,0,0,0,0,0,0,0,0,0,0,0,0,1,0,1,0,0,0,0,1,0,1,1,0,0,0,1,1,1,1,1,1
2026-07-07T14:27:34.886,tof2,8x8,empty,-1,-1,-1,-1,-1,-1,-1,-1,-1,-1,-1,-1,-1,-1,-1,-1,-1,-1,-1,-1,-1,-1,-1,-1,-1,-1,-1,-1,-1,-1,-1,-1,-1,-1,-1,-1,-1,-1,-1,-1,-1,-1,-1,-1,-1,1980,-1,-1,-1,-1,-1,1928,-1,-1,-1,-1,-1,-1,1166,1075,-1,1114,1021,1006,0,0,0,0,0,0,0,0,0,0,0,0,0,0,0,0,0,0,0,0,0,0,0,0,0,0,0,0,0,0,0,0,0,0,0,0,0,0,0,0,0,0,0,0,0,1,0,0,0,0,1,1,0,0,0,0,0,0,1,1,1,1,1,1
2026-07-07T14:27:35.034,tof2,8x8,empty,-1,-1,-1,-1,-1,-1,-1,-1,-1,-1,-1,-1,-1,-1,-1,-1,-1,-1,-1,-1,-1,-1,-1,-1,-1,-1,-1,-1,-1,-1,-1,-1,-1,-1,-1,-1,-1,-1,-1,-1,-1,-1,-1,-1,1969,1946,-1,-1,-1,-1,-1,1921,-1,-1,-1,-1,-1,-1,1135,1192,1057,1103,1064,1032,0,0,0,0,0,0,0,0,0,0,0,0,0,0,0,0,0,0,0,0,0,0,0,0,0,0,0,0,0,0,0,0,0,0,0,0,0,0,0,0,0,0,0,0,1,1,0,0,0,1,0,1,0,0,1,1,0,0,1,1,1,1,1,1
2026-07-07T14:27:35.110,tof1,8x8,empty,-1,-1,3191,3195,-1,-1,-1,-1,-1,-1,-1,-1,-1,-1,-1,-1,-1,-1,-1,-1,-1,-1,-1,-1,-1,-1,-1,-1,2152,-1,-1,-1,-1,1760,1805,1802,1703,-1,-1,-1,1404,-1,-1,1433,1429,1370,-1,-1,1182,1184,1190,1197,1191,1184,1183,-1,988,1012,996,1020,1015,1007,1017,987,0,0,1,1,0,0,0,1,0,0,0,0,0,0,0,0,0,0,0,0,0,0,1,0,0,0,1,0,1,0,0,0,0,1,1,1,1,0,0,0,1,1,0,1,1,1,1,0,1,1,1,1,1,1,1,1,1,1,1,1,1,1,1,1
2026-07-07T14:27:35.123,tof2,8x8,empty,-1,-1,-1,-1,-1,-1,-1,-1,-1,-1,-1,-1,-1,-1,-1,-1,-1,-1,-1,-1,-1,-1,-1,-1,-1,-1,-1,-1,-1,-1,-1,-1,-1,-1,-1,-1,-1,-1,-1,-1,-1,-1,-1,-1,1965,1924,-1,-1,-1,-1,-1,1982,-1,1964,-1,-1,-1,1055,1139,-1,1050,1075,-1,982,0,0,0,0,0,0,0,0,0,0,0,0,0,0,0,0,0,0,0,0,0,0,0,0,0,0,0,0,1,0,0,0,0,0,0,0,0,0,0,0,0,0,0,0,1,1,0,0,0,0,0,1,0,1,0,0,0,1,1,0,1,1,0,1
2026-07-07T14:27:35.225,tof2,8x8,empty,-1,-1,-1,-1,-1,-1,-1,-1,-1,-1,-1,-1,-1,-1,-1,-1,-1,-1,-1,-1,-1,-1,-1,-1,-1,-1,-1,-1,-1,-1,-1,-1,-1,-1,-1,-1,-1,-1,-1,-1,-1,-1,-1,-1,1948,1967,-1,-1,-1,-1,-1,1920,-1,-1,-1,-1,-1,-1,1161,-1,1043,1106,-1,997,0,0,0,0,0,0,0,0,0,0,0,0,0,0,0,0,0,0,0,0,0,0,0,0,0,0,0,0,0,0,0,0,0,0,0,0,0,0,0,0,0,0,0,0,1,1,0,0,0,0,0,1,1,0,0,0,0,0,1,1,1,1,1,1
2026-07-07T14:27:35.240,tof1,8x8,empty,-1,-1,3193,3202,-1,-1,-1,-1,-1,-1,-1,-1,-1,-1,-1,-1,-1,-1,-1,-1,-1,-1,-1,-1,-1,-1,-1,-1,-1,-1,-1,-1,-1,-1,1771,1762,1820,-1,-1,-1,1401,-1,-1,1476,1414,1363,-1,-1,1178,1168,1198,1198,1229,1196,1180,1076,993,996,1011,1021,1024,1016,1013,991,0,0,1,1,0,0,0,1,0,0,0,0,0,0,0,0,0,0,0,0,0,0,0,0,0,0,0,0,0,0,0,0,0,0,1,1,1,0,0,0,1,1,0,1,1,1,1,0,1,1,1,1,1,1,1,1,1,1,1,1,1,1,1,1
2026-07-07T14:27:35.328,tof1,8x8,empty,-1,-1,3219,3230,-1,-1,-1,-1,-1,-1,-1,-1,-1,-1,-1,-1,-1,-1,-1,-1,-1,-1,-1,-1,-1,-1,-1,1899,-1,-1,-1,-1,-1,1705,1733,1780,1743,-1,-1,-1,1352,1471,-1,1448,1446,1423,-1,-1,1152,1172,1197,1209,1200,1196,1169,2254,1005,1014,1008,1019,1025,1010,1002,980,0,0,1,1,0,0,0,0,0,0,0,0,0,0,0,0,0,0,0,0,0,0,0,0,0,0,0,1,0,1,0,0,0,1,1,1,1,0,0,0,1,1,1,1,1,1,0,0,1,1,1,1,1,1,1,1,1,1,1,1,1,1,1,1
2026-07-07T14:27:35.316,tof2,8x8,empty,-1,-1,-1,-1,-1,-1,-1,-1,-1,-1,-1,-1,-1,-1,-1,-1,-1,-1,-1,-1,-1,-1,-1,-1,-1,-1,-1,-1,-1,-1,-1,-1,-1,-1,-1,-1,-1,-1,-1,-1,-1,-1,-1,-1,-1,-1,-1,-1,-1,-1,-1,1937,-1,1885,-1,-1,-1,-1,1173,1139,1075,-1,1031,1017,0,0,0,0,0,0,0,0,0,0,0,0,0,0,0,0,0,0,0,0,0,0,0,0,0,0,0,0,0,0,0,0,0,0,0,0,0,0,0,0,0,0,0,0,0,1,0,0,0,0,0,1,1,1,0,0,1,0,1,1,1,1,1,1
2026-07-07T14:27:35.429,tof1,8x8,empty,-1,-1,3177,-1,-1,-1,-1,-1,-1,-1,-1,-1,-1,-1,-1,-1,-1,-1,-1,-1,-1,-1,-1,-1,-1,-1,-1,1952,2107,-1,-1,-1,-1,1681,1760,1831,1725,-1,-1,-1,1419,1442,-1,1472,1473,1344,-1,-1,1186,1206,1205,1221,1221,1181,1185,-1,985,1006,1005,1005,997,1010,1009,977,0,0,1,0,0,0,0,1,0,0,0,0,0,0,1,0,0,0,1,1,0,0,0,0,0,0,1,1,1,0,0,0,0,1,1,1,1,0,0,0,1,1,0,1,1,1,0,0,1,1,1,1,1,1,1,0,1,1,1,1,1,1,1,1
2026-07-07T14:27:35.409,tof2,8x8,empty,-1,-1,-1,-1,-1,-1,-1,-1,-1,-1,-1,-1,-1,-1,-1,-1,-1,-1,-1,-1,-1,-1,-1,-1,-1,-1,-1,-1,-1,-1,-1,-1,-1,-1,-1,-1,-1,-1,-1,-1,-1,-1,-1,-1,-1,-1,-1,-1,-1,-1,-1,1960,1883,-1,-1,-1,-1,-1,1071,-1,1147,979,1006,980,0,0,0,0,0,0,0,0,0,0,0,0,0,0,0,0,0,0,0,0,0,0,0,0,0,0,0,0,0,0,0,0,0,0,0,0,0,0,0,0,0,0,0,0,1,0,1,0,0,0,0,1,1,0,1,0,0,1,1,0,1,1,1,1
2026-07-07T14:27:35.533,tof1,8x8,empty,-1,-1,3181,-1,-1,-1,-1,-1,-1,-1,-1,-1,-1,-1,-1,-1,-1,-1,-1,-1,-1,-1,-1,-1,-1,-1,-1,1905,2231,-1,-1,-1,-1,1624,1769,1777,1652,-1,-1,-1,1450,1444,-1,1448,1406,1432,-1,-1,1175,1195,1191,1203,1172,1189,1186,-1,992,999,1014,998,1035,1016,1008,980,0,0,1,1,0,0,0,0,0,0,0,0,0,0,0,0,0,0,0,0,0,0,0,0,0,0,1,1,1,0,1,0,0,1,1,1,1,0,0,0,1,1,0,1,1,1,0,0,1,1,1,1,1,1,1,0,1,1,1,1,1,1,1,1
2026-07-07T14:27:35.535,tof2,8x8,empty,-1,-1,-1,-1,-1,-1,-1,-1,-1,-1,-1,-1,-1,-1,-1,-1,-1,-1,-1,-1,-1,-1,-1,-1,-1,-1,-1,-1,-1,-1,-1,-1,-1,-1,-1,-1,-1,-1,-1,-1,-1,-1,-1,-1,1972,1962,-1,-1,-1,-1,-1,1910,-1,-1,1937,-1,-1,-1,-1,-1,1124,1038,1135,972,0,0,0,0,0,0,0,0,0,0,0,0,0,0,0,0,0,0,0,0,0,0,0,0,0,0,0,0,1,0,0,0,0,0,0,0,0,0,0,0,0,0,0,0,1,1,1,0,0,0,0,1,0,0,1,0,0,0,1,0,1,1,1,1
2026-07-07T14:27:35.743,tof1,8x8,empty,-1,-1,3180,3251,-1,-1,-1,-1,-1,-1,-1,-1,-1,-1,-1,-1,-1,-1,-1,-1,-1,-1,-1,-1,-1,2101,-1,-1,-1,-1,-1,-1,-1,1668,1791,1802,1731,-1,-1,-1,1362,1457,-1,1444,1455,1455,-1,-1,1161,1235,1207,-1,1198,1207,1161,-1,997,1003,997,1011,1017,1015,999,990,0,0,1,1,0,0,0,0,0,0,0,0,0,0,0,1,0,0,0,0,0,0,0,0,0,1,0,0,0,0,0,0,0,1,1,1,1,1,0,0,1,1,1,1,1,1,0,0,1,1,1,1,1,1,1,0,1,1,1,1,1,1,1,1
2026-07-07T14:27:35.747,tof2,8x8,empty,-1,-1,-1,-1,-1,-1,-1,-1,-1,-1,-1,-1,-1,-1,-1,-1,-1,-1,-1,-1,-1,-1,-1,-1,-1,-1,-1,-1,-1,-1,-1,-1,-1,-1,-1,-1,-1,-1,-1,-1,-1,-1,-1,-1,2006,-1,-1,-1,-1,-1,-1,1964,-1,1907,1843,-1,-1,1131,1111,-1,1102,1071,1086,978,0,0,0,0,0,0,0,0,0,0,0,0,0,0,0,0,0,0,0,0,1,0,0,0,0,0,0,0,0,0,0,0,0,0,0,0,0,0,0,0,0,0,0,0,1,0,0,0,0,0,0,1,0,1,1,0,0,1,1,0,1,1,1,1
2026-07-07T14:27:35.853,tof1,8x8,empty,-1,-1,3187,3262,-1,-1,-1,-1,-1,-1,-1,-1,-1,-1,-1,-1,-1,-1,-1,-1,-1,-1,-1,-1,-1,-1,-1,-1,-1,-1,-1,-1,-1,1672,1744,1809,1748,-1,-1,-1,1430,1432,-1,-1,1408,1433,-1,-1,1205,1199,1213,1169,1183,1202,1193,-1,996,986,998,1009,1006,1011,1012,978,0,0,1,1,0,0,1,0,0,0,0,0,0,0,0,1,0,0,0,0,0,1,0,0,0,0,0,1,0,0,0,0,0,1,1,1,1,0,0,0,1,1,0,1,1,1,0,0,1,1,1,1,1,1,1,0,1,1,1,1,1,1,1,1
2026-07-07T14:27:35.898,tof2,8x8,empty,-1,-1,-1,-1,-1,-1,-1,-1,-1,-1,-1,-1,-1,-1,-1,-1,-1,-1,-1,-1,-1,-1,-1,-1,-1,-1,-1,-1,-1,-1,-1,-1,-1,-1,-1,-1,-1,-1,-1,-1,-1,-1,-1,-1,-1,1979,-1,-1,-1,-1,-1,-1,-1,1887,-1,-1,-1,-1,1116,1119,1083,1069,1096,1000,0,0,0,0,0,0,0,0,0,0,0,0,0,0,0,0,0,0,0,0,0,0,0,0,0,0,0,0,0,0,0,0,0,0,0,0,0,0,0,0,0,0,0,0,1,1,0,0,0,0,0,1,1,1,1,0,0,0,1,1,1,1,1,1
2026-07-07T14:27:36.134,tof1,8x8,empty,-1,-1,3178,3196,-1,-1,-1,-1,-1,-1,-1,-1,-1,-1,-1,-1,-1,-1,-1,-1,-1,-1,-1,-1,-1,-1,-1,1912,-1,-1,-1,-1,-1,1678,1765,1840,1777,1651,-1,-1,1434,1443,-1,1446,1447,1407,-1,-1,1171,1182,-1,1195,1220,1200,1161,-1,998,1005,1011,1027,992,1025,1008,984,0,0,1,1,0,0,0,1,0,0,0,0,0,0,0,1,0,0,0,0,0,0,0,0,0,1,1,1,0,0,0,0,0,1,1,1,1,1,0,0,1,1,1,1,1,1,0,0,1,1,1,1,1,1,1,1,1,1,1,1,1,1,1,1
2026-07-07T14:27:36.146,tof2,8x8,empty,-1,-1,-1,-1,-1,-1,-1,-1,-1,-1,-1,-1,-1,-1,-1,-1,-1,-1,-1,-1,-1,-1,-1,-1,-1,-1,-1,-1,-1,-1,-1,-1,-1,-1,-1,-1,-1,-1,-1,-1,-1,-1,-1,-1,1963,1962,-1,-1,-1,-1,-1,1973,1872,-1,1877,-1,-1,-1,-1,1218,1126,1057,1051,1004,0,0,0,0,0,0,0,0,0,0,0,0,0,0,0,0,0,0,0,0,0,0,0,0,0,0,0,0,0,0,0,0,0,0,0,0,0,0,0,0,0,0,0,0,1,1,0,1,0,0,0,1,1,1,1,1,0,0,1,1,1,1,1,1
2026-07-07T14:27:36.427,tof1,8x8,empty,-1,-1,3182,3245,-1,-1,-1,3289,-1,-1,-1,-1,-1,-1,-1,-1,-1,-1,-1,-1,-1,-1,-1,-1,-1,-1,-1,-1,-1,-1,-1,-1,-1,-1,1794,1752,-1,-1,-1,-1,1443,1370,-1,1430,1426,-1,-1,-1,-1,1193,1223,1208,1204,1199,1182,-1,1013,1003,1006,1047,1003,1008,1019,982,0,0,1,1,0,0,0,1,0,0,0,0,0,0,0,0,0,0,1,0,0,0,0,0,0,0,0,1,1,0,1,0,0,1,1,1,1,0,1,0,1,1,1,1,1,1,0,0,1,1,1,1,1,1,1,0,1,1,1,1,1,1,1,1
2026-07-07T14:27:36.431,tof2,8x8,empty,-1,-1,-1,-1,-1,-1,-1,-1,-1,-1,-1,-1,-1,-1,-1,-1,-1,-1,-1,-1,-1,-1,-1,-1,-1,-1,-1,-1,-1,-1,-1,-1,-1,-1,-1,-1,-1,-1,-1,-1,-1,-1,-1,-1,1995,-1,-1,-1,-1,-1,-1,1909,-1,-1,-1,-1,-1,-1,1149,1140,1057,1058,1052,-1,0,0,0,0,0,0,0,0,1,0,0,0,0,0,0,0,0,0,0,0,0,0,0,0,0,0,0,0,0,0,0,0,0,0,0,0,0,0,0,0,0,0,0,0,1,1,1,0,0,1,0,1,0,0,1,0,0,1,1,1,1,1,1,1
2026-07-07T14:27:36.701,tof1,8x8,empty,-1,-1,3192,3201,-1,-1,-1,-1,-1,-1,-1,-1,-1,-1,-1,-1,-1,-1,-1,-1,-1,-1,-1,-1,-1,-1,-1,1918,-1,-1,-1,-1,-1,1724,1833,1791,1760,-1,-1,-1,-1,1443,1409,1444,1449,1460,-1,-1,1168,1192,1207,1208,1161,1185,1180,-1,1002,1009,1004,1004,1024,1019,992,980,0,0,1,1,0,1,1,0,0,0,0,0,0,0,0,0,0,0,0,0,0,0,0,0,0,0,0,1,0,0,0,0,0,1,1,1,1,0,0,0,1,1,1,1,1,1,1,0,1,1,1,1,1,1,1,0,1,1,1,1,1,1,1,1
2026-07-07T14:27:36.705,tof2,8x8,empty,-1,-1,-1,-1,-1,-1,-1,-1,-1,-1,-1,-1,-1,-1,-1,-1,-1,-1,-1,-1,-1,-1,-1,-1,-1,-1,-1,-1,-1,-1,-1,-1,-1,-1,-1,-1,-1,-1,-1,-1,-1,-1,-1,-1,2000,2000,-1,-1,-1,-1,-1,1941,-1,1969,-1,-1,-1,-1,1148,-1,1083,1121,1064,1045,0,0,0,0,0,0,0,0,0,0,0,0,0,0,0,0,0,0,0,0,0,0,0,0,0,0,0,0,1,0,0,0,0,0,0,0,0,0,0,0,0,0,0,0,1,1,1,0,0,0,0,1,0,1,0,0,0,0,1,0,1,1,1,1
2026-07-07T14:27:36.963,tof1,8x8,empty,-1,-1,3179,3207,-1,-1,-1,-1,-1,-1,-1,-1,-1,-1,-1,-1,-1,-1,2042,-1,-1,-1,-1,-1,-1,-1,-1,1856,-1,-1,-1,-1,-1,1714,1812,1809,1736,-1,-1,-1,1477,1390,-1,1439,1474,1442,-1,-1,1148,1199,1184,1175,1242,1188,1186,-1,999,1012,1019,1027,1025,995,1006,982,0,0,1,1,0,0,1,1,0,0,0,0,0,0,0,0,0,1,1,1,0,0,0,0,0,1,0,1,0,0,0,0,0,1,1,1,1,1,0,0,1,1,1,1,1,1,1,0,1,1,1,1,1,1,1,0,1,1,1,1,1,1,1,1
2026-07-07T14:27:36.962,tof2,8x8,empty,-1,-1,-1,-1,-1,-1,-1,-1,-1,-1,-1,-1,-1,-1,-1,-1,-1,-1,-1,-1,-1,-1,-1,-1,-1,-1,-1,-1,-1,-1,-1,-1,-1,-1,-1,-1,-1,-1,-1,-1,-1,-1,-1,-1,-1,1974,-1,-1,-1,-1,-1,-1,-1,1978,-1,-1,-1,-1,1114,-1,1107,1081,1017,1041,0,0,0,0,0,0,0,0,0,0,0,0,0,0,0,0,0,0,0,0,0,0,0,0,0,0,0,0,0,0,0,0,0,0,0,0,0,0,0,0,0,0,0,0,1,1,0,0,0,0,0,0,0,1,0,0,0,0,1,0,1,1,1,1
2026-07-07T14:27:37.227,tof1,8x8,empty,-1,-1,3192,3215,-1,-1,-1,-1,-1,-1,-1,-1,-1,-1,-1,-1,-1,-1,-1,-1,-1,-1,-1,-1,-1,2204,-1,-1,-1,-1,-1,-1,-1,1707,1779,1761,-1,-1,-1,-1,1415,1371,-1,1414,1465,1433,-1,-1,1178,1152,1211,1177,1230,1185,1139,1081,987,1016,1001,1029,1031,1024,1016,988,0,0,1,1,0,0,0,0,0,0,0,0,0,0,0,0,0,0,0,0,0,0,0,0,0,1,0,1,0,0,0,0,1,1,1,1,1,0,0,0,1,1,0,1,1,1,0,0,1,1,1,1,1,1,1,1,1,1,1,1,1,1,1,1
2026-07-07T14:27:37.247,tof2,8x8,empty,-1,-1,-1,-1,-1,-1,-1,-1,-1,-1,-1,-1,-1,-1,-1,-1,-1,-1,-1,-1,-1,-1,-1,-1,-1,-1,-1,-1,-1,-1,-1,-1,-1,-1,-1,-1,-1,-1,-1,-1,-1,-1,-1,-1,1979,-1,-1,-1,-1,-1,-1,1997,-1,1899,-1,-1,-1,-1,1200,1107,-1,1089,1073,980,0,0,0,0,0,0,0,0,0,0,0,0,0,0,0,0,0,0,0,0,0,0,0,0,0,0,0,0,0,0,0,0,0,0,0,0,0,0,0,0,0,0,0,0,1,0,0,0,0,0,0,1,0,1,0,0,0,0,1,1,1,1,1,1
2026-07-07T14:27:37.517,tof2,8x8,empty,-1,-1,-1,-1,-1,-1,-1,-1,-1,-1,-1,-1,-1,-1,-1,-1,-1,-1,-1,-1,-1,-1,-1,-1,-1,-1,-1,-1,-1,-1,-1,-1,-1,-1,-1,-1,-1,-1,-1,-1,-1,-1,-1,-1,1933,1950,-1,-1,-1,-1,-1,-1,-1,1976,-1,-1,-1,-1,-1,-1,1091,1099,1096,962,0,0,0,0,0,0,0,0,0,0,0,0,0,0,0,0,0,0,0,0,0,0,0,0,0,0,0,0,0,0,0,0,0,0,0,0,0,0,0,0,0,0,0,0,1,1,1,0,0,1,0,1,0,1,0,0,0,0,1,0,1,1,1,1
2026-07-07T14:27:37.533,tof1,8x8,empty,-1,-1,3179,3226,-1,-1,3246,-1,-1,-1,-1,-1,-1,-1,-1,-1,-1,-1,-1,-1,-1,-1,-1,-1,-1,-1,-1,-1,-1,-1,-1,-1,-1,1632,1758,1844,1766,-1,-1,-1,1405,1471,-1,1374,1413,-1,-1,-1,1160,1236,1167,1192,1170,1177,1164,-1,995,1022,1011,1012,1015,1001,1024,966,0,0,1,1,0,0,1,0,0,0,0,0,0,0,0,0,0,0,0,0,0,0,0,0,0,1,0,0,0,0,0,1,0,1,1,1,1,0,0,0,1,1,0,1,1,1,0,0,1,1,1,1,1,1,1,0,1,1,1,1,1,1,1,1
2026-07-07T14:27:37.793,tof1,8x8,empty,-1,-1,3164,3248,-1,-1,-1,-1,-1,-1,-1,-1,-1,-1,-1,-1,-1,-1,-1,2178,-1,-1,-1,-1,-1,-1,-1,-1,-1,-1,-1,-1,-1,1622,1782,1752,1608,-1,-1,-1,1443,1458,-1,1502,1392,1373,-1,-1,1159,-1,1190,1196,1200,1186,1163,-1,991,1003,1011,1008,987,1019,1004,990,1,0,1,1,0,0,0,0,0,0,0,0,0,0,1,0,0,0,0,1,0,0,0,0,0,0,0,1,0,0,0,0,0,1,1,1,1,0,0,0,1,1,1,1,1,1,1,0,1,1,1,1,1,1,1,1,1,1,1,1,1,1,1,1
2026-07-07T14:27:37.937,tof1,8x8,empty,-1,-1,3192,3228,-1,-1,-1,-1,-1,-1,-1,-1,-1,-1,-1,-1,-1,-1,-1,-1,-1,-1,-1,-1,-1,-1,-1,-1,-1,-1,-1,-1,-1,1701,1773,1725,1758,-1,-1,-1,1409,1394,1497,1429,1446,1408,-1,-1,1197,1186,1247,1174,1222,1202,1161,-1,1006,1007,1015,1024,1016,1000,1028,975,0,1,1,1,0,0,0,0,0,0,0,0,0,0,0,0,0,0,0,0,0,1,0,0,0,0,0,1,1,0,0,0,0,1,1,1,1,0,0,0,1,1,1,1,1,1,0,0,1,1,1,1,1,1,1,1,1,1,1,1,1,1,1,1
2026-07-07T14:27:38.188,tof1,8x8,empty,-1,-1,3177,3208,-1,-1,-1,-1,-1,-1,-1,-1,-1,-1,-1,-1,-1,-1,-1,-1,-1,-1,-1,-1,-1,-1,-1,-1,-1,-1,-1,-1,-1,1720,1750,1809,1736,-1,-1,-1,1431,1366,1433,1468,1446,1443,-1,-1,1181,1174,1203,1169,1215,1215,1170,1098,991,1003,1008,1018,1007,1005,1023,981,0,0,1,1,0,0,0,0,0,0,0,0,0,0,0,0,0,0,0,0,0,0,0,1,0,1,0,0,1,0,0,0,0,1,1,1,1,0,0,0,1,1,1,1,1,1,0,0,1,1,1,1,1,1,1,1,1,1,1,1,1,1,1,1
2026-07-07T14:27:38.440,tof1,8x8,empty,-1,-1,3183,3223,-1,-1,-1,-1,-1,-1,-1,-1,-1,-1,-1,-1,-1,-1,-1,-1,-1,-1,-1,-1,-1,-1,-1,1915,-1,-1,-1,-1,-1,1751,1798,1768,1768,-1,-1,-1,1422,-1,-1,1439,1449,1456,-1,-1,1157,1196,1207,1207,1226,1188,1170,-1,1000,1002,1013,1017,1002,1011,1022,996,0,0,1,1,0,0,0,0,0,0,0,0,0,0,0,0,0,0,0,0,0,0,0,0,0,0,0,1,0,0,0,0,0,1,1,1,1,0,0,0,1,1,0,1,1,1,1,0,1,1,1,1,1,1,1,1,1,1,1,1,1,1,1,1
2026-07-07T14:27:38.729,tof1,8x8,empty,-1,-1,3209,3207,-1,-1,-1,-1,-1,-1,-1,-1,-1,-1,-1,-1,-1,-1,-1,-1,-1,-1,-1,-1,-1,-1,-1,2001,-1,-1,-1,-1,-1,1693,1777,1769,1746,-1,-1,-1,1414,1402,-1,-1,1448,1369,-1,-1,1182,1164,1169,1197,1190,1214,1155,-1,991,1006,1017,1019,1030,1015,1012,975,0,0,1,1,0,0,0,0,0,0,0,0,0,0,0,0,0,0,0,0,0,0,0,0,0,0,1,1,0,0,0,0,0,1,1,1,1,0,0,0,1,1,0,1,1,1,0,0,1,1,1,1,1,1,1,0,1,1,1,1,1,1,1,1
2026-07-07T14:27:38.918,tof2,8x8,empty,-1,-1,-1,-1,-1,-1,-1,-1,-1,-1,-1,-1,-1,-1,-1,-1,-1,-1,-1,-1,-1,-1,-1,-1,-1,-1,-1,-1,-1,-1,-1,-1,-1,-1,-1,-1,-1,-1,-1,-1,-1,-1,-1,-1,1966,2003,-1,-1,-1,-1,-1,1943,-1,-1,-1,-1,-1,-1,1156,1182,1088,-1,-1,1035,0,0,0,0,0,0,0,0,0,1,0,0,0,0,0,0,0,0,0,0,0,0,0,0,0,0,0,0,0,0,0,0,0,0,0,0,0,0,0,0,0,0,0,0,1,1,1,0,0,0,0,1,1,0,0,0,0,0,1,1,1,1,1,1
2026-07-07T14:27:39.015,tof1,8x8,empty,-1,-1,3190,3232,-1,-1,-1,-1,-1,-1,-1,-1,-1,-1,-1,-1,-1,-1,-1,-1,-1,-1,-1,-1,-1,-1,-1,-1,-1,-1,-1,-1,-1,1655,1779,1785,-1,-1,-1,-1,1427,1391,1343,1395,1406,1405,-1,-1,1165,1195,1209,1189,1189,1207,1195,-1,1014,1000,1005,1025,1028,1010,996,970,0,0,1,1,0,0,0,0,0,0,0,0,0,0,0,0,0,0,0,0,0,0,0,0,0,0,0,1,0,0,1,0,0,1,1,1,1,0,0,0,1,1,1,1,1,1,0,0,1,1,1,1,1,1,1,1,1,1,1,1,1,1,1,1
2026-07-07T14:27:39.059,tof2,8x8,empty,-1,-1,-1,-1,-1,-1,-1,-1,-1,-1,-1,-1,-1,-1,-1,-1,-1,-1,-1,-1,-1,-1,-1,-1,-1,-1,-1,-1,-1,-1,-1,-1,-1,-1,-1,-1,-1,-1,-1,-1,-1,-1,-1,-1,2028,1982,-1,-1,-1,-1,-1,1946,-1,-1,-1,-1,-1,-1,1111,1131,1150,1050,1097,1001,0,0,0,0,0,0,0,0,0,0,0,0,0,0,0,0,0,0,0,0,0,0,0,0,0,0,0,0,0,0,0,0,0,0,0,0,0,0,0,0,0,0,0,0,1,1,0,0,0,0,0,1,1,0,0,0,0,0,1,1,1,1,1,1
2026-07-07T14:27:39.126,tof1,8x8,empty,-1,-1,3190,3264,-1,-1,-1,3264,-1,-1,-1,-1,-1,-1,-1,-1,-1,-1,-1,-1,-1,-1,-1,-1,-1,-1,-1,-1,-1,-1,-1,-1,-1,1665,1785,1835,-1,-1,-1,-1,1417,1433,-1,1481,1430,1430,-1,-1,1167,1192,1204,1190,1194,1196,-1,-1,989,1004,1015,1024,1000,997,1014,981,0,1,1,1,0,0,0,1,0,0,0,0,0,0,0,0,0,0,0,0,0,0,0,0,0,0,0,0,0,0,0,0,0,1,1,1,1,0,0,0,1,1,1,1,1,1,0,0,1,1,1,1,1,1,1,0,1,1,1,1,1,1,1,1
2026-07-07T14:27:39.240,tof1,8x8,empty,-1,-1,3194,3207,-1,-1,-1,-1,-1,-1,-1,-1,-1,-1,-1,-1,-1,-1,-1,-1,-1,-1,-1,-1,-1,-1,-1,-1,-1,-1,-1,-1,-1,1652,1777,1810,1656,-1,-1,-1,1402,-1,-1,1448,1412,1441,-1,-1,1190,1164,1205,1216,1166,1170,1174,-1,997,1004,1021,1019,1030,1019,1008,988,0,0,1,1,0,0,0,0,0,0,0,0,0,0,0,0,0,0,0,0,0,0,0,1,0,0,0,1,0,0,0,0,0,1,1,1,1,0,0,0,1,0,0,1,1,1,0,0,1,1,1,1,1,1,1,1,1,1,1,1,1,1,1,1
2026-07-07T14:27:39.293,tof2,8x8,empty,-1,-1,-1,-1,-1,-1,-1,-1,-1,-1,-1,-1,-1,-1,-1,-1,-1,-1,-1,-1,-1,-1,-1,-1,-1,-1,-1,-1,-1,-1,-1,-1,-1,-1,-1,-1,-1,-1,-1,-1,-1,-1,-1,-1,1953,1981,-1,-1,-1,-1,-1,1933,1937,1946,1905,-1,-1,1129,1142,1146,1148,1088,1023,-1,0,0,0,0,0,0,0,0,0,0,0,0,0,0,0,0,0,0,0,0,0,0,0,0,0,0,0,0,0,0,0,0,0,0,0,0,0,0,0,0,0,0,0,0,1,1,0,0,0,1,0,1,1,1,1,0,0,1,1,1,1,1,1,1
2026-07-07T14:27:39.323,tof1,8x8,empty,-1,-1,3183,3216,-1,-1,-1,-1,-1,-1,-1,-1,-1,-1,-1,-1,-1,-1,-1,-1,-1,-1,-1,-1,-1,-1,-1,-1,-1,-1,-1,-1,-1,1766,1771,1811,1698,-1,-1,-1,1422,-1,-1,1470,1436,1449,-1,-1,1184,1183,1187,1207,1183,1200,1181,-1,993,1004,1021,1022,1019,1027,1013,975,0,0,1,1,0,1,1,0,0,0,0,0,0,0,0,0,0,0,0,0,0,0,0,0,0,1,0,0,0,0,0,0,1,1,1,1,1,0,0,0,1,1,1,1,1,1,0,0,1,1,1,1,1,1,1,0,1,1,1,1,1,1,1,1
2026-07-07T14:27:39.396,tof2,8x8,empty,-1,-1,-1,-1,-1,-1,-1,-1,-1,-1,-1,-1,-1,-1,-1,-1,-1,-1,-1,-1,-1,-1,-1,-1,-1,-1,-1,-1,-1,-1,-1,-1,-1,-1,-1,-1,-1,-1,-1,-1,-1,-1,-1,-1,1968,1967,-1,-1,-1,-1,-1,1962,-1,1980,-1,-1,-1,1125,1170,1165,1208,1088,1021,1010,0,0,0,0,0,0,0,0,0,0,0,0,0,0,0,0,0,0,0,0,0,0,0,0,0,0,0,0,0,0,0,0,0,0,0,0,0,0,0,0,0,0,0,0,1,1,0,0,0,1,0,1,1,1,0,0,0,1,1,1,1,1,1,1
2026-07-07T14:27:39.425,tof1,8x8,empty,-1,-1,3200,3213,-1,-1,-1,-1,-1,-1,-1,-1,-1,-1,-1,-1,-1,-1,-1,-1,-1,-1,-1,-1,-1,-1,-1,-1,-1,-1,3609,-1,-1,1726,1774,1785,1817,-1,-1,-1,1391,-1,-1,-1,1410,1410,-1,-1,1174,1216,1208,1214,1172,1205,1179,-1,1002,994,1007,1016,1011,999,1016,981,0,0,1,1,0,0,0,0,0,0,0,0,0,0,0,0,0,0,0,0,0,1,0,0,0,1,0,1,0,0,1,0,0,1,1,1,1,0,0,0,1,0,0,1,1,1,0,0,1,1,1,1,1,1,1,0,1,1,1,1,1,1,1,1
2026-07-07T14:27:39.528,tof2,8x8,empty,-1,-1,-1,-1,-1,-1,-1,-1,-1,-1,-1,-1,-1,-1,-1,-1,-1,-1,-1,-1,-1,-1,-1,-1,-1,-1,-1,-1,-1,-1,-1,-1,-1,-1,-1,-1,-1,-1,-1,-1,-1,-1,-1,-1,-1,1988,-1,-1,-1,-1,-1,1970,-1,-1,-1,-1,-1,1047,1139,1137,1120,1072,1067,1005,0,0,0,0,0,0,0,0,0,0,0,0,0,0,0,0,0,0,1,0,0,0,0,0,0,0,0,0,0,0,0,1,0,0,0,0,0,0,0,0,0,0,0,0,1,1,0,0,0,0,0,1,1,0,0,0,1,1,1,1,1,1,1,1
2026-07-07T14:27:39.556,tof1,8x8,empty,-1,-1,3183,3207,-1,-1,-1,-1,-1,-1,-1,-1,-1,-1,-1,-1,-1,-1,-1,-1,-1,-1,-1,-1,-1,-1,-1,1856,-1,-1,-1,-1,-1,1744,1825,1780,1714,-1,-1,-1,1437,1456,1440,1429,1435,1405,-1,-1,1158,1228,1204,1209,1168,1193,1162,-1,985,1007,1007,1020,1025,1014,1007,995,0,0,1,1,0,0,0,1,0,1,0,0,0,0,0,0,0,0,0,0,0,1,0,0,0,0,1,1,1,0,0,0,0,1,1,1,1,0,0,0,1,1,1,1,1,1,0,0,1,1,1,1,1,1,1,0,1,1,1,1,1,1,1,1
2026-07-07T14:27:39.629,tof2,8x8,empty,-1,-1,-1,-1,-1,-1,-1,-1,-1,-1,-1,-1,-1,-1,-1,-1,-1,-1,-1,-1,-1,-1,-1,-1,-1,-1,-1,-1,-1,-1,-1,-1,-1,-1,-1,-1,-1,-1,-1,-1,-1,-1,-1,-1,2011,1982,-1,-1,-1,-1,-1,1991,-1,-1,1946,-1,-1,-1,1167,1206,1068,1145,1042,1019,0,0,0,0,0,0,0,0,0,0,0,0,0,0,0,0,0,0,0,0,0,0,0,0,0,0,0,0,0,0,0,0,0,0,0,0,0,0,0,1,0,0,0,0,1,1,0,0,0,0,0,1,0,0,1,0,0,0,1,1,1,1,1,1
2026-07-07T14:27:39.663,tof1,8x8,empty,-1,-1,3199,3255,-1,-1,-1,3319,-1,-1,-1,-1,-1,-1,-1,-1,-1,-1,-1,-1,-1,-1,-1,-1,-1,-1,-1,-1,-1,-1,-1,-1,-1,1710,1776,1766,1776,-1,-1,-1,1377,1410,1390,1453,1420,1421,-1,-1,1187,1168,1174,1181,1207,1206,1174,1110,996,1010,1012,1025,1004,1009,1019,990,0,0,1,1,0,0,0,1,0,0,0,0,0,0,0,0,0,0,0,0,0,0,0,0,0,0,0,0,0,0,0,0,0,1,1,1,1,0,0,0,1,1,1,1,1,1,0,0,1,1,1,1,1,1,1,1,1,1,1,1,1,1,1,1
2026-07-07T14:27:39.741,tof2,8x8,empty,-1,-1,-1,-1,-1,-1,-1,-1,-1,-1,-1,-1,-1,-1,-1,-1,-1,-1,-1,-1,-1,-1,-1,-1,-1,-1,-1,-1,-1,-1,-1,-1,-1,-1,-1,-1,-1,-1,-1,-1,-1,-1,-1,-1,1982,1944,-1,-1,-1,-1,-1,1910,-1,-1,-1,-1,-1,-1,1097,1121,1102,1113,1044,1033,0,0,0,0,0,0,0,0,0,0,0,0,0,0,0,0,0,0,0,0,0,0,0,0,0,0,0,0,0,0,0,0,0,0,0,0,0,0,0,0,0,0,0,0,1,1,0,0,0,0,0,1,0,0,0,0,0,0,1,1,1,1,1,1
2026-07-07T14:27:39.824,tof1,8x8,empty,-1,-1,3169,3196,-1,-1,-1,-1,-1,-1,-1,-1,-1,-1,-1,-1,-1,-1,-1,-1,-1,-1,-1,-1,-1,-1,-1,-1,-1,-1,-1,-1,-1,1687,1761,1803,1743,-1,-1,-1,1435,-1,-1,1433,1410,1413,-1,-1,1186,1209,1157,1188,1176,1173,1168,-1,991,1014,1016,1015,1012,1021,1008,979,0,0,1,1,0,0,0,0,0,0,0,0,0,0,0,0,0,0,0,0,0,0,0,0,0,0,0,1,0,0,0,0,0,1,1,1,1,0,0,0,1,0,1,1,1,1,0,0,1,1,1,1,1,1,1,1,1,1,1,1,1,1,1,1
2026-07-07T14:27:40.050,tof2,8x8,empty,-1,-1,-1,-1,-1,-1,-1,-1,-1,-1,-1,-1,-1,-1,-1,-1,-1,-1,-1,-1,-1,-1,-1,-1,-1,-1,-1,-1,-1,-1,-1,-1,-1,-1,-1,-1,-1,-1,-1,-1,-1,-1,-1,-1,-1,1969,-1,-1,-1,-1,-1,1921,-1,-1,-1,-1,-1,-1,1133,1085,1043,1051,-1,972,0,0,0,0,0,0,0,0,0,0,0,0,0,0,0,0,0,0,0,0,0,0,0,0,0,0,0,0,0,0,0,0,0,0,0,0,0,0,0,0,0,0,0,0,0,1,0,0,0,0,0,1,0,1,0,0,0,0,1,1,1,1,0,1
2026-07-07T14:27:40.119,tof1,8x8,empty,-1,-1,3193,3210,-1,-1,-1,3301,-1,-1,-1,-1,-1,-1,-1,-1,-1,-1,-1,-1,-1,-1,-1,3446,-1,-1,-1,-1,-1,-1,-1,-1,-1,1704,1789,1800,1757,-1,-1,-1,1419,1354,1455,1419,1460,1414,-1,-1,1164,1227,1234,1184,1218,1189,1169,-1,997,1003,1013,1010,1013,1002,1018,1015,0,0,1,1,0,0,0,1,0,0,0,0,0,0,0,0,0,0,0,0,1,0,0,1,0,0,0,0,0,0,0,0,0,1,1,1,1,1,0,0,1,1,1,1,1,1,0,0,1,1,1,1,1,1,1,0,1,1,1,1,1,1,1,1
2026-07-07T14:27:40.191,tof2,8x8,empty,-1,-1,-1,-1,-1,-1,-1,-1,-1,-1,-1,-1,-1,-1,-1,-1,-1,-1,-1,-1,-1,-1,-1,-1,-1,-1,-1,-1,-1,-1,-1,-1,-1,-1,-1,-1,-1,-1,-1,-1,-1,-1,-1,-1,-1,1998,-1,-1,-1,-1,-1,1911,1895,1918,1914,-1,-1,1097,-1,1137,1133,1051,1020,981,0,0,0,0,0,0,0,0,0,0,0,0,0,0,0,0,0,0,0,0,0,0,0,0,0,0,0,0,0,0,0,0,0,0,0,0,0,0,0,0,0,0,0,0,0,1,0,0,0,0,0,1,1,1,1,0,0,1,1,1,1,1,1,1
2026-07-07T14:27:40.217,tof1,8x8,empty,-1,-1,3177,3246,-1,-1,-1,-1,-1,-1,-1,-1,-1,-1,-1,-1,-1,-1,-1,-1,-1,-1,-1,-1,-1,-1,-1,-1,-1,-1,-1,-1,-1,1704,1749,1821,1794,-1,-1,-1,1422,1345,1418,-1,1408,1398,-1,-1,1158,1187,1164,1180,1200,1195,1179,-1,971,1004,994,1020,1010,1019,1010,1002,0,0,1,1,0,0,0,0,0,0,0,0,0,0,0,0,0,0,0,0,0,0,0,0,0,0,0,1,0,0,1,0,0,1,1,1,1,0,0,0,1,1,1,1,1,1,1,0,1,1,1,1,1,1,1,0,1,1,1,1,1,1,1,1
2026-07-07T14:27:40.322,tof1,8x8,empty,-1,-1,3210,3248,-1,-1,-1,-1,-1,-1,-1,-1,-1,-1,-1,-1,-1,-1,-1,-1,-1,-1,-1,-1,-1,-1,-1,2045,-1,-1,3568,-1,-1,1702,1760,1740,1769,-1,-1,-1,1388,1419,1479,1464,1375,1420,-1,-1,1180,1214,1205,1213,1163,1210,1166,-1,994,981,1003,1014,1018,1012,1008,990,0,0,1,1,0,0,0,0,0,0,0,0,0,0,0,0,0,0,0,0,0,0,1,0,0,1,1,1,0,0,1,0,0,1,1,1,1,0,0,0,1,1,1,1,1,1,0,0,1,1,1,1,1,1,1,0,1,1,1,1,1,1,1,1
2026-07-07T14:27:40.397,tof2,8x8,empty,-1,-1,-1,-1,-1,-1,-1,-1,-1,-1,-1,-1,-1,-1,-1,-1,-1,-1,-1,-1,-1,-1,-1,-1,-1,-1,-1,-1,-1,-1,-1,-1,-1,-1,-1,-1,-1,-1,-1,-1,-1,-1,-1,-1,-1,1969,-1,-1,-1,-1,-1,1933,-1,-1,-1,-1,-1,1059,1177,1099,1104,1077,1096,1000,0,0,0,0,0,0,0,0,0,0,0,0,0,0,0,0,0,0,0,0,0,0,0,0,0,0,0,0,0,0,0,0,0,0,0,0,0,0,0,0,0,0,0,0,1,1,0,0,0,0,1,1,0,0,0,0,0,1,1,1,1,1,1,1
2026-07-07T14:27:40.446,tof1,8x8,empty,-1,-1,3170,3226,-1,-1,-1,-1,-1,-1,-1,-1,-1,-1,-1,-1,-1,-1,-1,-1,-1,-1,-1,-1,-1,-1,-1,-1,-1,-1,-1,-1,-1,1699,1814,1737,1691,-1,-1,-1,1406,1423,1466,1458,1452,1400,-1,-1,1169,1223,1149,1182,1226,1195,1184,-1,983,990,1004,1022,1029,1010,1001,983,0,0,1,1,0,0,0,0,0,0,0,0,0,0,0,0,0,0,0,0,0,0,0,0,0,0,0,0,1,0,0,0,0,1,1,1,1,0,0,0,1,1,1,1,1,1,0,0,1,1,1,1,1,1,1,0,1,1,1,1,1,1,1,1
2026-07-07T14:27:40.504,tof2,8x8,empty,-1,-1,-1,-1,-1,-1,-1,-1,-1,-1,-1,-1,-1,-1,-1,-1,-1,-1,-1,-1,-1,-1,-1,-1,-1,-1,-1,-1,-1,-1,-1,-1,-1,-1,-1,-1,-1,-1,-1,-1,-1,-1,-1,-1,1948,1977,-1,-1,-1,-1,-1,-1,-1,-1,-1,-1,-1,-1,1136,-1,1147,1063,-1,-1,0,0,0,0,0,0,0,0,0,0,0,0,0,0,0,0,0,0,0,0,0,0,0,0,0,0,0,0,0,0,0,0,0,0,0,0,0,0,0,0,0,0,0,0,1,1,0,0,0,0,0,1,1,0,0,0,0,1,1,0,1,1,1,1
2026-07-07T14:27:40.578,tof1,8x8,empty,-1,-1,3191,3211,-1,-1,-1,-1,-1,-1,-1,-1,-1,-1,-1,-1,-1,-1,-1,-1,-1,-1,-1,-1,-1,-1,-1,-1,-1,-1,-1,-1,-1,1677,1779,1798,1618,-1,-1,-1,1392,1415,1379,1465,1411,-1,-1,-1,1142,1210,1200,1197,1226,1198,1196,-1,1002,1004,1002,1022,1025,997,1022,995,1,0,1,1,0,0,0,0,0,0,0,0,0,0,0,0,0,0,0,0,0,0,0,0,0,0,1,0,0,0,0,0,0,1,1,1,1,0,0,0,1,1,1,1,1,1,0,0,1,1,1,1,1,1,1,1,1,1,1,1,1,1,1,1
2026-07-07T14:27:40.682,tof2,8x8,empty,-1,-1,-1,-1,-1,-1,-1,-1,-1,-1,-1,-1,-1,-1,-1,-1,-1,-1,-1,-1,-1,-1,-1,-1,-1,-1,-1,-1,-1,-1,-1,-1,-1,-1,-1,-1,-1,-1,-1,-1,-1,-1,-1,-1,1971,-1,-1,-1,-1,-1,-1,1933,-1,-1,1899,-1,-1,1065,1141,1146,1048,1106,1120,1029,0,0,0,0,0,0,0,0,0,0,0,0,0,0,0,0,0,0,0,0,0,0,0,0,0,0,0,0,0,0,0,0,0,0,0,0,0,0,0,0,0,0,0,0,1,1,0,0,0,0,0,1,0,0,1,0,0,1,1,1,1,1,1,1
2026-07-07T14:27:40.826,tof1,8x8,empty,-1,-1,3177,-1,-1,-1,-1,-1,-1,-1,-1,-1,-1,-1,-1,-1,-1,-1,-1,-1,-1,-1,-1,-1,-1,-1,-1,-1,-1,-1,-1,-1,-1,1688,1762,1817,1734,-1,-1,-1,-1,-1,-1,1418,1441,1423,-1,-1,1148,1203,1217,1184,1180,1181,1154,-1,1001,1007,1005,1013,1003,1011,1017,984,0,0,1,0,0,0,0,0,0,0,0,0,0,0,0,0,0,0,0,0,0,0,0,0,0,0,1,0,1,0,1,1,0,1,1,1,1,0,0,0,1,1,0,1,1,1,1,0,1,1,1,1,1,1,1,0,1,1,1,1,1,1,1,1
2026-07-07T14:27:40.964,tof2,8x8,empty,-1,-1,-1,-1,-1,-1,-1,-1,-1,-1,-1,-1,-1,-1,-1,-1,-1,-1,-1,-1,-1,-1,-1,-1,-1,-1,-1,-1,-1,-1,-1,-1,-1,-1,-1,-1,-1,-1,-1,-1,-1,-1,-1,-1,-1,2037,-1,-1,-1,-1,-1,-1,-1,-1,1873,-1,-1,-1,1108,1110,-1,1034,1077,948,0,0,0,0,0,0,0,0,0,0,0,0,0,0,0,0,0,0,0,0,0,0,0,0,0,0,0,0,0,0,0,0,0,0,0,0,0,0,0,0,0,0,0,0,0,1,0,0,0,0,0,0,0,0,1,0,0,0,1,1,1,1,1,1
2026-07-07T14:27:41.060,tof1,8x8,empty,-1,-1,3183,3222,-1,-1,-1,-1,-1,-1,-1,-1,-1,-1,-1,-1,-1,-1,-1,-1,-1,-1,-1,-1,-1,-1,-1,-1,-1,-1,-1,-1,-1,1581,1817,1791,1746,-1,-1,-1,1372,1464,1425,1418,1408,1397,-1,-1,1213,1215,1221,1185,1218,1211,1180,-1,999,1002,1004,1007,1026,1011,1010,978,1,0,1,1,0,0,0,0,0,0,0,0,0,0,0,0,0,0,0,0,0,0,1,0,0,0,1,0,0,0,0,0,0,1,1,1,1,1,0,0,1,1,1,1,1,1,0,0,1,1,1,1,1,1,1,0,1,1,1,1,1,1,1,1
2026-07-07T14:27:41.153,tof2,8x8,empty,-1,-1,-1,-1,-1,-1,-1,-1,-1,-1,-1,-1,-1,-1,-1,-1,-1,-1,-1,-1,-1,-1,-1,-1,-1,-1,-1,-1,-1,-1,-1,-1,-1,-1,-1,-1,-1,-1,-1,-1,-1,-1,-1,-1,-1,1925,-1,-1,-1,-1,-1,2036,-1,-1,1930,-1,-1,-1,1141,1170,1054,1085,1142,1011,0,0,0,0,0,0,0,0,0,0,0,0,0,0,0,0,0,0,0,0,0,0,0,0,0,0,0,0,0,0,0,0,0,0,0,0,0,0,0,0,0,0,0,0,1,1,0,0,1,0,0,1,1,1,1,0,0,1,1,1,1,1,1,1
2026-07-07T14:27:41.217,tof1,8x8,empty,-1,-1,3173,3193,-1,-1,-1,-1,-1,-1,-1,-1,-1,-1,-1,-1,-1,-1,-1,-1,-1,-1,-1,-1,-1,-1,-1,-1,-1,-1,-1,-1,-1,1666,1832,1789,1744,-1,-1,-1,1375,-1,-1,1441,1444,1395,1267,-1,1145,1166,1214,1179,1194,1207,1181,-1,987,1030,1006,1011,1014,1032,992,976,0,0,1,1,0,0,0,0,0,0,0,0,0,0,0,0,0,0,0,0,0,0,0,0,0,0,0,0,0,0,0,1,0,1,1,1,1,0,0,0,1,1,1,1,1,1,1,0,1,1,1,1,1,1,1,1,1,1,1,1,1,1,1,1
2026-07-07T14:27:41.410,tof1,8x8,empty,-1,-1,3178,3200,-1,-1,-1,-1,-1,-1,-1,-1,-1,-1,-1,-1,-1,-1,-1,-1,-1,-1,-1,-1,-1,-1,-1,-1,-1,-1,-1,-1,-1,1798,1731,1809,1656,-1,-1,-1,1469,1435,-1,1435,1442,1436,-1,-1,1204,1205,1173,1215,1232,1188,1178,-1,1003,1013,1005,1025,1012,1006,1025,994,0,0,1,1,0,0,0,0,0,0,0,0,0,0,0,0,0,0,0,0,0,0,0,1,0,0,1,1,0,0,1,0,0,1,1,1,1,0,0,0,1,1,0,1,1,1,0,0,1,1,1,1,1,1,1,0,1,1,1,1,1,1,1,1
2026-07-07T14:27:41.415,tof2,8x8,empty,-1,-1,-1,-1,-1,-1,-1,-1,-1,-1,-1,-1,-1,-1,-1,-1,-1,-1,-1,-1,-1,-1,-1,-1,-1,-1,-1,-1,-1,-1,-1,-1,-1,-1,-1,-1,-1,-1,-1,-1,-1,-1,-1,-1,1949,-1,-1,-1,-1,-1,-1,-1,-1,1921,1952,-1,-1,-1,1164,1103,1151,1077,1058,985,0,0,0,0,0,0,0,0,0,0,0,0,0,0,0,0,0,0,0,0,0,0,0,0,0,0,0,0,0,0,0,0,0,0,0,0,0,0,0,0,0,0,0,0,1,1,1,1,0,0,0,1,1,1,1,0,0,0,1,1,1,1,1,1
2026-07-07T14:27:41.511,tof1,8x8,empty,-1,-1,3167,3225,-1,-1,-1,-1,-1,-1,-1,-1,-1,-1,-1,-1,-1,-1,-1,-1,-1,-1,-1,-1,-1,-1,-1,1832,-1,-1,-1,-1,-1,1659,1733,-1,1697,-1,-1,-1,1417,-1,-1,1442,1435,1415,-1,-1,1141,1202,1183,1200,1212,1198,1177,-1,1000,1011,1000,1014,1032,1004,1008,988,1,0,1,1,0,0,0,0,0,0,0,0,0,0,0,0,0,0,0,0,0,0,0,0,0,1,0,1,0,0,0,0,0,1,1,1,1,0,0,0,1,0,0,1,1,1,0,0,1,1,1,1,1,1,1,0,1,1,1,1,1,1,1,1
2026-07-07T14:27:41.536,tof2,8x8,empty,-1,-1,-1,-1,-1,-1,-1,-1,-1,-1,-1,-1,-1,-1,-1,-1,-1,-1,-1,-1,-1,-1,-1,-1,-1,-1,-1,-1,-1,-1,-1,-1,-1,-1,-1,-1,-1,-1,-1,-1,-1,-1,-1,-1,-1,2007,-1,-1,-1,-1,-1,-1,-1,-1,2001,-1,-1,1020,1127,1178,1093,1125,-1,1022,0,0,0,0,0,0,0,0,0,0,0,0,0,0,0,0,0,0,0,0,0,0,0,0,0,0,0,0,0,0,0,0,0,0,0,0,0,0,0,0,0,0,0,0,0,1,1,1,0,0,0,0,0,0,1,0,0,1,1,1,1,1,1,1
2026-07-07T14:27:41.623,tof1,8x8,empty,-1,-1,3204,3236,-1,-1,-1,3274,-1,-1,-1,-1,-1,-1,-1,-1,-1,-1,-1,-1,-1,-1,-1,-1,-1,-1,-1,1965,-1,-1,-1,-1,-1,1711,1757,1796,1686,-1,-1,-1,1370,1408,1441,1414,1450,1410,-1,-1,1164,1205,1190,1189,1165,1217,1131,-1,1005,993,1013,1021,1000,1028,1018,980,0,0,1,1,0,0,0,1,0,1,0,0,0,0,0,0,0,0,0,0,0,0,1,0,0,0,0,1,1,0,0,1,0,1,1,1,1,0,0,0,1,1,1,1,1,1,0,0,1,1,1,1,1,1,1,0,1,1,1,1,1,1,1,1
2026-07-07T14:27:41.665,tof2,8x8,empty,-1,-1,-1,-1,-1,-1,-1,-1,-1,-1,-1,-1,-1,-1,-1,-1,-1,-1,-1,-1,-1,-1,-1,-1,-1,-1,-1,-1,-1,-1,-1,-1,-1,-1,-1,-1,-1,-1,-1,-1,-1,-1,-1,-1,1946,1978,-1,-1,-1,-1,-1,1917,-1,-1,-1,-1,-1,-1,1142,1139,1148,-1,1091,1031,0,0,0,0,0,0,0,0,0,0,0,0,0,0,0,0,0,0,0,0,0,0,0,0,0,0,0,0,0,0,0,0,0,0,0,0,0,0,0,0,0,0,0,0,1,1,0,0,0,0,0,1,0,0,0,0,0,1,1,1,1,0,1,1
2026-07-07T14:27:41.733,tof1,8x8,empty,-1,-1,3197,3247,-1,-1,-1,-1,-1,-1,-1,-1,-1,-1,-1,-1,-1,-1,-1,-1,-1,-1,-1,-1,-1,-1,-1,1889,2249,-1,-1,-1,-1,1668,1781,1776,-1,-1,-1,-1,1385,1417,-1,1436,1460,1398,-1,-1,1172,1203,1167,1207,1169,1186,1203,-1,1012,1011,1005,1024,1015,1040,1018,974,0,0,1,1,0,0,1,0,0,0,0,0,0,0,0,0,0,0,0,0,0,0,0,0,0,0,0,1,1,0,0,0,0,1,1,1,1,1,0,0,1,1,0,1,1,1,0,0,1,1,1,1,1,1,1,0,1,1,1,1,1,1,1,1
2026-07-07T14:27:41.805,tof2,8x8,empty,-1,-1,-1,-1,-1,-1,-1,-1,-1,-1,-1,-1,-1,-1,-1,-1,-1,-1,-1,-1,-1,-1,-1,-1,-1,-1,-1,-1,-1,-1,-1,-1,-1,-1,-1,-1,-1,-1,-1,-1,-1,-1,-1,-1,1974,1990,-1,-1,-1,-1,-1,1941,-1,-1,-1,-1,-1,1112,1152,1156,1119,-1,1050,1019,0,0,0,0,0,0,0,0,0,0,0,0,0,0,0,0,0,0,0,0,0,0,0,0,0,0,0,0,0,0,0,0,0,0,0,0,0,0,0,0,0,0,0,0,1,1,0,0,0,0,0,1,0,0,1,0,0,1,1,1,1,1,1,1
2026-07-07T14:27:41.868,tof1,8x8,empty,-1,-1,3174,3234,-1,-1,-1,-1,-1,-1,-1,-1,-1,-1,-1,-1,-1,-1,-1,-1,-1,-1,-1,-1,-1,-1,-1,-1,-1,-1,3601,-1,-1,1718,1717,1823,1730,-1,-1,-1,-1,1446,1508,1413,1447,1377,-1,-1,1144,1188,1222,1197,1189,1185,1168,-1,996,995,1009,1007,1016,1013,1017,985,0,0,1,1,0,0,0,0,0,0,0,0,0,0,0,0,0,0,0,0,0,1,1,0,0,0,0,1,0,0,1,1,0,1,1,1,1,1,0,0,1,1,1,1,1,1,0,0,1,1,1,1,1,1,1,1,1,1,1,1,1,1,1,1
2026-07-07T14:27:42.058,tof1,8x8,empty,-1,-1,3160,3212,-1,-1,-1,3243,-1,-1,-1,-1,-1,-1,-1,-1,-1,-1,-1,-1,-1,-1,-1,-1,-1,-1,-1,1929,-1,-1,-1,-1,-1,1686,1749,1875,1795,-1,-1,-1,-1,-1,1339,1357,-1,1395,-1,-1,1182,1190,1208,1184,1218,1213,1122,1083,983,998,1017,1015,1011,1017,990,992,0,0,1,1,0,0,0,1,0,0,0,0,0,0,0,0,0,0,0,0,0,1,1,1,1,1,0,1,1,0,0,0,0,1,1,1,1,0,0,0,0,0,1,1,1,1,0,0,1,1,1,1,1,1,1,1,1,1,1,1,1,1,1,1
2026-07-07T14:27:42.100,tof2,8x8,empty,-1,-1,-1,-1,-1,-1,-1,-1,-1,-1,-1,-1,-1,-1,-1,-1,-1,-1,-1,-1,-1,-1,-1,-1,-1,-1,-1,-1,-1,-1,-1,-1,-1,-1,-1,-1,-1,-1,-1,-1,-1,-1,-1,-1,-1,1978,-1,-1,-1,-1,-1,1953,-1,-1,-1,-1,-1,1073,1159,1067,1122,1049,1070,980,0,0,0,0,0,0,0,0,0,0,0,0,0,0,0,0,0,0,0,0,0,0,0,0,0,0,0,0,0,0,0,0,0,0,0,0,0,0,0,0,0,0,0,0,1,1,0,0,0,0,0,1,1,1,0,0,0,1,1,1,1,1,1,1
2026-07-07T14:27:42.271,tof1,8x8,empty,-1,-1,3191,3231,-1,-1,-1,-1,-1,-1,-1,-1,-1,-1,-1,-1,-1,-1,-1,-1,-1,-1,-1,-1,-1,-1,-1,-1,-1,-1,-1,-1,-1,1670,1776,1789,1769,-1,-1,-1,1381,-1,-1,1443,1446,1410,-1,-1,1141,1165,1227,1188,1215,1191,1165,1098,1013,998,1004,1014,1021,1013,1028,989,0,0,1,1,0,0,0,1,0,0,0,0,0,0,0,0,0,0,0,0,0,0,1,0,0,1,0,0,0,0,0,1,1,1,1,1,1,0,0,0,1,0,0,1,1,1,1,0,1,1,1,1,1,1,1,1,1,1,1,1,1,1,1,1
2026-07-07T14:27:42.273,tof2,8x8,empty,-1,-1,-1,-1,-1,-1,-1,-1,-1,-1,-1,-1,-1,-1,-1,-1,-1,-1,-1,-1,-1,-1,-1,-1,-1,-1,-1,-1,-1,-1,-1,-1,-1,-1,-1,-1,-1,-1,-1,-1,-1,-1,-1,-1,-1,1951,-1,-1,-1,-1,-1,1947,-1,-1,-1,-1,-1,-1,1151,1068,1080,1093,1068,1064,0,0,0,0,0,0,0,0,0,0,0,0,0,0,0,0,0,0,0,0,0,0,0,0,0,0,0,0,0,0,0,0,0,0,0,0,0,0,0,0,0,0,0,0,0,1,1,0,0,0,0,1,0,1,1,0,0,0,1,1,1,1,1,1
2026-07-07T14:27:42.472,tof2,8x8,empty,-1,-1,-1,-1,-1,-1,-1,-1,-1,-1,-1,-1,-1,-1,-1,-1,-1,-1,-1,-1,-1,-1,-1,-1,-1,-1,-1,-1,-1,-1,-1,-1,-1,-1,-1,-1,-1,-1,-1,-1,-1,-1,-1,-1,-1,1962,1940,-1,-1,-1,-1,1993,-1,1986,1926,-1,-1,-1,1153,1079,1107,1147,1085,1035,0,0,0,0,0,0,0,0,0,0,0,0,0,0,0,0,0,0,0,0,0,0,0,0,0,0,0,0,0,0,0,0,0,0,0,0,0,0,0,0,0,0,0,0,1,1,1,0,0,0,0,1,0,1,1,0,0,1,1,1,1,1,1,1
2026-07-07T14:27:42.589,tof1,8x8,empty,-1,-1,3190,3212,-1,-1,-1,-1,-1,-1,-1,-1,-1,-1,-1,-1,-1,-1,-1,-1,-1,-1,-1,-1,-1,-1,-1,-1,-1,-1,-1,-1,-1,1686,1785,1789,1798,-1,-1,-1,1422,1385,1402,1413,1419,1445,-1,-1,1177,1167,1180,1168,1210,1213,1195,-1,1013,1011,1015,1009,1030,1000,1023,973,0,0,1,1,0,0,0,0,0,0,0,0,0,0,0,0,0,0,0,0,0,0,0,0,0,0,1,1,1,0,0,0,0,1,1,1,1,0,0,0,1,1,1,1,1,1,1,0,1,1,1,1,1,1,1,1,1,1,1,1,1,1,1,1
2026-07-07T14:27:42.725,tof2,8x8,empty,-1,-1,3377,-1,-1,-1,-1,-1,-1,-1,-1,-1,-1,-1,-1,-1,-1,-1,-1,-1,-1,-1,-1,-1,-1,-1,-1,-1,-1,-1,-1,-1,-1,-1,-1,-1,-1,-1,-1,-1,-1,-1,-1,-1,1986,-1,-1,-1,-1,-1,-1,1948,-1,1960,-1,-1,-1,1149,1147,-1,1124,1133,1080,973,0,0,1,0,0,0,0,0,0,0,0,0,0,0,0,0,0,0,0,0,0,0,0,0,0,0,0,0,0,0,0,0,0,0,0,0,0,0,0,0,0,0,0,0,1,1,0,0,0,0,0,1,1,1,0,0,0,1,1,1,1,1,1,1
2026-07-07T14:27:42.849,tof1,8x8,empty,-1,-1,3176,3275,-1,-1,-1,-1,-1,-1,-1,-1,-1,-1,-1,-1,-1,-1,-1,-1,-1,-1,-1,-1,-1,-1,-1,-1,-1,-1,-1,-1,-1,1710,1760,1759,1788,-1,-1,-1,1379,1307,1395,-1,1446,1410,-1,-1,-1,1202,1171,1185,1178,1202,1179,-1,994,1001,1010,1015,1007,1020,1017,975,0,0,1,1,0,0,0,0,0,0,0,0,0,0,0,0,0,0,0,0,0,0,1,1,0,0,1,0,0,0,0,0,0,1,1,1,1,0,0,0,1,1,1,1,1,1,0,0,1,1,1,1,1,1,1,0,1,1,1,1,1,1,1,1
2026-07-07T14:27:43.021,tof1,8x8,empty,-1,-1,3182,3202,-1,-1,-1,-1,-1,-1,-1,-1,-1,-1,-1,-1,-1,-1,-1,-1,-1,-1,-1,-1,-1,-1,-1,-1,-1,-1,-1,-1,1490,1702,1733,1839,-1,-1,-1,-1,1396,-1,1474,1450,1426,1383,-1,-1,1201,1187,1184,1158,1214,1210,1178,-1,985,1008,995,1027,1021,1018,1029,977,0,0,1,1,0,0,0,0,0,0,0,0,0,0,0,0,0,0,0,0,0,0,0,0,0,0,0,1,1,0,0,1,1,1,1,1,1,0,0,0,1,0,1,1,1,1,0,0,1,1,1,1,1,1,1,1,1,1,1,1,1,1,1,1
2026-07-07T14:27:43.010,tof2,8x8,empty,-1,-1,-1,-1,-1,-1,-1,-1,-1,-1,-1,-1,-1,-1,-1,-1,-1,-1,-1,-1,-1,-1,-1,-1,-1,-1,-1,-1,-1,-1,-1,-1,-1,-1,-1,-1,-1,-1,-1,-1,-1,-1,-1,-1,1979,-1,-1,-1,-1,-1,-1,1867,-1,-1,1942,-1,-1,-1,1164,1131,1083,1104,-1,1027,0,0,0,0,0,0,0,0,0,0,0,0,0,0,0,0,0,0,0,0,0,0,0,0,0,0,0,0,0,0,0,0,0,0,0,0,0,0,0,0,0,0,0,0,1,0,0,0,0,0,0,1,0,0,1,0,0,0,1,1,1,1,1,1
2026-07-07T14:27:43.156,tof1,8x8,empty,-1,-1,3195,3223,-1,-1,-1,-1,-1,-1,-1,-1,-1,-1,-1,-1,-1,-1,-1,-1,-1,-1,-1,-1,-1,-1,1798,-1,-1,-1,-1,-1,-1,1694,1805,1801,1677,-1,-1,-1,-1,-1,-1,-1,1409,1489,-1,-1,1179,1199,1186,1178,1202,1204,1145,-1,996,1021,1008,1009,1014,1027,1016,1004,0,0,1,1,0,0,0,1,0,0,0,0,0,0,0,0,0,0,0,0,0,0,1,0,0,1,1,1,0,0,1,0,0,1,1,1,1,0,0,0,1,0,1,1,1,1,0,0,1,1,1,1,1,1,1,0,1,1,1,1,1,1,1,1
2026-07-07T14:27:43.160,tof2,8x8,empty,-1,-1,-1,-1,-1,-1,-1,-1,-1,-1,-1,-1,-1,-1,-1,-1,-1,-1,-1,-1,-1,-1,-1,-1,-1,-1,-1,-1,-1,-1,-1,-1,-1,-1,-1,-1,-1,-1,-1,-1,-1,-1,-1,-1,1994,-1,-1,-1,-1,-1,-1,1953,-1,1944,-1,-1,-1,-1,1184,1083,-1,1113,-1,993,0,0,0,0,0,0,0,0,0,0,0,0,0,0,0,0,0,0,0,0,0,0,0,0,0,0,0,0,1,0,0,0,0,0,0,0,0,0,0,0,0,0,0,0,1,0,0,0,0,0,0,1,0,1,1,1,0,0,1,1,1,1,1,1
2026-07-07T14:27:43.290,tof2,8x8,empty,-1,-1,-1,-1,-1,-1,-1,-1,-1,-1,-1,-1,-1,-1,-1,-1,-1,-1,-1,-1,-1,-1,-1,-1,-1,-1,-1,-1,-1,-1,-1,-1,-1,-1,-1,-1,-1,-1,-1,-1,-1,-1,-1,-1,1986,-1,-1,-1,-1,-1,-1,-1,-1,-1,-1,-1,-1,1069,1113,1252,1054,1071,1006,1008,0,0,0,0,0,0,0,0,0,0,0,0,0,0,0,0,0,0,0,0,0,0,0,0,0,0,0,0,0,0,0,0,0,0,0,0,0,0,0,0,0,0,0,0,1,1,0,0,0,0,0,1,0,0,1,0,0,1,1,1,1,1,1,1
2026-07-07T14:27:43.393,tof1,8x8,empty,-1,-1,3183,3217,-1,-1,-1,-1,-1,-1,-1,-1,-1,-1,-1,-1,-1,-1,-1,-1,-1,-1,-1,-1,-1,-1,-1,1872,-1,-1,-1,-1,-1,1696,1731,1833,1766,-1,-1,-1,1345,-1,1434,1455,1419,1395,-1,-1,1169,1193,1163,1190,1188,1213,1165,-1,1005,1005,1011,1021,1014,1002,1012,982,0,0,1,1,0,0,0,1,0,0,0,0,0,0,0,0,0,0,0,0,0,0,0,0,0,0,0,1,0,0,0,0,0,1,1,1,1,0,0,0,1,0,1,1,1,1,0,0,1,1,1,1,1,1,1,0,1,1,1,1,1,1,1,1
2026-07-07T14:27:43.514,tof2,8x8,empty,-1,-1,-1,-1,-1,-1,-1,-1,-1,-1,-1,-1,-1,-1,-1,-1,-1,-1,-1,-1,-1,-1,-1,-1,-1,-1,-1,-1,-1,-1,-1,-1,-1,-1,-1,-1,-1,-1,-1,-1,-1,-1,-1,-1,1952,-1,-1,-1,-1,-1,-1,1954,-1,-1,-1,-1,-1,-1,1131,1168,1217,-1,1053,967,0,0,0,0,0,0,0,0,0,0,0,0,0,0,0,0,0,0,0,0,0,0,0,0,0,0,0,0,0,0,0,0,0,0,0,0,0,0,0,0,0,0,0,0,1,1,0,0,0,0,0,1,0,0,0,0,0,0,1,1,1,1,1,1
2026-07-07T14:27:43.784,tof2,8x8,empty,-1,-1,-1,-1,-1,-1,-1,-1,-1,-1,-1,-1,-1,-1,-1,-1,-1,-1,-1,-1,-1,-1,-1,-1,-1,-1,-1,-1,-1,-1,-1,-1,-1,-1,-1,-1,-1,-1,-1,-1,-1,-1,-1,-1,1972,2141,-1,-1,-1,-1,-1,1911,-1,-1,1857,-1,-1,-1,1122,1072,-1,1073,1059,1060,0,0,0,0,0,0,0,0,0,0,0,0,0,0,0,0,0,0,0,0,0,0,0,0,0,0,0,0,1,0,0,0,0,0,0,0,0,0,0,0,0,0,0,0,1,1,0,0,0,0,0,1,0,1,1,1,0,1,1,1,1,1,1,1
2026-07-07T14:27:43.814,tof1,8x8,empty,-1,-1,3195,3235,-1,-1,-1,3259,-1,-1,-1,-1,-1,-1,-1,-1,-1,-1,-1,-1,-1,-1,-1,-1,-1,-1,-1,-1,-1,-1,-1,-1,-1,1728,1804,1767,1779,-1,-1,-1,-1,-1,1402,1434,1460,1396,-1,-1,1176,1163,1168,1190,1182,1206,1165,2204,999,986,1012,1029,1027,1002,1036,977,1,1,1,1,0,0,0,1,0,0,0,0,0,0,0,0,0,0,0,1,0,0,0,0,0,0,0,1,1,0,0,0,1,1,1,1,1,0,0,0,1,1,1,1,1,1,0,0,1,1,1,1,1,1,1,1,1,1,1,1,1,1,1,1
2026-07-07T14:27:43.927,tof1,8x8,empty,-1,-1,3191,3211,-1,-1,-1,-1,-1,-1,-1,-1,-1,-1,-1,-1,-1,-1,-1,-1,-1,-1,-1,-1,-1,-1,-1,-1,-1,-1,-1,-1,-1,1688,1728,1788,1740,-1,-1,-1,1399,1416,-1,1430,1434,1397,-1,-1,1197,1193,1177,1198,1202,1203,1200,-1,996,1001,1004,1007,1020,1010,1019,989,0,0,1,1,0,0,0,0,0,0,0,0,0,0,0,0,0,0,0,0,0,0,0,0,0,0,0,0,0,0,0,0,0,1,1,1,1,0,0,0,1,1,1,1,1,1,0,0,1,1,1,1,1,1,1,0,1,1,1,1,1,1,1,1
2026-07-07T14:27:43.916,tof2,8x8,empty,-1,-1,-1,-1,-1,-1,-1,-1,-1,-1,-1,-1,-1,-1,-1,-1,-1,-1,-1,-1,-1,-1,-1,-1,-1,-1,-1,-1,-1,-1,-1,-1,-1,-1,-1,-1,-1,-1,-1,-1,-1,-1,-1,-1,1996,1914,-1,-1,-1,-1,-1,1949,-1,-1,1812,-1,-1,-1,1160,1131,-1,1122,1075,1035,0,0,0,0,0,0,0,0,0,0,0,0,0,0,0,0,0,0,0,0,0,0,0,0,0,0,0,0,0,0,0,0,0,0,0,0,0,0,0,0,0,0,0,0,1,1,0,0,0,0,0,1,1,0,1,0,0,0,1,1,0,1,1,1
2026-07-07T14:27:44.478,tof2,8x8,empty,-1,-1,-1,-1,-1,-1,-1,-1,-1,-1,-1,-1,-1,-1,-1,-1,-1,-1,-1,-1,-1,-1,-1,-1,-1,-1,-1,-1,-1,-1,-1,-1,-1,-1,-1,-1,-1,-1,-1,-1,-1,-1,-1,-1,2003,1973,-1,-1,-1,-1,-1,1934,-1,1957,-1,-1,-1,1154,1147,1184,1131,1123,1065,1036,0,0,0,0,0,0,0,0,0,0,0,0,0,0,0,0,0,0,0,0,0,0,0,0,0,0,0,0,0,0,0,0,0,0,0,0,0,0,0,0,0,0,0,0,1,1,0,0,0,0,0,1,0,1,0,0,0,1,1,1,1,1,1,1
2026-07-07T14:27:44.835,tof2,8x8,empty,-1,-1,-1,-1,-1,-1,-1,-1,-1,-1,-1,-1,-1,-1,-1,-1,-1,-1,-1,-1,-1,-1,-1,-1,-1,-1,-1,-1,-1,-1,-1,-1,-1,-1,-1,-1,-1,-1,-1,-1,-1,-1,-1,-1,-1,1958,-1,-1,-1,-1,-1,1924,-1,-1,-1,-1,-1,-1,1126,1157,1092,1049,1074,991,0,0,0,0,0,0,0,0,0,0,0,0,0,0,0,0,0,0,0,0,0,0,0,0,0,0,0,0,0,0,0,0,0,0,0,0,0,0,0,0,0,0,0,0,0,1,0,0,0,0,0,1,0,0,1,0,0,0,1,1,1,1,1,1
2026-07-07T14:27:45.327,tof1,8x8,empty,-1,-1,3180,3210,-1,-1,-1,-1,-1,-1,-1,-1,-1,-1,-1,-1,-1,-1,-1,-1,-1,-1,-1,-1,-1,-1,-1,2038,-1,-1,-1,-1,-1,1747,1776,1751,1730,-1,-1,-1,1394,1428,-1,1419,1416,1376,-1,-1,1181,1171,1194,1203,1208,1188,1183,-1,1003,1001,1006,1010,1025,1016,1012,989,1,0,1,1,0,0,0,1,0,0,0,0,0,0,0,0,0,0,0,1,0,1,1,0,0,0,0,1,0,0,0,0,0,1,1,1,1,0,0,0,1,1,1,1,1,1,1,0,1,1,1,1,1,1,1,0,1,1,1,1,1,1,1,1
2026-07-07T14:27:45.375,tof2,8x8,empty,-1,-1,-1,-1,-1,-1,-1,-1,-1,-1,-1,-1,-1,-1,-1,-1,-1,-1,-1,-1,-1,-1,-1,-1,-1,-1,-1,-1,-1,-1,-1,-1,-1,-1,-1,-1,-1,-1,-1,-1,-1,-1,-1,-1,-1,-1,-1,-1,-1,-1,-1,1922,-1,-1,-1,-1,-1,1045,1108,1090,1105,1039,1099,1040,0,0,0,0,0,0,0,0,0,0,0,0,0,0,0,0,0,0,0,0,0,0,0,0,0,0,0,0,0,0,0,0,0,0,0,0,0,0,0,0,0,0,0,0,0,1,0,0,0,0,0,1,0,0,0,0,0,1,1,1,1,1,1,1
2026-07-07T14:27:45.914,tof2,8x8,empty,-1,-1,-1,-1,-1,-1,-1,-1,-1,-1,-1,-1,-1,-1,-1,-1,-1,-1,-1,-1,-1,-1,-1,-1,-1,-1,-1,-1,-1,-1,-1,-1,-1,-1,-1,-1,-1,-1,-1,-1,-1,-1,-1,-1,1972,-1,-1,-1,-1,-1,-1,-1,-1,-1,1952,-1,-1,-1,1137,1185,1105,1071,-1,1010,0,0,0,0,0,0,0,0,0,0,0,0,0,0,0,0,0,0,0,0,0,0,0,0,0,0,0,0,0,0,0,0,0,0,0,0,0,0,0,0,0,0,0,0,1,0,0,0,0,0,0,1,0,0,1,0,0,0,1,1,1,1,0,1
2026-07-07T14:27:45.956,tof1,8x8,empty,-1,-1,3204,3225,-1,-1,-1,-1,-1,-1,-1,-1,-1,-1,-1,-1,-1,-1,-1,-1,-1,-1,-1,2795,-1,-1,-1,-1,-1,-1,-1,-1,-1,-1,1748,1749,1743,-1,-1,-1,1425,-1,1391,1431,1434,1395,-1,-1,1190,1207,-1,1204,1184,1189,1153,1063,1003,992,1009,1019,1002,1002,1013,989,0,0,1,1,0,0,0,0,0,0,0,0,0,0,0,0,0,0,0,0,0,0,0,1,0,0,0,1,0,0,1,0,0,1,1,1,1,0,0,0,1,1,1,1,1,1,0,0,1,1,1,1,1,1,1,1,1,1,1,1,1,1,1,1
2026-07-07T14:27:46.001,tof2,8x8,empty,-1,-1,-1,-1,-1,-1,-1,-1,-1,-1,-1,-1,-1,-1,-1,-1,-1,-1,-1,-1,-1,-1,-1,-1,-1,-1,-1,-1,-1,-1,-1,-1,-1,-1,-1,-1,-1,-1,-1,-1,-1,-1,-1,-1,-1,-1,-1,-1,-1,-1,-1,1976,-1,-1,-1,-1,-1,-1,-1,1161,1111,1052,1073,999,0,0,0,0,0,0,0,0,0,0,0,0,0,0,0,0,0,0,0,0,0,0,0,0,0,0,0,0,1,0,0,0,0,0,0,0,0,0,0,0,0,0,0,0,0,0,0,0,0,0,0,1,1,1,0,0,0,0,1,1,1,1,1,1
2026-07-07T14:27:46.046,tof1,8x8,empty,-1,-1,3194,3177,-1,-1,-1,-1,-1,-1,-1,-1,-1,-1,-1,-1,-1,-1,-1,-1,-1,-1,-1,-1,-1,-1,-1,1948,-1,-1,-1,-1,-1,1629,1779,1816,-1,-1,-1,-1,1331,-1,1397,1396,1371,1402,-1,-1,1146,1187,1205,1206,1209,1210,1135,-1,997,999,1008,1001,1001,1003,1022,990,0,0,1,1,0,0,0,0,0,0,0,0,0,0,0,0,0,0,1,0,0,0,0,0,0,0,0,1,1,0,0,0,1,1,1,1,1,0,0,0,1,0,1,1,1,1,0,0,1,1,1,1,1,1,1,0,1,1,1,1,1,1,1,1
2026-07-07T14:27:46.247,tof1,8x8,empty,-1,-1,3198,3232,-1,-1,-1,-1,-1,-1,-1,-1,-1,-1,-1,-1,-1,-1,-1,-1,-1,-1,-1,-1,-1,-1,-1,-1,-1,-1,-1,-1,-1,1729,1788,1739,1706,-1,-1,-1,1432,1451,-1,1418,1396,1401,1334,-1,1192,1224,1157,1199,1209,1190,1203,-1,1002,987,1018,1026,1006,1007,998,971,0,0,1,1,0,0,0,0,0,0,0,0,0,0,0,0,0,0,0,0,0,0,0,0,0,0,0,0,0,0,0,0,0,1,1,1,1,1,0,0,1,1,0,1,1,1,1,0,1,1,1,1,1,1,1,1,1,1,1,1,1,1,1,1
2026-07-07T14:27:46.250,tof2,8x8,empty,-1,-1,-1,-1,-1,-1,-1,-1,-1,-1,-1,-1,-1,-1,-1,-1,-1,-1,-1,-1,-1,-1,-1,-1,-1,-1,-1,-1,-1,-1,-1,-1,-1,-1,-1,-1,-1,-1,-1,-1,-1,-1,-1,-1,-1,1938,-1,-1,-1,-1,-1,1976,-1,-1,-1,-1,-1,1126,1155,1128,1083,1089,1064,959,0,0,0,0,0,0,0,0,0,0,0,0,0,0,0,0,0,0,0,0,0,0,0,0,0,0,0,0,0,0,0,0,0,0,0,0,0,0,0,0,0,0,0,0,0,1,0,0,0,0,0,1,0,0,1,0,0,1,1,1,1,1,1,1
2026-07-07T14:27:46.334,tof1,8x8,empty,-1,-1,3195,3215,-1,-1,-1,-1,-1,-1,-1,-1,-1,-1,-1,-1,-1,-1,-1,-1,-1,-1,-1,-1,-1,-1,-1,1915,-1,-1,-1,-1,-1,1714,1752,1766,1706,-1,-1,-1,1433,-1,1447,-1,1450,1399,-1,-1,1147,1201,1178,1200,1205,1180,1143,-1,1010,1003,1006,1023,1001,1000,1013,999,0,0,1,1,0,0,0,1,0,0,0,0,0,0,0,0,0,0,0,0,0,0,0,0,0,1,0,1,0,0,0,0,0,1,1,1,1,0,0,0,1,1,1,1,1,1,0,0,1,1,1,1,1,1,1,0,1,1,1,1,1,1,1,1
2026-07-07T14:27:46.364,tof2,8x8,empty,-1,-1,-1,-1,-1,-1,-1,-1,-1,-1,-1,-1,-1,-1,-1,-1,-1,-1,-1,-1,-1,-1,-1,-1,-1,-1,-1,-1,-1,-1,-1,-1,-1,-1,-1,-1,-1,-1,-1,-1,-1,-1,-1,-1,1992,1995,-1,-1,-1,-1,-1,1939,-1,-1,2002,-1,-1,-1,1143,1150,1081,1109,1071,1015,0,0,0,0,0,0,0,0,0,0,0,0,0,0,0,0,0,0,0,0,0,0,0,0,0,0,0,0,0,0,0,0,0,0,0,0,0,0,0,0,0,0,0,0,1,1,0,0,0,0,0,1,0,1,1,0,0,1,1,1,1,1,1,1
2026-07-07T14:27:46.456,tof1,8x8,empty,-1,-1,3202,-1,-1,-1,-1,-1,-1,-1,-1,-1,-1,-1,-1,-1,-1,-1,-1,-1,-1,-1,-1,-1,-1,-1,-1,-1,-1,-1,-1,-1,-1,1716,1742,1795,1751,-1,-1,-1,-1,1454,-1,1469,1451,1419,-1,-1,1168,1216,1175,1184,1203,1195,1153,-1,995,998,1008,1024,1026,1019,1008,968,0,0,1,1,0,0,0,0,0,0,0,0,0,0,0,0,0,0,1,0,0,0,0,0,0,0,0,0,0,0,0,0,0,1,1,1,1,0,0,0,1,1,0,1,1,1,0,0,1,1,1,1,1,1,1,0,1,1,1,1,1,1,1,1
2026-07-07T14:27:46.476,tof2,8x8,empty,-1,-1,-1,-1,-1,-1,-1,-1,-1,-1,-1,-1,-1,-1,-1,-1,-1,-1,-1,-1,-1,-1,-1,-1,-1,-1,-1,-1,-1,-1,-1,-1,-1,-1,-1,-1,-1,-1,-1,-1,-1,-1,-1,-1,1927,1989,-1,-1,-1,-1,-1,1947,-1,-1,1914,-1,-1,-1,1147,1024,1099,1067,-1,1030,0,0,0,0,0,0,0,0,0,0,0,0,0,0,0,0,0,0,0,0,0,0,0,0,0,0,0,1,0,0,0,0,0,0,0,0,0,0,1,0,0,0,0,0,1,1,0,0,0,0,0,1,1,1,1,0,0,1,1,1,1,1,1,1
2026-07-07T14:27:46.590,tof2,8x8,empty,-1,-1,-1,-1,-1,-1,-1,-1,-1,-1,-1,-1,-1,-1,-1,-1,-1,-1,-1,-1,-1,-1,-1,-1,-1,-1,-1,-1,-1,-1,-1,-1,-1,-1,-1,-1,-1,-1,-1,-1,-1,-1,-1,-1,1977,1944,-1,-1,-1,-1,-1,1966,-1,-1,-1,-1,-1,1171,1096,1142,1085,-1,1062,981,0,0,0,0,0,0,0,0,0,0,0,0,0,0,0,0,0,0,0,0,1,0,0,0,0,0,0,0,1,0,0,0,0,0,0,0,0,0,0,0,0,0,0,0,1,1,0,0,0,0,0,1,0,0,1,0,0,1,1,1,1,1,1,1
2026-07-07T14:27:46.606,tof1,8x8,empty,-1,-1,3200,3193,-1,-1,-1,-1,-1,-1,-1,-1,-1,-1,-1,-1,-1,-1,-1,-1,-1,-1,-1,-1,-1,-1,-1,1882,-1,-1,-1,-1,-1,1692,1725,1818,1672,-1,-1,-1,-1,1397,1445,1388,1410,1428,-1,-1,1168,1214,1214,1202,1216,1197,1146,-1,991,1008,1001,1019,1009,1000,1012,970,0,1,1,1,0,0,1,0,0,0,0,0,0,0,0,0,0,0,0,1,0,0,0,0,0,0,1,1,0,0,0,0,1,1,1,1,1,0,0,0,1,1,1,1,1,1,0,0,1,1,1,1,1,1,1,0,1,1,1,1,1,1,1,1
2026-07-07T14:27:46.748,tof1,8x8,empty,-1,-1,3178,3233,-1,-1,-1,-1,-1,-1,-1,-1,-1,-1,-1,-1,-1,-1,-1,-1,-1,-1,-1,-1,-1,-1,-1,1927,-1,-1,-1,-1,-1,-1,1754,1776,1702,-1,-1,-1,1364,-1,-1,1422,1447,1400,-1,-1,1167,1167,1209,1197,1163,1183,1178,-1,1005,1013,1015,1017,1029,999,1007,995,0,0,1,1,0,0,0,1,0,0,0,0,0,0,0,0,0,0,1,1,0,0,0,0,0,1,0,1,0,0,0,0,0,0,1,1,1,0,0,0,1,1,0,1,1,1,0,0,1,1,1,1,1,1,1,0,1,1,1,1,1,1,1,1
2026-07-07T14:27:46.749,tof2,8x8,empty,-1,-1,-1,-1,-1,-1,-1,-1,-1,-1,-1,-1,-1,-1,-1,-1,-1,-1,-1,-1,-1,-1,-1,-1,-1,-1,-1,-1,-1,-1,-1,-1,-1,-1,-1,-1,-1,-1,-1,-1,-1,-1,-1,-1,-1,1957,-1,-1,-1,-1,-1,1936,-1,-1,-1,-1,-1,1136,1110,1143,1170,1092,1053,1013,0,0,0,0,0,0,0,0,0,0,0,0,0,0,0,0,0,0,0,0,0,0,0,0,0,0,0,0,0,0,0,0,0,0,0,0,0,0,0,0,0,0,0,0,0,1,1,0,0,0,0,1,0,1,0,0,0,1,1,1,1,1,1,1
2026-07-07T14:27:46.874,tof1,8x8,empty,-1,-1,3192,3225,-1,-1,-1,-1,-1,-1,-1,-1,-1,-1,-1,-1,-1,-1,-1,-1,-1,-1,-1,-1,-1,-1,-1,-1,-1,-1,-1,-1,-1,1706,1777,1821,1683,-1,-1,-1,1400,-1,-1,1432,1421,1362,-1,-1,1156,1187,1158,1178,1207,1214,1154,-1,995,1016,1016,1019,1006,1012,1013,970,0,0,1,1,0,0,0,0,0,0,0,0,0,0,1,0,0,0,1,0,0,0,0,1,0,0,0,0,0,0,0,0,0,1,1,1,1,1,0,0,1,0,0,1,1,1,1,0,1,1,1,1,1,1,1,0,1,1,1,1,1,1,1,1
2026-07-07T14:27:46.876,tof2,8x8,empty,-1,-1,-1,-1,-1,-1,-1,-1,-1,-1,-1,-1,-1,-1,-1,-1,-1,-1,-1,-1,-1,-1,-1,-1,-1,-1,-1,-1,-1,-1,-1,-1,-1,-1,-1,-1,-1,-1,-1,-1,-1,-1,-1,-1,2016,1932,1975,-1,-1,-1,-1,1990,1979,-1,-1,-1,-1,-1,1172,1116,1105,1112,1037,979,0,0,0,0,0,0,0,0,0,0,0,0,0,0,0,0,0,0,0,0,0,0,0,0,0,0,0,0,0,0,0,0,0,0,0,0,0,0,0,0,0,0,0,0,1,1,1,0,0,0,0,1,1,0,0,0,0,1,1,1,1,1,1,1
2026-07-07T14:27:47.007,tof1,8x8,empty,-1,-1,3173,3207,-1,-1,-1,-1,-1,-1,-1,-1,-1,-1,-1,-1,-1,-1,-1,-1,-1,-1,-1,-1,-1,-1,-1,-1,-1,-1,-1,-1,-1,1700,1742,1789,1707,-1,-1,-1,1422,1385,-1,1409,1480,1417,1383,-1,1226,1161,1183,1212,1180,1228,1204,-1,989,1001,1008,1024,1004,1018,1026,985,0,0,1,1,0,0,0,0,0,0,0,0,0,1,0,0,0,0,0,0,1,0,0,0,0,0,0,0,0,0,0,0,0,1,1,1,1,1,0,0,1,1,0,1,1,1,1,1,1,1,1,1,1,1,1,0,1,1,1,1,1,1,1,1
2026-07-07T14:27:47.004,tof2,8x8,empty,-1,-1,-1,-1,-1,-1,-1,-1,-1,-1,-1,-1,-1,-1,-1,-1,-1,-1,-1,-1,-1,-1,-1,-1,-1,-1,-1,-1,-1,-1,-1,-1,-1,-1,-1,-1,-1,-1,-1,-1,-1,-1,-1,-1,-1,1991,-1,-1,-1,-1,-1,1917,-1,-1,-1,-1,-1,-1,1146,1077,1136,1131,1052,994,0,0,0,0,0,0,0,0,0,0,0,0,0,0,0,0,0,0,0,0,0,0,0,0,0,0,0,0,0,0,0,0,0,0,0,0,0,0,0,0,0,0,0,0,1,1,0,0,0,0,0,1,0,0,0,0,0,0,1,1,1,1,1,1
2026-07-07T14:27:47.196,tof1,8x8,empty,-1,-1,3186,3259,-1,-1,-1,-1,-1,-1,-1,-1,-1,-1,-1,-1,-1,-1,-1,-1,-1,-1,-1,-1,-1,-1,1811,-1,-1,-1,-1,-1,-1,1712,1783,1837,-1,-1,-1,-1,1462,1438,-1,1445,1462,1424,-1,-1,1170,1176,1176,1203,1168,1185,1171,-1,998,992,1009,1022,1020,1005,996,999,0,0,1,1,0,0,0,0,0,0,0,0,0,0,0,1,0,0,1,0,1,0,0,0,0,0,1,0,0,0,0,0,0,1,1,1,1,0,0,0,1,1,0,1,1,1,0,0,1,1,1,1,1,1,1,0,1,1,1,1,1,1,1,1
2026-07-07T14:27:47.195,tof2,8x8,empty,-1,-1,-1,-1,-1,-1,-1,-1,-1,-1,-1,-1,-1,-1,-1,-1,-1,-1,-1,-1,-1,-1,-1,-1,-1,-1,-1,-1,-1,-1,-1,-1,-1,-1,-1,-1,-1,-1,-1,-1,-1,-1,-1,-1,-1,1932,-1,-1,-1,-1,-1,-1,-1,1956,-1,-1,-1,-1,1137,1114,1080,1107,960,946,0,0,0,0,0,0,0,0,0,0,0,0,0,0,0,0,0,0,0,0,0,0,0,0,0,0,0,0,0,0,0,0,0,0,0,0,0,0,0,0,0,0,0,0,0,1,0,0,0,0,0,0,0,1,1,0,0,1,1,1,1,1,1,1
2026-07-07T14:27:47.298,tof1,8x8,empty,-1,-1,3199,3179,-1,-1,-1,-1,-1,-1,-1,-1,-1,-1,3322,-1,-1,-1,-1,-1,-1,-1,-1,-1,-1,-1,-1,1841,-1,-1,-1,-1,-1,1696,1782,1785,1782,-1,-1,-1,1390,1391,-1,1469,1356,1430,-1,-1,-1,1173,1153,1176,1211,1208,1185,1085,997,998,1016,1006,1018,1010,1018,987,1,0,1,1,0,0,0,0,0,0,0,0,0,0,1,0,0,0,1,0,0,0,0,0,0,0,1,1,0,0,0,0,0,1,1,1,1,0,0,0,1,1,0,1,1,1,0,0,1,1,1,1,1,1,1,1,1,1,1,1,1,1,1,1
2026-07-07T14:27:47.347,tof2,8x8,empty,-1,-1,-1,-1,-1,-1,-1,-1,-1,-1,-1,-1,-1,-1,-1,-1,-1,-1,-1,-1,-1,-1,-1,-1,-1,-1,-1,-1,-1,-1,-1,-1,-1,-1,-1,-1,-1,-1,-1,-1,-1,-1,-1,-1,1999,1954,-1,-1,-1,-1,-1,1966,-1,-1,-1,-1,-1,-1,1211,1173,1089,1080,1075,967,0,0,0,0,0,0,0,0,0,0,0,0,0,0,0,0,0,0,0,0,0,0,0,0,0,0,0,0,0,0,0,0,0,0,0,0,0,0,0,0,0,0,0,0,1,1,0,0,0,0,0,1,0,0,0,0,0,0,1,1,1,1,1,1
2026-07-07T14:27:47.400,tof1,8x8,empty,-1,-1,3186,3253,-1,-1,-1,-1,-1,-1,-1,-1,-1,-1,-1,-1,-1,-1,-1,-1,-1,-1,-1,-1,-1,-1,-1,-1,-1,-1,-1,-1,-1,1700,1770,1815,-1,-1,-1,-1,1421,1411,1494,1426,-1,1492,-1,-1,1174,1199,1179,1190,1189,1199,1151,-1,1006,995,1011,1002,1015,1019,1001,980,0,0,1,1,0,0,0,1,0,0,0,0,0,0,0,0,0,0,0,0,0,0,0,0,0,0,1,0,0,0,0,0,0,1,1,1,1,0,0,0,1,1,1,1,1,1,0,0,1,1,1,1,1,1,1,1,1,1,1,1,1,1,1,1
2026-07-07T14:27:47.467,tof2,8x8,empty,-1,-1,-1,-1,-1,-1,-1,-1,-1,-1,-1,-1,-1,-1,-1,-1,-1,-1,-1,-1,-1,-1,-1,-1,-1,-1,-1,-1,-1,-1,-1,-1,-1,-1,-1,-1,-1,-1,-1,-1,-1,-1,-1,-1,2002,-1,-1,-1,-1,-1,-1,1989,-1,-1,-1,-1,-1,1117,1173,-1,1132,1074,1048,997,0,0,0,0,0,0,0,0,0,0,0,0,0,0,0,0,0,0,0,0,1,0,0,0,0,0,0,0,0,0,0,0,0,0,0,0,0,0,0,0,0,0,0,0,1,0,0,0,0,0,0,1,1,0,1,0,0,1,1,1,1,1,1,1
2026-07-07T14:27:47.511,tof1,8x8,empty,-1,-1,3179,3237,-1,-1,-1,-1,-1,-1,-1,-1,-1,-1,-1,-1,-1,-1,-1,-1,-1,-1,-1,-1,-1,-1,-1,1900,-1,-1,-1,-1,-1,-1,1796,1838,1743,-1,-1,-1,1376,1385,1291,1437,1422,1434,-1,-1,1211,1147,1165,1208,1207,1197,1182,-1,990,1007,1005,1025,1001,1011,1013,979,0,0,1,1,0,0,0,0,0,0,0,0,0,0,0,0,0,0,1,0,0,0,0,0,0,0,0,1,0,0,0,0,1,1,1,1,1,0,0,0,1,1,1,1,1,1,0,0,1,1,1,1,1,1,1,0,1,1,1,1,1,1,1,1
2026-07-07T14:27:47.607,tof1,8x8,empty,-1,-1,3173,3260,-1,-1,-1,-1,-1,-1,-1,-1,-1,-1,-1,-1,-1,-1,-1,-1,-1,-1,-1,-1,-1,-1,-1,1843,-1,-1,-1,-1,-1,1656,1752,1794,1637,-1,-1,-1,1394,1424,1361,1428,1439,1422,-1,-1,1166,1180,1135,1198,1187,1189,1212,-1,997,1003,1004,1015,1018,1017,994,975,0,1,1,1,0,0,0,1,0,0,0,0,0,0,0,0,0,0,0,0,0,0,0,1,0,0,0,1,0,0,0,0,0,1,1,1,1,0,0,0,1,1,1,1,1,1,0,0,1,1,1,1,1,1,1,1,1,1,1,1,1,1,1,1
2026-07-07T14:27:47.609,tof2,8x8,empty,-1,-1,-1,-1,-1,-1,-1,-1,-1,-1,-1,-1,-1,-1,-1,-1,-1,-1,-1,-1,-1,-1,-1,-1,-1,-1,-1,-1,-1,-1,-1,-1,-1,-1,-1,-1,-1,-1,-1,-1,-1,-1,-1,-1,2033,-1,-1,-1,-1,-1,-1,1932,-1,-1,-1,-1,-1,-1,1228,1060,-1,1065,-1,1000,0,0,0,0,0,0,0,0,0,0,0,0,0,0,0,0,0,0,0,0,0,0,0,0,0,0,0,0,0,0,0,0,0,0,0,0,0,0,0,0,0,0,0,0,1,0,0,0,0,0,0,1,0,0,0,0,0,1,1,1,1,1,0,1
2026-07-07T14:27:47.727,tof1,8x8,empty,-1,-1,3203,3222,-1,-1,3322,-1,-1,-1,-1,-1,-1,-1,-1,-1,-1,-1,-1,-1,-1,-1,-1,-1,-1,-1,-1,-1,-1,-1,-1,-1,-1,1746,1723,1825,1707,-1,-1,-1,1400,1433,-1,1401,1448,1395,-1,-1,1179,1197,1183,1186,1192,1172,1176,-1,983,1015,1003,1008,1018,1019,1028,968,0,0,1,1,0,0,1,0,0,0,0,0,0,0,0,0,0,0,0,1,0,0,0,0,0,0,0,0,0,0,0,0,0,1,1,1,1,0,0,0,1,1,0,1,1,1,0,0,1,1,1,1,1,1,1,0,1,1,1,1,1,1,1,1
2026-07-07T14:27:47.723,tof2,8x8,empty,-1,-1,-1,-1,-1,-1,-1,-1,-1,-1,-1,-1,-1,-1,-1,-1,-1,-1,-1,-1,-1,-1,-1,-1,-1,-1,-1,-1,-1,-1,-1,-1,-1,-1,-1,-1,-1,-1,-1,-1,-1,-1,-1,-1,2045,-1,-1,-1,-1,-1,-1,1974,-1,1920,-1,-1,-1,1088,1161,-1,1151,1120,1086,989,0,0,0,0,0,0,0,0,0,0,0,0,0,0,0,0,0,0,0,0,0,0,0,0,0,0,0,0,0,0,0,0,0,0,0,0,0,0,0,0,0,0,0,1,1,0,1,0,0,0,0,1,0,1,1,0,0,1,1,1,1,1,1,1
2026-07-07T14:27:47.826,tof2,8x8,empty,-1,-1,-1,-1,-1,-1,-1,-1,-1,-1,-1,-1,-1,-1,-1,-1,-1,-1,-1,-1,-1,-1,-1,-1,-1,-1,-1,-1,-1,-1,-1,-1,-1,-1,-1,-1,-1,-1,-1,-1,-1,-1,-1,-1,1987,-1,-1,-1,-1,-1,-1,1952,-1,1923,1917,-1,-1,1113,1139,1107,1095,1113,1021,985,0,0,0,0,0,0,0,0,0,0,0,0,0,0,0,0,0,0,0,0,0,0,0,0,0,0,0,0,0,0,0,0,0,0,0,0,0,0,0,0,0,0,0,0,1,1,0,0,0,0,0,1,1,1,1,0,0,1,1,1,1,1,1,1
2026-07-07T14:27:47.845,tof1,8x8,empty,-1,-1,3180,-1,-1,-1,-1,-1,-1,-1,-1,-1,-1,-1,-1,-1,-1,-1,-1,-1,-1,-1,-1,-1,-1,-1,-1,-1,-1,-1,-1,-1,-1,1730,1768,1802,1737,-1,-1,-1,1397,1408,1374,1410,1451,1380,-1,-1,1193,1219,1205,1179,1175,1210,1170,2153,993,994,1019,1012,1022,1005,1004,984,0,0,1,0,0,0,0,1,0,0,0,0,0,0,0,1,0,0,0,0,0,0,0,0,0,0,0,1,0,0,1,0,0,1,1,1,1,0,0,0,1,1,1,1,1,1,0,0,1,1,1,1,1,1,1,1,1,1,1,1,1,1,1,1
2026-07-07T14:27:47.957,tof1,8x8,empty,-1,-1,3172,-1,-1,-1,-1,-1,-1,-1,-1,-1,-1,-1,-1,-1,-1,-1,-1,-1,-1,-1,-1,-1,-1,-1,-1,1923,-1,-1,-1,-1,-1,1704,1782,1760,1741,-1,-1,-1,1425,1402,-1,1430,1432,1380,-1,-1,1170,1179,1201,1158,1160,1190,1172,1093,1007,999,1010,1027,1012,1020,1029,983,0,0,1,1,0,0,0,0,0,0,0,0,0,0,0,0,0,0,0,0,0,0,0,0,0,0,1,1,0,0,0,0,0,1,1,1,1,0,0,0,1,1,0,1,1,1,0,0,1,1,1,1,1,1,1,1,1,1,1,1,1,1,1,1
2026-07-07T14:27:47.934,tof2,8x8,empty,-1,-1,-1,-1,-1,-1,-1,-1,-1,-1,-1,-1,-1,-1,-1,-1,-1,-1,-1,-1,-1,-1,-1,-1,-1,-1,-1,-1,-1,-1,-1,-1,-1,-1,-1,-1,-1,-1,-1,-1,-1,-1,-1,-1,-1,1968,-1,-1,-1,-1,-1,1964,1897,1986,1898,-1,-1,-1,1107,1131,1113,1078,1054,990,0,0,0,0,0,0,0,0,0,0,0,0,0,0,0,0,0,0,0,0,0,0,0,0,0,0,0,0,0,0,0,0,0,0,0,0,0,0,0,0,0,0,0,0,0,1,0,0,0,0,0,1,1,1,1,0,0,0,1,1,1,1,1,1
2026-07-07T14:27:48.051,tof1,8x8,empty,-1,-1,3161,3202,-1,-1,-1,-1,-1,-1,-1,-1,-1,-1,-1,-1,-1,-1,-1,-1,-1,-1,-1,-1,-1,-1,-1,-1,-1,-1,-1,-1,-1,1735,1730,1782,1737,-1,-1,-1,-1,1423,-1,1488,1417,1423,-1,-1,-1,1195,1168,-1,1193,1180,1171,-1,993,1003,1005,1006,989,1003,988,969,0,0,1,1,0,1,0,0,0,0,0,0,0,0,0,0,0,0,0,0,0,0,0,1,0,0,1,1,0,0,1,0,0,1,1,1,1,0,0,0,1,1,0,1,1,1,0,0,1,1,1,1,1,1,1,0,1,1,1,1,1,1,1,1
2026-07-07T14:27:48.039,tof2,8x8,empty,-1,-1,-1,-1,-1,-1,-1,-1,-1,-1,-1,-1,-1,-1,-1,-1,-1,-1,-1,-1,-1,-1,-1,-1,-1,-1,-1,-1,-1,-1,-1,-1,-1,-1,-1,-1,-1,-1,-1,-1,-1,-1,-1,-1,-1,-1,-1,-1,-1,-1,-1,1950,-1,-1,1912,-1,-1,1113,-1,1206,1072,1106,1042,994,0,0,0,0,0,0,0,0,0,0,0,0,0,0,0,0,0,0,0,0,0,0,0,0,0,0,0,0,0,0,0,0,0,0,0,0,0,0,0,0,0,0,0,0,1,1,0,0,0,0,0,1,0,1,1,0,0,1,1,1,1,1,1,1
2026-07-07T14:27:48.124,tof2,8x8,empty,-1,-1,-1,-1,-1,-1,-1,-1,-1,-1,-1,-1,-1,-1,-1,-1,-1,-1,-1,-1,-1,-1,-1,-1,-1,-1,-1,-1,-1,-1,-1,-1,-1,-1,-1,-1,-1,-1,-1,-1,-1,-1,-1,-1,-1,-1,-1,-1,-1,-1,-1,2012,-1,1904,-1,-1,-1,-1,1105,1181,1062,1103,1015,1011,0,0,0,0,0,0,0,0,0,0,0,0,0,0,0,0,0,0,0,0,0,0,0,0,0,0,0,0,0,0,0,0,0,0,0,0,0,0,0,0,0,0,0,0,0,0,0,0,0,0,0,1,0,1,0,0,0,0,1,1,1,1,1,1
2026-07-07T14:27:48.145,tof1,8x8,empty,-1,-1,3199,3202,-1,-1,-1,-1,-1,-1,-1,-1,-1,-1,-1,-1,-1,-1,-1,-1,-1,-1,-1,-1,-1,-1,-1,-1,-1,-1,-1,-1,-1,1691,1749,1803,1745,-1,-1,-1,1397,1419,-1,-1,1462,1421,-1,-1,1174,1216,1199,1183,1189,1213,1163,-1,997,988,1007,1004,1024,1034,1020,997,0,0,1,1,0,0,0,1,0,0,0,0,0,0,0,0,0,0,0,0,1,0,0,0,0,0,0,0,1,0,0,1,0,1,1,1,1,0,0,0,1,1,1,1,1,1,1,0,1,1,1,1,1,1,1,1,1,1,1,1,1,1,1,1
2026-07-07T14:27:48.224,tof2,8x8,empty,-1,-1,-1,-1,-1,-1,-1,-1,-1,-1,-1,-1,-1,-1,-1,-1,-1,-1,-1,-1,-1,-1,-1,-1,-1,-1,-1,-1,-1,-1,-1,-1,-1,-1,-1,-1,-1,-1,-1,-1,-1,-1,-1,-1,1991,1952,-1,-1,-1,-1,-1,1927,1932,1931,-1,-1,-1,-1,1194,1122,1091,1059,-1,1055,0,0,0,0,0,0,0,0,0,0,0,0,0,0,0,0,0,0,0,0,0,0,0,0,0,0,0,0,0,0,0,0,0,0,0,0,0,0,0,0,0,0,0,0,1,1,0,0,0,0,0,1,1,1,1,1,0,0,1,1,1,1,1,1
2026-07-07T14:27:48.230,tof1,8x8,empty,-1,-1,3186,3225,-1,-1,-1,-1,-1,-1,-1,-1,-1,-1,-1,-1,-1,-1,-1,-1,-1,-1,-1,-1,-1,-1,-1,-1,-1,-1,-1,-1,-1,1650,1723,1751,1780,-1,-1,-1,1400,1439,-1,1432,1412,1424,-1,-1,1198,1199,1199,1173,1202,1220,1182,2296,996,994,1003,1027,1008,1022,1012,981,0,0,1,1,0,0,0,0,0,0,0,0,0,0,0,1,0,0,0,0,0,0,0,0,0,0,0,1,0,0,0,0,0,1,1,1,1,0,0,0,1,1,1,1,1,1,0,0,1,1,1,1,1,1,1,1,1,1,1,1,1,1,1,1
2026-07-07T14:27:48.331,tof1,8x8,empty,-1,-1,3199,3261,-1,-1,-1,-1,-1,-1,-1,-1,-1,-1,-1,-1,-1,-1,-1,-1,-1,-1,-1,-1,-1,-1,-1,1904,-1,-1,-1,-1,-1,1711,1717,1838,1747,-1,-1,-1,1363,1420,-1,1412,1390,1422,-1,-1,1199,-1,1181,1198,1237,1196,1163,-1,982,1006,1008,1023,1007,1007,1017,994,0,0,1,1,0,0,1,0,0,0,0,0,0,0,0,0,0,0,0,0,0,0,1,1,0,0,0,1,0,0,0,1,0,1,1,1,1,1,0,0,1,1,1,1,1,1,1,0,1,1,1,1,1,1,1,1,1,1,1,1,1,1,1,1
2026-07-07T14:27:48.329,tof2,8x8,empty,-1,-1,-1,-1,-1,-1,-1,-1,-1,-1,-1,-1,-1,-1,-1,-1,-1,-1,-1,-1,-1,-1,-1,-1,-1,-1,-1,-1,-1,-1,-1,-1,-1,-1,-1,-1,-1,-1,-1,-1,-1,-1,-1,-1,-1,1996,-1,-1,-1,-1,-1,1943,1919,1938,2034,-1,-1,-1,-1,1073,1083,1095,1040,972,0,0,0,0,0,0,0,0,0,0,0,0,0,0,0,0,0,0,0,0,0,0,0,0,0,0,0,0,0,0,0,0,0,0,0,0,0,0,0,0,0,0,0,1,0,1,1,0,0,0,0,1,1,1,1,0,0,1,1,1,1,1,1,1
2026-07-07T14:27:48.437,tof1,8x8,empty,-1,-1,3187,3239,-1,-1,-1,-1,-1,-1,-1,-1,-1,-1,-1,-1,-1,-1,-1,-1,-1,-1,-1,-1,-1,-1,-1,-1,-1,-1,-1,-1,-1,1627,1738,1797,1757,-1,-1,-1,1380,1402,1483,1413,1452,1373,1394,-1,1168,1198,1207,1190,1218,1217,1172,-1,1003,1004,1020,1019,1011,1009,1016,994,0,0,1,1,0,0,0,1,0,0,0,0,0,0,0,0,0,0,1,0,0,0,0,0,0,1,0,1,1,0,0,0,1,1,1,1,1,0,0,0,1,1,1,1,1,1,1,0,1,1,1,1,1,1,1,0,1,1,1,1,1,1,1,1
2026-07-07T14:27:48.567,tof1,8x8,empty,-1,-1,3185,3248,-1,-1,-1,-1,-1,-1,-1,-1,-1,-1,-1,-1,-1,-1,-1,-1,-1,-1,-1,-1,-1,1982,-1,1852,2167,-1,-1,-1,-1,1689,1760,1732,1668,-1,-1,-1,1363,-1,-1,1411,1405,1385,-1,-1,1209,1210,1164,1203,1205,1217,1180,-1,1000,1000,1018,1010,1020,1008,1018,979,0,0,1,1,0,0,0,0,0,0,0,0,0,0,0,0,0,0,0,0,0,0,1,0,0,1,0,1,1,0,0,0,0,1,1,1,1,0,0,0,1,1,0,1,1,1,0,0,1,1,1,1,1,1,1,0,1,1,1,1,1,1,1,1
2026-07-07T14:27:48.556,tof2,8x8,empty,-1,-1,-1,-1,-1,-1,-1,-1,-1,-1,-1,-1,-1,-1,-1,-1,-1,-1,-1,-1,-1,-1,-1,-1,-1,-1,-1,-1,-1,-1,-1,-1,-1,-1,-1,-1,-1,-1,-1,-1,-1,-1,-1,-1,1992,-1,-1,-1,-1,-1,-1,1935,-1,-1,-1,-1,-1,-1,1175,1155,1115,1106,-1,988,0,0,0,0,0,0,0,0,0,0,0,0,0,0,0,0,0,0,0,0,0,0,0,0,0,0,0,0,0,0,0,0,0,0,0,0,0,0,0,0,0,0,0,0,1,0,0,0,0,0,0,1,1,1,0,1,0,0,1,1,1,1,0,1
2026-07-07T14:27:48.771,tof1,8x8,empty,-1,-1,3213,3227,-1,-1,-1,-1,-1,-1,-1,-1,-1,-1,-1,-1,-1,-1,-1,2061,-1,-1,-1,-1,-1,-1,-1,-1,-1,-1,-1,-1,-1,1688,1770,1794,1700,-1,-1,-1,1452,1359,1392,1399,1429,1388,-1,-1,1182,1164,-1,1189,1229,1196,1174,1114,1001,997,1024,1021,1028,1009,1022,977,0,0,1,1,0,0,0,1,0,0,0,0,0,0,0,0,0,0,0,1,0,0,0,0,0,0,1,0,0,0,0,0,0,1,1,1,1,0,0,0,1,1,1,1,1,1,0,0,1,1,1,1,1,1,1,1,1,1,1,1,1,1,1,1
2026-07-07T14:27:48.768,tof2,8x8,empty,-1,-1,-1,-1,-1,-1,-1,-1,-1,-1,-1,-1,-1,-1,-1,-1,-1,-1,-1,-1,-1,-1,-1,-1,-1,-1,-1,-1,-1,-1,-1,-1,-1,-1,-1,-1,-1,-1,-1,-1,-1,-1,-1,-1,-1,1968,-1,-1,-1,-1,-1,1916,-1,-1,-1,-1,-1,1060,1095,1084,1039,1083,1047,1014,0,0,0,0,0,0,0,0,0,0,0,0,0,0,0,0,0,0,0,0,0,0,0,0,0,0,0,0,0,0,0,0,0,0,0,0,0,0,0,0,0,0,0,0,0,1,1,0,0,1,0,1,0,1,0,0,0,1,1,1,1,1,1,1
2026-07-07T14:27:48.886,tof2,8x8,empty,-1,-1,-1,-1,-1,-1,-1,-1,-1,-1,-1,-1,-1,-1,-1,-1,-1,-1,-1,-1,-1,-1,-1,-1,-1,-1,-1,-1,-1,-1,-1,-1,-1,-1,-1,-1,-1,-1,-1,-1,-1,-1,-1,-1,1992,-1,-1,-1,-1,-1,-1,2004,1931,-1,-1,-1,-1,-1,1177,1148,1167,-1,-1,1030,0,0,0,0,0,0,0,0,0,0,0,0,0,0,0,0,0,0,0,0,0,0,0,0,0,0,0,0,0,0,0,0,0,0,0,1,0,0,0,0,0,0,0,0,1,0,0,0,0,0,0,1,1,0,0,0,0,1,1,1,1,0,0,1
2026-07-07T14:27:49.019,tof1,8x8,empty,-1,-1,3204,3174,-1,-1,-1,-1,-1,-1,-1,-1,-1,-1,-1,-1,-1,-1,-1,-1,-1,-1,-1,-1,-1,-1,-1,-1,-1,-1,-1,-1,-1,1703,1762,1837,-1,-1,-1,-1,1415,1520,-1,1445,1440,1359,-1,-1,1165,1194,1205,1181,1194,1197,1155,-1,996,1010,1010,1024,1016,996,1003,989,1,0,1,1,0,0,0,0,0,0,0,0,0,0,0,0,0,0,0,0,0,0,0,0,0,0,1,0,0,0,1,1,0,1,1,1,1,1,0,0,1,1,0,1,1,1,0,0,1,1,1,1,1,1,1,1,1,1,1,1,1,1,1,1
2026-07-07T14:27:49.058,tof2,8x8,empty,-1,-1,-1,-1,-1,-1,-1,-1,-1,-1,-1,-1,-1,-1,-1,-1,-1,-1,-1,-1,-1,-1,-1,-1,-1,-1,-1,-1,-1,-1,-1,-1,-1,-1,-1,-1,-1,-1,-1,-1,-1,-1,-1,-1,1976,2005,-1,-1,-1,-1,-1,-1,-1,-1,1884,-1,-1,1041,1153,1067,1115,1116,1144,1052,0,0,0,0,0,0,0,0,0,0,0,0,0,0,0,0,0,0,0,0,0,0,0,0,0,0,0,0,0,0,0,0,0,0,0,0,0,0,0,0,0,0,0,0,1,1,1,0,0,0,0,0,1,0,1,0,1,1,1,1,1,1,1,1
2026-07-07T14:27:49.124,tof1,8x8,empty,-1,-1,3177,3203,-1,-1,-1,-1,-1,-1,-1,-1,-1,-1,-1,-1,-1,-1,-1,2158,-1,-1,-1,-1,-1,-1,-1,-1,-1,-1,-1,-1,-1,1698,1791,1833,-1,-1,-1,-1,1398,1365,1411,1433,1443,1410,-1,-1,1160,1180,1187,1181,1198,1196,1162,2233,998,992,999,1015,1020,1010,1003,981,0,0,1,1,0,0,0,0,0,0,0,0,0,0,0,0,0,0,0,1,0,0,0,0,0,0,1,0,0,0,0,0,0,1,1,1,1,0,0,0,1,1,1,1,1,1,0,0,1,1,1,1,1,1,1,1,1,1,1,1,1,1,1,1
2026-07-07T14:27:49.188,tof2,8x8,empty,-1,-1,-1,-1,-1,-1,-1,-1,-1,-1,-1,-1,-1,-1,-1,-1,-1,-1,-1,-1,-1,-1,-1,-1,-1,-1,-1,-1,-1,-1,-1,-1,-1,-1,-1,-1,-1,-1,-1,-1,-1,-1,-1,-1,-1,2007,-1,-1,-1,-1,-1,1935,1982,1950,-1,-1,-1,1094,1098,1102,1093,1055,998,970,0,0,0,0,0,0,0,0,0,0,0,0,0,0,0,0,0,0,0,0,0,0,0,0,0,0,0,0,0,0,0,0,0,0,0,0,0,0,0,0,0,0,0,0,0,1,0,0,0,0,0,1,1,1,1,0,0,1,1,1,1,1,1,1
2026-07-07T14:27:49.227,tof1,8x8,empty,-1,-1,3177,3192,-1,-1,-1,-1,-1,-1,-1,-1,-1,-1,-1,-1,-1,-1,-1,-1,-1,-1,-1,-1,-1,-1,1758,-1,-1,-1,-1,-1,-1,1745,1794,1768,1721,-1,-1,-1,1317,1374,1507,1388,1400,1361,-1,-1,1164,1186,1178,1194,1189,1173,1192,-1,989,981,1010,1017,1002,1010,1018,989,0,0,1,1,0,0,0,0,0,0,0,0,0,0,0,0,0,0,0,0,0,0,0,0,0,1,1,1,0,0,1,0,0,1,1,1,1,1,0,0,1,1,1,1,1,1,0,0,1,1,1,1,1,1,1,0,1,1,1,1,1,1,1,1
2026-07-07T14:27:49.278,tof2,8x8,empty,-1,-1,-1,-1,-1,-1,-1,-1,-1,-1,-1,-1,-1,-1,-1,-1,-1,-1,-1,-1,-1,-1,-1,-1,-1,-1,-1,-1,-1,-1,-1,-1,-1,-1,-1,-1,-1,-1,-1,-1,-1,-1,-1,-1,1997,1963,-1,-1,-1,-1,-1,1965,-1,-1,1896,-1,-1,-1,1208,1080,1080,-1,1128,1024,0,0,0,0,0,0,0,0,0,0,0,0,0,0,0,0,0,0,0,0,0,0,0,0,0,0,0,0,0,0,0,0,0,0,0,0,0,0,0,0,0,0,0,1,1,1,0,0,0,0,0,1,0,1,1,0,0,0,1,1,1,1,1,1
2026-07-07T14:27:49.333,tof1,8x8,empty,-1,-1,3184,3231,-1,-1,-1,-1,-1,-1,-1,-1,-1,-1,-1,-1,-1,-1,-1,-1,-1,-1,-1,-1,-1,-1,-1,-1,-1,-1,3646,-1,-1,1742,1793,1791,-1,-1,-1,-1,1391,1531,1386,1448,1408,1415,-1,-1,1152,1190,1193,1188,1203,1193,1171,2231,1005,1013,994,1046,1006,1005,989,998,0,0,1,1,0,0,1,0,0,0,0,0,0,0,0,0,0,0,0,0,0,0,0,0,0,0,0,0,0,0,1,0,0,1,1,1,1,0,0,0,1,1,1,1,1,1,1,0,1,1,1,1,1,1,1,1,1,1,1,1,1,1,1,1
2026-07-07T14:27:49.369,tof2,8x8,empty,-1,-1,-1,-1,-1,-1,-1,-1,-1,-1,-1,-1,-1,-1,-1,-1,-1,-1,-1,-1,-1,-1,-1,-1,-1,-1,-1,-1,-1,-1,-1,-1,-1,-1,-1,-1,-1,-1,-1,-1,-1,-1,-1,1988,1989,1948,-1,-1,-1,-1,-1,1975,-1,1968,1909,-1,-1,-1,1130,1110,1077,1100,-1,1010,0,0,0,0,0,0,0,0,1,0,0,0,0,0,0,0,0,0,0,0,0,0,0,0,0,0,0,0,0,0,0,0,0,0,0,0,0,0,0,0,0,0,0,1,1,1,0,0,0,0,0,1,1,1,1,0,0,1,1,1,1,1,0,1
2026-07-07T14:27:49.423,tof1,8x8,empty,-1,-1,3183,3201,-1,-1,-1,-1,-1,-1,-1,-1,-1,-1,-1,-1,-1,-1,-1,-1,-1,-1,-1,-1,-1,-1,-1,-1,-1,-1,-1,-1,-1,1705,1811,1875,1784,-1,-1,-1,1393,1418,-1,1444,1433,1417,-1,-1,1193,1188,1193,1206,1184,1173,1161,1134,1002,988,1017,1015,1027,985,1015,976,0,0,1,1,0,0,0,0,0,0,0,0,0,0,0,0,0,0,0,0,0,0,0,0,0,0,0,0,1,0,0,0,0,1,1,1,1,0,0,0,1,1,0,1,1,1,0,0,1,1,1,1,1,1,1,1,1,1,1,1,1,1,1,1
2026-07-07T14:27:49.463,tof2,8x8,empty,-1,-1,-1,-1,-1,-1,-1,-1,-1,-1,-1,-1,-1,-1,-1,-1,-1,-1,-1,-1,-1,-1,-1,-1,-1,-1,-1,-1,-1,-1,-1,-1,-1,-1,-1,-1,-1,-1,-1,-1,-1,-1,-1,-1,1964,-1,-1,-1,-1,-1,-1,1927,-1,-1,-1,-1,-1,1125,1174,-1,1096,1087,1060,1015,0,0,0,0,0,0,0,0,0,0,0,0,0,0,0,0,0,0,0,0,0,0,0,0,0,0,0,0,0,0,0,0,0,0,0,0,0,0,0,0,0,0,0,0,1,0,0,0,0,0,0,1,0,1,0,0,0,1,1,0,1,1,1,1
2026-07-07T14:27:49.514,tof1,8x8,empty,-1,-1,3187,3226,-1,-1,-1,-1,-1,-1,-1,-1,-1,-1,-1,-1,-1,-1,-1,-1,-1,-1,-1,-1,-1,-1,-1,-1,-1,-1,-1,-1,-1,1663,1800,1861,1738,-1,-1,-1,1406,1451,-1,1442,1402,1378,-1,-1,1165,1182,1188,1173,1244,1192,1168,1109,1007,1008,1010,1013,1007,1010,1001,976,0,0,1,1,0,0,0,0,0,0,0,0,0,0,0,0,0,0,0,0,0,0,0,0,0,0,0,1,0,0,0,0,0,1,1,1,1,0,0,0,1,1,1,1,1,1,1,0,1,1,1,1,1,1,1,1,1,1,1,1,1,1,1,1
2026-07-07T14:27:49.623,tof1,8x8,empty,-1,-1,3195,3219,-1,-1,-1,-1,-1,-1,-1,-1,-1,-1,-1,-1,-1,-1,-1,-1,-1,-1,-1,-1,-1,-1,-1,1889,-1,-1,-1,-1,-1,1709,1713,1802,1820,-1,-1,-1,1425,-1,-1,1358,1432,1442,-1,-1,1169,1188,1167,1200,1184,1203,1148,1106,1020,1003,1018,1034,1042,1024,1018,983,0,0,1,1,0,0,0,0,0,0,0,0,0,0,0,0,0,0,0,0,0,0,0,1,0,0,0,1,1,0,0,0,0,1,1,1,1,0,0,0,1,0,0,1,1,1,0,0,1,1,1,1,1,1,1,1,1,1,1,1,1,1,1,1
2026-07-07T14:27:49.623,tof2,8x8,empty,-1,-1,-1,-1,-1,-1,-1,-1,-1,-1,-1,-1,-1,-1,-1,-1,-1,-1,-1,-1,-1,-1,-1,-1,-1,-1,-1,-1,-1,-1,-1,-1,-1,-1,-1,-1,-1,-1,-1,-1,-1,-1,-1,-1,1997,-1,-1,-1,-1,-1,-1,1925,-1,-1,1920,-1,-1,1139,1197,1164,1166,1124,1039,1014,0,0,0,0,0,0,0,0,0,0,0,0,0,0,0,0,0,0,0,0,0,0,0,0,0,0,0,0,0,0,0,0,0,0,0,0,0,0,0,0,0,0,0,0,1,1,0,0,0,0,1,1,0,1,1,0,0,1,1,1,1,1,1,1
2026-07-07T14:27:49.847,tof1,8x8,empty,-1,-1,3183,3255,-1,-1,-1,3293,-1,-1,-1,-1,-1,-1,-1,-1,-1,-1,-1,-1,-1,-1,-1,-1,-1,-1,-1,-1,-1,-1,-1,-1,-1,-1,1809,1822,1698,-1,-1,-1,1414,1365,1422,1462,1441,1444,-1,-1,1185,1173,1155,1193,1232,1213,1189,-1,1002,1006,1003,1025,1023,1014,1009,977,0,0,1,1,0,1,0,1,0,0,0,0,0,0,0,0,0,0,0,0,0,0,0,0,0,0,0,0,0,0,0,0,0,1,1,1,1,0,0,0,1,1,1,1,1,1,0,0,1,1,1,1,1,1,1,0,1,1,1,1,1,1,1,1
2026-07-07T14:27:49.818,tof2,8x8,empty,-1,-1,-1,-1,-1,-1,-1,-1,-1,-1,-1,-1,-1,-1,-1,-1,-1,-1,-1,-1,-1,-1,-1,-1,-1,-1,-1,-1,-1,-1,-1,-1,-1,-1,-1,-1,-1,-1,-1,-1,-1,-1,-1,-1,1971,1972,-1,-1,-1,-1,-1,-1,-1,1914,-1,-1,-1,-1,-1,1149,-1,1054,-1,1054,0,0,0,0,0,0,0,0,0,0,0,0,0,0,0,0,0,0,0,0,0,0,0,0,0,0,0,0,0,0,0,0,0,0,0,0,0,0,0,0,0,0,0,0,1,1,0,0,0,0,0,0,0,1,1,0,0,0,1,1,0,1,0,1
2026-07-07T14:27:49.919,tof2,8x8,empty,-1,-1,-1,-1,-1,-1,-1,-1,-1,-1,-1,-1,-1,-1,-1,-1,-1,-1,-1,-1,-1,-1,-1,-1,-1,-1,-1,-1,-1,-1,-1,-1,-1,-1,-1,-1,-1,-1,-1,-1,-1,-1,-1,-1,2005,1990,-1,-1,-1,-1,-1,1941,-1,1910,1915,-1,-1,1164,1072,1159,1089,1063,1096,1041,0,0,0,0,0,0,0,0,0,0,0,0,0,0,0,0,0,0,0,0,0,0,0,0,0,0,0,0,0,0,0,0,0,0,0,0,0,0,0,0,0,0,0,0,1,1,1,0,0,0,0,1,1,1,1,0,0,1,1,1,1,1,1,1
2026-07-07T14:27:49.987,tof1,8x8,empty,-1,-1,3174,3189,-1,-1,-1,-1,-1,-1,-1,-1,-1,-1,-1,-1,-1,-1,-1,-1,-1,-1,-1,-1,-1,-1,1768,1899,-1,-1,-1,-1,-1,1716,1726,1780,1755,-1,-1,-1,1457,-1,-1,1416,1444,1406,-1,-1,1157,1166,1205,1213,1198,1204,1179,-1,998,1000,998,1003,1022,1009,998,980,0,0,1,1,0,0,0,1,0,0,0,0,0,0,0,0,0,0,0,0,0,0,0,1,0,0,1,1,0,0,0,0,0,1,1,1,1,1,0,0,1,1,1,1,1,1,0,0,1,1,1,1,1,1,1,0,1,1,1,1,1,1,1,1
2026-07-07T14:27:50.065,tof2,8x8,empty,-1,-1,-1,-1,-1,-1,-1,-1,-1,-1,-1,-1,-1,-1,-1,-1,-1,-1,-1,-1,-1,-1,-1,-1,-1,-1,-1,-1,-1,-1,-1,-1,-1,-1,-1,-1,-1,-1,-1,-1,-1,-1,-1,-1,-1,1995,-1,-1,-1,-1,-1,1926,-1,-1,-1,-1,-1,-1,1079,1093,1131,1039,1069,1005,0,0,0,0,0,0,0,0,0,0,0,0,0,0,0,0,0,0,0,0,0,0,0,0,0,0,0,0,0,0,0,0,0,0,0,0,0,0,0,0,0,0,0,0,0,1,0,1,0,0,0,1,0,0,0,0,0,0,1,1,1,1,1,1
2026-07-07T14:27:50.230,tof1,8x8,empty,-1,-1,3183,3236,-1,-1,-1,-1,-1,-1,-1,-1,-1,-1,-1,-1,-1,-1,-1,-1,-1,-1,-1,-1,-1,-1,-1,1971,-1,-1,-1,-1,-1,1739,1773,1769,1749,-1,-1,-1,1357,1445,1438,1412,1445,1429,-1,-1,1199,1223,1164,1180,1207,1195,1174,2281,998,1019,1010,1019,1005,1013,1015,969,0,0,1,1,0,0,1,0,0,0,0,0,0,0,0,0,0,1,0,0,0,0,0,0,0,0,0,1,0,0,0,0,0,1,1,1,1,0,0,0,1,1,1,1,1,1,0,0,1,1,1,1,1,1,1,1,1,1,1,1,1,1,1,1
2026-07-07T14:27:50.318,tof2,8x8,empty,-1,-1,-1,-1,-1,-1,-1,-1,-1,-1,-1,-1,-1,-1,-1,-1,-1,-1,-1,-1,-1,-1,-1,-1,-1,-1,-1,-1,-1,-1,-1,-1,-1,-1,-1,-1,-1,-1,-1,-1,-1,-1,-1,-1,1987,1999,-1,-1,-1,-1,-1,1974,-1,-1,1931,-1,-1,-1,1118,1118,-1,1058,1091,1011,0,0,0,0,0,0,0,0,0,0,0,0,0,0,0,0,0,0,0,0,0,0,0,0,0,0,0,0,0,0,0,0,0,0,0,0,0,0,0,0,0,0,0,0,1,1,0,0,0,1,0,1,0,0,1,0,0,1,1,1,0,1,1,1
2026-07-07T14:27:50.359,tof1,8x8,empty,-1,-1,3203,3216,-1,-1,-1,-1,-1,-1,-1,-1,-1,-1,-1,-1,-1,-1,-1,-1,-1,-1,-1,-1,-1,-1,-1,2132,-1,-1,-1,-1,-1,1734,1726,1778,1755,-1,-1,-1,-1,-1,1376,1466,1472,1526,-1,-1,1178,1193,1149,1205,1196,1175,1170,-1,991,1024,1017,1022,1025,1007,1018,982,0,0,1,1,0,0,0,0,0,0,0,0,0,0,0,0,0,0,0,0,0,0,0,0,0,0,1,1,0,0,0,0,0,1,1,1,1,0,0,0,1,0,1,1,1,1,1,0,1,1,1,1,1,1,1,0,1,1,1,1,1,1,1,1
2026-07-07T14:27:50.708,tof2,8x8,empty,-1,-1,-1,-1,-1,-1,-1,-1,-1,-1,-1,-1,-1,-1,-1,-1,-1,-1,-1,-1,-1,-1,-1,-1,-1,-1,-1,-1,-1,-1,-1,-1,-1,-1,-1,-1,-1,-1,-1,-1,-1,-1,-1,-1,1982,1991,-1,-1,-1,-1,-1,1984,-1,-1,-1,-1,-1,1022,1091,1093,1086,1081,969,992,0,0,0,1,0,0,0,0,0,0,0,0,0,0,0,0,0,0,0,0,0,0,0,0,0,0,0,0,0,0,0,0,0,0,0,0,0,0,0,0,0,0,0,0,1,1,1,0,0,0,0,1,0,0,1,0,0,1,1,1,1,1,1,1
2026-07-07T14:27:50.763,tof1,8x8,empty,-1,-1,3184,3224,-1,-1,-1,-1,-1,-1,-1,-1,-1,-1,-1,-1,-1,-1,-1,-1,-1,-1,-1,-1,-1,-1,-1,1860,-1,-1,-1,-1,-1,1699,1808,1802,1766,-1,-1,-1,1374,1451,-1,1421,1454,1457,-1,-1,1204,1197,1220,1197,1196,1202,1154,-1,1000,985,1011,1015,1026,999,1027,976,0,1,1,1,0,0,0,1,0,0,0,0,0,0,0,0,0,0,0,0,0,1,0,0,0,0,0,1,0,0,0,0,0,1,1,1,1,0,0,0,1,1,1,1,1,1,0,0,1,1,1,1,1,1,1,0,1,1,1,1,1,1,1,1
2026-07-07T14:27:50.903,tof1,8x8,empty,-1,-1,3175,3236,-1,-1,-1,-1,-1,-1,-1,-1,-1,-1,-1,-1,-1,-1,-1,-1,-1,-1,-1,-1,-1,-1,-1,-1,-1,-1,-1,-1,-1,1649,1801,1680,1756,-1,-1,-1,1440,1417,1423,1471,1468,1429,-1,-1,1173,1189,1148,1181,1205,1206,1213,-1,993,1004,1006,1016,1017,1007,1018,970,0,0,1,1,0,0,1,0,0,0,0,0,0,0,0,0,0,0,0,0,0,1,0,0,0,1,0,0,1,0,0,0,0,1,1,1,1,0,0,0,1,1,1,1,1,1,0,0,1,1,1,1,1,1,1,0,1,1,1,1,1,1,1,1
2026-07-07T14:27:50.961,tof2,8x8,empty,-1,-1,-1,-1,-1,-1,-1,-1,-1,-1,-1,-1,-1,-1,-1,-1,-1,-1,-1,-1,-1,-1,-1,-1,-1,-1,-1,-1,-1,-1,-1,-1,-1,-1,-1,-1,-1,-1,-1,-1,-1,-1,-1,-1,1958,-1,-1,-1,-1,-1,-1,1922,-1,1939,-1,-1,-1,1124,1121,1064,-1,1114,-1,997,0,0,0,0,0,0,0,0,0,0,0,0,0,0,0,0,0,0,0,0,0,0,0,0,0,0,0,0,0,0,0,0,0,0,0,0,0,0,0,0,0,0,0,0,1,1,0,0,0,0,0,1,1,1,1,0,0,1,1,1,1,1,1,1
2026-07-07T14:27:51.070,tof2,8x8,empty,-1,-1,-1,-1,-1,-1,-1,-1,-1,-1,-1,-1,-1,-1,-1,-1,-1,-1,-1,-1,-1,-1,-1,-1,-1,-1,-1,-1,-1,-1,-1,-1,-1,-1,-1,-1,-1,-1,-1,-1,-1,-1,-1,-1,-1,1972,-1,-1,-1,-1,-1,1922,-1,-1,-1,-1,-1,1172,1165,1153,1034,1127,1057,994,0,0,0,0,0,0,0,0,0,0,0,0,0,0,0,0,0,0,0,0,0,0,0,0,0,0,0,0,0,0,0,0,0,0,0,0,0,0,0,0,0,0,0,0,1,1,0,0,0,0,0,1,1,0,1,0,0,1,1,1,1,1,1,1
2026-07-07T14:27:51.101,tof1,8x8,empty,-1,3099,3174,3261,-1,-1,-1,-1,-1,-1,-1,-1,-1,-1,-1,-1,-1,-1,-1,-1,-1,-1,-1,-1,-1,-1,-1,1872,-1,-1,-1,-1,-1,1685,1752,1795,1736,-1,-1,-1,1451,1378,-1,1455,1420,1422,-1,-1,1170,1199,1194,1195,1205,1189,1197,-1,1006,996,1020,1010,998,1004,1011,981,0,1,1,1,0,0,0,0,0,0,0,0,0,0,0,0,0,0,0,0,0,0,0,0,0,0,0,1,0,0,0,0,0,1,1,1,1,0,0,0,1,1,0,1,1,1,0,0,1,1,1,1,1,1,1,1,1,1,1,1,1,1,1,1
2026-07-07T14:27:51.234,tof1,8x8,empty,-1,-1,3183,3231,-1,-1,-1,3345,-1,-1,-1,-1,-1,-1,-1,-1,-1,-1,-1,-1,-1,-1,-1,-1,-1,-1,-1,1997,2262,-1,-1,-1,-1,1649,1788,-1,1803,-1,-1,-1,-1,-1,1410,1449,-1,1402,-1,-1,1139,1182,1199,1202,1192,1188,1155,-1,991,991,999,1020,1027,1006,1011,994,0,0,1,1,0,0,0,1,0,0,0,0,0,0,0,0,0,0,0,0,1,0,1,0,0,1,0,1,1,0,0,0,0,1,1,1,1,0,0,0,1,0,1,1,1,1,1,0,1,1,1,1,1,1,1,0,1,1,1,1,1,1,1,1
2026-07-07T14:27:51.222,tof2,8x8,empty,-1,-1,-1,-1,-1,-1,-1,-1,-1,-1,-1,-1,-1,-1,-1,-1,-1,-1,-1,-1,-1,-1,-1,-1,-1,-1,-1,-1,-1,-1,-1,-1,-1,-1,-1,-1,-1,-1,-1,-1,-1,-1,-1,-1,1987,1950,-1,-1,-1,-1,-1,1903,-1,-1,-1,-1,-1,1146,1111,1140,1122,1015,1035,993,0,0,0,0,0,0,0,0,0,0,0,0,0,0,0,0,0,0,0,0,0,0,0,0,0,0,0,0,0,0,0,0,0,0,0,0,0,0,0,0,0,0,0,0,1,1,0,0,0,0,0,1,0,1,0,0,0,1,1,1,1,1,1,1
2026-07-07T14:27:51.311,tof2,8x8,empty,-1,-1,-1,-1,-1,-1,-1,-1,-1,-1,-1,-1,-1,-1,-1,-1,-1,-1,-1,-1,-1,-1,-1,-1,-1,-1,-1,-1,-1,-1,-1,-1,-1,-1,-1,-1,-1,-1,-1,-1,-1,-1,-1,-1,2006,-1,-1,-1,-1,-1,-1,1969,-1,-1,-1,-1,-1,1056,1081,1057,1099,1032,1091,971,0,0,0,0,0,0,0,0,0,0,0,0,0,0,0,0,0,0,0,0,0,0,0,0,0,0,0,0,0,0,0,0,0,0,0,0,0,0,0,0,0,0,0,0,1,0,0,0,0,0,0,1,0,1,1,0,0,1,1,1,1,1,1,1
2026-07-07T14:27:51.337,tof1,8x8,empty,-1,-1,3183,3199,-1,-1,-1,-1,-1,-1,-1,-1,-1,-1,-1,-1,-1,-1,-1,-1,-1,-1,-1,-1,-1,-1,-1,1889,-1,-1,-1,-1,-1,1621,1827,1813,1755,-1,-1,-1,-1,-1,-1,1423,1415,1375,-1,-1,1192,1210,1180,1203,1197,1197,1187,-1,1011,1013,1010,1022,1022,1009,985,967,0,0,1,1,0,0,0,0,0,0,0,0,0,0,0,0,0,0,0,0,0,0,0,0,0,0,0,1,0,0,0,0,1,1,1,1,1,0,0,0,1,1,0,1,1,1,0,0,1,1,1,1,1,1,1,1,1,1,1,1,1,1,1,1
2026-07-07T14:27:51.414,tof2,8x8,empty,-1,-1,-1,-1,-1,-1,-1,-1,-1,-1,-1,-1,-1,-1,-1,-1,-1,-1,-1,-1,-1,-1,-1,-1,-1,-1,-1,-1,-1,-1,-1,-1,-1,-1,-1,-1,-1,-1,-1,-1,-1,-1,-1,-1,1940,1952,-1,-1,-1,-1,-1,2030,1968,-1,-1,-1,-1,-1,1131,1110,1135,1029,1086,1017,0,0,0,0,0,0,0,0,0,0,0,0,0,0,0,0,0,0,0,0,0,0,0,0,0,0,0,0,0,0,0,0,0,0,0,0,0,0,0,0,0,0,0,0,1,1,1,0,0,0,0,1,1,1,0,0,0,0,1,1,1,1,1,1
2026-07-07T14:27:51.479,tof1,8x8,empty,-1,-1,3188,3270,-1,-1,-1,-1,-1,-1,-1,-1,-1,-1,-1,-1,-1,-1,-1,-1,-1,-1,-1,-1,-1,-1,-1,1883,-1,-1,-1,-1,-1,1713,1794,1830,1691,-1,-1,-1,1403,-1,1437,1428,1423,1374,-1,-1,1162,1177,1198,1195,1212,1207,1173,-1,989,1010,1013,1012,1013,1018,1011,989,0,0,1,1,0,0,0,0,0,0,0,0,0,0,0,0,0,0,0,0,0,0,0,0,0,0,0,1,1,0,1,0,0,1,1,1,1,0,0,0,1,0,1,1,1,1,0,0,1,1,1,1,1,1,1,1,1,1,1,1,1,1,1,1
2026-07-07T14:27:51.512,tof2,8x8,empty,-1,-1,-1,-1,-1,-1,-1,-1,-1,-1,-1,-1,-1,-1,-1,-1,-1,-1,-1,-1,-1,-1,-1,-1,-1,-1,-1,-1,-1,-1,-1,-1,-1,-1,-1,-1,-1,-1,-1,-1,-1,-1,-1,-1,1974,1931,-1,-1,-1,-1,-1,1962,-1,1935,-1,-1,-1,-1,1179,1131,1065,1073,-1,996,0,0,0,0,0,0,0,0,0,0,0,0,0,0,0,0,0,0,0,0,0,0,0,0,0,0,1,0,0,0,0,0,0,0,0,0,0,0,0,0,0,0,0,0,1,1,0,0,0,0,0,1,0,1,1,0,0,0,1,1,1,1,0,1
2026-07-07T14:27:51.588,tof1,8x8,empty,-1,-1,3192,3182,-1,-1,-1,-1,-1,-1,-1,-1,-1,-1,-1,-1,-1,-1,-1,-1,-1,-1,-1,-1,-1,2136,-1,-1,-1,-1,-1,-1,-1,1726,1721,1807,1670,-1,-1,-1,1382,1474,1412,1434,1424,1456,-1,-1,1152,1184,1192,1191,1189,1184,1154,-1,992,1001,1021,1019,1033,1004,1031,983,0,0,1,1,0,1,0,1,0,0,0,0,0,0,0,0,0,0,0,0,0,0,1,1,0,1,1,0,1,0,0,1,0,1,1,1,1,0,0,0,1,1,1,1,1,1,0,0,1,1,1,1,1,1,1,0,1,1,1,1,1,1,1,1
2026-07-07T14:27:51.606,tof2,8x8,empty,-1,-1,-1,-1,-1,-1,-1,-1,-1,-1,-1,-1,-1,-1,-1,-1,-1,-1,-1,-1,-1,-1,-1,-1,-1,-1,-1,-1,-1,-1,-1,-1,-1,-1,-1,-1,-1,-1,-1,-1,-1,-1,-1,-1,1993,1956,-1,-1,-1,-1,-1,1941,-1,-1,1950,-1,-1,-1,-1,1154,-1,1042,-1,1006,0,0,0,0,0,0,0,0,0,0,0,0,0,0,0,0,0,0,0,0,0,0,0,0,0,0,0,0,0,0,0,0,0,0,0,0,0,0,0,0,0,0,0,0,1,1,0,0,0,0,0,1,1,0,1,0,0,0,1,1,1,1,1,1
2026-07-07T14:27:51.709,tof1,8x8,empty,-1,-1,3192,3198,-1,-1,-1,-1,-1,-1,-1,-1,-1,-1,-1,-1,-1,-1,-1,-1,-1,-1,-1,-1,-1,2084,-1,-1,-1,-1,-1,-1,-1,1729,1778,1796,1762,-1,-1,-1,1414,-1,1473,1504,1429,1427,-1,-1,1158,1183,1173,1191,1228,1184,1180,-1,998,1002,1006,1013,1033,1023,1011,987,0,0,1,1,0,0,0,0,0,0,0,0,0,0,0,0,0,0,0,0,0,0,1,0,0,1,0,1,0,0,0,0,1,1,1,1,1,0,0,0,1,0,1,1,1,1,0,0,1,1,1,1,1,1,1,0,1,1,1,1,1,1,1,1
2026-07-07T14:27:51.780,tof2,8x8,empty,-1,-1,-1,-1,-1,-1,-1,-1,-1,-1,-1,-1,-1,-1,-1,-1,-1,-1,-1,-1,-1,-1,-1,-1,-1,-1,-1,-1,-1,-1,-1,-1,-1,-1,-1,-1,-1,-1,-1,-1,-1,-1,-1,-1,-1,1929,-1,-1,-1,-1,-1,1949,-1,1939,-1,-1,-1,-1,1141,1068,1068,1116,1055,978,0,0,0,0,0,0,0,0,0,0,0,0,0,0,0,0,0,0,0,0,0,0,0,0,0,0,0,0,0,0,0,0,0,0,0,0,0,0,0,0,0,0,0,0,0,1,0,0,0,0,0,1,0,1,0,0,0,0,1,1,1,1,1,1
2026-07-07T14:27:51.833,tof1,8x8,empty,-1,-1,3176,3234,-1,-1,-1,-1,-1,-1,-1,-1,-1,-1,-1,-1,-1,-1,-1,-1,-1,-1,-1,-1,-1,-1,-1,1856,-1,-1,-1,-1,-1,1661,1812,1837,1757,-1,-1,-1,1368,-1,-1,1412,1397,1379,-1,-1,1179,1208,1201,1214,1212,1187,1172,-1,993,989,1009,1020,1043,1008,994,991,0,0,1,1,0,0,0,0,0,0,0,0,0,0,1,0,0,0,0,0,0,0,0,0,0,0,0,1,0,0,0,0,0,1,1,1,1,0,0,0,1,0,0,1,1,1,0,0,1,1,1,1,1,1,1,1,1,1,1,1,1,1,1,1
2026-07-07T14:27:51.907,tof2,8x8,empty,-1,-1,-1,-1,-1,-1,-1,-1,-1,-1,-1,-1,-1,-1,-1,-1,-1,-1,-1,-1,-1,-1,-1,-1,-1,-1,-1,-1,-1,-1,-1,-1,-1,-1,-1,-1,-1,-1,-1,-1,-1,-1,-1,-1,2036,2007,-1,-1,-1,-1,-1,1949,-1,1930,-1,-1,-1,1065,1128,1107,1046,1095,-1,-1,1,0,0,0,0,0,0,0,0,0,0,0,0,0,0,0,0,0,0,0,0,0,0,0,0,0,0,0,0,0,0,0,0,0,0,0,0,0,0,0,0,0,0,0,1,1,0,0,0,0,0,1,0,1,1,1,0,1,1,1,1,1,0,1
2026-07-07T14:27:51.930,tof1,8x8,empty,-1,-1,3158,3236,-1,-1,-1,-1,-1,-1,-1,-1,-1,-1,-1,-1,-1,-1,-1,-1,-1,-1,-1,-1,-1,-1,-1,2045,-1,-1,-1,-1,-1,1658,1769,1783,1776,-1,-1,-1,1382,-1,-1,1378,-1,1409,-1,-1,-1,1189,1184,1206,1168,1201,1180,-1,1015,1001,1004,1017,1014,1007,1006,971,0,0,1,1,0,0,0,1,0,0,0,0,0,0,0,0,0,0,0,0,0,0,0,0,0,0,1,1,0,0,0,0,0,1,1,1,1,0,0,0,1,1,1,1,1,1,1,0,1,1,1,1,1,1,1,0,1,1,1,1,1,1,1,1
2026-07-07T14:27:52.060,tof2,8x8,empty,-1,-1,-1,-1,-1,-1,-1,-1,-1,-1,-1,-1,-1,-1,-1,-1,-1,-1,-1,-1,-1,-1,-1,-1,-1,-1,-1,-1,-1,-1,-1,-1,-1,-1,-1,-1,-1,-1,-1,-1,-1,-1,-1,-1,1984,1966,-1,-1,-1,-1,-1,1922,1953,-1,-1,-1,-1,1122,1154,1104,1108,-1,-1,1042,0,0,0,0,0,0,0,0,0,0,0,0,0,0,0,0,0,0,0,0,0,0,0,0,0,0,0,0,0,0,0,0,0,0,0,0,0,0,0,0,0,0,0,0,1,1,0,0,0,0,0,1,1,0,1,0,0,1,1,1,1,0,1,1
2026-07-07T14:27:52.211,tof1,8x8,empty,-1,-1,3203,-1,-1,-1,-1,-1,-1,-1,-1,-1,-1,-1,-1,-1,-1,-1,-1,-1,-1,-1,-1,-1,-1,-1,-1,1904,-1,-1,-1,-1,-1,1714,1780,-1,1723,-1,-1,-1,-1,-1,-1,1383,1454,1402,-1,-1,1153,1200,1184,1185,1180,1190,1206,1120,1003,1001,1017,1012,1011,995,1012,973,0,0,1,1,0,0,1,0,0,0,0,0,0,0,0,0,0,0,0,0,0,0,0,0,0,1,0,1,0,0,0,1,0,1,1,0,1,0,0,0,1,0,0,1,1,1,1,0,1,1,1,1,1,1,1,1,1,1,1,1,1,1,1,1
2026-07-07T14:27:52.188,tof2,8x8,empty,-1,-1,-1,-1,-1,-1,-1,-1,-1,-1,-1,-1,-1,-1,-1,-1,-1,-1,-1,-1,-1,-1,-1,-1,-1,-1,-1,-1,-1,-1,-1,-1,-1,-1,-1,-1,-1,-1,-1,-1,-1,-1,-1,-1,-1,-1,-1,-1,-1,-1,-1,1905,-1,-1,1988,-1,-1,-1,-1,1094,1066,1104,1094,1044,0,0,0,0,0,0,0,0,0,0,0,0,0,0,0,0,0,0,0,0,0,0,0,0,0,0,0,0,0,0,0,0,0,0,0,0,0,0,0,0,0,0,0,1,0,0,0,0,0,0,0,1,1,0,1,0,0,0,1,1,1,1,1,1
2026-07-07T14:27:52.302,tof2,8x8,empty,-1,-1,-1,-1,-1,-1,-1,-1,-1,-1,-1,-1,-1,-1,-1,-1,-1,-1,-1,-1,-1,-1,-1,-1,-1,-1,-1,-1,-1,-1,-1,-1,-1,-1,-1,-1,-1,-1,-1,-1,-1,-1,-1,-1,1969,2008,-1,-1,-1,-1,-1,1968,-1,1919,1925,-1,-1,-1,1165,1050,1144,-1,1027,1064,0,0,1,0,0,0,0,0,0,0,0,0,0,0,0,0,0,0,0,0,0,0,0,0,0,0,0,0,0,0,0,0,0,0,0,0,0,0,0,0,0,0,0,0,1,1,0,0,0,0,0,1,0,1,1,0,0,0,1,1,1,1,1,1
2026-07-07T14:27:52.332,tof1,8x8,empty,-1,-1,3193,3226,-1,-1,-1,-1,-1,-1,-1,-1,-1,-1,-1,-1,-1,-1,-1,-1,-1,-1,-1,-1,-1,-1,-1,-1,-1,-1,-1,-1,-1,1752,1728,1808,-1,-1,-1,-1,1360,1383,-1,1461,1435,1483,-1,-1,1168,1199,1145,1198,1206,1180,1149,-1,998,1007,1010,1003,1000,1006,1020,982,0,0,1,1,0,0,0,0,0,0,0,0,0,0,1,0,0,0,0,0,0,0,0,1,0,1,0,0,0,0,0,0,0,1,1,1,1,0,0,0,1,1,0,1,1,1,0,0,1,1,1,1,1,1,1,0,1,1,1,1,1,1,1,1
2026-07-07T14:27:52.434,tof1,8x8,empty,-1,-1,3191,3208,-1,-1,-1,-1,-1,-1,-1,-1,-1,-1,-1,-1,-1,-1,-1,-1,-1,-1,-1,-1,-1,-1,-1,1834,-1,-1,3651,-1,-1,1801,1788,1772,1731,-1,-1,-1,1391,1387,1421,1444,1483,1429,-1,-1,1162,1183,1155,1176,1185,1186,1179,-1,996,991,1024,1019,1006,1003,1012,986,0,0,1,1,0,0,0,0,0,0,0,0,0,0,0,0,0,0,0,0,0,0,0,0,0,0,0,1,0,0,1,0,0,1,1,1,1,0,0,0,1,1,1,1,1,1,0,0,1,1,1,1,1,1,1,1,1,1,1,1,1,1,1,1
2026-07-07T14:27:52.423,tof2,8x8,empty,-1,-1,-1,-1,-1,-1,-1,-1,-1,-1,-1,-1,-1,-1,-1,-1,-1,-1,-1,-1,-1,-1,-1,-1,-1,-1,-1,-1,-1,-1,-1,-1,-1,-1,-1,-1,-1,-1,-1,-1,-1,-1,-1,-1,2017,1978,-1,-1,-1,-1,-1,1948,-1,-1,1908,-1,-1,-1,1183,1134,1052,1120,1071,989,0,0,0,0,0,0,0,0,0,0,0,0,0,0,0,0,0,0,0,0,0,0,0,0,0,0,0,0,0,0,0,0,0,0,0,0,0,0,0,0,0,0,0,0,1,1,0,0,0,0,0,1,0,0,1,0,0,0,1,1,1,1,1,1
2026-07-07T14:27:52.528,tof1,8x8,empty,-1,-1,3191,3201,-1,-1,-1,-1,-1,-1,-1,-1,-1,-1,-1,-1,-1,-1,-1,-1,-1,-1,-1,-1,-1,-1,-1,-1,-1,-1,-1,-1,-1,1640,1783,1821,1715,-1,-1,-1,1424,-1,1414,1437,1474,1407,-1,-1,1183,1151,1183,1195,1210,1201,1177,-1,1007,1011,996,1011,1015,1004,1011,986,0,0,1,1,0,0,0,0,0,0,0,0,0,0,0,0,0,0,0,0,0,0,0,0,0,0,0,1,0,0,0,0,0,1,1,1,1,0,0,0,1,0,1,1,1,1,1,0,1,1,1,1,1,1,1,0,1,1,1,1,1,1,1,1
2026-07-07T14:27:52.523,tof2,8x8,empty,-1,-1,-1,-1,-1,-1,-1,-1,-1,-1,-1,-1,-1,-1,-1,-1,-1,-1,-1,-1,-1,-1,-1,-1,-1,-1,-1,-1,-1,-1,-1,-1,-1,-1,-1,-1,-1,-1,-1,-1,-1,-1,-1,-1,1996,2030,-1,-1,-1,-1,-1,-1,-1,-1,2004,-1,-1,-1,1077,1249,1062,1065,1096,1080,0,0,0,0,0,0,0,0,0,0,0,0,0,0,0,0,0,0,0,0,0,0,0,0,0,0,0,0,0,0,0,0,0,0,0,0,0,0,0,0,0,0,0,0,1,1,1,0,0,0,0,0,1,0,1,0,0,1,1,1,1,1,1,1
2026-07-07T14:27:52.636,tof2,8x8,empty,-1,-1,-1,-1,-1,-1,-1,-1,-1,-1,-1,-1,-1,-1,-1,-1,-1,-1,-1,-1,-1,-1,-1,-1,-1,-1,-1,-1,-1,-1,-1,-1,-1,-1,-1,-1,-1,-1,-1,-1,-1,-1,-1,-1,-1,1945,-1,-1,-1,-1,-1,1953,-1,1958,-1,-1,-1,1049,1088,1184,1140,1116,1057,1033,0,0,0,0,0,0,0,0,0,0,0,0,0,0,0,0,0,0,0,0,0,0,0,0,0,0,0,0,0,0,0,0,0,0,0,0,0,0,0,0,0,0,0,0,0,1,0,0,0,0,0,1,0,1,0,0,0,1,1,1,1,1,1,1
2026-07-07T14:27:52.675,tof1,8x8,empty,-1,-1,3179,3203,-1,-1,-1,-1,-1,-1,-1,-1,-1,-1,3389,-1,-1,-1,-1,-1,-1,-1,-1,-1,-1,-1,-1,2003,-1,-1,-1,-1,-1,1773,-1,1763,-1,-1,-1,-1,1396,1412,1428,1457,1437,1432,-1,-1,1150,1200,1178,1197,1223,1201,1152,-1,992,1003,992,1015,1016,1006,1005,987,1,0,1,1,0,0,0,0,0,0,0,0,0,0,1,0,0,0,0,0,0,0,0,0,0,0,0,1,0,0,1,0,0,1,1,1,1,0,0,0,1,1,1,1,1,1,0,0,1,1,1,1,1,1,1,0,1,1,1,1,1,1,1,1
2026-07-07T14:27:52.781,tof1,8x8,empty,-1,-1,3173,-1,-1,-1,-1,-1,-1,-1,-1,-1,-1,-1,-1,-1,-1,-1,-1,-1,-1,-1,-1,-1,-1,-1,-1,1834,-1,-1,-1,-1,-1,1720,1743,1803,1769,-1,-1,-1,1416,1389,-1,1439,1439,1430,-1,-1,1165,1194,1179,1214,1174,1189,1181,-1,999,1011,997,1019,1026,1020,1019,993,0,0,1,0,0,0,0,0,0,0,0,0,0,0,0,0,0,0,0,0,1,0,0,0,0,0,0,1,0,0,0,0,0,1,1,1,1,0,0,0,1,1,0,1,1,1,1,0,1,1,1,1,1,1,1,1,1,1,1,1,1,1,1,1
2026-07-07T14:27:52.783,tof2,8x8,empty,-1,-1,-1,-1,-1,-1,-1,-1,-1,-1,-1,-1,-1,-1,-1,-1,-1,-1,-1,-1,-1,-1,-1,-1,-1,-1,-1,-1,-1,-1,-1,-1,-1,-1,-1,-1,-1,-1,-1,-1,-1,-1,-1,-1,1998,-1,-1,-1,-1,-1,-1,-1,-1,1945,1933,-1,-1,-1,1142,1192,1114,1063,1082,1072,0,0,0,0,0,0,0,0,0,0,0,0,0,0,0,0,0,0,0,0,0,0,0,0,0,0,0,0,0,0,0,0,0,0,0,0,0,0,0,0,0,0,0,0,1,1,0,0,0,0,0,0,0,1,1,0,0,0,1,1,1,1,1,1
2026-07-07T14:27:52.972,tof1,8x8,empty,-1,-1,3198,3253,-1,-1,-1,-1,-1,-1,-1,-1,-1,-1,-1,-1,-1,-1,-1,-1,-1,-1,-1,-1,-1,-1,1934,-1,-1,-1,-1,-1,-1,1743,1771,1796,1700,-1,-1,-1,1384,1396,1442,1397,1387,1426,-1,-1,1175,1182,1186,1208,1227,1188,1167,-1,996,1004,1007,1020,1031,1025,1014,978,0,0,1,1,0,0,1,0,0,0,0,0,0,0,0,0,0,0,0,0,0,0,0,0,0,0,1,0,0,0,0,0,0,1,1,1,1,0,0,0,1,1,1,1,1,1,0,0,1,1,1,1,1,1,1,0,1,1,1,1,1,1,1,1
2026-07-07T14:27:53.150,tof2,8x8,empty,-1,-1,-1,-1,-1,-1,-1,-1,-1,-1,-1,-1,-1,-1,-1,-1,-1,-1,-1,-1,-1,-1,-1,-1,-1,-1,-1,-1,-1,-1,-1,-1,-1,-1,-1,-1,-1,-1,-1,-1,-1,-1,-1,-1,-1,2002,-1,-1,-1,-1,-1,1934,-1,-1,-1,-1,-1,-1,1064,1117,1069,1066,1040,1003,0,0,0,0,0,0,0,0,0,0,0,0,0,0,0,0,0,0,0,0,0,0,0,0,0,0,0,0,0,0,0,0,0,0,0,0,0,0,0,0,0,0,0,0,0,1,0,0,0,0,0,1,0,0,1,0,0,0,1,1,1,1,1,1
2026-07-07T14:27:53.247,tof1,8x8,empty,-1,-1,3186,3199,-1,-1,-1,-1,-1,-1,-1,-1,-1,-1,-1,-1,-1,-1,-1,-1,-1,-1,-1,2904,-1,-1,-1,1926,-1,-1,-1,-1,-1,1855,1781,1788,1708,-1,-1,-1,1435,-1,-1,1432,1443,1443,-1,-1,1176,1204,1206,1203,-1,1210,1200,-1,1000,1005,1007,1031,1013,1024,1017,983,0,0,1,1,0,0,1,0,0,0,0,0,0,0,0,0,0,0,0,0,0,0,0,1,0,0,0,1,0,0,1,0,0,1,1,1,1,0,0,0,1,0,0,1,1,1,0,0,1,1,1,1,1,1,1,0,1,1,1,1,1,1,1,1
2026-07-07T14:27:53.257,tof2,8x8,empty,-1,-1,-1,-1,-1,-1,-1,-1,-1,-1,-1,-1,-1,-1,-1,-1,-1,-1,-1,-1,-1,-1,-1,-1,-1,-1,-1,-1,-1,-1,-1,-1,-1,-1,-1,-1,-1,-1,-1,-1,-1,-1,-1,-1,1984,1943,-1,-1,-1,-1,-1,1905,-1,-1,-1,-1,-1,-1,1184,1130,1124,-1,1102,1016,0,0,0,0,0,0,0,0,0,0,0,0,0,0,0,0,0,0,0,0,0,0,0,0,0,0,0,0,0,0,0,0,0,0,0,0,0,0,0,0,0,0,0,0,1,1,0,0,0,0,0,1,0,1,1,0,0,0,1,1,1,1,1,1
2026-07-07T14:27:53.368,tof1,8x8,empty,-1,-1,3194,3242,-1,-1,-1,-1,-1,-1,-1,-1,-1,-1,-1,-1,-1,-1,-1,-1,-1,-1,-1,-1,-1,-1,-1,-1,-1,-1,-1,-1,-1,1722,1756,1804,1763,-1,-1,-1,1418,1346,-1,1467,1426,1417,-1,-1,1160,1196,1172,1193,1195,1205,1173,-1,995,993,1003,1014,1023,1008,1002,1006,1,0,1,1,0,0,0,0,0,0,0,0,0,0,0,0,0,0,0,0,1,0,0,0,0,1,0,0,0,0,1,0,0,1,1,1,1,0,0,0,1,1,1,1,1,1,0,0,1,1,1,1,1,1,1,0,1,1,1,1,1,1,1,1
2026-07-07T14:27:53.350,tof2,8x8,empty,-1,-1,-1,-1,-1,-1,-1,-1,-1,-1,-1,-1,-1,-1,-1,-1,-1,-1,-1,-1,-1,-1,-1,-1,-1,-1,-1,-1,-1,-1,-1,-1,-1,-1,-1,-1,-1,-1,-1,-1,-1,-1,-1,-1,1969,1937,-1,-1,-1,-1,-1,1905,-1,2026,1929,-1,-1,-1,1080,-1,1050,-1,1125,1058,0,0,0,0,0,0,0,0,0,0,0,0,0,0,0,0,0,0,0,0,0,0,0,0,0,0,0,0,0,0,0,0,0,0,0,0,0,0,0,0,0,0,0,0,1,1,0,0,0,0,0,1,0,1,1,0,0,0,1,0,1,1,1,1
2026-07-07T14:27:53.501,tof2,8x8,empty,-1,-1,-1,-1,-1,-1,-1,-1,-1,-1,-1,-1,-1,-1,-1,-1,-1,-1,-1,-1,-1,-1,-1,-1,-1,-1,-1,-1,-1,-1,-1,-1,-1,-1,-1,-1,-1,-1,-1,-1,-1,-1,-1,-1,1953,1997,-1,-1,-1,-1,-1,-1,-1,-1,-1,-1,-1,-1,1063,1167,1085,1045,1023,1014,0,0,0,1,0,0,0,0,0,0,0,0,0,0,0,0,0,0,0,0,0,0,0,0,0,0,0,0,0,0,0,0,0,0,0,0,0,0,0,0,0,0,0,0,1,1,0,0,0,0,0,0,1,0,0,0,0,1,1,1,1,1,1,1
2026-07-07T14:27:53.532,tof1,8x8,empty,-1,-1,3199,-1,-1,-1,-1,-1,-1,-1,-1,-1,-1,-1,-1,-1,-1,-1,-1,-1,-1,-1,-1,-1,-1,-1,-1,-1,-1,-1,-1,-1,-1,-1,1755,1784,-1,-1,-1,-1,1395,1432,1362,1447,1468,1444,-1,-1,1146,1215,1244,1186,1156,1191,1139,-1,996,1002,997,1008,1016,1014,1013,970,0,0,1,1,0,0,0,0,0,0,0,0,0,0,0,0,0,0,0,0,1,0,0,0,0,1,0,0,0,0,0,0,0,1,1,1,1,1,0,0,1,1,1,1,1,1,0,0,1,1,1,1,1,1,1,1,1,1,1,1,1,1,1,1
2026-07-07T14:27:53.597,tof2,8x8,empty,-1,-1,-1,-1,-1,-1,-1,-1,-1,-1,-1,-1,-1,-1,-1,-1,-1,-1,-1,-1,-1,-1,-1,-1,-1,-1,-1,-1,-1,-1,-1,-1,-1,-1,-1,-1,-1,-1,-1,-1,-1,-1,-1,-1,1984,1884,-1,-1,-1,-1,-1,1926,-1,-1,-1,-1,-1,-1,1074,1129,1080,1063,1011,994,0,0,0,0,0,0,0,0,0,0,0,0,0,0,0,0,0,0,0,0,0,0,0,0,0,0,0,0,0,0,0,0,0,0,0,0,0,0,0,0,0,0,0,0,1,1,0,0,0,0,0,1,0,1,1,0,0,0,1,1,1,1,1,1
2026-07-07T14:27:53.678,tof1,8x8,empty,-1,-1,3189,3193,-1,-1,-1,-1,-1,-1,-1,-1,-1,-1,-1,-1,-1,-1,-1,-1,-1,-1,-1,-1,-1,-1,-1,1922,-1,-1,-1,-1,1549,1693,1752,1847,1759,-1,-1,-1,1416,-1,-1,1413,-1,1384,-1,-1,1199,1179,1192,1187,1217,1190,1135,-1,994,1013,1011,1025,1011,1019,996,980,0,0,1,1,0,0,1,0,0,0,0,0,0,0,0,0,0,0,0,0,0,0,1,1,0,1,0,1,0,0,0,0,1,1,1,1,1,0,0,0,1,1,0,1,1,1,0,0,1,1,1,1,1,1,1,0,1,1,1,1,1,1,1,1
2026-07-07T14:27:53.768,tof2,8x8,empty,-1,-1,-1,-1,-1,-1,-1,-1,-1,-1,-1,-1,-1,-1,-1,-1,-1,-1,-1,-1,-1,-1,-1,-1,-1,-1,-1,-1,-1,-1,-1,-1,-1,-1,-1,-1,-1,-1,-1,-1,-1,-1,-1,-1,2023,1971,-1,-1,-1,-1,-1,2007,-1,-1,1861,-1,-1,-1,1125,1141,1066,1088,1120,-1,0,0,0,0,0,0,0,0,0,0,0,0,0,0,0,0,0,0,0,0,0,0,0,0,0,0,0,0,0,0,0,0,0,0,0,0,0,0,0,0,0,0,0,0,1,1,0,0,0,0,0,1,0,0,1,0,0,1,1,1,1,1,1,1
2026-07-07T14:27:53.865,tof2,8x8,empty,-1,-1,-1,-1,-1,-1,-1,-1,-1,-1,-1,-1,-1,-1,-1,-1,-1,-1,-1,-1,-1,-1,-1,-1,-1,-1,-1,-1,-1,-1,-1,-1,-1,-1,-1,-1,-1,-1,-1,-1,-1,-1,-1,-1,-1,1984,-1,-1,-1,-1,-1,1971,-1,-1,-1,-1,-1,1142,1151,1124,1005,1098,1046,962,0,0,0,0,0,0,0,0,0,0,0,0,0,0,0,0,0,0,0,0,0,0,0,0,0,0,0,0,0,0,0,0,0,0,0,0,0,0,0,0,0,0,0,0,0,1,0,0,0,0,0,1,0,0,0,0,0,1,1,1,1,1,1,1
2026-07-07T14:27:53.902,tof1,8x8,empty,-1,-1,3177,3231,-1,-1,-1,-1,-1,-1,-1,-1,-1,-1,-1,-1,-1,-1,-1,-1,-1,-1,-1,-1,-1,-1,-1,1864,-1,-1,-1,-1,-1,1650,1811,1769,1718,-1,-1,-1,1487,1427,-1,1452,1406,1376,-1,-1,1183,1151,1170,1196,1215,1187,1151,-1,1010,1008,1016,1019,1010,1007,1021,984,0,0,1,1,0,0,0,0,0,0,0,0,0,0,0,0,0,0,0,0,0,0,0,1,0,0,1,1,0,0,0,0,0,1,1,1,1,1,0,0,1,1,0,1,1,1,0,0,1,1,1,1,1,1,1,0,1,1,1,1,1,1,1,1
2026-07-07T14:27:53.985,tof2,8x8,empty,-1,-1,-1,-1,-1,-1,-1,-1,-1,-1,-1,-1,-1,-1,-1,-1,-1,-1,-1,-1,-1,-1,-1,-1,-1,-1,-1,-1,-1,-1,-1,-1,-1,-1,-1,-1,-1,-1,-1,-1,-1,-1,-1,-1,1975,1989,-1,-1,-1,-1,-1,1948,-1,1924,1939,-1,-1,1065,1123,1092,1072,1050,1083,1022,0,0,0,0,0,0,0,0,1,0,0,0,0,0,0,0,0,0,0,0,0,0,0,0,0,0,0,0,0,0,0,0,0,0,0,0,0,0,0,0,0,0,0,0,1,1,0,0,0,0,0,1,0,1,1,0,0,1,1,1,1,1,1,1
2026-07-07T14:27:54.056,tof1,8x8,empty,-1,-1,3198,3231,-1,-1,-1,-1,-1,-1,-1,-1,-1,-1,-1,-1,-1,-1,-1,-1,-1,-1,-1,-1,-1,-1,-1,-1,-1,-1,-1,-1,-1,1753,1764,1894,1714,-1,-1,-1,1423,-1,-1,1392,1409,-1,-1,-1,1180,1199,1181,1196,1202,1186,1185,2234,1000,1001,994,1025,1015,1007,1006,975,0,0,1,1,0,0,0,1,0,0,0,0,0,0,0,0,1,0,0,0,0,0,0,1,0,0,0,1,0,0,0,0,0,1,1,1,1,0,0,0,1,1,0,1,1,1,0,0,1,1,1,1,1,1,1,1,1,1,1,1,1,1,1,1
2026-07-07T14:27:54.160,tof1,8x8,empty,-1,-1,3187,3213,-1,-1,-1,-1,-1,-1,-1,-1,-1,-1,-1,-1,-1,-1,-1,-1,-1,-1,-1,-1,-1,-1,-1,1948,-1,-1,-1,-1,-1,1667,1736,1791,1743,-1,-1,-1,1382,1424,-1,-1,1426,1408,-1,-1,1168,1193,1212,1191,1159,1205,1148,2148,1011,997,1020,1010,1024,1013,1010,989,0,1,1,1,0,0,1,0,0,0,0,0,0,0,0,0,0,0,0,0,0,0,0,0,0,1,0,1,0,0,0,0,0,1,1,1,1,0,0,0,1,1,0,1,1,1,0,0,1,1,1,1,1,1,1,1,1,1,1,1,1,1,1,1
2026-07-07T14:27:54.167,tof2,8x8,empty,-1,-1,-1,-1,-1,-1,-1,-1,-1,-1,-1,-1,-1,-1,-1,-1,-1,-1,-1,-1,-1,-1,-1,-1,-1,-1,-1,-1,-1,-1,-1,-1,-1,-1,-1,-1,-1,-1,-1,-1,-1,-1,-1,-1,1965,1937,-1,-1,-1,-1,-1,1943,-1,-1,-1,-1,-1,-1,1106,-1,1070,1075,1074,941,0,0,0,0,0,0,0,0,0,0,0,0,0,0,0,0,0,0,0,0,0,0,0,0,0,0,0,0,0,0,0,0,0,0,0,0,0,0,0,0,0,0,0,0,1,1,0,0,0,0,0,1,0,1,1,0,0,1,1,1,1,1,1,1
2026-07-07T14:27:54.253,tof1,8x8,empty,-1,-1,3203,3216,-1,-1,-1,-1,-1,-1,-1,-1,-1,-1,-1,-1,-1,-1,-1,-1,-1,-1,-1,-1,-1,-1,-1,-1,-1,-1,-1,-1,-1,1693,1766,1796,1713,-1,-1,-1,1383,1492,-1,1477,1442,1442,-1,-1,1180,1216,1189,1182,1216,1203,1202,-1,1002,998,997,1008,1010,1014,1024,994,0,0,1,1,0,0,0,0,0,0,0,0,0,0,0,0,0,0,0,1,0,0,1,0,0,0,0,0,0,0,1,0,1,1,1,1,1,0,0,0,1,1,1,1,1,1,0,0,1,1,1,1,1,1,1,0,1,1,1,1,1,1,1,1
2026-07-07T14:27:54.288,tof2,8x8,empty,-1,-1,-1,-1,-1,-1,-1,-1,-1,-1,-1,-1,-1,-1,-1,-1,-1,-1,-1,-1,-1,-1,-1,-1,-1,-1,-1,-1,-1,-1,-1,-1,-1,-1,-1,-1,-1,-1,-1,-1,-1,-1,-1,-1,-1,-1,-1,-1,-1,-1,-1,1915,1924,1906,-1,-1,-1,-1,1140,1117,1000,-1,1062,984,0,0,0,0,0,0,0,0,0,0,0,0,0,0,0,0,0,0,0,0,0,0,0,0,0,0,0,0,0,0,0,0,0,0,0,0,0,0,0,0,0,0,0,0,1,1,0,0,1,0,0,1,1,1,0,0,0,0,1,1,1,1,1,1
2026-07-07T14:27:54.352,tof1,8x8,empty,-1,-1,3194,3239,-1,-1,-1,-1,-1,-1,-1,-1,-1,-1,3401,-1,-1,-1,-1,-1,-1,-1,-1,-1,-1,-1,-1,-1,-1,-1,-1,-1,-1,1719,1827,1839,1754,-1,-1,-1,1331,1400,1404,1451,1401,1403,-1,-1,1141,1210,1198,1178,1198,1219,1145,2304,995,996,1027,1037,1019,1012,1006,979,0,0,1,1,0,0,0,0,0,0,0,0,0,0,1,0,0,0,0,0,0,0,0,0,0,0,0,1,0,0,0,0,0,1,1,1,1,0,0,0,1,1,1,1,1,1,0,0,1,1,1,1,1,1,1,1,1,1,1,1,1,1,1,1
2026-07-07T14:27:54.374,tof2,8x8,empty,-1,-1,-1,-1,-1,-1,-1,-1,-1,-1,-1,-1,-1,-1,-1,-1,-1,-1,-1,-1,-1,-1,-1,-1,-1,-1,-1,-1,-1,-1,-1,-1,-1,-1,-1,-1,-1,-1,-1,-1,-1,-1,-1,-1,1943,2020,-1,-1,-1,-1,-1,1947,-1,-1,-1,-1,-1,-1,1146,1114,1114,-1,1011,952,0,0,0,0,0,0,0,0,0,0,0,0,0,0,0,0,0,0,0,0,0,0,0,0,0,0,0,0,1,0,0,0,0,0,0,0,0,0,0,0,0,0,0,0,1,1,0,0,0,0,0,1,0,1,1,0,0,0,1,1,1,1,1,1
2026-07-07T14:27:54.492,tof2,8x8,empty,-1,-1,-1,-1,-1,-1,-1,-1,-1,-1,-1,-1,-1,-1,-1,-1,-1,-1,-1,-1,-1,-1,-1,-1,-1,-1,-1,-1,-1,-1,-1,-1,-1,-1,-1,-1,-1,-1,-1,-1,-1,-1,-1,-1,1978,-1,-1,-1,-1,-1,-1,1903,-1,-1,-1,-1,-1,-1,1113,1130,1081,1100,1009,1022,0,0,0,1,0,0,0,0,0,0,0,0,0,0,0,0,0,0,0,0,0,0,0,0,0,0,0,0,0,0,0,0,0,0,0,0,0,0,0,0,0,0,0,0,1,0,0,0,0,0,0,1,0,0,0,0,0,1,1,1,1,1,1,1
2026-07-07T14:27:54.502,tof1,8x8,empty,-1,-1,3182,3211,-1,-1,-1,3274,-1,-1,-1,-1,-1,-1,-1,-1,-1,-1,-1,-1,-1,-1,-1,-1,-1,-1,-1,1864,-1,-1,-1,-1,-1,1733,1748,1815,1773,-1,-1,-1,1509,-1,-1,1458,1458,1378,-1,-1,1196,1206,1215,1203,1237,1228,1166,-1,989,1013,1007,1003,1028,1010,1018,986,0,0,1,1,0,0,0,1,0,0,0,0,0,0,0,0,0,0,0,0,0,0,0,0,0,0,1,1,0,0,0,0,0,1,1,1,1,0,0,0,1,0,1,1,1,1,0,0,1,1,1,1,1,1,1,1,1,1,1,1,1,1,1,1
2026-07-07T14:27:54.609,tof2,8x8,empty,-1,-1,-1,-1,-1,-1,-1,-1,-1,-1,-1,-1,-1,-1,-1,-1,-1,-1,-1,-1,-1,-1,-1,-1,-1,-1,-1,-1,-1,-1,-1,-1,-1,-1,-1,-1,-1,-1,-1,-1,-1,-1,-1,-1,1966,1975,1962,-1,-1,-1,-1,1960,-1,-1,-1,-1,-1,-1,-1,1259,-1,1141,1058,974,0,0,0,0,0,0,0,0,0,0,0,0,0,0,0,0,0,0,0,0,0,0,0,0,0,0,0,0,0,0,0,0,0,0,0,0,0,0,0,0,0,0,0,0,1,1,1,1,0,0,0,1,0,0,0,0,0,1,1,1,0,1,1,1
2026-07-07T14:27:54.659,tof1,8x8,empty,-1,-1,3176,3207,-1,-1,-1,-1,-1,-1,-1,-1,-1,-1,-1,-1,-1,-1,-1,-1,-1,-1,-1,-1,-1,-1,-1,-1,-1,-1,-1,-1,-1,1662,1763,1829,1744,-1,-1,-1,1363,1429,-1,1421,1381,1392,-1,-1,1143,1197,1202,1190,1209,1176,1179,-1,983,1003,1015,1010,1009,1009,1052,990,0,0,1,1,0,0,1,0,0,0,0,0,0,0,0,0,0,0,0,0,0,1,1,0,0,0,1,0,0,0,0,0,0,1,1,1,1,0,0,0,1,1,0,1,1,1,0,0,1,1,1,1,1,1,1,1,1,1,1,1,1,1,1,1
2026-07-07T14:27:54.826,tof2,8x8,empty,-1,-1,-1,-1,-1,-1,-1,-1,-1,-1,-1,-1,-1,-1,-1,-1,-1,-1,-1,-1,-1,-1,-1,-1,-1,-1,-1,-1,-1,-1,-1,-1,-1,-1,-1,-1,-1,-1,-1,-1,-1,-1,-1,-1,-1,-1,-1,-1,-1,-1,-1,1943,-1,1976,1889,-1,-1,-1,1099,1105,1059,1082,-1,949,0,0,0,0,0,0,0,0,0,0,0,0,0,0,0,0,0,0,0,0,0,0,0,0,0,0,0,0,0,0,0,0,0,0,0,0,0,0,0,0,0,0,0,0,0,1,1,0,0,0,0,1,0,1,1,0,0,0,1,1,1,1,1,1
2026-07-07T14:27:54.839,tof1,8x8,empty,-1,-1,3191,3177,-1,-1,-1,-1,-1,-1,-1,-1,-1,-1,-1,-1,-1,-1,-1,-1,-1,-1,-1,-1,-1,-1,-1,1846,-1,-1,-1,-1,-1,1614,1760,1806,-1,-1,-1,-1,1428,1450,1359,1430,1440,1370,-1,-1,1225,1226,1171,1177,1189,1192,1159,-1,999,993,1011,1029,990,1022,1010,1003,1,0,1,1,0,0,0,0,0,0,0,0,0,0,0,0,0,0,0,0,0,0,0,0,0,0,0,1,0,0,0,0,0,1,1,1,1,0,0,0,1,1,1,1,1,1,0,0,1,1,1,1,1,1,1,0,1,1,1,1,1,1,1,1
2026-07-07T14:27:54.951,tof1,8x8,empty,-1,-1,3200,-1,-1,-1,-1,-1,-1,-1,-1,-1,-1,-1,-1,-1,-1,-1,-1,-1,-1,-1,-1,-1,-1,-1,-1,-1,-1,-1,3609,-1,-1,1688,1775,1786,1676,-1,-1,-1,1395,1487,-1,1424,1417,1450,-1,-1,1143,1200,1217,1180,1215,1192,1175,-1,1010,1002,1015,1015,1008,1008,1006,990,0,0,1,1,0,0,0,0,0,0,0,0,0,0,0,0,0,0,0,0,0,0,0,1,0,0,0,1,0,0,1,0,0,1,1,1,1,0,0,0,1,1,0,1,1,1,1,0,1,1,1,1,1,1,1,0,1,1,1,1,1,1,1,1
2026-07-07T14:27:54.953,tof2,8x8,empty,-1,-1,-1,-1,-1,-1,-1,-1,-1,-1,-1,-1,-1,-1,-1,-1,-1,-1,-1,-1,-1,-1,-1,-1,-1,-1,-1,-1,-1,-1,-1,-1,-1,-1,-1,-1,-1,-1,-1,-1,-1,-1,-1,-1,1986,-1,-1,-1,-1,-1,-1,1937,-1,-1,-1,-1,-1,1011,1132,1140,1084,1130,1052,993,0,0,0,0,0,0,0,0,0,0,0,0,0,0,0,0,0,0,0,0,0,0,0,0,0,0,0,0,0,0,0,0,0,0,0,0,0,0,0,0,0,0,0,0,1,1,1,0,1,0,0,1,0,0,0,0,0,1,1,1,1,1,1,1
2026-07-07T14:27:55.121,tof1,8x8,empty,-1,-1,3221,3194,-1,-1,-1,-1,-1,-1,-1,-1,-1,-1,-1,-1,-1,-1,-1,-1,-1,-1,-1,2774,-1,-1,-1,1910,-1,-1,-1,-1,-1,1689,1795,1824,1755,-1,-1,-1,1409,1422,-1,1402,1440,1419,1370,-1,1173,1198,1191,1191,1202,1213,1197,-1,998,1004,997,1019,1028,1019,1002,999,0,0,1,1,0,0,0,1,0,0,0,0,0,0,0,0,0,0,0,0,0,0,0,1,0,1,0,1,1,0,0,0,0,1,1,1,1,0,0,0,1,1,0,1,1,1,1,0,1,1,1,1,1,1,1,0,1,1,1,1,1,1,1,1
2026-07-07T14:27:55.315,tof2,8x8,empty,-1,-1,-1,-1,-1,-1,-1,-1,-1,-1,-1,-1,-1,-1,-1,-1,-1,-1,-1,-1,-1,-1,-1,-1,-1,-1,-1,-1,-1,-1,-1,-1,-1,-1,-1,-1,-1,-1,-1,-1,-1,-1,-1,-1,2027,1938,-1,-1,-1,-1,-1,1975,-1,1860,-1,-1,-1,1089,1144,1096,1125,1121,-1,1022,0,0,0,0,0,0,0,0,0,0,0,0,0,0,0,0,0,0,0,0,0,0,0,0,0,0,0,0,0,0,0,0,0,0,0,0,0,0,0,0,0,0,0,0,1,1,0,1,0,0,0,1,0,1,0,0,0,1,1,1,1,1,1,1
2026-07-07T14:27:55.551,tof1,8x8,empty,-1,-1,3185,3247,-1,-1,-1,-1,-1,-1,-1,-1,-1,-1,-1,-1,-1,-1,-1,-1,-1,-1,-1,-1,-1,-1,-1,-1,-1,-1,-1,-1,-1,1672,1756,1753,1734,-1,-1,-1,1415,1548,1397,1427,1442,1419,-1,-1,1188,1187,1168,1208,1202,1205,1180,-1,988,1003,997,1021,1016,1025,1010,970,0,0,1,1,0,0,0,1,0,0,0,0,0,0,1,0,0,0,0,0,0,0,0,1,0,0,0,0,0,0,0,0,0,1,1,1,1,0,0,0,1,1,1,1,1,1,0,0,1,1,1,1,1,1,1,0,1,1,1,1,1,1,1,1
2026-07-07T14:27:56.355,tof1,8x8,empty,-1,-1,3200,3188,-1,-1,-1,-1,-1,-1,-1,-1,-1,-1,-1,-1,-1,-1,-1,-1,-1,-1,-1,-1,-1,-1,-1,-1,-1,-1,-1,-1,-1,1683,1762,1787,-1,-1,-1,-1,1378,1417,1413,1447,1424,1403,-1,-1,1169,1169,1172,1215,1200,1190,1161,-1,1013,996,1008,1018,1009,1015,1018,998,0,0,1,1,0,0,0,0,0,1,0,0,0,0,0,0,0,0,0,1,0,0,0,0,0,1,1,0,0,0,0,0,0,1,1,1,1,0,0,0,1,1,1,1,1,1,1,0,1,1,1,1,1,1,1,0,1,1,1,1,1,1,1,1
2026-07-07T14:27:56.923,tof2,8x8,empty,-1,-1,-1,-1,-1,-1,-1,-1,-1,-1,-1,-1,-1,-1,-1,-1,-1,-1,-1,-1,-1,-1,-1,-1,-1,-1,-1,-1,-1,-1,-1,-1,-1,-1,-1,-1,-1,-1,-1,-1,-1,-1,-1,-1,-1,1968,-1,-1,-1,-1,-1,-1,-1,-1,1889,-1,-1,-1,1145,1110,1084,1109,1020,995,0,0,0,1,0,0,0,0,0,0,0,0,0,0,0,0,0,0,0,0,0,0,0,0,0,0,0,0,0,0,0,0,0,0,0,0,0,0,0,0,0,0,0,0,1,1,0,0,0,0,0,1,0,1,1,0,0,0,1,1,1,1,1,1
2026-07-07T14:27:57.269,tof1,8x8,empty,-1,-1,3193,3239,-1,-1,-1,-1,-1,-1,-1,-1,-1,-1,-1,-1,-1,-1,-1,-1,-1,-1,-1,-1,-1,-1,-1,-1,-1,-1,-1,-1,-1,1699,1740,1828,1795,-1,-1,-1,1450,1373,1459,1468,1444,1413,-1,-1,1174,1180,1202,1216,1202,1182,1197,2204,995,1001,1003,1021,1009,1001,1008,979,0,0,1,1,0,0,0,1,0,0,0,0,0,0,0,0,0,0,0,0,1,0,0,0,0,0,0,1,0,0,1,0,0,1,1,1,1,0,0,0,1,1,1,1,1,1,0,0,1,1,1,1,1,1,1,1,1,1,1,1,1,1,1,1
2026-07-07T14:27:57.594,tof2,8x8,empty,-1,-1,-1,-1,-1,-1,-1,-1,-1,-1,-1,-1,-1,-1,-1,-1,-1,-1,-1,-1,-1,-1,-1,-1,-1,-1,-1,-1,-1,-1,-1,-1,-1,-1,-1,-1,-1,-1,-1,-1,-1,-1,-1,-1,-1,-1,-1,-1,-1,-1,-1,1973,1921,-1,-1,-1,-1,-1,1171,1115,1116,1059,1078,1000,0,0,0,0,0,0,0,0,0,0,0,0,0,0,0,0,0,0,0,0,0,0,0,0,0,0,0,0,0,0,0,0,0,0,0,0,0,0,0,0,0,0,0,0,1,0,1,0,0,0,0,1,1,0,1,0,0,0,1,1,1,1,1,1
2026-07-07T14:27:57.832,tof1,8x8,empty,-1,-1,3192,3257,-1,-1,-1,-1,-1,-1,-1,-1,-1,-1,-1,-1,-1,-1,-1,-1,-1,-1,-1,-1,-1,-1,1898,1839,-1,-1,-1,-1,-1,1660,1815,1757,1690,-1,-1,-1,1366,-1,-1,1431,1461,1452,-1,-1,1167,1188,1199,1171,1156,1212,1175,-1,997,1013,1017,1010,1003,1015,1011,988,1,0,1,1,0,0,1,0,0,0,0,0,0,1,0,0,0,0,0,0,0,0,0,0,0,0,1,1,0,0,0,0,0,1,1,1,1,0,0,0,1,0,0,1,1,1,0,0,1,1,1,1,1,1,1,1,1,1,1,1,1,1,1,1
2026-07-07T14:27:57.835,tof2,8x8,empty,-1,-1,-1,-1,-1,-1,-1,-1,-1,-1,-1,-1,-1,-1,-1,-1,-1,-1,-1,-1,-1,-1,-1,-1,-1,-1,-1,-1,-1,-1,-1,-1,-1,-1,-1,-1,-1,-1,-1,-1,-1,-1,-1,-1,-1,1920,-1,-1,-1,-1,-1,1924,-1,1914,-1,-1,-1,1039,1103,1129,1091,1066,1040,1049,0,0,0,0,0,0,0,0,0,0,0,0,0,0,0,0,0,0,0,0,0,0,0,0,0,0,0,0,0,0,0,0,0,0,0,0,0,0,0,0,0,0,0,0,0,1,0,0,0,0,0,1,0,1,0,0,0,1,1,1,1,1,1,1
2026-07-07T14:27:58.270,tof1,8x8,empty,-1,-1,3194,3235,-1,-1,-1,-1,-1,-1,-1,-1,-1,-1,-1,-1,-1,-1,-1,-1,-1,-1,-1,-1,-1,-1,-1,1903,-1,-1,-1,-1,-1,1708,1770,1832,1751,-1,-1,-1,1430,1424,-1,1426,1470,1391,-1,-1,1201,1169,1220,1194,-1,1203,1190,-1,1009,1000,1006,1032,1028,1012,1021,977,0,0,1,1,0,0,1,1,0,0,0,0,0,0,0,0,0,0,0,0,1,0,1,0,0,0,0,1,0,0,0,0,0,1,1,1,1,0,0,0,1,1,1,1,1,1,1,0,1,1,1,1,1,1,1,0,1,1,1,1,1,1,1,1
2026-07-07T14:27:58.415,tof1,8x8,empty,-1,-1,3187,3198,-1,-1,-1,-1,-1,-1,-1,-1,-1,-1,-1,-1,-1,-1,-1,-1,-1,-1,3543,-1,-1,-1,-1,-1,-1,-1,3652,-1,-1,1739,1825,1813,1725,-1,-1,-1,1434,-1,1409,1422,1428,1386,-1,-1,1174,1185,1195,1180,1168,1203,1175,-1,1008,996,1018,1004,1022,1007,1015,986,0,0,1,1,0,0,1,0,0,0,0,0,0,0,0,0,0,0,1,0,0,0,1,0,0,0,1,0,0,0,1,0,0,1,1,1,1,0,0,0,1,0,1,1,1,1,1,0,1,1,1,1,1,1,1,1,1,1,1,1,1,1,1,1
2026-07-07T14:27:58.566,tof1,8x8,empty,-1,-1,3190,3200,-1,-1,-1,-1,-1,-1,-1,-1,-1,-1,-1,-1,-1,-1,-1,-1,-1,-1,-1,-1,-1,2227,-1,-1,-1,-1,-1,-1,-1,1716,1730,1739,1669,-1,-1,-1,1375,-1,-1,1406,1411,1392,-1,-1,1196,1189,1173,1198,1211,1193,1162,-1,1004,1013,1017,1000,1016,989,997,968,0,0,1,1,0,0,0,0,0,0,0,0,0,0,0,0,0,1,0,1,0,0,0,0,0,1,0,1,0,0,0,0,0,1,1,1,1,1,0,0,1,0,0,1,1,1,1,0,1,1,1,1,1,1,1,1,1,1,1,1,1,1,1,1
2026-07-07T14:27:58.750,tof1,8x8,empty,-1,-1,3184,3243,-1,-1,-1,-1,-1,-1,-1,-1,-1,-1,-1,-1,-1,-1,-1,-1,-1,-1,-1,-1,-1,-1,-1,-1,-1,-1,-1,-1,-1,1695,1776,1767,1795,-1,-1,-1,1382,1401,1466,1445,1442,1405,-1,-1,1199,1163,1179,1175,1216,1213,1169,-1,996,998,1010,1018,1022,1014,1022,981,0,0,1,1,0,0,0,1,0,0,0,0,0,0,1,0,0,1,1,0,1,0,0,1,0,1,0,1,0,0,0,0,0,1,1,1,1,0,0,0,1,1,1,1,1,1,0,0,1,1,1,1,1,1,1,0,1,1,1,1,1,1,1,1
2026-07-07T14:27:58.869,tof1,8x8,empty,-1,-1,3180,3225,-1,-1,-1,-1,-1,-1,-1,-1,-1,-1,-1,-1,-1,-1,-1,-1,-1,-1,-1,-1,-1,-1,-1,-1,-1,-1,-1,-1,-1,-1,1827,1806,1782,-1,-1,-1,1384,-1,-1,1481,1386,1454,-1,-1,1184,1213,1187,1194,1207,1208,1137,-1,990,1000,1004,1016,1014,1017,1011,988,0,0,1,1,0,0,0,0,0,0,0,0,0,0,0,1,0,0,0,0,0,1,0,0,0,0,0,0,1,1,0,0,0,1,1,1,1,0,0,0,1,0,1,1,1,1,0,0,1,1,1,1,1,1,1,1,1,1,1,1,1,1,1,1
2026-07-07T14:27:59.032,tof1,8x8,empty,-1,-1,3196,3206,-1,-1,-1,-1,-1,-1,-1,-1,-1,-1,-1,-1,-1,-1,-1,-1,-1,-1,-1,-1,-1,-1,-1,-1,2284,-1,-1,-1,-1,1674,1789,1759,1775,-1,-1,-1,-1,-1,-1,1369,1431,1415,-1,-1,1204,1169,1197,1175,1226,1206,1185,2298,1001,1002,1009,1004,1009,1017,1005,988,0,0,1,1,0,1,0,1,0,0,0,0,0,0,0,0,0,0,0,0,1,0,0,0,0,0,0,0,1,0,1,0,0,1,1,1,1,0,0,0,1,1,0,1,1,1,0,0,1,1,1,1,1,1,1,1,1,1,1,1,1,1,1,1
2026-07-07T14:27:59.073,tof2,8x8,empty,-1,-1,-1,-1,-1,-1,-1,-1,-1,-1,-1,-1,-1,-1,-1,-1,-1,-1,-1,-1,-1,-1,-1,-1,-1,-1,-1,-1,-1,-1,-1,-1,-1,-1,-1,-1,-1,-1,-1,-1,-1,-1,-1,-1,2001,1967,-1,-1,-1,-1,-1,1922,-1,-1,-1,-1,-1,-1,1104,1106,1104,1082,1072,946,0,0,0,0,0,0,0,0,0,0,0,0,0,0,0,0,0,0,0,0,0,0,0,0,0,0,0,0,0,0,0,0,0,0,0,0,0,0,0,0,0,0,0,0,1,1,0,0,0,0,0,1,1,0,1,0,0,0,1,1,1,1,1,1
2026-07-07T14:27:59.228,tof1,8x8,empty,-1,-1,3188,3222,-1,-1,-1,3295,-1,-1,-1,-1,-1,-1,-1,-1,-1,-1,-1,-1,-1,-1,-1,-1,-1,2138,-1,-1,-1,-1,-1,-1,-1,1705,1762,1824,1826,-1,-1,-1,1406,1393,-1,1442,-1,1410,-1,-1,1131,1196,1181,1202,1199,1204,1163,-1,989,1008,1001,1005,1035,1005,1013,981,0,0,1,1,0,0,0,1,0,0,0,0,0,0,0,0,0,0,0,0,0,0,0,1,0,1,0,1,0,0,0,0,0,1,1,1,1,0,0,0,1,1,0,1,1,1,0,0,1,1,1,1,1,1,1,0,1,1,1,1,1,1,1,1
2026-07-07T14:27:59.229,tof2,8x8,empty,-1,-1,-1,-1,-1,-1,-1,-1,-1,-1,-1,-1,-1,-1,-1,-1,-1,-1,-1,-1,-1,-1,-1,-1,-1,-1,-1,-1,-1,-1,-1,-1,-1,-1,-1,-1,-1,-1,-1,-1,-1,-1,-1,-1,-1,-1,-1,-1,-1,-1,-1,-1,-1,1932,-1,-1,-1,1140,1187,1103,1102,-1,1054,992,0,0,0,0,0,0,0,0,0,0,0,0,0,0,0,0,0,0,0,0,0,0,0,0,0,0,0,0,0,0,0,0,0,0,0,0,0,0,0,0,0,0,0,0,1,1,0,0,0,0,0,1,1,1,0,0,0,1,1,1,1,0,1,1
2026-07-07T14:27:59.360,tof1,8x8,empty,-1,-1,3190,3217,-1,-1,-1,-1,-1,-1,-1,-1,-1,-1,-1,-1,-1,-1,-1,-1,-1,-1,-1,-1,-1,-1,-1,-1,-1,-1,3610,-1,-1,1682,1792,1811,1736,-1,-1,-1,-1,1494,1403,-1,1405,1395,-1,-1,1200,1217,1218,1186,-1,1210,1199,-1,1000,1006,1021,1007,1016,1019,998,991,0,0,1,1,0,1,0,0,0,0,0,0,0,0,0,0,0,0,0,0,1,0,0,0,0,0,0,1,0,0,1,0,1,1,1,1,1,0,0,0,1,1,1,1,1,1,0,0,1,1,1,1,1,1,1,0,1,1,1,1,1,1,1,1
2026-07-07T14:27:59.347,tof2,8x8,empty,-1,-1,-1,-1,-1,-1,-1,-1,-1,-1,-1,-1,-1,-1,-1,-1,-1,-1,-1,-1,-1,-1,-1,-1,-1,-1,-1,-1,-1,-1,-1,-1,-1,-1,-1,-1,-1,-1,-1,-1,-1,-1,-1,-1,2003,1950,-1,-1,-1,-1,-1,1960,-1,1913,-1,-1,-1,-1,1132,-1,1085,-1,-1,1029,0,0,0,0,0,0,0,0,0,0,0,0,0,0,0,0,0,0,0,0,0,0,0,0,0,0,0,0,0,0,0,0,0,0,0,0,0,0,0,0,0,0,0,0,1,1,0,0,0,0,0,1,0,1,1,0,0,0,1,1,1,1,0,1
2026-07-07T14:27:59.463,tof2,8x8,empty,-1,-1,-1,-1,-1,-1,-1,-1,-1,-1,-1,-1,-1,-1,-1,-1,-1,-1,-1,-1,-1,-1,-1,-1,-1,-1,-1,-1,-1,-1,-1,-1,-1,-1,-1,-1,-1,-1,-1,-1,-1,-1,-1,-1,2020,1942,-1,-1,-1,-1,-1,1965,-1,1935,-1,-1,-1,-1,1129,1091,1112,1079,-1,1018,0,0,0,0,0,0,0,0,0,0,0,0,0,0,0,0,0,0,0,0,0,0,0,0,0,0,0,0,0,0,0,1,0,0,0,0,0,0,0,0,0,0,0,0,1,1,0,0,0,0,0,1,1,1,0,0,0,0,1,1,1,1,1,1
2026-07-07T14:27:59.475,tof1,8x8,empty,-1,-1,3207,3255,-1,-1,-1,-1,-1,-1,-1,-1,-1,-1,-1,-1,-1,-1,-1,-1,-1,-1,-1,-1,-1,-1,-1,1870,-1,-1,-1,-1,-1,1704,1737,1762,1688,-1,-1,-1,1431,1380,-1,1429,1435,1413,-1,-1,1180,1157,1169,1188,1212,1184,1157,-1,1002,988,1018,1010,1013,1001,1020,993,0,0,1,1,0,0,0,0,0,0,0,0,0,0,0,0,0,0,1,0,0,0,1,0,0,0,0,1,0,0,0,0,0,1,1,1,1,0,0,0,1,1,1,1,1,1,0,0,1,1,1,1,1,1,1,1,1,1,1,1,1,1,1,1
2026-07-07T14:27:59.552,tof2,8x8,empty,-1,-1,-1,-1,-1,-1,-1,-1,-1,-1,-1,-1,-1,-1,-1,-1,-1,-1,-1,-1,-1,-1,-1,-1,-1,-1,-1,-1,-1,-1,-1,-1,-1,-1,-1,-1,-1,-1,-1,-1,-1,-1,-1,-1,1970,-1,-1,-1,-1,-1,-1,1985,-1,-1,1888,-1,-1,-1,1135,1103,1104,1002,-1,1028,0,0,0,0,0,0,0,0,0,0,0,0,0,0,0,0,0,0,0,0,0,0,0,0,0,0,0,0,0,0,0,0,0,0,0,0,0,0,0,0,0,0,0,0,1,0,0,0,0,0,0,1,0,0,1,0,0,1,1,1,1,1,1,1
2026-07-07T14:27:59.586,tof1,8x8,empty,-1,-1,3190,3233,-1,-1,-1,-1,-1,-1,-1,-1,-1,-1,-1,-1,-1,-1,-1,-1,-1,-1,-1,-1,-1,-1,-1,1828,-1,-1,-1,-1,-1,1633,1770,1746,1761,-1,-1,-1,1419,-1,-1,1433,1398,1411,-1,-1,1156,1148,1212,1188,1193,1205,1176,-1,1012,995,1012,1021,996,1008,1026,987,0,0,1,1,0,0,1,0,0,1,0,0,0,0,0,0,0,0,0,0,0,0,0,0,0,0,0,1,1,0,0,0,0,1,1,1,1,0,0,0,1,0,0,1,1,1,1,0,1,1,1,1,1,1,1,1,1,1,1,1,1,1,1,1
2026-07-07T14:27:59.643,tof2,8x8,empty,-1,-1,-1,-1,-1,-1,-1,-1,-1,-1,-1,-1,-1,-1,-1,-1,-1,-1,-1,-1,-1,-1,-1,-1,-1,-1,-1,-1,-1,-1,-1,-1,-1,-1,-1,-1,-1,-1,-1,-1,-1,-1,-1,-1,1993,-1,-1,-1,-1,-1,-1,1937,-1,-1,1882,-1,-1,1136,1090,1091,-1,1072,1034,1027,0,0,0,0,0,0,0,0,0,0,0,0,0,0,0,0,0,0,0,0,0,0,0,0,0,0,0,0,0,0,0,0,0,0,0,0,0,0,0,0,0,0,0,0,1,1,0,0,0,0,0,1,0,1,1,0,0,1,1,1,0,1,1,1
2026-07-07T14:27:59.676,tof1,8x8,empty,-1,-1,3190,3244,-1,-1,-1,-1,-1,-1,-1,-1,-1,-1,-1,-1,-1,-1,-1,-1,-1,-1,-1,-1,-1,-1,-1,-1,-1,-1,-1,-1,-1,1740,1794,1791,1691,-1,-1,-1,1431,-1,-1,1381,1415,1430,-1,-1,1169,1164,1183,1191,1175,1209,1205,-1,986,998,998,1005,1012,1018,1013,983,0,0,1,1,0,0,0,1,0,0,0,0,0,0,0,0,0,1,0,1,0,0,0,0,0,0,0,0,0,0,0,0,0,1,1,1,1,0,0,0,1,0,0,1,1,1,0,0,1,1,1,1,1,1,1,0,1,1,1,1,1,1,1,1
2026-07-07T14:27:59.763,tof2,8x8,empty,-1,-1,-1,-1,-1,-1,-1,-1,-1,-1,-1,-1,-1,-1,-1,-1,-1,-1,-1,-1,-1,-1,-1,-1,-1,-1,-1,-1,-1,-1,-1,-1,-1,-1,-1,-1,-1,-1,-1,-1,-1,-1,-1,-1,2007,1984,-1,-1,-1,-1,-1,1917,-1,-1,-1,-1,-1,-1,1147,-1,1123,1128,1103,1024,0,0,0,0,0,0,0,0,0,0,0,0,0,0,0,0,0,0,0,0,0,0,0,0,0,0,0,0,0,0,0,0,0,0,0,0,0,0,0,0,0,0,0,0,1,1,0,0,0,0,0,1,1,0,1,0,1,1,1,1,1,1,1,1
2026-07-07T14:27:59.780,tof1,8x8,empty,-1,-1,3197,-1,-1,-1,-1,-1,-1,-1,-1,-1,-1,-1,-1,-1,-1,-1,-1,-1,-1,-1,-1,-1,-1,-1,-1,-1,-1,-1,-1,-1,-1,1704,1761,1750,1712,-1,-1,-1,1355,-1,1401,1407,1419,1383,-1,-1,1184,1210,1169,1213,1220,1197,1190,2199,1013,1013,995,1004,1017,1014,1018,977,0,0,1,0,0,0,0,0,0,0,0,0,0,0,0,0,0,0,0,0,0,0,0,0,0,0,0,1,0,0,0,0,0,1,1,1,1,0,0,0,1,0,1,1,1,1,0,0,1,1,1,1,1,1,1,1,1,1,1,1,1,1,1,1
2026-07-07T14:27:59.893,tof1,8x8,empty,-1,-1,3196,-1,-1,-1,-1,-1,-1,-1,-1,-1,-1,-1,-1,-1,-1,-1,-1,-1,-1,-1,-1,-1,-1,-1,-1,-1,-1,-1,-1,-1,-1,1708,1766,1836,1660,-1,-1,-1,1381,-1,-1,1433,1442,1406,-1,-1,1190,1220,1188,1196,1220,1180,1152,2264,1014,1010,1015,1010,1025,1006,1008,1003,0,0,1,1,0,0,0,1,0,0,0,0,0,0,0,0,0,0,0,0,0,0,0,1,0,0,0,1,0,0,0,1,0,1,1,1,1,0,0,0,1,1,0,1,1,1,0,0,1,1,1,1,1,1,1,1,1,1,1,1,1,1,1,1
2026-07-07T14:27:59.869,tof2,8x8,empty,-1,-1,-1,-1,-1,-1,-1,-1,-1,-1,-1,-1,-1,-1,-1,-1,-1,-1,-1,-1,-1,-1,-1,-1,-1,-1,-1,-1,-1,-1,-1,-1,-1,-1,-1,-1,-1,-1,-1,-1,-1,-1,-1,-1,1997,1966,-1,-1,-1,-1,-1,1964,1857,1939,-1,-1,-1,-1,1139,1128,1069,1070,1014,960,0,0,0,0,0,0,0,0,0,0,0,0,0,0,0,0,0,0,0,0,0,0,0,0,0,0,0,0,0,0,0,0,0,0,0,0,0,0,0,0,0,0,0,0,1,1,0,0,0,0,0,1,1,1,0,0,0,0,1,1,1,1,1,1
2026-07-07T14:27:59.988,tof1,8x8,empty,-1,-1,3184,3212,-1,-1,-1,-1,-1,-1,-1,-1,-1,-1,-1,-1,-1,-1,-1,-1,-1,-1,-1,-1,-1,-1,-1,1886,-1,-1,-1,-1,-1,1726,1770,1774,1718,-1,-1,-1,1450,-1,-1,1402,1413,-1,-1,-1,1175,-1,1189,1180,1191,1203,1158,-1,1004,1003,1018,1003,1011,1013,1008,990,0,0,1,1,0,0,0,0,0,0,0,0,0,0,0,1,0,0,0,0,0,0,0,0,0,0,0,1,0,0,0,0,0,1,1,1,1,0,0,0,1,1,0,1,1,1,0,0,1,1,1,1,1,1,1,0,1,1,1,1,1,1,1,1
2026-07-07T14:27:59.977,tof2,8x8,empty,-1,-1,-1,-1,-1,-1,-1,-1,-1,-1,-1,-1,-1,-1,-1,-1,-1,-1,-1,-1,-1,-1,-1,-1,-1,-1,-1,-1,-1,-1,-1,-1,-1,-1,-1,-1,-1,-1,-1,-1,-1,-1,-1,-1,-1,2016,-1,-1,-1,-1,-1,1899,1921,-1,-1,-1,-1,-1,1153,1118,1099,1068,1056,984,0,0,0,0,0,0,0,0,0,0,0,0,0,0,0,0,0,0,0,0,0,0,0,0,0,0,0,0,0,0,0,0,0,0,0,0,0,0,0,0,0,0,0,0,0,1,0,0,1,0,0,1,1,0,1,0,0,0,1,1,1,1,1,1
2026-07-07T14:28:00.136,tof1,8x8,empty,-1,-1,3189,3214,-1,-1,-1,-1,-1,-1,-1,-1,-1,-1,-1,-1,-1,-1,-1,-1,-1,-1,-1,-1,-1,-1,-1,1918,-1,-1,-1,-1,-1,1744,1743,1722,1693,-1,-1,-1,1398,-1,-1,1472,1432,1380,-1,-1,1191,1188,1190,1181,1174,1185,1158,-1,990,984,1018,1008,1018,999,1013,1005,0,0,1,1,0,0,0,0,0,0,0,0,0,0,0,0,0,0,0,0,0,0,0,0,0,0,1,1,0,0,0,0,0,1,1,1,1,0,0,0,1,0,0,1,1,1,0,0,1,1,1,1,1,1,1,1,1,1,1,1,1,1,1,1
2026-07-07T14:28:00.305,tof2,8x8,empty,-1,-1,-1,-1,-1,-1,-1,-1,-1,-1,-1,-1,-1,-1,-1,-1,-1,-1,-1,-1,-1,-1,-1,-1,-1,-1,-1,-1,-1,-1,-1,-1,-1,-1,-1,-1,-1,-1,-1,-1,-1,-1,-1,-1,2025,1974,-1,-1,-1,-1,-1,1891,-1,-1,-1,-1,-1,-1,1139,1135,1088,1134,1124,973,0,0,1,0,0,0,0,0,0,0,0,0,0,0,0,0,0,0,0,0,0,0,0,0,0,0,0,0,0,0,0,0,0,0,0,0,0,0,0,0,0,0,0,0,1,1,0,0,0,0,0,1,0,1,1,0,1,0,1,1,1,1,1,1
2026-07-07T14:28:00.355,tof1,8x8,empty,-1,-1,3178,3226,-1,-1,-1,-1,-1,-1,-1,-1,-1,-1,-1,-1,-1,-1,-1,-1,-1,-1,-1,-1,-1,-1,2213,2014,-1,-1,-1,-1,-1,1739,1752,1800,1759,-1,-1,-1,1388,-1,-1,1407,1439,1436,-1,-1,1202,1251,1185,1212,1242,1198,1171,-1,1005,1012,1024,1007,1026,1019,1005,971,0,0,1,1,0,0,0,1,0,1,0,0,0,0,0,0,0,0,0,0,1,1,0,0,0,0,1,1,0,0,0,0,0,1,1,1,1,1,0,0,1,1,1,1,1,1,0,0,1,1,1,1,1,1,1,1,1,1,1,1,1,1,1,1
2026-07-07T14:28:00.485,tof1,8x8,empty,-1,-1,3181,3225,-1,-1,-1,-1,-1,-1,-1,-1,-1,-1,-1,-1,-1,-1,-1,-1,-1,-1,-1,-1,-1,-1,-1,-1,-1,-1,-1,-1,-1,1668,1796,1848,-1,-1,-1,-1,1372,1382,1395,1442,1402,1393,-1,-1,1181,1191,1203,1205,1197,1204,1183,-1,1010,1018,1004,1036,1010,1010,1019,979,0,0,1,1,0,0,0,0,0,0,0,0,0,0,0,0,0,0,0,0,0,0,0,0,0,1,1,1,0,0,0,0,0,1,1,1,1,0,0,0,1,1,1,1,1,1,1,0,1,1,1,1,1,1,1,1,1,1,1,1,1,1,1,1
2026-07-07T14:28:00.464,tof2,8x8,empty,-1,-1,-1,-1,-1,-1,-1,-1,-1,-1,-1,-1,-1,-1,-1,-1,-1,-1,-1,-1,-1,-1,-1,-1,-1,-1,-1,-1,-1,-1,-1,-1,-1,-1,-1,-1,-1,-1,-1,-1,-1,-1,-1,-1,-1,1963,-1,-1,-1,-1,-1,1925,1936,-1,1944,-1,-1,1078,-1,1147,1116,1080,1086,1027,0,0,0,0,0,0,0,0,0,0,0,0,0,0,0,0,0,0,0,0,0,0,0,0,0,0,0,0,0,0,0,0,0,0,0,0,0,0,0,0,0,0,0,0,0,1,0,0,0,0,0,1,1,0,1,0,0,1,1,1,1,1,1,1
2026-07-07T14:28:00.746,tof1,8x8,empty,-1,-1,3170,3237,-1,-1,-1,-1,-1,-1,-1,-1,-1,-1,-1,-1,-1,-1,-1,-1,-1,-1,-1,-1,-1,-1,-1,1874,-1,-1,-1,-1,-1,1662,1766,1825,1771,-1,-1,-1,1435,-1,-1,1473,-1,1465,-1,-1,1180,1169,1196,1195,1179,1181,1198,2236,1001,988,1003,1016,1015,1027,1012,985,0,0,1,1,0,0,0,0,0,0,0,0,0,0,0,0,0,0,0,0,0,0,0,0,0,0,0,1,1,0,0,0,0,1,1,1,1,0,0,0,1,1,0,1,1,1,0,0,1,1,1,1,1,1,1,1,1,1,1,1,1,1,1,1
2026-07-07T14:28:00.745,tof2,8x8,empty,-1,-1,-1,-1,-1,-1,-1,-1,-1,-1,-1,-1,-1,-1,-1,-1,-1,-1,-1,-1,-1,-1,-1,-1,-1,-1,-1,-1,-1,-1,-1,-1,-1,-1,-1,-1,-1,-1,-1,-1,-1,-1,-1,-1,2006,-1,-1,-1,-1,-1,-1,-1,-1,1935,1820,-1,-1,1097,1137,1106,1135,1052,-1,1001,0,0,0,0,0,0,0,0,0,0,0,0,0,0,0,0,0,0,0,0,0,0,0,0,0,0,0,0,0,0,0,0,0,0,0,0,0,0,0,0,0,0,0,0,1,1,1,0,0,0,0,1,0,1,1,0,0,1,1,1,1,1,0,1
2026-07-07T14:28:00.871,tof2,8x8,empty,-1,-1,-1,-1,-1,-1,-1,-1,-1,-1,-1,-1,-1,-1,-1,-1,-1,-1,-1,-1,-1,-1,-1,-1,-1,-1,-1,-1,-1,-1,-1,-1,-1,-1,-1,-1,-1,-1,-1,-1,-1,-1,-1,-1,1980,1969,-1,-1,-1,-1,-1,1934,-1,-1,-1,-1,-1,-1,1179,1127,1086,1090,979,986,0,0,0,0,0,0,0,0,0,0,0,0,0,0,0,0,0,0,0,0,0,0,0,0,0,0,0,0,0,0,0,0,0,0,0,0,0,0,0,0,0,0,0,0,1,1,0,1,0,0,0,1,1,1,0,0,0,1,1,1,1,1,1,1
2026-07-07T14:28:01.032,tof1,8x8,empty,-1,-1,3181,3205,-1,-1,3176,-1,-1,-1,-1,-1,-1,-1,-1,-1,-1,-1,-1,-1,-1,-1,-1,-1,-1,-1,-1,-1,-1,-1,-1,-1,-1,1703,1730,1755,-1,-1,-1,-1,1384,1421,1416,1446,1416,1401,-1,-1,1188,1187,1174,1209,1199,1182,1184,-1,994,990,1005,1015,1030,1004,1005,1000,0,0,1,1,0,0,1,0,0,0,0,0,0,0,0,0,0,0,0,0,0,0,1,0,0,0,0,1,0,0,0,0,0,1,1,1,1,0,0,0,1,1,1,1,1,1,0,0,1,1,1,1,1,1,1,0,1,1,1,1,1,1,1,1
2026-07-07T14:28:01.045,tof2,8x8,empty,-1,-1,-1,-1,-1,-1,-1,-1,-1,-1,-1,-1,-1,-1,-1,-1,-1,-1,-1,-1,-1,-1,-1,-1,-1,-1,-1,-1,-1,-1,-1,-1,-1,-1,-1,-1,-1,-1,-1,-1,-1,-1,-1,-1,-1,1913,-1,-1,-1,-1,-1,1924,-1,-1,1950,-1,-1,1130,1177,1096,1091,1101,1062,1014,0,0,0,0,0,0,0,0,0,0,0,0,0,0,0,0,0,0,0,0,0,0,0,0,0,0,0,0,0,0,0,0,0,0,0,0,0,0,0,0,0,0,0,0,1,1,0,0,0,0,0,1,0,1,1,0,0,1,1,1,1,1,1,1
2026-07-07T14:28:01.252,tof1,8x8,empty,-1,-1,3204,3217,-1,-1,-1,-1,-1,-1,-1,-1,-1,-1,-1,-1,-1,-1,-1,-1,-1,-1,-1,-1,-1,-1,-1,-1,-1,-1,-1,-1,-1,1631,1719,1837,1659,-1,-1,-1,1409,-1,-1,1452,1414,1383,-1,-1,1169,1185,1171,1195,1162,1191,1156,-1,998,996,1008,1032,1027,1013,1021,976,0,0,1,1,0,0,0,1,0,0,0,0,0,0,0,0,0,0,0,0,0,0,0,0,0,0,0,0,0,0,0,0,0,1,1,1,1,0,0,0,1,0,0,1,1,1,1,0,1,1,1,1,1,1,1,1,1,1,1,1,1,1,1,1
2026-07-07T14:28:01.344,tof2,8x8,empty,-1,-1,-1,-1,-1,-1,-1,-1,-1,-1,-1,-1,-1,-1,-1,-1,-1,-1,-1,-1,-1,-1,-1,-1,-1,-1,-1,-1,-1,-1,-1,-1,-1,-1,-1,-1,-1,-1,-1,-1,-1,-1,-1,-1,1992,1960,-1,-1,-1,-1,-1,2000,-1,-1,-1,-1,-1,-1,1117,1135,1071,1087,967,995,0,0,0,0,0,0,0,0,0,0,0,0,0,0,0,0,0,0,0,0,0,0,0,0,0,0,0,0,0,0,0,0,0,0,0,0,0,0,0,0,0,0,0,0,1,1,0,0,0,0,0,1,0,1,1,0,1,0,1,1,1,1,1,1
2026-07-07T14:28:01.454,tof1,8x8,empty,-1,-1,3199,3211,-1,-1,-1,3307,-1,-1,-1,-1,-1,-1,-1,-1,-1,-1,-1,-1,-1,-1,-1,-1,-1,-1,-1,-1,-1,-1,-1,-1,-1,1731,1767,1788,1778,-1,-1,-1,1416,1486,-1,-1,1462,1397,-1,-1,1171,1181,1196,1201,1207,1175,1169,-1,1003,988,1008,1027,1013,1008,1017,1000,0,0,1,1,0,0,0,1,0,0,0,0,0,0,1,0,0,1,0,0,0,0,0,0,0,0,0,1,1,0,1,0,0,1,1,1,1,0,0,0,1,1,0,1,1,1,1,0,1,1,1,1,1,1,1,0,1,1,1,1,1,1,1,1
2026-07-07T14:28:01.439,tof2,8x8,empty,-1,-1,-1,-1,-1,-1,-1,-1,-1,-1,-1,-1,-1,-1,-1,-1,-1,-1,-1,-1,-1,-1,-1,-1,-1,-1,-1,-1,-1,-1,-1,-1,-1,-1,-1,-1,-1,-1,-1,-1,-1,-1,-1,-1,-1,-1,-1,-1,-1,-1,-1,1934,-1,-1,1944,-1,-1,-1,1288,1129,1072,1019,1084,1041,0,0,0,0,0,0,0,0,0,0,0,0,0,0,0,0,0,0,0,0,0,0,0,0,0,0,0,0,0,0,0,0,0,0,0,0,0,0,0,0,0,0,0,0,1,1,0,0,0,0,0,1,1,0,1,0,1,0,1,1,1,1,1,1
2026-07-07T14:28:01.542,tof2,8x8,empty,-1,-1,-1,-1,-1,-1,-1,-1,-1,-1,-1,-1,-1,-1,-1,-1,-1,-1,-1,-1,-1,-1,-1,-1,-1,-1,-1,-1,-1,-1,-1,-1,-1,-1,-1,-1,-1,-1,-1,-1,-1,-1,-1,-1,1965,-1,-1,-1,-1,-1,-1,1996,-1,-1,1883,-1,-1,-1,-1,1060,1090,1053,1066,994,0,0,0,0,0,0,0,0,0,0,0,0,0,0,0,0,0,0,0,0,0,0,0,0,0,0,0,0,0,0,0,0,0,0,0,0,0,0,0,0,0,0,0,0,1,0,0,0,0,0,0,1,0,1,1,0,1,1,1,1,1,1,1,1
2026-07-07T14:28:01.588,tof1,8x8,empty,-1,-1,3189,3218,-1,-1,-1,-1,-1,-1,-1,-1,-1,-1,-1,-1,-1,-1,-1,-1,-1,-1,-1,-1,-1,-1,-1,-1,-1,-1,-1,-1,-1,1691,1803,1832,1781,-1,-1,-1,1420,1428,1375,1440,1473,1459,-1,-1,1166,1184,1155,1203,1159,1209,1163,-1,989,1009,1018,1007,1023,1022,1029,975,0,0,1,1,0,0,0,0,0,0,0,0,0,0,0,0,0,0,0,0,0,0,0,0,0,0,1,1,1,0,0,0,1,1,1,1,1,0,0,0,1,1,1,1,1,1,0,0,1,1,1,1,1,1,1,1,1,1,1,1,1,1,1,1
2026-07-07T14:28:01.675,tof1,8x8,empty,-1,-1,3199,3223,-1,-1,-1,-1,-1,-1,-1,-1,-1,-1,-1,-1,-1,-1,-1,-1,-1,-1,-1,-1,-1,-1,-1,1938,-1,-1,-1,-1,-1,1713,1805,1800,1634,-1,-1,-1,1413,1391,-1,-1,1423,1380,-1,-1,-1,1195,1195,1208,1155,1197,1198,-1,999,1012,1002,1014,1019,1016,1013,963,0,0,1,1,0,0,1,1,0,0,0,0,0,0,0,0,0,0,0,0,0,0,0,0,0,0,0,1,0,0,0,0,0,1,1,1,1,0,0,0,1,1,0,1,1,1,0,0,1,1,1,1,1,1,1,0,1,1,1,1,1,1,1,1
2026-07-07T14:28:01.693,tof2,8x8,empty,-1,-1,-1,-1,-1,-1,-1,-1,-1,-1,-1,-1,-1,-1,-1,-1,-1,-1,-1,-1,-1,-1,-1,-1,-1,-1,-1,-1,-1,-1,-1,-1,-1,-1,-1,-1,-1,-1,-1,-1,-1,-1,-1,-1,1993,1984,-1,-1,-1,-1,-1,1944,-1,-1,-1,-1,-1,-1,1123,1163,1093,1097,-1,-1,0,0,0,0,0,0,0,0,0,0,0,0,0,0,0,0,0,0,0,0,0,0,0,0,0,0,0,0,0,0,0,0,0,0,0,0,0,0,0,0,0,0,0,0,1,1,0,0,0,0,0,1,0,0,1,0,0,0,1,1,1,1,0,1
2026-07-07T14:28:01.803,tof1,8x8,empty,-1,-1,3187,3227,-1,-1,-1,-1,-1,-1,-1,-1,-1,-1,-1,-1,-1,-1,-1,-1,-1,-1,-1,-1,-1,2113,1851,1838,-1,-1,-1,-1,-1,1724,1751,1835,-1,-1,-1,-1,1423,-1,-1,1395,1476,1398,-1,-1,1163,1236,1196,1206,1190,1221,1137,-1,1010,994,1004,1030,1025,1023,1005,990,0,0,1,1,0,0,0,0,0,0,0,0,0,0,0,0,0,0,0,0,0,0,0,0,0,1,1,1,0,0,0,0,0,1,1,1,1,0,0,0,1,0,1,1,1,1,1,0,1,1,1,1,1,1,1,0,1,1,1,1,1,1,1,1
2026-07-07T14:28:01.889,tof2,8x8,empty,-1,-1,-1,-1,-1,-1,-1,-1,-1,-1,-1,-1,-1,-1,-1,-1,-1,-1,-1,-1,-1,-1,-1,-1,-1,-1,-1,-1,-1,-1,-1,-1,-1,-1,-1,-1,-1,-1,-1,-1,-1,-1,-1,-1,2031,2031,-1,-1,-1,-1,-1,2002,-1,1919,-1,-1,-1,1100,1149,1103,1066,1072,-1,991,0,0,0,0,0,0,0,0,0,0,0,0,0,0,0,0,1,0,0,0,0,0,0,0,0,0,0,0,0,0,0,0,0,0,0,0,0,0,0,0,0,0,0,0,1,1,0,1,0,0,1,1,1,1,1,0,0,1,1,1,1,1,1,1
2026-07-07T14:28:01.934,tof1,8x8,empty,-1,-1,3193,3229,-1,-1,-1,-1,-1,-1,-1,-1,-1,-1,-1,-1,-1,-1,-1,-1,-1,-1,-1,-1,-1,-1,-1,1922,-1,-1,-1,-1,-1,1690,1765,1798,1796,-1,-1,-1,1425,-1,1368,-1,1416,1397,-1,-1,1155,1186,1186,1169,1185,1175,1160,-1,1000,1015,994,1033,998,1005,1008,1001,0,0,1,1,0,0,0,1,0,0,0,0,0,0,0,0,0,0,0,0,0,0,0,1,0,1,0,1,0,0,1,0,0,1,1,1,1,0,0,0,1,1,1,0,1,1,0,0,1,1,1,1,1,1,1,0,1,1,1,1,1,1,1,1
2026-07-07T14:28:02.050,tof1,8x8,empty,-1,-1,3174,3229,-1,-1,-1,-1,-1,-1,-1,-1,-1,-1,-1,-1,-1,-1,-1,-1,-1,-1,-1,-1,-1,-1,-1,-1,-1,-1,-1,-1,-1,1656,1745,1821,1750,-1,-1,-1,1400,1450,1329,1408,1401,1409,-1,-1,1184,1164,1180,1195,1132,1216,1187,-1,999,1009,1013,1032,1010,1036,1007,988,0,0,1,1,0,0,0,0,0,0,0,0,0,0,0,0,0,0,0,0,0,0,0,0,0,0,1,0,0,0,0,0,0,1,1,1,1,0,0,0,1,1,1,1,1,1,0,0,1,1,1,1,1,1,1,0,1,1,1,1,1,1,1,1
2026-07-07T14:28:02.107,tof2,8x8,empty,-1,-1,-1,-1,-1,-1,-1,-1,-1,-1,-1,-1,-1,-1,-1,-1,-1,-1,-1,-1,-1,-1,-1,-1,-1,-1,-1,-1,-1,-1,-1,-1,-1,-1,-1,-1,-1,-1,-1,-1,-1,-1,-1,-1,2013,-1,-1,-1,-1,-1,-1,1938,-1,-1,1770,-1,-1,-1,1166,1123,1139,1158,1059,1013,0,0,0,0,0,0,0,0,0,0,0,0,0,0,0,0,0,0,0,0,0,0,0,0,0,0,0,0,0,0,0,0,0,0,0,0,0,0,0,0,0,0,0,0,1,0,1,0,0,0,0,1,0,0,1,0,0,0,1,1,1,1,1,1
2026-07-07T14:28:02.238,tof1,8x8,empty,-1,-1,3187,3247,-1,-1,-1,-1,-1,-1,-1,-1,-1,-1,-1,-1,-1,-1,-1,-1,-1,-1,-1,-1,-1,-1,-1,1889,-1,-1,-1,-1,-1,1701,1734,1888,1634,-1,-1,-1,1368,1447,1434,1399,1424,1411,-1,-1,1154,1228,1174,1178,1183,1211,1184,-1,1013,1011,1008,1016,1000,1017,1011,967,0,0,1,1,0,0,0,0,0,0,0,0,0,0,0,0,0,0,0,0,0,0,0,0,0,0,0,1,0,0,0,0,0,1,1,1,1,0,0,0,1,1,1,1,1,1,1,0,1,1,1,1,1,1,1,1,1,1,1,1,1,1,1,1
2026-07-07T14:28:02.228,tof2,8x8,empty,-1,-1,-1,-1,-1,-1,-1,-1,-1,-1,-1,-1,-1,-1,-1,-1,-1,-1,-1,-1,-1,-1,-1,-1,-1,-1,-1,-1,-1,-1,-1,-1,-1,-1,-1,-1,-1,-1,-1,-1,-1,-1,-1,-1,1994,-1,2026,-1,-1,-1,-1,1949,-1,-1,1901,-1,-1,-1,1166,1163,1108,1104,1038,993,0,0,0,0,0,0,0,0,0,0,0,0,0,0,0,0,0,0,0,0,0,0,0,0,0,0,0,0,0,0,0,0,0,0,0,0,0,0,0,0,0,0,0,0,1,1,1,0,0,0,0,1,0,1,1,0,0,1,1,1,1,1,1,1
2026-07-07T14:28:02.359,tof1,8x8,empty,-1,-1,3191,3188,-1,-1,-1,-1,-1,-1,-1,-1,-1,-1,-1,-1,-1,-1,-1,-1,-1,-1,-1,-1,-1,-1,-1,-1,-1,-1,-1,-1,-1,1838,1767,-1,1784,-1,-1,-1,1348,1392,-1,1421,1497,1427,-1,-1,1163,1202,1178,1201,1192,1195,1185,-1,999,1018,1010,1011,1017,1014,1031,975,0,0,1,1,0,0,1,0,0,0,0,0,0,0,0,0,0,1,0,0,0,0,0,0,0,0,1,1,0,0,0,1,0,1,1,1,1,0,0,0,1,1,1,1,1,1,0,0,1,1,1,1,1,1,1,0,1,1,1,1,1,1,1,1
2026-07-07T14:28:02.338,tof2,8x8,empty,-1,-1,-1,-1,-1,-1,-1,-1,-1,-1,-1,-1,-1,-1,-1,-1,-1,-1,-1,-1,-1,-1,-1,-1,-1,-1,-1,-1,-1,-1,-1,-1,-1,-1,-1,-1,-1,-1,-1,-1,-1,-1,-1,-1,1981,1993,-1,-1,-1,-1,-1,1937,-1,1888,-1,-1,-1,-1,1163,1128,1097,1088,1181,1055,0,0,0,0,0,0,0,0,0,0,0,0,0,0,0,0,0,0,0,0,0,0,0,0,0,0,0,0,0,0,0,0,0,0,0,0,0,0,0,0,0,0,0,0,1,1,0,0,0,0,0,1,0,1,0,1,0,0,1,1,1,1,1,1
2026-07-07T14:28:02.464,tof1,8x8,empty,-1,-1,3183,3218,-1,-1,-1,-1,-1,-1,-1,-1,-1,-1,-1,-1,-1,-1,-1,-1,-1,-1,-1,-1,-1,-1,-1,-1,-1,-1,-1,-1,-1,1683,1786,1728,1660,-1,-1,-1,1441,-1,1404,1447,1478,1550,-1,-1,1179,1176,1192,1181,1185,1177,1150,-1,1009,1007,1020,1012,1004,1004,1005,981,0,0,1,1,0,0,0,0,0,0,0,0,0,0,0,0,0,0,0,0,0,0,0,0,0,0,0,0,0,0,0,0,0,1,1,1,1,0,0,0,1,0,1,1,1,1,1,0,1,1,1,1,1,1,1,0,1,1,1,1,1,1,1,1
2026-07-07T14:28:02.489,tof2,8x8,empty,-1,-1,-1,-1,-1,-1,-1,-1,-1,-1,-1,-1,-1,-1,-1,-1,-1,-1,-1,-1,-1,-1,-1,-1,-1,-1,-1,-1,-1,-1,-1,-1,-1,-1,-1,-1,-1,-1,-1,-1,-1,-1,-1,-1,1986,1958,-1,-1,-1,-1,-1,1953,-1,1937,-1,-1,-1,-1,1230,1120,1086,1146,1067,-1,0,0,0,0,0,0,0,0,0,0,0,0,0,0,0,0,0,0,0,0,0,0,0,0,0,0,0,0,0,0,0,0,0,0,0,0,0,0,0,0,0,0,0,0,1,1,0,0,0,0,0,1,0,1,0,0,0,0,1,1,1,1,1,1
2026-07-07T14:28:02.603,tof1,8x8,empty,-1,-1,3177,3218,-1,-1,-1,-1,-1,-1,-1,-1,-1,-1,-1,-1,-1,-1,-1,-1,-1,-1,-1,-1,-1,-1,-1,-1,-1,-1,-1,-1,-1,1661,1768,1818,1706,-1,-1,-1,1370,1409,-1,1405,1416,1449,-1,-1,1148,1153,1147,1211,1210,1196,1174,-1,992,993,1021,1023,1022,985,1021,985,0,0,1,1,0,0,0,0,0,0,0,0,0,0,0,0,0,0,0,0,0,0,1,0,0,0,0,0,0,0,0,0,0,1,1,1,1,1,0,0,1,1,0,1,1,1,0,0,1,1,1,1,1,1,1,0,1,1,1,1,1,1,1,1
2026-07-07T14:28:02.897,tof1,8x8,empty,-1,-1,3181,3184,-1,-1,-1,-1,-1,-1,-1,-1,-1,-1,-1,-1,-1,-1,-1,-1,-1,-1,-1,-1,-1,-1,-1,2001,-1,-1,-1,-1,-1,1665,1746,1826,1722,-1,-1,-1,1412,1495,-1,1506,1426,1418,-1,-1,1170,1235,1204,1166,1223,1215,1163,-1,997,1023,1017,1005,1011,988,997,964,0,0,1,1,0,0,0,0,0,0,0,0,0,0,0,0,0,0,0,0,0,0,0,0,0,0,0,1,0,0,0,1,0,1,1,1,1,0,0,0,1,1,0,1,1,1,0,0,1,1,1,1,1,1,1,0,1,1,1,1,1,1,1,1
2026-07-07T14:28:02.893,tof2,8x8,empty,-1,-1,-1,-1,-1,-1,-1,-1,-1,-1,-1,-1,-1,-1,-1,-1,-1,-1,-1,-1,-1,-1,-1,-1,-1,-1,-1,-1,-1,-1,-1,-1,-1,-1,-1,-1,-1,-1,-1,-1,-1,-1,-1,-1,-1,1932,-1,-1,-1,-1,-1,1912,-1,-1,-1,-1,-1,1142,1137,1089,1075,1080,1042,948,0,0,0,0,0,0,0,0,0,0,0,0,0,0,0,0,0,0,0,0,0,0,0,0,0,0,0,0,0,0,0,0,0,0,0,0,0,0,0,0,0,0,0,0,0,1,0,0,0,0,0,1,0,1,0,1,0,1,1,1,1,1,1,1
2026-07-07T14:28:03.149,tof1,8x8,empty,-1,-1,3198,3198,-1,-1,-1,-1,-1,-1,-1,-1,-1,-1,-1,-1,-1,-1,-1,-1,-1,-1,-1,-1,-1,-1,-1,1867,-1,-1,-1,2864,-1,1708,1718,1780,-1,-1,-1,-1,1435,-1,1457,1437,1463,1428,-1,-1,1151,1192,1202,1210,1209,1199,1162,-1,1004,1015,1018,1014,989,1011,1015,990,0,0,1,1,0,0,0,1,0,0,0,0,0,0,0,1,0,0,0,0,0,0,0,1,0,0,0,1,1,0,1,1,0,1,1,1,1,0,0,0,1,1,1,1,1,1,0,0,1,1,1,1,1,1,1,1,1,1,1,1,1,1,1,1
2026-07-07T14:28:03.146,tof2,8x8,empty,-1,-1,-1,-1,-1,-1,-1,-1,-1,-1,-1,-1,-1,-1,-1,-1,-1,-1,-1,-1,-1,-1,-1,-1,-1,-1,-1,-1,-1,-1,-1,-1,-1,-1,-1,-1,-1,-1,-1,-1,-1,-1,-1,-1,1947,1976,1990,-1,-1,-1,-1,1929,-1,-1,-1,-1,-1,-1,1134,1118,1112,1067,1109,1005,1,0,0,0,0,0,0,0,0,0,0,0,0,0,0,0,0,0,0,0,0,0,0,0,0,0,0,0,0,0,0,0,0,0,0,0,0,0,0,0,0,0,0,0,1,1,1,0,0,0,0,1,0,0,0,0,0,1,1,1,1,1,1,1
2026-07-07T14:28:03.364,tof1,8x8,empty,-1,-1,3182,3234,-1,-1,-1,-1,-1,-1,-1,-1,-1,-1,-1,-1,-1,-1,-1,-1,-1,-1,-1,-1,-1,-1,-1,1905,-1,-1,-1,-1,-1,1633,1754,-1,1717,-1,-1,-1,1370,1497,1379,1430,1454,1354,-1,-1,1182,1160,1182,1206,1209,1181,1188,1131,987,1008,1007,1034,1007,1001,1008,994,0,0,1,1,0,0,0,0,0,0,0,0,0,0,0,0,0,0,0,0,0,0,0,0,0,0,0,1,0,0,0,0,0,1,1,0,1,0,0,0,1,1,1,1,1,1,0,0,1,1,1,1,1,1,1,1,1,1,1,1,1,1,1,1
2026-07-07T14:28:03.366,tof2,8x8,empty,-1,-1,-1,-1,-1,-1,-1,-1,-1,-1,-1,-1,-1,-1,-1,-1,-1,-1,-1,-1,-1,-1,-1,-1,-1,-1,-1,-1,-1,-1,-1,-1,-1,-1,-1,-1,-1,-1,-1,-1,-1,-1,-1,-1,1985,1931,-1,-1,-1,-1,-1,1938,-1,-1,-1,-1,-1,1177,1148,1141,1076,1068,1051,995,0,0,0,0,0,0,0,0,0,0,0,0,0,0,0,0,0,0,0,0,0,0,0,0,0,0,0,0,0,0,0,0,0,0,0,0,0,0,0,0,0,0,0,0,1,1,0,0,0,0,0,1,0,1,0,0,1,1,1,1,1,1,1,1
